代码,名称,最新价,IOPV实时估值,基金折价率,涨跌额,涨跌幅,成交量,成交额,开盘价,最高价,最低价,昨收,振幅,换手率,量比,委比,外盘,内盘,主力净流入-净额,主力净流入-净占比,超大单净流入-净额,超大单净流入-净占比,大单净流入-净额,大单净流入-净占比,中单净流入-净额,中单净流入-净占比,小单净流入-净额,小单净流入-净占比,现手,买一,卖一,最新份额,流通市值,总市值,数据日期,更新时间
159793,线上消费ETF平安,0.847,0.8382,-1.05,0.03,3.67,265720.0,22460109.813,0.82,0.86,0.82,0.817,4.9,70.37,19.4,63.32,148553.0,117168.0,-9130049.0,-40.65,-1088411.0,-4.85,-8041638.0,-35.8,5829483.0,25.95,3300566.0,14.7,-3056.0,0.847,0.848,37758908.0,31981795,31981795,2026-08-03,2026-08-03 15:34:18+08:00
513050,中概互联网ETF易方达,1.18,1.1527,-2.37,0.035,3.06,30919242.0,3636708293.0,1.162,1.185,1.162,1.145,2.01,9.17,1.2,-58.35,16967264.0,13951978.0,136384544.0,3.75,-16498320.0,-0.45,152882864.0,4.2,-72622208.0,-2.0,-63762353.0,-1.75,-126143.0,1.18,1.181,33704432640.0,39771230515,39771230515,2026-08-03,2026-08-03 16:11:42+08:00
520650,港股通互联网ETF南方,0.657,0.6571,0.02,0.018,2.82,3861986.0,252962241.0,0.646,0.659,0.646,0.639,2.03,17.17,2.05,-8.68,2104638.0,1757348.0,2681547.0,1.06,24256230.0,9.59,-21574683.0,-8.53,-3447404.0,-1.36,765858.0,0.3,-4385.0,0.656,0.657,2249255008.0,1477760540,1477760540,2026-08-03,2026-08-03 16:11:54+08:00
159048,机器人ETF大成,0.87,0.8663,-0.43,0.023,2.72,427534.0,37165107.7,0.852,0.879,0.851,0.847,3.31,22.29,2.63,74.16,231240.0,196294.0,-11081497.0,-29.82,-6859028.0,-18.46,-4222469.0,-11.36,6083245.0,16.37,4998252.0,13.45,6004.0,0.869,0.87,191803897.0,166869390,166869390,2026-08-03,2026-08-03 15:34:03+08:00
159688,恒生互联网ETF华安,0.836,0.8349,-0.13,0.022,2.7,2306404.0,192281746.1,0.824,0.839,0.824,0.814,1.84,17.27,1.29,-47.62,1233138.0,1073266.0,2377577.0,1.24,3244509.0,1.69,-866932.0,-0.45,-1130251.0,-0.59,-1247325.0,-0.65,5737.0,0.835,0.836,1335778480.0,1116710809,1116710809,2026-08-03,2026-08-03 15:34:03+08:00
513040,港股通互联网ETF易方达,1.019,1.0189,-0.01,0.026,2.62,15361496.0,1560717310.0,1.005,1.023,1.004,0.993,1.91,22.24,1.45,1.04,8044260.0,7317236.0,-11362944.0,-0.73,-41221584.0,-2.64,29858640.0,1.91,8851421.0,0.57,2511524.0,0.16,-14480.0,1.018,1.019,6907841280.0,7039090264,7039090264,2026-08-03,2026-08-03 16:11:45+08:00
520790,港股通互联网ETF兴业,0.905,0.9057,0.08,0.023,2.61,863033.0,78184799.0,0.905,0.915,0.899,0.882,1.81,19.39,4.37,-5.8,433623.0,429410.0,-3241424.0,-4.15,-1258393.0,-1.61,-1983031.0,-2.54,1411790.0,1.81,1829635.0,2.34,-2081.0,0.903,0.905,445075008.0,402792882,402792882,2026-08-03,2026-08-03 16:11:36+08:00
513720,港股互联网ETF国泰,0.717,0.718,0.14,0.018,2.58,884009.0,63201223.0,0.709,0.72,0.708,0.699,1.72,34.96,1.28,-12.58,468781.0,415228.0,1928363.0,3.05,2857372.0,4.52,-929009.0,-1.47,-1899391.0,-3.01,-28971.0,-0.05,-4203.0,0.716,0.717,252859000.0,181299903,181299903,2026-08-03,2026-08-03 16:12:01+08:00
159040,港股通互联网ETF鹏华,1.182,1.1826,0.05,0.029,2.52,424510.0,50186501.253,1.172,1.199,1.168,1.153,2.69,80.89,0.84,13.92,201473.0,223036.0,1382115.0,2.75,1848807.0,3.68,-466692.0,-0.93,-1999036.0,-3.98,616921.0,1.23,2532.0,1.18,1.182,52481087.0,62032645,62032645,2026-08-03,2026-08-03 15:34:12+08:00
159202,恒生互联网ETF万家,0.889,0.883,-0.68,0.021,2.42,2935745.0,260061898.6,0.879,0.892,0.876,0.868,1.84,24.29,1.09,38.09,1527060.0,1408685.0,4895907.0,1.88,4326563.0,1.66,569344.0,0.22,-2852931.0,-1.1,-2042976.0,-0.79,5244.0,0.888,0.889,1208401904.0,1074269293,1074269293,2026-08-03,2026-08-03 15:34:15+08:00
159039,机器人ETF华安,0.846,0.8433,-0.32,0.02,2.42,719888.0,60804561.042,0.833,0.855,0.83,0.826,3.03,10.09,1.06,53.76,389184.0,330704.0,-11770705.0,-19.36,-9603681.0,-15.79,-2167024.0,-3.56,7479845.0,12.3,4290860.0,7.06,-2919.0,0.846,0.847,713461424.0,603588365,603588365,2026-08-03,2026-08-03 15:34:09+08:00
512630,卫星ETF广发,1.063,1.0615,-0.14,0.025,2.41,1076326.0,113628292.0,1.04,1.068,1.035,1.038,3.18,5.88,0.78,-8.3,604078.0,472248.0,-3193474.0,-2.81,1482795.0,1.3,-4676269.0,-4.12,1892072.0,1.67,1301401.0,1.15,-21089.0,1.063,1.064,1831426000.0,1946805838,1946805838,2026-08-03,2026-08-03 16:12:02+08:00
159272,机器人ETF富国,0.815,0.8127,-0.28,0.019,2.39,2782012.0,226389044.792,0.8,0.822,0.796,0.796,3.27,7.32,1.15,16.73,1519262.0,1262750.0,-35042325.0,-15.48,-15364881.0,-6.79,-19677444.0,-8.69,20509148.0,9.06,14533177.0,6.42,-25731.0,0.815,0.816,3799164688.0,3096319221,3096319221,2026-08-03,2026-08-03 15:34:30+08:00
159568,港股互联网ETF博时,1.243,1.2401,-0.23,0.029,2.39,1429368.0,177317025.9,1.232,1.249,1.232,1.214,1.4,40.74,0.9,-14.7,716192.0,713176.0,5087961.0,2.87,931110.0,0.53,4156851.0,2.34,-4767117.0,-2.69,-320844.0,-0.18,-2860.0,1.243,1.244,350857904.0,436116375,436116375,2026-08-03,2026-08-03 15:34:03+08:00
159170,港股通互联网ETF永赢,0.914,0.9135,-0.05,0.021,2.35,1171727.0,107232658.143,0.915,0.923,0.907,0.893,1.79,29.32,1.52,-63.91,581002.0,590725.0,-1479929.0,-1.38,9411963.0,8.78,-10891892.0,-10.16,919635.0,0.86,560293.0,0.52,673.0,0.913,0.914,399638352.0,365269454,365269454,2026-08-03,2026-08-03 15:34:45+08:00
159530,机器人ETF易方达,1.35,1.3452,-0.36,0.031,2.35,8245876.0,1111364730.01,1.324,1.36,1.32,1.319,3.03,6.36,1.23,70.53,4268133.0,3977744.0,-158702800.0,-14.28,-111589456.0,-10.04,-47113344.0,-4.24,83671607.0,7.53,75031215.0,6.75,83127.0,1.349,1.35,12969613056.0,17508977626,17508977626,2026-08-03,2026-08-03 15:34:42+08:00
159618,光伏ETF华安,0.658,0.6544,-0.55,0.015,2.33,17740.0,1159751.404,0.644,0.676,0.644,0.643,4.98,2.36,0.95,77.88,9932.0,7808.0,-222762.0,-19.21,40179.0,3.46,-262941.0,-22.67,213770.0,18.43,8991.0,0.78,-346.0,0.658,0.659,75131407.0,49436466,49436466,2026-08-03,2026-08-03 15:34:21+08:00
159378,通用航空ETF永赢,1.013,1.0112,-0.18,0.023,2.32,250390.0,25183290.9,1.0,1.014,0.991,0.99,2.32,4.43,0.65,-10.22,134637.0,115753.0,1438340.0,5.71,-334001.0,-1.33,1772341.0,7.04,-1432424.0,-5.69,-5915.0,-0.02,-808.0,1.013,1.014,565271072.0,572619596,572619596,2026-08-03,2026-08-03 15:34:06+08:00
159257,航空ETF汇添富,0.851,0.851,0.0,0.019,2.28,45391.0,3838601.0,0.83,0.851,0.825,0.832,3.13,3.0,0.52,-16.5,21294.0,24097.0,385379.0,10.04,0.0,0.0,385379.0,10.04,-114818.0,-2.99,-270561.0,-7.05,570.0,0.85,0.851,151416949.0,128855824,128855824,2026-08-03,2026-08-03 15:34:24+08:00
159255,通用航空ETF易方达,0.854,0.8541,0.01,0.019,2.28,52500.0,4468152.4,0.843,0.856,0.838,0.835,2.16,7.36,1.06,94.15,38091.0,14409.0,14164.0,0.32,-258648.0,-5.79,272812.0,6.11,-160930.0,-3.6,146767.0,3.28,196.0,0.853,0.854,71338868.0,60923393,60923393,2026-08-03,2026-08-03 15:34:51+08:00
159179,港股通互联网ETF工银,0.901,0.9028,0.2,0.02,2.27,751935.0,67866289.014,0.893,0.91,0.893,0.881,1.93,64.32,1.11,-3.06,385973.0,365963.0,600456.0,0.88,-6000345.0,-8.84,6600801.0,9.73,-778866.0,-1.15,178409.0,0.26,-2314.0,0.901,0.902,116903568.0,105330115,105330115,2026-08-03,2026-08-03 15:34:09+08:00
520630,港股通互联网ETF广发,0.728,0.7293,0.18,0.016,2.25,816878.0,59526505.0,0.721,0.735,0.721,0.712,1.97,14.68,1.11,-12.37,353817.0,463061.0,-6492.0,-0.01,7845149.0,13.18,-7851641.0,-13.19,-384060.0,-0.65,390552.0,0.66,-2262.0,0.727,0.728,556610000.0,405212080,405212080,2026-08-03,2026-08-03 16:11:38+08:00
159278,机器人ETF鹏华,0.957,0.9556,-0.15,0.021,2.24,2540047.0,242918847.8,0.938,0.967,0.936,0.936,3.31,10.01,0.94,33.07,1181258.0,1358789.0,-10330940.0,-4.25,-11331444.0,-4.66,1000504.0,0.41,8099289.0,3.33,2231651.0,0.92,-18059.0,0.957,0.958,2538545856.0,2429388384,2429388384,2026-08-03,2026-08-03 15:34:00+08:00
513330,恒生互联网ETF华夏,0.411,0.412,0.24,0.009,2.24,57929252.0,2378896931.0,0.407,0.414,0.407,0.402,1.74,8.51,0.83,-27.96,30498896.0,27430356.0,42258416.0,1.78,69671712.0,2.93,-27413296.0,-1.15,-30471962.0,-1.28,-11786467.0,-0.5,-468694.0,0.41,0.411,68037479936.0,27963404254,27963404254,2026-08-03,2026-08-03 16:11:33+08:00
563230,卫星ETF富国,1.059,1.0587,-0.03,0.023,2.22,3723413.0,391739907.0,1.04,1.065,1.032,1.036,3.19,10.6,1.64,-5.09,2278971.0,1444441.0,-96413573.0,-24.61,-105240233.0,-26.86,8826660.0,2.25,64709742.0,16.52,31703830.0,8.09,-43399.0,1.059,1.06,3511237008.0,3718399991,3718399991,2026-08-03,2026-08-03 16:11:47+08:00
563530,卫星ETF易方达,1.062,1.0618,-0.02,0.023,2.21,847023.0,89314307.0,1.041,1.068,1.033,1.039,3.37,5.19,0.81,-7.42,440083.0,406940.0,-2246105.0,-2.51,-1173317.0,-1.31,-1072788.0,-1.2,179988.0,0.2,2066118.0,2.31,-8913.0,1.061,1.062,1632748000.0,1733978376,1733978376,2026-08-03,2026-08-03 16:11:40+08:00
159020,养殖ETF易方达,0.925,0.9044,-2.28,0.02,2.21,43076.0,3918484.106,0.904,0.925,0.899,0.905,2.87,3.18,0.77,38.26,25261.0,17815.0,-89277.0,-2.28,4705.0,0.12,-93982.0,-2.4,134952.0,3.44,-45675.0,-1.17,5613.0,0.912,0.925,135567082.0,125399551,125399551,2026-08-03,2026-08-03 15:34:54+08:00
159035,软件ETF天弘,0.88,0.8631,-1.96,0.019,2.21,207707.0,18039267.57,0.855,0.884,0.853,0.861,3.6,4.71,1.39,-58.71,94460.0,113247.0,-1208635.0,-6.7,-239598.0,-1.33,-969037.0,-5.37,449628.0,2.49,759006.0,4.21,806.0,0.864,0.88,440859728.0,387956561,387956561,2026-08-03,2026-08-03 15:34:03+08:00
520910,港股通互联网ETF华夏,0.693,0.695,0.29,0.015,2.21,814190.0,56352545.0,0.687,0.697,0.687,0.678,1.47,10.83,1.12,-15.12,411509.0,402681.0,871933.0,1.55,-893378.0,-1.59,1765311.0,3.13,-500192.0,-0.89,-371741.0,-0.66,-2125.0,0.692,0.693,751445008.0,520751391,520751391,2026-08-03,2026-08-03 16:12:00+08:00
515370,光伏ETF华夏,0.794,0.7908,-0.4,0.017,2.19,313878.0,24696724.0,0.777,0.794,0.777,0.777,2.19,3.25,1.63,17.36,223416.0,90462.0,-3521579.0,-14.26,-2910998.0,-11.79,-610581.0,-2.47,2317546.0,9.38,1204034.0,4.88,-10723.0,0.793,0.794,965713008.0,766776128,766776128,2026-08-03,2026-08-03 16:11:37+08:00
159559,机器人ETF景顺,1.215,1.2136,-0.12,0.026,2.19,1317769.0,160146111.3,1.19,1.229,1.19,1.189,3.28,6.39,1.16,60.71,625760.0,692009.0,-16892087.0,-10.55,-6136207.0,-3.83,-10755880.0,-6.72,8567090.0,5.35,8324997.0,5.2,-13146.0,1.215,1.216,2062576624.0,2506030598,2506030598,2026-08-03,2026-08-03 15:34:30+08:00
159206,卫星ETF永赢,1.278,1.278,0.0,0.027,2.16,4199056.0,534853399.41,1.25,1.292,1.244,1.251,3.84,3.87,0.93,-12.13,2304956.0,1894100.0,-49015158.0,-9.16,23885675.0,4.47,-72900833.0,-13.63,3821285.0,0.71,45193874.0,8.45,-45679.0,1.278,1.279,10846953472.0,13862406537,13862406537,2026-08-03,2026-08-03 15:34:18+08:00
159230,通用航空ETF华夏,0.951,0.9512,0.02,0.02,2.15,157525.0,14894254.0,0.933,0.953,0.931,0.931,2.36,5.03,0.8,15.93,81209.0,76316.0,1615439.0,10.85,266951.0,1.79,1348488.0,9.05,-1377027.0,-9.25,-238413.0,-1.6,12.0,0.95,0.951,313304224.0,297952317,297952317,2026-08-03,2026-08-03 15:34:15+08:00
159218,卫星ETF招商,1.295,1.2963,0.1,0.027,2.13,845407.0,108829373.704,1.265,1.303,1.263,1.268,3.15,3.86,0.73,-15.46,456282.0,389125.0,2303524.0,2.12,5779034.0,5.31,-3475510.0,-3.19,-4461458.0,-4.1,2157933.0,1.98,-4305.0,1.295,1.296,2191616384.0,2838143217,2838143217,2026-08-03,2026-08-03 15:34:39+08:00
159607,中概互联网ETF嘉实,0.866,0.857,-1.05,0.018,2.12,2406372.0,207759507.064,0.856,0.869,0.856,0.848,1.53,20.47,1.05,-2.34,1281101.0,1125271.0,9123094.0,4.39,1990411.0,0.96,7132683.0,3.43,-6903365.0,-3.32,-2219729.0,-1.07,6355.0,0.865,0.866,1175829136.0,1018268032,1018268032,2026-08-03,2026-08-03 15:34:54+08:00
513770,港股互联网ETF华宝,0.388,0.3884,0.1,0.008,2.11,27595878.0,1069965339.0,0.385,0.391,0.384,0.38,1.84,18.66,1.17,0.48,13897230.0,13698648.0,-6231178.0,-0.58,-54093952.0,-5.06,47862774.0,4.47,7937376.0,0.74,-1706187.0,-0.16,-123220.0,0.387,0.388,14786137856.0,5737021488,5737021488,2026-08-03,2026-08-03 16:11:54+08:00
159015,恒生港股通科技ETF国联,0.935,0.9351,0.01,0.019,2.07,131704.0,12284732.22,0.92,0.939,0.92,0.916,2.07,11.62,0.95,-24.48,78687.0,53017.0,1388879.0,11.31,-919700.0,-7.49,2308579.0,18.79,-1007746.0,-8.2,-381133.0,-3.1,332.0,0.932,0.935,113352934.0,105984993,105984993,2026-08-03,2026-08-03 15:34:45+08:00
159392,航空ETF富国,0.935,0.934,-0.11,0.019,2.07,52636.0,4881392.2,0.92,0.935,0.911,0.916,2.62,2.83,0.75,4.26,30031.0,22605.0,697628.0,14.29,776991.0,15.92,-79363.0,-1.63,-507932.0,-10.41,-189696.0,-3.89,1602.0,0.933,0.935,185785500.0,173709443,173709443,2026-08-03,2026-08-03 15:34:57+08:00
159123,光伏ETF嘉实,0.888,0.8845,-0.4,0.018,2.07,113430.0,9996915.9,0.895,0.895,0.869,0.87,2.99,3.02,1.21,36.16,43908.0,69522.0,-825732.0,-8.26,-1176701.0,-11.77,350969.0,3.51,562549.0,5.63,263183.0,2.63,-783.0,0.888,0.889,376047024.0,333929757,333929757,2026-08-03,2026-08-03 15:34:36+08:00
563320,通用航空ETF华泰柏瑞,0.842,0.8421,0.01,0.017,2.06,111044.0,9305996.0,0.824,0.843,0.824,0.825,2.3,4.89,0.83,-4.66,58795.0,52249.0,1095344.0,11.77,16700.0,0.18,1078644.0,11.59,-771844.0,-8.29,-323501.0,-3.48,-31.0,0.842,0.843,226892000.0,191043064,191043064,2026-08-03,2026-08-03 16:11:49+08:00
563870,通用航空ETF鹏华,0.647,0.6465,-0.08,0.013,2.05,21780.0,1404009.0,0.634,0.648,0.634,0.634,2.21,1.97,0.73,-11.14,15972.0,5808.0,86105.0,6.13,341662.0,24.33,-255557.0,-18.2,41809.0,2.98,-127915.0,-9.11,-8.0,0.645,0.647,110303900.0,71366623,71366623,2026-08-03,2026-08-03 16:11:40+08:00
563790,卫星ETF鹏华,0.798,0.7977,-0.04,0.016,2.05,574427.0,45567384.0,0.78,0.803,0.778,0.782,3.2,4.51,0.66,-18.54,317864.0,256563.0,1354528.0,2.97,-197694.0,-0.43,1552222.0,3.41,-1095649.0,-2.4,-258879.0,-0.57,-3860.0,0.798,0.799,1274447008.0,1017008712,1017008712,2026-08-03,2026-08-03 16:11:34+08:00
159320,电网设备ETF广发,0.608,0.6056,-0.4,0.012,2.01,1522752.0,92111251.6,0.601,0.608,0.597,0.596,1.85,11.87,1.3,44.12,976988.0,545764.0,-16656662.0,-18.08,-14746935.0,-16.01,-1909727.0,-2.07,10110994.0,10.98,6545669.0,7.11,-51960.0,0.608,0.609,1283235520.0,780207196,780207196,2026-08-03,2026-08-03 15:34:15+08:00
159605,中概互联ETF广发,0.868,0.8575,-1.22,0.017,2.0,4807509.0,417257973.662,0.86,0.873,0.858,0.851,1.76,11.76,0.96,-55.38,2563677.0,2243832.0,15229264.0,3.65,22038048.0,5.28,-6808784.0,-1.63,-10043651.0,-2.41,-5185612.0,-1.24,-14009.0,0.868,0.869,4087486160.0,3547937987,3547937987,2026-08-03,2026-08-03 15:34:51+08:00
516230,光伏ETF招商,0.765,0.7636,-0.18,0.015,2.0,114447.0,8696446.0,0.757,0.765,0.753,0.75,1.6,1.57,1.25,-14.08,56607.0,57840.0,-450566.0,-5.18,-381701.0,-4.39,-68865.0,-0.79,292248.0,3.36,158318.0,1.82,-281.0,0.764,0.765,728921008.0,557624571,557624571,2026-08-03,2026-08-03 16:11:48+08:00
562970,光伏ETF易方达,0.97,0.9665,-0.36,0.019,2.0,174314.0,16781913.0,0.953,0.97,0.95,0.951,2.1,4.85,1.0,-14.72,76135.0,98179.0,148037.0,0.88,235561.0,1.4,-87524.0,-0.52,-620722.0,-3.7,472686.0,2.82,-1910.0,0.969,0.97,359448000.0,348664560,348664560,2026-08-03,2026-08-03 16:11:43+08:00
515790,光伏ETF华泰柏瑞,0.832,0.8297,-0.28,0.016,1.96,3473091.0,286932561.0,0.815,0.833,0.812,0.816,2.57,5.65,1.48,-26.52,1893026.0,1580065.0,-3666177.0,-1.28,57509699.0,20.04,-61175876.0,-21.32,-2246784.0,-0.78,5912962.0,2.06,-14478.0,0.831,0.832,6143493888.0,5111386915,5111386915,2026-08-03,2026-08-03 16:11:39+08:00
561660,通用航空ETF平安,0.891,0.8919,0.1,0.017,1.95,22621.0,2008793.0,0.874,0.894,0.864,0.874,3.43,3.34,0.63,-0.47,12043.0,10578.0,217480.0,10.83,0.0,0.0,217480.0,10.83,-287913.0,-14.33,70433.0,3.51,-50.0,0.891,0.892,67710000.0,60329610,60329610,2026-08-03,2026-08-03 16:11:58+08:00
159010,港股通科技ETF博时,0.946,0.9484,0.25,0.018,1.94,104101.0,9841838.048,0.938,0.951,0.938,0.928,1.4,4.99,1.02,-16.11,71223.0,32878.0,1232755.0,12.53,0.0,0.0,1232755.0,12.53,-957899.0,-9.73,-274855.0,-2.79,-141.0,0.946,0.947,208597611.0,197333340,197333340,2026-08-03,2026-08-03 15:34:45+08:00
159792,港股通互联网ETF富国,0.633,0.6313,-0.27,0.012,1.93,58163490.0,3681403992.55,0.629,0.638,0.629,0.621,1.45,8.35,1.24,-3.47,29591559.0,28571931.0,-230494848.0,-6.26,-313706352.0,-8.52,83211504.0,2.26,217219110.0,5.9,13275730.0,0.36,172398.0,0.632,0.633,69695856640.0,44117477253,44117477253,2026-08-03,2026-08-03 15:34:00+08:00
520840,港股通恒生科技ETF华安,0.793,0.7966,0.45,0.015,1.93,947871.0,75031462.0,0.784,0.798,0.782,0.778,2.06,8.27,0.94,10.04,534504.0,413367.0,7916256.0,10.55,-414903.0,-0.55,8331159.0,11.1,-5997145.0,-7.99,-1919111.0,-2.56,-1203.0,0.792,0.793,1145549008.0,908420363,908420363,2026-08-03,2026-08-03 16:11:37+08:00
560230,光伏ETF富国,0.749,0.7463,-0.36,0.014,1.9,50354.0,3748748.0,0.74,0.749,0.735,0.735,1.9,5.6,1.57,-3.09,27825.0,22529.0,-326876.0,-8.72,-77285.0,-2.06,-249591.0,-6.66,278962.0,7.44,47914.0,1.28,-997.0,0.747,0.749,89889000.0,67326861,67326861,2026-08-03,2026-08-03 16:11:37+08:00
159535,中证2000ETF嘉实,1.343,1.3436,0.04,0.025,1.9,34595.0,4617423.5,1.319,1.343,1.319,1.318,1.82,11.94,0.45,-33.59,20641.0,13954.0,-356360.0,-7.72,0.0,0.0,-356360.0,-7.72,-111565.0,-2.42,467926.0,10.13,1292.0,1.342,1.343,28981088.0,38921601,38921601,2026-08-03,2026-08-03 15:34:15+08:00
159280,港股通互联网ETF汇添富,0.751,0.7507,-0.04,0.014,1.9,468046.0,35132246.9,0.748,0.756,0.743,0.737,1.76,46.47,1.27,-22.17,237600.0,230446.0,970691.0,2.76,-359064.0,-1.02,1329755.0,3.78,-1321936.0,-3.76,351245.0,1.0,1257.0,0.75,0.751,100717171.0,75638595,75638595,2026-08-03,2026-08-03 15:34:18+08:00
159050,机器人ETF广发,0.859,0.8574,-0.19,0.016,1.9,767223.0,65934309.959,0.859,0.868,0.839,0.843,3.44,10.93,1.65,69.56,403249.0,363974.0,-12181996.0,-18.48,-8421989.0,-12.77,-3760007.0,-5.7,5757983.0,8.73,6424014.0,9.74,-4143.0,0.859,0.86,701703616.0,602763406,602763406,2026-08-03,2026-08-03 15:34:03+08:00
159864,光伏ETF国泰,0.543,0.542,-0.18,0.01,1.88,275679.0,14872929.9,0.535,0.544,0.533,0.533,2.06,4.29,1.17,-60.91,130523.0,145156.0,1226188.0,8.24,645029.0,4.34,581159.0,3.91,-1202241.0,-8.08,-23946.0,-0.16,1425.0,0.542,0.543,642526832.0,348892070,348892070,2026-08-03,2026-08-03 15:34:18+08:00
159857,光伏ETF天弘,0.71,0.7082,-0.25,0.013,1.87,1040228.0,73393987.2,0.696,0.711,0.695,0.697,2.3,4.48,0.91,-70.44,498830.0,541398.0,-1181251.0,-1.61,3598774.0,4.9,-4780025.0,-6.51,535422.0,0.73,645829.0,0.88,-6979.0,0.71,0.711,2322515728.0,1648986167,1648986167,2026-08-03,2026-08-03 15:34:12+08:00
159231,通用航空ETF华宝,0.491,0.4923,0.26,0.009,1.87,163034.0,7972768.7,0.482,0.492,0.481,0.482,2.28,4.66,0.67,30.05,81652.0,81382.0,1266475.0,15.89,93610.0,1.17,1172865.0,14.71,-1006099.0,-12.62,-260375.0,-3.27,-20.0,0.491,0.492,350091856.0,171895101,171895101,2026-08-03,2026-08-03 15:34:54+08:00
561380,电网设备ETF国泰,0.721,0.7191,-0.26,0.013,1.84,1482353.0,106433815.0,0.71,0.721,0.709,0.708,1.69,2.24,1.04,16.95,852540.0,629813.0,-15612655.0,-14.67,-14599918.0,-13.72,-1012737.0,-0.95,6805923.0,6.39,8806733.0,8.27,-17605.0,0.72,0.721,6603534080.0,4761148072,4761148072,2026-08-03,2026-08-03 16:11:52+08:00
513220,中概互联ETF招商,1.019,1.0084,-1.05,0.018,1.8,556000.0,56654891.0,1.013,1.025,1.012,1.001,1.3,11.07,1.19,-4.18,292638.0,263362.0,5356495.0,9.45,1122855.0,1.98,4233640.0,7.47,-4331944.0,-7.65,-1024551.0,-1.81,-430.0,1.019,1.02,502109408.0,511649487,511649487,2026-08-03,2026-08-03 16:11:46+08:00
513520,日经ETF华夏,2.206,2.1417,-3.0,0.039,1.8,2020874.0,443158348.0,2.151,2.212,2.151,2.167,2.81,18.94,0.94,-3.46,1075293.0,945581.0,28737586.0,6.48,24760267.0,5.59,3977319.0,0.9,-12593958.0,-2.84,-16143628.0,-3.64,-16312.0,2.205,2.206,1066887200.0,2353553163,2353553163,2026-08-03,2026-08-03 16:11:45+08:00
159152,港股通科技ETF平安,0.798,0.8003,0.29,0.014,1.79,658624.0,52525142.019,0.795,0.803,0.791,0.784,1.53,7.8,1.14,-3.83,342566.0,316058.0,2253070.0,4.29,-614377.0,-1.17,2867447.0,5.46,-1749843.0,-3.33,-503227.0,-0.96,-565.0,0.798,0.799,844556096.0,673955765,673955765,2026-08-03,2026-08-03 15:34:57+08:00
159283,通用航空ETF南方,0.86,0.86,0.0,0.015,1.78,51158.0,4355960.3,0.846,0.861,0.838,0.845,2.72,1.67,0.33,-4.59,24617.0,26541.0,451285.0,10.36,-730636.0,-16.77,1181921.0,27.13,-299138.0,-6.87,-152147.0,-3.49,382.0,0.859,0.86,305437984.0,262676666,262676666,2026-08-03,2026-08-03 15:34:36+08:00
516180,光伏ETF平安,0.686,0.6852,-0.12,0.012,1.78,122179.0,8363759.0,0.676,0.688,0.67,0.674,2.67,7.88,1.0,-2.1,78233.0,43946.0,-452323.0,-5.41,333236.0,3.98,-785559.0,-9.39,497198.0,5.94,-44876.0,-0.54,-344.0,0.685,0.686,154987000.0,106321082,106321082,2026-08-03,2026-08-03 16:11:33+08:00
563380,航空航天ETF华泰柏瑞,0.919,0.9189,-0.01,0.016,1.77,378328.0,34556472.0,0.905,0.92,0.9,0.903,2.21,3.93,0.79,-26.13,223498.0,154830.0,3726531.0,10.78,2488211.0,7.2,1238320.0,3.58,-2267036.0,-6.56,-1459495.0,-4.22,-3485.0,0.918,0.919,961950000.0,884032050,884032050,2026-08-03,2026-08-03 16:11:57+08:00
159135,港股通科技ETF前海开源,0.824,0.8268,0.34,0.014,1.73,155312.0,12797572.454,0.815,0.831,0.815,0.81,1.98,2.46,1.19,-59.18,68630.0,86682.0,2099650.0,16.41,1268268.0,9.91,831382.0,6.5,-1620943.0,-12.67,-478707.0,-3.74,11.0,0.823,0.824,632466384.0,521152300,521152300,2026-08-03,2026-08-03 15:34:51+08:00
513360,教育ETF博时,0.471,0.4644,-1.42,0.008,1.73,3921269.0,183891912.0,0.465,0.472,0.465,0.463,1.51,57.35,1.27,-4.72,2161659.0,1759610.0,550484.0,0.3,2233172.0,1.21,-1682688.0,-0.92,-618813.0,-0.34,68328.0,0.04,-33902.0,0.47,0.471,683713904.0,322029249,322029249,2026-08-03,2026-08-03 16:11:50+08:00
159120,港股通科技ETF国联安,0.777,0.7816,0.59,0.013,1.7,168835.0,13117096.676,0.764,0.782,0.764,0.764,2.36,11.18,0.75,-16.92,96682.0,72153.0,-5242.0,-0.04,6138.0,0.05,-11380.0,-0.09,380853.0,2.9,-375611.0,-2.86,2.0,0.776,0.777,151024466.0,117346010,117346010,2026-08-03,2026-08-03 15:34:48+08:00
159326,电网设备ETF华夏,1.614,1.6132,-0.05,0.027,1.7,5501250.0,884811264.374,1.595,1.62,1.588,1.587,2.02,4.56,1.05,31.45,3095456.0,2405793.0,-92093189.0,-10.41,-75304656.0,-8.51,-16788533.0,-1.9,29344279.0,3.32,62748918.0,7.09,57100.0,1.613,1.614,12074265600.0,19487864678,19487864678,2026-08-03,2026-08-03 15:34:18+08:00
159531,中证2000ETF南方,1.323,1.3213,-0.13,0.022,1.69,1714300.0,225484566.617,1.299,1.323,1.296,1.301,2.08,16.44,0.84,29.99,928970.0,785330.0,-25549646.0,-11.33,-40233894.0,-17.84,14684248.0,6.51,14498469.0,6.43,11051177.0,4.9,16890.0,1.322,1.323,1042608400.0,1379370913,1379370913,2026-08-03,2026-08-03 15:34:45+08:00
560390,电网设备ETF易方达,0.851,0.8494,-0.19,0.014,1.67,2132953.0,180784649.0,0.839,0.852,0.838,0.837,1.67,9.61,0.91,-6.7,1118370.0,1014583.0,-22574215.0,-12.49,-23913614.0,-13.23,1339399.0,0.74,14333010.0,7.93,8241205.0,4.56,-21236.0,0.85,0.851,2220258000.0,1889439558,1889439558,2026-08-03,2026-08-03 16:11:50+08:00
561370,中证2000ETF国泰,1.286,1.2871,0.09,0.021,1.66,35436.0,4540314.0,1.269,1.286,1.269,1.265,1.34,10.95,1.44,36.17,16949.0,18487.0,41855.0,0.92,770219.0,16.96,-728364.0,-16.04,-228171.0,-5.03,186315.0,4.1,-1270.0,1.285,1.286,32356000.0,41609816,41609816,2026-08-03,2026-08-03 16:11:49+08:00
520670,港股通科技ETF嘉实,0.803,0.8074,0.54,0.013,1.65,249945.0,20066847.0,0.794,0.808,0.794,0.79,1.77,11.42,0.99,42.43,140049.0,109896.0,311065.0,1.55,283972.0,1.42,27093.0,0.14,-251518.0,-1.25,-59548.0,-0.3,-398.0,0.801,0.803,218928100.0,175799264,175799264,2026-08-03,2026-08-03 16:11:34+08:00
560310,光伏ETF博时,0.748,0.7468,-0.16,0.012,1.63,43390.0,3233683.0,0.736,0.749,0.736,0.736,1.77,2.38,2.88,-10.52,28760.0,14630.0,-70281.0,-2.17,-81299.0,-2.51,11018.0,0.34,161600.0,5.0,-91320.0,-2.82,29.0,0.746,0.748,182122000.0,136227256,136227256,2026-08-03,2026-08-03 16:11:55+08:00
513160,港股科技ETF银华,1.005,1.0098,0.48,0.016,1.62,3046739.0,305962061.0,0.996,1.012,0.995,0.989,1.72,8.88,0.85,-25.83,1575304.0,1471435.0,18119266.0,5.92,12281107.0,4.01,5838159.0,1.91,-12562779.0,-4.11,-5556487.0,-1.82,-5207.0,1.004,1.005,3432189296.0,3449350242,3449350242,2026-08-03,2026-08-03 16:11:46+08:00
159866,日经ETF工银,1.633,1.6066,-1.64,0.026,1.62,2247448.0,365850264.436,1.601,1.641,1.601,1.607,2.49,23.05,0.96,-29.08,1213818.0,1033630.0,5094336.0,1.39,2263726.0,0.62,2830610.0,0.77,7520449.0,2.06,-12614784.0,-3.45,-13472.0,1.633,1.634,974979376.0,1592141321,1592141321,2026-08-03,2026-08-03 15:34:42+08:00
159241,航空航天ETF天弘,1.012,1.0118,-0.02,0.016,1.61,876824.0,87968708.4,0.997,1.012,0.99,0.996,2.21,6.42,0.89,4.86,484090.0,392734.0,6035328.0,6.86,7353908.0,8.36,-1318580.0,-1.5,-3843873.0,-4.37,-2191456.0,-2.49,3371.0,1.011,1.012,1365074272.0,1381455163,1381455163,2026-08-03,2026-08-03 15:34:42+08:00
159262,港股通科技ETF广发,0.884,0.8874,0.38,0.014,1.61,4435158.0,392274115.8,0.879,0.892,0.879,0.87,1.49,7.51,0.86,10.89,2331470.0,2103688.0,14614331.0,3.73,10647265.0,2.71,3967066.0,1.01,-12422269.0,-3.17,-2192062.0,-0.56,-3846.0,0.884,0.885,5909220608.0,5223751017,5223751017,2026-08-03,2026-08-03 15:34:42+08:00
516880,光伏ETF银华,0.705,0.7056,0.09,0.011,1.59,217896.0,15313207.0,0.694,0.707,0.694,0.694,1.87,2.32,0.91,-9.7,111210.0,106686.0,2362076.0,15.43,1777201.0,11.61,584875.0,3.82,-630482.0,-4.12,-1731594.0,-11.31,-247.0,0.705,0.706,939944096.0,662660588,662660588,2026-08-03,2026-08-03 16:11:42+08:00
516290,光伏ETF汇添富,0.514,0.5145,0.1,0.008,1.58,312712.0,16014519.0,0.51,0.516,0.505,0.506,2.17,4.15,1.01,-8.19,151557.0,161155.0,1062859.0,6.64,1847084.0,11.53,-784225.0,-4.9,-576395.0,-3.6,-486463.0,-3.04,-2778.0,0.514,0.515,753196896.0,387143205,387143205,2026-08-03,2026-08-03 16:12:00+08:00
520980,港股通科技ETF汇添富,0.907,0.9106,0.4,0.014,1.57,4277875.0,387470980.0,0.899,0.913,0.899,0.893,1.57,12.78,0.91,6.01,2223657.0,2054218.0,19217595.0,4.96,11713457.0,3.02,7504138.0,1.94,-15860639.0,-4.09,-3356957.0,-0.87,-2675.0,0.906,0.907,3346387008.0,3035173016,3035173016,2026-08-03,2026-08-03 16:12:00+08:00
159068,软件ETF华夏,1.048,1.0456,-0.23,0.016,1.55,197504.0,20722505.665,1.045,1.068,1.002,1.032,6.4,20.5,0.95,15.88,91922.0,105582.0,-3723607.0,-17.97,-501195.0,-2.42,-3222412.0,-15.55,1270482.0,6.13,2453125.0,11.84,-969.0,1.048,1.05,96336570.0,100960725,100960725,2026-08-03,2026-08-03 15:34:18+08:00
159125,港股通科技ETF招商,0.743,0.7407,-0.31,0.011,1.5,596472.0,44215931.42,0.733,0.748,0.733,0.732,2.05,6.94,1.05,2.99,332784.0,263688.0,-1025426.0,-2.32,-1283276.0,-2.9,257850.0,0.58,340356.0,0.77,685069.0,1.55,201.0,0.741,0.743,859245888.0,638419695,638419695,2026-08-03,2026-08-03 15:34:39+08:00
513800,日本东证指数ETF南方,1.836,1.849,0.7,0.027,1.49,941534.0,172592490.0,1.812,1.845,1.811,1.809,1.88,9.32,1.51,-7.84,508460.0,433074.0,21858475.0,12.66,671725.0,0.39,21186750.0,12.28,-11137161.0,-6.45,-10721313.0,-6.21,-1227.0,1.836,1.837,1010244400.0,1854808718,1854808718,2026-08-03,2026-08-03 16:11:39+08:00
159208,航空航天ETF万家,1.025,1.0265,0.15,0.015,1.49,126311.0,12887653.7,1.009,1.027,1.006,1.01,2.08,3.57,0.85,-61.77,69168.0,57143.0,2743904.0,21.29,133641.0,1.04,2610263.0,20.25,-1856396.0,-14.4,-887507.0,-6.89,-1320.0,1.025,1.026,353462784.0,362299354,362299354,2026-08-03,2026-08-03 15:34:06+08:00
159609,光伏ETF浦银,0.482,0.4827,0.15,0.007,1.47,161322.0,7755199.2,0.471,0.483,0.471,0.475,2.53,5.07,1.06,-76.54,74917.0,86405.0,587239.0,7.57,541658.0,6.98,45581.0,0.59,-511335.0,-6.59,-75905.0,-0.98,13.0,0.481,0.482,317903408.0,153229443,153229443,2026-08-03,2026-08-03 15:34:12+08:00
513000,日经225ETF易方达,2.211,2.1388,-3.38,0.032,1.47,1218151.0,267666706.0,2.157,2.217,2.157,2.179,2.75,12.27,0.87,-56.7,645985.0,572166.0,-4739955.0,-1.77,5427885.0,2.03,-10167840.0,-3.8,8634046.0,3.23,-3894092.0,-1.45,-4598.0,2.21,2.211,992411408.0,2194221623,2194221623,2026-08-03,2026-08-03 16:11:45+08:00
563200,中证2000ETF富国,1.382,1.3791,-0.21,0.02,1.47,96339.0,13237020.0,1.362,1.383,1.361,1.362,1.62,16.2,0.89,8.66,48690.0,47649.0,-565740.0,-4.27,-781687.0,-5.91,215947.0,1.63,-130738.0,-0.99,696478.0,5.26,-1362.0,1.382,1.384,59458800.0,82172062,82172062,2026-08-03,2026-08-03 16:11:53+08:00
159267,航天ETF华安,0.836,0.8362,0.02,0.012,1.46,920407.0,76488359.6,0.821,0.837,0.82,0.824,2.06,3.35,0.8,-67.1,513601.0,406806.0,8183546.0,10.7,7694672.0,10.06,488874.0,0.64,-5756659.0,-7.53,-2426886.0,-3.17,4852.0,0.835,0.836,2745506128.0,2295243123,2295243123,2026-08-03,2026-08-03 15:34:51+08:00
159863,光伏ETF鹏华,0.555,0.5544,-0.11,0.008,1.46,72493.0,3999538.4,0.547,0.556,0.546,0.547,1.83,2.33,1.05,36.61,42771.0,29722.0,-371092.0,-9.28,-392239.0,-9.81,21147.0,0.53,263964.0,6.6,107129.0,2.68,201.0,0.554,0.555,311729360.0,173009795,173009795,2026-08-03,2026-08-03 15:34:51+08:00
159227,航空航天ETF华夏,0.984,0.9846,0.06,0.014,1.44,1829733.0,178900991.962,0.969,0.986,0.965,0.97,2.16,3.61,0.91,-56.48,1085111.0,744622.0,17763336.0,9.93,28123208.0,15.72,-10359872.0,-5.79,-13683346.0,-7.65,-4079991.0,-2.28,-8618.0,0.984,0.985,5071911168.0,4990760589,4990760589,2026-08-03,2026-08-03 15:34:30+08:00
513880,日经225ETF华安,2.053,1.9889,-3.22,0.029,1.43,1610138.0,328339336.0,2.0,2.055,2.0,2.024,2.72,12.45,0.82,-34.23,776850.0,833288.0,-7345756.0,-2.24,13437417.0,4.09,-20783173.0,-6.33,28083158.0,8.55,-20737400.0,-6.32,-5154.0,2.052,2.053,1292970000.0,2654467410,2654467410,2026-08-03,2026-08-03 16:11:57+08:00
159713,稀土ETF富国,1.207,1.2057,-0.11,0.017,1.43,313414.0,37675014.0,1.19,1.21,1.185,1.19,2.1,5.63,0.53,-25.84,160166.0,153248.0,403823.0,1.07,771482.0,2.05,-367659.0,-0.98,120327.0,0.32,-524150.0,-1.39,-3524.0,1.207,1.208,556755056.0,672003353,672003353,2026-08-03,2026-08-03 15:34:48+08:00
513080,法国ETF华安,1.802,1.778,-1.35,0.025,1.41,253920.0,45615396.0,1.786,1.805,1.786,1.777,1.07,3.96,0.87,10.03,152826.0,101094.0,-850165.0,-1.86,4444986.0,9.74,-5295151.0,-11.61,-1737452.0,-3.81,2587617.0,5.67,-2791.0,1.801,1.802,641916000.0,1156732632,1156732632,2026-08-03,2026-08-03 16:11:57+08:00
517770,游戏传媒ETF浦银,0.947,0.9454,-0.17,0.013,1.39,187090.0,17720125.0,0.934,0.961,0.915,0.934,4.93,11.14,1.62,24.03,85876.0,101214.0,-1172950.0,-6.62,856187.0,4.83,-2029137.0,-11.45,558525.0,3.15,614426.0,3.47,-2347.0,0.946,0.947,167947800.0,159046567,159046567,2026-08-03,2026-08-03 16:11:34+08:00
159191,港股通科技ETF易方达,0.948,0.9486,0.06,0.013,1.39,70263.0,6654409.338,0.937,0.955,0.937,0.935,1.93,9.74,0.81,-12.79,35049.0,35214.0,546398.0,8.21,0.0,0.0,546398.0,8.21,-384155.0,-5.77,-162243.0,-2.44,176.0,0.947,0.948,72104851.0,68355399,68355399,2026-08-03,2026-08-03 15:34:15+08:00
159555,中证2000增强ETF银华,1.536,1.5338,-0.14,0.021,1.39,10593.0,1613769.8,1.512,1.536,1.512,1.515,1.58,2.83,0.27,-3.97,4578.0,6015.0,52411.0,3.25,0.0,0.0,52411.0,3.25,-126149.0,-7.82,73738.0,4.57,-794.0,1.536,1.537,37462705.0,57542715,57542715,2026-08-03,2026-08-03 15:34:54+08:00
159715,稀土ETF易方达,1.112,1.1102,-0.16,0.015,1.37,717945.0,79476365.9,1.09,1.115,1.088,1.097,2.46,12.88,1.05,-52.57,313818.0,404127.0,-1655760.0,-2.08,-16869976.0,-21.23,15214216.0,19.14,861855.0,1.08,793905.0,1.0,-1404.0,1.112,1.113,557530272.0,619973662,619973662,2026-08-03,2026-08-03 15:34:39+08:00
159273,云计算ETF汇添富,1.417,1.4155,-0.11,0.019,1.36,321956.0,45772489.3,1.403,1.44,1.403,1.398,2.65,4.72,1.53,47.18,213240.0,108716.0,-5270146.0,-11.51,-11053317.0,-24.15,5783171.0,12.63,2810115.0,6.14,2460031.0,5.37,-718.0,1.417,1.418,681777504.0,966078723,966078723,2026-08-03,2026-08-03 15:34:06+08:00
560450,电力ETF天弘,0.974,0.9743,0.03,0.013,1.35,130985.0,12726965.0,0.962,0.975,0.96,0.961,1.56,4.98,0.87,-5.4,71608.0,59377.0,722770.0,5.68,-224.0,0.0,722994.0,5.68,-418888.0,-3.29,-303881.0,-2.39,-748.0,0.974,0.975,263069000.0,256229206,256229206,2026-08-03,2026-08-03 16:11:59+08:00
560190,公用事业ETF鹏华,1.056,1.0537,-0.22,0.014,1.34,4073.0,428212.0,1.042,1.056,1.038,1.042,1.73,2.11,0.9,-8.65,2615.0,1458.0,104989.0,24.52,57694.0,13.47,47295.0,11.04,-99857.0,-23.32,-5134.0,-1.2,-54.0,1.055,1.056,19334000.0,20416704,20416704,2026-08-03,2026-08-03 16:11:56+08:00
159067,绿色电力ETF鹏华,1.057,1.0608,0.36,0.014,1.34,43175.0,4567350.093,1.045,1.062,1.045,1.043,1.63,9.01,0.57,-77.94,26079.0,17096.0,-302608.0,-6.63,672439.0,14.72,-975047.0,-21.35,143791.0,3.15,158817.0,3.48,-1.0,1.057,1.058,47908737.0,50639535,50639535,2026-08-03,2026-08-03 15:34:27+08:00
159059,电力ETF大成,1.064,1.0642,0.02,0.014,1.33,91184.0,9678413.465,1.049,1.065,1.049,1.05,1.52,13.85,0.92,-89.74,54394.0,36791.0,581128.0,6.0,1063082.0,10.98,-481954.0,-4.98,-598915.0,-6.19,17786.0,0.18,-122.0,1.064,1.065,65830063.0,70043187,70043187,2026-08-03,2026-08-03 15:34:09+08:00
512710,军工龙头ETF富国,0.613,0.6134,0.07,0.008,1.32,4998222.0,304729154.0,0.603,0.614,0.601,0.605,2.15,4.13,1.01,-43.58,3136879.0,1861343.0,49239756.0,16.16,78343321.0,25.71,-29103565.0,-9.55,-37925060.0,-12.45,-11314696.0,-3.71,-42356.0,0.613,0.614,12111658496.0,7424446658,7424446658,2026-08-03,2026-08-03 16:11:55+08:00
562660,中证2000ETF华夏,1.687,1.6828,-0.25,0.022,1.32,214731.0,36033894.0,1.658,1.687,1.658,1.665,1.74,7.99,1.02,-63.04,118974.0,95757.0,-249932.0,-0.69,-1839779.0,-5.11,1589847.0,4.41,-595439.0,-1.65,845369.0,2.35,-1083.0,1.687,1.688,268874000.0,453590438,453590438,2026-08-03,2026-08-03 16:11:44+08:00
159109,恒生50ETF景顺,0.845,0.8459,0.11,0.011,1.32,159042.0,13397475.7,0.84,0.848,0.838,0.834,1.2,2.4,0.6,-28.57,78779.0,80263.0,2775721.0,20.72,1035476.0,7.73,1740245.0,12.99,-555516.0,-4.15,-2220204.0,-16.57,713.0,0.844,0.845,662163856.0,559528458,559528458,2026-08-03,2026-08-03 15:34:27+08:00
159907,国证2000ETF广发,1.001,0.9895,-1.16,0.013,1.32,115853.0,11439055.3,0.99,1.001,0.983,0.988,1.82,6.69,1.01,56.0,57001.0,58852.0,-273148.0,-2.39,1074467.0,9.39,-1347615.0,-11.78,-580545.0,-5.08,853692.0,7.46,-859.0,1.001,1.002,173197694.0,173370892,173370892,2026-08-03,2026-08-03 15:34:09+08:00
159611,电力ETF广发,1.086,1.085,-0.09,0.014,1.31,3885401.0,420558654.908,1.073,1.087,1.072,1.072,1.4,3.82,0.76,-47.26,2153106.0,1732295.0,6324182.0,1.5,7981299.0,1.9,-1657117.0,-0.39,-6613857.0,-1.57,289676.0,0.07,69646.0,1.085,1.086,10170362880.0,11045014088,11045014088,2026-08-03,2026-08-03 15:34:57+08:00
159822,新经济ETF银华,0.62,0.6155,-0.73,0.008,1.31,140982.0,8724605.5,0.613,0.623,0.613,0.612,1.63,4.48,1.26,-43.59,79039.0,61943.0,1004215.0,11.51,-474921.0,-5.44,1479136.0,16.95,-647986.0,-7.43,-356229.0,-4.08,2146.0,0.619,0.62,314934320.0,195259278,195259278,2026-08-03,2026-08-03 15:34:18+08:00
563010,电信ETF易方达,2.097,2.0976,0.03,0.027,1.3,29422.0,6146997.0,2.07,2.11,2.054,2.07,2.71,3.16,0.85,50.15,18424.0,10998.0,-379433.0,-6.17,-49935.0,-0.81,-329498.0,-5.36,570428.0,9.28,-190994.0,-3.11,-123.0,2.097,2.098,93189300.0,195417962,195417962,2026-08-03,2026-08-03 16:11:46+08:00
517130,云计算ETF嘉实,0.958,0.9598,0.19,0.012,1.27,91748.0,8813094.0,0.953,0.97,0.951,0.946,2.01,4.56,1.02,6.38,52574.0,39174.0,-582703.0,-6.61,653762.0,7.42,-1236465.0,-14.03,216727.0,2.46,365976.0,4.15,-1094.0,0.957,0.958,201154000.0,192705532,192705532,2026-08-03,2026-08-03 16:11:59+08:00
159638,高端装备ETF嘉实,0.813,0.8134,0.05,0.01,1.25,632388.0,51153328.2,0.8,0.815,0.796,0.803,2.37,4.21,1.17,-38.26,405802.0,226586.0,-4056534.0,-7.93,-5584489.0,-10.92,1527955.0,2.99,3274101.0,6.4,782432.0,1.53,3097.0,0.812,0.813,1503341936.0,1222216994,1222216994,2026-08-03,2026-08-03 15:34:36+08:00
516780,稀土ETF华泰柏瑞,0.807,0.8063,-0.09,0.01,1.25,528745.0,42494687.0,0.796,0.81,0.792,0.797,2.26,2.35,0.72,-4.45,280665.0,248080.0,635131.0,1.49,1675192.0,3.94,-1040061.0,-2.45,-861832.0,-2.03,226700.0,0.53,-6939.0,0.807,0.808,2246599696.0,1813005955,1813005955,2026-08-03,2026-08-03 16:11:34+08:00
560580,电力ETF南方,1.143,1.1439,0.08,0.014,1.24,137042.0,15586392.0,1.13,1.145,1.13,1.129,1.33,2.64,0.88,31.87,92761.0,44281.0,407442.0,2.61,177502.0,1.14,229940.0,1.48,-761905.0,-4.89,354462.0,2.27,-960.0,1.143,1.144,519003008.0,593220438,593220438,2026-08-03,2026-08-03 16:11:51+08:00
159729,互联网ETF汇添富,0.736,0.7371,0.15,0.009,1.24,18199.0,1338814.8,0.725,0.742,0.725,0.727,2.34,2.8,1.57,7.56,9987.0,8212.0,-100192.0,-7.48,0.0,0.0,-100192.0,-7.48,98780.0,7.38,1412.0,0.11,-30.0,0.733,0.737,64960633.0,47811026,47811026,2026-08-03,2026-08-03 15:34:54+08:00
159669,绿色电力ETF国泰,1.155,1.1555,0.04,0.014,1.23,37500.0,4323323.8,1.145,1.157,1.143,1.141,1.23,1.81,0.87,-84.44,19444.0,18056.0,251143.0,5.81,-47618.0,-1.1,298761.0,6.91,-200635.0,-4.64,-50507.0,-1.17,742.0,1.154,1.155,206754781.0,238801772,238801772,2026-08-03,2026-08-03 15:34:21+08:00
562550,绿电ETF华夏,1.182,1.1812,-0.07,0.014,1.2,944024.0,111201789.0,1.174,1.183,1.169,1.168,1.2,5.57,1.1,-22.3,507659.0,436365.0,17660435.0,15.88,1372428.0,1.23,16288007.0,14.65,-81446.0,-0.07,-17578988.0,-15.81,-3083.0,1.182,1.183,1694419296.0,2002803608,2002803608,2026-08-03,2026-08-03 16:11:40+08:00
513260,恒生科技ETF汇添富,1.183,1.1859,0.24,0.014,1.2,3265295.0,386344272.0,1.179,1.191,1.176,1.169,1.28,6.76,0.99,1.9,1704378.0,1560917.0,-6040957.0,-1.56,-311371.0,-0.08,-5729586.0,-1.48,9952250.0,2.58,-3911293.0,-1.01,-6160.0,1.182,1.183,4833243136.0,5717726630,5717726630,2026-08-03,2026-08-03 16:11:53+08:00
159101,港股通科技ETF华夏,0.764,0.7643,0.04,0.009,1.19,3094069.0,236009381.965,0.758,0.767,0.758,0.755,1.19,10.42,0.85,19.51,1590486.0,1503583.0,3530309.0,1.5,4329921.0,1.83,-799612.0,-0.34,-3043752.0,-1.29,-486556.0,-0.21,1419.0,0.763,0.764,2968311456.0,2267789952,2267789952,2026-08-03,2026-08-03 15:34:21+08:00
520560,香港大盘30ETF华宝,0.853,0.8522,-0.09,0.01,1.19,151296.0,12872779.0,0.845,0.856,0.845,0.843,1.3,2.36,1.08,-5.25,87475.0,63821.0,-2008510.0,-15.6,-1030815.0,-8.01,-977695.0,-7.6,288891.0,2.24,1719620.0,13.36,-282.0,0.852,0.853,640419008.0,546277414,546277414,2026-08-03,2026-08-03 16:11:40+08:00
560460,电力ETF平安,0.935,0.9372,0.23,0.011,1.19,73755.0,6895005.0,0.925,0.938,0.925,0.924,1.41,2.49,0.94,5.33,43111.0,30644.0,-641288.0,-9.3,134834.0,1.96,-776122.0,-11.26,605652.0,8.78,35635.0,0.52,-917.0,0.934,0.935,296037008.0,276794602,276794602,2026-08-03,2026-08-03 16:12:02+08:00
512140,电力ETF华安,0.954,0.9538,-0.02,0.011,1.17,102857.0,9788768.0,0.943,0.955,0.943,0.943,1.27,6.39,0.8,13.59,59845.0,43012.0,-720162.0,-7.36,198835.0,2.03,-918997.0,-9.39,1113225.0,11.37,-393063.0,-4.02,-1630.0,0.953,0.954,161049000.0,153640746,153640746,2026-08-03,2026-08-03 16:11:57+08:00
159869,游戏ETF华夏,1.128,1.1266,-0.12,0.013,1.17,7135266.0,808239422.745,1.113,1.153,1.109,1.115,3.95,8.87,1.04,29.31,3566736.0,3568530.0,-50657595.0,-6.27,-50278923.0,-6.22,-378672.0,-0.05,29247429.0,3.62,21410171.0,2.65,44812.0,1.127,1.128,8048082176.0,9078236695,9078236695,2026-08-03,2026-08-03 15:34:21+08:00
159061,绿色电力ETF南方,0.962,0.9629,0.09,0.011,1.16,42033.0,4037699.981,0.951,0.964,0.951,0.951,1.37,1.97,0.59,47.53,30879.0,11154.0,145747.0,3.61,-777897.0,-19.27,923644.0,22.88,28914.0,0.72,-174660.0,-4.33,1.0,0.961,0.962,212840230.0,204752301,204752301,2026-08-03,2026-08-03 15:34:21+08:00
560220,中证2000ETF广发,1.303,1.3006,-0.18,0.015,1.16,52527.0,6815045.0,1.288,1.303,1.288,1.288,1.16,7.87,0.62,17.03,30472.0,22055.0,603876.0,8.86,0.0,0.0,603876.0,8.86,-693572.0,-10.18,89697.0,1.32,-529.0,1.302,1.303,66717000.0,86932251,86932251,2026-08-03,2026-08-03 16:11:37+08:00
159747,香港科技ETF南方,1.219,1.2213,0.19,0.014,1.16,589776.0,71913098.45,1.211,1.228,1.211,1.205,1.41,18.5,0.91,4.17,305225.0,284551.0,5663855.0,7.88,-304608.0,-0.42,5968463.0,8.3,-4297800.0,-5.98,-1366055.0,-1.9,-269.0,1.219,1.22,318712272.0,388510260,388510260,2026-08-03,2026-08-03 15:34:03+08:00
516370,电力ETF汇添富,0.957,0.9569,-0.01,0.011,1.16,161765.0,15439237.0,0.947,0.958,0.946,0.946,1.27,5.21,0.91,-33.15,95249.0,66516.0,441485.0,2.86,1625289.0,10.53,-1183804.0,-7.67,-1011358.0,-6.55,569872.0,3.69,-3248.0,0.956,0.957,310408000.0,297060456,297060456,2026-08-03,2026-08-03 16:11:45+08:00
516150,稀土ETF嘉实,1.652,1.6519,-0.01,0.019,1.16,634760.0,104476154.0,1.622,1.659,1.614,1.633,2.76,1.71,0.99,-47.57,354069.0,280691.0,-9084286.0,-8.7,-5663785.0,-5.42,-3420501.0,-3.27,4107589.0,3.93,4976698.0,4.76,-2366.0,1.652,1.653,3707577008.0,6124917217,6124917217,2026-08-03,2026-08-03 16:11:36+08:00
159741,恒生科技ETF嘉实,0.609,0.6126,0.59,0.007,1.16,2245895.0,136674340.62,0.606,0.612,0.605,0.602,1.16,15.49,0.82,-23.66,1191285.0,1054609.0,2961211.0,2.17,-1400976.0,-1.03,4362187.0,3.19,-3052822.0,-2.23,91612.0,0.07,1943.0,0.608,0.609,1449796720.0,882926202,882926202,2026-08-03,2026-08-03 15:34:57+08:00
159552,中证2000增强ETF招商,2.026,2.0199,-0.3,0.023,1.15,551524.0,111252553.127,1.996,2.028,1.995,2.003,1.65,11.59,1.05,-39.37,274920.0,276604.0,-13859756.0,-12.46,-3192901.0,-2.87,-10666855.0,-9.59,7551676.0,6.79,6308078.0,5.67,4858.0,2.025,2.026,475790320.0,963951188,963951188,2026-08-03,2026-08-03 15:34:21+08:00
159251,港股通科技ETF万家,0.792,0.7946,0.33,0.009,1.15,363097.0,28784862.5,0.785,0.797,0.785,0.783,1.53,14.54,0.85,-26.7,191613.0,171484.0,2387958.0,8.3,-790500.0,-2.75,3178458.0,11.04,-2361458.0,-8.2,-26500.0,-0.09,-120.0,0.792,0.793,249787744.0,197831893,197831893,2026-08-03,2026-08-03 15:34:21+08:00
159636,港股通科技30ETF工银,0.539,0.5394,0.07,0.006,1.13,8548709.0,459590646.715,0.536,0.542,0.534,0.533,1.5,3.67,0.93,28.45,4077174.0,4471535.0,8199417.0,1.78,43580013.0,9.48,-35380596.0,-7.7,-6662094.0,-1.45,-1537329.0,-0.33,10732.0,0.538,0.539,23324501248.0,12571906173,12571906173,2026-08-03,2026-08-03 15:34:30+08:00
159625,绿色电力ETF嘉实,1.252,1.2538,0.14,0.014,1.13,322334.0,40230198.9,1.238,1.254,1.235,1.238,1.53,1.47,0.6,-82.14,179199.0,143135.0,-801115.0,-1.99,-3875746.0,-9.63,3074631.0,7.64,1763810.0,4.38,-962695.0,-2.39,-2376.0,1.252,1.253,2188913776.0,2740520048,2740520048,2026-08-03,2026-08-03 15:34:27+08:00
159213,机器人ETF汇添富,1.165,1.1592,-0.5,0.013,1.13,422733.0,49293089.3,1.152,1.178,1.151,1.152,2.34,8.7,0.93,-31.86,215433.0,207300.0,-8604519.0,-17.46,-9717695.0,-19.71,1113176.0,2.26,4179132.0,8.48,4425388.0,8.98,7052.0,1.162,1.165,485737568.0,565884267,565884267,2026-08-03,2026-08-03 15:34:15+08:00
588960,科创新能源ETF富国,1.077,1.0766,-0.04,0.012,1.13,55124.0,5914546.0,1.059,1.08,1.057,1.065,2.16,3.79,0.56,-1.89,35041.0,20083.0,803317.0,13.58,-86062.0,-1.46,889379.0,15.04,-797635.0,-13.49,-5682.0,-0.1,-155.0,1.076,1.077,145579800.0,156789445,156789445,2026-08-03,2026-08-03 16:11:37+08:00
560980,光伏龙头ETF广发,0.626,0.624,-0.32,0.007,1.13,185213.0,11559471.0,0.62,0.629,0.617,0.619,1.94,5.44,0.63,-2.03,111162.0,74051.0,-848010.0,-7.34,531366.0,4.6,-1379376.0,-11.93,375021.0,3.24,472989.0,4.09,-46.0,0.625,0.626,340522000.0,213166772,213166772,2026-08-03,2026-08-03 16:11:47+08:00
560620,公用事业ETF万家,0.989,0.9875,-0.15,0.011,1.12,5040.0,498082.0,0.978,0.992,0.978,0.978,1.43,1.88,1.34,24.44,3508.0,1532.0,-197431.0,-39.64,0.0,0.0,-197431.0,-39.64,42459.0,8.52,154972.0,31.11,-55.0,0.987,0.989,26867000.0,26571463,26571463,2026-08-03,2026-08-03 16:11:34+08:00
520920,恒生科技ETF天弘,0.72,0.7244,0.61,0.008,1.12,3267123.0,235161777.0,0.717,0.724,0.716,0.712,1.12,1.74,0.96,-25.26,1678941.0,1588182.0,5298410.0,2.25,12017884.0,5.11,-6719474.0,-2.86,-4284154.0,-1.82,-1014255.0,-0.43,-4063.0,0.719,0.72,18804018944.0,13538893640,13538893640,2026-08-03,2026-08-03 16:11:52+08:00
159770,机器人ETF天弘,1.001,0.999,-0.2,0.011,1.11,1954488.0,196371688.6,0.996,1.016,0.991,0.99,2.53,3.23,1.03,41.29,978299.0,976189.0,-35027413.0,-17.84,-40623776.0,-20.69,5596363.0,2.85,21816748.0,11.11,13210665.0,6.73,-10065.0,1.001,1.002,6050587648.0,6056638236,6056638236,2026-08-03,2026-08-03 15:34:09+08:00
512670,国防ETF鹏华,0.738,0.7386,0.08,0.008,1.1,770957.0,56692424.0,0.729,0.74,0.726,0.73,1.92,3.38,0.7,-20.19,446588.0,324369.0,4804771.0,8.48,5727697.0,10.1,-922926.0,-1.63,-3621425.0,-6.39,-1183345.0,-2.09,-12097.0,0.737,0.738,2282652608.0,1684597625,1684597625,2026-08-03,2026-08-03 16:11:54+08:00
560300,电信ETF汇添富,2.211,2.2102,-0.04,0.024,1.1,5690.0,1253988.0,2.192,2.221,2.186,2.187,1.6,2.12,0.45,-1.61,3262.0,2428.0,244470.0,19.5,-198251.0,-15.81,442721.0,35.31,-214256.0,-17.09,-30215.0,-2.41,2.0,2.209,2.211,26803400.0,59262317,59262317,2026-08-03,2026-08-03 16:12:00+08:00
520590,恒生科技ETF鹏华,0.83,0.8322,0.26,0.009,1.1,217229.0,18042444.0,0.825,0.836,0.825,0.821,1.34,10.28,1.21,18.75,131141.0,86088.0,931542.0,5.16,1178916.0,6.53,-247374.0,-1.37,-626106.0,-3.47,-305437.0,-1.69,-200.0,0.829,0.83,211235000.0,175325050,175325050,2026-08-03,2026-08-03 16:11:43+08:00
159662,交运ETF南方,1.011,1.0096,-0.14,0.011,1.1,51344.0,5169016.4,1.002,1.011,1.001,1.0,1.0,5.7,0.38,-22.57,28893.0,22451.0,-284802.0,-5.51,-1807.0,-0.03,-282995.0,-5.47,240989.0,4.66,43814.0,0.85,14.0,1.01,1.011,90113946.0,91105199,91105199,2026-08-03,2026-08-03 15:34:21+08:00
515210,钢铁ETF国泰,1.193,1.1903,-0.23,0.013,1.1,939564.0,111354225.0,1.174,1.193,1.172,1.18,1.78,8.87,1.09,-7.86,509653.0,429911.0,21291630.0,19.12,6620305.0,5.95,14671325.0,13.18,762316.0,0.68,-22053948.0,-19.81,-8445.0,1.192,1.193,1058726096.0,1263060233,1263060233,2026-08-03,2026-08-03 16:11:44+08:00
560480,电力ETF招商,0.931,0.9318,0.09,0.01,1.09,103435.0,9616146.0,0.923,0.934,0.922,0.921,1.3,6.95,1.17,-18.97,52805.0,50630.0,-394462.0,-4.1,-493164.0,-5.13,98702.0,1.03,86378.0,0.9,308084.0,3.2,-1660.0,0.931,0.932,148803000.0,138535593,138535593,2026-08-03,2026-08-03 16:11:45+08:00
513900,港股通100ETF华安,1.024,1.0321,0.78,0.011,1.09,160882.0,16417767.0,1.021,1.026,1.016,1.013,0.99,15.78,2.49,-5.37,83481.0,77401.0,356369.0,2.17,1862413.0,11.34,-1506044.0,-9.17,-308553.0,-1.88,-47815.0,-0.29,-700.0,1.023,1.024,101978000.0,104425472,104425472,2026-08-03,2026-08-03 16:11:41+08:00
513850,美国50ETF易方达,1.779,1.7009,-4.59,0.019,1.08,358022.0,63696500.0,1.768,1.787,1.766,1.76,1.19,2.93,1.0,30.35,222174.0,135849.0,6033913.0,9.47,-327295.0,-0.51,6361208.0,9.99,-4095738.0,-6.43,-1938175.0,-3.04,-4980.0,1.778,1.779,1222892608.0,2175525950,2175525950,2026-08-03,2026-08-03 16:11:43+08:00
560830,电力ETF华夏,0.936,0.9362,0.02,0.01,1.08,197648.0,18458901.0,0.926,0.937,0.926,0.926,1.19,2.65,0.9,-33.91,112828.0,84820.0,1195546.0,6.48,1314848.0,7.12,-119302.0,-0.65,-609755.0,-3.3,-585791.0,-3.17,-1823.0,0.935,0.936,746519008.0,698741791,698741791,2026-08-03,2026-08-03 16:11:34+08:00
159509,纳指科技ETF景顺,2.63,2.1731,-21.03,0.028,1.08,2180900.0,573619449.633,2.612,2.641,2.612,2.602,1.11,3.29,0.93,53.55,1120683.0,1060217.0,39479830.0,6.88,-5772755.0,-1.01,45252585.0,7.89,-22581495.0,-3.94,-16898335.0,-2.95,29590.0,2.629,2.63,6621564160.0,17414713741,17414713741,2026-08-03,2026-08-03 15:34:00+08:00
159128,港股科技ETF天弘,0.749,0.75,0.13,0.008,1.08,1288478.0,96346054.7,0.745,0.753,0.742,0.741,1.48,6.74,1.28,-34.05,691981.0,596497.0,304658.0,0.32,-861911.0,-0.89,1166569.0,1.21,-1130730.0,-1.17,826071.0,0.86,405.0,0.748,0.749,1912760848.0,1432657875,1432657875,2026-08-03,2026-08-03 15:34:42+08:00
516010,游戏ETF国泰,1.118,1.1178,-0.02,0.012,1.08,1449042.0,162849166.0,1.104,1.145,1.1,1.106,4.07,5.85,1.25,-13.3,768118.0,680924.0,-8535790.0,-5.24,1283600.0,0.79,-9819390.0,-6.03,5610830.0,3.45,2924959.0,1.8,-4445.0,1.118,1.119,2477693008.0,2770060783,2770060783,2026-08-03,2026-08-03 16:11:41+08:00
159158,电力ETF景顺,1.039,1.0397,0.07,0.011,1.07,302525.0,31364961.356,1.028,1.041,1.028,1.028,1.26,2.91,0.97,-25.9,172931.0,129594.0,-1012599.0,-3.23,-285526.0,-0.91,-727073.0,-2.32,606467.0,1.93,406132.0,1.29,1676.0,1.038,1.039,1038535344.0,1079038222,1079038222,2026-08-03,2026-08-03 15:34:57+08:00
516620,影视ETF国泰,0.847,0.8469,-0.01,0.009,1.07,359610.0,30310523.0,0.839,0.852,0.832,0.838,2.39,19.36,1.03,-0.68,188863.0,170747.0,-828046.0,-2.73,1043420.0,3.44,-1871466.0,-6.17,-174721.0,-0.58,1002766.0,3.31,-1482.0,0.847,0.848,185767500.0,157345073,157345073,2026-08-03,2026-08-03 16:11:39+08:00
159146,电力ETF华宝,1.049,1.0501,0.1,0.011,1.06,232407.0,24339864.7,1.04,1.051,1.04,1.038,1.06,3.1,0.92,-15.0,119366.0,113041.0,2626110.0,10.79,2576455.0,10.59,49655.0,0.2,-2400176.0,-9.86,-225934.0,-0.93,412.0,1.048,1.049,750440848.0,787212450,787212450,2026-08-03,2026-08-03 15:34:54+08:00
159046,绿电ETF天弘,0.95,0.9511,0.12,0.01,1.06,95204.0,9029537.177,0.942,0.952,0.94,0.94,1.28,2.31,0.93,-17.13,43905.0,51299.0,218464.0,2.42,49897.0,0.55,168567.0,1.87,7150.0,0.08,-225615.0,-2.5,5.0,0.949,0.95,411976848.0,391378006,391378006,2026-08-03,2026-08-03 15:34:15+08:00
562350,电力ETF银华,1.14,1.1411,0.1,0.012,1.06,136837.0,15556278.0,1.127,1.142,1.118,1.128,2.13,9.28,0.79,4.44,70683.0,66154.0,1092645.0,7.02,229127.0,1.47,863518.0,5.55,-959021.0,-6.16,-133625.0,-0.86,-468.0,1.14,1.141,147410900.0,168048426,168048426,2026-08-03,2026-08-03 16:11:46+08:00
520950,港股通50ETF摩根,0.867,0.871,0.46,0.009,1.05,315456.0,27335180.0,0.861,0.873,0.861,0.858,1.4,9.49,1.58,9.76,154247.0,161209.0,715788.0,2.62,-10312.0,-0.04,726100.0,2.66,-345323.0,-1.26,-370465.0,-1.36,-1676.0,0.867,0.868,332421008.0,288209014,288209014,2026-08-03,2026-08-03 16:11:53+08:00
562330,中证500价值ETF银华,1.263,1.2565,-0.52,0.013,1.04,12840.0,1611736.0,1.249,1.263,1.248,1.25,1.2,11.65,0.93,-14.12,6275.0,6565.0,-194834.0,-12.09,0.0,0.0,-194834.0,-12.09,182823.0,11.34,12010.0,0.75,-8.0,1.259,1.263,11018900.0,13916871,13916871,2026-08-03,2026-08-03 16:11:58+08:00
520570,恒生科技ETF南方,0.777,0.7783,0.17,0.008,1.04,1469667.0,114329915.0,0.776,0.783,0.774,0.769,1.17,4.3,0.82,-21.36,784137.0,685530.0,1440889.0,1.26,-675380.0,-0.59,2116269.0,1.85,-1297902.0,-1.14,-142987.0,-0.13,-2119.0,0.777,0.778,3414876000.0,2653358652,2653358652,2026-08-03,2026-08-03 16:11:51+08:00
515760,浙江国资ETF华夏,1.363,1.3646,0.12,0.014,1.04,31260.0,4258275.0,1.35,1.366,1.35,1.349,1.19,3.26,1.65,-14.96,14874.0,16386.0,-493420.0,-11.59,0.0,0.0,-493420.0,-11.59,312618.0,7.34,180802.0,4.25,20.0,1.363,1.367,95888100.0,130695480,130695480,2026-08-03,2026-08-03 16:11:59+08:00
159698,粮食ETF鹏华,0.885,0.8812,-0.43,0.009,1.03,494642.0,43483199.488,0.877,0.886,0.869,0.876,1.94,4.59,0.92,50.21,248347.0,246295.0,-4083681.0,-9.39,-5560043.0,-12.79,1476362.0,3.4,1713020.0,3.94,2370661.0,5.45,5100.0,0.884,0.885,1076944384.0,953095780,953095780,2026-08-03,2026-08-03 15:34:06+08:00
560270,电力ETF工银,0.983,0.9846,0.16,0.01,1.03,117335.0,11519599.0,0.973,0.986,0.973,0.973,1.34,6.77,1.17,-5.14,68525.0,48810.0,15507.0,0.13,-905206.0,-7.86,920713.0,7.99,-80156.0,-0.7,64650.0,0.56,-827.0,0.983,0.984,173439000.0,170490537,170490537,2026-08-03,2026-08-03 16:11:59+08:00
562530,中证1000价值ETF华夏,1.288,1.285,-0.23,0.013,1.02,47552.0,6095106.0,1.275,1.288,1.271,1.275,1.33,4.13,0.28,3.91,27392.0,20160.0,-645375.0,-10.59,413440.0,6.78,-1058815.0,-17.37,112781.0,1.85,532594.0,8.74,-122.0,1.285,1.288,115144000.0,148305472,148305472,2026-08-03,2026-08-03 16:11:34+08:00
516770,游戏ETF华泰柏瑞,1.184,1.1819,-0.18,0.012,1.02,424189.0,50385797.0,1.175,1.21,1.169,1.172,3.5,11.13,0.8,-42.83,202510.0,221679.0,-3445433.0,-6.84,-115821.0,-0.23,-3329612.0,-6.61,118287.0,0.23,3327146.0,6.6,-2364.0,1.183,1.184,381048000.0,451160832,451160832,2026-08-03,2026-08-03 16:11:42+08:00
561170,绿色电力ETF富国,1.186,1.1871,0.09,0.012,1.02,333962.0,39564651.0,1.175,1.189,1.175,1.174,1.19,5.36,0.91,3.79,168125.0,165837.0,8750004.0,22.12,1339433.0,3.39,7410571.0,18.73,-9037419.0,-22.84,287415.0,0.73,-2485.0,1.185,1.186,623032704.0,738916787,738916787,2026-08-03,2026-08-03 16:11:33+08:00
159612,标普500ETF国泰,1.996,1.8859,-5.84,0.02,1.01,161039.0,32159901.999,1.984,2.006,1.983,1.976,1.16,3.62,1.7,-16.3,93504.0,67535.0,1392323.0,4.33,391698.0,1.22,1000625.0,3.11,1028813.0,3.2,-2421135.0,-7.53,797.0,1.995,1.996,444898656.0,888017717,888017717,2026-08-03,2026-08-03 15:34:15+08:00
159751,港股通科技ETF鹏华,0.896,0.8975,0.17,0.009,1.01,516296.0,46244656.4,0.892,0.901,0.891,0.887,1.13,5.66,0.71,-35.78,287014.0,229282.0,1821912.0,3.94,-1171360.0,-2.53,2993272.0,6.47,-1067280.0,-2.31,-754631.0,-1.63,1475.0,0.895,0.896,912629632.0,817716150,817716150,2026-08-03,2026-08-03 15:34:00+08:00
513130,恒生科技ETF华泰柏瑞,0.606,0.6074,0.23,0.006,1.0,56983998.0,3450664271.0,0.604,0.61,0.602,0.6,1.33,9.93,0.98,-30.54,31116376.0,25867622.0,37511776.0,1.09,-67148208.0,-1.95,104659984.0,3.03,-26991576.0,-0.78,-10520200.0,-0.3,-458704.0,0.605,0.606,57373347072.0,34768248326,34768248326,2026-08-03,2026-08-03 16:11:58+08:00
560690,电信ETF鹏华,2.121,2.1214,0.02,0.021,1.0,16898.0,3576623.0,2.092,2.132,2.092,2.1,1.9,8.29,1.35,-6.47,10581.0,6317.0,179414.0,5.02,0.0,0.0,179414.0,5.02,-151632.0,-4.24,-27782.0,-0.78,-439.0,2.117,2.123,20389000.0,43245069,43245069,2026-08-03,2026-08-03 16:11:57+08:00
561560,电力ETF华泰柏瑞,1.314,1.3169,0.22,0.013,1.0,573768.0,75358077.0,1.305,1.319,1.302,1.301,1.31,2.52,1.0,2.76,327857.0,245911.0,4486977.0,5.95,-1463568.0,-1.94,5950545.0,7.9,-3377151.0,-4.48,-1109826.0,-1.47,-8445.0,1.313,1.314,2273124208.0,2986885209,2986885209,2026-08-03,2026-08-03 16:12:01+08:00
159533,中证2000ETF博时,1.737,1.7364,-0.03,0.017,0.99,19491.0,3371988.5,1.719,1.739,1.708,1.72,1.8,12.61,0.58,78.53,11637.0,7854.0,781109.0,23.16,0.0,0.0,781109.0,23.16,-857849.0,-25.44,76741.0,2.28,-5.0,1.737,1.74,15458785.0,26851910,26851910,2026-08-03,2026-08-03 15:34:12+08:00
513180,恒生科技ETF华夏,0.615,0.6166,0.26,0.006,0.99,55742200.0,3428796941.0,0.612,0.619,0.612,0.609,1.15,7.98,0.96,-23.39,29987551.0,25754649.0,66594368.0,1.94,90801040.0,2.65,-24206672.0,-0.71,-65000740.0,-1.9,-1593658.0,-0.05,-388544.0,0.614,0.615,69828759552.0,42944687124,42944687124,2026-08-03,2026-08-03 16:11:38+08:00
513580,恒生科技ETF华安,0.611,0.6169,0.96,0.006,0.99,2011377.0,122992493.0,0.61,0.616,0.608,0.605,1.32,3.31,0.8,-31.45,1008536.0,1002841.0,4837495.0,3.93,-38812.0,-0.03,4876307.0,3.96,-4088526.0,-3.32,-748968.0,-0.61,-3200.0,0.61,0.611,6072118016.0,3710064108,3710064108,2026-08-03,2026-08-03 16:11:40+08:00
513980,港股科技ETF景顺,0.615,0.6187,0.6,0.006,0.99,5496444.0,337576452.0,0.612,0.619,0.61,0.609,1.48,2.89,0.66,-55.55,2521865.0,2974579.0,4236036.0,1.25,26596823.0,7.88,-22360787.0,-6.62,-5660185.0,-1.68,1424148.0,0.42,-13311.0,0.614,0.615,19015204096.0,11694350519,11694350519,2026-08-03,2026-08-03 16:11:47+08:00
159583,通信ETF富国,1.446,1.4434,-0.18,0.014,0.98,4716251.0,680136647.392,1.409,1.471,1.409,1.432,4.33,19.01,1.13,82.92,2127258.0,2588993.0,47783274.0,7.03,76626838.0,11.27,-28843564.0,-4.24,-35507189.0,-5.22,-12276084.0,-1.8,-14998.0,1.446,1.447,2480592896.0,3586937328,3586937328,2026-08-03,2026-08-03 15:34:42+08:00
159587,粮食ETF广发,1.137,1.1365,-0.04,0.011,0.98,155169.0,17628778.7,1.126,1.142,1.119,1.126,2.04,10.11,1.38,54.97,94853.0,60316.0,-1323815.0,-7.51,-522709.0,-2.97,-801106.0,-4.54,360489.0,2.04,963327.0,5.46,968.0,1.136,1.137,153447031.0,174469274,174469274,2026-08-03,2026-08-03 15:34:06+08:00
589960,科创新能源ETF易方达,0.824,0.8235,-0.06,0.008,0.98,340057.0,27868723.0,0.816,0.826,0.808,0.816,2.21,18.55,0.88,-5.18,165918.0,174139.0,1524164.0,5.47,843578.0,3.03,680586.0,2.44,-1612648.0,-5.79,88484.0,0.32,-365.0,0.824,0.825,183316000.0,151052384,151052384,2026-08-03,2026-08-03 16:11:50+08:00
561700,电力ETF博时,1.143,1.1453,0.2,0.011,0.97,90414.0,10329459.0,1.132,1.147,1.132,1.132,1.33,2.38,0.73,4.01,38665.0,51749.0,-158530.0,-1.53,-587700.0,-5.69,429170.0,4.15,1439730.0,13.94,-1281200.0,-12.4,-711.0,1.143,1.144,379813600.0,434126945,434126945,2026-08-03,2026-08-03 16:11:51+08:00
159742,恒生科技ETF博时,0.622,0.6232,0.19,0.006,0.97,2913973.0,181378789.171,0.62,0.627,0.619,0.616,1.3,4.6,0.72,-10.39,1570207.0,1343766.0,4975218.0,2.74,8474407.0,4.67,-3499189.0,-1.93,-4223202.0,-2.33,-752016.0,-0.41,9796.0,0.621,0.622,6329928192.0,3937215335,3937215335,2026-08-03,2026-08-03 15:34:30+08:00
159033,粮食ETF国泰,0.94,0.9396,-0.04,0.009,0.97,113593.0,10655450.6,0.931,0.944,0.92,0.931,2.58,6.23,0.54,-8.74,61842.0,51751.0,193574.0,1.82,583632.0,5.48,-390058.0,-3.66,-154616.0,-1.45,-38958.0,-0.37,280.0,0.938,0.94,182323473.0,171384065,171384065,2026-08-03,2026-08-03 15:34:00+08:00
513500,标普500ETF博时,2.533,2.4033,-5.4,0.024,0.96,1595496.0,402746735.0,2.522,2.535,2.513,2.509,0.88,1.58,1.25,-12.03,936890.0,658606.0,13884259.0,3.45,6319694.0,1.57,7564565.0,1.88,50550652.0,12.55,-64434911.0,-16.0,-13625.0,2.533,2.534,10102638592.0,25589983554,25589983554,2026-08-03,2026-08-03 16:11:49+08:00
513010,恒生科技ETF易方达,0.634,0.6358,0.28,0.006,0.96,15461568.0,980849929.0,0.632,0.639,0.631,0.628,1.27,3.48,0.88,-16.14,8306115.0,7155454.0,9536577.0,0.97,30555760.0,3.12,-21019183.0,-2.14,-9237912.0,-0.94,-298667.0,-0.03,-64725.0,0.634,0.635,44430307072.0,28168814684,28168814684,2026-08-03,2026-08-03 16:11:34+08:00
159679,中证1000增强ETF国泰,1.165,1.1641,-0.08,0.011,0.95,57296.0,6658374.5,1.154,1.168,1.149,1.154,1.65,9.86,0.86,62.03,19312.0,37984.0,388958.0,5.84,2507284.0,37.66,-2118326.0,-31.81,-442457.0,-6.65,53500.0,0.8,255.0,1.162,1.165,58089156.0,67673867,67673867,2026-08-03,2026-08-03 15:34:30+08:00
159577,美国50ETF汇添富,1.589,1.5281,-3.99,0.015,0.95,385786.0,61320568.442,1.581,1.596,1.578,1.574,1.14,4.86,0.85,5.14,221608.0,164178.0,3400420.0,5.55,-3998897.0,-6.52,7399317.0,12.07,-3968078.0,-6.47,567657.0,0.93,2154.0,1.588,1.589,793665792.0,1261134943,1261134943,2026-08-03,2026-08-03 15:34:45+08:00
588830,科创新能源ETF鹏华,1.168,1.1664,-0.14,0.011,0.95,749033.0,87035031.0,1.155,1.171,1.145,1.157,2.25,10.89,1.07,21.22,407077.0,341956.0,-5973531.0,-6.86,-1788719.0,-2.06,-4184812.0,-4.81,4286981.0,4.93,1686551.0,1.94,-4342.0,1.168,1.169,687847904.0,803406352,803406352,2026-08-03,2026-08-03 16:11:43+08:00
159072,粮食ETF景顺,1.064,1.0656,0.15,0.01,0.95,51995.0,5511444.917,1.056,1.07,1.05,1.054,1.9,10.14,0.42,-60.16,33968.0,18027.0,662126.0,12.01,-125321.0,-2.27,787447.0,14.29,-566843.0,-10.28,-95284.0,-1.73,21.0,1.063,1.064,51285157.0,54567407,54567407,2026-08-03,2026-08-03 15:34:24+08:00
159738,云计算ETF华泰柏瑞,2.044,2.0479,0.19,0.019,0.94,111221.0,22815600.7,2.066,2.07,2.03,2.025,1.98,8.12,0.71,-60.3,69630.0,41591.0,1504592.0,6.59,-687150.0,-3.01,2191742.0,9.61,-2750392.0,-12.05,1245801.0,5.46,-198.0,2.044,2.05,136992667.0,280013011,280013011,2026-08-03,2026-08-03 15:34:24+08:00
562500,机器人ETF华夏,0.965,0.9634,-0.17,0.009,0.94,7859880.0,761862204.0,0.957,0.98,0.956,0.956,2.51,4.27,0.97,31.54,3945413.0,3914467.0,-110586273.0,-14.52,-96286550.0,-12.64,-14299723.0,-1.88,60451583.0,7.93,50134689.0,6.58,-35501.0,0.965,0.966,18409187328.0,17764865772,17764865772,2026-08-03,2026-08-03 16:11:56+08:00
517390,云计算ETF天弘,1.933,1.9387,0.29,0.018,0.94,28548.0,5541023.0,1.934,1.964,1.915,1.915,2.56,2.08,0.54,-3.31,16004.0,12544.0,-430634.0,-7.77,0.0,0.0,-430634.0,-7.77,385878.0,6.96,44757.0,0.81,-68.0,1.929,1.933,137112600.0,265038656,265038656,2026-08-03,2026-08-03 16:11:33+08:00
159855,影视ETF银华,0.752,0.7517,-0.04,0.007,0.94,120328.0,9013714.2,0.749,0.756,0.737,0.745,2.55,6.39,0.62,-46.02,64655.0,55673.0,106245.0,1.18,-205247.0,-2.28,311492.0,3.46,-503740.0,-5.59,397495.0,4.41,596.0,0.751,0.752,188425236.0,141695777,141695777,2026-08-03,2026-08-03 15:34:30+08:00
159060,粮食ETF浦银,0.972,0.9742,0.23,0.009,0.93,6782.0,656547.4,0.963,0.977,0.961,0.963,1.66,0.96,0.27,-91.79,4112.0,2670.0,-317516.0,-48.36,0.0,0.0,-317516.0,-48.36,301558.0,45.93,15958.0,2.43,107.0,0.97,0.976,70483423.0,68509887,68509887,2026-08-03,2026-08-03 15:34:12+08:00
512130,全指现金流ETF鹏华,1.197,1.1789,-1.54,0.011,0.93,871.0,103357.0,1.195,1.2,1.179,1.186,1.77,0.58,0.15,1.25,182.0,689.0,-882.0,-0.85,0.0,0.0,-882.0,-0.85,0.0,0.0,882.0,0.85,-168.0,1.197,1.2,14895000.0,17829315,17829315,2026-08-03,2026-08-03 16:11:44+08:00
159258,机器人ETF南方,1.089,1.0873,-0.16,0.01,0.93,402442.0,44016024.1,1.08,1.105,1.08,1.079,2.32,3.15,1.19,-12.84,204099.0,198343.0,-5392927.0,-12.25,-7156983.0,-16.26,1764056.0,4.01,1138423.0,2.59,4254504.0,9.67,-582.0,1.089,1.09,1277765664.0,1391486808,1391486808,2026-08-03,2026-08-03 15:34:57+08:00
513030,德国ETF华安,1.837,1.8229,-0.77,0.017,0.93,387310.0,71123703.0,1.83,1.841,1.83,1.82,0.6,3.88,0.9,-6.15,225616.0,161694.0,989427.0,1.39,6091693.0,8.56,-5102266.0,-7.17,-2121713.0,-2.98,1132285.0,1.59,-1141.0,1.837,1.838,997279008.0,1832001538,1832001538,2026-08-03,2026-08-03 16:11:46+08:00
159063,粮食ETF南方,0.99,0.9904,0.04,0.009,0.92,47635.0,4713300.618,0.981,0.995,0.979,0.981,1.63,7.11,0.67,-36.48,34672.0,12963.0,-136741.0,-2.9,-1557593.0,-33.05,1420852.0,30.15,84028.0,1.78,52712.0,1.12,2804.0,0.989,0.991,66986647.0,66316781,66316781,2026-08-03,2026-08-03 15:34:06+08:00
159768,房地产ETF银华,0.439,0.4385,-0.11,0.004,0.92,802718.0,34961429.4,0.433,0.439,0.429,0.435,2.3,10.05,0.93,-12.08,414712.0,388006.0,-1137957.0,-3.25,-858777.0,-2.46,-279180.0,-0.8,843233.0,2.41,294724.0,0.84,1575.0,0.438,0.439,798450304.0,350519683,350519683,2026-08-03,2026-08-03 15:34:45+08:00
560710,船舶ETF富国,0.888,0.888,0.0,0.008,0.91,347173.0,30706757.0,0.88,0.888,0.871,0.88,1.93,1.77,0.34,-1.2,161251.0,185922.0,2663759.0,8.67,622904.0,2.03,2040855.0,6.65,-2481997.0,-8.08,-181761.0,-0.59,-7014.0,0.887,0.888,1965580000.0,1745435040,1745435040,2026-08-03,2026-08-03 16:11:42+08:00
513380,恒生科技ETF广发,0.557,0.5589,0.34,0.005,0.91,4821377.0,268955522.0,0.555,0.562,0.555,0.552,1.27,2.67,0.86,-33.05,2386040.0,2435337.0,4678128.0,1.74,7683592.0,2.86,-3005464.0,-1.12,-4015739.0,-1.49,-662390.0,-0.25,-21729.0,0.557,0.558,18037784832.0,10047046151,10047046151,2026-08-03,2026-08-03 16:11:54+08:00
159038,粮食ETF易方达,0.887,0.8875,0.06,0.008,0.91,59560.0,5275915.773,0.883,0.891,0.875,0.879,1.82,3.42,0.55,-29.62,33105.0,26455.0,-388274.0,-7.36,443500.0,8.41,-831774.0,-15.77,386008.0,7.32,2267.0,0.04,25.0,0.886,0.887,174026939.0,154361895,154361895,2026-08-03,2026-08-03 15:34:00+08:00
159666,交通运输ETF华夏,1.002,1.0006,-0.14,0.009,0.91,323761.0,32323754.9,0.994,1.002,0.99,0.993,1.21,29.75,1.48,-43.36,132231.0,191530.0,-205354.0,-0.64,3086620.0,9.55,-3291974.0,-10.18,145502.0,0.45,59852.0,0.19,-39.0,1.002,1.003,108832905.0,109050571,109050571,2026-08-03,2026-08-03 15:34:18+08:00
159750,港股科技50ETF招商,0.897,0.9017,0.52,0.008,0.9,916548.0,82245080.8,0.893,0.903,0.893,0.889,1.12,7.24,0.83,-38.57,473336.0,443212.0,3815181.0,4.64,450691.0,0.55,3364490.0,4.09,-2969015.0,-3.61,-846165.0,-1.03,-820.0,0.897,0.898,1265618256.0,1135259576,1135259576,2026-08-03,2026-08-03 15:34:06+08:00
159561,德国ETF嘉实,1.342,1.334,-0.6,0.012,0.9,545306.0,73231542.312,1.337,1.346,1.337,1.33,0.68,4.18,1.13,-63.38,312790.0,232516.0,3525753.0,4.81,8931014.0,12.2,-5405261.0,-7.38,-2422379.0,-3.31,-1103374.0,-1.51,-3947.0,1.342,1.343,1303499488.0,1749296313,1749296313,2026-08-03,2026-08-03 15:34:36+08:00
562300,碳中和ETF银华,0.679,0.6789,-0.01,0.006,0.89,12427.0,840142.0,0.667,0.68,0.667,0.673,1.93,2.28,1.02,23.12,10091.0,2336.0,54196.0,6.45,0.0,0.0,54196.0,6.45,-115927.0,-13.8,61731.0,7.35,-1.0,0.679,0.68,54495000.0,37002105,37002105,2026-08-03,2026-08-03 16:11:40+08:00
512680,军工ETF广发,1.128,1.1255,-0.22,0.01,0.89,505007.0,56687811.0,1.116,1.129,1.111,1.118,1.61,1.6,0.86,-3.77,334800.0,170207.0,-18416585.0,-32.49,-11738391.0,-20.71,-6678194.0,-11.78,16486569.0,29.08,1930016.0,3.4,-2982.0,1.127,1.128,3165730096.0,3570943548,3570943548,2026-08-03,2026-08-03 16:11:36+08:00
159655,标普500ETF华夏,1.92,1.8384,-4.44,0.017,0.89,475578.0,91190564.4,1.914,1.922,1.907,1.903,0.79,2.21,1.22,-34.89,275085.0,200493.0,3022000.0,3.31,4079373.0,4.47,-1057373.0,-1.16,-2942240.0,-3.23,-79760.0,-0.09,-2247.0,1.92,1.921,2147143040.0,4122514637,4122514637,2026-08-03,2026-08-03 15:34:09+08:00
159031,粮食ETF博时,0.92,0.9199,-0.01,0.008,0.88,25154.0,2312739.2,0.912,0.923,0.908,0.912,1.64,0.49,1.68,-16.06,9034.0,16120.0,78354.0,3.39,1010092.0,43.68,-931738.0,-40.29,-71312.0,-3.08,-7042.0,-0.3,200.0,0.919,0.92,510028624.0,469226334,469226334,2026-08-03,2026-08-03 15:34:00+08:00
159861,碳中和50ETF国泰,1.034,1.0346,0.06,0.009,0.88,46862.0,4830296.63,1.018,1.037,1.012,1.025,2.44,4.78,1.22,1.69,26544.0,20318.0,1832.0,0.04,0.0,0.0,1832.0,0.04,-154721.0,-3.2,152890.0,3.17,51.0,1.033,1.034,98117535.0,101453531,101453531,2026-08-03,2026-08-03 15:34:39+08:00
560930,电力ETF易方达,0.918,0.9185,0.05,0.008,0.88,123772.0,11344221.0,0.909,0.92,0.909,0.91,1.21,5.3,0.95,-15.97,71893.0,51879.0,92701.0,0.82,-1278570.0,-11.27,1371271.0,12.09,442080.0,3.9,-534781.0,-4.71,-542.0,0.918,0.919,233524000.0,214375032,214375032,2026-08-03,2026-08-03 16:11:48+08:00
520860,港股通科技ETF富国,0.798,0.8011,0.39,0.007,0.88,370124.0,29511627.0,0.797,0.803,0.79,0.791,1.64,10.69,0.76,1.85,185183.0,184941.0,-720622.0,-2.44,0.0,0.0,-720622.0,-2.44,848079.0,2.87,-127457.0,-0.43,-801.0,0.797,0.798,346195008.0,276263616,276263616,2026-08-03,2026-08-03 16:11:55+08:00
516580,新能源ETF博时,0.578,0.578,0.0,0.005,0.87,16927.0,975400.0,0.574,0.58,0.571,0.573,1.57,1.16,0.23,-0.23,11650.0,5277.0,-90095.0,-9.24,70771.0,7.26,-160866.0,-16.49,101688.0,10.43,-11595.0,-1.19,-20.0,0.577,0.578,146124100.0,84459730,84459730,2026-08-03,2026-08-03 16:11:52+08:00
159159,公用事业ETF国投瑞银,1.048,1.0488,0.08,0.009,0.87,142238.0,14840523.708,1.037,1.05,1.037,1.039,1.25,10.87,1.58,-23.42,87728.0,54510.0,-1495858.0,-10.08,-2092943.0,-14.1,597085.0,4.02,1299410.0,8.76,196447.0,1.32,26.0,1.047,1.048,130818582.0,137097874,137097874,2026-08-03,2026-08-03 15:34:03+08:00
513890,恒生科技ETF摩根,0.941,0.944,0.32,0.008,0.86,387015.0,36454742.0,0.938,0.948,0.936,0.933,1.29,4.29,0.72,-2.41,185392.0,201623.0,1976717.0,5.42,1130241.0,3.1,846476.0,2.32,-1849859.0,-5.07,-126858.0,-0.35,-236.0,0.941,0.942,901128000.0,847961448,847961448,2026-08-03,2026-08-03 16:11:50+08:00
517050,互联网ETF华泰柏瑞,0.705,0.7082,0.45,0.006,0.86,56149.0,3966382.0,0.699,0.712,0.699,0.699,1.86,1.62,1.28,-8.77,19704.0,36445.0,-601193.0,-15.16,679521.0,17.13,-1280714.0,-32.29,482667.0,12.17,118525.0,2.99,-186.0,0.704,0.705,347605008.0,245061531,245061531,2026-08-03,2026-08-03 16:12:00+08:00
563300,中证2000ETF华泰柏瑞,1.289,1.2898,0.06,0.011,0.86,7216131.0,928885725.0,1.277,1.295,1.273,1.278,1.72,15.42,0.95,13.41,4044485.0,3171646.0,-184892675.0,-19.9,-346589675.0,-37.31,161697000.0,17.41,112908053.0,12.16,71984618.0,7.75,-98818.0,1.288,1.289,4678673920.0,6030810683,6030810683,2026-08-03,2026-08-03 16:11:52+08:00
520530,港股通科技ETF东财,0.824,0.8266,0.31,0.007,0.86,606302.0,49933922.0,0.821,0.83,0.82,0.817,1.22,24.87,1.08,-21.43,325149.0,281153.0,2449470.0,4.91,1002402.0,2.01,1447068.0,2.9,-1914319.0,-3.83,-535150.0,-1.07,-1275.0,0.823,0.824,243776000.0,200871424,200871424,2026-08-03,2026-08-03 16:11:49+08:00
159299,金融科技ETF易方达,0.711,0.7092,-0.25,0.006,0.85,290560.0,20580658.4,0.705,0.715,0.699,0.705,2.27,4.17,0.91,40.35,118295.0,172265.0,-737321.0,-3.58,-2237061.0,-10.87,1499740.0,7.29,321260.0,1.56,416061.0,2.02,-231.0,0.711,0.713,697472976.0,495903286,495903286,2026-08-03,2026-08-03 15:34:12+08:00
512580,环保ETF广发,1.182,1.1829,0.08,0.01,0.85,56739.0,6683593.0,1.16,1.184,1.16,1.172,2.05,0.99,0.85,16.91,26177.0,30562.0,-108787.0,-1.63,-412950.0,-6.18,304163.0,4.55,83699.0,1.25,25089.0,0.38,-69.0,1.18,1.182,573271696.0,677607145,677607145,2026-08-03,2026-08-03 16:11:37+08:00
159030,粮食ETF华夏,0.827,0.8267,-0.04,0.007,0.85,47212.0,3892605.7,0.829,0.83,0.815,0.82,1.83,1.64,0.81,11.68,23578.0,23634.0,-599909.0,-15.41,-161962.0,-4.16,-437947.0,-11.25,419243.0,10.77,180667.0,4.64,51.0,0.826,0.827,287468176.0,237736182,237736182,2026-08-03,2026-08-03 15:34:03+08:00
159920,恒生ETF华夏,1.535,1.5321,-0.19,0.013,0.85,2893049.0,443179866.489,1.528,1.542,1.524,1.522,1.18,4.47,0.93,-13.01,1593796.0,1299253.0,-22092231.0,-4.98,-24071363.0,-5.43,1979132.0,0.45,6948420.0,1.57,15143812.0,3.42,9076.0,1.534,1.535,6467559168.0,9927703323,9927703323,2026-08-03,2026-08-03 15:34:03+08:00
159086,金融科技ETF广发,1.065,1.071,0.56,0.009,0.85,174342.0,18496523.661,1.056,1.075,1.044,1.056,2.94,14.01,0.16,-7.93,132473.0,41869.0,-115051.0,-0.62,-3379835.0,-18.27,3264784.0,17.65,148849.0,0.8,-33797.0,-0.18,31.0,1.063,1.065,124399823.0,132485811,132485811,2026-08-03,2026-08-03 15:34:12+08:00
562960,绿色电力ETF易方达,1.181,1.1831,0.18,0.01,0.85,344749.0,40691143.0,1.175,1.185,1.172,1.171,1.11,2.57,0.97,3.88,182408.0,162341.0,183001.0,0.45,-4160306.0,-10.22,4343307.0,10.67,-100725.0,-0.25,-82277.0,-0.2,-827.0,1.18,1.181,1339891008.0,1582411280,1582411280,2026-08-03,2026-08-03 16:11:33+08:00
513020,港股科技ETF国泰,0.962,0.9666,0.48,0.008,0.84,1650134.0,158679188.0,0.958,0.968,0.956,0.954,1.26,6.74,0.98,-6.68,851377.0,798757.0,3579298.0,2.26,5320997.0,3.35,-1741699.0,-1.1,-3048508.0,-1.92,-530791.0,-0.33,-1849.0,0.961,0.962,2449145408.0,2356077882,2356077882,2026-08-03,2026-08-03 16:11:41+08:00
560770,机器人ETF招商,0.961,0.9598,-0.13,0.008,0.84,344780.0,33279861.0,0.955,0.974,0.955,0.953,1.99,2.1,1.12,0.92,154731.0,190049.0,-5012220.0,-15.06,-9511249.0,-28.58,4499029.0,13.52,2644996.0,7.95,2367224.0,7.11,-1468.0,0.96,0.961,1639633008.0,1575687321,1575687321,2026-08-03,2026-08-03 16:11:59+08:00
159740,恒生科技ETF大成,0.605,0.6079,0.48,0.005,0.83,19036655.0,1154237677.13,0.604,0.61,0.603,0.6,1.17,7.16,0.94,-21.09,9676218.0,9360437.0,31514579.0,2.73,34211104.0,2.96,-2696525.0,-0.23,-24122107.0,-2.09,-7392471.0,-0.64,-176839.0,0.605,0.606,26603120384.0,16094887832,16094887832,2026-08-03,2026-08-03 15:34:27+08:00
513320,港股通新经济ETF易方达,1.108,1.1141,0.55,0.009,0.82,135665.0,15026959.0,1.103,1.115,1.101,1.099,1.27,15.07,0.66,10.43,65460.0,70205.0,792241.0,5.27,-110.0,0.0,792351.0,5.27,-810036.0,-5.39,17796.0,0.12,-1150.0,1.108,1.11,90010600.0,99731745,99731745,2026-08-03,2026-08-03 16:11:33+08:00
159556,中证2000增强ETF平安,1.109,1.107,-0.18,0.009,0.82,20229.0,2227900.8,1.11,1.115,1.089,1.1,2.36,13.0,1.38,35.96,9609.0,10620.0,207080.0,9.29,0.0,0.0,207080.0,9.29,-200036.0,-8.98,-7043.0,-0.32,65.0,1.101,1.111,15556089.0,17251703,17251703,2026-08-03,2026-08-03 15:34:54+08:00
513600,恒生指数ETF南方,2.842,2.8401,-0.07,0.023,0.82,706181.0,200355900.0,2.832,2.853,2.82,2.819,1.17,11.09,1.45,-22.98,372514.0,333667.0,-16315505.0,-8.14,-17246129.0,-8.61,930624.0,0.46,15906541.0,7.94,408963.0,0.2,-1591.0,2.841,2.842,636829504.0,1809869450,1809869450,2026-08-03,2026-08-03 16:11:47+08:00
513860,港股通科技ETF海富通,0.612,0.6201,1.31,0.005,0.82,3160372.0,193156773.0,0.612,0.616,0.608,0.607,1.32,9.09,1.14,-22.68,1490315.0,1670057.0,5838595.0,3.02,10533199.0,5.45,-4694604.0,-2.43,-5454697.0,-2.82,-383897.0,-0.2,-4948.0,0.611,0.612,3478470608.0,2128824012,2128824012,2026-08-03,2026-08-03 16:11:41+08:00
159536,中证2000ETF汇添富,1.263,1.2646,0.13,0.01,0.8,78093.0,9841149.6,1.249,1.266,1.249,1.253,1.36,11.28,0.36,3.12,31412.0,46681.0,282103.0,2.87,871848.0,8.86,-589745.0,-5.99,-164733.0,-1.67,-117371.0,-1.19,-287.0,1.263,1.264,69261589.0,87477387,87477387,2026-08-03,2026-08-03 15:34:18+08:00
520830,沙特ETF华泰柏瑞,0.878,0.872,-0.69,0.007,0.8,408103.0,35733406.0,0.873,0.878,0.872,0.871,0.69,3.43,1.59,34.52,312306.0,95797.0,5180336.0,14.5,3850406.0,10.78,1329930.0,3.72,-3863799.0,-10.81,-1316536.0,-3.68,-3555.0,0.877,0.878,1188119008.0,1043168489,1043168489,2026-08-03,2026-08-03 16:11:51+08:00
520940,港股通恒生ETF华安,1.027,1.0272,0.02,0.008,0.79,85977.0,8793814.0,1.026,1.029,1.019,1.019,0.98,38.56,1.11,-12.57,48482.0,37495.0,256750.0,2.92,0.0,0.0,256750.0,2.92,-289340.0,-3.29,32590.0,0.37,288.0,1.022,1.029,22297000.0,22899019,22899019,2026-08-03,2026-08-03 16:11:59+08:00
159712,港股通50ETF国泰,1.278,1.279,0.08,0.01,0.79,172876.0,22031426.8,1.271,1.285,1.269,1.268,1.26,18.05,1.78,15.27,86184.0,86692.0,-217663.0,-0.99,0.0,0.0,-217663.0,-0.99,507805.0,2.3,-290141.0,-1.32,143.0,1.277,1.278,95778813.0,122405323,122405323,2026-08-03,2026-08-03 15:34:51+08:00
512810,军工ETF华宝,0.639,0.6392,0.03,0.005,0.79,513408.0,32657992.0,0.633,0.64,0.63,0.634,1.58,4.94,0.86,-12.13,286444.0,226964.0,-1596652.0,-4.89,-3468257.0,-10.62,1871605.0,5.73,1122750.0,3.44,473901.0,1.45,-1842.0,0.638,0.639,1039583504.0,664293859,664293859,2026-08-03,2026-08-03 16:11:53+08:00
513560,香港科技ETF兴银,1.142,1.1471,0.44,0.009,0.79,613261.0,70081233.0,1.137,1.15,1.136,1.133,1.24,11.22,1.08,-79.68,325848.0,287413.0,5369604.0,7.66,3386685.0,4.83,1982919.0,2.83,-4484183.0,-6.4,-885419.0,-1.26,-5369.0,1.142,1.143,546386000.0,623972812,623972812,2026-08-03,2026-08-03 16:11:47+08:00
561010,软件ETF华安,0.9,0.9001,0.01,0.007,0.78,300551.0,27080607.0,0.893,0.915,0.889,0.893,2.91,11.2,1.85,5.93,112739.0,187812.0,-4444966.0,-16.41,-6724659.0,-24.83,2279693.0,8.42,2988291.0,11.03,1456676.0,5.38,-616.0,0.899,0.9,268356000.0,241520400,241520400,2026-08-03,2026-08-03 16:11:47+08:00
516850,新能源ETF华夏,0.902,0.9009,-0.12,0.007,0.78,112535.0,10122827.0,0.896,0.905,0.889,0.895,1.79,7.64,0.62,3.9,61028.0,51507.0,54245.0,0.54,647011.0,6.39,-592766.0,-5.86,-176308.0,-1.74,122062.0,1.21,-308.0,0.901,0.902,147237000.0,132807774,132807774,2026-08-03,2026-08-03 16:11:33+08:00
159131,港股通信息技术ETF华宝,0.908,0.9076,-0.04,0.007,0.78,21081163.0,1904413483.023,0.899,0.915,0.892,0.901,2.55,79.86,0.74,10.91,11267085.0,9814078.0,47117712.0,2.47,25278656.0,1.33,21839056.0,1.15,-41090752.0,-2.16,-6026958.0,-0.32,106783.0,0.907,0.908,2639919904.0,2397047273,2397047273,2026-08-03,2026-08-03 15:34:45+08:00
516910,物流ETF富国,1.171,1.1719,0.08,0.009,0.77,182680.0,21273143.0,1.159,1.172,1.151,1.162,1.81,22.79,1.24,27.31,94518.0,88162.0,720131.0,3.39,573809.0,2.7,146322.0,0.69,-794006.0,-3.73,73876.0,0.35,-14.0,1.17,1.171,80141800.0,93846048,93846048,2026-08-03,2026-08-03 16:11:41+08:00
562360,机器人ETF银华,1.044,1.0425,-0.14,0.008,0.77,191006.0,20017832.0,1.042,1.059,1.036,1.036,2.22,6.51,0.89,-15.9,94712.0,96294.0,-2696702.0,-13.47,-5103188.0,-25.49,2406486.0,12.02,1496145.0,7.47,1200558.0,6.0,-1048.0,1.043,1.044,293474000.0,306386856,306386856,2026-08-03,2026-08-03 16:12:01+08:00
159590,软件ETF汇添富,0.927,0.9232,-0.41,0.007,0.76,1099384.0,101873138.1,0.921,0.943,0.912,0.92,3.37,16.74,1.96,56.19,590364.0,509020.0,-22201466.0,-21.79,-30898418.0,-30.33,8696952.0,8.54,11550064.0,11.34,10651403.0,10.46,-4138.0,0.927,0.928,656861744.0,608910837,608910837,2026-08-03,2026-08-03 15:34:12+08:00
513650,标普500ETF南方,1.911,1.8315,-4.34,0.014,0.74,1230937.0,235249142.0,1.907,1.918,1.905,1.897,0.69,2.85,1.21,33.76,627839.0,603098.0,24298874.0,10.33,13529324.0,5.75,10769550.0,4.58,6628929.0,2.82,-30927803.0,-13.15,-6578.0,1.91,1.911,4321733888.0,8258833460,8258833460,2026-08-03,2026-08-03 16:11:47+08:00
159532,中证2000ETF易方达,1.497,1.4962,-0.05,0.011,0.74,439242.0,65517399.8,1.478,1.498,1.472,1.486,1.75,24.19,1.06,21.41,208768.0,230474.0,2452805.0,3.74,2503080.0,3.82,-50275.0,-0.08,-1472771.0,-2.25,-980034.0,-1.5,-2144.0,1.497,1.498,181564791.0,271802492,271802492,2026-08-03,2026-08-03 15:34:09+08:00
159711,港股通50ETF华夏,1.373,1.3739,0.07,0.01,0.73,169965.0,23264654.5,1.363,1.379,1.363,1.363,1.17,55.79,0.93,-4.25,83752.0,86213.0,1749063.0,7.52,0.0,0.0,1749063.0,7.52,-1785183.0,-7.67,36120.0,0.16,-200.0,1.37,1.373,30465157.0,41828661,41828661,2026-08-03,2026-08-03 15:34:12+08:00
512560,军工ETF易方达,0.692,0.6927,0.1,0.005,0.73,719588.0,49572773.0,0.683,0.694,0.682,0.687,1.75,7.06,0.74,4.44,393086.0,326502.0,-2040005.0,-4.12,-2523814.0,-5.09,483809.0,0.98,1118522.0,2.26,921483.0,1.86,-10755.0,0.691,0.692,1019127008.0,705235890,705235890,2026-08-03,2026-08-03 16:11:40+08:00
159867,养殖ETF鹏华,0.549,0.5456,-0.62,0.004,0.73,482364.0,26393536.5,0.544,0.552,0.541,0.545,2.02,2.85,1.01,-11.62,274532.0,207832.0,-902734.0,-3.42,-2272337.0,-8.61,1369603.0,5.19,1124102.0,4.26,-221368.0,-0.84,28278.0,0.548,0.549,1690643600.0,928163336,928163336,2026-08-03,2026-08-03 15:34:36+08:00
512660,军工ETF国泰,1.101,1.1011,0.01,0.008,0.73,2775762.0,304471300.0,1.09,1.104,1.086,1.093,1.65,4.74,0.89,-40.5,1644518.0,1131244.0,-1206750.0,-0.4,-340581.0,-0.11,-866169.0,-0.28,-6777425.0,-2.23,7984175.0,2.62,-17363.0,1.1,1.101,5858080000.0,6449746080,6449746080,2026-08-03,2026-08-03 16:11:33+08:00
561260,能源ETF工银,1.266,1.2642,-0.14,0.009,0.72,46913.0,5933266.0,1.253,1.27,1.252,1.257,1.43,15.38,1.05,2.5,24856.0,22057.0,-1245488.0,-20.99,0.0,0.0,-1245488.0,-20.99,1140820.0,19.23,104668.0,1.76,-20.0,1.263,1.266,30495200.0,38606923,38606923,2026-08-03,2026-08-03 16:11:34+08:00
513150,港股通科技ETF华泰柏瑞,0.973,0.9771,0.42,0.007,0.72,1248650.0,121456615.0,0.976,0.98,0.967,0.966,1.35,118.85,1.36,13.92,633392.0,615258.0,196010.0,0.16,1310183.0,1.08,-1114173.0,-0.92,-1005077.0,-0.83,809066.0,0.67,-13.0,0.971,0.973,105059800.0,102223185,102223185,2026-08-03,2026-08-03 16:12:02+08:00
159551,机器人ETF国泰,1.258,1.2565,-0.12,0.009,0.72,251842.0,31807534.4,1.247,1.278,1.247,1.249,2.48,8.05,1.06,-4.05,144007.0,107835.0,-2695587.0,-8.47,-7749190.0,-24.36,5053603.0,15.89,620145.0,1.95,2075443.0,6.53,730.0,1.257,1.258,312920928.0,393654527,393654527,2026-08-03,2026-08-03 15:34:33+08:00
520870,巴西ETF易方达,1.123,1.1255,0.22,0.008,0.72,292633.0,32864637.0,1.119,1.129,1.119,1.115,0.9,5.76,0.71,4.66,160805.0,131828.0,-582640.0,-1.77,-6844378.0,-20.83,6261738.0,19.05,635945.0,1.94,-53303.0,-0.16,-1670.0,1.123,1.124,508477200.0,571019896,571019896,2026-08-03,2026-08-03 16:11:52+08:00
159872,智能网联汽车ETF鹏华,0.849,0.8491,0.01,0.006,0.71,11966.0,1017634.1,0.867,0.869,0.831,0.843,4.51,2.04,1.67,62.44,9135.0,2831.0,128405.0,12.62,-28634.0,-2.81,157039.0,15.43,74388.0,7.31,-202794.0,-19.93,-67.0,0.85,0.851,58799732.0,49920972,49920972,2026-08-03,2026-08-03 15:34:24+08:00
159550,互联网ETF东财,0.847,0.851,0.47,0.006,0.71,115345.0,9793907.251,0.84,0.856,0.84,0.841,1.9,5.66,1.01,39.07,62128.0,53217.0,-216393.0,-2.21,509517.0,5.2,-725910.0,-7.41,-162866.0,-1.66,379260.0,3.87,-296.0,0.847,0.848,203828785.0,172642981,172642981,2026-08-03,2026-08-03 15:34:48+08:00
159526,机器人ETF嘉实,1.428,1.426,-0.14,0.01,0.71,306972.0,44033801.3,1.41,1.449,1.41,1.418,2.75,5.15,1.15,40.46,146805.0,160167.0,-4506847.0,-10.23,-8193481.0,-18.61,3686634.0,8.37,1921460.0,4.36,2585387.0,5.87,641.0,1.427,1.428,596462960.0,851749107,851749107,2026-08-03,2026-08-03 15:34:06+08:00
513100,纳指ETF国泰,2.127,1.914,-11.13,0.015,0.71,1022276.0,217353388.0,2.115,2.132,2.115,2.112,0.8,1.08,0.75,-14.84,581325.0,440951.0,9347475.0,4.3,5174711.0,2.38,4172764.0,1.92,-6667001.0,-3.07,-2680475.0,-1.23,-11982.0,2.126,2.127,9465110528.0,20132290093,20132290093,2026-08-03,2026-08-03 16:11:38+08:00
526050,港股通信息技术ETF招商,1.008,1.013,0.49,0.007,0.7,938941.0,94397831.0,1.003,1.018,0.995,1.001,2.3,145.28,0.76,2.79,474890.0,464051.0,5504926.0,5.83,1814315.0,1.92,3690611.0,3.91,-4913495.0,-5.21,-591430.0,-0.63,-906.0,1.007,1.008,64630000.0,65147040,65147040,2026-08-03,2026-08-03 16:11:39+08:00
159885,碳中和ETF鹏华,0.719,0.7192,0.03,0.005,0.7,1497.0,107121.1,0.733,0.733,0.708,0.714,3.5,0.06,0.28,-6.36,521.0,976.0,66237.0,61.83,0.0,0.0,66237.0,61.83,-57601.0,-53.77,-8638.0,-8.06,20.0,0.716,0.72,247467316.0,177929000,177929000,2026-08-03,2026-08-03 15:34:51+08:00
159941,纳指ETF广发,1.585,1.4337,-10.55,0.011,0.7,5617917.0,891279577.609,1.576,1.596,1.576,1.574,1.27,2.5,0.74,30.61,3146618.0,2471299.0,4285427.0,0.48,-36006016.0,-4.04,40291443.0,4.52,-6399849.0,-0.72,2114429.0,0.24,-65006.0,1.585,1.586,22513710080.0,35684230477,35684230477,2026-08-03,2026-08-03 15:34:36+08:00
159269,港股通科技ETF南方,0.865,0.8671,0.24,0.006,0.7,1616655.0,139788294.6,0.863,0.871,0.861,0.859,1.16,7.88,1.16,-4.64,835755.0,780900.0,3930129.0,2.81,1117748.0,0.8,2812381.0,2.01,-3993298.0,-2.86,63169.0,0.05,-1522.0,0.865,0.866,2051311712.0,1774384631,1774384631,2026-08-03,2026-08-03 15:34:54+08:00
159173,农牧ETF南方,0.861,0.8608,-0.02,0.006,0.7,65276.0,5628877.4,0.856,0.868,0.855,0.855,1.52,12.21,0.89,-10.67,28753.0,36523.0,-739616.0,-13.14,40848.0,0.73,-780464.0,-13.87,648594.0,11.52,91022.0,1.62,-106.0,0.86,0.865,53455388.0,46025089,46025089,2026-08-03,2026-08-03 15:34:48+08:00
515060,房地产ETF华夏,0.574,0.5724,-0.28,0.004,0.7,466272.0,26561830.0,0.568,0.574,0.564,0.57,1.75,4.92,0.59,0.6,234180.0,232092.0,263452.0,0.99,-222892.0,-0.84,486344.0,1.83,-63208.0,-0.24,-200244.0,-0.75,-1683.0,0.573,0.574,948478096.0,544426427,544426427,2026-08-03,2026-08-03 16:11:55+08:00
513730,东南亚科技ETF华泰柏瑞,1.145,1.1325,-1.1,0.008,0.7,240301.0,27508928.0,1.136,1.149,1.134,1.137,1.32,2.91,0.88,41.94,148939.0,91362.0,4102444.0,14.91,-3434406.0,-12.48,7536850.0,27.4,-2661739.0,-9.68,-1440706.0,-5.24,-382.0,1.145,1.146,826355008.0,946176484,946176484,2026-08-03,2026-08-03 16:11:54+08:00
159196,港股通信息技术ETF易方达,1.159,1.1565,-0.22,0.008,0.7,3541402.0,409374973.837,1.153,1.172,1.141,1.151,2.69,156.33,0.77,-52.91,1770405.0,1770997.0,8340189.0,2.04,20493462.0,5.01,-12153273.0,-2.97,-8230593.0,-2.01,-109596.0,-0.03,-5088.0,1.159,1.16,226530324.0,262548646,262548646,2026-08-03,2026-08-03 15:34:12+08:00
159608,稀有金属ETF广发,1.015,1.0133,-0.17,0.007,0.69,575165.0,58173172.3,1.007,1.021,0.997,1.008,2.38,1.79,0.69,-18.3,289888.0,285277.0,-2872810.0,-4.94,403378.0,0.69,-3276188.0,-5.63,1139043.0,1.96,1733767.0,2.98,-4788.0,1.015,1.016,3210410064.0,3258566215,3258566215,2026-08-03,2026-08-03 15:34:30+08:00
513400,道琼斯ETF鹏华,1.308,1.2949,-1.01,0.009,0.69,1590105.0,207718155.0,1.303,1.309,1.302,1.299,0.54,6.36,0.92,-27.0,996705.0,593400.0,-6691236.0,-3.22,-6220867.0,-2.99,-470369.0,-0.23,5027310.0,2.42,1663926.0,0.8,-12988.0,1.307,1.308,2502062000.0,3272697096,3272697096,2026-08-03,2026-08-03 16:12:02+08:00
516070,低碳ETF易方达,0.582,0.5826,0.1,0.004,0.69,40747.0,2360913.0,0.578,0.584,0.576,0.578,1.38,1.38,0.37,-4.51,16387.0,24360.0,-45312.0,-1.92,-1178794.0,-49.93,1133482.0,48.01,15839.0,0.67,29474.0,1.25,-9.0,0.582,0.583,295646000.0,172065972,172065972,2026-08-03,2026-08-03 16:11:37+08:00
562510,旅游ETF华夏,0.591,0.5905,-0.08,0.004,0.68,804362.0,47380481.0,0.588,0.592,0.585,0.587,1.19,7.67,0.96,4.6,417752.0,386610.0,-2444355.0,-5.16,-2408022.0,-5.08,-36333.0,-0.08,2702935.0,5.7,-258580.0,-0.55,-6147.0,0.59,0.591,1048595008.0,619719650,619719650,2026-08-03,2026-08-03 16:12:01+08:00
159318,恒指港股通ETF银华,1.338,1.3386,0.04,0.009,0.68,7807.0,1041144.4,1.337,1.342,1.331,1.329,0.83,5.0,1.11,-21.03,5551.0,2256.0,-99245.0,-9.53,0.0,0.0,-99245.0,-9.53,64603.0,6.2,34642.0,3.33,21.0,1.332,1.335,15601647.0,20875004,20875004,2026-08-03,2026-08-03 15:34:21+08:00
159329,沙特ETF南方,0.89,0.8832,-0.77,0.006,0.68,315949.0,28067800.7,0.884,0.89,0.884,0.884,0.68,2.53,0.9,-24.38,153799.0,162150.0,5469298.0,19.49,-1490353.0,-5.31,6959651.0,24.8,-2508446.0,-8.94,-2960852.0,-10.55,5013.0,0.889,0.89,1246689184.0,1109553374,1109553374,2026-08-03,2026-08-03 15:34:51+08:00
515900,央企创新ETF博时,1.656,1.656,0.0,0.011,0.67,25247.0,4177929.0,1.645,1.661,1.636,1.645,1.52,0.11,0.83,9.72,14377.0,10870.0,151528.0,3.63,0.0,0.0,151528.0,3.63,-71760.0,-1.72,-79767.0,-1.91,10.0,1.655,1.656,2240446496.0,3710179397,3710179397,2026-08-03,2026-08-03 16:11:52+08:00
560630,机器人ETF万家,1.092,1.0893,-0.25,0.007,0.65,174041.0,19079309.0,1.106,1.107,1.083,1.085,2.21,10.72,1.62,-12.28,87192.0,86849.0,-5693707.0,-29.84,-4546469.0,-23.83,-1147238.0,-6.01,2930186.0,15.36,2763520.0,14.48,-473.0,1.091,1.092,162394000.0,177334248,177334248,2026-08-03,2026-08-03 16:12:00+08:00
159062,稀有金属ETF南方,0.773,0.7713,-0.22,0.005,0.65,92256.0,7115826.823,0.768,0.778,0.76,0.768,2.34,7.49,0.84,3.77,43600.0,48656.0,283365.0,3.98,0.0,0.0,283365.0,3.98,-245407.0,-3.45,-37958.0,-0.53,62.0,0.772,0.773,123201256.0,95234571,95234571,2026-08-03,2026-08-03 15:34:15+08:00
159671,稀有金属ETF工银,1.247,1.2423,-0.38,0.008,0.65,278321.0,34526205.24,1.238,1.252,1.223,1.239,2.34,3.13,0.6,-72.28,101158.0,177163.0,-10426859.0,-30.2,-1991468.0,-5.77,-8435391.0,-24.43,2802753.0,8.12,7624106.0,22.08,378.0,1.246,1.247,888051744.0,1107400525,1107400525,2026-08-03,2026-08-03 15:34:54+08:00
517200,互联网ETF嘉实,0.623,0.6238,0.13,0.004,0.65,42862.0,2675117.0,0.62,0.63,0.62,0.619,1.62,3.04,1.16,18.05,24562.0,18300.0,-234371.0,-8.76,0.0,0.0,-234371.0,-8.76,75790.0,2.83,158580.0,5.93,-343.0,0.621,0.623,140782000.0,87707186,87707186,2026-08-03,2026-08-03 16:11:50+08:00
516320,高端装备ETF华夏,0.936,0.9389,0.31,0.006,0.65,28848.0,2694426.0,0.931,0.941,0.929,0.93,1.29,3.22,0.37,0.55,14500.0,14348.0,179308.0,6.65,67877.0,2.52,111431.0,4.14,-141429.0,-5.25,-37880.0,-1.41,-50.0,0.936,0.939,89589300.0,83855585,83855585,2026-08-03,2026-08-03 16:11:56+08:00
159856,互联网龙头ETF工银,0.615,0.6177,0.44,0.004,0.65,64904.0,4007078.4,0.622,0.623,0.613,0.611,1.64,1.84,1.31,43.49,36257.0,28647.0,13563.0,0.34,0.0,0.0,13563.0,0.34,46359.0,1.16,-59921.0,-1.5,-1250.0,0.614,0.615,353372480.0,217324075,217324075,2026-08-03,2026-08-03 15:34:33+08:00
159543,国证2000ETF工银,1.384,1.3805,-0.25,0.009,0.65,1182.0,162440.4,1.371,1.384,1.37,1.375,1.02,0.28,0.14,40.74,430.0,752.0,77895.0,47.95,0.0,0.0,77895.0,47.95,-57969.0,-35.69,-19925.0,-12.27,1.0,1.384,1.388,42196551.0,58400027,58400027,2026-08-03,2026-08-03 15:34:42+08:00
159617,中证500价值ETF华夏,1.402,1.4019,-0.01,0.009,0.65,24213.0,3386594.5,1.393,1.404,1.389,1.393,1.08,7.96,1.12,65.26,14748.0,9465.0,-255698.0,-7.55,0.0,0.0,-255698.0,-7.55,202896.0,5.99,52802.0,1.56,3.0,1.396,1.405,30418382.0,42646572,42646572,2026-08-03,2026-08-03 15:34:00+08:00
560210,农牧渔ETF景顺,0.792,0.7913,-0.09,0.005,0.64,49423.0,3923350.0,0.782,0.8,0.782,0.787,2.29,0.93,0.67,4.89,22413.0,27010.0,806311.0,20.55,-42450.0,-1.08,848761.0,21.63,-578879.0,-14.75,-227432.0,-5.8,-70.0,0.792,0.793,531522000.0,420965424,420965424,2026-08-03,2026-08-03 16:11:49+08:00
159188,红利100ETF景顺,0.961,0.9601,-0.09,0.006,0.63,10326.0,992454.0,0.956,0.963,0.956,0.955,0.73,1.46,0.88,35.42,5762.0,4564.0,3228.0,0.33,-11374.0,-1.15,14602.0,1.47,23363.0,2.35,-26591.0,-2.68,5.0,0.96,0.962,70601882.0,67848409,67848409,2026-08-03,2026-08-03 15:34:12+08:00
526000,港股通信息技术ETF华夏,1.113,1.1193,0.56,0.007,0.63,5457477.0,606144243.0,1.109,1.125,1.097,1.106,2.53,302.95,0.88,-0.28,2745256.0,2712221.0,8441102.0,1.39,505918.0,0.08,7935184.0,1.31,-7409070.0,-1.22,-1032038.0,-0.17,-3260.0,1.112,1.113,180142000.0,200498046,200498046,2026-08-03,2026-08-03 16:11:54+08:00
562850,央企能源ETF嘉实,1.277,1.2798,0.22,0.008,0.63,65193.0,8335210.0,1.269,1.285,1.269,1.269,1.26,3.33,0.99,0.29,35392.0,29801.0,313861.0,3.77,636000.0,7.63,-322139.0,-3.86,-364957.0,-4.38,51096.0,0.61,-8.0,1.278,1.28,195981500.0,250268376,250268376,2026-08-03,2026-08-03 16:11:52+08:00
516160,新能源ETF南方,2.451,2.4499,-0.04,0.015,0.62,479643.0,117126166.0,2.445,2.461,2.416,2.436,1.85,3.12,0.55,-11.27,242622.0,237021.0,-5304824.0,-4.53,-1506481.0,-1.29,-3798343.0,-3.24,-1962110.0,-1.68,7266935.0,6.2,-2532.0,2.45,2.451,1537142000.0,3767535042,3767535042,2026-08-03,2026-08-03 16:11:48+08:00
159660,纳指ETF汇添富,2.267,2.0915,-8.39,0.014,0.62,337802.0,76524381.304,2.258,2.273,2.256,2.253,0.75,1.5,0.72,-19.55,207112.0,130690.0,-1976674.0,-2.58,-7369617.0,-9.63,5392943.0,7.05,1896045.0,2.48,80630.0,0.11,6881.0,2.266,2.267,2250151360.0,5101093133,5101093133,2026-08-03,2026-08-03 15:34:21+08:00
159100,巴西ETF华夏,1.129,1.1279,-0.1,0.007,0.62,162122.0,18329981.264,1.125,1.132,1.125,1.122,0.62,3.59,0.68,-59.18,51000.0,111122.0,246501.0,1.34,-2826717.0,-15.42,3073218.0,16.77,598243.0,3.26,-844744.0,-4.61,-439.0,1.129,1.13,451546928.0,509796482,509796482,2026-08-03,2026-08-03 15:34:30+08:00
516090,新能源ETF易方达,0.486,0.4855,-0.1,0.003,0.62,688423.0,33323772.0,0.482,0.488,0.479,0.483,1.86,3.99,0.7,-6.1,398907.0,289516.0,-781656.0,-2.35,-1186097.0,-3.56,404441.0,1.21,207962.0,0.62,573695.0,1.72,-3395.0,0.485,0.486,1724844800.0,838274573,838274573,2026-08-03,2026-08-03 16:11:49+08:00
159501,纳指ETF嘉实,1.995,1.7975,-10.99,0.012,0.61,413870.0,82481921.1,1.985,2.0,1.984,1.983,0.81,0.62,0.76,-9.45,207577.0,206293.0,-6211913.0,-7.53,-4355614.0,-5.28,-1856299.0,-2.25,1240610.0,1.5,4971304.0,6.03,3797.0,1.994,1.995,6644986624.0,13256748315,13256748315,2026-08-03,2026-08-03 15:34:24+08:00
520750,港股通信息ETF华富,0.842,0.8475,0.65,0.005,0.6,342696.0,28794227.0,0.84,0.852,0.831,0.837,2.51,23.9,0.89,-8.61,179481.0,163215.0,1569470.0,5.45,841445.0,2.92,728025.0,2.53,-1222114.0,-4.24,-347356.0,-1.21,-242.0,0.841,0.842,143384000.0,120729328,120729328,2026-08-03,2026-08-03 16:11:42+08:00
159301,公用事业ETF华夏,1.002,1.0014,-0.06,0.006,0.6,162106.0,16224167.2,0.996,1.004,0.994,0.996,1.0,12.43,0.82,-58.73,81189.0,80917.0,812518.0,5.01,160537.0,0.99,651981.0,4.02,-636707.0,-3.92,-175812.0,-1.08,100.0,1.001,1.002,130458357.0,130719274,130719274,2026-08-03,2026-08-03 15:34:18+08:00
159850,恒生国企ETF华夏,0.838,0.8388,0.1,0.005,0.6,84846.0,7105165.4,0.837,0.843,0.832,0.833,1.32,1.69,0.6,27.44,46383.0,38463.0,35931.0,0.51,-252.0,0.0,36183.0,0.51,151816.0,2.14,-187746.0,-2.64,45.0,0.836,0.838,501706496.0,420430044,420430044,2026-08-03,2026-08-03 15:34:39+08:00
513660,恒生ETF华夏,1.534,1.5383,0.28,0.009,0.59,723387.0,110915695.0,1.532,1.545,1.526,1.525,1.25,3.52,0.69,1.51,390319.0,333068.0,-2833521.0,-2.55,3602495.0,3.25,-6436016.0,-5.8,-2353407.0,-2.12,5186928.0,4.68,-738.0,1.533,1.534,2058000208.0,3156972319,3156972319,2026-08-03,2026-08-03 16:11:54+08:00
159960,恒生中国企业ETF平安,0.858,0.856,-0.23,0.005,0.59,93978.0,8059206.8,0.858,0.863,0.854,0.853,1.06,16.91,1.08,26.51,59713.0,34265.0,431888.0,5.36,143813.0,1.78,288075.0,3.57,-463890.0,-5.76,32003.0,0.4,-106.0,0.854,0.859,55573960.0,47682458,47682458,2026-08-03,2026-08-03 15:34:48+08:00
159185,港股通信息技术ETF鹏华,1.032,1.0332,0.12,0.006,0.58,2737389.0,281888287.8,1.029,1.045,1.018,1.026,2.63,123.25,0.78,-14.19,1375271.0,1362118.0,1305888.0,0.46,-10188161.0,-3.61,11494049.0,4.08,-356574.0,-0.13,-949313.0,-0.34,3414.0,1.031,1.032,222099035.0,229206204,229206204,2026-08-03,2026-08-03 15:34:00+08:00
159513,纳斯达克100ETF大成,1.73,1.5993,-8.17,0.01,0.58,615559.0,106386189.726,1.721,1.735,1.721,1.72,0.81,1.39,0.78,-22.66,321308.0,294251.0,2370623.0,2.23,2945445.0,2.77,-574822.0,-0.54,2277238.0,2.14,-4647861.0,-4.37,-5036.0,1.73,1.731,4429549056.0,7663119867,7663119867,2026-08-03,2026-08-03 15:34:00+08:00
159055,稀有金属ETF富国,0.861,0.8589,-0.24,0.005,0.58,85328.0,7325502.978,0.859,0.867,0.845,0.856,2.57,6.92,0.95,-33.85,41238.0,44090.0,188698.0,2.58,728063.0,9.94,-539365.0,-7.36,-266765.0,-3.64,78067.0,1.07,254.0,0.86,0.861,123293952.0,106156093,106156093,2026-08-03,2026-08-03 15:34:12+08:00
513300,纳斯达克ETF华夏,2.593,2.3751,-9.17,0.015,0.58,1156071.0,299372273.0,2.584,2.598,2.58,2.578,0.7,2.2,0.69,-87.07,622077.0,533994.0,2832611.0,0.95,13918441.0,4.65,-11085830.0,-3.7,-816322.0,-0.27,-2016290.0,-0.67,-27455.0,2.593,2.594,5254420992.0,13624713632,13624713632,2026-08-03,2026-08-03 16:11:35+08:00
159696,纳指ETF易方达,1.955,1.7814,-9.75,0.011,0.57,338773.0,66119155.6,1.949,1.96,1.945,1.944,0.77,1.24,0.72,-5.97,204139.0,134634.0,1160076.0,1.75,2471702.0,3.74,-1311626.0,-1.98,2779397.0,4.2,-3939473.0,-5.96,-2440.0,1.955,1.956,2727824032.0,5332895983,5332895983,2026-08-03,2026-08-03 15:34:42+08:00
159270,创业板200ETF南方,1.05,1.0499,-0.01,0.006,0.57,72908.0,7640940.5,1.034,1.054,1.034,1.044,1.92,8.21,0.54,14.81,35420.0,37488.0,892682.0,11.68,0.0,0.0,892682.0,11.68,-857714.0,-11.23,-34968.0,-0.46,142.0,1.05,1.052,88763649.0,93201831,93201831,2026-08-03,2026-08-03 15:34:57+08:00
159790,碳中和ETF华夏,0.708,0.7082,0.03,0.004,0.57,450536.0,31901275.008,0.701,0.711,0.701,0.704,1.42,2.78,0.73,-64.72,247038.0,203498.0,-7651324.0,-23.98,-8565189.0,-26.85,913865.0,2.86,3994823.0,12.52,3656501.0,11.46,-2.0,0.708,0.709,1620528480.0,1147334164,1147334164,2026-08-03,2026-08-03 15:34:57+08:00
159632,纳斯达克ETF华安,2.352,2.1739,-8.19,0.013,0.56,1097576.0,257963399.77,2.343,2.359,2.342,2.339,0.73,2.24,0.8,19.59,638219.0,459357.0,-4198414.0,-1.63,13611967.0,5.28,-17810381.0,-6.9,3229846.0,1.25,968568.0,0.38,-8242.0,2.352,2.353,4902720768.0,11531199246,11531199246,2026-08-03,2026-08-03 15:34:00+08:00
515230,软件ETF国泰,0.724,0.7238,-0.03,0.004,0.56,5079771.0,368351912.0,0.715,0.738,0.715,0.72,3.19,6.88,1.35,51.76,2599575.0,2480196.0,-51304136.0,-13.93,-54149117.0,-14.7,2844981.0,0.77,34231109.0,9.29,17073025.0,4.63,-32040.0,0.724,0.725,7380690944.0,5343620243,5343620243,2026-08-03,2026-08-03 16:11:39+08:00
159745,建材ETF国泰,0.538,0.5368,-0.22,0.003,0.56,1290470.0,69150727.357,0.535,0.538,0.532,0.535,1.12,9.6,1.51,-17.55,387982.0,902488.0,-2621064.0,-3.79,16832957.0,24.34,-19454021.0,-28.13,866290.0,1.25,1754775.0,2.54,9693.0,0.537,0.538,1343688272.0,722904290,722904290,2026-08-03,2026-08-03 15:34:33+08:00
561790,央企能源ETF博时,1.275,1.274,-0.08,0.007,0.55,12744.0,1626793.0,1.266,1.28,1.264,1.268,1.26,2.17,1.38,2.91,5053.0,7691.0,170743.0,10.5,0.0,0.0,170743.0,10.5,-133481.0,-8.21,-37263.0,-2.29,3.0,1.275,1.276,58734000.0,74885850,74885850,2026-08-03,2026-08-03 16:11:56+08:00
159505,国证2000ETF博时,1.47,1.4705,0.03,0.008,0.55,43676.0,6421691.3,1.465,1.478,1.462,1.462,1.09,21.72,1.19,-3.24,20786.0,22890.0,-495722.0,-7.72,0.0,0.0,-495722.0,-7.72,440582.0,6.86,55140.0,0.86,20.0,1.464,1.47,20104786.0,29554035,29554035,2026-08-03,2026-08-03 15:34:24+08:00
159565,汽车零部件ETF易方达,1.292,1.2891,-0.22,0.007,0.54,195375.0,25211549.9,1.283,1.301,1.282,1.285,1.48,13.51,0.92,-42.21,88765.0,106610.0,1797003.0,7.13,-422653.0,-1.68,2219656.0,8.8,-2125653.0,-8.43,328650.0,1.3,218.0,1.291,1.294,144627231.0,186858382,186858382,2026-08-03,2026-08-03 15:34:57+08:00
561800,稀有金属ETF华富,0.95,0.9493,-0.07,0.005,0.53,96418.0,9132632.0,0.942,0.956,0.935,0.945,2.22,4.42,0.68,-0.67,41900.0,54518.0,-272288.0,-2.98,0.0,0.0,-272288.0,-2.98,18685.0,0.2,253604.0,2.78,-113.0,0.949,0.95,218077200.0,207173340,207173340,2026-08-03,2026-08-03 16:11:48+08:00
513990,港股通ETF招商,1.138,1.1481,0.88,0.006,0.53,144317.0,16432352.0,1.152,1.154,1.132,1.132,1.94,27.23,1.89,15.15,59647.0,84670.0,301535.0,1.84,822161.0,5.0,-520626.0,-3.17,-377714.0,-2.3,76178.0,0.46,-22.0,1.137,1.138,53000000.0,60314000,60314000,2026-08-03,2026-08-03 16:11:43+08:00
159507,通信ETF广发,0.759,0.7604,0.18,0.004,0.53,866080.0,65548432.2,0.739,0.772,0.739,0.755,4.37,9.72,0.87,-6.81,446564.0,419516.0,1839553.0,2.81,5789346.0,8.83,-3949793.0,-6.03,-422156.0,-0.64,-1417396.0,-2.16,-3487.0,0.759,0.761,890830896.0,676140650,676140650,2026-08-03,2026-08-03 15:34:57+08:00
159875,新能源ETF嘉实,0.58,0.5803,0.05,0.003,0.52,864243.0,50071376.9,0.577,0.583,0.572,0.577,1.91,3.21,0.69,-28.17,452142.0,412101.0,2584920.0,5.16,5682324.0,11.35,-3097404.0,-6.19,-1434108.0,-2.86,-1150812.0,-2.3,5233.0,0.579,0.58,2695662896.0,1563484480,1563484480,2026-08-03,2026-08-03 15:34:45+08:00
159036,软件开发ETF华宝,0.964,0.9634,-0.06,0.005,0.52,469076.0,45209514.639,0.952,0.98,0.95,0.959,3.13,14.62,2.95,-1.89,329288.0,139788.0,-3635744.0,-8.04,-5842088.0,-12.92,2206344.0,4.88,2448820.0,5.42,1186924.0,2.63,-283.0,0.964,0.967,320740160.0,309193514,309193514,2026-08-03,2026-08-03 15:34:06+08:00
159198,港股通信息技术ETF富国,1.162,1.1624,0.03,0.006,0.52,1857430.0,215120400.4,1.154,1.175,1.145,1.156,2.6,174.66,0.78,-17.46,916070.0,941360.0,5388741.0,2.5,-1829361.0,-0.85,7218102.0,3.36,-8048802.0,-3.74,2660060.0,1.24,6062.0,1.161,1.162,106344347.0,123572131,123572131,2026-08-03,2026-08-03 15:34:24+08:00
516750,建材ETF富国,0.587,0.5859,-0.19,0.003,0.51,142517.0,8335765.0,0.581,0.587,0.581,0.584,1.03,9.46,1.2,6.46,74187.0,68330.0,-232261.0,-2.79,-1029373.0,-12.35,797112.0,9.56,171436.0,2.06,60825.0,0.73,-1399.0,0.585,0.587,150667300.0,88441705,88441705,2026-08-03,2026-08-03 16:11:39+08:00
512200,房地产ETF南方,1.194,1.1917,-0.19,0.006,0.51,704934.0,83648246.0,1.184,1.195,1.176,1.188,1.6,2.53,0.65,-10.85,328273.0,376661.0,-6076825.0,-7.26,1313027.0,1.57,-7389852.0,-8.83,6869833.0,8.21,-793009.0,-0.95,-2669.0,1.194,1.195,2786597904.0,3327197897,3327197897,2026-08-03,2026-08-03 16:11:53+08:00
159805,传媒ETF鹏华,1.195,1.19,-0.42,0.006,0.5,753931.0,90049785.0,1.18,1.216,1.173,1.189,3.62,26.09,1.77,36.75,345752.0,408179.0,-406047.0,-0.45,2739325.0,3.04,-3145372.0,-3.49,-4615692.0,-5.13,5021740.0,5.58,442.0,1.194,1.195,288952480.0,345298214,345298214,2026-08-03,2026-08-03 15:34:42+08:00
516670,畜牧养殖ETF招商,0.604,0.602,-0.33,0.003,0.5,617680.0,37286679.0,0.6,0.609,0.598,0.601,1.83,1.86,1.35,-11.66,327203.0,290477.0,-4661792.0,-12.5,-6404431.0,-17.18,1742639.0,4.67,4887795.0,13.11,-226004.0,-0.61,-2137.0,0.603,0.604,3316266304.0,2003024848,2003024848,2026-08-03,2026-08-03 16:11:52+08:00
526030,港股通信息技术ETF汇添富,0.817,0.822,0.61,0.004,0.49,589490.0,48019183.0,0.808,0.824,0.806,0.813,2.21,33.41,1.01,24.1,309974.0,279516.0,3342909.0,6.96,-259080.0,-0.54,3601989.0,7.5,-2809274.0,-5.85,-533636.0,-1.11,-2649.0,0.816,0.817,176465000.0,144171905,144171905,2026-08-03,2026-08-03 16:11:48+08:00
159187,创业板新能源ETF景顺,0.828,0.8255,-0.3,0.004,0.49,70910.0,5845581.3,0.825,0.831,0.819,0.824,1.46,12.62,1.11,3.37,31817.0,39093.0,97965.0,1.68,503822.0,8.62,-405857.0,-6.94,-25223.0,-0.43,-72743.0,-1.24,21.0,0.824,0.828,56176266.0,46513948,46513948,2026-08-03,2026-08-03 15:34:09+08:00
159695,通信ETF嘉实,0.832,0.8335,0.18,0.004,0.48,747573.0,62188109.6,0.81,0.846,0.808,0.828,4.59,8.66,0.87,-58.82,406039.0,341534.0,3015939.0,4.85,5138910.0,8.26,-2122971.0,-3.41,-1758986.0,-2.83,-1256952.0,-2.02,-2236.0,0.832,0.833,863436256.0,718378965,718378965,2026-08-03,2026-08-03 15:34:39+08:00
562910,高端制造ETF易方达,0.834,0.8362,0.26,0.004,0.48,364168.0,30402211.0,0.828,0.839,0.826,0.83,1.57,9.86,0.91,0.61,264302.0,99866.0,-551827.0,-1.82,-5878413.0,-19.34,5326586.0,17.52,282364.0,0.93,269464.0,0.89,-626.0,0.834,0.835,369227296.0,307935565,307935565,2026-08-03,2026-08-03 16:11:58+08:00
560410,电池ETF鹏华,0.832,0.8314,-0.07,0.004,0.48,11691.0,972236.0,0.828,0.844,0.821,0.828,2.78,1.78,0.41,0.82,7552.0,4139.0,-301512.0,-31.01,6470.0,0.67,-307982.0,-31.68,244914.0,25.19,56599.0,5.82,-372.0,0.831,0.832,65786100.0,54734035,54734035,2026-08-03,2026-08-03 16:12:01+08:00
513390,纳指100ETF博时,2.326,2.1482,-8.28,0.011,0.48,394523.0,91726369.0,2.317,2.335,2.317,2.315,0.78,1.9,0.53,61.01,223115.0,171409.0,7493396.0,8.17,6759575.0,7.37,733821.0,0.8,-7514543.0,-8.19,21148.0,0.02,-4978.0,2.326,2.328,2073379104.0,4822679796,4822679796,2026-08-03,2026-08-03 16:11:55+08:00
515680,央企创新ETF嘉实,1.683,1.6853,0.14,0.008,0.48,18811.0,3167041.0,1.691,1.842,1.645,1.675,11.76,0.17,0.59,7.0,10831.0,7980.0,-224330.0,-7.08,6925.0,0.22,-231255.0,-7.3,167499.0,5.29,56830.0,1.79,486.0,1.681,1.686,1102264704.0,1855111497,1855111497,2026-08-03,2026-08-03 16:11:48+08:00
510900,恒生中国企业ETF易方达,1.07,1.0715,0.14,0.005,0.47,1565810.0,167488843.0,1.07,1.078,1.064,1.065,1.31,4.55,0.97,-29.76,881379.0,684431.0,7976306.0,4.76,11836841.0,7.07,-3860535.0,-2.3,-7236666.0,-4.32,-739640.0,-0.44,-1799.0,1.069,1.07,3444021904.0,3685103437,3685103437,2026-08-03,2026-08-03 16:12:00+08:00
159335,央企科创ETF融通,1.499,1.4955,-0.23,0.007,0.47,9948.0,1485584.8,1.491,1.5,1.482,1.492,1.21,1.59,0.45,20.42,2877.0,7071.0,-229924.0,-15.48,0.0,0.0,-229924.0,-15.48,313609.0,21.11,-83684.0,-5.63,-105.0,1.499,1.5,62483689.0,93663050,93663050,2026-08-03,2026-08-03 15:34:33+08:00
513110,纳指ETF华泰柏瑞,2.375,2.1985,-8.03,0.011,0.47,689944.0,163871868.0,2.367,2.385,2.366,2.364,0.8,3.16,0.76,39.73,351976.0,337968.0,8991083.0,5.49,1600257.0,0.98,7390826.0,4.51,-2378079.0,-1.45,-6613005.0,-4.04,-4452.0,2.375,2.376,2180435008.0,5178533144,5178533144,2026-08-03,2026-08-03 16:11:59+08:00
520710,港股通信息技术ETF广发,0.851,0.8551,0.48,0.004,0.47,908910.0,77093683.0,0.849,0.86,0.839,0.847,2.48,78.33,0.97,-3.55,466181.0,442729.0,2776667.0,3.6,-194165.0,-0.25,2970832.0,3.85,-2322959.0,-3.01,-453709.0,-0.59,-240.0,0.85,0.851,116029000.0,98740679,98740679,2026-08-03,2026-08-03 16:11:49+08:00
159023,养殖ETF万家,1.06,1.0583,-0.16,0.005,0.47,22963.0,2433720.569,1.059,1.07,1.053,1.055,1.61,5.77,0.39,-76.16,8725.0,14238.0,-130656.0,-5.37,0.0,0.0,-130656.0,-5.37,130519.0,5.36,136.0,0.01,166.0,1.056,1.06,39777943.0,42164620,42164620,2026-08-03,2026-08-03 15:34:57+08:00
513870,纳指ETF富国,1.986,1.8225,-8.97,0.009,0.46,433632.0,86066982.0,1.982,1.992,1.978,1.977,0.71,3.2,0.82,-1.77,245080.0,188552.0,-8857889.0,-10.29,-8629835.0,-10.03,-228054.0,-0.26,7257152.0,8.43,1600735.0,1.86,-3993.0,1.985,1.986,1355671008.0,2692362622,2692362622,2026-08-03,2026-08-03 16:11:48+08:00
513210,恒生ETF易方达,1.542,1.5478,0.37,0.007,0.46,48727.0,7511752.0,1.539,1.553,1.533,1.535,1.3,10.84,1.03,4.94,27485.0,21242.0,-332071.0,-4.42,0.0,0.0,-332071.0,-4.42,206015.0,2.74,126056.0,1.68,-1040.0,1.542,1.545,44942000.0,69300564,69300564,2026-08-03,2026-08-03 16:11:33+08:00
159103,金融科技ETF汇添富,0.673,0.6729,-0.01,0.003,0.45,103727.0,6960973.5,0.67,0.678,0.662,0.67,2.39,3.2,0.75,15.51,46381.0,57346.0,512141.0,7.36,236961.0,3.4,275180.0,3.95,-552002.0,-7.93,39860.0,0.57,1209.0,0.672,0.673,324406768.0,218325755,218325755,2026-08-03,2026-08-03 15:34:24+08:00
159659,纳斯达克100ETF招商,2.245,2.0669,-8.62,0.01,0.45,806304.0,180875457.0,2.238,2.252,2.236,2.235,0.72,1.78,0.84,0.92,486313.0,319991.0,-2401569.0,-1.33,-3880686.0,-2.15,1479117.0,0.82,6695551.0,3.7,-4293983.0,-2.37,-4160.0,2.245,2.246,4519744000.0,10146825280,10146825280,2026-08-03,2026-08-03 15:34:48+08:00
159175,电池ETF易方达,0.893,0.8901,-0.33,0.004,0.45,260575.0,23141868.484,0.89,0.897,0.875,0.889,2.47,4.96,0.6,2.57,118597.0,141978.0,-943269.0,-4.08,-637657.0,-2.76,-305612.0,-1.32,515527.0,2.23,427743.0,1.85,113.0,0.892,0.893,525270384.0,469066453,469066453,2026-08-03,2026-08-03 15:34:06+08:00
159108,工业软件ETF博时,0.932,0.9278,-0.45,0.004,0.43,58198.0,5426411.6,0.928,0.942,0.925,0.928,1.83,4.7,0.54,11.21,20516.0,37682.0,-115624.0,-2.13,-1307760.0,-24.1,1192136.0,21.97,-655349.0,-12.08,770974.0,14.21,-55.0,0.932,0.935,123738511.0,115324292,115324292,2026-08-03,2026-08-03 15:34:24+08:00
520580,新兴亚洲ETF招商,0.959,0.9507,-0.87,0.004,0.42,48051.0,4605442.0,0.959,0.961,0.955,0.955,0.63,1.65,1.53,11.42,20813.0,27238.0,404672.0,8.79,-790916.0,-17.17,1195588.0,25.96,-93502.0,-2.03,-311170.0,-6.76,-100.0,0.959,0.96,290983904.0,279053564,279053564,2026-08-03,2026-08-03 16:11:44+08:00
562700,汽车零部件ETF华夏,1.192,1.1914,-0.05,0.005,0.42,141484.0,16864499.0,1.192,1.202,1.187,1.187,1.26,14.04,1.22,-30.53,65413.0,76071.0,-442453.0,-2.62,-650007.0,-3.85,207554.0,1.23,-116744.0,-0.69,559197.0,3.32,-17.0,1.192,1.193,100750000.0,120094000,120094000,2026-08-03,2026-08-03 16:11:45+08:00
561320,交运ETF国泰,0.966,0.9687,0.28,0.004,0.42,37602.0,3630611.0,0.962,0.97,0.958,0.962,1.25,7.32,0.4,12.92,25763.0,11840.0,-22296.0,-0.61,-137574.0,-3.79,115278.0,3.18,77233.0,2.13,-54937.0,-1.51,-100.0,0.966,0.969,51369000.0,49622454,49622454,2026-08-03,2026-08-03 16:12:02+08:00
520820,恒指港股通ETF汇添富,0.947,0.951,0.42,0.004,0.42,7848.0,741793.0,0.951,0.952,0.942,0.943,1.06,1.23,0.57,3.57,3029.0,4819.0,39131.0,5.28,0.0,0.0,39131.0,5.28,-43251.0,-5.83,4122.0,0.56,-563.0,0.947,0.948,63682000.0,60306854,60306854,2026-08-03,2026-08-03 16:11:59+08:00
159707,地产ETF华宝,0.489,0.4892,0.04,0.002,0.41,953276.0,46277454.8,0.486,0.49,0.479,0.487,2.26,7.58,0.66,3.6,505094.0,448182.0,-1219451.0,-2.64,794498.0,1.72,-2013949.0,-4.35,69512.0,0.15,1149940.0,2.48,-3322.0,0.489,0.49,1257048208.0,614696574,614696574,2026-08-03,2026-08-03 15:34:33+08:00
159126,港股通50ETF南方,0.971,0.9728,0.19,0.004,0.41,138172.0,13392564.82,0.969,0.976,0.967,0.967,0.93,5.6,1.18,-49.73,79403.0,58769.0,53294.0,0.4,-3376528.0,-25.21,3429822.0,25.61,-48061.0,-0.36,-5234.0,-0.04,4.0,0.968,0.973,246616546.0,239464666,239464666,2026-08-03,2026-08-03 15:34:42+08:00
159899,软件ETF招商,0.738,0.7383,0.04,0.003,0.41,463551.0,34264507.0,0.738,0.752,0.73,0.735,2.99,5.73,1.12,46.34,232676.0,230875.0,-5745208.0,-16.77,-6049006.0,-17.65,303798.0,0.89,3260440.0,9.52,2484768.0,7.25,1751.0,0.737,0.738,808977728.0,597025563,597025563,2026-08-03,2026-08-03 15:34:33+08:00
512260,中证500低波动ETF华安,1.936,1.9433,0.38,0.008,0.41,4374.0,848256.0,1.935,1.945,1.934,1.928,0.57,2.05,0.25,-9.62,412.0,3962.0,-32828.0,-3.87,0.0,0.0,-32828.0,-3.87,44574.0,5.25,-11746.0,-1.38,-6.0,1.936,1.942,21297700.0,41232347,41232347,2026-08-03,2026-08-03 16:11:59+08:00
159788,港股通100ETF易方达,1.241,1.2434,0.19,0.005,0.4,107388.0,13320966.8,1.237,1.249,1.235,1.236,1.13,15.25,1.24,34.99,59347.0,48041.0,169828.0,1.27,0.0,0.0,169828.0,1.27,-369735.0,-2.78,199907.0,1.5,35.0,1.24,1.241,70424965.0,87397382,87397382,2026-08-03,2026-08-03 15:34:18+08:00
516530,物流ETF银华,1.006,1.0088,0.28,0.004,0.4,7166.0,719676.0,0.999,1.009,0.997,1.002,1.2,4.03,1.02,19.51,5319.0,1847.0,-83011.0,-11.53,56983.0,7.92,-139994.0,-19.45,29351.0,4.08,53658.0,7.46,-1.0,1.005,1.008,17802300.0,17909114,17909114,2026-08-03,2026-08-03 16:11:44+08:00
516190,传媒ETF华夏,1.026,1.0237,-0.22,0.004,0.39,432758.0,44605640.0,1.022,1.049,1.012,1.022,3.62,39.41,2.1,0.13,200917.0,231841.0,-3423202.0,-7.67,-6459178.0,-14.48,3035976.0,6.81,696277.0,1.56,2726924.0,6.11,-3460.0,1.025,1.026,109818500.0,112673781,112673781,2026-08-03,2026-08-03 16:11:48+08:00
159365,恒指港股通ETF富国,1.021,1.0217,0.07,0.004,0.39,22561.0,2302633.054,1.023,1.027,1.016,1.017,1.08,4.41,1.19,23.08,11065.0,11496.0,45948.0,2.0,0.0,0.0,45948.0,2.0,-68962.0,-2.99,23014.0,1.0,59.0,1.02,1.021,51162398.0,52236808,52236808,2026-08-03,2026-08-03 15:34:03+08:00
159575,创业板200ETF银华,1.321,1.3212,0.02,0.005,0.38,11247.0,1484402.4,1.324,1.325,1.314,1.316,0.84,11.95,0.88,24.28,6048.0,5199.0,-126550.0,-8.53,0.0,0.0,-126550.0,-8.53,117205.0,7.9,9345.0,0.63,5.0,1.324,1.326,9410425.0,12431171,12431171,2026-08-03,2026-08-03 15:34:09+08:00
159719,国企ETF平安,1.627,1.6278,0.05,0.006,0.37,11412.0,1855420.6,1.621,1.634,1.619,1.621,0.93,4.2,0.52,4.75,4505.0,6907.0,28154.0,1.52,0.0,0.0,28154.0,1.52,-12065.0,-0.65,-16090.0,-0.87,800.0,1.626,1.627,27195986.0,44247869,44247869,2026-08-03,2026-08-03 15:34:12+08:00
159553,中证2000增强ETF海富通,1.647,1.6505,0.21,0.006,0.37,1974.0,324635.6,1.636,1.649,1.636,1.641,0.79,1.21,0.17,58.8,1157.0,817.0,-94788.0,-29.2,0.0,0.0,-94788.0,-29.2,207344.0,63.87,-112556.0,-34.67,-15.0,1.647,1.654,16326751.0,26890159,26890159,2026-08-03,2026-08-03 15:34:51+08:00
159147,电池ETF南方,0.845,0.8393,-0.68,0.003,0.36,360963.0,30319852.7,0.856,0.856,0.83,0.842,3.09,1.76,0.76,87.19,193220.0,167743.0,-450199.0,-1.48,-1701022.0,-5.61,1250823.0,4.13,1000938.0,3.3,-550739.0,-1.82,-646.0,0.845,0.846,2055909552.0,1737243571,1737243571,2026-08-03,2026-08-03 15:34:57+08:00
159053,稀有金属ETF华夏,0.845,0.8461,0.13,0.003,0.36,116633.0,9858726.7,0.843,0.852,0.833,0.842,2.26,7.35,0.77,-6.47,43939.0,72694.0,625623.0,6.35,26374.0,0.27,599249.0,6.08,-634433.0,-6.44,8812.0,0.09,-153.0,0.845,0.846,158698132.0,134099922,134099922,2026-08-03,2026-08-03 15:34:06+08:00
513550,港股通50ETF华泰柏瑞,1.162,1.1636,0.14,0.004,0.35,462726.0,53774821.0,1.164,1.171,1.158,1.158,1.12,2.77,0.99,-31.04,227875.0,234851.0,1851632.0,3.44,705121.0,1.31,1146511.0,2.13,-3747489.0,-6.97,1895856.0,3.53,-5663.0,1.161,1.162,1668992000.0,1939368704,1939368704,2026-08-03,2026-08-03 16:12:00+08:00
159766,旅游ETF富国,0.581,0.5816,0.1,0.002,0.35,3085034.0,178833111.32,0.579,0.582,0.576,0.579,1.04,5.68,0.85,-7.5,1536028.0,1549006.0,-3360911.0,-1.88,6931320.0,3.88,-10292231.0,-5.76,3580291.0,2.0,-219381.0,-0.12,31189.0,0.58,0.581,5435140864.0,3157816842,3157816842,2026-08-03,2026-08-03 15:34:27+08:00
512980,传媒ETF广发,0.853,0.8514,-0.19,0.003,0.35,8815552.0,751584608.0,0.843,0.87,0.831,0.85,4.59,17.98,2.15,14.34,4095809.0,4719743.0,-37083638.0,-4.93,1951616.0,0.26,-39035254.0,-5.19,13644962.0,1.82,23438669.0,3.12,-23731.0,0.852,0.853,4903424512.0,4182621109,4182621109,2026-08-03,2026-08-03 16:11:37+08:00
159787,建材ETF易方达,0.596,0.5959,-0.02,0.002,0.34,19193.0,1140931.8,0.593,0.598,0.589,0.594,1.52,1.4,0.39,20.65,10769.0,8424.0,12965.0,1.14,-5989.0,-0.52,18954.0,1.66,-25047.0,-2.2,12082.0,1.06,529.0,0.595,0.596,137521633.0,81962893,81962893,2026-08-03,2026-08-03 15:34:54+08:00
562800,稀有金属ETF嘉实,0.879,0.879,0.0,0.003,0.34,2176999.0,191298944.0,0.876,0.886,0.866,0.876,2.28,3.81,1.11,0.54,976111.0,1200888.0,-11103128.0,-5.8,12332954.0,6.45,-23436082.0,-12.25,2364374.0,1.24,8738754.0,4.57,-8772.0,0.879,0.88,5716345088.0,5024667332,5024667332,2026-08-03,2026-08-03 16:11:56+08:00
159985,豆粕ETF华夏,2.094,2.052,-2.05,0.007,0.34,2550343.0,531604624.608,2.084,2.102,2.067,2.087,1.68,16.6,0.85,-11.03,1287422.0,1262921.0,2844119.0,0.54,-26493816.0,-4.98,29337935.0,5.52,-3331515.0,-0.63,487395.0,0.09,9381.0,2.093,2.094,1536724064.0,3217900190,3217900190,2026-08-03,2026-08-03 15:34:54+08:00
159312,恒指港股通ETF广发,1.206,1.2088,0.23,0.004,0.33,17366.0,2093751.7,1.201,1.213,1.199,1.202,1.16,5.23,0.86,2.93,8852.0,8514.0,139933.0,6.68,0.0,0.0,139933.0,6.68,10563.0,0.5,-150496.0,-7.19,-195.0,1.206,1.207,33224353.0,40068570,40068570,2026-08-03,2026-08-03 15:34:45+08:00
562080,300现金流ETF华宝,0.624,0.6224,-0.26,0.002,0.32,553860.0,34528174.0,0.633,0.634,0.619,0.622,2.41,8.87,1.41,2.33,323024.0,230836.0,-3927095.0,-11.37,-3457186.0,-10.01,-469909.0,-1.36,3779634.0,10.95,147461.0,0.43,-4.0,0.622,0.624,624757200.0,389848493,389848493,2026-08-03,2026-08-03 16:11:48+08:00
520770,恒指港股通ETF建信,0.956,0.9605,0.47,0.003,0.31,45543.0,4352879.0,0.959,0.962,0.952,0.953,1.05,2.12,1.49,1.59,26860.0,18683.0,126096.0,2.9,0.0,0.0,126096.0,2.9,-172662.0,-3.97,46566.0,1.07,-26.0,0.956,0.959,214373800.0,204941353,204941353,2026-08-03,2026-08-03 16:11:55+08:00
513240,港股通信息技术ETF华安,0.958,0.9643,0.65,0.003,0.31,1671109.0,159962330.0,0.956,0.969,0.947,0.955,2.3,127.08,0.78,-49.5,838962.0,832147.0,6402399.0,4.0,-1614626.0,-1.01,8017025.0,5.01,-5472425.0,-3.42,-929976.0,-0.58,-10593.0,0.958,0.959,131496000.0,125973168,125973168,2026-08-03,2026-08-03 16:11:50+08:00
560590,中证1000增强ETF鹏华,1.32,1.3199,-0.01,0.004,0.3,39865.0,5257160.0,1.316,1.329,1.309,1.316,1.52,12.57,1.31,-4.7,16386.0,23479.0,101894.0,1.94,-364635.0,-6.94,466529.0,8.87,-141583.0,-2.69,39688.0,0.75,18.0,1.32,1.323,31710000.0,41857200,41857200,2026-08-03,2026-08-03 16:11:38+08:00
515600,央企创新ETF广发,1.673,1.6736,0.04,0.005,0.3,7200.0,1205098.0,1.71,1.71,1.65,1.668,3.6,0.07,0.23,-13.37,1522.0,5678.0,-47666.0,-3.96,-109098.0,-9.05,61432.0,5.1,66200.0,5.49,-18534.0,-1.54,-10.0,1.675,1.676,1037797408.0,1736235064,1736235064,2026-08-03,2026-08-03 16:11:33+08:00
516860,金融科技ETF博时,1.084,1.0846,0.06,0.003,0.28,504556.0,54559031.0,1.073,1.094,1.07,1.081,2.22,4.21,0.71,-19.11,214270.0,290286.0,-4605083.0,-8.44,2627913.0,4.82,-7232996.0,-13.26,3549918.0,6.51,1055165.0,1.93,-2909.0,1.083,1.084,1199522000.0,1300281848,1300281848,2026-08-03,2026-08-03 16:11:37+08:00
159852,软件ETF嘉实,0.714,0.7137,-0.04,0.002,0.28,16551191.0,1189890998.179,0.71,0.73,0.71,0.712,2.81,13.87,1.95,54.18,9079000.0,7472191.0,-157162816.0,-13.21,-182802640.0,-15.36,25639824.0,2.15,108265521.0,9.1,48897294.0,4.11,-49591.0,0.714,0.715,11929623808.0,8517751399,8517751399,2026-08-03,2026-08-03 15:34:48+08:00
159387,创业板新能源ETF国泰,0.713,0.712,-0.14,0.002,0.28,4000457.0,284845775.2,0.709,0.717,0.705,0.711,1.69,26.13,0.87,19.39,1959022.0,2041435.0,10754378.0,3.78,-1693800.0,-0.59,12448178.0,4.37,-8140019.0,-2.86,-2614359.0,-0.92,1320.0,0.712,0.713,1531189648.0,1091738219,1091738219,2026-08-03,2026-08-03 15:34:12+08:00
516970,基建ETF广发,1.107,1.104,-0.27,0.003,0.27,452711.0,50081185.0,1.102,1.11,1.101,1.104,0.82,3.91,0.97,-2.2,261405.0,191306.0,1161577.0,2.32,11658154.0,23.28,-10496577.0,-20.96,-1452465.0,-2.9,290887.0,0.58,-1196.0,1.105,1.107,1159042496.0,1283060043,1283060043,2026-08-03,2026-08-03 16:11:56+08:00
159045,稀有金属ETF大成,0.756,0.7563,0.04,0.002,0.27,42081.0,3186498.562,0.76,0.762,0.745,0.754,2.25,2.33,0.71,-32.54,24483.0,17598.0,133786.0,4.2,758000.0,23.79,-624214.0,-19.59,-150913.0,-4.74,17126.0,0.54,40.0,0.756,0.757,180330213.0,136329641,136329641,2026-08-03,2026-08-03 15:34:06+08:00
159306,汽车零部件ETF平安,1.141,1.1405,-0.04,0.003,0.26,27223.0,3113294.3,1.141,1.15,1.135,1.138,1.32,11.71,2.71,61.09,15378.0,11845.0,-852826.0,-27.39,-1406423.0,-45.17,553597.0,17.78,288701.0,9.27,564125.0,18.12,88.0,1.143,1.146,23244616.0,26522107,26522107,2026-08-03,2026-08-03 15:34:21+08:00
560520,红利低波100ETF大成,1.141,1.1411,0.01,0.003,0.26,3277.0,373815.0,1.141,1.145,1.139,1.138,0.53,0.63,0.68,7.85,3196.0,81.0,51308.0,13.73,0.0,0.0,51308.0,13.73,-80426.0,-21.51,29120.0,7.79,4.0,1.138,1.144,51751000.0,59047891,59047891,2026-08-03,2026-08-03 16:11:38+08:00
159336,央企红利ETF融通,1.197,1.2003,0.27,0.003,0.25,75671.0,9071850.8,1.197,1.203,1.188,1.194,1.26,1.53,1.81,-41.21,51131.0,24540.0,-76671.0,-0.85,-2255471.0,-24.86,2178800.0,24.02,137938.0,1.52,-61267.0,-0.68,-41.0,1.197,1.2,493905088.0,591204390,591204390,2026-08-03,2026-08-03 15:34:42+08:00
512640,金融地产ETF嘉实,2.422,2.4228,0.03,0.006,0.25,26089.0,6309827.0,2.392,2.59,2.378,2.416,8.77,12.0,2.86,-6.31,12871.0,13218.0,95978.0,1.52,0.0,0.0,95978.0,1.52,-5242.0,-0.08,-90736.0,-1.44,1.0,2.416,2.425,21740900.0,52656460,52656460,2026-08-03,2026-08-03 16:11:51+08:00
561050,稀有金属ETF易方达,0.814,0.8132,-0.1,0.002,0.25,77569.0,6306974.0,0.808,0.82,0.801,0.812,2.34,3.31,0.77,-10.02,20097.0,57472.0,224026.0,3.55,574709.0,9.11,-350683.0,-5.56,-171459.0,-2.72,-52567.0,-0.83,-31.0,0.813,0.814,234250000.0,190679500,190679500,2026-08-03,2026-08-03 16:11:51+08:00
159275,农牧渔ETF华宝,0.832,0.8336,0.19,0.002,0.24,77129.0,6436377.7,0.829,0.841,0.826,0.83,1.81,2.97,0.77,-1.46,35856.0,41273.0,-516921.0,-8.03,0.0,0.0,-516921.0,-8.03,636254.0,9.89,-119333.0,-1.85,-39.0,0.832,0.833,259302909.0,215740020,215740020,2026-08-03,2026-08-03 15:34:09+08:00
159172,养殖ETF汇添富,0.828,0.8275,-0.06,0.002,0.24,133547.0,11093239.581,0.826,0.837,0.823,0.826,1.69,3.29,0.84,68.43,75277.0,58270.0,-366348.0,-3.3,1193941.0,10.76,-1560289.0,-14.07,340764.0,3.07,25585.0,0.23,-423.0,0.828,0.83,405829296.0,336026657,336026657,2026-08-03,2026-08-03 15:34:21+08:00
159165,养殖ETF永赢,0.86,0.8602,0.02,0.002,0.23,51654.0,4450458.9,0.858,0.869,0.856,0.858,1.52,4.51,0.63,-16.66,27817.0,23837.0,208124.0,4.68,0.0,0.0,208124.0,4.68,-96306.0,-2.16,-111818.0,-2.51,158.0,0.859,0.86,114571257.0,98531281,98531281,2026-08-03,2026-08-03 15:34:42+08:00
159886,机械ETF富国,0.924,0.9236,-0.04,0.002,0.22,58765.0,5427361.7,0.922,0.931,0.915,0.922,1.74,8.37,1.0,4.14,25773.0,32992.0,-218579.0,-4.03,-413391.0,-7.62,194812.0,3.59,106743.0,1.97,111837.0,2.06,122.0,0.923,0.924,70242555.0,64904121,64904121,2026-08-03,2026-08-03 15:34:54+08:00
159974,央企创新ETF富国,1.79,1.7895,-0.03,0.004,0.22,2861.0,512661.4,1.785,1.793,1.785,1.786,0.45,0.73,0.26,0.39,2414.0,447.0,-268515.0,-52.38,0.0,0.0,-268515.0,-52.38,235017.0,45.84,33499.0,6.53,1.0,1.785,1.797,39432422.0,70584035,70584035,2026-08-03,2026-08-03 15:34:27+08:00
561250,稀有金属ETF鹏华,0.955,0.9589,0.41,0.002,0.21,14973.0,1429702.0,0.953,0.965,0.936,0.953,3.04,0.85,0.35,-89.93,7354.0,7620.0,-7892.0,-0.55,0.0,0.0,-7892.0,-0.55,7836.0,0.55,56.0,0.0,-4.0,0.954,0.957,176752200.0,168798351,168798351,2026-08-03,2026-08-03 16:12:00+08:00
159619,基建ETF国泰,0.97,0.9706,0.06,0.002,0.21,17541.0,1700262.2,0.97,0.974,0.967,0.968,0.72,2.25,0.43,38.25,9935.0,7606.0,41479.0,2.44,0.0,0.0,41479.0,2.44,34860.0,2.05,-76338.0,-4.49,10.0,0.969,0.97,77981007.0,75641577,75641577,2026-08-03,2026-08-03 15:34:00+08:00
562870,证券ETF嘉实,0.939,0.9366,-0.26,0.002,0.21,62624.0,5844349.0,0.928,0.939,0.926,0.937,1.39,1.09,0.47,20.72,36515.0,26109.0,-464794.0,-7.95,8073.0,0.14,-472867.0,-8.09,137316.0,2.35,327478.0,5.6,-785.0,0.936,0.939,574505200.0,539460383,539460383,2026-08-03,2026-08-03 16:11:43+08:00
563980,800红利低波ETF鑫元,1.004,1.005,0.1,0.002,0.2,30842.0,3096267.0,1.002,1.008,1.002,1.002,0.6,1.6,0.38,17.03,21470.0,9372.0,-292147.0,-9.44,199000.0,6.43,-491147.0,-15.86,176204.0,5.69,115942.0,3.74,19.0,1.003,1.004,192967000.0,193738868,193738868,2026-08-03,2026-08-03 16:11:33+08:00
159641,碳中和ETF招商,0.999,0.9988,-0.02,0.002,0.2,58028.0,5790815.4,0.997,1.004,0.992,0.997,1.2,6.4,1.28,-31.69,27478.0,30550.0,41639.0,0.72,-400.0,-0.01,42039.0,0.73,-9600.0,-0.17,-32039.0,-0.55,1.0,0.998,1.003,90719131.0,90628412,90628412,2026-08-03,2026-08-03 15:34:12+08:00
526070,恒指港股通ETF博时,1.009,1.0153,0.62,0.002,0.2,68957.0,6969171.0,1.012,1.016,1.007,1.007,0.89,11.23,0.61,26.94,40018.0,28939.0,660026.0,9.47,-706526.0,-10.14,1366552.0,19.61,-609946.0,-8.75,-50080.0,-0.72,-42.0,1.009,1.011,61377000.0,61929393,61929393,2026-08-03,2026-08-03 16:11:37+08:00
515290,银行ETF天弘,1.495,1.4967,0.11,0.003,0.2,577270.0,85876550.0,1.487,1.501,1.456,1.492,3.02,2.04,0.47,-42.28,350616.0,226654.0,-856536.0,-1.0,-3300845.0,-3.84,2444309.0,2.85,264502.0,0.31,592035.0,0.69,-1914.0,1.494,1.495,2831572896.0,4233201480,4233201480,2026-08-03,2026-08-03 16:11:58+08:00
159041,农业ETF鹏华,1.012,1.0129,0.09,0.002,0.2,112393.0,11453565.656,1.01,1.025,1.003,1.01,2.18,10.86,1.18,-70.74,77607.0,34786.0,2135329.0,18.64,2782816.0,24.3,-647487.0,-5.65,-2013578.0,-17.58,-121750.0,-1.06,400.0,1.011,1.012,103471832.0,104713494,104713494,2026-08-03,2026-08-03 15:34:57+08:00
159981,能源化工ETF建信,1.488,1.489,0.07,0.003,0.2,1858225.0,276329116.148,1.475,1.502,1.468,1.485,2.29,10.62,0.86,3.3,977336.0,880889.0,-3152901.0,-1.14,-1829961.0,-0.66,-1322940.0,-0.48,5846030.0,2.12,-2693128.0,-0.97,5466.0,1.487,1.488,1750536960.0,2604798996,2604798996,2026-08-03,2026-08-03 15:34:39+08:00
517090,央企共赢ETF国泰,1.62,1.6215,0.09,0.003,0.19,33593.0,5443418.0,1.6,1.628,1.6,1.617,1.73,5.89,1.2,-5.3,13593.0,20000.0,75104.0,1.38,0.0,0.0,75104.0,1.38,141503.0,2.6,-216607.0,-3.98,-64.0,1.62,1.621,57075000.0,92461500,92461500,2026-08-03,2026-08-03 16:11:50+08:00
516100,金融科技ETF华夏,1.053,1.0539,0.09,0.002,0.19,407903.0,42746457.0,1.045,1.063,1.04,1.051,2.19,3.65,0.93,-7.67,182673.0,225230.0,-2461844.0,-5.76,-5997360.0,-14.03,3535516.0,8.27,1454605.0,3.4,1007240.0,2.36,-2658.0,1.053,1.054,1118759696.0,1178053960,1178053960,2026-08-03,2026-08-03 16:11:49+08:00
159865,养殖ETF国泰,0.536,0.5362,0.04,0.001,0.19,3032359.0,163133318.771,0.534,0.543,0.532,0.535,2.06,2.55,1.06,15.61,1524378.0,1507981.0,5651326.0,3.46,7972915.0,4.89,-2321589.0,-1.42,-3975994.0,-2.44,-1675331.0,-1.03,-15747.0,0.536,0.537,11888455680.0,6372212244,6372212244,2026-08-03,2026-08-03 15:34:42+08:00
563890,国企红利ETF创金合信,1.073,1.0729,-0.01,0.002,0.19,8859.0,951791.0,1.072,1.078,1.072,1.071,0.56,3.57,2.36,10.66,1289.0,7570.0,177784.0,18.68,0.0,0.0,177784.0,18.68,-189519.0,-19.91,11735.0,1.23,18.0,1.073,1.076,24836000.0,26649028,26649028,2026-08-03,2026-08-03 16:11:43+08:00
515480,红利低波100ETF南方,1.105,1.1049,-0.01,0.002,0.18,48107.0,5312792.0,1.1,1.111,1.1,1.103,1.0,15.86,0.73,-9.5,29725.0,18381.0,124131.0,2.34,625483.0,11.77,-501352.0,-9.44,-196154.0,-3.69,72025.0,1.36,-200.0,1.105,1.107,30340700.0,33526474,33526474,2026-08-03,2026-08-03 16:11:49+08:00
159752,新能源ETF申万菱信,0.591,0.5901,-0.15,0.001,0.17,51725.0,3051738.3,0.59,0.596,0.585,0.59,1.86,1.22,0.37,26.92,27446.0,24279.0,-108820.0,-3.57,-271844.0,-8.91,163024.0,5.34,158959.0,5.21,-50139.0,-1.64,288.0,0.59,0.591,423958912.0,250559717,250559717,2026-08-03,2026-08-03 15:34:03+08:00
159933,金融地产ETF国投瑞银,2.95,2.9459,-0.14,0.005,0.17,273.0,80179.2,2.945,2.95,2.919,2.945,1.05,0.08,0.46,7.23,112.0,161.0,15501.0,19.33,0.0,0.0,15501.0,19.33,-12949.0,-16.15,-2552.0,-3.18,1.0,2.938,2.949,36378943.0,107317882,107317882,2026-08-03,2026-08-03 15:34:21+08:00
159687,亚太精选ETF南方,1.803,1.8118,0.49,0.003,0.17,986570.0,177060842.2,1.771,1.806,1.771,1.8,1.94,6.11,0.44,-68.28,521024.0,465546.0,16493813.0,9.32,-689211.0,-0.39,17183024.0,9.7,-7163439.0,-4.05,-9330374.0,-5.27,10172.0,1.802,1.803,1615728656.0,2913158767,2913158767,2026-08-03,2026-08-03 15:34:30+08:00
510650,金融地产ETF华夏,2.958,2.959,0.03,0.005,0.17,3914.0,1153381.0,2.949,2.958,2.933,2.953,0.85,3.42,0.27,-27.92,2833.0,1081.0,50192.0,4.35,0.0,0.0,50192.0,4.35,-46594.0,-4.04,-3598.0,-0.31,2.0,2.959,2.961,11452500.0,33876495,33876495,2026-08-03,2026-08-03 16:11:38+08:00
159629,中证1000ETF富国,2.96,2.9641,0.14,0.005,0.17,1832774.0,542219421.812,2.933,2.977,2.933,2.955,1.49,19.77,0.81,89.45,846668.0,986106.0,-32285665.0,-5.95,-76296278.0,-14.07,44010613.0,8.12,35203118.0,6.49,-2917454.0,-0.54,-741.0,2.96,2.961,927252656.0,2744667862,2744667862,2026-08-03,2026-08-03 15:34:57+08:00
159368,创业板新能源ETF华夏,0.646,0.6445,-0.23,0.001,0.16,2707004.0,174576045.7,0.643,0.65,0.636,0.645,2.17,23.05,0.93,-10.0,1140577.0,1566427.0,197377.0,0.11,25125804.0,14.39,-24928427.0,-14.28,-632126.0,-0.36,434748.0,0.25,2002.0,0.645,0.646,1174579680.0,758778473,758778473,2026-08-03,2026-08-03 15:34:03+08:00
159851,金融科技ETF华宝,0.632,0.6324,0.06,0.001,0.16,2698922.0,169937200.83,0.63,0.638,0.623,0.631,2.38,2.57,0.62,-16.43,1267938.0,1430984.0,-3999994.0,-2.35,11936404.0,7.02,-15936398.0,-9.38,-48324.0,-0.03,4048319.0,2.38,-14885.0,0.632,0.633,10503904256.0,6638467490,6638467490,2026-08-03,2026-08-03 15:34:30+08:00
159940,金融地产ETF广发,1.226,1.2288,0.23,0.002,0.16,824517.0,100745245.48,1.222,1.228,1.214,1.224,1.14,21.93,5.7,67.45,307542.0,516975.0,-651870.0,-0.65,49577166.0,49.21,-50229036.0,-49.86,588557.0,0.58,63313.0,0.06,-20.0,1.223,1.226,376059984.0,461049540,461049540,2026-08-03,2026-08-03 15:34:36+08:00
562900,农业ETF易方达,0.685,0.6845,-0.07,0.001,0.15,157579.0,10837370.0,0.681,0.693,0.681,0.684,1.75,7.11,1.1,3.43,79022.0,78557.0,634074.0,5.85,30956.0,0.29,603118.0,5.57,-636558.0,-5.87,2484.0,0.02,-661.0,0.684,0.685,221706300.0,151868816,151868816,2026-08-03,2026-08-03 16:11:38+08:00
563670,金融科技ETF鹏华,0.681,0.6831,0.31,0.001,0.15,13763.0,935662.0,0.674,0.689,0.674,0.68,2.21,0.74,0.48,-33.2,7219.0,6544.0,-297264.0,-31.77,0.0,0.0,-297264.0,-31.77,171095.0,18.29,126170.0,13.48,-183.0,0.679,0.681,186987000.0,127338147,127338147,2026-08-03,2026-08-03 16:11:49+08:00
159845,中证1000ETF华夏,2.944,2.9459,0.06,0.004,0.14,9248294.0,2725205640.863,2.921,2.965,2.92,2.94,1.53,17.76,0.7,-31.09,4880906.0,4367388.0,50007696.0,1.84,-158567920.0,-5.82,208575616.0,7.65,-67310607.0,-2.47,17302885.0,0.63,6047.0,2.943,2.944,5208425728.0,15333605343,15333605343,2026-08-03,2026-08-03 15:34:03+08:00
560910,电池ETF华泰柏瑞,0.745,0.7443,-0.09,0.001,0.13,139421.0,10397247.0,0.745,0.75,0.733,0.744,2.28,6.65,0.71,17.81,65873.0,73548.0,-337063.0,-3.24,-117926.0,-1.13,-219137.0,-2.11,258770.0,2.49,78293.0,0.75,-136.0,0.744,0.745,209721000.0,156242145,156242145,2026-08-03,2026-08-03 16:11:55+08:00
563570,金融科技ETF兴业,0.743,0.7425,-0.07,0.001,0.13,147502.0,10953071.0,0.743,0.748,0.733,0.742,2.02,14.0,0.87,5.07,68967.0,78535.0,-266902.0,-2.44,77428.0,0.71,-344330.0,-3.14,178964.0,1.63,87939.0,0.8,-352.0,0.741,0.743,105374000.0,78292882,78292882,2026-08-03,2026-08-03 16:11:50+08:00
159827,农业ETF银华,0.787,0.7851,-0.24,0.001,0.13,22743.0,1793461.0,0.78,0.793,0.777,0.786,2.04,2.45,0.49,45.28,19505.0,3238.0,-431050.0,-24.03,-31326.0,-1.75,-399724.0,-22.29,375336.0,20.93,55715.0,3.11,-22.0,0.787,0.788,92716463.0,72967856,72967856,2026-08-03,2026-08-03 15:34:39+08:00
515150,一带一路ETF富国,1.535,1.5346,-0.03,0.002,0.13,13457.0,2061455.0,1.533,1.537,1.527,1.533,0.65,0.34,1.08,-1.33,6306.0,7151.0,-55916.0,-2.71,-906113.0,-43.96,850197.0,41.24,63397.0,3.08,-7481.0,-0.36,2.0,1.532,1.535,397703200.0,610474412,610474412,2026-08-03,2026-08-03 16:11:49+08:00
562930,软件ETF易方达,0.742,0.7415,-0.07,0.001,0.13,2395510.0,178850499.0,0.735,0.76,0.735,0.741,3.37,17.09,2.7,33.2,1257232.0,1138278.0,-36845084.0,-20.6,-40405188.0,-22.59,3560104.0,1.99,22855707.0,12.78,13989377.0,7.82,-10866.0,0.742,0.743,1401437008.0,1039866260,1039866260,2026-08-03,2026-08-03 16:11:42+08:00
517180,中国国企ETF南方,1.531,1.5348,0.25,0.002,0.13,60403.0,9254077.0,1.527,1.539,1.517,1.529,1.44,5.62,0.76,-0.65,28511.0,31892.0,-155262.0,-1.68,-769830.0,-8.32,614568.0,6.64,-324646.0,-3.51,479909.0,5.19,-44.0,1.532,1.533,107496300.0,164576835,164576835,2026-08-03,2026-08-03 16:11:42+08:00
159613,信息安全ETF嘉实,0.866,0.8644,-0.19,0.001,0.12,142618.0,12421748.3,0.866,0.878,0.861,0.865,1.97,11.54,1.03,43.13,66589.0,76029.0,-413082.0,-3.33,1753000.0,14.11,-2166082.0,-17.44,-250774.0,-2.02,663856.0,5.34,-1.0,0.866,0.867,123590217.0,107029128,107029128,2026-08-03,2026-08-03 15:34:18+08:00
159076,创业板新能源ETF华宝,0.825,0.8259,0.11,0.001,0.12,154539.0,12769083.904,0.817,0.831,0.817,0.824,1.7,5.76,0.81,36.64,74339.0,80200.0,58817.0,0.46,-804839.0,-6.3,863656.0,6.76,-37805.0,-0.3,-21012.0,-0.16,-60.0,0.825,0.83,268373015.0,221407737,221407737,2026-08-03,2026-08-03 15:34:33+08:00
159149,创业板新能源ETF工银,0.831,0.8301,-0.11,0.001,0.12,102144.0,8465541.1,0.824,0.835,0.823,0.83,1.45,16.88,0.85,0.58,53109.0,49035.0,-15849.0,-0.19,489946.0,5.79,-505795.0,-5.97,62661.0,0.74,-46812.0,-0.55,29.0,0.828,0.83,60515298.0,50288213,50288213,2026-08-03,2026-08-03 15:34:00+08:00
159931,金融地产ETF汇添富,1.885,1.8904,0.29,0.002,0.11,4465.0,838037.9,1.902,1.938,1.849,1.883,4.73,2.44,1.16,52.69,2359.0,2106.0,-451265.0,-53.85,0.0,0.0,-451265.0,-53.85,408059.0,48.69,43206.0,5.16,490.0,1.885,1.893,18328511.0,34549243,34549243,2026-08-03,2026-08-03 15:34:09+08:00
517330,长江保护ETF易方达,0.95,0.9522,0.23,0.001,0.11,2507.0,238381.0,0.949,0.952,0.946,0.949,0.63,0.01,0.09,-13.52,2390.0,117.0,12917.0,5.42,0.0,0.0,12917.0,5.42,0.0,0.0,-12916.0,-5.42,84.0,0.949,0.951,1808169008.0,1717760558,1717760558,2026-08-03,2026-08-03 16:11:49+08:00
159954,恒生中国企业ETF南方,0.943,0.9439,0.1,0.001,0.11,85740.0,8125440.0,0.96,0.962,0.94,0.942,2.34,4.45,1.82,6.43,39129.0,46611.0,268114.0,3.3,547185.0,6.73,-279071.0,-3.43,-339658.0,-4.18,71543.0,0.88,-9.0,0.943,0.947,192605083.0,181626593,181626593,2026-08-03,2026-08-03 15:34:42+08:00
560420,食品ETF前海开源,0.938,0.9397,0.18,0.001,0.11,7920.0,746254.0,0.924,0.949,0.924,0.937,2.67,0.57,0.28,10.34,2928.0,4992.0,211869.0,28.39,0.0,0.0,211869.0,28.39,-97467.0,-13.06,-114403.0,-15.33,40.0,0.938,0.94,138780200.0,130175828,130175828,2026-08-03,2026-08-03 16:11:41+08:00
562010,绿色能源ETF华宝,0.879,0.8775,-0.17,0.001,0.11,7057.0,618063.0,0.895,0.895,0.866,0.878,3.3,3.66,0.66,-24.65,4814.0,2243.0,-49095.0,-7.94,0.0,0.0,-49095.0,-7.94,-17065.0,-2.76,66160.0,10.7,25.0,0.875,0.879,19298700.0,16963557,16963557,2026-08-03,2026-08-03 16:11:52+08:00
517100,沪港深500ETF富国,1.019,1.0221,0.3,0.001,0.1,13352.0,1360149.0,1.018,1.023,1.016,1.018,0.69,0.9,0.4,-1.71,5198.0,8154.0,-108720.0,-7.99,0.0,0.0,-108720.0,-7.99,121960.0,8.97,-13240.0,-0.97,-1963.0,1.017,1.019,148102100.0,150916040,150916040,2026-08-03,2026-08-03 16:11:38+08:00
516440,工程机械ETF南方,0.984,0.9837,-0.03,0.001,0.1,83877.0,8268358.0,0.985,0.993,0.975,0.983,1.83,5.44,0.88,-2.81,52241.0,31637.0,54027.0,0.65,492000.0,5.95,-437973.0,-5.3,-56162.0,-0.68,2135.0,0.03,50.0,0.982,0.984,154126600.0,151660574,151660574,2026-08-03,2026-08-03 16:11:35+08:00
562990,碳中和ETF易方达,0.972,0.9713,-0.07,0.001,0.1,55491.0,5379001.0,0.972,0.974,0.962,0.971,1.24,1.44,1.01,-6.24,28983.0,26508.0,530182.0,9.86,-249727.0,-4.64,779909.0,14.5,-395615.0,-7.35,-134568.0,-2.5,-1.0,0.972,0.973,384756000.0,373982832,373982832,2026-08-03,2026-08-03 16:11:41+08:00
159011,养殖ETF华安,1.051,1.0527,0.16,0.001,0.1,37835.0,3990833.82,1.054,1.064,1.047,1.05,1.62,10.66,0.7,52.65,18588.0,19247.0,-240386.0,-6.02,587295.0,14.72,-827681.0,-20.74,180547.0,4.52,59839.0,1.5,-10.0,1.051,1.055,35505168.0,37315932,37315932,2026-08-03,2026-08-03 15:34:51+08:00
159099,云计算ETF华宝,0.974,0.9715,-0.26,0.001,0.1,130723.0,12761498.716,0.971,0.99,0.964,0.973,2.67,4.9,0.43,27.68,62656.0,68066.0,171827.0,1.35,-153941.0,-1.21,325768.0,2.55,-593818.0,-4.65,421991.0,3.31,59.0,0.974,0.975,266610546.0,259678672,259678672,2026-08-03,2026-08-03 15:34:42+08:00
159271,恒生ETF鹏华,0.979,0.9834,0.45,0.001,0.1,189516.0,18557388.8,0.979,0.986,0.976,0.978,1.02,4.89,1.06,-30.13,92087.0,97429.0,7427677.0,40.03,2510899.0,13.53,4916778.0,26.49,-7515164.0,-40.5,87487.0,0.47,-65.0,0.979,0.981,387386736.0,379251615,379251615,2026-08-03,2026-08-03 15:34:15+08:00
512100,中证1000ETF南方,2.867,2.8757,0.3,0.003,0.1,12090694.0,3472108739.0,2.85,2.89,2.849,2.864,1.43,10.6,0.53,-5.45,5658820.0,6431874.0,-116682912.0,-3.36,-348597776.0,-10.04,231914864.0,6.68,103212720.0,2.97,13470186.0,0.39,-48538.0,2.866,2.867,11401217536.0,32687290676,32687290676,2026-08-03,2026-08-03 16:11:40+08:00
560920,工程机械ETF招商,1.015,1.0147,-0.03,0.001,0.1,36355.0,3688357.0,1.004,1.022,1.004,1.014,1.78,6.94,0.82,-10.59,16099.0,20256.0,385673.0,10.46,152240.0,4.13,233433.0,6.33,-244974.0,-6.64,-140699.0,-3.81,-2544.0,1.014,1.015,52373300.0,53158900,53158900,2026-08-03,2026-08-03 16:11:54+08:00
560150,红利低波ETF泰康,1.151,1.1517,0.06,0.001,0.09,61542.0,7081958.0,1.151,1.157,1.129,1.15,2.43,0.9,1.45,-1.98,23772.0,37770.0,617730.0,8.72,-50715.0,-0.72,668445.0,9.44,-277566.0,-3.92,-340163.0,-4.8,-101.0,1.15,1.151,682279296.0,785303470,785303470,2026-08-03,2026-08-03 16:11:54+08:00
159980,有色ETF大成,2.123,2.1247,0.08,0.002,0.09,1628315.0,345267976.0,2.121,2.129,2.115,2.121,0.66,6.11,1.17,-21.91,980024.0,648291.0,-43958308.0,-12.73,-74065834.0,-21.45,30107526.0,8.72,18450974.0,5.34,25507333.0,7.39,2647.0,2.122,2.123,2666824784.0,5661669016,5661669016,2026-08-03,2026-08-03 15:34:51+08:00
516520,智能驾驶ETF华泰柏瑞,1.055,1.0509,-0.39,0.001,0.09,668574.0,70470379.0,1.05,1.062,1.048,1.054,1.33,8.6,1.53,26.76,417633.0,250941.0,-38134538.0,-54.11,-18654472.0,-26.47,-19480066.0,-27.64,12190399.0,17.3,25944138.0,36.82,-2030.0,1.054,1.055,777765504.0,820542607,820542607,2026-08-03,2026-08-03 16:11:48+08:00
159307,红利低波100ETF博时,1.064,1.0654,0.13,0.001,0.09,881769.0,93915975.872,1.062,1.073,1.06,1.063,1.22,1.23,0.74,-44.72,421955.0,459814.0,9433425.0,10.04,9050319.0,9.64,383106.0,0.41,-4666214.0,-4.97,-4767210.0,-5.08,-4505.0,1.064,1.065,7153903616.0,7611753447,7611753447,2026-08-03,2026-08-03 15:34:12+08:00
159207,高股息ETF广发,1.192,1.1933,0.11,0.001,0.08,1067726.0,127385820.904,1.186,1.2,1.185,1.191,1.26,5.15,0.89,-4.85,467721.0,600005.0,11440897.0,8.98,17360993.0,13.63,-5920096.0,-4.65,-12513441.0,-9.82,1072544.0,0.84,1604.0,1.191,1.192,2074483344.0,2472784146,2472784146,2026-08-03,2026-08-03 15:34:21+08:00
512040,价值ETF富国,1.226,1.2243,-0.14,0.001,0.08,1826078.0,223826351.0,1.222,1.233,1.22,1.225,1.06,4.54,1.0,49.0,807106.0,1018972.0,-11404028.0,-5.1,-2042399.0,-0.91,-9361629.0,-4.18,3640785.0,1.63,7763242.0,3.47,-3789.0,1.224,1.226,4025715904.0,4935527698,4935527698,2026-08-03,2026-08-03 16:11:35+08:00
159628,国证2000ETF万家,1.278,1.2787,0.05,0.001,0.08,442209.0,56498488.6,1.274,1.284,1.272,1.277,0.94,12.41,0.61,-21.78,226889.0,215320.0,3409077.0,6.03,3845260.0,6.81,-436183.0,-0.77,-3214521.0,-5.69,-194557.0,-0.34,1091.0,1.277,1.278,356283248.0,455329991,455329991,2026-08-03,2026-08-03 15:34:09+08:00
560810,央企ESGETF融通,1.264,1.2642,0.02,0.001,0.08,1370.0,173231.0,1.263,1.275,1.255,1.263,1.58,0.07,0.09,5.22,210.0,1160.0,82845.0,47.82,0.0,0.0,82845.0,47.82,-55110.0,-31.81,-27735.0,-16.01,-1.0,1.264,1.266,190116000.0,240306624,240306624,2026-08-03,2026-08-03 16:11:46+08:00
563020,红利低波ETF易方达,1.196,1.1969,0.08,0.001,0.08,2594563.0,310103718.0,1.192,1.203,1.188,1.195,1.26,2.32,0.87,-34.56,1336297.0,1258265.0,24881361.0,8.02,31147148.0,10.04,-6265787.0,-2.02,-20536012.0,-6.62,-4345351.0,-1.4,-5564.0,1.195,1.196,11182909952.0,13374760303,13374760303,2026-08-03,2026-08-03 16:12:00+08:00
159573,创业板200ETF华夏,1.356,1.3578,0.13,0.001,0.07,117185.0,15878943.859,1.35,1.362,1.342,1.355,1.48,13.71,0.7,4.83,61127.0,56058.0,566831.0,3.57,0.0,0.0,566831.0,3.57,-310262.0,-1.95,-256570.0,-1.62,-10.0,1.356,1.357,85456297.0,115878739,115878739,2026-08-03,2026-08-03 15:34:33+08:00
560010,中证1000ETF广发,2.942,2.9455,0.12,0.002,0.07,2757983.0,811936889.0,2.93,2.96,2.926,2.94,1.16,10.69,0.82,45.88,1394653.0,1363330.0,-37885309.0,-4.67,-40201808.0,-4.95,2316499.0,0.29,38473024.0,4.74,-587715.0,-0.07,-1730.0,2.942,2.943,2580621696.0,7592189030,7592189030,2026-08-03,2026-08-03 16:11:40+08:00
159890,云计算ETF招商,1.702,1.6986,-0.2,0.001,0.06,169393.0,29032857.9,1.695,1.735,1.69,1.701,2.65,7.01,0.76,78.12,86603.0,82790.0,-2770608.0,-9.54,-1943716.0,-6.69,-826892.0,-2.85,775809.0,2.67,1994798.0,6.87,-255.0,1.702,1.703,241590688.0,411187351,411187351,2026-08-03,2026-08-03 15:34:00+08:00
515020,银行ETF华夏,1.781,1.7828,0.1,0.001,0.06,753087.0,133506981.0,1.77,1.788,1.757,1.78,1.74,17.48,0.89,3.42,350132.0,402955.0,4852676.0,3.63,4404781.0,3.3,447895.0,0.34,-1748528.0,-1.31,-3104147.0,-2.33,-1516.0,1.78,1.781,430845296.0,767335472,767335472,2026-08-03,2026-08-03 16:11:35+08:00
159008,证券ETF景顺,1.033,1.0312,-0.17,0.0,0.0,60399.0,6215772.001,1.028,1.034,1.011,1.033,2.23,5.13,0.89,74.03,32194.0,28205.0,-213379.0,-3.43,784153.0,12.62,-997532.0,-16.05,-88399.0,-1.42,301778.0,4.86,-1.0,1.033,1.034,117784531.0,121671421,121671421,2026-08-03,2026-08-03 15:34:48+08:00
511850,招商财富宝ETF,100.005,,-0.01,-0.004,0.0,5946.0,59456579.0,100.003,100.005,100.0,100.009,0.01,6.67,0.62,17.39,2592.0,3353.0,-4134499.0,-6.95,-2704275.0,-4.55,-1430224.0,-2.41,4759912.0,8.01,-625413.0,-1.05,-102.0,100.004,100.005,8920500.0,892094603,892094603,2026-08-03,2026-08-03 16:11:53+08:00
511860,货币ETF博时,100.002,,0.0,-0.001,0.0,1347.0,13470693.0,100.002,100.004,100.002,100.003,0.0,29.38,2.35,37.41,1332.0,15.0,30298.0,0.22,30298.0,0.22,0.0,0.0,2.0,0.0,-30300.0,-0.22,0.0,100.002,100.005,458500.0,45850917,45850917,2026-08-03,2026-08-03 16:11:45+08:00
511910,融通货币ETF,100.0,,0.0,-0.001,0.0,2.0,20100.0,100.001,100.001,100.0,100.001,0.0,0.24,0.2,-20.1,1.0,1.0,0.0,0.0,0.0,0.0,0.0,0.0,10000.0,49.75,-10000.0,-49.75,0.0,98.593,100.001,83200.0,8320000,8320000,2026-08-03,2026-08-03 16:12:02+08:00
511920,货币ETF广发,100.004,,0.0,0.0,0.0,46.0,460041.0,100.01,100.01,100.004,100.004,0.01,1.43,0.29,-40.0,4.0,42.0,-30001.0,-6.52,0.0,0.0,-30001.0,-6.52,90007.0,19.56,-60006.0,-13.04,1.0,97.269,100.004,322700.0,32271291,32271291,2026-08-03,2026-08-03 16:11:45+08:00
511930,货币ETF国联,99.999,,0.0,-0.004,0.0,10.0,100102.0,99.998,100.005,99.998,100.003,0.01,0.52,0.07,-11.21,3.0,7.0,0.0,0.0,0.0,0.0,0.0,0.0,3.0,0.0,-3.0,0.0,-5.0,99.996,100.005,191100.0,19109809,19109809,2026-08-03,2026-08-03 16:11:59+08:00
511950,添利货币ETF广发,100.0,,0.0,-0.003,0.0,31.0,310012.0,99.999,100.005,99.999,100.003,0.01,0.94,0.92,-27.27,15.0,16.0,0.0,0.0,0.0,0.0,0.0,0.0,110005.0,35.48,-110005.0,-35.48,-2.0,100.0,100.007,329800.0,32980000,32980000,2026-08-03,2026-08-03 16:11:35+08:00
520960,恒指港股通ETF嘉实,0.93,0.9337,0.4,0.0,0.0,17881.0,1661823.0,0.93,0.936,0.926,0.93,1.08,2.95,0.48,10.04,16323.0,1558.0,16691.0,1.0,0.0,0.0,16691.0,1.0,-9051.0,-0.54,-7639.0,-0.46,292.0,0.93,0.933,60603400.0,56361162,56361162,2026-08-03,2026-08-03 16:11:47+08:00
511970,国寿货币ETF,100.002,,0.0,-0.001,0.0,14.0,139999.0,99.997,100.002,99.996,100.003,0.01,0.34,0.22,-81.69,6.0,8.0,29998.0,21.43,0.0,0.0,29998.0,21.43,60000.0,42.86,-89999.0,-64.29,2.0,100.0,100.003,415800.0,41580832,41580832,2026-08-03,2026-08-03 16:11:53+08:00
512070,证券保险ETF易方达,0.813,0.813,0.0,0.0,0.0,4523974.0,366491724.0,0.808,0.813,0.805,0.813,0.98,2.37,0.72,-36.16,1908652.0,2615322.0,4287683.0,1.17,-6931080.0,-1.89,11218763.0,3.06,-3615283.0,-0.99,-672400.0,-0.18,-33205.0,0.812,0.813,19067479808.0,15501861084,15501861084,2026-08-03,2026-08-03 16:11:43+08:00
511980,货币ETF汇添富,100.045,,-0.05,-0.004,0.0,3.0,30014.0,100.045,100.045,100.045,100.049,0.0,0.12,0.07,67.98,,3.0,0.0,0.0,0.0,0.0,0.0,0.0,30013.0,100.0,-30013.0,-100.0,-3.0,100.044,100.051,240900.0,24100841,24100841,2026-08-03,2026-08-03 16:11:34+08:00
159511,通信ETF南方,2.19,2.1957,0.26,0.0,0.0,202389.0,44372607.9,2.169,2.227,2.154,2.19,3.33,13.15,0.96,-3.38,116482.0,85907.0,7599349.0,17.13,2000107.0,4.51,5599242.0,12.62,4430888.0,9.99,-12030237.0,-27.11,670.0,2.189,2.19,153944573.0,337138615,337138615,2026-08-03,2026-08-03 15:34:03+08:00
159003,招商快线ETF,99.999,,0.0,-0.002,0.0,1290.0,12900660.392,99.999,100.0,99.998,100.001,0.0,6.61,0.53,-28.37,473.0,817.0,-349601.0,-2.71,2180573.0,16.9,-2530174.0,-19.61,-129996.0,-1.01,479596.0,3.72,-3.0,99.999,100.0,1950331.0,195031150,195031150,2026-08-03,2026-08-03 15:34:45+08:00
512620,农业ETF天弘,0.888,0.8851,-0.33,0.0,0.0,234147.0,20828860.0,0.892,0.896,0.879,0.888,1.91,1.65,2.67,-30.33,157215.0,76932.0,-11286727.0,-54.19,-7944699.0,-38.14,-3342028.0,-16.05,11349681.0,54.49,-62953.0,-0.3,-225.0,0.887,0.888,1419666000.0,1260663408,1260663408,2026-08-03,2026-08-03 16:11:59+08:00
513630,港股低波红利ETF摩根,1.615,1.618,0.19,0.0,0.0,2066467.0,333886137.0,1.615,1.628,1.609,1.615,1.18,2.64,0.56,-39.39,1061665.0,1004802.0,-19554085.0,-5.86,-22553252.0,-6.75,2999167.0,0.9,17372081.0,5.2,2182004.0,0.65,-4363.0,1.615,1.616,7822359040.0,12633109850,12633109850,2026-08-03,2026-08-03 16:11:57+08:00
512460,电池ETF华夏,0.835,0.8341,-0.11,0.0,0.0,206818.0,17236002.0,0.835,0.84,0.823,0.835,2.04,6.78,1.04,12.56,106467.0,100351.0,975292.0,5.66,40916.0,0.24,934376.0,5.42,-1197270.0,-6.95,221979.0,1.29,-351.0,0.835,0.836,304823008.0,254527212,254527212,2026-08-03,2026-08-03 16:11:47+08:00
512700,银行ETF南方,1.534,1.5371,0.2,0.0,0.0,602794.0,92145933.0,1.525,1.543,1.514,1.534,1.89,8.02,0.9,-30.22,321194.0,281600.0,-2336680.0,-2.54,414096.0,0.45,-2750776.0,-2.99,2242941.0,2.43,93739.0,0.1,-427.0,1.534,1.535,751581008.0,1152925266,1152925266,2026-08-03,2026-08-03 16:11:33+08:00
159027,畜牧养殖ETF大成,0.899,0.9012,0.24,0.0,0.0,32351.0,2925034.4,0.9,0.911,0.896,0.899,1.67,2.71,0.43,52.04,20584.0,11767.0,-147471.0,-5.04,-87928.0,-3.01,-59543.0,-2.04,103036.0,3.52,44436.0,1.52,-1268.0,0.899,0.901,119472283.0,107405582,107405582,2026-08-03,2026-08-03 15:34:00+08:00
159052,新能源电池ETF嘉实,0.811,0.8121,0.14,0.0,0.0,42895.0,3488293.496,0.812,0.828,0.805,0.811,2.84,2.16,0.56,13.44,22007.0,20888.0,-121002.0,-3.47,-52581.0,-1.51,-68421.0,-1.96,-226083.0,-6.48,347085.0,9.95,-200.0,0.812,0.815,198926092.0,161329061,161329061,2026-08-03,2026-08-03 15:34:09+08:00
560120,中证500现金流ETF华夏,1.229,1.2312,0.18,0.0,0.0,167883.0,20683623.0,1.238,1.238,1.226,1.229,0.98,2.87,1.01,14.56,87148.0,80735.0,1617765.0,7.82,-36583.0,-0.18,1654348.0,8.0,-965678.0,-4.67,-652087.0,-3.15,-787.0,1.228,1.229,585689008.0,719811791,719811791,2026-08-03,2026-08-03 16:11:48+08:00
560030,800价值ETF汇添富,1.315,1.3178,0.21,0.0,0.0,1411.0,185687.0,1.316,1.32,1.313,1.315,0.53,0.58,0.23,-8.96,191.0,1220.0,73018.0,39.32,0.0,0.0,73018.0,39.32,-55842.0,-30.07,-17175.0,-9.25,-425.0,1.314,1.316,24432000.0,32128080,32128080,2026-08-03,2026-08-03 16:11:52+08:00
159806,新能源车ETF国泰,0.707,0.7058,-0.17,0.0,0.0,148633.0,10486866.0,0.706,0.71,0.698,0.707,1.7,1.73,0.55,-50.36,92887.0,55746.0,-528861.0,-5.04,-507460.0,-4.84,-21401.0,-0.2,383800.0,3.66,145062.0,1.38,101.0,0.706,0.707,859089440.0,607376234,607376234,2026-08-03,2026-08-03 15:34:21+08:00
159795,智能汽车ETF汇添富,0.878,0.877,-0.11,0.0,0.0,30910.0,2716710.5,0.875,0.89,0.875,0.878,1.71,11.81,0.95,63.27,16653.0,14257.0,-240264.0,-8.84,0.0,0.0,-240264.0,-8.84,136530.0,5.03,103734.0,3.82,33.0,0.878,0.881,26169473.0,22976797,22976797,2026-08-03,2026-08-03 15:34:03+08:00
516960,机械ETF国泰,0.897,0.9002,0.36,0.0,0.0,10053.0,904883.0,0.901,0.909,0.891,0.897,2.01,6.68,1.5,7.91,3399.0,6654.0,-106591.0,-11.78,-555735.0,-61.42,449144.0,49.64,45553.0,5.03,61039.0,6.75,-3.0,0.898,0.9,15051100.0,13500837,13500837,2026-08-03,2026-08-03 16:11:46+08:00
517550,沪港深消费龙头ETF招商,0.683,0.6847,0.25,0.0,0.0,76330.0,5203960.0,0.681,0.688,0.679,0.683,1.32,8.99,1.19,-8.21,39135.0,37195.0,-35204.0,-0.68,0.0,0.0,-35204.0,-0.68,39948.0,0.77,-4744.0,-0.09,-177.0,0.68,0.683,84917400.0,57998584,57998584,2026-08-03,2026-08-03 16:11:37+08:00
159007,养殖ETF华泰柏瑞,0.875,0.8745,-0.06,0.0,0.0,192761.0,16932076.792,0.875,0.885,0.87,0.875,1.71,10.01,1.08,-10.37,85585.0,107176.0,91349.0,0.54,1379625.0,8.15,-1288276.0,-7.61,-107123.0,-0.63,15774.0,0.09,30.0,0.873,0.875,192603274.0,168527865,168527865,2026-08-03,2026-08-03 15:34:48+08:00
159005,快钱ETF汇添富,99.999,,0.0,-0.002,0.0,198.0,1979982.8,99.999,100.0,99.999,100.001,0.0,1.67,0.31,-41.05,26.0,172.0,650693.0,32.86,529994.0,26.77,120699.0,6.1,-479995.0,-24.24,-170698.0,-8.62,-33.0,99.95,100.0,1186595.0,118658313,118658313,2026-08-03,2026-08-03 15:34:45+08:00
511770,金鹰增益货币ETF,100.002,,0.0,0.001,0.0,9.0,90102.0,100.002,100.002,100.002,100.001,0.0,0.22,0.41,-2.4,,9.0,90101.0,100.0,90101.0,100.0,0.0,0.0,0.0,0.0,-90101.0,-100.0,-1.0,100.002,100.003,403500.0,40350807,40350807,2026-08-03,2026-08-03 16:11:44+08:00
515250,智能汽车ETF富国,0.936,0.935,-0.11,0.0,0.0,172155.0,16104741.0,0.939,0.944,0.932,0.936,1.28,4.98,0.52,-2.46,79434.0,92721.0,-994630.0,-6.18,-59565.0,-0.37,-935065.0,-5.81,-22886.0,-0.14,1017517.0,6.32,-225.0,0.936,0.937,345944496.0,323804048,323804048,2026-08-03,2026-08-03 16:11:41+08:00
517880,品牌消费ETF华泰柏瑞,0.784,0.7869,0.37,0.0,0.0,66087.0,5188979.0,0.784,0.792,0.78,0.784,1.53,11.94,1.34,-4.91,34762.0,31325.0,-69395.0,-1.34,1530100.0,29.49,-1599495.0,-30.82,64960.0,1.25,4434.0,0.09,-154.0,0.783,0.784,55337100.0,43384286,43384286,2026-08-03,2026-08-03 16:11:53+08:00
515100,红利低波100ETF景顺,1.463,1.4635,0.03,0.0,0.0,1037814.0,151968496.0,1.462,1.475,1.456,1.463,1.3,2.53,0.84,22.68,562629.0,475185.0,-13897685.0,-9.15,-3025973.0,-1.99,-10871712.0,-7.15,11414363.0,7.51,2483322.0,1.63,-2892.0,1.462,1.463,4100941504.0,5999677420,5999677420,2026-08-03,2026-08-03 16:11:34+08:00
560650,核心50ETF民生加银,1.068,,,0.0,0.0,,,,,,1.068,0.0,0.0,,0.0,,,,,,,,,,,,,,,,7919200.0,8457706,8457706,2026-08-03,2026-08-03 16:11:42+08:00
511820,鹏华添利ETF,100.002,,0.0,-0.004,0.0,1.0,10000.0,100.002,100.002,100.002,100.006,0.0,0.02,,30.19,1.0,,-10000.0,-100.0,-10000.0,-100.0,0.0,0.0,0.0,0.0,10000.0,100.0,1.0,99.998,100.002,613100.0,61311226,61311226,2026-08-03,2026-08-03 16:11:57+08:00
515730,家居家电ETF永赢,0.835,0.8364,0.17,0.0,0.0,14233.0,1190368.0,0.836,0.839,0.834,0.835,0.6,3.66,0.73,-0.07,10349.0,3884.0,-275473.0,-23.14,0.0,0.0,-275473.0,-23.14,267223.0,22.45,8250.0,0.69,-10.0,0.835,0.837,38892000.0,32474820,32474820,2026-08-03,2026-08-03 16:12:02+08:00
515880,通信ETF国泰,0.582,0.5822,0.03,0.0,0.0,46569718.0,2710589866.0,0.57,0.595,0.57,0.582,4.3,7.01,0.57,8.86,21138981.0,25430736.0,91763568.0,3.39,220181440.0,8.12,-128417872.0,-4.74,-90851136.0,-3.35,-912424.0,-0.03,-391765.0,0.582,0.583,66415773952.0,38653980440,38653980440,2026-08-03,2026-08-03 16:11:46+08:00
515560,证券ETF建信,1.014,1.0137,-0.03,0.0,0.0,78500.0,7937005.0,1.011,1.014,1.005,1.014,0.89,4.07,0.67,1.39,37491.0,41009.0,238883.0,3.01,0.0,0.0,238883.0,3.01,-112643.0,-1.42,-126240.0,-1.59,-50.0,1.012,1.014,192883300.0,195583666,195583666,2026-08-03,2026-08-03 16:11:33+08:00
515630,证券保险ETF鹏华,1.291,1.292,0.08,0.0,0.0,221679.0,28515743.0,1.282,1.292,1.279,1.291,1.01,2.05,0.43,-2.5,123221.0,98458.0,632819.0,2.22,1051638.0,3.69,-418819.0,-1.47,-72583.0,-0.25,-560236.0,-1.96,-1522.0,1.29,1.291,1079717696.0,1393915546,1393915546,2026-08-03,2026-08-03 16:11:59+08:00
510230,金融ETF国泰,1.339,1.3427,0.28,0.0,0.0,689115.0,91947928.0,1.334,1.344,1.326,1.339,1.34,10.79,1.21,-6.02,271497.0,417618.0,5038147.0,5.48,2994850.0,3.26,2043297.0,2.22,-8517442.0,-9.26,3479295.0,3.78,-2488.0,1.338,1.339,638808000.0,855363912,855363912,2026-08-03,2026-08-03 16:11:57+08:00
159211,深证100ETF富国,1.424,1.4084,-1.11,0.0,0.0,,,,,,1.424,0.0,0.0,,0.0,,,,,,,,,,,,,,,,19683294.0,28029011,28029011,2026-08-03,2026-08-03 15:34:09+08:00
561160,电池ETF富国,0.722,0.7207,-0.18,0.0,0.0,926196.0,66653375.0,0.723,0.726,0.711,0.722,2.08,3.84,0.83,9.77,408868.0,517328.0,8296534.0,12.45,11495304.0,17.25,-3198770.0,-4.8,-8144086.0,-12.22,-152447.0,-0.23,-2045.0,0.721,0.722,2412835008.0,1742066876,1742066876,2026-08-03,2026-08-03 16:11:34+08:00
561060,国企红利ETF华安,1.173,1.1746,0.14,0.0,0.0,5192.0,610111.0,1.172,1.18,1.172,1.173,0.68,0.95,0.35,4.64,2433.0,2759.0,249653.0,40.92,0.0,0.0,249653.0,40.92,-214441.0,-35.15,-35213.0,-5.77,-10.0,1.174,1.175,54565000.0,64004745,64004745,2026-08-03,2026-08-03 16:11:47+08:00
159647,中药ETF鹏华,0.939,0.9385,-0.05,0.0,0.0,256256.0,24082087.7,0.939,0.947,0.935,0.939,1.28,1.69,0.61,-15.02,132703.0,123553.0,948170.0,3.94,-343878.0,-1.43,1292048.0,5.37,689022.0,2.86,-1637193.0,-6.8,6388.0,0.938,0.939,1516461760.0,1423957593,1423957593,2026-08-03,2026-08-03 15:34:12+08:00
159639,碳中和ETF南方,0.959,0.9598,0.08,0.0,0.0,47558.0,4561998.818,0.956,0.963,0.954,0.959,0.94,2.34,1.03,7.78,22496.0,25062.0,-236433.0,-5.18,-92971.0,-2.04,-143462.0,-3.14,240014.0,5.26,-3580.0,-0.08,-1.0,0.959,0.962,203290171.0,194955274,194955274,2026-08-03,2026-08-03 15:34:09+08:00
510030,价值ETF华宝,1.076,1.076,0.0,0.0,0.0,53795.0,5770743.0,1.075,1.078,1.067,1.076,1.02,3.49,1.01,0.89,24726.0,29069.0,-55378.0,-0.96,-282793.0,-4.9,227415.0,3.94,194490.0,3.37,-139111.0,-2.41,-124.0,1.073,1.076,154229800.0,165951265,165951265,2026-08-03,2026-08-03 16:11:37+08:00
159635,基建ETF华夏,1.03,1.0306,0.06,0.0,0.0,290783.0,29985385.6,1.025,1.034,1.025,1.03,0.87,21.89,0.97,-37.96,156865.0,133918.0,138613.0,0.46,-98135.0,-0.33,236748.0,0.79,-73587.0,-0.25,-65026.0,-0.22,-2.0,1.03,1.031,132846980.0,136832389,136832389,2026-08-03,2026-08-03 15:34:06+08:00
560790,软件ETF鹏华,0.873,0.8713,-0.2,0.0,0.0,99637.0,8769171.0,0.867,0.891,0.867,0.873,2.75,4.56,2.29,-26.32,45884.0,53753.0,-909582.0,-10.37,-371399.0,-4.24,-538183.0,-6.14,103979.0,1.19,805603.0,9.19,-2502.0,0.873,0.878,218455900.0,190712001,190712001,2026-08-03,2026-08-03 16:12:00+08:00
560730,红利低波ETF国泰海通,1.059,1.0607,0.16,0.0,0.0,19723.0,2087313.0,1.058,1.065,1.052,1.059,1.23,1.8,0.24,-14.68,10727.0,8996.0,-317923.0,-15.23,114880.0,5.5,-432803.0,-20.73,363798.0,17.43,-45875.0,-2.2,2.0,1.057,1.059,109836300.0,116316642,116316642,2026-08-03,2026-08-03 16:11:53+08:00
511670,华泰天天金ETF,100.0,,0.0,-0.004,0.0,22.0,219997.0,99.996,100.0,99.996,100.004,0.0,1.6,5.23,-33.39,13.0,9.0,69997.0,31.82,0.0,0.0,69997.0,31.82,-99896.0,-45.41,29899.0,13.59,3.0,99.996,100.0,137200.0,13720000,13720000,2026-08-03,2026-08-03 16:11:38+08:00
511650,货币ETF华夏,100.004,,0.0,0.0,0.0,520.0,5195447.0,100.018,100.018,100.002,100.004,0.02,4.27,1.25,13.25,472.0,48.0,305210.0,5.87,45200.0,0.87,260010.0,5.0,-180007.0,-3.46,-125204.0,-2.41,-2.0,100.0,100.003,1216000.0,121604864,121604864,2026-08-03,2026-08-03 16:11:36+08:00
159891,医疗ETF建信,0.385,0.3826,-0.63,0.0,0.0,278269.0,10642914.767,0.391,0.391,0.38,0.385,2.86,7.79,0.81,42.55,124551.0,153718.0,-433825.0,-4.08,549240.0,5.16,-983065.0,-9.24,295011.0,2.77,138815.0,1.3,-2703.0,0.385,0.386,357024832.0,137454560,137454560,2026-08-03,2026-08-03 15:34:03+08:00
516270,新能源ETF华安,0.572,0.5719,-0.02,0.0,0.0,133065.0,7627669.0,0.579,0.579,0.568,0.572,1.92,4.62,0.86,4.94,56810.0,76255.0,156430.0,2.05,-112058.0,-1.47,268488.0,3.52,-317477.0,-4.16,161048.0,2.11,-10.0,0.572,0.573,287909008.0,164683953,164683953,2026-08-03,2026-08-03 16:11:42+08:00
515990,一带一路ETF汇添富,1.504,1.5036,-0.03,0.0,0.0,8603.0,1289087.0,1.504,1.506,1.494,1.504,0.8,1.61,1.07,-20.48,6156.0,2447.0,69281.0,5.37,143564.0,11.14,-74283.0,-5.76,-103228.0,-8.01,33948.0,2.63,1740.0,1.503,1.504,53350200.0,80238701,80238701,2026-08-03,2026-08-03 16:11:52+08:00
561280,中证1000增强ETF工银,1.472,1.4741,0.14,0.0,0.0,40943.0,6040658.0,1.471,1.486,1.469,1.472,1.15,4.83,0.7,-13.7,18670.0,22273.0,-358274.0,-5.93,-503865.0,-8.34,145591.0,2.41,422681.0,7.0,-64407.0,-1.07,-529.0,1.471,1.472,84847700.0,124895814,124895814,2026-08-03,2026-08-03 16:11:46+08:00
159117,港股通红利低波ETF鹏华,1.028,1.0295,0.15,0.0,0.0,16725.0,1722975.745,1.03,1.038,1.027,1.028,1.07,2.72,0.51,-5.1,6739.0,9986.0,-109837.0,-6.37,0.0,0.0,-109837.0,-6.37,189541.0,11.0,-79704.0,-4.63,446.0,1.026,1.03,61401153.0,63120385,63120385,2026-08-03,2026-08-03 15:34:45+08:00
159122,创业板新能源ETF富国,0.867,0.8675,0.06,0.0,0.0,34277.0,2971191.4,0.867,0.875,0.861,0.867,1.61,4.69,0.72,3.08,16983.0,17294.0,-481050.0,-16.19,401961.0,13.53,-883011.0,-29.72,389174.0,13.1,91875.0,3.09,-33.0,0.867,0.868,73160935.0,63430531,63430531,2026-08-03,2026-08-03 15:34:39+08:00
561680,A500红利低波ETF平安,1.03,1.0314,0.14,0.0,0.0,10963.0,1128935.0,1.036,1.037,1.02,1.03,1.65,1.76,0.32,3.85,3526.0,7437.0,334834.0,29.66,0.0,0.0,334834.0,29.66,-254769.0,-22.57,-80066.0,-7.09,1.0,1.029,1.03,62169000.0,64034070,64034070,2026-08-03,2026-08-03 16:11:37+08:00
561510,中药ETF华泰柏瑞,0.991,0.9904,-0.06,0.0,0.0,18241.0,1809844.0,0.991,0.998,0.988,0.991,1.01,2.67,0.58,24.54,9904.0,8337.0,350846.0,19.39,241764.0,13.36,109082.0,6.03,-329034.0,-18.18,-21811.0,-1.21,-154.0,0.991,0.992,68206000.0,67592146,67592146,2026-08-03,2026-08-03 16:11:50+08:00
561910,电池ETF招商,0.715,0.7152,0.03,0.0,0.0,925027.0,66070889.0,0.717,0.721,0.706,0.715,2.1,1.95,0.67,11.08,545339.0,379688.0,-5140570.0,-7.78,-8387547.0,-12.69,3246977.0,4.91,3096130.0,4.69,2044439.0,3.09,-9710.0,0.714,0.715,4744076544.0,3392014729,3392014729,2026-08-03,2026-08-03 16:11:42+08:00
159739,云计算ETF鹏华,0.788,0.7875,-0.06,0.0,0.0,279177.0,22108878.5,0.777,0.805,0.777,0.788,3.55,5.78,1.23,53.28,136460.0,142717.0,1259197.0,5.7,1187671.0,5.37,71526.0,0.32,-898137.0,-4.06,-361060.0,-1.63,-833.0,0.788,0.789,482761232.0,380415851,380415851,2026-08-03,2026-08-03 15:34:54+08:00
516810,农业ETF华夏,0.75,0.7478,-0.29,0.0,0.0,979364.0,73526097.0,0.753,0.757,0.742,0.75,2.0,18.82,0.99,3.14,468854.0,510510.0,-1734072.0,-2.36,-2133452.0,-2.9,399380.0,0.54,1192523.0,1.62,541549.0,0.74,-1007.0,0.749,0.75,520478896.0,390359172,390359172,2026-08-03,2026-08-03 16:11:47+08:00
159253,银行ETF博时,0.993,0.9942,0.12,0.0,0.0,43055.0,4270848.872,0.988,0.998,0.981,0.993,1.71,0.77,0.34,8.85,19312.0,23743.0,735434.0,17.22,188553.0,4.41,546881.0,12.8,-552615.0,-12.94,-182820.0,-4.28,-200.0,0.993,0.994,556404976.0,552510141,552510141,2026-08-03,2026-08-03 15:34:54+08:00
516700,大数据ETF华宝,0.892,0.8888,-0.36,0.0,0.0,225806.0,20271231.0,0.896,0.909,0.885,0.892,2.69,11.01,0.96,-2.35,98877.0,126929.0,-866876.0,-4.28,714042.0,3.52,-1580918.0,-7.8,246463.0,1.22,620414.0,3.06,-543.0,0.891,0.892,205122000.0,182968824,182968824,2026-08-03,2026-08-03 16:11:34+08:00
517080,沪港深500ETF汇添富,1.0,1.0023,0.23,0.0,0.0,11625.0,1162705.0,1.001,1.001,0.998,1.0,0.3,0.64,1.17,4.57,3720.0,7905.0,460663.0,39.62,0.0,0.0,460663.0,39.62,-451943.0,-38.87,-8721.0,-0.75,4.0,0.999,1.0,181166000.0,181166000,181166000,2026-08-03,2026-08-03 16:11:46+08:00
517000,沪港深500ETF银华,1.008,1.0128,0.47,0.0,0.0,7207.0,726616.0,1.002,1.012,1.002,1.008,0.99,0.56,0.41,-26.65,3645.0,3562.0,716865.0,98.66,0.0,0.0,716865.0,98.66,-693594.0,-95.46,-23272.0,-3.2,-414.0,1.007,1.01,127793000.0,128815344,128815344,2026-08-03,2026-08-03 16:11:36+08:00
159001,货币ETF易方达,99.999,,0.0,-0.002,0.0,91375.0,913731765.584,100.0,100.0,99.992,100.001,0.01,34.4,1.18,-63.78,44525.0,46850.0,-28282234.0,-3.1,-72033584.0,-7.88,43751350.0,4.79,17499531.0,1.92,10782714.0,1.18,1391.0,99.998,99.999,26559397.0,2655913141,2655913141,2026-08-03,2026-08-03 15:34:45+08:00
511700,货币ETF平安,100.002,,0.0,-0.008,-0.01,9718.0,97182851.0,100.003,100.004,99.999,100.01,0.01,5.86,0.91,-77.36,4130.0,5589.0,-10532969.0,-10.84,-21698822.0,-22.33,11165853.0,11.49,9400051.0,9.67,1132919.0,1.17,-54.0,100.001,100.002,16583600.0,1658393167,1658393167,2026-08-03,2026-08-03 16:11:36+08:00
511690,交易货币ETF大成,100.003,,0.0,-0.006,-0.01,462.0,4621146.0,100.002,100.006,100.002,100.009,0.0,0.77,0.43,0.83,89.0,373.0,930925.0,20.14,-360018.0,-7.79,1290943.0,27.94,-880924.0,-19.06,-50001.0,-1.08,-101.0,100.003,100.005,6023000.0,602318069,602318069,2026-08-03,2026-08-03 16:11:45+08:00
511990,华宝添益ETF,99.995,,0.01,-0.007,-0.01,1028705.0,10286751864.0,99.996,100.0,99.995,100.002,0.01,11.84,0.84,-59.32,497352.0,531352.0,40940320.0,0.4,236075520.0,2.29,-195135200.0,-1.9,-51490578.0,-0.5,10550212.0,0.1,-22086.0,99.995,99.996,868525600.0,86848217372,86848217372,2026-08-03,2026-08-03 16:11:42+08:00
511620,货币ETF国泰,100.002,,0.0,-0.005,-0.01,1459.0,14587611.0,100.002,100.002,100.001,100.007,0.0,3.47,0.8,-25.1,394.0,1065.0,-1081923.0,-7.42,460008.0,3.15,-1541931.0,-10.57,717414.0,4.92,364508.0,2.5,1.0,100.001,100.002,4207100.0,420718414,420718414,2026-08-03,2026-08-03 16:11:50+08:00
511600,华安日日鑫ETF,100.0,,0.0,-0.007,-0.01,806.0,8060857.0,100.0,100.008,99.998,100.007,0.01,11.8,4.37,-3.46,495.0,311.0,-239783.0,-2.97,230829.0,2.86,-470612.0,-5.84,219886.0,2.73,19899.0,0.25,-3.0,100.001,100.005,683100.0,68310000,68310000,2026-08-03,2026-08-03 16:11:41+08:00
511960,货币ETF嘉实,100.0,,0.0,-0.006,-0.01,239.0,2390010.0,100.0,100.002,99.999,100.006,0.0,8.88,0.96,3.25,208.0,31.0,-780000.0,-32.64,-780000.0,-32.64,0.0,0.0,650000.0,27.2,130001.0,5.44,-26.0,99.997,100.001,269000.0,26900000,26900000,2026-08-03,2026-08-03 16:11:47+08:00
511660,货币ETF建信,100.002,,0.0,-0.011,-0.01,55364.0,553654439.0,100.005,100.005,99.999,100.013,0.01,7.42,1.42,39.93,25982.0,29382.0,-665925.0,-0.12,-48717744.0,-8.8,48051819.0,8.68,850107.0,0.15,-184189.0,-0.03,-7.0,100.002,100.003,74569700.0,7457119139,7457119139,2026-08-03,2026-08-03 16:11:39+08:00
511800,易方达货币ETF,100.005,,-0.01,-0.005,-0.01,278.0,2781540.0,100.005,100.008,100.004,100.01,0.0,1.73,0.88,-15.46,68.0,210.0,350005.0,12.58,430017.0,15.46,-80012.0,-2.88,-270001.0,-9.71,-80004.0,-2.88,-7.0,100.008,100.009,1610300.0,161038052,161038052,2026-08-03,2026-08-03 16:11:41+08:00
511900,富国货币ETF,100.002,,0.0,-0.006,-0.01,468.0,4680483.0,100.001,100.002,100.0,100.008,0.0,2.49,0.66,-1.43,391.0,77.0,-260403.0,-5.56,-1350027.0,-28.84,1089624.0,23.28,220404.0,4.71,40001.0,0.85,-37.0,100.001,100.002,1876200.0,187623752,187623752,2026-08-03,2026-08-03 16:11:40+08:00
511880,银华日利ETF,100.687,,-0.02,-0.006,-0.01,1560654.0,15713559233.0,100.675,100.697,100.675,100.693,0.02,16.86,0.78,48.16,754506.0,806148.0,-81141296.0,-0.52,-826607104.0,-5.26,745465808.0,4.74,91339696.0,0.58,-10198385.0,-0.06,-13399.0,100.687,100.688,925790800.0,93215098280,93215098280,2026-08-03,2026-08-03 16:11:33+08:00
511830,货币ETF华泰柏瑞,99.998,,0.0,-0.005,-0.01,407.0,4070058.0,100.0,100.0,99.996,100.003,0.0,12.89,7.4,-48.17,264.0,143.0,0.0,0.0,0.0,0.0,0.0,0.0,790006.0,19.41,-790006.0,-19.41,0.0,99.998,100.006,315800.0,31579368,31579368,2026-08-03,2026-08-03 16:11:42+08:00
511810,货币ETF南方,100.002,,0.0,-0.01,-0.01,976.0,9760287.0,100.007,100.007,100.0,100.012,0.01,2.7,0.94,3.29,363.0,613.0,164705.0,1.69,-165200.0,-1.69,329905.0,3.38,-243204.0,-2.49,78499.0,0.8,-1.0,100.002,100.004,3621300.0,362137243,362137243,2026-08-03,2026-08-03 16:11:44+08:00
512730,银行ETF鹏华,1.705,1.709,0.23,-0.001,-0.06,36087.0,6135217.0,1.689,1.715,1.675,1.706,2.34,5.59,0.63,67.54,18193.0,17894.0,764949.0,12.47,42611.0,0.69,722338.0,11.77,-311180.0,-5.07,-453768.0,-7.4,-15.0,1.705,1.707,64583900.0,110115550,110115550,2026-08-03,2026-08-03 16:11:57+08:00
515550,中证500ETF国联,1.685,1.6898,0.28,-0.001,-0.06,25622.0,4321206.0,1.686,1.696,1.668,1.686,1.66,12.0,1.62,14.86,10561.0,15061.0,1265421.0,29.28,0.0,0.0,1265421.0,29.28,-1018798.0,-23.58,-246622.0,-5.71,-55.0,1.685,1.689,21345700.0,35967505,35967505,2026-08-03,2026-08-03 16:11:43+08:00
515110,一带一路ETF易方达,1.617,1.6183,0.08,-0.001,-0.06,57612.0,9316258.0,1.618,1.62,1.608,1.618,0.74,2.65,1.15,-11.32,28525.0,29087.0,41711.0,0.45,313749.0,3.37,-272038.0,-2.92,-142830.0,-1.53,101120.0,1.09,440.0,1.617,1.62,217295000.0,351366015,351366015,2026-08-03,2026-08-03 16:11:41+08:00
159571,创业板200ETF富国,1.345,1.3488,0.28,-0.001,-0.07,2438.0,328797.8,1.367,1.367,1.334,1.346,2.45,1.22,0.8,0.76,1351.0,1087.0,92564.0,28.15,0.0,0.0,92564.0,28.15,-59950.0,-18.23,-32614.0,-9.92,-577.0,1.343,1.35,19981814.0,26875540,26875540,2026-08-03,2026-08-03 15:34:33+08:00
516300,中证1000ETF华泰柏瑞,2.982,2.9875,0.18,-0.002,-0.07,44084.0,13155225.0,2.94,3.001,2.92,2.984,2.71,8.64,0.78,17.9,22046.0,22038.0,64667.0,0.49,-1288757.0,-9.8,1353424.0,10.29,-505625.0,-3.84,440959.0,3.35,-7.0,2.982,2.986,51012600.0,152119573,152119573,2026-08-03,2026-08-03 16:11:57+08:00
562320,沪深300价值ETF银华,1.347,1.3481,0.08,-0.001,-0.07,81681.0,10995657.0,1.348,1.352,1.336,1.348,1.19,12.7,1.11,24.01,38199.0,43482.0,1137487.0,10.34,0.0,0.0,1137487.0,10.34,-1033974.0,-9.4,-103513.0,-0.94,-90.0,1.345,1.347,64295500.0,86606039,86606039,2026-08-03,2026-08-03 16:11:33+08:00
512890,红利低波ETF华泰柏瑞,1.203,1.2025,-0.04,-0.001,-0.08,5687572.0,683566791.0,1.199,1.21,1.195,1.204,1.25,1.97,0.65,-2.97,2826336.0,2861236.0,23532898.0,3.44,76183994.0,11.15,-52651096.0,-7.7,-39288199.0,-5.75,15755308.0,2.3,-37089.0,1.203,1.204,28926110720.0,34798111196,34798111196,2026-08-03,2026-08-03 16:11:54+08:00
561760,油气ETF博时,1.298,1.3002,0.17,-0.001,-0.08,28639.0,3707900.0,1.28,1.308,1.28,1.299,2.16,1.7,0.47,-4.65,14798.0,13841.0,369734.0,9.97,0.0,0.0,369734.0,9.97,-170946.0,-4.61,-198787.0,-5.36,-20.0,1.298,1.299,168195000.0,218317110,218317110,2026-08-03,2026-08-03 16:11:51+08:00
159225,现金流ETF银华,1.241,1.2416,0.05,-0.001,-0.08,34912.0,4337578.8,1.232,1.246,1.232,1.242,1.13,1.27,0.69,70.24,14945.0,19967.0,-25693.0,-0.59,106686.0,2.46,-132379.0,-3.05,78515.0,1.81,-52822.0,-1.22,-52.0,1.241,1.246,275744800.0,342199297,342199297,2026-08-03,2026-08-03 15:34:21+08:00
560090,证券ETF汇添富,1.185,1.1854,0.03,-0.001,-0.08,670153.0,79193916.0,1.18,1.187,1.174,1.186,1.1,2.87,0.79,7.0,327427.0,342726.0,-4625335.0,-5.84,-3261344.0,-4.12,-1363991.0,-1.72,846418.0,1.07,3778918.0,4.77,-1083.0,1.184,1.185,2335865008.0,2768000034,2768000034,2026-08-03,2026-08-03 16:11:51+08:00
159547,红利低波ETF华夏,1.23,1.232,0.16,-0.001,-0.08,1070290.0,131614484.4,1.23,1.239,1.222,1.231,1.38,6.53,0.86,-82.52,517470.0,552820.0,6368377.0,4.84,4291166.0,3.26,2077211.0,1.58,-5670801.0,-4.31,-697577.0,-0.53,1030.0,1.229,1.23,1638286080.0,2015091878,2015091878,2026-08-03,2026-08-03 15:34:48+08:00
560360,软件ETF万家,1.285,1.2835,-0.12,-0.001,-0.08,144051.0,18636560.0,1.32,1.325,1.278,1.286,3.65,6.85,1.98,4.74,64913.0,79138.0,-5660962.0,-30.38,-5186125.0,-27.83,-474837.0,-2.55,2835492.0,15.21,2825469.0,15.16,-766.0,1.285,1.286,210345000.0,270293325,270293325,2026-08-03,2026-08-03 16:11:56+08:00
159235,中证现金流ETF大成,1.231,1.2302,-0.07,-0.001,-0.08,509228.0,62737861.0,1.232,1.238,1.227,1.232,0.89,2.25,0.8,-96.25,296122.0,213106.0,-9182354.0,-14.64,-8014635.0,-12.77,-1167719.0,-1.86,8529007.0,13.59,653347.0,1.04,24.0,1.23,1.231,2258729552.0,2780496079,2780496079,2026-08-03,2026-08-03 15:34:33+08:00
510200,上证券商ETF汇安,1.198,1.2005,0.21,-0.001,-0.08,13442.0,1605368.0,1.192,1.199,1.188,1.199,0.92,0.87,0.39,11.29,6297.0,7145.0,-280359.0,-17.46,0.0,0.0,-280359.0,-17.46,121983.0,7.6,158378.0,9.87,-20.0,1.197,1.198,153885500.0,184354829,184354829,2026-08-03,2026-08-03 16:11:45+08:00
159529,标普消费ETF景顺,1.277,1.2708,-0.49,-0.001,-0.08,613001.0,78332194.2,1.289,1.292,1.264,1.278,2.19,7.55,0.73,32.82,285776.0,327225.0,9969352.0,12.73,-4226404.0,-5.4,14195756.0,18.12,4408587.0,5.63,-14377938.0,-18.36,-4418.0,1.277,1.278,811536784.0,1036332473,1036332473,2026-08-03,2026-08-03 15:34:39+08:00
561430,红利质量ETF博时,1.057,1.0581,0.1,-0.001,-0.09,37015.0,3924233.0,1.086,1.086,1.054,1.058,3.02,6.53,0.78,-22.06,23794.0,13221.0,-75703.0,-1.93,0.0,0.0,-75703.0,-1.93,122049.0,3.11,-46345.0,-1.18,-73.0,1.057,1.059,56723200.0,59956422,59956422,2026-08-03,2026-08-03 16:11:39+08:00
516950,基建ETF银华,1.068,1.0704,0.22,-0.001,-0.09,61211.0,6547143.0,1.069,1.075,1.065,1.069,0.94,5.47,0.78,13.19,34486.0,26725.0,-84158.0,-1.29,-235294.0,-3.59,151136.0,2.31,-59594.0,-0.91,143751.0,2.2,-331.0,1.068,1.069,111821000.0,119424828,119424828,2026-08-03,2026-08-03 16:11:35+08:00
516200,证券ETF华安,1.057,1.0562,-0.08,-0.001,-0.09,58204.0,6122947.0,1.052,1.057,1.04,1.058,1.61,1.32,0.56,-9.27,24204.0,34000.0,-800201.0,-13.07,0.0,0.0,-800201.0,-13.07,561671.0,9.17,238530.0,3.9,-200.0,1.056,1.057,439604000.0,464661428,464661428,2026-08-03,2026-08-03 16:11:41+08:00
512410,银行ETF广发,1.112,1.113,0.09,-0.001,-0.09,135851.0,15030409.0,1.101,1.116,1.097,1.113,1.71,14.8,0.82,-48.96,66991.0,68860.0,113795.0,0.76,725545.0,4.83,-611750.0,-4.07,251930.0,1.68,-365725.0,-2.43,-763.0,1.111,1.112,91771700.0,102050130,102050130,2026-08-03,2026-08-03 16:11:38+08:00
159633,中证1000ETF易方达,3.022,3.0344,0.41,-0.003,-0.1,3655336.0,1106098782.378,3.025,3.043,3.006,3.025,1.22,20.46,0.99,36.68,1658189.0,1997147.0,-51928976.0,-4.69,-131178352.0,-11.86,79249376.0,7.16,45631877.0,4.13,6297094.0,0.57,-1092.0,3.022,3.023,1786162656.0,5397783546,5397783546,2026-08-03,2026-08-03 15:34:03+08:00
561190,碳中和ETF富国,0.968,0.9686,0.06,-0.001,-0.1,12526.0,1211619.0,0.969,0.972,0.961,0.969,1.14,0.64,0.42,-3.33,2163.0,10363.0,-275671.0,-22.75,-23942.0,-1.98,-251729.0,-20.78,295070.0,24.35,-19400.0,-1.6,5.0,0.966,0.97,196318000.0,190035824,190035824,2026-08-03,2026-08-03 16:11:49+08:00
510140,上证综指ETF华夏,0.962,0.9661,0.42,-0.001,-0.1,77730.0,7478300.0,0.962,0.965,0.959,0.963,0.62,6.21,0.59,-34.75,38792.0,38938.0,-1985903.0,-26.56,-106397.0,-1.42,-1879506.0,-25.13,834315.0,11.16,1151587.0,15.4,-5250.0,0.961,0.962,125230500.0,120471741,120471741,2026-08-03,2026-08-03 16:11:33+08:00
159093,化工ETF汇添富,1.001,1.0009,-0.01,-0.001,-0.1,157744.0,15737925.524,0.995,1.006,0.98,1.002,2.59,10.47,0.15,-38.32,125317.0,32426.0,197791.0,1.26,-2489400.0,-15.82,2687191.0,17.07,-156379.0,-0.99,-41412.0,-0.26,1.0,0.996,1.001,150681470.0,150832151,150832151,2026-08-03,2026-08-03 15:34:18+08:00
520610,港股红利低波ETF银华,0.963,0.9607,-0.24,-0.001,-0.1,104270.0,10064618.0,0.965,0.973,0.962,0.964,1.14,3.82,1.26,-14.44,68272.0,35998.0,-2755668.0,-27.38,-1923279.0,-19.11,-832389.0,-8.27,-222752.0,-2.21,2978420.0,29.59,-134.0,0.962,0.963,272963008.0,262863377,262863377,2026-08-03,2026-08-03 16:11:45+08:00
159888,智能汽车ETF华夏,1.03,1.0286,-0.14,-0.001,-0.1,109903.0,11318793.1,1.029,1.037,1.026,1.031,1.07,15.17,0.61,68.08,43760.0,66143.0,101506.0,0.9,-1001477.0,-8.85,1102983.0,9.74,195723.0,1.73,-297229.0,-2.63,-14.0,1.03,1.031,72446068.0,74619450,74619450,2026-08-03,2026-08-03 15:34:57+08:00
560570,A500红利ETF国联安,1.038,1.0389,0.09,-0.001,-0.1,280493.0,29124855.0,1.037,1.047,1.033,1.039,1.35,2.04,1.1,-10.62,188528.0,91965.0,-4469960.0,-15.35,-7973413.0,-27.38,3503453.0,12.03,3309688.0,11.36,1160272.0,3.98,-1362.0,1.037,1.038,1374541200.0,1426773766,1426773766,2026-08-03,2026-08-03 16:11:41+08:00
560250,红利质量ETF富国,1.0,0.9999,-0.01,-0.001,-0.1,136451.0,13726670.0,1.0,1.013,0.998,1.001,1.5,5.76,1.02,-18.92,78256.0,58195.0,639252.0,4.66,3206786.0,23.36,-2567534.0,-18.7,-472642.0,-3.44,-166612.0,-1.21,392.0,0.999,1.001,236833000.0,236833000,236833000,2026-08-03,2026-08-03 16:11:54+08:00
159180,软件ETF银华,0.987,0.9849,-0.21,-0.001,-0.1,58305.0,5766505.7,0.982,1.0,0.976,0.988,2.43,18.71,1.27,37.84,23393.0,34912.0,104673.0,1.82,-626680.0,-10.87,731353.0,12.68,-294929.0,-5.11,190255.0,3.3,6.0,0.986,0.987,31155926.0,30750899,30750899,2026-08-03,2026-08-03 15:34:54+08:00
159069,创业板新能源ETF华泰柏瑞,0.988,0.9886,0.06,-0.001,-0.1,82671.0,8171189.904,0.98,0.993,0.98,0.989,1.31,6.23,0.53,-31.55,35461.0,47210.0,184559.0,2.26,0.0,0.0,184559.0,2.26,-219659.0,-2.69,35100.0,0.43,2.0,0.986,0.988,132770440.0,131177195,131177195,2026-08-03,2026-08-03 15:34:21+08:00
563690,红利低波ETF永赢,1.039,1.0408,0.17,-0.001,-0.1,20420.0,2120247.0,1.036,1.043,1.036,1.04,0.67,5.69,0.88,3.02,10941.0,9479.0,408150.0,19.25,0.0,0.0,408150.0,19.25,-425047.0,-20.05,16897.0,0.8,-169.0,1.04,1.042,35882000.0,37281398,37281398,2026-08-03,2026-08-03 16:12:01+08:00
516250,工程机械ETF富国,0.987,0.9884,0.14,-0.001,-0.1,50517.0,4991428.0,0.988,0.997,0.986,0.988,1.11,4.29,0.53,-0.04,28127.0,22390.0,-165141.0,-3.31,0.0,0.0,-165141.0,-3.31,173435.0,3.47,-8294.0,-0.17,-216.0,0.987,0.988,117878000.0,116345586,116345586,2026-08-03,2026-08-03 16:11:47+08:00
517170,沪港深500ETF华夏,1.006,1.0115,0.54,-0.001,-0.1,8368.0,843668.0,1.009,1.01,1.006,1.007,0.4,5.19,1.09,0.49,5868.0,2500.0,-87567.0,-10.38,0.0,0.0,-87567.0,-10.38,87264.0,10.34,304.0,0.04,2500.0,1.007,1.009,16131800.0,16228591,16228591,2026-08-03,2026-08-03 16:11:58+08:00
563590,A500红利低波动ETF国寿,1.016,1.0169,0.09,-0.001,-0.1,3952.0,401459.0,1.017,1.023,1.014,1.017,0.88,0.6,0.44,1.48,2207.0,1745.0,94424.0,23.52,0.0,0.0,94424.0,23.52,-71120.0,-17.72,-23305.0,-5.81,1.0,1.013,1.016,65944400.0,66999510,66999510,2026-08-03,2026-08-03 16:11:44+08:00
560320,食品ETF富国,0.937,0.9404,0.36,-0.001,-0.11,177837.0,16792911.0,0.931,0.949,0.926,0.938,2.45,12.24,3.54,1.42,93208.0,84629.0,4715306.0,28.08,2563287.0,15.26,2152019.0,12.82,-4853131.0,-28.9,137824.0,0.82,-436.0,0.937,0.939,145332000.0,136176084,136176084,2026-08-03,2026-08-03 16:11:59+08:00
560130,食品ETF鹏华,0.923,0.9248,0.19,-0.001,-0.11,2602.0,241507.0,0.923,0.933,0.921,0.924,1.3,0.37,0.32,-26.64,1796.0,806.0,-64554.0,-26.73,0.0,0.0,-64554.0,-26.73,8703.0,3.6,55850.0,23.13,-9.0,0.923,0.924,70776200.0,65326433,65326433,2026-08-03,2026-08-03 16:11:59+08:00
159830,金ETF天弘,8.791,8.7896,-0.02,-0.01,-0.11,30805.0,27045599.5,8.803,8.803,8.75,8.801,0.6,0.84,0.78,-9.4,17418.0,13387.0,-557324.0,-2.06,-878480.0,-3.25,321156.0,1.19,-160234.0,-0.59,717558.0,2.65,34.0,8.79,8.791,365014064.0,3208838637,3208838637,2026-08-03,2026-08-03 15:34:27+08:00
512430,家居家电ETF华泰柏瑞,0.896,0.8957,-0.03,-0.001,-0.11,15847.0,1420374.0,0.897,0.898,0.893,0.897,0.56,5.16,0.71,-9.49,11096.0,4751.0,-201832.0,-14.21,0.0,0.0,-201832.0,-14.21,181731.0,12.79,20101.0,1.42,600.0,0.895,0.897,30720000.0,27525120,27525120,2026-08-03,2026-08-03 16:11:58+08:00
510060,央企ETF工银,2.644,2.6445,0.02,-0.003,-0.11,1350.0,356366.0,2.64,2.647,2.631,2.647,0.6,0.39,1.06,27.7,308.0,1042.0,-655.0,-0.18,0.0,0.0,-655.0,-0.18,8567.0,2.4,-7912.0,-2.22,3.0,2.636,2.644,34959200.0,92432125,92432125,2026-08-03,2026-08-03 16:11:42+08:00
516630,云计算ETF华夏,1.626,1.624,-0.12,-0.002,-0.12,729995.0,119608501.0,1.631,1.659,1.616,1.628,2.64,13.34,1.33,-45.93,463578.0,266417.0,-7945744.0,-6.64,-5994441.0,-5.01,-1951303.0,-1.63,1603447.0,1.34,6342298.0,5.3,-245.0,1.625,1.626,547156000.0,889675656,889675656,2026-08-03,2026-08-03 16:12:02+08:00
159881,有色金属ETF国泰,0.863,0.8626,-0.05,-0.001,-0.12,117077.0,10062711.7,0.864,0.872,0.849,0.864,2.66,6.18,0.79,57.12,54767.0,62310.0,-392027.0,-3.9,-2021853.0,-20.09,1629826.0,16.2,19151.0,0.19,372876.0,3.71,-201.0,0.863,0.866,189499166.0,163537780,163537780,2026-08-03,2026-08-03 15:34:27+08:00
159071,新能源电池ETF华宝,0.8,0.8004,0.05,-0.001,-0.12,90998.0,7286837.0,0.728,0.83,0.728,0.801,12.73,7.34,0.51,-16.72,40812.0,50186.0,-183599.0,-2.52,0.0,0.0,-183599.0,-2.52,141485.0,1.94,42114.0,0.58,746.0,0.799,0.8,123911738.0,99129390,99129390,2026-08-03,2026-08-03 15:34:30+08:00
159009,创业板新能源ETF易方达,0.848,0.8475,-0.06,-0.001,-0.12,52411.0,4458484.9,0.847,0.852,0.837,0.849,1.77,7.78,1.17,30.0,46040.0,6371.0,-143071.0,-3.21,130509.0,2.93,-273580.0,-6.14,54031.0,1.21,89040.0,2.0,8.0,0.847,0.848,67392703.0,57149012,57149012,2026-08-03,2026-08-03 15:34:48+08:00
159166,现金流ETF长城,0.859,0.8603,0.15,-0.001,-0.12,5940.0,511082.5,0.86,0.864,0.858,0.86,0.7,0.1,0.38,-55.57,1822.0,4118.0,79544.0,15.56,50542.0,9.89,29002.0,5.67,-61047.0,-11.94,-18498.0,-3.62,30.0,0.858,0.859,582816064.0,500638999,500638999,2026-08-03,2026-08-03 15:34:09+08:00
159168,有色ETF富国,0.83,0.8272,-0.34,-0.001,-0.12,206116.0,17065392.729,0.832,0.835,0.821,0.831,1.68,3.7,0.75,-0.01,93519.0,112597.0,-1031371.0,-6.04,-3016889.0,-17.68,1985518.0,11.63,-302897.0,-1.77,1334267.0,7.82,998.0,0.829,0.83,556455056.0,461857696,461857696,2026-08-03,2026-08-03 15:34:12+08:00
515400,大数据ETF富国,0.854,0.8538,-0.02,-0.001,-0.12,1108832.0,95459088.0,0.857,0.873,0.849,0.855,2.81,6.19,0.65,14.0,570857.0,537975.0,-9171938.0,-9.61,-1293569.0,-1.36,-7878369.0,-8.25,3294602.0,3.45,5877336.0,6.16,-7078.0,0.854,0.855,1791631408.0,1530053222,1530053222,2026-08-03,2026-08-03 16:11:35+08:00
516390,新能源车ETF汇添富,0.861,0.8617,0.08,-0.001,-0.12,37480.0,3226107.0,0.861,0.866,0.853,0.862,1.51,1.97,0.51,-4.62,17912.0,19568.0,294406.0,9.13,-48936.0,-1.52,343342.0,10.64,227847.0,7.06,-522253.0,-16.19,-20.0,0.861,0.862,190261000.0,163814721,163814721,2026-08-03,2026-08-03 16:11:46+08:00
510810,上海国企ETF汇添富,0.85,0.8506,0.07,-0.001,-0.12,91894.0,7809593.0,0.858,0.858,0.847,0.851,1.29,0.15,0.85,6.94,39723.0,52171.0,-245791.0,-3.15,-263902.0,-3.38,18111.0,0.23,71377.0,0.91,174414.0,2.23,-364.0,0.85,0.852,5971893760.0,5076109696,5076109696,2026-08-03,2026-08-03 16:11:44+08:00
159796,电池ETF汇添富,0.836,0.8362,0.02,-0.001,-0.12,3247120.0,271237985.324,0.832,0.844,0.825,0.837,2.27,4.71,0.93,-22.51,1805676.0,1441444.0,10733496.0,3.96,-7822391.0,-2.88,18555887.0,6.84,-10738022.0,-3.96,4526.0,0.0,10170.0,0.835,0.836,6893467648.0,5762938954,5762938954,2026-08-03,2026-08-03 15:34:09+08:00
159199,石油ETF平安,0.867,0.867,0.0,-0.001,-0.12,1789.0,155254.7,0.87,0.874,0.864,0.868,1.15,0.26,0.16,70.85,1023.0,766.0,-40322.0,-25.97,0.0,0.0,-40322.0,-25.97,6142.0,3.96,34179.0,22.01,120.0,0.865,0.869,68154938.0,59090331,59090331,2026-08-03,2026-08-03 15:34:27+08:00
159305,储能电池ETF广发,0.786,0.7861,0.01,-0.001,-0.13,489939.0,38504459.0,0.786,0.793,0.779,0.787,1.78,4.12,0.53,23.97,166645.0,323294.0,-14090119.0,-36.59,-6860077.0,-17.82,-7230042.0,-18.78,8172933.0,21.23,5917185.0,15.37,3568.0,0.785,0.786,1189640304.0,935057279,935057279,2026-08-03,2026-08-03 15:34:18+08:00
159193,新能源电池ETF银华,0.764,0.7636,-0.05,-0.001,-0.13,76301.0,5832769.328,0.765,0.771,0.759,0.765,1.57,3.2,0.59,20.11,41134.0,35167.0,-10104.0,-0.17,0.0,0.0,-10104.0,-0.17,-118524.0,-2.03,128628.0,2.21,860.0,0.763,0.764,238080335.0,181893376,181893376,2026-08-03,2026-08-03 15:34:33+08:00
517900,银行AH优选ETF招商,1.557,1.5602,0.21,-0.002,-0.13,242106.0,37660674.0,1.546,1.568,1.543,1.559,1.6,5.53,0.91,24.22,98955.0,143151.0,1663890.0,4.42,4297027.0,11.41,-2633137.0,-6.99,-829675.0,-2.2,-834215.0,-2.22,-1106.0,1.556,1.557,437993504.0,681955886,681955886,2026-08-03,2026-08-03 16:11:35+08:00
159812,黄金ETF前海开源,8.39,8.3851,-0.06,-0.011,-0.13,18647.0,15620925.5,8.369,8.398,8.348,8.401,0.6,1.11,1.32,10.38,9965.0,8682.0,1588500.0,10.17,0.0,0.0,1588500.0,10.17,-1183646.0,-7.58,-404854.0,-2.59,-12.0,8.39,8.391,168013149.0,1409630320,1409630320,2026-08-03,2026-08-03 15:34:21+08:00
516310,银行ETF易方达,1.379,1.3805,0.11,-0.002,-0.14,1068098.0,146637182.0,1.367,1.385,1.36,1.381,1.81,5.91,0.64,26.28,533879.0,534219.0,5302577.0,3.62,1808367.0,1.23,3494210.0,2.38,-3283914.0,-2.24,-2018663.0,-1.38,-1657.0,1.378,1.379,1805958496.0,2490416766,2490416766,2026-08-03,2026-08-03 16:11:54+08:00
159825,农业ETF富国,0.728,0.727,-0.14,-0.001,-0.14,853611.0,62237623.771,0.728,0.735,0.72,0.729,2.06,3.75,1.07,25.12,429834.0,423777.0,-4526593.0,-7.27,-8477958.0,-13.62,3951365.0,6.35,4699165.0,7.55,-172572.0,-0.28,-6435.0,0.728,0.729,2274077408.0,1655528353,1655528353,2026-08-03,2026-08-03 15:34:48+08:00
562880,电池ETF嘉实,0.737,0.7377,0.09,-0.001,-0.14,290899.0,21441631.0,0.737,0.743,0.728,0.738,2.03,3.01,0.78,-7.88,125783.0,165116.0,-368261.0,-1.72,-1062190.0,-4.95,693929.0,3.24,-103919.0,-0.48,472180.0,2.2,-1596.0,0.736,0.737,965899600.0,711868005,711868005,2026-08-03,2026-08-03 16:11:47+08:00
515720,金融科技ETF富国,0.704,0.7075,0.49,-0.001,-0.14,117875.0,8316301.0,0.706,0.714,0.697,0.705,2.41,2.8,0.65,22.74,57574.0,60301.0,-389369.0,-4.68,-193444.0,-2.33,-195925.0,-2.36,-57806.0,-0.7,447175.0,5.38,-1771.0,0.704,0.706,420611008.0,296110150,296110150,2026-08-03,2026-08-03 16:11:46+08:00
512750,基本面50ETF嘉实,1.472,1.4757,0.25,-0.002,-0.14,46576.0,6850830.0,1.466,1.479,1.465,1.474,0.95,9.81,1.07,7.82,22474.0,24102.0,1226308.0,17.9,0.0,0.0,1226308.0,17.9,-1135349.0,-16.57,-90960.0,-1.33,-2.0,1.472,1.474,47454900.0,69853613,69853613,2026-08-03,2026-08-03 16:11:36+08:00
518600,金ETF广发,8.77,8.7619,-0.09,-0.013,-0.15,141230.0,123756350.0,8.754,8.785,8.735,8.783,0.57,1.93,1.01,0.43,68263.0,72968.0,-5117322.0,-4.13,4273620.0,3.45,-9390942.0,-7.59,2338680.0,1.89,2778641.0,2.25,-347.0,8.77,8.771,732016304.0,6419782986,6419782986,2026-08-03,2026-08-03 16:11:46+08:00
561950,中证500增强ETF招商,1.303,1.3044,0.11,-0.002,-0.15,34860.0,4549268.0,1.293,1.313,1.292,1.305,1.61,4.73,1.1,1.11,14472.0,20388.0,-222903.0,-4.9,0.0,0.0,-222903.0,-4.9,117594.0,2.58,105310.0,2.31,-138.0,1.302,1.307,73656000.0,95973768,95973768,2026-08-03,2026-08-03 16:11:38+08:00
159261,创业板新能源ETF鹏华,1.342,1.3433,0.1,-0.002,-0.15,17062.0,2294913.8,1.341,1.353,1.334,1.344,1.41,3.57,0.5,2.51,8073.0,8989.0,93102.0,4.06,0.0,0.0,93102.0,4.06,274236.0,11.95,-367337.0,-16.01,-193.0,1.34,1.345,47814904.0,64167601,64167601,2026-08-03,2026-08-03 15:34:12+08:00
560560,碳中和ETF泰康,0.676,0.6779,0.28,-0.001,-0.15,3754.0,254111.0,0.676,0.679,0.672,0.677,1.03,0.51,0.32,22.08,1190.0,2564.0,19809.0,7.8,0.0,0.0,19809.0,7.8,-34332.0,-13.51,14524.0,5.72,-1000.0,0.676,0.678,74190100.0,50152508,50152508,2026-08-03,2026-08-03 16:11:36+08:00
561580,央企红利ETF华泰柏瑞,1.243,1.2453,0.18,-0.002,-0.16,783810.0,97486768.0,1.24,1.25,1.239,1.245,0.88,3.48,0.73,-26.01,326189.0,457621.0,7522295.0,7.72,2350680.0,2.41,5171615.0,5.3,-5732104.0,-5.88,-1790191.0,-1.84,-4174.0,1.243,1.244,2250870704.0,2797832285,2797832285,2026-08-03,2026-08-03 16:12:01+08:00
159743,湖北ETF博时,1.276,1.279,0.23,-0.002,-0.16,3540.0,451067.9,1.276,1.28,1.252,1.278,2.19,0.32,0.31,3.23,1072.0,2468.0,145565.0,32.27,0.0,0.0,145565.0,32.27,-149399.0,-33.12,3835.0,0.85,-3.0,1.274,1.282,109941100.0,140284844,140284844,2026-08-03,2026-08-03 15:34:57+08:00
563150,油气ETF银华,1.284,1.2864,0.19,-0.002,-0.16,7445.0,954132.0,1.277,1.293,1.271,1.286,1.71,2.1,0.28,8.75,2628.0,4817.0,-45284.0,-4.75,0.0,0.0,-45284.0,-4.75,143799.0,15.07,-98516.0,-10.33,-1.0,1.284,1.287,35399000.0,45452316,45452316,2026-08-03,2026-08-03 16:11:35+08:00
159692,证券ETF东财,1.235,1.2327,-0.19,-0.002,-0.16,562839.0,69194063.9,1.228,1.236,1.224,1.237,0.97,3.71,0.64,-30.19,274887.0,287952.0,-9727262.0,-14.06,-4089608.0,-5.91,-5637654.0,-8.15,5040568.0,7.28,4686694.0,6.77,8176.0,1.234,1.235,1518455968.0,1875293120,1875293120,2026-08-03,2026-08-03 15:34:36+08:00
159332,央企红利ETF富国,1.216,1.2155,-0.04,-0.002,-0.16,68077.0,8272406.935,1.218,1.219,1.21,1.218,0.74,7.13,1.76,49.98,51903.0,16174.0,-3592402.0,-43.43,-1973470.0,-23.86,-1618932.0,-19.57,3655368.0,44.19,-62966.0,-0.76,-43.0,1.216,1.217,95521477.0,116154116,116154116,2026-08-03,2026-08-03 15:34:39+08:00
563900,300自由现金流ETF摩根,1.172,1.1724,0.03,-0.002,-0.17,486298.0,57006976.0,1.19,1.19,1.165,1.174,2.13,9.54,2.44,4.07,115379.0,370919.0,9180435.0,16.1,23637807.0,41.46,-14457372.0,-25.36,-9514186.0,-16.69,333752.0,0.59,-1.0,1.17,1.172,509965696.0,597679796,597679796,2026-08-03,2026-08-03 16:11:42+08:00
159263,价值ETF易方达,1.17,1.1686,-0.12,-0.002,-0.17,2206975.0,258234636.575,1.17,1.178,1.166,1.172,1.02,3.75,0.72,-57.84,933195.0,1273780.0,-37287656.0,-14.44,-44283355.0,-17.15,6995699.0,2.71,34762663.0,13.46,2524992.0,0.98,2151.0,1.169,1.17,5890105088.0,6891422953,6891422953,2026-08-03,2026-08-03 15:34:45+08:00
159223,现金流ETF永赢,1.142,1.1421,0.01,-0.002,-0.17,56097.0,6415219.8,1.144,1.148,1.14,1.144,0.7,2.97,0.75,-96.34,27276.0,28821.0,147407.0,2.3,752326.0,11.73,-604919.0,-9.43,-91716.0,-1.43,-55691.0,-0.87,180.0,1.141,1.142,188844755.0,215660710,215660710,2026-08-03,2026-08-03 15:34:18+08:00
159201,自由现金流ETF华夏,1.185,1.1839,-0.09,-0.002,-0.17,2959501.0,350885251.587,1.184,1.191,1.18,1.187,0.93,1.99,0.81,-45.54,1539490.0,1420011.0,-34262762.0,-9.76,-35318852.0,-10.07,1056090.0,0.3,30118774.0,8.58,4143989.0,1.18,4891.0,1.184,1.185,14869275904.0,17620091946,17620091946,2026-08-03,2026-08-03 15:34:39+08:00
516760,养殖ETF平安,0.575,0.5749,-0.02,-0.001,-0.17,114464.0,6620824.0,0.576,0.582,0.572,0.576,1.74,3.69,2.14,-3.75,63799.0,50665.0,-601442.0,-9.08,-1074220.0,-16.22,472778.0,7.14,308278.0,4.66,293163.0,4.43,-1624.0,0.574,0.575,310215104.0,178373685,178373685,2026-08-03,2026-08-03 16:11:44+08:00
560700,央企红利ETF广发,1.177,1.1766,-0.03,-0.002,-0.17,60500.0,7122072.0,1.179,1.182,1.171,1.179,0.93,1.32,0.48,-4.07,26908.0,33592.0,843014.0,11.84,-452795.0,-6.36,1295809.0,18.19,-422064.0,-5.93,-420950.0,-5.91,-1414.0,1.176,1.177,459036896.0,540286427,540286427,2026-08-03,2026-08-03 16:11:38+08:00
159834,金ETF南方,8.786,8.7917,0.06,-0.015,-0.17,117259.0,103009347.0,8.754,8.804,8.754,8.801,0.57,5.72,1.96,-39.16,58096.0,59163.0,-239759.0,-0.23,-1764048.0,-1.71,1524289.0,1.48,-96903.0,-0.09,336662.0,0.33,1296.0,8.784,8.786,205161376.0,1802547850,1802547850,2026-08-03,2026-08-03 15:34:54+08:00
159824,新能源车ETF博时,1.081,1.0818,0.07,-0.002,-0.18,57387.0,6193628.7,1.083,1.087,1.072,1.083,1.39,6.82,0.49,29.49,43906.0,13481.0,-128874.0,-2.08,-841608.0,-13.59,712734.0,11.51,54414.0,0.88,74460.0,1.2,-200.0,1.081,1.082,84135070.0,90950011,90950011,2026-08-03,2026-08-03 15:34:36+08:00
512570,证券ETF易方达,1.111,1.1112,0.02,-0.002,-0.18,1097342.0,121548795.0,1.104,1.112,1.1,1.113,1.08,2.72,0.78,-5.4,533691.0,563651.0,-5977431.0,-4.92,-8027368.0,-6.6,2049937.0,1.69,2070991.0,1.7,3906439.0,3.21,-6966.0,1.111,1.112,4033806096.0,4481558573,4481558573,2026-08-03,2026-08-03 16:11:40+08:00
512900,证券ETF南方,1.092,1.0929,0.08,-0.002,-0.18,437229.0,47612306.0,1.088,1.094,1.081,1.094,1.19,0.58,0.79,-59.76,192416.0,244813.0,5863198.0,12.31,128644.0,0.27,5734554.0,12.04,1577532.0,3.31,-7440729.0,-15.63,-1109.0,1.092,1.093,7507906048.0,8198633404,8198633404,2026-08-03,2026-08-03 16:11:44+08:00
561420,300现金流ETF汇添富,1.095,1.0958,0.07,-0.002,-0.18,68989.0,7564412.0,1.093,1.102,1.09,1.097,1.09,0.65,0.57,-3.06,35825.0,33163.0,507433.0,6.71,17425.0,0.23,490008.0,6.48,-517321.0,-6.84,9889.0,0.13,-2.0,1.094,1.098,1067237008.0,1168624524,1168624524,2026-08-03,2026-08-03 16:11:52+08:00
159934,黄金ETF易方达,8.794,8.7944,0.0,-0.016,-0.18,609923.0,535827241.652,8.78,8.807,8.757,8.81,0.57,1.59,0.96,37.54,293078.0,316845.0,-43090326.0,-8.04,-34576123.0,-6.45,-8514203.0,-1.59,22109571.0,4.13,20980756.0,3.92,-2165.0,8.794,8.795,3835008992.0,33725069076,33725069076,2026-08-03,2026-08-03 15:34:24+08:00
159276,现金流ETF汇添富,1.103,1.1031,0.01,-0.002,-0.18,39206.0,4333635.3,1.101,1.11,1.101,1.105,0.81,1.04,0.6,-18.73,30812.0,8394.0,652988.0,15.07,-225569.0,-5.21,878557.0,20.27,-617960.0,-14.26,-35029.0,-0.81,6.0,1.101,1.105,376696656.0,415496412,415496412,2026-08-03,2026-08-03 15:34:12+08:00
512880,证券ETF国泰,1.105,1.1048,-0.02,-0.002,-0.18,12074937.0,1329647958.0,1.097,1.106,1.095,1.107,0.99,2.12,0.68,-12.52,6227588.0,5847349.0,-77150336.0,-5.8,-107978016.0,-8.12,30827680.0,2.32,62645715.0,4.71,14504626.0,1.09,-137283.0,1.104,1.105,56936291584.0,62914602200,62914602200,2026-08-03,2026-08-03 16:11:44+08:00
560110,中证1000ETF汇添富,1.063,1.0646,0.15,-0.002,-0.19,237467.0,25249409.0,1.06,1.07,1.056,1.065,1.31,6.51,0.43,20.09,105013.0,132454.0,-1320172.0,-5.23,-3094210.0,-12.25,1774038.0,7.03,387154.0,1.53,933018.0,3.7,-1851.0,1.063,1.064,364903504.0,387892425,387892425,2026-08-03,2026-08-03 16:11:53+08:00
159016,证券ETF广发,1.029,1.0268,-0.21,-0.002,-0.19,225343.0,23092210.08,1.021,1.03,1.017,1.031,1.26,6.25,0.67,0.3,111992.0,113351.0,-1905584.0,-8.25,-13263.0,-0.06,-1892321.0,-8.19,-83013.0,-0.36,1988597.0,8.61,-1219.0,1.029,1.03,360540160.0,370995825,370995825,2026-08-03,2026-08-03 15:34:48+08:00
159842,券商ETF银华,1.051,1.0509,-0.01,-0.002,-0.19,2268215.0,237642749.9,1.043,1.052,1.042,1.053,0.95,2.36,0.76,-23.56,1154870.0,1113345.0,-3847900.0,-1.62,-1875557.0,-0.79,-1972343.0,-0.83,1271685.0,0.54,2576214.0,1.08,5297.0,1.05,1.051,9618250752.0,10108781540,10108781540,2026-08-03,2026-08-03 15:34:00+08:00
563510,A500红利低波ETF易方达,1.036,1.0362,0.02,-0.002,-0.19,180278.0,18687864.0,1.032,1.043,1.031,1.038,1.16,5.73,1.49,-39.06,110546.0,69732.0,-1531440.0,-8.19,1085455.0,5.81,-2616895.0,-14.0,1863966.0,9.97,-332524.0,-1.78,-13.0,1.035,1.036,314537008.0,325860340,325860340,2026-08-03,2026-08-03 16:11:59+08:00
159937,黄金ETF博时,8.395,8.3984,0.04,-0.016,-0.19,507964.0,426227494.1,8.406,8.41,8.363,8.411,0.56,1.07,1.1,-15.08,265254.0,242710.0,-7432715.0,-1.74,6041325.0,1.42,-13474040.0,-3.16,-180551.0,-0.04,7613266.0,1.79,-623.0,8.395,8.396,4747222016.0,39852928824,39852928824,2026-08-03,2026-08-03 15:34:21+08:00
518880,黄金ETF华安,8.417,8.4079,-0.11,-0.016,-0.19,3223144.0,2710491400.0,8.4,8.43,8.383,8.433,0.56,2.95,1.12,12.87,1646948.0,1576196.0,-334164112.0,-12.33,-143019488.0,-5.28,-191144624.0,-7.05,175821744.0,6.49,158342373.0,5.84,-13870.0,8.416,8.417,10924040704.0,91947650606,91947650606,2026-08-03,2026-08-03 16:11:43+08:00
515840,食品ETF南方,1.032,1.0359,0.38,-0.002,-0.19,84143.0,8720938.0,1.024,1.046,1.024,1.034,2.13,12.12,0.34,-13.21,34977.0,49166.0,345406.0,3.96,1033147.0,11.85,-687741.0,-7.89,-142651.0,-1.64,-202754.0,-2.32,-35.0,1.032,1.034,69426400.0,71648045,71648045,2026-08-03,2026-08-03 16:11:33+08:00
159042,价值ETF汇添富,1.019,1.0197,0.07,-0.002,-0.2,74894.0,7637688.311,1.022,1.027,1.017,1.021,0.98,5.81,0.45,-17.19,48031.0,26864.0,-247419.0,-3.24,1142248.0,14.96,-1389667.0,-18.19,318541.0,4.17,-71123.0,-0.93,10.0,1.018,1.019,128801105.0,131248326,131248326,2026-08-03,2026-08-03 15:34:03+08:00
159070,工程机械ETF嘉实,0.977,0.9786,0.16,-0.002,-0.2,49799.0,4871682.167,0.982,0.988,0.977,0.979,1.12,4.43,0.47,-13.58,22366.0,27433.0,72406.0,1.49,-717949.0,-14.74,790355.0,16.22,-35.0,0.0,-72372.0,-1.49,-1900.0,0.977,0.98,112366883.0,109782445,109782445,2026-08-03,2026-08-03 15:34:09+08:00
560400,证券ETF华泰柏瑞,1.001,1.0018,0.08,-0.002,-0.2,227359.0,22727408.0,0.997,1.003,0.991,1.003,1.2,11.81,0.99,-2.83,116979.0,110380.0,-105493.0,-0.46,501347.0,2.21,-606840.0,-2.67,-6390.0,-0.03,111882.0,0.49,-100.0,1.001,1.002,192493000.0,192685493,192685493,2026-08-03,2026-08-03 16:11:53+08:00
560720,红利低波100ETF工银,1.02,1.0228,0.27,-0.002,-0.2,83217.0,8511236.0,1.02,1.029,1.016,1.022,1.27,7.53,0.58,-5.95,45236.0,37981.0,-502792.0,-5.91,445612.0,5.24,-948404.0,-11.14,610926.0,7.18,-108135.0,-1.27,-20.0,1.02,1.021,110548000.0,112758960,112758960,2026-08-03,2026-08-03 16:11:40+08:00
561400,N畜牧养殖ETF鑫元,1.001,1.0035,0.25,-0.002,-0.2,1102751.0,110809331.0,0.998,1.015,0.996,1.003,1.89,50.7,,-82.15,695981.0,406770.0,11941099.0,10.78,23292441.0,21.02,-11351342.0,-10.24,-10461519.0,-9.44,-1479579.0,-1.34,-2915.0,1.001,1.003,217518968.0,217736487,217736487,2026-08-03,2026-08-03 16:11:44+08:00
518660,黄金ETF工银,8.444,8.4335,-0.12,-0.017,-0.2,227651.0,192101262.0,8.44,8.456,8.408,8.461,0.57,2.4,1.27,-12.78,99712.0,127939.0,-5294173.0,-2.76,4417832.0,2.3,-9712005.0,-5.06,4020996.0,2.09,1273176.0,0.66,-222.0,8.443,8.444,947852704.0,8003668233,8003668233,2026-08-03,2026-08-03 16:11:54+08:00
518850,黄金ETF华夏,8.499,8.4917,-0.09,-0.017,-0.2,309333.0,262694639.0,8.489,8.514,8.464,8.516,0.59,1.73,0.95,-22.24,144025.0,165307.0,-11954676.0,-4.55,113046.0,0.04,-12067722.0,-4.59,3872085.0,1.47,8082592.0,3.08,-1690.0,8.498,8.499,1784178704.0,15163734805,15163734805,2026-08-03,2026-08-03 16:11:36+08:00
561470,畜牧养殖ETF天弘,1.021,1.023,0.2,-0.002,-0.2,47880.0,4928079.0,1.02,1.034,1.02,1.023,1.37,7.86,1.72,-1.07,36988.0,10892.0,409098.0,8.3,-516000.0,-10.47,925098.0,18.77,-211130.0,-4.28,-197968.0,-4.02,-1.0,1.02,1.021,60936000.0,62215656,62215656,2026-08-03,2026-08-03 16:11:43+08:00
159161,工程机械ETF东财,0.979,0.9796,0.06,-0.002,-0.2,13979.0,1374657.755,0.981,1.016,0.965,0.981,5.2,1.91,1.06,-66.78,8778.0,5201.0,-230567.0,-16.77,1359.0,0.1,-231926.0,-16.87,174298.0,12.68,56269.0,4.09,1.0,0.979,0.981,73331260.0,71791304,71791304,2026-08-03,2026-08-03 15:34:00+08:00
510090,责任ETF建信,2.524,2.5338,0.39,-0.005,-0.2,4988.0,1263735.0,2.529,2.538,2.524,2.529,0.55,1.84,1.04,14.91,3133.0,1855.0,-34688.0,-2.74,0.0,0.0,-34688.0,-2.74,0.0,0.0,34689.0,2.74,-1.0,2.525,2.532,27081100.0,68352696,68352696,2026-08-03,2026-08-03 16:12:02+08:00
516000,大数据ETF华夏,0.936,0.9362,0.02,-0.002,-0.21,389715.0,36782425.0,0.943,0.957,0.931,0.938,2.77,7.61,0.72,8.14,171037.0,218678.0,379688.0,1.03,1051118.0,2.86,-671430.0,-1.83,-1037025.0,-2.82,657335.0,1.79,-1194.0,0.935,0.936,511855008.0,479096287,479096287,2026-08-03,2026-08-03 16:11:46+08:00
563850,食品ETF广发,0.957,0.9582,0.13,-0.002,-0.21,31063.0,2986868.0,0.959,0.969,0.955,0.959,1.46,2.64,0.78,-11.75,17962.0,13101.0,-95583.0,-3.2,0.0,0.0,-95583.0,-3.2,111482.0,3.73,-15899.0,-0.53,-50.0,0.957,0.958,117881700.0,112812787,112812787,2026-08-03,2026-08-03 16:11:57+08:00
560550,碳中和ETF广发,0.967,0.9673,0.03,-0.002,-0.21,16677.0,1626953.0,1.03,1.03,0.961,0.969,7.12,1.33,4.06,-23.52,9700.0,6977.0,-475908.0,-29.25,-1022404.0,-62.84,546496.0,33.59,280399.0,17.23,195509.0,12.02,-148.0,0.966,0.967,125597400.0,121452686,121452686,2026-08-03,2026-08-03 16:11:59+08:00
159065,工程机械ETF景顺,0.962,0.9633,0.13,-0.002,-0.21,19161.0,1849496.989,0.964,0.972,0.962,0.964,1.04,1.61,0.59,-22.96,8362.0,10799.0,106467.0,5.76,0.0,0.0,106467.0,5.76,-66178.0,-3.58,-40289.0,-2.18,-21.0,0.962,0.965,119350818.0,114815487,114815487,2026-08-03,2026-08-03 15:34:24+08:00
560160,食品ETF易方达,0.93,0.9325,0.27,-0.002,-0.21,55357.0,5175528.0,0.929,0.941,0.928,0.932,1.39,4.51,0.74,0.98,28116.0,27241.0,-636745.0,-12.3,-470489.0,-9.09,-166256.0,-3.21,428347.0,8.28,208399.0,4.03,-268.0,0.93,0.933,122706000.0,114116580,114116580,2026-08-03,2026-08-03 16:11:47+08:00
561360,石油ETF国泰,1.407,1.4078,0.06,-0.003,-0.21,427856.0,60132303.0,1.406,1.42,1.39,1.41,2.13,3.02,0.61,11.8,197350.0,230506.0,7131556.0,11.86,5168139.0,8.59,1963417.0,3.27,1092923.0,1.82,-8224479.0,-13.68,-1183.0,1.404,1.407,1415148000.0,1991113236,1991113236,2026-08-03,2026-08-03 16:11:56+08:00
518860,上海金ETF建信,8.436,8.4252,-0.13,-0.018,-0.21,28226.0,23785944.0,8.446,8.446,8.402,8.454,0.52,0.6,1.35,-29.53,14458.0,13768.0,663582.0,2.79,0.0,0.0,663582.0,2.79,-1400635.0,-5.89,737054.0,3.1,-278.0,8.43,8.436,472659808.0,3987358140,3987358140,2026-08-03,2026-08-03 16:11:52+08:00
159203,大盘成长ETF博时,1.345,1.3242,-1.57,-0.003,-0.22,1057.0,140571.6,1.336,1.361,1.326,1.348,2.6,1.08,0.28,39.74,197.0,860.0,26567.0,18.9,0.0,0.0,26567.0,18.9,-4612.0,-3.28,-21954.0,-15.62,-1.0,1.348,1.35,9791913.0,13170123,13170123,2026-08-03,2026-08-03 15:34:42+08:00
159026,石油ETF南方,0.893,0.8927,-0.03,-0.002,-0.22,55528.0,4956065.492,0.888,0.901,0.888,0.895,1.45,11.45,0.72,-36.83,22515.0,33013.0,-15696.0,-0.32,0.0,0.0,-15696.0,-0.32,21824.0,0.44,-6129.0,-0.12,90.0,0.891,0.895,48513446.0,43322507,43322507,2026-08-03,2026-08-03 15:34:54+08:00
517350,沪港深科技ETF广发,0.907,0.9078,0.09,-0.002,-0.22,23317.0,2116660.0,0.908,0.915,0.903,0.909,1.32,4.75,1.46,-0.19,9413.0,13904.0,116835.0,5.52,0.0,0.0,116835.0,5.52,-80849.0,-3.82,-35985.0,-1.7,-82.0,0.905,0.907,49042000.0,44481094,44481094,2026-08-03,2026-08-03 16:11:47+08:00
512450,畜牧养殖ETF广发,0.89,0.8901,0.01,-0.002,-0.22,27192.0,2426638.0,0.891,0.901,0.881,0.892,2.24,2.4,0.7,3.09,13195.0,13997.0,7119.0,0.29,0.0,0.0,7119.0,0.29,62199.0,2.56,-69318.0,-2.86,-2.0,0.89,0.891,113367000.0,100896630,100896630,2026-08-03,2026-08-03 16:11:49+08:00
560060,碳中和ETF汇添富,0.926,0.9267,0.08,-0.002,-0.22,8283.0,766405.0,0.92,0.928,0.919,0.928,0.97,1.09,1.08,5.53,2778.0,5505.0,-51438.0,-6.71,0.0,0.0,-51438.0,-6.71,55592.0,7.25,-4154.0,-0.54,-400.0,0.924,0.928,76090000.0,70459340,70459340,2026-08-03,2026-08-03 16:11:48+08:00
561330,矿业ETF国泰,0.897,0.8961,-0.1,-0.002,-0.22,379005.0,33932064.0,0.9,0.902,0.883,0.899,2.11,2.16,0.73,0.25,187062.0,191943.0,1374966.0,4.05,-2709950.0,-7.99,4084916.0,12.04,-1170124.0,-3.45,-204843.0,-0.6,-142.0,0.896,0.897,1753392096.0,1572792710,1572792710,2026-08-03,2026-08-03 16:11:42+08:00
159663,机床ETF华夏,0.902,0.8997,-0.26,-0.002,-0.22,549034.0,49657483.5,0.903,0.921,0.893,0.904,3.1,12.01,0.39,-29.51,259683.0,289351.0,711945.0,1.43,158666.0,0.32,553279.0,1.11,-1140169.0,-2.3,428225.0,0.86,171.0,0.901,0.902,457035168.0,412245722,412245722,2026-08-03,2026-08-03 15:34:12+08:00
515300,300红利低波ETF嘉实,1.336,1.3378,0.13,-0.003,-0.22,826632.0,110537520.0,1.339,1.347,1.33,1.339,1.27,2.18,0.87,-30.08,336724.0,489908.0,7943634.0,7.19,2251989.0,2.04,5691645.0,5.15,-3793185.0,-3.43,-4150448.0,-3.75,-194.0,1.335,1.336,3794175200.0,5069018067,5069018067,2026-08-03,2026-08-03 16:11:37+08:00
159871,有色ETF银华,0.901,0.9009,-0.01,-0.002,-0.22,253083.0,22762358.5,0.903,0.907,0.888,0.903,2.1,2.31,0.72,12.63,129225.0,123858.0,-1474685.0,-6.48,-2104802.0,-9.25,630117.0,2.77,1447434.0,6.36,27251.0,0.12,-263.0,0.901,0.902,1095232512.0,986804493,986804493,2026-08-03,2026-08-03 15:34:39+08:00
515850,证券ETF富国,1.375,1.3754,0.03,-0.003,-0.22,393831.0,53976463.0,1.365,1.377,1.361,1.378,1.16,9.23,0.92,-2.66,168697.0,225134.0,2423302.0,4.49,-2551420.0,-4.73,4974722.0,9.22,-2923932.0,-5.42,500629.0,0.93,-1364.0,1.374,1.375,426791008.0,586837636,586837636,2026-08-03,2026-08-03 16:12:02+08:00
159156,电池ETF万家,0.88,0.8768,-0.36,-0.002,-0.23,72793.0,6383499.7,0.882,0.899,0.871,0.882,3.17,3.38,1.02,-5.34,25580.0,47213.0,123892.0,1.94,426195.0,6.68,-302303.0,-4.74,-175658.0,-2.75,51766.0,0.81,-602.0,0.88,0.882,215461253.0,189605903,189605903,2026-08-03,2026-08-03 15:34:03+08:00
560950,中证500增强ETF汇添富,1.325,1.3271,0.16,-0.003,-0.23,2789.0,370188.0,1.327,1.348,1.323,1.328,1.88,1.6,0.57,-10.76,1382.0,1407.0,-244828.0,-66.14,0.0,0.0,-244828.0,-66.14,271292.0,73.28,-26463.0,-7.15,-358.0,1.324,1.328,17483000.0,23164975,23164975,2026-08-03,2026-08-03 16:11:53+08:00
516220,化工ETF国泰,0.871,0.8707,-0.03,-0.002,-0.23,154718.0,13395294.0,0.872,0.88,0.853,0.873,3.09,5.66,0.53,-9.94,64781.0,89937.0,907407.0,6.77,-1683311.0,-12.57,2590718.0,19.34,-913775.0,-6.82,6369.0,0.05,-807.0,0.87,0.871,273170000.0,237931070,237931070,2026-08-03,2026-08-03 16:11:51+08:00
510010,180治理ETF交银,1.77,1.7658,-0.24,-0.004,-0.23,420.0,74232.0,1.765,1.77,1.756,1.774,0.79,0.03,0.86,14.55,212.0,208.0,-32551.0,-43.85,0.0,0.0,-32551.0,-43.85,34790.0,46.87,-2240.0,-3.02,151.0,1.764,1.77,130524400.0,231028188,231028188,2026-08-03,2026-08-03 16:11:45+08:00
516610,医疗设备ETF大成,0.428,0.4283,0.07,-0.001,-0.23,99715.0,4269182.0,0.43,0.43,0.426,0.429,0.93,3.97,0.74,0.9,30594.0,69121.0,158359.0,3.71,318005.0,7.45,-159646.0,-3.74,-218840.0,-5.13,60483.0,1.42,-3014.0,0.428,0.429,250974800.0,107417214,107417214,2026-08-03,2026-08-03 16:11:40+08:00
515970,工程机械ETF华夏,0.875,0.8766,0.18,-0.002,-0.23,722001.0,63450348.0,0.877,0.884,0.874,0.877,1.14,10.17,0.56,11.97,374078.0,347923.0,-16648.0,-0.03,-2056094.0,-3.24,2039446.0,3.21,-138385.0,-0.22,155034.0,0.24,-347.0,0.874,0.875,710088000.0,621327000,621327000,2026-08-03,2026-08-03 16:11:34+08:00
159260,证券ETF博时,0.872,0.872,0.0,-0.002,-0.23,67804.0,5893745.548,0.866,0.873,0.865,0.874,0.92,0.59,0.57,-21.58,23969.0,43835.0,-171772.0,-2.91,257064.0,4.36,-428836.0,-7.28,218757.0,3.71,-46986.0,-0.8,433.0,0.871,0.872,1146213584.0,999498245,999498245,2026-08-03,2026-08-03 15:34:27+08:00
159677,中证1000增强ETF银华,1.317,1.3177,0.05,-0.003,-0.23,45775.0,6026414.2,1.316,1.322,1.31,1.32,0.91,13.91,0.72,-96.98,19807.0,25968.0,418786.0,6.95,0.0,0.0,418786.0,6.95,-42172.0,-0.7,-376614.0,-6.25,3.0,1.315,1.317,32904091.0,43334688,43334688,2026-08-03,2026-08-03 15:34:54+08:00
159848,证券ETF国联安,0.88,0.8795,-0.06,-0.002,-0.23,15662.0,1372802.2,0.872,0.881,0.872,0.882,1.02,1.05,0.6,-38.48,6638.0,9024.0,-159675.0,-11.63,-42528.0,-3.1,-117147.0,-8.53,-39357.0,-2.87,199032.0,14.5,5.0,0.879,0.88,149811239.0,131833890,131833890,2026-08-03,2026-08-03 15:34:27+08:00
560330,沪深300价值ETF申万菱信,1.246,1.2461,0.01,-0.003,-0.24,524.0,65216.0,1.256,1.256,1.24,1.249,1.28,0.31,0.08,8.7,299.0,225.0,-16052.0,-24.61,0.0,0.0,-16052.0,-24.61,6205.0,9.51,9847.0,15.1,-20.0,1.242,1.246,17130000.0,21343980,21343980,2026-08-03,2026-08-03 16:11:40+08:00
560100,中证500增强ETF南方,1.272,1.2671,-0.39,-0.003,-0.24,79190.0,10068404.0,1.27,1.28,1.263,1.275,1.33,12.08,0.8,-20.51,26579.0,52611.0,634616.0,6.3,-1739455.0,-17.28,2374071.0,23.58,-728556.0,-7.24,93939.0,0.93,-1.0,1.269,1.272,65580300.0,83418142,83418142,2026-08-03,2026-08-03 16:11:44+08:00
159549,红利低波ETF天弘,1.231,1.2312,0.02,-0.003,-0.24,129679.0,15959753.7,1.228,1.24,1.226,1.234,1.13,0.26,1.11,95.04,25123.0,104556.0,793583.0,4.97,-230084.0,-1.44,1023667.0,6.41,-192035.0,-1.2,-601548.0,-3.77,-8.0,1.231,1.234,5071523840.0,6243045847,6243045847,2026-08-03,2026-08-03 15:34:51+08:00
515010,证券ETF华夏,1.27,1.2708,0.06,-0.003,-0.24,366000.0,46342713.0,1.263,1.271,1.258,1.273,1.02,1.74,0.71,-3.79,149830.0,216170.0,515151.0,1.11,-404355.0,-0.87,919506.0,1.98,-2860979.0,-6.17,2345828.0,5.06,-3075.0,1.269,1.27,2107771600.0,2676869932,2676869932,2026-08-03,2026-08-03 16:11:49+08:00
159155,电池ETF大成,0.838,0.8395,0.18,-0.002,-0.24,240522.0,20212602.9,0.843,0.846,0.829,0.84,2.02,4.05,0.67,35.62,115344.0,125178.0,-56878.0,-0.28,-64170.0,-0.32,7292.0,0.04,-502670.0,-2.49,559548.0,2.77,-375.0,0.838,0.839,593513296.0,497364142,497364142,2026-08-03,2026-08-03 15:34:57+08:00
561960,央企回报ETF招商,1.25,1.251,0.08,-0.003,-0.24,2279.0,284935.0,1.254,1.256,1.248,1.253,0.64,0.4,0.35,6.06,1103.0,1176.0,-14420.0,-5.06,-20725.0,-7.27,6305.0,2.21,125.0,0.04,14295.0,5.02,-2.0,1.248,1.253,57185200.0,71481500,71481500,2026-08-03,2026-08-03 16:11:34+08:00
159032,工业有色ETF易方达,0.847,0.845,-0.24,-0.002,-0.24,72150.0,6098271.6,0.844,0.853,0.838,0.849,1.77,2.79,0.74,67.08,35129.0,37021.0,-1377210.0,-22.58,-1665634.0,-27.31,288424.0,4.73,415129.0,6.81,962082.0,15.78,-537.0,0.847,0.848,258845019.0,219241731,219241731,2026-08-03,2026-08-03 15:34:57+08:00
159616,农牧ETF建信,0.794,0.7937,-0.04,-0.002,-0.25,187792.0,14913799.2,0.79,0.8,0.784,0.796,2.01,27.39,1.06,-33.61,92407.0,95385.0,-360065.0,-2.41,-285446.0,-1.91,-74619.0,-0.5,339230.0,2.27,20835.0,0.14,134.0,0.794,0.795,68561112.0,54437523,54437523,2026-08-03,2026-08-03 15:34:36+08:00
159728,在线消费ETF南方,0.795,0.7961,0.14,-0.002,-0.25,120721.0,9654352.0,0.791,0.812,0.789,0.797,2.89,23.48,0.74,79.86,46290.0,74431.0,-507005.0,-5.25,0.0,0.0,-507005.0,-5.25,115387.0,1.2,391619.0,4.06,-200.0,0.795,0.797,51410129.0,40871053,40871053,2026-08-03,2026-08-03 15:34:54+08:00
518800,黄金ETF国泰,8.82,8.8153,-0.05,-0.022,-0.25,370689.0,326812804.0,8.807,8.838,8.787,8.842,0.58,1.03,0.87,44.94,182733.0,187955.0,-10008279.0,-3.06,-2919513.0,-0.89,-7088766.0,-2.17,4751475.0,1.45,5256804.0,1.61,-889.0,8.82,8.822,3608779200.0,31829432544,31829432544,2026-08-03,2026-08-03 16:12:01+08:00
159515,国企红利ETF鹏扬,1.209,1.2101,0.09,-0.003,-0.25,26121.0,3167204.4,1.212,1.22,1.205,1.212,1.24,5.83,1.0,22.91,19298.0,6823.0,368891.0,11.65,613533.0,19.37,-244642.0,-7.72,-442784.0,-13.98,73893.0,2.33,-10.0,1.21,1.213,44786631.0,54147037,54147037,2026-08-03,2026-08-03 15:34:36+08:00
159637,新能源车ETF东财,0.809,0.8078,-0.15,-0.002,-0.25,351684.0,28348031.7,0.812,0.813,0.8,0.811,1.6,5.28,1.69,34.2,112949.0,238735.0,-760172.0,-2.68,-1583487.0,-5.59,823315.0,2.9,112715.0,0.4,647456.0,2.28,433.0,0.808,0.809,665768096.0,538606390,538606390,2026-08-03,2026-08-03 15:34:33+08:00
560070,央企红利ETF汇添富,1.151,1.154,0.26,-0.003,-0.26,10679.0,1231233.0,1.149,1.156,1.149,1.154,0.61,1.25,0.53,3.06,4355.0,6324.0,190646.0,15.48,17278.0,1.4,173368.0,14.08,-144259.0,-11.72,-46385.0,-3.77,-97.0,1.151,1.155,85362300.0,98252007,98252007,2026-08-03,2026-08-03 16:12:01+08:00
159831,金ETF嘉实,8.493,8.4979,0.06,-0.022,-0.26,39943.0,33909638.3,8.5,8.508,8.46,8.515,0.56,1.97,0.97,10.16,24623.0,15320.0,-2626705.0,-7.75,-4709741.0,-13.89,2083036.0,6.14,2529368.0,7.46,97338.0,0.29,-10.0,8.496,8.498,202256243.0,1717762272,1717762272,2026-08-03,2026-08-03 15:34:21+08:00
516560,养老ETF华宝,0.766,0.764,-0.26,-0.002,-0.26,50379.0,3855486.0,0.769,0.771,0.762,0.768,1.17,2.36,0.91,5.18,23405.0,26974.0,-472839.0,-12.26,0.0,0.0,-472839.0,-12.26,284299.0,7.37,188540.0,4.89,-204.0,0.765,0.766,213758000.0,163738628,163738628,2026-08-03,2026-08-03 16:11:45+08:00
159576,深证100ETF广发,1.522,1.5154,-0.44,-0.004,-0.26,22333.0,3395717.9,1.523,1.528,1.511,1.526,1.11,5.95,0.42,-61.32,15479.0,6854.0,-455969.0,-13.43,0.0,0.0,-455969.0,-13.43,436814.0,12.86,19153.0,0.56,2.0,1.516,1.522,37509612.0,57089629,57089629,2026-08-03,2026-08-03 15:34:36+08:00
517010,沪港深500ETF易方达,1.126,1.1296,0.32,-0.003,-0.27,24005.0,2704323.0,1.129,1.14,1.12,1.129,1.77,2.58,0.92,0.17,11889.0,12116.0,444557.0,16.44,0.0,0.0,444557.0,16.44,-479292.0,-17.72,34736.0,1.28,50.0,1.126,1.129,93144200.0,104880369,104880369,2026-08-03,2026-08-03 16:11:56+08:00
515590,500等权ETF前海开源,1.88,1.875,-0.27,-0.005,-0.27,5393.0,1015074.0,1.885,1.888,1.874,1.885,0.74,1.49,0.52,-40.39,1031.0,4362.0,-98517.0,-9.71,0.0,0.0,-98517.0,-9.71,93800.0,9.24,4717.0,0.46,-26.0,1.877,1.879,36113700.0,67893756,67893756,2026-08-03,2026-08-03 16:11:50+08:00
159391,大盘价值ETF博时,1.12,1.1209,0.08,-0.003,-0.27,21160.0,2365531.2,1.127,1.129,1.115,1.123,1.25,2.35,1.32,-45.5,14499.0,6661.0,365830.0,15.47,-37352.0,-1.58,403182.0,17.04,-108038.0,-4.57,-257792.0,-10.9,-244.0,1.118,1.121,90076398.0,100885566,100885566,2026-08-03,2026-08-03 15:34:15+08:00
159292,创业板综增强ETF华宝,1.112,1.1147,0.24,-0.003,-0.27,37537.0,4163387.2,1.111,1.12,1.102,1.115,1.61,2.07,0.81,-60.13,10685.0,26852.0,-278738.0,-6.69,0.0,0.0,-278738.0,-6.69,303903.0,7.3,-25165.0,-0.6,20.0,1.105,1.112,181189531.0,201482758,201482758,2026-08-03,2026-08-03 15:34:42+08:00
518680,金ETF富国,8.813,8.8047,-0.09,-0.024,-0.27,98464.0,86704945.0,8.797,8.827,8.777,8.837,0.57,1.24,0.68,37.39,52129.0,46335.0,-3936637.0,-4.54,0.0,0.0,-3936637.0,-4.54,3725330.0,4.3,211307.0,0.24,-44.0,8.812,8.813,795569504.0,7011354039,7011354039,2026-08-03,2026-08-03 16:12:01+08:00
512820,银行ETF汇添富,1.459,1.4623,0.23,-0.004,-0.27,669599.0,97369860.0,1.452,1.467,1.442,1.463,1.71,16.46,0.81,-29.84,325371.0,344228.0,1368772.0,1.41,-2131052.0,-2.19,3499824.0,3.59,60190.0,0.06,-1428961.0,-1.47,-2034.0,1.459,1.46,406901904.0,593669878,593669878,2026-08-03,2026-08-03 16:12:00+08:00
515450,红利低波50ETF南方,1.454,1.4551,0.08,-0.004,-0.27,959195.0,139613269.0,1.454,1.467,1.449,1.458,1.23,0.7,0.49,21.75,513070.0,446125.0,483718.0,0.35,5316850.0,3.81,-4833132.0,-3.46,-4765733.0,-3.41,4282016.0,3.07,-6092.0,1.453,1.454,13718834944.0,19947186009,19947186009,2026-08-03,2026-08-03 16:11:56+08:00
159085,价值ETF永赢,1.052,1.0549,0.27,-0.003,-0.28,36708.0,3867838.049,1.052,1.061,1.049,1.055,1.14,5.2,0.38,-95.41,17215.0,19493.0,348881.0,9.02,0.0,0.0,348881.0,9.02,-282209.0,-7.3,-66671.0,-1.72,145.0,1.049,1.05,70535454.0,74203298,74203298,2026-08-03,2026-08-03 15:34:36+08:00
563700,红利价值ETF易方达,1.057,1.0585,0.14,-0.003,-0.28,93738.0,9924445.0,1.054,1.065,1.053,1.06,1.13,2.31,2.06,12.74,28740.0,64998.0,1200897.0,12.1,1654174.0,16.67,-453277.0,-4.57,773028.0,7.79,-1973925.0,-19.89,-40.0,1.056,1.057,406150000.0,429300550,429300550,2026-08-03,2026-08-03 16:11:35+08:00
560670,银行ETF华泰柏瑞,1.075,1.0784,0.32,-0.003,-0.28,158552.0,16969010.0,1.07,1.082,1.062,1.078,1.86,26.22,0.82,2.05,67441.0,91111.0,141810.0,0.84,0.0,0.0,141810.0,0.84,-22542.0,-0.13,-119267.0,-0.7,-1349.0,1.075,1.076,60474000.0,65009550,65009550,2026-08-03,2026-08-03 16:11:52+08:00
516550,农业ETF嘉实,0.712,0.7108,-0.17,-0.002,-0.28,66193.0,4712545.0,0.719,0.719,0.706,0.714,1.82,2.7,0.89,6.2,37294.0,28899.0,-316976.0,-6.73,-1309419.0,-27.79,992443.0,21.06,162945.0,3.46,154031.0,3.27,-169.0,0.711,0.712,245414400.0,174735053,174735053,2026-08-03,2026-08-03 16:11:40+08:00
516980,证券先锋ETF华富,1.087,1.0882,0.11,-0.003,-0.28,31787.0,3446590.0,1.083,1.089,1.075,1.09,1.28,5.21,0.83,-0.46,11611.0,20176.0,194563.0,5.65,0.0,0.0,194563.0,5.65,-268525.0,-7.79,73963.0,2.15,-1.0,1.086,1.087,61016000.0,66324392,66324392,2026-08-03,2026-08-03 16:11:34+08:00
516210,银行ETF华安,1.417,1.4198,0.2,-0.004,-0.28,74893.0,10600128.0,1.41,1.425,1.399,1.421,1.83,9.03,0.75,7.39,45237.0,29656.0,349106.0,3.29,-846609.0,-7.99,1195715.0,11.28,-101407.0,-0.96,-247699.0,-2.34,-761.0,1.417,1.418,82931000.0,117513227,117513227,2026-08-03,2026-08-03 16:11:38+08:00
159129,化工ETF嘉实,1.031,1.0308,-0.02,-0.003,-0.29,138296.0,14212117.2,1.027,1.042,1.012,1.034,2.9,1.18,0.61,5.7,76595.0,61701.0,108483.0,0.76,-89401.0,-0.63,197884.0,1.39,-137328.0,-0.97,28845.0,0.2,1739.0,1.03,1.031,1173406592.0,1209782196,1209782196,2026-08-03,2026-08-03 15:34:48+08:00
159296,A500红利低波ETF华宝,1.043,1.0427,-0.03,-0.003,-0.29,32124.0,3351433.168,1.042,1.05,1.039,1.046,1.05,6.42,0.51,-53.33,8322.0,23802.0,537532.0,16.04,0.0,0.0,537532.0,16.04,-474945.0,-14.17,-62587.0,-1.87,29.0,1.042,1.043,50042941.0,52194787,52194787,2026-08-03,2026-08-03 15:34:06+08:00
159021,大盘价值ETF华夏,1.017,1.017,0.0,-0.003,-0.29,72586.0,7359034.652,1.01,1.024,1.003,1.02,2.06,6.21,0.42,-87.15,54041.0,18546.0,14133.0,0.19,-270420.0,-3.67,284553.0,3.87,-613863.0,-8.34,599730.0,8.15,1.0,1.005,1.017,116907712.0,118895143,118895143,2026-08-03,2026-08-03 15:34:54+08:00
159685,1000增强ETF天弘,1.358,1.3597,0.13,-0.004,-0.29,9737.0,1323093.1,1.362,1.366,1.356,1.362,0.73,5.01,0.77,0.46,1751.0,7986.0,136909.0,10.35,0.0,0.0,136909.0,10.35,-159744.0,-12.07,22834.0,1.73,-2000.0,1.357,1.363,19440067.0,26399611,26399611,2026-08-03,2026-08-03 15:34:33+08:00
561490,红利质量ETF财通,1.027,1.0281,0.11,-0.003,-0.29,423243.0,43662278.0,1.023,1.041,1.022,1.03,1.84,21.97,0.18,-10.8,214373.0,208870.0,4386435.0,10.05,4473254.0,10.25,-86819.0,-0.2,-3613975.0,-8.28,-772459.0,-1.77,-60.0,1.026,1.027,192631300.0,197832345,197832345,2026-08-03,2026-08-03 16:11:58+08:00
561570,油气ETF华泰柏瑞,1.33,1.3327,0.2,-0.004,-0.3,120765.0,16078987.0,1.319,1.343,1.317,1.334,1.95,15.07,0.89,0.46,58900.0,61865.0,811449.0,5.05,-187034.0,-1.16,998483.0,6.21,-146164.0,-0.91,-665285.0,-4.14,-1000.0,1.329,1.333,80147000.0,106595510,106595510,2026-08-03,2026-08-03 16:11:37+08:00
560080,中药ETF汇添富,1.01,1.0106,0.06,-0.003,-0.3,559439.0,56614697.0,1.012,1.02,1.008,1.013,1.18,2.18,0.72,11.72,238673.0,320766.0,8068096.0,14.25,2940791.0,5.19,5127305.0,9.06,-6193833.0,-10.94,-1874263.0,-3.31,-6227.0,1.009,1.01,2562265008.0,2587887658,2587887658,2026-08-03,2026-08-03 16:11:33+08:00
516570,化工行业ETF易方达,1.0,0.9996,-0.04,-0.003,-0.3,271560.0,27187123.0,0.991,1.012,0.984,1.003,2.79,2.34,0.83,1.73,140400.0,131160.0,1466837.0,5.4,2597144.0,9.55,-1130307.0,-4.16,-498069.0,-1.83,-968768.0,-3.56,-182.0,1.0,1.001,1159357600.0,1159357600,1159357600,2026-08-03,2026-08-03 16:11:59+08:00
159293,创业板综增强ETF建信,1.002,1.004,0.2,-0.003,-0.3,25566.0,2562658.2,0.995,1.007,0.991,1.005,1.59,11.04,1.0,20.41,18169.0,7397.0,-110645.0,-4.32,0.0,0.0,-110645.0,-4.32,101198.0,3.95,9446.0,0.37,-500.0,0.998,1.006,23159397.0,23205716,23205716,2026-08-03,2026-08-03 15:34:09+08:00
159841,证券ETF天弘,1.0,1.0009,0.09,-0.003,-0.3,1609913.0,160739613.066,0.996,1.002,0.992,1.003,1.0,1.34,0.66,-40.62,731668.0,878245.0,-12635148.0,-7.86,-7207329.0,-4.48,-5427819.0,-3.38,5871605.0,3.65,6763544.0,4.21,-11387.0,1.0,1.001,11998038528.0,11998038528,11998038528,2026-08-03,2026-08-03 15:34:36+08:00
518890,上海金ETF中银,8.432,8.4224,-0.11,-0.025,-0.3,30518.0,25703460.0,8.416,8.442,8.395,8.457,0.56,0.78,1.05,13.47,16037.0,14481.0,-634675.0,-2.47,0.0,0.0,-634675.0,-2.47,110814.0,0.43,523860.0,2.04,-11.0,8.429,8.432,392654800.0,3310865274,3310865274,2026-08-03,2026-08-03 16:11:47+08:00
516730,证券ETF浦银,1.004,1.0052,0.12,-0.003,-0.3,25553.0,2562549.0,0.998,1.006,0.997,1.007,0.89,1.06,0.56,-12.08,13762.0,11791.0,-106148.0,-4.14,320269.0,12.5,-426417.0,-16.64,68020.0,2.65,38129.0,1.49,-200.0,1.003,1.004,240380800.0,241342323,241342323,2026-08-03,2026-08-03 16:11:57+08:00
561450,N红利低波50ETF华泰柏瑞,1.001,1.0048,0.38,-0.003,-0.3,1277807.0,128040258.0,1.0,1.006,0.997,1.004,0.9,60.1,,-86.29,950433.0,327374.0,490606.0,0.38,10782040.0,8.42,-10291434.0,-8.04,-635148.0,-0.5,144542.0,0.11,-2198.0,0.999,1.001,212624349.0,212836973,212836973,2026-08-03,2026-08-03 16:11:59+08:00
516660,新能源车ETF华安,0.982,0.9815,-0.05,-0.003,-0.3,9681.0,948311.0,0.985,0.985,0.972,0.985,1.32,0.61,0.96,1.28,3618.0,6063.0,-135054.0,-14.24,2531.0,0.27,-137585.0,-14.51,121718.0,12.84,13334.0,1.41,-40.0,0.981,0.982,157689000.0,154850598,154850598,2026-08-03,2026-08-03 16:12:02+08:00
159177,工程机械ETF鹏华,0.979,0.9794,0.04,-0.003,-0.31,87995.0,8630050.4,0.988,0.988,0.978,0.982,1.02,17.73,0.79,44.45,40140.0,47855.0,146910.0,1.7,0.0,0.0,146910.0,1.7,53029.0,0.61,-199939.0,-2.32,1300.0,0.979,0.983,49619279.0,48577274,48577274,2026-08-03,2026-08-03 15:34:51+08:00
159377,创业板医药ETF国泰,0.972,0.9725,0.05,-0.003,-0.31,96116.0,9359647.4,0.975,0.981,0.97,0.975,1.13,6.24,0.6,31.12,47874.0,48242.0,-886397.0,-9.47,9510.0,0.1,-895907.0,-9.57,429470.0,4.59,456927.0,4.88,343.0,0.971,0.972,154129399.0,149813776,149813776,2026-08-03,2026-08-03 15:34:48+08:00
159266,港股央企红利ETF永赢,0.977,0.9774,0.04,-0.003,-0.31,147225.0,14390072.5,0.98,0.985,0.974,0.98,1.12,4.14,1.05,29.53,67638.0,79587.0,366924.0,2.55,3183638.0,22.12,-2816714.0,-19.57,-360018.0,-2.5,-6906.0,-0.05,-892.0,0.977,0.979,355710096.0,347528764,347528764,2026-08-03,2026-08-03 15:34:03+08:00
515030,新能源车ETF华夏,1.614,1.6141,0.01,-0.005,-0.31,752059.0,121392507.0,1.608,1.624,1.597,1.619,1.67,4.75,0.83,3.54,386058.0,366001.0,-6308727.0,-5.2,-5679318.0,-4.68,-629409.0,-0.52,2475435.0,2.04,3833291.0,3.16,-718.0,1.613,1.614,1584384000.0,2557195776,2557195776,2026-08-03,2026-08-03 16:11:51+08:00
159118,港股通红利低波ETF华夏,0.98,0.9806,0.06,-0.003,-0.31,10741.0,1054247.44,0.982,0.988,0.977,0.983,1.12,1.52,0.23,-6.53,4672.0,6069.0,38020.0,3.61,0.0,0.0,38020.0,3.61,-4420.0,-0.42,-33601.0,-3.19,51.0,0.979,0.98,70677020.0,69263480,69263480,2026-08-03,2026-08-03 15:34:18+08:00
159151,食品ETF华夏,0.927,0.9254,-0.17,-0.003,-0.32,157787.0,14631680.8,0.927,0.936,0.918,0.93,1.94,7.65,0.85,9.19,75023.0,82764.0,474398.0,3.24,-506501.0,-3.46,980899.0,6.7,-466591.0,-3.19,-7807.0,-0.05,-252.0,0.927,0.928,206251063.0,191194735,191194735,2026-08-03,2026-08-03 15:34:54+08:00
159049,有色ETF工银,0.946,0.9472,0.13,-0.003,-0.32,65154.0,6156994.294,0.949,0.953,0.933,0.949,2.11,3.54,0.67,-52.76,30233.0,34921.0,87551.0,1.42,0.0,0.0,87551.0,1.42,46506.0,0.76,-134057.0,-2.18,-245.0,0.946,0.947,184073319.0,174133360,174133360,2026-08-03,2026-08-03 15:34:00+08:00
513170,恒生央企ETF鹏华,1.566,1.5666,0.04,-0.005,-0.32,42636.0,6681658.0,1.572,1.582,1.559,1.571,1.46,2.1,1.41,52.11,19676.0,22960.0,-139079.0,-2.08,0.0,0.0,-139079.0,-2.08,318440.0,4.77,-179361.0,-2.68,-529.0,1.564,1.566,202573000.0,317229318,317229318,2026-08-03,2026-08-03 16:11:39+08:00
159222,自由现金流ETF易方达,1.265,1.2651,0.01,-0.004,-0.32,854004.0,108222671.3,1.265,1.272,1.262,1.269,0.79,4.86,0.88,27.6,429252.0,424752.0,-10722023.0,-9.91,-26480713.0,-24.47,15758690.0,14.56,9630607.0,8.9,1091415.0,1.01,-436.0,1.265,1.267,1757370400.0,2223073556,2223073556,2026-08-03,2026-08-03 15:34:48+08:00
515700,新能源车ETF平安,2.156,2.158,0.09,-0.007,-0.32,234386.0,50599998.0,2.173,2.173,2.135,2.163,1.76,3.27,0.82,-28.11,122819.0,111567.0,2111996.0,4.17,571147.0,1.13,1540849.0,3.05,1899067.0,3.75,-4011062.0,-7.93,-158.0,2.156,2.157,716510208.0,1544796008,1544796008,2026-08-03,2026-08-03 16:11:41+08:00
515460,红利质量ETF南方,0.92,0.9204,0.04,-0.003,-0.33,134004.0,12371757.0,0.923,0.931,0.918,0.923,1.41,4.68,0.97,-48.52,50700.0,83304.0,-19916.0,-0.16,-529277.0,-4.28,509361.0,4.12,-23153.0,-0.19,43069.0,0.35,2.0,0.919,0.92,286091008.0,263203727,263203727,2026-08-03,2026-08-03 16:11:50+08:00
562390,中药ETF银华,0.92,0.92,0.0,-0.003,-0.33,20579.0,1897774.0,0.919,0.927,0.916,0.923,1.19,2.47,0.48,1.29,11792.0,8787.0,85023.0,4.48,-318463.0,-16.78,403486.0,21.26,-128326.0,-6.76,43303.0,2.28,-221.0,0.918,0.92,83429000.0,76754680,76754680,2026-08-03,2026-08-03 16:12:01+08:00
561030,工程机械ETF华泰柏瑞,0.91,0.9119,0.21,-0.003,-0.33,33549.0,3060625.0,0.913,0.919,0.91,0.913,0.99,1.75,0.51,-4.11,14344.0,19205.0,230769.0,7.54,0.0,0.0,230769.0,7.54,-164189.0,-5.36,-66580.0,-2.18,-50.0,0.91,0.911,191550000.0,174310500,174310500,2026-08-03,2026-08-03 16:12:01+08:00
159667,工业母机ETF国泰,0.603,0.6028,-0.03,-0.002,-0.33,2016962.0,122256428.873,0.608,0.618,0.596,0.605,3.64,6.44,0.71,-24.03,930955.0,1086007.0,2140850.0,1.75,9661252.0,7.9,-7520402.0,-6.15,-3933984.0,-3.22,1793134.0,1.47,10618.0,0.602,0.603,3132050720.0,1888626584,1888626584,2026-08-03,2026-08-03 15:34:24+08:00
560370,红利质量ETF易方达,0.91,0.9082,-0.2,-0.003,-0.33,44493.0,4066868.0,0.914,0.92,0.907,0.913,1.42,3.75,1.12,9.39,20391.0,24102.0,225380.0,5.54,-443649.0,-10.91,669029.0,16.45,-193774.0,-4.76,-31605.0,-0.78,-15.0,0.908,0.91,118584000.0,107911440,107911440,2026-08-03,2026-08-03 16:11:44+08:00
563780,现金流全指ETF方正富邦,1.223,1.2216,-0.11,-0.004,-0.33,41946.0,5134461.0,1.227,1.229,1.215,1.227,1.14,1.17,0.84,-35.16,29157.0,12789.0,-1168738.0,-22.76,0.0,0.0,-1168738.0,-22.76,946389.0,18.43,222349.0,4.33,-512.0,1.223,1.224,357027104.0,436644148,436644148,2026-08-03,2026-08-03 16:11:48+08:00
510160,产业升级ETF南方,0.915,0.917,0.22,-0.003,-0.33,1722.0,157830.0,0.912,0.921,0.912,0.918,0.98,0.09,0.19,-15.34,691.0,1031.0,119633.0,75.8,0.0,0.0,119633.0,75.8,-130803.0,-82.88,11170.0,7.08,-17.0,0.915,0.917,192057400.0,175732521,175732521,2026-08-03,2026-08-03 16:11:56+08:00
561870,现金流全指ETF华富,1.185,1.1844,-0.05,-0.004,-0.34,20020.0,2372880.0,1.184,1.191,1.182,1.189,0.76,1.88,0.77,2.52,9755.0,10265.0,-255652.0,-10.77,0.0,0.0,-255652.0,-10.77,237281.0,10.0,18371.0,0.77,2.0,1.184,1.188,106765000.0,126516525,126516525,2026-08-03,2026-08-03 16:11:34+08:00
159195,石油ETF华安,0.871,0.8712,0.02,-0.003,-0.34,151465.0,13201624.4,0.865,0.88,0.865,0.874,1.72,17.72,1.0,40.28,60949.0,90516.0,-4438.0,-0.03,0.0,0.0,-4438.0,-0.03,55658.0,0.42,-51220.0,-0.39,1.0,0.869,0.873,85490164.0,74461933,74461933,2026-08-03,2026-08-03 15:34:03+08:00
159993,证券ETF鹏华,1.19,1.1896,-0.03,-0.004,-0.34,464119.0,55090050.0,1.181,1.192,1.181,1.194,0.92,1.21,0.7,-32.76,193641.0,270478.0,-8697290.0,-15.79,-4081578.0,-7.41,-4615712.0,-8.38,7039676.0,12.78,1657612.0,3.01,2240.0,1.189,1.19,3840197984.0,4569835601,4569835601,2026-08-03,2026-08-03 15:34:27+08:00
159018,石油ETF广发,0.876,0.8765,0.06,-0.003,-0.34,69240.0,6061213.1,0.874,0.885,0.871,0.879,1.59,19.28,0.69,-28.12,36611.0,32629.0,28098.0,0.46,648375.0,10.7,-620277.0,-10.23,-2981.0,-0.05,-25116.0,-0.41,-29.0,0.876,0.877,35904203.0,31452082,31452082,2026-08-03,2026-08-03 15:34:51+08:00
159029,有色ETF广发,0.857,0.856,-0.12,-0.003,-0.35,136659.0,11657027.804,0.868,0.868,0.844,0.86,2.79,3.83,0.9,-10.79,58753.0,77906.0,-2649553.0,-22.73,-4365240.0,-37.45,1715687.0,14.72,1280068.0,10.98,1369485.0,11.75,-756.0,0.857,0.858,357127712.0,306058449,306058449,2026-08-03,2026-08-03 15:34:54+08:00
159563,创业板综ETF华夏,1.695,1.6916,-0.2,-0.006,-0.35,27475.0,4657832.2,1.7,1.704,1.667,1.701,2.18,10.04,0.68,9.04,9335.0,18140.0,1198570.0,25.73,1277001.0,27.42,-78431.0,-1.68,-1198197.0,-25.72,-374.0,-0.01,-1.0,1.695,1.697,27360773.0,46376510,46376510,2026-08-03,2026-08-03 15:34:27+08:00
159181,石油ETF易方达,0.853,0.8534,0.05,-0.003,-0.35,48761.0,4164011.465,0.85,0.863,0.845,0.856,2.1,3.26,0.32,-14.13,24046.0,24715.0,-137366.0,-3.3,0.0,0.0,-137366.0,-3.3,299580.0,7.19,-162213.0,-3.9,-15.0,0.853,0.854,149405335.0,127442751,127442751,2026-08-03,2026-08-03 15:34:57+08:00
517030,沪港深300ETF易方达,1.138,1.1429,0.43,-0.004,-0.35,902.0,103111.0,1.14,1.145,1.132,1.142,1.14,0.1,0.15,-0.58,644.0,258.0,-59826.0,-58.02,0.0,0.0,-59826.0,-58.02,80203.0,77.78,-20378.0,-19.76,-5.0,1.139,1.141,93040300.0,105879861,105879861,2026-08-03,2026-08-03 16:11:42+08:00
159190,创业板新能源ETF天弘,0.821,0.8208,-0.02,-0.003,-0.36,139720.0,11494875.8,0.816,0.826,0.815,0.824,1.33,17.45,0.9,40.38,65555.0,74165.0,715589.0,6.23,685445.0,5.96,30144.0,0.26,-770913.0,-6.71,55323.0,0.48,2.0,0.821,0.822,80069299.0,65736894,65736894,2026-08-03,2026-08-03 15:34:12+08:00
516510,云计算ETF易方达,1.664,1.6623,-0.1,-0.006,-0.36,1243475.0,208594967.0,1.655,1.699,1.655,1.67,2.63,8.29,1.13,6.59,611478.0,631997.0,-36028544.0,-17.27,-23856613.0,-11.44,-12171931.0,-5.84,14399062.0,6.9,21629482.0,10.37,-2740.0,1.664,1.665,1499890000.0,2495816960,2495816960,2026-08-03,2026-08-03 16:11:52+08:00
516020,化工ETF华宝,0.831,0.8315,0.06,-0.003,-0.36,1077565.0,89488166.0,0.828,0.841,0.816,0.834,3.0,2.68,0.86,-8.02,534690.0,542875.0,4920138.0,5.5,5272439.0,5.89,-352301.0,-0.39,-6048123.0,-6.76,1127985.0,1.26,-892.0,0.83,0.831,4016326208.0,3337567079,3337567079,2026-08-03,2026-08-03 16:11:34+08:00
512180,MSCIA股ETF建信,1.671,1.669,-0.12,-0.006,-0.36,280.0,46784.0,1.67,1.672,1.67,1.677,0.12,0.06,0.18,10.72,53.0,227.0,46783.0,100.0,0.0,0.0,46783.0,100.0,0.0,0.0,-46783.0,-100.0,53.0,1.666,1.671,48048000.0,80288208,80288208,2026-08-03,2026-08-03 16:11:35+08:00
159160,电池ETF东财,0.826,0.8252,-0.1,-0.003,-0.36,164499.0,13554410.821,0.822,0.832,0.815,0.829,2.05,6.64,0.5,15.51,69439.0,95060.0,-612116.0,-4.52,145769.0,1.08,-757885.0,-5.59,-744661.0,-5.49,1356778.0,10.01,3590.0,0.825,0.826,247819254.0,204698704,204698704,2026-08-03,2026-08-03 15:34:03+08:00
563060,央企50ETF易方达,1.069,1.0698,0.07,-0.004,-0.37,26818.0,2866828.0,1.069,1.072,1.067,1.073,0.47,1.38,1.69,14.89,15189.0,11629.0,-155090.0,-5.41,726548.0,25.34,-881638.0,-30.75,104883.0,3.66,50207.0,1.75,-23.0,1.069,1.072,194527000.0,207949363,207949363,2026-08-03,2026-08-03 16:11:42+08:00
560660,云计算50ETF新华,1.068,1.0699,0.18,-0.004,-0.37,91693.0,9867614.0,1.064,1.091,1.063,1.072,2.61,6.8,0.78,-3.86,40671.0,51022.0,-81721.0,-0.83,642172.0,6.51,-723893.0,-7.34,-622296.0,-6.31,704017.0,7.13,-3815.0,1.068,1.069,134938000.0,144113784,144113784,2026-08-03,2026-08-03 16:11:33+08:00
159290,创业板综指增强ETF东财,1.078,1.0791,0.1,-0.004,-0.37,38750.0,4168612.668,1.082,1.086,1.066,1.082,1.85,7.16,0.53,-41.37,28193.0,10557.0,-255728.0,-6.13,0.0,0.0,-255728.0,-6.13,42635.0,1.02,213093.0,5.11,-3.0,1.078,1.08,54100396.0,58320227,58320227,2026-08-03,2026-08-03 15:34:24+08:00
159355,800红利低波ETF华宝,1.072,1.0749,0.27,-0.004,-0.37,182165.0,19548709.5,1.066,1.081,1.066,1.076,1.39,15.67,3.24,-16.62,120918.0,61247.0,-1181345.0,-6.04,-1288909.0,-6.59,107564.0,0.55,453050.0,2.32,728296.0,3.73,112.0,1.071,1.072,116234277.0,124603145,124603145,2026-08-03,2026-08-03 15:34:36+08:00
159309,油气ETF汇添富,1.345,1.3466,0.12,-0.005,-0.37,238407.0,32043095.8,1.322,1.355,1.322,1.35,2.44,4.05,0.32,-61.13,120260.0,118147.0,4461732.0,13.92,2852968.0,8.9,1608764.0,5.02,-3758165.0,-11.73,-703568.0,-2.2,-149.0,1.345,1.346,588371744.0,791359996,791359996,2026-08-03,2026-08-03 15:34:24+08:00
510980,上证指数ETF汇添富,1.354,1.3563,0.17,-0.005,-0.37,1314574.0,177892316.0,1.357,1.36,1.35,1.359,0.74,11.78,0.82,33.51,646093.0,668481.0,-56166961.0,-31.57,-60900266.0,-34.23,4733305.0,2.66,30488493.0,17.14,25678468.0,14.43,-22995.0,1.354,1.355,1115798000.0,1510790492,1510790492,2026-08-03,2026-08-03 16:11:57+08:00
563620,全指现金流ETF兴业,1.088,1.0869,-0.1,-0.004,-0.37,24415.0,2657888.0,1.1,1.1,1.085,1.092,1.37,4.52,0.99,-3.14,10321.0,14094.0,142038.0,5.34,0.0,0.0,142038.0,5.34,-182689.0,-6.87,40651.0,1.53,1.0,1.088,1.09,54049000.0,58805312,58805312,2026-08-03,2026-08-03 16:11:58+08:00
159228,红利低波ETF长城,1.065,1.0644,-0.06,-0.004,-0.37,3999.0,426231.4,1.055,1.072,1.055,1.069,1.59,0.37,0.33,9.16,2875.0,1124.0,-87227.0,-20.46,-133119.0,-31.23,45892.0,10.77,28945.0,6.79,58281.0,13.67,-512.0,1.065,1.066,109212692.0,116311517,116311517,2026-08-03,2026-08-03 15:34:33+08:00
159966,创业板价值ETF华夏,0.53,0.5314,0.26,-0.002,-0.38,119677.0,6364806.9,0.528,0.535,0.528,0.532,1.32,1.85,0.68,-31.86,58838.0,60839.0,-679307.0,-10.67,-878748.0,-13.81,199441.0,3.13,566005.0,8.89,113302.0,1.78,-83.0,0.53,0.531,645299520.0,342008746,342008746,2026-08-03,2026-08-03 15:34:30+08:00
159133,化工ETF天弘,1.056,1.0574,0.13,-0.004,-0.38,302549.0,31894072.7,1.053,1.069,1.038,1.06,2.92,1.84,0.83,33.51,149788.0,152761.0,-502499.0,-1.58,-584447.0,-1.83,81948.0,0.26,-662406.0,-2.08,1164906.0,3.65,-260.0,1.056,1.058,1643913344.0,1735972491,1735972491,2026-08-03,2026-08-03 15:34:21+08:00
159870,化工ETF鹏华,0.778,0.7798,0.23,-0.003,-0.38,4674511.0,363850879.999,0.778,0.789,0.765,0.781,3.07,2.57,1.21,37.55,1928457.0,2746055.0,-1487460.0,-0.41,-16822182.0,-4.62,15334722.0,4.21,-1709199.0,-0.47,3196659.0,0.88,-21401.0,0.778,0.779,18207107072.0,14165129302,14165129302,2026-08-03,2026-08-03 15:34:45+08:00
159873,医疗设备ETF天弘,0.522,0.523,0.19,-0.002,-0.38,142945.0,7467024.4,0.523,0.525,0.52,0.524,0.95,2.8,0.73,2.22,60806.0,82139.0,-582498.0,-7.8,-828677.0,-11.1,246179.0,3.3,256943.0,3.44,325555.0,4.36,768.0,0.521,0.522,509920000.0,266178240,266178240,2026-08-03,2026-08-03 15:34:54+08:00
512000,券商ETF华宝,0.527,0.5282,0.23,-0.002,-0.38,11853645.0,623887198.0,0.525,0.529,0.523,0.529,1.13,1.57,0.63,-7.51,6150775.0,5702871.0,-26543486.0,-4.25,-21711040.0,-3.48,-4832446.0,-0.77,16736523.0,2.68,9806963.0,1.57,-177974.0,0.527,0.528,75654037504.0,39869677765,39869677765,2026-08-03,2026-08-03 16:12:02+08:00
515080,中证红利ETF招商,1.571,1.5723,0.08,-0.006,-0.38,2188572.0,345032697.0,1.576,1.586,1.57,1.577,1.01,2.83,0.86,15.99,1039831.0,1148741.0,21923003.0,6.35,12436296.0,3.6,9486707.0,2.75,-2515757.0,-0.73,-19407247.0,-5.62,-10329.0,1.571,1.572,7724148992.0,12134638066,12134638066,2026-08-03,2026-08-03 16:11:56+08:00
561300,沪深300增强ETF国泰,1.01,1.0119,0.19,-0.004,-0.39,132945.0,13439721.0,1.011,1.015,1.007,1.014,0.79,2.63,0.63,7.33,87567.0,45378.0,-830861.0,-6.18,-1063921.0,-7.92,233060.0,1.73,440396.0,3.28,390466.0,2.91,-391.0,1.009,1.01,505965008.0,511024658,511024658,2026-08-03,2026-08-03 16:11:52+08:00
159037,价值ETF鹏华,1.015,1.0182,0.31,-0.004,-0.39,28340.0,2889129.392,1.013,1.024,1.013,1.019,1.08,2.77,0.23,-25.65,21132.0,7208.0,-1522945.0,-52.71,-370086.0,-12.81,-1152859.0,-39.9,1428942.0,49.46,94004.0,3.25,-400.0,1.007,1.016,102249832.0,103783579,103783579,2026-08-03,2026-08-03 15:34:57+08:00
159399,现金流ETF国泰,1.026,1.025,-0.1,-0.004,-0.39,1271882.0,130601438.521,1.025,1.031,1.022,1.03,0.87,2.72,0.62,22.69,734178.0,537704.0,-19037215.0,-14.58,-17094747.0,-13.09,-1942468.0,-1.49,13900113.0,10.64,5137102.0,3.93,-4964.0,1.026,1.027,4678194944.0,4799828013,4799828013,2026-08-03,2026-08-03 15:34:51+08:00
159676,创业板增强ETF富国,1.497,1.498,0.07,-0.006,-0.4,186730.0,27923775.9,1.498,1.511,1.474,1.503,2.46,11.63,0.7,24.97,84060.0,102670.0,-2360240.0,-8.45,-2447256.0,-8.76,87016.0,0.31,-3465941.0,-12.41,5826180.0,20.86,-476.0,1.497,1.498,160564183.0,240364582,240364582,2026-08-03,2026-08-03 15:34:51+08:00
159566,储能电池ETF易方达,1.764,1.764,0.0,-0.007,-0.4,1267317.0,224035682.955,1.772,1.783,1.751,1.771,1.81,4.52,0.69,16.45,602542.0,664775.0,-31934137.0,-14.25,-17939542.0,-8.01,-13994595.0,-6.25,-1300975.0,-0.58,33235113.0,14.83,-3688.0,1.764,1.765,2804739776.0,4947560965,4947560965,2026-08-03,2026-08-03 15:34:30+08:00
159056,医疗器械ETF富国,1.008,1.0093,0.13,-0.004,-0.4,73148.0,7390484.721,1.012,1.016,1.006,1.012,0.99,5.12,0.53,-7.8,43153.0,29995.0,-192423.0,-2.6,-1804684.0,-24.42,1612261.0,21.82,56799.0,0.77,135624.0,1.84,45.0,1.007,1.008,142934358.0,144077833,144077833,2026-08-03,2026-08-03 15:34:15+08:00
563930,上证增强ETF招商,1.002,1.001,-0.1,-0.004,-0.4,19677.0,1971251.0,1.006,1.007,0.997,1.006,0.99,4.51,0.95,35.48,5673.0,14004.0,6645.0,0.34,701500.0,35.59,-694855.0,-35.25,-102615.0,-5.21,95969.0,4.87,-476.0,1.001,1.002,43592000.0,43679184,43679184,2026-08-03,2026-08-03 16:11:46+08:00
563680,800现金流ETF汇添富,1.209,1.2075,-0.12,-0.005,-0.41,35693.0,4328670.0,1.25,1.25,1.203,1.214,3.87,3.22,1.94,0.23,14450.0,21243.0,-230620.0,-5.33,973238.0,22.48,-1203858.0,-27.81,198828.0,4.59,31793.0,0.73,-74.0,1.205,1.21,110959000.0,134149431,134149431,2026-08-03,2026-08-03 16:12:01+08:00
563390,全指现金流ETF华泰柏瑞,1.226,1.2252,-0.07,-0.005,-0.41,291704.0,35786908.0,1.231,1.233,1.223,1.231,0.81,1.4,0.65,0.56,135337.0,156367.0,-5892405.0,-16.47,-2814035.0,-7.86,-3078370.0,-8.6,5816384.0,16.25,76021.0,0.21,-147.0,1.224,1.226,2086344000.0,2557857744,2557857744,2026-08-03,2026-08-03 16:11:49+08:00
159898,医疗器械ETF招商,0.488,0.4886,0.12,-0.002,-0.41,131903.0,6435337.0,0.49,0.495,0.486,0.49,1.84,1.34,0.41,29.97,52081.0,79822.0,217178.0,3.37,1148927.0,17.85,-931749.0,-14.48,-233140.0,-3.62,15961.0,0.25,374.0,0.487,0.488,982098832.0,479264230,479264230,2026-08-03,2026-08-03 15:34:48+08:00
517360,沪港深科技ETF华安,0.943,0.9525,1.0,-0.004,-0.42,417.0,39504.0,0.951,0.954,0.943,0.947,1.16,0.16,0.15,0.93,324.0,93.0,-3637.0,-9.21,0.0,0.0,-3637.0,-9.21,2472.0,6.26,1165.0,2.95,-9.0,0.946,0.947,26583000.0,25067769,25067769,2026-08-03,2026-08-03 16:12:02+08:00
159148,石油ETF富国,0.951,0.9515,0.05,-0.004,-0.42,83859.0,7989221.6,0.944,0.962,0.942,0.955,2.09,3.5,0.37,74.86,44346.0,39513.0,1215002.0,15.21,-98592.0,-1.23,1313594.0,16.44,-625865.0,-7.83,-589137.0,-7.37,-32.0,0.951,0.952,239466601.0,227732738,227732738,2026-08-03,2026-08-03 15:34:33+08:00
159163,有色ETF泰康,0.712,0.712,0.0,-0.003,-0.42,67911.0,4808394.7,0.717,0.722,0.703,0.715,2.66,2.51,1.02,28.33,22615.0,45296.0,3985.0,0.08,588307.0,12.23,-584322.0,-12.15,-79316.0,-1.65,75331.0,1.57,17.0,0.711,0.712,270807008.0,192814590,192814590,2026-08-03,2026-08-03 15:34:39+08:00
159541,创业板综ETF万家,1.429,1.4247,-0.3,-0.006,-0.42,59456.0,8482676.2,1.421,1.442,1.418,1.435,1.67,9.2,0.72,-3.22,26420.0,33036.0,207460.0,2.45,712000.0,8.39,-504540.0,-5.95,-219896.0,-2.59,12435.0,0.15,-84.0,1.429,1.434,64593326.0,92303863,92303863,2026-08-03,2026-08-03 15:34:18+08:00
510910,上证指数ETF南方,0.948,0.9513,0.35,-0.004,-0.42,545779.0,51790815.0,0.951,0.955,0.945,0.952,1.05,16.5,0.96,39.12,259647.0,286132.0,-8620922.0,-16.65,-14234329.0,-27.48,5613407.0,10.84,5351713.0,10.33,3269210.0,6.31,-8042.0,0.947,0.948,330796000.0,313594608,313594608,2026-08-03,2026-08-03 16:12:02+08:00
159640,碳中和龙头ETF工银,0.939,0.9403,0.14,-0.004,-0.42,24138.0,2269926.9,0.93,0.954,0.93,0.943,2.55,4.03,0.81,-7.4,6043.0,18095.0,13007.0,0.57,0.0,0.0,13007.0,0.57,-1433.0,-0.06,-11574.0,-0.51,-4.0,0.939,0.941,59845198.0,56194641,56194641,2026-08-03,2026-08-03 15:34:45+08:00
517300,沪港深300ETF国寿,0.948,0.9513,0.35,-0.004,-0.42,10119.0,959740.0,0.952,0.952,0.946,0.952,0.63,0.08,0.58,-8.69,9512.0,607.0,-140774.0,-14.67,-503926.0,-52.51,363152.0,37.84,82248.0,8.57,58527.0,6.1,27.0,0.948,0.95,1278434496.0,1211955902,1211955902,2026-08-03,2026-08-03 16:11:33+08:00
159542,工程机械ETF大成,1.383,1.3835,0.04,-0.006,-0.43,20860.0,2897751.1,1.392,1.398,1.381,1.389,1.22,12.96,0.59,-37.36,7766.0,13094.0,-707631.0,-24.42,-139.0,0.0,-707492.0,-24.42,711155.0,24.54,-3523.0,-0.12,2.0,1.383,1.389,16092850.0,22256412,22256412,2026-08-03,2026-08-03 15:34:39+08:00
562920,信息安全ETF易方达,0.919,0.9177,-0.14,-0.004,-0.43,63469.0,5857758.0,0.913,0.936,0.909,0.923,2.93,6.68,0.82,4.11,33363.0,30106.0,-323684.0,-5.53,-461.0,-0.01,-323223.0,-5.52,-157245.0,-2.68,480929.0,8.21,-1115.0,0.918,0.919,95069000.0,87368411,87368411,2026-08-03,2026-08-03 16:11:57+08:00
512370,A500增强ETF华夏,1.152,1.1529,0.08,-0.005,-0.43,17765.0,2046020.0,1.157,1.164,1.147,1.157,1.47,0.55,0.44,1.17,3981.0,13784.0,755287.0,36.91,0.0,0.0,755287.0,36.91,108214.0,5.29,-863503.0,-42.2,-60.0,1.151,1.152,323313008.0,372456585,372456585,2026-08-03,2026-08-03 16:11:54+08:00
159078,A股ETF富国,0.896,0.8977,0.19,-0.004,-0.44,59319.0,5324488.476,0.9,0.901,0.894,0.9,0.78,3.01,0.73,-36.71,27395.0,31924.0,-111616.0,-2.1,-701478.0,-13.17,589862.0,11.08,-3519.0,-0.07,115135.0,2.16,1.0,0.894,0.896,197262460.0,176747164,176747164,2026-08-03,2026-08-03 15:34:21+08:00
560280,工程机械ETF广发,1.575,1.5764,0.09,-0.007,-0.44,881202.0,138939617.0,1.582,1.59,1.57,1.582,1.26,4.2,0.81,12.62,417530.0,463672.0,9183319.0,6.61,-16644983.0,-11.98,25828302.0,18.59,107298.0,0.08,-9290618.0,-6.69,-1391.0,1.574,1.575,2097252000.0,3303171900,3303171900,2026-08-03,2026-08-03 16:11:49+08:00
560970,工业有色ETF平安,0.897,0.8956,-0.16,-0.004,-0.44,15129.0,1355864.0,0.901,0.908,0.889,0.901,2.11,2.01,0.74,13.34,6874.0,8255.0,131795.0,9.72,0.0,0.0,131795.0,9.72,-61897.0,-4.57,-69897.0,-5.16,-2228.0,0.895,0.897,75138000.0,67398786,67398786,2026-08-03,2026-08-03 16:11:59+08:00
159017,石油ETF工银,0.89,0.8911,0.12,-0.004,-0.45,81256.0,7245830.7,0.905,0.905,0.881,0.894,2.68,5.13,1.04,-40.13,41407.0,39849.0,-1036213.0,-14.3,-1031808.0,-14.24,-4405.0,-0.06,992221.0,13.69,43993.0,0.61,10.0,0.889,0.89,158256813.0,140848564,140848564,2026-08-03,2026-08-03 15:34:51+08:00
159797,医疗器械ETF汇添富,0.67,0.6703,0.04,-0.003,-0.45,87651.0,5873234.3,0.67,0.674,0.667,0.673,1.04,2.13,1.25,-22.55,36009.0,51642.0,-600721.0,-10.23,317188.0,5.4,-917909.0,-15.63,151657.0,2.58,449062.0,7.65,232.0,0.669,0.67,410989248.0,275362796,275362796,2026-08-03,2026-08-03 15:34:06+08:00
159019,石油ETF华宝,0.894,0.8953,0.15,-0.004,-0.45,188353.0,16877572.2,0.896,0.904,0.889,0.898,1.67,35.32,0.97,-4.16,89541.0,98812.0,748859.0,4.44,0.0,0.0,748859.0,4.44,-749124.0,-4.44,265.0,0.0,1301.0,0.893,0.897,53327711.0,47674974,47674974,2026-08-03,2026-08-03 15:34:51+08:00
560020,红利ETF汇添富,1.116,1.1153,-0.06,-0.005,-0.45,49560.0,5537347.0,1.122,1.126,1.113,1.121,1.16,3.6,1.07,0.77,21851.0,27709.0,-1011388.0,-18.26,-616772.0,-11.14,-394616.0,-7.13,919889.0,16.61,91500.0,1.65,-492.0,1.116,1.117,137562000.0,153519192,153519192,2026-08-03,2026-08-03 16:11:59+08:00
159883,医疗器械ETF永赢,0.438,0.4368,-0.27,-0.002,-0.45,1152372.0,50426542.3,0.439,0.44,0.435,0.44,1.14,1.22,0.53,-3.41,472037.0,680335.0,-3136220.0,-6.22,-854972.0,-1.7,-2281248.0,-4.52,1919641.0,3.81,1216579.0,2.41,3154.0,0.437,0.438,9408037888.0,4120720595,4120720595,2026-08-03,2026-08-03 15:34:51+08:00
562810,上证指数增强ETF嘉实,1.115,1.1158,0.07,-0.005,-0.45,53406.0,5951166.0,1.117,1.118,1.111,1.12,0.63,6.85,0.48,-2.0,17850.0,35556.0,-671408.0,-11.28,0.0,0.0,-671408.0,-11.28,31219.0,0.52,640191.0,10.76,-355.0,1.115,1.116,77951000.0,86915365,86915365,2026-08-03,2026-08-03 16:11:43+08:00
159291,创业板综增强ETF招商,1.088,1.0867,-0.12,-0.005,-0.46,3957.0,429598.8,1.083,1.101,1.078,1.093,2.1,1.84,0.22,14.59,1059.0,2898.0,19423.0,4.52,0.0,0.0,19423.0,4.52,-52809.0,-12.29,33386.0,7.77,5.0,1.084,1.092,21457388.0,23345638,23345638,2026-08-03,2026-08-03 15:34:03+08:00
562580,可选消费ETF华夏,1.09,1.088,-0.18,-0.005,-0.46,34705.0,3788887.0,1.095,1.117,1.086,1.095,2.83,9.2,0.74,-1.58,12869.0,21836.0,374590.0,9.89,0.0,0.0,374590.0,9.89,-402921.0,-10.63,28331.0,0.75,-1.0,1.087,1.09,37723300.0,41118397,41118397,2026-08-03,2026-08-03 16:11:42+08:00
159596,A50ETF华宝,0.656,0.6528,-0.49,-0.003,-0.46,173442.0,11346662.5,0.658,0.658,0.651,0.659,1.06,3.29,0.43,-2.2,82504.0,90938.0,1655092.0,14.59,65692.0,0.58,1589400.0,14.01,-1790658.0,-15.78,135566.0,1.19,51.0,0.653,0.656,527683040.0,346160074,346160074,2026-08-03,2026-08-03 15:34:21+08:00
159936,可选消费ETF广发,1.944,1.9385,-0.28,-0.009,-0.46,3025.0,587932.3,1.952,1.954,1.923,1.953,1.59,0.28,0.19,-21.94,1473.0,1552.0,-31059.0,-5.28,0.0,0.0,-31059.0,-5.28,-107850.0,-18.34,138909.0,23.63,-2.0,1.944,1.947,108156094.0,210255447,210255447,2026-08-03,2026-08-03 15:34:18+08:00
159066,A股ETF建信,0.868,0.8744,0.73,-0.004,-0.46,65577.0,5709256.394,0.872,0.874,0.867,0.872,0.8,2.82,0.6,54.9,27002.0,38575.0,301472.0,5.28,-1423756.0,-24.94,1725228.0,30.22,-389059.0,-6.81,87587.0,1.53,2229.0,0.867,0.868,232733027.0,202012267,202012267,2026-08-03,2026-08-03 15:34:18+08:00
513810,港股国企ETF华夏,1.737,1.7382,0.07,-0.008,-0.46,125322.0,21737276.0,1.758,1.758,1.726,1.745,1.83,29.84,1.24,47.11,56115.0,69207.0,327277.0,1.51,0.0,0.0,327277.0,1.51,-237860.0,-1.09,-89417.0,-0.41,-111.0,1.735,1.737,41992000.0,72940104,72940104,2026-08-03,2026-08-03 16:12:01+08:00
510290,上证380ETF南方,2.527,2.5222,-0.19,-0.012,-0.47,9607.0,2431083.0,2.534,2.542,2.521,2.539,0.83,1.7,0.53,-55.47,4714.0,4893.0,-992676.0,-40.83,0.0,0.0,-992676.0,-40.83,758201.0,31.19,234475.0,9.64,1.0,2.523,2.526,56448900.0,142646370,142646370,2026-08-03,2026-08-03 16:11:45+08:00
159510,沪深300价值ETF华夏,1.282,1.2809,-0.09,-0.006,-0.47,42007.0,5382082.9,1.289,1.289,1.278,1.288,0.85,6.08,0.81,-47.53,21330.0,20677.0,185871.0,3.45,0.0,0.0,185871.0,3.45,-361555.0,-6.72,175684.0,3.26,-166.0,1.282,1.283,69128342.0,88622534,88622534,2026-08-03,2026-08-03 15:34:30+08:00
516120,化工ETF富国,0.852,0.852,0.0,-0.004,-0.47,1255505.0,106752874.0,0.85,0.862,0.836,0.856,3.04,2.34,1.3,-0.95,510178.0,745327.0,5155070.0,4.83,6301690.0,5.9,-1146620.0,-1.07,-1261924.0,-1.18,-3893147.0,-3.65,-330.0,0.852,0.853,5365082112.0,4571049959,4571049959,2026-08-03,2026-08-03 16:12:00+08:00
520620,恒生消费ETF嘉实,0.839,0.8415,0.3,-0.004,-0.47,69304.0,5832016.0,0.849,0.849,0.837,0.843,1.42,2.26,0.98,-10.01,45528.0,23776.0,-137525.0,-2.36,419500.0,7.19,-557025.0,-9.55,195055.0,3.34,-57531.0,-0.99,-233.0,0.839,0.84,306409008.0,257077158,257077158,2026-08-03,2026-08-03 16:11:40+08:00
562060,标普A股红利ETF华宝,0.629,0.6289,-0.02,-0.003,-0.47,518361.0,32649285.0,0.631,0.634,0.626,0.632,1.27,0.95,0.7,-4.31,304294.0,214067.0,-1369675.0,-4.2,-2359856.0,-7.23,990181.0,3.03,863120.0,2.64,506554.0,1.55,-1528.0,0.629,0.63,5447792640.0,3426661571,3426661571,2026-08-03,2026-08-03 16:11:42+08:00
159581,红利ETF万家,1.064,1.0648,0.08,-0.005,-0.47,184518.0,19683379.6,1.062,1.074,1.062,1.069,1.12,1.34,0.63,49.99,83276.0,101242.0,988220.0,5.02,2023270.0,10.28,-1035050.0,-5.26,-712887.0,-3.62,-275333.0,-1.4,827.0,1.063,1.064,1380225712.0,1468560158,1468560158,2026-08-03,2026-08-03 15:34:39+08:00
515890,红利ETF博时,1.462,1.4638,0.12,-0.007,-0.48,43786.0,6428221.0,1.464,1.475,1.462,1.469,0.88,1.28,1.22,-7.86,21867.0,21919.0,87954.0,1.37,-694201.0,-10.8,782155.0,12.17,6459.0,0.1,-94411.0,-1.47,-350.0,1.462,1.464,342443904.0,500652988,500652988,2026-08-03,2026-08-03 16:11:39+08:00
159588,石油ETF景顺,1.208,1.2086,0.05,-0.006,-0.49,157099.0,18985023.6,1.199,1.222,1.199,1.214,1.89,3.32,0.75,91.16,59039.0,98060.0,250434.0,1.32,-569945.0,-3.0,820379.0,4.32,283577.0,1.49,-534011.0,-2.81,4.0,1.207,1.208,473284864.0,571728116,571728116,2026-08-03,2026-08-03 15:34:39+08:00
159028,港股汽车ETF天弘,0.807,0.8113,0.53,-0.004,-0.49,68176.0,5532924.7,0.811,0.819,0.807,0.811,1.48,5.39,0.52,-39.33,30372.0,37804.0,217896.0,3.94,0.0,0.0,217896.0,3.94,-508902.0,-9.2,291006.0,5.26,-95.0,0.807,0.808,126449016.0,102044356,102044356,2026-08-03,2026-08-03 15:34:57+08:00
159236,自由现金流ETF工银,1.208,1.208,0.0,-0.006,-0.49,38623.0,4672423.4,1.21,1.215,1.206,1.214,0.74,9.48,0.69,0.12,16977.0,21646.0,235026.0,5.03,0.0,0.0,235026.0,5.03,-60159.0,-1.29,-174867.0,-3.74,33.0,1.206,1.209,40722161.0,49192370,49192370,2026-08-03,2026-08-03 15:34:18+08:00
159828,医疗ETF国泰,0.408,0.4076,-0.1,-0.002,-0.49,668677.0,27283672.9,0.41,0.412,0.406,0.41,1.46,1.25,0.53,-6.73,277543.0,391134.0,-2375799.0,-8.71,-4170514.0,-15.29,1794715.0,6.58,1814370.0,6.65,561429.0,2.06,5255.0,0.407,0.408,5350439424.0,2182979285,2182979285,2026-08-03,2026-08-03 15:34:51+08:00
159051,医疗器械ETF易方达,1.008,1.0104,0.24,-0.005,-0.49,27171.0,2738707.969,1.033,1.044,0.993,1.013,5.03,2.12,0.53,-22.91,9808.0,17363.0,-55737.0,-2.04,-595205.0,-21.73,539468.0,19.7,-122444.0,-4.47,178181.0,6.51,-267.0,1.007,1.01,128117894.0,129142837,129142837,2026-08-03,2026-08-03 15:34:06+08:00
159289,创业板综指ETF鹏华,1.018,1.0205,0.24,-0.005,-0.49,45064.0,4594993.138,1.024,1.031,1.005,1.023,2.54,10.26,0.7,-24.57,32751.0,12313.0,96792.0,2.11,151867.0,3.31,-55075.0,-1.2,-44446.0,-0.97,-52346.0,-1.14,-50.0,1.017,1.022,43902640.0,44692888,44692888,2026-08-03,2026-08-03 15:34:06+08:00
159690,有色矿业ETF招商,1.83,1.8288,-0.07,-0.009,-0.49,86361.0,15717580.0,1.835,1.843,1.802,1.839,2.23,3.01,0.91,-33.84,36457.0,49904.0,1558169.0,9.91,-1081931.0,-6.88,2640100.0,16.8,-1256965.0,-8.0,-301203.0,-1.92,-332.0,1.83,1.832,287163984.0,525510091,525510091,2026-08-03,2026-08-03 15:34:03+08:00
513090,香港证券ETF易方达,1.831,1.8263,-0.26,-0.009,-0.49,13341109.0,2439119655.0,1.833,1.836,1.821,1.84,0.82,13.13,0.6,-28.04,6869366.0,6471743.0,-70749168.0,-2.9,-15720496.0,-0.64,-55028672.0,-2.26,14682192.0,0.6,56066981.0,2.3,-135164.0,1.83,1.831,10164487936.0,18611177411,18611177411,2026-08-03,2026-08-03 16:11:45+08:00
512970,大湾区ETF平安,1.412,1.4144,0.17,-0.007,-0.49,9672.0,1365612.0,1.42,1.42,1.406,1.419,0.99,13.84,0.77,5.05,1863.0,7809.0,22258.0,1.63,0.0,0.0,22258.0,1.63,-90805.0,-6.65,68549.0,5.02,-1.0,1.408,1.412,6987600.0,9866491,9866491,2026-08-03,2026-08-03 16:11:48+08:00
561080,全指现金流ETF华安,1.195,1.1967,0.14,-0.006,-0.5,21425.0,2564138.0,1.201,1.201,1.194,1.201,0.58,8.49,0.73,11.63,10685.0,10740.0,-179153.0,-6.99,0.0,0.0,-179153.0,-6.99,118592.0,4.63,60561.0,2.36,-831.0,1.195,1.199,25250000.0,30173750,30173750,2026-08-03,2026-08-03 16:11:38+08:00
159959,央企ETF银华,1.599,1.5995,0.03,-0.008,-0.5,3287.0,526057.8,1.608,1.608,1.596,1.607,0.75,0.02,0.68,27.16,2301.0,986.0,-317865.0,-60.42,0.0,0.0,-317865.0,-60.42,264836.0,50.34,53029.0,10.08,19.0,1.592,1.603,1828891776.0,2924397950,2924397950,2026-08-03,2026-08-03 15:34:24+08:00
563760,全指现金流ETF中银,1.176,1.1761,0.01,-0.006,-0.51,761071.0,89686082.0,1.18,1.183,1.174,1.182,0.76,10.26,1.15,-9.86,384901.0,376170.0,-59734.0,-0.07,1898388.0,2.12,-1958122.0,-2.18,38582.0,0.04,21151.0,0.02,3002.0,1.176,1.178,741913200.0,872489923,872489923,2026-08-03,2026-08-03 16:11:49+08:00
159521,国证2000ETF平安,1.162,1.1631,0.09,-0.006,-0.51,5839.0,679621.1,1.161,1.171,1.16,1.168,0.94,3.2,0.38,1.47,4139.0,1700.0,-119620.0,-17.6,0.0,0.0,-119620.0,-17.6,40846.0,6.01,78776.0,11.59,90.0,1.165,1.167,18274435.0,21234893,21234893,2026-08-03,2026-08-03 15:34:03+08:00
530060,上证指数ETF易方达,0.968,0.9681,0.01,-0.005,-0.51,977503.0,94592224.0,0.969,0.973,0.965,0.973,0.82,12.34,0.77,32.67,323577.0,653926.0,-31187070.0,-32.97,-23100025.0,-24.42,-8087045.0,-8.55,18522820.0,19.58,12664252.0,13.39,-8599.0,0.968,0.969,792193008.0,766842832,766842832,2026-08-03,2026-08-03 16:11:43+08:00
159518,标普油气ETF嘉实,1.164,1.2,3.0,-0.006,-0.51,3098674.0,360611523.049,1.16,1.17,1.16,1.17,0.85,18.82,0.57,13.37,1333762.0,1764912.0,3508437.0,0.97,282442.0,0.08,3225995.0,0.89,9453589.0,2.62,-12962025.0,-3.59,-29418.0,1.164,1.165,1646325376.0,1916322738,1916322738,2026-08-03,2026-08-03 15:34:21+08:00
159171,工业有色ETF博时,0.764,0.7632,-0.1,-0.004,-0.52,42300.0,3227012.8,0.768,0.769,0.758,0.768,1.43,1.83,1.08,21.44,16162.0,26138.0,-495376.0,-15.35,-1257204.0,-38.96,761828.0,23.61,409356.0,12.69,86020.0,2.67,27.0,0.763,0.765,230532934.0,176127162,176127162,2026-08-03,2026-08-03 15:34:18+08:00
563960,300质量ETF兴全,0.962,0.9634,0.15,-0.005,-0.52,41116.0,3959027.0,0.968,0.968,0.959,0.967,0.93,0.98,1.33,-6.35,24077.0,17039.0,168644.0,4.26,-1824868.0,-46.09,1993512.0,50.35,-177324.0,-4.48,8679.0,0.22,-124.0,0.96,0.962,420012000.0,404051544,404051544,2026-08-03,2026-08-03 16:11:36+08:00
159652,有色ETF汇添富,1.543,1.5433,0.02,-0.008,-0.52,831032.0,128049667.8,1.552,1.555,1.52,1.551,2.26,3.99,0.85,34.53,477188.0,353844.0,-7457107.0,-5.82,-18692089.0,-14.6,11234982.0,8.77,1236627.0,0.97,6220479.0,4.86,-1196.0,1.543,1.544,2081320288.0,3211477204,3211477204,2026-08-03,2026-08-03 15:34:18+08:00
159642,碳中和ETF大成,0.945,0.9462,0.13,-0.005,-0.53,612.0,57879.146,0.941,0.95,0.941,0.95,0.95,0.27,0.44,-55.26,79.0,533.0,21788.0,37.64,0.0,0.0,21788.0,37.64,-18920.0,-32.69,-2867.0,-4.95,-150.0,0.941,0.945,22439923.0,21205727,21205727,2026-08-03,2026-08-03 15:34:03+08:00
159138,工程机械ETF易方达,0.942,0.9415,-0.05,-0.005,-0.53,69163.0,6535800.9,0.951,0.952,0.94,0.947,1.27,2.2,0.6,-6.09,30017.0,39146.0,-303525.0,-4.64,796535.0,12.19,-1100060.0,-16.83,161229.0,2.47,142296.0,2.18,-15.0,0.943,0.946,313767920.0,295569381,295569381,2026-08-03,2026-08-03 15:34:45+08:00
513950,恒生红利ETF富国,1.293,1.2923,-0.05,-0.007,-0.54,305166.0,39500093.0,1.301,1.306,1.287,1.3,1.46,1.21,1.11,-17.56,150365.0,154801.0,-3427556.0,-8.68,-2432180.0,-6.16,-995376.0,-2.52,1381541.0,3.5,2046015.0,5.18,-418.0,1.292,1.293,2528619008.0,3269504377,3269504377,2026-08-03,2026-08-03 16:11:34+08:00
561780,1000增强ETF博时,1.46,1.459,-0.07,-0.008,-0.54,19413.0,2839673.0,1.462,1.471,1.455,1.468,1.09,9.09,0.65,-6.01,5064.0,14349.0,-635611.0,-22.38,0.0,0.0,-635611.0,-22.38,205582.0,7.24,430029.0,15.14,-1.0,1.46,1.462,21355800.0,31179468,31179468,2026-08-03,2026-08-03 16:11:59+08:00
159699,恒生消费ETF广发,0.917,0.9157,-0.14,-0.005,-0.54,252898.0,23234408.1,0.925,0.926,0.915,0.922,1.19,4.96,0.75,-38.8,107447.0,145451.0,-199546.0,-0.86,1190618.0,5.12,-1390164.0,-5.98,-61745.0,-0.27,261292.0,1.12,-210.0,0.917,0.918,510164256.0,467820623,467820623,2026-08-03,2026-08-03 15:34:06+08:00
159731,石化ETF华夏,0.914,0.9142,0.02,-0.005,-0.54,493727.0,45211143.0,0.918,0.925,0.901,0.919,2.61,6.14,0.78,-10.4,248709.0,245018.0,3580172.0,7.92,3547148.0,7.85,33024.0,0.07,-2256327.0,-4.99,-1323846.0,-2.93,-47.0,0.914,0.915,804375808.0,735199489,735199489,2026-08-03,2026-08-03 15:34:57+08:00
512530,沪深300红利ETF建信,1.642,1.6454,0.21,-0.009,-0.55,34973.0,5751211.0,1.64,1.658,1.638,1.651,1.21,3.45,0.71,12.48,16108.0,18865.0,-742451.0,-12.91,-14942.0,-0.26,-727509.0,-12.65,722876.0,12.57,19576.0,0.34,-95.0,1.641,1.642,101502000.0,166666284,166666284,2026-08-03,2026-08-03 16:11:43+08:00
159880,有色ETF鹏华,0.904,0.9031,-0.1,-0.005,-0.55,220224.0,19813133.1,0.909,0.909,0.89,0.909,2.09,1.78,1.16,-28.15,95372.0,124852.0,165493.0,0.84,-1257828.0,-6.35,1423321.0,7.18,-1080408.0,-5.45,914915.0,4.62,277.0,0.903,0.904,1238103040.0,1119245148,1119245148,2026-08-03,2026-08-03 15:34:48+08:00
515180,红利ETF易方达,1.424,1.4247,0.05,-0.008,-0.56,2533527.0,361725670.0,1.423,1.437,1.422,1.432,1.05,1.88,0.82,31.81,1298014.0,1235513.0,-36228772.0,-10.02,-25937044.0,-7.17,-10291728.0,-2.85,24473023.0,6.77,11755748.0,3.25,-25303.0,1.423,1.424,13480636928.0,19196426985,19196426985,2026-08-03,2026-08-03 16:11:44+08:00
530380,上证380ETF易方达,1.058,1.055,-0.28,-0.006,-0.56,14230.0,1508394.0,1.061,1.064,1.056,1.064,0.75,1.03,0.37,-1.02,8854.0,5376.0,-333361.0,-22.1,0.0,0.0,-333361.0,-22.1,284484.0,18.86,48878.0,3.24,1.0,1.058,1.059,138705000.0,146749890,146749890,2026-08-03,2026-08-03 16:12:00+08:00
515710,食品饮料ETF华宝,0.52,0.5207,0.13,-0.003,-0.57,438768.0,22882529.0,0.524,0.526,0.518,0.523,1.53,1.85,0.73,-5.41,194755.0,244013.0,66729.0,0.29,925281.0,4.04,-858552.0,-3.75,-360828.0,-1.58,294099.0,1.29,-2134.0,0.519,0.52,2368099808.0,1231411900,1231411900,2026-08-03,2026-08-03 16:11:42+08:00
159735,港股消费ETF银华,0.695,0.6934,-0.23,-0.004,-0.57,443729.0,30897712.0,0.7,0.704,0.692,0.699,1.72,6.96,0.62,-14.83,192810.0,250919.0,118121.0,0.38,1827191.0,5.91,-1709070.0,-5.53,-959355.0,-3.1,841234.0,2.72,246.0,0.694,0.695,637561376.0,443105156,443105156,2026-08-03,2026-08-03 15:34:21+08:00
513350,标普油气ETF富国,1.229,1.2592,2.4,-0.007,-0.57,3648367.0,448447638.0,1.221,1.238,1.221,1.236,1.38,44.34,0.31,-13.88,1711878.0,1936489.0,18610717.0,4.15,26193739.0,5.84,-7583022.0,-1.69,-14851054.0,-3.31,-3759663.0,-0.84,-19746.0,1.228,1.229,822746000.0,1011154834,1011154834,2026-08-03,2026-08-03 16:11:35+08:00
512390,中国低波ETF平安,1.212,1.2121,0.01,-0.007,-0.57,1748.0,211903.0,1.218,1.218,1.212,1.219,0.49,1.11,1.16,0.2,86.0,1662.0,-8153.0,-3.85,0.0,0.0,-8153.0,-3.85,0.0,0.0,8153.0,3.85,-1.0,1.211,1.214,15682000.0,19006584,19006584,2026-08-03,2026-08-03 16:11:55+08:00
159804,创中盘88ETF国寿,1.565,1.5697,0.3,-0.009,-0.57,1876.0,295356.7,1.58,1.586,1.565,1.574,1.33,0.75,0.99,-8.48,1008.0,868.0,0.0,0.0,0.0,0.0,0.0,0.0,-27453.0,-9.29,27454.0,9.3,-8.0,1.567,1.571,24899676.0,38967993,38967993,2026-08-03,2026-08-03 15:34:39+08:00
561630,红利质量ETF华泰柏瑞,1.045,1.0488,0.36,-0.006,-0.57,96335.0,10125341.0,1.053,1.062,1.04,1.051,2.09,10.6,0.64,29.37,39953.0,56382.0,1064550.0,10.51,1580201.0,15.61,-515651.0,-5.09,-760335.0,-7.51,-304216.0,-3.0,-1000.0,1.045,1.046,90898000.0,94988410,94988410,2026-08-03,2026-08-03 16:11:39+08:00
510880,红利ETF华泰柏瑞,3.285,3.2861,0.03,-0.019,-0.58,1467422.0,484094161.0,3.291,3.325,3.281,3.304,1.33,2.12,0.44,49.05,720359.0,747063.0,63538151.0,13.13,32656227.0,6.75,30881924.0,6.38,-44232054.0,-9.14,-19306096.0,-3.99,-7171.0,3.285,3.286,6909675776.0,22698284924,22698284924,2026-08-03,2026-08-03 16:11:50+08:00
516790,医疗ETF华泰柏瑞,0.515,0.5155,0.1,-0.003,-0.58,90589.0,4673264.0,0.518,0.52,0.513,0.518,1.35,4.6,1.09,5.97,42100.0,48489.0,85295.0,1.83,-1268863.0,-27.15,1354158.0,28.98,-118038.0,-2.53,32742.0,0.7,-4.0,0.515,0.516,196982200.0,101445833,101445833,2026-08-03,2026-08-03 16:11:35+08:00
530280,上证180ETF平安,1.192,1.1931,0.09,-0.007,-0.58,5080.0,605106.0,1.192,1.193,1.187,1.199,0.5,1.7,0.91,11.73,3959.0,1121.0,-110901.0,-18.33,0.0,0.0,-110901.0,-18.33,95200.0,15.73,15701.0,2.59,8.0,1.189,1.194,29934000.0,35681328,35681328,2026-08-03,2026-08-03 16:11:41+08:00
159328,家电ETF易方达,1.037,1.0348,-0.21,-0.006,-0.58,22166.0,2299765.2,1.04,1.044,1.034,1.043,0.96,2.3,0.61,1.55,11193.0,10973.0,-244744.0,-10.64,0.0,0.0,-244744.0,-10.64,201617.0,8.77,43126.0,1.88,50.0,1.037,1.04,96556700.0,100129298,100129298,2026-08-03,2026-08-03 15:34:24+08:00
159189,石油ETF华夏,0.854,0.857,0.35,-0.005,-0.58,131790.0,11295517.459,0.853,0.865,0.852,0.859,1.51,11.35,0.86,-27.56,60264.0,71526.0,133992.0,1.19,0.0,0.0,133992.0,1.19,-14583.0,-0.13,-119408.0,-1.06,-30.0,0.854,0.857,116083187.0,99135042,99135042,2026-08-03,2026-08-03 15:34:30+08:00
159079,价值ETF兴全,1.016,1.0198,0.37,-0.006,-0.59,1089138.0,110933003.288,1.018,1.027,1.012,1.022,1.47,46.38,,-44.08,425861.0,663276.0,18288102.0,16.49,45290119.0,40.83,-27002017.0,-24.34,-22317899.0,-20.12,4029798.0,3.63,-808.0,1.016,1.017,234806830.0,238563739,238563739,2026-08-03,2026-08-03 15:34:09+08:00
159221,现金流ETF嘉实,1.173,1.1726,-0.03,-0.007,-0.59,357352.0,41964029.3,1.18,1.18,1.17,1.18,0.85,2.89,1.18,63.76,137967.0,219385.0,-1362823.0,-3.25,693485.0,1.65,-2056308.0,-4.9,-330416.0,-0.79,1693237.0,4.03,-85.0,1.173,1.174,1235013232.0,1448670521,1448670521,2026-08-03,2026-08-03 15:34:45+08:00
563830,全指现金流ETF博时,1.178,1.1773,-0.06,-0.007,-0.59,2678.0,315683.0,1.178,1.185,1.177,1.185,0.68,0.18,0.39,9.48,526.0,2152.0,-28426.0,-9.0,-235.0,-0.07,-28191.0,-8.93,-23700.0,-7.51,52127.0,16.51,2.0,1.175,1.181,148896000.0,175399488,175399488,2026-08-03,2026-08-03 16:11:39+08:00
510270,国企ETF中银,1.525,1.5245,-0.03,-0.009,-0.59,11050.0,1682339.0,1.534,1.534,1.519,1.534,0.98,6.56,1.24,1.04,1971.0,9079.0,10166.0,0.6,0.0,0.0,10166.0,0.6,-49432.0,-2.94,39266.0,2.33,-80.0,1.52,1.525,16832100.0,25668953,25668953,2026-08-03,2026-08-03 16:11:57+08:00
159265,港股消费ETF鹏华,0.84,0.839,-0.12,-0.005,-0.59,151559.0,12774092.4,0.844,0.851,0.837,0.845,1.66,8.47,0.68,-10.12,60261.0,91298.0,-739038.0,-5.79,13472.0,0.11,-752510.0,-5.89,620134.0,4.85,118905.0,0.93,60.0,0.839,0.84,178950894.0,150318751,150318751,2026-08-03,2026-08-03 15:34:48+08:00
562030,信创ETF华宝,0.495,0.4915,-0.71,-0.003,-0.6,95073.0,4738762.0,0.494,0.504,0.494,0.498,2.01,6.74,1.07,22.29,54030.0,41043.0,25321.0,0.53,169332.0,3.57,-144011.0,-3.04,-116677.0,-2.46,91356.0,1.93,-4481.0,0.495,0.496,140973900.0,69782081,69782081,2026-08-03,2026-08-03 16:11:59+08:00
520900,港股通红利ETF广发,0.993,0.9936,0.06,-0.006,-0.6,605133.0,60273395.0,0.999,1.003,0.991,0.999,1.2,3.81,0.81,21.72,292014.0,313119.0,-5126670.0,-8.51,-4359399.0,-7.23,-767271.0,-1.27,-166140.0,-0.28,5292810.0,8.78,-3390.0,0.993,0.994,1589675008.0,1578547283,1578547283,2026-08-03,2026-08-03 16:11:48+08:00
159918,中创400ETF嘉实,2.33,2.3343,0.18,-0.014,-0.6,6396.0,1498643.6,2.368,2.39,2.327,2.344,2.69,1.96,0.66,-73.52,4223.0,2173.0,0.0,0.0,0.0,0.0,0.0,0.0,-10058.0,-0.67,10058.0,0.67,-1.0,2.331,2.339,32561264.0,75867745,75867745,2026-08-03,2026-08-03 15:34:00+08:00
159277,港股通红利ETF富国,0.997,0.9944,-0.26,-0.006,-0.6,59956.0,5964685.6,0.999,1.005,0.991,1.003,1.4,15.16,1.05,-2.56,26515.0,33441.0,416035.0,6.97,223550.0,3.75,192485.0,3.23,-354976.0,-5.95,-61059.0,-1.02,21.0,0.993,0.997,39557011.0,39438340,39438340,2026-08-03,2026-08-03 15:34:57+08:00
512800,银行ETF华宝,0.831,0.8334,0.29,-0.005,-0.6,10082673.0,835751064.0,0.827,0.836,0.821,0.836,1.79,7.7,0.66,-46.11,5451687.0,4630985.0,17433036.0,2.09,22169808.0,2.65,-4736772.0,-0.57,-15502527.0,-1.85,-1930508.0,-0.23,-27296.0,0.831,0.832,13095279872.0,10882177574,10882177574,2026-08-03,2026-08-03 16:11:54+08:00
516110,汽车ETF国泰,1.159,1.1589,-0.01,-0.007,-0.6,323402.0,37521101.0,1.165,1.168,1.154,1.166,1.2,11.82,0.87,-17.86,143176.0,180226.0,1533151.0,4.09,-3361731.0,-8.96,4894882.0,13.05,890575.0,2.37,-2423725.0,-6.46,-1221.0,1.157,1.159,273623104.0,317129178,317129178,2026-08-03,2026-08-03 16:11:57+08:00
159209,红利质量ETF招商,1.155,1.154,-0.09,-0.007,-0.6,1510956.0,175030769.8,1.165,1.169,1.152,1.162,1.46,7.09,1.05,76.92,979924.0,531032.0,-23921353.0,-13.67,-43659926.0,-24.94,19738573.0,11.28,21799206.0,12.45,2122147.0,1.21,887.0,1.154,1.155,2129635056.0,2459728490,2459728490,2026-08-03,2026-08-03 15:34:45+08:00
516840,汽车ETF南方,0.814,0.8156,0.2,-0.005,-0.61,82782.0,6754484.0,0.819,0.823,0.81,0.819,1.59,6.03,0.78,15.81,41146.0,41636.0,378679.0,5.61,-13255.0,-0.2,391934.0,5.8,-291262.0,-4.31,-87418.0,-1.29,-162.0,0.814,0.815,137277000.0,111743478,111743478,2026-08-03,2026-08-03 16:11:44+08:00
512170,医疗ETF华宝,0.328,0.3275,-0.15,-0.002,-0.61,11615074.0,380955497.0,0.329,0.331,0.326,0.33,1.52,1.47,0.68,-0.77,4965658.0,6649416.0,-15191898.0,-3.99,-38485035.0,-10.1,23293137.0,6.11,9061965.0,2.38,6129928.0,1.61,-86740.0,0.327,0.328,78995820544.0,25910629138,25910629138,2026-08-03,2026-08-03 16:11:54+08:00
159245,港股通消费ETF富国,0.816,0.8166,0.07,-0.005,-0.61,65177.0,5367473.3,0.843,0.843,0.815,0.821,3.41,9.04,1.26,-17.42,23777.0,41400.0,-556245.0,-10.36,0.0,0.0,-556245.0,-10.36,438530.0,8.17,117716.0,2.19,-1214.0,0.816,0.817,72113296.0,58844450,58844450,2026-08-03,2026-08-03 15:34:03+08:00
563580,自由现金流800ETF万家,1.132,1.131,-0.09,-0.007,-0.61,55205.0,6269755.0,1.154,1.154,1.116,1.139,3.34,2.19,0.84,2.91,26498.0,28707.0,-276497.0,-4.41,5111.0,0.08,-281608.0,-4.49,162757.0,2.6,113740.0,1.81,79.0,1.129,1.132,252648000.0,285997536,285997536,2026-08-03,2026-08-03 16:11:52+08:00
159525,红利低波ETF富国,1.115,1.1217,0.6,-0.007,-0.62,187766.0,21026637.9,1.108,1.128,1.108,1.122,1.78,4.02,1.05,-34.12,102110.0,85656.0,1331075.0,6.33,-1309312.0,-6.23,2640387.0,12.56,1263071.0,6.01,-2594145.0,-12.34,-1045.0,1.115,1.119,467243744.0,520976775,520976775,2026-08-03,2026-08-03 15:34:33+08:00
159157,有色金属ETF天弘,0.798,0.7962,-0.23,-0.005,-0.62,925861.0,73849457.097,0.802,0.804,0.789,0.803,1.87,1.12,0.8,-5.21,421749.0,504112.0,-5319820.0,-7.2,-2380084.0,-3.22,-2939736.0,-3.98,2047725.0,2.77,3272094.0,4.43,-1482.0,0.798,0.799,8255758848.0,6588095561,6588095561,2026-08-03,2026-08-03 15:34:00+08:00
159697,石油ETF鹏华,1.275,1.2761,0.09,-0.008,-0.62,515436.0,65801465.42,1.265,1.289,1.265,1.283,1.87,4.25,0.56,-12.98,339965.0,175471.0,1831223.0,2.78,-1049541.0,-1.6,2880764.0,4.38,1065478.0,1.62,-2896700.0,-4.4,-106.0,1.275,1.277,1214022000.0,1547878050,1547878050,2026-08-03,2026-08-03 15:34:45+08:00
513590,港股通消费ETF鹏华,0.802,0.8009,-0.14,-0.005,-0.62,56378.0,4545077.0,0.805,0.815,0.8,0.807,1.86,4.06,0.91,-1.45,25056.0,31322.0,-388883.0,-8.56,-207927.0,-4.57,-180956.0,-3.98,279116.0,6.14,109767.0,2.42,-476.0,0.801,0.802,138918900.0,111412958,111412958,2026-08-03,2026-08-03 16:11:53+08:00
159976,湾创ETF工银,1.288,1.2932,0.4,-0.008,-0.62,1225.0,158364.9,1.293,1.3,1.288,1.296,0.93,0.19,1.58,-17.36,203.0,1022.0,17701.0,11.18,0.0,0.0,17701.0,11.18,0.0,0.0,-17702.0,-11.18,-12.0,1.288,1.294,64885872.0,83573003,83573003,2026-08-03,2026-08-03 15:34:21+08:00
520720,港股汽车ETF国泰,0.789,0.7908,0.23,-0.005,-0.63,234260.0,18564661.0,0.793,0.801,0.788,0.794,1.64,18.75,0.89,2.99,105980.0,128280.0,-190762.0,-1.03,1919277.0,10.34,-2110039.0,-11.37,49807.0,0.27,140955.0,0.76,-11.0,0.788,0.789,124942000.0,98579238,98579238,2026-08-03,2026-08-03 16:12:02+08:00
512940,有色ETF华安,0.784,0.7828,-0.15,-0.005,-0.63,473780.0,37026333.0,0.792,0.792,0.772,0.789,2.53,2.18,1.33,17.67,206575.0,267205.0,-1362364.0,-3.68,-4252900.0,-11.49,2890536.0,7.81,447080.0,1.21,915285.0,2.47,-553.0,0.783,0.784,2177705008.0,1707320726,1707320726,2026-08-03,2026-08-03 16:11:59+08:00
159755,电池ETF广发,0.939,0.9374,-0.17,-0.006,-0.63,2982377.0,279804239.012,0.944,0.945,0.93,0.945,1.59,3.18,0.58,30.11,1370874.0,1611503.0,-7755264.0,-2.77,-19864368.0,-7.1,12109104.0,4.33,-2850948.0,-1.02,10606212.0,3.79,13229.0,0.938,0.939,9379646720.0,8807488270,8807488270,2026-08-03,2026-08-03 15:34:21+08:00
561920,疫苗ETF招商,0.628,0.6286,0.1,-0.004,-0.63,6791.0,428242.0,0.631,0.634,0.627,0.632,1.11,1.63,0.34,19.46,4731.0,2060.0,-41174.0,-9.61,0.0,0.0,-41174.0,-9.61,-48012.0,-11.21,89186.0,20.83,71.0,0.628,0.63,41692000.0,26182576,26182576,2026-08-03,2026-08-03 16:11:49+08:00
516650,有色金属ETF华夏,1.744,1.7437,-0.02,-0.011,-0.63,963142.0,167791060.0,1.751,1.755,1.716,1.755,2.22,1.84,1.11,-29.56,582244.0,380898.0,-34193265.0,-20.38,-11017777.0,-6.57,-23175488.0,-13.81,27414323.0,16.34,6778943.0,4.04,-3539.0,1.744,1.745,5239464704.0,9137626444,9137626444,2026-08-03,2026-08-03 16:11:56+08:00
159991,创业板大盘ETF招商,0.787,0.7838,-0.41,-0.005,-0.63,56850.0,4461415.7,0.781,0.793,0.776,0.792,2.15,5.25,0.42,-6.12,29477.0,27373.0,272346.0,6.1,666530.0,14.94,-394184.0,-8.84,-391277.0,-8.77,118931.0,2.67,181.0,0.784,0.787,108263172.0,85203116,85203116,2026-08-03,2026-08-03 15:34:42+08:00
563350,A50ETF华泰柏瑞,1.416,1.4153,-0.05,-0.009,-0.63,101325.0,14354625.0,1.422,1.423,1.41,1.425,0.91,5.33,0.44,5.1,38203.0,63122.0,-121417.0,-0.85,-2186129.0,-15.23,2064712.0,14.38,41266.0,0.29,80152.0,0.56,-120.0,1.412,1.416,189997600.0,269036602,269036602,2026-08-03,2026-08-03 16:11:43+08:00
530880,红利国企ETF银河,1.08,1.0783,-0.16,-0.007,-0.64,33598.0,3638490.0,1.08,1.094,1.075,1.087,1.75,7.94,2.13,-4.27,23876.0,9722.0,239478.0,6.58,0.0,0.0,239478.0,6.58,-280553.0,-7.71,41076.0,1.13,-31.0,1.08,1.081,42336000.0,45722880,45722880,2026-08-03,2026-08-03 16:11:55+08:00
562600,医疗器械ETF华夏,0.771,0.7721,0.14,-0.005,-0.64,276176.0,21326897.0,0.78,0.782,0.769,0.776,1.68,5.71,0.72,1.8,99674.0,176502.0,-548529.0,-2.57,-2102538.0,-9.86,1554009.0,7.29,340406.0,1.6,208122.0,0.98,-100.0,0.771,0.772,483937408.0,373115742,373115742,2026-08-03,2026-08-03 16:11:35+08:00
560290,有色ETF景顺,0.768,0.7676,-0.05,-0.005,-0.65,59583.0,4557900.0,0.775,0.775,0.756,0.773,2.46,1.52,0.85,-0.06,26873.0,32710.0,3404.0,0.07,169710.0,3.72,-166306.0,-3.65,-210746.0,-4.62,207342.0,4.55,-177.0,0.767,0.768,392694000.0,301588992,301588992,2026-08-03,2026-08-03 16:11:54+08:00
159876,有色ETF华宝,0.919,0.9186,-0.04,-0.006,-0.65,458871.0,42023959.0,0.925,0.925,0.905,0.925,2.16,2.84,0.46,8.07,215350.0,243521.0,-3841316.0,-9.14,-1838780.0,-4.38,-2002536.0,-4.77,1836482.0,4.37,2004833.0,4.77,-795.0,0.919,0.92,1613377024.0,1482693485,1482693485,2026-08-03,2026-08-03 15:34:48+08:00
159682,创业板50ETF景顺,1.526,1.5285,0.16,-0.01,-0.65,2262502.0,345733692.524,1.519,1.546,1.507,1.536,2.54,6.36,0.43,25.77,1117365.0,1145137.0,15868007.0,4.59,39512060.0,11.43,-23644053.0,-6.84,-13558977.0,-3.92,-2309031.0,-0.67,-5319.0,1.526,1.527,3557307664.0,5428451495,5428451495,2026-08-03,2026-08-03 15:34:27+08:00
159091,港股通金融ETF易方达,1.076,1.0791,0.29,-0.007,-0.65,74359.0,8003962.154,1.09,1.09,1.068,1.083,2.03,15.37,0.57,-21.82,40199.0,34159.0,381162.0,4.76,0.0,0.0,381162.0,4.76,-544632.0,-6.8,163470.0,2.04,40.0,1.075,1.076,48374196.0,52050635,52050635,2026-08-03,2026-08-03 15:34:15+08:00
510130,上证中盘ETF易方达,7.208,7.2285,0.28,-0.047,-0.65,6403.0,4631950.0,7.255,7.261,7.208,7.255,0.73,2.06,1.12,-13.65,2480.0,3923.0,741658.0,16.01,-1098557.0,-23.72,1840215.0,39.73,-788016.0,-17.01,46358.0,1.0,-2.0,7.208,7.231,31085100.0,224061401,224061401,2026-08-03,2026-08-03 16:11:53+08:00
159333,港股央企红利ETF万家,1.365,1.3692,0.31,-0.009,-0.66,73426.0,10049269.8,1.374,1.383,1.361,1.374,1.6,3.42,1.07,29.8,32051.0,41375.0,256089.0,2.55,0.0,0.0,256089.0,2.55,-1133987.0,-11.28,877898.0,8.74,-200.0,1.365,1.367,214952835.0,293410620,293410620,2026-08-03,2026-08-03 15:34:27+08:00
560490,工业有色ETF华泰柏瑞,0.909,0.9089,-0.01,-0.006,-0.66,38361.0,3482759.0,0.92,0.923,0.902,0.915,2.3,2.99,0.54,5.57,17168.0,21193.0,-267247.0,-7.67,18047.0,0.52,-285294.0,-8.19,167119.0,4.8,100128.0,2.87,-22.0,0.908,0.909,128482000.0,116790138,116790138,2026-08-03,2026-08-03 16:11:43+08:00
159232,自由现金流ETF南方,1.204,1.2035,-0.04,-0.008,-0.66,1446501.0,174354472.099,1.206,1.212,1.201,1.212,0.91,6.75,0.89,71.89,742550.0,703951.0,-8039895.0,-4.61,-11181194.0,-6.41,3141299.0,1.8,6526744.0,3.74,1513149.0,0.87,615.0,1.202,1.204,2142948560.0,2580110066,2580110066,2026-08-03,2026-08-03 15:34:27+08:00
159723,科技龙头ETF汇添富,1.056,1.0552,-0.08,-0.007,-0.66,11527.0,1216269.4,1.062,1.065,1.048,1.063,1.6,3.72,0.86,30.74,7687.0,3840.0,-190405.0,-15.65,0.0,0.0,-190405.0,-15.65,153856.0,12.65,36547.0,3.0,33.0,1.051,1.056,31025575.0,32763007,32763007,2026-08-03,2026-08-03 15:34:15+08:00
159233,自由现金流ETF平安,1.2,1.1996,-0.03,-0.008,-0.66,246734.0,29658030.8,1.208,1.208,1.198,1.208,0.83,3.54,0.63,-38.99,124921.0,121813.0,4902563.0,16.53,1886334.0,6.36,3016229.0,10.17,-960238.0,-3.24,-3942324.0,-13.29,4000.0,1.2,1.201,696623424.0,835948109,835948109,2026-08-03,2026-08-03 15:34:30+08:00
159680,中证1000增强ETF招商,1.51,1.5078,-0.15,-0.01,-0.66,554326.0,83850317.689,1.512,1.526,1.504,1.52,1.45,5.23,0.84,-13.94,255754.0,298571.0,-9610339.0,-11.46,2876417.0,3.43,-12486756.0,-14.89,8642658.0,10.31,967681.0,1.15,-3478.0,1.51,1.512,1059438080.0,1599751501,1599751501,2026-08-03,2026-08-03 15:34:57+08:00
563750,中证500ETF汇添富,1.037,1.0355,-0.14,-0.007,-0.67,195447.0,20330982.0,1.044,1.05,1.034,1.044,1.53,5.43,0.7,-6.74,120537.0,74910.0,-536494.0,-2.64,-4171434.0,-20.52,3634940.0,17.88,-78347.0,-0.39,614842.0,3.02,-45.0,1.036,1.037,359737008.0,373047277,373047277,2026-08-03,2026-08-03 16:11:36+08:00
512600,消费ETF嘉实,0.593,0.5942,0.2,-0.004,-0.67,560078.0,33322228.0,0.593,0.601,0.59,0.597,1.84,3.29,1.59,23.97,359187.0,200891.0,-582149.0,-1.75,1017119.0,3.05,-1599268.0,-4.8,28510.0,0.09,553639.0,1.66,-995.0,0.593,0.594,1702556096.0,1009615765,1009615765,2026-08-03,2026-08-03 16:11:34+08:00
159889,智能汽车ETF国泰,0.889,0.8885,-0.06,-0.006,-0.67,14856.0,1322387.4,0.899,0.906,0.887,0.895,2.12,5.23,1.26,-2.23,6882.0,7974.0,-460683.0,-34.84,0.0,0.0,-460683.0,-34.84,402033.0,30.4,58651.0,4.44,-347.0,0.891,0.894,28400796.0,25248308,25248308,2026-08-03,2026-08-03 15:34:42+08:00
561230,中证A50ETF工银,1.335,1.3347,-0.02,-0.009,-0.67,109536.0,14628392.0,1.338,1.342,1.329,1.344,0.97,2.37,0.37,-24.13,63807.0,45729.0,-480781.0,-3.29,-3022655.0,-20.66,2541874.0,17.38,688803.0,4.71,-208022.0,-1.42,-1499.0,1.333,1.335,462477808.0,617407874,617407874,2026-08-03,2026-08-03 16:11:33+08:00
159657,疫苗ETF鹏华,0.59,0.59,0.0,-0.004,-0.67,6808.0,402094.2,0.594,0.594,0.588,0.594,1.01,0.41,0.53,-8.78,3304.0,3504.0,146871.0,36.53,-6584.0,-1.64,153455.0,38.16,-57493.0,-14.3,-89378.0,-22.23,9.0,0.589,0.592,164514819.0,97063743,97063743,2026-08-03,2026-08-03 15:34:51+08:00
563770,全指现金流ETF招商,1.193,1.1945,0.13,-0.008,-0.67,71009.0,8486204.0,1.213,1.213,1.193,1.201,1.67,24.65,0.92,-0.38,35095.0,35914.0,75232.0,0.89,0.0,0.0,75232.0,0.89,-100622.0,-1.19,25391.0,0.3,-30.0,1.192,1.197,28807000.0,34366751,34366751,2026-08-03,2026-08-03 16:11:43+08:00
159717,ESGETF鹏华,1.04,1.0372,-0.27,-0.007,-0.67,5086.0,528046.1,1.041,1.042,1.036,1.047,0.57,2.22,1.13,-62.31,50.0,5036.0,-3331.0,-0.63,0.0,0.0,-3331.0,-0.63,0.0,0.0,3331.0,0.63,50.0,1.033,1.04,22873183.0,23788110,23788110,2026-08-03,2026-08-03 15:34:09+08:00
159220,港股通红利低波ETF华宝,0.596,0.5962,0.03,-0.004,-0.67,367561.0,21960215.3,0.599,0.603,0.595,0.6,1.33,7.48,0.82,-12.72,186259.0,181302.0,-34884.0,-0.16,1401860.0,6.38,-1436744.0,-6.54,-252919.0,-1.15,287803.0,1.31,3221.0,0.595,0.596,491569520.0,292975434,292975434,2026-08-03,2026-08-03 15:34:42+08:00
159379,A500ETF融通,1.324,1.3218,-0.17,-0.009,-0.68,12999.0,1724271.4,1.335,1.335,1.32,1.333,1.13,0.8,0.31,90.09,10278.0,2721.0,570793.0,33.1,0.0,0.0,570793.0,33.1,-591219.0,-34.29,20426.0,1.18,-1048.0,1.32,1.333,161821471.0,214251628,214251628,2026-08-03,2026-08-03 15:34:06+08:00
560870,工业有色ETF中银,0.876,0.8771,0.13,-0.006,-0.68,70257.0,6152397.0,0.884,0.884,0.87,0.882,1.59,6.93,0.96,-2.03,31234.0,39023.0,-231549.0,-3.76,0.0,0.0,-231549.0,-3.76,171624.0,2.79,59924.0,0.97,-22.0,0.876,0.879,101351900.0,88784264,88784264,2026-08-03,2026-08-03 16:11:36+08:00
159321,黄金股ETF华安,1.439,1.4349,-0.29,-0.01,-0.69,225950.0,32289404.0,1.455,1.455,1.404,1.449,3.52,6.2,0.74,91.55,105062.0,120888.0,-4465019.0,-13.83,383951.0,1.19,-4848970.0,-15.02,440531.0,1.36,4024488.0,12.46,1034.0,1.438,1.439,364400400.0,524372176,524372176,2026-08-03,2026-08-03 15:34:39+08:00
515040,工业有色ETF华夏,1.002,1.0032,0.12,-0.007,-0.69,58018.0,5818341.0,1.035,1.035,0.997,1.009,3.77,7.41,1.44,-20.8,24790.0,33228.0,-169037.0,-2.91,-811573.0,-13.95,642536.0,11.04,-152776.0,-2.63,321813.0,5.53,-129.0,1.001,1.002,78319600.0,78476239,78476239,2026-08-03,2026-08-03 16:11:34+08:00
513140,港股通金融ETF华泰柏瑞,1.734,1.7354,0.08,-0.012,-0.69,350381.0,60770514.0,1.746,1.753,1.723,1.746,1.72,42.54,0.99,49.78,154309.0,196072.0,1511783.0,2.49,57524.0,0.09,1454259.0,2.39,-1177532.0,-1.94,-334251.0,-0.55,-192.0,1.732,1.734,82368000.0,142826112,142826112,2026-08-03,2026-08-03 16:11:53+08:00
513750,港股通非银ETF广发,1.551,1.5586,0.49,-0.011,-0.7,3172180.0,492455869.0,1.562,1.567,1.545,1.562,1.41,3.26,0.75,-55.82,1545615.0,1626565.0,63717239.0,12.94,33931769.0,6.89,29785470.0,6.05,-53635908.0,-10.89,-10081332.0,-2.05,-9789.0,1.55,1.551,9720837888.0,15077019564,15077019564,2026-08-03,2026-08-03 16:12:02+08:00
510760,上证指数ETF国泰,1.275,1.2773,0.18,-0.009,-0.7,2011722.0,256741957.0,1.279,1.282,1.272,1.284,0.78,4.65,0.68,12.75,701910.0,1309812.0,-32261544.0,-12.57,-43574173.0,-16.97,11312629.0,4.41,6570388.0,2.56,25691156.0,10.01,-20954.0,1.275,1.276,4322503680.0,5511192192,5511192192,2026-08-03,2026-08-03 16:11:34+08:00
159944,材料ETF广发,1.423,1.4241,0.08,-0.01,-0.7,70853.0,10063809.1,1.447,1.447,1.408,1.433,2.72,21.08,1.57,9.55,38253.0,32600.0,-353388.0,-3.51,0.0,0.0,-353388.0,-3.51,534519.0,5.31,-181131.0,-1.8,-21.0,1.424,1.426,33608342.0,47824671,47824671,2026-08-03,2026-08-03 15:34:12+08:00
159500,中证500ETF富国,1.115,1.1113,-0.33,-0.008,-0.71,148468.0,16568038.8,1.118,1.124,1.11,1.123,1.25,5.88,0.41,3.48,82878.0,65590.0,-11271.0,-0.07,1661568.0,10.03,-1672839.0,-10.1,-1507608.0,-9.1,1518879.0,9.17,1078.0,1.114,1.115,252538865.0,281580834,281580834,2026-08-03,2026-08-03 15:34:21+08:00
520660,港股通央企红利ETF南方,0.978,0.9788,0.08,-0.007,-0.71,562490.0,55206158.0,0.982,0.988,0.975,0.985,1.32,2.27,0.92,11.85,241658.0,320832.0,-909414.0,-1.65,-2146922.0,-3.89,1237508.0,2.24,348037.0,0.63,561376.0,1.02,-329.0,0.977,0.978,2475485504.0,2421024823,2421024823,2026-08-03,2026-08-03 16:11:48+08:00
520990,港股央企红利ETF景顺,0.973,0.9734,0.04,-0.007,-0.71,759845.0,74049896.0,0.978,0.984,0.969,0.98,1.53,2.07,0.74,-19.61,229624.0,530221.0,-2906206.0,-3.92,-6016858.0,-8.13,3110652.0,4.2,856404.0,1.16,2049801.0,2.77,-5576.0,0.972,0.973,3676470496.0,3577205793,3577205793,2026-08-03,2026-08-03 16:12:01+08:00
159176,家电ETF华宝,0.983,0.9822,-0.08,-0.007,-0.71,80820.0,7958620.0,0.981,0.992,0.981,0.99,1.11,34.68,0.82,0.38,38969.0,41851.0,41630.0,0.52,0.0,0.0,41630.0,0.52,7729.0,0.1,-49360.0,-0.62,600.0,0.981,0.987,23303341.0,22907184,22907184,2026-08-03,2026-08-03 15:34:03+08:00
159814,创业大盘ETF西部利得,0.687,0.6868,-0.03,-0.005,-0.72,510508.0,35060972.9,0.683,0.695,0.68,0.692,2.17,9.78,0.68,83.59,210126.0,300382.0,-480771.0,-1.37,1338315.0,3.82,-1819086.0,-5.19,26047.0,0.07,454724.0,1.3,446.0,0.686,0.687,522246528.0,358783365,358783365,2026-08-03,2026-08-03 15:34:30+08:00
159903,深成ETF南方,1.647,1.6468,-0.01,-0.012,-0.72,337220.0,55651295.0,1.65,1.66,1.642,1.659,1.08,7.14,0.38,21.28,141891.0,195329.0,-8129157.0,-14.61,-4438004.0,-7.97,-3691153.0,-6.63,1482388.0,2.66,6646769.0,11.94,-3700.0,1.647,1.648,472154512.0,777638481,777638481,2026-08-03,2026-08-03 15:34:00+08:00
159281,港股央企红利ETF天弘,0.96,0.9651,0.53,-0.007,-0.72,414315.0,39899056.3,0.967,0.97,0.958,0.967,1.24,16.56,0.82,-59.8,174701.0,239614.0,974173.0,2.44,1994176.0,5.0,-1020003.0,-2.56,-1033342.0,-2.59,59169.0,0.15,-10.0,0.96,0.962,250233059.0,240223737,240223737,2026-08-03,2026-08-03 15:34:33+08:00
159143,港股通央企红利ETF平安,0.971,0.9733,0.24,-0.007,-0.72,22555.0,2194822.7,0.98,0.981,0.97,0.978,1.12,3.99,0.94,13.98,5599.0,16956.0,434390.0,19.79,0.0,0.0,434390.0,19.79,-449721.0,-20.49,15332.0,0.7,-457.0,0.971,0.972,56554456.0,54914377,54914377,2026-08-03,2026-08-03 15:34:51+08:00
510210,上证指数ETF富国,0.968,0.9691,0.11,-0.007,-0.72,13844210.0,1342808609.0,0.971,0.974,0.967,0.975,0.72,7.11,0.91,17.23,7062623.0,6781587.0,-282600387.0,-21.05,-409160592.0,-30.47,126560205.0,9.43,194855164.0,14.51,87745223.0,6.53,-229726.0,0.967,0.968,19469192704.0,18846178537,18846178537,2026-08-03,2026-08-03 16:11:42+08:00
562890,A50ETF嘉实,1.382,1.3807,-0.09,-0.01,-0.72,151309.0,20899214.0,1.387,1.389,1.377,1.392,0.86,6.8,1.08,1.08,42343.0,108966.0,-212060.0,-1.01,1269346.0,6.07,-1481406.0,-7.09,64000.0,0.31,148061.0,0.71,-20.0,1.378,1.382,222551000.0,307565482,307565482,2026-08-03,2026-08-03 16:11:53+08:00
560860,工业有色ETF万家,1.526,1.5255,-0.03,-0.011,-0.72,1376191.0,210138754.0,1.537,1.539,1.514,1.537,1.63,2.45,1.1,-42.23,588387.0,787804.0,-11115678.0,-5.29,-12476823.0,-5.94,1361145.0,0.65,2975740.0,1.42,8139937.0,3.87,-9569.0,1.525,1.526,5610233088.0,8561215692,8561215692,2026-08-03,2026-08-03 16:11:41+08:00
516460,现金流ETF800鹏华,1.236,1.236,0.0,-0.009,-0.72,39665.0,4926669.0,1.241,1.248,1.235,1.245,1.04,0.9,0.94,0.08,25046.0,14619.0,31088.0,0.63,-199962.0,-4.06,231050.0,4.69,-139616.0,-2.83,108528.0,2.2,-31.0,1.236,1.238,440693008.0,544696558,544696558,2026-08-03,2026-08-03 16:11:36+08:00
159268,港股通消费ETF汇添富,0.811,0.8101,-0.11,-0.006,-0.73,431436.0,35162412.144,0.851,0.851,0.809,0.817,5.14,9.96,1.08,-17.16,177362.0,254074.0,-1015900.0,-2.89,1325513.0,3.77,-2341413.0,-6.66,559133.0,1.59,456766.0,1.3,258.0,0.809,0.811,433055024.0,351207624,351207624,2026-08-03,2026-08-03 15:34:54+08:00
159519,港股国企ETF国泰,1.765,1.7657,0.04,-0.013,-0.73,47328.0,8364300.9,1.785,1.786,1.758,1.778,1.57,8.0,0.32,10.9,22905.0,24423.0,-265039.0,-3.17,0.0,0.0,-265039.0,-3.17,243118.0,2.91,21921.0,0.26,-117.0,1.765,1.766,59157854.0,104413612,104413612,2026-08-03,2026-08-03 15:34:30+08:00
510550,中证500ETF方正富邦,1.913,1.909,-0.21,-0.014,-0.73,5619.0,1075513.0,1.92,1.93,1.899,1.927,1.61,2.37,0.41,23.12,1980.0,3639.0,-191070.0,-17.77,0.0,0.0,-191070.0,-17.77,6720.0,0.62,184349.0,17.14,-2.0,1.913,1.916,23743300.0,45420933,45420933,2026-08-03,2026-08-03 16:11:53+08:00
520890,港股通红利低波ETF华泰柏瑞,1.349,1.3509,0.14,-0.01,-0.74,185521.0,25107771.0,1.359,1.365,1.346,1.359,1.4,24.25,1.06,-8.94,75356.0,110165.0,1026573.0,4.09,-1758313.0,-7.0,2784886.0,11.09,-963519.0,-3.84,-63053.0,-0.25,-197.0,1.349,1.35,76508000.0,103209292,103209292,2026-08-03,2026-08-03 16:11:46+08:00
512950,央企改革ETF华夏,1.478,1.4795,0.1,-0.011,-0.74,81619.0,12073076.0,1.487,1.487,1.474,1.489,0.87,0.2,0.81,31.04,38863.0,42756.0,-593849.0,-4.92,296.0,0.0,-594145.0,-4.92,367300.0,3.04,226549.0,1.88,-655.0,1.477,1.478,4054551008.0,5992626390,5992626390,2026-08-03,2026-08-03 16:11:55+08:00
517160,长江保护ETF南方,0.933,0.9362,0.34,-0.007,-0.74,2528.0,236598.0,0.936,0.938,0.933,0.94,0.53,0.01,0.33,-13.85,2375.0,153.0,-22176.0,-9.37,0.0,0.0,-22176.0,-9.37,-3283.0,-1.39,25459.0,10.76,-61.0,0.933,0.936,1828777504.0,1706249411,1706249411,2026-08-03,2026-08-03 16:11:58+08:00
159285,港股通消费ETF华安,0.806,0.8065,0.06,-0.006,-0.74,121382.0,9807535.02,0.812,0.816,0.804,0.812,1.48,4.88,0.9,-21.43,53516.0,67866.0,-36401.0,-0.37,0.0,0.0,-36401.0,-0.37,39917.0,0.41,-3516.0,-0.04,1336.0,0.805,0.806,248486680.0,200280264,200280264,2026-08-03,2026-08-03 15:34:03+08:00
159545,恒生红利低波ETF易方达,1.341,1.3429,0.14,-0.01,-0.74,694944.0,93545828.3,1.351,1.357,1.339,1.351,1.33,1.3,0.45,-34.94,281796.0,413148.0,1408962.0,1.51,-1498521.0,-1.6,2907483.0,3.11,-1748968.0,-1.87,340007.0,0.36,-1608.0,1.341,1.342,5356603648.0,7183205492,7183205492,2026-08-03,2026-08-03 15:34:24+08:00
159910,基本面120ETF嘉实,2.384,2.3893,0.22,-0.018,-0.75,9065.0,2168146.3,2.397,2.398,2.384,2.402,0.58,1.07,3.56,9.04,3359.0,5706.0,-651798.0,-30.06,0.0,0.0,-651798.0,-30.06,617155.0,28.46,34644.0,1.6,-500.0,2.378,2.392,84906143.0,202416245,202416245,2026-08-03,2026-08-03 15:34:06+08:00
515910,质量ETF中金,0.661,0.6613,0.05,-0.005,-0.75,58979.0,3910850.0,0.666,0.666,0.658,0.666,1.2,2.59,1.3,7.87,34054.0,24925.0,81062.0,2.07,-801134.0,-20.48,882196.0,22.56,-57962.0,-1.48,-23099.0,-0.59,20.0,0.661,0.662,227507000.0,150382127,150382127,2026-08-03,2026-08-03 16:11:57+08:00
560500,500质量成长ETF鹏扬,1.322,1.3213,-0.05,-0.01,-0.75,8959.0,1188542.0,1.332,1.336,1.32,1.332,1.2,0.31,0.27,-0.57,5410.0,3549.0,322945.0,27.17,0.0,0.0,322945.0,27.17,114289.0,9.62,-437233.0,-36.79,-20.0,1.32,1.322,293339008.0,387794169,387794169,2026-08-03,2026-08-03 16:11:57+08:00
513920,港股通央企红利ETF华安,1.578,1.5819,0.25,-0.012,-0.75,523433.0,82903037.0,1.591,1.599,1.574,1.59,1.57,1.93,0.6,-15.06,222765.0,300668.0,-251538.0,-0.3,-1431619.0,-1.73,1180081.0,1.42,-347688.0,-0.42,599226.0,0.72,-1995.0,1.578,1.579,2718231008.0,4289368531,4289368531,2026-08-03,2026-08-03 16:11:59+08:00
512380,MSCI中国ETF银华,1.573,1.5721,-0.06,-0.012,-0.76,24432.0,3847590.0,1.582,1.583,1.57,1.585,0.82,3.22,1.03,0.12,4999.0,19433.0,-109785.0,-2.85,-35300.0,-0.92,-74485.0,-1.94,120806.0,3.14,-11022.0,-0.29,-1119.0,1.568,1.573,75805600.0,119242209,119242209,2026-08-03,2026-08-03 16:11:47+08:00
159757,电池ETF景顺,0.781,0.7797,-0.17,-0.006,-0.76,128686.0,10054852.2,0.788,0.788,0.775,0.787,1.65,5.01,0.84,50.36,64010.0,64676.0,207910.0,2.07,1597413.0,15.89,-1389503.0,-13.82,-480491.0,-4.78,272582.0,2.71,71.0,0.78,0.781,256931891.0,200663807,200663807,2026-08-03,2026-08-03 15:34:06+08:00
159121,港股通汽车ETF易方达,0.779,0.7788,-0.03,-0.006,-0.76,577692.0,45262307.4,0.788,0.793,0.778,0.785,1.91,37.64,0.51,-55.39,250468.0,327224.0,-2022556.0,-4.47,1343835.0,2.97,-3366391.0,-7.44,1062618.0,2.35,959939.0,2.12,-864.0,0.779,0.78,153481127.0,119561798,119561798,2026-08-03,2026-08-03 15:34:33+08:00
159672,消费ETF博时,0.655,0.6532,-0.28,-0.005,-0.76,76727.0,5047806.4,0.662,0.666,0.653,0.66,1.97,5.91,0.7,44.26,43265.0,33462.0,-1023094.0,-20.27,537107.0,10.64,-1560201.0,-30.91,744022.0,14.74,279072.0,5.53,3.0,0.654,0.655,129887409.0,85076253,85076253,2026-08-03,2026-08-03 15:34:57+08:00
159358,中证A500ETF大成,1.285,1.2832,-0.14,-0.01,-0.77,521700.0,67226889.5,1.282,1.296,1.281,1.295,1.16,7.6,0.71,61.5,293935.0,227765.0,-782829.0,-1.16,-9324578.0,-13.87,8541749.0,12.71,161209.0,0.24,621620.0,0.92,19.0,1.284,1.285,686106416.0,881646745,881646745,2026-08-03,2026-08-03 15:34:48+08:00
520810,港股通红利ETF易方达,1.037,1.0346,-0.23,-0.008,-0.77,38763.0,4030463.0,1.045,1.048,1.033,1.045,1.44,1.37,0.84,29.82,15650.0,23113.0,-147143.0,-3.65,0.0,0.0,-147143.0,-3.65,225034.0,5.58,-77890.0,-1.93,1.0,1.035,1.037,282360000.0,292807320,292807320,2026-08-03,2026-08-03 16:11:43+08:00
159373,创业板50ETF嘉实,1.683,1.68,-0.18,-0.013,-0.77,212290.0,35722363.2,1.68,1.701,1.665,1.696,2.12,14.58,0.79,2.71,112722.0,99568.0,-9134554.0,-25.57,-3446979.0,-9.65,-5687575.0,-15.92,-1117533.0,-3.13,10252087.0,28.7,-1.0,1.683,1.685,145557494.0,244973262,244973262,2026-08-03,2026-08-03 15:34:00+08:00
563280,A50增强ETF富国,1.415,1.4129,-0.15,-0.011,-0.77,4111.0,581508.0,1.42,1.42,1.41,1.426,0.7,6.13,0.84,-8.88,1924.0,2187.0,29249.0,5.03,0.0,0.0,29249.0,5.03,28200.0,4.85,-57449.0,-9.88,21.0,1.412,1.416,6706600.0,9489839,9489839,2026-08-03,2026-08-03 16:11:49+08:00
530100,上证580ETF易方达,1.032,1.035,0.29,-0.008,-0.77,31108.0,3232836.0,1.036,1.045,1.032,1.04,1.25,2.49,1.04,-5.13,17079.0,14029.0,230178.0,7.12,0.0,0.0,230178.0,7.12,-361842.0,-11.19,131664.0,4.07,-131.0,1.033,1.035,124696000.0,128686272,128686272,2026-08-03,2026-08-03 16:11:59+08:00
560350,中证A50ETF摩根,1.276,1.2758,-0.02,-0.01,-0.78,221450.0,28257989.0,1.278,1.283,1.271,1.286,0.93,2.55,0.9,-7.35,85619.0,135831.0,2070465.0,7.33,-1644312.0,-5.82,3714777.0,13.15,-692947.0,-2.45,-1377519.0,-4.87,-150.0,1.274,1.276,867532096.0,1106970954,1106970954,2026-08-03,2026-08-03 16:12:02+08:00
513070,港股通消费ETF易方达,1.144,1.1418,-0.19,-0.009,-0.78,1198376.0,137529152.0,1.156,1.163,1.14,1.153,1.99,9.16,0.85,-1.48,552633.0,645742.0,-6662800.0,-4.84,-10130914.0,-7.37,3468114.0,2.52,4318914.0,3.14,2343885.0,1.7,-6680.0,1.143,1.144,1308760800.0,1497222355,1497222355,2026-08-03,2026-08-03 16:11:54+08:00
159767,电池龙头ETF兴银,0.763,0.764,0.13,-0.006,-0.78,38845.0,2967211.0,0.77,0.78,0.759,0.769,2.73,1.57,0.56,68.14,11278.0,27567.0,113896.0,3.84,-768322.0,-25.89,882218.0,29.73,-372363.0,-12.55,258467.0,8.71,-20.0,0.764,0.766,247873672.0,189127612,189127612,2026-08-03,2026-08-03 15:34:12+08:00
562520,中证1000成长ETF华夏,1.276,1.2776,0.13,-0.01,-0.78,147168.0,18824035.0,1.26,1.288,1.214,1.286,5.75,34.57,1.92,-0.45,76493.0,70675.0,753524.0,4.0,-1023961.0,-5.44,1777485.0,9.44,-725062.0,-3.85,-28462.0,-0.15,120.0,1.275,1.276,42568000.0,54316768,54316768,2026-08-03,2026-08-03 16:11:53+08:00
159877,医疗ETF南方,0.51,0.511,0.2,-0.004,-0.78,563506.0,28780660.7,0.514,0.515,0.508,0.514,1.36,22.56,7.79,-2.29,62698.0,500808.0,196977.0,0.68,135381.0,0.47,61596.0,0.21,-205977.0,-0.72,9000.0,0.03,2.0,0.509,0.51,249792292.0,127394069,127394069,2026-08-03,2026-08-03 15:34:57+08:00
561590,中证1000增强ETF华泰柏瑞,1.393,1.3917,-0.09,-0.011,-0.78,26480.0,3697823.0,1.404,1.408,1.388,1.404,1.42,2.37,0.49,-15.73,12462.0,14018.0,-638097.0,-17.26,0.0,0.0,-638097.0,-17.26,337656.0,9.13,300440.0,8.12,-643.0,1.391,1.393,111499600.0,155318943,155318943,2026-08-03,2026-08-03 16:11:48+08:00
560680,消费ETF广发,0.76,0.7593,-0.09,-0.006,-0.78,265446.0,20258687.0,0.766,0.769,0.757,0.766,1.57,7.48,0.93,1.74,110718.0,154728.0,-1213174.0,-5.99,-3216755.0,-15.88,2003581.0,9.89,124609.0,0.62,1088565.0,5.37,-1519.0,0.76,0.761,354725600.0,269591456,269591456,2026-08-03,2026-08-03 16:11:53+08:00
159562,黄金股ETF华夏,2.039,2.0345,-0.22,-0.016,-0.78,785974.0,159373141.8,2.053,2.053,1.992,2.055,2.97,3.6,1.01,-10.88,369215.0,416759.0,5047530.0,3.17,6313331.0,3.96,-1265801.0,-0.79,-12625049.0,-7.92,7577518.0,4.75,3758.0,2.038,2.039,2182130512.0,4449364114,4449364114,2026-08-03,2026-08-03 15:34:39+08:00
512400,有色金属ETF南方,1.778,1.7795,0.08,-0.014,-0.78,3630532.0,644595538.0,1.79,1.793,1.753,1.792,2.23,2.82,0.76,20.18,1878605.0,1751927.0,-38413925.0,-5.96,19432893.0,3.01,-57846818.0,-8.97,3148497.0,0.49,35265429.0,5.47,-18582.0,1.777,1.778,12870039040.0,22882929413,22882929413,2026-08-03,2026-08-03 16:11:43+08:00
159322,黄金股ETF平安,1.509,1.5083,-0.05,-0.012,-0.79,75284.0,11287703.0,1.523,1.525,1.477,1.521,3.16,6.36,1.04,24.6,31042.0,44242.0,-971647.0,-8.61,0.0,0.0,-971647.0,-8.61,589986.0,5.23,381661.0,3.38,-133.0,1.509,1.514,118411691.0,178683242,178683242,2026-08-03,2026-08-03 15:34:24+08:00
159057,医疗器械ETF鹏华,1.0,1.0029,0.29,-0.008,-0.79,3132.0,314535.232,1.003,1.006,1.0,1.008,0.6,0.48,0.12,-77.82,1441.0,1691.0,39192.0,12.46,0.0,0.0,39192.0,12.46,-86747.0,-27.58,47555.0,15.12,0.0,1.001,1.005,64715334.0,64715334,64715334,2026-08-03,2026-08-03 15:34:18+08:00
159512,汽车ETF广发,1.13,1.1299,-0.01,-0.009,-0.79,188550.0,21328307.6,1.139,1.144,1.123,1.139,1.84,18.62,0.79,62.43,74416.0,114134.0,940159.0,4.41,2852636.0,13.37,-1912477.0,-8.97,-653836.0,-3.07,-286323.0,-1.34,-1115.0,1.13,1.131,101264855.0,114429286,114429286,2026-08-03,2026-08-03 15:34:33+08:00
159840,锂电池ETF工银,0.756,0.7558,-0.03,-0.006,-0.79,813927.0,61562146.0,0.762,0.762,0.75,0.762,1.57,4.05,0.69,-0.4,375802.0,438125.0,-4384393.0,-7.12,-3008051.0,-4.89,-1376342.0,-2.24,1699079.0,2.76,2685313.0,4.36,6971.0,0.755,0.756,2007574848.0,1517726585,1517726585,2026-08-03,2026-08-03 15:34:57+08:00
517520,黄金股ETF永赢,1.876,1.8741,-0.1,-0.015,-0.79,2487920.0,464085458.0,1.89,1.89,1.832,1.891,3.07,3.62,0.85,-1.73,1092488.0,1395432.0,-71638888.0,-15.44,-60311856.0,-13.0,-11327032.0,-2.44,43384806.0,9.35,28254082.0,6.09,-11103.0,1.876,1.877,6869904128.0,12887940144,12887940144,2026-08-03,2026-08-03 16:11:44+08:00
510150,消费ETF招商,0.501,0.502,0.2,-0.004,-0.79,499612.0,25102226.0,0.505,0.507,0.5,0.505,1.39,1.64,0.55,23.12,215047.0,284565.0,-4143945.0,-16.51,-5838356.0,-23.26,1694411.0,6.75,2873242.0,11.45,1270703.0,5.06,-2356.0,0.5,0.501,3053178608.0,1529642483,1529642483,2026-08-03,2026-08-03 16:11:43+08:00
512160,MSCI中国A股ETF南方,1.492,1.4932,0.08,-0.012,-0.8,19344.0,2889599.0,1.498,1.516,1.49,1.504,1.73,1.61,0.86,21.96,9719.0,9625.0,166562.0,5.76,574420.0,19.88,-407858.0,-14.11,-233199.0,-8.07,66637.0,2.31,3850.0,1.492,1.493,119777800.0,178708478,178708478,2026-08-03,2026-08-03 16:11:58+08:00
159390,中证A50ETF国联,1.244,1.2432,-0.06,-0.01,-0.8,46441.0,5783431.3,1.253,1.253,1.242,1.254,0.88,3.93,0.63,-18.41,25406.0,21035.0,-46011.0,-0.8,0.0,0.0,-46011.0,-0.8,11347.0,0.2,34664.0,0.6,1000.0,1.244,1.249,118268771.0,147126351,147126351,2026-08-03,2026-08-03 15:34:12+08:00
159087,化工ETF万家,0.998,1.0037,0.57,-0.008,-0.8,579327.0,57947786.881,0.998,1.011,0.98,1.006,3.08,26.7,,-34.27,308855.0,270472.0,24678456.0,42.59,23215991.0,40.06,1462465.0,2.52,-23466853.0,-40.5,-1211601.0,-2.09,-500.0,0.998,1.0,216992150.0,216558166,216558166,2026-08-03,2026-08-03 15:34:39+08:00
159119,800现金流ETF招商,0.987,0.9862,-0.08,-0.008,-0.8,96271.0,9502862.4,0.993,0.995,0.984,0.995,1.11,5.9,1.31,-65.82,40434.0,55837.0,-222168.0,-2.34,-521847.0,-5.49,299679.0,3.15,86655.0,0.91,135514.0,1.43,1.0,0.986,0.988,163054229.0,160934524,160934524,2026-08-03,2026-08-03 15:34:42+08:00
562340,中证500成长ETF银华,1.372,1.3686,-0.25,-0.011,-0.8,446.0,61403.0,1.387,1.387,1.372,1.383,1.08,0.55,0.15,9.62,238.0,208.0,-32310.0,-52.62,0.0,0.0,-32310.0,-52.62,3625.0,5.9,28685.0,46.72,-192.0,1.37,1.372,8144300.0,11173980,11173980,2026-08-03,2026-08-03 16:11:48+08:00
512010,医药ETF易方达,0.374,0.3741,0.03,-0.003,-0.8,9987221.0,374182313.0,0.378,0.38,0.372,0.377,2.12,2.19,0.83,26.36,4239247.0,5747974.0,-23373310.0,-6.25,-51538312.0,-13.77,28165002.0,7.53,19030542.0,5.09,4342770.0,1.16,-61977.0,0.373,0.374,45685694976.0,17086449921,17086449921,2026-08-03,2026-08-03 16:11:54+08:00
563330,A股ETF华泰柏瑞,4.058,4.0588,0.02,-0.033,-0.81,93103.0,37814429.0,4.088,4.088,4.044,4.091,1.08,20.08,0.67,-87.52,46019.0,47084.0,-3607456.0,-9.54,-3354183.0,-8.87,-253273.0,-0.67,1376300.0,3.64,2231156.0,5.9,-45.0,4.053,4.058,46360600.0,188131315,188131315,2026-08-03,2026-08-03 16:11:59+08:00
515390,沪深300ETF华安,1.342,1.3406,-0.1,-0.011,-0.81,713033.0,95721566.0,1.349,1.351,1.336,1.353,1.11,4.04,0.68,-42.93,291793.0,421240.0,-9876296.0,-10.32,15339832.0,16.03,-25216128.0,-26.34,4044784.0,4.23,5831512.0,6.09,-832.0,1.34,1.342,1766683008.0,2370888597,2370888597,2026-08-03,2026-08-03 16:11:39+08:00
159323,港股通汽车ETF华夏,1.102,1.1016,-0.04,-0.009,-0.81,1614558.0,179112490.8,1.12,1.122,1.1,1.111,1.98,166.28,0.88,-24.0,798065.0,816493.0,1883887.0,1.05,1631641.0,0.91,252246.0,0.14,-2127376.0,-1.19,243489.0,0.14,1671.0,1.101,1.102,97097378.0,107001311,107001311,2026-08-03,2026-08-03 15:34:36+08:00
520520,恒生消费ETF华泰柏瑞,0.981,0.9847,0.38,-0.008,-0.81,39021.0,3836880.0,0.989,0.992,0.98,0.989,1.21,7.15,0.97,-10.15,18857.0,20164.0,-39377.0,-1.03,0.0,0.0,-39377.0,-1.03,39321.0,1.02,55.0,0.0,-50.0,0.981,0.983,54606000.0,53568486,53568486,2026-08-03,2026-08-03 16:11:44+08:00
159592,A50ETF银华,1.353,1.3515,-0.11,-0.011,-0.81,156072.0,21120057.0,1.366,1.374,1.349,1.364,1.83,2.5,0.53,-60.94,85913.0,70159.0,-903738.0,-4.28,-1732232.0,-8.2,828494.0,3.92,608583.0,2.88,295156.0,1.4,73.0,1.35,1.353,624310464.0,844692058,844692058,2026-08-03,2026-08-03 15:34:42+08:00
159229,自由现金流ETF广发,1.216,1.2155,-0.04,-0.01,-0.82,88732.0,10824062.2,1.215,1.234,1.213,1.226,1.71,5.89,0.82,-3.5,47921.0,40811.0,-381711.0,-3.53,-1509687.0,-13.95,1127976.0,10.42,23773.0,0.22,357939.0,3.31,50.0,1.214,1.218,150556022.0,183076123,183076123,2026-08-03,2026-08-03 15:34:24+08:00
159137,港股通医疗ETF华宝,0.85,0.8523,0.27,-0.007,-0.82,447898.0,38161380.4,0.859,0.866,0.847,0.857,2.22,26.88,0.87,-3.89,215183.0,232715.0,601349.0,1.58,0.0,0.0,601349.0,1.58,-572692.0,-1.5,-28657.0,-0.08,118.0,0.849,0.85,166632607.0,141637716,141637716,2026-08-03,2026-08-03 15:34:51+08:00
513190,港股通金融ETF华夏,1.82,1.8242,0.23,-0.015,-0.82,2358384.0,428877809.0,1.835,1.842,1.804,1.835,2.07,21.5,1.09,-44.39,1144102.0,1214282.0,4572056.0,1.07,-6895945.0,-1.61,11468001.0,2.67,-5388453.0,-1.26,816397.0,0.19,-1613.0,1.82,1.821,1096936000.0,1996423520,1996423520,2026-08-03,2026-08-03 16:11:52+08:00
560470,有色ETF易方达,0.85,0.8515,0.18,-0.007,-0.82,85007.0,7204538.0,0.858,0.858,0.838,0.857,2.33,2.68,0.82,3.79,35798.0,49209.0,-886601.0,-12.31,-1821347.0,-25.28,934746.0,12.97,157200.0,2.18,729402.0,10.12,-3.0,0.85,0.851,317340000.0,269739000,269739000,2026-08-03,2026-08-03 16:11:57+08:00
159964,创业板ETF平安,2.169,2.1684,-0.03,-0.018,-0.82,41065.0,8933963.4,2.178,2.2,2.154,2.187,2.1,2.48,0.6,16.84,19687.0,21378.0,271476.0,3.04,1023498.0,11.46,-752022.0,-8.42,-114380.0,-1.28,-157095.0,-1.76,63.0,2.169,2.178,165481881.0,358930200,358930200,2026-08-03,2026-08-03 15:34:51+08:00
513620,港股医疗ETF银华,0.965,0.9721,0.73,-0.008,-0.82,243217.0,23499618.0,0.982,0.985,0.963,0.973,2.26,21.87,1.04,4.69,126659.0,116558.0,830331.0,3.53,662034.0,2.82,168297.0,0.72,-598821.0,-2.55,-231510.0,-0.99,-2996.0,0.964,0.968,111216000.0,107323440,107323440,2026-08-03,2026-08-03 16:11:35+08:00
515170,食品饮料ETF华夏,0.486,0.487,0.21,-0.004,-0.82,2069407.0,101005170.0,0.49,0.492,0.485,0.49,1.43,2.32,0.69,14.23,874297.0,1195110.0,-5637261.0,-5.58,-7396651.0,-7.32,1759390.0,1.74,3063881.0,3.03,2573381.0,2.55,-16911.0,0.485,0.486,8905757952.0,4328198365,4328198365,2026-08-03,2026-08-03 16:11:46+08:00
513970,恒生消费ETF景顺,0.848,0.8469,-0.13,-0.007,-0.82,623376.0,53014044.0,0.85,0.858,0.846,0.855,1.4,4.27,0.87,8.52,306277.0,317099.0,218051.0,0.41,-1496213.0,-2.82,1714264.0,3.23,-882224.0,-1.66,664173.0,1.25,-3797.0,0.848,0.849,1460041008.0,1238114775,1238114775,2026-08-03,2026-08-03 16:11:45+08:00
159623,成渝经济圈ETF博时,0.969,0.9691,0.01,-0.008,-0.82,54038.0,5236523.7,0.973,0.975,0.966,0.977,0.92,0.17,0.32,93.75,24491.0,29547.0,596074.0,11.38,-10938.0,-0.21,607012.0,11.59,-670245.0,-12.8,74171.0,1.42,1.0,0.968,0.973,3107271696.0,3010946273,3010946273,2026-08-03,2026-08-03 15:34:24+08:00
159949,创业板50ETF华安,1.57,1.5685,-0.1,-0.013,-0.82,10161954.0,1596969770.721,1.565,1.59,1.553,1.583,2.34,6.32,0.41,15.66,4517904.0,5644050.0,-25467408.0,-1.59,7875648.0,0.49,-33343056.0,-2.09,-5402017.0,-0.34,30869420.0,1.93,56627.0,1.569,1.57,16090785024.0,25262532488,25262532488,2026-08-03,2026-08-03 15:34:39+08:00
159167,港股通医疗ETF工银,0.839,0.8421,0.37,-0.007,-0.83,236385.0,19931531.7,0.843,0.854,0.836,0.846,2.13,11.02,0.92,-1.14,110869.0,125516.0,2218492.0,11.13,-419000.0,-2.1,2637492.0,13.23,-1977804.0,-9.92,-240689.0,-1.21,-18.0,0.839,0.841,214549164.0,180006749,180006749,2026-08-03,2026-08-03 15:34:06+08:00
520600,港股通汽车ETF广发,1.07,1.0723,0.21,-0.009,-0.83,1928671.0,207612787.0,1.08,1.088,1.068,1.079,1.85,58.47,1.06,-17.07,885336.0,1043335.0,-5802977.0,-2.8,-7110489.0,-3.42,1307512.0,0.63,2519754.0,1.21,3283222.0,1.58,-1849.0,1.069,1.07,329868000.0,352958760,352958760,2026-08-03,2026-08-03 16:11:56+08:00
510170,大宗商品ETF国联安,1.308,1.3086,0.05,-0.011,-0.83,71734.0,9398396.0,1.32,1.321,1.299,1.319,1.67,2.13,0.81,-19.06,24864.0,46870.0,554633.0,5.9,197745.0,2.1,356888.0,3.8,-241872.0,-2.57,-312760.0,-3.33,-4.0,1.308,1.309,336914800.0,440684558,440684558,2026-08-03,2026-08-03 16:11:33+08:00
159330,沪深300ETF东财,1.42,1.4205,0.04,-0.012,-0.84,225988.0,32139191.7,1.423,1.43,1.416,1.432,0.98,4.6,0.59,-0.34,77177.0,148811.0,-1744889.0,-5.43,-3277305.0,-10.2,1532416.0,4.77,-3326044.0,-10.35,5070933.0,15.78,1198.0,1.419,1.42,491801008.0,698357431,698357431,2026-08-03,2026-08-03 15:34:42+08:00
159367,创业板50ETF华夏,1.652,1.6538,0.11,-0.014,-0.84,131376.0,21728237.8,1.633,1.672,1.632,1.666,2.4,6.84,0.47,31.93,65562.0,65814.0,3355770.0,15.44,5647098.0,25.99,-2291328.0,-10.55,-4053622.0,-18.66,697853.0,3.21,-344.0,1.652,1.655,192079029.0,317314556,317314556,2026-08-03,2026-08-03 15:34:00+08:00
159242,创业板人工智能ETF大成,1.891,1.8904,-0.03,-0.016,-0.84,594936.0,112831715.7,1.864,1.928,1.864,1.907,3.36,9.29,0.73,90.51,314466.0,280470.0,-4041534.0,-3.58,-4754660.0,-4.21,713126.0,0.63,1621769.0,1.44,2419765.0,2.14,-262.0,1.891,1.892,640278576.0,1210766787,1210766787,2026-08-03,2026-08-03 15:34:57+08:00
159517,中证800增强ETF银华,1.288,1.2886,0.05,-0.011,-0.85,10262.0,1325603.9,1.298,1.298,1.28,1.299,1.39,8.74,0.31,37.64,4962.0,5300.0,104358.0,7.87,0.0,0.0,104358.0,7.87,-90270.0,-6.81,-14088.0,-1.06,-1000.0,1.287,1.288,11742624.0,15124500,15124500,2026-08-03,2026-08-03 15:34:18+08:00
159820,中证500ETF天弘,1.287,1.2879,0.07,-0.011,-0.85,58352.0,7528671.3,1.294,1.304,1.285,1.298,1.46,0.42,0.4,61.12,18681.0,39671.0,124884.0,1.66,1570002.0,20.85,-1445118.0,-19.19,-312094.0,-4.15,187209.0,2.49,-601.0,1.287,1.288,1378908464.0,1774655193,1774655193,2026-08-03,2026-08-03 15:34:15+08:00
159246,创业板人工智能ETF富国,1.053,1.0526,-0.04,-0.009,-0.85,1467895.0,155151578.4,1.048,1.074,1.046,1.062,2.64,4.33,0.56,49.33,653316.0,814579.0,-18369187.0,-11.84,15752297.0,10.15,-34121484.0,-21.99,7500969.0,4.83,10868220.0,7.0,-2384.0,1.053,1.054,3389655600.0,3569307347,3569307347,2026-08-03,2026-08-03 15:34:06+08:00
159238,沪深300增强ETF景顺,1.28,1.2781,-0.15,-0.011,-0.85,59340.0,7603341.3,1.291,1.294,1.275,1.291,1.47,7.7,0.42,60.98,21743.0,37597.0,-161462.0,-2.12,267529.0,3.52,-428991.0,-5.64,-597093.0,-7.85,758554.0,9.98,-351.0,1.28,1.281,77016186.0,98580718,98580718,2026-08-03,2026-08-03 15:34:51+08:00
159606,中证500成长ETF易方达,1.282,1.2825,0.04,-0.011,-0.85,159611.0,20523008.5,1.293,1.297,1.28,1.293,1.31,4.13,0.98,18.14,93812.0,65799.0,549883.0,2.68,-1937431.0,-9.44,2487314.0,12.12,1969349.0,9.6,-2519231.0,-12.28,-402.0,1.282,1.285,386222832.0,495137671,495137671,2026-08-03,2026-08-03 15:34:27+08:00
159370,创50ETF工银,1.741,1.7419,0.05,-0.015,-0.85,40691.0,7093849.5,1.75,1.762,1.721,1.756,2.33,1.84,0.6,-11.45,15984.0,24707.0,1790698.0,25.24,1292133.0,18.21,498565.0,7.03,-1837256.0,-25.9,46559.0,0.66,-10.0,1.741,1.743,221316009.0,385311172,385311172,2026-08-03,2026-08-03 15:34:42+08:00
159298,创业板50ETF大成,1.165,1.1643,-0.06,-0.01,-0.85,76670.0,8941496.2,1.157,1.18,1.153,1.175,2.3,4.53,0.45,-68.5,35890.0,40780.0,979432.0,10.95,1462833.0,16.36,-483401.0,-5.41,-845231.0,-9.45,-134202.0,-1.5,296.0,1.164,1.165,169281082.0,197212461,197212461,2026-08-03,2026-08-03 15:34:33+08:00
159800,中证800ETF鹏华,1.394,1.3957,0.12,-0.012,-0.85,13168.0,1842774.1,1.404,1.404,1.394,1.406,0.71,4.93,1.84,-24.82,4151.0,9017.0,-12953.0,-0.7,0.0,0.0,-12953.0,-0.7,56123.0,3.05,-43170.0,-2.34,-713.0,1.394,1.4,26736802.0,37271102,37271102,2026-08-03,2026-08-03 15:34:24+08:00
510040,上证180ETF鹏华,1.153,1.1532,0.02,-0.01,-0.86,18552.0,2139279.0,1.163,1.163,1.149,1.163,1.2,5.71,0.64,1.03,8269.0,10283.0,443258.0,20.72,0.0,0.0,443258.0,20.72,-421123.0,-19.69,-22135.0,-1.03,-98.0,1.149,1.153,32480000.0,37449440,37449440,2026-08-03,2026-08-03 16:11:35+08:00
159621,ESGETF国泰,1.154,1.1533,-0.06,-0.01,-0.86,33378.0,3854853.5,1.157,1.158,1.152,1.164,0.52,29.19,0.95,2.55,15542.0,17836.0,197395.0,5.12,0.0,0.0,197395.0,5.12,-171077.0,-4.44,-26319.0,-0.68,1.0,1.151,1.164,11434717.0,13195663,13195663,2026-08-03,2026-08-03 15:34:06+08:00
563180,高股息ETF银华,1.154,1.1569,0.25,-0.01,-0.86,74981.0,8714468.0,1.164,1.169,1.154,1.164,1.29,6.5,1.45,23.75,24960.0,50021.0,1515222.0,17.39,459515.0,5.27,1055707.0,12.11,-504062.0,-5.78,-1011160.0,-11.6,-216.0,1.154,1.155,115420000.0,133194680,133194680,2026-08-03,2026-08-03 16:11:51+08:00
530530,上证580ETF华夏,1.03,1.0255,-0.44,-0.009,-0.87,11944.0,1237910.0,1.059,1.059,1.019,1.039,3.85,0.89,0.4,15.13,5517.0,6427.0,-122428.0,-9.89,-610240.0,-49.3,487812.0,39.41,23879.0,1.93,98550.0,7.96,10.0,1.03,1.033,134460000.0,138493800,138493800,2026-08-03,2026-08-03 16:11:39+08:00
159237,港股汽车ETF工银,0.91,0.9129,0.32,-0.008,-0.87,281385.0,25767924.6,0.917,0.925,0.908,0.918,1.85,54.81,1.0,2.83,153930.0,127455.0,-410776.0,-1.59,-1144160.0,-4.44,733384.0,2.85,24569.0,0.1,386208.0,1.5,-38.0,0.91,0.911,51334226.0,46714146,46714146,2026-08-03,2026-08-03 15:34:36+08:00
159150,深证50ETF易方达,1.6,1.5969,-0.19,-0.014,-0.87,49325.0,7897635.5,1.598,1.614,1.592,1.614,1.36,5.19,0.56,-66.77,19858.0,29467.0,197210.0,2.5,0.0,0.0,197210.0,2.5,-341509.0,-4.32,144299.0,1.83,-240.0,1.6,1.601,94997623.0,151996197,151996197,2026-08-03,2026-08-03 15:34:36+08:00
159862,食品饮料ETF银华,0.568,0.5686,0.11,-0.005,-0.87,63893.0,3643899.2,0.572,0.576,0.567,0.573,1.57,2.06,0.57,8.45,16640.0,47253.0,512255.0,14.06,897198.0,24.62,-384943.0,-10.56,-394402.0,-10.82,-117852.0,-3.23,-304.0,0.568,0.569,310500624.0,176364354,176364354,2026-08-03,2026-08-03 15:34:33+08:00
513690,港股红利ETF博时,1.141,1.1447,0.32,-0.01,-0.87,3503904.0,400060104.0,1.152,1.156,1.136,1.151,1.74,9.42,1.54,4.56,1487554.0,2016350.0,12058086.0,3.01,11750803.0,2.94,307283.0,0.08,-10938321.0,-2.73,-1119766.0,-0.28,-4045.0,1.141,1.142,3718479904.0,4242785570,4242785570,2026-08-03,2026-08-03 16:11:37+08:00
510720,红利国企ETF国泰,1.024,1.0251,0.11,-0.009,-0.87,1062292.0,109446639.0,1.03,1.04,1.022,1.033,1.74,4.51,0.63,29.85,506913.0,555379.0,10137621.0,9.26,17631119.0,16.11,-7493498.0,-6.85,-11214328.0,-10.25,1076707.0,0.98,-1667.0,1.024,1.025,2355766000.0,2412304384,2412304384,2026-08-03,2026-08-03 16:11:58+08:00
159136,A50ETF广发,1.021,1.0225,0.15,-0.009,-0.87,8505.0,870868.442,1.028,1.028,1.02,1.03,0.78,0.77,0.46,18.64,2598.0,5907.0,43866.0,5.04,0.0,0.0,43866.0,5.04,-78121.0,-8.97,34255.0,3.93,-589.0,1.021,1.025,110914074.0,113243270,113243270,2026-08-03,2026-08-03 15:34:54+08:00
159730,家电ETF博时,1.029,1.032,0.29,-0.009,-0.87,16039.0,1658471.2,0.986,1.047,0.986,1.038,5.88,3.6,1.22,-26.99,4040.0,11999.0,-245901.0,-14.83,0.0,0.0,-245901.0,-14.83,175385.0,10.58,70516.0,4.25,-58.0,1.029,1.033,44571340.0,45863909,45863909,2026-08-03,2026-08-03 15:34:18+08:00
159943,深证成指ETF大成,1.487,1.4858,-0.08,-0.013,-0.87,241663.0,35986703.3,1.487,1.498,1.482,1.5,1.07,10.5,0.5,64.2,106323.0,135340.0,-371570.0,-1.03,-561276.0,-1.56,189706.0,0.53,-4211773.0,-11.7,4583342.0,12.74,2141.0,1.486,1.487,230229922.0,342351894,342351894,2026-08-03,2026-08-03 15:34:24+08:00
159243,创业板人工智能ETF招商,1.14,1.14,0.0,-0.01,-0.87,277435.0,31705950.8,1.13,1.159,1.129,1.15,2.61,19.0,0.52,60.87,164499.0,112936.0,-2394858.0,-7.55,-4144254.0,-13.07,1749396.0,5.52,813757.0,2.57,1581100.0,4.99,839.0,1.139,1.14,146030224.0,166474455,166474455,2026-08-03,2026-08-03 15:34:00+08:00
159678,500增强ETF博时,1.461,1.4571,-0.27,-0.013,-0.88,25196.0,3686569.2,1.485,1.485,1.456,1.474,1.97,2.71,0.4,24.81,15112.0,10084.0,24405.0,0.66,0.0,0.0,24405.0,0.66,-203312.0,-5.51,178906.0,4.85,20.0,1.46,1.461,93143694.0,136082937,136082937,2026-08-03,2026-08-03 15:34:27+08:00
512030,中证A50增强ETF易方达,1.124,1.1241,0.01,-0.01,-0.88,39812.0,4476877.0,1.138,1.138,1.121,1.134,1.5,8.09,1.65,4.16,24695.0,15117.0,-223237.0,-4.99,0.0,0.0,-223237.0,-4.99,123691.0,2.76,99545.0,2.22,-334.0,1.122,1.125,49240000.0,55345760,55345760,2026-08-03,2026-08-03 16:11:59+08:00
513230,港股通消费ETF华夏,0.903,0.9014,-0.18,-0.008,-0.88,346310.0,31379339.0,0.912,0.918,0.9,0.911,1.98,10.77,0.91,-5.35,161623.0,184687.0,421941.0,1.34,-29355.0,-0.09,451296.0,1.44,-858129.0,-2.73,436188.0,1.39,-454.0,0.902,0.903,321422704.0,290244702,290244702,2026-08-03,2026-08-03 16:11:34+08:00
159887,银行ETF富国,1.358,1.3574,-0.04,-0.012,-0.88,774150.0,104723827.2,1.354,1.365,1.34,1.37,1.82,13.96,0.81,32.54,385646.0,388504.0,-4597664.0,-4.39,-12281066.0,-11.73,7683402.0,7.34,1364500.0,1.3,3233163.0,3.09,-13533.0,1.358,1.359,554715952.0,753304263,753304263,2026-08-03,2026-08-03 15:34:54+08:00
159162,工业有色ETF鹏华,0.787,0.7895,0.32,-0.007,-0.88,72605.0,5731721.3,0.795,0.796,0.784,0.794,1.51,1.48,0.68,41.41,30849.0,41756.0,-758628.0,-13.24,-130600.0,-2.28,-628028.0,-10.96,291218.0,5.08,467410.0,8.15,-652.0,0.787,0.79,489939840.0,385582654,385582654,2026-08-03,2026-08-03 15:34:06+08:00
159226,中证A500增强ETF国泰,1.245,1.2428,-0.18,-0.011,-0.88,106841.0,13316205.1,1.237,1.255,1.234,1.256,1.67,9.12,0.67,-48.73,40728.0,66113.0,-1121226.0,-8.42,0.0,0.0,-1121226.0,-8.42,767549.0,5.76,353677.0,2.66,3.0,1.244,1.245,117094840.0,145783076,145783076,2026-08-03,2026-08-03 15:34:51+08:00
159843,食品饮料ETF招商,0.564,0.5636,-0.07,-0.005,-0.88,135938.0,7701714.0,0.566,0.571,0.562,0.569,1.58,2.21,0.62,0.19,44756.0,91182.0,-560936.0,-7.28,-1626291.0,-21.12,1065355.0,13.83,360691.0,4.68,200246.0,2.6,-351.0,0.564,0.565,614955136.0,346834697,346834697,2026-08-03,2026-08-03 15:34:45+08:00
563600,A500增强ETF易方达,1.011,1.0105,-0.05,-0.009,-0.88,18528.0,1874361.0,1.012,1.014,1.006,1.02,0.78,2.45,0.36,19.29,10578.0,7950.0,-177729.0,-9.48,-874506.0,-46.66,696777.0,37.17,58272.0,3.11,119458.0,6.37,-90.0,1.011,1.013,75483000.0,76313313,76313313,2026-08-03,2026-08-03 16:11:53+08:00
159508,生物医药ETF华安,0.78,0.7804,0.05,-0.007,-0.89,53850.0,4218688.1,0.785,0.795,0.778,0.787,2.16,5.55,0.59,81.79,26013.0,27837.0,-545115.0,-12.92,-230986.0,-5.48,-314129.0,-7.45,154725.0,3.67,390392.0,9.25,2.0,0.779,0.78,97031598.0,75684646,75684646,2026-08-03,2026-08-03 15:34:27+08:00
159363,创业板人工智能ETF华宝,1.116,1.1197,0.33,-0.01,-0.89,9412342.0,1056745318.494,1.1,1.138,1.1,1.126,3.37,16.26,0.7,46.85,4280517.0,5131825.0,-37422752.0,-3.54,23482128.0,2.22,-60904880.0,-5.76,23295072.0,2.2,14127671.0,1.34,-38575.0,1.116,1.117,5788169984.0,6459597702,6459597702,2026-08-03,2026-08-03 15:34:57+08:00
520550,港股红利低波ETF招商,1.116,1.1157,-0.03,-0.01,-0.89,880403.0,98636822.0,1.127,1.13,1.115,1.126,1.33,7.71,1.75,-18.91,392021.0,488382.0,-820592.0,-0.83,-6938993.0,-7.03,6118401.0,6.2,-656744.0,-0.67,1477337.0,1.5,-583.0,1.115,1.116,1142024000.0,1274498784,1274498784,2026-08-03,2026-08-03 16:11:41+08:00
513910,港股通央企红利ETF华夏,1.563,1.568,0.32,-0.014,-0.89,832326.0,130386512.0,1.578,1.582,1.559,1.577,1.46,3.89,0.73,11.27,391394.0,440932.0,9285398.0,7.12,4970236.0,3.81,4315162.0,3.31,-7128234.0,-5.47,-2157162.0,-1.65,-1254.0,1.562,1.563,2142276000.0,3348377388,3348377388,2026-08-03,2026-08-03 16:11:50+08:00
159758,红利质量ETF华夏,1.11,1.1095,-0.05,-0.01,-0.89,746920.0,83099604.5,1.12,1.125,1.107,1.12,1.61,5.35,1.34,23.05,215315.0,531605.0,-1027891.0,-1.24,17222569.0,20.73,-18250460.0,-21.96,-102585.0,-0.12,1130475.0,1.36,-530.0,1.11,1.112,1396290784.0,1549882770,1549882770,2026-08-03,2026-08-03 15:34:24+08:00
159836,创业板300ETF天弘,1.207,1.2064,-0.05,-0.011,-0.9,26045.0,3151970.4,1.218,1.219,1.195,1.218,1.97,2.14,0.52,-32.37,15119.0,10926.0,23838.0,0.76,253985.0,8.06,-230147.0,-7.3,-224160.0,-7.11,200322.0,6.36,-116.0,1.207,1.212,121747113.0,146948765,146948765,2026-08-03,2026-08-03 15:34:27+08:00
159681,创业板50ETF鹏华,1.542,1.5461,0.27,-0.014,-0.9,1296575.0,200498906.0,1.539,1.563,1.53,1.556,2.12,9.56,0.48,-47.16,745412.0,551163.0,36950685.0,18.43,18494713.0,9.22,18455972.0,9.21,-30281580.0,-15.1,-6669107.0,-3.33,-1191.0,1.542,1.543,1355772336.0,2090600942,2090600942,2026-08-03,2026-08-03 15:34:30+08:00
159689,消费ETF南方,0.659,0.6588,-0.03,-0.006,-0.9,83605.0,5541425.7,0.665,0.668,0.658,0.665,1.5,9.7,0.43,39.77,41795.0,41810.0,-170140.0,-3.07,-116801.0,-2.11,-53339.0,-0.96,111616.0,2.01,58525.0,1.06,-887.0,0.659,0.66,86147787.0,56771392,56771392,2026-08-03,2026-08-03 15:34:36+08:00
159247,创业板ETF汇添富,0.992,0.9916,-0.04,-0.009,-0.9,676717.0,67251299.5,0.987,1.003,0.985,1.001,1.8,11.51,0.46,11.54,337710.0,339007.0,-3434809.0,-5.11,8111070.0,12.06,-11545879.0,-17.17,-1842100.0,-2.74,5276909.0,7.85,5529.0,0.991,0.992,587984960.0,583281080,583281080,2026-08-03,2026-08-03 15:34:09+08:00
159210,港股通汽车ETF汇添富,0.878,0.8781,0.01,-0.008,-0.9,309672.0,27328073.3,0.886,0.893,0.877,0.886,1.81,89.63,0.94,-58.88,141352.0,168320.0,-261200.0,-0.96,0.0,0.0,-261200.0,-0.96,192725.0,0.71,68475.0,0.25,14.0,0.877,0.878,34549802.0,30334726,30334726,2026-08-03,2026-08-03 15:34:24+08:00
512960,央企结构调整ETF博时,1.431,1.4294,-0.11,-0.013,-0.9,49535.0,7089536.0,1.448,1.448,1.429,1.444,1.32,0.13,1.63,0.94,15542.0,33993.0,-114112.0,-1.61,0.0,0.0,-114112.0,-1.61,81892.0,1.16,32220.0,0.45,-1403.0,1.431,1.433,3857257296.0,5519735191,5519735191,2026-08-03,2026-08-03 16:11:40+08:00
159371,创业板50ETF富国,1.647,1.6477,0.04,-0.015,-0.9,86425.0,14224256.2,1.633,1.666,1.629,1.662,2.23,4.5,0.72,26.74,37785.0,48640.0,4279332.0,30.08,4872474.0,34.25,-593142.0,-4.17,-4242337.0,-29.82,-36997.0,-0.26,184.0,1.645,1.647,192221172.0,316588270,316588270,2026-08-03,2026-08-03 15:34:54+08:00
159331,红利港股ETF国泰,1.305,1.3048,-0.02,-0.012,-0.91,79114.0,10381349.4,1.325,1.325,1.303,1.317,1.67,5.18,0.97,-8.38,27707.0,51407.0,-433911.0,-4.18,0.0,0.0,-433911.0,-4.18,-14873.0,-0.14,448784.0,4.32,-89.0,1.305,1.306,152694179.0,199265904,199265904,2026-08-03,2026-08-03 15:34:30+08:00
159569,港股红利低波ETF景顺,1.408,1.4022,-0.41,-0.013,-0.91,533598.0,75440020.0,1.421,1.429,1.402,1.421,1.9,14.42,1.23,-52.58,243112.0,290486.0,-2459639.0,-3.26,-5097501.0,-6.76,2637862.0,3.5,-1747433.0,-2.32,4207071.0,5.58,892.0,1.407,1.408,370147248.0,521167325,521167325,2026-08-03,2026-08-03 15:34:42+08:00
520780,港股通汽车ETF华宝,0.866,0.8684,0.28,-0.008,-0.92,231183.0,20121929.0,0.874,0.877,0.864,0.874,1.49,58.59,0.96,10.5,109028.0,122155.0,-115915.0,-0.58,-249287.0,-1.24,133372.0,0.66,55373.0,0.28,60544.0,0.3,6.0,0.865,0.866,39460000.0,34172360,34172360,2026-08-03,2026-08-03 16:11:41+08:00
512500,中证500ETF华夏,4.2,4.2119,0.28,-0.039,-0.92,1017377.0,429102454.0,4.26,4.262,4.194,4.239,1.6,5.15,0.54,-36.27,436965.0,580412.0,16548306.0,3.86,-12670057.0,-2.95,29218363.0,6.81,-19520660.0,-4.55,2972353.0,0.69,-609.0,4.199,4.2,1976808800.0,8302596960,8302596960,2026-08-03,2026-08-03 16:11:48+08:00
159376,A500ETF浦银,1.293,1.2937,0.05,-0.012,-0.92,17269.0,2236448.6,1.303,1.304,1.29,1.305,1.07,2.98,0.3,64.11,7263.0,10006.0,-1723.0,-0.08,-1571057.0,-70.25,1569334.0,70.17,-25782.0,-1.15,27506.0,1.23,200.0,1.29,1.298,57922317.0,74893556,74893556,2026-08-03,2026-08-03 15:34:03+08:00
517990,沪港深医药ETF招商,0.858,0.8614,0.39,-0.008,-0.92,31098.0,2666515.0,0.867,0.879,0.853,0.866,3.0,6.22,1.01,-2.92,23791.0,7307.0,-418354.0,-15.69,0.0,0.0,-418354.0,-15.69,397730.0,14.92,20624.0,0.77,-454.0,0.858,0.859,49987900.0,42889618,42889618,2026-08-03,2026-08-03 16:12:01+08:00
159197,石油ETF招商,0.866,0.8697,0.43,-0.008,-0.92,60451.0,5257365.3,0.863,0.879,0.862,0.874,1.95,12.76,0.39,-45.72,25884.0,34567.0,-109408.0,-2.08,0.0,0.0,-109408.0,-2.08,179127.0,3.41,-69720.0,-1.33,-30.0,0.866,0.872,47388290.0,41038259,41038259,2026-08-03,2026-08-03 15:34:21+08:00
563030,中证500增强ETF易方达,1.492,1.4892,-0.19,-0.014,-0.93,31622.0,4746871.0,1.498,1.512,1.492,1.506,1.33,2.55,0.95,-18.15,12856.0,18766.0,100988.0,2.13,0.0,0.0,100988.0,2.13,-204971.0,-4.32,103983.0,2.19,-267.0,1.491,1.492,124169000.0,185260148,185260148,2026-08-03,2026-08-03 16:11:56+08:00
563080,中证A50ETF易方达,1.38,1.3825,0.18,-0.013,-0.93,214573.0,29639170.0,1.389,1.407,1.377,1.393,2.15,1.91,0.59,-33.73,104016.0,110557.0,-1218870.0,-4.11,-1595586.0,-5.38,376716.0,1.27,561331.0,1.89,657539.0,2.22,-27.0,1.38,1.381,1124588400.0,1551931992,1551931992,2026-08-03,2026-08-03 16:11:51+08:00
515380,沪深300ETF泰康,5.339,5.3461,0.13,-0.05,-0.93,45683.0,24424757.0,5.389,5.389,5.328,5.389,1.13,0.68,1.48,-88.94,23921.0,21762.0,4761.0,0.02,-6072891.0,-24.86,6077652.0,24.88,-312509.0,-1.28,307748.0,1.26,1000.0,5.34,5.348,667899808.0,3565917075,3565917075,2026-08-03,2026-08-03 16:11:49+08:00
510590,中证500ETF平安,8.053,8.0388,-0.18,-0.076,-0.93,10707.0,8647501.0,8.088,8.134,8.045,8.129,1.09,0.93,0.38,47.03,4947.0,5760.0,-118334.0,-1.37,-70322.0,-0.81,-48012.0,-0.56,1104942.0,12.78,-986608.0,-11.41,-57.0,8.047,8.053,115186100.0,927593663,927593663,2026-08-03,2026-08-03 16:11:56+08:00
159975,深100ETF招商,0.744,0.7437,-0.04,-0.007,-0.93,34259.0,2549596.6,0.754,0.754,0.741,0.751,1.73,6.29,0.61,-58.67,15864.0,18395.0,-82760.0,-3.25,0.0,0.0,-82760.0,-3.25,86304.0,3.39,-3545.0,-0.14,200.0,0.744,0.747,54437760.0,40501693,40501693,2026-08-03,2026-08-03 15:34:48+08:00
159935,中证500ETF景顺,2.347,2.3385,-0.36,-0.022,-0.93,27466.0,6466840.3,2.35,2.368,2.344,2.369,1.01,9.96,0.99,1.28,10211.0,17255.0,728223.0,11.26,0.0,0.0,728223.0,11.26,-664194.0,-10.27,-64029.0,-0.99,86.0,2.347,2.356,27572956.0,64713728,64713728,2026-08-03,2026-08-03 15:34:27+08:00
159127,港股通红利ETF南方,0.962,0.9638,0.19,-0.009,-0.93,102328.0,9865735.4,0.969,0.974,0.96,0.971,1.44,6.11,0.74,-3.03,38216.0,64112.0,895812.0,9.08,488530.0,4.95,407282.0,4.13,-595305.0,-6.03,-300506.0,-3.05,12.0,0.961,0.962,167344268.0,160985186,160985186,2026-08-03,2026-08-03 15:34:45+08:00
159593,中证A50ETF平安,1.367,1.3662,-0.06,-0.013,-0.94,354151.0,48437425.0,1.381,1.381,1.364,1.38,1.23,1.86,0.81,23.01,191039.0,163112.0,-4799764.0,-9.91,-11117181.0,-22.95,6317417.0,13.04,2251575.0,4.65,2548188.0,5.26,-142.0,1.367,1.368,1907196048.0,2607136998,2607136998,2026-08-03,2026-08-03 15:34:45+08:00
159673,沪深300ETF鹏华,1.266,1.2693,0.26,-0.012,-0.94,917397.0,116370980.2,1.27,1.281,1.263,1.278,1.41,5.04,0.76,25.29,570135.0,347262.0,-3817813.0,-3.28,-19208836.0,-16.51,15391023.0,13.23,2484486.0,2.13,1333327.0,1.15,388.0,1.265,1.266,1819528384.0,2303522934,2303522934,2026-08-03,2026-08-03 15:34:00+08:00
159240,A500增强ETF天弘,1.266,1.2661,0.01,-0.012,-0.94,15741.0,1993124.0,1.278,1.278,1.263,1.278,1.17,6.66,0.69,-12.23,8310.0,7431.0,135125.0,6.78,0.0,0.0,135125.0,6.78,-174049.0,-8.73,38925.0,1.95,-10.0,1.264,1.269,23619776.0,29902636,29902636,2026-08-03,2026-08-03 15:34:39+08:00
515310,沪深300ETF汇添富,1.369,1.3702,0.09,-0.013,-0.94,225102.0,30837022.0,1.377,1.377,1.365,1.382,0.87,5.91,0.54,-9.39,87138.0,137964.0,-4578391.0,-14.85,-8373501.0,-27.15,3795110.0,12.31,798514.0,2.59,3779877.0,12.26,-1042.0,1.369,1.37,381111200.0,521741233,521741233,2026-08-03,2026-08-03 16:11:38+08:00
159300,沪深300ETF富国,4.929,4.9276,-0.03,-0.047,-0.94,133746.0,66050631.104,4.948,4.965,4.917,4.976,0.96,3.06,0.35,75.03,62098.0,71648.0,-12278422.0,-18.59,-17723301.0,-26.83,5444879.0,8.24,2735254.0,4.14,9543167.0,14.45,-742.0,4.929,4.93,436558096.0,2151794855,2151794855,2026-08-03,2026-08-03 15:34:09+08:00
517400,黄金股ETF国泰,1.481,1.4787,-0.16,-0.014,-0.94,1042029.0,153921487.0,1.494,1.494,1.444,1.495,3.34,11.87,2.81,24.31,818844.0,223185.0,10749719.0,6.98,-39700613.0,-25.79,50450332.0,32.78,-11817498.0,-7.68,1067779.0,0.69,-644.0,1.481,1.482,877792000.0,1300009952,1300009952,2026-08-03,2026-08-03 16:11:45+08:00
159726,港股通高股息ETF华夏,1.367,1.3675,0.04,-0.013,-0.94,248536.0,34158848.3,1.38,1.391,1.364,1.38,1.96,9.26,2.01,-88.16,111129.0,137407.0,-1618473.0,-4.74,-4339281.0,-12.7,2720808.0,7.97,513676.0,1.5,1104798.0,3.23,108.0,1.365,1.367,268411380.0,366918356,366918356,2026-08-03,2026-08-03 15:34:15+08:00
510630,消费ETF华夏,0.844,0.8437,-0.04,-0.008,-0.94,748550.0,63473750.0,0.842,0.856,0.842,0.852,1.64,12.2,0.87,-5.64,324777.0,423773.0,-4248490.0,-6.69,-6831991.0,-10.76,2583501.0,4.07,2082924.0,3.28,2165565.0,3.41,-6043.0,0.843,0.844,613361504.0,517677109,517677109,2026-08-03,2026-08-03 16:12:01+08:00
510380,沪深300ETF国寿,1.371,1.3718,0.06,-0.013,-0.94,8441.0,1157026.0,1.384,1.384,1.366,1.384,1.3,0.06,0.34,-15.14,408.0,8033.0,69104.0,5.97,0.0,0.0,69104.0,5.97,-50522.0,-4.37,-18582.0,-1.61,-41.0,1.371,1.373,1488802400.0,2041148090,2041148090,2026-08-03,2026-08-03 16:11:50+08:00
159350,深证50ETF富国,1.564,1.5608,-0.21,-0.015,-0.95,415470.0,65124610.6,1.56,1.582,1.557,1.579,1.58,36.12,0.94,-49.46,204333.0,211137.0,-719175.0,-1.1,2248307.0,3.45,-2967482.0,-4.56,1813487.0,2.78,-1094312.0,-1.68,-269.0,1.564,1.565,115009642.0,179875080,179875080,2026-08-03,2026-08-03 15:34:48+08:00
562570,信创ETF华夏,1.35,1.3507,0.05,-0.013,-0.95,118296.0,16127942.0,1.35,1.374,1.345,1.363,2.13,3.89,0.89,-15.34,53677.0,64619.0,639174.0,3.96,757747.0,4.7,-118573.0,-0.74,-1611889.0,-9.99,972716.0,6.03,-87.0,1.35,1.353,304281008.0,410779361,410779361,2026-08-03,2026-08-03 16:11:42+08:00
159287,创业板综ETF博时,1.048,1.0477,-0.03,-0.01,-0.95,10604.0,1113337.7,1.074,1.074,1.04,1.058,3.21,1.0,0.24,45.79,6984.0,3620.0,286500.0,25.73,0.0,0.0,286500.0,25.73,-292489.0,-26.27,5989.0,0.54,94.0,1.044,1.048,105568753.0,110636053,110636053,2026-08-03,2026-08-03 15:34:21+08:00
159382,创业板人工智能ETF南方,2.386,2.3883,0.1,-0.023,-0.95,606686.0,145418398.6,2.36,2.431,2.36,2.409,2.95,7.52,0.44,61.65,298557.0,308129.0,-686975.0,-0.47,-680518.0,-0.47,-6457.0,0.0,-2314185.0,-1.59,3001161.0,2.06,-1114.0,2.386,2.388,807055712.0,1925634929,1925634929,2026-08-03,2026-08-03 15:34:09+08:00
515350,沪深300ETF民生加银,6.172,6.1835,0.19,-0.059,-0.95,6495.0,4018249.0,6.208,6.213,6.162,6.231,0.82,5.16,0.51,6.1,944.0,5551.0,489485.0,12.18,0.0,0.0,489485.0,12.18,-347498.0,-8.65,-141987.0,-3.53,-3.0,6.165,6.172,12599200.0,77762262,77762262,2026-08-03,2026-08-03 16:11:43+08:00
515800,中证800ETF汇添富,1.253,1.2507,-0.18,-0.012,-0.95,858582.0,107712352.0,1.262,1.263,1.248,1.265,1.19,2.11,0.83,-5.95,365127.0,493455.0,-3419357.0,-3.17,-22413183.0,-20.81,18993826.0,17.63,3883009.0,3.6,-463652.0,-0.43,-1228.0,1.251,1.253,4060937200.0,5088354312,5088354312,2026-08-03,2026-08-03 16:12:01+08:00
159288,创业板综ETF银华,0.941,0.9446,0.38,-0.009,-0.95,23725.0,2236628.7,0.941,0.949,0.938,0.95,1.16,2.57,0.7,-63.89,8266.0,15459.0,244091.0,10.91,-47521.0,-2.12,291612.0,13.04,-262494.0,-11.74,18402.0,0.82,-300.0,0.94,0.946,92174931.0,86736610,86736610,2026-08-03,2026-08-03 15:34:39+08:00
562860,疫苗ETF嘉实,0.619,0.62,0.16,-0.006,-0.96,119545.0,7414635.0,0.626,0.627,0.617,0.625,1.6,3.68,0.71,10.75,47505.0,72040.0,-823871.0,-11.11,330763.0,4.46,-1154634.0,-15.57,625886.0,8.44,197984.0,2.67,-829.0,0.619,0.62,324895008.0,201110010,201110010,2026-08-03,2026-08-03 16:11:33+08:00
513820,港股通红利ETF汇添富,1.244,1.2495,0.44,-0.012,-0.96,834432.0,104114782.0,1.256,1.261,1.241,1.256,1.59,4.54,1.17,-5.73,402663.0,431769.0,-3581391.0,-3.44,3860569.0,3.71,-7441960.0,-7.15,1906818.0,1.83,1674573.0,1.61,-4938.0,1.243,1.244,1838669008.0,2287304246,2287304246,2026-08-03,2026-08-03 16:12:00+08:00
516900,食品饮料ETF华安,0.516,0.5169,0.17,-0.005,-0.96,155726.0,8064510.0,0.516,0.523,0.515,0.521,1.54,5.27,0.56,13.14,56573.0,99153.0,221659.0,2.75,1627002.0,20.17,-1405343.0,-17.43,-322206.0,-4.0,100548.0,1.25,-351.0,0.515,0.516,295229008.0,152338168,152338168,2026-08-03,2026-08-03 16:12:02+08:00
516600,消费服务ETF工银,0.62,0.6213,0.21,-0.006,-0.96,17442.0,1084842.0,0.623,0.626,0.619,0.626,1.12,1.54,1.23,1.04,5699.0,11743.0,5368.0,0.49,239770.0,22.1,-234402.0,-21.61,-42870.0,-3.95,37502.0,3.46,45.0,0.62,0.622,113332100.0,70265902,70265902,2026-08-03,2026-08-03 16:11:42+08:00
510320,沪深300ETF中金,1.237,1.2376,0.05,-0.012,-0.96,162077.0,20080463.0,1.245,1.247,1.234,1.249,1.04,2.57,1.0,5.46,58718.0,103359.0,330264.0,1.64,2372054.0,11.81,-2041790.0,-10.17,-601567.0,-3.0,271303.0,1.35,-119.0,1.236,1.237,631068496.0,780631730,780631730,2026-08-03,2026-08-03 16:11:51+08:00
510360,沪深300ETF广发,1.757,1.7591,0.12,-0.017,-0.96,433403.0,76300210.0,1.764,1.772,1.753,1.774,1.07,2.29,0.54,40.32,159259.0,274144.0,-11255838.0,-14.75,-14222892.0,-18.64,2967054.0,3.89,1762075.0,2.31,9493764.0,12.44,-2135.0,1.757,1.758,1895381200.0,3330184768,3330184768,2026-08-03,2026-08-03 16:11:36+08:00
560260,医疗ETF广发,0.828,0.83,0.24,-0.008,-0.96,83448.0,6933002.0,0.835,0.841,0.827,0.836,1.67,0.45,0.71,4.43,35945.0,47503.0,-349099.0,-5.04,-427879.0,-6.17,78780.0,1.14,96093.0,1.39,253005.0,3.65,-9.0,0.828,0.831,1854664704.0,1535662375,1535662375,2026-08-03,2026-08-03 16:11:38+08:00
159572,创业板200ETF易方达,1.346,1.3499,0.29,-0.013,-0.96,112596.0,15174265.006,1.34,1.359,1.34,1.359,1.4,5.81,0.67,39.7,60154.0,52442.0,-575741.0,-3.79,-709304.0,-4.67,133563.0,0.88,-76303.0,-0.5,652044.0,4.3,-320.0,1.346,1.35,193749107.0,260786298,260786298,2026-08-03,2026-08-03 15:34:00+08:00
159182,家电ETF南方,0.916,0.9174,0.15,-0.009,-0.97,2011.0,185475.021,0.926,0.926,0.916,0.925,1.08,0.52,0.18,-28.16,1345.0,666.0,-123105.0,-66.37,0.0,0.0,-123105.0,-66.37,80365.0,43.33,42739.0,23.04,-13.0,0.916,0.92,38485663.0,35252867,35252867,2026-08-03,2026-08-03 15:34:09+08:00
159925,沪深300ETF南方,4.672,4.6699,-0.04,-0.046,-0.97,351073.0,164281789.53,4.702,4.717,4.659,4.718,1.23,5.82,0.42,82.51,156168.0,194905.0,-26254043.0,-15.98,-40234687.0,-24.49,13980644.0,8.51,19708812.0,12.0,6545231.0,3.98,-111.0,4.672,4.674,603320864.0,2818715077,2818715077,2026-08-03,2026-08-03 15:34:09+08:00
560850,信创ETF汇添富,1.324,1.3255,0.11,-0.013,-0.97,23803.0,3175518.0,1.335,1.349,1.32,1.337,2.17,3.13,0.77,0.22,10839.0,12964.0,730880.0,23.02,0.0,0.0,730880.0,23.02,-717133.0,-22.58,-13746.0,-0.43,-24.0,1.323,1.324,76164000.0,100841136,100841136,2026-08-03,2026-08-03 16:11:45+08:00
515330,沪深300ETF天弘,1.323,1.3231,0.01,-0.013,-0.97,128671.0,17053648.0,1.335,1.335,1.32,1.336,1.12,0.2,0.74,-4.47,58370.0,70301.0,-1008245.0,-5.91,-2629155.0,-15.42,1620910.0,9.5,-516898.0,-3.03,1525144.0,8.94,-64.0,1.323,1.325,6575709440.0,8699663589,8699663589,2026-08-03,2026-08-03 16:11:50+08:00
159239,港股通汽车ETF富国,0.819,0.8182,-0.1,-0.008,-0.97,121419.0,9982054.0,0.827,0.83,0.817,0.827,1.57,16.02,0.54,-58.19,48271.0,73148.0,-420182.0,-4.21,-121077.0,-1.21,-299105.0,-3.0,99486.0,1.0,320697.0,3.21,7.0,0.818,0.819,75780753.0,62064437,62064437,2026-08-03,2026-08-03 15:34:36+08:00
159708,红利ETF西部利得,0.819,0.8187,-0.04,-0.008,-0.97,129362.0,10612859.6,0.832,0.832,0.818,0.827,1.69,7.01,0.95,2.51,42374.0,86988.0,-115886.0,-1.09,-1628740.0,-15.35,1512854.0,14.25,-54084.0,-0.51,169969.0,1.6,-10.0,0.819,0.821,184528306.0,151128683,151128683,2026-08-03,2026-08-03 15:34:36+08:00
512090,MSCIA股ETF易方达,1.947,1.9467,-0.02,-0.019,-0.97,460332.0,89578104.0,1.965,1.965,1.939,1.966,1.32,13.4,0.72,41.07,252930.0,207402.0,-1413792.0,-1.58,-15180195.0,-16.95,13766403.0,15.37,1122313.0,1.25,291479.0,0.33,-55.0,1.944,1.947,343592304.0,668974216,668974216,2026-08-03,2026-08-03 16:11:58+08:00
159973,民企ETF弘毅远方,1.91,1.9075,-0.13,-0.019,-0.98,1220.0,233270.2,1.915,1.921,1.902,1.929,0.98,0.06,0.09,41.9,465.0,755.0,15563.0,6.67,0.0,0.0,15563.0,6.67,15692.0,6.73,-31255.0,-13.4,-28.0,1.906,1.918,199976423.0,381954968,381954968,2026-08-03,2026-08-03 15:34:18+08:00
159970,深100ETF工银,1.015,1.0161,0.11,-0.01,-0.98,5968.0,606932.0,1.015,1.021,1.011,1.025,0.98,4.86,0.4,3.81,4639.0,1329.0,-18446.0,-3.04,0.0,0.0,-18446.0,-3.04,1011.0,0.17,17434.0,2.87,28.0,1.015,1.019,12268704.0,12452735,12452735,2026-08-03,2026-08-03 15:34:15+08:00
159645,疫苗ETF富国,0.608,0.609,0.16,-0.006,-0.98,9263.0,564016.2,0.615,0.616,0.608,0.614,1.3,1.48,0.42,-87.15,7981.0,1282.0,-37439.0,-6.64,-345324.0,-61.23,307885.0,54.59,-26691.0,-4.73,64131.0,11.37,439.0,0.608,0.61,62540740.0,38024770,38024770,2026-08-03,2026-08-03 15:34:06+08:00
560820,中证A50ETF新华,1.21,1.2079,-0.17,-0.012,-0.98,1.0,121.0,1.21,1.21,1.21,1.222,0.0,0.0,0.01,19.14,,1.0,-121.0,-100.0,0.0,0.0,-121.0,-100.0,0.0,0.0,121.0,100.0,-1.0,1.206,1.214,40926000.0,49520460,49520460,2026-08-03,2026-08-03 16:11:36+08:00
526010,港股通医疗ETF汇添富,0.91,0.9184,0.91,-0.009,-0.98,69943.0,6389315.0,0.919,0.926,0.909,0.919,1.85,9.27,1.18,36.53,39875.0,30068.0,96976.0,1.52,87248.0,1.37,9728.0,0.15,-104038.0,-1.63,7061.0,0.11,-500.0,0.911,0.913,75458000.0,68666780,68666780,2026-08-03,2026-08-03 16:11:40+08:00
510350,沪深300ETF工银,4.835,4.8358,0.02,-0.048,-0.98,31427.0,15238694.0,4.843,4.871,4.824,4.883,0.96,0.46,0.58,-22.84,10330.0,21097.0,3446095.0,22.61,-167950.0,-1.1,3614045.0,23.72,-3356786.0,-22.03,-89309.0,-0.59,8.0,4.835,4.84,684114704.0,3307694594,3307694594,2026-08-03,2026-08-03 16:11:58+08:00
520730,港股通汽车ETF万家,0.812,0.8168,0.59,-0.008,-0.98,18883.0,1543335.0,0.816,0.824,0.811,0.82,1.59,1.54,0.44,-8.98,11388.0,7495.0,-7348.0,-0.48,0.0,0.0,-7348.0,-0.48,-11017.0,-0.71,18364.0,1.19,-1705.0,0.812,0.813,122394400.0,99384253,99384253,2026-08-03,2026-08-03 16:11:47+08:00
560880,家电ETF广发,1.494,1.4953,0.09,-0.015,-0.99,86701.0,13020385.0,1.505,1.51,1.492,1.509,1.19,3.9,0.81,-78.58,42459.0,44242.0,418529.0,3.21,-86278.0,-0.66,504807.0,3.88,-1203379.0,-9.24,784851.0,6.03,-815.0,1.495,1.499,222232000.0,332014608,332014608,2026-08-03,2026-08-03 16:11:53+08:00
510180,上证180ETF华安,3.917,3.9146,-0.06,-0.039,-0.99,159813.0,62636294.0,3.944,3.948,3.901,3.956,1.19,0.36,0.73,-67.39,47388.0,112425.0,-7078244.0,-11.3,-370264.0,-0.59,-6707980.0,-10.71,3766000.0,6.01,3312244.0,5.29,-134.0,3.917,3.918,4424057600.0,17329033619,17329033619,2026-08-03,2026-08-03 16:11:34+08:00
159982,中证500ETF鹏华,1.999,1.9908,-0.41,-0.02,-0.99,47698.0,9549413.3,2.016,2.02,1.994,2.019,1.29,3.18,0.65,-5.64,19171.0,28527.0,-349880.0,-3.66,1420440.0,14.87,-1770320.0,-18.54,344850.0,3.61,5030.0,0.05,27.0,1.998,1.999,150211253.0,300272295,300272295,2026-08-03,2026-08-03 15:34:24+08:00
510530,中证500ETF工银,8.34,8.3049,-0.42,-0.083,-0.99,4788.0,4007581.0,8.255,8.507,8.255,8.423,2.99,0.99,0.39,9.52,2953.0,1835.0,585759.0,14.62,0.0,0.0,585759.0,14.62,-550229.0,-13.73,-35529.0,-0.89,10.0,8.315,8.319,48479400.0,404318196,404318196,2026-08-03,2026-08-03 16:11:46+08:00
561500,漂亮50ETF华泰柏瑞,0.792,0.7934,0.18,-0.008,-1.0,3614.0,287478.0,0.792,0.8,0.792,0.8,1.0,0.64,0.24,6.18,1351.0,2263.0,-93860.0,-32.65,0.0,0.0,-93860.0,-32.65,41016.0,14.27,52844.0,18.38,-18.0,0.792,0.794,56100300.0,44431438,44431438,2026-08-03,2026-08-03 16:11:46+08:00
159928,消费ETF汇添富,0.69,0.6911,0.16,-0.007,-1.0,5220083.0,362505965.6,0.694,0.7,0.69,0.697,1.43,2.24,0.81,10.18,2073865.0,3146218.0,-9327225.0,-2.57,-12905394.0,-3.56,3578169.0,0.99,1282470.0,0.35,8044753.0,2.22,70409.0,0.689,0.69,23308628992.0,16082954004,16082954004,2026-08-03,2026-08-03 15:34:12+08:00
512990,MSCIA股ETF华夏,1.986,1.9908,0.24,-0.02,-1.0,23235.0,4625155.0,1.998,2.0,1.981,2.006,0.95,2.3,0.66,-44.48,12198.0,11037.0,174487.0,3.77,0.0,0.0,174487.0,3.77,-108731.0,-2.35,-65755.0,-1.42,17.0,1.987,1.99,101015400.0,200616584,200616584,2026-08-03,2026-08-03 16:11:38+08:00
159847,医疗ETF易方达,0.391,0.3909,-0.03,-0.004,-1.01,448387.0,17567920.6,0.395,0.396,0.39,0.395,1.52,1.09,0.59,26.05,194356.0,254031.0,-1738170.0,-9.89,-3117472.0,-17.75,1379302.0,7.85,1226944.0,6.98,511227.0,2.91,-763.0,0.391,0.392,4125825360.0,1613197716,1613197716,2026-08-03,2026-08-03 15:34:06+08:00
159366,港股医疗ETF永赢,1.269,1.2701,0.09,-0.013,-1.01,502221.0,63940250.3,1.282,1.292,1.265,1.282,2.11,25.07,0.68,-4.33,238777.0,263444.0,-1768890.0,-2.77,1223141.0,1.91,-2992031.0,-4.68,1362245.0,2.13,406644.0,0.64,888.0,1.268,1.269,200333072.0,254222668,254222668,2026-08-03,2026-08-03 15:34:51+08:00
159372,创业板50ETF万家,1.759,1.7608,0.1,-0.018,-1.01,39930.0,7035393.0,1.753,1.794,1.746,1.777,2.7,6.01,1.04,56.55,18878.0,21052.0,-975020.0,-13.86,568067.0,8.07,-1543087.0,-21.93,872619.0,12.4,102402.0,1.46,40.0,1.755,1.759,66451588.0,116888343,116888343,2026-08-03,2026-08-03 15:34:57+08:00
510670,上证180ETF华夏,0.977,0.9826,0.57,-0.01,-1.01,14649.0,1438949.0,0.997,0.997,0.977,0.987,2.03,0.77,1.0,16.91,5112.0,9537.0,-133075.0,-9.25,0.0,0.0,-133075.0,-9.25,101261.0,7.04,31815.0,2.21,-1505.0,0.978,0.98,190493000.0,186111661,186111661,2026-08-03,2026-08-03 16:11:41+08:00
159279,创业板人工智能ETF华安,1.271,1.2722,0.09,-0.013,-1.01,788939.0,100608985.645,1.258,1.296,1.251,1.284,3.5,48.58,1.05,-64.91,365669.0,423270.0,-27196933.0,-27.03,-19741865.0,-19.62,-7455068.0,-7.41,18155544.0,18.05,9041389.0,8.99,182.0,1.27,1.271,162387534.0,206394556,206394556,2026-08-03,2026-08-03 15:34:00+08:00
159923,中证A100ETF大成,2.16,2.1611,0.05,-0.022,-1.01,31759.0,6880136.9,2.172,2.177,2.158,2.182,0.87,34.2,1.05,-28.19,13486.0,18273.0,1514747.0,22.02,0.0,0.0,1514747.0,22.02,-1535117.0,-22.31,20370.0,0.3,700.0,2.165,2.169,9285812.0,20057354,20057354,2026-08-03,2026-08-03 15:34:15+08:00
159586,计算机ETF南方,1.075,1.0723,-0.25,-0.011,-1.01,270028.0,29011264.354,1.09,1.091,1.065,1.086,2.39,10.65,1.64,-23.03,133823.0,136205.0,-5758271.0,-19.85,-2185844.0,-7.53,-3572427.0,-12.31,2417191.0,8.33,3341081.0,11.52,-273.0,1.075,1.076,253525923.0,272540367,272540367,2026-08-03,2026-08-03 15:34:36+08:00
159591,A50ETF富国,1.378,1.3784,0.03,-0.014,-1.01,222291.0,30695560.5,1.387,1.391,1.376,1.392,1.08,6.18,0.89,68.0,83028.0,139263.0,37915.0,0.12,-1563335.0,-5.09,1601250.0,5.22,1348476.0,4.39,-1386391.0,-4.52,-129.0,1.379,1.38,359405680.0,495261027,495261027,2026-08-03,2026-08-03 15:34:15+08:00
159595,中证A50ETF大成,1.371,1.3691,-0.14,-0.014,-1.01,837900.0,114998729.27,1.379,1.384,1.369,1.385,1.08,9.16,0.99,-94.17,250070.0,587830.0,18931305.0,16.46,24334189.0,21.16,-5402884.0,-4.7,-19833383.0,-17.25,902078.0,0.78,-22.0,1.371,1.372,915113248.0,1254620263,1254620263,2026-08-03,2026-08-03 15:34:18+08:00
510310,沪深300ETF易方达,4.468,4.475,0.16,-0.046,-1.02,1981505.0,887159265.0,4.491,4.506,4.459,4.514,1.04,1.7,0.77,76.66,640034.0,1341471.0,-144830236.0,-16.33,-268440384.0,-30.26,123610148.0,13.93,79419584.0,8.95,65410655.0,7.37,-3600.0,4.467,4.468,11662843904.0,52109586563,52109586563,2026-08-03,2026-08-03 16:11:42+08:00
560510,中证A500ETF泰康,1.16,1.1614,0.12,-0.012,-1.02,501592.0,58263204.0,1.167,1.17,1.156,1.172,1.19,1.92,0.96,-7.59,230352.0,271240.0,3021387.0,5.19,3165665.0,5.43,-144278.0,-0.25,-3117818.0,-5.35,96431.0,0.17,-1832.0,1.16,1.161,2612026896.0,3029951199,3029951199,2026-08-03,2026-08-03 16:11:43+08:00
159775,电池ETF建信,0.779,0.7789,-0.01,-0.008,-1.02,204042.0,15930859.4,0.789,0.789,0.774,0.787,1.91,2.98,0.85,25.74,100026.0,104016.0,259095.0,1.63,354561.0,2.23,-95466.0,-0.6,-548068.0,-3.44,288972.0,1.81,1025.0,0.778,0.779,685648960.0,534120540,534120540,2026-08-03,2026-08-03 15:34:30+08:00
512720,计算机ETF国泰,1.168,1.1679,-0.01,-0.012,-1.02,230624.0,27181717.0,1.177,1.205,1.162,1.18,3.64,6.14,0.81,-18.79,101028.0,129596.0,-884116.0,-3.25,717094.0,2.64,-1601210.0,-5.89,-516893.0,-1.9,1401008.0,5.15,-121.0,1.167,1.168,375453408.0,438529581,438529581,2026-08-03,2026-08-03 16:11:57+08:00
561900,沪深300ESGETF招商,0.974,0.9744,0.04,-0.01,-1.02,40322.0,3929223.0,0.981,0.981,0.972,0.984,0.91,17.28,1.25,10.65,29907.0,10415.0,-350958.0,-8.93,0.0,0.0,-350958.0,-8.93,223615.0,5.69,127342.0,3.24,-360.0,0.973,0.974,23334400.0,22727706,22727706,2026-08-03,2026-08-03 16:11:38+08:00
159919,沪深300ETF嘉实,4.801,4.7985,-0.05,-0.05,-1.03,1618461.0,778814460.449,4.825,4.839,4.79,4.851,1.01,2.45,0.69,-23.76,686214.0,932247.0,-44834493.0,-5.76,-77271200.0,-9.92,32436707.0,4.16,11577780.0,1.49,33256713.0,4.27,-2859.0,4.801,4.802,6608916736.0,31729409250,31729409250,2026-08-03,2026-08-03 15:34:03+08:00
159386,A500ETF永赢,1.255,1.2558,0.06,-0.013,-1.03,97752.0,12281771.9,1.265,1.266,1.252,1.268,1.1,15.3,0.7,-59.34,42019.0,55733.0,965465.0,7.86,632554.0,5.15,332911.0,2.71,-1040322.0,-8.47,74858.0,0.61,189.0,1.254,1.258,63869559.0,80156297,80156297,2026-08-03,2026-08-03 15:34:54+08:00
159315,黄金股ETF工银,1.534,1.5301,-0.25,-0.016,-1.03,100282.0,15252672.956,1.545,1.546,1.495,1.55,3.29,5.43,0.77,83.83,56477.0,43805.0,-1577238.0,-10.34,742136.0,4.87,-2319374.0,-15.21,-61425.0,-0.4,1638663.0,10.74,-278.0,1.534,1.535,184589621.0,283160479,283160479,2026-08-03,2026-08-03 15:34:48+08:00
159838,医药50ETF博时,0.577,0.5761,-0.16,-0.006,-1.03,52603.0,3037174.7,0.584,0.584,0.575,0.583,1.54,2.11,0.94,1.68,21161.0,31442.0,-348826.0,-11.49,345600.0,11.38,-694426.0,-22.86,190381.0,6.27,158445.0,5.22,4500.0,0.576,0.577,249763462.0,144113518,144113518,2026-08-03,2026-08-03 15:34:30+08:00
159748,创新药ETF富国,0.766,0.7622,-0.5,-0.008,-1.03,978173.0,74680731.1,0.774,0.78,0.758,0.774,2.84,5.86,0.9,-64.34,375920.0,602253.0,-3226821.0,-4.32,-1432470.0,-1.92,-1794351.0,-2.4,-2047664.0,-2.74,5274486.0,7.06,22665.0,0.765,0.766,1669692128.0,1278984170,1278984170,2026-08-03,2026-08-03 15:34:36+08:00
563990,800现金流ETF富国,1.253,1.2551,0.17,-0.013,-1.03,21547.0,2713108.0,1.277,1.279,1.253,1.266,2.05,0.71,0.11,-0.08,10812.0,10735.0,300144.0,11.06,-101232.0,-3.73,401376.0,14.79,-511247.0,-18.84,211104.0,7.78,-20.0,1.253,1.257,304573008.0,381629979,381629979,2026-08-03,2026-08-03 16:11:51+08:00
159383,创业板50ETF华泰柏瑞,1.639,1.6415,0.15,-0.017,-1.03,67261.0,11041243.1,1.635,1.662,1.625,1.656,2.23,11.01,0.49,-14.79,33762.0,33499.0,533459.0,4.83,1646941.0,14.92,-1113482.0,-10.08,-1207164.0,-10.93,673704.0,6.1,-200.0,1.639,1.641,61092486.0,100130585,100130585,2026-08-03,2026-08-03 15:34:51+08:00
159359,A500ETF华安,1.251,1.2466,-0.35,-0.013,-1.03,317554.0,39743268.3,1.264,1.264,1.245,1.264,1.5,4.63,0.97,23.6,143520.0,174034.0,1902.0,0.0,1717893.0,4.32,-1715991.0,-4.32,-138387.0,-0.35,136486.0,0.34,-1.0,1.251,1.252,686140432.0,858361680,858361680,2026-08-03,2026-08-03 15:34:51+08:00
159381,创业板人工智能ETF华夏,1.06,1.0627,0.25,-0.011,-1.03,4487153.0,477885020.15,1.055,1.082,1.052,1.071,2.8,26.01,0.58,-11.3,2170041.0,2317112.0,-40129641.0,-8.4,-22592655.0,-4.73,-17536986.0,-3.67,25378160.0,5.31,14751481.0,3.09,-17568.0,1.06,1.061,1725153200.0,1828662392,1828662392,2026-08-03,2026-08-03 15:34:06+08:00
530580,上证180ETF南方,1.153,1.157,0.35,-0.012,-1.03,70832.0,8211703.0,1.163,1.166,1.152,1.165,1.2,11.22,0.53,-9.24,28866.0,41966.0,257347.0,3.13,-767392.0,-9.35,1024739.0,12.48,-309929.0,-3.77,52583.0,0.64,-858.0,1.153,1.157,63149000.0,72810797,72810797,2026-08-03,2026-08-03 16:11:59+08:00
510510,中证500ETF广发,2.406,2.4051,-0.04,-0.025,-1.03,377237.0,91308092.0,2.421,2.439,2.4,2.431,1.6,3.93,0.37,-12.42,143896.0,233341.0,-1576973.0,-1.73,11112296.0,12.17,-12689269.0,-13.9,-1262055.0,-1.38,2839028.0,3.11,-1042.0,2.405,2.406,961038304.0,2312258159,2312258159,2026-08-03,2026-08-03 16:11:45+08:00
159183,新能源车ETF招商,0.856,0.8598,0.44,-0.009,-1.04,65624.0,5649528.2,0.857,0.865,0.852,0.865,1.5,13.56,1.11,59.25,34963.0,30661.0,-309754.0,-5.48,612050.0,10.83,-921804.0,-16.32,280837.0,4.97,28918.0,0.51,-10.0,0.856,0.857,48387793.0,41419951,41419951,2026-08-03,2026-08-03 15:34:24+08:00
520680,港股通汽车ETF南方,0.86,0.8642,0.49,-0.009,-1.04,140666.0,12210764.0,0.872,0.874,0.86,0.869,1.61,21.52,2.38,6.28,56643.0,84023.0,262531.0,2.15,872000.0,7.14,-609469.0,-4.99,-310628.0,-2.54,48098.0,0.39,-442.0,0.86,0.862,65369000.0,56217340,56217340,2026-08-03,2026-08-03 16:11:33+08:00
159859,生物医药ETF天弘,0.38,0.3801,0.03,-0.004,-1.04,3433073.0,130744492.2,0.384,0.387,0.378,0.384,2.34,2.88,0.85,34.75,1290928.0,2142145.0,-17769207.0,-13.59,-37483346.0,-28.67,19714139.0,15.08,13725768.0,10.5,4043439.0,3.09,-44694.0,0.38,0.381,11912839936.0,4526879176,4526879176,2026-08-03,2026-08-03 15:34:15+08:00
515530,中证500ETF泰康,4.094,4.0918,-0.05,-0.043,-1.04,7994.0,3285380.0,4.122,4.131,4.088,4.137,1.04,6.13,0.71,-2.09,3121.0,4873.0,42406.0,1.29,0.0,0.0,42406.0,1.29,297265.0,9.05,-339671.0,-10.34,10.0,4.09,4.108,13042700.0,53396814,53396814,2026-08-03,2026-08-03 16:11:35+08:00
561120,家电ETF富国,1.242,1.2441,0.17,-0.013,-1.04,122212.0,15255237.0,1.253,1.255,1.242,1.255,1.04,29.34,1.52,-10.82,72745.0,49467.0,-530569.0,-3.48,10263.0,0.07,-540832.0,-3.55,573652.0,3.76,-43083.0,-0.28,-7.0,1.243,1.244,41659900.0,51741596,51741596,2026-08-03,2026-08-03 16:11:48+08:00
159393,沪深300ETF万家,4.869,4.8743,0.11,-0.051,-1.04,79993.0,39047835.4,4.923,4.93,4.86,4.92,1.42,8.91,1.07,81.68,33830.0,46163.0,-3221557.0,-8.25,-24109915.0,-61.74,20888358.0,53.49,1663913.0,4.26,1557644.0,3.99,-62.0,4.869,4.878,89746342.0,436974939,436974939,2026-08-03,2026-08-03 15:34:48+08:00
563630,A500增强ETF国联安,1.24,1.2361,-0.32,-0.013,-1.04,12828.0,1591707.0,1.253,1.258,1.234,1.253,1.92,2.79,0.26,24.78,6119.0,6709.0,-355026.0,-22.3,0.0,0.0,-355026.0,-22.3,202799.0,12.74,152226.0,9.56,-1625.0,1.24,1.243,45947100.0,56974404,56974404,2026-08-03,2026-08-03 16:11:45+08:00
510990,180ESGETF工银,1.039,1.0424,0.33,-0.011,-1.05,30162.0,3144962.0,1.045,1.046,1.038,1.05,0.76,7.74,0.76,-5.62,15467.0,14695.0,459187.0,14.6,0.0,0.0,459187.0,14.6,-449300.0,-14.29,-9886.0,-0.31,-623.0,1.039,1.042,38948600.0,40467595,40467595,2026-08-03,2026-08-03 16:11:56+08:00
515640,家电ETF华夏,0.946,0.9459,-0.01,-0.01,-1.05,14114.0,1339251.0,0.956,0.956,0.946,0.956,1.05,9.08,3.32,40.5,13219.0,895.0,23844.0,1.78,0.0,0.0,23844.0,1.78,4867.0,0.36,-28711.0,-2.14,-50.0,0.946,0.95,15550000.0,14710300,14710300,2026-08-03,2026-08-03 16:11:37+08:00
159302,港股高股息ETF银华,1.322,1.3257,0.28,-0.014,-1.05,65901.0,8740646.842,1.337,1.339,1.318,1.336,1.57,11.4,1.24,41.58,24349.0,41552.0,-555216.0,-6.35,0.0,0.0,-555216.0,-6.35,440165.0,5.04,115051.0,1.32,-200.0,1.322,1.325,57797609.0,76408439,76408439,2026-08-03,2026-08-03 15:34:36+08:00
512250,A50ETF招商,1.216,1.2173,0.11,-0.013,-1.06,3673.0,447332.0,1.22,1.223,1.214,1.229,0.73,0.29,0.35,-13.1,2743.0,930.0,-22731.0,-5.08,0.0,0.0,-22731.0,-5.08,17920.0,4.01,4810.0,1.08,-65.0,1.215,1.218,125600100.0,152729722,152729722,2026-08-03,2026-08-03 16:11:50+08:00
562070,沪深300指增ETF华宝,1.028,1.0283,0.03,-0.011,-1.06,238854.0,24577722.0,1.039,1.039,1.026,1.039,1.25,4.35,2.45,8.3,61626.0,177228.0,350743.0,1.43,1447567.0,5.89,-1096824.0,-4.46,-618664.0,-2.52,267923.0,1.09,-220.0,1.027,1.028,549542000.0,564929176,564929176,2026-08-03,2026-08-03 16:11:48+08:00
510020,超大盘ETF博时,3.917,3.9184,0.04,-0.042,-1.06,9209.0,3605270.0,3.92,3.982,3.895,3.959,2.2,2.5,0.68,-12.66,5947.0,3262.0,-1079482.0,-29.94,788599.0,21.87,-1868081.0,-51.82,470951.0,13.06,608532.0,16.88,3.0,3.917,3.919,36848000.0,144333616,144333616,2026-08-03,2026-08-03 16:11:47+08:00
159901,深证100ETF易方达,3.54,3.5436,0.1,-0.038,-1.06,969185.0,344622932.779,3.555,3.578,3.529,3.578,1.37,9.94,0.78,-3.47,479722.0,489463.0,6438359.0,1.87,-7457619.0,-2.16,13895978.0,4.03,-10580628.0,-3.07,4142269.0,1.2,1776.0,3.539,3.54,975034928.0,3451623645,3451623645,2026-08-03,2026-08-03 15:34:51+08:00
510500,中证500ETF南方,7.42,7.4265,0.09,-0.08,-1.07,2995150.0,2232636377.0,7.461,7.52,7.417,7.5,1.37,4.84,0.38,70.37,1287471.0,1707679.0,-90044304.0,-4.03,-124482848.0,-5.58,34438544.0,1.54,15538688.0,0.7,74505619.0,3.34,-21043.0,7.42,7.422,6188168704.0,45916211784,45916211784,2026-08-03,2026-08-03 16:11:51+08:00
513830,港股通高股息ETF嘉实,1.204,1.2075,0.29,-0.013,-1.07,14397.0,1740033.0,1.215,1.22,1.202,1.217,1.48,2.6,0.56,6.21,6089.0,8308.0,439944.0,25.28,0.0,0.0,439944.0,25.28,-428017.0,-24.6,-11928.0,-0.69,-2.0,1.203,1.204,55311000.0,66594444,66594444,2026-08-03,2026-08-03 16:11:35+08:00
510330,沪深300ETF华夏,4.798,4.8047,0.14,-0.052,-1.07,1350111.0,648831681.0,4.841,4.841,4.785,4.85,1.15,1.55,0.94,27.4,576547.0,773564.0,-66275741.0,-10.21,-78008848.0,-12.02,11733107.0,1.81,30200121.0,4.65,36075625.0,5.56,-1060.0,4.798,4.799,8714049792.0,41810010902,41810010902,2026-08-03,2026-08-03 16:11:42+08:00
159643,疫苗ETF国泰,0.547,0.5471,0.02,-0.006,-1.08,52320.0,2867456.1,0.552,0.554,0.545,0.553,1.63,2.04,0.51,21.58,26121.0,26199.0,-207322.0,-7.23,-642801.0,-22.42,435479.0,15.19,-15132.0,-0.53,222453.0,7.76,98.0,0.546,0.547,256390617.0,140245667,140245667,2026-08-03,2026-08-03 15:34:48+08:00
159217,港股通创新药ETF工银,1.104,1.1008,-0.29,-0.012,-1.08,5817764.0,638482563.4,1.11,1.119,1.088,1.116,2.78,9.63,1.16,-12.36,2835283.0,2982481.0,-80464820.0,-12.6,-29062276.0,-4.55,-51402544.0,-8.05,6878468.0,1.08,73586352.0,11.53,17367.0,1.102,1.104,6039157504.0,6667229884,6667229884,2026-08-03,2026-08-03 15:34:36+08:00
159716,深证100ETF华宝,1.095,1.0942,-0.07,-0.012,-1.08,30695.0,3371697.9,1.099,1.104,1.093,1.107,0.99,5.51,0.81,-16.12,20114.0,10581.0,-165006.0,-4.89,0.0,0.0,-165006.0,-4.89,144424.0,4.28,20582.0,0.61,10.0,1.094,1.099,55666732.0,60955072,60955072,2026-08-03,2026-08-03 15:34:51+08:00
563090,上证50增强ETF易方达,1.371,1.3716,0.04,-0.015,-1.08,33570.0,4604975.0,1.363,1.387,1.363,1.386,1.73,5.43,0.67,21.48,19796.0,13774.0,396642.0,8.61,1000330.0,21.72,-603688.0,-13.11,-482582.0,-10.48,85940.0,1.87,-2.0,1.37,1.371,61848000.0,84793608,84793608,2026-08-03,2026-08-03 16:11:36+08:00
159388,创业板人工智能ETF国泰,0.915,0.9164,0.15,-0.01,-1.08,1324322.0,121636345.1,0.905,0.933,0.905,0.925,3.03,15.04,0.6,42.53,689537.0,634785.0,-2441218.0,-2.01,7825361.0,6.43,-10266579.0,-8.44,-519344.0,-0.43,2960563.0,2.43,-881.0,0.915,0.916,880736992.0,805874348,805874348,2026-08-03,2026-08-03 15:34:45+08:00
159958,创业板ETF工银,2.007,2.0046,-0.12,-0.022,-1.08,52210.0,10492545.4,2.028,2.028,1.99,2.029,1.87,2.26,0.68,4.31,24935.0,27275.0,1385034.0,13.2,3211630.0,30.61,-1826596.0,-17.41,-1210210.0,-11.53,-174826.0,-1.67,1.0,2.001,2.008,231511448.0,464643476,464643476,2026-08-03,2026-08-03 15:34:45+08:00
159360,A500ETF天弘,1.281,1.2805,-0.04,-0.014,-1.08,345071.0,44330112.2,1.294,1.294,1.279,1.295,1.16,2.75,0.88,-52.76,162729.0,182342.0,2479108.0,5.59,-2244663.0,-5.06,4723771.0,10.66,419949.0,0.95,-2899057.0,-6.54,-186.0,1.281,1.283,1253184528.0,1605329380,1605329380,2026-08-03,2026-08-03 15:34:54+08:00
515960,医药ETF嘉实,0.814,0.8153,0.16,-0.009,-1.09,55119.0,4500285.0,0.826,0.826,0.813,0.823,1.58,2.19,0.86,-7.37,29853.0,25266.0,-368237.0,-8.18,0.0,0.0,-368237.0,-8.18,187532.0,4.17,180706.0,4.02,-19.0,0.814,0.817,251991900.0,205121407,205121407,2026-08-03,2026-08-03 16:12:00+08:00
159720,智能车ETF泰康,0.726,0.7275,0.21,-0.008,-1.09,10326.0,751376.1,0.736,0.736,0.723,0.734,1.77,2.25,0.49,-25.18,6766.0,3560.0,61415.0,8.17,0.0,0.0,61415.0,8.17,-27139.0,-3.61,-34276.0,-4.56,-21.0,0.726,0.728,45812357.0,33259771,33259771,2026-08-03,2026-08-03 15:34:45+08:00
159362,A500ETF工银,1.274,1.2732,-0.06,-0.014,-1.09,259514.0,33217199.3,1.287,1.301,1.272,1.288,2.25,1.62,0.6,-19.34,128357.0,131157.0,-643649.0,-1.94,-2705725.0,-8.15,2062076.0,6.21,485350.0,1.46,158298.0,0.48,12.0,1.273,1.274,1601180192.0,2039903565,2039903565,2026-08-03,2026-08-03 15:34:39+08:00
159205,创业板ETF东财,1.617,1.622,0.31,-0.018,-1.1,909411.0,147481353.5,1.618,1.636,1.606,1.635,1.83,11.47,0.44,16.98,445058.0,464353.0,-5120344.0,-3.47,319748.0,0.22,-5440092.0,-3.69,-7858827.0,-5.33,12979171.0,8.8,12019.0,1.616,1.617,793056064.0,1282371655,1282371655,2026-08-03,2026-08-03 15:34:30+08:00
159212,深100ETF南方,1.434,1.4347,0.05,-0.016,-1.1,62088.0,8930316.4,1.436,1.449,1.43,1.45,1.31,7.12,0.45,-7.36,29577.0,32511.0,-531828.0,-5.96,-1968762.0,-22.05,1436934.0,16.09,470832.0,5.27,60995.0,0.68,20.0,1.432,1.435,87204367.0,125051062,125051062,2026-08-03,2026-08-03 15:34:12+08:00
159356,A500ETF万家,1.262,1.2638,0.14,-0.014,-1.1,368926.0,46688923.1,1.271,1.273,1.259,1.276,1.1,4.63,0.54,-40.71,243076.0,125850.0,-2152182.0,-4.61,-5379405.0,-11.52,3227223.0,6.91,1875088.0,4.02,277092.0,0.59,314.0,1.262,1.265,797120640.0,1005966248,1005966248,2026-08-03,2026-08-03 15:34:57+08:00
512690,酒ETF鹏华,0.448,0.4488,0.18,-0.005,-1.1,11767303.0,529382689.0,0.45,0.454,0.447,0.453,1.55,3.58,0.6,-1.87,5435373.0,6331930.0,-26085772.0,-4.93,-23493680.0,-4.44,-2592092.0,-0.49,16651926.0,3.15,9433838.0,1.78,-156995.0,0.448,0.449,32897950208.0,14738281693,14738281693,2026-08-03,2026-08-03 16:11:39+08:00
530050,上证50ETF东财,1.174,1.1754,0.12,-0.013,-1.1,56973.0,6688300.0,1.18,1.185,1.169,1.187,1.35,4.07,1.17,35.25,16251.0,40722.0,-1075356.0,-16.08,67413.0,1.01,-1142769.0,-17.09,-107668.0,-1.61,1183024.0,17.69,-60.0,1.172,1.174,139813000.0,164140462,164140462,2026-08-03,2026-08-03 16:11:52+08:00
512020,A500ETF鹏华,1.262,1.2638,0.14,-0.014,-1.1,553892.0,70156477.0,1.268,1.277,1.26,1.276,1.33,5.04,0.76,1.87,288359.0,265533.0,-250667.0,-0.36,3781066.0,5.39,-4031733.0,-5.75,-1179710.0,-1.68,1430377.0,2.04,-1.0,1.262,1.264,1100012704.0,1388216032,1388216032,2026-08-03,2026-08-03 16:11:43+08:00
510660,医药ETF华夏,2.435,2.4313,-0.15,-0.027,-1.1,45221.0,11052338.0,2.462,2.482,2.427,2.462,2.23,7.68,0.86,-83.42,21431.0,23790.0,-1668708.0,-15.1,-2449969.0,-22.17,781261.0,7.07,915728.0,8.29,752980.0,6.81,-189.0,2.434,2.435,58879700.0,143372070,143372070,2026-08-03,2026-08-03 16:11:51+08:00
563650,中证A500ETF兴业,1.254,1.2564,0.19,-0.014,-1.1,104418.0,13114599.0,1.26,1.263,1.252,1.268,0.87,7.41,1.32,2.52,53921.0,50497.0,-665324.0,-5.07,-1273088.0,-9.71,607764.0,4.63,533428.0,4.07,131895.0,1.01,103.0,1.252,1.257,140909000.0,176699886,176699886,2026-08-03,2026-08-03 16:11:33+08:00
563500,A500ETF华宝,0.626,0.6261,0.02,-0.007,-1.11,333597.0,20877298.0,0.631,0.631,0.624,0.633,1.11,4.32,0.67,5.4,182970.0,150627.0,-454605.0,-2.18,-3043186.0,-14.58,2588581.0,12.4,193327.0,0.93,261278.0,1.25,-10.0,0.624,0.626,771958704.0,483246149,483246149,2026-08-03,2026-08-03 16:11:39+08:00
513530,港股通红利ETF华泰柏瑞,1.605,1.6084,0.21,-0.018,-1.11,1851804.0,298846919.0,1.62,1.628,1.604,1.623,1.48,6.86,1.19,-44.04,723898.0,1127906.0,-27016774.0,-9.04,-18099230.0,-6.06,-8917544.0,-2.98,9619227.0,3.22,17397546.0,5.82,-8501.0,1.605,1.606,2700438704.0,4334204120,4334204120,2026-08-03,2026-08-03 16:11:37+08:00
159670,消费50ETF国联安,0.892,0.8924,0.04,-0.01,-1.11,57641.0,5187289.0,0.898,0.905,0.892,0.902,1.44,10.35,0.94,-34.07,22558.0,35083.0,-55468.0,-1.07,0.0,0.0,-55468.0,-1.07,-31505.0,-0.61,86974.0,1.68,-40.0,0.891,0.896,55706921.0,49690574,49690574,2026-08-03,2026-08-03 15:34:27+08:00
561990,沪深300增强ETF招商,0.976,0.9767,0.07,-0.011,-1.11,153564.0,15019375.0,0.984,0.984,0.974,0.987,1.01,4.51,0.71,0.39,83212.0,70352.0,-1267751.0,-8.44,-283748.0,-1.89,-984003.0,-6.55,676061.0,4.5,591689.0,3.94,-102.0,0.976,0.977,340649200.0,332473619,332473619,2026-08-03,2026-08-03 16:11:39+08:00
515130,沪深300ETF博时,1.517,1.5204,0.22,-0.017,-1.11,43107.0,6553655.0,1.531,1.532,1.514,1.534,1.17,4.05,0.44,20.19,16664.0,26443.0,-173039.0,-2.64,-1065384.0,-16.26,892345.0,13.62,-36400.0,-0.56,209439.0,3.2,-438.0,1.516,1.517,106463200.0,161504674,161504674,2026-08-03,2026-08-03 16:11:51+08:00
510950,上证50ETF广发,0.984,0.9887,0.48,-0.011,-1.11,179608.0,17658173.0,0.993,0.993,0.978,0.995,1.51,12.08,0.94,7.81,48195.0,131413.0,-2603987.0,-14.75,-1400139.0,-7.93,-1203848.0,-6.82,63070.0,0.36,2540917.0,14.39,-305.0,0.983,0.984,148720800.0,146341267,146341267,2026-08-03,2026-08-03 16:11:55+08:00
560380,A100ETF南方,1.252,1.2526,0.05,-0.014,-1.11,76780.0,9628675.0,1.265,1.265,1.25,1.266,1.18,5.3,1.53,-6.09,40071.0,36709.0,-35187.0,-0.37,0.0,0.0,-35187.0,-0.37,196648.0,2.04,-161460.0,-1.68,394.0,1.251,1.254,144861000.0,181365972,181365972,2026-08-03,2026-08-03 16:12:02+08:00
512510,中证500ETF华泰柏瑞,2.224,2.22,-0.18,-0.025,-1.11,124032.0,27672322.0,2.22,2.252,2.219,2.249,1.47,2.84,1.6,-57.21,59081.0,64951.0,-101012.0,-0.37,-5144527.0,-18.59,5043515.0,18.23,-1158155.0,-4.19,1259166.0,4.55,-96.0,2.223,2.224,436429808.0,970619893,970619893,2026-08-03,2026-08-03 16:12:00+08:00
560610,A500ETF招商,1.16,1.16,0.0,-0.013,-1.11,883742.0,102852920.0,1.165,1.173,1.158,1.173,1.28,1.78,1.06,12.79,396043.0,487699.0,-5254130.0,-5.11,-23804.0,-0.02,-5230326.0,-5.09,2161985.0,2.1,3092145.0,3.01,-1950.0,1.159,1.16,4951988480.0,5744306637,5744306637,2026-08-03,2026-08-03 16:11:33+08:00
159839,生物医药ETF汇添富,0.353,0.3533,0.08,-0.004,-1.12,1132202.0,40085536.1,0.357,0.36,0.352,0.357,2.24,3.85,0.77,29.73,482222.0,649980.0,-5256943.0,-13.11,-8679789.0,-21.65,3422846.0,8.54,4141496.0,10.33,1115448.0,2.78,-15489.0,0.353,0.354,2942235168.0,1038609014,1038609014,2026-08-03,2026-08-03 15:34:33+08:00
159352,A500ETF南方,1.238,1.2378,-0.02,-0.014,-1.12,25784014.0,3202204578.2,1.244,1.25,1.236,1.252,1.12,9.65,0.85,20.52,13480385.0,12303629.0,-26083392.0,-0.81,-33571104.0,-1.05,7487712.0,0.23,15718214.0,0.49,10365169.0,0.32,8124.0,1.237,1.238,26721101824.0,33080724058,33080724058,2026-08-03,2026-08-03 15:34:33+08:00
159996,家电ETF国泰,1.408,1.4058,-0.16,-0.016,-1.12,498254.0,70268104.775,1.423,1.427,1.404,1.424,1.62,9.57,1.12,76.94,279248.0,219006.0,-15103873.0,-21.49,-15047860.0,-21.41,-56013.0,-0.08,7710279.0,10.97,7393595.0,10.52,-119.0,1.408,1.409,520554848.0,732941226,732941226,2026-08-03,2026-08-03 15:34:36+08:00
159929,医药ETF汇添富,1.315,1.3143,-0.05,-0.015,-1.13,540388.0,71240413.38,1.332,1.335,1.312,1.33,1.73,3.07,0.8,43.74,247618.0,292770.0,-9508172.0,-13.35,-5217993.0,-7.32,-4290179.0,-6.02,3322976.0,4.66,6185196.0,8.68,-2354.0,1.315,1.316,1761204208.0,2315983534,2315983534,2026-08-03,2026-08-03 15:34:06+08:00
159528,国企改革ETF富国,1.22,1.2191,-0.07,-0.014,-1.13,2465.0,300735.2,1.225,1.227,1.218,1.234,0.73,3.37,0.4,-0.33,130.0,2335.0,11670.0,3.88,0.0,0.0,11670.0,3.88,0.0,0.0,-11670.0,-3.88,110.0,1.218,1.22,7320773.0,8931343,8931343,2026-08-03,2026-08-03 15:34:30+08:00
159375,创业板50ETF国泰,0.701,0.7037,0.38,-0.008,-1.13,181895.0,12774023.85,0.704,0.71,0.695,0.709,2.12,5.03,0.62,28.26,80390.0,101505.0,-459303.0,-3.6,-553917.0,-4.34,94614.0,0.74,194158.0,1.52,265146.0,2.08,-13.0,0.701,0.703,361595344.0,253478336,253478336,2026-08-03,2026-08-03 15:34:45+08:00
516500,生物科技ETF华夏,0.611,0.6121,0.18,-0.007,-1.13,106909.0,6556118.0,0.619,0.623,0.61,0.618,2.1,4.16,0.73,-0.81,49172.0,57737.0,-624564.0,-9.53,554435.0,8.46,-1178999.0,-17.98,234938.0,3.58,389626.0,5.94,-3425.0,0.61,0.611,256937200.0,156988629,156988629,2026-08-03,2026-08-03 16:11:33+08:00
515160,MSCI中国ETF招商,1.581,1.5845,0.22,-0.018,-1.13,8954.0,1415784.0,1.58,1.585,1.578,1.599,0.44,0.36,0.69,9.32,2596.0,6358.0,253392.0,17.9,0.0,0.0,253392.0,17.9,-188971.0,-13.35,-64420.0,-4.55,40.0,1.576,1.581,245955100.0,388855013,388855013,2026-08-03,2026-08-03 16:11:35+08:00
159998,计算机ETF天弘,0.96,0.9609,0.09,-0.011,-1.13,673082.0,65166811.0,0.97,0.984,0.956,0.971,2.88,4.28,0.63,-17.0,294419.0,378663.0,-8313635.0,-12.76,-2176659.0,-3.34,-6136976.0,-9.42,4241736.0,6.51,4071899.0,6.25,1224.0,0.959,0.96,1571855360.0,1508981146,1508981146,2026-08-03,2026-08-03 15:34:39+08:00
520850,港股通医疗ETF易方达,0.787,0.7954,1.06,-0.009,-1.13,61024.0,4815791.0,0.794,0.803,0.786,0.796,2.14,4.38,0.88,21.35,27745.0,33279.0,-157152.0,-3.26,0.0,0.0,-157152.0,-3.26,106823.0,2.22,50330.0,1.05,-200.0,0.788,0.789,139249600.0,109589435,109589435,2026-08-03,2026-08-03 16:12:02+08:00
530080,上证180ETF天弘,1.22,1.2186,-0.11,-0.014,-1.13,43282.0,5287532.0,1.225,1.232,1.215,1.234,1.38,14.0,0.64,0.24,33758.0,9524.0,-199559.0,-3.77,812795.0,15.37,-1012354.0,-19.15,190725.0,3.61,8834.0,0.17,-1640.0,1.219,1.22,30917000.0,37718740,37718740,2026-08-03,2026-08-03 16:11:39+08:00
512870,杭州湾区ETF南华,1.406,1.401,-0.36,-0.016,-1.13,670.0,94512.0,1.422,1.422,1.402,1.422,1.41,0.33,0.67,21.76,101.0,569.0,-34974.0,-37.0,0.0,0.0,-34974.0,-37.0,47863.0,50.64,-12889.0,-13.64,15.0,1.406,1.41,20410600.0,28697304,28697304,2026-08-03,2026-08-03 16:11:49+08:00
159725,线上消费ETF工银,0.789,0.7852,-0.48,-0.009,-1.13,503575.0,39844659.9,0.801,0.812,0.775,0.798,4.64,42.17,4.6,74.41,279839.0,223736.0,-15174704.0,-38.08,-15325022.0,-38.46,150318.0,0.38,9718902.0,24.39,5455802.0,13.69,889.0,0.788,0.789,119424924.0,94226265,94226265,2026-08-03,2026-08-03 15:34:51+08:00
563550,A500增强ETF摩根,1.211,1.213,0.16,-0.014,-1.14,113825.0,13795991.0,1.217,1.222,1.209,1.225,1.06,12.43,1.11,-2.67,33905.0,79920.0,19990.0,0.14,-2824519.0,-20.47,2844509.0,20.62,-95341.0,-0.69,75351.0,0.55,10.0,1.21,1.212,91559000.0,110877949,110877949,2026-08-03,2026-08-03 16:12:00+08:00
513060,恒生医疗ETF博时,0.522,0.5239,0.36,-0.006,-1.14,9664827.0,504395199.0,0.526,0.529,0.519,0.528,1.89,8.95,0.88,-7.78,4767665.0,4897162.0,-18258799.0,-3.62,-29165792.0,-5.78,10906993.0,2.16,12054169.0,2.39,6204631.0,1.23,-25058.0,0.521,0.522,10802893312.0,5639110309,5639110309,2026-08-03,2026-08-03 16:11:38+08:00
159961,深100ETF方正富邦,2.169,2.1654,-0.17,-0.025,-1.14,29297.0,6364116.8,2.173,2.184,2.159,2.194,1.14,2.92,1.05,-48.73,15649.0,13648.0,-133603.0,-2.1,0.0,0.0,-133603.0,-2.1,186813.0,2.94,-53210.0,-0.84,8.0,2.16,2.178,100245196.0,217431830,217431830,2026-08-03,2026-08-03 15:34:27+08:00
159736,食品饮料ETF天弘,0.609,0.6095,0.08,-0.007,-1.14,449335.0,27467095.771,0.612,0.616,0.608,0.616,1.3,0.6,0.83,14.61,215162.0,234173.0,694195.0,2.53,-1645971.0,-5.99,2340166.0,8.52,-1232660.0,-4.49,538465.0,1.96,-1344.0,0.609,0.61,7522394368.0,4581138170,4581138170,2026-08-03,2026-08-03 15:34:00+08:00
516820,医疗创新ETF平安,0.344,0.3421,-0.56,-0.004,-1.15,1108895.0,38223891.0,0.347,0.349,0.343,0.348,1.72,2.18,0.87,18.54,391756.0,717139.0,-3242528.0,-8.48,-8008922.0,-20.95,4766394.0,12.47,2353596.0,6.16,888931.0,2.33,-6754.0,0.343,0.344,5078415104.0,1746974796,1746974796,2026-08-03,2026-08-03 16:11:49+08:00
561930,沪深300ETF招商,1.542,1.5447,0.17,-0.018,-1.15,97166.0,15011752.0,1.55,1.553,1.538,1.56,0.96,3.88,0.59,4.38,67257.0,29909.0,-386502.0,-2.57,-5301650.0,-35.32,4915148.0,32.74,-448355.0,-2.99,834857.0,5.56,-1.0,1.543,1.545,250260600.0,385901845,385901845,2026-08-03,2026-08-03 16:12:00+08:00
510600,上证50ETF申万菱信,3.838,3.8484,0.27,-0.045,-1.16,4632.0,1780068.0,3.87,3.873,3.825,3.883,1.24,3.4,0.6,2.0,597.0,4035.0,1350114.0,75.85,0.0,0.0,1350114.0,75.85,-1318180.0,-74.05,-31935.0,-1.79,33.0,3.834,3.838,13615100.0,52254754,52254754,2026-08-03,2026-08-03 16:11:38+08:00
561880,A100ETF华富,1.274,1.2692,-0.38,-0.015,-1.16,11811.0,1501946.0,1.277,1.301,1.267,1.289,2.64,1.47,0.43,-57.83,8196.0,3615.0,-546035.0,-36.36,0.0,0.0,-546035.0,-36.36,498451.0,33.19,47583.0,3.17,-1570.0,1.27,1.274,80389000.0,102415586,102415586,2026-08-03,2026-08-03 16:11:42+08:00
159808,创100ETF融通,1.281,1.2805,-0.04,-0.015,-1.16,11090.0,1424181.4,1.284,1.293,1.272,1.296,1.62,2.15,0.42,-31.06,4108.0,6982.0,208565.0,14.64,0.0,0.0,208565.0,14.64,-240532.0,-16.89,31966.0,2.24,20.0,1.278,1.294,51484790.0,65952016,65952016,2026-08-03,2026-08-03 15:34:45+08:00
512550,富时A50ETF嘉实,1.797,1.796,-0.06,-0.021,-1.16,39482.0,7096396.0,1.808,1.814,1.791,1.818,1.27,3.53,0.8,-43.28,18934.0,20548.0,-101585.0,-1.43,0.0,0.0,-101585.0,-1.43,-448656.0,-6.32,550241.0,7.75,-384.0,1.796,1.797,111906000.0,201095082,201095082,2026-08-03,2026-08-03 16:12:00+08:00
510580,中证500ETF易方达,3.904,3.9076,0.09,-0.046,-1.16,585126.0,229326959.0,3.937,3.955,3.895,3.95,1.52,5.08,0.96,35.16,250433.0,334693.0,3327833.0,1.45,23657946.0,10.32,-20330113.0,-8.87,-9755026.0,-4.25,6427192.0,2.8,-265.0,3.904,3.905,1151768304.0,4496503459,4496503459,2026-08-03,2026-08-03 16:11:56+08:00
159215,A500ETF平安,1.274,1.2722,-0.14,-0.015,-1.16,151823.0,19361958.3,1.278,1.286,1.27,1.289,1.24,1.56,0.71,72.57,73314.0,78509.0,-799458.0,-4.13,3284772.0,16.97,-4084230.0,-21.09,-228720.0,-1.18,1028179.0,5.31,50.0,1.272,1.274,970582800.0,1236522487,1236522487,2026-08-03,2026-08-03 15:34:33+08:00
510370,沪深300ETF兴业,1.02,1.0214,0.14,-0.012,-1.16,36084.0,3687462.0,1.04,1.04,1.018,1.032,2.13,4.14,0.99,7.74,13560.0,22524.0,-99081.0,-2.69,-248472.0,-6.74,149391.0,4.05,54435.0,1.48,44647.0,1.21,-200.0,1.019,1.022,87258100.0,89003262,89003262,2026-08-03,2026-08-03 16:11:56+08:00
510300,沪深300ETF华泰柏瑞,4.599,4.6055,0.14,-0.054,-1.16,9263921.0,4269964026.0,4.624,4.638,4.591,4.653,1.01,3.5,0.65,35.47,3600294.0,5663627.0,-840734048.0,-19.69,-1212339040.0,-28.39,371604992.0,8.7,417837488.0,9.79,422896542.0,9.9,-100419.0,4.599,4.6,26466787584.0,121720756099,121720756099,2026-08-03,2026-08-03 16:11:34+08:00
159905,红利ETF工银,1.695,1.6956,0.04,-0.02,-1.17,404300.0,68841551.176,1.715,1.715,1.693,1.715,1.28,3.72,0.63,-29.67,176928.0,227372.0,27535848.0,40.0,12262348.0,17.81,15273500.0,22.19,-5864567.0,-8.52,-21671281.0,-31.48,442.0,1.694,1.695,1085943952.0,1840674999,1840674999,2026-08-03,2026-08-03 15:34:06+08:00
159337,中证500ETF东财,1.692,1.6912,-0.05,-0.02,-1.17,103511.0,17587057.2,1.697,1.712,1.691,1.712,1.23,3.41,0.62,32.84,52260.0,51251.0,1155220.0,6.57,0.0,0.0,1155220.0,6.57,-3419634.0,-19.44,2264414.0,12.88,-479.0,1.692,1.693,303710608.0,513878349,513878349,2026-08-03,2026-08-03 15:34:54+08:00
563520,沪深300ETF永赢,1.181,1.1819,0.08,-0.014,-1.17,139961.0,16551601.0,1.191,1.191,1.179,1.195,1.0,3.19,0.51,8.08,58213.0,81748.0,3380079.0,20.42,762147.0,4.6,2617932.0,15.82,-4057301.0,-24.51,677222.0,4.09,-486.0,1.18,1.181,439065008.0,518535774,518535774,2026-08-03,2026-08-03 16:11:46+08:00
512050,A500ETF华夏,1.185,1.1875,0.21,-0.014,-1.17,13594779.0,1615611351.0,1.193,1.196,1.182,1.199,1.17,8.0,0.92,30.96,6302760.0,7292019.0,-35769341.0,-2.21,-114140336.0,-7.06,78370995.0,4.85,25703048.0,1.59,10066298.0,0.62,-14385.0,1.184,1.185,16990992128.0,20134325672,20134325672,2026-08-03,2026-08-03 16:11:40+08:00
159589,红利ETF广发,1.095,1.0968,0.16,-0.013,-1.17,119522.0,13136096.5,1.098,1.108,1.091,1.108,1.53,4.55,0.83,-8.44,65342.0,54180.0,-1954140.0,-14.88,-633296.0,-4.82,-1320844.0,-10.06,231807.0,1.76,1722333.0,13.11,-186.0,1.095,1.097,262590005.0,287536055,287536055,2026-08-03,2026-08-03 15:34:51+08:00
510570,中证500ETF兴业,1.168,1.1673,-0.06,-0.014,-1.18,72067.0,8464282.0,1.171,1.181,1.168,1.182,1.1,20.27,1.56,4.39,45311.0,26756.0,329569.0,3.89,0.0,0.0,329569.0,3.89,-20138.0,-0.24,-309431.0,-3.66,-204.0,1.168,1.172,35560600.0,41534781,41534781,2026-08-03,2026-08-03 16:12:01+08:00
159653,ESG300ETF国联安,1.176,1.1779,0.16,-0.014,-1.18,16.0,1890.1,1.183,1.183,1.176,1.19,0.59,0.0,0.19,-78.86,10.0,6.0,-828.0,-43.81,0.0,0.0,-828.0,-43.81,0.0,0.0,828.0,43.81,-1.0,1.172,1.19,55972068.0,65823152,65823152,2026-08-03,2026-08-03 15:34:15+08:00
159107,创业板软件ETF富国,0.746,0.7427,-0.44,-0.009,-1.19,1839839.0,137649232.699,0.755,0.759,0.74,0.755,2.52,24.18,1.99,71.58,819172.0,1020667.0,-21906751.0,-15.91,-21502571.0,-15.62,-404180.0,-0.29,12482043.0,9.07,9424707.0,6.85,4221.0,0.745,0.746,760823008.0,567573964,567573964,2026-08-03,2026-08-03 15:34:36+08:00
515360,沪深300ETF方正富邦,6.633,6.6515,0.28,-0.08,-1.19,548.0,365053.0,6.713,6.713,6.631,6.713,1.22,0.14,0.13,0.65,104.0,444.0,-67808.0,-18.57,0.0,0.0,-67808.0,-18.57,0.0,0.0,67808.0,18.57,7.0,6.633,6.657,38279300.0,253906597,253906597,2026-08-03,2026-08-03 16:11:49+08:00
515810,中证800ETF易方达,1.664,1.6666,0.16,-0.02,-1.19,64112.0,10702722.0,1.684,1.684,1.661,1.684,1.37,2.25,0.65,2.64,22237.0,41875.0,818147.0,7.64,-1051765.0,-9.83,1869912.0,17.47,-681388.0,-6.37,-136758.0,-1.28,8.0,1.662,1.664,284908800.0,474088243,474088243,2026-08-03,2026-08-03 16:11:42+08:00
512240,A50ETF鹏华,1.158,1.1612,0.28,-0.014,-1.19,21219.0,2463078.0,1.167,1.167,1.158,1.172,0.77,10.51,0.87,9.63,10000.0,11219.0,-60048.0,-2.44,-502572.0,-20.4,442524.0,17.97,-34766.0,-1.41,94815.0,3.85,3765.0,1.156,1.162,20186000.0,23375388,23375388,2026-08-03,2026-08-03 16:11:33+08:00
159706,深证100ETF华安,0.91,0.9104,0.04,-0.011,-1.19,10715.0,976283.1,0.912,0.919,0.908,0.921,1.19,2.5,0.27,-5.95,5171.0,5544.0,109170.0,11.18,0.0,0.0,109170.0,11.18,-151898.0,-15.56,42728.0,4.38,-1.0,0.909,0.912,42886800.0,39026988,39026988,2026-08-03,2026-08-03 15:34:48+08:00
520510,港股通医疗ETF华夏,0.832,0.8375,0.66,-0.01,-1.19,1074240.0,89576676.0,0.842,0.848,0.829,0.842,2.26,51.47,1.11,6.19,545931.0,528309.0,644924.0,0.72,-640142.0,-0.71,1285066.0,1.43,-1019364.0,-1.14,374440.0,0.42,-244.0,0.832,0.833,208728000.0,173661696,173661696,2026-08-03,2026-08-03 16:11:42+08:00
159380,A500ETF东财,1.32,1.3215,0.11,-0.016,-1.2,72573.0,9622976.6,1.331,1.334,1.32,1.336,1.05,4.27,0.72,-80.44,28458.0,44115.0,-1539617.0,-16.0,-2115286.0,-21.98,575669.0,5.98,181883.0,1.89,1357734.0,14.11,2729.0,1.319,1.32,169804337.0,224141725,224141725,2026-08-03,2026-08-03 15:34:09+08:00
159760,医疗健康ETF泰康,0.576,0.5768,0.14,-0.007,-1.2,18728.0,1084885.9,0.581,0.584,0.576,0.583,1.37,1.33,0.93,39.3,4712.0,14016.0,-103465.0,-9.54,0.0,0.0,-103465.0,-9.54,130868.0,12.06,-27402.0,-2.53,-27.0,0.576,0.577,140360223.0,80847488,80847488,2026-08-03,2026-08-03 15:34:39+08:00
159557,恒生医疗ETF嘉实,1.322,1.3311,0.68,-0.016,-1.2,432538.0,57092224.7,1.334,1.342,1.314,1.338,2.09,29.25,0.73,32.53,212801.0,219737.0,1264256.0,2.21,-2142.0,0.0,1266398.0,2.22,-1443124.0,-2.53,178866.0,0.31,154.0,1.32,1.322,147894955.0,195517131,195517131,2026-08-03,2026-08-03 15:34:24+08:00
510390,沪深300ETF平安,5.2,5.204,0.08,-0.063,-1.2,3074.0,1601960.0,5.246,5.246,5.19,5.263,1.06,0.24,0.13,-50.81,651.0,2423.0,685757.0,42.81,0.0,0.0,685757.0,42.81,-600812.0,-37.5,-84945.0,-5.3,-3.0,5.207,5.209,126650000.0,658580000,658580000,2026-08-03,2026-08-03 16:11:58+08:00
563660,A500ETF银河,1.223,1.2222,-0.07,-0.015,-1.21,5045.0,617438.0,1.226,1.226,1.219,1.238,0.57,0.8,0.22,5.99,1397.0,3648.0,-243462.0,-39.43,0.0,0.0,-243462.0,-39.43,217027.0,35.15,26435.0,4.28,203.0,1.222,1.224,63085200.0,77153200,77153200,2026-08-03,2026-08-03 16:11:39+08:00
510800,上证50ETF建信,1.383,1.3828,-0.01,-0.017,-1.21,37524.0,5200434.0,1.398,1.398,1.38,1.4,1.29,2.1,1.94,-17.12,5308.0,32216.0,-1206357.0,-23.2,-587951.0,-11.31,-618406.0,-11.89,480677.0,9.24,725680.0,13.95,-1628.0,1.383,1.385,178576000.0,246970608,246970608,2026-08-03,2026-08-03 16:11:36+08:00
159922,中证500ETF嘉实,3.01,3.0151,0.17,-0.037,-1.21,1321431.0,399712701.589,3.026,3.048,3.008,3.047,1.31,4.44,0.44,69.41,602648.0,718783.0,-21059905.0,-5.27,-9093328.0,-2.27,-11966577.0,-2.99,31744440.0,7.94,-10684535.0,-2.67,-1712.0,3.01,3.013,2973676768.0,8950767072,8950767072,2026-08-03,2026-08-03 15:34:06+08:00
159908,创业板ETF博时,3.092,3.095,0.1,-0.038,-1.21,133348.0,41355246.8,3.091,3.13,3.069,3.13,1.95,4.06,0.63,33.1,60167.0,73181.0,3878885.0,9.38,7383190.0,17.85,-3504305.0,-8.47,-4880707.0,-11.8,1001823.0,2.42,-185.0,3.092,3.093,328229024.0,1014884142,1014884142,2026-08-03,2026-08-03 15:34:03+08:00
513700,港股通医药ETF鹏华,0.573,0.5759,0.5,-0.007,-1.21,2083070.0,119438751.0,0.578,0.582,0.57,0.58,2.07,24.89,0.89,19.6,1042273.0,1040797.0,-4376593.0,-3.66,-4518597.0,-3.78,142004.0,0.12,2914628.0,2.44,1461965.0,1.22,-1988.0,0.572,0.573,836846000.0,479512758,479512758,2026-08-03,2026-08-03 16:11:50+08:00
159361,A500ETF易方达,1.214,1.2159,0.16,-0.015,-1.22,10329301.0,1257984448.044,1.22,1.228,1.211,1.229,1.38,4.65,0.75,-28.75,5507139.0,4822162.0,-22615548.0,-1.8,-35372976.0,-2.81,12757428.0,1.01,14152326.0,1.13,8463221.0,0.67,7501.0,1.213,1.214,22217090304.0,26971547629,26971547629,2026-08-03,2026-08-03 15:34:39+08:00
159718,港股医药ETF平安,0.808,0.8102,0.27,-0.01,-1.22,298588.0,24135349.2,0.816,0.822,0.804,0.818,2.2,14.3,0.64,-8.96,125574.0,173014.0,-734893.0,-3.04,1119479.0,4.64,-1854372.0,-7.68,238400.0,0.99,496493.0,2.06,532.0,0.807,0.808,208832634.0,168736768,168736768,2026-08-03,2026-08-03 15:34:42+08:00
159627,A100ETF华夏,1.295,1.2943,-0.05,-0.016,-1.22,39145.0,5083394.3,1.303,1.303,1.293,1.311,0.76,20.48,0.57,-20.85,26311.0,12834.0,357110.0,7.03,0.0,0.0,357110.0,7.03,-337693.0,-6.64,-19417.0,-0.38,1000.0,1.297,1.3,19116776.0,24756225,24756225,2026-08-03,2026-08-03 15:34:54+08:00
159912,深300ETF汇添富,1.861,1.8621,0.06,-0.023,-1.22,12242.0,2285594.8,1.872,1.881,1.858,1.884,1.22,1.73,0.44,-41.46,2989.0,9253.0,-269121.0,-11.77,0.0,0.0,-269121.0,-11.77,166573.0,7.29,102549.0,4.49,-11.0,1.86,1.864,70948991.0,132036072,132036072,2026-08-03,2026-08-03 15:34:09+08:00
159145,工业软件ETF广发,0.806,0.8069,0.11,-0.01,-1.23,75381.0,6109744.3,0.818,0.82,0.8,0.816,2.45,10.83,1.18,13.19,33380.0,42001.0,-503503.0,-8.24,-1641584.0,-26.87,1138081.0,18.63,15870.0,0.26,487633.0,7.98,184.0,0.805,0.806,69581845.0,56082967,56082967,2026-08-03,2026-08-03 15:34:54+08:00
159353,中证A500ETF景顺,1.208,1.2063,-0.14,-0.015,-1.23,2280915.0,276375276.6,1.217,1.221,1.205,1.223,1.31,5.42,0.94,-11.95,1218219.0,1062696.0,-17097361.0,-6.19,-62844606.0,-22.74,45747245.0,16.55,12456535.0,4.51,4640826.0,1.68,-594.0,1.208,1.209,4205161808.0,5079835464,5079835464,2026-08-03,2026-08-03 15:34:45+08:00
159339,A500ETF银华,1.199,1.1992,0.02,-0.015,-1.24,509429.0,61292339.705,1.212,1.212,1.197,1.214,1.24,2.56,0.85,76.77,295879.0,213550.0,-1803154.0,-2.94,370836.0,0.61,-2173990.0,-3.55,427188.0,0.7,1375967.0,2.24,-542.0,1.199,1.2,1988086848.0,2383716131,2383716131,2026-08-03,2026-08-03 15:34:30+08:00
159721,深证100ETF永赢,1.035,1.0334,-0.15,-0.013,-1.24,26604.0,2759753.0,1.038,1.044,1.032,1.048,1.15,3.95,0.86,4.09,11747.0,14857.0,104872.0,3.8,0.0,0.0,104872.0,3.8,-66013.0,-2.39,-38858.0,-1.41,-120.0,1.035,1.039,67431696.0,69791805,69791805,2026-08-03,2026-08-03 15:34:48+08:00
159938,医药ETF广发,0.637,0.6379,0.14,-0.008,-1.24,629850.0,40334483.3,0.646,0.648,0.636,0.645,1.86,0.86,0.68,15.01,256749.0,373101.0,-3229081.0,-8.01,-1395438.0,-3.46,-1833643.0,-4.55,1855920.0,4.6,1373160.0,3.4,-1712.0,0.637,0.638,7297067264.0,4648231847,4648231847,2026-08-03,2026-08-03 15:34:30+08:00
516590,智能汽车ETF易方达,1.114,1.115,0.09,-0.014,-1.24,13517.0,1509636.0,1.12,1.121,1.112,1.128,0.8,2.6,0.53,1.35,6811.0,6706.0,-73508.0,-4.87,-2901.0,-0.19,-70607.0,-4.68,19824.0,1.31,53684.0,3.56,-14.0,1.114,1.116,52015000.0,57944710,57944710,2026-08-03,2026-08-03 16:11:58+08:00
159686,A100ETF易方达,1.275,1.2746,-0.03,-0.016,-1.24,103994.0,13299437.2,1.291,1.291,1.273,1.291,1.39,12.12,0.65,-14.63,48364.0,55630.0,-226401.0,-1.7,0.0,0.0,-226401.0,-1.7,-9067.0,-0.07,235467.0,1.77,-7.0,1.275,1.28,85815386.0,109414617,109414617,2026-08-03,2026-08-03 15:34:00+08:00
159601,A50ETF华夏,1.116,1.1172,0.11,-0.014,-1.24,577688.0,64571009.615,1.127,1.13,1.113,1.13,1.5,4.05,0.58,6.62,294385.0,283303.0,-3587763.0,-5.56,-3670844.0,-5.68,83081.0,0.13,1109025.0,1.72,2478738.0,3.84,2846.0,1.115,1.116,1427188080.0,1592741897,1592741897,2026-08-03,2026-08-03 15:34:24+08:00
159338,中证A500ETF国泰,1.19,1.1902,0.02,-0.015,-1.24,29153046.0,3480568998.782,1.198,1.202,1.188,1.205,1.16,12.8,1.0,53.59,14860858.0,14292188.0,-71487664.0,-2.05,-100246960.0,-2.88,28759296.0,0.83,37135974.0,1.07,34351682.0,0.99,-14822.0,1.19,1.191,22775086592.0,27102353044,27102353044,2026-08-03,2026-08-03 15:34:45+08:00
159520,消费龙头ETF工银,0.953,0.9532,0.02,-0.012,-1.24,89848.0,8627066.4,0.965,0.966,0.952,0.965,1.45,5.72,0.78,20.02,36698.0,53150.0,-271053.0,-3.14,-658607.0,-7.63,387554.0,4.49,30384.0,0.35,240669.0,2.79,4.0,0.952,0.953,157177649.0,149790299,149790299,2026-08-03,2026-08-03 15:34:09+08:00
159351,A500ETF嘉实,1.188,1.1894,0.12,-0.015,-1.25,3929917.0,467958590.2,1.2,1.2,1.186,1.203,1.16,5.64,0.98,-15.64,1794016.0,2135901.0,-5099798.0,-1.09,4158144.0,0.89,-9257942.0,-1.98,3025038.0,0.65,2074765.0,0.44,-1502.0,1.188,1.189,6962123264.0,8271002438,8271002438,2026-08-03,2026-08-03 15:34:36+08:00
510680,上证50ETF万家,3.156,3.1723,0.51,-0.04,-1.25,15450.0,4883244.0,3.194,3.197,3.146,3.196,1.6,7.31,1.6,-62.22,8442.0,7008.0,342133.0,7.01,-738596.0,-15.13,1080729.0,22.13,-492205.0,-10.08,150072.0,3.07,1.0,3.16,3.161,21124700.0,66669553,66669553,2026-08-03,2026-08-03 16:11:46+08:00
563360,A500ETF华泰柏瑞,1.256,1.2578,0.14,-0.016,-1.26,34464422.0,4341128362.0,1.266,1.268,1.254,1.272,1.1,10.43,0.85,14.53,18248767.0,16215655.0,-113436512.0,-2.61,-261693536.0,-6.03,148257024.0,3.42,108205004.0,2.49,5231502.0,0.12,-23314.0,1.256,1.257,33037987328.0,41495712084,41495712084,2026-08-03,2026-08-03 16:11:34+08:00
515650,消费50ETF富国,1.101,1.1008,-0.02,-0.014,-1.26,1123540.0,124387902.0,1.112,1.117,1.099,1.115,1.61,3.5,1.05,-5.27,641231.0,482309.0,-16843490.0,-13.54,-23474275.0,-18.87,6630785.0,5.33,9993771.0,8.03,6849718.0,5.51,-2514.0,1.1,1.101,3213184000.0,3537715584,3537715584,2026-08-03,2026-08-03 16:11:43+08:00
516130,消费龙头ETF华宝,0.706,0.7051,-0.13,-0.009,-1.26,203095.0,14391257.0,0.718,0.72,0.704,0.715,2.24,1.31,1.03,5.93,95302.0,107793.0,-1074160.0,-7.46,48363.0,0.34,-1122523.0,-7.8,294704.0,2.05,779454.0,5.42,-1788.0,0.706,0.708,1545890000.0,1091398340,1091398340,2026-08-03,2026-08-03 16:11:42+08:00
520930,恒生生物科技ETF国泰,0.864,0.8686,0.53,-0.011,-1.26,289402.0,24983013.0,0.875,0.878,0.858,0.875,2.29,14.42,0.82,-1.78,128920.0,160482.0,552103.0,2.21,637913.0,2.55,-85810.0,-0.34,-605897.0,-2.43,53795.0,0.22,-59.0,0.861,0.864,200733000.0,173433312,173433312,2026-08-03,2026-08-03 16:11:51+08:00
561350,中证500ETF国泰,1.18,1.1784,-0.14,-0.015,-1.26,340449.0,40292276.0,1.186,1.194,1.178,1.195,1.34,32.83,1.05,-3.65,216265.0,124184.0,2369718.0,5.88,-1627239.0,-4.04,3996957.0,9.92,-2586308.0,-6.42,216589.0,0.54,-157.0,1.179,1.18,103700000.0,122366000,122366000,2026-08-03,2026-08-03 16:11:44+08:00
159965,央视50ETF国联,1.648,1.6504,0.15,-0.021,-1.26,1515.0,250554.9,1.658,1.662,1.648,1.669,0.84,0.65,0.61,56.54,953.0,562.0,128756.0,51.39,0.0,0.0,128756.0,51.39,-117071.0,-46.72,-11684.0,-4.66,-9.0,1.648,1.657,23426953.0,38607619,38607619,2026-08-03,2026-08-03 15:34:45+08:00
159527,云计算ETF广发,0.704,0.7024,-0.23,-0.009,-1.26,678526.0,48261566.5,0.714,0.729,0.698,0.713,4.35,14.81,2.19,24.55,328409.0,350117.0,-12422202.0,-25.74,-9767160.0,-20.24,-2655042.0,-5.5,6430937.0,13.33,5991266.0,12.41,2015.0,0.703,0.704,458301344.0,322644146,322644146,2026-08-03,2026-08-03 15:34:27+08:00
159791,300ESGETF华夏,1.094,1.0917,-0.21,-0.014,-1.26,50801.0,5571077.2,1.102,1.102,1.092,1.108,0.9,17.47,1.22,-0.69,29599.0,21202.0,-1110362.0,-19.93,0.0,0.0,-1110362.0,-19.93,628851.0,11.29,481511.0,8.64,-66.0,1.092,1.098,29083347.0,31817182,31817182,2026-08-03,2026-08-03 15:34:21+08:00
159186,港股通汽车ETF鹏华,0.78,0.7826,0.33,-0.01,-1.27,16696.0,1310712.0,0.79,0.79,0.779,0.79,1.39,2.06,0.33,-18.7,6489.0,10207.0,266.0,0.02,0.0,0.0,266.0,0.02,-97647.0,-7.45,97382.0,7.43,275.0,0.779,0.78,80869245.0,63078011,63078011,2026-08-03,2026-08-03 15:34:27+08:00
159915,创业板ETF易方达,3.325,3.3257,0.02,-0.043,-1.28,19144861.0,6381406431.972,3.323,3.365,3.3,3.368,1.93,9.39,0.51,38.21,9072484.0,10072377.0,-511394352.0,-8.01,-309058656.0,-4.84,-202335696.0,-3.17,211239888.0,3.31,300154448.0,4.7,120727.0,3.324,3.325,20397454848.0,67821537370,67821537370,2026-08-03,2026-08-03 15:34:12+08:00
512520,MSCI中国ETF华泰柏瑞,1.438,1.4441,0.42,-0.019,-1.3,4411.0,635477.0,1.435,1.457,1.435,1.457,1.51,0.98,1.01,8.89,2946.0,1465.0,-13697.0,-2.16,0.0,0.0,-13697.0,-2.16,13076.0,2.06,621.0,0.1,-3.0,1.438,1.441,45056400.0,64791103,64791103,2026-08-03,2026-08-03 16:11:40+08:00
516720,ESGETF浦银,1.136,1.1358,-0.02,-0.015,-1.3,2263.0,257469.0,1.144,1.144,1.134,1.151,0.87,1.83,0.16,5.56,1505.0,758.0,-171625.0,-66.66,0.0,0.0,-171625.0,-66.66,185496.0,72.05,-13870.0,-5.39,716.0,1.133,1.137,12337800.0,14015741,14015741,2026-08-03,2026-08-03 16:11:44+08:00
512650,长三角ETF汇添富,1.288,1.2882,0.02,-0.017,-1.3,18142.0,2340395.0,1.305,1.305,1.285,1.305,1.53,5.19,0.6,-7.83,9769.0,8373.0,-194811.0,-8.32,0.0,0.0,-194811.0,-8.32,187290.0,8.0,7521.0,0.32,5.0,1.285,1.29,34941600.0,45004781,45004781,2026-08-03,2026-08-03 16:11:54+08:00
517800,人工智能50ETF方正富邦,0.984,0.9859,0.19,-0.013,-1.3,46850.0,4637996.0,0.99,1.006,0.981,0.997,2.51,2.16,0.53,15.6,16031.0,30819.0,-1156242.0,-24.93,0.0,0.0,-1156242.0,-24.93,322893.0,6.96,833349.0,17.97,-155.0,0.984,0.985,216539700.0,213075065,213075065,2026-08-03,2026-08-03 16:11:59+08:00
159216,深证100ETF大成,1.44,1.4407,0.05,-0.019,-1.3,31755.0,4588280.4,1.452,1.452,1.437,1.459,1.03,33.26,1.09,6.93,13379.0,18376.0,-1062104.0,-23.15,0.0,0.0,-1062104.0,-23.15,843340.0,18.38,218764.0,4.77,-138.0,1.44,1.446,9548250.0,13749480,13749480,2026-08-03,2026-08-03 15:34:48+08:00
512360,MSCIA股ETF平安,1.742,1.7469,0.28,-0.023,-1.3,19.0,3315.0,1.752,1.752,1.742,1.765,0.57,0.01,0.22,14.64,3.0,16.0,1042.0,31.43,0.0,0.0,1042.0,31.43,0.0,0.0,-1042.0,-31.43,-10.0,1.743,1.748,27337700.0,47622273,47622273,2026-08-03,2026-08-03 16:11:39+08:00
510190,上证50ETF华安,4.268,4.2784,0.24,-0.056,-1.3,2631.0,1123922.0,4.305,4.305,4.258,4.324,1.09,1.11,0.86,-71.71,352.0,2279.0,174113.0,15.49,0.0,0.0,174113.0,15.49,-78937.0,-7.02,-95176.0,-8.47,-3.0,4.268,4.273,23650800.0,100941614,100941614,2026-08-03,2026-08-03 16:12:00+08:00
562000,A100ETF华宝,0.598,0.5976,-0.07,-0.008,-1.32,67957.0,4073854.0,0.606,0.606,0.597,0.606,1.49,1.08,1.02,5.99,21746.0,46211.0,-101958.0,-2.5,0.0,0.0,-101958.0,-2.5,3966.0,0.1,97991.0,2.41,-71.0,0.597,0.598,628737904.0,375985267,375985267,2026-08-03,2026-08-03 16:11:55+08:00
561090,A500增强ETF华安,1.194,1.1912,-0.24,-0.016,-1.32,102916.0,12290969.0,1.198,1.206,1.188,1.21,1.49,3.85,0.75,-27.12,57382.0,45534.0,-2110.0,-0.02,3267008.0,26.58,-3269118.0,-26.6,-301984.0,-2.46,304093.0,2.47,-251.0,1.193,1.194,266974000.0,318766956,318766956,2026-08-03,2026-08-03 16:11:53+08:00
530800,上证180ETF银华,1.192,1.192,0.0,-0.016,-1.32,34733.0,4139201.0,1.19,1.195,1.189,1.208,0.5,21.44,2.66,-26.62,24073.0,10660.0,119767.0,2.89,-989360.0,-23.9,1109127.0,26.8,-94592.0,-2.29,-25174.0,-0.61,847.0,1.189,1.192,16201800.0,19312546,19312546,2026-08-03,2026-08-03 16:11:53+08:00
563860,中证A500ETF海富通,1.27,1.2693,-0.06,-0.017,-1.32,177833.0,22614815.0,1.275,1.287,1.267,1.287,1.55,9.13,0.92,0.75,78809.0,99024.0,921030.0,4.07,424848.0,1.88,496182.0,2.19,-806641.0,-3.57,-114389.0,-0.51,1.0,1.268,1.271,194844300.0,247452261,247452261,2026-08-03,2026-08-03 16:11:51+08:00
512080,A500ETF中金,1.274,1.275,0.08,-0.017,-1.32,284005.0,36257189.0,1.291,1.291,1.27,1.291,1.63,4.45,0.97,0.58,149206.0,134799.0,1144787.0,3.16,3673722.0,10.13,-2528935.0,-6.97,-516326.0,-1.42,-628460.0,-1.73,79.0,1.27,1.272,638186096.0,813049086,813049086,2026-08-03,2026-08-03 16:12:02+08:00
563000,中国A50ETF易方达,1.119,1.1198,0.07,-0.015,-1.32,167812.0,18804907.0,1.13,1.13,1.116,1.134,1.23,1.04,0.72,5.36,73132.0,94680.0,-691862.0,-3.68,-7290.0,-0.04,-684572.0,-3.64,356716.0,1.9,335146.0,1.78,-122.0,1.119,1.12,1615951104.0,1808249285,1808249285,2026-08-03,2026-08-03 16:11:45+08:00
560180,沪深300ESGETF南方,1.184,1.1864,0.2,-0.016,-1.33,16258.0,1930370.0,1.193,1.2,1.183,1.2,1.42,10.42,0.28,0.49,5324.0,10934.0,-131624.0,-6.82,0.0,0.0,-131624.0,-6.82,149692.0,7.75,-18068.0,-0.94,-25.0,1.184,1.185,15603000.0,18473952,18473952,2026-08-03,2026-08-03 16:11:45+08:00
563800,A500ETF广发,1.189,1.1882,-0.07,-0.016,-1.33,3449562.0,410987743.0,1.193,1.202,1.186,1.205,1.33,3.89,0.71,72.25,1897947.0,1551615.0,-5019785.0,-1.22,-4520208.0,-1.1,-499577.0,-0.12,659834.0,0.16,4359947.0,1.06,-1452.0,1.188,1.189,8857978112.0,10532135975,10532135975,2026-08-03,2026-08-03 16:11:58+08:00
560530,中证A500ETF摩根,1.19,1.1944,0.37,-0.016,-1.33,710773.0,84844992.0,1.206,1.206,1.188,1.206,1.49,1.9,0.44,7.14,336773.0,374001.0,-2389815.0,-2.82,-1689547.0,-1.99,-700268.0,-0.83,773708.0,0.91,1616107.0,1.9,-2102.0,1.19,1.191,3748623696.0,4460862198,4460862198,2026-08-03,2026-08-03 16:11:37+08:00
530180,上证180ETF易方达,1.18,1.1844,0.37,-0.016,-1.34,43672.0,5164261.0,1.195,1.195,1.179,1.196,1.34,6.43,0.45,-1.93,16752.0,26920.0,141931.0,2.75,0.0,0.0,141931.0,2.75,-163320.0,-3.16,21391.0,0.41,-1.0,1.181,1.184,67952000.0,80183360,80183360,2026-08-03,2026-08-03 16:11:49+08:00
159357,A500ETF博时,1.251,1.2535,0.2,-0.017,-1.34,163690.0,20557777.5,1.269,1.269,1.251,1.268,1.42,1.36,0.83,-30.92,64826.0,98864.0,1616327.0,7.86,-2435513.0,-11.85,4051840.0,19.71,-1715729.0,-8.35,99402.0,0.48,-401.0,1.251,1.253,1207833840.0,1511000134,1511000134,2026-08-03,2026-08-03 15:34:00+08:00
562380,央企科技ETF银华,1.172,1.1751,0.26,-0.016,-1.35,50798.0,5979875.0,1.175,1.19,1.167,1.188,1.94,6.34,0.51,22.22,20916.0,29882.0,126824.0,2.12,716000.0,11.97,-589176.0,-9.85,-235764.0,-3.94,108940.0,1.82,-1712.0,1.17,1.172,80128900.0,93911071,93911071,2026-08-03,2026-08-03 16:11:47+08:00
159821,创业板ETF中银证券,1.245,1.2446,-0.03,-0.017,-1.35,21282.0,2652646.9,1.244,1.258,1.237,1.262,1.66,3.23,0.53,5.62,9420.0,11862.0,164120.0,6.19,0.0,0.0,164120.0,6.19,-377750.0,-14.24,213630.0,8.05,60.0,1.244,1.262,65920000.0,82070400,82070400,2026-08-03,2026-08-03 15:34:24+08:00
159631,A100ETF招商,1.241,1.2403,-0.06,-0.017,-1.35,9274.0,1156639.1,1.251,1.251,1.239,1.258,0.95,2.36,0.25,-65.63,3641.0,5633.0,48951.0,4.23,0.0,0.0,48951.0,4.23,-17527.0,-1.52,-31424.0,-2.72,-1.0,1.239,1.245,39332605.0,48811763,48811763,2026-08-03,2026-08-03 15:34:42+08:00
563220,A500ETF富国,1.238,1.2394,0.11,-0.017,-1.35,2545255.0,316348995.0,1.255,1.255,1.236,1.255,1.51,4.02,0.84,-58.11,1337223.0,1208032.0,-1034325.0,-0.33,3241541.0,1.02,-4275866.0,-1.35,-517849.0,-0.16,1552174.0,0.49,-1955.0,1.238,1.239,6332013824.0,7839033114,7839033114,2026-08-03,2026-08-03 16:11:49+08:00
516830,沪深300ESGETF富国,1.022,1.0223,0.03,-0.014,-1.35,39285.0,4029574.0,1.031,1.031,1.022,1.036,0.87,4.51,0.94,6.98,22977.0,16308.0,-182962.0,-4.54,0.0,0.0,-182962.0,-4.54,128569.0,3.19,54393.0,1.35,-35.0,1.022,1.023,87176900.0,89094792,89094792,2026-08-03,2026-08-03 16:11:59+08:00
515090,可持续发展ETF博时,1.392,1.396,0.29,-0.019,-1.35,17053.0,2385214.0,1.402,1.403,1.392,1.411,0.78,17.4,1.08,-10.91,6832.0,10221.0,338715.0,14.2,0.0,0.0,338715.0,14.2,-254755.0,-10.68,-83960.0,-3.52,-2.0,1.39,1.396,9801700.0,13643966,13643966,2026-08-03,2026-08-03 16:11:50+08:00
560750,A500ETF申万菱信,1.301,1.3028,0.14,-0.018,-1.36,38941.0,5077538.0,1.31,1.31,1.3,1.319,0.76,5.85,0.78,0.2,29728.0,9213.0,50950.0,1.0,0.0,0.0,50950.0,1.0,-48569.0,-0.96,-2381.0,-0.05,-1.0,1.299,1.304,66554800.0,86587795,86587795,2026-08-03,2026-08-03 16:11:45+08:00
512150,富时A50ETF汇安,1.884,1.8874,0.18,-0.026,-1.36,5665.0,1068212.0,1.891,1.905,1.883,1.91,1.15,3.13,0.79,3.85,2316.0,3349.0,-581805.0,-54.47,0.0,0.0,-581805.0,-54.47,346932.0,32.48,234873.0,21.99,-21.0,1.883,1.884,18073400.0,34050286,34050286,2026-08-03,2026-08-03 16:11:47+08:00
563050,央企科技ETF易方达,1.23,1.23,0.0,-0.017,-1.36,61022.0,7546993.0,1.247,1.25,1.228,1.247,1.76,5.08,0.63,1.97,32772.0,28250.0,317634.0,4.21,66002.0,0.87,251632.0,3.33,-505241.0,-6.69,187607.0,2.49,-363.0,1.229,1.23,120208400.0,147856332,147856332,2026-08-03,2026-08-03 16:11:43+08:00
159303,恒生医疗ETF大成,1.446,1.4501,0.28,-0.02,-1.36,575643.0,83320565.1,1.466,1.472,1.439,1.466,2.25,68.54,0.88,-51.48,276164.0,299479.0,715509.0,0.86,1243988.0,1.49,-528479.0,-0.63,-2264862.0,-2.72,1549353.0,1.86,574.0,1.445,1.446,83991693.0,121451988,121451988,2026-08-03,2026-08-03 15:34:15+08:00
515950,医药50ETF富国,0.936,0.9372,0.13,-0.013,-1.37,102621.0,9655802.0,0.948,0.951,0.934,0.949,1.79,1.76,0.91,11.06,37707.0,64914.0,-1609272.0,-16.67,-2277615.0,-23.59,668343.0,6.92,763757.0,7.91,845515.0,8.76,-34.0,0.935,0.936,583200608.0,545875769,545875769,2026-08-03,2026-08-03 16:11:40+08:00
159948,创业板ETF南方,3.665,3.6678,0.08,-0.051,-1.37,353689.0,129975095.2,3.697,3.709,3.638,3.716,1.91,2.95,0.54,39.57,158959.0,194730.0,-8411356.0,-6.47,527520.0,0.41,-8938876.0,-6.88,5550895.0,4.27,2860462.0,2.2,-476.0,3.665,3.666,1197697728.0,4389562173,4389562173,2026-08-03,2026-08-03 15:34:39+08:00
530300,上证180ETF华泰柏瑞,1.221,1.2253,0.35,-0.017,-1.37,23585.0,2883871.0,1.238,1.238,1.219,1.238,1.53,6.62,0.88,1.16,15400.0,8185.0,-388803.0,-13.48,0.0,0.0,-388803.0,-13.48,315792.0,10.95,73011.0,2.53,-1.0,1.221,1.222,35643000.0,43520103,43520103,2026-08-03,2026-08-03 16:11:38+08:00
530680,上证180ETF兴业,1.151,1.1542,0.28,-0.016,-1.37,18050.0,2081597.0,1.157,1.157,1.15,1.167,0.6,1.47,0.1,0.2,7527.0,10523.0,283482.0,13.62,0.0,0.0,283482.0,13.62,-235567.0,-11.32,-47915.0,-2.3,-1.0,1.149,1.153,122891900.0,141448577,141448577,2026-08-03,2026-08-03 16:12:01+08:00
520760,恒生生物科技ETF摩根,0.866,0.8707,0.54,-0.012,-1.37,192575.0,16649600.0,0.878,0.879,0.86,0.878,2.16,10.16,0.91,2.15,91581.0,100994.0,130548.0,0.78,717185.0,4.31,-586637.0,-3.52,-197726.0,-1.19,67178.0,0.4,-50.0,0.865,0.866,189466000.0,164077556,164077556,2026-08-03,2026-08-03 16:12:02+08:00
159977,创业板ETF天弘,1.722,1.7222,0.01,-0.024,-1.37,950632.0,164057411.152,1.715,1.743,1.709,1.746,1.95,2.63,0.5,-2.92,500924.0,449708.0,-18359172.0,-11.19,455054.0,0.28,-18814226.0,-11.47,12317377.0,7.51,6041796.0,3.68,-6806.0,1.722,1.723,3615872816.0,6226532989,6226532989,2026-08-03,2026-08-03 15:34:00+08:00
159602,中国A50ETF南方,1.079,1.0796,0.06,-0.015,-1.37,56023.0,6055460.5,1.086,1.094,1.076,1.094,1.65,1.36,0.64,24.47,32362.0,23661.0,1369988.0,22.62,275528.0,4.55,1094460.0,18.07,182457.0,3.01,-1552445.0,-25.64,75.0,1.079,1.08,412542944.0,445133837,445133837,2026-08-03,2026-08-03 15:34:54+08:00
530000,上证50ETF天弘,1.367,1.3681,0.08,-0.019,-1.37,91229.0,12542047.0,1.376,1.383,1.364,1.386,1.37,0.9,0.1,-4.2,38303.0,52926.0,322788.0,2.57,6111851.0,48.73,-5789063.0,-46.16,-718428.0,-5.73,395640.0,3.15,-100.0,1.367,1.369,1013029408.0,1384811201,1384811201,2026-08-03,2026-08-03 16:11:41+08:00
510560,中证500ETF国寿,1.857,1.863,0.32,-0.026,-1.38,7140.0,1334177.0,1.861,1.874,1.854,1.883,1.06,1.18,1.12,15.02,856.0,6284.0,-50970.0,-3.82,0.0,0.0,-50970.0,-3.82,97840.0,7.33,-46870.0,-3.51,-30.0,1.859,1.863,60318700.0,112011826,112011826,2026-08-03,2026-08-03 16:12:01+08:00
159777,创科技ETF国联安,1.147,1.1449,-0.18,-0.016,-1.38,22949.0,2632990.6,1.155,1.172,1.139,1.163,2.84,7.58,0.68,27.21,9555.0,13394.0,-280133.0,-10.64,0.0,0.0,-280133.0,-10.64,228567.0,8.68,51566.0,1.96,1.0,1.143,1.148,30280565.0,34731808,34731808,2026-08-03,2026-08-03 15:34:03+08:00
159661,A100ETF嘉实,1.418,1.4228,0.34,-0.02,-1.39,42615.0,6062130.0,1.424,1.428,1.417,1.438,0.76,16.58,0.89,-70.74,18171.0,24444.0,467287.0,7.71,0.0,0.0,467287.0,7.71,-524964.0,-8.66,57678.0,0.95,1826.0,1.416,1.423,25708213.0,36454246,36454246,2026-08-03,2026-08-03 15:34:24+08:00
510710,上证50ETF博时,4.247,4.2467,-0.01,-0.06,-1.39,13451.0,5722537.0,4.302,4.302,4.225,4.307,1.79,1.27,0.67,-45.63,5225.0,8226.0,950706.0,16.61,-2395539.0,-41.86,3346245.0,58.47,-728726.0,-12.73,-221979.0,-3.88,-93.0,4.246,4.247,105818900.0,449412868,449412868,2026-08-03,2026-08-03 16:11:55+08:00
159892,恒生医药ETF华夏,0.705,0.7063,0.18,-0.01,-1.4,7903258.0,557729188.888,0.714,0.719,0.701,0.715,2.52,11.92,0.92,0.77,3771761.0,4131496.0,-27166570.0,-4.87,-24059680.0,-4.31,-3106890.0,-0.56,18220107.0,3.27,8946462.0,1.6,23643.0,0.704,0.705,6628265984.0,4672927519,4672927519,2026-08-03,2026-08-03 15:34:30+08:00
159956,创业板ETF建信,2.096,2.0962,0.01,-0.03,-1.41,24374.0,5130036.5,2.105,2.123,2.09,2.126,1.55,5.08,0.6,11.91,13881.0,10493.0,634500.0,12.37,0.0,0.0,634500.0,12.37,-656385.0,-12.79,21885.0,0.43,-140.0,2.097,2.104,47978674.0,100563301,100563301,2026-08-03,2026-08-03 15:34:21+08:00
510050,上证50ETF华夏,2.99,2.9934,0.11,-0.043,-1.42,6244411.0,1871447698.0,3.018,3.029,2.98,3.033,1.62,8.66,0.82,50.52,2661777.0,3582634.0,-384357856.0,-20.54,-666779472.0,-35.63,282421616.0,15.09,138161242.0,7.38,246196631.0,13.16,-16316.0,2.99,2.991,7214166784.0,21570358684,21570358684,2026-08-03,2026-08-03 16:11:47+08:00
159849,生物科技ETF招商,0.484,0.4832,-0.17,-0.007,-1.43,56012.0,2716001.3,0.493,0.493,0.483,0.491,2.04,3.25,1.48,16.97,28603.0,27409.0,-253193.0,-9.32,-398866.0,-14.69,145673.0,5.36,151438.0,5.58,101754.0,3.75,172.0,0.483,0.484,172372396.0,83428240,83428240,2026-08-03,2026-08-03 15:34:09+08:00
561750,A50ETF博时,1.171,1.1753,0.37,-0.017,-1.43,2313.0,272372.0,1.177,1.178,1.171,1.188,0.59,0.37,0.11,-1.23,2200.0,113.0,-12153.0,-4.46,0.0,0.0,-12153.0,-4.46,0.0,0.0,12153.0,4.46,-1.0,1.171,1.175,62996000.0,73768316,73768316,2026-08-03,2026-08-03 16:11:57+08:00
513290,纳指生物科技ETF汇添富,1.581,1.5783,-0.17,-0.023,-1.43,497976.0,78681061.0,1.581,1.585,1.576,1.604,0.56,4.86,0.92,19.86,266180.0,231795.0,-8097009.0,-10.29,1847589.0,2.35,-9944598.0,-12.64,2456762.0,3.12,5640248.0,7.17,-15642.0,1.581,1.582,1025072096.0,1620638984,1620638984,2026-08-03,2026-08-03 16:11:52+08:00
512910,A100ETF广发,1.309,1.3111,0.16,-0.019,-1.43,64576.0,8482159.0,1.322,1.322,1.308,1.328,1.05,4.87,0.86,-53.87,32826.0,31750.0,78152.0,0.92,0.0,0.0,78152.0,0.92,-107826.0,-1.27,29673.0,0.35,-34.0,1.311,1.312,132628800.0,173611099,173611099,2026-08-03,2026-08-03 16:11:54+08:00
159249,A500增强ETF工银,1.302,1.2986,-0.26,-0.019,-1.44,97488.0,12726413.7,1.318,1.318,1.299,1.321,1.44,9.27,0.75,-51.78,48782.0,48706.0,189320.0,1.49,0.0,0.0,189320.0,1.49,-326413.0,-2.56,137093.0,1.08,-393.0,1.302,1.306,105191923.0,136959884,136959884,2026-08-03,2026-08-03 15:34:48+08:00
588910,科创价值ETF建信,1.369,1.369,0.0,-0.02,-1.44,91507.0,12531525.0,1.417,1.417,1.364,1.389,3.82,8.88,1.93,1.34,46555.0,44952.0,162951.0,1.3,0.0,0.0,162951.0,1.3,653814.0,5.22,-816763.0,-6.52,-24.0,1.369,1.372,103049100.0,141074218,141074218,2026-08-03,2026-08-03 16:11:57+08:00
513200,港股通医药ETF易方达,0.96,0.9663,0.65,-0.014,-1.44,1289484.0,123909260.0,0.969,0.977,0.955,0.974,2.26,13.85,0.74,-7.26,599999.0,689486.0,-1848248.0,-1.49,-6903215.0,-5.57,5054967.0,4.08,452185.0,0.36,1396064.0,1.13,-2735.0,0.96,0.961,931282096.0,894030812,894030812,2026-08-03,2026-08-03 16:11:56+08:00
516930,生物科技ETF民生加银,0.479,0.479,0.0,-0.007,-1.44,3003.0,144553.0,0.484,0.484,0.478,0.486,1.23,0.27,0.52,-8.77,2074.0,929.0,-59298.0,-41.02,-117030.0,-80.96,57732.0,39.94,38496.0,26.63,20802.0,14.39,-2.0,0.479,0.48,110639600.0,52996368,52996368,2026-08-03,2026-08-03 16:12:00+08:00
159837,生物科技ETF易方达,0.478,0.4777,-0.06,-0.007,-1.44,632505.0,30333057.677,0.485,0.488,0.477,0.485,2.27,2.09,0.82,56.64,285468.0,347037.0,-4517376.0,-14.89,-4323094.0,-14.25,-194282.0,-0.64,3634281.0,11.98,883095.0,2.91,2479.0,0.477,0.478,3028152832.0,1447457054,1447457054,2026-08-03,2026-08-03 15:34:42+08:00
515660,沪深300ETF国联安,5.747,5.7631,0.28,-0.084,-1.44,7573.0,4367400.0,5.83,5.83,5.737,5.831,1.59,0.17,0.82,-12.32,3745.0,3828.0,-1135589.0,-26.0,-1961840.0,-44.92,826251.0,18.92,838737.0,19.2,296852.0,6.8,8.0,5.745,5.756,433594208.0,2491865913,2491865913,2026-08-03,2026-08-03 16:11:55+08:00
515770,MSCI中国A股ETF摩根,1.373,1.3789,0.43,-0.02,-1.44,49635.0,6835555.0,1.385,1.387,1.373,1.393,1.01,13.51,5.7,0.32,21014.0,28621.0,-194100.0,-2.84,-2540586.0,-37.17,2346486.0,34.33,129250.0,1.89,64850.0,0.95,-382.0,1.373,1.377,36727300.0,50426583,50426583,2026-08-03,2026-08-03 16:11:41+08:00
560050,中国A50ETF汇添富,1.092,1.094,0.18,-0.016,-1.44,959718.0,104966112.0,1.105,1.105,1.089,1.108,1.44,3.91,1.11,6.92,290152.0,669566.0,-110389.0,-0.11,20017130.0,19.07,-20127519.0,-19.18,-2032339.0,-1.94,2142727.0,2.04,-1410.0,1.091,1.092,2452434400.0,2678058365,2678058365,2026-08-03,2026-08-03 16:11:44+08:00
563880,A500ETF汇添富,1.226,1.2282,0.18,-0.018,-1.45,1403503.0,172734466.0,1.238,1.244,1.22,1.244,1.93,8.67,1.06,27.62,724483.0,679020.0,76082.0,0.04,-701651.0,-0.41,777733.0,0.45,-415309.0,-0.24,339227.0,0.2,-4946.0,1.225,1.226,1618996400.0,1984889586,1984889586,2026-08-03,2026-08-03 16:11:53+08:00
159971,创业板ETF富国,1.153,1.1537,0.06,-0.017,-1.45,1149369.0,132877380.06,1.153,1.168,1.146,1.17,1.88,6.71,0.49,37.84,527463.0,621906.0,-14551454.0,-10.95,-2466424.0,-1.86,-12085030.0,-9.09,7305954.0,5.5,7245500.0,5.45,-5808.0,1.153,1.154,1712020288.0,1973959392,1973959392,2026-08-03,2026-08-03 15:34:57+08:00
159106,民企300ETF前海开源,1.022,1.0187,-0.32,-0.015,-1.45,14253.0,1459264.9,1.058,1.058,1.018,1.037,3.86,3.79,1.58,-27.33,5510.0,8743.0,-24734.0,-1.69,0.0,0.0,-24734.0,-1.69,-43798.0,-3.0,68532.0,4.7,283.0,1.018,1.057,37579488.0,38406237,38406237,2026-08-03,2026-08-03 15:34:15+08:00
159957,创业板ETF华夏,2.175,2.1758,0.04,-0.032,-1.45,1136189.0,247998178.994,2.17,2.205,2.161,2.207,1.99,8.83,0.51,-16.27,556630.0,579559.0,-7782995.0,-3.14,-10639877.0,-4.29,2856882.0,1.15,-1730068.0,-0.7,9513064.0,3.84,-7876.0,2.175,2.176,1286784560.0,2798756418,2798756418,2026-08-03,2026-08-03 15:34:42+08:00
159630,A100ETF汇添富,1.36,1.3591,-0.07,-0.02,-1.45,2594.0,353951.1,1.366,1.366,1.358,1.38,0.58,1.72,0.26,-1.59,1473.0,1121.0,182521.0,51.57,0.0,0.0,182521.0,51.57,-205091.0,-57.94,22571.0,6.38,3.0,1.358,1.36,15113744.0,20554692,20554692,2026-08-03,2026-08-03 15:34:39+08:00
516380,智能电动车ETF华宝,0.884,0.884,0.0,-0.013,-1.45,5752.0,510024.0,0.897,0.912,0.883,0.897,3.23,0.71,0.56,13.53,1697.0,4055.0,1162.0,0.23,-77522.0,-15.2,78684.0,15.43,-101654.0,-19.93,100492.0,19.7,-17.0,0.884,0.885,81449300.0,72001181,72001181,2026-08-03,2026-08-03 16:11:44+08:00
159622,创新药ETF东财,1.075,1.077,0.19,-0.016,-1.47,783703.0,84417300.979,1.086,1.099,1.07,1.091,2.66,5.68,0.74,78.86,389360.0,394343.0,-18794303.0,-22.26,-8979484.0,-10.64,-9814819.0,-11.63,6190007.0,7.33,12604296.0,14.93,2876.0,1.074,1.075,1378603232.0,1481998474,1481998474,2026-08-03,2026-08-03 15:34:51+08:00
159776,港股医药ETF银华,1.075,1.0768,0.17,-0.016,-1.47,175623.0,18908773.0,1.093,1.094,1.069,1.091,2.29,20.92,0.56,-32.13,78852.0,96771.0,-632433.0,-3.34,148272.0,0.78,-780705.0,-4.13,-452063.0,-2.39,1084495.0,5.74,-30.0,1.075,1.077,83968765.0,90266422,90266422,2026-08-03,2026-08-03 15:34:00+08:00
159952,创业板ETF广发,2.012,2.0159,0.19,-0.03,-1.47,2637645.0,532645526.384,2.01,2.04,2.001,2.042,1.91,4.79,0.31,-49.37,1282666.0,1354979.0,-20273831.0,-3.81,-30352852.0,-5.7,10079021.0,1.89,-6154205.0,-1.16,26428036.0,4.96,21009.0,2.011,2.012,5507484928.0,11081059675,11081059675,2026-08-03,2026-08-03 15:34:18+08:00
513280,恒生生物科技ETF汇添富,0.996,1.0018,0.58,-0.015,-1.48,626536.0,62419115.0,1.006,1.015,0.99,1.011,2.47,15.9,0.83,11.24,303279.0,323257.0,899526.0,1.44,-363575.0,-0.58,1263101.0,2.02,-2249210.0,-3.6,1349684.0,2.16,-403.0,0.996,0.997,394114496.0,392538038,392538038,2026-08-03,2026-08-03 16:11:38+08:00
512060,A100ETF天弘,1.2,1.2062,0.51,-0.018,-1.48,13633.0,1642614.0,1.206,1.21,1.2,1.218,0.82,12.48,0.42,-0.21,7281.0,6352.0,-230500.0,-14.03,0.0,0.0,-230500.0,-14.03,243585.0,14.83,-13086.0,-0.8,-46.0,1.202,1.204,10928000.0,13113600,13113600,2026-08-03,2026-08-03 16:11:54+08:00
159810,创业板ETF浦银,1.327,1.3248,-0.17,-0.02,-1.48,33270.0,4427603.8,1.324,1.346,1.322,1.347,1.78,5.59,0.48,-26.05,18857.0,14413.0,733855.0,16.57,106800.0,2.41,627055.0,14.16,-990962.0,-22.38,257108.0,5.81,6.0,1.326,1.327,59475458.0,78923933,78923933,2026-08-03,2026-08-03 15:34:09+08:00
159132,恒生生物科技ETF富国,0.86,0.8616,0.19,-0.013,-1.49,360962.0,31037951.2,0.873,0.877,0.854,0.873,2.63,25.79,0.94,10.6,171220.0,189742.0,-631763.0,-2.04,-189182.0,-0.61,-442581.0,-1.43,5785.0,0.02,625979.0,2.02,218.0,0.858,0.86,139963558.0,120368660,120368660,2026-08-03,2026-08-03 15:34:48+08:00
159930,能源ETF汇添富,1.648,1.6458,-0.13,-0.025,-1.49,1201137.0,198798019.29,1.651,1.678,1.642,1.673,2.15,17.56,1.66,-63.78,318871.0,882266.0,53913478.0,27.12,94689104.0,47.63,-40775626.0,-20.51,-30181485.0,-15.18,-23731993.0,-11.94,827.0,1.646,1.648,683898144.0,1127064141,1127064141,2026-08-03,2026-08-03 15:34:18+08:00
520970,港股通创新药ETF嘉实,0.789,0.7932,0.53,-0.012,-1.5,748862.0,59123611.0,0.804,0.805,0.785,0.801,2.5,5.78,0.76,-6.86,359638.0,389224.0,-1825856.0,-3.09,637529.0,1.08,-2463385.0,-4.17,468566.0,0.79,1357291.0,2.3,-564.0,0.787,0.789,1296358000.0,1022826462,1022826462,2026-08-03,2026-08-03 16:11:39+08:00
510850,上证50ETF工银,3.526,3.5256,-0.01,-0.054,-1.51,5868.0,2082802.0,3.604,3.604,3.508,3.58,2.68,1.05,0.17,4.18,1310.0,4558.0,-67326.0,-3.23,-87822.0,-4.22,20496.0,0.98,-22003.0,-1.06,89329.0,4.29,-25.0,3.525,3.526,55698900.0,196394321,196394321,2026-08-03,2026-08-03 16:11:53+08:00
515190,中证500ETF中银证券,1.562,1.5593,-0.17,-0.024,-1.51,20813.0,3270458.0,1.586,1.586,1.561,1.586,1.58,0.71,0.89,12.14,7682.0,13131.0,808899.0,24.73,0.0,0.0,808899.0,24.73,-874548.0,-26.74,65650.0,2.01,16.0,1.56,1.566,291466096.0,455270042,455270042,2026-08-03,2026-08-03 16:11:42+08:00
159523,沪深300成长ETF华夏,1.235,1.2358,0.06,-0.019,-1.52,73302.0,9112532.0,1.256,1.256,1.234,1.254,1.75,9.22,0.66,-5.21,32914.0,40388.0,-631128.0,-6.93,0.0,0.0,-631128.0,-6.93,152532.0,1.67,478596.0,5.25,-100.0,1.235,1.238,79517348.0,98203925,98203925,2026-08-03,2026-08-03 15:34:24+08:00
159786,VRETF银华,1.091,1.091,0.0,-0.017,-1.53,110434.0,12098923.3,1.1,1.108,1.087,1.108,1.9,12.04,0.7,10.96,58865.0,51569.0,-481587.0,-3.98,627491.0,5.19,-1109078.0,-9.17,505390.0,4.18,-23802.0,-0.2,-307.0,1.091,1.095,91701174.0,100045981,100045981,2026-08-03,2026-08-03 15:34:36+08:00
510100,上证50ETF易方达,2.937,2.9414,0.15,-0.046,-1.54,1196404.0,352141766.0,2.964,2.971,2.928,2.983,1.44,11.92,0.63,13.74,437544.0,758860.0,-28029952.0,-7.96,-25427144.0,-7.22,-2602808.0,-0.74,11111471.0,3.16,16918482.0,4.8,-5009.0,2.937,2.938,1004006800.0,2948767972,2948767972,2026-08-03,2026-08-03 16:11:43+08:00
516060,创新药ETF工银,0.575,0.5753,0.05,-0.009,-1.54,112843.0,6518698.0,0.585,0.59,0.573,0.584,2.91,3.47,0.67,6.91,41578.0,71265.0,-1797063.0,-27.57,-1077455.0,-16.53,-719608.0,-11.04,943934.0,14.48,853128.0,13.09,-754.0,0.574,0.575,325237408.0,187011510,187011510,2026-08-03,2026-08-03 16:12:00+08:00
159286,港股通创新药ETF鹏华,0.701,0.7022,0.17,-0.011,-1.54,806885.0,56582859.8,0.713,0.715,0.696,0.712,2.67,9.57,0.65,-0.78,396485.0,410400.0,-118093.0,-0.21,130048.0,0.23,-248141.0,-0.44,-597333.0,-1.06,715426.0,1.26,4467.0,0.7,0.701,842785408.0,590792571,590792571,2026-08-03,2026-08-03 15:34:15+08:00
562050,药ETF华宝,0.952,0.9514,-0.06,-0.015,-1.55,63160.0,6043695.0,0.968,0.976,0.951,0.967,2.59,5.82,0.73,8.1,30049.0,33111.0,-639783.0,-10.59,-585360.0,-9.69,-54423.0,-0.9,102466.0,1.7,537317.0,8.89,-1079.0,0.952,0.953,108468000.0,103261536,103261536,2026-08-03,2026-08-03 16:11:41+08:00
159691,港股红利ETF工银,1.197,1.2005,0.29,-0.019,-1.56,1701281.0,204745119.368,1.215,1.217,1.196,1.216,1.73,4.43,0.95,-46.12,710162.0,991119.0,-8070654.0,-3.94,-13297967.0,-6.49,5227313.0,2.55,4578801.0,2.24,3491853.0,1.71,5751.0,1.196,1.197,3844301392.0,4601628766,4601628766,2026-08-03,2026-08-03 15:34:33+08:00
159615,恒生生物科技ETF南方,1.011,1.0122,0.12,-0.016,-1.56,779345.0,78760671.3,1.027,1.029,1.005,1.027,2.34,16.17,0.84,-41.49,381608.0,397737.0,1394598.0,1.77,1629180.0,2.07,-234582.0,-0.3,-2676621.0,-3.4,1282022.0,1.63,390.0,1.01,1.011,482054896.0,487357500,487357500,2026-08-03,2026-08-03 15:34:33+08:00
159169,恒生生物科技ETF广发,0.884,0.8862,0.25,-0.014,-1.56,132110.0,11684751.062,0.898,0.901,0.879,0.898,2.45,7.55,0.7,-6.73,69300.0,62810.0,-439240.0,-3.76,-830800.0,-7.11,391560.0,3.35,247752.0,2.12,191489.0,1.64,143.0,0.883,0.884,174874485.0,154589045,154589045,2026-08-03,2026-08-03 15:34:15+08:00
517120,创新药ETF华泰柏瑞,0.689,0.6909,0.28,-0.011,-1.57,347519.0,24043502.0,0.7,0.706,0.687,0.7,2.71,5.35,0.88,20.08,149125.0,198394.0,-1570993.0,-6.53,-259304.0,-1.08,-1311689.0,-5.46,-176024.0,-0.73,1747016.0,7.27,-1232.0,0.688,0.689,648966400.0,447137850,447137850,2026-08-03,2026-08-03 16:11:43+08:00
159578,深证主板50ETF南方,1.187,1.1881,0.09,-0.019,-1.58,3284.0,392665.4,1.206,1.206,1.187,1.206,1.58,1.64,1.06,15.97,1918.0,1366.0,-127222.0,-32.4,0.0,0.0,-127222.0,-32.4,52761.0,13.44,74460.0,18.96,-13.0,1.187,1.194,19998831.0,23738612,23738612,2026-08-03,2026-08-03 15:34:48+08:00
515120,创新药ETF广发,0.621,0.6197,-0.21,-0.01,-1.58,9497685.0,592335780.0,0.631,0.637,0.619,0.631,2.85,4.96,0.98,44.95,4400632.0,5097053.0,-98511225.0,-16.63,-102509901.0,-17.31,3998676.0,0.68,64804525.0,10.94,33706694.0,5.69,-57706.0,0.62,0.621,19135993600.0,11883452026,11883452026,2026-08-03,2026-08-03 16:12:02+08:00
515860,科技ETF嘉实,1.989,1.9889,-0.01,-0.032,-1.58,27755.0,5545610.0,2.07,2.07,1.979,2.021,4.5,2.7,0.83,-33.64,15758.0,11997.0,-390487.0,-7.04,27592.0,0.5,-418079.0,-7.54,238248.0,4.3,152239.0,2.75,-20.0,1.984,1.989,102878900.0,204626132,204626132,2026-08-03,2026-08-03 16:11:58+08:00
512290,生物医药ETF国泰,0.997,0.9974,0.04,-0.016,-1.58,1190880.0,119188335.0,1.014,1.019,0.994,1.013,2.47,3.37,0.97,30.32,506925.0,683955.0,-22591621.0,-18.95,-13980467.0,-11.73,-8611154.0,-7.22,12244949.0,10.27,10346671.0,8.68,-1222.0,0.996,0.997,3538820704.0,3528204242,3528204242,2026-08-03,2026-08-03 16:11:50+08:00
561770,A100ETF博时,1.248,1.2476,-0.03,-0.02,-1.58,28368.0,3540585.0,1.256,1.256,1.246,1.268,0.79,7.55,1.28,19.35,16118.0,12250.0,-99768.0,-2.82,0.0,0.0,-99768.0,-2.82,50204.0,1.42,49563.0,1.4,1601.0,1.245,1.251,37550000.0,46862400,46862400,2026-08-03,2026-08-03 16:11:33+08:00
513930,恒生生物科技ETF华泰柏瑞,0.927,0.9322,0.56,-0.015,-1.59,628186.0,58268022.0,0.95,0.95,0.922,0.942,2.97,63.83,0.82,11.85,317571.0,310615.0,-380673.0,-0.65,-1380777.0,-2.37,1000104.0,1.72,404334.0,0.69,-23662.0,-0.04,-30.0,0.926,0.927,98408000.0,91224216,91224216,2026-08-03,2026-08-03 16:11:46+08:00
510410,资源ETF博时,1.831,1.8337,0.15,-0.03,-1.61,149567.0,27403142.0,1.854,1.854,1.829,1.861,1.34,3.45,1.88,22.63,47461.0,102106.0,-2404485.0,-8.77,-6923515.0,-25.27,4519030.0,16.49,1331930.0,4.86,1072554.0,3.91,-8.0,1.831,1.832,433258400.0,793296130,793296130,2026-08-03,2026-08-03 16:11:43+08:00
159102,港股通生物科技ETF华安,0.734,0.7365,0.34,-0.012,-1.61,419830.0,30872604.9,0.742,0.748,0.731,0.746,2.28,5.67,0.72,-1.59,172272.0,247558.0,935812.0,3.03,-438225.0,-1.42,1374037.0,4.45,-1503854.0,-4.87,568043.0,1.84,-3540.0,0.734,0.736,740622000.0,543616548,543616548,2026-08-03,2026-08-03 15:34:12+08:00
520880,港股通创新药ETF华宝,0.427,0.4286,0.37,-0.007,-1.61,7460147.0,319327381.0,0.434,0.436,0.425,0.434,2.53,14.63,0.84,-30.88,3428632.0,4031515.0,-16301309.0,-5.1,-18637972.0,-5.84,2336663.0,0.73,11549994.0,3.62,4751316.0,1.49,-27524.0,0.427,0.428,5097617920.0,2176682852,2176682852,2026-08-03,2026-08-03 16:11:51+08:00
159902,中小100ETF华夏,4.427,4.4365,0.21,-0.073,-1.62,40878.0,18233193.4,4.469,4.489,4.427,4.5,1.38,5.49,1.31,-62.33,18330.0,22548.0,-1676004.0,-9.19,-381410.0,-2.09,-1294594.0,-7.1,1248063.0,6.85,427942.0,2.35,138.0,4.426,4.427,74460849.0,329638179,329638179,2026-08-03,2026-08-03 15:34:00+08:00
159858,创新药ETF南方,0.667,0.6655,-0.23,-0.011,-1.62,456608.0,30699275.2,0.681,0.684,0.665,0.678,2.8,4.33,0.91,29.86,198375.0,258233.0,-4658420.0,-15.17,-5857862.0,-19.08,1199442.0,3.91,2131822.0,6.94,2526598.0,8.23,4074.0,0.666,0.667,1055098320.0,703750579,703750579,2026-08-03,2026-08-03 15:34:36+08:00
560170,央企科技ETF南方,1.15,1.1499,-0.01,-0.019,-1.63,216898.0,25079203.0,1.157,1.17,1.146,1.169,2.05,5.76,0.36,5.71,90844.0,126054.0,-837855.0,-3.34,-2235678.0,-8.91,1397823.0,5.57,-257963.0,-1.03,1095818.0,4.37,-1096.0,1.149,1.15,376495504.0,432969830,432969830,2026-08-03,2026-08-03 16:11:51+08:00
515050,通信ETF华夏,0.905,0.906,0.11,-0.015,-1.63,10516471.0,955021163.0,0.898,0.927,0.887,0.92,4.35,5.79,0.63,18.9,4776425.0,5740046.0,16630752.0,1.74,39274144.0,4.11,-22643392.0,-2.37,-20901827.0,-2.19,4271058.0,0.45,-82224.0,0.904,0.905,18175205376.0,16448560865,16448560865,2026-08-03,2026-08-03 16:11:49+08:00
561550,中证500增强ETF华泰柏瑞,1.321,1.3198,-0.09,-0.022,-1.64,551609.0,73224535.0,1.325,1.349,1.317,1.343,2.38,4.07,0.8,-49.87,214235.0,337374.0,-3704887.0,-5.06,-3168988.0,-4.33,-535899.0,-0.73,2007414.0,2.74,1697473.0,2.32,-523.0,1.321,1.322,1355989600.0,1791262262,1791262262,2026-08-03,2026-08-03 16:11:37+08:00
516080,创新药ETF易方达,0.661,0.6601,-0.14,-0.011,-1.64,2578641.0,171545757.0,0.672,0.678,0.659,0.672,2.83,4.99,0.81,29.29,1081319.0,1497322.0,-21852513.0,-12.74,-19052148.0,-11.11,-2800365.0,-1.63,12347290.0,7.2,9505222.0,5.54,-11963.0,0.661,0.662,5172554752.0,3419058691,3419058691,2026-08-03,2026-08-03 16:11:43+08:00
561180,A100ETF富国,1.308,1.3107,0.21,-0.022,-1.65,7908.0,1038718.0,1.323,1.323,1.308,1.33,1.13,1.59,0.5,0.6,4791.0,3117.0,95055.0,9.15,0.0,0.0,95055.0,9.15,-131000.0,-12.61,35944.0,3.46,1800.0,1.306,1.312,49609600.0,64889357,64889357,2026-08-03,2026-08-03 16:11:46+08:00
517380,创新药ETF天弘,0.773,0.7778,0.62,-0.013,-1.65,461030.0,35757701.0,0.785,0.792,0.77,0.786,2.8,1.6,0.66,34.6,237092.0,223938.0,-3939340.0,-11.02,-4075016.0,-11.4,135676.0,0.38,1388431.0,3.88,2550908.0,7.13,-6652.0,0.773,0.774,2884326304.0,2229584233,2229584233,2026-08-03,2026-08-03 16:11:51+08:00
159130,恒生生物科技ETF鹏华,0.833,0.8358,0.34,-0.014,-1.65,67753.0,5647796.865,0.848,0.85,0.831,0.847,2.24,2.98,0.8,13.8,36309.0,31444.0,-80554.0,-1.43,-505646.0,-8.95,425092.0,7.53,11649.0,0.21,68905.0,1.22,-80.0,0.833,0.835,227389466.0,189415425,189415425,2026-08-03,2026-08-03 15:34:51+08:00
159105,恒生生物科技ETF易方达,0.83,0.8335,0.42,-0.014,-1.66,1052254.0,87488662.8,0.844,0.848,0.827,0.844,2.49,48.65,0.81,-0.05,543319.0,508935.0,-790690.0,-0.9,1045123.0,1.19,-1835813.0,-2.1,-389787.0,-0.45,1180477.0,1.35,-670.0,0.83,0.831,216272984.0,179506577,179506577,2026-08-03,2026-08-03 15:34:33+08:00
159992,创新药ETF银华,0.829,0.8258,-0.39,-0.014,-1.66,9320895.0,777750472.778,0.843,0.851,0.827,0.843,2.85,4.66,0.86,64.47,3786373.0,5534522.0,-131654381.0,-16.93,-134725817.0,-17.32,3071436.0,0.39,78950250.0,10.15,52704135.0,6.78,68831.0,0.828,0.829,20023181312.0,16599217308,16599217308,2026-08-03,2026-08-03 15:34:30+08:00
159610,中证500增强ETF景顺,1.183,1.179,-0.34,-0.02,-1.66,48690.0,5781785.2,1.203,1.203,1.18,1.203,1.91,2.89,0.52,-27.86,13968.0,34722.0,-33956.0,-0.59,0.0,0.0,-33956.0,-0.59,-267922.0,-4.63,301878.0,5.22,100.0,1.186,1.187,168568207.0,199416189,199416189,2026-08-03,2026-08-03 15:34:57+08:00
520700,港股通创新药ETF万家,1.412,1.4191,0.5,-0.024,-1.67,1612018.0,227968038.0,1.428,1.442,1.406,1.436,2.51,33.79,0.87,-8.52,810953.0,801065.0,-7797466.0,-3.42,-3630397.0,-1.59,-4167069.0,-1.83,2940193.0,1.29,4857272.0,2.13,-2630.0,1.411,1.412,477076000.0,673631312,673631312,2026-08-03,2026-08-03 16:11:54+08:00
513780,港股创新药ETF景顺,1.464,1.4736,0.65,-0.025,-1.68,1606773.0,236086402.0,1.489,1.497,1.46,1.489,2.48,8.68,0.58,-15.54,770293.0,836480.0,-2092597.0,-0.89,-4416128.0,-1.87,2323531.0,0.98,-640142.0,-0.27,2732739.0,1.16,-6036.0,1.464,1.465,1850157008.0,2708629860,2708629860,2026-08-03,2026-08-03 16:11:52+08:00
159835,创新药ETF建信,0.644,0.6433,-0.11,-0.011,-1.68,252293.0,16351113.6,0.661,0.661,0.643,0.655,2.75,5.93,0.79,39.5,97035.0,155258.0,-1518721.0,-9.29,177270.0,1.08,-1695991.0,-10.37,754974.0,4.62,763746.0,4.67,-380.0,0.644,0.645,425504144.0,274024669,274024669,2026-08-03,2026-08-03 15:34:24+08:00
159219,深证100ETF融通,1.34,1.3366,-0.25,-0.023,-1.69,13816.0,1852452.6,1.35,1.35,1.335,1.363,1.1,16.47,0.84,-96.27,5996.0,7820.0,110613.0,5.97,0.0,0.0,110613.0,5.97,-167605.0,-9.05,56992.0,3.08,200.0,1.335,1.345,8388018.0,11239944,11239944,2026-08-03,2026-08-03 15:34:27+08:00
159968,中证500ETF博时,9.745,9.7186,-0.27,-0.168,-1.69,11417.0,11126900.9,9.814,9.814,9.694,9.913,1.21,1.75,0.61,-62.36,5223.0,6194.0,-600019.0,-5.39,-106843.0,-0.96,-493176.0,-4.43,760779.0,6.84,-160760.0,-1.44,1.0,9.707,9.745,65295098.0,636300730,636300730,2026-08-03,2026-08-03 15:34:33+08:00
513120,港股创新药ETF广发,1.135,1.1418,0.6,-0.02,-1.73,38175993.0,4341979171.0,1.151,1.157,1.13,1.155,2.34,16.93,0.7,-21.91,18128319.0,20047673.0,-199039440.0,-4.58,-181760768.0,-4.19,-17278672.0,-0.4,113735488.0,2.62,85303943.0,1.96,186002.0,1.134,1.135,22551635456.0,25596106243,25596106243,2026-08-03,2026-08-03 16:11:53+08:00
512120,医药ETF华安,0.455,0.4529,-0.46,-0.008,-1.73,327488.0,14965602.0,0.461,0.466,0.453,0.463,2.81,3.92,1.17,11.27,155823.0,171665.0,-541556.0,-3.62,-585104.0,-3.91,43548.0,0.29,145783.0,0.97,395773.0,2.64,-363.0,0.455,0.456,835241904.0,380035066,380035066,2026-08-03,2026-08-03 16:11:49+08:00
561000,沪深300增强ETF华安,1.296,1.2965,0.04,-0.023,-1.74,51131.0,6636844.0,1.319,1.319,1.292,1.319,2.05,8.53,1.1,-15.89,23474.0,27657.0,-685845.0,-10.33,-198111.0,-2.99,-487734.0,-7.35,250809.0,3.78,435036.0,6.55,2.0,1.296,1.297,59920000.0,77656320,77656320,2026-08-03,2026-08-03 16:11:42+08:00
561200,中证A100ETF工银,1.461,1.4635,0.17,-0.026,-1.75,11640.0,1707157.0,1.465,1.472,1.46,1.487,0.81,3.48,0.82,0.11,6881.0,4759.0,-446646.0,-26.16,146800.0,8.6,-593446.0,-34.76,313968.0,18.39,132678.0,7.77,-32.0,1.462,1.463,33470500.0,48900401,48900401,2026-08-03,2026-08-03 16:11:33+08:00
159811,5GETF博时,2.624,2.6304,0.24,-0.047,-1.76,147277.0,38872127.042,2.596,2.699,2.596,2.671,3.86,17.63,0.82,14.44,100928.0,46349.0,11593075.0,29.82,10075499.0,25.92,1517576.0,3.9,-2106948.0,-5.42,-9486128.0,-24.4,-1262.0,2.624,2.632,83543393.0,219217863,219217863,2026-08-03,2026-08-03 15:34:27+08:00
159506,港股通创新药医疗ETF富国,1.166,1.1681,0.18,-0.021,-1.77,3845129.0,448378564.94,1.185,1.19,1.158,1.187,2.7,14.47,0.82,-12.2,1957718.0,1887411.0,-758826.0,-0.17,-18191695.0,-4.06,17432869.0,3.89,-4402486.0,-0.98,5161315.0,1.15,-3710.0,1.166,1.167,2656536976.0,3097522114,3097522114,2026-08-03,2026-08-03 15:34:27+08:00
159994,通信ETF银华,1.11,1.1097,-0.03,-0.02,-1.77,2145613.0,239019572.91,1.102,1.136,1.098,1.13,3.36,4.77,0.75,17.19,876319.0,1269294.0,36801850.0,15.4,21122203.0,8.84,15679647.0,6.56,-37476836.0,-15.68,674986.0,0.28,-4848.0,1.11,1.111,4494003456.0,4988343836,4988343836,2026-08-03,2026-08-03 15:34:03+08:00
159773,创业板科技ETF华泰柏瑞,1.216,1.2161,0.01,-0.022,-1.78,97747.0,11923169.0,1.223,1.237,1.209,1.238,2.26,4.88,0.65,-38.96,39116.0,58631.0,867718.0,7.28,162321.0,1.36,705397.0,5.92,-67178.0,-0.56,-800541.0,-6.71,284.0,1.214,1.216,200303120.0,243568594,243568594,2026-08-03,2026-08-03 15:34:15+08:00
159798,消费ETF易方达,0.882,0.8835,0.17,-0.016,-1.78,283935.0,25207291.5,0.89,0.897,0.881,0.898,1.78,14.32,0.82,13.02,133671.0,150264.0,-1923615.0,-7.63,-1520013.0,-6.03,-403602.0,-1.6,-407434.0,-1.62,2331050.0,9.25,-863.0,0.882,0.883,198245390.0,174852434,174852434,2026-08-03,2026-08-03 15:34:12+08:00
159075,工业互联网ETF华夏,0.875,0.8739,-0.13,-0.016,-1.8,22380.0,1971541.94,0.892,0.899,0.872,0.891,3.03,1.13,0.51,-71.25,4985.0,17395.0,-84578.0,-4.29,0.0,0.0,-84578.0,-4.29,-102210.0,-5.18,186788.0,9.47,55.0,0.874,0.875,197197165.0,172547519,172547519,2026-08-03,2026-08-03 15:34:27+08:00
159316,港股通创新药ETF易方达,1.084,1.0827,-0.12,-0.02,-1.81,6949183.0,754514074.39,1.096,1.108,1.078,1.104,2.72,12.26,1.05,-38.79,3371124.0,3578059.0,-25851685.0,-3.43,-21952693.0,-2.91,-3898992.0,-0.52,13844977.0,1.83,12006704.0,1.59,9661.0,1.083,1.084,5667336192.0,6143392432,6143392432,2026-08-03,2026-08-03 15:34:33+08:00
159913,深价值ETF交银,2.436,2.4504,0.59,-0.045,-1.81,849.0,207591.8,2.466,2.466,2.43,2.481,1.45,0.38,0.37,73.63,11.0,838.0,-101474.0,-48.88,0.0,0.0,-101474.0,-48.88,68110.0,32.81,33365.0,16.07,-6.0,2.436,2.455,22329693.0,54395132,54395132,2026-08-03,2026-08-03 15:34:12+08:00
562310,沪深300成长ETF银华,1.027,1.032,0.48,-0.019,-1.82,409787.0,42200173.0,1.046,1.046,1.026,1.046,1.91,7.99,1.56,11.37,76886.0,332901.0,9930921.0,23.53,21711819.0,51.45,-11780898.0,-27.92,-10076532.0,-23.88,145611.0,0.35,-700.0,1.027,1.03,512572304.0,526411756,526411756,2026-08-03,2026-08-03 16:11:55+08:00
520690,港股创新药ETF博时,0.693,0.695,0.29,-0.013,-1.84,1107660.0,76807111.0,0.706,0.708,0.688,0.706,2.83,16.02,0.79,15.77,549014.0,558646.0,-2906902.0,-3.78,-5391710.0,-7.02,2484808.0,3.24,1237972.0,1.61,1668931.0,2.17,-3998.0,0.693,0.694,691454000.0,479177622,479177622,2026-08-03,2026-08-03 16:11:36+08:00
159297,港股通创新药ETF南方,0.686,0.6863,0.04,-0.013,-1.86,3141137.0,215500030.919,0.696,0.7,0.681,0.699,2.72,8.14,1.09,-15.75,1702211.0,1438926.0,-2634680.0,-1.22,12445665.0,5.78,-15080345.0,-7.0,33251.0,0.02,2601428.0,1.21,-2579.0,0.686,0.687,3860418640.0,2648247187,2648247187,2026-08-03,2026-08-03 15:34:30+08:00
159945,能源ETF广发,1.316,1.3188,0.21,-0.025,-1.86,67867.0,9002468.3,1.33,1.342,1.315,1.341,2.01,10.04,0.83,-52.58,22403.0,45464.0,-505709.0,-5.62,-661765.0,-7.35,156056.0,1.73,663868.0,7.37,-158160.0,-1.76,630.0,1.315,1.316,67572327.0,88925182,88925182,2026-08-03,2026-08-03 15:34:15+08:00
589320,科创200ETF嘉实,0.727,0.7253,-0.23,-0.014,-1.89,74389.0,5435444.0,0.733,0.745,0.722,0.741,3.1,5.76,0.65,9.29,44042.0,30347.0,-4719.0,-0.09,1573866.0,28.96,-1578585.0,-29.04,-178931.0,-3.29,183650.0,3.38,-271.0,0.725,0.727,129053000.0,93821531,93821531,2026-08-03,2026-08-03 16:11:53+08:00
516710,新材料ETF华夏,0.723,0.7207,-0.32,-0.014,-1.9,32255.0,2333557.0,0.722,0.734,0.719,0.737,2.04,4.02,0.48,2.73,8986.0,23269.0,-151408.0,-6.49,0.0,0.0,-151408.0,-6.49,-40359.0,-1.73,191766.0,8.22,1.0,0.721,0.723,80272000.0,58036656,58036656,2026-08-03,2026-08-03 16:11:57+08:00
517110,创新药ETF国泰,0.717,0.7179,0.13,-0.014,-1.92,642195.0,46152088.0,0.73,0.735,0.715,0.731,2.74,4.2,1.46,25.76,251949.0,390246.0,-5712415.0,-12.38,-9122261.0,-19.77,3409846.0,7.39,2699143.0,5.85,3013272.0,6.53,-988.0,0.717,0.718,1528098496.0,1095646622,1095646622,2026-08-03,2026-08-03 16:11:41+08:00
515220,煤炭ETF国泰,1.176,1.1757,-0.03,-0.023,-1.92,5931811.0,701741413.0,1.19,1.204,1.171,1.199,2.75,4.98,1.03,44.21,1545942.0,4385869.0,45747205.0,6.52,71915856.0,10.25,-26168651.0,-3.73,-38681310.0,-5.51,-7065887.0,-1.01,-25671.0,1.176,1.177,11918676992.0,14016364143,14016364143,2026-08-03,2026-08-03 16:11:57+08:00
159256,创业板软件ETF华夏,0.818,0.8181,0.01,-0.016,-1.92,2022365.0,166585869.4,0.83,0.835,0.814,0.834,2.52,39.87,1.74,59.12,983397.0,1038968.0,-39465664.0,-23.69,-28667029.0,-17.21,-10798635.0,-6.48,21737039.0,13.05,17728624.0,10.64,-5156.0,0.818,0.819,507183760.0,414876316,414876316,2026-08-03,2026-08-03 15:34:39+08:00
159703,新材料ETF天弘,0.865,0.8643,-0.08,-0.017,-1.93,65527.0,5667049.9,0.87,0.889,0.861,0.882,3.17,10.37,1.03,3.33,26420.0,39107.0,-431579.0,-7.62,21879.0,0.39,-453458.0,-8.0,239584.0,4.23,191995.0,3.39,-1.0,0.865,0.866,63181591.0,54652076,54652076,2026-08-03,2026-08-03 15:34:45+08:00
512190,浙商之江凤凰ETF,2.834,2.8436,0.34,-0.056,-1.94,10760.0,3069512.0,2.89,2.89,2.827,2.89,2.18,0.6,1.69,22.1,2532.0,8228.0,-711370.0,-23.18,-1224853.0,-39.9,513483.0,16.73,590157.0,19.23,121214.0,3.95,86.0,2.83,2.836,180518400.0,511589146,511589146,2026-08-03,2026-08-03 16:11:40+08:00
515750,科技50ETF富国,1.974,1.9764,0.12,-0.039,-1.94,80410.0,15980145.0,1.997,2.018,1.965,2.013,2.63,2.99,1.36,-29.81,38685.0,41725.0,-4010552.0,-25.1,-2745612.0,-17.18,-1264940.0,-7.92,4022809.0,25.17,-12258.0,-0.08,-70.0,1.974,1.975,269140496.0,531283339,531283339,2026-08-03,2026-08-03 16:11:39+08:00
159567,港股创新药ETF银华,0.654,0.6565,0.38,-0.013,-1.95,13841638.0,906318546.5,0.664,0.668,0.651,0.667,2.55,12.55,1.03,-23.18,6635633.0,7206005.0,-36189456.0,-3.99,-73621856.0,-8.12,37432400.0,4.13,19707240.0,2.17,16482221.0,1.82,-60449.0,0.654,0.655,11026729728.0,7211481242,7211481242,2026-08-03,2026-08-03 15:34:00+08:00
159620,中证500成长ETF华夏,1.2,1.2043,0.36,-0.024,-1.96,42765.0,5195491.864,1.219,1.227,1.199,1.224,2.29,12.53,0.75,-53.56,23761.0,19004.0,-263605.0,-5.07,-963214.0,-18.54,699609.0,13.47,66561.0,1.28,197043.0,3.79,-6.0,1.2,1.204,34140934.0,40969121,40969121,2026-08-03,2026-08-03 15:34:03+08:00
159778,工业互联网ETF鹏华,1.147,1.1464,-0.05,-0.023,-1.97,28514.0,3295162.2,1.147,1.172,1.145,1.17,2.31,6.83,1.49,1.13,9680.0,18834.0,-46741.0,-1.42,407398.0,12.36,-454139.0,-13.78,57407.0,1.74,-10665.0,-0.32,1.0,1.143,1.152,41755382.0,47893423,47893423,2026-08-03,2026-08-03 15:34:06+08:00
517660,物联网ETF天弘,1.24,1.2448,0.39,-0.025,-1.98,20554.0,2564600.0,1.265,1.265,1.24,1.265,1.98,4.86,1.32,0.21,8410.0,12144.0,9339.0,0.36,0.0,0.0,9339.0,0.36,0.0,0.0,-9340.0,-0.36,-2.0,1.238,1.243,42280700.0,52428068,52428068,2026-08-03,2026-08-03 16:11:48+08:00
560900,创新药ETF摩根,0.891,0.891,0.0,-0.018,-1.98,161612.0,14486457.0,0.908,0.915,0.89,0.909,2.75,7.03,0.94,23.81,66471.0,95141.0,-2491383.0,-17.2,-1914171.0,-13.21,-577212.0,-3.98,979989.0,6.76,1511394.0,10.43,-1163.0,0.891,0.894,229969100.0,204902468,204902468,2026-08-03,2026-08-03 16:11:55+08:00
159597,创业板成长ETF易方达,0.739,0.7402,0.16,-0.015,-1.99,493804.0,36711642.762,0.739,0.751,0.737,0.754,1.86,5.1,1.21,-3.31,113920.0,379884.0,3859764.0,10.51,13871061.0,37.78,-10011297.0,-27.27,-4266550.0,-11.62,406784.0,1.11,-175.0,0.739,0.741,968257136.0,715542024,715542024,2026-08-03,2026-08-03 15:34:45+08:00
588250,科创医药ETF鹏华,0.983,0.9803,-0.28,-0.02,-1.99,84312.0,8309898.0,1.0,1.008,0.979,1.003,2.89,2.69,0.96,-16.73,28059.0,56253.0,-777315.0,-9.35,-1133573.0,-13.64,356258.0,4.29,-48877.0,-0.59,826192.0,9.94,-2603.0,0.982,0.983,313675008.0,308342533,308342533,2026-08-03,2026-08-03 16:11:36+08:00
520500,恒生创新药ETF华泰柏瑞,1.321,1.3292,0.62,-0.027,-2.0,8052136.0,1063155240.0,1.343,1.348,1.309,1.348,2.89,34.35,0.81,-31.91,4130188.0,3921948.0,-2168642.0,-0.2,7864670.0,0.74,-10033312.0,-0.94,-15681295.0,-1.47,17849942.0,1.68,-16107.0,1.321,1.322,2343805008.0,3096166416,3096166416,2026-08-03,2026-08-03 16:11:59+08:00
588860,科创医药ETF工银,0.629,0.6276,-0.22,-0.013,-2.02,120999.0,7650056.0,0.643,0.645,0.628,0.642,2.65,3.18,0.62,7.19,40776.0,80223.0,-2187359.0,-28.59,-1176555.0,-15.38,-1010804.0,-13.21,1278164.0,16.71,909195.0,11.88,-781.0,0.628,0.629,380889408.0,239579438,239579438,2026-08-03,2026-08-03 16:11:37+08:00
589200,科创200ETF工银,1.16,1.1566,-0.29,-0.024,-2.03,20966.0,2434726.0,1.174,1.189,1.151,1.184,3.21,8.22,0.48,8.28,7689.0,13277.0,386403.0,15.87,127762.0,5.25,258641.0,10.62,-331865.0,-13.63,-54537.0,-2.24,-3431.0,1.156,1.16,25507000.0,29588120,29588120,2026-08-03,2026-08-03 16:11:44+08:00
159369,创业板50ETF易方达,1.347,1.3474,0.03,-0.028,-2.04,216197.0,29138673.1,1.341,1.363,1.333,1.375,2.18,5.23,0.4,62.14,107305.0,108892.0,-144512.0,-0.5,1362802.0,4.68,-1507314.0,-5.17,-771221.0,-2.65,915733.0,3.14,-1519.0,1.347,1.348,413753488.0,557325948,557325948,2026-08-03,2026-08-03 15:34:42+08:00
159761,新材料ETF国泰,0.766,0.7677,0.22,-0.016,-2.05,160338.0,12314779.2,0.775,0.779,0.764,0.782,1.92,7.99,1.03,6.71,58644.0,101694.0,-2231783.0,-18.12,-2135365.0,-17.34,-96418.0,-0.78,1753777.0,14.24,478007.0,3.88,61.0,0.765,0.766,200734117.0,153762334,153762334,2026-08-03,2026-08-03 15:34:09+08:00
159967,创业板成长ETF华夏,0.715,0.7159,0.13,-0.015,-2.05,12895310.0,926015692.34,0.716,0.73,0.708,0.73,3.01,16.02,0.66,40.18,7242328.0,5652981.0,-24901632.0,-2.69,-18652912.0,-2.01,-6248720.0,-0.67,13401669.0,1.45,11499965.0,1.24,30423.0,0.714,0.715,8051305728.0,5756683596,5756683596,2026-08-03,2026-08-03 15:34:54+08:00
159502,标普生物科技ETF嘉实,1.484,1.4744,-0.65,-0.031,-2.05,959098.0,141840081.2,1.475,1.485,1.471,1.515,0.92,8.69,0.77,30.72,569061.0,390037.0,-17973601.0,-12.67,-2661208.0,-1.88,-15312393.0,-10.8,5282369.0,3.72,12691232.0,8.95,-13019.0,1.484,1.485,1103323024.0,1637331368,1637331368,2026-08-03,2026-08-03 15:34:54+08:00
561130,国货ETF富国,1.04,1.0417,0.16,-0.022,-2.07,72308.0,7553352.0,1.056,1.056,1.039,1.062,1.6,7.38,0.62,-0.97,32714.0,39594.0,270702.0,3.58,0.0,0.0,270702.0,3.58,-333160.0,-4.41,62459.0,0.83,-2410.0,1.04,1.042,97935200.0,101852608,101852608,2026-08-03,2026-08-03 16:11:41+08:00
159259,成长ETF易方达,1.163,1.1601,-0.25,-0.025,-2.1,2509556.0,292576829.849,1.17,1.187,1.153,1.188,2.86,6.39,0.63,1.85,1415341.0,1094215.0,3455106.0,1.18,2777694.0,0.95,677412.0,0.23,-9072081.0,-3.1,5616976.0,1.92,4847.0,1.162,1.163,3927696400.0,4567910913,4567910913,2026-08-03,2026-08-03 15:34:00+08:00
159570,港股通创新药ETF汇添富,1.355,1.3579,0.21,-0.029,-2.1,13991957.0,1900526158.06,1.372,1.385,1.348,1.384,2.67,8.1,1.01,-35.19,6823976.0,7167981.0,-260950288.0,-13.73,-198077728.0,-10.42,-62872560.0,-3.31,205164248.0,10.8,55786048.0,2.94,73872.0,1.354,1.355,17268597248.0,23398949271,23398949271,2026-08-03,2026-08-03 15:34:06+08:00
159013,工业互联网ETF大成,0.965,0.9644,-0.06,-0.021,-2.13,28524.0,2779093.6,0.973,0.987,0.962,0.986,2.54,5.87,0.77,25.54,9162.0,19362.0,-235179.0,-8.46,-220356.0,-7.93,-14823.0,-0.53,126869.0,4.57,108310.0,3.9,17.0,0.965,0.969,48578881.0,46878620,46878620,2026-08-03,2026-08-03 15:34:51+08:00
588130,科创医药ETF华夏,0.96,0.9603,0.03,-0.021,-2.14,1044641.0,100907595.0,0.987,0.987,0.958,0.981,2.96,21.45,1.42,5.45,472509.0,572132.0,-2805226.0,-2.78,2518238.0,2.5,-5323464.0,-5.28,104966.0,0.1,2700261.0,2.68,-625.0,0.96,0.961,487082608.0,467599304,467599304,2026-08-03,2026-08-03 16:11:43+08:00
159709,物联网ETF工银,1.638,1.6395,0.09,-0.036,-2.15,928.0,153187.9,1.681,1.681,1.634,1.674,2.81,0.34,0.05,-51.62,182.0,746.0,60019.0,39.18,15350.0,10.02,44669.0,29.16,-85085.0,-55.54,25065.0,16.36,1.0,1.643,1.645,27484060.0,45018890,45018890,2026-08-03,2026-08-03 15:34:09+08:00
588240,科创200ETF鹏华,1.4,1.3985,-0.11,-0.031,-2.17,259254.0,36532251.0,1.412,1.444,1.389,1.431,3.84,20.64,1.0,-33.11,118914.0,140340.0,-550746.0,-1.51,-1832730.0,-5.02,1281984.0,3.51,-194732.0,-0.53,745477.0,2.04,-4740.0,1.4,1.401,125633000.0,175886200,175886200,2026-08-03,2026-08-03 16:11:47+08:00
516360,新材料ETF华宝,0.989,0.9904,0.14,-0.022,-2.18,26105.0,2588242.0,1.009,1.01,0.986,1.011,2.37,4.38,0.42,0.37,12845.0,13260.0,-29567.0,-1.14,0.0,0.0,-29567.0,-1.14,-173414.0,-6.7,202980.0,7.84,-199.0,0.989,0.99,59551800.0,58896730,58896730,2026-08-03,2026-08-03 16:11:46+08:00
159675,创业板增强ETF嘉实,1.34,1.3399,-0.01,-0.03,-2.19,101364.0,13635736.5,1.344,1.366,1.335,1.37,2.26,15.16,0.71,36.53,45040.0,56324.0,352967.0,2.59,0.0,0.0,352967.0,2.59,-1074384.0,-7.88,721416.0,5.29,-384.0,1.34,1.341,66846691.0,89574566,89574566,2026-08-03,2026-08-03 15:34:24+08:00
589550,科创价值ETF华夏,1.277,1.2757,-0.1,-0.029,-2.22,22399.0,2875749.0,1.298,1.298,1.274,1.306,1.84,8.85,0.86,8.83,14655.0,7744.0,-233844.0,-8.13,0.0,0.0,-233844.0,-8.13,130198.0,4.53,103647.0,3.6,-1564.0,1.274,1.277,25295500.0,32302354,32302354,2026-08-03,2026-08-03 16:11:46+08:00
516890,新材料ETF平安,0.747,0.749,0.27,-0.017,-2.23,27015.0,2023679.0,0.755,0.755,0.746,0.764,1.18,7.87,1.9,17.33,8227.0,18788.0,199812.0,9.87,-599250.0,-29.61,799062.0,39.49,-226177.0,-11.18,26366.0,1.3,-1553.0,0.747,0.749,34311400.0,25630616,25630616,2026-08-03,2026-08-03 16:11:45+08:00
159763,新材料ETF建信,0.695,0.6971,0.3,-0.016,-2.25,69121.0,4821435.6,0.71,0.71,0.693,0.711,2.39,7.79,0.83,6.78,32055.0,37066.0,28818.0,0.6,-504132.0,-10.46,532950.0,11.05,-121432.0,-2.52,92615.0,1.92,53.0,0.694,0.695,88707747.0,61651884,61651884,2026-08-03,2026-08-03 15:34:42+08:00
159656,沪深300成长ETF万家,1.168,1.1704,0.21,-0.027,-2.26,129472.0,15191955.9,1.196,1.196,1.166,1.195,2.51,5.43,1.13,-17.32,43469.0,86003.0,388976.0,2.56,488134.0,3.21,-99158.0,-0.65,-659549.0,-4.34,270574.0,1.78,-9.0,1.168,1.173,238238451.0,278262511,278262511,2026-08-03,2026-08-03 15:34:45+08:00
588270,科创200ETF易方达,1.42,1.4233,0.23,-0.033,-2.27,299256.0,42735050.0,1.462,1.468,1.414,1.453,3.72,10.67,1.51,10.98,207648.0,91608.0,-2153978.0,-5.04,-2737723.0,-6.41,583745.0,1.37,1276455.0,2.99,877524.0,2.05,-217.0,1.42,1.422,280410000.0,398182200,398182200,2026-08-03,2026-08-03 16:11:35+08:00
515980,人工智能ETF华富,0.985,0.9813,-0.38,-0.023,-2.28,2559532.0,254206602.0,0.997,1.019,0.977,1.008,4.17,4.22,0.73,49.12,1035812.0,1523720.0,-39100719.0,-15.38,-1666828.0,-0.66,-37433891.0,-14.73,15686325.0,6.17,23414394.0,9.21,-14551.0,0.984,0.985,6059129088.0,5968242152,5968242152,2026-08-03,2026-08-03 16:11:48+08:00
588700,科创医药ETF嘉实,0.94,0.9414,0.15,-0.022,-2.29,572662.0,54312029.0,0.96,0.967,0.94,0.962,2.81,11.45,1.22,9.29,255316.0,317346.0,-4862552.0,-8.95,-2670904.0,-4.92,-2191648.0,-4.04,2121707.0,3.91,2740846.0,5.05,-2290.0,0.94,0.941,500336208.0,470316036,470316036,2026-08-03,2026-08-03 16:11:56+08:00
510770,G60创新ETF申万菱信,0.804,0.8024,-0.2,-0.019,-2.31,34780.0,2817618.0,0.825,0.825,0.802,0.823,2.79,16.09,0.79,16.06,13731.0,21049.0,569028.0,20.2,0.0,0.0,569028.0,20.2,-649116.0,-23.04,80088.0,2.84,-927.0,0.803,0.804,21610700.0,17375003,17375003,2026-08-03,2026-08-03 16:12:02+08:00
589820,科创200ETF建信,1.052,1.0505,-0.14,-0.025,-2.32,144273.0,15267425.0,1.066,1.092,1.049,1.077,3.99,10.63,1.25,0.77,71061.0,73212.0,-537436.0,-3.52,2473939.0,16.2,-3011375.0,-19.72,-58977.0,-0.39,596412.0,3.91,2.0,1.05,1.051,135720200.0,142777650,142777650,2026-08-03,2026-08-03 16:11:46+08:00
159295,创业综指ETF西部利得,0.923,0.9138,-1.01,-0.022,-2.33,81899.0,7542737.4,0.926,0.932,0.913,0.945,2.01,10.93,0.79,-46.68,60889.0,21010.0,73831.0,0.98,0.0,0.0,73831.0,0.98,-579956.0,-7.69,506124.0,6.71,22.0,0.919,0.923,74958239.0,69186455,69186455,2026-08-03,2026-08-03 15:34:27+08:00
588850,科创机械ETF嘉实,1.554,1.5506,-0.22,-0.037,-2.33,189102.0,29558956.0,1.589,1.602,1.539,1.591,3.96,24.0,1.07,-34.34,86270.0,102832.0,-2175706.0,-7.36,803541.0,2.72,-2979247.0,-10.08,913959.0,3.09,1261748.0,4.27,-1917.0,1.553,1.554,78779000.0,122422566,122422566,2026-08-03,2026-08-03 16:11:33+08:00
561460,人工智能ETF天弘,0.794,0.7927,-0.16,-0.019,-2.34,148233.0,11862711.0,0.806,0.818,0.79,0.813,3.44,5.01,0.71,-13.04,64744.0,83489.0,-2431373.0,-20.5,180807.0,1.52,-2612180.0,-22.02,1133153.0,9.55,1298220.0,10.94,-989.0,0.794,0.795,296020000.0,235039880,235039880,2026-08-03,2026-08-03 16:11:40+08:00
515580,科技100ETF华泰柏瑞,1.328,1.3304,0.18,-0.032,-2.35,42601.0,5695443.0,1.35,1.356,1.328,1.36,2.06,1.38,0.62,-0.22,18181.0,24420.0,1131651.0,19.87,-199141.0,-3.5,1330792.0,23.37,-333177.0,-5.85,-798474.0,-14.02,-249.0,1.329,1.333,308031408.0,409065710,409065710,2026-08-03,2026-08-03 16:11:52+08:00
589780,科创200ETF富国,1.035,1.0354,0.04,-0.025,-2.36,13320.0,1397445.0,1.05,1.07,1.032,1.06,3.58,2.46,0.48,-10.22,5231.0,8089.0,-6890.0,-0.49,0.0,0.0,-6890.0,-0.49,-118404.0,-8.47,125294.0,8.97,50.0,1.033,1.038,54215000.0,56112525,56112525,2026-08-03,2026-08-03 16:11:52+08:00
589220,科创200ETF国泰,0.857,0.8571,0.01,-0.021,-2.39,419062.0,36132151.0,0.873,0.888,0.853,0.878,3.99,12.76,1.06,-2.14,189356.0,229706.0,-985440.0,-2.73,-1354707.0,-3.75,369267.0,1.02,122622.0,0.34,862819.0,2.39,-62.0,0.856,0.857,328495808.0,281520907,281520907,2026-08-03,2026-08-03 16:11:36+08:00
588140,科创200ETF广发,1.021,1.0207,-0.03,-0.025,-2.39,27616.0,2850831.0,1.046,1.055,1.017,1.046,3.63,1.17,0.44,-16.55,14008.0,13608.0,-88270.0,-3.1,-726960.0,-25.5,638690.0,22.4,-95948.0,-3.37,184218.0,6.46,15.0,1.021,1.023,235751000.0,240701771,240701771,2026-08-03,2026-08-03 16:11:34+08:00
512930,AI人工智能ETF平安,0.612,0.6113,-0.11,-0.015,-2.39,2403519.0,148420051.0,0.624,0.63,0.608,0.627,3.51,5.02,0.64,33.62,1037615.0,1365904.0,-23503952.0,-15.84,-24239229.0,-16.33,735277.0,0.5,14447190.0,9.73,9056763.0,6.1,-6421.0,0.611,0.612,4788521216.0,2930574984,2930574984,2026-08-03,2026-08-03 16:11:33+08:00
515070,人工智能ETF华夏,1.09,1.0901,0.01,-0.027,-2.42,1880029.0,207983394.0,1.112,1.122,1.085,1.117,3.31,2.55,0.89,22.35,831524.0,1048505.0,-23285838.0,-11.2,12944094.0,6.22,-36229932.0,-17.42,8775054.0,4.22,14510784.0,6.98,-3190.0,1.09,1.091,7382940416.0,8047405053,8047405053,2026-08-03,2026-08-03 16:11:53+08:00
516260,物联网ETF华夏,1.303,1.3044,0.11,-0.033,-2.47,12844.0,1683962.0,1.38,1.38,1.3,1.336,5.99,2.68,0.93,-17.08,3554.0,9290.0,7453.0,0.44,0.0,0.0,7453.0,0.44,-67253.0,-3.99,59800.0,3.55,-60.0,1.302,1.303,47882600.0,62391028,62391028,2026-08-03,2026-08-03 16:11:48+08:00
159819,人工智能ETF易方达,1.721,1.7206,-0.02,-0.044,-2.49,2895512.0,502779455.244,1.759,1.775,1.714,1.765,3.46,2.52,0.7,62.05,1117053.0,1778459.0,-60225258.0,-11.98,-3609472.0,-0.72,-56615786.0,-11.26,10778907.0,2.14,49446352.0,9.83,8385.0,1.72,1.721,11511229696.0,19810826307,19810826307,2026-08-03,2026-08-03 15:34:33+08:00
159701,物联网ETF招商,1.205,1.2055,0.04,-0.031,-2.51,14559.0,1767697.5,1.224,1.261,1.204,1.236,4.61,21.71,1.24,0.03,3267.0,11292.0,134375.0,7.6,0.0,0.0,134375.0,7.6,-78469.0,-4.44,-55906.0,-3.16,-1.0,1.205,1.206,6705601.0,8080249,8080249,2026-08-03,2026-08-03 15:34:42+08:00
589330,科创200ETF东财,0.737,0.7383,0.18,-0.019,-2.51,77549.0,5768186.0,0.751,0.759,0.735,0.756,3.17,6.69,0.55,19.71,37533.0,40016.0,-834311.0,-14.46,0.0,0.0,-834311.0,-14.46,481936.0,8.36,352376.0,6.11,-548.0,0.737,0.738,115902000.0,85419774,85419774,2026-08-03,2026-08-03 16:11:35+08:00
588820,科创200ETF华夏,1.627,1.6277,0.04,-0.042,-2.52,187921.0,30768366.0,1.669,1.685,1.616,1.669,4.13,12.41,1.12,-34.05,88687.0,99234.0,296107.0,0.96,0.0,0.0,296107.0,0.96,-156245.0,-0.51,-139862.0,-0.45,4.0,1.627,1.63,151400000.0,246327800,246327800,2026-08-03,2026-08-03 16:11:35+08:00
589090,科创AIETF鹏华,1.039,1.0392,0.02,-0.027,-2.53,69467.0,7337366.0,1.066,1.076,1.036,1.066,3.75,4.1,1.03,9.35,17882.0,51585.0,355203.0,4.84,921089.0,12.55,-565886.0,-7.71,-984111.0,-13.41,628908.0,8.57,-612.0,1.039,1.04,169431000.0,176038809,176038809,2026-08-03,2026-08-03 16:11:43+08:00
159896,物联网ETF南方,1.225,1.2194,-0.46,-0.032,-2.55,33185.0,4094383.532,1.242,1.253,1.221,1.257,2.55,9.47,0.49,33.33,14180.0,19005.0,-195341.0,-4.77,-205288.0,-5.01,9947.0,0.24,94985.0,2.32,100356.0,2.45,50.0,1.223,1.23,35055960.0,42943551,42943551,2026-08-03,2026-08-03 15:34:57+08:00
560990,科技先锋ETF中金,1.105,1.1069,0.17,-0.029,-2.56,3733.0,415855.0,1.126,1.127,1.104,1.134,2.03,2.31,0.37,4.97,2575.0,1158.0,9931.0,2.39,0.0,0.0,9931.0,2.39,-26155.0,-6.29,16224.0,3.9,-10.0,1.105,1.106,16187100.0,17886746,17886746,2026-08-03,2026-08-03 16:11:37+08:00
159248,人工智能ETF万家,1.714,1.7114,-0.15,-0.045,-2.56,98268.0,17027938.2,1.76,1.768,1.707,1.759,3.47,8.05,0.62,29.93,42750.0,55518.0,-3466015.0,-20.35,-5602864.0,-32.9,2136849.0,12.55,1487840.0,8.74,1978175.0,11.62,838.0,1.713,1.714,122095652.0,209271948,209271948,2026-08-03,2026-08-03 15:34:45+08:00
515920,智能消费ETF博时,1.138,1.1387,0.06,-0.03,-2.57,17077.0,1956174.0,1.155,1.165,1.134,1.168,2.65,2.71,0.55,3.82,5555.0,11522.0,-110094.0,-5.63,-163903.0,-8.38,53809.0,2.75,53674.0,2.74,56419.0,2.88,-60.0,1.136,1.138,62905700.0,71586687,71586687,2026-08-03,2026-08-03 16:11:51+08:00
159895,物联网ETF易方达,1.324,1.3247,0.05,-0.035,-2.58,33823.0,4518427.6,1.359,1.359,1.322,1.359,2.72,4.62,0.68,-61.21,16043.0,17780.0,-449909.0,-9.96,213600.0,4.73,-663509.0,-14.68,481312.0,10.65,-31403.0,-0.69,100.0,1.322,1.329,73241864.0,96972228,96972228,2026-08-03,2026-08-03 15:34:45+08:00
588230,科创200ETF华泰柏瑞,1.516,1.5177,0.11,-0.041,-2.63,581640.0,89000819.0,1.544,1.569,1.509,1.557,3.85,12.12,0.9,45.69,236775.0,344865.0,-11996170.0,-13.48,-129518.0,-0.15,-11866652.0,-13.33,9795267.0,11.01,2200903.0,2.47,-730.0,1.515,1.516,479939008.0,727587536,727587536,2026-08-03,2026-08-03 16:11:59+08:00
516330,物联网ETF华泰柏瑞,1.51,1.5092,-0.05,-0.041,-2.64,2201.0,336162.0,1.536,1.546,1.508,1.551,2.45,3.03,0.57,8.17,257.0,1944.0,34392.0,10.23,0.0,0.0,34392.0,10.23,-27669.0,-8.23,-6723.0,-2.0,1.0,1.508,1.512,7271300.0,10979663,10979663,2026-08-03,2026-08-03 16:11:43+08:00
589310,科创人工智能ETF鑫元,0.804,0.8028,-0.15,-0.022,-2.66,53408.0,4344941.0,0.788,0.882,0.788,0.826,11.38,1.84,0.64,11.78,22452.0,30956.0,-563381.0,-12.97,29536.0,0.68,-592917.0,-13.65,155616.0,3.58,407765.0,9.38,-11.0,0.803,0.804,289491808.0,232751414,232751414,2026-08-03,2026-08-03 16:11:36+08:00
588480,科创创业人工智能ETF中金,0.869,0.8654,-0.42,-0.024,-2.69,88987.0,7799898.0,0.882,0.893,0.865,0.893,3.14,3.84,0.48,80.15,27542.0,61445.0,-2186058.0,-28.03,0.0,0.0,-2186058.0,-28.03,1210763.0,15.52,975295.0,12.5,-1.0,0.869,0.87,231717000.0,201362073,201362073,2026-08-03,2026-08-03 16:11:55+08:00
517950,沪深港科技50ETF交银,1.117,1.1229,0.53,-0.031,-2.7,67040.0,7539425.0,1.145,1.145,1.116,1.148,2.53,12.99,0.72,8.14,39850.0,27190.0,-22397.0,-0.3,0.0,0.0,-22397.0,-0.3,-8819.0,-0.12,31215.0,0.41,-1797.0,1.117,1.119,51623200.0,57663114,57663114,2026-08-03,2026-08-03 16:11:54+08:00
588320,双创50增强ETF广发,1.652,1.6522,0.01,-0.046,-2.71,68552.0,11386271.0,1.663,1.687,1.645,1.698,2.47,8.48,0.55,-63.96,30477.0,38075.0,-1656482.0,-14.55,0.0,0.0,-1656482.0,-14.55,89071.0,0.78,1567410.0,13.77,-417.0,1.652,1.653,80824600.0,133522239,133522239,2026-08-03,2026-08-03 16:11:35+08:00
589410,科创人工智能ETF嘉实,0.815,0.8139,-0.14,-0.023,-2.74,122423.0,10130403.0,0.838,0.849,0.815,0.838,4.06,2.2,0.93,-6.28,52418.0,70004.0,-1013455.0,-10.0,-800881.0,-7.91,-212574.0,-2.1,332944.0,3.29,680512.0,6.72,-100.0,0.816,0.818,556565600.0,453600964,453600964,2026-08-03,2026-08-03 16:11:50+08:00
588760,科创人工智能ETF广发,0.736,0.735,-0.14,-0.021,-2.77,2649126.0,197585173.0,0.75,0.764,0.732,0.757,4.23,11.27,0.67,10.62,1072436.0,1576690.0,-16799057.0,-8.5,-9551111.0,-4.83,-7247946.0,-3.67,7410237.0,3.75,9388820.0,4.75,-4807.0,0.736,0.737,2350532000.0,1729991552,1729991552,2026-08-03,2026-08-03 16:11:34+08:00
588300,科创创业50ETF招商,1.08,1.0787,-0.12,-0.031,-2.79,417537.0,45312446.0,1.09,1.105,1.074,1.111,2.79,2.71,0.67,79.59,164233.0,253304.0,-2754228.0,-6.08,-1026826.0,-2.27,-1727402.0,-3.81,-1253897.0,-2.77,4008125.0,8.85,-13589.0,1.08,1.081,1543210496.0,1666667336,1666667336,2026-08-03,2026-08-03 16:11:38+08:00
159780,科创创业50ETF南方,1.041,1.0406,-0.04,-0.03,-2.8,1069515.0,112166182.62,1.06,1.065,1.036,1.071,2.71,3.05,0.53,71.9,573608.0,495907.0,-19461297.0,-17.35,-14457291.0,-12.89,-5004006.0,-4.46,10302303.0,9.18,9158994.0,8.17,-4500.0,1.041,1.042,3502048576.0,3645632568,3645632568,2026-08-03,2026-08-03 15:34:12+08:00
563560,科技成长ETF兴业,1.103,1.106,0.27,-0.032,-2.82,133664.0,14834849.0,1.113,1.134,1.098,1.135,3.17,22.74,2.45,8.2,31163.0,102501.0,289930.0,1.95,-4714867.0,-31.78,5004797.0,33.74,-487686.0,-3.29,197758.0,1.33,-10.0,1.102,1.103,58769000.0,64822207,64822207,2026-08-03,2026-08-03 16:11:35+08:00
159909,TMT50ETF招商,1.207,1.2113,0.35,-0.035,-2.82,50110.0,6110975.2,1.221,1.242,1.18,1.242,4.99,0.95,0.64,-4.25,23929.0,26181.0,-705188.0,-11.54,0.0,0.0,-705188.0,-11.54,269493.0,4.41,435694.0,7.13,281.0,1.206,1.207,526562000.0,635560334,635560334,2026-08-03,2026-08-03 15:34:57+08:00
589560,科创人工智能ETF汇添富,0.926,0.9259,-0.01,-0.027,-2.83,54729.0,5123985.0,0.935,0.961,0.923,0.953,3.99,2.3,0.62,14.67,22807.0,31922.0,-339377.0,-6.62,-439161.0,-8.57,99784.0,1.95,-29094.0,-0.57,368471.0,7.19,-500.0,0.925,0.926,238355000.0,220716730,220716730,2026-08-03,2026-08-03 16:12:02+08:00
588220,科创100ETF鹏华,1.528,1.5271,-0.06,-0.045,-2.86,2157475.0,332452615.0,1.549,1.583,1.523,1.573,3.81,6.65,0.82,-35.36,987124.0,1170351.0,22717573.0,6.83,6143566.0,1.85,16574007.0,4.99,-30829066.0,-9.27,8111490.0,2.44,-4587.0,1.528,1.529,3242697904.0,4954842397,4954842397,2026-08-03,2026-08-03 16:11:39+08:00
588310,科创创业ETF方正富邦,1.121,1.1247,0.33,-0.033,-2.86,14357.0,1623478.0,1.132,1.154,1.117,1.154,3.21,4.19,0.43,-52.97,3733.0,10624.0,78206.0,4.82,87670.0,5.4,-9464.0,-0.58,-74870.0,-4.61,-3336.0,-0.21,-246.0,1.121,1.122,34237500.0,38380238,38380238,2026-08-03,2026-08-03 16:12:01+08:00
588120,科创100ETF国泰,0.778,0.7763,-0.22,-0.023,-2.87,609172.0,47765681.0,0.797,0.805,0.774,0.801,3.87,6.14,0.81,-0.98,294723.0,314449.0,-2171238.0,-4.55,36175.0,0.08,-2207413.0,-4.62,586003.0,1.23,1585236.0,3.32,-694.0,0.777,0.778,991622000.0,771481916,771481916,2026-08-03,2026-08-03 16:11:49+08:00
159783,科创创业50ETF华夏,1.046,1.0443,-0.16,-0.031,-2.88,1775274.0,187057665.5,1.064,1.076,1.042,1.077,3.16,3.35,0.68,11.0,773566.0,1001708.0,-17979805.0,-9.61,-18552094.0,-9.92,572289.0,0.31,8871767.0,4.74,9108039.0,4.87,3002.0,1.045,1.046,5303659520.0,5547627858,5547627858,2026-08-03,2026-08-03 15:34:51+08:00
589110,科创人工智能ETF国泰,0.903,0.9017,-0.14,-0.027,-2.9,114000.0,10413971.0,0.917,0.936,0.899,0.93,3.98,2.23,1.04,3.74,39793.0,74207.0,-90682.0,-0.87,-696725.0,-6.69,606043.0,5.82,-264487.0,-2.54,355169.0,3.41,-273.0,0.901,0.903,510413008.0,460902946,460902946,2026-08-03,2026-08-03 16:11:55+08:00
589010,科创人工智能ETF华夏,1.372,1.3719,-0.01,-0.041,-2.9,833935.0,116141190.0,1.412,1.427,1.368,1.413,4.18,8.85,0.69,-5.47,323850.0,510085.0,-1636161.0,-1.41,-12331424.0,-10.62,10695263.0,9.21,-260518.0,-0.22,1896678.0,1.63,-304.0,1.371,1.372,941793008.0,1292140007,1292140007,2026-08-03,2026-08-03 16:11:59+08:00
588380,科创创业ETF富国,1.063,1.0622,-0.08,-0.032,-2.92,909260.0,97363217.0,1.078,1.088,1.058,1.095,2.74,3.38,0.76,7.49,454143.0,455117.0,-5638212.0,-5.79,3943658.0,4.05,-9581870.0,-9.84,1323927.0,1.36,4314285.0,4.43,-3061.0,1.062,1.063,2693770000.0,2863477510,2863477510,2026-08-03,2026-08-03 16:11:50+08:00
589380,科创人工智能ETF富国,1.388,1.3871,-0.06,-0.042,-2.94,35446.0,4979473.0,1.432,1.446,1.383,1.43,4.41,3.95,0.66,-33.42,12520.0,22926.0,-618736.0,-12.43,-1238957.0,-24.88,620221.0,12.46,-102083.0,-2.05,720819.0,14.48,-4.0,1.388,1.389,89694300.0,124495688,124495688,2026-08-03,2026-08-03 16:11:36+08:00
589950,科创100ETF富国,1.143,1.1446,0.14,-0.035,-2.97,45526.0,5244184.0,1.178,1.184,1.141,1.178,3.65,1.36,0.92,-19.7,15979.0,29547.0,136789.0,2.61,914714.0,17.44,-777925.0,-14.83,-481971.0,-9.19,345182.0,6.58,-12.0,1.143,1.146,333873008.0,381616848,381616848,2026-08-03,2026-08-03 16:11:37+08:00
588210,科创100ETF易方达,1.538,1.5364,-0.1,-0.047,-2.97,76660.0,11882627.0,1.569,1.59,1.533,1.585,3.6,3.51,0.82,-26.02,26128.0,50532.0,-1107558.0,-9.32,-237042.0,-1.99,-870516.0,-7.33,-283645.0,-2.39,1391203.0,11.71,-315.0,1.535,1.538,218254000.0,335674652,335674652,2026-08-03,2026-08-03 16:11:51+08:00
588360,科创创业ETF国泰,1.139,1.1371,-0.17,-0.035,-2.98,232114.0,26622315.0,1.149,1.168,1.134,1.174,2.9,10.59,0.85,-35.21,122519.0,109595.0,-198659.0,-0.75,-809763.0,-3.04,611104.0,2.3,-372765.0,-1.4,571425.0,2.15,-488.0,1.139,1.14,219081800.0,249534170,249534170,2026-08-03,2026-08-03 16:12:02+08:00
588350,科创创业50ETF鹏扬,1.621,1.62,-0.06,-0.05,-2.99,30683.0,5010687.0,1.668,1.671,1.618,1.671,3.17,0.47,0.62,-35.57,13959.0,16724.0,-967846.0,-19.32,-417999.0,-8.34,-549847.0,-10.97,553119.0,11.04,414727.0,8.28,-11.0,1.619,1.621,648546000.0,1051293066,1051293066,2026-08-03,2026-08-03 16:11:34+08:00
159807,科技ETF易方达,0.875,0.8723,-0.31,-0.027,-2.99,464095.0,40897940.7,0.886,0.899,0.871,0.902,3.1,5.24,0.74,17.86,211686.0,252409.0,-5401528.0,-13.21,-4740559.0,-11.59,-660969.0,-1.62,2682367.0,6.56,2719161.0,6.65,-827.0,0.875,0.876,885051424.0,774419996,774419996,2026-08-03,2026-08-03 15:34:18+08:00
588930,科创人工智能ETF银华,1.524,1.5236,-0.03,-0.047,-2.99,248456.0,38473899.0,1.549,1.583,1.519,1.571,4.07,4.08,0.75,-24.97,90757.0,157699.0,-417594.0,-1.09,2511585.0,6.53,-2929179.0,-7.61,-1828451.0,-4.75,2246045.0,5.84,-1050.0,1.523,1.524,609329008.0,928617408,928617408,2026-08-03,2026-08-03 16:12:01+08:00
159782,双创50ETF银华,1.04,1.0388,-0.12,-0.032,-2.99,320487.0,33613117.6,1.05,1.072,1.036,1.072,3.36,5.29,0.62,60.5,129714.0,190773.0,-384709.0,-1.14,2670474.0,7.94,-3055183.0,-9.09,-2307095.0,-6.86,2691804.0,8.01,-2531.0,1.04,1.041,606190272.0,630437883,630437883,2026-08-03,2026-08-03 15:34:15+08:00
589520,科创人工智能ETF华宝,0.585,0.5836,-0.24,-0.018,-2.99,555073.0,32863764.0,0.596,0.607,0.583,0.603,3.98,7.34,0.72,34.42,191819.0,363254.0,-7237426.0,-22.02,-6080267.0,-18.5,-1157159.0,-3.52,3656710.0,11.13,3580715.0,10.9,-3455.0,0.584,0.585,756104608.0,442321196,442321196,2026-08-03,2026-08-03 16:11:39+08:00
589980,科创100ETF汇添富,1.582,1.5804,-0.1,-0.049,-3.0,26407.0,4238678.0,1.631,1.633,1.577,1.631,3.43,2.09,1.04,-1.3,15140.0,11267.0,-235124.0,-5.55,-2010007.0,-47.42,1774883.0,41.87,158451.0,3.74,76672.0,1.81,4000.0,1.58,1.582,126122000.0,199525004,199525004,2026-08-03,2026-08-03 16:11:52+08:00
159141,科创创业人工智能ETF永赢,1.13,1.1303,0.03,-0.035,-3.0,575570.0,65685080.866,1.167,1.172,1.125,1.165,4.03,2.99,0.67,66.21,155707.0,419863.0,-4662259.0,-7.1,-1364177.0,-2.08,-3298082.0,-5.02,276189.0,0.42,4386071.0,6.68,-1463.0,1.13,1.131,1925060736.0,2175318632,2175318632,2026-08-03,2026-08-03 15:34:27+08:00
159916,基本面ETF建信,5.155,5.1696,0.28,-0.16,-3.01,1864.0,963676.9,5.294,5.294,5.102,5.315,3.61,0.44,1.88,-5.79,1260.0,604.0,31246.0,3.24,15421.0,1.6,15825.0,1.64,-130404.0,-13.53,99157.0,10.29,-100.0,5.15,5.176,42566039.0,219427931,219427931,2026-08-03,2026-08-03 15:34:15+08:00
588400,科创创业ETF嘉实,1.058,1.0574,-0.06,-0.033,-3.02,231284.0,24692323.0,1.073,1.096,1.054,1.091,3.85,1.86,0.62,7.19,88484.0,142800.0,-1941431.0,-7.86,3260400.0,13.2,-5201831.0,-21.07,328876.0,1.33,1612556.0,6.53,-1256.0,1.056,1.058,1245600608.0,1317845443,1317845443,2026-08-03,2026-08-03 16:11:37+08:00
159142,科创创业人工智能ETF景顺,1.158,1.1567,-0.11,-0.036,-3.02,1001651.0,117221770.878,1.168,1.198,1.153,1.194,3.77,6.59,0.6,16.83,414491.0,587160.0,-12472029.0,-10.64,4602573.0,3.93,-17074602.0,-14.57,5408622.0,4.61,7063407.0,6.03,2242.0,1.157,1.158,1519260144.0,1759303247,1759303247,2026-08-03,2026-08-03 15:34:30+08:00
588680,科创100增强ETF广发,2.248,2.2472,-0.04,-0.071,-3.06,26930.0,6096555.0,2.33,2.33,2.243,2.319,3.75,8.32,0.93,-42.92,9066.0,17864.0,214557.0,3.52,0.0,0.0,214557.0,3.52,-171621.0,-2.82,-42935.0,-0.7,-29.0,2.247,2.248,32361000.0,72747528,72747528,2026-08-03,2026-08-03 16:11:37+08:00
159781,科创创业ETF易方达,1.04,1.0402,0.02,-0.033,-3.08,4431084.0,465081835.395,1.055,1.066,1.037,1.073,2.7,2.87,0.62,50.13,2116801.0,2314283.0,25079455.0,5.39,29128980.0,6.26,-4049525.0,-0.87,-26768890.0,-5.76,1689435.0,0.36,25183.0,1.039,1.04,15412860416.0,16029374833,16029374833,2026-08-03,2026-08-03 15:34:48+08:00
588520,科创增强ETF永赢,1.289,1.2897,0.05,-0.041,-3.08,64452.0,8346836.0,1.3,1.327,1.288,1.33,2.93,38.01,1.29,1.95,23736.0,40716.0,-905369.0,-10.85,-500778.0,-6.0,-404591.0,-4.85,597439.0,7.16,307929.0,3.69,-50.0,1.288,1.289,16957000.0,21857573,21857573,2026-08-03,2026-08-03 16:11:48+08:00
588980,科创100ETF广发,1.406,1.4064,0.03,-0.045,-3.1,8339.0,1179737.0,1.43,1.45,1.403,1.451,3.24,5.78,0.75,-17.15,3621.0,4718.0,-219880.0,-18.64,0.0,0.0,-219880.0,-18.64,147981.0,12.54,71900.0,6.09,800.0,1.407,1.409,14420000.0,20274520,20274520,2026-08-03,2026-08-03 16:11:41+08:00
159140,科创创业人工智能ETF易方达,1.211,1.2088,-0.18,-0.039,-3.12,700660.0,85844626.8,1.246,1.254,1.206,1.25,3.84,15.1,0.79,27.92,328321.0,372339.0,-6759698.0,-7.87,-2464315.0,-2.87,-4295383.0,-5.0,2454278.0,2.86,4305419.0,5.02,-364.0,1.211,1.212,463936832.0,561827504,561827504,2026-08-03,2026-08-03 15:34:24+08:00
588790,科创AIETF博时,0.775,0.7764,0.18,-0.025,-3.13,2872860.0,226032148.0,0.79,0.807,0.773,0.8,4.25,9.28,0.81,30.97,1286176.0,1586684.0,-28490909.0,-12.6,-27800308.0,-12.3,-690601.0,-0.31,17353991.0,7.68,11136917.0,4.93,-9436.0,0.775,0.776,3097384000.0,2400472600,2400472600,2026-08-03,2026-08-03 16:12:02+08:00
159139,科创创业人工智能ETF华泰柏瑞,1.206,1.204,-0.17,-0.039,-3.13,268929.0,32643274.6,1.24,1.249,1.2,1.245,3.94,15.45,0.55,21.53,113370.0,155559.0,-2739426.0,-8.39,-7904034.0,-24.21,5164608.0,15.82,1249909.0,3.83,1489517.0,4.56,64.0,1.205,1.206,174109210.0,209975707,209975707,2026-08-03,2026-08-03 15:34:48+08:00
588660,科创创业50ETF兴银,1.733,1.7342,0.07,-0.056,-3.13,32177.0,5624190.0,1.759,1.781,1.73,1.789,2.85,6.8,0.35,-22.37,12655.0,19522.0,169107.0,3.01,0.0,0.0,169107.0,3.01,-133142.0,-2.37,-35965.0,-0.64,-200.0,1.733,1.735,47344000.0,82047152,82047152,2026-08-03,2026-08-03 16:11:59+08:00
588730,科创人工智能ETF易方达,1.45,1.45,0.0,-0.047,-3.14,863825.0,127039160.0,1.483,1.505,1.444,1.497,4.07,12.14,0.8,-72.45,362503.0,501322.0,-6884688.0,-5.42,546649.0,0.43,-7431337.0,-5.85,986054.0,0.78,5898633.0,4.64,-1846.0,1.449,1.45,711396304.0,1031524641,1031524641,2026-08-03,2026-08-03 16:11:44+08:00
589630,科创综指ETF国泰,0.706,0.7018,-0.6,-0.023,-3.16,650080.0,45966283.0,0.729,0.729,0.7,0.729,3.98,17.42,2.48,5.12,326715.0,323365.0,-55907.0,-0.12,-370742.0,-0.81,314835.0,0.68,-481714.0,-1.05,537621.0,1.17,-13101.0,0.704,0.706,373258000.0,263520148,263520148,2026-08-03,2026-08-03 16:11:53+08:00
516800,智能制造ETF华宝,0.886,0.8862,0.02,-0.029,-3.17,148281.0,13230662.0,0.903,0.914,0.883,0.915,3.39,8.13,1.45,-4.53,43700.0,104581.0,-807436.0,-6.1,847355.0,6.4,-1654791.0,-12.51,-200158.0,-1.51,1007594.0,7.62,-696.0,0.885,0.886,182308000.0,161524888,161524888,2026-08-03,2026-08-03 16:11:45+08:00
588880,科创100ETF华泰柏瑞,1.515,1.5172,0.15,-0.05,-3.19,68398.0,10476156.0,1.537,1.569,1.512,1.565,3.64,5.83,0.63,45.22,29053.0,39345.0,518759.0,4.95,-745949.0,-7.12,1264708.0,12.07,-425292.0,-4.06,-93467.0,-0.89,-58.0,1.514,1.515,117368000.0,177812520,177812520,2026-08-03,2026-08-03 16:12:02+08:00
588430,科创创业人工智能ETF工银,1.182,1.1817,-0.03,-0.039,-3.19,61167.0,7318993.0,1.228,1.239,1.179,1.221,4.91,6.34,0.64,-28.77,26295.0,34872.0,-252423.0,-3.45,47308.0,0.65,-299731.0,-4.1,-29126.0,-0.4,281550.0,3.85,-35.0,1.182,1.183,96458000.0,114013356,114013356,2026-08-03,2026-08-03 16:11:42+08:00
159603,科创创业ETF天弘,1.605,1.6013,-0.23,-0.053,-3.2,198447.0,32132215.455,1.62,1.658,1.6,1.658,3.5,0.72,0.83,-8.56,109275.0,89172.0,5799822.0,18.05,9754699.0,30.36,-3954877.0,-12.31,-2490754.0,-7.75,-3309068.0,-10.3,-686.0,1.605,1.606,2764071920.0,4436335432,4436335432,2026-08-03,2026-08-03 15:34:48+08:00
588800,科创100ETF华夏,1.512,1.513,0.07,-0.05,-3.2,1446305.0,220789732.0,1.535,1.565,1.506,1.562,3.78,8.78,0.96,-35.39,711738.0,734567.0,6759232.0,3.06,-2608873.0,-1.18,9368105.0,4.24,-12156437.0,-5.51,5397205.0,2.44,-924.0,1.512,1.513,1647377008.0,2490834036,2490834036,2026-08-03,2026-08-03 16:11:50+08:00
588420,科创创业人工智能ETF摩根,1.144,1.1469,0.25,-0.038,-3.21,158294.0,18283545.0,1.165,1.188,1.143,1.182,3.81,4.72,0.76,22.33,63041.0,95253.0,-1794409.0,-9.81,-86592.0,-0.47,-1707817.0,-9.34,667039.0,3.65,1127371.0,6.17,-673.0,1.144,1.145,335648000.0,383981312,383981312,2026-08-03,2026-08-03 16:11:33+08:00
588470,科创创业人工智能ETF华安,0.813,0.8122,-0.1,-0.027,-3.21,167243.0,13722545.0,0.833,0.84,0.808,0.84,3.81,5.95,0.47,6.51,57242.0,110001.0,-1121929.0,-8.18,-454596.0,-3.31,-667333.0,-4.86,-74157.0,-0.54,1196086.0,8.72,-60.0,0.813,0.814,280907008.0,228377398,228377398,2026-08-03,2026-08-03 16:11:58+08:00
589600,科创综指ETF富国,1.417,1.4095,-0.53,-0.047,-3.21,115082.0,16395464.0,1.459,1.46,1.408,1.464,3.55,5.01,1.04,-13.23,61832.0,53250.0,159777.0,0.97,1780135.0,10.86,-1620358.0,-9.88,-938776.0,-5.73,778999.0,4.75,-567.0,1.416,1.417,229535000.0,325251095,325251095,2026-08-03,2026-08-03 16:11:57+08:00
588330,双创50ETF华宝,1.056,1.0606,0.43,-0.035,-3.21,722164.0,76926709.0,1.066,1.085,1.052,1.091,3.02,5.89,0.66,25.75,354538.0,367626.0,-9012855.0,-11.72,-5315708.0,-6.91,-3697147.0,-4.81,2769713.0,3.6,6243141.0,8.12,-4471.0,1.056,1.057,1225737808.0,1294379125,1294379125,2026-08-03,2026-08-03 16:11:35+08:00
589230,科创人工智能ETF南方,0.84,0.84,0.0,-0.028,-3.23,144309.0,12237854.0,0.852,0.874,0.838,0.868,4.15,6.25,0.9,-45.44,63885.0,80424.0,-520829.0,-4.26,200921.0,1.64,-721750.0,-5.9,-174145.0,-1.42,694974.0,5.68,-117.0,0.841,0.842,231053000.0,194084520,194084520,2026-08-03,2026-08-03 16:11:52+08:00
589720,科创创新药ETF国泰,0.827,0.8271,0.01,-0.028,-3.27,6137948.0,514280119.0,0.851,0.866,0.824,0.855,4.91,13.62,0.78,10.53,2452503.0,3685445.0,-49537128.0,-9.63,-26969543.0,-5.24,-22567585.0,-4.39,23313670.0,4.53,26223458.0,5.1,-27946.0,0.827,0.828,4507823104.0,3727969707,3727969707,2026-08-03,2026-08-03 16:11:42+08:00
588410,科创创业人工智能ETF鹏华,1.154,1.1547,0.06,-0.039,-3.27,53936.0,6299040.0,1.193,1.194,1.15,1.193,3.69,4.68,0.91,7.09,29624.0,24312.0,-1831982.0,-29.08,-2196144.0,-34.86,364162.0,5.78,1028023.0,16.32,803960.0,12.76,-213.0,1.153,1.154,115250000.0,132998500,132998500,2026-08-03,2026-08-03 16:11:45+08:00
589060,科创综指ETF东财,1.48,1.479,-0.07,-0.05,-3.27,76346.0,11407939.0,1.52,1.528,1.476,1.53,3.4,7.86,0.69,18.55,42876.0,33470.0,-872385.0,-7.65,0.0,0.0,-872385.0,-7.65,-1207090.0,-10.58,2079475.0,18.23,-535.0,1.48,1.481,97137900.0,143764092,143764092,2026-08-03,2026-08-03 16:11:42+08:00
159012,科创创业50ETF鹏华,0.858,0.8563,-0.2,-0.029,-3.27,135125.0,11685769.528,0.87,0.879,0.857,0.887,2.48,11.27,0.88,75.79,48195.0,86930.0,-1019163.0,-8.72,-1335523.0,-11.43,316360.0,2.71,-19140.0,-0.16,1038303.0,8.89,-3301.0,0.858,0.859,119881148.0,102858025,102858025,2026-08-03,2026-08-03 15:34:48+08:00
588510,科创创业人工智能ETF华夏,0.824,0.8215,-0.3,-0.028,-3.29,180383.0,15037086.0,0.852,0.852,0.822,0.852,3.52,5.51,0.62,35.28,56452.0,123931.0,-1664486.0,-11.07,-147207.0,-0.98,-1517279.0,-10.09,-195270.0,-1.3,1859756.0,12.37,-2667.0,0.824,0.825,327175008.0,269592207,269592207,2026-08-03,2026-08-03 16:11:46+08:00
589990,科创综指ETF华泰柏瑞,1.5,1.4983,-0.11,-0.051,-3.29,61413.0,9262936.0,1.536,1.546,1.495,1.551,3.29,5.2,0.46,1.88,17163.0,44250.0,-338273.0,-3.65,1505000.0,16.25,-1843273.0,-19.9,-26926.0,-0.29,365199.0,3.94,-758.0,1.498,1.5,118090000.0,177135000,177135000,2026-08-03,2026-08-03 16:11:57+08:00
589050,科创综指ETF兴业,1.231,1.2234,-0.62,-0.042,-3.3,13501.0,1674834.0,1.261,1.272,1.223,1.273,3.85,2.87,0.73,12.44,8013.0,5488.0,-175445.0,-10.48,0.0,0.0,-175445.0,-10.48,20696.0,1.24,154749.0,9.24,-101.0,1.227,1.231,46968000.0,57817608,57817608,2026-08-03,2026-08-03 16:11:53+08:00
589680,科创综指ETF鹏华,1.378,1.3737,-0.31,-0.047,-3.3,905807.0,125685603.0,1.408,1.421,1.372,1.425,3.44,6.54,0.88,-17.32,486854.0,418953.0,-4282015.0,-3.41,-3135001.0,-2.49,-1147014.0,-0.91,3385287.0,2.69,896727.0,0.71,-2578.0,1.377,1.378,1384943696.0,1908452413,1908452413,2026-08-03,2026-08-03 16:11:35+08:00
588190,科创100ETF银华,1.521,1.5223,0.09,-0.052,-3.31,698477.0,107419773.0,1.543,1.575,1.517,1.573,3.69,4.56,0.69,12.05,308460.0,390017.0,-9913975.0,-9.23,4908394.0,4.57,-14822369.0,-13.8,4595158.0,4.28,5318818.0,4.95,-1283.0,1.521,1.523,1531618304.0,2329591440,2329591440,2026-08-03,2026-08-03 16:11:41+08:00
588390,科创创业ETF博时,1.132,1.1321,0.01,-0.039,-3.33,58023.0,6606355.0,1.148,1.159,1.129,1.171,2.56,3.34,0.6,6.35,26263.0,31760.0,-822598.0,-12.45,-1183480.0,-17.91,360882.0,5.46,354199.0,5.36,468399.0,7.09,-654.0,1.131,1.132,173935900.0,196895439,196895439,2026-08-03,2026-08-03 16:12:02+08:00
588160,科创新材料ETF南方,0.954,0.955,0.1,-0.033,-3.34,1345256.0,129256719.0,0.961,0.983,0.951,0.987,3.24,19.22,0.71,19.35,625462.0,719794.0,-282512.0,-0.22,-134995.0,-0.1,-147517.0,-0.11,-1614256.0,-1.25,1896769.0,1.47,-1446.0,0.954,0.955,699996000.0,667796184,667796184,2026-08-03,2026-08-03 16:11:33+08:00
588690,科创增强ETF银华,1.043,1.0423,-0.07,-0.036,-3.34,19202.0,2019696.0,1.064,1.087,1.04,1.079,4.36,3.72,0.54,-1.63,6917.0,12285.0,-782651.0,-38.75,0.0,0.0,-782651.0,-38.75,543402.0,26.91,239249.0,11.85,-127.0,1.043,1.044,51636000.0,53856348,53856348,2026-08-03,2026-08-03 16:11:49+08:00
512770,战略新兴ETF华夏,2.382,2.3822,0.01,-0.083,-3.37,22777.0,5481272.0,2.458,2.465,2.38,2.465,3.45,2.32,0.71,9.22,8797.0,13980.0,-1023700.0,-18.68,-1210787.0,-22.09,187087.0,3.41,697592.0,12.73,326107.0,5.95,-83.0,2.38,2.382,98267800.0,234073900,234073900,2026-08-03,2026-08-03 16:11:40+08:00
589880,科创综指ETF建信,1.395,1.3927,-0.17,-0.049,-3.39,426160.0,59777330.0,1.43,1.442,1.39,1.444,3.6,8.7,1.65,-23.29,185705.0,240455.0,-4791643.0,-8.02,-15819921.0,-26.46,11028278.0,18.45,4248698.0,7.11,542946.0,0.91,-3026.0,1.392,1.395,489996000.0,683544420,683544420,2026-08-03,2026-08-03 16:11:50+08:00
588900,科创100ETF南方,1.566,1.5672,0.08,-0.055,-3.39,50940.0,8063697.0,1.616,1.621,1.563,1.621,3.58,1.49,0.7,-14.98,21145.0,29795.0,-678145.0,-8.41,0.0,0.0,-678145.0,-8.41,669592.0,8.3,8552.0,0.11,18.0,1.565,1.569,340783008.0,533666191,533666191,2026-08-03,2026-08-03 16:12:00+08:00
589270,科创100ETF前海开源,0.968,0.9649,-0.32,-0.034,-3.39,59101.0,5766192.0,0.989,1.021,0.964,1.002,5.69,21.48,2.31,12.37,27281.0,31820.0,-251113.0,-4.35,239595.0,4.16,-490708.0,-8.51,-166724.0,-2.89,417837.0,7.25,-68.0,0.964,0.968,27516600.0,26636069,26636069,2026-08-03,2026-08-03 16:11:51+08:00
589120,科创创新药ETF汇添富,0.764,0.7635,-0.07,-0.027,-3.41,1554299.0,120272243.0,0.79,0.799,0.762,0.791,4.68,11.85,0.81,42.15,567180.0,987119.0,-19950202.0,-16.59,-12965900.0,-10.78,-6984302.0,-5.81,10458292.0,8.7,9491910.0,7.89,-9040.0,0.764,0.765,1311620000.0,1002077680,1002077680,2026-08-03,2026-08-03 16:11:44+08:00
588010,科创新材料ETF博时,0.932,0.9318,-0.02,-0.033,-3.42,1498184.0,140633352.0,0.944,0.963,0.929,0.965,3.52,15.2,0.58,24.51,821200.0,676984.0,-2644683.0,-1.88,3178042.0,2.26,-5822725.0,-4.14,-1140759.0,-0.81,3785442.0,2.69,-5102.0,0.931,0.932,985425808.0,918416853,918416853,2026-08-03,2026-08-03 16:11:55+08:00
588670,科创综指增强ETF嘉实,1.575,1.5722,-0.18,-0.056,-3.43,39785.0,6307887.0,1.63,1.63,1.572,1.631,3.56,10.0,1.88,-14.92,11954.0,27831.0,-370148.0,-5.87,1400879.0,22.21,-1771027.0,-28.08,97533.0,1.55,272615.0,4.32,-2.0,1.575,1.576,39792000.0,62672400,62672400,2026-08-03,2026-08-03 16:11:38+08:00
588030,科创100ETF博时,1.525,1.5275,0.16,-0.055,-3.48,1171945.0,180765367.0,1.559,1.582,1.523,1.58,3.73,4.72,0.84,55.72,517018.0,654927.0,-9437134.0,-5.22,-13803615.0,-7.64,4366481.0,2.42,354967.0,0.2,9082167.0,5.02,-2544.0,1.525,1.526,2483838096.0,3787853096,3787853096,2026-08-03,2026-08-03 16:11:34+08:00
159153,消费电子ETF鹏华,1.075,1.0786,0.33,-0.039,-3.5,141470.0,15375669.054,1.094,1.111,1.07,1.114,3.68,13.51,0.93,37.59,60051.0,81419.0,-1240573.0,-8.07,220224.0,1.43,-1460797.0,-9.5,439490.0,2.86,801083.0,5.21,1194.0,1.074,1.075,104725988.0,112580437,112580437,2026-08-03,2026-08-03 15:34:00+08:00
159022,科创创业人工智能ETF富国,0.963,0.9631,0.01,-0.035,-3.51,186479.0,18167084.186,0.975,1.007,0.959,0.998,4.81,9.39,0.62,62.76,68997.0,117482.0,-448943.0,-2.47,0.0,0.0,-448943.0,-2.47,-1442817.0,-7.94,1891760.0,10.41,-1379.0,0.963,0.964,198630967.0,191281621,191281621,2026-08-03,2026-08-03 15:34:54+08:00
588530,科创创业人工智能ETF中银证券,0.906,0.9051,-0.1,-0.033,-3.51,72824.0,6668565.0,0.939,0.942,0.901,0.939,4.37,2.51,0.38,-22.47,18560.0,54264.0,-1002907.0,-15.04,2128997.0,31.93,-3131904.0,-46.97,558775.0,8.38,444131.0,6.66,-665.0,0.904,0.906,290033296.0,262770166,262770166,2026-08-03,2026-08-03 16:11:48+08:00
589900,科创综指ETF博时,1.411,1.4106,-0.03,-0.052,-3.55,179874.0,25685006.0,1.449,1.46,1.409,1.463,3.49,9.28,0.82,25.98,97712.0,82162.0,996962.0,3.88,0.0,0.0,996962.0,3.88,-1258258.0,-4.9,261296.0,1.02,-331.0,1.411,1.413,193908200.0,273604470,273604470,2026-08-03,2026-08-03 16:11:50+08:00
515200,创新100ETF申万菱信,2.435,2.4314,-0.15,-0.091,-3.6,7695.0,1893281.0,2.526,2.526,2.425,2.526,4.0,1.98,0.63,7.62,6850.0,845.0,-557589.0,-29.45,0.0,0.0,-557589.0,-29.45,388347.0,20.51,169241.0,8.94,72.0,2.435,2.436,38943200.0,94826692,94826692,2026-08-03,2026-08-03 16:11:34+08:00
588550,科创综指增强ETF易方达,1.175,1.1773,0.2,-0.044,-3.61,72127.0,8584683.0,1.196,1.216,1.173,1.219,3.53,11.4,1.31,25.28,23800.0,48327.0,-1753565.0,-20.43,-421815.0,-4.91,-1331750.0,-15.51,1009477.0,11.76,744089.0,8.67,-531.0,1.173,1.175,63290000.0,74365750,74365750,2026-08-03,2026-08-03 16:11:59+08:00
589000,科创综指ETF华夏,1.412,1.4119,-0.01,-0.053,-3.62,640070.0,91303918.0,1.447,1.461,1.408,1.465,3.62,5.93,0.79,16.99,325229.0,314841.0,-4526007.0,-4.96,-5824864.0,-6.38,1298857.0,1.42,2756149.0,3.02,1769858.0,1.94,-2301.0,1.411,1.412,1079507808.0,1524265025,1524265025,2026-08-03,2026-08-03 16:12:02+08:00
159906,深成长ETF大成,1.571,1.5753,0.27,-0.059,-3.62,123406.0,19510365.184,1.605,1.611,1.568,1.63,2.64,8.08,0.71,65.45,35211.0,88195.0,-1722429.0,-8.83,1472237.0,7.55,-3194666.0,-16.37,1144954.0,5.87,577475.0,2.96,982.0,1.57,1.571,152639725.0,239797008,239797008,2026-08-03,2026-08-03 15:34:54+08:00
589890,科创综指ETF景顺,1.407,1.4056,-0.1,-0.053,-3.63,56910.0,8093253.0,1.46,1.46,1.36,1.46,6.85,6.32,0.91,6.61,26243.0,30667.0,-565844.0,-6.99,0.0,0.0,-565844.0,-6.99,430639.0,5.32,135203.0,1.67,-1070.0,1.406,1.407,89987000.0,126611709,126611709,2026-08-03,2026-08-03 16:11:50+08:00
589580,科创综指ETF兴银,1.404,1.4075,0.25,-0.053,-3.64,25762.0,3638630.0,1.443,1.456,1.403,1.457,3.64,14.04,0.56,11.51,10880.0,14882.0,421058.0,11.57,0.0,0.0,421058.0,11.57,-325460.0,-8.94,-95599.0,-2.63,-44.0,1.405,1.407,18354800.0,25770139,25770139,2026-08-03,2026-08-03 16:11:58+08:00
589300,科创综指ETF嘉实,1.544,1.5396,-0.29,-0.059,-3.68,13584.0,2107396.0,1.587,1.599,1.539,1.603,3.74,3.27,1.01,9.28,2830.0,10754.0,-5784.0,-0.27,0.0,0.0,-5784.0,-0.27,-11896.0,-0.56,17679.0,0.84,10.0,1.54,1.541,41582500.0,64203380,64203380,2026-08-03,2026-08-03 16:12:02+08:00
589770,科创综指ETF招商,1.432,1.4267,-0.37,-0.055,-3.7,143639.0,20729504.0,1.487,1.487,1.427,1.487,4.03,8.78,0.78,5.58,60930.0,82709.0,467195.0,2.25,-1327250.0,-6.4,1794445.0,8.66,-545228.0,-2.63,78033.0,0.38,-2816.0,1.427,1.432,163569200.0,234231094,234231094,2026-08-03,2026-08-03 16:11:47+08:00
589080,科创综指ETF汇添富,1.406,1.4031,-0.21,-0.054,-3.7,265036.0,37413697.0,1.423,1.453,1.4,1.46,3.63,15.77,1.08,11.67,118879.0,146157.0,1668298.0,4.46,1159477.0,3.1,508821.0,1.36,-182409.0,-0.49,-1485889.0,-3.97,-618.0,1.404,1.406,168061000.0,236293766,236293766,2026-08-03,2026-08-03 16:11:47+08:00
589500,科创综指ETF工银,1.426,1.4286,0.18,-0.055,-3.71,60888.0,8770313.0,1.451,1.48,1.424,1.481,3.78,6.76,0.7,-7.43,25576.0,35312.0,-114359.0,-1.3,-200040.0,-2.28,85681.0,0.98,-60957.0,-0.7,175316.0,2.0,-36.0,1.426,1.427,90064000.0,128431264,128431264,2026-08-03,2026-08-03 16:12:00+08:00
589660,科创综指ETF南方,1.423,1.4184,-0.32,-0.055,-3.72,313202.0,45047781.0,1.455,1.472,1.42,1.478,3.52,11.8,1.13,-12.47,175272.0,137930.0,-1600665.0,-3.55,2973611.0,6.6,-4574276.0,-10.15,525209.0,1.17,1075456.0,2.39,-1498.0,1.423,1.425,265530000.0,377849190,377849190,2026-08-03,2026-08-03 16:11:33+08:00
589800,科创综指ETF易方达,1.422,1.4163,-0.4,-0.055,-3.72,691882.0,99134944.0,1.453,1.471,1.417,1.477,3.66,6.38,0.81,-13.77,369946.0,321936.0,-17190306.0,-17.34,7510372.0,7.58,-24700678.0,-24.92,9422934.0,9.51,7767373.0,7.84,-2058.0,1.422,1.423,1083988208.0,1541431232,1541431232,2026-08-03,2026-08-03 16:11:53+08:00
589180,科创新材料ETF汇添富,1.525,1.5272,0.14,-0.059,-3.72,159482.0,24529547.0,1.546,1.598,1.522,1.584,4.8,12.14,0.75,29.18,66807.0,92675.0,-2260567.0,-9.22,-939313.0,-3.83,-1321254.0,-5.39,1154404.0,4.71,1106163.0,4.51,-1918.0,1.525,1.526,131318000.0,200259950,200259950,2026-08-03,2026-08-03 16:11:47+08:00
589860,科创综指ETF天弘,1.405,1.404,-0.07,-0.055,-3.77,206348.0,29303283.0,1.46,1.46,1.404,1.46,3.84,11.58,1.2,11.21,86272.0,120076.0,1382955.0,4.72,131508.0,0.45,1251447.0,4.27,-1833503.0,-6.26,450549.0,1.54,-462.0,1.405,1.406,178224000.0,250404720,250404720,2026-08-03,2026-08-03 16:11:54+08:00
159178,消费电子ETF汇添富,0.942,0.9402,-0.19,-0.037,-3.78,162119.0,15441878.9,0.96,0.976,0.939,0.979,3.78,17.93,0.81,55.8,75221.0,86898.0,-460312.0,-2.98,840972.0,5.45,-1301284.0,-8.43,-496480.0,-3.22,956791.0,6.2,-151.0,0.942,0.943,90432994.0,85187880,85187880,2026-08-03,2026-08-03 15:34:06+08:00
159389,数字经济ETF嘉实,1.659,1.6557,-0.2,-0.066,-3.83,83863.0,14081256.6,1.725,1.725,1.651,1.725,4.29,6.21,1.04,-58.97,42198.0,41665.0,-3190900.0,-22.66,-4800466.0,-34.09,1609566.0,11.43,2773032.0,19.69,417868.0,2.97,-1.0,1.659,1.661,135093364.0,224119891,224119891,2026-08-03,2026-08-03 15:34:12+08:00
561100,消费电子ETF富国,1.466,1.4694,0.23,-0.059,-3.87,358018.0,53052389.0,1.496,1.514,1.458,1.525,3.67,6.16,0.85,-22.54,150156.0,207862.0,-1113899.0,-2.1,-4702218.0,-8.86,3588319.0,6.76,-1533812.0,-2.89,2647711.0,4.99,-1204.0,1.465,1.466,580746896.0,851374950,851374950,2026-08-03,2026-08-03 16:11:45+08:00
561310,消电ETF国泰,0.644,0.6457,0.26,-0.026,-3.88,120691.0,7863098.0,0.656,0.679,0.642,0.67,5.52,11.19,0.89,8.02,45185.0,75506.0,-160757.0,-2.04,0.0,0.0,-160757.0,-2.04,-130718.0,-1.66,291474.0,3.71,-332.0,0.644,0.646,107833100.0,69444516,69444516,2026-08-03,2026-08-03 16:11:46+08:00
588020,科创成长ETF易方达,0.707,0.7062,-0.11,-0.029,-3.94,1968600.0,140077461.0,0.713,0.733,0.702,0.736,4.21,10.87,0.61,17.38,762371.0,1206229.0,-10187364.0,-7.27,-6820486.0,-4.87,-3366878.0,-2.4,3789409.0,2.71,6397954.0,4.57,-8064.0,0.706,0.707,1811373008.0,1280640717,1280640717,2026-08-03,2026-08-03 16:12:02+08:00
588500,科创100增强ETF易方达,2.115,2.1097,-0.25,-0.087,-3.95,36674.0,7874610.0,2.168,2.198,2.095,2.202,4.68,9.02,0.84,-48.73,18260.0,18414.0,-4150.0,-0.05,0.0,0.0,-4150.0,-0.05,-931648.0,-11.83,935799.0,11.88,-247.0,2.114,2.115,40647000.0,85968405,85968405,2026-08-03,2026-08-03 16:11:58+08:00
159732,消费电子ETF华夏,1.236,1.2385,0.2,-0.051,-3.96,2361631.0,295226300.008,1.26,1.282,1.231,1.287,3.96,9.81,0.74,24.67,1006891.0,1354740.0,2371365.0,0.8,8666102.0,2.94,-6294737.0,-2.13,-9543607.0,-3.23,7172240.0,2.43,9009.0,1.235,1.236,2406447904.0,2974369609,2974369609,2026-08-03,2026-08-03 15:34:18+08:00
562950,消费电子ETF易方达,1.41,1.4159,0.42,-0.059,-4.02,508545.0,72452474.0,1.442,1.461,1.406,1.469,3.74,5.39,0.84,-8.1,240000.0,268545.0,1374845.0,1.9,5037592.0,6.95,-3662747.0,-5.06,-6359952.0,-8.78,4985107.0,6.88,-499.0,1.409,1.41,943258304.0,1329994209,1329994209,2026-08-03,2026-08-03 16:11:50+08:00
589280,科创增强ETF华宝,0.829,0.8226,-0.78,-0.035,-4.05,27979.0,2329622.0,0.862,0.862,0.829,0.864,3.82,1.82,0.52,-3.56,12991.0,14988.0,-885011.0,-37.99,-478496.0,-20.54,-406515.0,-17.45,499969.0,21.46,385043.0,16.53,-2440.0,0.829,0.832,154069000.0,127723201,127723201,2026-08-03,2026-08-03 16:11:33+08:00
159779,消费电子ETF招商,1.31,1.3046,-0.41,-0.056,-4.1,66850.0,8824495.7,1.337,1.374,1.304,1.366,5.12,5.15,0.73,26.27,34735.0,32115.0,-1081968.0,-12.26,-1484663.0,-16.82,402695.0,4.56,154269.0,1.75,927699.0,10.51,129.0,1.309,1.31,129869337.0,170128831,170128831,2026-08-03,2026-08-03 15:34:33+08:00
562560,信息技术ETF华夏,2.047,2.0474,0.02,-0.088,-4.12,6887.0,1431962.0,2.092,2.128,2.047,2.135,3.79,2.84,0.57,-96.57,2107.0,4780.0,29341.0,2.05,0.0,0.0,29341.0,2.05,-49844.0,-3.48,20502.0,1.43,-20.0,2.048,2.049,24265500.0,49671479,49671479,2026-08-03,2026-08-03 16:11:45+08:00
513310,中韩半导体ETF华泰柏瑞,4.41,3.8834,-13.56,-0.19,-4.13,31918660.0,14290890490.0,4.388,4.562,4.375,4.6,4.07,135.0,0.81,84.79,16212113.0,15706547.0,-263260176.0,-1.84,-159353872.0,-1.12,-103906304.0,-0.73,14044416.0,0.1,249215616.0,1.74,-143645.0,4.41,4.411,2364427008.0,10427123105,10427123105,2026-08-03,2026-08-03 16:11:41+08:00
516050,科技龙头ETF工银,1.255,1.256,0.08,-0.054,-4.13,65495.0,8322158.0,1.28,1.306,1.251,1.309,4.2,4.04,0.5,-23.94,31704.0,33791.0,-596726.0,-7.17,-984722.0,-11.83,387996.0,4.66,-345114.0,-4.15,941840.0,11.32,-190.0,1.255,1.256,162228000.0,203596140,203596140,2026-08-03,2026-08-03 16:11:45+08:00
588070,科创成长ETF万家,1.807,1.8067,-0.02,-0.078,-4.14,57365.0,10524757.0,1.842,1.878,1.8,1.885,4.14,16.66,1.03,1.41,26872.0,30493.0,-529762.0,-5.03,1895648.0,18.01,-2425410.0,-23.04,24124.0,0.23,505638.0,4.8,-186.0,1.806,1.807,34437000.0,62227659,62227659,2026-08-03,2026-08-03 16:11:49+08:00
561220,数字经济ETF工银,1.637,1.6421,0.31,-0.071,-4.16,32250.0,5322976.0,1.704,1.704,1.633,1.708,4.16,7.24,0.71,-39.62,13990.0,18260.0,-1016014.0,-19.09,0.0,0.0,-1016014.0,-19.09,731166.0,13.74,284848.0,5.35,-8.0,1.638,1.641,44553000.0,72933261,72933261,2026-08-03,2026-08-03 16:11:54+08:00
589700,科创成长ETF南方,1.796,1.7984,0.13,-0.078,-4.16,29680.0,5376718.0,1.85,1.86,1.788,1.874,3.84,14.63,0.97,-2.45,13462.0,16218.0,279364.0,5.2,-293849.0,-5.47,573213.0,10.66,-388827.0,-7.23,109464.0,2.04,-31.0,1.796,1.797,20291000.0,36442636,36442636,2026-08-03,2026-08-03 16:11:46+08:00
588370,科创50增强ETF南方,1.635,1.6296,-0.33,-0.071,-4.16,84048.0,13855465.0,1.684,1.704,1.625,1.706,4.63,11.09,1.03,23.17,43321.0,40727.0,-4885847.0,-35.26,-789872.0,-5.7,-4095975.0,-29.56,2001933.0,14.45,2883914.0,20.81,-1666.0,1.635,1.637,75772000.0,123887220,123887220,2026-08-03,2026-08-03 16:11:55+08:00
515000,科技ETF华宝,1.168,1.1672,-0.07,-0.051,-4.18,1190650.0,140825659.0,1.198,1.211,1.165,1.219,3.77,3.76,0.85,17.05,496452.0,694198.0,-22562957.0,-16.02,-7771823.0,-5.52,-14791134.0,-10.5,7249937.0,5.15,15313019.0,10.87,-6259.0,1.168,1.169,3170579296.0,3703236618,3703236618,2026-08-03,2026-08-03 16:11:38+08:00
563210,专精特新ETF富国,1.794,1.7943,0.02,-0.079,-4.22,108026.0,19644173.0,1.825,1.864,1.791,1.873,3.9,9.64,0.62,-13.63,40257.0,67769.0,-788654.0,-4.01,1845064.0,9.39,-2633718.0,-13.41,-741701.0,-3.78,1530354.0,7.79,-551.0,1.794,1.796,112067000.0,201048198,201048198,2026-08-03,2026-08-03 16:11:34+08:00
588110,科创成长ETF广发,0.517,0.5185,0.29,-0.023,-4.26,967538.0,50498328.0,0.525,0.538,0.514,0.54,4.44,12.88,1.27,10.38,502179.0,465359.0,-151854.0,-0.3,-3967821.0,-7.86,3815967.0,7.56,-306476.0,-0.61,458329.0,0.91,-6322.0,0.517,0.518,751032000.0,388283544,388283544,2026-08-03,2026-08-03 16:11:44+08:00
512220,TMTETF景顺,3.364,3.3632,-0.02,-0.152,-4.32,69340.0,23615602.0,3.429,3.506,3.353,3.516,4.35,3.4,0.99,-21.29,39994.0,29346.0,2085891.0,8.83,-1055753.0,-4.47,3141644.0,13.3,-364875.0,-1.55,-1721016.0,-7.29,-147.0,3.364,3.366,203967600.0,686147006,686147006,2026-08-03,2026-08-03 16:11:33+08:00
159385,数字经济ETF富国,1.64,1.6384,-0.1,-0.074,-4.32,113487.0,18863330.7,1.711,1.711,1.637,1.714,4.32,24.14,1.47,-9.34,53281.0,60206.0,-2671455.0,-14.16,-1553653.0,-8.24,-1117802.0,-5.93,2328254.0,12.34,343202.0,1.82,203.0,1.639,1.64,47002525.0,77084141,77084141,2026-08-03,2026-08-03 15:34:09+08:00
588450,科创50增强ETF招商,1.945,1.946,0.05,-0.089,-4.38,76815.0,15136048.0,1.984,2.034,1.945,2.034,4.38,14.08,1.05,-57.37,34806.0,42009.0,-1115837.0,-7.37,0.0,0.0,-1115837.0,-7.37,-1202312.0,-7.94,2318150.0,15.32,-942.0,1.945,1.946,54568700.0,106136122,106136122,2026-08-03,2026-08-03 16:11:58+08:00
159939,信息技术ETF广发,0.999,0.9972,-0.18,-0.046,-4.4,337240.0,34122896.7,1.052,1.052,0.995,1.045,5.45,4.12,0.96,42.93,165692.0,171548.0,-485390.0,-1.42,-2720608.0,-7.97,2235218.0,6.55,-1646972.0,-4.83,2132362.0,6.25,-171.0,0.999,1.0,817656112.0,816838456,816838456,2026-08-03,2026-08-03 15:34:33+08:00
561600,消费电子ETF平安,0.668,0.6702,0.33,-0.031,-4.43,354718.0,23922409.0,0.683,0.692,0.665,0.699,3.86,12.47,1.08,12.19,126353.0,228365.0,775261.0,3.24,-1982355.0,-8.29,2757616.0,11.53,-738924.0,-3.09,-36337.0,-0.15,-2986.0,0.667,0.668,284548000.0,190078064,190078064,2026-08-03,2026-08-03 16:11:35+08:00
159311,数字经济ETF易方达,1.398,1.3935,-0.32,-0.066,-4.51,12212.0,1725606.0,1.46,1.46,1.392,1.464,4.64,3.1,0.82,47.71,7133.0,5079.0,-470405.0,-27.26,-379864.0,-22.01,-90541.0,-5.25,55256.0,3.2,415148.0,24.06,-5.0,1.398,1.4,39383993.0,55058822,55058822,2026-08-03,2026-08-03 15:34:30+08:00
515320,电子50ETF华安,1.387,1.3922,0.37,-0.066,-4.54,74728.0,10507744.0,1.43,1.441,1.381,1.453,4.13,9.19,1.03,-19.93,30504.0,44224.0,586272.0,5.58,0.0,0.0,586272.0,5.58,-1059074.0,-10.08,472802.0,4.5,-129.0,1.386,1.387,81309000.0,112775583,112775583,2026-08-03,2026-08-03 16:11:54+08:00
589400,科创芯片设计ETF富国,0.688,0.6836,-0.64,-0.033,-4.58,163149.0,11331563.0,0.71,0.716,0.685,0.721,4.3,5.67,0.83,38.33,54046.0,109103.0,-1737944.0,-15.34,354246.0,3.13,-2092190.0,-18.46,367473.0,3.24,1370472.0,12.09,-993.0,0.687,0.688,287785200.0,197996218,197996218,2026-08-03,2026-08-03 16:11:57+08:00
517850,张江ETF汇添富,1.203,1.207,0.33,-0.058,-4.6,9573.0,1165787.0,1.233,1.261,1.203,1.261,4.6,2.51,0.51,0.73,3580.0,5993.0,-485773.0,-41.67,0.0,0.0,-485773.0,-41.67,232172.0,19.92,253600.0,21.75,-174.0,1.203,1.205,38185200.0,45936796,45936796,2026-08-03,2026-08-03 16:11:34+08:00
512330,信息科技ETF南方,1.647,1.6429,-0.25,-0.081,-4.69,116237.0,19380359.0,1.691,1.721,1.644,1.728,4.46,3.22,1.19,-46.36,60554.0,55683.0,-2382845.0,-12.3,2472353.0,12.76,-4855198.0,-25.05,955017.0,4.93,1427827.0,7.37,-21.0,1.647,1.65,361188000.0,594876636,594876636,2026-08-03,2026-08-03 16:11:49+08:00
159658,数字经济ETF华安,1.654,1.6589,0.3,-0.083,-4.78,55910.0,9348450.865,1.75,1.75,1.65,1.737,5.76,13.03,0.85,33.83,20690.0,35220.0,-1394854.0,-14.92,-2731270.0,-29.22,1336416.0,14.3,666996.0,7.13,727858.0,7.79,-221.0,1.654,1.661,42894877.0,70948127,70948127,2026-08-03,2026-08-03 15:34:18+08:00
589290,科创芯片设计ETF汇添富,0.714,0.7127,-0.18,-0.036,-4.8,105359.0,7589759.0,0.745,0.748,0.71,0.75,5.07,7.99,0.85,11.51,37771.0,67588.0,-1464440.0,-19.29,-27382.0,-0.36,-1437058.0,-18.93,390930.0,5.15,1073511.0,14.14,-2295.0,0.712,0.714,131848900.0,94140115,94140115,2026-08-03,2026-08-03 16:11:45+08:00
159997,电子ETF天弘,1.883,1.8827,-0.02,-0.095,-4.8,479451.0,91801680.8,1.928,2.099,1.88,1.978,11.07,6.99,0.96,38.14,208700.0,270751.0,-1370503.0,-1.49,-2725229.0,-2.97,1354726.0,1.48,1704144.0,1.86,-333640.0,-0.36,-607.0,1.883,1.887,686306640.0,1292315403,1292315403,2026-08-03,2026-08-03 15:34:57+08:00
560800,数字经济ETF鹏扬,1.1,1.0976,-0.22,-0.056,-4.84,110071.0,12277844.0,1.135,1.146,1.097,1.156,4.24,3.77,1.16,10.52,33699.0,76372.0,-4732084.0,-38.54,-5675570.0,-46.23,943486.0,7.68,2033581.0,16.56,2698504.0,21.98,-969.0,1.099,1.1,291951104.0,321146214,321146214,2026-08-03,2026-08-03 16:11:46+08:00
589850,科创50ETF东财,1.489,1.4899,0.06,-0.077,-4.92,1803500.0,272102094.0,1.528,1.555,1.487,1.566,4.34,22.74,1.1,45.5,726403.0,1077097.0,-105868279.0,-38.91,-93587333.0,-34.39,-12280946.0,-4.51,32373648.0,11.9,73494630.0,27.01,-17409.0,1.488,1.489,793057008.0,1180861885,1180861885,2026-08-03,2026-08-03 16:11:51+08:00
159538,信创ETF富国,0.849,0.8487,-0.04,-0.044,-4.93,195822.0,16783944.4,0.872,0.885,0.844,0.893,4.59,6.51,0.9,-44.74,75202.0,120620.0,-204199.0,-1.22,2352332.0,14.02,-2556531.0,-15.23,-652368.0,-3.89,856567.0,5.1,-482.0,0.849,0.85,300608960.0,255217007,255217007,2026-08-03,2026-08-03 15:34:12+08:00
515260,电子ETF华宝,0.765,0.7668,0.23,-0.04,-4.97,538879.0,41875591.0,0.782,0.798,0.762,0.805,4.47,6.12,0.7,3.01,251768.0,287111.0,-3673590.0,-8.77,-1871988.0,-4.47,-1801602.0,-4.3,-185222.0,-0.44,3858813.0,9.21,-1543.0,0.765,0.766,880568400.0,673634826,673634826,2026-08-03,2026-08-03 16:11:56+08:00
588940,科创50ETF富国,0.803,0.8041,0.14,-0.042,-4.97,3116398.0,253447868.0,0.829,0.839,0.801,0.845,4.5,10.65,1.1,69.79,1273876.0,1842522.0,-66001776.0,-26.04,-44686081.0,-17.63,-21315695.0,-8.41,32360276.0,12.77,33641500.0,13.27,-32573.0,0.803,0.804,2924840000.0,2348646520,2348646520,2026-08-03,2026-08-03 16:11:55+08:00
589150,科创50ETF平安,1.125,1.129,0.35,-0.059,-4.98,277833.0,31638257.0,1.156,1.174,1.122,1.184,4.39,3.65,0.88,11.86,101329.0,176504.0,-11378935.0,-35.97,-8133889.0,-25.71,-3245046.0,-10.26,3893170.0,12.31,7485764.0,23.66,-2002.0,1.124,1.125,761437200.0,856616850,856616850,2026-08-03,2026-08-03 16:11:51+08:00
589170,科创芯片设计ETF鹏华,0.971,0.9716,0.06,-0.051,-4.99,99031.0,9751304.0,1.003,1.019,0.968,1.022,4.99,6.83,1.09,-3.12,31512.0,67519.0,-2631746.0,-26.99,-3235073.0,-33.18,603327.0,6.19,974178.0,9.99,1657568.0,17.0,-400.0,0.971,0.972,144909000.0,140706639,140706639,2026-08-03,2026-08-03 16:11:40+08:00
589260,科创芯片设计ETF国泰,1.123,1.1215,-0.13,-0.059,-4.99,50345.0,5748549.0,1.154,1.222,1.118,1.182,8.8,8.66,0.61,-23.01,20981.0,29364.0,-968695.0,-16.85,-603273.0,-10.49,-365422.0,-6.36,321978.0,5.6,646718.0,11.25,-346.0,1.122,1.123,58156000.0,65309188,65309188,2026-08-03,2026-08-03 16:11:42+08:00
589390,科创芯片设计ETF招商,0.683,0.6839,0.13,-0.036,-5.01,336129.0,23482498.0,0.701,0.716,0.68,0.719,5.01,2.75,0.9,28.52,80443.0,255686.0,-2544016.0,-10.83,-4576713.0,-19.49,2032697.0,8.66,789548.0,3.36,1754468.0,7.47,-556.0,0.683,0.684,1223810496.0,835862569,835862569,2026-08-03,2026-08-03 16:11:37+08:00
588840,科创50ETF万家,1.438,1.437,-0.07,-0.077,-5.08,135212.0,19677191.0,1.482,1.492,1.435,1.515,3.76,20.11,1.18,5.72,52345.0,82867.0,-2363172.0,-12.01,-1857154.0,-9.44,-506018.0,-2.57,-376888.0,-1.92,2740061.0,13.93,-991.0,1.437,1.438,67236000.0,96685368,96685368,2026-08-03,2026-08-03 16:12:00+08:00
159539,信创ETF广发,1.678,1.6775,-0.03,-0.09,-5.09,38958.0,6643515.0,1.77,1.77,1.672,1.768,5.54,6.89,0.68,-21.1,21196.0,17762.0,-608353.0,-9.16,0.0,0.0,-608353.0,-9.16,558457.0,8.41,49896.0,0.75,-30.0,1.678,1.685,56565182.0,94916375,94916375,2026-08-03,2026-08-03 15:34:21+08:00
588870,科创50ETF汇添富,1.575,1.5778,0.18,-0.085,-5.12,1232043.0,196999977.0,1.63,1.646,1.575,1.66,4.28,16.11,0.85,29.35,455079.0,776964.0,-62163874.0,-31.56,-36282032.0,-18.42,-25881842.0,-13.14,12119411.0,6.15,50044463.0,25.4,-9203.0,1.575,1.576,764552000.0,1204169400,1204169400,2026-08-03,2026-08-03 16:11:35+08:00
588720,科创50ETF中银,1.575,1.5752,0.01,-0.085,-5.12,71250.0,11401799.0,1.624,1.693,1.575,1.66,7.11,6.64,0.86,-27.27,26957.0,44293.0,-2477921.0,-21.73,-1777835.0,-15.59,-700086.0,-6.14,706438.0,6.2,1771483.0,15.54,-167.0,1.575,1.578,107241800.0,168905835,168905835,2026-08-03,2026-08-03 16:11:45+08:00
588780,科创芯片设计ETF国联安,0.885,0.8868,0.2,-0.048,-5.14,2275132.0,204501267.0,0.915,0.932,0.881,0.933,5.47,19.89,0.77,25.15,966334.0,1308798.0,542939.0,0.27,5941248.0,2.91,-5398309.0,-2.64,7376497.0,3.61,-7919436.0,-3.87,-5684.0,0.885,0.886,1143902000.0,1012353270,1012353270,2026-08-03,2026-08-03 16:12:02+08:00
589210,科创芯片设计ETF广发,0.608,0.6086,0.1,-0.033,-5.15,223237.0,13903301.0,0.629,0.639,0.606,0.641,5.15,1.9,0.84,37.15,123280.0,99957.0,-1411810.0,-10.15,-1076573.0,-7.74,-335237.0,-2.41,636047.0,4.57,775763.0,5.58,-2445.0,0.608,0.609,1172938000.0,713146304,713146304,2026-08-03,2026-08-03 16:11:39+08:00
589030,科创芯片设计ETF易方达,1.029,1.0294,0.04,-0.056,-5.16,791493.0,82946767.0,1.064,1.082,1.025,1.085,5.25,21.56,0.82,14.3,269002.0,522491.0,-663740.0,-0.8,3241386.0,3.91,-3905126.0,-4.71,-3846277.0,-4.64,4510018.0,5.44,-3182.0,1.029,1.03,367077008.0,377722241,377722241,2026-08-03,2026-08-03 16:11:44+08:00
589360,科创50ETF国泰,0.802,0.8023,0.04,-0.044,-5.2,927479.0,75260605.0,0.833,0.838,0.801,0.846,4.37,3.61,0.94,25.54,406480.0,520999.0,-18618119.0,-24.74,-17968026.0,-23.87,-650093.0,-0.86,9984537.0,13.27,8633584.0,11.47,-2812.0,0.802,0.803,2567174000.0,2058873548,2058873548,2026-08-03,2026-08-03 16:12:00+08:00
588950,科创50ETF景顺,1.624,1.622,-0.12,-0.089,-5.2,794246.0,130657364.0,1.674,1.695,1.621,1.713,4.32,12.86,0.97,19.8,304718.0,489528.0,-29842012.0,-22.84,-11891037.0,-9.1,-17950975.0,-13.74,2862697.0,2.19,26979316.0,20.65,-11021.0,1.623,1.624,617729696.0,1003193026,1003193026,2026-08-03,2026-08-03 16:11:55+08:00
589350,科创芯片设计ETF银华,0.692,0.693,0.14,-0.038,-5.21,351364.0,24663735.0,0.712,0.728,0.69,0.73,5.21,16.4,1.33,27.66,119438.0,231926.0,-5710214.0,-23.15,-5735256.0,-23.25,25042.0,0.1,3062759.0,12.42,2647456.0,10.73,-3088.0,0.692,0.693,214281500.0,148282798,148282798,2026-08-03,2026-08-03 16:11:51+08:00
588460,科创50增强ETF鹏华,1.881,1.8873,0.33,-0.104,-5.24,401395.0,76572189.0,1.96,1.962,1.88,1.985,4.13,6.05,0.98,16.21,171157.0,230238.0,-6953901.0,-9.08,480848.0,0.63,-7434749.0,-9.71,-5189773.0,-6.78,12143674.0,15.86,-1132.0,1.881,1.882,663014000.0,1247129334,1247129334,2026-08-03,2026-08-03 16:11:44+08:00
588040,科创50ETF鹏华,1.574,1.5783,0.27,-0.087,-5.24,246515.0,39399071.0,1.623,1.649,1.573,1.661,4.58,16.02,1.2,-8.81,68520.0,177995.0,-8758398.0,-22.23,-1312305.0,-3.33,-7446093.0,-18.9,961969.0,2.44,7796431.0,19.79,-479.0,1.574,1.577,153889000.0,242221286,242221286,2026-08-03,2026-08-03 16:11:48+08:00
588150,科创50ETF南方,1.1,1.1008,0.07,-0.061,-5.25,455867.0,50901143.0,1.146,1.15,1.098,1.161,4.48,12.21,0.87,6.94,194217.0,261650.0,-9216427.0,-18.11,-586871.0,-1.15,-8629556.0,-16.95,2587587.0,5.08,6628840.0,13.02,-1606.0,1.099,1.1,373432608.0,410775869,410775869,2026-08-03,2026-08-03 16:11:37+08:00
159537,信创ETF国泰,0.844,0.8447,0.08,-0.047,-5.27,89677.0,7703578.216,0.869,0.884,0.841,0.891,4.83,5.59,0.79,30.66,36053.0,53624.0,-1299602.0,-16.87,-751491.0,-9.76,-548111.0,-7.12,372961.0,4.84,926644.0,12.03,-259.0,0.844,0.845,160285204.0,135280712,135280712,2026-08-03,2026-08-03 15:34:36+08:00
588060,科创50ETF广发,0.985,0.986,0.1,-0.055,-5.29,8404214.0,839983988.0,1.02,1.029,0.984,1.04,4.33,11.34,1.04,27.1,3117878.0,5286336.0,-308946522.0,-36.78,-340205984.0,-40.5,31259462.0,3.72,157238667.0,18.72,151707855.0,18.06,-75664.0,0.985,0.986,7411140096.0,7299972995,7299972995,2026-08-03,2026-08-03 16:11:52+08:00
588050,科创50ETF工银,1.59,1.5866,-0.21,-0.089,-5.3,2697763.0,435624468.0,1.65,1.66,1.589,1.679,4.23,4.3,0.65,21.49,1048122.0,1649641.0,-110078786.0,-25.27,-78551234.0,-18.03,-31527552.0,-7.24,43162676.0,9.91,66916112.0,15.36,-8296.0,1.59,1.591,6271241216.0,9971273533,9971273533,2026-08-03,2026-08-03 16:11:35+08:00
589070,科创芯片设计ETF天弘,0.963,0.9609,-0.22,-0.054,-5.31,1899814.0,186072113.0,1.001,1.012,0.959,1.017,5.21,10.02,0.93,22.91,786181.0,1113633.0,-14726027.0,-7.91,-10342500.0,-5.56,-4383527.0,-2.36,5419198.0,2.91,9306829.0,5.0,-7550.0,0.963,0.964,1895293008.0,1825167167,1825167167,2026-08-03,2026-08-03 16:11:33+08:00
588000,科创50ETF华夏,1.636,1.6411,0.31,-0.092,-5.32,64762724.0,10758159109.0,1.698,1.71,1.635,1.728,4.34,12.59,0.92,65.86,31077561.0,33685163.0,-2748768032.0,-25.55,-3024286288.0,-28.11,275518256.0,2.56,1216962016.0,11.31,1531806064.0,14.24,-475632.0,1.636,1.637,51434668288.0,84147117319,84147117319,2026-08-03,2026-08-03 16:11:47+08:00
589250,科创芯片设计ETF浦银,1.118,1.1197,0.15,-0.063,-5.33,78961.0,8976760.0,1.153,1.201,1.115,1.181,7.28,9.07,0.67,27.84,26109.0,52852.0,-22232.0,-0.25,-6213.0,-0.07,-16019.0,-0.18,-1057429.0,-11.78,1079661.0,12.03,-1918.0,1.117,1.118,87101300.0,97379253,97379253,2026-08-03,2026-08-03 16:12:00+08:00
588090,科创50ETF华泰柏瑞,1.595,1.5967,0.11,-0.09,-5.34,1808952.0,293397293.0,1.65,1.676,1.595,1.685,4.81,6.12,0.56,18.85,767468.0,1041484.0,-55959573.0,-19.07,-24169882.0,-8.24,-31789691.0,-10.84,13979421.0,4.76,41980151.0,14.31,-9345.0,1.595,1.596,2955072800.0,4713341116,4713341116,2026-08-03,2026-08-03 16:11:35+08:00
159540,信创ETF易方达,1.796,1.7963,0.02,-0.102,-5.37,182551.0,33370821.5,1.87,1.88,1.791,1.898,4.69,14.9,0.86,-19.94,76432.0,106119.0,-3984193.0,-11.94,-3200497.0,-9.59,-783696.0,-2.35,3245158.0,9.72,739035.0,2.21,-477.0,1.796,1.8,122505191.0,220019323,220019323,2026-08-03,2026-08-03 15:34:15+08:00
588080,科创50ETF易方达,1.586,1.5908,0.3,-0.09,-5.37,16305595.0,2622605038.0,1.641,1.658,1.586,1.676,4.3,6.72,1.11,57.85,7075420.0,9230175.0,-816105824.0,-31.12,-736673312.0,-28.09,-79432512.0,-3.03,318815888.0,12.16,497289929.0,18.96,-142011.0,1.586,1.587,24250628096.0,38461496160,38461496160,2026-08-03,2026-08-03 16:11:41+08:00
588180,科创50ETF国联安,1.013,1.0128,-0.02,-0.058,-5.42,461817.0,47375222.0,1.047,1.059,1.01,1.071,4.58,6.25,0.71,15.58,149046.0,312771.0,-13921487.0,-29.39,-1665222.0,-3.51,-12256265.0,-25.87,4212860.0,8.89,9708628.0,20.49,-1732.0,1.012,1.013,738353696.0,747952294,747952294,2026-08-03,2026-08-03 16:11:44+08:00
588770,科创信息ETF摩根,1.69,1.6891,-0.05,-0.098,-5.48,96536.0,16498864.0,1.762,1.776,1.686,1.788,5.03,3.1,0.92,-65.11,45550.0,50986.0,302838.0,1.84,1178242.0,7.14,-875404.0,-5.31,-1667631.0,-10.11,1364793.0,8.27,-409.0,1.689,1.69,311597104.0,526599106,526599106,2026-08-03,2026-08-03 16:11:56+08:00
588260,科创信息ETF华安,2.316,2.3213,0.23,-0.139,-5.66,48107.0,11215371.0,2.4,2.47,2.31,2.455,6.52,9.67,1.97,20.42,25754.0,22353.0,-337210.0,-3.01,-1553898.0,-13.86,1216688.0,10.85,800303.0,7.14,-463093.0,-4.13,-64.0,2.313,2.316,49746000.0,115211736,115211736,2026-08-03,2026-08-03 16:11:58+08:00
588100,科创信息ETF嘉实,0.798,0.7987,0.09,-0.048,-5.67,203466.0,16535541.0,0.823,0.846,0.796,0.846,5.91,9.43,0.86,9.46,92387.0,111079.0,-981626.0,-5.94,-1137293.0,-6.88,155667.0,0.94,-289969.0,-1.75,1271595.0,7.69,-708.0,0.798,0.799,215746200.0,172165468,172165468,2026-08-03,2026-08-03 16:11:58+08:00
588280,科创50ETF华安,1.113,1.1184,0.48,-0.067,-5.68,587559.0,66439488.0,1.152,1.191,1.112,1.18,6.69,15.3,1.08,34.96,226034.0,361525.0,-15971429.0,-24.04,-4552443.0,-6.85,-11418986.0,-17.19,6055958.0,9.11,9915471.0,14.92,-6380.0,1.113,1.115,384121008.0,427526682,427526682,2026-08-03,2026-08-03 16:11:51+08:00
562820,集成电路ETF嘉实,0.87,0.8694,-0.07,-0.053,-5.74,291280.0,25761664.0,0.899,0.916,0.866,0.923,5.42,6.6,0.64,-13.41,126099.0,165181.0,-494476.0,-1.92,674202.0,2.62,-1168678.0,-4.54,-1509812.0,-5.86,2004287.0,7.78,-2922.0,0.87,0.871,441408000.0,384024960,384024960,2026-08-03,2026-08-03 16:11:41+08:00
589420,科创芯片设计ETF永赢,0.69,0.6869,-0.45,-0.043,-5.87,300974.0,21060643.0,0.705,0.723,0.688,0.733,4.77,8.89,2.18,13.93,49106.0,251868.0,-2571305.0,-12.21,-6031964.0,-28.64,3460659.0,16.43,1280663.0,6.08,1290643.0,6.13,-7259.0,0.69,0.691,338481504.0,233552238,233552238,2026-08-03,2026-08-03 16:11:47+08:00
159546,集成电路ETF国泰,0.701,0.6996,-0.2,-0.045,-6.03,755512.0,53879564.087,0.728,0.737,0.698,0.746,5.23,11.03,1.03,63.66,311360.0,444152.0,-9623511.0,-17.86,-219705.0,-0.41,-9403806.0,-17.45,2414420.0,4.48,7209091.0,13.38,-2745.0,0.701,0.702,684927824.0,480134405,480134405,2026-08-03,2026-08-03 15:34:45+08:00
589160,科创芯片ETF广发,1.131,1.1319,0.08,-0.079,-6.53,548528.0,63343225.0,1.177,1.2,1.131,1.21,5.7,15.93,0.94,20.95,225564.0,322964.0,-4385973.0,-6.92,2093194.0,3.3,-6479167.0,-10.23,-940268.0,-1.48,5326239.0,8.41,-4474.0,1.131,1.132,344296000.0,389398776,389398776,2026-08-03,2026-08-03 16:11:53+08:00
588200,科创芯片ETF嘉实,1.041,1.0436,0.25,-0.074,-6.64,45599865.0,4855850535.0,1.092,1.105,1.04,1.115,5.83,10.41,0.96,46.29,19318132.0,26281733.0,-461133568.0,-9.5,-365794976.0,-7.53,-95338592.0,-1.96,173374240.0,3.57,287759316.0,5.93,-244911.0,1.04,1.041,43810184192.0,45606401744,45606401744,2026-08-03,2026-08-03 16:11:36+08:00
588990,科创芯片ETF博时,3.254,3.2511,-0.09,-0.24,-6.87,211488.0,70267015.0,3.387,3.45,3.25,3.494,5.72,10.38,0.98,16.56,95737.0,115751.0,-4696295.0,-6.68,1086996.0,1.55,-5783291.0,-8.23,-122853.0,-0.17,4819149.0,6.86,-955.0,3.254,3.255,203745400.0,662987532,662987532,2026-08-03,2026-08-03 16:11:34+08:00
588750,科创芯片ETF汇添富,2.084,2.0877,0.18,-0.154,-6.88,1842266.0,392238115.0,2.18,2.211,2.083,2.238,5.72,5.57,1.14,24.79,865330.0,976936.0,-50664887.0,-12.92,-7156549.0,-1.82,-43508338.0,-11.09,6601769.0,1.68,44063117.0,11.23,-12597.0,2.084,2.085,3310228000.0,6898515152,6898515152,2026-08-03,2026-08-03 16:11:52+08:00
588290,科创芯片ETF华安,3.061,3.0631,0.07,-0.227,-6.9,860771.0,268775427.0,3.197,3.245,3.058,3.288,5.69,5.24,0.85,50.59,333023.0,527748.0,-21556074.0,-8.02,6706407.0,2.5,-28262481.0,-10.52,-4765983.0,-1.77,26322056.0,9.79,-5966.0,3.06,3.061,1643897008.0,5031968741,5031968741,2026-08-03,2026-08-03 16:11:34+08:00
588810,科创芯片ETF富国,2.231,2.2321,0.05,-0.167,-6.96,671285.0,152829981.0,2.318,2.38,2.23,2.398,6.26,10.7,1.14,22.51,318703.0,352582.0,-10666146.0,-6.98,4270602.0,2.79,-14936748.0,-9.77,-3786638.0,-2.48,14452784.0,9.46,-5570.0,2.231,2.232,627324000.0,1399559844,1399559844,2026-08-03,2026-08-03 16:11:44+08:00
588890,科创芯片ETF南方,3.527,3.5454,0.52,-0.264,-6.96,655651.0,236290872.0,3.695,3.75,3.527,3.791,5.88,7.27,1.05,-63.52,380364.0,275287.0,-21615738.0,-9.15,4357669.0,1.84,-25973407.0,-10.99,5374753.0,2.27,16240986.0,6.87,-2068.0,3.527,3.528,901810000.0,3180683870,3180683870,2026-08-03,2026-08-03 16:11:52+08:00
159813,半导体ETF鹏华,0.666,0.6631,-0.44,-0.05,-6.98,7260252.0,491718065.564,0.698,0.708,0.663,0.716,6.28,7.89,1.62,72.29,3228386.0,4031866.0,-168210419.0,-34.21,-131061043.0,-26.65,-37149376.0,-7.56,90062985.0,18.32,78147434.0,15.89,-51936.0,0.666,0.667,9197724928.0,6125684802,6125684802,2026-08-03,2026-08-03 15:34:12+08:00
588920,科创芯片ETF鹏华,1.999,2.0059,0.34,-0.15,-6.98,249718.0,50903894.0,2.088,2.125,1.997,2.149,5.96,14.83,1.15,-30.15,113214.0,136504.0,-2069260.0,-4.07,430278.0,0.85,-2499538.0,-4.91,-5824278.0,-11.44,7893539.0,15.51,-1836.0,1.999,2.0,168438000.0,336707562,336707562,2026-08-03,2026-08-03 16:12:00+08:00
589130,科创芯片ETF易方达,1.239,1.2437,0.38,-0.093,-6.98,2328870.0,294952891.0,1.304,1.318,1.237,1.332,6.08,7.26,0.97,2.63,995049.0,1333822.0,-32639460.0,-11.07,-16896685.0,-5.73,-15742775.0,-5.34,3481199.0,1.18,29158261.0,9.89,-7154.0,1.238,1.239,3206780000.0,3973200420,3973200420,2026-08-03,2026-08-03 16:11:37+08:00
589100,科创芯片ETF国泰,0.807,0.8085,0.19,-0.061,-7.03,1025006.0,84574074.0,0.852,0.858,0.806,0.868,5.99,11.03,1.0,7.73,390492.0,634514.0,-11295248.0,-13.36,-10846716.0,-12.83,-448532.0,-0.53,4014225.0,4.75,7281023.0,8.61,-6135.0,0.806,0.807,929442496.0,750060094,750060094,2026-08-03,2026-08-03 16:12:00+08:00
589190,科创芯片ETF华宝,0.567,0.5695,0.44,-0.043,-7.05,957141.0,55375976.0,0.6,0.602,0.567,0.61,5.74,3.1,0.88,8.7,391795.0,565346.0,-7217726.0,-13.03,-6827995.0,-12.33,-389731.0,-0.7,1757273.0,3.17,5460453.0,9.86,-5680.0,0.567,0.568,3091562000.0,1752915654,1752915654,2026-08-03,2026-08-03 16:11:57+08:00
159995,芯片ETF华夏,1.039,1.0381,-0.09,-0.079,-7.07,11345696.0,1200796468.688,1.089,1.106,1.036,1.118,6.26,4.87,1.03,72.12,4543910.0,6801787.0,-404018962.0,-33.65,-321039794.0,-26.74,-82979168.0,-6.91,179726946.0,14.97,224292006.0,18.68,-60193.0,1.039,1.04,23291126016.0,24199479931,24199479931,2026-08-03,2026-08-03 15:34:33+08:00
159801,芯片ETF广发,1.03,1.0241,-0.58,-0.079,-7.12,3454230.0,363183406.57,1.077,1.1,1.027,1.109,6.58,7.73,1.03,69.42,1349010.0,2105220.0,-106662782.0,-29.37,-83816013.0,-23.08,-22846769.0,-6.29,39705906.0,10.93,66956875.0,18.44,17336.0,1.029,1.03,4469120256.0,4603193864,4603193864,2026-08-03,2026-08-03 15:34:15+08:00
512480,半导体ETF国联安,0.921,0.9229,0.21,-0.071,-7.16,24238137.0,2275916678.0,0.969,0.978,0.919,0.992,5.95,12.54,1.16,68.02,10309407.0,13928730.0,-766622928.0,-33.68,-817126896.0,-35.9,50503968.0,2.22,394929027.0,17.35,371693897.0,16.33,-168083.0,0.921,0.922,19322007296.0,17795568720,17795568720,2026-08-03,2026-08-03 16:11:51+08:00
512760,芯片ETF国泰,0.996,0.9963,0.03,-0.078,-7.26,7604691.0,772648644.0,1.05,1.06,0.994,1.074,6.15,7.95,1.22,39.71,3351024.0,4253667.0,-200482390.0,-25.95,-142547318.0,-18.45,-57935072.0,-7.5,72127552.0,9.34,128354838.0,16.61,-31561.0,0.996,0.997,9561445632.0,9523199849,9523199849,2026-08-03,2026-08-03 16:11:52+08:00
159599,芯片ETF东财,2.53,2.519,-0.44,-0.199,-7.29,1437786.0,370021976.5,2.64,2.694,2.52,2.729,6.38,19.97,1.25,96.52,541749.0,896037.0,-78977564.0,-21.34,-75721104.0,-20.46,-3256460.0,-0.88,-20480770.0,-5.54,99458335.0,26.88,-7514.0,2.53,2.531,719822064.0,1821149822,1821149822,2026-08-03,2026-08-03 15:34:09+08:00
516350,芯片ETF易方达,1.485,1.4854,0.03,-0.117,-7.3,1884307.0,285198757.0,1.559,1.576,1.481,1.602,5.93,13.42,1.12,-38.02,841770.0,1042537.0,-48544366.0,-17.02,-24207286.0,-8.49,-24337080.0,-8.53,9348444.0,3.28,39195922.0,13.74,-6895.0,1.485,1.486,1404415296.0,2085556715,2085556715,2026-08-03,2026-08-03 16:11:47+08:00
159325,半导体ETF南方,1.91,1.9078,-0.12,-0.152,-7.37,1082114.0,210565584.4,1.997,2.054,1.905,2.062,7.23,20.63,0.94,89.26,379356.0,702758.0,-58451223.0,-27.76,-31775272.0,-15.09,-26675951.0,-12.67,1579473.0,0.75,56871749.0,27.01,-3692.0,1.91,1.911,524460528.0,1001719608,1001719608,2026-08-03,2026-08-03 15:34:27+08:00
159560,芯片ETF景顺,2.06,2.054,-0.29,-0.165,-7.42,182871.0,38478092.0,2.159,2.19,2.055,2.225,6.07,9.84,1.15,35.81,72600.0,110271.0,-11336360.0,-29.46,0.0,0.0,-11336360.0,-29.46,1479594.0,3.85,9856767.0,25.62,-695.0,2.06,2.061,185916460.0,382987908,382987908,2026-08-03,2026-08-03 15:34:57+08:00
159310,芯片ETF天弘,2.557,2.5516,-0.21,-0.205,-7.42,131337.0,34327151.1,2.679,2.718,2.552,2.762,6.01,2.69,1.03,88.81,56037.0,75300.0,-7643117.0,-22.27,39305.0,0.11,-7682422.0,-22.38,677835.0,1.97,6965282.0,20.29,-1490.0,2.557,2.558,487981088.0,1247767642,1247767642,2026-08-03,2026-08-03 15:34:27+08:00
516920,芯片ETF汇添富,1.271,1.2705,-0.04,-0.102,-7.43,490523.0,63570009.0,1.326,1.365,1.268,1.373,7.06,10.34,1.11,19.79,175683.0,314840.0,-20286265.0,-31.91,-21096366.0,-33.19,810101.0,1.27,3941210.0,6.2,16345055.0,25.71,-4427.0,1.271,1.272,474463008.0,603042483,603042483,2026-08-03,2026-08-03 16:11:35+08:00
159665,半导体龙头ETF工银,2.175,2.1863,0.52,-0.175,-7.45,445524.0,98690861.6,2.282,2.316,2.175,2.35,6.0,17.71,1.06,-19.42,158227.0,287297.0,-17458946.0,-17.69,-13922709.0,-14.11,-3536237.0,-3.58,2154597.0,2.18,15304350.0,15.51,-3983.0,2.175,2.176,251576860.0,547179671,547179671,2026-08-03,2026-08-03 15:34:15+08:00
516640,芯片ETF富国,1.309,1.311,0.15,-0.106,-7.49,2149894.0,287451462.0,1.381,1.394,1.306,1.415,6.22,16.06,1.17,26.66,799553.0,1350341.0,-58662995.0,-20.41,-23454351.0,-8.16,-35208644.0,-12.25,14964271.0,5.21,43698724.0,15.2,-11194.0,1.309,1.31,1338482800.0,1752073985,1752073985,2026-08-03,2026-08-03 16:11:59+08:00
159582,半导体ETF博时,0.673,0.6698,-0.48,-0.067,-9.05,2838079.0,195376513.9,0.716,0.732,0.671,0.74,8.24,28.36,1.27,86.53,1086774.0,1751305.0,-78894686.0,-40.38,-75476705.0,-38.63,-3417981.0,-1.75,40480171.0,20.72,38414515.0,19.66,-19580.0,0.673,0.674,1000608112.0,673409259,673409259,2026-08-03,2026-08-03 15:34:03+08:00
159327,半导体设备ETF万家,0.973,0.9713,-0.18,-0.1,-9.32,3666965.0,365521923.9,1.035,1.06,0.971,1.073,8.29,16.69,0.95,54.0,1420417.0,2246548.0,-92784726.0,-25.38,-48850357.0,-13.36,-43934369.0,-12.02,33599335.0,9.19,59185390.0,16.19,41833.0,0.972,0.973,2197574096.0,2138239595,2138239595,2026-08-03,2026-08-03 15:34:21+08:00
562590,半导体设备ETF华夏,0.856,0.8589,0.34,-0.09,-9.51,8857776.0,780417295.0,0.912,0.936,0.856,0.946,8.46,10.42,1.01,29.93,4011668.0,4846109.0,-173278209.0,-22.2,-102943137.0,-13.19,-70335072.0,-9.01,68324004.0,8.75,104954196.0,13.45,-110210.0,0.855,0.856,8503988992.0,7279414577,7279414577,2026-08-03,2026-08-03 16:12:01+08:00
159558,半导体设备ETF易方达,0.951,0.9498,-0.13,-0.1,-9.51,23610442.0,2308710605.445,1.017,1.04,0.95,1.051,8.56,13.52,0.93,64.38,10322558.0,13287884.0,-776440272.0,-33.63,-663107840.0,-28.72,-113332432.0,-4.91,348466928.0,15.09,427973375.0,18.54,-340372.0,0.951,0.952,17465563904.0,16609751273,16609751273,2026-08-03,2026-08-03 15:34:27+08:00
560780,半导体设备ETF广发,0.892,0.8954,0.38,-0.094,-9.53,12289959.0,1128119495.0,0.956,0.97,0.891,0.986,8.01,10.36,1.02,29.66,5058227.0,7231732.0,-211643392.0,-18.76,-152145344.0,-13.49,-59498048.0,-5.27,81147740.0,7.19,130495650.0,11.57,-75153.0,0.892,0.893,11863488000.0,10582231296,10582231296,2026-08-03,2026-08-03 16:11:39+08:00
561980,半导体设备ETF招商,0.609,0.6104,0.23,-0.065,-9.64,14711346.0,923667131.0,0.655,0.663,0.609,0.674,8.01,16.74,1.54,35.4,4873920.0,9837426.0,33364497.0,3.61,110860930.0,12.0,-77496433.0,-8.39,-113749997.0,-12.32,80385497.0,8.7,-157097.0,0.609,0.61,8790550016.0,5353444960,5353444960,2026-08-03,2026-08-03 16:11:35+08:00
159516,半导体设备ETF国泰,0.605,0.6065,0.25,-0.065,-9.7,93012540.0,5795886935.154,0.65,0.66,0.605,0.67,8.21,16.44,1.05,31.6,41296112.0,51716428.0,-1365345840.0,-23.56,-1561889216.0,-26.95,196543376.0,3.39,739581424.0,12.76,625764433.0,10.8,-817327.0,0.605,0.606,56570360064.0,34225067839,34225067839,2026-08-03,2026-08-03 15:34:06+08:00
588170,科创半导体ETF华夏,0.829,0.832,0.36,-0.091,-9.89,131421418.0,11228284792.0,0.89,0.902,0.828,0.92,8.04,29.92,1.26,-11.48,61511992.0,69909425.0,-2046991888.0,-18.23,-2284779008.0,-20.35,237787120.0,2.12,1004701632.0,8.95,1042290416.0,9.28,-1473180.0,0.828,0.829,43929446912.0,36417511490,36417511490,2026-08-03,2026-08-03 16:11:40+08:00
588710,科创半导体设备ETF华泰柏瑞,2.567,2.5772,0.4,-0.283,-9.93,9798338.0,2595143181.0,2.749,2.83,2.567,2.85,9.23,27.55,1.12,19.42,4196585.0,5601753.0,-299681936.0,-11.55,4137856.0,0.16,-303819792.0,-11.71,3594384.0,0.14,296087536.0,11.41,-102846.0,2.567,2.568,3556295008.0,9129009286,9129009286,2026-08-03,2026-08-03 16:11:59+08:00
589020,科创半导体设备ETF鹏华,2.015,2.0251,0.5,-0.224,-10.0,8262257.0,1718438319.0,2.156,2.21,2.015,2.239,8.71,34.98,1.15,-0.57,3471977.0,4790279.0,-249265733.0,-14.51,-94731253.0,-5.51,-154534480.0,-8.99,15513728.0,0.9,233752012.0,13.6,-83868.0,2.015,2.016,2362219008.0,4759871301,4759871301,2026-08-03,2026-08-03 16:11:55+08:00
159192,家电ETF汇添富,,0.9513,,,,,,,,,0.96,,0.0,,-0.04,,,,,,,,,,,,,,0.952,0.957,16987065.0,16307582,16307582,2026-08-03,2026-08-03 15:34:18+08:00
