代码,名称,最新价,IOPV实时估值,基金折价率,涨跌额,涨跌幅,成交量,成交额,开盘价,最高价,最低价,昨收,振幅,换手率,量比,委比,外盘,内盘,主力净流入-净额,主力净流入-净占比,超大单净流入-净额,超大单净流入-净占比,大单净流入-净额,大单净流入-净占比,中单净流入-净额,中单净流入-净占比,小单净流入-净额,小单净流入-净占比,现手,买一,卖一,最新份额,流通市值,总市值,数据日期,更新时间
589400,科创芯片设计ETF富国,0.773,0.7692,-0.49,0.045,6.18,322332.0,24564842.0,0.728,0.773,0.728,0.728,6.18,11.52,3.44,69.24,224399.0,97934.0,-349812.0,-1.42,2450846.0,9.98,-2800658.0,-11.4,-225560.0,-0.92,575372.0,2.34,-5844.0,0.772,0.773,279785200.0,216273960,216273960,2026-08-27,2026-08-27 16:11:35+08:00
589420,科创芯片设计ETF永赢,0.775,0.7708,-0.54,0.045,6.16,271109.0,20629219.0,0.731,0.775,0.731,0.73,6.03,7.48,2.09,31.42,162614.0,108495.0,1918328.0,9.3,3361416.0,16.29,-1443088.0,-7.0,-1264566.0,-6.13,-653763.0,-3.17,-8953.0,0.774,0.775,362481504.0,280923166,280923166,2026-08-27,2026-08-27 16:11:55+08:00
588780,科创芯片设计ETF国联安,1.0,0.9951,-0.49,0.056,5.93,3078858.0,302073696.0,0.95,1.0,0.95,0.944,5.3,30.92,1.47,10.57,1112255.0,1966603.0,-2027259.0,-0.67,27599559.0,9.14,-29626818.0,-9.81,-9978534.0,-3.3,12005794.0,3.97,-45606.0,1.0,1.001,995902000.0,995902000,995902000,2026-08-27,2026-08-27 16:11:44+08:00
589250,科创芯片设计ETF浦银,1.26,1.2579,-0.17,0.069,5.79,121861.0,15098126.0,1.205,1.26,1.193,1.191,5.63,14.66,1.69,20.78,73148.0,48713.0,2854376.0,18.91,6281897.0,41.61,-3427521.0,-22.7,-1361296.0,-9.02,-1493079.0,-9.89,-4621.0,1.259,1.26,83101300.0,104707638,104707638,2026-08-27,2026-08-27 16:11:38+08:00
589170,科创芯片设计ETF鹏华,1.093,1.0899,-0.28,0.059,5.71,147910.0,15833613.0,1.053,1.093,1.043,1.034,4.84,10.21,2.97,35.32,105681.0,42229.0,1589759.0,10.04,3422176.0,21.61,-1832417.0,-11.57,26912.0,0.17,-1616670.0,-10.21,-885.0,1.093,1.094,144909000.0,158385537,158385537,2026-08-27,2026-08-27 16:11:48+08:00
589030,科创芯片设计ETF易方达,1.158,1.1575,-0.04,0.062,5.66,966351.0,109961478.0,1.107,1.159,1.105,1.096,4.93,11.49,1.29,-28.08,657543.0,308808.0,6012586.0,5.47,8908491.0,8.1,-2895905.0,-2.63,-1298243.0,-1.18,-4714344.0,-4.29,-5544.0,1.158,1.159,841077008.0,973967175,973967175,2026-08-27,2026-08-27 16:11:52+08:00
589070,科创芯片设计ETF天弘,1.084,1.0825,-0.14,0.058,5.65,2742841.0,292098757.0,1.034,1.084,1.034,1.026,4.87,14.66,1.07,-7.4,1335525.0,1407316.0,10324274.0,3.53,29796837.0,10.2,-19472563.0,-6.67,-3794906.0,-1.3,-6529368.0,-2.24,-9846.0,1.083,1.084,1871293008.0,2028481621,2028481621,2026-08-27,2026-08-27 16:11:41+08:00
589390,科创芯片设计ETF招商,0.768,0.7671,-0.12,0.041,5.64,302644.0,22894800.0,0.729,0.769,0.729,0.727,5.5,2.29,0.86,3.28,188136.0,114508.0,558405.0,2.44,1329406.0,5.81,-771001.0,-3.37,325781.0,1.42,-884186.0,-3.86,-950.0,0.767,0.768,1319810496.0,1013614461,1013614461,2026-08-27,2026-08-27 16:11:45+08:00
588020,科创成长ETF易方达,0.884,0.8813,-0.31,0.047,5.62,5232914.0,452966282.0,0.846,0.884,0.839,0.837,5.38,26.12,1.64,28.08,2727858.0,2505056.0,-7673910.0,-1.69,-29976120.0,-6.62,22302210.0,4.92,4919973.0,1.09,2753937.0,0.61,-31881.0,0.884,0.885,2003373008.0,1770981739,1770981739,2026-08-27,2026-08-27 16:11:40+08:00
589260,科创芯片设计ETF国泰,1.259,1.2582,-0.06,0.067,5.62,84291.0,10493942.0,1.194,1.261,1.194,1.192,5.62,15.28,2.1,-14.75,50857.0,33434.0,-2446087.0,-23.31,-1757156.0,-16.74,-688931.0,-6.57,1390023.0,13.25,1056064.0,10.06,-1271.0,1.259,1.26,55156000.0,69441404,69441404,2026-08-27,2026-08-27 16:11:50+08:00
159295,创业综指ETF西部利得,1.074,1.0671,-0.65,0.057,5.6,132329.0,13710807.84,1.027,1.074,1.017,1.017,5.6,15.95,1.71,87.67,43444.0,88885.0,2274076.0,16.59,5530329.0,40.34,-3256253.0,-23.75,-2284900.0,-16.66,10824.0,0.08,-196.0,1.074,1.078,82958239.0,89097149,89097149,2026-08-27,2026-08-27 15:34:15+08:00
589210,科创芯片设计ETF广发,0.685,0.6846,-0.06,0.036,5.55,750202.0,50442595.0,0.654,0.686,0.654,0.649,4.93,5.8,1.14,0.38,459935.0,290267.0,1292289.0,2.56,-1100980.0,-2.18,2393269.0,4.74,-350488.0,-0.69,-941802.0,-1.87,-14116.0,0.684,0.685,1292938000.0,885662530,885662530,2026-08-27,2026-08-27 16:11:47+08:00
589290,科创芯片设计ETF汇添富,0.798,0.7988,0.1,0.041,5.42,133217.0,10471024.0,0.762,0.8,0.762,0.757,5.02,10.42,1.92,12.58,78487.0,54730.0,1480372.0,14.14,1100446.0,10.51,379926.0,3.63,-1035024.0,-9.88,-445348.0,-4.25,-1123.0,0.797,0.798,127848900.0,102023422,102023422,2026-08-27,2026-08-27 16:11:53+08:00
589700,科创成长ETF南方,2.243,2.2378,-0.23,0.114,5.35,65981.0,14487118.0,2.13,2.243,2.13,2.129,5.31,19.24,1.03,23.97,33587.0,32394.0,2401541.0,16.58,1928461.0,13.31,473080.0,3.27,-644766.0,-4.45,-1756775.0,-12.13,-479.0,2.243,2.244,34291000.0,76914713,76914713,2026-08-27,2026-08-27 16:11:54+08:00
589350,科创芯片设计ETF银华,0.775,0.7762,0.15,0.039,5.3,344892.0,26338785.0,0.745,0.777,0.74,0.736,5.03,15.24,1.72,-45.04,241738.0,103154.0,7475462.0,28.38,12427885.0,47.18,-4952423.0,-18.8,-5112842.0,-19.41,-2362621.0,-8.97,-3952.0,0.774,0.775,226281500.0,175368163,175368163,2026-08-27,2026-08-27 16:12:00+08:00
588070,科创成长ETF万家,2.258,2.2541,-0.17,0.112,5.22,78168.0,17321258.0,2.152,2.258,2.148,2.146,5.13,18.42,1.31,-52.37,51087.0,27081.0,4601221.0,26.56,5977449.0,34.51,-1376228.0,-7.95,-2715079.0,-15.67,-1886143.0,-10.89,-664.0,2.258,2.259,42437000.0,95822746,95822746,2026-08-27,2026-08-27 16:11:32+08:00
588110,科创成长ETF广发,0.648,0.6468,-0.19,0.032,5.19,1341028.0,85387009.0,0.618,0.649,0.616,0.616,5.36,12.98,1.02,-18.21,796518.0,544510.0,12567793.0,14.72,2127478.0,2.49,10440315.0,12.23,-8062602.0,-9.44,-4505192.0,-5.28,-16252.0,0.648,0.649,1033032000.0,669404736,669404736,2026-08-27,2026-08-27 16:11:54+08:00
159546,集成电路ETF国泰,0.787,0.7874,0.05,0.038,5.07,966967.0,75025773.072,0.758,0.788,0.755,0.749,4.41,12.81,1.56,-7.68,623011.0,343956.0,-5383750.0,-7.18,-3288412.0,-4.38,-2095338.0,-2.79,-5161799.0,-6.88,10545550.0,14.06,-16014.0,0.787,0.788,754927824.0,594128197,594128197,2026-08-27,2026-08-27 15:34:42+08:00
562820,集成电路ETF嘉实,0.981,0.9805,-0.05,0.047,5.03,415737.0,40206312.0,0.939,0.982,0.939,0.934,4.6,10.49,1.47,-3.45,275062.0,140675.0,-4887016.0,-12.15,-368620.0,-0.92,-4518396.0,-11.24,-2838260.0,-7.06,7725276.0,19.21,-6382.0,0.98,0.981,396408000.0,388876248,388876248,2026-08-27,2026-08-27 16:11:46+08:00
589180,科创新材料ETF汇添富,1.786,1.7775,-0.48,0.085,5.0,218654.0,38259546.0,1.716,1.789,1.699,1.701,5.29,15.58,1.12,0.97,131498.0,87156.0,4266976.0,11.15,1384421.0,3.62,2882555.0,7.53,-806281.0,-2.11,-3460695.0,-9.05,-3012.0,1.786,1.787,140318000.0,250607948,250607948,2026-08-27,2026-08-27 16:11:55+08:00
588160,科创新材料ETF南方,1.113,1.1106,-0.22,0.052,4.9,2142297.0,233354545.0,1.066,1.113,1.061,1.061,4.9,25.11,0.92,-28.72,975335.0,1166962.0,5123002.0,2.2,-2918218.0,-1.25,8041220.0,3.45,-1094216.0,-0.47,-4028785.0,-1.73,-14126.0,1.113,1.114,852996000.0,949384548,949384548,2026-08-27,2026-08-27 16:11:37+08:00
159539,信创ETF广发,1.82,1.8167,-0.18,0.084,4.84,51908.0,9336172.3,1.759,1.82,1.743,1.736,4.44,9.87,2.74,50.28,34301.0,17607.0,309019.0,3.31,2262235.0,24.23,-1953216.0,-20.92,253550.0,2.72,-562569.0,-6.03,138.0,1.819,1.82,52565182.0,95668631,95668631,2026-08-27,2026-08-27 15:34:39+08:00
588410,科创创业人工智能ETF鹏华,1.194,1.1918,-0.18,0.055,4.83,58577.0,6892278.0,1.151,1.194,1.151,1.139,3.78,5.17,1.7,-34.19,34035.0,24542.0,1602409.0,23.25,1818313.0,26.38,-215904.0,-3.13,-737883.0,-10.71,-864526.0,-12.54,-1064.0,1.191,1.194,113250000.0,135220500,135220500,2026-08-27,2026-08-27 16:11:53+08:00
588200,科创芯片ETF嘉实,1.203,1.2027,-0.02,0.055,4.79,32096338.0,3806059416.0,1.16,1.206,1.154,1.148,4.53,7.52,1.25,2.9,16846714.0,15249624.0,284456640.0,7.47,146374496.0,3.85,138082144.0,3.63,-133791680.0,-3.52,-150664964.0,-3.96,-260993.0,1.203,1.204,42667184384.0,51328622814,51328622814,2026-08-27,2026-08-27 16:11:47+08:00
588010,科创新材料ETF博时,1.084,1.0823,-0.16,0.049,4.73,1275595.0,135572636.0,1.041,1.084,1.035,1.035,4.73,13.56,0.86,3.91,577379.0,698216.0,12700688.0,9.37,-619834.0,-0.46,13320522.0,9.83,-5387067.0,-3.97,-7313620.0,-5.39,-8255.0,1.083,1.084,940425808.0,1019421576,1019421576,2026-08-27,2026-08-27 16:11:35+08:00
589100,科创芯片ETF国泰,0.932,0.9314,-0.06,0.042,4.72,552022.0,50637695.0,0.9,0.934,0.894,0.89,4.49,6.18,1.1,9.51,333266.0,218756.0,7645464.0,15.1,4294031.0,8.48,3351433.0,6.62,-3117000.0,-6.16,-4528464.0,-8.94,-2580.0,0.932,0.933,893442496.0,832688406,832688406,2026-08-27,2026-08-27 16:11:38+08:00
589130,科创芯片ETF易方达,1.432,1.4324,0.03,0.064,4.68,1740328.0,244894597.0,1.375,1.435,1.374,1.368,4.46,5.18,0.96,-30.7,809185.0,931143.0,23174478.0,9.46,11067690.0,4.52,12106788.0,4.94,-9614387.0,-3.93,-13560091.0,-5.54,-8119.0,1.432,1.433,3362780000.0,4815500960,4815500960,2026-08-27,2026-08-27 16:11:45+08:00
588750,科创芯片ETF汇添富,2.409,2.4063,-0.11,0.107,4.65,1451397.0,343459101.0,2.323,2.414,2.31,2.302,4.52,4.47,1.22,45.61,681870.0,769526.0,32659024.0,9.51,13555914.0,3.95,19103110.0,5.56,-13611758.0,-3.96,-19047265.0,-5.55,-7537.0,2.409,2.41,3250228000.0,7829799252,7829799252,2026-08-27,2026-08-27 16:12:01+08:00
589190,科创芯片ETF华宝,0.655,0.6553,0.05,0.029,4.63,1082058.0,69875156.0,0.63,0.656,0.629,0.626,4.31,3.87,0.97,-8.25,609234.0,472824.0,6323547.0,9.05,5318340.0,7.61,1005207.0,1.44,-3748983.0,-5.37,-2574564.0,-3.68,-4264.0,0.654,0.655,2797562000.0,1832403110,1832403110,2026-08-27,2026-08-27 16:11:35+08:00
515880,通信ETF国泰,0.678,0.677,-0.15,0.03,4.63,54034927.0,3627662861.0,0.658,0.681,0.657,0.648,3.7,8.69,1.15,-14.53,32320078.0,21714850.0,457255872.0,12.6,484780464.0,13.36,-27524592.0,-0.76,-268555184.0,-7.4,-188700690.0,-5.2,-575438.0,0.678,0.679,62173774080.0,42153818826,42153818826,2026-08-27,2026-08-27 16:11:50+08:00
588890,科创芯片ETF南方,1.361,1.3611,0.01,0.06,4.61,1133073.0,151866464.0,1.308,1.363,1.305,1.301,4.46,12.4,2.02,16.03,571186.0,561887.0,8551071.0,5.63,9024518.0,5.94,-473447.0,-0.31,-2527358.0,-1.66,-6023712.0,-3.97,-4175.0,1.36,1.361,913810000.0,1243695410,1243695410,2026-08-27,2026-08-27 16:11:58+08:00
589010,科创人工智能ETF华夏,1.403,1.4028,-0.01,0.061,4.55,400969.0,55315607.0,1.355,1.404,1.351,1.342,3.95,4.38,0.74,21.6,240788.0,160181.0,4453093.0,8.05,1157168.0,2.09,3295925.0,5.96,-865692.0,-1.57,-3587401.0,-6.49,-258.0,1.402,1.403,914793008.0,1283454590,1283454590,2026-08-27,2026-08-27 16:11:33+08:00
588290,科创芯片ETF华安,1.177,1.177,0.0,0.051,4.53,4040146.0,473006357.0,1.131,1.179,1.13,1.126,4.35,8.15,2.95,-13.41,777180.0,3262966.0,12132632.0,2.57,2197344.0,0.46,9935288.0,2.1,-2376694.0,-0.5,-9755946.0,-2.06,-7940.0,1.177,1.178,4960190976.0,5838144779,5838144779,2026-08-27,2026-08-27 16:11:46+08:00
159139,科创创业人工智能ETF华泰柏瑞,1.246,1.2445,-0.12,0.054,4.53,224816.0,27677343.2,1.195,1.246,1.195,1.192,4.28,11.95,0.63,-52.61,112385.0,112431.0,4476035.0,16.17,7081790.0,25.59,-2605755.0,-9.41,-1885164.0,-6.81,-2590872.0,-9.36,-1121.0,1.246,1.247,188109210.0,234384076,234384076,2026-08-27,2026-08-27 15:34:27+08:00
588990,科创芯片ETF博时,3.764,3.7653,0.03,0.163,4.53,114004.0,42207007.0,3.63,3.769,3.613,3.601,4.33,5.77,1.05,33.77,67358.0,46646.0,2234470.0,5.29,1397393.0,3.31,837077.0,1.98,1950844.0,4.62,-4185316.0,-9.92,-777.0,3.764,3.765,197745400.0,744313686,744313686,2026-08-27,2026-08-27 16:11:41+08:00
512480,半导体ETF国联安,1.063,1.0603,-0.25,0.046,4.52,14989527.0,1566996991.0,1.025,1.064,1.02,1.017,4.33,7.74,1.13,-17.91,8363491.0,6626037.0,249234640.0,15.91,286351200.0,18.27,-37116560.0,-2.37,-121354208.0,-7.74,-127880440.0,-8.16,-133795.0,1.062,1.063,19378007296.0,20598821756,20598821756,2026-08-27,2026-08-27 16:12:01+08:00
589230,科创人工智能ETF南方,0.859,0.8576,-0.16,0.037,4.5,180762.0,15253776.0,0.822,0.859,0.822,0.822,4.5,7.42,0.84,-25.9,114830.0,65932.0,2747910.0,18.01,0.0,0.0,2747910.0,18.01,-1416753.0,-9.29,-1331158.0,-8.73,-459.0,0.858,0.859,243553000.0,209212027,209212027,2026-08-27,2026-08-27 16:12:01+08:00
588810,科创芯片ETF富国,2.579,2.5776,-0.05,0.111,4.5,379693.0,96193833.0,2.48,2.584,2.476,2.468,4.38,6.55,0.99,36.06,199135.0,180558.0,8693500.0,9.04,5602991.0,5.82,3090509.0,3.21,-3276666.0,-3.41,-5416834.0,-5.63,-2895.0,2.578,2.579,579324000.0,1494076596,1494076596,2026-08-27,2026-08-27 16:11:54+08:00
159141,科创创业人工智能ETF永赢,1.164,1.1629,-0.09,0.05,4.49,636857.0,73266424.828,1.125,1.165,1.125,1.114,3.59,4.86,0.9,-43.61,377572.0,259285.0,3435430.0,4.69,-1536849.0,-2.1,4972279.0,6.79,-8039943.0,-10.97,4604512.0,6.28,2436.0,1.163,1.164,1309060736.0,1523746697,1523746697,2026-08-27,2026-08-27 15:34:39+08:00
588790,科创AIETF博时,0.793,0.7924,-0.08,0.034,4.48,2939299.0,229309553.0,0.762,0.794,0.762,0.759,4.22,8.96,0.99,-43.99,1562976.0,1376323.0,52337686.0,22.82,49733472.0,21.69,2604214.0,1.14,-26843752.0,-11.71,-25493935.0,-11.12,-13190.0,0.792,0.793,3280384000.0,2601344512,2601344512,2026-08-27,2026-08-27 16:11:40+08:00
588760,科创人工智能ETF广发,0.75,0.7507,0.09,0.032,4.46,2453439.0,181346355.0,0.721,0.752,0.721,0.718,4.32,10.27,1.1,-36.69,1457235.0,996203.0,40602790.0,22.39,45458461.0,25.07,-4855671.0,-2.68,-26128129.0,-14.41,-14474662.0,-7.98,-4182.0,0.75,0.751,2389532000.0,1792149000,1792149000,2026-08-27,2026-08-27 16:11:38+08:00
589160,科创芯片ETF广发,1.311,1.311,0.0,0.056,4.46,237349.0,30648190.0,1.268,1.313,1.258,1.255,4.38,8.35,0.99,-25.86,133528.0,103821.0,6782298.0,22.13,7000536.0,22.84,-218238.0,-0.71,-1901943.0,-6.21,-4880356.0,-15.92,-3553.0,1.311,1.312,284296000.0,372712056,372712056,2026-08-27,2026-08-27 16:11:32+08:00
159538,信创ETF富国,0.919,0.9192,0.02,0.039,4.43,99661.0,9049932.1,0.885,0.92,0.885,0.88,3.98,4.52,0.8,-15.6,54560.0,45101.0,103068.0,1.14,1721650.0,19.02,-1618582.0,-17.89,-540808.0,-5.98,437740.0,4.84,-2278.0,0.919,0.92,220608966.0,202739640,202739640,2026-08-27,2026-08-27 15:34:15+08:00
588920,科创芯片ETF鹏华,1.156,1.1561,0.01,0.049,4.43,300044.0,34282208.0,1.116,1.159,1.11,1.107,4.43,9.18,1.31,-28.16,160738.0,139306.0,5552987.0,16.2,972558.0,2.84,4580429.0,13.36,-1855556.0,-5.41,-3697430.0,-10.79,-1648.0,1.156,1.157,326876000.0,377868656,377868656,2026-08-27,2026-08-27 16:11:38+08:00
588450,科创50增强ETF招商,2.216,2.2145,-0.07,0.094,4.43,64700.0,14121609.0,2.124,2.216,2.124,2.122,4.34,10.68,1.33,44.09,38173.0,26527.0,2185323.0,15.48,0.0,0.0,2185323.0,15.48,-1349803.0,-9.56,-835520.0,-5.92,-812.0,2.215,2.216,60568700.0,134220239,134220239,2026-08-27,2026-08-27 16:11:40+08:00
159140,科创创业人工智能ETF易方达,1.249,1.2508,0.14,0.053,4.43,693271.0,85523675.181,1.207,1.252,1.207,1.196,3.76,13.87,1.09,-82.06,410867.0,282404.0,11004588.0,12.87,12278185.0,14.36,-1273597.0,-1.49,-6150019.0,-7.19,-4854569.0,-5.68,-2026.0,1.249,1.25,499936832.0,624421103,624421103,2026-08-27,2026-08-27 15:34:30+08:00
159813,半导体ETF鹏华,0.756,0.7543,-0.23,0.032,4.42,4533769.0,337825281.077,0.729,0.757,0.727,0.724,4.14,5.04,1.21,-70.56,2871024.0,1662745.0,84974928.0,25.15,98312051.0,29.1,-13337123.0,-3.95,-51481677.0,-15.24,-33493250.0,-9.91,52853.0,0.755,0.756,9001724928.0,6805304046,6805304046,2026-08-27,2026-08-27 15:34:24+08:00
159995,芯片ETF华夏,1.181,1.1803,-0.06,0.05,4.42,6851149.0,796527323.948,1.14,1.181,1.135,1.131,4.07,2.85,1.02,-4.5,4156261.0,2694888.0,211623158.0,26.57,238824571.0,29.98,-27201413.0,-3.42,-96638565.0,-12.13,-114984595.0,-14.44,92020.0,1.18,1.181,24001126144.0,28345329976,28345329976,2026-08-27,2026-08-27 15:34:09+08:00
589560,科创人工智能ETF汇添富,0.945,0.9446,-0.04,0.04,4.42,148240.0,13808232.0,0.906,0.946,0.906,0.905,4.42,5.99,1.63,-33.14,104755.0,43485.0,2200659.0,15.94,4320508.0,31.29,-2119849.0,-15.35,-1129368.0,-8.18,-1071291.0,-7.76,-1075.0,0.944,0.945,247355000.0,233750475,233750475,2026-08-27,2026-08-27 16:11:40+08:00
589380,科创人工智能ETF富国,1.417,1.4165,-0.04,0.06,4.42,30119.0,4198773.0,1.363,1.42,1.363,1.357,4.2,3.15,1.14,3.27,16986.0,13133.0,672884.0,16.03,1510740.0,35.98,-837856.0,-19.95,90591.0,2.16,-763476.0,-18.18,-134.0,1.416,1.417,95694300.0,135598823,135598823,2026-08-27,2026-08-27 16:11:44+08:00
588530,科创创业人工智能ETF中银证券,0.93,0.9309,0.1,0.039,4.38,127951.0,11743785.0,0.893,0.932,0.893,0.891,4.38,5.75,2.08,-24.06,104897.0,23054.0,1890844.0,16.1,506133.0,4.31,1384711.0,11.79,-1214349.0,-10.34,-676496.0,-5.76,-50.0,0.928,0.93,222433300.0,206862969,206862969,2026-08-27,2026-08-27 16:11:36+08:00
159142,科创创业人工智能ETF景顺,1.192,1.1926,0.05,0.05,4.38,836146.0,98235945.9,1.162,1.194,1.153,1.142,3.59,7.18,1.06,-58.21,543344.0,292802.0,7715670.0,7.85,8765899.0,8.92,-1050229.0,-1.07,-7641170.0,-7.78,-74501.0,-0.08,-4585.0,1.192,1.193,1165260144.0,1388990092,1388990092,2026-08-27,2026-08-27 15:34:00+08:00
588730,科创人工智能ETF易方达,1.48,1.482,0.13,0.062,4.37,613168.0,89559279.0,1.429,1.484,1.425,1.418,4.16,8.34,1.04,-16.14,330177.0,282991.0,16826989.0,18.79,3107151.0,3.47,13719838.0,15.32,-6146434.0,-6.86,-10680555.0,-11.93,-1684.0,1.48,1.481,735396304.0,1088386530,1088386530,2026-08-27,2026-08-27 16:11:57+08:00
588430,科创创业人工智能ETF工银,1.22,1.2193,-0.06,0.051,4.36,77563.0,9314079.0,1.178,1.22,1.178,1.169,3.59,7.57,1.34,-1.6,45872.0,31691.0,1421657.0,15.26,-448731.0,-4.82,1870388.0,20.08,-894818.0,-9.61,-526839.0,-5.66,-8.0,1.218,1.22,102458000.0,124998760,124998760,2026-08-27,2026-08-27 16:11:50+08:00
588420,科创创业人工智能ETF摩根,1.176,1.1758,-0.02,0.049,4.35,216713.0,25169277.0,1.136,1.178,1.118,1.127,5.32,6.31,1.38,18.18,133254.0,83459.0,4175774.0,16.59,6768397.0,26.89,-2592623.0,-10.3,-1659243.0,-6.59,-2516532.0,-10.0,-2153.0,1.174,1.176,343648000.0,404130048,404130048,2026-08-27,2026-08-27 16:11:41+08:00
589090,科创AIETF鹏华,1.06,1.0601,0.01,0.044,4.33,94669.0,9905832.0,1.018,1.062,1.0,1.016,6.1,5.35,1.34,-64.83,65397.0,29272.0,3521637.0,35.55,3853642.0,38.9,-332005.0,-3.35,-2006218.0,-20.25,-1515420.0,-15.3,-716.0,1.06,1.061,176931000.0,187546860,187546860,2026-08-27,2026-08-27 16:11:51+08:00
588100,科创信息ETF嘉实,0.894,0.8932,-0.09,0.037,4.32,144836.0,12741946.0,0.86,0.895,0.86,0.857,4.08,7.18,1.27,-8.81,81796.0,63040.0,913069.0,7.17,2850311.0,22.37,-1937242.0,-15.2,83840.0,0.66,-996909.0,-7.82,-877.0,0.893,0.894,201746200.0,180361103,180361103,2026-08-27,2026-08-27 16:11:40+08:00
589110,科创人工智能ETF国泰,0.918,0.919,0.11,0.038,4.32,96184.0,8737494.0,0.89,0.92,0.886,0.88,3.86,1.85,0.83,-6.21,62114.0,34070.0,753421.0,8.62,-2670.0,-0.03,756091.0,8.65,-151468.0,-1.73,-601953.0,-6.89,-804.0,0.918,0.92,519413008.0,476821141,476821141,2026-08-27,2026-08-27 16:11:34+08:00
588930,科创人工智能ETF银华,1.551,1.5527,0.11,0.064,4.3,290197.0,44349245.0,1.495,1.554,1.495,1.487,3.97,4.7,0.9,19.29,188207.0,101990.0,6539420.0,14.75,1168156.0,2.63,5371264.0,12.11,-2049817.0,-4.62,-4489604.0,-10.12,-1565.0,1.55,1.551,617329008.0,957477291,957477291,2026-08-27,2026-08-27 16:11:35+08:00
159259,成长ETF易方达,1.361,1.359,-0.15,0.056,4.29,4368981.0,587853695.002,1.32,1.364,1.311,1.305,4.06,9.67,1.14,-8.39,2628379.0,1740602.0,23256759.0,3.96,15559061.0,2.65,7697698.0,1.31,-9771995.0,-1.66,-13484763.0,-2.29,-44470.0,1.361,1.362,4519696384.0,6151306779,6151306779,2026-08-27,2026-08-27 15:34:45+08:00
588460,科创50增强ETF鹏华,2.089,2.0864,-0.12,0.086,4.29,245363.0,50398963.0,2.015,2.09,2.011,2.003,3.94,3.88,0.99,-33.12,139442.0,105921.0,7394780.0,14.67,1397912.0,2.77,5996868.0,11.9,-1584705.0,-3.14,-5810074.0,-11.53,-1870.0,2.088,2.089,633014000.0,1322366246,1322366246,2026-08-27,2026-08-27 16:11:52+08:00
159540,信创ETF易方达,1.95,1.9518,0.09,0.08,4.28,129402.0,24882305.5,1.885,1.953,1.882,1.87,3.8,10.48,0.95,72.01,61672.0,67730.0,2046265.0,8.22,6081098.0,24.44,-4034833.0,-16.22,-2964099.0,-11.91,917834.0,3.69,-799.0,1.95,1.951,123505191.0,240835122,240835122,2026-08-27,2026-08-27 15:34:18+08:00
589410,科创人工智能ETF嘉实,0.832,0.8333,0.16,0.034,4.26,102402.0,8393033.0,0.8,0.834,0.8,0.798,4.26,1.84,1.11,-16.51,67072.0,35330.0,3297726.0,39.29,3767223.0,44.89,-469497.0,-5.59,-2258168.0,-26.91,-1039558.0,-12.39,-315.0,0.832,0.833,556565600.0,463062579,463062579,2026-08-27,2026-08-27 16:11:59+08:00
515000,科技ETF华宝,1.297,1.2964,-0.05,0.053,4.26,1316760.0,168647230.0,1.253,1.299,1.253,1.244,3.7,4.21,0.99,-31.54,824285.0,492475.0,15267700.0,9.05,28715891.0,17.03,-13448191.0,-7.97,-11943395.0,-7.08,-3324305.0,-1.97,-8629.0,1.297,1.298,3130579296.0,4060361347,4060361347,2026-08-27,2026-08-27 16:11:50+08:00
588550,科创综指增强ETF易方达,1.371,1.369,-0.15,0.056,4.26,97611.0,13271024.0,1.32,1.371,1.318,1.315,4.03,14.51,1.85,9.81,60065.0,37546.0,627647.0,4.73,-471657.0,-3.55,1099304.0,8.28,160050.0,1.21,-787697.0,-5.94,-422.0,1.37,1.371,67290000.0,92254590,92254590,2026-08-27,2026-08-27 16:11:37+08:00
159325,半导体ETF南方,2.185,2.1845,-0.02,0.089,4.25,641471.0,138293308.8,2.111,2.187,2.102,2.096,4.06,12.09,1.13,-22.98,352789.0,288682.0,25689918.0,18.58,31962957.0,23.11,-6273039.0,-4.54,-9848364.0,-7.12,-15841555.0,-11.46,-4988.0,2.185,2.186,530460528.0,1159056254,1159056254,2026-08-27,2026-08-27 15:34:45+08:00
159537,信创ETF国泰,0.909,0.9096,0.07,0.037,4.24,56358.0,5055546.7,0.872,0.91,0.872,0.872,4.36,3.75,1.24,-60.87,29734.0,26624.0,1805012.0,35.7,1889058.0,37.37,-84046.0,-1.66,-957436.0,-18.94,-847576.0,-16.77,-559.0,0.909,0.91,150285204.0,136609250,136609250,2026-08-27,2026-08-27 15:34:27+08:00
159665,半导体龙头ETF工银,2.491,2.4931,0.08,0.101,4.23,235474.0,57855363.7,2.405,2.494,2.4,2.39,3.93,9.36,1.19,-40.18,129630.0,105844.0,5820100.0,10.06,1911402.0,3.3,3908698.0,6.76,274359.0,0.47,-6094459.0,-10.53,-2449.0,2.491,2.492,251576860.0,626677958,626677958,2026-08-27,2026-08-27 15:34:57+08:00
516350,芯片ETF易方达,1.68,1.6778,-0.13,0.068,4.22,983294.0,162770187.0,1.622,1.681,1.617,1.612,3.97,6.57,1.05,-1.51,577285.0,406009.0,27960384.0,17.18,17301394.0,10.63,10658990.0,6.55,-10970399.0,-6.74,-16989984.0,-10.44,-12421.0,1.679,1.68,1496415296.0,2513977697,2513977697,2026-08-27,2026-08-27 16:11:51+08:00
516640,芯片ETF富国,1.485,1.4846,-0.03,0.06,4.21,1004114.0,146740568.0,1.434,1.486,1.43,1.425,3.93,7.55,1.01,-31.49,596487.0,407626.0,27285560.0,18.59,11951407.0,8.14,15334153.0,10.45,-9106017.0,-6.21,-18179542.0,-12.39,-9128.0,1.484,1.485,1330482800.0,1975766958,1975766958,2026-08-27,2026-08-27 16:11:37+08:00
589310,科创人工智能ETF鑫元,0.816,0.8178,0.22,0.033,4.21,44954.0,3619383.0,0.785,0.818,0.785,0.783,4.21,1.51,0.69,29.06,22983.0,21971.0,989492.0,27.34,0.0,0.0,989492.0,27.34,-514163.0,-14.21,-475329.0,-13.13,-110.0,0.816,0.817,298491808.0,243569315,243569315,2026-08-27,2026-08-27 16:11:44+08:00
588770,科创信息ETF摩根,1.883,1.8845,0.08,0.076,4.21,60742.0,11316116.0,1.825,1.887,1.808,1.807,4.37,1.93,1.03,19.66,36091.0,24651.0,351324.0,3.1,460603.0,4.07,-109279.0,-0.97,54789.0,0.48,-406113.0,-3.59,-359.0,1.883,1.884,314597104.0,592386347,592386347,2026-08-27,2026-08-27 16:12:00+08:00
159022,科创创业人工智能ETF富国,0.993,0.9943,0.13,0.04,4.2,176862.0,17377599.752,0.962,0.995,0.961,0.953,3.57,10.49,1.19,-43.26,107723.0,69139.0,4070128.0,23.42,0.0,0.0,4070128.0,23.42,-1697187.0,-9.77,-2372941.0,-13.66,-674.0,0.993,0.994,168630967.0,167450550,167450550,2026-08-27,2026-08-27 15:34:45+08:00
589520,科创人工智能ETF华宝,0.595,0.5956,0.1,0.024,4.2,748789.0,43908611.0,0.572,0.597,0.572,0.571,4.38,9.38,1.47,-33.27,452081.0,296708.0,10000732.0,22.78,10996880.0,25.04,-996148.0,-2.27,-6016976.0,-13.7,-3983755.0,-9.07,-2220.0,0.595,0.596,798104608.0,474872242,474872242,2026-08-27,2026-08-27 16:11:48+08:00
159801,芯片ETF广发,1.171,1.1697,-0.11,0.047,4.18,1752481.0,202041937.84,1.13,1.172,1.127,1.124,4.0,3.9,1.13,-65.48,1048407.0,704074.0,47419663.0,23.47,53063277.0,26.26,-5643614.0,-2.79,-21569530.0,-10.68,-25850134.0,-12.79,10744.0,1.17,1.171,4496120064.0,5264956595,5264956595,2026-08-27,2026-08-27 15:34:48+08:00
516050,科技龙头ETF工银,1.4,1.3989,-0.08,0.056,4.17,94333.0,13053744.0,1.346,1.402,1.346,1.344,4.17,5.85,1.48,24.58,67515.0,26818.0,2046627.0,15.68,5839455.0,44.73,-3792828.0,-29.06,-899846.0,-6.89,-1146780.0,-8.79,-363.0,1.398,1.4,161228000.0,225719200,225719200,2026-08-27,2026-08-27 16:11:51+08:00
588510,科创创业人工智能ETF华夏,0.849,0.8493,0.04,0.034,4.17,186139.0,15644496.0,0.821,0.85,0.82,0.815,3.68,5.76,1.28,-43.97,139614.0,46525.0,5217243.0,33.35,3854188.0,24.64,1363055.0,8.71,-3079607.0,-19.68,-2137636.0,-13.66,-506.0,0.849,0.85,323175008.0,274375582,274375582,2026-08-27,2026-08-27 16:11:54+08:00
512220,TMTETF景顺,3.902,3.9071,0.13,0.155,4.14,53927.0,20766421.0,3.786,3.91,3.772,3.747,3.68,2.59,0.81,38.27,23102.0,30825.0,2545194.0,12.26,1635823.0,7.88,909371.0,4.38,-50675.0,-0.24,-2494520.0,-12.01,-370.0,3.902,3.906,208467600.0,813440575,813440575,2026-08-27,2026-08-27 16:11:37+08:00
159599,芯片ETF东财,2.866,2.8697,0.13,0.114,4.14,724863.0,204740589.9,2.768,2.868,2.76,2.752,3.92,9.9,1.33,-6.46,404480.0,320383.0,45361978.0,22.16,44301062.0,21.64,1060916.0,0.52,-11522232.0,-5.63,-33839746.0,-16.53,5379.0,2.865,2.866,731822064.0,2097402035,2097402035,2026-08-27,2026-08-27 15:34:39+08:00
516920,芯片ETF汇添富,1.441,1.439,-0.14,0.057,4.12,228264.0,32425246.0,1.392,1.442,1.388,1.384,3.9,4.76,1.02,4.5,135044.0,93220.0,5284870.0,16.3,237055.0,0.73,5047815.0,15.57,-406778.0,-1.25,-4878092.0,-15.04,-2536.0,1.441,1.442,479463008.0,690906195,690906195,2026-08-27,2026-08-27 16:11:45+08:00
588260,科创信息ETF华安,2.582,2.5864,0.17,0.102,4.11,19361.0,4937818.0,2.48,2.589,2.48,2.48,4.4,4.14,1.64,49.29,9501.0,9860.0,613248.0,12.42,686504.0,13.9,-73256.0,-1.48,-283223.0,-5.74,-330024.0,-6.68,-50.0,2.581,2.588,46746000.0,120698172,120698172,2026-08-27,2026-08-27 16:11:34+08:00
515260,电子ETF华宝,0.863,0.8616,-0.16,0.034,4.1,889832.0,75890562.0,0.834,0.864,0.834,0.829,3.62,9.86,1.31,2.25,570012.0,319820.0,-7615879.0,-10.04,-2443354.0,-3.22,-5172525.0,-6.82,-13351995.0,-17.59,20967875.0,27.63,-8513.0,0.862,0.863,902568400.0,778916529,778916529,2026-08-27,2026-08-27 16:11:34+08:00
159073,粮食ETF汇添富,1.072,1.0714,-0.06,0.042,4.08,215912.0,22773273.538,1.034,1.072,1.034,1.03,3.69,12.4,0.39,-63.7,155703.0,60210.0,1268943.0,5.57,-555434.0,-2.44,1824377.0,8.01,-1100322.0,-4.83,-168620.0,-0.74,998.0,1.071,1.072,174173864.0,186714382,186714382,2026-08-27,2026-08-27 15:34:00+08:00
512760,芯片ETF国泰,1.124,1.1241,0.01,0.044,4.07,4229531.0,470140202.0,1.086,1.128,1.084,1.08,4.07,4.4,1.16,-33.23,2750665.0,1478865.0,90214989.0,19.19,75603817.0,16.08,14611172.0,3.11,-47554174.0,-10.11,-42660816.0,-9.07,-34566.0,1.124,1.125,9611445504.0,10803264746,10803264746,2026-08-27,2026-08-27 16:12:01+08:00
588270,科创200ETF易方达,1.717,1.7108,-0.36,0.067,4.06,172803.0,29045843.0,1.65,1.717,1.64,1.65,4.67,5.62,0.68,-65.46,86445.0,86358.0,365662.0,1.26,3909155.0,13.46,-3543493.0,-12.2,1052897.0,3.62,-1418561.0,-4.88,-2715.0,1.714,1.717,307410000.0,527822970,527822970,2026-08-27,2026-08-27 16:11:43+08:00
510770,G60创新ETF申万菱信,0.925,0.9272,0.24,0.036,4.05,31014.0,2805947.0,0.908,0.928,0.89,0.889,4.27,14.35,0.88,5.83,18154.0,12860.0,407831.0,14.53,0.0,0.0,407831.0,14.53,-333912.0,-11.9,-73919.0,-2.63,-8.0,0.925,0.928,21610700.0,19989898,19989898,2026-08-27,2026-08-27 16:11:42+08:00
159560,芯片ETF景顺,2.341,2.339,-0.09,0.091,4.04,120751.0,27852797.2,2.258,2.343,2.254,2.25,3.96,6.1,1.39,20.65,65284.0,55467.0,6205497.0,22.28,1157000.0,4.15,5048497.0,18.13,-1963519.0,-7.05,-4241978.0,-15.23,-753.0,2.341,2.342,197916460.0,463322433,463322433,2026-08-27,2026-08-27 15:34:57+08:00
563210,专精特新ETF富国,2.084,2.0812,-0.13,0.081,4.04,80741.0,16610743.0,2.022,2.085,2.001,2.003,4.19,6.61,1.44,34.8,52359.0,28382.0,-228832.0,-1.38,-362336.0,-2.18,133504.0,0.8,1205021.0,7.25,-976188.0,-5.88,-1052.0,2.084,2.085,122067000.0,254387628,254387628,2026-08-27,2026-08-27 16:11:44+08:00
588500,科创100增强ETF易方达,2.607,2.6095,0.1,0.101,4.03,71275.0,18328072.0,2.539,2.609,2.49,2.506,4.75,14.65,1.51,-16.81,30059.0,41216.0,2661773.0,14.52,3060808.0,16.7,-399035.0,-2.18,-1562118.0,-8.52,-1099655.0,-6.0,-600.0,2.606,2.607,48647000.0,126822729,126822729,2026-08-27,2026-08-27 16:11:36+08:00
159310,芯片ETF天弘,2.897,2.9013,0.15,0.112,4.02,72941.0,20809284.7,2.8,2.902,2.794,2.785,3.88,1.46,1.02,-63.34,41161.0,31780.0,5666850.0,27.23,3534050.0,16.98,2132800.0,10.25,-2014170.0,-9.68,-3652680.0,-17.55,319.0,2.896,2.897,498981088.0,1445548212,1445548212,2026-08-27,2026-08-27 15:34:36+08:00
159388,创业板人工智能ETF国泰,1.009,1.0093,0.03,0.039,4.02,920993.0,91709863.0,0.98,1.01,0.98,0.97,3.09,10.16,0.77,-36.47,527231.0,393762.0,8668291.0,9.45,-1285822.0,-1.4,9954113.0,10.85,-3707838.0,-4.04,-4960453.0,-5.41,-7234.0,1.009,1.01,906736992.0,914897625,914897625,2026-08-27,2026-08-27 15:34:51+08:00
159779,消费电子ETF招商,1.48,1.476,-0.27,0.057,4.01,61604.0,8984870.7,1.433,1.48,1.428,1.423,3.65,4.64,1.05,41.59,36913.0,24691.0,1678609.0,18.68,2418773.0,26.92,-740164.0,-8.24,-300256.0,-3.34,-1378353.0,-15.34,-1263.0,1.48,1.481,132869337.0,196646619,196646619,2026-08-27,2026-08-27 15:34:21+08:00
515320,电子50ETF华安,1.558,1.5603,0.15,0.06,4.01,91033.0,14022360.0,1.51,1.559,1.51,1.498,3.27,9.97,1.09,-16.9,49480.0,41553.0,-357708.0,-2.55,-204253.0,-1.46,-153455.0,-1.09,732755.0,5.23,-375047.0,-2.67,-1621.0,1.557,1.558,91309000.0,142259422,142259422,2026-08-27,2026-08-27 16:12:00+08:00
588480,科创创业人工智能ETF中金,0.887,0.8917,0.53,0.034,3.99,106792.0,9386307.0,0.858,0.891,0.858,0.853,3.87,4.35,1.48,-75.1,79052.0,27740.0,2782810.0,29.65,178488.0,1.9,2604322.0,27.75,-2223687.0,-23.69,-559123.0,-5.96,-921.0,0.887,0.888,245717000.0,217950979,217950979,2026-08-27,2026-08-27 16:11:34+08:00
159997,电子ETF天弘,2.143,2.1406,-0.11,0.082,3.98,335892.0,70765795.705,2.077,2.146,2.072,2.061,3.59,4.84,0.64,34.81,178263.0,157629.0,-462373.0,-0.65,2488600.0,3.52,-2950973.0,-4.17,-5481884.0,-7.75,5944257.0,8.4,-1111.0,2.143,2.144,694306640.0,1487899130,1487899130,2026-08-27,2026-08-27 15:34:12+08:00
159695,通信ETF嘉实,0.971,0.9695,-0.15,0.037,3.96,546530.0,52540852.2,0.942,0.973,0.941,0.934,3.43,6.4,0.93,-33.43,297493.0,249037.0,4712344.0,8.97,1344246.0,2.56,3368098.0,6.41,-2145370.0,-4.08,-2566973.0,-4.89,4529.0,0.97,0.971,853436256.0,828686605,828686605,2026-08-27,2026-08-27 15:34:27+08:00
515050,通信ETF华夏,1.05,1.0476,-0.23,0.04,3.96,9987295.0,1040432020.0,1.024,1.059,1.021,1.01,3.76,5.78,1.14,-1.54,5912120.0,4075175.0,86628134.0,8.33,110359302.0,10.61,-23731168.0,-2.28,-33057076.0,-3.18,-53571057.0,-5.15,-103062.0,1.05,1.051,17283205376.0,18147365645,18147365645,2026-08-27,2026-08-27 16:11:32+08:00
515980,人工智能ETF华富,1.027,1.0284,0.14,0.039,3.95,2497350.0,253667682.0,0.999,1.028,0.996,0.988,3.24,4.05,1.32,-53.64,1450541.0,1046809.0,37104203.0,14.63,54523073.0,21.49,-17418870.0,-6.87,-29349533.0,-11.57,-7754671.0,-3.06,-15002.0,1.027,1.028,6161128960.0,6327479442,6327479442,2026-08-27,2026-08-27 16:11:58+08:00
159583,通信ETF富国,1.663,1.6598,-0.19,0.063,3.94,3409839.0,561933835.544,1.622,1.673,1.612,1.6,3.81,13.32,1.12,27.59,1912554.0,1497286.0,57036530.0,10.15,59543063.0,10.6,-2506533.0,-0.45,-29529212.0,-5.25,-27507318.0,-4.9,26803.0,1.662,1.663,2560592896.0,4258265986,4258265986,2026-08-27,2026-08-27 15:34:12+08:00
159381,创业板人工智能ETF华夏,1.167,1.1671,0.01,0.044,3.92,5404401.0,625435172.698,1.135,1.169,1.134,1.123,3.12,30.44,1.52,-52.49,3619739.0,1784662.0,10719293.0,1.71,-46804160.0,-7.48,57523453.0,9.2,1618350.0,0.26,-12337636.0,-1.97,14664.0,1.166,1.167,1775153200.0,2071603784,2071603784,2026-08-27,2026-08-27 15:34:06+08:00
159242,创业板人工智能ETF大成,2.079,2.0812,0.11,0.078,3.9,404012.0,83009152.2,2.037,2.081,2.021,2.001,3.0,9.48,0.65,-47.48,218485.0,185527.0,7759717.0,9.35,383355.0,0.46,7376362.0,8.89,-78548.0,-0.09,-7681170.0,-9.25,927.0,2.078,2.079,426278576.0,886233160,886233160,2026-08-27,2026-08-27 15:34:36+08:00
588000,科创50ETF华夏,1.788,1.7868,-0.07,0.067,3.89,35076920.0,6187797027.0,1.73,1.791,1.727,1.721,3.72,6.87,1.01,-18.27,18443109.0,16633811.0,1367884720.0,22.11,1411672480.0,22.81,-43787760.0,-0.71,-637567696.0,-10.3,-730317024.0,-11.8,-385785.0,1.788,1.789,51035668224.0,91251774785,91251774785,2026-08-27,2026-08-27 16:12:00+08:00
588470,科创创业人工智能ETF华安,0.831,0.8327,0.2,0.031,3.88,227435.0,18725512.0,0.8,0.833,0.8,0.8,4.13,7.76,1.25,6.41,143231.0,84204.0,3006102.0,16.05,1493843.0,7.98,1512259.0,8.08,-1820976.0,-9.72,-1185126.0,-6.33,-769.0,0.831,0.832,292907008.0,243405724,243405724,2026-08-27,2026-08-27 16:11:36+08:00
512330,信息科技ETF南方,1.903,1.9013,-0.09,0.071,3.88,18655.0,3493909.0,1.834,1.906,1.832,1.832,4.04,0.52,0.79,3.08,8809.0,9846.0,133570.0,3.82,0.0,0.0,133570.0,3.82,-22478.0,-0.64,-111093.0,-3.18,-65.0,1.903,1.905,356688000.0,678777264,678777264,2026-08-27,2026-08-27 16:11:55+08:00
588800,科创100ETF华夏,1.799,1.7949,-0.23,0.067,3.87,2159340.0,380390253.0,1.733,1.799,1.721,1.732,4.5,12.99,1.12,-45.99,1000534.0,1158806.0,16469094.0,4.33,-17612230.0,-4.63,34081324.0,8.96,-9156036.0,-2.41,-7313059.0,-1.92,-3807.0,1.798,1.799,1662377008.0,2990616237,2990616237,2026-08-27,2026-08-27 16:11:58+08:00
159279,创业板人工智能ETF华安,1.398,1.4,0.14,0.052,3.86,422996.0,58557381.1,1.36,1.399,1.346,1.346,3.94,24.68,0.77,-64.86,201993.0,221003.0,-1119366.0,-1.91,-3842873.0,-6.56,2723507.0,4.65,2938436.0,5.02,-1819071.0,-3.11,1144.0,1.397,1.398,171387534.0,239599773,239599773,2026-08-27,2026-08-27 15:34:54+08:00
159246,创业板人工智能ETF富国,1.16,1.1616,0.14,0.043,3.85,771105.0,88501785.1,1.128,1.162,1.128,1.117,3.04,2.25,0.63,-49.85,493963.0,277142.0,14563525.0,16.46,6591429.0,7.45,7972096.0,9.01,-6025656.0,-6.81,-8537870.0,-9.65,-3379.0,1.16,1.161,3431655600.0,3980720496,3980720496,2026-08-27,2026-08-27 15:34:36+08:00
588280,科创50ETF华安,1.219,1.2194,0.03,0.045,3.83,306383.0,36803008.0,1.177,1.22,1.177,1.174,3.66,7.81,1.13,3.09,179437.0,126946.0,7478013.0,20.32,3742161.0,10.17,3735852.0,10.15,-3089503.0,-8.39,-4388511.0,-11.92,-2291.0,1.219,1.22,392121008.0,477995509,477995509,2026-08-27,2026-08-27 16:11:34+08:00
589950,科创100ETF富国,1.36,1.3575,-0.18,0.05,3.82,37950.0,5071444.0,1.314,1.36,1.302,1.31,4.43,1.13,0.98,-20.6,18287.0,19663.0,1623345.0,32.01,1710139.0,33.72,-86794.0,-1.71,-279022.0,-5.5,-1344324.0,-26.51,-300.0,1.359,1.36,336873008.0,458147291,458147291,2026-08-27,2026-08-27 16:11:45+08:00
588090,科创50ETF华泰柏瑞,1.743,1.7439,0.05,0.064,3.81,862403.0,148262252.0,1.688,1.747,1.684,1.679,3.75,2.97,1.05,-2.48,480157.0,382245.0,28810936.0,19.43,18133413.0,12.23,10677523.0,7.2,-6983235.0,-4.71,-21827701.0,-14.72,-5221.0,1.743,1.744,2907072800.0,5067027890,5067027890,2026-08-27,2026-08-27 16:11:45+08:00
159382,创业板人工智能ETF南方,2.614,2.6174,0.13,0.096,3.81,656676.0,169928710.7,2.541,2.621,2.541,2.518,3.18,7.99,0.99,-32.46,389984.0,266692.0,9879758.0,5.81,-2573000.0,-1.51,12452758.0,7.33,-334159.0,-0.2,-9545599.0,-5.62,3462.0,2.613,2.614,822055712.0,2148853631,2148853631,2026-08-27,2026-08-27 15:34:18+08:00
588950,科创50ETF景顺,1.775,1.7734,-0.09,0.065,3.8,511616.0,89380454.0,1.714,1.776,1.714,1.71,3.63,7.69,1.28,-48.49,289497.0,222119.0,17951359.0,20.08,12011719.0,13.44,5939640.0,6.65,-3005440.0,-3.36,-14945918.0,-16.72,-3887.0,1.774,1.775,665729696.0,1181670210,1181670210,2026-08-27,2026-08-27 16:11:59+08:00
588710,科创半导体设备ETF华泰柏瑞,1.066,1.0642,-0.17,0.039,3.8,12121927.0,1269832325.0,1.033,1.068,1.019,1.027,4.77,10.67,0.89,-11.85,6247914.0,5874013.0,74456544.0,5.86,57771152.0,4.55,16685392.0,1.31,-40710648.0,-3.21,-33745894.0,-2.66,-129864.0,1.066,1.067,11358885120.0,12108571538,12108571538,2026-08-27,2026-08-27 16:11:40+08:00
589890,科创综指ETF景顺,1.586,1.5863,0.02,0.058,3.8,35819.0,5594327.0,1.548,1.586,1.529,1.528,3.73,4.21,0.98,15.1,23109.0,12710.0,1110293.0,19.85,0.0,0.0,1110293.0,19.85,-899195.0,-16.07,-211098.0,-3.77,-212.0,1.583,1.586,84987000.0,134789382,134789382,2026-08-27,2026-08-27 16:11:33+08:00
159994,通信ETF银华,1.287,1.2857,-0.1,0.047,3.79,1870113.0,238652475.807,1.258,1.296,1.251,1.24,3.63,4.8,0.99,-33.17,1112912.0,757201.0,37096005.0,15.54,26130675.0,10.95,10965330.0,4.59,-18801997.0,-7.88,-18294009.0,-7.67,22418.0,1.286,1.287,3897003360.0,5015443324,5015443324,2026-08-27,2026-08-27 15:34:42+08:00
159363,创业板人工智能ETF华宝,1.232,1.2337,0.14,0.045,3.79,8917610.0,1086377469.603,1.2,1.235,1.197,1.187,3.2,15.41,0.88,-60.53,4419583.0,4498027.0,77869152.0,7.17,34234768.0,3.15,43634384.0,4.02,-42322816.0,-3.9,-35546338.0,-3.27,24535.0,1.231,1.232,5788169984.0,7131025420,7131025420,2026-08-27,2026-08-27 15:34:03+08:00
159811,5GETF博时,3.015,3.0162,0.04,0.11,3.79,68615.0,20473818.9,2.95,3.028,2.933,2.905,3.27,9.18,0.64,50.21,41401.0,27214.0,2984960.0,14.58,2027476.0,9.9,957484.0,4.68,-1278089.0,-6.24,-1706871.0,-8.34,801.0,3.014,3.015,74743393.0,225351330,225351330,2026-08-27,2026-08-27 15:34:33+08:00
159939,信息技术ETF广发,1.127,1.1269,-0.01,0.041,3.78,221887.0,24742212.5,1.092,1.129,1.091,1.086,3.5,2.84,0.83,41.38,129382.0,92505.0,-2190794.0,-8.85,-1416018.0,-5.72,-774776.0,-3.13,64757.0,0.26,2126037.0,8.59,-679.0,1.127,1.128,781656112.0,880926438,880926438,2026-08-27,2026-08-27 15:34:27+08:00
516800,智能制造ETF华宝,0.99,0.9889,-0.11,0.036,3.77,105124.0,10258402.0,0.956,0.99,0.956,0.954,3.56,5.77,1.64,-1.61,67184.0,37940.0,1117709.0,10.9,1565336.0,15.26,-447627.0,-4.36,-384106.0,-3.74,-733603.0,-7.15,-336.0,0.988,0.99,182308000.0,180484920,180484920,2026-08-27,2026-08-27 16:11:51+08:00
159587,粮食ETF广发,1.244,1.2424,-0.13,0.045,3.75,567760.0,69825511.6,1.201,1.245,1.201,1.199,3.67,22.31,0.97,-5.29,348213.0,219547.0,2979684.0,4.27,155435.0,0.22,2824249.0,4.04,184708.0,0.26,-3164392.0,-4.53,7288.0,1.243,1.244,254447031.0,316532107,316532107,2026-08-27,2026-08-27 15:34:15+08:00
588180,科创50ETF国联安,1.108,1.1079,-0.01,0.04,3.75,288037.0,31496342.0,1.073,1.109,1.071,1.068,3.56,3.9,1.46,-11.79,176665.0,111372.0,6081662.0,19.31,5105852.0,16.21,975810.0,3.1,-2589905.0,-8.22,-3491757.0,-11.09,-1900.0,1.108,1.109,738353696.0,818095895,818095895,2026-08-27,2026-08-27 16:11:54+08:00
159507,通信ETF广发,0.886,0.8846,-0.16,0.032,3.75,818382.0,71835145.851,0.862,0.888,0.86,0.854,3.28,9.54,1.16,-40.59,496823.0,321559.0,5451194.0,7.59,1123969.0,1.56,4327225.0,6.02,-3016012.0,-4.2,-2435182.0,-3.39,8613.0,0.885,0.886,857830896.0,760038174,760038174,2026-08-27,2026-08-27 15:34:21+08:00
588880,科创100ETF华泰柏瑞,1.801,1.801,0.0,0.065,3.74,53660.0,9558372.0,1.75,1.806,1.729,1.736,4.44,5.09,1.16,7.59,35027.0,18633.0,1113005.0,11.64,1591079.0,16.65,-478074.0,-5.0,-510559.0,-5.34,-602446.0,-6.3,-195.0,1.801,1.802,105368000.0,189767768,189767768,2026-08-27,2026-08-27 16:11:42+08:00
588190,科创100ETF银华,1.809,1.8054,-0.2,0.065,3.73,584168.0,103791791.0,1.75,1.809,1.732,1.744,4.42,4.32,1.02,48.88,310608.0,273560.0,2188913.0,2.11,16304900.0,15.71,-14115987.0,-13.6,955081.0,0.92,-3143995.0,-3.03,-3381.0,1.808,1.809,1351618304.0,2445077512,2445077512,2026-08-27,2026-08-27 16:11:53+08:00
588040,科创50ETF鹏华,1.722,1.7253,0.19,0.062,3.73,123935.0,21097919.0,1.671,1.724,1.662,1.66,3.73,9.4,1.24,32.77,85875.0,38060.0,2726871.0,12.92,38962.0,0.18,2687909.0,12.74,-9991.0,-0.05,-2716881.0,-12.88,-1063.0,1.722,1.723,131889000.0,227112858,227112858,2026-08-27,2026-08-27 16:11:58+08:00
562950,消费电子ETF易方达,1.586,1.5827,-0.21,0.057,3.73,887550.0,139205197.0,1.54,1.592,1.534,1.529,3.79,8.79,1.32,-8.01,550703.0,336847.0,-23606762.0,-16.96,1887280.0,1.36,-25494042.0,-18.31,13582.0,0.01,23593182.0,16.95,-2832.0,1.585,1.586,1010258304.0,1602269670,1602269670,2026-08-27,2026-08-27 16:12:00+08:00
588720,科创50ETF中银,1.726,1.7286,0.15,0.062,3.73,30625.0,5228276.0,1.674,1.73,1.67,1.664,3.61,2.86,0.49,48.29,14022.0,16603.0,710854.0,13.6,1437108.0,27.49,-726254.0,-13.89,34560.0,0.66,-745413.0,-14.26,-400.0,1.726,1.728,107241800.0,185099347,185099347,2026-08-27,2026-08-27 16:11:55+08:00
588140,科创200ETF广发,1.228,1.2289,0.07,0.044,3.72,76467.0,9264348.0,1.171,1.229,1.171,1.184,4.9,3.16,1.15,5.7,33787.0,42680.0,1232824.0,13.31,2979842.0,32.16,-1747018.0,-18.86,-1082046.0,-11.68,-150778.0,-1.63,-285.0,1.228,1.229,241751000.0,296870228,296870228,2026-08-27,2026-08-27 16:11:42+08:00
589020,科创半导体设备ETF鹏华,1.256,1.2536,-0.19,0.045,3.72,7024553.0,866674271.0,1.219,1.258,1.2,1.211,4.79,15.66,0.89,-30.82,3753984.0,3270569.0,44270117.0,5.11,82048997.0,9.47,-37778880.0,-4.36,-32812158.0,-3.79,-11457947.0,-1.32,-88046.0,1.256,1.257,4484438016.0,5632454148,5632454148,2026-08-27,2026-08-27 16:11:34+08:00
561100,消费电子ETF富国,1.646,1.6431,-0.18,0.059,3.72,320415.0,52175789.0,1.604,1.652,1.591,1.587,3.84,5.42,1.04,-35.32,181215.0,139200.0,2106676.0,4.04,4742143.0,9.09,-2635467.0,-5.05,-955970.0,-1.83,-1150706.0,-2.21,-3554.0,1.646,1.647,590746896.0,972369391,972369391,2026-08-27,2026-08-27 16:11:51+08:00
588170,科创半导体ETF华夏,1.031,1.0301,-0.09,0.037,3.72,63380058.0,6429423517.0,1.0,1.034,0.986,0.994,4.83,14.44,1.04,-25.08,34352493.0,29027564.0,610002736.0,9.49,787933280.0,12.26,-177930544.0,-2.77,-350914576.0,-5.46,-259088160.0,-4.03,-1097448.0,1.03,1.031,43905446912.0,45266515766,45266515766,2026-08-27,2026-08-27 16:11:46+08:00
159031,粮食ETF博时,1.003,1.0035,0.05,0.036,3.72,126251.0,12570036.295,0.97,1.003,0.967,0.967,3.72,2.29,1.25,-79.21,71991.0,54260.0,1843313.0,14.66,1076987.0,8.57,766326.0,6.1,-1597158.0,-12.71,-246155.0,-1.96,1196.0,1.002,1.003,552028624.0,553684710,553684710,2026-08-27,2026-08-27 15:34:36+08:00
588150,科创50ETF南方,1.204,1.2044,0.03,0.043,3.7,346220.0,41151371.0,1.165,1.206,1.163,1.161,3.7,8.7,1.03,13.6,188871.0,157349.0,4816774.0,11.71,-84836.0,-0.21,4901610.0,11.91,-1745134.0,-4.24,-3071640.0,-7.46,-892.0,1.203,1.204,397932608.0,479110860,479110860,2026-08-27,2026-08-27 16:11:45+08:00
588050,科创50ETF工银,1.736,1.7335,-0.14,0.062,3.7,1981429.0,339525187.0,1.681,1.74,1.679,1.674,3.64,3.08,1.21,-39.3,998704.0,982725.0,52811155.0,15.55,52458424.0,15.45,352731.0,0.1,-21539761.0,-6.34,-31271393.0,-9.21,-8426.0,1.735,1.736,6425241344.0,11154218973,11154218973,2026-08-27,2026-08-27 16:11:42+08:00
562560,信息技术ETF华夏,2.298,2.2968,-0.05,0.082,3.7,3556.0,800332.0,2.23,2.298,2.23,2.216,3.07,1.56,0.69,-0.24,1559.0,1997.0,-22966.0,-2.87,0.0,0.0,-22966.0,-2.87,7659.0,0.96,15307.0,1.91,43.0,2.295,2.297,22765500.0,52315119,52315119,2026-08-27,2026-08-27 16:11:58+08:00
560780,半导体设备ETF广发,1.096,1.0939,-0.19,0.039,3.69,5742574.0,619586538.0,1.062,1.097,1.051,1.057,4.35,4.43,0.78,-23.42,3289077.0,2453496.0,65598327.0,10.59,61155113.0,9.87,4443214.0,0.72,-31797921.0,-5.13,-33800406.0,-5.46,-68773.0,1.095,1.096,12961488128.0,14205790988,14205790988,2026-08-27,2026-08-27 16:11:48+08:00
563560,科技成长ETF兴业,1.213,1.213,0.0,0.043,3.68,59689.0,7173175.0,1.172,1.213,1.172,1.17,3.5,10.9,1.17,-6.98,37597.0,22092.0,496163.0,6.92,0.0,0.0,496163.0,6.92,-231179.0,-3.22,-264983.0,-3.69,-263.0,1.213,1.214,54769000.0,66434797,66434797,2026-08-27,2026-08-27 16:11:43+08:00
159030,粮食ETF华夏,0.905,0.9046,-0.04,0.032,3.67,544204.0,48741362.973,0.874,0.905,0.873,0.873,3.67,15.33,1.52,4.93,312865.0,231339.0,222495.0,0.46,-2938114.0,-6.03,3160609.0,6.48,1322176.0,2.71,-1544672.0,-3.17,-6297.0,0.905,0.906,354968176.0,321246199,321246199,2026-08-27,2026-08-27 15:34:51+08:00
588060,科创50ETF广发,1.075,1.0755,0.05,0.038,3.66,4907406.0,521327489.0,1.044,1.078,1.04,1.037,3.66,6.68,1.22,-37.16,2513537.0,2393869.0,118099427.0,22.65,142228836.0,27.28,-24129409.0,-4.63,-67319148.0,-12.91,-50780280.0,-9.74,-49805.0,1.075,1.076,7345139968.0,7896025466,7896025466,2026-08-27,2026-08-27 16:12:01+08:00
159072,粮食ETF景顺,1.161,1.1602,-0.07,0.041,3.66,91510.0,10509146.312,1.119,1.163,1.11,1.12,4.73,22.72,0.63,-55.72,52870.0,38640.0,1401537.0,13.34,1169257.0,11.13,232280.0,2.21,-582764.0,-5.55,-818773.0,-7.79,-319.0,1.161,1.162,40285157.0,46771067,46771067,2026-08-27,2026-08-27 15:34:00+08:00
159327,半导体设备ETF万家,1.191,1.1909,-0.01,0.042,3.66,1661610.0,194800988.6,1.154,1.193,1.143,1.149,4.35,5.77,0.82,-41.06,1005620.0,655990.0,25522484.0,13.1,16380395.0,8.41,9142089.0,4.69,-10055200.0,-5.16,-15467284.0,-7.94,-14365.0,1.191,1.192,2878574096.0,3428381748,3428381748,2026-08-27,2026-08-27 15:34:06+08:00
159698,粮食ETF鹏华,0.963,0.9619,-0.11,0.034,3.66,1944533.0,185240780.98,0.932,0.964,0.932,0.929,3.44,13.46,1.08,41.84,1103448.0,841085.0,3113497.0,1.68,-21756336.0,-11.74,24869833.0,13.43,2662307.0,1.44,-5775804.0,-3.12,-16098.0,0.963,0.964,1444444384.0,1390999942,1390999942,2026-08-27,2026-08-27 15:34:21+08:00
588940,科创50ETF富国,0.878,0.8772,-0.09,0.031,3.66,1592329.0,137813524.0,0.849,0.879,0.848,0.847,3.66,5.39,0.94,-20.08,952897.0,639432.0,34536847.0,25.06,40864446.0,29.65,-6327599.0,-4.59,-19109001.0,-13.87,-15427847.0,-11.19,-15584.0,0.877,0.878,2954840000.0,2594349520,2594349520,2026-08-27,2026-08-27 16:11:34+08:00
588220,科创100ETF鹏华,1.812,1.8112,-0.04,0.064,3.66,3974723.0,707345696.0,1.752,1.813,1.736,1.748,4.41,10.79,0.86,-19.17,1823978.0,2150745.0,-9501231.0,-1.34,51662049.0,7.3,-61163280.0,-8.65,4735250.0,0.67,4765985.0,0.67,-10057.0,1.811,1.812,3683697904.0,6674860602,6674860602,2026-08-27,2026-08-27 16:11:45+08:00
562590,半导体设备ETF华夏,1.05,1.0486,-0.13,0.037,3.65,4186164.0,432847743.0,1.018,1.051,1.008,1.013,4.24,4.65,0.74,5.24,2294761.0,1891403.0,53399631.0,12.34,56951001.0,13.16,-3551370.0,-0.82,-32018014.0,-7.4,-21381617.0,-4.94,-49908.0,1.049,1.05,8992988928.0,9442638374,9442638374,2026-08-27,2026-08-27 16:11:35+08:00
588080,科创50ETF易方达,1.732,1.7331,0.06,0.061,3.65,10154897.0,1735278919.0,1.679,1.737,1.674,1.671,3.77,4.06,1.08,-43.7,5892786.0,4262111.0,441825456.0,25.46,455020592.0,26.22,-13195136.0,-0.76,-231589510.0,-13.35,-210235958.0,-12.12,-63060.0,1.732,1.733,24982628096.0,43269911862,43269911862,2026-08-27,2026-08-27 16:11:49+08:00
159033,粮食ETF国泰,1.025,1.0259,0.09,0.036,3.64,368298.0,37414530.678,0.992,1.026,0.981,0.989,4.55,28.05,1.17,-78.88,211720.0,156578.0,2659510.0,7.11,699596.0,1.87,1959914.0,5.24,-1587334.0,-4.24,-1072177.0,-2.87,1313.0,1.024,1.025,131323473.0,134606560,134606560,2026-08-27,2026-08-27 15:34:39+08:00
159558,半导体设备ETF易方达,1.166,1.1648,-0.1,0.041,3.64,13628333.0,1565424467.46,1.13,1.167,1.119,1.125,4.27,7.17,0.95,-14.42,7463895.0,6164438.0,188897776.0,12.07,214708000.0,13.72,-25810224.0,-1.65,-94022960.0,-6.01,-94874809.0,-6.06,-216197.0,1.166,1.167,19001563904.0,22155823512,22155823512,2026-08-27,2026-08-27 15:34:48+08:00
588230,科创200ETF华泰柏瑞,1.821,1.8216,0.03,0.064,3.64,696870.0,125172631.0,1.758,1.825,1.745,1.757,4.55,9.48,1.22,-2.12,400374.0,296496.0,-8289098.0,-6.62,-8909762.0,-7.12,620664.0,0.5,22489674.0,17.97,-14200577.0,-11.34,-8271.0,1.82,1.821,734939008.0,1338323934,1338323934,2026-08-27,2026-08-27 16:11:35+08:00
589880,科创综指ETF建信,1.567,1.567,0.0,0.055,3.64,151490.0,23422189.0,1.527,1.569,1.517,1.512,3.44,3.29,0.69,6.25,106127.0,45362.0,945838.0,4.04,3793742.0,16.2,-2847904.0,-12.16,-539968.0,-2.31,-405870.0,-1.73,-22.0,1.567,1.569,459996000.0,720813732,720813732,2026-08-27,2026-08-27 16:11:58+08:00
561980,半导体设备ETF招商,0.711,0.709,-0.28,0.025,3.64,5005694.0,351405210.0,0.692,0.711,0.686,0.686,3.64,6.0,1.02,20.67,2890282.0,2115412.0,41977364.0,11.95,61212207.0,17.42,-19234843.0,-5.47,-24895981.0,-7.08,-17081383.0,-4.86,-33916.0,0.71,0.711,8340549888.0,5930130970,5930130970,2026-08-27,2026-08-27 16:11:47+08:00
589980,科创100ETF汇添富,1.877,1.8764,-0.03,0.066,3.64,12352.0,2276564.0,1.823,1.877,1.801,1.811,4.2,0.96,0.41,3.65,5021.0,7331.0,767622.0,33.72,540480.0,23.74,227142.0,9.98,19571.0,0.86,-787194.0,-34.58,-17.0,1.877,1.878,129122000.0,242361994,242361994,2026-08-27,2026-08-27 16:11:58+08:00
159311,数字经济ETF易方达,1.485,1.4842,-0.05,0.052,3.63,7622.0,1115629.6,1.444,1.485,1.443,1.433,2.93,1.94,1.38,21.9,4830.0,2792.0,466952.0,41.86,301407.0,27.02,165545.0,14.84,-224522.0,-20.13,-242430.0,-21.73,10.0,1.48,1.485,39383993.0,58485230,58485230,2026-08-27,2026-08-27 15:34:27+08:00
159516,半导体设备ETF国泰,0.743,0.7429,-0.01,0.026,3.63,46675366.0,3417587305.232,0.721,0.744,0.713,0.717,4.32,7.76,0.97,-9.74,28041628.0,18633738.0,263215616.0,7.7,169541120.0,4.96,93674496.0,2.74,-159894656.0,-4.68,-103320958.0,-3.02,580372.0,0.742,0.743,60125359872.0,44673142385,44673142385,2026-08-27,2026-08-27 15:34:18+08:00
589850,科创50ETF东财,1.626,1.628,0.12,0.057,3.63,997419.0,160022440.0,1.576,1.629,1.571,1.569,3.7,13.95,1.23,-36.81,621828.0,375591.0,47681320.0,29.8,31241928.0,19.52,16439392.0,10.27,-15283942.0,-9.55,-32397379.0,-20.25,-10715.0,1.626,1.627,715057008.0,1162682695,1162682695,2026-08-27,2026-08-27 16:12:00+08:00
589220,科创200ETF国泰,1.029,1.0288,-0.02,0.036,3.63,435238.0,44245751.0,0.993,1.029,0.986,0.993,4.33,13.62,1.13,3.9,234132.0,201106.0,3431458.0,7.76,2543286.0,5.75,888172.0,2.01,-2019282.0,-4.56,-1412177.0,-3.19,-250.0,1.028,1.029,319495808.0,328761186,328761186,2026-08-27,2026-08-27 16:11:44+08:00
589280,科创增强ETF华宝,0.943,0.9435,0.05,0.033,3.63,42247.0,3925335.0,0.914,0.943,0.91,0.91,3.63,2.74,0.33,-16.34,23029.0,19218.0,488986.0,12.46,-412458.0,-10.51,901444.0,22.96,-286825.0,-7.31,-202160.0,-5.15,-100.0,0.942,0.943,154069000.0,145287067,145287067,2026-08-27,2026-08-27 16:11:41+08:00
159038,粮食ETF易方达,0.971,0.9691,-0.2,0.034,3.63,252599.0,24287130.23,0.942,0.971,0.939,0.937,3.42,12.14,0.83,-37.92,152556.0,100043.0,3101394.0,12.77,892886.0,3.68,2208508.0,9.09,-1181316.0,-4.86,-1920078.0,-7.91,8387.0,0.97,0.971,208026939.0,201994158,201994158,2026-08-27,2026-08-27 15:34:33+08:00
589150,科创50ETF平安,1.226,1.2274,0.11,0.043,3.63,201999.0,24452612.0,1.189,1.228,1.184,1.183,3.72,2.6,1.24,-19.99,128724.0,73275.0,-127881.0,-0.52,-3289919.0,-13.45,3162038.0,12.93,-256303.0,-1.05,384184.0,1.57,-1596.0,1.225,1.226,775437200.0,950686007,950686007,2026-08-27,2026-08-27 16:12:00+08:00
563050,央企科技ETF易方达,1.344,1.3424,-0.12,0.047,3.62,83034.0,11019142.0,1.297,1.344,1.297,1.297,3.62,6.28,1.35,-30.34,52978.0,30056.0,917790.0,8.33,4554.0,0.04,913236.0,8.29,-847513.0,-7.69,-70277.0,-0.64,-435.0,1.344,1.345,132208400.0,177688090,177688090,2026-08-27,2026-08-27 16:11:56+08:00
589800,科创综指ETF易方达,1.601,1.5996,-0.09,0.056,3.62,794655.0,125758461.0,1.549,1.602,1.543,1.545,3.82,6.95,1.33,-12.41,420737.0,373918.0,38624240.0,30.71,27398515.0,21.79,11225725.0,8.93,-34562993.0,-27.48,-4061247.0,-3.23,-1723.0,1.601,1.602,1143988208.0,1831525121,1831525121,2026-08-27,2026-08-27 16:11:36+08:00
588900,科创100ETF南方,1.863,1.8643,0.07,0.065,3.62,49196.0,8990796.0,1.804,1.864,1.788,1.798,4.23,1.39,0.82,19.97,27646.0,21550.0,167561.0,1.86,937331.0,10.43,-769770.0,-8.56,351206.0,3.91,-518765.0,-5.77,3.0,1.863,1.864,352783008.0,657234744,657234744,2026-08-27,2026-08-27 16:11:38+08:00
588870,科创50ETF汇添富,1.717,1.7192,0.13,0.06,3.62,920167.0,155937544.0,1.668,1.721,1.66,1.657,3.68,12.04,1.13,-8.57,573616.0,346551.0,42709056.0,27.39,27843010.0,17.86,14866046.0,9.53,-19055488.0,-12.22,-23653567.0,-15.17,-7278.0,1.717,1.718,764552000.0,1312735784,1312735784,2026-08-27,2026-08-27 16:11:43+08:00
159819,人工智能ETF易方达,1.753,1.7539,0.05,0.061,3.61,2818163.0,489402880.319,1.707,1.754,1.707,1.692,2.78,2.33,1.02,-76.44,1593321.0,1224842.0,74094718.0,15.14,84389278.0,17.24,-10294560.0,-2.1,-47143935.0,-9.63,-26950783.0,-5.51,-24052.0,1.753,1.754,12073229568.0,21164371433,21164371433,2026-08-27,2026-08-27 15:34:42+08:00
560800,数字经济ETF鹏扬,1.176,1.1752,-0.07,0.041,3.61,84078.0,9775612.0,1.14,1.178,1.135,1.135,3.79,2.82,1.27,-8.28,51520.0,32558.0,2531954.0,25.9,3945311.0,40.36,-1413357.0,-14.46,-1382740.0,-14.14,-1149214.0,-11.76,-504.0,1.176,1.177,297951104.0,350390498,350390498,2026-08-27,2026-08-27 16:11:50+08:00
588980,科创100ETF广发,1.665,1.6658,0.05,0.058,3.61,6545.0,1062777.0,1.608,1.665,1.605,1.607,3.73,5.49,0.9,0.05,2713.0,3832.0,276692.0,26.03,0.0,0.0,276692.0,26.03,-71507.0,-6.73,-205184.0,-19.31,61.0,1.665,1.668,11920000.0,19846800,19846800,2026-08-27,2026-08-27 16:11:49+08:00
589770,科创综指ETF招商,1.613,1.6057,-0.45,0.056,3.6,86755.0,13758994.0,1.57,1.613,1.555,1.557,3.73,5.3,0.62,6.12,49876.0,36879.0,-729333.0,-5.3,-319280.0,-2.32,-410053.0,-2.98,935135.0,6.8,-205800.0,-1.5,-60.0,1.61,1.613,163569200.0,263837120,263837120,2026-08-27,2026-08-27 16:11:51+08:00
588120,科创100ETF国泰,0.921,0.9205,-0.05,0.032,3.6,738513.0,66841112.0,0.898,0.921,0.882,0.889,4.39,7.73,0.89,-12.62,352127.0,386386.0,-214635.0,-0.32,-817332.0,-1.22,602697.0,0.9,1538101.0,2.3,-1323465.0,-1.98,-1150.0,0.92,0.921,955622000.0,880127862,880127862,2026-08-27,2026-08-27 16:11:57+08:00
561600,消费电子ETF平安,0.749,0.7486,-0.05,0.026,3.6,236042.0,17487443.0,0.727,0.752,0.726,0.723,3.6,8.3,1.05,-7.89,140714.0,95328.0,1484947.0,8.49,875571.0,5.01,609376.0,3.48,-857235.0,-4.9,-627713.0,-3.59,-1528.0,0.749,0.75,284548000.0,213126452,213126452,2026-08-27,2026-08-27 16:11:40+08:00
588520,科创增强ETF永赢,1.444,1.4466,0.18,0.05,3.59,11275.0,1610560.0,1.405,1.446,1.402,1.394,3.16,8.7,0.61,2.03,5660.0,5615.0,192610.0,11.96,0.0,0.0,192610.0,11.96,-53616.0,-3.33,-138995.0,-8.63,-14.0,1.444,1.445,12957000.0,18709908,18709908,2026-08-27,2026-08-27 16:11:56+08:00
561310,消电ETF国泰,0.721,0.7213,0.04,0.025,3.59,161742.0,11529227.0,0.698,0.723,0.698,0.696,3.59,15.0,1.34,-2.39,94131.0,67611.0,-39028.0,-0.34,1198111.0,10.39,-1237139.0,-10.73,336141.0,2.92,-297113.0,-2.58,-442.0,0.72,0.721,107833100.0,77747665,77747665,2026-08-27,2026-08-27 16:11:59+08:00
589000,科创综指ETF华夏,1.589,1.5857,-0.21,0.055,3.59,565846.0,88476563.0,1.547,1.59,1.532,1.534,3.78,5.4,1.04,-38.29,321453.0,244393.0,9044683.0,10.22,967185.0,1.09,8077498.0,9.13,-3104250.0,-3.51,-5940433.0,-6.71,-689.0,1.588,1.589,1047507808.0,1664489907,1664489907,2026-08-27,2026-08-27 16:11:42+08:00
588840,科创50ETF万家,1.567,1.5699,0.18,0.054,3.57,77439.0,12033889.0,1.527,1.57,1.515,1.513,3.64,13.3,1.54,56.64,44475.0,32964.0,2421039.0,20.12,4308624.0,35.8,-1887585.0,-15.69,-648855.0,-5.39,-1772183.0,-14.73,-75.0,1.567,1.568,58236000.0,91255812,91255812,2026-08-27,2026-08-27 16:11:36+08:00
588370,科创50增强ETF南方,1.797,1.8003,0.18,0.062,3.57,96661.0,17187969.0,1.741,1.798,1.739,1.735,3.4,12.35,2.3,9.09,54032.0,42629.0,2255218.0,13.12,891623.0,5.19,1363595.0,7.93,-1051407.0,-6.12,-1203810.0,-7.0,-400.0,1.795,1.797,78272000.0,140654784,140654784,2026-08-27,2026-08-27 16:11:34+08:00
589360,科创50ETF国泰,0.874,0.8748,0.09,0.03,3.55,824740.0,71052726.0,0.845,0.876,0.845,0.844,3.67,3.09,1.05,-10.07,445437.0,379303.0,8527945.0,12.0,11439812.0,16.1,-2911867.0,-4.1,-5049679.0,-7.11,-3478267.0,-4.9,-2040.0,0.874,0.875,2669174000.0,2332858076,2332858076,2026-08-27,2026-08-27 16:11:38+08:00
159243,创业板人工智能ETF招商,1.253,1.2579,0.39,0.043,3.55,268799.0,33414553.5,1.22,1.257,1.22,1.21,3.06,17.92,0.9,-28.86,147868.0,120931.0,3938606.0,11.79,0.0,0.0,3938606.0,11.79,-1743582.0,-5.22,-2195023.0,-6.57,-448.0,1.253,1.254,150030224.0,187987871,187987871,2026-08-27,2026-08-27 15:34:15+08:00
588030,科创100ETF博时,1.81,1.8114,0.08,0.062,3.55,978008.0,174018742.0,1.75,1.814,1.736,1.748,4.46,4.28,0.73,2.93,444193.0,533815.0,12966808.0,7.45,11302340.0,6.49,1664468.0,0.96,-3702469.0,-2.13,-9264340.0,-5.32,-7088.0,1.81,1.811,2282838096.0,4131936954,4131936954,2026-08-27,2026-08-27 16:11:38+08:00
159248,人工智能ETF万家,1.754,1.7559,0.11,0.06,3.54,104584.0,18132718.5,1.71,1.755,1.71,1.694,2.66,7.41,1.05,-95.58,66923.0,37661.0,5166769.0,28.49,5904998.0,32.57,-738229.0,-4.07,-1162941.0,-6.41,-4003828.0,-22.08,-831.0,1.754,1.755,141095652.0,247481774,247481774,2026-08-27,2026-08-27 15:34:39+08:00
589060,科创综指ETF东财,1.667,1.6682,0.07,0.057,3.54,31144.0,5122549.0,1.614,1.668,1.614,1.61,3.35,4.04,1.22,22.35,21370.0,9774.0,432884.0,8.45,0.0,0.0,432884.0,8.45,158246.0,3.09,-591129.0,-11.54,-218.0,1.667,1.668,77137900.0,128588879,128588879,2026-08-27,2026-08-27 16:11:52+08:00
589860,科创综指ETF天弘,1.583,1.5855,0.16,0.054,3.53,180303.0,28167119.0,1.542,1.585,1.532,1.529,3.47,10.12,0.84,-8.42,110577.0,69726.0,-1450715.0,-5.15,-998550.0,-3.55,-452165.0,-1.61,1483507.0,5.27,-32792.0,-0.12,-95.0,1.583,1.586,178224000.0,282128592,282128592,2026-08-27,2026-08-27 16:12:00+08:00
159658,数字经济ETF华安,1.76,1.7599,-0.01,0.06,3.53,35215.0,6132578.4,1.715,1.762,1.714,1.7,2.82,7.93,1.01,18.57,22526.0,12689.0,1239169.0,20.21,1339115.0,21.84,-99946.0,-1.63,-781692.0,-12.75,-457477.0,-7.46,-184.0,1.753,1.759,44394877.0,78134984,78134984,2026-08-27,2026-08-27 15:34:45+08:00
159060,粮食ETF浦银,1.06,1.0623,0.22,0.036,3.52,26626.0,2796071.283,1.034,1.062,1.028,1.024,3.32,5.99,0.5,-97.5,18414.0,8212.0,1346419.0,48.15,0.0,0.0,1346419.0,48.15,-933583.0,-33.39,-412835.0,-14.76,12.0,1.057,1.06,44483423.0,47152428,47152428,2026-08-27,2026-08-27 15:34:54+08:00
589600,科创综指ETF富国,1.589,1.5918,0.18,0.054,3.52,113163.0,17832625.0,1.55,1.592,1.539,1.535,3.45,5.11,0.98,32.08,78045.0,35118.0,1134890.0,6.36,1440962.0,8.08,-306072.0,-1.72,-385542.0,-2.16,-749349.0,-4.2,-84.0,1.589,1.59,221535000.0,352019115,352019115,2026-08-27,2026-08-27 16:11:35+08:00
589500,科创综指ETF工银,1.611,1.6141,0.19,0.054,3.47,93062.0,14853016.0,1.577,1.614,1.56,1.557,3.47,11.62,1.98,1.37,66149.0,26913.0,889801.0,5.99,5823639.0,39.21,-4933838.0,-33.22,-887795.0,-5.98,-2006.0,-0.01,-10.0,1.611,1.614,80064000.0,128983104,128983104,2026-08-27,2026-08-27 16:11:38+08:00
589820,科创200ETF建信,1.257,1.2594,0.19,0.042,3.46,107385.0,13263426.0,1.217,1.259,1.209,1.215,4.12,8.28,0.83,-11.43,71672.0,35713.0,-1730471.0,-13.05,-335886.0,-2.53,-1394585.0,-10.51,1625305.0,12.25,105165.0,0.79,20.0,1.257,1.258,129720200.0,163058291,163058291,2026-08-27,2026-08-27 16:11:54+08:00
589460,科创200ETF华宝,0.987,0.9883,0.13,0.033,3.46,191862.0,18678206.0,0.951,0.99,0.945,0.954,4.72,8.47,1.44,-7.56,122937.0,68925.0,4540815.0,24.31,7036782.0,37.67,-2495967.0,-13.36,-3263816.0,-17.47,-1276999.0,-6.84,-200.0,0.987,0.988,226630900.0,223684698,223684698,2026-08-27,2026-08-27 16:11:43+08:00
515070,人工智能ETF华夏,1.108,1.1084,0.04,0.037,3.45,1081335.0,118692977.0,1.079,1.11,1.079,1.071,2.89,1.44,0.85,-35.77,593997.0,487338.0,33246288.0,28.01,26411654.0,22.25,6834634.0,5.76,-16618785.0,-14.0,-16627503.0,-14.01,-5926.0,1.107,1.108,7486940416.0,8295529981,8295529981,2026-08-27,2026-08-27 16:11:33+08:00
561460,人工智能ETF天弘,0.81,0.8111,0.14,0.027,3.45,231702.0,18581090.0,0.789,0.811,0.785,0.783,3.32,3.33,1.12,-21.15,125832.0,105870.0,4204734.0,22.63,4630184.0,24.92,-425450.0,-2.29,-2075524.0,-11.17,-2129210.0,-11.46,-1643.0,0.81,0.811,696020000.0,563776200,563776200,2026-08-27,2026-08-27 16:11:48+08:00
588820,科创200ETF华夏,1.953,1.9566,0.18,0.065,3.44,103221.0,19802460.0,1.89,1.959,1.878,1.888,4.29,6.69,0.91,16.38,57744.0,45477.0,406011.0,2.05,42172.0,0.21,363839.0,1.84,161783.0,0.82,-567793.0,-2.87,-200.0,1.953,1.957,154400000.0,301543200,301543200,2026-08-27,2026-08-27 16:11:47+08:00
588240,科创200ETF鹏华,1.682,1.6816,-0.02,0.056,3.44,315648.0,51872404.0,1.626,1.684,1.613,1.626,4.37,25.12,0.84,15.28,174514.0,141134.0,1128362.0,2.18,2377849.0,4.58,-1249487.0,-2.41,-935545.0,-1.8,-192817.0,-0.37,-3531.0,1.681,1.682,125633000.0,211314706,211314706,2026-08-27,2026-08-27 16:12:00+08:00
562380,央企科技ETF银华,1.266,1.2631,-0.23,0.042,3.43,63477.0,7954655.0,1.226,1.27,1.226,1.224,3.59,8.86,3.18,1.88,40205.0,23272.0,-309667.0,-3.89,751637.0,9.45,-1061304.0,-13.34,117910.0,1.48,191756.0,2.41,-3549.0,1.266,1.27,71628900.0,90682187,90682187,2026-08-27,2026-08-27 16:11:53+08:00
589780,科创200ETF富国,1.24,1.242,0.16,0.041,3.42,34032.0,4174136.0,1.199,1.244,1.195,1.199,4.09,5.65,1.15,11.67,21073.0,12959.0,-446986.0,-10.71,0.0,0.0,-446986.0,-10.71,830004.0,19.88,-383018.0,-9.18,-316.0,1.24,1.243,60215000.0,74666600,74666600,2026-08-27,2026-08-27 16:12:01+08:00
588850,科创机械ETF嘉实,1.848,1.8437,-0.23,0.061,3.41,110589.0,20048636.0,1.771,1.848,1.764,1.787,4.7,13.69,0.89,-25.3,64476.0,46113.0,737942.0,3.68,2165054.0,10.8,-1427112.0,-7.12,715913.0,3.57,-1453855.0,-7.25,-781.0,1.848,1.849,80779000.0,149279592,149279592,2026-08-27,2026-08-27 16:11:41+08:00
589990,科创综指ETF华泰柏瑞,1.668,1.667,-0.06,0.055,3.41,34327.0,5639847.0,1.62,1.669,1.614,1.613,3.41,3.24,0.96,29.9,19575.0,14752.0,1229797.0,21.81,0.0,0.0,1229797.0,21.81,-568528.0,-10.08,-661268.0,-11.72,-24.0,1.668,1.669,106090000.0,176958120,176958120,2026-08-27,2026-08-27 16:11:33+08:00
588210,科创100ETF易方达,1.825,1.8253,0.02,0.06,3.4,114597.0,20638834.0,1.769,1.827,1.754,1.765,4.14,4.76,1.12,34.66,58319.0,56278.0,2945422.0,14.27,3652822.0,17.7,-707400.0,-3.43,-1104012.0,-5.35,-1841409.0,-8.92,-205.0,1.825,1.826,240754000.0,439376050,439376050,2026-08-27,2026-08-27 16:11:57+08:00
159663,机床ETF华夏,1.005,1.0026,-0.24,0.033,3.4,875955.0,86701350.3,0.967,1.006,0.962,0.972,4.53,20.51,1.13,-24.57,444227.0,431728.0,-30707627.0,-35.42,-14741264.0,-17.0,-15966363.0,-18.42,11610558.0,13.39,19097070.0,22.03,-760.0,1.005,1.006,427035168.0,429170344,429170344,2026-08-27,2026-08-27 15:34:12+08:00
589630,科创综指ETF国泰,0.79,0.7882,-0.23,0.026,3.4,358953.0,27958938.0,0.769,0.791,0.762,0.764,3.8,10.28,0.96,-7.85,185403.0,173550.0,1906640.0,6.82,3373193.0,12.06,-1466553.0,-5.25,-1346338.0,-4.82,-560301.0,-2.0,88.0,0.788,0.79,349258000.0,275913820,275913820,2026-08-27,2026-08-27 16:11:57+08:00
589050,科创综指ETF兴业,1.373,1.3752,0.16,0.045,3.39,24177.0,3263940.0,1.333,1.375,1.331,1.328,3.31,5.15,0.92,3.4,16463.0,7714.0,-273886.0,-8.39,0.0,0.0,-273886.0,-8.39,324256.0,9.93,-50370.0,-1.54,-1.0,1.373,1.375,46968000.0,64487064,64487064,2026-08-27,2026-08-27 16:11:32+08:00
560170,央企科技ETF南方,1.254,1.2527,-0.1,0.041,3.38,435197.0,53894934.0,1.221,1.255,1.216,1.213,3.22,11.56,2.06,12.8,209385.0,225812.0,2497155.0,4.63,3843838.0,7.13,-1346683.0,-2.5,-2782365.0,-5.16,285209.0,0.53,-804.0,1.252,1.254,376495504.0,472125362,472125362,2026-08-27,2026-08-27 16:12:00+08:00
589900,科创综指ETF博时,1.591,1.5942,0.2,0.052,3.38,126837.0,19798096.0,1.554,1.592,1.54,1.539,3.38,6.9,0.92,13.81,78962.0,47875.0,196991.0,1.0,0.0,0.0,196991.0,1.0,149261.0,0.75,-346252.0,-1.75,-90.0,1.591,1.592,183908200.0,292597946,292597946,2026-08-27,2026-08-27 16:11:54+08:00
589330,科创200ETF东财,0.886,0.8877,0.19,0.029,3.38,71350.0,6215766.0,0.856,0.887,0.851,0.857,4.2,4.3,1.06,34.2,51887.0,19463.0,247476.0,3.98,0.0,0.0,247476.0,3.98,221584.0,3.56,-469061.0,-7.55,-381.0,0.884,0.886,165902000.0,146989172,146989172,2026-08-27,2026-08-27 16:11:43+08:00
589200,科创200ETF工银,1.383,1.3865,0.25,0.045,3.36,40785.0,5581707.0,1.33,1.389,1.33,1.338,4.41,18.12,1.31,4.94,24801.0,15984.0,-703294.0,-12.6,334536.0,5.99,-1037830.0,-18.59,1017026.0,18.22,-313732.0,-5.62,-130.0,1.383,1.386,22507000.0,31127181,31127181,2026-08-27,2026-08-27 16:11:52+08:00
589660,科创综指ETF南方,1.6,1.6032,0.2,0.052,3.36,617525.0,97526373.0,1.549,1.603,1.546,1.548,3.68,22.25,1.21,46.99,386577.0,230948.0,8828086.0,9.05,-1381205.0,-1.42,10209291.0,10.47,-5210611.0,-5.34,-3617475.0,-3.71,-83.0,1.6,1.601,277530000.0,444048000,444048000,2026-08-27,2026-08-27 16:11:41+08:00
589680,科创综指ETF鹏华,1.539,1.541,0.13,0.05,3.36,1173441.0,178917960.0,1.491,1.541,1.486,1.489,3.69,8.44,1.04,6.9,747599.0,425842.0,-8288514.0,-4.63,5433771.0,3.04,-13722285.0,-7.67,5564285.0,3.11,2724229.0,1.52,-1581.0,1.538,1.539,1389943696.0,2139123348,2139123348,2026-08-27,2026-08-27 16:11:45+08:00
159063,粮食ETF南方,1.079,1.0816,0.24,0.035,3.35,137180.0,14660121.389,1.046,1.082,1.045,1.044,3.54,23.26,0.65,-24.68,80891.0,56289.0,1211127.0,8.26,-488096.0,-3.33,1699223.0,11.59,-108439.0,-0.74,-1102690.0,-7.52,-1300.0,1.079,1.08,58986647.0,63646592,63646592,2026-08-27,2026-08-27 15:34:30+08:00
589080,科创综指ETF汇添富,1.578,1.5788,0.05,0.051,3.34,813793.0,126306081.0,1.536,1.58,1.53,1.527,3.27,56.88,3.53,-17.86,710394.0,103399.0,2162292.0,1.71,-21907046.0,-17.34,24069338.0,19.06,-1543446.0,-1.22,-618847.0,-0.49,-508.0,1.578,1.579,143061000.0,225750258,225750258,2026-08-27,2026-08-27 16:11:55+08:00
512930,AI人工智能ETF平安,0.621,0.6213,0.05,0.02,3.33,2516530.0,154747250.0,0.604,0.622,0.604,0.601,3.0,5.03,1.13,-52.74,1528858.0,987672.0,31178842.0,20.15,44557176.0,28.79,-13378334.0,-8.65,-20395367.0,-13.18,-10783476.0,-6.97,-15380.0,0.62,0.621,5004521216.0,3107807675,3107807675,2026-08-27,2026-08-27 16:11:41+08:00
589320,科创200ETF嘉实,0.871,0.8726,0.18,0.028,3.32,42039.0,3612052.0,0.843,0.872,0.838,0.843,4.03,3.69,0.98,-6.96,21820.0,20219.0,886718.0,24.55,855718.0,23.69,31000.0,0.86,-584764.0,-16.19,-301956.0,-8.36,-232.0,0.871,0.872,114053000.0,99340163,99340163,2026-08-27,2026-08-27 16:11:32+08:00
159389,数字经济ETF嘉实,1.871,1.8726,0.09,0.06,3.31,52667.0,9740940.6,1.815,1.876,1.815,1.811,3.37,3.93,1.05,-53.4,23306.0,29361.0,721476.0,7.41,333875.0,3.43,387601.0,3.98,-667855.0,-6.86,-53620.0,-0.55,-43.0,1.872,1.874,134093364.0,250888684,250888684,2026-08-27,2026-08-27 15:34:54+08:00
159582,半导体ETF博时,0.784,0.7831,-0.11,0.025,3.29,1297924.0,100465436.724,0.763,0.784,0.757,0.759,3.56,12.59,1.05,5.86,747513.0,550411.0,10022049.0,9.98,14479777.0,14.41,-4457728.0,-4.44,-8649915.0,-8.61,-1372132.0,-1.37,-15308.0,0.784,0.785,1030608112.0,807996760,807996760,2026-08-27,2026-08-27 15:34:09+08:00
159385,数字经济ETF富国,1.844,1.8444,0.02,0.058,3.25,34467.0,6294284.9,1.789,1.846,1.789,1.786,3.19,7.03,0.96,6.24,20382.0,14085.0,563406.0,8.95,1560403.0,24.79,-996997.0,-15.84,-286492.0,-4.55,-276915.0,-4.4,-523.0,1.844,1.846,49002525.0,90360656,90360656,2026-08-27,2026-08-27 15:34:51+08:00
588690,科创增强ETF银华,1.217,1.2211,0.34,0.038,3.22,9197.0,1109828.0,1.189,1.22,1.181,1.179,3.31,1.78,1.02,3.65,6176.0,3021.0,456197.0,41.11,0.0,0.0,456197.0,41.11,-261938.0,-23.6,-194259.0,-17.5,-215.0,1.217,1.22,51636000.0,62841012,62841012,2026-08-27,2026-08-27 16:11:57+08:00
589300,科创综指ETF嘉实,1.736,1.7407,0.27,0.054,3.21,9127.0,1571282.0,1.697,1.74,1.687,1.682,3.15,2.19,1.24,7.52,6295.0,2832.0,494686.0,31.48,0.0,0.0,494686.0,31.48,-289822.0,-18.44,-204865.0,-13.04,-20.0,1.737,1.739,41582500.0,72187220,72187220,2026-08-27,2026-08-27 16:11:36+08:00
561220,数字经济ETF工银,1.837,1.8376,0.03,0.057,3.2,28631.0,5213907.0,1.785,1.84,1.785,1.78,3.09,6.22,0.96,27.87,9899.0,18732.0,372057.0,7.14,0.0,0.0,372057.0,7.14,-151742.0,-2.91,-220315.0,-4.23,-27.0,1.834,1.837,46053000.0,84599361,84599361,2026-08-27,2026-08-27 16:11:33+08:00
588670,科创综指增强ETF嘉实,1.78,1.7827,0.15,0.055,3.19,17717.0,3127295.0,1.74,1.784,1.73,1.725,3.13,4.95,1.44,-5.11,6661.0,11056.0,-202216.0,-6.47,-916961.0,-29.32,714745.0,22.86,269937.0,8.63,-67720.0,-2.17,-122.0,1.78,1.783,35792000.0,63709760,63709760,2026-08-27,2026-08-27 16:11:46+08:00
159906,深成长ETF大成,1.725,1.7252,0.01,0.053,3.17,57164.0,9762797.8,1.684,1.725,1.676,1.672,2.93,3.82,0.31,-39.36,27979.0,29185.0,1888767.0,19.35,4239393.0,43.42,-2350626.0,-24.08,-582814.0,-5.97,-1305952.0,-13.38,110.0,1.724,1.725,149639725.0,258128526,258128526,2026-08-27,2026-08-27 15:34:24+08:00
159679,中证1000增强ETF国泰,1.301,1.2997,-0.1,0.04,3.17,54942.0,7060743.0,1.261,1.301,1.261,1.261,3.17,9.94,1.34,-14.0,32076.0,22866.0,947427.0,13.42,0.0,0.0,947427.0,13.42,-454088.0,-6.43,-493339.0,-6.99,-386.0,1.301,1.302,55289156.0,71931192,71931192,2026-08-27,2026-08-27 15:34:15+08:00
589270,科创100ETF前海开源,1.147,1.149,0.17,0.035,3.15,29780.0,3360192.0,1.113,1.147,1.102,1.112,4.05,12.15,1.2,39.98,22762.0,7018.0,-483123.0,-14.38,14300.0,0.43,-497423.0,-14.8,467722.0,13.92,15400.0,0.46,-2158.0,1.144,1.147,24516600.0,28120540,28120540,2026-08-27,2026-08-27 16:12:00+08:00
159967,创业板成长ETF华夏,0.792,0.792,0.0,0.024,3.13,7962442.0,623814606.59,0.774,0.794,0.77,0.768,3.13,10.86,0.8,-61.96,4421500.0,3540942.0,24455861.0,3.92,28791648.0,4.62,-4335787.0,-0.7,-31665819.0,-5.08,7209956.0,1.16,43499.0,0.791,0.792,7330505728.0,5805760537,5805760537,2026-08-27,2026-08-27 15:34:57+08:00
159178,消费电子ETF汇添富,1.059,1.061,0.19,0.032,3.12,146749.0,15395672.5,1.034,1.06,1.029,1.027,3.02,17.18,1.4,-40.95,81116.0,65633.0,890628.0,5.78,-584377.0,-3.8,1475005.0,9.58,-257775.0,-1.67,-632852.0,-4.11,719.0,1.058,1.059,85432994.0,90473541,90473541,2026-08-27,2026-08-27 15:34:57+08:00
159732,消费电子ETF华夏,1.393,1.3919,-0.08,0.042,3.11,2925653.0,403375460.5,1.359,1.394,1.351,1.351,3.18,12.52,1.05,-16.59,2065761.0,859892.0,-8686442.0,-2.15,3187024.0,0.79,-11873466.0,-2.94,-1926060.0,-0.48,10612501.0,2.63,9924.0,1.392,1.393,2337447904.0,3256064930,3256064930,2026-08-27,2026-08-27 15:34:54+08:00
562570,信创ETF华夏,1.365,1.3648,-0.01,0.041,3.1,65632.0,8826406.0,1.331,1.365,1.33,1.324,2.64,2.16,0.93,18.77,41174.0,24458.0,1217165.0,13.79,-796334.0,-9.02,2013499.0,22.81,304076.0,3.45,-1521240.0,-17.24,-208.0,1.364,1.365,304281008.0,415343576,415343576,2026-08-27,2026-08-27 16:11:50+08:00
159667,工业母机ETF国泰,0.669,0.669,0.0,0.02,3.08,2259666.0,149704562.803,0.646,0.67,0.644,0.649,4.01,6.24,0.95,-49.84,1356732.0,902934.0,-18608063.0,-12.43,-10628645.0,-7.1,-7979418.0,-5.33,14983990.0,10.01,3624073.0,2.42,-24736.0,0.669,0.67,3624050720.0,2424489932,2424489932,2026-08-27,2026-08-27 15:34:03+08:00
159153,消费电子ETF鹏华,1.208,1.2059,-0.17,0.036,3.07,79527.0,9516310.909,1.184,1.209,1.175,1.172,2.9,8.31,1.04,-82.65,51050.0,28477.0,483319.0,5.08,-668651.0,-7.03,1151970.0,12.11,-394844.0,-4.15,-88476.0,-0.93,894.0,1.207,1.208,95725988.0,115636994,115636994,2026-08-27,2026-08-27 15:34:09+08:00
562030,信创ETF华宝,0.505,0.5063,0.26,0.015,3.06,63172.0,3146840.0,0.49,0.507,0.486,0.49,4.29,4.48,1.4,-2.42,38998.0,24174.0,245068.0,7.79,421094.0,13.38,-176026.0,-5.59,-112854.0,-3.59,-132213.0,-4.2,-204.0,0.505,0.506,140973900.0,71191820,71191820,2026-08-27,2026-08-27 16:11:41+08:00
512720,计算机ETF国泰,1.177,1.1776,0.05,0.035,3.06,170904.0,19865188.0,1.142,1.177,1.142,1.142,3.06,4.68,1.01,-6.22,95939.0,74965.0,1120220.0,5.64,65376.0,0.33,1054844.0,5.31,-275898.0,-1.39,-844322.0,-4.25,-1728.0,1.177,1.178,365453408.0,430138661,430138661,2026-08-27,2026-08-27 16:11:33+08:00
588680,科创100增强ETF广发,2.637,2.6375,0.02,0.078,3.05,7108.0,1855006.0,2.559,2.638,2.553,2.559,3.32,2.2,0.72,-0.2,5116.0,1992.0,-112830.0,-6.08,0.0,0.0,-112830.0,-6.08,-11160.0,-0.6,123990.0,6.68,192.0,2.637,2.638,32361000.0,85335957,85335957,2026-08-27,2026-08-27 16:11:46+08:00
159998,计算机ETF天弘,0.979,0.9793,0.03,0.029,3.05,646050.0,62403912.8,0.952,0.98,0.952,0.95,2.95,4.02,1.15,-6.24,403894.0,242156.0,-4192162.0,-6.72,-4111518.0,-6.59,-80644.0,-0.13,-1471598.0,-2.36,5663761.0,9.08,413.0,0.978,0.979,1605455360.0,1571740797,1571740797,2026-08-27,2026-08-27 15:34:00+08:00
560850,信创ETF汇添富,1.343,1.3449,0.14,0.039,2.99,31125.0,4140702.0,1.313,1.345,1.313,1.304,2.45,4.44,1.37,21.09,16494.0,14631.0,595299.0,14.38,0.0,0.0,595299.0,14.38,-270369.0,-6.53,-324930.0,-7.85,-30.0,1.342,1.343,70164000.0,94230252,94230252,2026-08-27,2026-08-27 16:11:53+08:00
560660,云计算50ETF新华,1.075,1.0735,-0.14,0.031,2.97,71864.0,7639162.0,1.05,1.075,1.05,1.044,2.39,5.53,1.51,2.15,35577.0,36287.0,705685.0,9.24,0.0,0.0,705685.0,9.24,182933.0,2.39,-888618.0,-11.63,-905.0,1.074,1.075,129938000.0,139683350,139683350,2026-08-27,2026-08-27 16:11:45+08:00
560590,中证1000增强ETF鹏华,1.466,1.4674,0.1,0.042,2.95,14184.0,2058880.0,1.435,1.466,1.428,1.424,2.67,4.94,1.64,12.39,11259.0,2925.0,-199038.0,-9.67,0.0,0.0,-199038.0,-9.67,356488.0,17.31,-157451.0,-7.65,-4.0,1.466,1.469,28710000.0,42088860,42088860,2026-08-27,2026-08-27 16:11:50+08:00
159129,化工ETF嘉实,1.089,1.0872,-0.17,0.031,2.93,260118.0,28039313.661,1.055,1.09,1.055,1.058,3.31,2.23,1.6,-1.24,155415.0,104703.0,2103648.0,7.5,-2252731.0,-8.03,4356379.0,15.54,96631.0,0.34,-2200281.0,-7.85,-1369.0,1.089,1.09,1165906592.0,1269672279,1269672279,2026-08-27,2026-08-27 15:34:27+08:00
159218,卫星ETF招商,1.34,1.3414,0.1,0.038,2.92,805661.0,106828861.86,1.305,1.342,1.301,1.302,3.15,3.85,0.96,-76.47,447279.0,358382.0,19014288.0,17.8,18780305.0,17.58,233983.0,0.22,-11121379.0,-10.41,-7892909.0,-7.39,3177.0,1.339,1.34,2091616384.0,2802765955,2802765955,2026-08-27,2026-08-27 15:34:36+08:00
516120,化工ETF富国,0.897,0.8969,-0.01,0.025,2.87,1471086.0,129931960.0,0.871,0.899,0.87,0.872,3.33,2.87,1.71,-21.46,695068.0,776018.0,881004.0,0.68,27189070.0,20.93,-26308066.0,-20.25,549809.0,0.42,-1430814.0,-1.1,-2533.0,0.897,0.898,5117082112.0,4590022654,4590022654,2026-08-27,2026-08-27 16:11:36+08:00
159133,化工ETF天弘,1.115,1.1146,-0.04,0.031,2.86,338962.0,37477714.244,1.082,1.116,1.076,1.084,3.69,2.15,1.11,36.77,171123.0,167839.0,-74971.0,-0.2,-4489508.0,-11.98,4414537.0,11.78,1393569.0,3.72,-1318598.0,-3.52,-648.0,1.115,1.116,1577913344.0,1759373379,1759373379,2026-08-27,2026-08-27 15:34:24+08:00
159909,TMT50ETF招商,1.333,1.3346,0.12,0.037,2.85,43927.0,5802802.4,1.307,1.334,1.292,1.296,3.24,0.83,1.11,68.13,22678.0,21249.0,620233.0,10.69,0.0,0.0,620233.0,10.69,-332996.0,-5.74,-287236.0,-4.95,-155.0,1.333,1.334,531562000.0,708572146,708572146,2026-08-27,2026-08-27 15:34:54+08:00
530530,上证580ETF华夏,1.161,1.1654,0.38,0.032,2.83,18498.0,2133865.0,1.127,1.163,1.127,1.129,3.19,1.38,1.63,-0.85,6986.0,11512.0,439204.0,20.58,0.0,0.0,439204.0,20.58,-326917.0,-15.32,-112287.0,-5.26,-10.0,1.16,1.163,134460000.0,156108060,156108060,2026-08-27,2026-08-27 16:11:47+08:00
530100,上证580ETF易方达,1.171,1.1698,-0.1,0.032,2.81,30495.0,3556521.0,1.14,1.171,1.139,1.139,2.81,2.53,1.4,-7.33,13146.0,17349.0,766521.0,21.55,506828.0,14.25,259693.0,7.3,-590302.0,-16.6,-176219.0,-4.95,9.0,1.168,1.17,120696000.0,141335016,141335016,2026-08-27,2026-08-27 16:11:40+08:00
563530,卫星ETF易方达,1.098,1.1002,0.2,0.03,2.81,926925.0,100849498.0,1.069,1.101,1.067,1.068,3.18,5.69,1.1,3.73,524093.0,402832.0,23540850.0,23.34,16790557.0,16.65,6750293.0,6.69,-14200264.0,-14.08,-9340586.0,-9.26,-3068.0,1.098,1.099,1629748000.0,1789463304,1789463304,2026-08-27,2026-08-27 16:11:48+08:00
512630,卫星ETF广发,1.099,1.1004,0.13,0.03,2.81,1257159.0,136859442.0,1.065,1.102,1.065,1.069,3.46,7.29,1.1,7.34,759596.0,497563.0,24678604.0,18.03,21151872.0,15.46,3526732.0,2.58,-13254489.0,-9.68,-11424115.0,-8.35,-15099.0,1.098,1.099,1724426000.0,1895144174,1895144174,2026-08-27,2026-08-27 16:11:40+08:00
158006,化工ETF博时,1.039,1.0407,0.16,0.028,2.77,13635.0,1406242.813,1.013,1.04,1.013,1.011,2.67,3.32,1.68,28.14,9149.0,4486.0,449528.0,31.97,294293.0,20.93,155235.0,11.04,-136414.0,-9.7,-313113.0,-22.27,-10.0,1.039,1.04,41046012.0,42646806,42646806,2026-08-27,2026-08-27 15:34:24+08:00
159107,创业板软件ETF富国,0.744,0.7439,-0.01,0.02,2.76,614311.0,45123188.7,0.728,0.745,0.724,0.724,2.9,7.91,0.84,-40.31,304937.0,309374.0,7589851.0,16.82,5908408.0,13.09,1681443.0,3.73,-4881829.0,-10.82,-2708023.0,-6.0,3790.0,0.743,0.744,776823008.0,577956318,577956318,2026-08-27,2026-08-27 15:34:18+08:00
159082,化工ETF华夏,1.009,1.0119,0.29,0.027,2.75,295875.0,29674391.714,0.982,1.011,0.961,0.982,5.09,21.51,1.29,-64.73,175949.0,119926.0,6404748.0,21.58,8975685.0,30.25,-2570937.0,-8.66,-5332833.0,-17.97,-1071916.0,-3.61,-659.0,1.009,1.01,137531212.0,138768993,138768993,2026-08-27,2026-08-27 15:34:03+08:00
158012,云计算ETF南方,0.933,0.9336,0.06,0.025,2.75,103580.0,9584639.684,0.915,0.934,0.914,0.908,2.2,3.71,0.92,42.28,70741.0,32838.0,2037166.0,21.25,1400411.0,14.61,636755.0,6.64,-1445720.0,-15.08,-591447.0,-6.17,282.0,0.932,0.933,279325568.0,260610755,260610755,2026-08-27,2026-08-27 15:34:30+08:00
159206,卫星ETF永赢,1.352,1.3532,0.09,0.036,2.74,3017093.0,404219915.364,1.317,1.354,1.315,1.316,2.96,3.02,0.73,-78.53,1510231.0,1506862.0,89452293.0,22.13,85593584.0,21.18,3858709.0,0.95,-31095203.0,-7.69,-58357091.0,-14.44,25528.0,1.351,1.352,9985953280.0,13501008835,13501008835,2026-08-27,2026-08-27 15:34:18+08:00
589580,科创综指ETF兴银,1.574,1.5754,0.09,0.042,2.74,734.0,113867.0,1.532,1.576,1.525,1.532,3.33,0.51,0.06,11.66,138.0,596.0,81586.0,71.65,0.0,0.0,81586.0,71.65,0.0,0.0,-81586.0,-71.65,-10.0,1.574,1.578,14354800.0,22594455,22594455,2026-08-27,2026-08-27 16:11:36+08:00
563230,卫星ETF富国,1.093,1.0937,0.06,0.029,2.73,1905447.0,206156003.0,1.063,1.095,1.062,1.064,3.1,5.46,1.0,-42.95,930960.0,974487.0,75581425.0,36.66,77707476.0,37.69,-2126051.0,-1.03,-29996396.0,-14.55,-45585029.0,-22.11,-8070.0,1.093,1.094,3489237008.0,3813736050,3813736050,2026-08-27,2026-08-27 16:11:55+08:00
159511,通信ETF南方,2.371,2.3684,-0.11,0.063,2.73,70806.0,16672293.6,2.325,2.379,2.325,2.308,2.34,4.79,0.84,33.49,35583.0,35223.0,1962401.0,11.77,3199729.0,19.19,-1237328.0,-7.42,-1192661.0,-7.15,-769742.0,-4.62,-281.0,2.371,2.372,147944573.0,350776583,350776583,2026-08-27,2026-08-27 15:34:00+08:00
512870,杭州湾区ETF南华,1.471,1.4754,0.3,0.039,2.72,3526.0,512387.0,1.432,1.475,1.432,1.432,3.0,1.57,0.64,18.9,2154.0,1372.0,230584.0,45.0,0.0,0.0,230584.0,45.0,18872.0,3.68,-249457.0,-48.69,-1.0,1.473,1.474,22410600.0,32965993,32965993,2026-08-27,2026-08-27 16:11:32+08:00
513310,中韩半导体ETF华泰柏瑞,4.883,4.4381,-10.02,0.129,2.71,21566191.0,10532384579.0,4.877,4.915,4.857,4.754,1.22,89.62,1.1,67.93,11503800.0,10062391.0,68536624.0,0.65,92938288.0,0.88,-24401664.0,-0.23,-27835936.0,-0.26,-40700816.0,-0.39,-230836.0,4.883,4.884,2406427008.0,11750583080,11750583080,2026-08-27,2026-08-27 16:11:53+08:00
516020,化工ETF华宝,0.875,0.8751,0.01,0.023,2.7,1180262.0,102227392.0,0.851,0.878,0.848,0.852,3.52,3.42,1.2,-13.39,745114.0,435148.0,5841016.0,5.71,3477005.0,3.4,2364011.0,2.31,-4692312.0,-4.59,-1148704.0,-1.12,-10666.0,0.875,0.876,3452326208.0,3020785432,3020785432,2026-08-27,2026-08-27 16:11:42+08:00
159103,金融科技ETF汇添富,0.685,0.684,-0.15,0.018,2.7,211418.0,14314324.187,0.661,0.686,0.661,0.667,3.75,6.54,2.4,48.72,151076.0,60342.0,1668057.0,11.65,1355814.0,9.47,312243.0,2.18,-1394964.0,-9.75,-273094.0,-1.91,-3335.0,0.685,0.686,323406768.0,221533636,221533636,2026-08-27,2026-08-27 15:34:42+08:00
159703,新材料ETF天弘,0.915,0.9163,0.14,0.024,2.69,51752.0,4693332.3,0.894,0.915,0.891,0.891,2.69,8.96,1.46,66.52,24911.0,26841.0,249725.0,5.32,6281.0,0.13,243444.0,5.19,-99562.0,-2.12,-150163.0,-3.2,-136.0,0.915,0.916,57781591.0,52870156,52870156,2026-08-27,2026-08-27 15:34:27+08:00
516220,化工ETF国泰,0.916,0.9162,0.02,0.024,2.69,364192.0,33165935.0,0.892,0.917,0.887,0.892,3.36,13.73,3.06,-6.52,237196.0,126996.0,-892276.0,-2.69,1068481.0,3.22,-1960757.0,-5.91,1370840.0,4.13,-478564.0,-1.44,-1251.0,0.915,0.916,265170000.0,242895720,242895720,2026-08-27,2026-08-27 16:11:55+08:00
560010,中证1000ETF广发,3.22,3.2145,-0.17,0.084,2.68,1796660.0,572237546.0,3.136,3.221,3.13,3.136,2.9,9.72,0.62,6.01,879879.0,916781.0,36034813.0,6.3,46194864.0,8.07,-10160051.0,-1.78,-18268948.0,-3.19,-17765870.0,-3.1,-1595.0,3.219,3.22,1848621696.0,5952561861,5952561861,2026-08-27,2026-08-27 16:11:45+08:00
159845,中证1000ETF华夏,3.222,3.2221,0.0,0.084,2.68,5647425.0,1803845096.359,3.144,3.224,3.134,3.138,2.87,27.0,0.96,82.82,3034336.0,2613089.0,-4541648.0,-0.25,-176872960.0,-9.81,172331312.0,9.55,18999376.0,1.05,-14457729.0,-0.8,-6834.0,3.222,3.223,2091425600.0,6738573283,6738573283,2026-08-27,2026-08-27 15:34:39+08:00
562520,中证1000成长ETF华夏,1.391,1.3889,-0.15,0.036,2.66,51265.0,7016622.0,1.357,1.391,1.355,1.355,2.66,20.87,1.15,2.89,15887.0,35378.0,257597.0,3.67,0.0,0.0,257597.0,3.67,-148817.0,-2.12,-108779.0,-1.55,-300.0,1.388,1.391,24568000.0,34174088,34174088,2026-08-27,2026-08-27 16:11:32+08:00
561620,化工ETF华泰柏瑞,1.046,1.0482,0.21,0.027,2.65,145476.0,15114435.0,1.02,1.047,1.02,1.019,2.65,32.17,1.94,13.16,81345.0,64131.0,531884.0,3.52,-154918.0,-1.02,686802.0,4.54,-378608.0,-2.5,-153275.0,-1.01,-100.0,1.046,1.047,45227000.0,47307442,47307442,2026-08-27,2026-08-27 16:11:39+08:00
159099,云计算ETF华宝,0.972,0.972,0.0,0.025,2.64,54278.0,5228221.133,0.951,0.972,0.951,0.947,2.22,4.91,0.69,-27.79,32310.0,21968.0,957742.0,18.32,-130053.0,-2.49,1087795.0,20.81,-356471.0,-6.82,-601271.0,-11.5,1771.0,0.965,0.972,110610546.0,107513451,107513451,2026-08-27,2026-08-27 15:34:15+08:00
159093,化工ETF汇添富,1.051,1.0524,0.13,0.027,2.64,35575.0,3697291.498,1.027,1.052,1.023,1.024,2.83,11.23,0.91,-15.84,15598.0,19977.0,569284.0,15.4,0.0,0.0,569284.0,15.4,-460144.0,-12.45,-109139.0,-2.95,-500.0,1.047,1.052,31681470.0,33297225,33297225,2026-08-27,2026-08-27 15:34:27+08:00
159256,创业板软件ETF华夏,0.818,0.8191,0.13,0.021,2.63,732433.0,59207170.8,0.799,0.819,0.797,0.797,2.76,12.12,0.85,-14.71,418370.0,314063.0,6275831.0,10.6,3633558.0,6.14,2642273.0,4.46,-3705693.0,-6.26,-2570137.0,-4.34,3675.0,0.817,0.818,604183760.0,494222316,494222316,2026-08-27,2026-08-27 15:34:21+08:00
512770,战略新兴ETF华夏,2.615,2.6143,-0.03,0.067,2.63,11011.0,2862869.0,2.52,2.617,2.52,2.548,3.81,1.12,0.73,25.52,6198.0,4813.0,339505.0,11.86,0.0,0.0,339505.0,11.86,-169523.0,-5.92,-169982.0,-5.94,-82.0,2.615,2.616,98267800.0,256970297,256970297,2026-08-27,2026-08-27 16:11:50+08:00
159633,中证1000ETF易方达,3.311,3.3033,-0.23,0.085,2.63,2926951.0,957630014.253,3.225,3.313,3.218,3.226,2.94,27.05,1.0,-34.61,1465606.0,1461345.0,17040384.0,1.78,13129600.0,1.37,3910784.0,0.41,-7951360.0,-0.83,-9089026.0,-0.95,1661.0,3.31,3.311,1082162656.0,3583040554,3583040554,2026-08-27,2026-08-27 15:34:03+08:00
159087,化工ETF万家,1.052,1.0556,0.34,0.027,2.63,48391.0,5058541.27,1.024,1.054,1.024,1.025,2.93,11.0,2.52,-72.96,36271.0,12120.0,1144777.0,22.63,891491.0,17.62,253286.0,5.01,-822298.0,-16.26,-322479.0,-6.37,81.0,1.049,1.052,43992150.0,46279742,46279742,2026-08-27,2026-08-27 15:34:06+08:00
159870,化工ETF鹏华,0.82,0.8188,-0.15,0.021,2.63,5060235.0,411563742.897,0.798,0.822,0.795,0.799,3.38,3.02,1.24,-0.63,3455247.0,1604988.0,27520807.0,6.69,-25358268.0,-6.16,52879075.0,12.85,-12200872.0,-2.96,-15319935.0,-3.72,-48888.0,0.82,0.821,16757606912.0,13741237668,13741237668,2026-08-27,2026-08-27 15:34:06+08:00
563790,卫星ETF鹏华,0.825,0.8254,0.05,0.021,2.61,605071.0,49444886.0,0.801,0.827,0.801,0.804,3.23,4.91,1.02,-25.99,397587.0,207484.0,9979409.0,20.18,8367116.0,16.92,1612293.0,3.26,-5954676.0,-12.04,-4024733.0,-8.14,-2406.0,0.825,0.826,1233447008.0,1017593782,1017593782,2026-08-27,2026-08-27 16:11:42+08:00
159780,科创创业50ETF南方,1.103,1.1011,-0.17,0.028,2.6,1001873.0,109400977.543,1.082,1.103,1.077,1.075,2.42,2.8,0.99,-12.7,500763.0,501110.0,10675753.0,9.76,12648021.0,11.56,-1972268.0,-1.8,-5189108.0,-4.74,-5486645.0,-5.02,8840.0,1.102,1.103,3574448576.0,3942616779,3942616779,2026-08-27,2026-08-27 15:34:24+08:00
159629,中证1000ETF富国,3.234,3.2298,-0.13,0.082,2.6,2508057.0,802097827.833,3.152,3.236,3.144,3.152,2.92,26.53,0.94,-24.66,1167799.0,1340258.0,22601728.0,2.82,82333040.0,10.26,-59731312.0,-7.45,-17194662.0,-2.14,-5407059.0,-0.67,3463.0,3.233,3.234,945252656.0,3056947090,3056947090,2026-08-27,2026-08-27 15:34:00+08:00
516630,云计算ETF华夏,1.626,1.6262,0.01,0.041,2.59,222356.0,35841585.0,1.599,1.626,1.593,1.585,2.08,4.48,0.72,2.91,130919.0,91437.0,3443930.0,9.61,246927.0,0.69,3197003.0,8.92,149157.0,0.42,-3593087.0,-10.02,-1869.0,1.625,1.626,496156000.0,806749656,806749656,2026-08-27,2026-08-27 16:11:36+08:00
517950,沪深港科技50ETF交银,1.188,1.1872,-0.07,0.03,2.59,18241.0,2153373.0,1.169,1.189,1.167,1.158,1.9,3.75,0.42,25.87,11406.0,6835.0,109346.0,5.08,0.0,0.0,109346.0,5.08,-52335.0,-2.43,-57011.0,-2.65,-3533.0,1.184,1.188,48623200.0,57764362,57764362,2026-08-27,2026-08-27 16:11:33+08:00
563570,金融科技ETF兴业,0.756,0.7548,-0.16,0.019,2.58,224258.0,16664600.0,0.73,0.756,0.73,0.737,3.53,19.78,1.1,-0.4,115731.0,108527.0,-101246.0,-0.61,-287556.0,-1.73,186310.0,1.12,-35150.0,-0.21,136395.0,0.82,-652.0,0.755,0.756,113374000.0,85710744,85710744,2026-08-27,2026-08-27 16:11:59+08:00
516330,物联网ETF华泰柏瑞,1.588,1.587,-0.06,0.04,2.58,775.0,122084.0,1.552,1.588,1.552,1.548,2.33,0.91,0.56,8.11,204.0,571.0,96773.0,79.27,0.0,0.0,96773.0,79.27,-51883.0,-42.5,-44890.0,-36.77,60.0,1.584,1.588,8471300.0,13452424,13452424,2026-08-27,2026-08-27 16:11:53+08:00
560110,中证1000ETF汇添富,1.164,1.162,-0.17,0.029,2.56,251018.0,28924032.0,1.136,1.165,1.132,1.135,2.91,6.88,1.06,15.67,155278.0,95740.0,5267934.0,18.21,-208015.0,-0.72,5475949.0,18.93,-3505834.0,-12.12,-1762100.0,-6.09,-2850.0,1.164,1.165,364903504.0,424747679,424747679,2026-08-27,2026-08-27 16:11:33+08:00
588400,科创创业ETF嘉实,1.122,1.122,0.0,0.028,2.56,224635.0,24984745.0,1.101,1.124,1.097,1.094,2.47,1.68,0.52,-6.56,132505.0,92130.0,2874029.0,11.5,2782783.0,11.14,91246.0,0.37,-1779685.0,-7.12,-1094346.0,-4.38,-2136.0,1.122,1.123,1338600608.0,1501909882,1501909882,2026-08-27,2026-08-27 16:11:42+08:00
561800,稀有金属ETF华富,1.045,1.0428,-0.21,0.026,2.55,224621.0,23254192.0,1.014,1.045,1.011,1.019,3.34,10.93,1.47,-5.01,129989.0,94632.0,3309537.0,14.23,3681617.0,15.83,-372080.0,-1.6,-1356366.0,-5.83,-1953170.0,-8.4,-1493.0,1.044,1.045,205577200.0,214828174,214828174,2026-08-27,2026-08-27 16:12:01+08:00
159628,国证2000ETF万家,1.405,1.4025,-0.18,0.035,2.55,813566.0,113421496.7,1.369,1.409,1.368,1.37,2.99,24.48,0.95,-74.89,327079.0,486487.0,19205292.0,16.93,11419865.0,10.07,7785427.0,6.86,-3098592.0,-2.73,-16106701.0,-14.2,-1835.0,1.405,1.406,332283248.0,466857963,466857963,2026-08-27,2026-08-27 15:34:57+08:00
516300,中证1000ETF华泰柏瑞,3.254,3.2535,-0.02,0.081,2.55,50932.0,16406651.0,3.182,3.256,3.165,3.173,2.87,11.84,1.23,-19.81,30159.0,20773.0,2644403.0,16.12,0.0,0.0,2644403.0,16.12,-1410640.0,-8.6,-1233764.0,-7.52,-99.0,3.254,3.256,43012600.0,139963000,139963000,2026-08-27,2026-08-27 16:12:01+08:00
512100,中证1000ETF南方,3.137,3.1354,-0.05,0.078,2.55,9719760.0,3021324049.0,3.064,3.14,3.052,3.059,2.88,15.1,0.88,-52.74,5566541.0,4153219.0,110522896.0,3.66,-143728432.0,-4.76,254251328.0,8.42,19002464.0,0.63,-129525375.0,-4.29,-85450.0,3.136,3.137,6437217536.0,20193551410,20193551410,2026-08-27,2026-08-27 16:11:46+08:00
562800,稀有金属ETF嘉实,0.969,0.9682,-0.08,0.024,2.54,2341530.0,223954701.0,0.941,0.969,0.938,0.945,3.28,4.14,1.02,-19.27,1290399.0,1051131.0,27410778.0,12.24,15826109.0,7.07,11584669.0,5.17,-7104641.0,-3.17,-20306137.0,-9.07,9549.0,0.968,0.969,5653345024.0,5478091328,5478091328,2026-08-27,2026-08-27 16:11:38+08:00
159299,金融科技ETF易方达,0.726,0.7239,-0.29,0.018,2.54,348624.0,24933361.9,0.703,0.726,0.7,0.708,3.67,5.19,1.33,54.35,197575.0,151049.0,784692.0,3.15,582806.0,2.34,201886.0,0.81,-521905.0,-2.09,-262787.0,-1.05,-4214.0,0.726,0.727,671472976.0,487489381,487489381,2026-08-27,2026-08-27 15:34:18+08:00
159918,中创400ETF嘉实,2.509,2.5087,-0.01,0.062,2.53,11291.0,2808299.2,2.42,2.509,2.42,2.447,3.64,3.69,1.1,18.38,7871.0,3420.0,569769.0,20.29,0.0,0.0,569769.0,20.29,-531561.0,-18.93,-38208.0,-1.36,5.0,2.499,2.509,30561264.0,76678211,76678211,2026-08-27,2026-08-27 15:34:33+08:00
515220,煤炭ETF国泰,1.341,1.3412,0.01,0.033,2.52,5213018.0,692142788.0,1.303,1.346,1.299,1.308,3.59,4.72,0.92,-20.26,2959963.0,2253055.0,68632977.0,9.92,50984306.0,7.37,17648671.0,2.55,-25824521.0,-3.73,-42808457.0,-6.18,-25133.0,1.34,1.341,11036676864.0,14800183675,14800183675,2026-08-27,2026-08-27 16:11:35+08:00
159095,云计算ETF银华,0.94,0.9412,0.13,0.023,2.51,88030.0,8199093.273,0.919,0.941,0.919,0.917,2.4,3.79,0.9,-93.56,58279.0,29751.0,1814824.0,22.13,2377771.0,29.0,-562947.0,-6.87,-1151588.0,-14.05,-663237.0,-8.09,160.0,0.939,0.94,232468139.0,218520051,218520051,2026-08-27,2026-08-27 15:34:30+08:00
588300,科创创业50ETF招商,1.143,1.143,0.0,0.028,2.51,308463.0,34937402.0,1.123,1.145,1.118,1.115,2.42,2.05,0.78,1.41,177102.0,131361.0,4439604.0,12.71,2767719.0,7.92,1671885.0,4.79,-1930865.0,-5.53,-2508738.0,-7.18,-2717.0,1.142,1.143,1507210496.0,1722741597,1722741597,2026-08-27,2026-08-27 16:11:50+08:00
560950,中证500增强ETF汇添富,1.395,1.3923,-0.19,0.034,2.5,5985.0,824693.0,1.361,1.395,1.361,1.361,2.5,3.87,0.85,9.14,3082.0,2903.0,424206.0,51.44,0.0,0.0,424206.0,51.44,-355740.0,-43.14,-68466.0,-8.3,-1.0,1.394,1.395,15483000.0,21598785,21598785,2026-08-27,2026-08-27 16:11:59+08:00
516860,金融科技ETF博时,1.107,1.1056,-0.13,0.027,2.5,609588.0,66581888.0,1.071,1.107,1.071,1.08,3.33,5.29,1.19,-4.98,362248.0,247340.0,4746779.0,7.13,-606423.0,-0.91,5353202.0,8.04,-1620571.0,-2.43,-3126208.0,-4.7,-8692.0,1.106,1.107,1151522000.0,1274734854,1274734854,2026-08-27,2026-08-27 16:11:42+08:00
516100,金融科技ETF华夏,1.077,1.0746,-0.22,0.026,2.47,494692.0,52528679.0,1.046,1.079,1.036,1.051,4.09,4.41,1.93,-7.99,292441.0,202251.0,3651787.0,6.95,-3167560.0,-6.03,6819347.0,12.98,-1800945.0,-3.43,-1850842.0,-3.52,-12563.0,1.076,1.077,1120759696.0,1207058193,1207058193,2026-08-27,2026-08-27 16:11:53+08:00
159671,稀有金属ETF工银,1.372,1.3709,-0.08,0.033,2.46,768404.0,104077162.91,1.332,1.372,1.302,1.339,5.23,8.56,2.18,55.04,596812.0,171592.0,32906.0,0.03,-15127610.0,-14.53,15160516.0,14.57,1288173.0,1.24,-1321079.0,-1.27,1169.0,1.371,1.372,897551744.0,1231440993,1231440993,2026-08-27,2026-08-27 15:34:06+08:00
516260,物联网ETF华夏,1.374,1.3752,0.09,0.033,2.46,8812.0,1200626.0,1.338,1.376,1.338,1.341,2.83,2.01,0.74,0.68,3873.0,4939.0,22484.0,1.87,0.0,0.0,22484.0,1.87,8758.0,0.73,-31242.0,-2.6,-50.0,1.374,1.377,43882600.0,60294692,60294692,2026-08-27,2026-08-27 16:11:54+08:00
510560,中证500ETF国寿,2.0,1.9962,-0.19,0.048,2.46,5480.0,1078846.0,1.984,2.0,1.955,1.952,2.31,1.05,1.05,12.15,3893.0,1587.0,-214193.0,-19.85,0.0,0.0,-214193.0,-19.85,182112.0,16.88,32080.0,2.97,5.0,1.993,2.0,52318700.0,104637400,104637400,2026-08-27,2026-08-27 16:11:39+08:00
561280,中证1000增强ETF工银,1.625,1.6315,0.4,0.039,2.46,66537.0,10686505.0,1.58,1.63,1.58,1.586,3.15,7.84,1.42,16.53,41201.0,25336.0,1411497.0,13.21,13450.0,0.13,1398047.0,13.08,-1099275.0,-10.29,-312224.0,-2.92,-1.0,1.625,1.627,84847700.0,137877513,137877513,2026-08-27,2026-08-27 16:11:54+08:00
159086,金融科技ETF广发,1.088,1.0873,-0.06,0.026,2.45,67083.0,7197227.645,1.062,1.088,1.057,1.062,2.92,20.7,2.14,-17.3,43057.0,24026.0,672530.0,9.34,768197.0,10.67,-95667.0,-1.33,-608866.0,-8.46,-63663.0,-0.88,9.0,1.085,1.088,32399823.0,35251007,35251007,2026-08-27,2026-08-27 15:34:24+08:00
561550,中证500增强ETF华泰柏瑞,1.43,1.4295,-0.03,0.034,2.44,587206.0,83182495.0,1.403,1.431,1.392,1.396,2.79,4.59,1.48,-4.96,263690.0,323516.0,4347732.0,5.23,-6085456.0,-7.32,10433188.0,12.54,-3811992.0,-4.58,-535739.0,-0.64,-840.0,1.429,1.43,1277989600.0,1827525128,1827525128,2026-08-27,2026-08-27 16:11:49+08:00
561250,稀有金属ETF鹏华,1.05,1.0535,0.33,0.025,2.44,71328.0,7401788.0,1.025,1.053,1.017,1.025,3.51,6.44,1.01,-30.4,49243.0,22084.0,103750.0,1.4,756047.0,10.21,-652297.0,-8.81,222295.0,3.0,-326045.0,-4.4,-6318.0,1.048,1.05,110752200.0,116289810,116289810,2026-08-27,2026-08-27 16:11:44+08:00
159968,中证500ETF博时,10.437,10.4375,0.0,0.249,2.44,5137.0,5303118.5,10.227,10.449,10.195,10.188,2.49,0.8,0.44,53.04,1528.0,3609.0,707461.0,13.34,0.0,0.0,707461.0,13.34,-352813.0,-6.65,-354649.0,-6.69,-18.0,10.437,10.448,64495098.0,673135338,673135338,2026-08-27,2026-08-27 15:34:18+08:00
159896,物联网ETF南方,1.302,1.3032,0.09,0.031,2.44,8024.0,1036130.401,1.271,1.302,1.271,1.271,2.44,2.11,0.24,55.46,3659.0,4365.0,-31517.0,-3.04,8166.0,0.79,-39683.0,-3.83,137692.0,13.29,-106175.0,-10.25,61.0,1.297,1.303,38055960.0,49548860,49548860,2026-08-27,2026-08-27 15:34:09+08:00
159820,中证500ETF天弘,1.383,1.3836,0.04,0.033,2.44,55034.0,7533963.3,1.354,1.384,1.352,1.35,2.37,0.41,0.96,-1.8,32133.0,22901.0,1216404.0,16.15,0.0,0.0,1216404.0,16.15,-601322.0,-7.98,-615081.0,-8.16,-92.0,1.383,1.384,1356408464.0,1875912906,1875912906,2026-08-27,2026-08-27 15:34:27+08:00
159781,科创创业ETF易方达,1.1,1.0998,-0.02,0.026,2.42,3486088.0,380572801.636,1.081,1.101,1.075,1.074,2.42,2.22,0.85,-29.32,2035238.0,1450850.0,-4158813.0,-1.09,7296556.0,1.92,-11455369.0,-3.01,-8012243.0,-2.11,12171057.0,3.2,16141.0,1.099,1.1,15676860416.0,17244546458,17244546458,2026-08-27,2026-08-27 15:34:03+08:00
159053,稀有金属ETF华夏,0.932,0.9331,0.12,0.022,2.42,159379.0,14680916.3,0.91,0.932,0.904,0.91,3.08,9.77,0.8,-19.85,88168.0,71211.0,3431631.0,23.37,353807.0,2.41,3077824.0,20.96,-2260576.0,-15.4,-1171054.0,-7.98,950.0,0.931,0.932,163198132.0,152100659,152100659,2026-08-27,2026-08-27 15:34:51+08:00
159062,稀有金属ETF南方,0.848,0.8489,0.11,0.02,2.42,604874.0,50707460.076,0.827,0.848,0.822,0.828,3.14,54.15,4.06,52.84,286447.0,318427.0,2596647.0,5.12,7185773.0,14.17,-4589126.0,-9.05,-1988596.0,-3.92,-608050.0,-1.2,-24.0,0.848,0.849,111701256.0,94722665,94722665,2026-08-27,2026-08-27 15:34:03+08:00
515860,科技ETF嘉实,2.118,2.1187,0.03,0.05,2.42,43496.0,9132592.0,2.086,2.119,2.035,2.068,4.06,4.27,1.52,11.27,25866.0,17630.0,-99359.0,-1.09,374381.0,4.1,-473740.0,-5.19,149477.0,1.64,-50118.0,-0.55,-75.0,2.118,2.119,101878900.0,215779510,215779510,2026-08-27,2026-08-27 16:11:38+08:00
159782,双创50ETF银华,1.103,1.1034,0.04,0.026,2.41,278627.0,30496011.6,1.084,1.105,1.078,1.077,2.51,4.99,1.15,-64.23,160557.0,118070.0,2873611.0,9.42,1791435.0,5.87,1082176.0,3.55,-1283479.0,-4.21,-1590132.0,-5.21,569.0,1.102,1.103,558190272.0,615683870,615683870,2026-08-27,2026-08-27 15:34:39+08:00
159701,物联网ETF招商,1.273,1.2735,0.04,0.03,2.41,5662.0,715109.4,1.249,1.273,1.247,1.243,2.09,9.92,0.85,14.8,4323.0,1339.0,144313.0,20.18,0.0,0.0,144313.0,20.18,-116305.0,-16.26,-28009.0,-3.92,21.0,1.26,1.281,5705601.0,7263230,7263230,2026-08-27,2026-08-27 15:34:33+08:00
516510,云计算ETF易方达,1.663,1.6633,0.02,0.039,2.4,675851.0,111389895.0,1.629,1.663,1.629,1.624,2.09,4.41,0.91,11.7,375003.0,300848.0,8427725.0,7.57,5244690.0,4.71,3183035.0,2.86,-4467071.0,-4.01,-3960655.0,-3.56,-7576.0,1.662,1.663,1532890000.0,2549196070,2549196070,2026-08-27,2026-08-27 16:11:58+08:00
561050,稀有金属ETF易方达,0.897,0.8986,0.18,0.021,2.4,182735.0,16205176.0,0.874,0.9,0.87,0.876,3.42,7.7,1.19,4.07,113898.0,68837.0,2714296.0,16.75,5085196.0,31.38,-2370900.0,-14.63,-2049476.0,-12.65,-664819.0,-4.1,-1145.0,0.897,0.898,237250000.0,212813250,212813250,2026-08-27,2026-08-27 16:12:00+08:00
159597,创业板成长ETF易方达,0.81,0.8092,-0.1,0.019,2.4,511575.0,41060706.1,0.793,0.81,0.791,0.791,2.4,4.81,1.02,54.32,326751.0,184824.0,-18261378.0,-44.47,-7356556.0,-17.92,-10904822.0,-26.56,-243405.0,-0.59,18504783.0,45.07,-760.0,0.81,0.811,1064257136.0,862048280,862048280,2026-08-27,2026-08-27 15:34:24+08:00
516700,大数据ETF华宝,0.895,0.8958,0.09,0.021,2.4,170945.0,15167714.0,0.878,0.895,0.878,0.874,1.95,9.02,0.98,-1.17,99412.0,71533.0,852879.0,5.62,946990.0,6.24,-94111.0,-0.62,-176744.0,-1.17,-676135.0,-4.46,-361.0,0.895,0.896,189622000.0,169711690,169711690,2026-08-27,2026-08-27 16:11:41+08:00
159761,新材料ETF国泰,0.814,0.8118,-0.27,0.019,2.39,88710.0,7099329.5,0.801,0.814,0.792,0.795,2.77,4.49,1.33,-27.74,47181.0,41529.0,220293.0,3.1,-247511.0,-3.49,467804.0,6.59,-299808.0,-4.22,79516.0,1.12,-351.0,0.814,0.815,197734117.0,160955571,160955571,2026-08-27,2026-08-27 15:34:12+08:00
159572,创业板200ETF易方达,1.458,1.457,-0.07,0.034,2.39,99996.0,14430879.804,1.427,1.458,1.419,1.424,2.74,5.27,0.91,12.36,56337.0,43659.0,-436394.0,-3.02,-1012450.0,-7.02,576056.0,3.99,183401.0,1.27,252993.0,1.75,225.0,1.456,1.458,189749107.0,276654198,276654198,2026-08-27,2026-08-27 15:34:33+08:00
516000,大数据ETF华夏,0.944,0.9446,0.06,0.022,2.39,309494.0,28992165.0,0.925,0.945,0.925,0.922,2.17,6.96,0.89,0.84,162265.0,147229.0,2426499.0,8.37,2216339.0,7.64,210160.0,0.72,-1464467.0,-5.05,-962032.0,-3.32,-1215.0,0.943,0.944,444855008.0,419943128,419943128,2026-08-27,2026-08-27 16:11:52+08:00
159851,金融科技ETF华宝,0.642,0.642,0.0,0.015,2.39,6050309.0,384188986.6,0.625,0.643,0.623,0.627,3.19,6.11,2.03,-26.7,3873169.0,2177140.0,16325313.0,4.25,-24677898.0,-6.42,41003211.0,10.67,-6323315.0,-1.65,-10001997.0,-2.6,123602.0,0.641,0.642,9896904192.0,6353812491,6353812491,2026-08-27,2026-08-27 15:34:51+08:00
510570,中证500ETF兴业,1.255,1.254,-0.08,0.029,2.37,5522.0,687931.0,1.226,1.255,1.226,1.226,2.37,1.67,0.28,-1.47,4600.0,922.0,-305749.0,-44.44,0.0,0.0,-305749.0,-44.44,-106203.0,-15.44,411953.0,59.88,17.0,1.251,1.255,33060600.0,41491053,41491053,2026-08-27,2026-08-27 16:11:43+08:00
159290,创业板综指增强ETF东财,1.165,1.1685,0.3,0.027,2.37,23666.0,2737049.2,1.139,1.166,1.139,1.138,2.37,5.25,1.18,52.16,13321.0,10345.0,-14010.0,-0.51,0.0,0.0,-14010.0,-0.51,419926.0,15.34,-405915.0,-14.83,206.0,1.164,1.165,45100396.0,52541961,52541961,2026-08-27,2026-08-27 15:34:03+08:00
563030,中证500增强ETF易方达,1.595,1.5951,0.01,0.037,2.37,19913.0,3150629.0,1.561,1.595,1.561,1.558,2.18,1.57,0.65,55.46,13668.0,6245.0,594293.0,18.86,0.0,0.0,594293.0,18.86,-437939.0,-13.9,-156354.0,-4.96,-445.0,1.594,1.595,127169000.0,202834555,202834555,2026-08-27,2026-08-27 16:12:00+08:00
588380,科创创业ETF富国,1.125,1.1256,0.05,0.026,2.37,689677.0,76907968.0,1.11,1.127,1.1,1.099,2.46,2.59,0.73,-8.12,372471.0,317206.0,6233012.0,8.1,6953836.0,9.04,-720824.0,-0.94,-3422028.0,-4.45,-2810985.0,-3.65,-3257.0,1.124,1.125,2666770000.0,3000116250,3000116250,2026-08-27,2026-08-27 16:12:00+08:00
159680,中证1000增强ETF招商,1.689,1.6868,-0.13,0.039,2.36,742875.0,124301450.683,1.654,1.689,1.645,1.65,2.67,7.37,1.07,0.87,349953.0,392922.0,-24644305.0,-19.83,-13855641.0,-11.15,-10788664.0,-8.68,14283859.0,11.49,10360445.0,8.33,4773.0,1.688,1.689,1008438080.0,1703251917,1703251917,2026-08-27,2026-08-27 15:34:15+08:00
159678,500增强ETF博时,1.562,1.5656,0.23,0.036,2.36,24376.0,3761522.4,1.526,1.564,1.515,1.526,3.21,2.73,0.91,-90.79,12936.0,11440.0,27591.0,0.73,0.0,0.0,27591.0,0.73,226909.0,6.03,-254499.0,-6.77,-25.0,1.562,1.563,89143694.0,139242450,139242450,2026-08-27,2026-08-27 15:34:12+08:00
510500,中证500ETF南方,7.973,7.9672,-0.07,0.184,2.36,4170215.0,3303724225.0,7.799,7.979,7.782,7.789,2.53,8.26,1.2,0.79,2498268.0,1671946.0,-84552384.0,-2.56,-213833296.0,-6.47,129280912.0,3.91,140224800.0,4.24,-55672407.0,-1.69,-44744.0,7.972,7.973,5050968576.0,40271372456,40271372456,2026-08-27,2026-08-27 16:11:57+08:00
510550,中证500ETF方正富邦,2.045,2.0434,-0.08,0.047,2.35,7090.0,1434324.0,2.004,2.046,2.003,1.998,2.15,2.99,1.02,-2.14,5639.0,1451.0,-68846.0,-4.8,0.0,0.0,-68846.0,-4.8,128347.0,8.95,-59502.0,-4.15,-80.0,2.038,2.045,23743300.0,48555049,48555049,2026-08-27,2026-08-27 16:11:36+08:00
561350,中证500ETF国泰,1.265,1.2652,0.02,0.029,2.35,321104.0,40165463.0,1.239,1.266,1.235,1.236,2.51,43.57,1.08,2.4,139674.0,181430.0,1704684.0,4.24,2920883.0,7.27,-1216199.0,-3.03,-1137278.0,-2.83,-567406.0,-1.41,-36.0,1.265,1.267,73700000.0,93230500,93230500,2026-08-27,2026-08-27 16:11:50+08:00
159895,物联网ETF易方达,1.401,1.4005,-0.04,0.032,2.34,52886.0,7322218.7,1.37,1.401,1.368,1.369,2.41,6.43,1.05,-0.19,17583.0,35303.0,373069.0,5.1,698000.0,9.53,-324931.0,-4.44,-338707.0,-4.63,-34362.0,-0.47,786.0,1.399,1.405,82241864.0,115220851,115220851,2026-08-27,2026-08-27 15:34:30+08:00
159045,稀有金属ETF大成,0.833,0.8332,0.02,0.019,2.33,119888.0,9875922.733,0.813,0.835,0.808,0.814,3.32,7.12,1.26,-94.66,72439.0,47449.0,1387228.0,14.05,2866814.0,29.03,-1479586.0,-14.98,-1110788.0,-11.25,-276440.0,-2.8,-1.0,0.831,0.833,168330213.0,140219067,140219067,2026-08-27,2026-08-27 15:34:51+08:00
510510,中证500ETF广发,2.589,2.5849,-0.16,0.059,2.33,194878.0,49958647.0,2.533,2.591,2.529,2.53,2.45,2.35,0.6,8.96,116775.0,78103.0,8512146.0,17.04,6819215.0,13.65,1692931.0,3.39,-2769533.0,-5.54,-5742613.0,-11.49,-622.0,2.588,2.589,829038304.0,2146380169,2146380169,2026-08-27,2026-08-27 16:11:53+08:00
561390,稀有金属ETF平安,1.014,1.0144,0.04,0.023,2.32,71412.0,7199521.0,0.991,1.015,0.986,0.991,2.93,7.67,1.15,1.35,53868.0,17544.0,2561192.0,35.57,3103950.0,43.11,-542758.0,-7.54,-2003121.0,-27.82,-558070.0,-7.75,-100.0,1.012,1.014,93128100.0,94431893,94431893,2026-08-27,2026-08-27 16:11:53+08:00
159807,科技ETF易方达,0.928,0.9285,0.05,0.021,2.32,420701.0,38748485.0,0.907,0.93,0.907,0.907,2.54,4.7,0.91,-43.77,238733.0,181968.0,2870362.0,7.41,1658658.0,4.28,1211704.0,3.13,-1348233.0,-3.48,-1522130.0,-3.93,-2270.0,0.928,0.929,895051424.0,830607721,830607721,2026-08-27,2026-08-27 15:34:30+08:00
510530,中证500ETF工银,8.981,8.9715,-0.11,0.204,2.32,6498.0,5773709.0,8.88,8.99,8.772,8.777,2.48,1.38,1.28,49.19,3228.0,3270.0,828208.0,14.34,0.0,0.0,828208.0,14.34,-316783.0,-5.49,-511426.0,-8.86,12.0,8.956,8.965,46979400.0,421921991,421921991,2026-08-27,2026-08-27 16:11:59+08:00
516150,稀土ETF嘉实,1.765,1.7649,-0.01,0.04,2.32,917653.0,160533880.0,1.716,1.767,1.716,1.725,2.96,2.4,1.24,-8.08,515412.0,402241.0,-4697365.0,-2.93,-1274394.0,-0.79,-3422971.0,-2.13,29779855.0,18.55,-25082490.0,-15.62,-2791.0,1.764,1.765,3831077008.0,6761850919,6761850919,2026-08-27,2026-08-27 16:11:44+08:00
159013,工业互联网ETF大成,1.019,1.0204,0.14,0.023,2.31,14732.0,1483225.225,1.0,1.019,0.997,0.996,2.21,3.63,1.13,0.67,6137.0,8595.0,540725.0,36.46,366201.0,24.69,174524.0,11.77,-351500.0,-23.7,-189224.0,-12.76,400.0,1.018,1.019,40578881.0,41349880,41349880,2026-08-27,2026-08-27 15:34:36+08:00
159500,中证500ETF富国,1.197,1.1963,-0.06,0.027,2.31,238722.0,28272391.9,1.172,1.2,1.169,1.17,2.65,11.04,1.46,-45.9,109501.0,129221.0,2579312.0,9.12,985213.0,3.48,1594099.0,5.64,-779878.0,-2.76,-1799432.0,-6.36,1660.0,1.196,1.197,216138865.0,258718221,258718221,2026-08-27,2026-08-27 15:34:03+08:00
159563,创业板综ETF华夏,1.823,1.8227,-0.02,0.041,2.3,41351.0,7445941.0,1.785,1.823,1.785,1.782,2.13,14.08,2.12,-17.62,17275.0,24076.0,571888.0,7.68,0.0,0.0,571888.0,7.68,-402746.0,-5.41,-169143.0,-2.27,1.0,1.824,1.825,29360773.0,53524689,53524689,2026-08-27,2026-08-27 15:34:15+08:00
588360,科创创业ETF国泰,1.203,1.2049,0.16,0.027,2.3,171621.0,20465739.0,1.187,1.207,1.177,1.176,2.55,7.83,0.71,32.64,87018.0,84603.0,-588211.0,-2.87,599000.0,2.93,-1187211.0,-5.8,705148.0,3.45,-116936.0,-0.57,-263.0,1.202,1.203,219081800.0,263555405,263555405,2026-08-27,2026-08-27 16:11:40+08:00
159337,中证500ETF东财,1.822,1.8216,-0.02,0.041,2.3,67497.0,12179965.5,1.781,1.822,1.78,1.781,2.36,2.41,1.01,0.53,39454.0,28043.0,962495.0,7.9,0.0,0.0,962495.0,7.9,1049708.0,8.62,-2012202.0,-16.52,852.0,1.821,1.822,279710608.0,509632728,509632728,2026-08-27,2026-08-27 15:34:51+08:00
563750,中证500ETF汇添富,1.114,1.1146,0.05,0.025,2.3,138064.0,15243955.0,1.092,1.116,1.091,1.089,2.3,4.09,1.26,17.72,65146.0,72918.0,1608919.0,10.55,602419.0,3.95,1006500.0,6.6,-1370756.0,-8.99,-238164.0,-1.56,-9.0,1.113,1.114,337237008.0,375682027,375682027,2026-08-27,2026-08-27 16:11:44+08:00
588390,科创创业ETF博时,1.205,1.2066,0.13,0.027,2.29,52795.0,6318767.0,1.189,1.208,1.18,1.178,2.38,3.32,0.79,1.25,27426.0,25369.0,595724.0,9.43,1081767.0,17.12,-486043.0,-7.69,-350719.0,-5.55,-245005.0,-3.88,-3.0,1.205,1.206,158935900.0,191517760,191517760,2026-08-27,2026-08-27 16:11:44+08:00
159608,稀有金属ETF广发,1.118,1.1158,-0.2,0.025,2.29,1010050.0,111428676.568,1.084,1.118,1.081,1.093,3.39,2.96,0.97,-51.5,582435.0,427615.0,12560899.0,11.27,10660359.0,9.57,1900540.0,1.71,-6499126.0,-5.83,-6061774.0,-5.44,7775.0,1.117,1.118,3413610064.0,3816416052,3816416052,2026-08-27,2026-08-27 15:34:42+08:00
159603,科创创业ETF天弘,1.7,1.7016,0.09,0.038,2.29,87070.0,14685301.6,1.67,1.702,1.663,1.662,2.35,0.33,1.35,-27.24,34220.0,52850.0,2056276.0,14.0,2626926.0,17.89,-570650.0,-3.89,-666055.0,-4.54,-1390222.0,-9.47,279.0,1.699,1.7,2622071920.0,4457522264,4457522264,2026-08-27,2026-08-27 15:34:12+08:00
512670,国防ETF鹏华,0.76,0.7601,0.01,0.017,2.29,647606.0,48812634.0,0.742,0.761,0.742,0.743,2.56,2.97,0.73,-25.48,404110.0,243496.0,7535783.0,15.44,8191576.0,16.78,-655793.0,-1.34,-5282380.0,-10.82,-2253404.0,-4.62,-4652.0,0.759,0.76,2177652608.0,1655015982,1655015982,2026-08-27,2026-08-27 16:11:37+08:00
159804,创中盘88ETF国寿,1.651,1.6517,0.04,0.037,2.29,712.0,115814.5,1.621,1.651,1.621,1.614,1.86,0.45,0.64,-0.25,306.0,406.0,0.0,0.0,0.0,0.0,0.0,0.0,50142.0,43.3,-50143.0,-43.3,-5.0,1.651,1.658,15899676.0,26250365,26250365,2026-08-27,2026-08-27 15:34:18+08:00
159505,国证2000ETF博时,1.618,1.6224,0.27,0.036,2.28,21447.0,3444634.4,1.584,1.62,1.577,1.582,2.72,11.23,1.01,24.62,8739.0,12708.0,238848.0,6.93,0.0,0.0,238848.0,6.93,-111612.0,-3.24,-127235.0,-3.69,-30.0,1.618,1.622,19104786.0,30911544,30911544,2026-08-27,2026-08-27 15:34:09+08:00
159922,中证500ETF嘉实,3.234,3.23,-0.12,0.072,2.28,1096430.0,351672291.475,3.163,3.236,3.158,3.162,2.47,4.07,0.73,-14.56,510689.0,585742.0,11752724.0,3.34,73405498.0,20.87,-61652774.0,-17.53,-5252939.0,-1.49,-6499785.0,-1.85,1531.0,3.233,3.234,2693676768.0,8711350668,8711350668,2026-08-27,2026-08-27 15:34:21+08:00
588660,科创创业50ETF兴银,1.836,1.8392,0.17,0.041,2.28,17086.0,3119778.0,1.812,1.838,1.8,1.795,2.12,4.34,0.61,13.5,9563.0,7523.0,32928.0,1.06,0.0,0.0,32928.0,1.06,26786.0,0.86,-59714.0,-1.91,-28.0,1.836,1.837,39344000.0,72235584,72235584,2026-08-27,2026-08-27 16:11:39+08:00
510580,中证500ETF易方达,4.193,4.19,-0.07,0.093,2.27,360027.0,149357016.0,4.103,4.199,4.088,4.1,2.71,3.22,0.95,-86.21,204034.0,155993.0,19002095.0,12.72,8814873.0,5.9,10187222.0,6.82,-12498572.0,-8.37,-6503523.0,-4.35,-1724.0,4.193,4.195,1116568304.0,4681770899,4681770899,2026-08-27,2026-08-27 16:11:36+08:00
515190,中证500ETF中银证券,1.672,1.6737,0.1,0.037,2.26,12373.0,2047427.0,1.641,1.674,1.637,1.635,2.26,0.42,0.67,-0.96,6634.0,5739.0,381672.0,18.64,0.0,0.0,381672.0,18.64,-289008.0,-14.12,-92664.0,-4.53,-300.0,1.668,1.672,293466096.0,490675313,490675313,2026-08-27,2026-08-27 16:11:54+08:00
516780,稀土ETF华泰柏瑞,0.863,0.8634,0.05,0.019,2.25,912255.0,78126578.0,0.841,0.865,0.839,0.844,3.08,3.75,0.9,-6.81,638833.0,273422.0,8025850.0,10.27,6035312.0,7.73,1990538.0,2.55,-3245134.0,-4.15,-4780717.0,-6.12,-3811.0,0.862,0.863,2431099696.0,2098039038,2098039038,2026-08-27,2026-08-27 16:11:44+08:00
159743,湖北ETF博时,1.413,1.413,0.0,0.031,2.24,3969.0,558932.8,1.379,1.413,1.379,1.382,2.46,0.36,0.64,-4.08,1663.0,2306.0,-130073.0,-23.27,0.0,0.0,-130073.0,-23.27,129528.0,23.17,546.0,0.1,5.0,1.412,1.413,109941100.0,155346774,155346774,2026-08-27,2026-08-27 15:34:48+08:00
159731,石化ETF华夏,0.957,0.9553,-0.18,0.021,2.24,771007.0,72817717.6,0.936,0.959,0.933,0.936,2.78,10.6,1.38,-20.1,527332.0,243675.0,-163063.0,-0.22,-5749464.0,-7.9,5586401.0,7.67,-995770.0,-1.37,1158832.0,1.59,2059.0,0.956,0.957,727375808.0,696098648,696098648,2026-08-27,2026-08-27 15:34:36+08:00
159035,软件ETF天弘,0.824,0.8246,0.07,0.018,2.23,88092.0,7158535.124,0.803,0.825,0.803,0.806,2.73,1.49,0.85,21.69,56837.0,31255.0,644715.0,9.01,118406.0,1.65,526309.0,7.35,-240849.0,-3.36,-403866.0,-5.64,-642.0,0.824,0.825,589859728.0,486044416,486044416,2026-08-27,2026-08-27 15:34:48+08:00
159165,养殖ETF永赢,0.872,0.873,0.11,0.019,2.23,123347.0,10676711.9,0.857,0.874,0.856,0.853,2.11,11.16,1.48,-57.31,82477.0,40870.0,1571846.0,14.72,1299254.0,12.17,272592.0,2.55,-1096192.0,-10.27,-475653.0,-4.46,-296.0,0.872,0.873,110571257.0,96418136,96418136,2026-08-27,2026-08-27 15:34:54+08:00
159715,稀土ETF易方达,1.19,1.1903,0.03,0.026,2.23,465115.0,54799861.3,1.161,1.191,1.158,1.164,2.84,9.08,1.1,-22.38,274279.0,190836.0,5800327.0,10.58,577975.0,1.05,5222352.0,9.53,-3535882.0,-6.45,-2264447.0,-4.13,1035.0,1.189,1.19,512030272.0,609316024,609316024,2026-08-27,2026-08-27 15:34:39+08:00
159275,农牧渔ETF华宝,0.872,0.8725,0.06,0.019,2.23,125185.0,10803855.1,0.853,0.874,0.845,0.853,3.4,4.88,0.91,-71.85,64616.0,60569.0,972294.0,9.0,872000.0,8.07,100294.0,0.93,-117971.0,-1.09,-854323.0,-7.91,698.0,0.87,0.872,256302909.0,223496137,223496137,2026-08-27,2026-08-27 15:34:48+08:00
159677,中证1000增强ETF银华,1.472,1.4706,-0.1,0.032,2.22,39359.0,5713685.5,1.442,1.474,1.437,1.44,2.57,14.63,0.79,32.19,20642.0,18717.0,-14571.0,-0.26,0.0,0.0,-14571.0,-0.26,218851.0,3.83,-204280.0,-3.58,24.0,1.468,1.472,26904091.0,39602822,39602822,2026-08-27,2026-08-27 15:34:21+08:00
159713,稀土ETF富国,1.288,1.2897,0.13,0.028,2.22,321220.0,41040595.6,1.26,1.291,1.255,1.26,2.86,6.2,0.89,-50.21,205959.0,115261.0,4163158.0,10.14,1130376.0,2.75,3032782.0,7.39,-1329664.0,-3.24,-2833493.0,-6.9,-1379.0,1.288,1.289,517755056.0,666868512,666868512,2026-08-27,2026-08-27 15:34:33+08:00
159783,科创创业50ETF华夏,1.104,1.1064,0.22,0.024,2.22,1391727.0,152605201.351,1.09,1.108,1.081,1.08,2.5,2.72,0.86,-25.59,705192.0,686535.0,4728569.0,3.1,140965.0,0.09,4587604.0,3.01,-1814558.0,-1.19,-2914011.0,-1.91,-9120.0,1.104,1.105,5121659392.0,5654311969,5654311969,2026-08-27,2026-08-27 15:34:12+08:00
159890,云计算ETF招商,1.704,1.7058,0.11,0.037,2.22,88531.0,14957945.9,1.671,1.705,1.67,1.667,2.1,3.74,0.77,-37.32,48739.0,39792.0,2549426.0,17.04,2623351.0,17.54,-73925.0,-0.49,-1088366.0,-7.28,-1461060.0,-9.77,1002.0,1.703,1.704,236590688.0,403150532,403150532,2026-08-27,2026-08-27 15:34:06+08:00
159739,云计算ETF鹏华,0.786,0.7869,0.11,0.017,2.21,112494.0,8771303.9,0.771,0.788,0.771,0.769,2.21,2.73,0.62,-30.83,65436.0,47058.0,637035.0,7.26,-387155.0,-4.41,1024190.0,11.68,-946521.0,-10.79,309485.0,3.53,-507.0,0.786,0.787,412361232.0,324115928,324115928,2026-08-27,2026-08-27 15:34:00+08:00
158017,化工ETF易方达,1.019,1.0256,0.64,0.022,2.21,2092811.0,210341939.724,0.994,1.02,0.994,0.997,2.61,61.27,,-43.54,1234051.0,858760.0,40602942.0,19.3,77537866.0,36.86,-36934924.0,-17.56,-36169113.0,-17.2,-4433828.0,-2.11,-2700.0,1.019,1.02,341594576.0,348084873,348084873,2026-08-27,2026-08-27 15:34:24+08:00
159075,工业互联网ETF华夏,0.925,0.9257,0.08,0.02,2.21,49720.0,4573541.107,0.905,0.926,0.904,0.905,2.43,2.76,1.88,12.88,38880.0,10840.0,1551179.0,33.92,2592235.0,56.68,-1041056.0,-22.76,-1138872.0,-24.9,-412307.0,-9.02,101.0,0.924,0.925,180197165.0,166682378,166682378,2026-08-27,2026-08-27 15:34:12+08:00
515230,软件ETF国泰,0.694,0.6944,0.06,0.015,2.21,2420984.0,166157686.0,0.678,0.694,0.677,0.679,2.5,3.05,1.07,-37.97,1469104.0,951880.0,20114476.0,12.11,20467442.0,12.32,-352966.0,-0.21,-13678850.0,-8.23,-6435625.0,-3.87,-18317.0,0.693,0.694,7934690816.0,5506675426,5506675426,2026-08-27,2026-08-27 16:11:47+08:00
562920,信息安全ETF易方达,0.928,0.9294,0.15,0.02,2.2,82464.0,7593348.0,0.908,0.929,0.908,0.908,2.31,9.06,1.21,4.56,44463.0,38001.0,571484.0,7.53,52848.0,0.7,518636.0,6.83,-382112.0,-5.03,-189372.0,-2.49,-79.0,0.927,0.928,91069000.0,84512032,84512032,2026-08-27,2026-08-27 16:12:01+08:00
159786,VRETF银华,1.161,1.1606,-0.03,0.025,2.2,82304.0,9479427.8,1.138,1.162,1.134,1.136,2.46,9.38,0.88,-26.79,45513.0,36791.0,-24152.0,-0.25,469388.0,4.95,-493540.0,-5.21,19667.0,0.21,4484.0,0.05,401.0,1.159,1.161,87701174.0,101821063,101821063,2026-08-27,2026-08-27 15:34:27+08:00
588350,科创创业50ETF鹏扬,1.719,1.7206,0.09,0.037,2.2,29285.0,4963620.0,1.689,1.722,1.684,1.682,2.26,0.45,1.65,48.67,8177.0,21108.0,522780.0,10.53,1700272.0,34.25,-1177492.0,-23.72,-88144.0,-1.78,-434636.0,-8.76,-59.0,1.718,1.719,644546000.0,1107974574,1107974574,2026-08-27,2026-08-27 16:11:38+08:00
516890,新材料ETF平安,0.791,0.7903,-0.09,0.017,2.2,6989.0,548498.0,0.774,0.791,0.774,0.774,2.2,2.1,1.01,9.68,6346.0,643.0,-56488.0,-10.3,0.0,0.0,-56488.0,-10.3,56667.0,10.33,-180.0,-0.03,-27.0,0.789,0.791,33311400.0,26349317,26349317,2026-08-27,2026-08-27 16:11:51+08:00
512500,中证500ETF华夏,4.505,4.496,-0.2,0.097,2.2,965687.0,431344571.0,4.413,4.512,4.404,4.408,2.45,5.34,0.79,-34.11,519059.0,446628.0,-1855157.0,-0.43,6534315.0,1.51,-8389472.0,-1.94,5743363.0,1.33,-3888200.0,-0.9,-783.0,4.505,4.506,1809608800.0,8152287644,8152287644,2026-08-27,2026-08-27 16:12:01+08:00
159982,中证500ETF鹏华,2.144,2.1411,-0.14,0.046,2.19,38419.0,8162238.6,2.099,2.147,2.096,2.098,2.43,1.96,0.62,-20.0,17902.0,20517.0,-1195129.0,-14.64,0.0,0.0,-1195129.0,-14.64,1300089.0,15.93,-104961.0,-1.29,-50.0,2.144,2.146,196211253.0,420676926,420676926,2026-08-27,2026-08-27 15:34:39+08:00
159590,软件ETF汇添富,0.888,0.8872,-0.09,0.019,2.19,453016.0,39748395.3,0.868,0.888,0.867,0.869,2.42,5.76,1.07,-16.15,284520.0,168496.0,5949685.0,14.97,6089268.0,15.32,-139583.0,-0.35,-3634511.0,-9.14,-2315175.0,-5.82,3899.0,0.887,0.888,786861744.0,698733229,698733229,2026-08-27,2026-08-27 15:34:27+08:00
159527,云计算ETF广发,0.704,0.705,0.14,0.015,2.18,164950.0,11518497.7,0.693,0.705,0.691,0.689,2.03,3.63,0.98,2.96,97816.0,67134.0,1541611.0,13.38,-205985.0,-1.79,1747596.0,15.17,-520653.0,-4.52,-1020959.0,-8.86,-735.0,0.704,0.705,454301344.0,319828146,319828146,2026-08-27,2026-08-27 15:34:51+08:00
159536,中证2000ETF汇添富,1.408,1.4087,0.05,0.03,2.18,71915.0,10005965.9,1.374,1.408,1.373,1.378,2.54,13.01,0.67,28.76,44255.0,27660.0,603507.0,6.03,2750011.0,27.48,-2146504.0,-21.45,155558.0,1.55,-759065.0,-7.59,565.0,1.407,1.408,55261589.0,77808317,77808317,2026-08-27,2026-08-27 15:34:03+08:00
560500,500质量成长ETF鹏扬,1.407,1.4042,-0.2,0.03,2.18,17354.0,2422715.0,1.38,1.408,1.38,1.377,2.03,0.59,1.15,-0.19,15555.0,1799.0,294957.0,12.17,0.0,0.0,294957.0,12.17,-217085.0,-8.96,-77874.0,-3.21,-68.0,1.406,1.407,295339008.0,415541984,415541984,2026-08-27,2026-08-27 16:11:35+08:00
563380,航空航天ETF华泰柏瑞,0.94,0.9384,-0.17,0.02,2.17,358618.0,33436491.0,0.921,0.94,0.918,0.92,2.39,3.94,0.97,-26.84,172653.0,185965.0,5904729.0,17.66,8680120.0,25.96,-2775391.0,-8.3,-3160351.0,-9.45,-2744377.0,-8.21,-974.0,0.938,0.94,910950000.0,856293000,856293000,2026-08-27,2026-08-27 16:11:35+08:00
159541,创业板综ETF万家,1.553,1.5569,0.25,0.033,2.17,58958.0,9042230.2,1.517,1.553,1.508,1.52,2.96,9.57,1.19,11.61,31255.0,27703.0,2192434.0,24.25,-768500.0,-8.5,2960934.0,32.75,-1893619.0,-20.94,-298816.0,-3.3,-33.0,1.553,1.554,61593326.0,95654435,95654435,2026-08-27,2026-08-27 15:34:21+08:00
159935,中证500ETF景顺,2.507,2.5063,-0.03,0.053,2.16,9503.0,2357785.9,2.446,2.51,2.44,2.454,2.85,3.58,1.72,-8.89,4380.0,5123.0,-199875.0,-8.48,0.0,0.0,-199875.0,-8.48,253832.0,10.77,-53957.0,-2.29,-11.0,2.497,2.507,26572956.0,66618401,66618401,2026-08-27,2026-08-27 15:34:36+08:00
159573,创业板200ETF华夏,1.464,1.4644,0.03,0.031,2.16,94919.0,13773870.82,1.433,1.464,1.427,1.433,2.58,11.95,0.87,84.81,53782.0,41137.0,428591.0,3.11,0.0,0.0,428591.0,3.11,60021.0,0.44,-488611.0,-3.55,5667.0,1.464,1.465,79456297.0,116324019,116324019,2026-08-27,2026-08-27 15:34:21+08:00
159535,中证2000ETF嘉实,1.513,1.5128,-0.01,0.032,2.16,22023.0,3307832.8,1.468,1.513,1.468,1.481,3.04,8.48,0.34,88.77,13973.0,8050.0,22307.0,0.67,0.0,0.0,22307.0,0.67,33229.0,1.0,-55537.0,-1.68,830.0,1.514,1.518,25981088.0,39309386,39309386,2026-08-27,2026-08-27 15:34:00+08:00
588310,科创创业ETF方正富邦,1.184,1.1855,0.13,0.025,2.16,8927.0,1048840.0,1.159,1.186,1.159,1.159,2.33,2.44,0.22,7.11,6105.0,2822.0,394181.0,37.58,387281.0,36.92,6900.0,0.66,-231198.0,-22.04,-162982.0,-15.54,-87.0,1.184,1.185,36637500.0,43378800,43378800,2026-08-27,2026-08-27 16:11:37+08:00
560360,软件ETF万家,1.229,1.2297,0.06,0.026,2.16,33663.0,4087544.0,1.202,1.23,1.196,1.203,2.83,1.51,0.82,14.51,22932.0,10731.0,1064643.0,26.05,1028438.0,25.16,36205.0,0.89,-441048.0,-10.79,-623595.0,-15.26,-516.0,1.228,1.229,223345000.0,274491005,274491005,2026-08-27,2026-08-27 16:11:32+08:00
510590,中证500ETF平安,8.652,8.6775,0.29,0.182,2.15,4377.0,3759126.0,8.44,8.66,8.44,8.47,2.6,0.36,0.24,20.99,2526.0,1851.0,105236.0,2.8,0.0,0.0,105236.0,2.8,56075.0,1.49,-161311.0,-4.29,-60.0,8.661,8.662,122386100.0,1058884537,1058884537,2026-08-27,2026-08-27 16:11:36+08:00
159533,中证2000ETF博时,1.951,1.9539,0.15,0.041,2.15,20199.0,3905640.5,1.91,1.951,1.909,1.91,2.2,13.97,0.65,42.6,8755.0,11444.0,-284283.0,-7.28,0.0,0.0,-284283.0,-7.28,215053.0,5.51,69230.0,1.77,-30.0,1.951,1.952,14458785.0,28209090,28209090,2026-08-27,2026-08-27 15:34:36+08:00
516570,石化ETF易方达,1.043,1.0436,0.06,0.022,2.15,342561.0,35411642.0,1.021,1.047,1.018,1.021,2.84,3.04,1.31,16.76,199965.0,142596.0,-96670.0,-0.27,-409612.0,-1.16,312942.0,0.88,595989.0,1.68,-499319.0,-1.41,-614.0,1.042,1.043,1127357600.0,1175833977,1175833977,2026-08-27,2026-08-27 16:11:41+08:00
516360,新材料ETF华宝,1.046,1.0446,-0.13,0.022,2.15,25807.0,2676227.0,1.026,1.047,1.022,1.024,2.44,4.48,1.19,1.8,13468.0,12339.0,-71172.0,-2.66,407342.0,15.22,-478514.0,-17.88,107683.0,4.02,-36512.0,-1.36,-47.0,1.046,1.047,57551800.0,60199183,60199183,2026-08-27,2026-08-27 16:11:50+08:00
159531,中证2000ETF南方,1.476,1.4721,-0.26,0.031,2.15,1293604.0,189238342.151,1.444,1.476,1.438,1.445,2.63,12.6,0.8,25.69,714994.0,578610.0,7739024.0,4.09,10455726.0,5.53,-2716702.0,-1.44,-3345909.0,-1.77,-4393114.0,-2.32,11216.0,1.475,1.476,1026608400.0,1515273998,1515273998,2026-08-27,2026-08-27 15:34:12+08:00
159012,科创创业50ETF鹏华,0.908,0.908,0.0,0.019,2.14,118253.0,10643239.4,0.892,0.908,0.886,0.889,2.47,10.66,1.44,-57.12,59158.0,59095.0,853066.0,8.02,1287384.0,12.1,-434318.0,-4.08,-532704.0,-5.01,-320363.0,-3.01,362.0,0.907,0.908,110881148.0,100680082,100680082,2026-08-27,2026-08-27 15:34:36+08:00
515400,大数据ETF富国,0.858,0.8594,0.16,0.018,2.14,806372.0,68662618.0,0.843,0.859,0.841,0.84,2.14,4.96,0.98,8.25,498395.0,307977.0,7373861.0,10.74,6071099.0,8.84,1302762.0,1.9,-4306911.0,-6.27,-3066950.0,-4.47,-4754.0,0.858,0.859,1625631408.0,1394791748,1394791748,2026-08-27,2026-08-27 16:11:40+08:00
561590,中证1000增强ETF华泰柏瑞,1.524,1.5264,0.16,0.032,2.14,42046.0,6343327.0,1.488,1.525,1.487,1.492,2.55,4.14,1.11,10.45,23822.0,18224.0,428042.0,6.75,0.0,0.0,428042.0,6.75,3811.0,0.06,-431853.0,-6.81,-160.0,1.524,1.525,101499600.0,154685390,154685390,2026-08-27,2026-08-27 16:11:54+08:00
159068,软件ETF华夏,1.002,1.002,0.0,0.021,2.14,30034.0,2977831.838,0.982,1.003,0.981,0.981,2.24,4.6,0.58,-9.2,15443.0,14591.0,563692.0,18.93,186695.0,6.27,376997.0,12.66,-347233.0,-11.66,-216460.0,-7.27,79.0,1.0,1.003,65336570.0,65467243,65467243,2026-08-27,2026-08-27 15:34:57+08:00
515720,金融科技ETF富国,0.721,0.7214,0.06,0.015,2.12,183455.0,13080369.0,0.698,0.722,0.698,0.706,3.4,4.06,1.55,-2.55,109254.0,74201.0,1685280.0,12.88,17592.0,0.13,1667688.0,12.75,-1314244.0,-10.05,-371035.0,-2.84,-667.0,0.72,0.721,451611008.0,325611537,325611537,2026-08-27,2026-08-27 16:11:54+08:00
560100,中证500增强ETF南方,1.357,1.3577,0.05,0.028,2.11,44008.0,5920867.0,1.333,1.358,1.329,1.329,2.18,7.78,0.59,-8.04,22691.0,21317.0,705492.0,11.92,1611180.0,27.21,-905688.0,-15.3,-472600.0,-7.98,-232892.0,-3.93,-121.0,1.356,1.357,56580300.0,76779467,76779467,2026-08-27,2026-08-27 16:11:52+08:00
588330,双创50ETF华宝,1.12,1.1214,0.12,0.023,2.1,584650.0,64982014.0,1.102,1.123,1.096,1.097,2.46,5.14,0.95,-14.6,290717.0,293933.0,3510412.0,5.4,1200573.0,1.85,2309839.0,3.55,-501773.0,-0.77,-3008639.0,-4.63,-4053.0,1.12,1.121,1137737808.0,1274266345,1274266345,2026-08-27,2026-08-27 16:11:42+08:00
517850,张江ETF汇添富,1.312,1.3146,0.2,0.027,2.1,6309.0,815466.0,1.287,1.313,1.279,1.285,2.65,1.65,0.66,8.29,3945.0,2364.0,-20597.0,-2.53,0.0,0.0,-20597.0,-2.53,-106560.0,-13.07,127157.0,15.59,-35.0,1.312,1.313,38185200.0,50098982,50098982,2026-08-27,2026-08-27 16:11:41+08:00
512510,中证500ETF华泰柏瑞,2.39,2.391,0.04,0.049,2.09,51878.0,12308238.0,2.341,2.395,2.337,2.341,2.48,1.2,1.04,71.63,32708.0,19170.0,1469974.0,11.94,0.0,0.0,1469974.0,11.94,-126904.0,-1.03,-1343070.0,-10.91,-32.0,2.389,2.39,433429808.0,1035897241,1035897241,2026-08-27,2026-08-27 16:11:36+08:00
515920,智能消费ETF博时,1.219,1.221,0.16,0.025,2.09,8242.0,998042.0,1.194,1.22,1.194,1.194,2.18,1.28,0.4,0.08,2216.0,6026.0,435647.0,43.65,523611.0,52.46,-87964.0,-8.81,-382501.0,-38.33,-53145.0,-5.32,-1.0,1.219,1.221,64405700.0,78510548,78510548,2026-08-27,2026-08-27 16:12:00+08:00
517800,人工智能50ETF方正富邦,0.98,0.9825,0.25,0.02,2.08,73294.0,7150572.0,0.963,0.983,0.963,0.96,2.08,3.34,1.51,-14.32,46149.0,27145.0,2414637.0,33.77,2227250.0,31.15,187387.0,2.62,-2056604.0,-28.76,-358034.0,-5.01,-292.0,0.98,0.981,219539700.0,215148906,215148906,2026-08-27,2026-08-27 16:11:33+08:00
159709,物联网ETF工银,1.715,1.716,0.06,0.035,2.08,1851.0,315501.7,1.686,1.715,1.686,1.68,1.73,0.86,1.72,65.0,1709.0,142.0,-3261.0,-1.03,0.0,0.0,-3261.0,-1.03,0.0,0.0,3261.0,1.03,1.0,1.708,1.715,21484060.0,36845163,36845163,2026-08-27,2026-08-27 15:34:06+08:00
159575,创业板200ETF银华,1.42,1.4228,0.2,0.029,2.08,12258.0,1727502.6,1.392,1.42,1.391,1.391,2.08,10.74,1.33,-77.51,5909.0,6349.0,129263.0,7.48,0.0,0.0,129263.0,7.48,-82197.0,-4.76,-47066.0,-2.72,-500.0,1.414,1.42,11410425.0,16202804,16202804,2026-08-27,2026-08-27 15:34:00+08:00
159521,国证2000ETF平安,1.281,1.28,-0.08,0.026,2.07,44313.0,5590875.4,1.255,1.282,1.25,1.255,2.55,24.25,1.28,61.78,26504.0,17809.0,-211465.0,-3.78,0.0,0.0,-211465.0,-3.78,190681.0,3.41,20784.0,0.37,-1.0,1.276,1.284,18274435.0,23409551,23409551,2026-08-27,2026-08-27 15:34:36+08:00
561370,中证2000ETF国泰,1.433,1.4305,-0.17,0.029,2.07,33699.0,4794317.0,1.405,1.433,1.399,1.404,2.42,10.42,1.69,6.07,12288.0,21411.0,317163.0,6.62,2847000.0,59.38,-2529837.0,-52.77,-253527.0,-5.29,-63636.0,-1.33,-21.0,1.432,1.433,32356000.0,46366148,46366148,2026-08-27,2026-08-27 16:11:57+08:00
561780,1000增强ETF博时,1.577,1.5807,0.23,0.032,2.07,21970.0,3436806.0,1.545,1.58,1.544,1.545,2.33,10.29,0.91,20.02,12674.0,9296.0,347056.0,10.1,0.0,0.0,347056.0,10.1,-247225.0,-7.19,-99832.0,-2.9,-40.0,1.577,1.579,21355800.0,33678097,33678097,2026-08-27,2026-08-27 16:11:37+08:00
159610,中证500增强ETF景顺,1.285,1.285,0.0,0.026,2.07,43277.0,5497915.1,1.271,1.287,1.258,1.259,2.3,2.66,0.78,6.21,21579.0,21698.0,-491983.0,-8.95,640439.0,11.65,-1132422.0,-20.6,738838.0,13.44,-246856.0,-4.49,3.0,1.284,1.285,162568207.0,208900146,208900146,2026-08-27,2026-08-27 15:34:54+08:00
159258,机器人ETF南方,1.092,1.0919,-0.01,0.022,2.06,286746.0,31070089.5,1.07,1.093,1.067,1.07,2.43,2.14,1.04,-33.77,186900.0,99846.0,3764262.0,12.12,5734876.0,18.46,-1970614.0,-6.34,-1902233.0,-6.12,-1862028.0,-5.99,-553.0,1.092,1.093,1342265664.0,1465754105,1465754105,2026-08-27,2026-08-27 15:34:00+08:00
510170,大宗商品ETF国联安,1.438,1.4377,-0.02,0.029,2.06,128764.0,18363061.0,1.402,1.439,1.401,1.409,2.7,3.8,1.0,-5.63,69639.0,59125.0,234809.0,1.28,3645082.0,19.85,-3410273.0,-18.57,249077.0,1.36,-483886.0,-2.64,-433.0,1.437,1.438,338914800.0,487359482,487359482,2026-08-27,2026-08-27 16:11:45+08:00
563670,金融科技ETF鹏华,0.693,0.6948,0.26,0.014,2.06,25417.0,1743868.0,0.672,0.695,0.672,0.679,3.39,1.4,1.73,8.07,15451.0,9966.0,80328.0,4.61,0.0,0.0,80328.0,4.61,-25625.0,-1.47,-54702.0,-3.14,-20.0,0.691,0.693,181987000.0,126116991,126116991,2026-08-27,2026-08-27 16:11:57+08:00
560630,机器人ETF万家,1.096,1.0954,-0.05,0.022,2.05,85684.0,9325502.0,1.074,1.096,1.071,1.074,2.33,5.28,1.41,-1.91,33669.0,52015.0,3566103.0,38.24,4934340.0,52.91,-1368237.0,-14.67,-2504547.0,-26.86,-1061555.0,-11.38,-494.0,1.095,1.096,162394000.0,177983824,177983824,2026-08-27,2026-08-27 16:11:42+08:00
159173,农牧ETF南方,0.9,0.9009,0.1,0.018,2.04,69239.0,6198503.916,0.881,0.902,0.88,0.882,2.49,14.0,0.91,3.91,36352.0,32887.0,522871.0,8.44,147557.0,2.38,375314.0,6.05,-241158.0,-3.89,-281714.0,-4.54,87.0,0.899,0.9,49455388.0,44509849,44509849,2026-08-27,2026-08-27 15:34:39+08:00
159273,云计算ETF汇添富,1.401,1.3959,-0.37,0.028,2.04,287948.0,40014389.9,1.375,1.401,1.375,1.373,1.89,4.14,2.17,-19.12,124586.0,163362.0,-1411964.0,-3.53,4709805.0,11.77,-6121769.0,-15.3,1501478.0,3.75,-89515.0,-0.22,639.0,1.4,1.401,695777504.0,974784283,974784283,2026-08-27,2026-08-27 15:34:54+08:00
159571,创业板200ETF富国,1.451,1.4525,0.1,0.029,2.04,6808.0,980991.3,1.412,1.452,1.412,1.422,2.81,3.79,1.64,-9.12,3693.0,3115.0,18602.0,1.9,0.0,0.0,18602.0,1.9,52471.0,5.35,-71073.0,-7.25,2.0,1.451,1.452,17981814.0,26091612,26091612,2026-08-27,2026-08-27 15:34:03+08:00
517390,云计算ETF天弘,1.908,1.9103,0.12,0.038,2.03,38928.0,7386698.0,1.868,1.908,1.868,1.87,2.14,2.97,0.93,19.51,24057.0,14871.0,1431125.0,19.37,0.0,0.0,1431125.0,19.37,-409805.0,-5.55,-1021321.0,-13.83,-404.0,1.908,1.909,131112600.0,250162841,250162841,2026-08-27,2026-08-27 16:11:41+08:00
512810,军工ETF华宝,0.652,0.652,0.0,0.013,2.03,350908.0,22696118.0,0.641,0.653,0.637,0.639,2.5,3.48,0.93,-13.27,212145.0,138763.0,5547476.0,24.44,3361656.0,14.81,2185820.0,9.63,-3888745.0,-17.13,-1658732.0,-7.31,-1996.0,0.651,0.652,1007583504.0,656944445,656944445,2026-08-27,2026-08-27 16:11:57+08:00
512560,军工ETF易方达,0.707,0.7072,0.03,0.014,2.02,623725.0,43746027.0,0.693,0.708,0.691,0.693,2.45,6.47,1.0,-11.34,368674.0,255051.0,5934644.0,13.57,6654383.0,15.21,-719739.0,-1.65,-3621737.0,-8.28,-2312907.0,-5.29,-1943.0,0.707,0.708,964127008.0,681637795,681637795,2026-08-27,2026-08-27 16:11:46+08:00
159985,豆粕ETF华夏,2.278,2.2068,-3.23,0.045,2.02,1747719.0,395584793.0,2.265,2.278,2.251,2.233,1.21,11.24,1.21,22.77,917494.0,830225.0,-3092290.0,-0.78,-11242691.0,-2.84,8150401.0,2.06,3689942.0,0.93,-597652.0,-0.15,-16335.0,2.278,2.279,1554724064.0,3541661418,3541661418,2026-08-27,2026-08-27 15:34:00+08:00
159213,机器人ETF汇添富,1.163,1.163,0.0,0.023,2.02,233441.0,26942473.9,1.145,1.163,1.136,1.14,2.37,4.68,1.04,-89.98,122614.0,110827.0,3652196.0,13.56,1645092.0,6.11,2007104.0,7.45,-2246570.0,-8.34,-1405625.0,-5.22,2633.0,1.162,1.163,499237568.0,580613292,580613292,2026-08-27,2026-08-27 15:34:15+08:00
159555,中证2000增强ETF银华,1.78,1.7784,-0.09,0.035,2.01,20176.0,3555970.1,1.736,1.78,1.736,1.745,2.52,5.39,0.77,19.2,10462.0,9714.0,635661.0,17.88,0.0,0.0,635661.0,17.88,-332966.0,-9.36,-302696.0,-8.51,-143.0,1.78,1.781,37462705.0,66683615,66683615,2026-08-27,2026-08-27 15:34:54+08:00
159899,软件ETF招商,0.71,0.7106,0.08,0.014,2.01,227461.0,15978979.188,0.696,0.71,0.694,0.696,2.3,2.35,0.75,-42.11,132898.0,94563.0,1840516.0,11.52,2691404.0,16.84,-850888.0,-5.33,-1549701.0,-9.7,-290815.0,-1.82,1497.0,0.709,0.71,966977728.0,686554187,686554187,2026-08-27,2026-08-27 15:34:09+08:00
562930,软件ETF易方达,0.709,0.7086,-0.06,0.014,2.01,760228.0,53173310.0,0.692,0.709,0.69,0.695,2.73,4.39,0.9,-20.66,462547.0,297681.0,5177816.0,9.74,1773615.0,3.34,3404201.0,6.4,-2806132.0,-5.28,-2371683.0,-4.46,-10026.0,0.708,0.709,1731437008.0,1227588839,1227588839,2026-08-27,2026-08-27 16:11:50+08:00
159620,中证500成长ETF华夏,1.278,1.2742,-0.3,0.025,2.0,18954.0,2392810.6,1.255,1.278,1.253,1.253,2.0,6.74,0.5,8.35,10178.0,8776.0,173441.0,7.25,0.0,0.0,173441.0,7.25,-182095.0,-7.61,8654.0,0.36,-6.0,1.278,1.279,28140934.0,35964114,35964114,2026-08-27,2026-08-27 15:34:54+08:00
561010,软件ETF华安,0.867,0.8674,0.05,0.017,2.0,223883.0,19207774.0,0.856,0.867,0.849,0.85,2.12,7.4,1.61,2.09,145751.0,78132.0,1098076.0,5.72,-2044596.0,-10.64,3142672.0,16.36,-690044.0,-3.59,-408030.0,-2.12,-4149.0,0.866,0.867,302356000.0,262142652,262142652,2026-08-27,2026-08-27 16:11:51+08:00
515200,创新100ETF申万菱信,2.527,2.532,0.2,0.049,1.98,8131.0,2033186.0,2.484,2.528,2.471,2.478,2.3,2.09,0.94,-0.34,3613.0,4518.0,316708.0,15.58,0.0,0.0,316708.0,15.58,-141579.0,-6.96,-175130.0,-8.61,32.0,2.522,2.527,38943200.0,98409466,98409466,2026-08-27,2026-08-27 16:11:38+08:00
512710,军工龙头ETF富国,0.617,0.6172,0.03,0.012,1.98,4045497.0,247754780.0,0.604,0.618,0.604,0.605,2.31,3.44,1.15,-42.56,2568525.0,1476972.0,57246847.0,23.11,87965878.0,35.51,-30719031.0,-12.4,-36747397.0,-14.83,-20499450.0,-8.27,-33559.0,0.616,0.617,11745658368.0,7247071213,7247071213,2026-08-27,2026-08-27 16:11:59+08:00
560210,农牧渔ETF景顺,0.829,0.829,0.0,0.016,1.97,121082.0,9986329.0,0.813,0.831,0.811,0.813,2.46,2.3,1.1,-42.29,86008.0,35074.0,2221624.0,22.25,1965370.0,19.68,256254.0,2.57,-1175106.0,-11.77,-1046517.0,-10.48,-300.0,0.828,0.829,525522000.0,435657738,435657738,2026-08-27,2026-08-27 16:11:57+08:00
159291,创业板综增强ETF招商,1.193,1.193,0.0,0.023,1.97,22014.0,2602873.3,1.171,1.193,1.171,1.17,1.88,12.61,1.44,19.37,9754.0,12260.0,68555.0,2.63,0.0,0.0,68555.0,2.63,-80457.0,-3.09,11902.0,0.46,2.0,1.193,1.195,17457388.0,20826664,20826664,2026-08-27,2026-08-27 15:34:06+08:00
159543,国证2000ETF工银,1.507,1.5054,-0.11,0.029,1.96,22140.0,3287543.6,1.476,1.507,1.471,1.478,2.44,5.25,1.15,70.93,13285.0,8855.0,-417480.0,-12.7,0.0,0.0,-417480.0,-12.7,436130.0,13.27,-18650.0,-0.57,8.0,1.504,1.507,42196551.0,63590202,63590202,2026-08-27,2026-08-27 15:34:45+08:00
512680,军工ETF广发,1.148,1.1485,0.04,0.022,1.95,424035.0,48279161.0,1.128,1.15,1.123,1.126,2.4,1.37,0.98,-0.43,250218.0,173817.0,1367397.0,2.83,-4097124.0,-8.49,5464521.0,11.32,432418.0,0.9,-1799814.0,-3.73,-944.0,1.147,1.148,3099330096.0,3558030950,3558030950,2026-08-27,2026-08-27 16:11:48+08:00
159852,软件ETF嘉实,0.679,0.6799,0.13,0.013,1.95,5872714.0,394072715.9,0.663,0.68,0.663,0.666,2.55,4.18,1.06,-31.41,3590904.0,2281810.0,40223387.0,10.21,67856037.0,17.22,-27632650.0,-7.01,-27182640.0,-6.9,-13040748.0,-3.31,79513.0,0.678,0.679,14050624000.0,9540373696,9540373696,2026-08-27,2026-08-27 15:34:48+08:00
159055,稀有金属ETF富国,0.946,0.9468,0.08,0.018,1.94,91322.0,8561048.0,0.92,0.946,0.917,0.928,3.13,7.59,0.85,-79.73,48327.0,42995.0,1193753.0,13.94,1468873.0,17.16,-275120.0,-3.21,-897856.0,-10.49,-295897.0,-3.46,-192.0,0.946,0.947,120293952.0,113798079,113798079,2026-08-27,2026-08-27 15:34:57+08:00
159770,机器人ETF天弘,1.0,1.0009,0.09,0.019,1.94,1169926.0,116213783.3,0.981,1.001,0.978,0.981,2.34,1.9,0.93,-31.83,734358.0,435568.0,24706523.0,21.26,29981787.0,25.8,-5275264.0,-4.54,-15860245.0,-13.65,-8846279.0,-7.61,16382.0,0.999,1.0,6154087680.0,6154087680,6154087680,2026-08-27,2026-08-27 15:34:03+08:00
159551,机器人ETF国泰,1.258,1.2596,0.13,0.024,1.94,115003.0,14366900.279,1.229,1.259,1.229,1.234,2.43,3.76,0.88,-10.87,54832.0,60171.0,1858518.0,12.94,1780528.0,12.39,77990.0,0.54,-900906.0,-6.27,-957613.0,-6.67,-439.0,1.258,1.259,305920928.0,384848527,384848527,2026-08-27,2026-08-27 15:34:51+08:00
517130,云计算ETF嘉实,0.945,0.9449,-0.01,0.018,1.94,59835.0,5616147.0,0.927,0.945,0.927,0.927,1.94,3.17,1.12,-0.85,29628.0,30207.0,-59000.0,-1.05,-1474603.0,-26.26,1415603.0,25.21,226105.0,4.03,-167105.0,-2.98,-463.0,0.944,0.945,188654000.0,178278030,178278030,2026-08-27,2026-08-27 16:11:40+08:00
159763,新材料ETF建信,0.734,0.7343,0.04,0.014,1.94,45170.0,3285430.934,0.721,0.735,0.718,0.72,2.36,5.04,0.79,-41.5,24264.0,20906.0,19406.0,0.59,0.0,0.0,19406.0,0.59,-44541.0,-1.36,25135.0,0.77,-133.0,0.734,0.735,89707747.0,65845486,65845486,2026-08-27,2026-08-27 15:34:57+08:00
563320,通用航空ETF华泰柏瑞,0.839,0.8377,-0.16,0.016,1.94,128007.0,10664631.0,0.823,0.839,0.82,0.823,2.31,5.54,0.94,-0.1,69662.0,58345.0,677454.0,6.35,2285205.0,21.43,-1607751.0,-15.08,-316938.0,-2.97,-360516.0,-3.38,-370.0,0.838,0.839,230892000.0,193718388,193718388,2026-08-27,2026-08-27 16:11:57+08:00
159526,机器人ETF嘉实,1.431,1.4325,0.1,0.027,1.92,107589.0,15293817.3,1.405,1.433,1.399,1.404,2.42,1.83,0.67,-80.57,54407.0,53182.0,3167578.0,20.71,2946498.0,19.27,221080.0,1.45,-1202785.0,-7.86,-1964793.0,-12.85,402.0,1.43,1.431,588962960.0,842805996,842805996,2026-08-27,2026-08-27 15:34:48+08:00
159106,民企300ETF前海开源,1.059,1.0637,0.44,0.02,1.92,4045.0,426552.2,1.046,1.06,1.043,1.039,1.64,1.02,0.74,-33.18,1423.0,2622.0,236522.0,55.45,0.0,0.0,236522.0,55.45,-195047.0,-45.73,-41475.0,-9.72,-1.0,1.059,1.06,39579488.0,41914678,41914678,2026-08-27,2026-08-27 15:34:48+08:00
159145,工业软件ETF广发,0.848,0.8436,-0.52,0.016,1.92,15018.0,1259018.8,0.831,0.848,0.826,0.832,2.64,2.22,0.43,4.39,7644.0,7374.0,171497.0,13.62,3082.0,0.24,168415.0,13.38,-109355.0,-8.69,-62142.0,-4.94,50.0,0.844,0.848,67581845.0,57309405,57309405,2026-08-27,2026-08-27 15:34:33+08:00
159685,1000增强ETF天弘,1.483,1.4861,0.21,0.028,1.92,22830.0,3360741.5,1.454,1.485,1.451,1.455,2.34,11.74,1.1,47.72,11872.0,10958.0,-74399.0,-2.21,0.0,0.0,-74399.0,-2.21,104917.0,3.12,-30519.0,-0.91,-4.0,1.483,1.486,19440067.0,28829619,28829619,2026-08-27,2026-08-27 15:34:18+08:00
563870,通用航空ETF鹏华,0.639,0.6388,-0.03,0.012,1.91,10716.0,679078.0,0.627,0.639,0.621,0.627,2.87,0.98,0.64,17.84,6810.0,3906.0,149171.0,21.97,0.0,0.0,149171.0,21.97,-58269.0,-8.58,-90903.0,-13.39,100.0,0.637,0.639,109303900.0,69845192,69845192,2026-08-27,2026-08-27 16:11:48+08:00
563300,中证2000ETF华泰柏瑞,1.439,1.4397,0.05,0.027,1.91,6016470.0,861419616.0,1.412,1.441,1.408,1.412,2.34,14.48,1.05,49.99,3443099.0,2573370.0,7228082.0,0.84,-63867744.0,-7.41,71095826.0,8.25,24727134.0,2.87,-31955210.0,-3.71,-81434.0,1.439,1.44,4153674000.0,5977136886,5977136886,2026-08-27,2026-08-27 16:12:01+08:00
562500,机器人ETF华夏,0.965,0.9652,0.02,0.018,1.9,4131506.0,395522239.0,0.946,0.965,0.943,0.947,2.32,2.2,0.86,-46.67,2306688.0,1824818.0,77461132.0,19.58,92632668.0,23.42,-15171536.0,-3.84,-44962498.0,-11.37,-32498633.0,-8.22,-27188.0,0.964,0.965,18764687360.0,18107923302,18107923302,2026-08-27,2026-08-27 16:12:00+08:00
515580,科技100ETF华泰柏瑞,1.397,1.3982,0.09,0.026,1.9,21397.0,2974954.0,1.381,1.399,1.37,1.371,2.12,0.7,0.92,20.41,7038.0,14359.0,766472.0,25.76,1239617.0,41.67,-473145.0,-15.9,-670110.0,-22.53,-96362.0,-3.24,-7.0,1.395,1.397,304031408.0,424731877,424731877,2026-08-27,2026-08-27 16:11:58+08:00
159287,创业板综ETF博时,1.127,1.1275,0.04,0.021,1.9,27888.0,3111734.0,1.106,1.127,1.105,1.106,1.99,2.55,0.65,-32.96,14351.0,13537.0,168097.0,5.4,0.0,0.0,168097.0,5.4,49478.0,1.59,-217574.0,-6.99,-173.0,1.127,1.128,109568753.0,123483985,123483985,2026-08-27,2026-08-27 15:34:00+08:00
515530,中证500ETF泰康,4.389,4.3925,0.08,0.082,1.9,7104.0,3101219.0,4.308,4.392,4.296,4.307,2.23,5.8,0.62,0.28,5311.0,1793.0,373689.0,12.05,0.0,0.0,373689.0,12.05,-599980.0,-19.35,226291.0,7.3,-1000.0,4.377,4.394,12242700.0,53733210,53733210,2026-08-27,2026-08-27 16:11:45+08:00
517230,云计算ETF永赢,0.964,0.9664,0.25,0.018,1.9,97146.0,9326780.0,0.953,0.964,0.951,0.946,1.37,5.26,0.9,-74.54,44710.0,52437.0,695882.0,7.46,-788629.0,-8.46,1484511.0,15.92,-522065.0,-5.6,-173817.0,-1.86,-2379.0,0.963,0.964,184545800.0,177902151,177902151,2026-08-27,2026-08-27 16:11:40+08:00
159907,国证2000ETF广发,1.081,1.083,0.18,0.02,1.89,91256.0,9800455.808,1.06,1.082,1.059,1.061,2.17,5.27,1.25,57.28,46205.0,45051.0,689769.0,7.04,-2046300.0,-20.88,2736069.0,27.92,985730.0,10.06,-1675497.0,-17.1,126.0,1.08,1.081,173197694.0,187226707,187226707,2026-08-27,2026-08-27 15:34:15+08:00
561950,中证500增强ETF招商,1.399,1.4024,0.24,0.026,1.89,33012.0,4586914.0,1.382,1.401,1.369,1.373,2.33,4.58,0.72,-0.21,20212.0,12800.0,180309.0,3.93,0.0,0.0,180309.0,3.93,-142687.0,-3.11,-37622.0,-0.82,-13.0,1.399,1.402,72156000.0,100946244,100946244,2026-08-27,2026-08-27 16:11:43+08:00
159108,工业软件ETF博时,0.974,0.9744,0.04,0.018,1.88,17081.0,1651704.708,0.959,0.975,0.954,0.956,2.2,1.39,0.82,44.38,8579.0,8502.0,200639.0,12.15,63943.0,3.87,136696.0,8.28,-80568.0,-4.88,-120071.0,-7.27,203.0,0.973,0.974,122738511.0,119547310,119547310,2026-08-27,2026-08-27 15:34:39+08:00
516710,新材料ETF华夏,0.762,0.7629,0.12,0.014,1.87,31590.0,2395546.0,0.747,0.764,0.744,0.748,2.67,4.14,0.88,0.49,23116.0,8474.0,284226.0,11.86,0.0,0.0,284226.0,11.86,-216306.0,-9.03,-67921.0,-2.84,-200.0,0.761,0.762,76272000.0,58119264,58119264,2026-08-27,2026-08-27 16:11:33+08:00
159606,中证500成长ETF易方达,1.365,1.3653,0.02,0.025,1.87,59115.0,8022134.3,1.34,1.369,1.34,1.34,2.16,1.49,0.49,24.44,41736.0,17379.0,906925.0,11.31,0.0,0.0,906925.0,11.31,-397755.0,-4.96,-509169.0,-6.35,-1.0,1.365,1.366,397222832.0,542209166,542209166,2026-08-27,2026-08-27 15:34:27+08:00
588320,双创50增强ETF广发,1.747,1.7476,0.03,0.032,1.87,48618.0,8437348.0,1.714,1.75,1.714,1.715,2.1,6.5,0.77,-2.78,27862.0,20756.0,638314.0,7.57,0.0,0.0,638314.0,7.57,-94075.0,-1.11,-544238.0,-6.45,-283.0,1.746,1.747,74824600.0,130718576,130718576,2026-08-27,2026-08-27 16:11:43+08:00
159738,云计算ETF华泰柏瑞,2.022,2.0265,0.22,0.037,1.86,104025.0,20860939.4,1.985,2.023,1.985,1.985,1.91,7.94,0.76,55.48,58382.0,45643.0,634187.0,3.04,-2440760.0,-11.7,3074947.0,14.74,-1346517.0,-6.45,712330.0,3.41,10.0,2.02,2.022,130992667.0,264867173,264867173,2026-08-27,2026-08-27 15:34:57+08:00
562360,机器人ETF银华,1.042,1.0431,0.11,0.019,1.86,134447.0,13904645.0,1.023,1.043,1.02,1.023,2.25,4.47,1.0,-1.86,80086.0,54361.0,2954685.0,21.25,3063086.0,22.03,-108401.0,-0.78,-1959633.0,-14.09,-995052.0,-7.16,-317.0,1.042,1.043,300474000.0,313093908,313093908,2026-08-27,2026-08-27 16:11:41+08:00
159586,计算机ETF南方,1.046,1.048,0.19,0.019,1.85,98494.0,10240671.4,1.028,1.049,1.028,1.027,2.04,3.77,1.08,-17.79,54863.0,43631.0,1876745.0,18.33,2028553.0,19.81,-151808.0,-1.48,-1418811.0,-13.85,-457936.0,-4.47,-290.0,1.046,1.047,261025923.0,273033115,273033115,2026-08-27,2026-08-27 15:34:24+08:00
510290,上证380ETF南方,2.695,2.6939,-0.04,0.049,1.85,13231.0,3513410.0,2.635,2.697,2.635,2.646,2.34,2.34,0.98,-3.77,7144.0,6087.0,-139964.0,-3.98,0.0,0.0,-139964.0,-3.98,-199636.0,-5.68,339599.0,9.67,-358.0,2.695,2.7,56448900.0,152129786,152129786,2026-08-27,2026-08-27 16:11:49+08:00
159247,创业板ETF汇添富,1.045,1.0433,-0.16,0.019,1.85,671140.0,69537797.132,1.03,1.045,1.023,1.026,2.14,14.22,0.99,29.91,341858.0,329282.0,14569307.0,20.95,13491450.0,19.4,1077857.0,1.55,-9805029.0,-14.1,-4764278.0,-6.85,15998.0,1.044,1.045,471984960.0,493224283,493224283,2026-08-27,2026-08-27 15:34:54+08:00
159638,高端装备ETF嘉实,0.828,0.828,0.0,0.015,1.85,219711.0,18048105.5,0.812,0.829,0.809,0.813,2.46,1.51,0.59,-61.11,132656.0,87055.0,3462621.0,19.19,-1637922.0,-9.08,5100543.0,28.26,-1533019.0,-8.49,-1929602.0,-10.69,826.0,0.827,0.828,1459341936.0,1208335123,1208335123,2026-08-27,2026-08-27 15:34:39+08:00
159208,航空航天ETF万家,1.046,1.0464,0.04,0.019,1.85,138914.0,14441863.5,1.029,1.047,1.023,1.027,2.34,4.07,1.43,-71.93,72328.0,66586.0,3276981.0,22.69,3235553.0,22.4,41428.0,0.29,-2199058.0,-15.23,-1077922.0,-7.46,-686.0,1.046,1.047,341462784.0,357170072,357170072,2026-08-27,2026-08-27 15:34:36+08:00
159778,工业互联网ETF鹏华,1.212,1.2141,0.17,0.022,1.85,8037.0,967647.328,1.186,1.213,1.184,1.19,2.44,2.0,1.27,7.23,4825.0,3212.0,38544.0,3.98,46656.0,4.82,-8112.0,-0.84,70873.0,7.32,-109416.0,-11.31,-1.0,1.212,1.215,40255382.0,48789523,48789523,2026-08-27,2026-08-27 15:34:00+08:00
560790,软件ETF鹏华,0.828,0.8294,0.17,0.015,1.85,43670.0,3577356.0,0.81,0.829,0.81,0.813,2.34,1.93,0.96,-56.23,29195.0,14475.0,213776.0,5.98,-181697.0,-5.08,395473.0,11.05,-167352.0,-4.68,-46423.0,-1.3,-1576.0,0.828,0.829,226455900.0,187505485,187505485,2026-08-27,2026-08-27 16:11:38+08:00
159944,材料ETF广发,1.543,1.5437,0.05,0.028,1.85,25751.0,3947336.6,1.51,1.544,1.508,1.515,2.38,8.15,0.92,89.46,13120.0,12631.0,-260770.0,-6.61,0.0,0.0,-260770.0,-6.61,340505.0,8.63,-79735.0,-2.02,2.0,1.542,1.543,31608342.0,48771672,48771672,2026-08-27,2026-08-27 15:34:42+08:00
159532,中证2000ETF易方达,1.666,1.6637,-0.14,0.03,1.83,258147.0,42656711.5,1.633,1.666,1.63,1.636,2.2,15.05,1.0,-16.69,158635.0,99512.0,2468042.0,5.79,-390937.0,-0.92,2858979.0,6.7,567796.0,1.33,-3035838.0,-7.12,610.0,1.665,1.666,171564791.0,285826942,285826942,2026-08-27,2026-08-27 15:34:57+08:00
159810,创业板ETF浦银,1.4,1.405,0.36,0.025,1.82,27685.0,3849385.3,1.374,1.4,1.368,1.375,2.33,4.9,0.97,43.96,10434.0,17251.0,226997.0,5.9,0.0,0.0,226997.0,5.9,-117415.0,-3.05,-109582.0,-2.85,85.0,1.402,1.405,56475458.0,79065641,79065641,2026-08-27,2026-08-27 15:34:36+08:00
512660,军工ETF国泰,1.121,1.1216,0.05,0.02,1.82,2113507.0,234965303.0,1.098,1.123,1.097,1.101,2.36,3.59,1.17,-30.23,1210954.0,902553.0,45643538.0,19.43,41151559.0,17.51,4491979.0,1.91,-28951781.0,-12.32,-16691758.0,-7.1,-12484.0,1.121,1.122,5887079936.0,6599416608,6599416608,2026-08-27,2026-08-27 16:11:39+08:00
159556,中证2000增强ETF平安,1.231,1.2265,-0.37,0.022,1.82,15571.0,1900494.1,1.22,1.232,1.205,1.209,2.23,10.01,1.07,-40.64,10072.0,5499.0,269324.0,14.17,0.0,0.0,269324.0,14.17,-271599.0,-14.29,2275.0,0.12,10.0,1.23,1.232,15556089.0,19149546,19149546,2026-08-27,2026-08-27 15:34:45+08:00
159915,创业板ETF易方达,3.494,3.4929,-0.03,0.062,1.81,14990139.0,5191828279.665,3.45,3.494,3.427,3.432,1.95,8.18,0.85,51.42,7891075.0,7099063.0,100787632.0,1.94,341130544.0,6.57,-240342912.0,-4.63,26194720.0,0.5,-126982368.0,-2.45,-139779.0,3.494,3.495,18316454912.0,63997693463,63997693463,2026-08-27,2026-08-27 15:34:27+08:00
159270,创业板200ETF南方,1.133,1.1346,0.14,0.02,1.8,183268.0,20579479.9,1.11,1.134,1.106,1.113,2.52,20.19,1.62,97.76,83836.0,99432.0,-258927.0,-1.26,-2822993.0,-13.72,2564066.0,12.46,385508.0,1.87,-126581.0,-0.62,-2.0,1.132,1.134,90763649.0,102835214,102835214,2026-08-27,2026-08-27 15:34:45+08:00
159267,航天ETF华安,0.848,0.8484,0.05,0.015,1.8,896757.0,75542258.7,0.834,0.849,0.829,0.833,2.4,3.34,0.87,-54.28,471868.0,424889.0,11896066.0,15.75,8793559.0,11.64,3102507.0,4.11,-8208443.0,-10.87,-3687622.0,-4.88,1993.0,0.847,0.848,2686506128.0,2278157197,2278157197,2026-08-27,2026-08-27 15:34:09+08:00
560770,机器人ETF招商,0.962,0.964,0.21,0.017,1.8,215535.0,20627522.0,0.945,0.964,0.942,0.945,2.33,1.29,1.07,-19.67,122929.0,92606.0,3937973.0,19.09,4991756.0,24.2,-1053783.0,-5.11,-2641135.0,-12.8,-1296837.0,-6.29,-587.0,0.962,0.963,1665133008.0,1601857954,1601857954,2026-08-27,2026-08-27 16:11:40+08:00
159821,创业板ETF中银证券,1.31,1.3103,0.02,0.023,1.79,26034.0,3388251.4,1.287,1.31,1.286,1.287,1.86,4.29,1.66,35.14,17115.0,8919.0,227996.0,6.73,0.0,0.0,227996.0,6.73,-123180.0,-3.64,-104815.0,-3.09,-403.0,1.31,1.316,60720000.0,79543200,79543200,2026-08-27,2026-08-27 15:34:51+08:00
159283,通用航空ETF南方,0.855,0.8542,-0.09,0.015,1.79,111723.0,9465613.1,0.84,0.855,0.837,0.84,2.14,3.74,0.88,-49.44,65551.0,46172.0,834344.0,8.81,466720.0,4.93,367624.0,3.88,-484503.0,-5.12,-349842.0,-3.7,574.0,0.854,0.855,298437984.0,255164476,255164476,2026-08-27,2026-08-27 15:34:27+08:00
159180,软件ETF银华,1.029,1.0298,0.08,0.018,1.78,31068.0,3183133.484,1.013,1.032,1.008,1.011,2.37,8.84,1.14,-12.69,19965.0,11103.0,218376.0,6.86,840197.0,26.4,-621821.0,-19.53,-43552.0,-1.37,-174825.0,-5.49,-1.0,1.029,1.031,35155926.0,36175448,36175448,2026-08-27,2026-08-27 15:34:03+08:00
512650,长三角ETF汇添富,1.369,1.3691,0.01,0.024,1.78,13719.0,1865970.0,1.344,1.369,1.344,1.345,1.86,4.16,1.8,6.58,6059.0,7660.0,13902.0,0.75,0.0,0.0,13902.0,0.75,0.0,0.0,-13902.0,-0.75,16.0,1.366,1.369,32941600.0,45097050,45097050,2026-08-27,2026-08-27 16:11:58+08:00
560690,电信ETF鹏华,2.194,2.1921,-0.09,0.038,1.76,10010.0,2188297.0,2.164,2.196,2.164,2.156,1.48,4.91,0.51,20.8,6482.0,3528.0,-54208.0,-2.48,0.0,0.0,-54208.0,-2.48,8002.0,0.37,46207.0,2.11,-1000.0,2.194,2.195,20389000.0,44733466,44733466,2026-08-27,2026-08-27 16:11:37+08:00
589550,科创价值ETF华夏,1.331,1.3325,0.11,0.023,1.76,12194.0,1614241.0,1.315,1.332,1.314,1.308,1.38,4.82,0.46,7.17,6004.0,6190.0,53305.0,3.3,0.0,0.0,53305.0,3.3,-72863.0,-4.51,19558.0,1.21,-9.0,1.33,1.333,25295500.0,33668311,33668311,2026-08-27,2026-08-27 16:11:54+08:00
159306,汽车零部件ETF平安,1.165,1.163,-0.17,0.02,1.75,5713.0,660130.2,1.143,1.165,1.143,1.145,1.92,2.57,0.46,6.56,3157.0,2556.0,250253.0,37.91,31041.0,4.7,219212.0,33.21,-144522.0,-21.89,-105730.0,-16.02,-32.0,1.165,1.166,22244616.0,25914978,25914978,2026-08-27,2026-08-27 15:34:24+08:00
159552,中证2000增强ETF招商,2.275,2.2744,-0.03,0.039,1.74,612921.0,138301939.4,2.224,2.277,2.224,2.236,2.37,8.92,0.81,-55.66,333639.0,279282.0,11493350.0,8.31,2837788.0,2.05,8655562.0,6.26,-4258930.0,-3.08,-7234420.0,-5.23,3870.0,2.274,2.275,687290320.0,1563585478,1563585478,2026-08-27,2026-08-27 15:34:27+08:00
159288,创业板综ETF银华,1.002,1.003,0.1,0.017,1.73,8787.0,875582.4,0.989,1.002,0.983,0.985,1.93,0.95,0.73,15.93,3566.0,5221.0,-75595.0,-8.63,0.0,0.0,-75595.0,-8.63,86699.0,9.9,-11102.0,-1.27,50.0,0.991,1.002,92174931.0,92359281,92359281,2026-08-27,2026-08-27 15:34:24+08:00
159957,创业板ETF华夏,2.288,2.288,0.0,0.039,1.73,785921.0,178148686.3,2.258,2.288,2.243,2.249,2.0,6.76,1.01,-37.22,414811.0,371110.0,12003895.0,6.74,7947089.0,4.46,4056806.0,2.28,-1894013.0,-1.06,-10109882.0,-5.67,7742.0,2.287,2.288,1162784560.0,2660451073,2660451073,2026-08-27,2026-08-27 15:34:48+08:00
159777,创科技ETF国联安,1.239,1.2396,0.05,0.021,1.72,26055.0,3195847.3,1.223,1.24,1.207,1.218,2.71,9.21,1.07,44.32,16760.0,9295.0,682004.0,21.34,0.0,0.0,682004.0,21.34,-622349.0,-19.47,-59655.0,-1.87,43.0,1.236,1.239,28280565.0,35039620,35039620,2026-08-27,2026-08-27 15:34:21+08:00
158009,航空航天ETF南方,1.01,1.0115,0.15,0.017,1.71,78667.0,7907479.931,0.993,1.011,0.988,0.993,2.32,16.96,1.06,-49.98,36169.0,42498.0,1454103.0,18.39,681739.0,8.62,772364.0,9.77,-1065831.0,-13.48,-388272.0,-4.91,90.0,1.008,1.01,46373819.0,46837557,46837557,2026-08-27,2026-08-27 15:34:18+08:00
515550,中证500ETF国联,1.78,1.7694,-0.6,0.03,1.71,16647.0,2928035.0,1.75,1.78,1.748,1.75,1.83,8.18,1.31,65.63,12182.0,4465.0,-257948.0,-8.81,0.0,0.0,-257948.0,-8.81,57688.0,1.97,200260.0,6.84,-12.0,1.778,1.78,20345700.0,36215346,36215346,2026-08-27,2026-08-27 16:11:53+08:00
159278,机器人ETF鹏华,0.95,0.9517,0.18,0.016,1.71,829565.0,78343769.2,0.934,0.952,0.931,0.934,2.25,3.97,0.71,-60.14,483726.0,345839.0,14752221.0,18.83,18487797.0,23.6,-3735576.0,-4.77,-8277713.0,-10.57,-6474507.0,-8.26,-9985.0,0.95,0.951,2089545856.0,1985068563,1985068563,2026-08-27,2026-08-27 15:34:51+08:00
530380,上证380ETF易方达,1.127,1.1278,0.07,0.019,1.71,3334.0,373533.0,1.112,1.128,1.112,1.108,1.44,0.25,0.16,-0.49,1912.0,1422.0,-132443.0,-35.46,0.0,0.0,-132443.0,-35.46,177537.0,47.53,-45093.0,-12.07,-26.0,1.126,1.127,134705000.0,151812535,151812535,2026-08-27,2026-08-27 16:11:38+08:00
159675,创业板增强ETF嘉实,1.436,1.4387,0.19,0.024,1.7,57880.0,8231326.9,1.416,1.436,1.407,1.412,2.05,9.07,1.05,14.19,39980.0,17900.0,-263371.0,-3.2,-715000.0,-8.69,451629.0,5.49,324689.0,3.94,-61318.0,-0.74,-335.0,1.436,1.437,63846691.0,91683848,91683848,2026-08-27,2026-08-27 15:34:51+08:00
560220,中证2000ETF广发,1.445,1.4482,0.22,0.024,1.69,41554.0,5971058.0,1.42,1.449,1.417,1.421,2.25,6.52,0.63,7.37,21217.0,20337.0,641212.0,10.74,345718.0,5.79,295494.0,4.95,-229259.0,-3.84,-411953.0,-6.9,-2026.0,1.445,1.448,63717000.0,92071065,92071065,2026-08-27,2026-08-27 16:11:42+08:00
159723,科技龙头ETF汇添富,1.083,1.0838,0.07,0.018,1.69,14827.0,1598088.3,1.069,1.089,1.069,1.065,1.88,5.11,5.28,-41.3,6391.0,8436.0,391827.0,24.52,0.0,0.0,391827.0,24.52,-356842.0,-22.33,-34985.0,-2.19,100.0,1.082,1.083,29025575.0,31434698,31434698,2026-08-27,2026-08-27 15:34:42+08:00
159958,创业板ETF工银,2.109,2.1104,0.07,0.035,1.69,37085.0,7749213.8,2.078,2.11,2.074,2.074,1.74,1.58,0.92,61.12,16775.0,20310.0,877670.0,11.33,1336991.0,17.25,-459321.0,-5.93,-654230.0,-8.44,-223439.0,-2.88,218.0,2.107,2.109,234311448.0,494162844,494162844,2026-08-27,2026-08-27 15:34:30+08:00
159977,创业板ETF天弘,1.812,1.8106,-0.08,0.03,1.68,1053475.0,189329017.6,1.787,1.812,1.776,1.782,2.02,2.99,0.82,-31.3,526350.0,527125.0,11258338.0,5.95,-7125051.0,-3.76,18383389.0,9.71,-5256907.0,-2.78,-6001432.0,-3.17,8713.0,1.811,1.812,3523872816.0,6385257543,6385257543,2026-08-27,2026-08-27 15:34:27+08:00
159952,创业板ETF广发,2.121,2.1189,-0.1,0.035,1.68,2862211.0,601561070.846,2.094,2.122,2.08,2.086,2.01,5.36,0.72,51.24,1402941.0,1459270.0,35240208.0,5.86,-23301620.0,-3.87,58541828.0,9.73,-13172122.0,-2.19,-22068087.0,-3.67,-14099.0,2.121,2.122,5344284928.0,11335228332,11335228332,2026-08-27,2026-08-27 15:34:45+08:00
159241,航空航天ETF天弘,1.027,1.0288,0.17,0.017,1.68,856884.0,87454935.3,1.007,1.029,1.005,1.01,2.38,6.22,1.12,-80.05,431743.0,425141.0,13653296.0,15.61,8564390.0,9.79,5088906.0,5.82,-7476368.0,-8.55,-6176928.0,-7.06,664.0,1.026,1.027,1378074272.0,1415282277,1415282277,2026-08-27,2026-08-27 15:34:51+08:00
159836,创业板300ETF天弘,1.279,1.2795,0.04,0.021,1.67,11211.0,1422164.8,1.26,1.28,1.254,1.258,2.07,0.99,0.66,-19.29,6083.0,5128.0,311488.0,21.9,-504.0,-0.04,311992.0,21.94,-275166.0,-19.35,-36321.0,-2.55,6.0,1.279,1.281,113747113.0,145482558,145482558,2026-08-27,2026-08-27 15:34:36+08:00
159289,创业板综指ETF鹏华,1.098,1.1005,0.23,0.018,1.67,28396.0,3103629.292,1.081,1.099,1.079,1.08,1.85,7.3,0.74,-33.03,15403.0,12993.0,796351.0,25.66,216417.0,6.97,579934.0,18.69,-482589.0,-15.55,-313763.0,-10.11,2539.0,1.097,1.098,38902640.0,42715099,42715099,2026-08-27,2026-08-27 15:34:27+08:00
159050,机器人ETF广发,0.854,0.8539,-0.01,0.014,1.67,258167.0,21895321.49,0.841,0.855,0.835,0.84,2.38,3.73,0.84,-11.32,152859.0,105308.0,4541607.0,20.74,1354409.0,6.19,3187198.0,14.56,-2909158.0,-13.29,-1632449.0,-7.46,-3391.0,0.854,0.855,691703616.0,590714888,590714888,2026-08-27,2026-08-27 15:34:27+08:00
159205,创业板ETF东财,1.707,1.7075,0.03,0.028,1.67,754209.0,127733718.5,1.685,1.707,1.675,1.679,1.91,14.26,0.98,50.43,386998.0,367211.0,5242766.0,4.1,4658645.0,3.65,584121.0,0.46,-1932583.0,-1.51,-3310183.0,-2.59,-12712.0,1.707,1.708,529056064.0,903098701,903098701,2026-08-27,2026-08-27 15:34:33+08:00
159971,创业板ETF富国,1.215,1.2137,-0.11,0.02,1.67,1049204.0,126477469.134,1.201,1.215,1.191,1.195,2.01,6.31,1.02,27.65,585123.0,464082.0,12464904.0,9.86,13483804.0,10.66,-1018900.0,-0.81,-5582725.0,-4.41,-6882179.0,-5.44,-16545.0,1.215,1.216,1662020288.0,2019354650,2019354650,2026-08-27,2026-08-27 15:34:21+08:00
563200,中证2000ETF富国,1.53,1.5305,0.03,0.025,1.66,85695.0,13027147.0,1.505,1.531,1.502,1.505,1.93,15.45,0.94,6.28,42789.0,42906.0,1748253.0,13.42,0.0,0.0,1748253.0,13.42,-1025094.0,-7.87,-723158.0,-5.55,-1023.0,1.53,1.531,55458800.0,84851964,84851964,2026-08-27,2026-08-27 16:11:33+08:00
588910,科创价值ETF建信,1.529,1.5296,0.04,0.025,1.66,100740.0,15288283.0,1.504,1.529,1.49,1.504,2.59,10.07,1.27,56.63,48558.0,52182.0,-401052.0,-2.62,0.0,0.0,-401052.0,-2.62,336240.0,2.2,64813.0,0.42,17.0,1.526,1.528,100049100.0,152975074,152975074,2026-08-27,2026-08-27 16:11:39+08:00
159272,机器人ETF富国,0.808,0.8077,-0.04,0.013,1.64,1172263.0,94074282.919,0.794,0.809,0.792,0.795,2.14,3.11,0.77,-54.42,705554.0,466709.0,19138994.0,20.34,19323859.0,20.54,-184865.0,-0.2,-13051885.0,-13.87,-6087110.0,-6.47,20799.0,0.807,0.808,3767164688.0,3043869068,3043869068,2026-08-27,2026-08-27 15:34:18+08:00
159827,农业ETF银华,0.806,0.8049,-0.14,0.013,1.64,78668.0,6273224.1,0.792,0.806,0.789,0.793,2.14,8.67,3.58,-90.8,50178.0,28490.0,201719.0,3.22,1014740.0,16.18,-813021.0,-12.96,-31595.0,-0.5,-170124.0,-2.71,-194.0,0.806,0.807,90716463.0,73117469,73117469,2026-08-27,2026-08-27 15:34:57+08:00
515750,科技50ETF富国,2.046,2.0447,-0.06,0.033,1.64,50693.0,10242935.0,2.014,2.046,2.003,2.013,2.14,1.92,0.94,45.98,28683.0,22010.0,-187863.0,-1.83,-516575.0,-5.04,328712.0,3.21,501261.0,4.89,-313397.0,-3.06,-38.0,2.043,2.046,264140500.0,540431463,540431463,2026-08-27,2026-08-27 16:11:51+08:00
159049,有色ETF工银,1.06,1.058,-0.19,0.017,1.63,98350.0,10349381.228,1.041,1.064,1.037,1.043,2.59,23.38,1.36,31.26,60286.0,38063.0,1676222.0,16.2,1767024.0,17.07,-90802.0,-0.88,-1181136.0,-11.41,-495087.0,-4.78,-175.0,1.06,1.061,42073319.0,44597718,44597718,2026-08-27,2026-08-27 15:34:48+08:00
159227,航空航天ETF华夏,0.999,0.9997,0.07,0.016,1.63,1519640.0,150787864.677,0.98,1.0,0.977,0.983,2.34,3.16,0.96,-71.08,884525.0,635115.0,34633502.0,22.97,48202286.0,31.97,-13568784.0,-9.0,-17623504.0,-11.69,-17009997.0,-11.28,9140.0,0.998,0.999,4809911296.0,4805101385,4805101385,2026-08-27,2026-08-27 15:34:06+08:00
159676,创业板增强ETF富国,1.618,1.6215,0.22,0.026,1.63,128089.0,20580299.3,1.605,1.619,1.587,1.592,2.01,9.66,0.93,-79.3,62480.0,65609.0,-470399.0,-2.29,1135050.0,5.52,-1605449.0,-7.8,2357771.0,11.46,-1887373.0,-9.17,-823.0,1.618,1.619,132564183.0,214488848,214488848,2026-08-27,2026-08-27 15:34:18+08:00
159613,信息安全ETF嘉实,0.877,0.8773,0.03,0.014,1.62,74675.0,6495479.9,0.858,0.877,0.858,0.863,2.2,6.75,1.12,-17.55,44271.0,30404.0,901914.0,13.89,391588.0,6.03,510326.0,7.86,-306168.0,-4.71,-595747.0,-9.17,565.0,0.876,0.877,110590217.0,96987620,96987620,2026-08-27,2026-08-27 15:34:48+08:00
561660,通用航空ETF平安,0.88,0.8809,0.1,0.014,1.62,37264.0,3261528.0,0.867,0.882,0.866,0.866,1.85,5.35,0.92,-0.37,19294.0,17970.0,163396.0,5.01,0.0,0.0,163396.0,5.01,-77438.0,-2.37,-85958.0,-2.64,-60.0,0.88,0.881,69710000.0,61344800,61344800,2026-08-27,2026-08-27 16:11:36+08:00
159292,创业板综增强ETF华宝,1.191,1.1931,0.18,0.019,1.62,8148.0,962937.98,1.171,1.192,1.171,1.172,1.79,0.47,0.4,-26.16,2452.0,5696.0,-110514.0,-11.48,0.0,0.0,-110514.0,-11.48,121272.0,12.59,-10758.0,-1.12,-5.0,1.191,1.192,175189531.0,208650731,208650731,2026-08-27,2026-08-27 15:34:09+08:00
159880,有色ETF鹏华,1.005,1.004,-0.1,0.016,1.62,396707.0,39649313.3,0.98,1.008,0.971,0.989,3.74,3.11,0.86,-68.87,264517.0,132190.0,-372160.0,-0.94,-3741959.0,-9.44,3369799.0,8.5,2227216.0,5.62,-1855058.0,-4.68,3003.0,1.004,1.005,1277103040.0,1283488555,1283488555,2026-08-27,2026-08-27 15:34:54+08:00
159335,央企科创ETF融通,1.519,1.524,0.33,0.024,1.61,16400.0,2483878.9,1.497,1.52,1.497,1.495,1.54,2.58,1.74,-11.71,13169.0,3231.0,-334474.0,-13.47,0.0,0.0,-334474.0,-13.47,571704.0,23.02,-237229.0,-9.55,-3.0,1.519,1.52,63683689.0,96735524,96735524,2026-08-27,2026-08-27 15:34:45+08:00
159690,有色矿业ETF招商,2.046,2.0452,-0.04,0.032,1.59,148073.0,30125491.7,1.992,2.06,1.992,2.014,3.38,5.38,0.91,-22.24,100737.0,47336.0,895289.0,2.97,1924418.0,6.39,-1029129.0,-3.42,-7762953.0,-25.77,6867664.0,22.8,-307.0,2.046,2.047,275163984.0,562985511,562985511,2026-08-27,2026-08-27 15:34:00+08:00
159908,创业板ETF博时,3.258,3.2571,-0.03,0.051,1.59,105637.0,34137734.0,3.21,3.258,3.194,3.207,2.0,3.36,0.68,8.09,48198.0,57439.0,374313.0,1.1,-893029.0,-2.62,1267342.0,3.71,341140.0,1.0,-715453.0,-2.1,421.0,3.257,3.258,314229024.0,1023758160,1023758160,2026-08-27,2026-08-27 15:34:18+08:00
159029,有色ETF广发,0.96,0.9586,-0.15,0.015,1.59,331093.0,31559348.872,0.933,0.963,0.932,0.945,3.28,10.64,1.42,-1.16,225096.0,105997.0,606738.0,1.92,3783520.0,11.99,-3176782.0,-10.07,-2691900.0,-8.53,2085162.0,6.61,783.0,0.959,0.96,311127712.0,298682604,298682604,2026-08-27,2026-08-27 15:34:21+08:00
563010,电信ETF易方达,2.175,2.1745,-0.02,0.034,1.59,36800.0,7961132.0,2.139,2.176,2.139,2.141,1.73,3.91,0.81,53.91,17321.0,19479.0,-700933.0,-8.8,868.0,0.01,-701801.0,-8.82,465042.0,5.84,235890.0,2.96,-7.0,2.17,2.175,94189300.0,204861728,204861728,2026-08-27,2026-08-27 16:11:59+08:00
159226,中证A500增强ETF国泰,1.289,1.2866,-0.19,0.02,1.58,114944.0,14708913.0,1.271,1.289,1.268,1.269,1.65,13.2,0.74,56.73,59136.0,55808.0,1802362.0,12.25,3726478.0,25.33,-1924116.0,-13.08,-1057490.0,-7.19,-744873.0,-5.06,913.0,1.288,1.289,87094840.0,112265249,112265249,2026-08-27,2026-08-27 15:34:39+08:00
159808,创100ETF融通,1.346,1.3467,0.05,0.021,1.58,8231.0,1102300.0,1.325,1.347,1.325,1.325,1.66,1.66,0.81,46.93,3123.0,5108.0,-42512.0,-3.86,0.0,0.0,-42512.0,-3.86,109189.0,9.91,-66677.0,-6.05,-300.0,1.343,1.346,49484790.0,66606527,66606527,2026-08-27,2026-08-27 15:34:21+08:00
159948,创业板ETF南方,3.853,3.8538,0.02,0.06,1.58,253465.0,96995998.4,3.811,3.855,3.783,3.793,1.9,2.19,0.93,-22.53,108153.0,145312.0,4206650.0,4.34,2275654.0,2.35,1930996.0,1.99,1323048.0,1.36,-5529698.0,-5.7,1027.0,3.852,3.853,1155697728.0,4452903346,4452903346,2026-08-27,2026-08-27 15:34:42+08:00
159956,创业板ETF建信,2.21,2.2131,0.14,0.034,1.56,20561.0,4509215.3,2.176,2.212,2.173,2.176,1.79,4.29,0.71,12.68,8811.0,11750.0,0.0,0.0,0.0,0.0,0.0,0.0,56251.0,1.25,-56251.0,-1.25,92.0,2.208,2.212,47978674.0,106032870,106032870,2026-08-27,2026-08-27 15:34:45+08:00
560290,有色ETF景顺,0.859,0.858,-0.12,0.013,1.54,73859.0,6312926.0,0.839,0.863,0.839,0.846,2.84,2.0,0.74,-15.28,41160.0,32699.0,909854.0,14.41,920056.0,14.57,-10202.0,-0.16,-280422.0,-4.44,-629432.0,-9.97,-741.0,0.859,0.86,369694000.0,317567146,317567146,2026-08-27,2026-08-27 16:11:33+08:00
159814,创业大盘ETF西部利得,0.723,0.7225,-0.07,0.011,1.54,213615.0,15320103.7,0.713,0.723,0.709,0.712,1.97,4.2,0.36,-33.66,106991.0,106624.0,2224675.0,14.52,250147.0,1.63,1974528.0,12.89,-1737899.0,-11.34,-486774.0,-3.18,-1204.0,0.723,0.724,508246528.0,367462240,367462240,2026-08-27,2026-08-27 15:34:24+08:00
159903,深成ETF南方,1.718,1.7179,-0.01,0.026,1.54,328436.0,56009251.382,1.695,1.718,1.687,1.692,1.83,7.09,0.78,60.06,211445.0,116990.0,10035063.0,17.92,2074852.0,3.7,7960211.0,14.21,-6411008.0,-11.45,-3624054.0,-6.47,8051.0,1.717,1.718,463154512.0,795699452,795699452,2026-08-27,2026-08-27 15:34:21+08:00
159036,软件开发ETF华宝,0.927,0.9291,0.23,0.014,1.53,102772.0,9451738.563,0.912,0.929,0.91,0.913,2.08,3.57,0.49,-55.88,61427.0,41345.0,801391.0,8.48,-297940.0,-3.15,1099331.0,11.63,-682489.0,-7.22,-118900.0,-1.26,191.0,0.925,0.927,287740160.0,266735128,266735128,2026-08-27,2026-08-27 15:34:42+08:00
563330,A股ETF华泰柏瑞,4.242,4.2467,0.11,0.064,1.53,58949.0,24810518.0,4.178,4.243,4.178,4.178,1.56,16.39,0.62,66.51,35820.0,23129.0,-1580445.0,-6.37,-619956.0,-2.5,-960489.0,-3.87,1758422.0,7.09,-177979.0,-0.72,-7.0,4.241,4.242,35960600.0,152544865,152544865,2026-08-27,2026-08-27 16:11:39+08:00
159048,机器人ETF大成,0.861,0.8618,0.09,0.013,1.53,92047.0,7893465.2,0.848,0.863,0.846,0.848,2.0,4.61,0.51,-76.38,63847.0,28200.0,1127313.0,14.28,1300031.0,16.47,-172718.0,-2.19,-523211.0,-6.63,-604102.0,-7.65,508.0,0.86,0.861,199803897.0,172031155,172031155,2026-08-27,2026-08-27 15:34:57+08:00
159163,有色ETF泰康,0.798,0.7979,-0.01,0.012,1.53,86695.0,6891722.073,0.78,0.802,0.78,0.786,2.8,3.25,1.23,-22.84,55012.0,31683.0,1109980.0,16.11,2563491.0,37.2,-1453511.0,-21.09,-828101.0,-12.02,-281881.0,-4.09,-1243.0,0.798,0.799,266807013.0,212911996,212911996,2026-08-27,2026-08-27 15:34:15+08:00
159066,A股ETF建信,0.928,0.927,-0.11,0.014,1.53,63960.0,5893535.878,0.91,0.929,0.91,0.914,2.08,3.01,1.03,-67.66,42424.0,21536.0,1054112.0,17.89,1630697.0,27.67,-576585.0,-9.78,-871401.0,-14.79,-182712.0,-3.1,-50.0,0.922,0.928,212733027.0,197416249,197416249,2026-08-27,2026-08-27 15:34:33+08:00
561330,矿业ETF国泰,1.003,1.0033,0.03,0.015,1.52,831334.0,82995729.0,0.976,1.009,0.975,0.988,3.44,4.6,1.04,-16.63,458216.0,373118.0,-7143762.0,-8.61,-1066505.0,-1.29,-6077257.0,-7.32,-3084433.0,-3.72,10228193.0,12.32,-2162.0,1.002,1.003,1807392096.0,1812814272,1812814272,2026-08-27,2026-08-27 16:11:52+08:00
159162,工业有色ETF鹏华,0.867,0.867,0.0,0.013,1.52,118798.0,10223211.54,0.846,0.868,0.845,0.854,2.69,2.71,1.02,-64.3,57208.0,61590.0,2571328.0,25.15,3362858.0,32.89,-791530.0,-7.74,-1704449.0,-16.67,-866879.0,-8.48,1439.0,0.865,0.867,438939840.0,380560841,380560841,2026-08-27,2026-08-27 15:34:03+08:00
159530,机器人ETF易方达,1.336,1.3378,0.13,0.02,1.52,3686394.0,489056391.016,1.315,1.339,1.311,1.316,2.13,2.87,0.77,-63.47,1951371.0,1735023.0,101743890.0,20.8,94529529.0,19.33,7214361.0,1.48,-38470633.0,-7.87,-63273257.0,-12.94,-22635.0,1.336,1.337,12831613184.0,17143035214,17143035214,2026-08-27,2026-08-27 15:34:33+08:00
563550,A500增强ETF摩根,1.265,1.264,-0.08,0.019,1.52,125516.0,15828005.0,1.251,1.266,1.246,1.246,1.61,15.2,1.12,-7.31,65603.0,59913.0,1226329.0,7.75,3335143.0,21.07,-2108814.0,-13.32,-1195725.0,-7.55,-30604.0,-0.19,-202.0,1.262,1.268,82559000.0,104437135,104437135,2026-08-27,2026-08-27 16:11:40+08:00
515250,智能汽车ETF富国,0.936,0.9359,-0.01,0.014,1.52,166528.0,15457105.0,0.919,0.936,0.918,0.922,1.95,4.88,1.05,-9.3,86015.0,80513.0,204257.0,1.32,0.0,0.0,204257.0,1.32,474167.0,3.07,-678425.0,-4.39,-155.0,0.935,0.936,340944496.0,319124048,319124048,2026-08-27,2026-08-27 16:11:53+08:00
515590,500等权ETF前海开源,1.943,1.9496,0.34,0.029,1.52,7982.0,1532342.0,1.912,1.944,1.912,1.914,1.67,2.21,0.91,9.34,5708.0,2274.0,439549.0,28.68,0.0,0.0,439549.0,28.68,-312696.0,-20.41,-126853.0,-8.28,-10.0,1.946,1.948,36113700.0,70168919,70168919,2026-08-27,2026-08-27 16:11:54+08:00
512960,央企结构调整ETF博时,1.473,1.4737,0.05,0.022,1.52,9425.0,1383609.0,1.46,1.473,1.458,1.451,1.03,0.02,0.46,11.82,2566.0,6859.0,46580.0,3.37,0.0,0.0,46580.0,3.37,-31828.0,-2.3,-14752.0,-1.07,40.0,1.472,1.474,3856057296.0,5679972397,5679972397,2026-08-27,2026-08-27 16:11:52+08:00
159375,创业板50ETF国泰,0.733,0.7317,-0.18,0.011,1.52,232925.0,16926753.5,0.725,0.733,0.722,0.722,1.52,6.41,1.18,-52.63,121734.0,111191.0,-394654.0,-2.33,-1043744.0,-6.17,649090.0,3.83,343556.0,2.03,51098.0,0.3,657.0,0.732,0.733,363595344.0,266515387,266515387,2026-08-27,2026-08-27 15:34:45+08:00
510410,资源ETF博时,2.019,2.0189,0.0,0.03,1.51,132758.0,26711259.0,1.972,2.028,1.972,1.989,2.82,3.05,1.3,-5.95,71774.0,60984.0,-74686.0,-0.28,-3167000.0,-11.86,3092314.0,11.58,702946.0,2.63,-628259.0,-2.35,-504.0,2.018,2.019,435258400.0,878786710,878786710,2026-08-27,2026-08-27 16:11:51+08:00
159559,机器人ETF景顺,1.207,1.2089,0.16,0.018,1.51,454675.0,54538949.9,1.187,1.209,1.184,1.189,2.1,2.3,0.62,-77.5,225498.0,229177.0,10542069.0,19.33,11590183.0,21.25,-1048114.0,-1.92,-5790712.0,-10.62,-4751357.0,-8.71,-2690.0,1.207,1.208,1972576624.0,2380899985,2380899985,2026-08-27,2026-08-27 15:34:33+08:00
159945,能源ETF广发,1.422,1.4248,0.2,0.021,1.5,39286.0,5560059.107,1.396,1.427,1.393,1.401,2.43,6.13,0.83,46.48,23166.0,16120.0,858097.0,15.43,0.0,0.0,858097.0,15.43,-427660.0,-7.69,-430436.0,-7.74,420.0,1.421,1.422,64072327.0,91110849,91110849,2026-08-27,2026-08-27 15:34:42+08:00
159758,红利质量ETF华夏,1.149,1.1455,-0.31,0.017,1.5,237141.0,26989157.695,1.128,1.149,1.125,1.132,2.12,1.79,0.66,-23.28,110987.0,126154.0,281217.0,1.04,1850510.0,6.86,-1569293.0,-5.81,482802.0,1.79,-764020.0,-2.83,2421.0,1.148,1.149,1326290784.0,1523908111,1523908111,2026-08-27,2026-08-27 15:34:57+08:00
562660,中证2000ETF华夏,1.892,1.8893,-0.14,0.028,1.5,240560.0,45179871.0,1.857,1.895,1.857,1.864,2.04,7.4,0.7,-74.2,129620.0,110940.0,15839.0,0.04,1451854.0,3.21,-1436015.0,-3.18,-392411.0,-0.87,376572.0,0.83,-1463.0,1.891,1.892,324874000.0,614661608,614661608,2026-08-27,2026-08-27 16:11:57+08:00
159078,A股ETF富国,0.947,0.9486,0.17,0.014,1.5,141648.0,13338121.433,0.933,0.947,0.933,0.933,1.5,7.99,1.79,11.01,57140.0,84508.0,279140.0,2.09,-3038652.0,-22.78,3317792.0,24.87,-54580.0,-0.41,-224560.0,-1.68,884.0,0.946,0.947,177262460.0,167867550,167867550,2026-08-27,2026-08-27 15:34:12+08:00
159825,农业ETF富国,0.746,0.7459,-0.01,0.011,1.5,1592752.0,117966831.1,0.735,0.748,0.731,0.735,2.31,6.39,1.2,-26.08,916163.0,676589.0,3895710.0,3.3,-18779441.0,-15.92,22675151.0,19.22,-983642.0,-0.83,-2912068.0,-2.47,11167.0,0.745,0.746,2493077408.0,1859835746,1859835746,2026-08-27,2026-08-27 15:34:36+08:00
159876,有色ETF华宝,1.02,1.0188,-0.12,0.015,1.49,800798.0,81199624.1,1.003,1.025,0.996,1.005,2.89,4.65,1.01,17.54,578249.0,222549.0,4883813.0,6.01,-21214303.0,-26.13,26098116.0,32.14,-3266681.0,-4.02,-1617132.0,-1.99,2604.0,1.019,1.02,1723177024.0,1757640564,1757640564,2026-08-27,2026-08-27 15:34:48+08:00
159991,创业板大盘ETF招商,0.823,0.8252,0.27,0.012,1.48,35924.0,2943608.4,0.811,0.824,0.811,0.811,1.6,3.5,0.72,32.1,18619.0,17305.0,522390.0,17.75,377440.0,12.82,144950.0,4.92,-341421.0,-11.6,-180969.0,-6.15,356.0,0.822,0.823,102663172.0,84491791,84491791,2026-08-27,2026-08-27 15:34:03+08:00
562340,中证500成长ETF银华,1.443,1.4469,0.27,0.021,1.48,1951.0,279585.0,1.427,1.443,1.427,1.422,1.13,2.4,1.44,10.64,1939.0,12.0,-274835.0,-98.3,0.0,0.0,-274835.0,-98.3,266250.0,95.23,8586.0,3.07,2.0,1.444,1.448,8144300.0,11752225,11752225,2026-08-27,2026-08-27 16:11:56+08:00
159371,创业板50ETF富国,1.717,1.7181,0.06,0.025,1.48,36385.0,6214872.928,1.7,1.718,1.692,1.692,1.54,2.0,0.7,17.07,15789.0,20596.0,677881.0,10.91,163815.0,2.64,514066.0,8.27,-167401.0,-2.69,-510478.0,-8.21,213.0,1.716,1.717,182221172.0,312873752,312873752,2026-08-27,2026-08-27 15:34:30+08:00
159377,创业板医药ETF国泰,1.027,1.0254,-0.16,0.015,1.48,234999.0,23835979.8,1.001,1.027,1.001,1.012,2.57,18.2,0.46,0.53,108495.0,126504.0,234712.0,0.98,1072645.0,4.5,-837933.0,-3.52,-14146.0,-0.06,-220567.0,-0.93,-1493.0,1.027,1.028,129129399.0,132615893,132615893,2026-08-27,2026-08-27 15:34:48+08:00
159964,创业板ETF平安,2.281,2.2842,0.14,0.033,1.47,15109.0,3424798.4,2.24,2.284,2.24,2.248,1.96,0.92,0.57,-14.76,7286.0,7823.0,-34419.0,-1.0,40604.0,1.19,-75023.0,-2.19,133221.0,3.89,-98802.0,-2.88,-60.0,2.281,2.284,163481881.0,372902171,372902171,2026-08-27,2026-08-27 15:34:33+08:00
159912,深300ETF汇添富,1.937,1.94,0.15,0.028,1.47,5475.0,1053621.2,1.911,1.937,1.909,1.909,1.47,0.83,0.67,45.64,3543.0,1932.0,368330.0,34.96,0.0,0.0,368330.0,34.96,-200413.0,-19.02,-167918.0,-15.94,-10.0,1.937,1.939,65948991.0,127743196,127743196,2026-08-27,2026-08-27 15:34:57+08:00
159577,美国50ETF汇添富,1.655,1.5548,-6.44,0.024,1.47,588493.0,97140530.5,1.64,1.658,1.64,1.631,1.1,7.3,1.51,-33.67,311046.0,277447.0,598068.0,0.62,-11387834.0,-11.72,11985902.0,12.34,66372.0,0.07,-664439.0,-0.68,4028.0,1.654,1.655,805665792.0,1333376886,1333376886,2026-08-27,2026-08-27 15:34:06+08:00
159565,汽车零部件ETF易方达,1.317,1.3162,-0.06,0.019,1.46,203538.0,26589482.2,1.3,1.317,1.292,1.298,1.93,14.79,1.03,12.92,111298.0,92240.0,1309770.0,4.93,81723.0,0.31,1228047.0,4.62,-1146224.0,-4.31,-163546.0,-0.62,-305.0,1.317,1.318,137627231.0,181255063,181255063,2026-08-27,2026-08-27 15:34:51+08:00
159773,创业板科技ETF华泰柏瑞,1.319,1.3198,0.06,0.019,1.46,57073.0,7465778.7,1.308,1.319,1.293,1.3,2.0,3.14,0.4,2.56,31014.0,26059.0,613468.0,8.22,192851.0,2.58,420617.0,5.63,-502981.0,-6.74,-110486.0,-1.48,294.0,1.318,1.319,181903120.0,239930215,239930215,2026-08-27,2026-08-27 15:34:06+08:00
516810,农业ETF华夏,0.768,0.7678,-0.03,0.011,1.45,1108036.0,84493569.0,0.757,0.77,0.753,0.757,2.25,20.69,1.03,-0.31,538599.0,569437.0,1502900.0,1.78,1300524.0,1.54,202376.0,0.24,-920280.0,-1.09,-582619.0,-0.69,-1107.0,0.767,0.768,535478896.0,411247792,411247792,2026-08-27,2026-08-27 16:11:53+08:00
516520,智能驾驶ETF华泰柏瑞,1.054,1.0548,0.08,0.015,1.44,414275.0,43179946.0,1.04,1.055,1.034,1.039,2.02,5.14,1.38,-16.43,242168.0,172107.0,18448287.0,42.72,8513112.0,19.72,9935175.0,23.01,-789943.0,-1.83,-17658345.0,-40.89,-2818.0,1.053,1.054,805765504.0,849276841,849276841,2026-08-27,2026-08-27 16:12:01+08:00
562900,农业ETF易方达,0.705,0.7052,0.03,0.01,1.44,219040.0,15314987.0,0.695,0.708,0.692,0.695,2.3,9.18,1.1,-7.49,101459.0,117581.0,2123420.0,13.86,962588.0,6.29,1160832.0,7.58,-1162707.0,-7.59,-960713.0,-6.27,-1283.0,0.705,0.706,238706300.0,168287942,168287942,2026-08-27,2026-08-27 16:11:44+08:00
159257,航空ETF汇添富,0.846,0.8466,0.07,0.012,1.44,72950.0,6137482.8,0.834,0.847,0.831,0.834,1.92,4.88,0.92,-62.63,42173.0,30777.0,-49377.0,-0.8,0.0,0.0,-49377.0,-0.8,122533.0,2.0,-73157.0,-1.19,43.0,0.845,0.846,149416949.0,126406739,126406739,2026-08-27,2026-08-27 15:34:57+08:00
159949,创业板50ETF华安,1.635,1.6335,-0.09,0.023,1.43,8779280.0,1426128385.179,1.62,1.637,1.608,1.612,1.8,5.86,0.89,-3.3,4517028.0,4262252.0,-42419984.0,-2.97,-16827520.0,-1.18,-25592464.0,-1.79,27629273.0,1.94,14790717.0,1.04,95232.0,1.634,1.635,14976785152.0,24487043724,24487043724,2026-08-27,2026-08-27 15:34:45+08:00
159553,中证2000增强ETF海富通,1.844,1.8434,-0.03,0.026,1.43,5624.0,1028972.4,1.814,1.844,1.809,1.818,1.93,3.67,1.44,71.6,2740.0,2884.0,94338.0,9.17,0.0,0.0,94338.0,9.17,-259922.0,-25.26,165584.0,16.09,-356.0,1.844,1.845,15326751.0,28262529,28262529,2026-08-27,2026-08-27 15:34:12+08:00
159523,沪深300成长ETF华夏,1.273,1.2757,0.21,0.018,1.43,56820.0,7192336.8,1.261,1.273,1.256,1.255,1.35,8.17,0.93,-9.09,20419.0,36401.0,-691399.0,-9.61,34190.0,0.48,-725589.0,-10.09,836934.0,11.64,-145535.0,-2.02,1.0,1.27,1.273,69517348.0,88495584,88495584,2026-08-27,2026-08-27 15:34:39+08:00
563630,A500增强ETF国联安,1.285,1.283,-0.16,0.018,1.42,31619.0,4038741.0,1.266,1.285,1.265,1.267,1.58,8.33,1.06,3.17,25509.0,6110.0,87060.0,2.16,1722866.0,42.66,-1635806.0,-40.5,26380.0,0.65,-113441.0,-2.81,-569.0,1.285,1.286,37947100.0,48762024,48762024,2026-08-27,2026-08-27 16:11:53+08:00
562700,汽车零部件ETF华夏,1.217,1.216,-0.08,0.017,1.42,130460.0,15754254.0,1.198,1.217,1.195,1.2,1.83,12.7,0.69,-0.11,66264.0,64196.0,675745.0,4.29,-605579.0,-3.84,1281324.0,8.13,-414784.0,-2.63,-260962.0,-1.66,-1236.0,1.215,1.217,102750000.0,125046750,125046750,2026-08-27,2026-08-27 16:11:53+08:00
512970,大湾区ETF平安,1.501,1.4991,-0.13,0.021,1.42,12662.0,1892634.0,1.477,1.505,1.467,1.48,2.57,21.15,4.45,48.0,7002.0,5660.0,-16732.0,-0.88,645506.0,34.11,-662238.0,-34.99,43253.0,2.29,-26521.0,-1.4,11.0,1.501,1.505,5987600.0,8987388,8987388,2026-08-27,2026-08-27 16:11:52+08:00
159871,有色ETF银华,1.0,0.9979,-0.21,0.014,1.42,407590.0,40475824.3,0.976,1.004,0.974,0.986,3.04,3.52,0.91,-40.09,232414.0,175176.0,6643725.0,16.41,1429620.0,3.53,5214105.0,12.88,-4557559.0,-11.26,-2086166.0,-5.15,-5634.0,1.0,1.001,1156732512.0,1156732512,1156732512,2026-08-27,2026-08-27 15:34:09+08:00
159517,中证800增强ETF银华,1.366,1.3661,0.01,0.019,1.41,23441.0,3179994.4,1.348,1.366,1.347,1.347,1.41,26.81,0.66,0.6,13702.0,9739.0,186623.0,5.87,0.0,0.0,186623.0,5.87,-145125.0,-4.56,-41497.0,-1.3,770.0,1.364,1.368,8742624.0,11942424,11942424,2026-08-27,2026-08-27 15:34:33+08:00
560990,科技先锋ETF中金,1.151,1.1507,-0.03,0.016,1.41,7656.0,877956.0,1.138,1.151,1.138,1.135,1.15,4.73,0.89,8.28,4981.0,2675.0,77709.0,8.85,0.0,0.0,77709.0,8.85,-80034.0,-9.12,2325.0,0.26,27.0,1.148,1.151,16187100.0,18631352,18631352,2026-08-27,2026-08-27 16:11:49+08:00
560860,工业有色ETF万家,1.668,1.668,0.0,0.023,1.4,1659007.0,274840463.0,1.623,1.673,1.623,1.645,3.04,3.12,0.64,-53.37,923285.0,735722.0,-11689145.0,-4.25,-4357475.0,-1.59,-7331670.0,-2.67,-7138517.0,-2.6,18827662.0,6.85,-11913.0,1.668,1.669,5319233024.0,8872480684,8872480684,2026-08-27,2026-08-27 16:11:49+08:00
512950,央企改革ETF华夏,1.519,1.5195,0.03,0.021,1.4,70916.0,10736512.0,1.504,1.521,1.5,1.498,1.4,0.18,0.87,58.83,38210.0,32706.0,560428.0,5.22,106207.0,0.99,454221.0,4.23,-190053.0,-1.77,-370374.0,-3.45,-17.0,1.517,1.519,4042551008.0,6140634981,6140634981,2026-08-27,2026-08-27 16:11:59+08:00
563800,A500ETF广发,1.229,1.2275,-0.12,0.017,1.4,3215984.0,392422759.0,1.214,1.231,1.211,1.212,1.65,3.57,1.01,33.42,1600028.0,1615956.0,5926077.0,1.51,5433006.0,1.38,493071.0,0.13,-6031813.0,-1.54,105736.0,0.03,-808.0,1.227,1.229,9001978112.0,11063431100,11063431100,2026-08-27,2026-08-27 16:11:38+08:00
159681,创业板50ETF鹏华,1.609,1.6103,0.08,0.022,1.39,310943.0,49746111.7,1.594,1.611,1.585,1.587,1.64,2.97,0.64,-24.7,156463.0,154480.0,-4262345.0,-8.57,-647863.0,-1.3,-3614482.0,-7.27,3010976.0,6.05,1251370.0,2.52,1313.0,1.608,1.609,1045772336.0,1682647689,1682647689,2026-08-27,2026-08-27 15:34:18+08:00
515040,工业有色ETF华夏,1.096,1.0965,0.05,0.015,1.39,55750.0,6075657.0,1.077,1.097,1.07,1.081,2.5,9.56,0.85,-6.76,35524.0,20226.0,1272439.0,20.94,415839.0,6.84,856600.0,14.1,-873192.0,-14.37,-399247.0,-6.57,-217.0,1.096,1.097,58319600.0,63918282,63918282,2026-08-27,2026-08-27 16:11:42+08:00
561400,畜牧养殖ETF鑫元,1.018,1.0188,0.08,0.014,1.39,77387.0,7828350.0,1.014,1.02,0.999,1.004,2.09,13.94,2.33,-32.2,47810.0,29576.0,970178.0,12.39,1530241.0,19.55,-560063.0,-7.15,-768200.0,-9.81,-201980.0,-2.58,-600.0,1.017,1.018,55519000.0,56518342,56518342,2026-08-27,2026-08-27 16:11:52+08:00
560300,电信ETF汇添富,2.283,2.2871,0.18,0.031,1.38,2142.0,487644.0,2.29,2.29,2.252,2.252,1.69,0.8,0.21,7.49,1547.0,595.0,186816.0,38.31,11681.0,2.4,175135.0,35.91,-193514.0,-39.68,6698.0,1.37,-1.0,2.282,2.288,26803400.0,61192162,61192162,2026-08-27,2026-08-27 16:11:36+08:00
517360,沪港深科技ETF华安,0.955,0.9563,0.14,0.013,1.38,36704.0,3478590.0,0.945,0.955,0.943,0.942,1.27,13.81,17.16,-4.36,24065.0,12639.0,-157627.0,-4.53,1172800.0,33.71,-1330427.0,-38.25,150563.0,4.33,7065.0,0.2,-100.0,0.954,0.955,26583000.0,25386765,25386765,2026-08-27,2026-08-27 16:11:40+08:00
159881,有色金属ETF国泰,0.955,0.9554,0.04,0.013,1.38,249837.0,23738790.8,0.934,0.959,0.933,0.942,2.76,12.34,1.26,-51.14,127962.0,121875.0,1118184.0,4.71,200167.0,0.84,918017.0,3.87,-528019.0,-2.22,-590164.0,-2.49,422.0,0.954,0.955,202499166.0,193386704,193386704,2026-08-27,2026-08-27 15:34:57+08:00
159943,深证成指ETF大成,1.552,1.5552,0.21,0.021,1.37,179743.0,27712338.54,1.532,1.552,1.527,1.531,1.63,9.11,0.78,-9.63,116634.0,63109.0,1637210.0,5.91,10091.0,0.04,1627119.0,5.87,141660.0,0.51,-1778870.0,-6.42,-2509.0,1.552,1.553,197229922.0,306100839,306100839,2026-08-27,2026-08-27 15:34:39+08:00
159889,智能汽车ETF国泰,0.887,0.8855,-0.17,0.012,1.37,8363.0,735580.1,0.874,0.888,0.874,0.875,1.6,3.05,0.53,76.89,5741.0,2622.0,3355.0,0.46,-8917.0,-1.21,12272.0,1.67,22850.0,3.11,-26206.0,-3.56,-35.0,0.887,0.888,27400796.0,24304506,24304506,2026-08-27,2026-08-27 15:34:03+08:00
560870,工业有色ETF中银,0.959,0.9587,-0.03,0.013,1.37,78274.0,7442090.0,0.941,0.959,0.937,0.946,2.33,8.38,0.83,-0.15,36823.0,41451.0,8476.0,0.11,0.0,0.0,8476.0,0.11,52157.0,0.7,-60633.0,-0.81,-52.0,0.958,0.959,93351900.0,89524472,89524472,2026-08-27,2026-08-27 16:11:44+08:00
561360,石油ETF国泰,1.483,1.4829,-0.01,0.02,1.37,305968.0,44964263.0,1.452,1.485,1.452,1.463,2.26,2.32,0.63,39.17,173056.0,132912.0,-539547.0,-1.2,-1253216.0,-2.79,713669.0,1.59,-72875.0,-0.16,612423.0,1.36,-772.0,1.482,1.483,1321148000.0,1959262484,1959262484,2026-08-27,2026-08-27 16:11:38+08:00
159041,农业ETF鹏华,1.034,1.0381,0.39,0.014,1.37,142288.0,14647854.529,1.019,1.036,1.005,1.02,3.04,21.09,5.05,-77.87,110980.0,31308.0,1864903.0,12.73,2119130.0,14.47,-254227.0,-1.74,-1449523.0,-9.9,-415380.0,-2.84,258.0,1.033,1.034,67471832.0,69765874,69765874,2026-08-27,2026-08-27 15:34:42+08:00
513850,美国50ETF易方达,1.847,1.7305,-6.73,0.025,1.37,643999.0,118741302.0,1.835,1.853,1.831,1.822,1.21,5.2,1.84,-43.68,348922.0,295077.0,11760470.0,9.9,-1581360.0,-1.33,13341830.0,11.24,-9955582.0,-8.38,-1804888.0,-1.52,-10144.0,1.846,1.847,1237892608.0,2286387647,2286387647,2026-08-27,2026-08-27 16:11:48+08:00
159383,创业板50ETF华泰柏瑞,1.71,1.7078,-0.13,0.023,1.36,42261.0,7175987.8,1.689,1.71,1.684,1.687,1.54,8.44,0.84,66.97,22949.0,19312.0,419521.0,5.85,509925.0,7.11,-90404.0,-1.26,-716525.0,-9.99,297002.0,4.14,303.0,1.709,1.71,50092486.0,85658151,85658151,2026-08-27,2026-08-27 15:34:09+08:00
159959,央企ETF银华,1.645,1.6456,0.04,0.022,1.36,2473.0,404302.2,1.626,1.646,1.625,1.623,1.29,0.01,1.32,45.02,1392.0,1081.0,262891.0,65.02,143132.0,35.4,119759.0,29.62,-209494.0,-51.82,-53398.0,-13.21,-6.0,1.637,1.646,1826891776.0,3005236972,3005236972,2026-08-27,2026-08-27 15:34:48+08:00
510760,上证指数ETF国泰,1.346,1.3432,-0.21,0.018,1.36,1970172.0,263353620.0,1.328,1.346,1.327,1.328,1.43,5.84,1.14,7.32,1149376.0,820796.0,36570864.0,13.89,78989761.0,29.99,-42418897.0,-16.11,-18369560.0,-6.98,-18201305.0,-6.91,-28140.0,1.345,1.346,3374503696.0,4542081975,4542081975,2026-08-27,2026-08-27 16:11:40+08:00
512450,畜牧养殖ETF广发,0.904,0.9047,0.08,0.012,1.35,33041.0,2974026.0,0.888,0.906,0.887,0.892,2.13,3.01,1.16,-3.64,18241.0,14800.0,711127.0,23.91,452000.0,15.2,259127.0,8.71,-405765.0,-13.64,-305362.0,-10.27,-234.0,0.904,0.905,109867000.0,99319768,99319768,2026-08-27,2026-08-27 16:11:57+08:00
159902,中小100ETF华夏,4.638,4.6348,-0.07,0.062,1.35,9415.0,4337354.2,4.585,4.638,4.565,4.576,1.6,1.24,0.44,25.12,5455.0,3960.0,126644.0,2.92,5047.0,0.12,121597.0,2.8,-10688.0,-0.25,-115957.0,-2.67,1.0,4.635,4.638,75960849.0,352306418,352306418,2026-08-27,2026-08-27 15:34:33+08:00
159298,创业板50ETF大成,1.214,1.2171,0.25,0.016,1.34,43367.0,5234739.0,1.2,1.215,1.196,1.198,1.59,2.74,0.8,26.37,22645.0,20722.0,791885.0,15.13,-333390.0,-6.37,1125275.0,21.5,-582251.0,-11.12,-209634.0,-4.0,-233.0,1.214,1.215,158281082.0,192153234,192153234,2026-08-27,2026-08-27 15:34:57+08:00
159168,有色ETF富国,0.906,0.9059,-0.01,0.012,1.34,404545.0,36374164.412,0.884,0.907,0.882,0.894,2.8,7.57,1.13,-23.81,236365.0,168180.0,5154651.0,14.17,6438666.0,17.7,-1284015.0,-3.53,-2887443.0,-7.94,-2267209.0,-6.23,1341.0,0.905,0.906,534455056.0,484216281,484216281,2026-08-27,2026-08-27 15:34:09+08:00
563090,上证50增强ETF易方达,1.432,1.4345,0.17,0.019,1.34,39048.0,5553717.0,1.414,1.433,1.414,1.413,1.34,6.87,1.43,11.4,23579.0,15469.0,765633.0,13.79,1193662.0,21.49,-428029.0,-7.71,-525332.0,-9.46,-240300.0,-4.33,-146.0,1.432,1.433,56848000.0,81406336,81406336,2026-08-27,2026-08-27 16:11:44+08:00
512620,农业ETF天弘,0.907,0.9082,0.13,0.012,1.34,106803.0,9598857.0,0.894,0.91,0.891,0.895,2.12,0.75,1.02,-2.8,56934.0,49869.0,1481386.0,15.43,564181.0,5.88,917205.0,9.56,-845565.0,-8.81,-635821.0,-6.62,-180.0,0.907,0.908,1429666000.0,1296707062,1296707062,2026-08-27,2026-08-27 16:11:37+08:00
560490,工业有色ETF华泰柏瑞,0.992,0.9927,0.07,0.013,1.33,93028.0,9180910.0,0.97,0.993,0.97,0.979,2.35,8.34,0.73,-21.06,53394.0,39634.0,294308.0,3.21,1843000.0,20.07,-1548692.0,-16.87,87463.0,0.95,-381771.0,-4.16,-136.0,0.991,0.992,111482000.0,110590144,110590144,2026-08-27,2026-08-27 16:11:51+08:00
159027,畜牧养殖ETF大成,0.914,0.9154,0.15,0.012,1.33,26449.0,2402042.132,0.902,0.917,0.898,0.902,2.11,2.31,0.49,-70.03,13251.0,13198.0,192741.0,8.02,-252658.0,-10.52,445399.0,18.54,-58773.0,-2.45,-133967.0,-5.58,1.0,0.912,0.914,114472283.0,104627667,104627667,2026-08-27,2026-08-27 15:34:48+08:00
159039,机器人ETF华安,0.836,0.8372,0.14,0.011,1.33,392313.0,32632131.394,0.821,0.838,0.82,0.825,2.18,4.11,0.8,-57.45,273221.0,119092.0,-2162718.0,-6.63,-5187625.0,-15.9,3024907.0,9.27,3430593.0,10.51,-1267876.0,-3.89,-691.0,0.836,0.837,954461424.0,797929750,797929750,2026-08-27,2026-08-27 15:34:36+08:00
513870,纳指ETF富国,2.079,1.8815,-10.5,0.027,1.32,426016.0,88429180.0,2.072,2.081,2.066,2.052,0.73,3.11,1.12,4.36,227772.0,198244.0,8234681.0,9.31,5246556.0,5.93,2988125.0,3.38,-5310852.0,-6.01,-2923829.0,-3.31,-4998.0,2.079,2.08,1370671008.0,2849625026,2849625026,2026-08-27,2026-08-27 16:11:54+08:00
159020,养殖ETF易方达,0.92,0.9206,0.07,0.012,1.32,129204.0,11757839.613,0.906,0.923,0.902,0.908,2.31,9.6,2.32,-33.44,52213.0,76991.0,980649.0,8.34,1131115.0,9.62,-150466.0,-1.28,-627791.0,-5.34,-352858.0,-3.0,105.0,0.919,0.92,134567082.0,123801715,123801715,2026-08-27,2026-08-27 15:34:24+08:00
159378,通用航空ETF永赢,1.008,1.0094,0.14,0.013,1.31,175221.0,17514516.5,0.996,1.01,0.988,0.995,2.21,3.13,0.86,30.83,101443.0,73778.0,1607531.0,9.18,0.0,0.0,1607531.0,9.18,-929533.0,-5.31,-677998.0,-3.87,-146.0,1.008,1.009,559771072.0,564249241,564249241,2026-08-27,2026-08-27 15:34:33+08:00
561090,A500增强ETF华安,1.243,1.2421,-0.07,0.016,1.3,52730.0,6505334.0,1.239,1.244,1.226,1.227,1.47,2.48,0.53,16.26,26187.0,26543.0,571359.0,8.78,1528704.0,23.5,-957345.0,-14.72,-347428.0,-5.34,-223931.0,-3.44,9.0,1.241,1.244,212974000.0,264726682,264726682,2026-08-27,2026-08-27 16:11:32+08:00
159322,黄金股ETF平安,1.81,1.8019,-0.45,0.023,1.29,190178.0,34395987.6,1.786,1.84,1.77,1.787,3.92,15.66,0.92,24.53,133712.0,56466.0,1030720.0,3.0,-1019238.0,-2.96,2049958.0,5.96,-17099.0,-0.05,-1013621.0,-2.95,1280.0,1.809,1.81,121411691.0,219755161,219755161,2026-08-27,2026-08-27 15:34:39+08:00
159528,国企改革ETF富国,1.257,1.2578,0.06,0.016,1.29,771.0,96446.4,1.243,1.257,1.242,1.241,1.21,1.05,0.36,7.92,451.0,320.0,43064.0,44.65,0.0,0.0,43064.0,44.65,-25243.0,-26.17,-17821.0,-18.48,2.0,1.256,1.258,7320773.0,9202212,9202212,2026-08-27,2026-08-27 15:34:09+08:00
159367,创业板50ETF华夏,1.724,1.7242,0.01,0.022,1.29,83418.0,14292708.4,1.706,1.725,1.698,1.702,1.59,4.85,0.83,53.0,44968.0,38450.0,-480386.0,-3.36,-48529.0,-0.34,-431857.0,-3.02,735301.0,5.14,-254915.0,-1.78,-833.0,1.724,1.725,172079029.0,296664246,296664246,2026-08-27,2026-08-27 15:34:03+08:00
515810,中证800ETF易方达,1.727,1.7261,-0.05,0.022,1.29,42443.0,7282133.0,1.699,1.729,1.699,1.705,1.76,1.57,0.75,3.71,21006.0,21437.0,412995.0,5.67,3505151.0,48.13,-3092156.0,-42.46,-282891.0,-3.88,-130106.0,-1.79,-4.0,1.723,1.73,269908800.0,466132498,466132498,2026-08-27,2026-08-27 16:11:47+08:00
561890,A股ETF易方达,1.021,1.0227,0.17,0.013,1.29,24018.0,2443138.0,1.006,1.021,1.006,1.008,1.49,5.21,0.8,-9.8,16293.0,7725.0,526641.0,21.56,0.0,0.0,526641.0,21.56,-283420.0,-11.6,-243222.0,-9.96,-935.0,1.018,1.021,46112600.0,47080965,47080965,2026-08-27,2026-08-27 16:11:49+08:00
159321,黄金股ETF华安,1.728,1.7221,-0.34,0.022,1.29,491267.0,84707377.2,1.686,1.751,1.681,1.706,4.1,12.47,0.78,66.07,278475.0,212792.0,5368209.0,6.34,4506467.0,5.32,861742.0,1.02,-514671.0,-0.61,-4853538.0,-5.73,-1777.0,1.728,1.729,393900400.0,680659891,680659891,2026-08-27,2026-08-27 15:34:03+08:00
159513,纳斯达克100ETF大成,1.813,1.6509,-9.82,0.023,1.28,1096714.0,198569512.434,1.804,1.815,1.803,1.79,0.67,2.42,1.01,11.11,604783.0,491931.0,12828872.0,6.46,10837687.0,5.46,1991185.0,1.0,-7785588.0,-3.92,-5043285.0,-2.54,13916.0,1.812,1.813,4537549056.0,8226576439,8226576439,2026-08-27,2026-08-27 15:34:30+08:00
517660,物联网ETF天弘,1.268,1.2718,0.3,0.016,1.28,4064.0,512309.0,1.257,1.268,1.257,1.252,0.88,1.02,0.76,-0.25,2010.0,2054.0,3.0,0.0,0.0,0.0,3.0,0.0,0.0,0.0,-3.0,0.0,-46.0,1.266,1.268,39880700.0,50568728,50568728,2026-08-27,2026-08-27 16:11:52+08:00
159682,创业板50ETF景顺,1.588,1.5898,0.11,0.02,1.28,1375878.0,217499123.4,1.575,1.592,1.565,1.568,1.72,4.15,0.78,-42.85,571002.0,804876.0,33629487.0,15.46,46777581.0,21.51,-13148094.0,-6.05,-21843618.0,-10.04,-11785868.0,-5.42,-4993.0,1.588,1.589,3319307664.0,5271060570,5271060570,2026-08-27,2026-08-27 15:34:54+08:00
561990,沪深300增强ETF招商,1.031,1.032,0.1,0.013,1.28,367134.0,37721002.0,1.023,1.035,1.018,1.018,1.67,11.27,2.2,-11.23,199091.0,168043.0,347853.0,0.92,6850447.0,18.16,-6502594.0,-17.24,68640.0,0.18,-416493.0,-1.1,-807.0,1.03,1.031,325649200.0,335744325,335744325,2026-08-27,2026-08-27 16:11:44+08:00
159286,港股通创新药ETF鹏华,0.79,0.7938,0.48,0.01,1.28,1241639.0,97228532.945,0.786,0.79,0.774,0.78,2.05,17.13,0.84,-73.39,657937.0,583702.0,6802479.0,7.0,11031983.0,11.35,-4229504.0,-4.35,-7054437.0,-7.26,251958.0,0.26,2747.0,0.789,0.79,724785408.0,572580472,572580472,2026-08-27,2026-08-27 15:34:57+08:00
512940,有色ETF华安,0.875,0.8754,0.05,0.011,1.27,598736.0,52179316.0,0.86,0.88,0.854,0.864,3.01,2.78,0.94,-8.04,314992.0,283744.0,3797548.0,7.28,3576514.0,6.85,221034.0,0.42,-2405624.0,-4.61,-1391924.0,-2.67,-701.0,0.875,0.876,2152705008.0,1883616882,1883616882,2026-08-27,2026-08-27 16:11:40+08:00
561470,畜牧养殖ETF天弘,1.037,1.0383,0.13,0.013,1.27,68506.0,7090230.0,1.024,1.04,1.02,1.024,1.95,13.72,2.31,-9.64,44282.0,24224.0,391206.0,5.52,1396473.0,19.7,-1005267.0,-14.18,-313627.0,-4.42,-77581.0,-1.09,-214.0,1.037,1.041,49936000.0,51783632,51783632,2026-08-27,2026-08-27 16:11:51+08:00
159632,纳斯达克ETF华安,2.468,2.2441,-9.98,0.031,1.27,1225763.0,302162628.52,2.458,2.471,2.457,2.437,0.57,2.46,1.1,-10.88,645636.0,580127.0,23661068.0,7.83,31465672.0,10.41,-7804604.0,-2.58,-15617178.0,-5.17,-8043889.0,-2.66,-26501.0,2.468,2.469,4974720768.0,12277610855,12277610855,2026-08-27,2026-08-27 15:34:24+08:00
520880,港股通创新药ETF华宝,0.479,0.4802,0.25,0.006,1.27,8285926.0,393400341.0,0.477,0.479,0.469,0.473,2.11,18.07,0.73,-42.03,4529826.0,3756100.0,12851518.0,3.27,34181475.0,8.69,-21329957.0,-5.42,-10934960.0,-2.78,-1916558.0,-0.49,-20058.0,0.478,0.479,4585617920.0,2196510984,2196510984,2026-08-27,2026-08-27 16:12:00+08:00
159795,智能汽车ETF汇添富,0.875,0.8756,0.07,0.011,1.27,7230.0,629450.1,0.865,0.876,0.862,0.864,1.62,2.57,0.34,32.89,4890.0,2340.0,34004.0,5.4,0.0,0.0,34004.0,5.4,37470.0,5.95,-71474.0,-11.35,15.0,0.874,0.875,28169473.0,24648289,24648289,2026-08-27,2026-08-27 15:34:24+08:00
159570,港股通创新药ETF汇添富,1.528,1.5337,0.37,0.019,1.26,13840386.0,2093665461.836,1.523,1.528,1.494,1.509,2.25,8.53,0.79,-3.72,7362386.0,6478000.0,42098912.0,2.01,49921008.0,2.38,-7822096.0,-0.37,-36090176.0,-1.72,-6008758.0,-0.29,-111873.0,1.528,1.529,16227597056.0,24795768302,24795768302,2026-08-27,2026-08-27 15:34:39+08:00
159616,农牧ETF建信,0.804,0.8045,0.06,0.01,1.26,182219.0,14473784.7,0.794,0.805,0.791,0.794,1.76,26.58,1.0,24.09,97117.0,85102.0,154984.0,1.07,0.0,0.0,154984.0,1.07,-68455.0,-0.47,-86531.0,-0.6,200.0,0.803,0.804,68561112.0,55123134,55123134,2026-08-27,2026-08-27 15:34:00+08:00
516650,有色金属ETF华夏,1.923,1.9213,-0.09,0.024,1.26,1201753.0,229780804.0,1.875,1.934,1.875,1.899,3.11,2.29,1.03,-29.68,635463.0,566290.0,1938502.0,0.84,11384094.0,4.95,-9445592.0,-4.11,3615468.0,1.57,-5553970.0,-2.42,-3503.0,1.923,1.924,5244464896.0,10085105995,10085105995,2026-08-27,2026-08-27 16:11:38+08:00
159652,有色ETF汇添富,1.702,1.7004,-0.09,0.021,1.25,964400.0,163113155.173,1.665,1.71,1.663,1.681,2.8,5.43,0.89,-14.22,497530.0,466870.0,11267056.0,6.91,3165306.0,1.94,8101750.0,4.97,-4602483.0,-2.82,-6664574.0,-4.09,3427.0,1.701,1.702,1777320288.0,3024999130,3024999130,2026-08-27,2026-08-27 15:34:36+08:00
159316,港股通创新药ETF易方达,1.212,1.2181,0.5,0.015,1.25,7001120.0,841245029.848,1.206,1.214,1.188,1.197,2.17,12.96,0.8,-10.63,3550369.0,3450751.0,14052168.0,1.67,17054536.0,2.03,-3002368.0,-0.36,-9737190.0,-1.16,-4314977.0,-0.51,-25100.0,1.212,1.213,5403336192.0,6548843465,6548843465,2026-08-27,2026-08-27 15:34:39+08:00
159007,养殖ETF华泰柏瑞,0.888,0.8893,0.15,0.011,1.25,163937.0,14441216.596,0.876,0.89,0.872,0.877,2.05,8.6,0.96,-36.48,88309.0,75628.0,-21990.0,-0.15,-150293.0,-1.04,128303.0,0.89,327451.0,2.27,-305462.0,-2.12,-1.0,0.888,0.889,190603274.0,169255707,169255707,2026-08-27,2026-08-27 15:34:30+08:00
526030,港股通信息技术ETF汇添富,0.888,0.8894,0.16,0.011,1.25,529169.0,47033731.0,0.899,0.9,0.881,0.877,2.17,34.94,1.93,-21.14,251300.0,277869.0,431416.0,0.92,-1744443.0,-3.71,2175859.0,4.63,-779425.0,-1.66,348010.0,0.74,-2569.0,0.887,0.888,151465000.0,134500920,134500920,2026-08-27,2026-08-27 16:11:56+08:00
159240,A500增强ETF天弘,1.302,1.3025,0.04,0.016,1.24,5356.0,695004.8,1.287,1.303,1.287,1.286,1.24,2.6,0.6,-18.2,3152.0,2204.0,294686.0,42.4,0.0,0.0,294686.0,42.4,-239977.0,-34.53,-54708.0,-7.87,-10.0,1.3,1.302,20619776.0,26846948,26846948,2026-08-27,2026-08-27 15:34:48+08:00
159231,通用航空ETF华宝,0.489,0.4891,0.02,0.006,1.24,111088.0,5397444.4,0.483,0.49,0.48,0.483,2.07,3.26,0.8,-40.75,70421.0,40667.0,531368.0,9.84,387790.0,7.18,143578.0,2.66,-396702.0,-7.35,-134668.0,-2.5,379.0,0.488,0.489,341091856.0,166793918,166793918,2026-08-27,2026-08-27 15:34:27+08:00
159011,养殖ETF华安,1.065,1.0672,0.21,0.013,1.24,56356.0,5963234.3,1.052,1.068,1.048,1.052,1.9,19.77,1.59,-93.34,31238.0,25118.0,101677.0,1.71,-852000.0,-14.29,953677.0,15.99,-59279.0,-0.99,-42397.0,-0.71,-25.0,1.065,1.069,28505168.0,30358004,30358004,2026-08-27,2026-08-27 15:34:27+08:00
562310,沪深300成长ETF银华,1.073,1.0725,-0.05,0.013,1.23,129237.0,13811839.0,1.06,1.074,1.059,1.06,1.42,2.89,0.91,8.65,70723.0,58514.0,1228672.0,8.9,1444803.0,10.46,-216131.0,-1.56,-914850.0,-6.62,-313822.0,-2.27,-500.0,1.071,1.073,446572304.0,479172082,479172082,2026-08-27,2026-08-27 16:11:37+08:00
159339,A500ETF银华,1.239,1.2387,-0.02,0.015,1.23,430468.0,53030671.28,1.222,1.239,1.222,1.224,1.39,2.18,0.8,85.64,280725.0,149743.0,1256022.0,2.37,-1751653.0,-3.3,3007675.0,5.67,-522535.0,-0.99,-733487.0,-1.38,-2375.0,1.239,1.24,1976086848.0,2448371605,2448371605,2026-08-27,2026-08-27 15:34:51+08:00
159369,创业板50ETF易方达,1.399,1.3997,0.05,0.017,1.23,267808.0,37285766.69,1.385,1.401,1.378,1.382,1.66,6.92,1.05,-57.88,138037.0,129771.0,-823586.0,-2.21,1412645.0,3.79,-2236231.0,-6.0,1370933.0,3.68,-547348.0,-1.47,-4613.0,1.399,1.4,386753488.0,541068130,541068130,2026-08-27,2026-08-27 15:34:27+08:00
159362,A500ETF工银,1.318,1.316,-0.15,0.016,1.23,214618.0,28112321.7,1.305,1.318,1.301,1.302,1.31,1.33,0.54,28.61,77622.0,136996.0,1095180.0,3.9,-464969.0,-1.65,1560149.0,5.55,-1140068.0,-4.06,44888.0,0.16,-1501.0,1.318,1.319,1619180192.0,2134079493,2134079493,2026-08-27,2026-08-27 15:34:24+08:00
510910,上证指数ETF南方,0.991,0.991,0.0,0.012,1.23,322240.0,31732397.0,0.979,0.991,0.978,0.979,1.33,19.09,1.47,-0.96,201728.0,120512.0,6383768.0,20.12,6322828.0,19.93,60940.0,0.19,-3189825.0,-10.05,-3193942.0,-10.07,-4079.0,0.99,0.991,168796000.0,167276836,167276836,2026-08-27,2026-08-27 16:11:40+08:00
159249,A500增强ETF工银,1.398,1.3998,0.13,0.017,1.23,62801.0,8722053.9,1.384,1.399,1.38,1.381,1.38,5.8,0.63,54.09,25334.0,37467.0,720453.0,8.26,-110306.0,-1.26,830759.0,9.52,-632964.0,-7.26,-87488.0,-1.0,-140.0,1.398,1.399,108191923.0,151252308,151252308,2026-08-27,2026-08-27 15:34:39+08:00
159660,纳指ETF汇添富,2.384,2.1593,-10.41,0.029,1.23,640989.0,152542342.5,2.375,2.385,2.374,2.355,0.47,2.84,1.64,-64.12,322067.0,318922.0,6834687.0,4.48,1951682.0,1.28,4883005.0,3.2,-3282524.0,-2.15,-3552164.0,-2.33,6261.0,2.383,2.384,2259151360.0,5385816842,5385816842,2026-08-27,2026-08-27 15:34:54+08:00
159171,工业有色ETF博时,0.833,0.833,0.0,0.01,1.22,45465.0,3765239.5,0.824,0.834,0.815,0.823,2.31,2.09,1.09,-62.87,17162.0,28303.0,848512.0,22.54,1403572.0,37.28,-555060.0,-14.74,-567976.0,-15.08,-280536.0,-7.45,-953.0,0.833,0.834,217532934.0,181204934,181204934,2026-08-27,2026-08-27 15:34:12+08:00
517520,黄金股ETF永赢,2.247,2.2461,-0.04,0.027,1.22,4936385.0,1111847619.0,2.19,2.289,2.19,2.22,4.46,7.13,0.76,9.78,2665906.0,2270479.0,145646740.0,13.1,176781412.0,15.9,-31134672.0,-2.8,-34701759.0,-3.12,-110944978.0,-9.98,-27102.0,2.246,2.247,6925403904.0,15561382572,15561382572,2026-08-27,2026-08-27 16:11:52+08:00
513110,纳指ETF华泰柏瑞,2.495,2.2689,-9.97,0.03,1.22,774760.0,193160823.0,2.484,2.498,2.484,2.465,0.57,3.53,0.96,-28.28,434775.0,339986.0,18491645.0,9.57,11861399.0,6.14,6630246.0,3.43,-8862213.0,-4.59,-9629433.0,-4.99,-6331.0,2.495,2.496,2196435008.0,5480105345,5480105345,2026-08-27,2026-08-27 16:11:33+08:00
159172,养殖ETF汇添富,0.839,0.8404,0.17,0.01,1.21,135694.0,11289696.579,0.829,0.842,0.824,0.829,2.17,3.44,1.11,-68.61,70233.0,65461.0,1406880.0,12.46,1780276.0,15.77,-373396.0,-3.31,-715831.0,-6.34,-691051.0,-6.12,420.0,0.838,0.839,394829296.0,331261779,331261779,2026-08-27,2026-08-27 15:34:57+08:00
515770,MSCI中国A股ETF摩根,1.419,1.416,-0.21,0.017,1.21,47107.0,6662803.0,1.405,1.419,1.405,1.402,1.0,11.86,24.51,0.31,25716.0,21391.0,54291.0,0.81,1925310.0,28.9,-1871019.0,-28.08,-28320.0,-0.43,-25970.0,-0.39,2000.0,1.418,1.422,39727300.0,56373039,56373039,2026-08-27,2026-08-27 16:11:46+08:00
520710,港股通信息技术ETF广发,0.924,0.9244,0.04,0.011,1.2,442814.0,40843234.0,0.92,0.929,0.915,0.913,1.53,45.64,1.16,-20.6,217456.0,225358.0,1145770.0,2.81,1663851.0,4.07,-518081.0,-1.27,-682622.0,-1.67,-463149.0,-1.13,-792.0,0.923,0.924,97029000.0,89654796,89654796,2026-08-27,2026-08-27 16:11:57+08:00
513390,纳指100ETF博时,2.439,2.2179,-9.97,0.029,1.2,517961.0,126332801.0,2.431,2.445,2.422,2.41,0.95,2.42,0.89,23.61,253246.0,264714.0,4404630.0,3.49,4884624.0,3.87,-479994.0,-0.38,-1830642.0,-1.45,-2573989.0,-2.04,-13809.0,2.439,2.44,2138379104.0,5215506635,5215506635,2026-08-27,2026-08-27 16:11:33+08:00
159032,工业有色ETF易方达,0.924,0.9251,0.12,0.011,1.2,145931.0,13387532.805,0.903,0.927,0.899,0.913,3.07,5.7,0.69,-81.93,70717.0,75214.0,2644039.0,19.75,2961759.0,22.12,-317720.0,-2.37,-1825304.0,-13.63,-818736.0,-6.12,1126.0,0.923,0.924,255845019.0,236400798,236400798,2026-08-27,2026-08-27 15:34:45+08:00
563060,央企50ETF易方达,1.097,1.0935,-0.32,0.013,1.2,18398.0,2008559.0,1.087,1.097,1.082,1.084,1.38,0.98,0.78,9.14,11414.0,6984.0,15942.0,0.79,14959.0,0.74,983.0,0.05,0.0,0.0,-15943.0,-0.79,-9.0,1.094,1.097,188527000.0,206814119,206814119,2026-08-27,2026-08-27 16:11:50+08:00
563220,A500ETF富国,1.278,1.2792,0.09,0.015,1.19,1869345.0,237747260.0,1.263,1.279,1.263,1.263,1.27,2.79,0.97,4.28,548324.0,1321021.0,15519066.0,6.53,68030915.0,28.61,-52511849.0,-22.09,-14430421.0,-6.07,-1088644.0,-0.46,-755.0,1.278,1.279,6701013760.0,8563895585,8563895585,2026-08-27,2026-08-27 16:11:59+08:00
159352,A500ETF南方,1.277,1.2779,0.07,0.015,1.19,25706685.0,3260446844.848,1.265,1.277,1.261,1.262,1.27,9.51,0.92,-43.23,12464554.0,13242131.0,17876000.0,0.55,123610608.0,3.79,-105734608.0,-3.24,-13590211.0,-0.42,-4285786.0,-0.13,5117.0,1.276,1.277,27042101760.0,34532763948,34532763948,2026-08-27,2026-08-27 15:34:57+08:00
560470,有色ETF易方达,0.939,0.9385,-0.05,0.011,1.19,115891.0,10830782.0,0.918,0.944,0.916,0.928,3.02,3.76,0.76,-8.46,51460.0,64431.0,1183200.0,10.92,871184.0,8.04,312016.0,2.88,-489799.0,-4.52,-693403.0,-6.4,-1058.0,0.938,0.939,308340000.0,289531260,289531260,2026-08-27,2026-08-27 16:11:35+08:00
513100,纳指ETF国泰,2.229,1.976,-12.8,0.026,1.18,1274075.0,283759001.0,2.228,2.231,2.22,2.203,0.5,1.35,0.86,-14.41,679819.0,594256.0,23239180.0,8.19,35745753.0,12.6,-12506573.0,-4.41,-11760104.0,-4.14,-11479076.0,-4.05,-36423.0,2.229,2.23,9465110528.0,21097731367,21097731367,2026-08-27,2026-08-27 16:11:47+08:00
512400,有色金属ETF南方,1.967,1.9683,0.07,0.023,1.18,5907071.0,1158127566.0,1.922,1.979,1.918,1.944,3.14,4.42,0.81,-3.29,3013368.0,2893703.0,-114889456.0,-9.92,-22182224.0,-1.92,-92707232.0,-8.0,-11310848.0,-0.98,126200312.0,10.9,69434.0,1.966,1.967,13377039104.0,26312635918,26312635918,2026-08-27,2026-08-27 16:11:51+08:00
159888,智能汽车ETF华夏,1.025,1.0274,0.23,0.012,1.18,161780.0,16512470.1,1.014,1.028,1.009,1.013,1.88,23.99,0.81,1.96,79687.0,82093.0,-359853.0,-2.18,-9328.0,-0.06,-350525.0,-2.12,317884.0,1.93,41969.0,0.25,-11.0,1.025,1.027,67446068.0,69132220,69132220,2026-08-27,2026-08-27 15:34:27+08:00
588860,科创医药ETF工银,0.685,0.6844,-0.09,0.008,1.18,168356.0,11428268.0,0.675,0.685,0.667,0.677,2.66,4.94,0.59,33.24,88391.0,79965.0,-302644.0,-2.65,264871.0,2.32,-567515.0,-4.97,334536.0,2.93,-31892.0,-0.28,-3002.0,0.684,0.685,340889408.0,233509244,233509244,2026-08-27,2026-08-27 16:11:49+08:00
159230,通用航空ETF华夏,0.952,0.9514,-0.06,0.011,1.17,138411.0,13084088.0,0.941,0.953,0.934,0.941,2.02,4.43,0.97,-3.32,73153.0,65258.0,905971.0,6.92,-462018.0,-3.53,1367989.0,10.46,-815196.0,-6.23,-90776.0,-0.69,176.0,0.952,0.953,312304224.0,297313621,297313621,2026-08-27,2026-08-27 15:34:09+08:00
515800,中证800ETF汇添富,1.294,1.2966,0.2,0.015,1.17,768244.0,99057065.0,1.283,1.297,1.279,1.279,1.41,1.9,1.14,9.91,369826.0,398418.0,1166487.0,1.18,-908619.0,-0.92,2075106.0,2.09,-4648524.0,-4.69,3482037.0,3.52,-537.0,1.294,1.296,4033937200.0,5219914737,5219914737,2026-08-27,2026-08-27 16:11:41+08:00
159386,A500ETF永赢,1.293,1.2936,0.05,0.015,1.17,61146.0,7858281.4,1.28,1.293,1.277,1.278,1.25,10.05,0.65,-49.49,30069.0,31077.0,862439.0,10.97,1037597.0,13.2,-175158.0,-2.23,-769414.0,-9.79,-93025.0,-1.18,10.0,1.291,1.293,60869559.0,78704340,78704340,2026-08-27,2026-08-27 15:34:21+08:00
159372,创业板50ETF万家,1.834,1.833,-0.05,0.021,1.16,22059.0,4023488.0,1.821,1.836,1.81,1.813,1.43,3.53,0.82,4.26,12045.0,10014.0,425359.0,10.57,804199.0,19.99,-378840.0,-9.42,-329491.0,-8.19,-95869.0,-2.38,13.0,1.833,1.834,62451588.0,114536212,114536212,2026-08-27,2026-08-27 15:34:42+08:00
159659,纳斯达克100ETF招商,2.359,2.1343,-10.53,0.027,1.16,868499.0,204861361.888,2.351,2.366,2.35,2.332,0.69,1.91,1.24,-25.76,456663.0,411836.0,23363902.0,11.4,31971184.0,15.61,-8607282.0,-4.2,-19600910.0,-9.57,-3762992.0,-1.84,13079.0,2.358,2.359,4555744000.0,10747000096,10747000096,2026-08-27,2026-08-27 15:34:09+08:00
512090,MSCIA股ETF易方达,2.011,2.0093,-0.08,0.023,1.16,340976.0,68071763.0,1.99,2.014,1.988,1.988,1.31,9.54,0.61,26.12,169497.0,171479.0,4110505.0,6.04,11518472.0,16.92,-7407967.0,-10.88,-1587359.0,-2.33,-2523147.0,-3.71,-249.0,2.011,2.014,357592304.0,719118123,719118123,2026-08-27,2026-08-27 16:11:40+08:00
159656,沪深300成长ETF万家,1.22,1.221,0.08,0.014,1.16,57531.0,6978544.7,1.21,1.221,1.205,1.206,1.33,2.52,0.69,53.23,28472.0,29059.0,35980.0,0.52,-1210389.0,-17.34,1246369.0,17.86,314533.0,4.51,-350513.0,-5.02,-50.0,1.22,1.221,228238451.0,278450910,278450910,2026-08-27,2026-08-27 15:34:42+08:00
159315,黄金股ETF工银,1.84,1.8348,-0.28,0.021,1.15,206243.0,37978478.594,1.809,1.87,1.801,1.819,3.79,11.02,0.77,-64.0,125130.0,81113.0,157034.0,0.41,380458.0,1.0,-223424.0,-0.59,678221.0,1.79,-835255.0,-2.2,1678.0,1.839,1.84,187089621.0,344244903,344244903,2026-08-27,2026-08-27 15:34:33+08:00
159338,中证A500ETF国泰,1.228,1.2286,0.05,0.014,1.15,25569378.0,3119093072.43,1.214,1.228,1.212,1.214,1.32,11.89,0.92,-77.44,12839730.0,12729647.0,59014832.0,1.89,69529824.0,2.23,-10514992.0,-0.34,-39537934.0,-1.27,-19476906.0,-0.62,14827.0,1.227,1.228,21500086784.0,26402106571,26402106571,2026-08-27,2026-08-27 15:34:12+08:00
512000,券商ETF华宝,0.529,0.5291,0.02,0.006,1.15,26968970.0,1418566671.0,0.522,0.53,0.521,0.523,1.72,3.59,1.29,-50.2,15527717.0,11441253.0,105958940.0,7.47,191476688.0,13.5,-85517748.0,-6.03,-80884795.0,-5.7,-25074146.0,-1.77,-126836.0,0.528,0.529,75111034880.0,39733737452,39733737452,2026-08-27,2026-08-27 16:11:36+08:00
159351,A500ETF嘉实,1.227,1.2277,0.06,0.014,1.15,3518019.0,428933528.0,1.216,1.228,1.212,1.213,1.32,4.87,0.96,45.38,1873846.0,1644173.0,7547117.0,1.76,18901280.0,4.41,-11354163.0,-2.65,-6327122.0,-1.48,-1219994.0,-0.28,82.0,1.226,1.227,7217123328.0,8855410323,8855410323,2026-08-27,2026-08-27 15:34:15+08:00
517400,黄金股ETF国泰,1.774,1.7704,-0.2,0.02,1.14,839303.0,149293391.0,1.728,1.802,1.728,1.754,4.22,8.34,0.67,33.58,551594.0,287709.0,11435733.0,7.66,-178713.0,-0.12,11614446.0,7.78,-4497716.0,-3.01,-6938016.0,-4.65,-3361.0,1.774,1.775,1006792000.0,1786049008,1786049008,2026-08-27,2026-08-27 16:11:49+08:00
560970,工业有色ETF平安,0.977,0.9779,0.09,0.011,1.14,74512.0,7237068.0,0.956,0.979,0.956,0.966,2.38,10.47,3.09,-15.06,37171.0,37341.0,603139.0,8.33,1124030.0,15.53,-520891.0,-7.2,-330894.0,-4.57,-272246.0,-3.76,-589.0,0.977,0.978,71138000.0,69501826,69501826,2026-08-27,2026-08-27 16:11:37+08:00
159360,A500ETF天弘,1.326,1.3266,0.05,0.015,1.14,310475.0,40950696.0,1.312,1.326,1.309,1.311,1.3,2.37,0.69,11.78,166461.0,144014.0,1475538.0,3.6,1755500.0,4.29,-279962.0,-0.68,-754696.0,-1.84,-720842.0,-1.76,18.0,1.325,1.328,1310184528.0,1737304684,1737304684,2026-08-27,2026-08-27 15:34:00+08:00
159696,纳指ETF易方达,2.044,1.8392,-11.14,0.023,1.14,490346.0,100177495.28,2.036,2.049,2.036,2.021,0.64,1.74,1.15,6.7,261437.0,228909.0,6765006.0,6.75,8233649.0,8.22,-1468643.0,-1.47,-3570734.0,-3.56,-3194272.0,-3.19,-13972.0,2.044,2.045,2817824032.0,5759632321,5759632321,2026-08-27,2026-08-27 15:34:30+08:00
510040,上证180ETF鹏华,1.173,1.1719,-0.09,0.013,1.12,5253.0,613990.0,1.161,1.173,1.161,1.16,1.03,1.84,0.45,-0.13,4423.0,830.0,-21772.0,-3.55,0.0,0.0,-21772.0,-3.55,28789.0,4.69,-7018.0,-1.14,1030.0,1.17,1.175,28480000.0,33407040,33407040,2026-08-27,2026-08-27 16:11:42+08:00
159198,港股通信息技术ETF富国,1.262,1.2636,0.13,0.014,1.12,819335.0,103170750.1,1.258,1.269,1.248,1.248,1.68,91.71,0.94,-50.29,436558.0,382777.0,1490729.0,1.44,-1227182.0,-1.19,2717911.0,2.63,-1027368.0,-1.0,-463361.0,-0.45,-2292.0,1.262,1.263,89344347.0,112752566,112752566,2026-08-27,2026-08-27 15:34:27+08:00
159865,养殖ETF国泰,0.543,0.5427,-0.06,0.006,1.12,3360749.0,181051903.613,0.536,0.544,0.533,0.537,2.05,2.73,1.02,-58.36,2079081.0,1281668.0,14711075.0,8.13,18182426.0,10.04,-3471351.0,-1.92,-10680622.0,-5.9,-4030452.0,-2.23,22315.0,0.542,0.543,12301455616.0,6679690399,6679690399,2026-08-27,2026-08-27 15:34:00+08:00
159562,黄金股ETF华夏,2.447,2.4447,-0.09,0.027,1.12,1025098.0,250814997.657,2.396,2.488,2.396,2.42,3.8,3.89,0.5,-6.52,547164.0,477934.0,11821857.0,4.71,-9212610.0,-3.67,21034467.0,8.39,9310039.0,3.71,-21131895.0,-8.43,4214.0,2.446,2.447,2633130512.0,6443270363,6443270363,2026-08-27,2026-08-27 15:34:36+08:00
512360,MSCIA股ETF平安,1.807,1.8017,-0.29,0.02,1.12,268.0,48006.0,1.788,1.807,1.788,1.787,1.06,0.1,3.24,11.59,30.0,238.0,21125.0,44.0,0.0,0.0,21125.0,44.0,0.0,0.0,-21125.0,-44.0,10.0,1.801,1.807,27337700.0,49399224,49399224,2026-08-27,2026-08-27 16:11:48+08:00
530580,上证180ETF南方,1.18,1.1786,-0.12,0.013,1.11,149688.0,17526402.0,1.17,1.18,1.167,1.167,1.11,22.98,0.87,11.94,107754.0,41934.0,-1611943.0,-9.2,1352828.0,7.72,-2964771.0,-16.92,1430279.0,8.16,181666.0,1.04,399.0,1.179,1.18,65149000.0,76875820,76875820,2026-08-27,2026-08-27 16:11:40+08:00
526050,港股通信息技术ETF招商,1.094,1.0949,0.08,0.012,1.11,478159.0,52199826.0,1.093,1.101,1.082,1.082,1.76,89.16,1.24,12.86,256775.0,221384.0,3851805.0,7.38,-5466.0,-0.01,3857271.0,7.39,-3356618.0,-6.43,-495188.0,-0.95,-604.0,1.094,1.095,53630000.0,58671220,58671220,2026-08-27,2026-08-27 16:11:47+08:00
563500,A500ETF华宝,0.637,0.6373,0.05,0.007,1.11,273215.0,17287955.0,0.63,0.637,0.629,0.63,1.27,3.65,1.37,-1.3,175710.0,97505.0,239203.0,1.38,1081187.0,6.25,-841984.0,-4.87,-189009.0,-1.09,-50194.0,-0.29,47.0,0.636,0.637,747958704.0,476449694,476449694,2026-08-27,2026-08-27 16:11:44+08:00
159567,港股创新药ETF银华,0.738,0.7415,0.47,0.008,1.1,13488288.0,986438338.26,0.737,0.739,0.722,0.73,2.33,12.84,0.72,-41.86,7373737.0,6114551.0,74392848.0,7.54,90268336.0,9.15,-15875488.0,-1.61,-52765223.0,-5.35,-21627634.0,-2.19,72861.0,0.737,0.738,10503729664.0,7751752492,7751752492,2026-08-27,2026-08-27 15:34:57+08:00
515850,证券ETF富国,1.38,1.3797,-0.02,0.015,1.1,677164.0,92878721.0,1.36,1.382,1.358,1.365,1.76,14.01,1.3,28.36,426767.0,250397.0,-1999587.0,-2.15,-2615240.0,-2.82,615653.0,0.66,6161251.0,6.63,-4161664.0,-4.48,-2758.0,1.38,1.381,483291008.0,666941591,666941591,2026-08-27,2026-08-27 16:11:42+08:00
520990,港股央企红利ETF景顺,1.013,1.0064,-0.66,0.011,1.1,2399485.0,242736217.0,1.003,1.019,1.002,1.002,1.7,7.11,1.87,-20.26,1404201.0,995285.0,591158.0,0.24,27786165.0,11.45,-27195007.0,-11.2,-6756186.0,-2.78,6165028.0,2.54,-6306.0,1.012,1.013,3373470496.0,3417325612,3417325612,2026-08-27,2026-08-27 16:11:43+08:00
159373,创业板50ETF嘉实,1.754,1.7544,0.02,0.019,1.1,200985.0,34970343.9,1.736,1.754,1.724,1.735,1.73,13.09,0.8,69.38,141614.0,59371.0,15166135.0,43.37,423724.0,1.21,14742411.0,42.16,-4987946.0,-14.26,-10178190.0,-29.11,-175.0,1.754,1.755,153557494.0,269339844,269339844,2026-08-27,2026-08-27 15:34:45+08:00
159867,养殖ETF鹏华,0.553,0.5529,-0.02,0.006,1.1,428534.0,23502815.3,0.546,0.554,0.543,0.547,2.01,2.66,0.87,-46.5,241592.0,186942.0,1772854.0,7.54,855532.0,3.64,917322.0,3.9,-857076.0,-3.65,-915779.0,-3.9,433.0,0.552,0.553,1609643600.0,890132911,890132911,2026-08-27,2026-08-27 15:34:54+08:00
159357,A500ETF博时,1.296,1.2957,-0.02,0.014,1.09,109968.0,14176798.323,1.283,1.298,1.282,1.282,1.25,0.9,0.68,17.69,54252.0,55716.0,798074.0,5.63,1367513.0,9.65,-569439.0,-4.02,-143797.0,-1.01,-654277.0,-4.62,-1.0,1.296,1.297,1219833840.0,1580904657,1580904657,2026-08-27,2026-08-27 15:34:36+08:00
159930,能源ETF汇添富,1.768,1.7743,0.36,0.019,1.09,672462.0,118890772.323,1.739,1.78,1.739,1.749,2.34,12.73,1.37,-41.34,442478.0,229984.0,-31784336.0,-26.73,-31725980.0,-26.68,-58356.0,-0.05,14243043.0,11.98,17541292.0,14.75,-763.0,1.768,1.771,528398144.0,934207919,934207919,2026-08-27,2026-08-27 15:34:39+08:00
563360,A500ETF华泰柏瑞,1.295,1.2951,0.01,0.014,1.09,29265402.0,3770118447.0,1.282,1.296,1.279,1.281,1.33,9.19,0.88,-25.08,14801290.0,14464112.0,33162176.0,0.88,42985104.0,1.14,-9822928.0,-0.26,-24727525.0,-0.66,-8434647.0,-0.22,-18363.0,1.295,1.296,31861987328.0,41261273590,41261273590,2026-08-27,2026-08-27 16:11:42+08:00
513780,港股创新药ETF景顺,1.767,1.7566,-0.59,0.019,1.09,4120463.0,720057519.0,1.754,1.767,1.725,1.748,2.4,22.78,0.75,-9.88,2198495.0,1921968.0,35860563.0,4.98,22177411.0,3.08,13683152.0,1.9,-22638586.0,-3.14,-13221974.0,-1.84,-19485.0,1.766,1.767,1809157008.0,3196780433,3196780433,2026-08-27,2026-08-27 16:11:32+08:00
530180,上证180ETF易方达,1.211,1.2091,-0.16,0.013,1.09,47564.0,5715116.0,1.202,1.211,1.198,1.198,1.09,8.21,0.83,2.75,31941.0,15623.0,-8828.0,-0.15,684294.0,11.97,-693122.0,-12.13,100302.0,1.76,-91473.0,-1.6,-7.0,1.211,1.212,57952000.0,70179872,70179872,2026-08-27,2026-08-27 16:11:53+08:00
159392,航空ETF富国,0.929,0.9313,0.25,0.01,1.09,20408.0,1887908.9,0.912,0.932,0.912,0.919,2.18,1.09,0.67,-80.31,13949.0,6459.0,459959.0,24.36,800996.0,42.43,-341037.0,-18.06,-232314.0,-12.31,-227646.0,-12.06,113.0,0.928,0.929,187285500.0,173988230,173988230,2026-08-27,2026-08-27 15:34:57+08:00
512190,浙商之江凤凰ETF,2.964,2.9585,-0.19,0.032,1.09,6893.0,2025982.0,2.932,2.965,2.91,2.932,1.88,0.35,0.24,7.28,2884.0,4009.0,-158131.0,-7.81,0.0,0.0,-158131.0,-7.81,56426.0,2.79,101704.0,5.02,-10.0,2.954,2.964,198718400.0,589001338,589001338,2026-08-27,2026-08-27 16:11:50+08:00
517350,沪港深科技ETF广发,0.928,0.9272,-0.09,0.01,1.09,7609.0,704442.0,0.92,0.929,0.92,0.918,0.98,1.55,0.61,-9.81,4698.0,2911.0,71332.0,10.13,0.0,0.0,71332.0,10.13,53657.0,7.62,-124989.0,-17.74,-11.0,0.926,0.929,49042000.0,45510976,45510976,2026-08-27,2026-08-27 16:11:57+08:00
159255,通用航空ETF易方达,0.846,0.8485,0.29,0.009,1.08,21782.0,1827128.1,0.834,0.849,0.832,0.837,2.03,3.14,0.75,29.73,9885.0,11897.0,223797.0,12.25,483190.0,26.45,-259393.0,-14.2,-124880.0,-6.83,-98916.0,-5.41,-142.0,0.846,0.847,69338868.0,58660682,58660682,2026-08-27,2026-08-27 15:34:57+08:00
513300,纳斯达克ETF华夏,2.71,2.4451,-10.83,0.029,1.08,1534062.0,416130351.0,2.703,2.723,2.697,2.681,0.97,2.89,1.08,4.36,728720.0,805341.0,-15304219.0,-3.68,1009249.0,0.24,-16313468.0,-3.92,4307058.0,1.04,10997161.0,2.64,-13730.0,2.709,2.71,5314420992.0,14402080888,14402080888,2026-08-27,2026-08-27 16:11:45+08:00
159185,港股通信息技术ETF鹏华,1.12,1.1228,0.25,0.012,1.08,1212496.0,135679933.822,1.12,1.128,1.109,1.108,1.71,62.15,0.92,-37.52,624509.0,587987.0,1773308.0,1.31,-1321086.0,-0.97,3094394.0,2.28,-779577.0,-0.57,-993731.0,-0.73,4469.0,1.119,1.12,195099035.0,218510919,218510919,2026-08-27,2026-08-27 15:34:45+08:00
512050,A500ETF华夏,1.222,1.2227,0.06,0.013,1.08,10679707.0,1297314597.0,1.209,1.223,1.207,1.209,1.32,6.5,0.88,-26.59,5214331.0,5465376.0,5403797.0,0.42,113223792.0,8.73,-107819995.0,-8.31,-1100259.0,-0.08,-4303547.0,-0.33,-2129.0,1.222,1.223,16441992192.0,20092114459,20092114459,2026-08-27,2026-08-27 16:11:48+08:00
562870,证券ETF嘉实,0.94,0.9395,-0.05,0.01,1.08,185558.0,17296860.0,0.93,0.94,0.926,0.93,1.51,3.07,2.38,-14.42,125459.0,60099.0,542002.0,3.13,-3930762.0,-22.73,4472764.0,25.86,19140.0,0.11,-561143.0,-3.24,-716.0,0.939,0.94,604005200.0,567764888,567764888,2026-08-27,2026-08-27 16:11:51+08:00
159509,纳指科技ETF景顺,2.82,2.226,-26.68,0.03,1.08,2344884.0,661588153.292,2.826,2.837,2.804,2.79,1.18,3.54,0.98,3.77,1222168.0,1122716.0,-2418116.0,-0.37,5980716.0,0.9,-8398832.0,-1.27,10011436.0,1.51,-7593331.0,-1.15,-33697.0,2.82,2.821,6621564160.0,18672810931,18672810931,2026-08-27,2026-08-27 15:34:45+08:00
510140,上证综指ETF华夏,1.038,1.0368,-0.12,0.011,1.07,99755.0,10291826.0,1.025,1.038,1.025,1.027,1.27,12.43,1.5,-18.78,59419.0,40336.0,474600.0,4.61,1435033.0,13.94,-960433.0,-9.33,-821423.0,-7.98,346824.0,3.37,-1543.0,1.036,1.038,80230500.0,83279259,83279259,2026-08-27,2026-08-27 16:11:41+08:00
159070,工程机械ETF嘉实,0.941,0.9415,0.05,0.01,1.07,39349.0,3674558.052,0.934,0.941,0.922,0.931,2.04,3.7,1.02,18.68,24032.0,15317.0,531977.0,14.48,-153699.0,-4.18,685676.0,18.66,-490450.0,-13.35,-41528.0,-1.13,-74.0,0.941,0.943,106366883.0,100091237,100091237,2026-08-27,2026-08-27 15:34:09+08:00
159542,工程机械ETF大成,1.328,1.3286,0.05,0.014,1.07,19841.0,2610695.7,1.305,1.328,1.302,1.314,1.98,13.6,0.74,-2.77,10371.0,9470.0,-452172.0,-17.32,0.0,0.0,-452172.0,-17.32,449204.0,17.21,2967.0,0.11,1.0,1.326,1.328,14592850.0,19379305,19379305,2026-08-27,2026-08-27 15:34:42+08:00
159842,券商ETF银华,1.053,1.0538,0.08,0.011,1.06,3428412.0,358647640.3,1.041,1.054,1.038,1.042,1.54,3.72,1.2,-76.89,2047211.0,1381201.0,30553313.0,8.52,5381682.0,1.5,25171631.0,7.02,-21860389.0,-6.1,-8692923.0,-2.42,11997.0,1.052,1.053,9206250752.0,9694182042,9694182042,2026-08-27,2026-08-27 15:34:45+08:00
159217,港股通创新药ETF工银,1.24,1.2447,0.38,0.013,1.06,4373607.0,538294414.277,1.24,1.243,1.215,1.227,2.28,7.34,0.73,-24.86,2307078.0,2066529.0,10916482.0,2.03,-19116494.0,-3.55,30032976.0,5.58,-8983565.0,-1.67,-1932917.0,-0.36,13073.0,1.239,1.24,5959157504.0,7389355305,7389355305,2026-08-27,2026-08-27 15:34:33+08:00
159297,港股通创新药ETF南方,0.773,0.776,0.39,0.008,1.05,3309465.0,253487645.983,0.77,0.773,0.757,0.765,2.09,8.63,0.89,-62.16,1816933.0,1492532.0,12399535.0,4.89,-6004032.0,-2.37,18403567.0,7.26,-10507360.0,-4.15,-1892174.0,-0.75,4538.0,0.772,0.773,3836418640.0,2965551609,2965551609,2026-08-27,2026-08-27 15:34:30+08:00
159196,港股通信息技术ETF易方达,1.257,1.2579,0.07,0.013,1.05,2000897.0,251206855.1,1.254,1.265,1.245,1.244,1.61,89.92,1.24,-43.28,1019222.0,981675.0,3844150.0,1.53,-487438.0,-0.19,4331588.0,1.72,-4108087.0,-1.64,263936.0,0.11,4280.0,1.256,1.257,222530324.0,279720617,279720617,2026-08-27,2026-08-27 15:34:09+08:00
159157,有色金属ETF天弘,0.87,0.8714,0.16,0.009,1.05,1297523.0,112539055.788,0.851,0.874,0.848,0.861,3.02,1.63,0.89,-51.47,708924.0,588599.0,-2198229.0,-1.95,-8049696.0,-7.15,5851467.0,5.2,4176991.0,3.71,-1978762.0,-1.76,-3327.0,0.87,0.871,7974758656.0,6938040031,6938040031,2026-08-27,2026-08-27 15:34:12+08:00
560750,A500ETF申万菱信,1.344,1.3441,0.01,0.014,1.05,20955.0,2798572.0,1.333,1.344,1.327,1.33,1.28,2.67,0.46,-9.42,13683.0,7272.0,-137436.0,-4.91,0.0,0.0,-137436.0,-4.91,66025.0,2.36,71412.0,2.55,-792.0,1.342,1.344,78554800.0,105577651,105577651,2026-08-27,2026-08-27 16:11:51+08:00
562070,沪深300指增ETF华宝,1.059,1.0594,0.04,0.011,1.05,16484.0,1735830.0,1.047,1.059,1.047,1.048,1.15,0.3,0.23,2.43,6077.0,10407.0,388907.0,22.4,84290.0,4.86,304617.0,17.55,-252115.0,-14.52,-136793.0,-7.88,-1.0,1.058,1.059,552542000.0,585141978,585141978,2026-08-27,2026-08-27 16:11:56+08:00
159353,中证A500ETF景顺,1.247,1.2477,0.06,0.013,1.05,1228900.0,152324739.5,1.236,1.248,1.232,1.234,1.3,2.8,0.78,-23.76,647065.0,581835.0,3797255.0,2.49,8145456.0,5.35,-4348201.0,-2.85,-2975481.0,-1.95,-821774.0,-0.54,242.0,1.246,1.247,4388161792.0,5472037755,5472037755,2026-08-27,2026-08-27 15:34:54+08:00
159023,养殖ETF万家,1.071,1.0736,0.24,0.011,1.04,75948.0,8051014.306,1.061,1.074,1.052,1.06,2.08,20.1,1.31,-44.54,46633.0,29315.0,70190.0,0.87,-2947.0,-0.04,73137.0,0.91,90960.0,1.13,-161150.0,-2.0,573.0,1.071,1.072,37777943.0,40460177,40460177,2026-08-27,2026-08-27 15:34:27+08:00
563930,上证增强ETF招商,1.068,1.0684,0.04,0.011,1.04,39531.0,4205359.0,1.047,1.068,1.047,1.057,1.99,11.43,1.44,-0.17,24751.0,14780.0,781930.0,18.59,1819221.0,43.26,-1037291.0,-24.67,-548934.0,-13.05,-232996.0,-5.54,-40.0,1.068,1.069,34592000.0,36944256,36944256,2026-08-27,2026-08-27 16:11:54+08:00
520690,港股创新药ETF博时,0.776,0.7785,0.32,0.008,1.04,1106584.0,85214652.0,0.773,0.777,0.761,0.768,2.08,17.44,0.66,-35.53,576452.0,530132.0,3829673.0,4.49,1970672.0,2.31,1859001.0,2.18,-3032122.0,-3.56,-797551.0,-0.94,-5623.0,0.775,0.776,634454000.0,492336304,492336304,2026-08-27,2026-08-27 16:11:44+08:00
159380,A500ETF东财,1.366,1.369,0.22,0.014,1.04,52334.0,7120418.8,1.351,1.367,1.351,1.352,1.18,3.25,0.8,56.85,30657.0,21677.0,-438481.0,-6.16,0.0,0.0,-438481.0,-6.16,1171421.0,16.45,-732940.0,-10.29,-179.0,1.366,1.367,160804337.0,219658724,219658724,2026-08-27,2026-08-27 15:34:48+08:00
562810,上证指数增强ETF嘉实,1.169,1.1693,0.03,0.012,1.04,24509.0,2847758.0,1.157,1.169,1.156,1.157,1.12,4.63,0.64,-16.23,12770.0,11739.0,686838.0,24.12,0.0,0.0,686838.0,24.12,-367649.0,-12.91,-319188.0,-11.21,-488.0,1.168,1.169,52951000.0,61899719,61899719,2026-08-27,2026-08-27 16:11:48+08:00
512420,工程机械ETF华安,0.967,0.968,0.1,0.01,1.04,38433.0,3678030.0,0.952,0.967,0.952,0.957,1.57,4.98,0.97,-12.2,7185.0,31248.0,243938.0,6.63,0.0,0.0,243938.0,6.63,-203176.0,-5.52,-40762.0,-1.11,-2090.0,0.967,0.969,77238900.0,74690016,74690016,2026-08-27,2026-08-27 16:11:39+08:00
516760,养殖ETF平安,0.583,0.5834,0.07,0.006,1.04,68429.0,3973328.0,0.577,0.584,0.573,0.577,1.91,2.18,0.95,-35.19,43658.0,24771.0,685925.0,17.26,794485.0,20.0,-108560.0,-2.73,-390937.0,-9.84,-294988.0,-7.42,-549.0,0.582,0.583,314215104.0,183187406,183187406,2026-08-27,2026-08-27 16:11:50+08:00
515010,证券ETF华夏,1.273,1.2737,0.05,0.013,1.03,719065.0,90856646.0,1.26,1.274,1.253,1.26,1.67,3.49,1.49,-8.42,485443.0,233622.0,5176001.0,5.7,428284.0,0.47,4747717.0,5.23,-2113359.0,-2.33,-3062643.0,-3.37,-4326.0,1.273,1.274,2060771600.0,2623362247,2623362247,2026-08-27,2026-08-27 16:11:53+08:00
159293,创业板综增强ETF建信,1.08,1.0807,0.06,0.011,1.03,49831.0,5350411.5,1.07,1.081,1.069,1.069,1.12,21.52,0.83,0.86,19737.0,30094.0,425507.0,7.95,0.0,0.0,425507.0,7.95,-367293.0,-6.86,-58213.0,-1.09,-79.0,1.08,1.081,23159397.0,25012149,25012149,2026-08-27,2026-08-27 15:34:12+08:00
159941,纳指ETF广发,1.663,1.4795,-12.4,0.017,1.03,4017511.0,668388597.618,1.665,1.669,1.657,1.646,0.73,1.78,0.63,-9.28,1905233.0,2112278.0,46747387.0,6.99,56134976.0,8.4,-9387589.0,-1.4,-31578960.0,-4.72,-15168435.0,-2.27,-52788.0,1.663,1.664,22534510080.0,37474890263,37474890263,2026-08-27,2026-08-27 15:34:36+08:00
159131,港股通信息技术ETF华宝,0.985,0.9869,0.19,0.01,1.03,16488026.0,1621322251.978,0.985,0.991,0.975,0.975,1.64,70.71,1.18,-42.37,8829222.0,7658804.0,6207408.0,0.38,45232720.0,2.79,-39025312.0,-2.41,-7469451.0,-0.46,1262059.0,0.08,99024.0,0.984,0.985,2331919904.0,2296941105,2296941105,2026-08-27,2026-08-27 15:34:27+08:00
159623,成渝经济圈ETF博时,0.977,0.9772,0.02,0.01,1.03,45917.0,4464349.5,0.976,0.977,0.966,0.967,1.14,0.15,0.68,-97.47,24917.0,21000.0,-1707290.0,-38.24,-1664624.0,-37.29,-42666.0,-0.96,1689645.0,37.85,17645.0,0.4,117.0,0.973,0.977,3092271696.0,3021149447,3021149447,2026-08-27,2026-08-27 15:34:33+08:00
159359,A500ETF华安,1.286,1.2877,0.13,0.013,1.02,206594.0,26425738.279,1.276,1.288,1.271,1.273,1.34,3.01,0.77,-51.67,84791.0,121803.0,904958.0,3.42,3293903.0,12.46,-2388945.0,-9.04,-638381.0,-2.42,-266575.0,-1.01,-10.0,1.285,1.289,686140432.0,882376596,882376596,2026-08-27,2026-08-27 15:34:00+08:00
159356,A500ETF万家,1.305,1.3035,-0.12,0.013,1.01,321538.0,41734846.4,1.292,1.305,1.289,1.292,1.24,4.21,0.96,2.32,159507.0,162031.0,2335454.0,5.6,3921677.0,9.4,-1586223.0,-3.8,-2166158.0,-5.19,-169296.0,-0.41,-434.0,1.304,1.305,764120640.0,997177435,997177435,2026-08-27,2026-08-27 15:34:57+08:00
512900,证券ETF南方,1.096,1.0952,-0.07,0.011,1.01,670668.0,72988980.0,1.078,1.097,1.078,1.085,1.75,0.9,1.25,-19.73,416584.0,254084.0,-12203956.0,-16.72,-8475138.0,-11.61,-3728818.0,-5.11,14752519.0,20.21,-2548564.0,-3.49,-4510.0,1.095,1.096,7487906048.0,8206745029,8206745029,2026-08-27,2026-08-27 16:11:52+08:00
513350,标普油气ETF富国,1.301,1.3065,0.42,0.013,1.01,2150252.0,280691984.0,1.307,1.312,1.301,1.288,0.85,25.67,0.44,-59.18,960527.0,1189724.0,5805457.0,2.07,-2852285.0,-1.02,8657742.0,3.08,-4642275.0,-1.65,-1163184.0,-0.41,-21811.0,1.301,1.302,837746000.0,1089907546,1089907546,2026-08-27,2026-08-27 16:11:45+08:00
159841,证券ETF天弘,1.002,1.0035,0.15,0.01,1.01,3890270.0,387830274.54,0.99,1.004,0.988,0.992,1.61,3.14,1.6,-54.48,2577623.0,1312647.0,39770978.0,10.25,32543458.0,8.39,7227520.0,1.86,-53740207.0,-13.86,13969229.0,3.6,-20997.0,1.002,1.003,12374238464.0,12398986941,12398986941,2026-08-27,2026-08-27 15:34:09+08:00
510670,上证180ETF华夏,1.003,1.0034,0.04,0.01,1.01,4530.0,452760.0,0.993,1.003,0.993,0.993,1.01,0.25,0.76,0.01,1274.0,3256.0,-118765.0,-26.23,0.0,0.0,-118765.0,-26.23,161630.0,35.7,-42865.0,-9.47,100.0,1.001,1.005,177993000.0,178526979,178526979,2026-08-27,2026-08-27 16:11:49+08:00
530060,上证指数ETF易方达,1.004,1.0032,-0.08,0.01,1.01,665393.0,66471854.0,0.993,1.005,0.992,0.994,1.31,7.15,1.32,-20.3,420418.0,244975.0,21651625.0,32.57,29015990.0,43.65,-7364365.0,-11.08,-13537711.0,-20.37,-8113913.0,-12.21,-7768.0,1.003,1.004,930193008.0,933913780,933913780,2026-08-27,2026-08-27 16:11:51+08:00
560510,中证A500ETF泰康,1.198,1.1975,-0.04,0.012,1.01,327113.0,39018886.0,1.185,1.198,1.181,1.186,1.43,1.29,0.98,-8.79,193497.0,133616.0,3816234.0,9.78,4696868.0,12.04,-880634.0,-2.26,-2537742.0,-6.5,-1278492.0,-3.28,-147.0,1.196,1.198,2537026896.0,3039358221,3039358221,2026-08-27,2026-08-27 16:11:56+08:00
516080,创新药ETF易方达,0.7,0.6989,-0.16,0.007,1.01,2618588.0,180679905.0,0.691,0.7,0.683,0.693,2.45,5.05,0.59,2.34,1180346.0,1438242.0,-4751587.0,-2.63,-5553503.0,-3.07,801916.0,0.44,562498.0,0.31,4189089.0,2.32,-28125.0,0.699,0.7,5180554752.0,3626388326,3626388326,2026-08-27,2026-08-27 16:11:56+08:00
563650,中证A500ETF兴业,1.295,1.2968,0.14,0.013,1.01,66358.0,8573731.0,1.283,1.296,1.283,1.282,1.01,4.61,0.72,-0.07,37767.0,28591.0,60531.0,0.71,0.0,0.0,60531.0,0.71,-108754.0,-1.27,48223.0,0.56,771.0,1.295,1.298,143909000.0,186362155,186362155,2026-08-27,2026-08-27 16:11:39+08:00
561570,油气ETF华泰柏瑞,1.398,1.3995,0.11,0.014,1.01,145891.0,20251981.0,1.369,1.4,1.369,1.384,2.24,19.68,0.89,20.22,71184.0,74707.0,-1608087.0,-7.94,-2058149.0,-10.16,450062.0,2.22,1378742.0,6.81,229345.0,1.13,-662.0,1.397,1.399,74147000.0,103657506,103657506,2026-08-27,2026-08-27 16:11:45+08:00
561500,漂亮50ETF华泰柏瑞,0.805,0.8036,-0.17,0.008,1.0,571.0,45573.0,0.798,0.805,0.796,0.797,1.13,0.1,0.07,7.79,272.0,299.0,-9249.0,-20.29,0.0,0.0,-9249.0,-20.29,3336.0,7.32,5912.0,12.97,3.0,0.804,0.805,54600300.0,43953242,43953242,2026-08-27,2026-08-27 16:11:59+08:00
512570,证券ETF易方达,1.113,1.1132,0.02,0.011,1.0,1809533.0,200000097.0,1.098,1.113,1.097,1.102,1.45,4.31,1.2,-17.2,991232.0,818301.0,21678968.0,10.84,25039550.0,12.52,-3360582.0,-1.68,-14595420.0,-7.3,-7083549.0,-3.54,-26648.0,1.113,1.114,4194806096.0,4668819185,4668819185,2026-08-27,2026-08-27 16:11:48+08:00
159370,创50ETF工银,1.818,1.8183,0.02,0.018,1.0,42229.0,7615568.8,1.81,1.826,1.79,1.8,2.0,1.84,1.09,-68.56,12491.0,29738.0,-773397.0,-10.16,-2536124.0,-33.3,1762727.0,23.15,548484.0,7.2,224914.0,2.95,-10.0,1.818,1.819,229316009.0,416896504,416896504,2026-08-27,2026-08-27 15:34:09+08:00
526000,港股通信息技术ETF华夏,1.21,1.211,0.08,0.012,1.0,3524217.0,425852651.0,1.212,1.218,1.197,1.198,1.75,200.08,1.0,-20.41,1787570.0,1736647.0,4036230.0,0.95,-1368630.0,-0.32,5404860.0,1.27,-4296315.0,-1.01,260084.0,0.06,-5484.0,1.209,1.21,176142000.0,213131820,213131820,2026-08-27,2026-08-27 16:11:33+08:00
530800,上证180ETF银华,1.214,1.2141,0.01,0.012,1.0,11853.0,1433239.0,1.202,1.214,1.202,1.202,1.0,6.51,1.02,7.65,7699.0,4154.0,90751.0,6.33,0.0,0.0,90751.0,6.33,-112814.0,-7.87,22063.0,1.54,-4.0,1.214,1.217,18201800.0,22096985,22096985,2026-08-27,2026-08-27 16:11:33+08:00
563860,中证A500ETF海富通,1.314,1.3159,0.14,0.013,1.0,171506.0,22438227.0,1.302,1.315,1.299,1.301,1.23,9.23,0.75,0.25,97128.0,74378.0,-372043.0,-1.66,-2696012.0,-12.02,2323969.0,10.36,175873.0,0.78,196170.0,0.87,-201.0,1.312,1.317,185844300.0,244199410,244199410,2026-08-27,2026-08-27 16:11:57+08:00
159858,创新药ETF南方,0.708,0.7059,-0.3,0.007,1.0,356104.0,24842414.7,0.699,0.708,0.69,0.701,2.57,3.52,0.5,16.9,193473.0,162631.0,1766778.0,7.11,1701431.0,6.85,65347.0,0.26,-2173692.0,-8.75,406916.0,1.64,8886.0,0.707,0.708,1011098320.0,715857611,715857611,2026-08-27,2026-08-27 15:34:18+08:00
159215,A500ETF平安,1.316,1.3177,0.13,0.013,1.0,235045.0,30820828.1,1.303,1.318,1.301,1.303,1.3,2.4,2.12,-70.79,95550.0,139495.0,1904082.0,6.18,7135091.0,23.15,-5231009.0,-16.97,-1608061.0,-5.22,-296023.0,-0.96,-20.0,1.315,1.316,979582800.0,1289130965,1289130965,2026-08-27,2026-08-27 15:34:21+08:00
510210,上证指数ETF富国,1.01,1.01,0.0,0.01,1.0,10471593.0,1052257200.0,1.001,1.011,0.999,1.0,1.2,6.71,1.11,-30.98,5858707.0,4612886.0,262570947.0,24.95,388015968.0,36.87,-125445021.0,-11.92,-201675380.0,-19.17,-60895570.0,-5.79,-87338.0,1.01,1.011,15617192704.0,15773364631,15773364631,2026-08-27,2026-08-27 16:11:54+08:00
516670,畜牧养殖ETF招商,0.61,0.6104,0.07,0.006,0.99,487108.0,29511200.0,0.603,0.612,0.6,0.604,1.99,1.42,0.86,-21.82,268363.0,218745.0,3351727.0,11.36,2354571.0,7.98,997156.0,3.38,-2086614.0,-7.07,-1265113.0,-4.29,-1001.0,0.61,0.611,3428266304.0,2091242445,2091242445,2026-08-27,2026-08-27 16:11:32+08:00
159358,中证A500ETF大成,1.329,1.3289,-0.01,0.013,0.99,320993.0,42365232.0,1.319,1.329,1.311,1.316,1.37,3.53,0.57,-5.93,185940.0,135053.0,2256054.0,5.33,2273730.0,5.37,-17676.0,-0.04,-1886607.0,-4.45,-369447.0,-0.87,200.0,1.326,1.329,908106416.0,1206873427,1206873427,2026-08-27,2026-08-27 15:34:18+08:00
560530,中证A500ETF摩根,1.226,1.2276,0.13,0.012,0.99,1745364.0,213052467.0,1.214,1.229,1.212,1.214,1.4,4.47,2.15,7.61,1307555.0,437809.0,6433938.0,3.02,-59945463.0,-28.14,66379401.0,31.16,-5019569.0,-2.36,-1414369.0,-0.66,-562.0,1.226,1.227,3907623696.0,4790746651,4790746651,2026-08-27,2026-08-27 16:11:45+08:00
561000,沪深300增强ETF华安,1.321,1.3204,-0.05,0.013,0.99,27862.0,3658455.0,1.311,1.321,1.307,1.308,1.07,5.32,0.55,9.27,14008.0,13854.0,-458552.0,-12.53,0.0,0.0,-458552.0,-12.53,540062.0,14.76,-81510.0,-2.23,3.0,1.319,1.32,52420000.0,69246820,69246820,2026-08-27,2026-08-27 16:11:52+08:00
159016,证券ETF广发,1.028,1.028,0.0,0.01,0.98,379535.0,38727192.14,1.015,1.028,1.011,1.018,1.67,9.88,1.46,-41.0,234023.0,145512.0,5594976.0,14.45,-330865.0,-0.85,5925841.0,15.3,-3869009.0,-9.99,-1725967.0,-4.46,3722.0,1.027,1.028,384040160.0,394793284,394793284,2026-08-27,2026-08-27 15:34:18+08:00
530080,上证180ETF天弘,1.243,1.2441,0.09,0.012,0.97,21681.0,2673942.0,1.232,1.243,1.23,1.231,1.06,7.5,0.54,6.37,8244.0,13437.0,820934.0,30.7,862242.0,32.25,-41308.0,-1.54,-779625.0,-29.16,-41309.0,-1.54,1.0,1.242,1.245,28917000.0,35943831,35943831,2026-08-27,2026-08-27 16:11:45+08:00
159361,A500ETF易方达,1.25,1.251,0.08,0.012,0.97,16295168.0,2026384452.53,1.24,1.252,1.236,1.238,1.29,7.1,1.45,-55.54,11424549.0,4870619.0,25078597.0,1.24,75318064.0,3.72,-50239467.0,-2.48,-18311397.0,-0.9,-6767205.0,-0.33,-22619.0,1.25,1.251,22952090368.0,28690112960,28690112960,2026-08-27,2026-08-27 15:34:21+08:00
159177,工程机械ETF鹏华,0.94,0.9408,0.09,0.009,0.97,50462.0,4710911.238,0.922,0.94,0.922,0.931,1.93,10.6,0.77,17.33,21325.0,29137.0,445848.0,9.46,0.0,0.0,445848.0,9.46,-364996.0,-7.75,-80852.0,-1.72,1600.0,0.938,0.94,47619279.0,44762122,44762122,2026-08-27,2026-08-27 15:34:15+08:00
159706,深证100ETF华安,0.934,0.9355,0.16,0.009,0.97,13105.0,1216895.9,0.924,0.935,0.924,0.925,1.19,3.24,0.54,30.94,6971.0,6134.0,-58503.0,-4.81,0.0,0.0,-58503.0,-4.81,58254.0,4.79,250.0,0.02,-1.0,0.925,0.933,40386800.0,37721271,37721271,2026-08-27,2026-08-27 15:34:36+08:00
515130,沪深300ETF博时,1.555,1.5522,-0.18,0.015,0.97,73050.0,11303271.0,1.535,1.555,1.516,1.54,2.53,7.73,1.39,14.47,47819.0,25231.0,21339.0,0.19,758102.0,6.71,-736763.0,-6.52,205732.0,1.82,-227072.0,-2.01,-161.0,1.553,1.555,94463200.0,146890276,146890276,2026-08-27,2026-08-27 16:12:01+08:00
563880,A500ETF汇添富,1.267,1.269,0.16,0.012,0.96,552361.0,69554084.0,1.255,1.269,1.253,1.255,1.27,3.57,0.73,11.86,266726.0,285635.0,579893.0,0.83,-3161448.0,-4.55,3741341.0,5.38,73212.0,0.11,-653105.0,-0.94,-895.0,1.267,1.268,1546996400.0,1960044439,1960044439,2026-08-27,2026-08-27 16:11:59+08:00
563600,A500增强ETF易方达,1.05,1.052,0.19,0.01,0.96,22253.0,2327354.0,1.039,1.05,1.039,1.04,1.06,3.2,0.84,34.11,11900.0,10353.0,38130.0,1.64,292305.0,12.56,-254175.0,-10.92,21253.0,0.91,-59384.0,-2.55,115.0,1.047,1.05,69483000.0,72957150,72957150,2026-08-27,2026-08-27 16:11:32+08:00
516200,证券ETF华安,1.057,1.0582,0.11,0.01,0.96,205452.0,21602591.0,1.045,1.058,1.042,1.047,1.53,4.54,2.09,-13.16,99440.0,106012.0,1943641.0,9.0,2783664.0,12.89,-840023.0,-3.89,-1412335.0,-6.54,-531305.0,-2.46,-971.0,1.057,1.058,452604000.0,478402428,478402428,2026-08-27,2026-08-27 16:11:46+08:00
512520,MSCI中国ETF华泰柏瑞,1.478,1.4781,0.01,0.014,0.96,1573.0,230873.0,1.465,1.478,1.465,1.464,0.89,0.35,0.38,11.31,92.0,1481.0,18443.0,7.99,0.0,0.0,18443.0,7.99,0.0,0.0,-18442.0,-7.99,5.0,1.478,1.48,45056400.0,66593359,66593359,2026-08-27,2026-08-27 16:11:48+08:00
159219,深证100ETF融通,1.372,1.3725,0.04,0.013,0.96,7125.0,974392.8,1.358,1.372,1.358,1.359,1.03,8.49,0.58,-91.58,4015.0,3110.0,-106116.0,-10.89,0.0,0.0,-106116.0,-10.89,135170.0,13.87,-29054.0,-2.98,10.0,1.37,1.372,8388018.0,11508361,11508361,2026-08-27,2026-08-27 15:34:00+08:00
510180,上证180ETF华安,3.99,3.9961,0.15,0.038,0.96,153671.0,60961211.0,3.958,3.997,3.952,3.952,1.14,0.35,1.15,42.59,64492.0,89180.0,8373093.0,13.74,13227096.0,21.7,-4854003.0,-7.96,-3790360.0,-6.22,-4582732.0,-7.52,-40.0,3.99,3.992,4418057728.0,17628050335,17628050335,2026-08-27,2026-08-27 16:11:42+08:00
159379,A500ETF融通,1.369,1.3711,0.15,0.013,0.96,1451.0,197698.6,1.361,1.369,1.361,1.356,0.59,0.09,0.1,95.83,357.0,1094.0,21380.0,10.81,0.0,0.0,21380.0,10.81,21162.0,10.7,-42542.0,-21.52,2.0,1.356,1.371,158821471.0,217426594,217426594,2026-08-27,2026-08-27 15:34:15+08:00
563660,A500ETF银河,1.26,1.2607,0.06,0.012,0.96,1839.0,230522.0,1.252,1.26,1.252,1.248,0.64,0.29,0.2,14.34,508.0,1331.0,-35696.0,-15.48,0.0,0.0,-35696.0,-15.48,582.0,0.25,35114.0,15.23,1.0,1.258,1.259,63085200.0,79487352,79487352,2026-08-27,2026-08-27 16:11:47+08:00
512290,生物医药ETF国泰,1.066,1.0647,-0.12,0.01,0.95,887637.0,93583995.0,1.054,1.066,1.042,1.056,2.27,2.8,0.59,3.86,547686.0,339951.0,-4506407.0,-4.82,932922.0,1.0,-5439329.0,-5.81,4144376.0,4.43,362031.0,0.39,-3135.0,1.065,1.066,3171820704.0,3381160870,3381160870,2026-08-27,2026-08-27 16:11:33+08:00
512380,MSCI中国ETF银华,1.618,1.6203,0.14,0.015,0.94,4301.0,692562.0,1.593,1.618,1.593,1.603,1.56,0.57,0.74,-0.12,4136.0,165.0,-10786.0,-1.56,-18063.0,-2.61,7277.0,1.05,4779.0,0.69,6007.0,0.87,12.0,1.617,1.619,75805600.0,122653461,122653461,2026-08-27,2026-08-27 16:11:55+08:00
561300,沪深300增强ETF国泰,1.078,1.0787,0.06,0.01,0.94,490492.0,52624151.0,1.069,1.08,1.066,1.068,1.31,10.57,1.81,-3.94,286099.0,204393.0,-269104.0,-0.51,11512.0,0.02,-280616.0,-0.53,635589.0,1.21,-366485.0,-0.7,-274.0,1.078,1.079,463965008.0,500154279,500154279,2026-08-27,2026-08-27 16:11:32+08:00
159725,线上消费ETF工银,0.754,0.7532,-0.11,0.007,0.94,47395.0,3542855.8,0.747,0.754,0.744,0.747,1.34,3.75,0.96,50.19,17801.0,29594.0,384742.0,10.86,361181.0,10.19,23561.0,0.67,-432533.0,-12.21,47793.0,1.35,-896.0,0.754,0.755,126424924.0,95324393,95324393,2026-08-27,2026-08-27 15:34:48+08:00
560090,证券ETF汇添富,1.186,1.1876,0.13,0.011,0.94,1140385.0,134551418.0,1.175,1.188,1.17,1.175,1.53,4.84,1.36,-28.22,669402.0,470982.0,13738604.0,10.21,398458.0,0.3,13340146.0,9.91,-7859685.0,-5.84,-5878919.0,-4.37,-4362.0,1.186,1.187,2357865008.0,2796427899,2796427899,2026-08-27,2026-08-27 16:12:01+08:00
159745,建材ETF国泰,0.545,0.5417,-0.61,0.005,0.93,770592.0,41599752.6,0.537,0.545,0.535,0.54,1.85,5.86,0.86,4.92,502376.0,268216.0,-1630443.0,-3.92,-7895511.0,-18.98,6265068.0,15.06,1771454.0,4.26,-141011.0,-0.34,8969.0,0.544,0.545,1315688272.0,717050108,717050108,2026-08-27,2026-08-27 15:34:51+08:00
516980,证券先锋ETF华富,1.083,1.0858,0.26,0.01,0.93,48278.0,5205444.0,1.074,1.087,1.064,1.073,2.14,8.11,2.65,5.08,30451.0,17827.0,720218.0,13.84,-119196.0,-2.29,839414.0,16.13,-576548.0,-11.08,-143668.0,-2.76,-1958.0,1.083,1.084,59516000.0,64455828,64455828,2026-08-27,2026-08-27 16:11:46+08:00
512020,A500ETF鹏华,1.303,1.3043,0.1,0.012,0.93,517008.0,66965455.0,1.294,1.305,1.289,1.291,1.24,4.53,0.75,7.61,253000.0,264008.0,-521054.0,-0.78,-1602237.0,-2.39,1081183.0,1.61,-207662.0,-0.31,728717.0,1.09,-786.0,1.303,1.305,1142012704.0,1488042553,1488042553,2026-08-27,2026-08-27 16:11:51+08:00
560920,工程机械ETF招商,0.973,0.9732,0.02,0.009,0.93,15351.0,1487665.0,0.958,0.973,0.958,0.964,1.56,3.46,0.58,0.56,3839.0,11512.0,25426.0,1.71,0.0,0.0,25426.0,1.71,-29130.0,-1.96,3705.0,0.25,1.0,0.974,0.976,44373300.0,43175221,43175221,2026-08-27,2026-08-27 16:11:33+08:00
510980,上证指数ETF汇添富,1.406,1.4071,0.08,0.013,0.93,722630.0,101161446.0,1.392,1.408,1.391,1.393,1.22,9.75,1.03,-18.25,419469.0,303161.0,49052859.0,48.49,52095512.0,51.5,-3042653.0,-3.01,-28599491.0,-28.27,-20453367.0,-20.22,-7308.0,1.406,1.407,740798000.0,1041561988,1041561988,2026-08-27,2026-08-27 16:11:39+08:00
159238,沪深300增强ETF景顺,1.307,1.3102,0.24,0.012,0.93,40485.0,5275362.0,1.3,1.308,1.296,1.295,0.93,7.23,0.98,21.21,27357.0,13128.0,300078.0,5.69,-222775.0,-4.22,522853.0,9.91,-15028.0,-0.28,-285052.0,-5.4,-143.0,1.307,1.308,56016186.0,73213155,73213155,2026-08-27,2026-08-27 15:34:33+08:00
560610,A500ETF招商,1.197,1.1995,0.21,0.011,0.93,1341895.0,159865762.0,1.187,1.198,1.184,1.186,1.18,2.53,1.08,-8.97,488600.0,853295.0,4049116.0,2.53,46831480.0,29.29,-42782364.0,-26.76,-2975183.0,-1.86,-1073934.0,-0.67,-1685.0,1.197,1.198,5305988352.0,6351268057,6351268057,2026-08-27,2026-08-27 16:11:37+08:00
515120,创新药ETF广发,0.656,0.6557,-0.05,0.006,0.92,8097806.0,523461050.0,0.647,0.656,0.64,0.65,2.46,4.71,0.59,8.05,3996858.0,4100948.0,-22604182.0,-4.32,-38981198.0,-7.45,16377016.0,3.13,13448527.0,2.57,9155651.0,1.75,-91722.0,0.655,0.656,17181993728.0,11271387886,11271387886,2026-08-27,2026-08-27 16:11:36+08:00
561900,沪深300ESGETF招商,0.99,0.9883,-0.17,0.009,0.92,28008.0,2762313.0,0.982,0.99,0.982,0.981,0.82,10.64,1.01,-0.17,11983.0,16025.0,-60469.0,-2.19,0.0,0.0,-60469.0,-2.19,46583.0,1.69,13886.0,0.5,1.0,0.988,0.99,26334400.0,26071056,26071056,2026-08-27,2026-08-27 16:11:46+08:00
512880,证券ETF国泰,1.106,1.1066,0.05,0.01,0.91,24453917.0,2689721813.0,1.092,1.108,1.089,1.096,1.73,4.17,1.59,-49.8,14134794.0,10319123.0,335229728.0,12.46,485665312.0,18.06,-150435584.0,-5.59,-241537216.0,-8.98,-93692505.0,-3.48,-251114.0,1.106,1.107,58668291584.0,64887130492,64887130492,2026-08-27,2026-08-27 16:11:52+08:00
159501,纳指ETF嘉实,2.103,1.8558,-13.32,0.019,0.91,358405.0,75364506.7,2.105,2.115,2.095,2.084,0.96,0.53,1.14,-28.09,188687.0,169718.0,185220.0,0.25,-5532342.0,-7.34,5717562.0,7.59,-1189548.0,-1.58,1004328.0,1.33,-6103.0,2.103,2.104,6770986496.0,14239384601,14239384601,2026-08-27,2026-08-27 15:34:06+08:00
510050,上证50ETF华夏,3.04,3.0416,0.05,0.027,0.9,5140019.0,1556622975.0,3.02,3.042,3.015,3.013,0.9,7.02,0.83,-80.08,2618367.0,2521652.0,202160592.0,12.99,662338992.0,42.55,-460178400.0,-29.56,-98457424.0,-6.33,-103703159.0,-6.66,-18380.0,3.039,3.04,7325766912.0,22270331412,22270331412,2026-08-27,2026-08-27 16:11:59+08:00
159692,证券ETF东财,1.233,1.2332,0.02,0.011,0.9,805373.0,98619923.2,1.219,1.233,1.215,1.222,1.47,5.31,1.23,-69.76,493617.0,311756.0,12316883.0,12.49,13662050.0,13.85,-1345167.0,-1.36,-10136102.0,-10.28,-2180782.0,-2.21,4472.0,1.232,1.233,1515455968.0,1868557209,1868557209,2026-08-27,2026-08-27 15:34:03+08:00
515350,沪深300ETF民生加银,6.299,6.2919,-0.11,0.056,0.9,4797.0,3006040.0,6.253,6.299,6.247,6.243,0.83,4.1,0.55,-0.28,2784.0,2013.0,-321121.0,-10.68,0.0,0.0,-321121.0,-10.68,169291.0,5.63,151829.0,5.05,3.0,6.28,6.299,11699200.0,73693261,73693261,2026-08-27,2026-08-27 16:11:48+08:00
510360,沪深300ETF广发,1.796,1.7988,0.16,0.016,0.9,225771.0,40391080.0,1.793,1.796,1.779,1.78,0.96,1.27,0.83,-0.86,138111.0,87660.0,7222262.0,17.88,894705.0,2.22,6327557.0,15.67,-3395158.0,-8.41,-3827105.0,-9.48,-1893.0,1.795,1.796,1772381200.0,3183196635,3183196635,2026-08-27,2026-08-27 16:11:44+08:00
515560,证券ETF建信,1.015,1.0156,0.06,0.009,0.89,162850.0,16422609.0,1.004,1.016,1.001,1.006,1.49,8.23,1.15,3.48,83052.0,79798.0,-66476.0,-0.4,1571753.0,9.57,-1638229.0,-9.98,262434.0,1.6,-195958.0,-1.19,-141.0,1.015,1.016,197883300.0,200851550,200851550,2026-08-27,2026-08-27 16:11:37+08:00
530300,上证180ETF华泰柏瑞,1.247,1.2485,0.12,0.011,0.89,7089.0,879871.0,1.238,1.247,1.235,1.236,0.97,2.11,0.37,15.27,2777.0,4312.0,188905.0,21.47,0.0,0.0,188905.0,21.47,-144164.0,-16.38,-44740.0,-5.08,-1603.0,1.245,1.247,33643000.0,41952821,41952821,2026-08-27,2026-08-27 16:11:50+08:00
159199,石油ETF平安,0.902,0.9041,0.23,0.008,0.89,3135.0,280147.858,0.893,0.903,0.891,0.894,1.34,0.47,0.87,21.47,718.0,2417.0,200.0,0.07,0.0,0.0,200.0,0.07,-12942.0,-4.62,12743.0,4.55,1.0,0.901,0.902,66154938.0,59671754,59671754,2026-08-27,2026-08-27 15:34:30+08:00
159138,工程机械ETF易方达,0.907,0.907,0.0,0.008,0.89,66666.0,6008589.7,0.899,0.907,0.888,0.899,2.11,2.27,0.77,12.99,33419.0,33247.0,-18954.0,-0.32,0.0,0.0,-18954.0,-0.32,56714.0,0.94,-37761.0,-0.63,5.0,0.906,0.907,294267920.0,266901003,266901003,2026-08-27,2026-08-27 15:34:36+08:00
561930,沪深300ETF招商,1.58,1.5783,-0.11,0.014,0.89,58091.0,9134303.0,1.564,1.58,1.564,1.566,1.02,3.43,0.65,0.14,27459.0,30632.0,739151.0,8.09,931051.0,10.19,-191900.0,-2.1,-766418.0,-8.39,27267.0,0.3,-509.0,1.58,1.581,169260600.0,267431748,267431748,2026-08-27,2026-08-27 16:11:34+08:00
515390,沪深300ETF华安,1.37,1.3706,0.04,0.012,0.88,913816.0,124430024.0,1.361,1.37,1.356,1.358,1.03,5.1,1.11,-13.92,506018.0,407798.0,5183443.0,4.17,-13151432.0,-10.57,18334875.0,14.74,-3460958.0,-2.78,-1722487.0,-1.38,-1104.0,1.369,1.37,1790683008.0,2453235721,2453235721,2026-08-27,2026-08-27 16:11:45+08:00
512990,MSCIA股ETF华夏,2.056,2.0576,0.08,0.018,0.88,36696.0,7517319.0,2.04,2.06,2.029,2.038,1.52,3.71,1.09,-0.26,16378.0,20318.0,229898.0,3.06,0.0,0.0,229898.0,3.06,-115397.0,-1.54,-114502.0,-1.52,-981.0,2.056,2.059,99015400.0,203575662,203575662,2026-08-27,2026-08-27 16:11:47+08:00
159643,疫苗ETF国泰,0.575,0.5753,0.05,0.005,0.88,413865.0,23481899.1,0.565,0.576,0.56,0.57,2.81,12.53,0.41,-5.7,170893.0,242972.0,210511.0,0.9,226739.0,0.97,-16228.0,-0.07,-224849.0,-0.96,14338.0,0.06,-891.0,0.575,0.576,330390624.0,189974609,189974609,2026-08-27,2026-08-27 15:34:45+08:00
562860,疫苗ETF嘉实,0.688,0.6878,-0.03,0.006,0.88,455285.0,30777860.0,0.669,0.688,0.665,0.682,3.37,13.05,0.66,13.96,207767.0,247518.0,783785.0,2.55,-348225.0,-1.13,1132010.0,3.68,-353900.0,-1.15,-429886.0,-1.4,-9422.0,0.688,0.689,348895008.0,240039766,240039766,2026-08-27,2026-08-27 16:11:39+08:00
510680,上证50ETF万家,3.209,3.2033,-0.18,0.028,0.88,11842.0,3783531.0,3.193,3.209,3.18,3.181,0.91,6.03,1.41,24.51,8511.0,3331.0,-258623.0,-6.84,0.0,0.0,-258623.0,-6.84,516672.0,13.66,-258047.0,-6.82,197.0,3.203,3.208,19624700.0,62975662,62975662,2026-08-27,2026-08-27 16:11:54+08:00
510130,上证中盘ETF易方达,7.415,7.4229,0.11,0.065,0.88,1321.0,976503.0,7.345,7.416,7.338,7.35,1.06,0.42,0.7,3.76,171.0,1150.0,230617.0,23.62,0.0,0.0,230617.0,23.62,-195280.0,-20.0,-35336.0,-3.62,-9.0,7.42,7.43,31485100.0,233462017,233462017,2026-08-27,2026-08-27 16:11:33+08:00
159008,证券ETF景顺,1.032,1.0339,0.18,0.009,0.88,98880.0,10151621.424,1.021,1.033,1.014,1.023,1.86,8.58,1.75,-31.18,55407.0,43473.0,2350998.0,23.16,1246890.0,12.28,1104108.0,10.88,-1816405.0,-17.89,-534593.0,-5.27,69.0,1.031,1.032,115284531.0,118973636,118973636,2026-08-27,2026-08-27 15:34:21+08:00
510330,沪深300ETF华夏,4.895,4.8923,-0.06,0.042,0.87,981258.0,477528364.0,4.855,4.896,4.85,4.853,0.95,1.17,0.93,-85.83,598757.0,382500.0,33391825.0,6.99,-40289253.0,-8.44,73681078.0,15.43,-19121066.0,-4.0,-14270763.0,-2.99,-2421.0,4.893,4.895,8378349824.0,41012022388,41012022388,2026-08-27,2026-08-27 16:11:54+08:00
561920,疫苗ETF招商,0.693,0.6922,-0.12,0.006,0.87,132905.0,9050554.0,0.673,0.694,0.669,0.687,3.64,20.23,0.61,29.7,59544.0,73361.0,171187.0,1.89,774125.0,8.55,-602938.0,-6.66,-339834.0,-3.75,168648.0,1.86,-308.0,0.692,0.693,65692000.0,45524556,45524556,2026-08-27,2026-08-27 16:11:55+08:00
513240,港股通信息技术ETF华安,1.038,1.042,0.38,0.009,0.87,793494.0,82371608.0,1.038,1.046,1.029,1.029,1.65,72.47,1.1,-13.14,409640.0,383854.0,801961.0,0.97,-1000395.0,-1.21,1802356.0,2.19,-652704.0,-0.79,-149257.0,-0.18,-3967.0,1.038,1.039,109496000.0,113656848,113656848,2026-08-27,2026-08-27 16:11:59+08:00
588130,科创医药ETF华夏,1.046,1.0455,-0.05,0.009,0.87,900554.0,92998090.0,1.03,1.047,1.019,1.037,2.7,20.3,0.9,8.13,495506.0,405048.0,-4943505.0,-5.32,-8791638.0,-9.45,3848133.0,4.14,4441827.0,4.78,501678.0,0.54,-2104.0,1.046,1.047,443582608.0,463987408,463987408,2026-08-27,2026-08-27 16:11:49+08:00
159673,沪深300ETF鹏华,1.294,1.2918,-0.17,0.011,0.86,527855.0,67931065.9,1.285,1.294,1.282,1.283,0.94,2.97,1.18,-38.86,279770.0,248085.0,213505.0,0.31,-2112433.0,-3.11,2325938.0,3.42,334349.0,0.49,-547854.0,-0.81,139.0,1.292,1.294,1777528384.0,2300121729,2300121729,2026-08-27,2026-08-27 15:34:09+08:00
561880,A100ETF华富,1.287,1.2874,0.03,0.011,0.86,11406.0,1462448.0,1.277,1.288,1.277,1.276,0.86,1.42,0.58,20.91,5578.0,5828.0,397014.0,27.15,0.0,0.0,397014.0,27.15,-300843.0,-20.57,-96172.0,-6.58,-197.0,1.284,1.288,80389000.0,103460643,103460643,2026-08-27,2026-08-27 16:11:48+08:00
510800,上证50ETF建信,1.407,1.4066,-0.03,0.012,0.86,12014.0,1684797.0,1.4,1.408,1.395,1.395,0.93,0.69,0.9,-8.49,10150.0,1864.0,54392.0,3.23,0.0,0.0,54392.0,3.23,60574.0,3.6,-114965.0,-6.82,-143.0,1.407,1.408,174576000.0,245628432,245628432,2026-08-27,2026-08-27 16:11:41+08:00
159919,沪深300ETF嘉实,4.9,4.9096,0.2,0.042,0.86,1284024.0,626260145.022,4.87,4.901,4.856,4.858,0.93,2.05,0.81,23.96,530770.0,753254.0,42848749.0,6.84,157414215.0,25.14,-114565466.0,-18.29,-24492673.0,-3.91,-18356071.0,-2.93,-1904.0,4.9,4.901,6278616576.0,30765221222,30765221222,2026-08-27,2026-08-27 15:34:36+08:00
159300,沪深300ETF富国,5.03,5.0327,0.05,0.043,0.86,119585.0,59883838.164,4.997,5.032,4.985,4.987,0.94,3.21,1.02,-30.06,49334.0,70251.0,11051733.0,18.46,18388625.0,30.71,-7336892.0,-12.25,-7243024.0,-12.1,-3808710.0,-6.36,1100.0,5.029,5.03,372658096.0,1874470223,1874470223,2026-08-27,2026-08-27 15:34:15+08:00
530680,上证180ETF兴业,1.176,1.1779,0.16,0.01,0.86,10629.0,1246865.0,1.163,1.179,1.163,1.166,1.37,0.98,0.67,8.27,9137.0,1492.0,-267555.0,-21.46,0.0,0.0,-267555.0,-21.46,164956.0,13.23,102600.0,8.23,-3404.0,1.176,1.178,108891900.0,128056874,128056874,2026-08-27,2026-08-27 16:11:41+08:00
515160,MSCI中国ETF招商,1.634,1.6358,0.11,0.014,0.86,2529.0,411626.0,1.627,1.634,1.627,1.62,0.43,0.1,0.13,9.06,203.0,2326.0,134650.0,32.71,0.0,0.0,134650.0,32.71,-123402.0,-29.98,-11248.0,-2.73,1.0,1.636,1.638,243955100.0,398622633,398622633,2026-08-27,2026-08-27 16:11:45+08:00
159329,沙特ETF南方,0.937,0.937,0.0,0.008,0.86,496301.0,46379990.633,0.932,0.937,0.931,0.929,0.65,4.22,1.82,-9.85,297884.0,198417.0,7405695.0,15.97,-4564571.0,-9.84,11970266.0,25.81,-3069950.0,-6.62,-4335745.0,-9.35,1785.0,0.936,0.937,1177189184.0,1103026265,1103026265,2026-08-27,2026-08-27 15:34:42+08:00
159161,工程机械ETF东财,0.939,0.9412,0.23,0.008,0.86,7060.0,658224.6,0.93,0.939,0.922,0.931,1.83,1.03,1.48,-31.86,5563.0,1497.0,61952.0,9.41,14663.0,2.23,47289.0,7.18,-48522.0,-7.37,-13432.0,-2.04,-7.0,0.939,0.94,68331260.0,64163053,64163053,2026-08-27,2026-08-27 15:34:51+08:00
159309,油气ETF汇添富,1.416,1.4178,0.13,0.012,0.85,260857.0,36678016.7,1.388,1.419,1.388,1.404,2.21,4.92,0.81,-16.6,147519.0,113338.0,1794791.0,4.89,-26258.0,-0.07,1821049.0,4.96,-1146927.0,-3.13,-647864.0,-1.77,-38.0,1.416,1.418,530371744.0,751006390,751006390,2026-08-27,2026-08-27 15:34:33+08:00
159993,证券ETF鹏华,1.192,1.1928,0.07,0.01,0.85,851212.0,100772515.651,1.176,1.193,1.175,1.182,1.52,2.57,1.27,-65.83,513899.0,337314.0,8078596.0,8.02,1515922.0,1.5,6562674.0,6.51,-8064126.0,-8.0,-14470.0,-0.01,2347.0,1.191,1.192,3315197984.0,3951715997,3951715997,2026-08-27,2026-08-27 15:34:57+08:00
510990,180ESGETF工银,1.069,1.0688,-0.02,0.009,0.85,61874.0,6560816.0,1.059,1.069,1.059,1.06,0.94,15.89,1.24,-1.17,20735.0,41139.0,-267979.0,-4.08,0.0,0.0,-267979.0,-4.08,218528.0,3.33,49450.0,0.75,80.0,1.067,1.069,38948600.0,41636053,41636053,2026-08-27,2026-08-27 16:11:38+08:00
510390,沪深300ETF平安,5.324,5.3248,0.02,0.045,0.85,6079.0,3221698.0,5.282,5.324,5.282,5.279,0.8,0.45,0.88,28.88,3545.0,2534.0,-122170.0,-3.79,29691.0,0.92,-151861.0,-4.71,147209.0,4.57,-25040.0,-0.78,-4.0,5.315,5.324,135650000.0,722200600,722200600,2026-08-27,2026-08-27 16:11:38+08:00
588250,科创医药ETF鹏华,1.065,1.0651,0.01,0.009,0.85,77508.0,8156304.0,1.05,1.066,1.038,1.056,2.65,2.92,0.46,9.16,36062.0,41446.0,-203099.0,-2.49,-217004.0,-2.66,13905.0,0.17,-682293.0,-8.37,885392.0,10.86,-193.0,1.063,1.065,265675000.0,282943875,282943875,2026-08-27,2026-08-27 16:11:44+08:00
512160,MSCI中国A股ETF南方,1.54,1.5412,0.08,0.013,0.85,3862.0,592612.0,1.531,1.54,1.531,1.527,0.59,0.32,0.26,6.67,1886.0,1976.0,212837.0,35.92,0.0,0.0,212837.0,35.92,-131157.0,-22.13,-81679.0,-13.78,-2.0,1.539,1.543,121777800.0,187537812,187537812,2026-08-27,2026-08-27 16:11:34+08:00
516250,工程机械ETF富国,0.946,0.9471,0.12,0.008,0.85,142706.0,13409165.0,0.929,0.946,0.929,0.938,1.81,18.09,4.32,-1.55,70773.0,71933.0,-223166.0,-1.66,154416.0,1.15,-377582.0,-2.82,117805.0,0.88,105360.0,0.79,-552.0,0.946,0.947,78878000.0,74618588,74618588,2026-08-27,2026-08-27 16:11:55+08:00
561510,中药ETF华泰柏瑞,0.954,0.9541,0.01,0.008,0.85,8369.0,795262.0,0.946,0.955,0.941,0.946,1.48,1.3,0.38,9.6,4647.0,3722.0,185442.0,23.32,19877.0,2.5,165565.0,20.82,-7605.0,-0.96,-177837.0,-22.36,-82.0,0.953,0.954,64206000.0,61252524,61252524,2026-08-27,2026-08-27 16:12:00+08:00
516550,农业ETF嘉实,0.711,0.7109,-0.01,0.006,0.85,112623.0,7937951.0,0.705,0.711,0.7,0.705,1.56,4.29,1.1,0.38,76240.0,36383.0,-26355.0,-0.33,-313780.0,-3.95,287425.0,3.62,78153.0,0.98,-51798.0,-0.65,-314.0,0.71,0.711,262414400.0,186576638,186576638,2026-08-27,2026-08-27 16:11:50+08:00
530050,上证50ETF东财,1.194,1.1958,0.15,0.01,0.84,37082.0,4406792.0,1.184,1.196,1.183,1.184,1.1,2.79,0.81,-3.53,21202.0,15880.0,20552.0,0.47,0.0,0.0,20552.0,0.47,278676.0,6.32,-299229.0,-6.79,-120.0,1.194,1.195,132813000.0,158578722,158578722,2026-08-27,2026-08-27 16:11:35+08:00
159211,深证100ETF富国,1.445,1.4447,-0.02,0.012,0.84,4616.0,661844.7,1.433,1.445,1.429,1.433,1.12,2.35,0.15,27.88,3084.0,1532.0,2062.0,0.31,0.0,0.0,2062.0,0.31,69066.0,10.44,-71129.0,-10.75,1.0,1.439,1.445,19683294.0,28442360,28442360,2026-08-27,2026-08-27 15:34:42+08:00
159976,湾创ETF工银,1.314,1.3157,0.13,0.011,0.84,413.0,54033.606,1.303,1.316,1.302,1.303,1.07,0.06,0.53,-54.14,96.0,317.0,22286.0,41.24,0.0,0.0,22286.0,41.24,-26220.0,-48.53,3935.0,7.28,6.0,1.309,1.314,63885872.0,83946036,83946036,2026-08-27,2026-08-27 15:34:06+08:00
515680,央企创新ETF嘉实,1.689,1.6892,0.01,0.014,0.84,15043.0,2533555.0,1.678,1.689,1.672,1.675,1.01,0.14,0.9,38.99,8773.0,6270.0,270117.0,10.66,0.0,0.0,270117.0,10.66,-177645.0,-7.01,-92471.0,-3.65,10.0,1.686,1.688,1099264704.0,1856658085,1856658085,2026-08-27,2026-08-27 16:11:56+08:00
510300,沪深300ETF华泰柏瑞,4.691,4.6946,0.08,0.039,0.84,6419297.0,3001316406.0,4.659,4.694,4.649,4.652,0.97,2.73,0.8,-73.09,3303202.0,3116095.0,412115040.0,13.73,391560256.0,13.05,20554784.0,0.68,-231806520.0,-7.72,-180308522.0,-6.01,-56989.0,4.691,4.692,23481487616.0,110151658407,110151658407,2026-08-27,2026-08-27 16:11:40+08:00
515970,工程机械ETF华夏,0.844,0.8454,0.17,0.007,0.84,1438613.0,120797229.0,0.837,0.845,0.829,0.837,1.91,20.2,1.24,4.8,559430.0,879183.0,-654255.0,-0.54,39440302.0,32.65,-40094557.0,-33.19,251253.0,0.21,403003.0,0.33,-616.0,0.844,0.845,712088000.0,601002272,601002272,2026-08-27,2026-08-27 16:11:42+08:00
515600,央企创新ETF广发,1.679,1.6798,0.05,0.014,0.84,13400.0,2243613.0,1.681,1.681,1.665,1.665,0.96,0.13,1.4,44.07,9022.0,4378.0,55467.0,2.47,0.0,0.0,55467.0,2.47,-62206.0,-2.77,6738.0,0.3,-3.0,1.677,1.68,1037797408.0,1742461848,1742461848,2026-08-27,2026-08-27 16:11:39+08:00
512370,A500增强ETF华夏,1.21,1.2101,0.01,0.01,0.83,24268.0,2921013.0,1.198,1.213,1.198,1.2,1.25,0.8,0.91,9.94,17119.0,7149.0,490485.0,16.79,1168932.0,40.02,-678447.0,-23.23,-454016.0,-15.54,-36468.0,-1.25,200.0,1.209,1.212,302313008.0,365798740,365798740,2026-08-27,2026-08-27 16:11:33+08:00
159393,沪深300ETF万家,4.981,4.9806,-0.01,0.041,0.83,26721.0,13255335.8,4.937,4.984,4.936,4.94,0.97,2.81,0.76,-19.63,10590.0,16131.0,2415342.0,18.22,552956.0,4.17,1862386.0,14.05,-483905.0,-3.65,-1931439.0,-14.57,20.0,4.978,4.981,95146342.0,473923930,473923930,2026-08-27,2026-08-27 15:34:12+08:00
560700,央企红利ETF广发,1.22,1.2196,-0.03,0.01,0.83,70081.0,8489953.0,1.207,1.22,1.206,1.21,1.16,1.56,1.11,15.12,41208.0,28872.0,-1158883.0,-13.65,-669093.0,-7.88,-489790.0,-5.77,1315340.0,15.49,-156456.0,-1.84,-155.0,1.219,1.22,450536896.0,549655013,549655013,2026-08-27,2026-08-27 16:11:44+08:00
560080,中药ETF汇添富,0.973,0.9725,-0.05,0.008,0.83,416154.0,40283335.0,0.962,0.974,0.959,0.965,1.55,1.85,0.56,-1.22,237445.0,178709.0,-3227808.0,-8.01,-734212.0,-1.82,-2493596.0,-6.19,3458336.0,8.59,-230528.0,-0.57,-2336.0,0.973,0.974,2249765008.0,2189021353,2189021353,2026-08-27,2026-08-27 16:11:43+08:00
159518,标普油气ETF嘉实,1.231,1.2452,1.14,0.01,0.82,1626414.0,200785088.7,1.239,1.241,1.231,1.221,0.82,9.78,0.68,-64.73,714697.0,911717.0,9338536.0,4.65,2470632.0,1.23,6867904.0,3.42,-10296778.0,-5.13,958242.0,0.48,23436.0,1.23,1.231,1663325376.0,2047553538,2047553538,2026-08-27,2026-08-27 15:34:21+08:00
515660,沪深300ETF国联安,5.871,5.8647,-0.11,0.048,0.82,2648.0,1549411.0,5.83,5.872,5.818,5.823,0.93,0.06,1.56,33.0,1550.0,1098.0,522598.0,33.73,0.0,0.0,522598.0,33.73,-319567.0,-20.63,-203032.0,-13.1,155.0,5.852,5.87,432694208.0,2540347695,2540347695,2026-08-27,2026-08-27 16:11:33+08:00
510850,上证50ETF工银,3.605,3.6115,0.18,0.029,0.81,19284.0,6923827.0,3.59,3.609,3.576,3.576,0.92,4.18,0.74,0.13,6630.0,12654.0,1548572.0,22.37,2581323.0,37.28,-1032751.0,-14.92,-842718.0,-12.17,-705854.0,-10.19,-34.0,3.605,3.609,46098900.0,166186535,166186535,2026-08-27,2026-08-27 16:11:57+08:00
159260,证券ETF博时,0.873,0.8748,0.21,0.007,0.81,126288.0,10973755.4,0.861,0.875,0.86,0.866,1.73,1.23,1.29,-90.84,80198.0,46090.0,1300999.0,11.86,2078462.0,18.94,-777463.0,-7.08,-1443798.0,-13.16,142797.0,1.3,-560.0,0.873,0.874,1028713584.0,898066959,898066959,2026-08-27,2026-08-27 15:34:42+08:00
510710,上证50ETF博时,4.337,4.3452,0.19,0.035,0.81,2996.0,1295711.0,4.314,4.342,4.304,4.302,0.88,0.29,0.23,-0.43,2204.0,792.0,522018.0,40.29,0.0,0.0,522018.0,40.29,-551919.0,-42.6,29901.0,2.31,-1.0,4.337,4.342,101618900.0,440721169,440721169,2026-08-27,2026-08-27 16:11:33+08:00
510100,上证50ETF易方达,2.994,2.9957,0.06,0.024,0.81,834308.0,248969580.0,2.97,2.999,2.97,2.97,0.98,8.87,0.9,0.78,559239.0,275069.0,-10871806.0,-4.37,54820775.0,22.02,-65692581.0,-26.39,19001786.0,7.63,-8129979.0,-3.27,-982.0,2.994,2.995,940106800.0,2814679759,2814679759,2026-08-27,2026-08-27 16:11:51+08:00
159898,医疗器械ETF招商,0.5,0.499,-0.2,0.004,0.81,140456.0,6989178.5,0.495,0.5,0.494,0.496,1.21,1.56,0.38,-30.71,58179.0,82277.0,1052131.0,15.05,971682.0,13.9,80449.0,1.15,-389428.0,-5.57,-662704.0,-9.48,3100.0,0.498,0.5,903098832.0,451549416,451549416,2026-08-27,2026-08-27 15:34:12+08:00
159992,创新药ETF银华,0.875,0.875,0.0,0.007,0.81,9327993.0,805469953.318,0.865,0.875,0.854,0.868,2.42,4.87,0.59,2.82,4891913.0,4436080.0,-50041881.0,-6.21,-69009232.0,-8.57,18967351.0,2.35,28857317.0,3.58,21184561.0,2.63,-120445.0,0.875,0.876,19159781120.0,16764808480,16764808480,2026-08-27,2026-08-27 15:34:54+08:00
159805,传媒ETF鹏华,1.134,1.1315,-0.22,0.009,0.8,159594.0,17971402.1,1.124,1.134,1.119,1.125,1.33,6.48,0.83,83.09,93037.0,66557.0,703660.0,3.92,480814.0,2.68,222846.0,1.24,-925912.0,-5.15,222252.0,1.24,-953.0,1.134,1.135,246452480.0,279477112,279477112,2026-08-27,2026-08-27 15:34:33+08:00
159981,能源化工ETF建信,1.52,1.5221,0.14,0.012,0.8,3002302.0,458718127.7,1.531,1.54,1.513,1.508,1.79,17.28,1.03,-39.74,1496786.0,1505516.0,28141029.0,6.13,29900794.0,6.52,-1759765.0,-0.38,-24963070.0,-5.44,-3177959.0,-0.69,-12156.0,1.52,1.521,1737536960.0,2641056179,2641056179,2026-08-27,2026-08-27 15:34:51+08:00
560400,证券ETF华泰柏瑞,1.002,1.0033,0.13,0.008,0.8,298437.0,29745347.0,0.993,1.003,0.989,0.994,1.41,16.81,1.33,2.85,149549.0,148888.0,2133568.0,7.17,2262936.0,7.61,-129368.0,-0.43,-1161078.0,-3.9,-972491.0,-3.27,-1000.0,1.002,1.003,177493000.0,177847986,177847986,2026-08-27,2026-08-27 16:11:32+08:00
560280,工程机械ETF广发,1.515,1.514,-0.07,0.012,0.8,267003.0,40096144.0,1.5,1.516,1.484,1.503,2.13,1.73,0.42,-32.83,170423.0,96580.0,4080439.0,10.18,814475.0,2.03,3265964.0,8.15,-1753094.0,-4.37,-2327346.0,-5.8,-254.0,1.515,1.516,1543252000.0,2338026780,2338026780,2026-08-27,2026-08-27 16:11:53+08:00
560250,红利质量ETF富国,1.002,1.0017,-0.03,0.008,0.8,50525.0,5037105.0,0.994,1.002,0.99,0.994,1.21,3.24,2.6,8.61,32061.0,18464.0,648430.0,12.87,2178955.0,43.26,-1530525.0,-30.39,-531375.0,-10.55,-117054.0,-2.32,9.0,1.0,1.002,155833000.0,156144666,156144666,2026-08-27,2026-08-27 16:11:33+08:00
561030,工程机械ETF华泰柏瑞,0.88,0.88,0.0,0.007,0.8,20840.0,1821280.0,0.871,0.88,0.865,0.873,1.72,1.12,0.41,1.28,12597.0,8243.0,98109.0,5.39,0.0,0.0,98109.0,5.39,-87336.0,-4.8,-10773.0,-0.59,-139.0,0.88,0.881,186550000.0,164164000,164164000,2026-08-27,2026-08-27 16:11:39+08:00
159058,证券ETF大成,1.005,1.0078,0.28,0.008,0.8,142040.0,14245056.365,0.997,1.007,0.992,0.997,1.5,11.52,4.16,-57.49,68083.0,73956.0,3897630.0,27.36,9296367.0,65.26,-5398737.0,-37.9,-3114148.0,-21.86,-783480.0,-5.5,101.0,1.003,1.005,123331247.0,123947903,123947903,2026-08-27,2026-08-27 15:34:54+08:00
588700,科创医药ETF嘉实,1.026,1.0257,-0.03,0.008,0.79,650404.0,65947276.0,1.014,1.026,1.0,1.018,2.55,13.83,0.76,-19.01,321699.0,328705.0,1547868.0,2.35,-4747615.0,-7.2,6295483.0,9.55,-1444581.0,-2.19,-103287.0,-0.16,-1030.0,1.025,1.026,470336208.0,482564949,482564949,2026-08-27,2026-08-27 16:12:00+08:00
588960,科创新能源ETF富国,1.153,1.1523,-0.06,0.009,0.79,79471.0,9038258.0,1.14,1.153,1.12,1.144,2.88,5.57,1.46,5.96,40829.0,38642.0,637203.0,7.05,990315.0,10.96,-353112.0,-3.91,-824865.0,-9.13,187663.0,2.08,26.0,1.154,1.155,142579800.0,164394509,164394509,2026-08-27,2026-08-27 16:11:42+08:00
517030,沪港深300ETF易方达,1.146,1.1432,-0.24,0.009,0.79,11979.0,1368240.0,1.15,1.15,1.128,1.137,1.93,1.43,2.96,20.18,8275.0,3704.0,-63752.0,-4.66,466813.0,34.12,-530565.0,-38.78,88636.0,6.48,-24884.0,-1.82,-3492.0,1.142,1.146,84040300.0,96310184,96310184,2026-08-27,2026-08-27 16:11:50+08:00
159645,疫苗ETF富国,0.64,0.64,0.0,0.005,0.79,47652.0,3011642.1,0.63,0.64,0.622,0.635,2.83,6.48,0.17,6.24,26857.0,20795.0,424082.0,14.08,618800.0,20.55,-194718.0,-6.47,-420005.0,-13.95,-4076.0,-0.14,370.0,0.638,0.64,73540740.0,47066074,47066074,2026-08-27,2026-08-27 15:34:03+08:00
159647,中药ETF鹏华,0.903,0.9034,0.04,0.007,0.78,130389.0,11717786.7,0.895,0.903,0.891,0.896,1.34,1.28,0.53,6.62,64850.0,65539.0,1453156.0,12.4,4136.0,0.04,1449020.0,12.37,-855552.0,-7.3,-597606.0,-5.1,1176.0,0.902,0.903,1019961760.0,921025469,921025469,2026-08-27,2026-08-27 15:34:48+08:00
159849,生物科技ETF招商,0.518,0.5176,-0.08,0.004,0.78,34058.0,1749578.0,0.515,0.518,0.507,0.514,2.14,2.16,0.46,-12.51,21727.0,12331.0,-129428.0,-7.4,408408.0,23.34,-537836.0,-30.74,123844.0,7.08,5584.0,0.32,300.0,0.517,0.518,157372396.0,81518901,81518901,2026-08-27,2026-08-27 15:34:45+08:00
159901,深证100ETF易方达,3.631,3.6325,0.04,0.028,0.78,618755.0,223508281.3,3.614,3.631,3.588,3.603,1.19,6.39,0.64,26.15,366559.0,252196.0,-22116224.0,-9.9,-20159366.0,-9.02,-1956858.0,-0.88,1668744.0,0.75,20447480.0,9.15,-3073.0,3.631,3.632,968734928.0,3517476524,3517476524,2026-08-27,2026-08-27 15:34:12+08:00
510310,沪深300ETF易方达,4.555,4.5559,0.02,0.035,0.77,2753542.0,1248372709.0,4.523,4.559,4.516,4.52,0.95,2.4,1.72,-55.03,834873.0,1918669.0,89347046.0,7.16,-945472.0,-0.08,90292518.0,7.23,-57463171.0,-4.6,-31883873.0,-2.55,-5236.0,4.555,4.556,11458544128.0,52193668503,52193668503,2026-08-27,2026-08-27 16:11:50+08:00
512080,A500ETF中金,1.309,1.3114,0.18,0.01,0.77,248543.0,32392438.0,1.299,1.312,1.296,1.299,1.23,3.15,0.92,-7.4,116828.0,131715.0,-450469.0,-1.39,-292593.0,-0.9,-157876.0,-0.49,545510.0,1.68,-95041.0,-0.29,-1528.0,1.309,1.31,788186096.0,1031735600,1031735600,2026-08-27,2026-08-27 16:11:40+08:00
520750,港股通信息ETF华富,0.913,0.9167,0.4,0.007,0.77,212708.0,19455441.0,0.915,0.921,0.908,0.906,1.43,15.37,1.04,-24.31,102871.0,109837.0,1906939.0,9.8,195471.0,1.0,1711468.0,8.8,-1528094.0,-7.85,-378846.0,-1.95,-693.0,0.913,0.914,138384000.0,126344592,126344592,2026-08-27,2026-08-27 16:11:50+08:00
515150,一带一路ETF富国,1.574,1.5723,-0.11,0.012,0.77,17279.0,2699016.0,1.563,1.574,1.552,1.562,1.41,0.43,0.83,29.75,10629.0,6650.0,-59.0,0.0,305126.0,11.31,-305185.0,-11.31,118159.0,4.38,-118101.0,-4.38,-317.0,1.574,1.575,398703200.0,627558837,627558837,2026-08-27,2026-08-27 16:11:53+08:00
159961,深100ETF方正富邦,2.225,2.2286,0.16,0.017,0.77,1218.0,269574.9,2.211,2.225,2.206,2.208,0.86,0.12,0.12,43.5,741.0,477.0,-154921.0,-57.47,0.0,0.0,-154921.0,-57.47,194293.0,72.07,-39372.0,-14.61,-1.0,2.216,2.23,99245196.0,220820561,220820561,2026-08-27,2026-08-27 15:34:15+08:00
159925,沪深300ETF南方,4.766,4.7714,0.11,0.036,0.76,177261.0,84123981.738,4.73,4.77,4.724,4.73,0.97,2.91,0.94,7.05,79986.0,97275.0,456962.0,0.54,-6186589.0,-7.35,6643551.0,7.9,-108456.0,-0.13,-348507.0,-0.41,-132.0,4.766,4.768,608720864.0,2901163638,2901163638,2026-08-27,2026-08-27 15:34:24+08:00
561430,红利质量ETF博时,1.057,1.0576,0.06,0.008,0.76,9304.0,981000.0,1.046,1.057,1.046,1.049,1.05,2.31,0.57,-29.71,5429.0,3875.0,341702.0,34.83,0.0,0.0,341702.0,34.83,-318042.0,-32.42,-23659.0,-2.41,4.0,1.053,1.057,40223200.0,42515922,42515922,2026-08-27,2026-08-27 16:11:47+08:00
589720,科创创新药ETF国泰,0.93,0.9288,-0.13,0.007,0.76,7394595.0,675453162.0,0.917,0.93,0.9,0.923,3.25,16.09,0.64,36.72,3825021.0,3569574.0,-50407701.0,-7.46,-51766416.0,-7.66,1358715.0,0.2,27146084.0,4.02,23261605.0,3.44,-85732.0,0.929,0.93,4594822912.0,4273185308,4273185308,2026-08-27,2026-08-27 16:11:50+08:00
159330,沪深300ETF东财,1.45,1.4513,0.09,0.011,0.76,153731.0,22221068.6,1.439,1.451,1.438,1.439,0.9,3.59,0.98,27.19,96312.0,57419.0,9033506.0,40.65,8562541.0,38.53,470965.0,2.12,-5101844.0,-22.96,-3931663.0,-17.69,-1838.0,1.45,1.451,428801008.0,621761462,621761462,2026-08-27,2026-08-27 15:34:27+08:00
560070,央企红利ETF汇添富,1.19,1.1906,0.05,0.009,0.76,17247.0,2041788.0,1.184,1.19,1.179,1.181,0.93,2.07,1.4,17.35,6200.0,11047.0,936906.0,45.89,290694.0,14.24,646212.0,31.65,-339477.0,-16.63,-597430.0,-29.26,-140.0,1.188,1.19,83362300.0,99201137,99201137,2026-08-27,2026-08-27 16:11:39+08:00
560180,沪深300ESGETF南方,1.202,1.2026,0.05,0.009,0.75,16120.0,1929826.0,1.197,1.203,1.194,1.193,0.75,10.33,0.81,-0.5,8009.0,8111.0,27588.0,1.43,0.0,0.0,27588.0,1.43,-120.0,-0.01,-27468.0,-1.42,-1.0,1.2,1.203,15603000.0,18754806,18754806,2026-08-27,2026-08-27 16:11:58+08:00
159212,深100ETF南方,1.472,1.4726,0.04,0.011,0.75,182895.0,26755323.8,1.462,1.472,1.456,1.461,1.1,25.69,2.38,44.16,71036.0,111859.0,329153.0,1.23,-2317251.0,-8.66,2646404.0,9.89,-197884.0,-0.74,-131269.0,-0.49,80.0,1.468,1.472,71204367.0,104812828,104812828,2026-08-27,2026-08-27 15:34:45+08:00
516440,工程机械ETF南方,0.946,0.9473,0.14,0.007,0.75,63795.0,6022504.0,0.93,0.946,0.93,0.939,1.7,4.47,0.83,-6.17,30065.0,33730.0,181545.0,3.01,0.0,0.0,181545.0,3.01,-112667.0,-1.87,-68879.0,-1.14,-100.0,0.946,0.947,142626600.0,134924764,134924764,2026-08-27,2026-08-27 16:11:43+08:00
560900,创新药ETF摩根,0.942,0.941,-0.11,0.007,0.75,129879.0,12088281.0,0.934,0.942,0.92,0.935,2.35,6.31,0.58,30.41,61075.0,68804.0,6405.0,0.05,172366.0,1.43,-165961.0,-1.37,-447601.0,-3.7,441195.0,3.65,-1749.0,0.941,0.942,205969100.0,194022892,194022892,2026-08-27,2026-08-27 16:11:33+08:00
561200,中证A100ETF工银,1.479,1.4802,0.08,0.011,0.75,6458.0,952378.0,1.472,1.48,1.468,1.468,0.82,2.05,0.36,0.32,1147.0,5311.0,-139208.0,-14.62,0.0,0.0,-139208.0,-14.62,151848.0,15.94,-12641.0,-1.33,-1.0,1.479,1.483,31470500.0,46544870,46544870,2026-08-27,2026-08-27 16:11:39+08:00
520970,港股通创新药ETF嘉实,0.945,0.9463,0.14,0.007,0.75,1056061.0,98947476.0,0.947,0.947,0.927,0.938,2.13,8.45,0.72,-36.42,566702.0,489359.0,8876405.0,8.97,5969000.0,6.03,2907405.0,2.94,-5933380.0,-6.0,-2943026.0,-2.97,-5252.0,0.944,0.945,1250358000.0,1181588310,1181588310,2026-08-27,2026-08-27 16:11:47+08:00
530280,上证180ETF平安,1.211,1.2136,0.21,0.009,0.75,174.0,21005.0,1.206,1.211,1.206,1.202,0.42,0.06,0.14,11.46,164.0,10.0,8663.0,41.24,0.0,0.0,8663.0,41.24,0.0,0.0,-8663.0,-41.24,1.0,1.211,1.213,29934000.0,36250074,36250074,2026-08-27,2026-08-27 16:11:49+08:00
563520,沪深300ETF永赢,1.206,1.2075,0.12,0.009,0.75,112381.0,13485339.0,1.198,1.207,1.197,1.197,0.84,2.75,0.6,10.66,56742.0,55639.0,2623096.0,19.45,1953289.0,14.48,669807.0,4.97,-2195106.0,-16.28,-427991.0,-3.17,-20.0,1.205,1.208,409065008.0,493332400,493332400,2026-08-27,2026-08-27 16:11:54+08:00
561760,油气ETF博时,1.365,1.3657,0.05,0.01,0.74,43373.0,5880304.0,1.352,1.366,1.342,1.355,1.77,2.8,0.88,-1.7,21366.0,22007.0,-250001.0,-4.25,0.0,0.0,-250001.0,-4.25,225134.0,3.83,24867.0,0.42,-20.0,1.365,1.366,154695000.0,211158675,211158675,2026-08-27,2026-08-27 16:11:34+08:00
513650,标普500ETF南方,2.038,1.8756,-8.66,0.015,0.74,1348803.0,274497840.0,2.032,2.042,2.029,2.023,0.64,3.1,0.69,-59.99,629793.0,719010.0,-1958520.0,-0.71,8879692.0,3.23,-10838212.0,-3.95,6456585.0,2.35,-4498065.0,-1.64,-9444.0,2.038,2.039,4351734016.0,8868833925,8868833925,2026-08-27,2026-08-27 16:11:55+08:00
159859,生物医药ETF天弘,0.407,0.4061,-0.22,0.003,0.74,3043881.0,122139589.3,0.403,0.407,0.397,0.404,2.48,2.97,0.38,-8.01,1566257.0,1477624.0,-5516332.0,-4.52,-9663741.0,-7.91,4147409.0,3.4,2968111.0,2.43,2548222.0,2.09,36523.0,0.406,0.407,10265840128.0,4178196932,4178196932,2026-08-27,2026-08-27 15:34:36+08:00
159835,创新药ETF建信,0.679,0.6787,-0.04,0.005,0.74,245693.0,16458490.6,0.673,0.679,0.663,0.674,2.37,6.93,0.61,11.24,111237.0,134456.0,336280.0,2.04,0.0,0.0,336280.0,2.04,-540444.0,-3.28,204164.0,1.24,739.0,0.678,0.679,354504144.0,240708314,240708314,2026-08-27,2026-08-27 15:34:00+08:00
513120,港股创新药ETF广发,1.356,1.3588,0.21,0.01,0.74,56878582.0,7636560143.0,1.358,1.361,1.327,1.346,2.53,29.02,0.87,-18.97,29849418.0,27029164.0,58308848.0,0.76,92092496.0,1.21,-33783648.0,-0.44,-59169616.0,-0.77,860768.0,0.01,-357206.0,1.355,1.356,19602635520.0,26581173765,26581173765,2026-08-27,2026-08-27 16:11:59+08:00
515110,一带一路ETF易方达,1.659,1.6587,-0.02,0.012,0.73,60684.0,10013566.0,1.651,1.659,1.64,1.647,1.15,2.81,0.91,-5.41,33522.0,27162.0,-19757.0,-0.2,-273008.0,-2.73,253251.0,2.53,27185.0,0.27,-7428.0,-0.07,-3.0,1.659,1.66,216295000.0,358833405,358833405,2026-08-27,2026-08-27 16:11:51+08:00
512260,中证500低波动ETF华安,1.937,1.9348,-0.11,0.014,0.73,5519.0,1061404.0,1.91,1.938,1.91,1.923,1.46,2.8,4.95,8.66,4062.0,1457.0,4406.0,0.42,0.0,0.0,4406.0,0.42,0.0,0.0,-4406.0,-0.42,10.0,1.931,1.938,19697700.0,38154445,38154445,2026-08-27,2026-08-27 16:11:35+08:00
561770,A100ETF博时,1.262,1.2624,0.03,0.009,0.72,1762.0,221333.0,1.252,1.262,1.252,1.253,0.8,0.47,0.21,9.1,59.0,1703.0,18238.0,8.24,0.0,0.0,18238.0,8.24,0.0,0.0,-18238.0,-8.24,-1.0,1.258,1.265,37550000.0,47388100,47388100,2026-08-27,2026-08-27 16:11:41+08:00
159716,深证100ETF华宝,1.123,1.1247,0.15,0.008,0.72,8734.0,975374.8,1.117,1.125,1.113,1.115,1.08,1.57,0.26,0.46,5047.0,3687.0,17455.0,1.79,0.0,0.0,17455.0,1.79,-33017.0,-3.39,15561.0,1.6,-417.0,1.122,1.127,55666732.0,62513740,62513740,2026-08-27,2026-08-27 15:34:36+08:00
159588,石油ETF景顺,1.262,1.2606,-0.11,0.009,0.72,86993.0,10914959.9,1.25,1.262,1.241,1.253,1.68,2.03,0.74,35.03,55471.0,31522.0,1788585.0,16.39,1127490.0,10.33,661095.0,6.06,-1526395.0,-13.98,-262191.0,-2.4,54.0,1.259,1.262,428284864.0,540495498,540495498,2026-08-27,2026-08-27 15:34:06+08:00
516190,传媒ETF华夏,0.975,0.9726,-0.25,0.007,0.72,67861.0,6575763.0,0.963,0.975,0.962,0.968,1.34,6.6,0.6,-3.54,43217.0,24644.0,-65851.0,-1.0,-32482.0,-0.49,-33369.0,-0.51,-94344.0,-1.43,160196.0,2.44,-140.0,0.974,0.975,102818500.0,100248038,100248038,2026-08-27,2026-08-27 16:12:01+08:00
159791,300ESGETF华夏,1.113,1.1139,0.08,0.008,0.72,48509.0,5379560.9,1.104,1.113,1.104,1.105,0.81,15.61,2.6,0.59,33305.0,15204.0,211140.0,3.92,0.0,0.0,211140.0,3.92,-177955.0,-3.31,-33185.0,-0.62,1000.0,1.109,1.113,31083347.0,34595765,34595765,2026-08-27,2026-08-27 15:34:45+08:00
530000,上证50ETF天弘,1.394,1.3956,0.11,0.01,0.72,14902.0,2065990.0,1.384,1.395,1.383,1.384,0.87,0.15,0.6,11.92,8315.0,6587.0,73418.0,3.55,0.0,0.0,73418.0,3.55,19266.0,0.93,-92685.0,-4.49,-3.0,1.394,1.395,975029408.0,1359190995,1359190995,2026-08-27,2026-08-27 16:11:47+08:00
158005,工程机械ETF博时,0.982,0.9863,0.44,0.007,0.72,127705.0,12512982.948,0.965,0.985,0.937,0.975,4.92,5.67,0.67,-49.36,58238.0,69466.0,4268060.0,34.11,8558142.0,68.39,-4290082.0,-34.29,-3882791.0,-31.03,-385268.0,-3.08,-758.0,0.982,0.984,225061376.0,221010271,221010271,2026-08-27,2026-08-27 15:34:21+08:00
515310,沪深300ETF汇添富,1.394,1.3938,-0.01,0.01,0.72,129768.0,18002972.0,1.382,1.394,1.381,1.384,0.94,3.95,0.7,21.52,66159.0,63609.0,3713169.0,20.63,4564054.0,25.35,-850885.0,-4.73,-2295124.0,-12.75,-1418045.0,-7.88,-1491.0,1.393,1.394,328611200.0,458084013,458084013,2026-08-27,2026-08-27 16:11:44+08:00
510320,沪深300ETF中金,1.262,1.2621,0.01,0.009,0.72,99454.0,12492240.0,1.253,1.262,1.25,1.253,0.96,1.59,0.65,-2.36,48347.0,51107.0,386468.0,3.09,0.0,0.0,386468.0,3.09,36376.0,0.29,-422845.0,-3.38,-80.0,1.261,1.262,625068496.0,788836442,788836442,2026-08-27,2026-08-27 16:12:01+08:00
589120,科创创新药ETF汇添富,0.857,0.857,0.0,0.006,0.71,2014464.0,169855723.0,0.846,0.858,0.83,0.851,3.29,15.77,0.75,-7.56,1004154.0,1010310.0,-12430331.0,-7.32,-19997033.0,-11.77,7566702.0,4.45,6290454.0,3.7,6139876.0,3.61,-9431.0,0.857,0.858,1277620000.0,1094920340,1094920340,2026-08-27,2026-08-27 16:11:52+08:00
510350,沪深300ETF工银,4.935,4.9432,0.17,0.035,0.71,21198.0,10424026.0,4.905,4.942,4.899,4.9,0.88,0.31,0.74,51.93,9395.0,11803.0,2202261.0,21.13,-1118362.0,-10.73,3320623.0,31.86,-1687789.0,-16.19,-514471.0,-4.94,-100.0,4.935,4.936,676014704.0,3336132564,3336132564,2026-08-27,2026-08-27 16:11:34+08:00
520700,港股通创新药ETF万家,1.699,1.6923,-0.4,0.012,0.71,3425170.0,576815808.0,1.701,1.706,1.665,1.687,2.43,78.91,0.82,-55.47,1702149.0,1723021.0,13369063.0,2.32,7332567.0,1.27,6036496.0,1.05,-12698130.0,-2.2,-670939.0,-0.12,-10079.0,1.698,1.699,434076000.0,737495124,737495124,2026-08-27,2026-08-27 16:11:33+08:00
561120,家电ETF富国,1.271,1.2688,-0.17,0.009,0.71,53876.0,6793433.0,1.262,1.271,1.257,1.262,1.11,19.13,0.68,-4.15,32715.0,21161.0,-5598.0,-0.08,208026.0,3.06,-213624.0,-3.14,768.0,0.01,4830.0,0.07,-300.0,1.268,1.271,28159900.0,35791233,35791233,2026-08-27,2026-08-27 16:11:54+08:00
515960,医药ETF嘉实,0.849,0.8496,0.07,0.006,0.71,52962.0,4461977.0,0.841,0.85,0.836,0.843,1.66,2.21,0.75,27.26,28389.0,24573.0,77838.0,1.74,0.0,0.0,77838.0,1.74,-31629.0,-0.71,-46209.0,-1.04,-1.0,0.848,0.849,239991900.0,203753123,203753123,2026-08-27,2026-08-27 16:11:38+08:00
515630,证券保险ETF鹏华,1.292,1.2923,0.02,0.009,0.7,372083.0,47757728.0,1.28,1.292,1.275,1.283,1.33,3.86,1.26,-8.54,216402.0,155681.0,5061343.0,10.6,-2791864.0,-5.85,7853207.0,16.44,-2709397.0,-5.67,-2351947.0,-4.92,-676.0,1.291,1.292,962717696.0,1243831263,1243831263,2026-08-27,2026-08-27 16:11:33+08:00
510950,上证50ETF广发,1.0,0.9966,-0.34,0.007,0.7,151381.0,15080812.0,0.99,1.001,0.99,0.993,1.11,13.12,1.61,-5.72,101068.0,50313.0,2291694.0,15.2,-896400.0,-5.94,3188094.0,21.14,-1818961.0,-12.06,-472733.0,-3.13,-961.0,1.0,1.001,115420800.0,115420800,115420800,2026-08-27,2026-08-27 16:12:01+08:00
159748,创新药ETF富国,0.868,0.8659,-0.24,0.006,0.7,578447.0,49619306.4,0.862,0.868,0.848,0.862,2.32,3.85,0.48,12.85,257428.0,321019.0,-3322547.0,-6.7,1806426.0,3.64,-5128973.0,-10.34,544221.0,1.1,2778326.0,5.6,3174.0,0.867,0.868,1503692128.0,1305204767,1305204767,2026-08-27,2026-08-27 15:34:06+08:00
159800,中证800ETF鹏华,1.433,1.4358,0.2,0.01,0.7,2747.0,392424.5,1.424,1.433,1.421,1.423,0.84,1.03,0.79,-3.88,2569.0,178.0,16366.0,4.17,0.0,0.0,16366.0,4.17,-63816.0,-16.26,47450.0,12.09,2.0,1.432,1.435,26736802.0,38313837,38313837,2026-08-27,2026-08-27 15:34:27+08:00
159350,深证50ETF富国,1.572,1.5715,-0.03,0.011,0.7,308335.0,48174061.6,1.563,1.572,1.556,1.561,1.02,22.67,0.68,26.89,194929.0,113406.0,-13081689.0,-27.16,-4902378.0,-10.18,-8179311.0,-16.98,-4053449.0,-8.41,17135138.0,35.57,-1520.0,1.572,1.573,136009642.0,213807157,213807157,2026-08-27,2026-08-27 15:34:54+08:00
159686,A100ETF易方达,1.295,1.2964,0.11,0.009,0.7,55551.0,7157724.7,1.286,1.295,1.284,1.286,0.86,7.14,0.65,8.98,25554.0,29997.0,-275434.0,-3.85,0.0,0.0,-275434.0,-3.85,205281.0,2.87,70153.0,0.98,160.0,1.292,1.295,77815386.0,100770925,100770925,2026-08-27,2026-08-27 15:34:18+08:00
561960,央企回报ETF招商,1.291,1.2917,0.05,0.009,0.7,1312.0,168546.0,1.284,1.291,1.282,1.282,0.7,0.23,0.38,13.41,867.0,445.0,-5789.0,-3.43,0.0,0.0,-5789.0,-3.43,21905.0,13.0,-16115.0,-9.56,30.0,1.29,1.291,57385200.0,74084293,74084293,2026-08-27,2026-08-27 16:11:46+08:00
516730,证券ETF浦银,1.003,1.0042,0.12,0.007,0.7,42795.0,4263269.0,0.994,1.004,0.989,0.996,1.51,1.87,1.53,-8.71,25021.0,17774.0,985827.0,23.12,549235.0,12.88,436592.0,10.24,-810425.0,-19.01,-175402.0,-4.11,-300.0,1.003,1.004,228380800.0,229065942,229065942,2026-08-27,2026-08-27 16:12:01+08:00
561490,红利质量ETF财通,1.027,1.0264,-0.06,0.007,0.69,84948.0,8689159.0,1.017,1.028,1.016,1.02,1.18,8.79,0.97,-1.32,48422.0,36526.0,369140.0,4.25,1458489.0,16.79,-1089349.0,-12.54,-305493.0,-3.52,-63647.0,-0.73,-3000.0,1.026,1.028,96631300.0,99240345,99240345,2026-08-27,2026-08-27 16:11:36+08:00
159848,证券ETF国联安,0.88,0.8818,0.2,0.006,0.69,38639.0,3386895.5,0.87,0.882,0.869,0.874,1.49,2.43,1.6,-28.82,18836.0,19803.0,497987.0,14.7,857078.0,25.31,-359091.0,-10.6,-161089.0,-4.76,-336897.0,-9.95,-258.0,0.88,0.881,158811239.0,139753890,139753890,2026-08-27,2026-08-27 15:34:42+08:00
516610,医疗设备ETF大成,0.435,0.435,0.0,0.003,0.69,34070.0,1474167.0,0.433,0.435,0.43,0.432,1.16,1.45,0.27,7.18,17280.0,16790.0,-89460.0,-6.07,122816.0,8.33,-212276.0,-14.4,98518.0,6.68,-9058.0,-0.61,-393.0,0.434,0.435,234974800.0,102214038,102214038,2026-08-27,2026-08-27 16:11:45+08:00
159150,深证50ETF易方达,1.609,1.6098,0.05,0.011,0.69,52359.0,8383333.0,1.601,1.611,1.594,1.598,1.06,5.63,0.78,-2.74,30937.0,21422.0,-3021753.0,-36.04,-49594.0,-0.59,-2972159.0,-35.45,-1156933.0,-13.8,4178687.0,49.85,-90.0,1.608,1.609,92997623.0,149633175,149633175,2026-08-27,2026-08-27 15:34:57+08:00
589960,科创新能源ETF易方达,0.882,0.8822,0.02,0.006,0.68,265004.0,23050711.0,0.88,0.884,0.857,0.876,3.08,15.56,0.66,3.68,170775.0,94229.0,-1639753.0,-7.11,-1350314.0,-5.86,-289439.0,-1.26,1280274.0,5.55,359480.0,1.56,-1.0,0.882,0.883,170316000.0,150218712,150218712,2026-08-27,2026-08-27 16:11:59+08:00
517380,创新药ETF天弘,0.89,0.8908,0.09,0.006,0.68,1498829.0,132091009.0,0.884,0.891,0.87,0.884,2.38,5.02,0.77,12.94,792477.0,706352.0,-12915802.0,-9.78,-22015920.0,-16.67,9100118.0,6.89,9194973.0,6.96,3720829.0,2.82,-8911.0,0.889,0.89,2988326304.0,2659610411,2659610411,2026-08-27,2026-08-27 16:11:57+08:00
516830,沪深300ESGETF富国,1.039,1.0394,0.04,0.007,0.68,44700.0,4618987.0,1.032,1.039,1.031,1.032,0.78,5.13,0.7,-4.47,17309.0,27391.0,77751.0,1.68,0.0,0.0,77751.0,1.68,-16522.0,-0.36,-61229.0,-1.33,-1.0,1.038,1.04,87176900.0,90576799,90576799,2026-08-27,2026-08-27 16:11:35+08:00
510370,沪深300ETF兴业,1.039,1.0401,0.11,0.007,0.68,13669.0,1413852.0,1.032,1.04,1.031,1.032,0.87,1.57,0.98,-6.5,7608.0,6061.0,-65175.0,-4.61,218627.0,15.46,-283802.0,-20.07,76995.0,5.45,-11819.0,-0.84,-3.0,1.039,1.04,87258100.0,90661166,90661166,2026-08-27,2026-08-27 16:11:32+08:00
159929,医药ETF汇添富,1.35,1.3505,0.04,0.009,0.67,647438.0,86912649.64,1.34,1.351,1.327,1.341,1.79,3.88,1.0,-48.91,247923.0,399515.0,-4863166.0,-5.6,-9657883.0,-11.11,4794717.0,5.52,7331311.0,8.44,-2468146.0,-2.84,-1178.0,1.35,1.351,1666704208.0,2250050681,2250050681,2026-08-27,2026-08-27 15:34:24+08:00
515330,沪深300ETF天弘,1.348,1.3502,0.16,0.009,0.67,135979.0,18243071.0,1.34,1.35,1.337,1.339,0.97,0.22,0.78,14.74,91260.0,44719.0,3040296.0,16.67,-1682119.0,-9.22,4722415.0,25.89,-2136154.0,-11.71,-904143.0,-4.96,-406.0,1.348,1.349,6164709632.0,8310028584,8310028584,2026-08-27,2026-08-27 16:12:00+08:00
515900,央企创新ETF博时,1.658,1.6586,0.04,0.011,0.67,53450.0,8842337.0,1.644,1.66,1.641,1.647,1.15,0.24,0.89,31.11,30492.0,22958.0,583361.0,6.6,105316.0,1.19,478045.0,5.41,-368484.0,-4.17,-214877.0,-2.43,-36.0,1.656,1.659,2236846496.0,3708691490,3708691490,2026-08-27,2026-08-27 16:11:32+08:00
560710,船舶ETF富国,0.906,0.9041,-0.21,0.006,0.67,317880.0,28585078.0,0.899,0.906,0.891,0.9,1.67,1.81,0.76,-0.63,185361.0,132519.0,1366962.0,4.78,4820795.0,16.86,-3453833.0,-12.08,-1055991.0,-3.69,-310970.0,-1.09,-5153.0,0.905,0.906,1751580000.0,1586931480,1586931480,2026-08-27,2026-08-27 16:11:50+08:00
510200,上证券商ETF汇安,1.201,1.2032,0.18,0.008,0.67,50861.0,6090272.0,1.189,1.203,1.186,1.193,1.42,3.27,1.79,-35.55,33917.0,16944.0,1202207.0,19.74,30302.0,0.5,1171905.0,19.24,-630916.0,-10.36,-571291.0,-9.38,-258.0,1.201,1.202,155385500.0,186617986,186617986,2026-08-27,2026-08-27 16:11:51+08:00
159975,深100ETF招商,0.762,0.7623,0.04,0.005,0.66,36731.0,2786102.5,0.758,0.762,0.755,0.757,0.92,7.43,1.0,45.14,19157.0,17574.0,91040.0,3.27,0.0,0.0,91040.0,3.27,-93555.0,-3.36,2514.0,0.09,98.0,0.762,0.763,49437760.0,37671573,37671573,2026-08-27,2026-08-27 15:34:24+08:00
512550,富时A50ETF嘉实,1.827,1.8302,0.17,0.012,0.66,30401.0,5538400.0,1.818,1.83,1.816,1.815,0.77,2.74,0.77,31.47,19114.0,11287.0,1030557.0,18.61,0.0,0.0,1030557.0,18.61,-644413.0,-11.64,-386145.0,-6.97,-37.0,1.827,1.829,110906000.0,202625262,202625262,2026-08-27,2026-08-27 16:11:34+08:00
516060,创新药ETF工银,0.61,0.6101,0.02,0.004,0.66,104465.0,6296897.0,0.603,0.61,0.596,0.606,2.31,3.64,0.48,-6.89,42358.0,62107.0,-486213.0,-7.72,563120.0,8.94,-1049333.0,-16.66,124887.0,1.98,361327.0,5.74,-400.0,0.609,0.61,287237408.0,175214819,175214819,2026-08-27,2026-08-27 16:11:40+08:00
159065,工程机械ETF景顺,0.922,0.9246,0.28,0.006,0.66,13571.0,1248457.473,0.911,0.923,0.909,0.916,1.53,1.24,1.53,-15.65,8838.0,4733.0,131323.0,10.52,-37533.0,-3.01,168856.0,13.53,-141069.0,-11.3,9744.0,0.78,-50.0,0.923,0.925,109350818.0,100821454,100821454,2026-08-27,2026-08-27 15:34:06+08:00
159721,深证100ETF永赢,1.06,1.0605,0.05,0.007,0.66,2878.0,303485.8,1.053,1.06,1.049,1.053,1.04,0.43,0.11,0.5,635.0,2243.0,88753.0,29.24,0.0,0.0,88753.0,29.24,-108083.0,-35.61,19330.0,6.37,-413.0,1.056,1.063,67431696.0,71477598,71477598,2026-08-27,2026-08-27 15:34:45+08:00
512060,A100ETF天弘,1.217,1.2157,-0.11,0.008,0.66,4458.0,539821.0,1.208,1.22,1.207,1.209,1.08,4.08,0.17,0.5,613.0,3845.0,102071.0,18.91,0.0,0.0,102071.0,18.91,-77044.0,-14.27,-25027.0,-4.64,-2.0,1.214,1.217,10928000.0,13299376,13299376,2026-08-27,2026-08-27 16:11:33+08:00
512390,中国低波ETF平安,1.237,1.2375,0.04,0.008,0.65,403.0,49712.0,1.227,1.237,1.226,1.229,0.9,0.26,2.23,6.7,147.0,256.0,15103.0,30.38,0.0,0.0,15103.0,30.38,0.0,0.0,-15103.0,-30.38,30.0,1.237,1.24,15682000.0,19398634,19398634,2026-08-27,2026-08-27 16:11:59+08:00
520830,沙特ETF华泰柏瑞,0.924,0.9233,-0.08,0.006,0.65,225509.0,20820423.0,0.921,0.925,0.92,0.918,0.54,2.05,1.16,-8.35,145844.0,79665.0,4187801.0,20.11,-52712.0,-0.25,4240513.0,20.37,-2238830.0,-10.75,-1948972.0,-9.36,-680.0,0.924,0.925,1102119008.0,1018357963,1018357963,2026-08-27,2026-08-27 16:12:00+08:00
159326,电网设备ETF华夏,1.694,1.6991,0.3,0.011,0.65,5605206.0,939103750.759,1.678,1.697,1.658,1.683,2.32,4.58,1.81,-6.71,2228742.0,3376464.0,44298987.0,4.72,4104944.0,0.44,40194043.0,4.28,-43116330.0,-4.59,-1182673.0,-0.13,22185.0,1.693,1.694,12249265408.0,20750255601,20750255601,2026-08-27,2026-08-27 15:34:36+08:00
159576,深证100ETF广发,1.551,1.554,0.19,0.01,0.65,42486.0,6559886.4,1.54,1.552,1.537,1.541,0.97,11.33,1.56,64.59,19449.0,23037.0,94123.0,1.43,0.0,0.0,94123.0,1.43,-116014.0,-1.77,21890.0,0.33,-52.0,1.551,1.552,37509612.0,58177408,58177408,2026-08-27,2026-08-27 15:34:03+08:00
159657,疫苗ETF鹏华,0.615,0.6168,0.29,0.004,0.65,63790.0,3887424.249,0.608,0.616,0.6,0.611,2.62,3.79,0.19,-12.2,35583.0,28207.0,702010.0,18.06,937782.0,24.12,-235772.0,-6.06,-576496.0,-14.83,-125515.0,-3.23,119.0,0.614,0.615,168514819.0,103636614,103636614,2026-08-27,2026-08-27 15:34:51+08:00
515990,一带一路ETF汇添富,1.537,1.5384,0.09,0.01,0.65,34240.0,5257547.0,1.523,1.538,1.523,1.527,0.98,6.54,2.37,7.77,22441.0,11799.0,-1936.0,-0.04,-1582261.0,-30.1,1580325.0,30.06,0.0,0.0,1936.0,0.04,-1500.0,1.537,1.542,52350200.0,80462257,80462257,2026-08-27,2026-08-27 16:11:35+08:00
510600,上证50ETF申万菱信,3.89,3.9013,0.29,0.025,0.65,1031.0,399110.0,3.869,3.898,3.865,3.865,0.85,0.77,0.14,-4.9,923.0,108.0,22954.0,5.75,0.0,0.0,22954.0,5.75,0.0,0.0,-22954.0,-5.75,-20.0,3.894,3.898,13315100.0,51795739,51795739,2026-08-27,2026-08-27 16:11:50+08:00
510720,红利国企ETF国泰,1.086,1.0855,-0.05,0.007,0.65,934243.0,101060848.0,1.076,1.089,1.073,1.079,1.48,5.36,0.77,-47.64,630972.0,303271.0,9520441.0,9.42,6042193.0,5.98,3478248.0,3.44,-4082473.0,-4.04,-5437967.0,-5.38,-2819.0,1.085,1.086,1741766000.0,1891557876,1891557876,2026-08-27,2026-08-27 16:11:34+08:00
562050,药ETF华宝,0.933,0.9332,0.02,0.006,0.65,40484.0,3749640.0,0.924,0.933,0.916,0.927,1.83,4.07,0.42,1.12,24083.0,16401.0,298035.0,7.95,171806.0,4.58,126229.0,3.37,-109523.0,-2.92,-188511.0,-5.03,-50.0,0.932,0.933,99468000.0,92803644,92803644,2026-08-27,2026-08-27 16:11:49+08:00
159026,石油ETF南方,0.929,0.9315,0.27,0.006,0.65,76860.0,7093352.3,0.923,0.931,0.919,0.923,1.3,16.89,1.0,64.76,37323.0,39537.0,-69530.0,-0.98,-464500.0,-6.55,394970.0,5.57,99118.0,1.4,-29589.0,-0.42,345.0,0.926,0.931,45513446.0,42281991,42281991,2026-08-27,2026-08-27 15:34:30+08:00
159728,在线消费ETF南方,0.769,0.7693,0.04,0.005,0.65,31077.0,2373116.6,0.771,0.771,0.759,0.764,1.57,6.55,0.49,-11.22,15388.0,15689.0,-237543.0,-10.01,5313.0,0.22,-242856.0,-10.23,281892.0,11.88,-44349.0,-1.87,30.0,0.768,0.769,47410129.0,36458389,36458389,2026-08-27,2026-08-27 15:34:51+08:00
159019,石油ETF华宝,0.931,0.9329,0.2,0.006,0.65,158884.0,14716732.1,0.923,0.933,0.92,0.925,1.41,32.88,0.82,-13.96,76604.0,82280.0,226943.0,1.54,0.0,0.0,226943.0,1.54,-174618.0,-1.19,-52324.0,-0.36,-3.0,0.931,0.932,48327711.0,44993099,44993099,2026-08-27,2026-08-27 15:34:39+08:00
512200,房地产ETF南方,1.234,1.2305,-0.28,0.008,0.65,596775.0,73253574.0,1.226,1.234,1.22,1.226,1.14,2.12,0.59,-12.76,259770.0,337005.0,12522985.0,17.1,2526320.0,3.45,9996665.0,13.65,1780697.0,2.43,-14303683.0,-19.53,-9146.0,1.233,1.234,2814347904.0,3472905314,3472905314,2026-08-27,2026-08-27 16:11:59+08:00
510380,沪深300ETF国寿,1.397,1.4,0.21,0.009,0.65,4765.0,661727.0,1.374,1.398,1.374,1.388,1.73,0.03,0.27,6.29,4150.0,615.0,-326409.0,-49.33,0.0,0.0,-326409.0,-49.33,349828.0,52.87,-23419.0,-3.54,-8.0,1.397,1.401,1467802400.0,2050519953,2050519953,2026-08-27,2026-08-27 16:11:54+08:00
588830,科创新能源ETF鹏华,1.25,1.2485,-0.12,0.008,0.64,554972.0,68421087.0,1.231,1.25,1.211,1.242,3.14,8.2,0.83,7.61,186166.0,368806.0,26786590.0,39.15,11315249.0,16.54,15471341.0,22.61,1078802.0,1.58,-27865392.0,-40.73,-1103.0,1.248,1.25,676847904.0,846059880,846059880,2026-08-27,2026-08-27 16:11:53+08:00
159655,标普500ETF华夏,2.038,1.8779,-8.53,0.013,0.64,682662.0,139095404.4,2.034,2.047,2.027,2.025,0.99,3.15,0.7,-51.67,378212.0,304450.0,-2833104.0,-2.04,923196.0,0.66,-3756300.0,-2.7,14197436.0,10.21,-11364332.0,-8.17,-15601.0,2.038,2.039,2165143040.0,4412561516,4412561516,2026-08-27,2026-08-27 15:34:39+08:00
562330,中证500价值ETF银华,1.26,1.2598,-0.02,0.008,0.64,22449.0,2801901.0,1.254,1.264,1.243,1.252,1.68,20.37,1.83,8.46,14616.0,7833.0,-284300.0,-10.15,-956643.0,-34.14,672343.0,24.0,280913.0,10.03,3387.0,0.12,-2.0,1.257,1.26,11018900.0,13883814,13883814,2026-08-27,2026-08-27 16:11:34+08:00
510660,医药ETF华夏,2.529,2.5288,-0.01,0.016,0.64,38121.0,9566546.0,2.515,2.529,2.485,2.513,1.75,7.28,0.83,-8.01,12879.0,25242.0,-269000.0,-2.81,0.0,0.0,-269000.0,-2.81,308043.0,3.22,-39043.0,-0.41,-601.0,2.526,2.529,52379700.0,132468261,132468261,2026-08-27,2026-08-27 16:11:34+08:00
510020,超大盘ETF博时,3.936,3.9404,0.11,0.025,0.64,8733.0,3420466.0,3.918,3.938,3.901,3.911,0.95,2.51,2.44,2.67,5240.0,3493.0,-565749.0,-16.54,-249717.0,-7.3,-316032.0,-9.24,-55160.0,-1.61,620910.0,18.15,-8.0,3.935,3.937,34848000.0,137161728,137161728,2026-08-27,2026-08-27 16:11:57+08:00
561790,央企能源ETF博时,1.27,1.2688,-0.09,0.008,0.63,26133.0,3294157.0,1.262,1.27,1.254,1.262,1.27,4.52,1.31,23.18,12028.0,14105.0,234656.0,7.12,0.0,0.0,234656.0,7.12,-259045.0,-7.86,24389.0,0.74,-170.0,1.27,1.271,57834000.0,73449180,73449180,2026-08-27,2026-08-27 16:11:32+08:00
159661,A100ETF嘉实,1.434,1.4351,0.08,0.009,0.63,16588.0,2369397.2,1.426,1.434,1.423,1.425,0.77,6.1,0.42,4.29,5284.0,11304.0,207834.0,8.77,0.0,0.0,207834.0,8.77,-193800.0,-8.18,-14035.0,-0.59,-1000.0,1.435,1.439,27208213.0,39016577,39016577,2026-08-27,2026-08-27 15:34:12+08:00
159974,央企创新ETF富国,1.789,1.7923,0.18,0.011,0.62,6464.0,1149117.5,1.775,1.789,1.774,1.778,0.84,1.6,0.92,-10.93,2018.0,4446.0,270883.0,23.57,222940.0,19.4,47943.0,4.17,-262097.0,-22.81,-8786.0,-0.76,-168.0,1.789,1.791,40432422.0,72333603,72333603,2026-08-27,2026-08-27 15:34:03+08:00
517160,长江保护ETF南方,0.972,0.9735,0.15,0.006,0.62,2611.0,252210.0,0.966,0.972,0.958,0.966,1.45,0.01,1.54,9.74,2477.0,134.0,-9570.0,-3.79,0.0,0.0,-9570.0,-3.79,0.0,0.0,9570.0,3.79,1.0,0.972,0.975,1826777504.0,1775627734,1775627734,2026-08-27,2026-08-27 16:11:36+08:00
512070,证券保险ETF易方达,0.811,0.8095,-0.19,0.005,0.62,6086358.0,490018743.0,0.804,0.811,0.8,0.806,1.36,3.61,1.08,-15.06,3455916.0,2630442.0,17279037.0,3.53,27348813.0,5.58,-10069776.0,-2.05,-25940157.0,-5.29,8661122.0,1.77,-37042.0,0.81,0.811,16878479616.0,13688446969,13688446969,2026-08-27,2026-08-27 16:11:49+08:00
512980,传媒ETF广发,0.809,0.8086,-0.05,0.005,0.62,1754872.0,141242623.0,0.805,0.809,0.799,0.804,1.24,3.68,0.92,1.36,965086.0,789786.0,327913.0,0.23,6265132.0,4.44,-5937219.0,-4.2,-790500.0,-0.56,462586.0,0.33,-19408.0,0.809,0.81,4763924480.0,3854014904,3854014904,2026-08-27,2026-08-27 16:11:49+08:00
159973,民企ETF弘毅远方,1.934,1.9384,0.23,0.012,0.62,1192.0,229390.5,1.922,1.938,1.919,1.922,0.99,0.06,0.7,1.87,992.0,200.0,18919.0,8.25,0.0,0.0,18919.0,8.25,8989.0,3.92,-27908.0,-12.17,-49.0,1.926,1.942,199976423.0,386754402,386754402,2026-08-27,2026-08-27 15:34:57+08:00
159938,医药ETF广发,0.658,0.6585,0.08,0.004,0.61,355734.0,23197612.196,0.652,0.658,0.647,0.654,1.68,0.49,0.41,2.98,167820.0,187914.0,2138675.0,9.22,-1583133.0,-6.82,3721808.0,16.04,-1373126.0,-5.92,-765549.0,-3.3,-1396.0,0.658,0.659,7239567360.0,4763635323,4763635323,2026-08-27,2026-08-27 15:34:33+08:00
520500,恒生创新药ETF华泰柏瑞,1.489,1.4917,0.18,0.009,0.61,9958637.0,1470825323.0,1.486,1.494,1.46,1.48,2.3,52.3,0.81,-7.77,4966743.0,4991894.0,-9953856.0,-0.68,-29829952.0,-2.03,19876096.0,1.35,4438576.0,0.3,5515262.0,0.37,-70958.0,1.489,1.49,1904305008.0,2835510157,2835510157,2026-08-27,2026-08-27 16:11:40+08:00
159209,红利质量ETF招商,1.152,1.1539,0.16,0.007,0.61,511659.0,58709664.4,1.144,1.154,1.142,1.145,1.05,2.34,0.62,-34.38,296028.0,215631.0,-35224.0,-0.06,-4755105.0,-8.1,4719881.0,8.04,-2994505.0,-5.1,3029729.0,5.16,-485.0,1.152,1.153,2186635056.0,2519003585,2519003585,2026-08-27,2026-08-27 15:34:30+08:00
159376,A500ETF浦银,1.328,1.3319,0.29,0.008,0.61,14145.0,1869077.0,1.332,1.345,1.317,1.32,2.12,3.08,0.65,2.27,11495.0,2650.0,-332635.0,-17.8,1007267.0,53.89,-1339902.0,-71.69,313741.0,16.79,18894.0,1.01,1624.0,1.329,1.333,45922317.0,60984837,60984837,2026-08-27,2026-08-27 15:34:12+08:00
159627,A100ETF华夏,1.309,1.3098,0.06,0.008,0.61,23078.0,3004210.6,1.299,1.309,1.299,1.301,0.77,12.07,0.4,60.86,9579.0,13499.0,153161.0,5.1,0.0,0.0,153161.0,5.1,-104400.0,-3.48,-48760.0,-1.62,-40.0,1.308,1.312,19116776.0,25023860,25023860,2026-08-27,2026-08-27 15:34:51+08:00
517330,长江保护ETF易方达,0.983,0.9821,-0.09,0.006,0.61,153.0,14963.0,0.977,0.985,0.969,0.977,1.64,0.0,1.19,11.64,25.0,128.0,-9498.0,-63.48,0.0,0.0,-9498.0,-63.48,0.0,0.0,9498.0,63.48,14.0,0.98,0.984,1809169008.0,1778413135,1778413135,2026-08-27,2026-08-27 16:11:59+08:00
510190,上证50ETF华安,4.338,4.344,0.14,0.026,0.6,826.0,357091.0,4.306,4.344,4.306,4.312,0.88,0.35,0.77,9.01,244.0,582.0,217463.0,60.9,0.0,0.0,217463.0,60.9,-164655.0,-46.11,-52808.0,-14.79,-58.0,4.328,4.34,23650800.0,102597170,102597170,2026-08-27,2026-08-27 16:11:40+08:00
159892,恒生医药ETF华夏,0.833,0.8372,0.5,0.005,0.6,9239514.0,763666139.7,0.834,0.835,0.818,0.828,2.05,16.45,0.77,-32.79,4849964.0,4389550.0,12046048.0,1.58,8650192.0,1.13,3395856.0,0.44,-11741300.0,-1.54,-304760.0,-0.04,18893.0,0.832,0.833,5615266048.0,4677516618,4677516618,2026-08-27,2026-08-27 15:34:18+08:00
563150,油气ETF银华,1.349,1.3507,0.13,0.008,0.6,10839.0,1453081.0,1.328,1.351,1.326,1.341,1.86,3.25,0.54,15.9,4896.0,5943.0,-77918.0,-5.36,135204.0,9.3,-213122.0,-14.67,133196.0,9.17,-55280.0,-3.8,-1492.0,1.349,1.35,33399000.0,45055251,45055251,2026-08-27,2026-08-27 16:11:40+08:00
159057,医疗器械ETF鹏华,1.02,1.0222,0.22,0.006,0.59,8643.0,879018.464,1.02,1.02,1.01,1.014,0.99,2.56,0.39,20.37,4806.0,3837.0,121872.0,13.86,0.0,0.0,121872.0,13.86,-63300.0,-7.2,-58572.0,-6.66,154.0,1.016,1.025,33715334.0,34389641,34389641,2026-08-27,2026-08-27 15:34:51+08:00
159203,大盘成长ETF博时,1.368,1.3694,0.1,0.008,0.59,584.0,79572.9,1.354,1.369,1.349,1.36,1.47,0.6,0.09,-53.85,458.0,126.0,-32568.0,-40.93,0.0,0.0,-32568.0,-40.93,-5324.0,-6.69,37892.0,47.62,2.0,1.361,1.368,9791913.0,13395337,13395337,2026-08-27,2026-08-27 15:34:15+08:00
512180,MSCIA股ETF建信,1.701,1.7072,0.36,0.01,0.59,3616.0,615081.0,1.695,1.701,1.695,1.691,0.35,0.75,8.7,45.1,1146.0,2470.0,169.0,0.03,0.0,0.0,169.0,0.03,0.0,0.0,-169.0,-0.03,-3615.0,1.701,1.707,48048000.0,81729648,81729648,2026-08-27,2026-08-27 16:11:40+08:00
515380,沪深300ETF泰康,5.443,5.4529,0.18,0.032,0.59,21742.0,11807914.0,5.411,5.454,5.373,5.411,1.5,0.33,0.98,69.5,8526.0,13216.0,2868021.0,24.29,744943.0,6.31,2123078.0,17.98,-2344326.0,-19.85,-523695.0,-4.44,-90.0,5.443,5.453,663399808.0,3610885155,3610885155,2026-08-27,2026-08-27 16:11:59+08:00
516390,新能源车ETF汇添富,0.871,0.8705,-0.06,0.005,0.58,52586.0,4535303.0,0.866,0.871,0.856,0.866,1.73,2.88,1.48,13.37,14510.0,38076.0,-119636.0,-2.64,-646596.0,-14.26,526960.0,11.62,49305.0,1.09,70331.0,1.55,-2161.0,0.87,0.871,182761000.0,159184831,159184831,2026-08-27,2026-08-27 16:11:59+08:00
159970,深100ETF工银,1.038,1.0387,0.07,0.006,0.58,513.0,53134.7,1.032,1.039,1.031,1.032,0.78,0.49,0.08,-25.63,208.0,305.0,5082.0,9.56,0.0,0.0,5082.0,9.56,6007.0,11.31,-11090.0,-20.87,-56.0,1.038,1.042,10468704.0,10866515,10866515,2026-08-27,2026-08-27 15:34:00+08:00
561130,国货ETF富国,1.053,1.054,0.09,0.006,0.57,79556.0,8343754.0,1.046,1.054,1.044,1.047,0.96,9.48,0.83,0.04,30912.0,48644.0,55157.0,0.66,-314400.0,-3.77,369557.0,4.43,7243.0,0.09,-62400.0,-0.75,-2.0,1.052,1.055,83935200.0,88383766,88383766,2026-08-27,2026-08-27 16:11:53+08:00
516820,医疗创新ETF平安,0.354,0.3544,0.11,0.002,0.57,921158.0,32361372.0,0.351,0.354,0.348,0.352,1.7,2.03,0.52,-17.65,433805.0,487353.0,515231.0,1.59,1245118.0,3.85,-729887.0,-2.26,-180971.0,-0.56,-334259.0,-1.03,-16528.0,0.353,0.354,4541415168.0,1607660969,1607660969,2026-08-27,2026-08-27 16:11:53+08:00
159873,医疗设备ETF天弘,0.534,0.5327,-0.24,0.003,0.56,96419.0,5121781.8,0.532,0.534,0.527,0.531,1.32,2.02,0.36,-25.36,55187.0,41232.0,218128.0,4.26,58356.0,1.14,159772.0,3.12,-224757.0,-4.39,6628.0,0.13,2131.0,0.533,0.534,476920000.0,254675280,254675280,2026-08-27,2026-08-27 15:34:42+08:00
561260,能源ETF工银,1.258,1.2569,-0.09,0.007,0.56,38156.0,4768172.0,1.265,1.265,1.243,1.251,1.76,15.97,0.92,5.12,22013.0,16143.0,235983.0,4.95,0.0,0.0,235983.0,4.95,-188151.0,-3.95,-47831.0,-1.0,36.0,1.254,1.259,23895200.0,30060162,30060162,2026-08-27,2026-08-27 16:11:42+08:00
159197,石油ETF招商,0.905,0.9074,0.26,0.005,0.56,79464.0,7173780.1,0.899,0.907,0.894,0.9,1.44,18.31,1.05,-0.12,32111.0,47353.0,-29346.0,-0.41,0.0,0.0,-29346.0,-0.41,74752.0,1.04,-45406.0,-0.63,-100.0,0.905,0.907,43388290.0,39266402,39266402,2026-08-27,2026-08-27 15:34:51+08:00
159195,石油ETF华安,0.906,0.9082,0.24,0.005,0.55,129550.0,11666144.818,0.899,0.908,0.897,0.901,1.22,16.94,0.94,88.31,57986.0,71564.0,334843.0,2.87,0.0,0.0,334843.0,2.87,-352653.0,-3.02,17811.0,0.15,0.0,0.906,0.91,76490164.0,69300089,69300089,2026-08-27,2026-08-27 15:34:24+08:00
159018,石油ETF广发,0.911,0.9132,0.24,0.005,0.55,37081.0,3365641.6,0.899,0.913,0.892,0.906,2.32,13.78,0.75,-25.53,22419.0,14662.0,329202.0,9.78,0.0,0.0,329202.0,9.78,-227275.0,-6.75,-101927.0,-3.03,79.0,0.911,0.912,26904203.0,24509729,24509729,2026-08-27,2026-08-27 15:34:42+08:00
515460,红利质量ETF南方,0.92,0.921,0.11,0.005,0.55,141180.0,12912836.0,0.914,0.921,0.911,0.915,1.09,5.06,0.79,-1.46,80096.0,61084.0,-79029.0,-0.61,1524309.0,11.8,-1603338.0,-12.42,115057.0,0.89,-36029.0,-0.28,-1.0,0.918,0.92,279091008.0,256763727,256763727,2026-08-27,2026-08-27 16:11:59+08:00
560380,A100ETF南方,1.27,1.2733,0.26,0.007,0.55,67599.0,8559002.0,1.264,1.272,1.262,1.263,0.79,4.8,0.96,-8.98,29747.0,37852.0,8108.0,0.09,-3326019.0,-38.86,3334127.0,38.95,4535.0,0.05,-12643.0,-0.15,-3163.0,1.27,1.273,140861000.0,178893470,178893470,2026-08-27,2026-08-27 16:11:38+08:00
159017,石油ETF工银,0.927,0.9296,0.28,0.005,0.54,65080.0,5998988.2,0.922,0.93,0.917,0.922,1.41,4.27,0.87,60.74,23919.0,41161.0,209264.0,3.49,0.0,0.0,209264.0,3.49,-150112.0,-2.5,-59152.0,-0.99,1.0,0.925,0.927,152256813.0,141142066,141142066,2026-08-27,2026-08-27 15:34:30+08:00
159216,深证100ETF大成,1.479,1.4819,0.2,0.008,0.54,59483.0,8788801.0,1.455,1.481,1.454,1.471,1.84,53.84,3.27,-12.11,33278.0,26205.0,-107152.0,-1.22,-4139229.0,-47.1,4032077.0,45.88,98784.0,1.12,8368.0,0.1,-6.0,1.476,1.483,11048250.0,16340362,16340362,2026-08-27,2026-08-27 15:34:24+08:00
561380,电网设备ETF国泰,0.746,0.7477,0.23,0.004,0.54,3470491.0,254905913.0,0.74,0.746,0.729,0.742,2.29,5.09,3.59,-11.2,468983.0,3001509.0,-1904294.0,-0.75,-14195333.0,-5.57,12291039.0,4.82,-779120.0,-0.31,2683414.0,1.05,-5583.0,0.745,0.746,6823534080.0,5090356424,5090356424,2026-08-27,2026-08-27 16:12:01+08:00
159839,生物医药ETF汇添富,0.378,0.3776,-0.11,0.002,0.53,1120819.0,41811589.9,0.374,0.378,0.369,0.376,2.39,4.54,0.44,-13.54,528116.0,592703.0,-1639285.0,-3.92,-3018813.0,-7.22,1379528.0,3.3,1070509.0,2.56,568775.0,1.36,6224.0,0.377,0.378,2466735168.0,932425894,932425894,2026-08-27,2026-08-27 15:34:48+08:00
513090,香港证券ETF易方达,1.904,1.9104,0.34,0.01,0.53,26767291.0,5065134754.0,1.89,1.909,1.875,1.894,1.8,26.2,1.54,-58.15,14218876.0,12548415.0,75281840.0,1.49,153901312.0,3.04,-78619472.0,-1.55,-56133024.0,-1.11,-19148800.0,-0.38,-146310.0,1.903,1.904,10217488128.0,19454097396,19454097396,2026-08-27,2026-08-27 16:11:49+08:00
512150,富时A50ETF汇安,1.918,1.9126,-0.28,0.01,0.52,323.0,61633.0,1.9,1.918,1.9,1.908,0.94,0.18,0.19,28.87,125.0,198.0,41180.0,66.81,0.0,0.0,41180.0,66.81,0.0,0.0,-41180.0,-66.81,-2.0,1.912,1.918,18073400.0,34664781,34664781,2026-08-27,2026-08-27 16:11:51+08:00
159891,医疗ETF建信,0.388,0.3885,0.13,0.002,0.52,180509.0,6983456.2,0.386,0.389,0.384,0.386,1.3,5.2,0.64,-46.99,75551.0,104958.0,-273647.0,-3.92,-470219.0,-6.73,196572.0,2.81,223694.0,3.2,49955.0,0.72,1.0,0.387,0.388,347024832.0,134645635,134645635,2026-08-27,2026-08-27 15:34:06+08:00
159506,港股通创新药医疗ETF富国,1.356,1.3601,0.3,0.007,0.52,4057812.0,546776668.8,1.358,1.362,1.333,1.349,2.15,15.79,0.7,-76.04,2137965.0,1919847.0,11349315.0,2.08,2173827.0,0.4,9175488.0,1.68,-10659576.0,-1.95,-689738.0,-0.13,8200.0,1.355,1.356,2569536976.0,3484292139,3484292139,2026-08-27,2026-08-27 15:34:12+08:00
159621,ESGETF国泰,1.17,1.1704,0.03,0.006,0.52,44106.0,5126381.3,1.163,1.171,1.16,1.164,0.95,30.56,1.29,1.29,7988.0,36118.0,-68162.0,-1.33,0.0,0.0,-68162.0,-1.33,81698.0,1.59,-13536.0,-0.26,-1.0,1.166,1.175,14434717.0,16888619,16888619,2026-08-27,2026-08-27 15:34:18+08:00
512010,医药ETF易方达,0.386,0.3855,-0.13,0.002,0.52,7325087.0,280186044.0,0.383,0.386,0.379,0.384,1.82,1.81,0.52,-33.76,3442482.0,3882605.0,2725691.0,0.97,5534032.0,1.98,-2808341.0,-1.0,-789174.0,-0.28,-1936516.0,-0.69,-73217.0,0.385,0.386,40538694912.0,15647936236,15647936236,2026-08-27,2026-08-27 16:11:58+08:00
563850,食品ETF广发,0.961,0.9614,0.04,0.005,0.52,33620.0,3205963.0,0.952,0.962,0.95,0.956,1.26,2.84,1.49,7.09,9769.0,23851.0,92465.0,2.88,0.0,0.0,92465.0,2.88,-96330.0,-3.0,3864.0,0.12,5.0,0.96,0.961,118481700.0,113860914,113860914,2026-08-27,2026-08-27 16:11:35+08:00
159767,电池龙头ETF兴银,0.777,0.7759,-0.14,0.004,0.52,29891.0,2299684.6,0.774,0.777,0.762,0.773,1.94,1.25,0.87,80.39,14444.0,15447.0,33471.0,1.46,-369746.0,-16.08,403217.0,17.53,-172044.0,-7.48,138572.0,6.03,280.0,0.776,0.777,239873672.0,186381843,186381843,2026-08-27,2026-08-27 15:34:18+08:00
515060,房地产ETF华夏,0.593,0.5914,-0.27,0.003,0.51,593201.0,35022648.0,0.59,0.594,0.584,0.59,1.69,6.27,0.86,-1.76,316789.0,276412.0,42376.0,0.12,1469219.0,4.2,-1426843.0,-4.07,-384508.0,-1.1,342131.0,0.98,-1102.0,0.592,0.593,946478096.0,561261511,561261511,2026-08-27,2026-08-27 16:11:59+08:00
562600,医疗器械ETF华夏,0.79,0.7896,-0.05,0.004,0.51,233218.0,18368309.0,0.785,0.791,0.783,0.786,1.02,5.14,0.64,-0.83,102683.0,130535.0,770880.0,4.2,1842710.0,10.03,-1071830.0,-5.84,-485877.0,-2.65,-285003.0,-1.55,-111.0,0.788,0.79,453937408.0,358610552,358610552,2026-08-27,2026-08-27 16:11:43+08:00
159105,恒生生物科技ETF易方达,0.985,0.9871,0.21,0.005,0.51,1149316.0,112165852.4,0.983,0.987,0.965,0.98,2.24,62.03,0.73,-9.49,577729.0,571587.0,2476971.0,2.21,-4214890.0,-3.76,6691861.0,5.97,-2868784.0,-2.56,391812.0,0.35,472.0,0.983,0.985,185272984.0,182493889,182493889,2026-08-27,2026-08-27 15:34:45+08:00
516750,建材ETF富国,0.591,0.591,0.0,0.003,0.51,91766.0,5398585.0,0.587,0.591,0.583,0.588,1.36,6.57,0.79,-4.44,54000.0,37766.0,674876.0,12.5,609787.0,11.3,65089.0,1.21,-580459.0,-10.75,-94417.0,-1.75,-179.0,0.59,0.591,139667300.0,82543374,82543374,2026-08-27,2026-08-27 16:11:51+08:00
159923,中证A100ETF大成,2.179,2.1794,0.02,0.011,0.51,11447.0,2482117.8,2.159,2.18,2.159,2.168,0.97,10.14,0.44,-43.35,4643.0,6804.0,1027436.0,41.39,0.0,0.0,1027436.0,41.39,-743644.0,-29.96,-283792.0,-11.43,-10.0,2.17,2.185,11285812.0,24591784,24591784,2026-08-27,2026-08-27 15:34:03+08:00
517120,创新药ETF华泰柏瑞,0.784,0.788,0.51,0.004,0.51,235216.0,18236124.0,0.78,0.788,0.768,0.78,2.56,4.08,0.61,12.5,114756.0,120460.0,-1363856.0,-7.48,-121619.0,-0.67,-1242237.0,-6.81,618419.0,3.39,745437.0,4.09,-2722.0,0.784,0.785,576966400.0,452341658,452341658,2026-08-27,2026-08-27 16:11:48+08:00
562000,A100ETF华宝,0.607,0.6077,0.12,0.003,0.5,56201.0,3396345.0,0.604,0.608,0.602,0.604,0.99,0.94,0.74,0.36,18108.0,38093.0,274181.0,8.07,0.0,0.0,274181.0,8.07,-260407.0,-7.67,-13775.0,-0.41,-14.0,0.607,0.609,596737904.0,362219908,362219908,2026-08-27,2026-08-27 16:11:59+08:00
159653,ESG300ETF国联安,1.197,1.2018,0.4,0.006,0.5,137.0,16371.4,1.192,1.198,1.192,1.191,0.5,0.03,0.89,4.76,105.0,32.0,11101.0,67.81,0.0,0.0,11101.0,67.81,0.0,0.0,-11102.0,-67.81,5.0,1.187,1.201,52972068.0,63407565,63407565,2026-08-27,2026-08-27 15:34:06+08:00
159550,互联网ETF东财,0.798,0.8016,0.45,0.004,0.5,51034.0,4053763.5,0.796,0.798,0.789,0.794,1.13,2.61,0.85,21.17,29607.0,21427.0,-193129.0,-4.76,222214.0,5.48,-415343.0,-10.25,69573.0,1.72,123555.0,3.05,-324.0,0.798,0.799,195828785.0,156271370,156271370,2026-08-27,2026-08-27 15:34:48+08:00
159787,建材ETF易方达,0.602,0.6004,-0.27,0.003,0.5,12354.0,737946.4,0.598,0.602,0.594,0.599,1.34,0.92,0.25,12.07,6757.0,5597.0,36328.0,4.92,0.0,0.0,36328.0,4.92,26655.0,3.61,-62985.0,-8.54,73.0,0.6,0.602,134521633.0,80982023,80982023,2026-08-27,2026-08-27 15:34:06+08:00
515090,可持续发展ETF博时,1.395,1.3952,0.01,0.007,0.5,3881.0,538901.0,1.385,1.395,1.383,1.388,0.86,3.59,0.36,8.54,2519.0,1362.0,159934.0,29.68,0.0,0.0,159934.0,29.68,-79660.0,-14.78,-80274.0,-14.9,60.0,1.394,1.395,10801700.0,15068372,15068372,2026-08-27,2026-08-27 16:11:56+08:00
159056,医疗器械ETF富国,1.035,1.0361,0.11,0.005,0.49,97557.0,10074258.413,1.032,1.036,1.025,1.03,1.07,13.2,1.16,-46.16,40700.0,56857.0,178771.0,1.77,1604292.0,15.92,-1425521.0,-14.15,-25892.0,-0.26,-152879.0,-1.52,100.0,1.034,1.035,73934358.0,76522061,76522061,2026-08-27,2026-08-27 15:34:00+08:00
159622,创新药ETF东财,1.223,1.227,0.33,0.006,0.49,875976.0,105824616.977,1.22,1.223,1.189,1.217,2.79,7.82,0.67,-12.37,420768.0,455208.0,-10538736.0,-9.96,-9023018.0,-8.53,-1515718.0,-1.43,847888.0,0.8,9690849.0,9.16,12635.0,1.222,1.223,1120603232.0,1370497753,1370497753,2026-08-27,2026-08-27 15:34:48+08:00
517110,创新药ETF国泰,0.815,0.8143,-0.09,0.004,0.49,570749.0,45952184.0,0.813,0.815,0.798,0.811,2.1,4.21,0.71,14.8,317697.0,253052.0,-2055809.0,-4.47,-2778927.0,-6.05,723118.0,1.57,988797.0,2.15,1067013.0,2.32,-3789.0,0.815,0.816,1354098496.0,1103590274,1103590274,2026-08-27,2026-08-27 16:11:46+08:00
520930,恒生生物科技ETF国泰,1.021,1.0224,0.14,0.005,0.49,200597.0,20304207.0,1.02,1.021,1.002,1.016,1.87,12.33,0.49,14.87,104887.0,95710.0,910056.0,4.48,-889.0,0.0,910945.0,4.49,-741957.0,-3.65,-168099.0,-0.83,-136.0,1.021,1.022,162733000.0,166150393,166150393,2026-08-27,2026-08-27 16:12:00+08:00
159320,电网设备ETF广发,0.629,0.6308,0.29,0.003,0.48,1611137.0,100435027.2,0.624,0.629,0.615,0.626,2.24,9.2,2.55,-34.94,824551.0,786586.0,398026.0,0.4,13295619.0,13.24,-12897593.0,-12.84,-1270467.0,-1.26,872442.0,0.87,22740.0,0.628,0.629,1751235520.0,1101527142,1101527142,2026-08-27,2026-08-27 15:34:42+08:00
159169,恒生生物科技ETF广发,1.045,1.0494,0.42,0.005,0.48,146206.0,15129026.625,1.045,1.048,1.026,1.04,2.12,10.84,0.48,-9.14,78258.0,67947.0,447715.0,2.96,1118045.0,7.39,-670330.0,-4.43,-342817.0,-2.27,-104898.0,-0.69,8.0,1.044,1.045,134874485.0,140943837,140943837,2026-08-27,2026-08-27 15:34:36+08:00
561630,红利质量ETF华泰柏瑞,1.046,1.0474,0.13,0.005,0.48,22190.0,2315509.0,1.041,1.046,1.037,1.041,0.86,4.83,0.66,15.97,12173.0,10017.0,138149.0,5.97,0.0,0.0,138149.0,5.97,-93678.0,-4.05,-44472.0,-1.92,-5.0,1.045,1.046,45898000.0,48009308,48009308,2026-08-27,2026-08-27 16:11:56+08:00
159847,医疗ETF易方达,0.415,0.4153,0.07,0.002,0.48,542035.0,22354437.4,0.411,0.415,0.409,0.413,1.45,1.42,0.64,-26.24,341231.0,200804.0,-3898640.0,-17.44,-4315485.0,-19.3,416845.0,1.86,3563980.0,15.94,334661.0,1.5,-5426.0,0.415,0.416,3829825360.0,1589377524,1589377524,2026-08-27,2026-08-27 15:34:12+08:00
159612,标普500ETF国泰,2.087,1.9319,-8.03,0.01,0.48,228664.0,47667087.216,2.085,2.091,2.079,2.077,0.58,4.97,1.1,-37.79,121640.0,107024.0,-4341532.0,-9.11,1065091.0,2.23,-5406623.0,-11.34,1456559.0,3.06,2884972.0,6.05,3949.0,2.086,2.087,459898656.0,959808495,959808495,2026-08-27,2026-08-27 15:34:57+08:00
159631,A100ETF招商,1.254,1.2565,0.2,0.006,0.48,24241.0,3031742.852,1.248,1.254,1.246,1.248,0.64,6.16,0.99,-31.06,19345.0,4896.0,97322.0,3.21,0.0,0.0,97322.0,3.21,-99920.0,-3.3,2598.0,0.09,-5.0,1.254,1.259,39332605.0,49323087,49323087,2026-08-27,2026-08-27 15:34:36+08:00
159828,医疗ETF国泰,0.432,0.4314,-0.14,0.002,0.47,1403898.0,60229750.6,0.429,0.432,0.425,0.43,1.63,3.03,0.73,-44.73,383033.0,1020865.0,-39623.0,-0.07,23034439.0,38.24,-23074062.0,-38.31,-67955.0,-0.11,107577.0,0.18,7628.0,0.431,0.432,4634439424.0,2002077831,2002077831,2026-08-27,2026-08-27 15:34:39+08:00
560810,央企ESGETF融通,1.274,1.2776,0.28,0.006,0.47,12840.0,1634812.0,1.268,1.276,1.258,1.268,1.42,0.71,8.43,-15.72,7206.0,5634.0,108825.0,6.66,1087354.0,66.51,-978529.0,-59.86,-124852.0,-7.64,16026.0,0.98,-2.0,1.275,1.278,182116000.0,232015784,232015784,2026-08-27,2026-08-27 16:11:50+08:00
159602,中国A50ETF南方,1.099,1.0986,-0.04,0.005,0.46,24192.0,2649330.189,1.095,1.099,1.089,1.094,0.91,0.6,0.46,-0.06,10908.0,13284.0,31504.0,1.19,0.0,0.0,31504.0,1.19,35110.0,1.33,-66614.0,-2.51,1.0,1.098,1.099,406542944.0,446790695,446790695,2026-08-27,2026-08-27 15:34:51+08:00
516500,生物科技ETF华夏,0.656,0.6568,0.12,0.003,0.46,101107.0,6555245.0,0.653,0.657,0.643,0.653,2.14,4.91,0.52,-0.63,53693.0,47414.0,-12350.0,-0.19,303800.0,4.63,-316150.0,-4.82,-27607.0,-0.42,39957.0,0.61,-246.0,0.656,0.657,205937200.0,135094803,135094803,2026-08-27,2026-08-27 16:11:45+08:00
561180,A100ETF富国,1.321,1.324,0.23,0.006,0.46,9050.0,1192925.0,1.317,1.321,1.317,1.315,0.3,1.82,0.68,0.26,1550.0,7500.0,-288875.0,-24.22,0.0,0.0,-288875.0,-24.22,263700.0,22.11,25174.0,2.11,500.0,1.322,1.323,49609600.0,65534282,65534282,2026-08-27,2026-08-27 16:11:54+08:00
515700,新能源车ETF平安,2.187,2.1877,0.03,0.01,0.46,114296.0,24798527.0,2.17,2.188,2.149,2.177,1.79,1.67,0.52,-2.05,61108.0,53188.0,-632908.0,-2.55,0.0,0.0,-632908.0,-2.55,-150799.0,-0.61,783707.0,3.16,-209.0,2.186,2.187,683510208.0,1494836825,1494836825,2026-08-27,2026-08-27 16:11:53+08:00
159824,新能源车ETF博时,1.095,1.0945,-0.05,0.005,0.46,36061.0,3922100.764,1.085,1.095,1.079,1.09,1.47,4.39,1.35,33.04,23759.0,12302.0,-16637.0,-0.42,-255778.0,-6.52,239141.0,6.1,-17148.0,-0.44,33785.0,0.86,23.0,1.094,1.095,82135070.0,89937902,89937902,2026-08-27,2026-08-27 15:34:54+08:00
159181,石油ETF易方达,0.889,0.8903,0.15,0.004,0.45,60900.0,5386763.78,0.88,0.891,0.877,0.885,1.58,4.67,1.27,22.15,18600.0,42300.0,939960.0,17.45,0.0,0.0,939960.0,17.45,-814930.0,-15.13,-125030.0,-2.32,-183.0,0.889,0.89,130405335.0,115930343,115930343,2026-08-27,2026-08-27 15:34:24+08:00
159156,电池ETF万家,0.89,0.8906,0.07,0.004,0.45,38874.0,3427627.7,0.88,0.89,0.875,0.886,1.69,1.83,1.03,-24.84,12095.0,26779.0,44099.0,1.29,60459.0,1.76,-16360.0,-0.48,187600.0,5.47,-231699.0,-6.76,-193.0,0.89,0.891,212461253.0,189090515,189090515,2026-08-27,2026-08-27 15:34:48+08:00
159883,医疗器械ETF永赢,0.446,0.4463,0.07,0.002,0.45,1315926.0,58468957.93,0.442,0.447,0.441,0.444,1.35,1.46,0.54,-25.54,775120.0,540806.0,6000915.0,10.26,4724137.0,8.08,1276778.0,2.18,-3199542.0,-5.47,-2801371.0,-4.79,-7405.0,0.446,0.447,9028037888.0,4026504898,4026504898,2026-08-27,2026-08-27 15:34:00+08:00
159189,石油ETF华夏,0.892,0.8941,0.23,0.004,0.45,118326.0,10492053.9,0.88,0.894,0.88,0.888,1.58,10.75,0.78,-23.63,47856.0,70470.0,389896.0,3.72,0.0,0.0,389896.0,3.72,-356051.0,-3.39,-33844.0,-0.32,85.0,0.892,0.893,110083187.0,98194203,98194203,2026-08-27,2026-08-27 15:34:27+08:00
159697,石油ETF鹏华,1.331,1.3319,0.07,0.006,0.45,143683.0,19003494.4,1.308,1.333,1.308,1.325,1.89,1.41,0.34,-41.14,78298.0,65385.0,-673958.0,-3.55,-1984516.0,-10.44,1310558.0,6.9,961074.0,5.06,-287116.0,-1.51,-20.0,1.331,1.332,1020022000.0,1357649282,1357649282,2026-08-27,2026-08-27 15:34:21+08:00
560050,中国A50ETF汇添富,1.106,1.1079,0.17,0.005,0.45,582649.0,64296874.0,1.101,1.109,1.099,1.101,0.91,2.68,0.9,9.19,357891.0,224759.0,16097360.0,25.04,15179508.0,23.61,917852.0,1.43,-9155806.0,-14.24,-6941553.0,-10.8,-186.0,1.106,1.107,2174934400.0,2405477446,2405477446,2026-08-27,2026-08-27 16:11:52+08:00
512910,A100ETF广发,1.33,1.3328,0.21,0.006,0.45,43970.0,5828973.0,1.322,1.332,1.322,1.324,0.76,3.35,0.76,47.05,18444.0,25526.0,273871.0,4.7,-665500.0,-11.42,939371.0,16.12,-185800.0,-3.19,-88071.0,-1.51,-100.0,1.33,1.331,131128800.0,174401304,174401304,2026-08-27,2026-08-27 16:11:34+08:00
159601,A50ETF华夏,1.131,1.1308,-0.02,0.005,0.44,600055.0,67614375.179,1.126,1.133,1.123,1.126,0.89,4.27,1.02,-6.1,297307.0,302748.0,2333683.0,3.45,11041869.0,16.33,-8708186.0,-12.88,-1618843.0,-2.39,-714839.0,-1.06,-525.0,1.131,1.132,1403788080.0,1587684318,1587684318,2026-08-27,2026-08-27 15:34:36+08:00
513080,法国ETF华安,1.813,1.7873,-1.44,0.008,0.44,226542.0,40957370.0,1.81,1.814,1.804,1.805,0.55,3.46,0.99,-17.58,121650.0,104892.0,-3793095.0,-9.26,-2375923.0,-5.8,-1417172.0,-3.46,1424585.0,3.48,2368511.0,5.78,-4419.0,1.813,1.814,654916000.0,1187362708,1187362708,2026-08-27,2026-08-27 16:11:33+08:00
530880,红利国企ETF银河,1.141,1.1422,0.11,0.005,0.44,7824.0,889745.0,1.132,1.143,1.128,1.136,1.32,2.01,0.63,8.27,4122.0,3702.0,96552.0,10.85,0.0,0.0,96552.0,10.85,-128501.0,-14.44,31949.0,3.59,-17.0,1.141,1.143,38836000.0,44311876,44311876,2026-08-27,2026-08-27 16:11:35+08:00
515360,沪深300ETF方正富邦,6.8,6.8103,0.15,0.03,0.44,881.0,598400.0,6.757,6.837,6.753,6.77,1.24,0.23,1.18,-30.74,687.0,194.0,-291340.0,-48.69,0.0,0.0,-291340.0,-48.69,200046.0,33.43,91295.0,15.26,68.0,6.8,6.829,37779300.0,256899240,256899240,2026-08-27,2026-08-27 16:11:55+08:00
560370,红利质量ETF易方达,0.908,0.9078,-0.02,0.004,0.44,16132.0,1455708.0,0.9,0.908,0.898,0.904,1.11,0.78,1.18,7.37,5653.0,10479.0,131269.0,9.02,226500.0,15.56,-95231.0,-6.54,-154002.0,-10.58,22732.0,1.56,10.0,0.906,0.907,205584000.0,186670272,186670272,2026-08-27,2026-08-27 16:11:52+08:00
159797,医疗器械ETF汇添富,0.682,0.6839,0.28,0.003,0.44,49176.0,3344920.6,0.678,0.684,0.676,0.679,1.18,1.26,0.54,-22.71,30774.0,18402.0,-451711.0,-13.5,1489.0,0.04,-453200.0,-13.55,518241.0,15.49,-66531.0,-1.99,-200.0,0.682,0.683,388989248.0,265290667,265290667,2026-08-27,2026-08-27 15:34:15+08:00
512120,医药ETF华安,0.472,0.4728,0.17,0.002,0.43,287286.0,13442692.0,0.466,0.472,0.463,0.47,1.91,3.71,0.73,1.09,154091.0,133195.0,-81334.0,-0.61,77991.0,0.58,-159325.0,-1.19,58933.0,0.44,22401.0,0.17,-233.0,0.471,0.472,774241904.0,365442179,365442179,2026-08-27,2026-08-27 16:11:55+08:00
513530,港股通红利ETF华泰柏瑞,1.628,1.6234,-0.28,0.007,0.43,1998777.0,323941295.0,1.623,1.629,1.612,1.621,1.05,7.07,1.12,-46.8,1088052.0,910725.0,25068383.0,7.74,-20130183.0,-6.21,45198566.0,13.95,-19965101.0,-6.16,-5103282.0,-1.58,-7046.0,1.627,1.628,2825938704.0,4600628210,4600628210,2026-08-27,2026-08-27 16:11:46+08:00
513280,恒生生物科技ETF汇添富,1.178,1.1796,0.14,0.005,0.43,824420.0,96235923.0,1.182,1.182,1.156,1.173,2.22,22.1,0.81,10.36,429294.0,395126.0,1277497.0,1.33,-451880.0,-0.47,1729377.0,1.8,-527.0,0.0,-1276971.0,-1.33,-2316.0,1.177,1.178,373114496.0,439528876,439528876,2026-08-27,2026-08-27 16:11:47+08:00
560320,食品ETF富国,0.943,0.9429,-0.01,0.004,0.43,86264.0,8120169.0,0.938,0.944,0.933,0.939,1.17,7.05,1.87,-12.11,47804.0,38460.0,-71572.0,-0.88,-362840.0,-4.47,291268.0,3.59,72517.0,0.89,-945.0,-0.01,5.0,0.942,0.943,122332000.0,115359076,115359076,2026-08-27,2026-08-27 16:11:40+08:00
560130,食品ETF鹏华,0.928,0.9275,-0.05,0.004,0.43,1965.0,181504.0,0.919,0.928,0.913,0.924,1.62,0.28,0.68,6.21,164.0,1801.0,50198.0,27.66,0.0,0.0,50198.0,27.66,-48848.0,-26.91,-1350.0,-0.74,1.0,0.925,0.928,69776200.0,64752314,64752314,2026-08-27,2026-08-27 16:11:40+08:00
159561,德国ETF嘉实,1.386,1.3836,-0.17,0.006,0.43,451359.0,62516400.965,1.382,1.388,1.382,1.38,0.43,3.42,0.8,19.06,238659.0,212700.0,-4725666.0,-7.56,-6729229.0,-10.76,2003563.0,3.2,1608114.0,2.57,3117552.0,4.99,12597.0,1.385,1.386,1321499488.0,1831598290,1831598290,2026-08-27,2026-08-27 15:34:30+08:00
517300,沪港深300ETF国寿,0.957,0.958,0.1,0.004,0.42,18284.0,1740563.0,0.949,0.957,0.948,0.953,0.94,0.18,1.73,-49.63,12656.0,5628.0,-71897.0,-4.13,-690400.0,-39.67,618503.0,35.53,-112622.0,-6.47,184518.0,10.6,-2031.0,0.957,0.958,1005434496.0,962200813,962200813,2026-08-27,2026-08-27 16:11:41+08:00
159936,可选消费ETF广发,1.935,1.9344,-0.03,0.008,0.42,6778.0,1305436.2,1.923,1.935,1.919,1.927,0.83,0.63,1.93,-8.94,1705.0,5073.0,260709.0,19.97,0.0,0.0,260709.0,19.97,-248615.0,-19.04,-12093.0,-0.93,40.0,1.935,1.936,108156094.0,209282042,209282042,2026-08-27,2026-08-27 15:34:30+08:00
159615,恒生生物科技ETF南方,1.194,1.1995,0.46,0.005,0.42,936266.0,110920520.5,1.195,1.2,1.172,1.189,2.35,27.94,0.65,5.41,479600.0,456666.0,-587118.0,-0.53,-1089027.0,-0.98,501909.0,0.45,242116.0,0.22,345002.0,0.31,1514.0,1.193,1.194,335054896.0,400055546,400055546,2026-08-27,2026-08-27 15:34:45+08:00
159755,电池ETF广发,0.953,0.953,0.0,0.004,0.42,2494507.0,235474423.5,0.946,0.954,0.936,0.949,1.9,3.02,0.72,27.61,1306880.0,1187627.0,5224810.0,2.22,-1177087.0,-0.5,6401897.0,2.72,-7484915.0,-3.18,2260105.0,0.96,-7080.0,0.953,0.954,8250646784.0,7862866385,7862866385,2026-08-27,2026-08-27 15:34:51+08:00
515950,医药50ETF富国,0.957,0.957,0.0,0.004,0.42,103887.0,9880008.0,0.953,0.957,0.943,0.953,1.47,1.96,0.71,0.0,43635.0,60252.0,1502195.0,15.2,2108672.0,21.34,-606477.0,-6.14,-1533401.0,-15.52,31206.0,0.32,-792.0,0.956,0.957,530200608.0,507401982,507401982,2026-08-27,2026-08-27 16:11:46+08:00
516660,新能源车ETF华安,0.99,0.9916,0.16,0.004,0.41,11032.0,1086123.0,0.986,0.991,0.975,0.986,1.62,0.71,0.89,-0.89,5070.0,5962.0,-80443.0,-7.41,-22575.0,-2.08,-57868.0,-5.33,58664.0,5.4,21779.0,2.01,-102.0,0.99,0.991,154689000.0,153142110,153142110,2026-08-27,2026-08-27 16:11:36+08:00
159336,央企红利ETF融通,1.224,1.2253,0.11,0.005,0.41,13627.0,1664905.3,1.221,1.227,1.213,1.219,1.15,0.44,0.49,-65.73,4434.0,9193.0,20803.0,1.25,2572.0,0.15,18231.0,1.1,87782.0,5.27,-108585.0,-6.52,10.0,1.224,1.225,307905088.0,376875828,376875828,2026-08-27,2026-08-27 15:34:48+08:00
159913,深价值ETF交银,2.467,2.4661,-0.04,0.01,0.41,8081.0,1981721.0,2.455,2.467,2.442,2.457,1.02,3.62,2.71,56.67,2240.0,5841.0,569357.0,28.73,304338.0,15.36,265019.0,13.37,-510454.0,-25.76,-58903.0,-2.97,3057.0,2.446,2.465,22329693.0,55087353,55087353,2026-08-27,2026-08-27 15:34:00+08:00
159130,恒生生物科技ETF鹏华,0.985,0.9899,0.5,0.004,0.41,89802.0,8779497.046,0.988,0.992,0.966,0.981,2.65,4.35,0.53,-10.67,50578.0,39224.0,514171.0,5.86,283328.0,3.23,230843.0,2.63,-576888.0,-6.57,62718.0,0.71,372.0,0.984,0.985,206389466.0,203293624,203293624,2026-08-27,2026-08-27 15:34:24+08:00
510880,红利ETF华泰柏瑞,3.454,3.4563,0.07,0.014,0.41,1287980.0,443235810.0,3.435,3.463,3.413,3.44,1.45,2.16,0.8,-75.06,683378.0,604603.0,35257501.0,7.95,12361181.0,2.79,22896320.0,5.17,-1859285.0,-0.42,-33398217.0,-7.54,-4292.0,3.453,3.454,5971675648.0,20626167688,20626167688,2026-08-27,2026-08-27 16:11:32+08:00
159043,食品ETF华安,1.002,1.0035,0.15,0.004,0.4,156833.0,15699943.787,0.991,1.006,0.988,0.998,1.8,7.81,0.5,-69.77,90126.0,66707.0,4018499.0,25.6,530736.0,3.38,3487763.0,22.22,-3541858.0,-22.56,-476643.0,-3.04,-3.0,1.002,1.003,200770695.0,201172236,201172236,2026-08-27,2026-08-27 15:34:24+08:00
158010,医疗ETF嘉实,0.996,0.9963,0.03,0.004,0.4,139515.0,13824518.398,0.994,1.001,0.982,0.992,1.92,6.06,,28.32,71708.0,67807.0,1718964.0,12.43,3677454.0,26.6,-1958490.0,-14.17,-1533439.0,-11.09,-185524.0,-1.34,-452.0,0.996,0.998,230213319.0,229292466,229292466,2026-08-27,2026-08-27 15:34:27+08:00
159148,石油ETF富国,0.992,0.9921,0.01,0.004,0.4,100540.0,9898238.4,0.973,0.992,0.973,0.988,1.92,4.18,0.78,22.44,55099.0,45441.0,215913.0,2.18,229298.0,2.32,-13385.0,-0.14,-254612.0,-2.57,38697.0,0.39,211.0,0.991,0.992,240466601.0,238542868,238542868,2026-08-27,2026-08-27 15:34:36+08:00
561810,医疗器械ETF华泰柏瑞,1.015,1.0166,0.16,0.004,0.4,23202.0,2350283.0,1.011,1.019,1.007,1.011,1.19,3.38,0.35,-23.44,12576.0,10626.0,870310.0,37.03,397695.0,16.92,472615.0,20.11,-784566.0,-33.38,-85745.0,-3.65,-211.0,1.015,1.016,68638400.0,69667976,69667976,2026-08-27,2026-08-27 16:11:34+08:00
159176,家电ETF华宝,1.0,1.0009,0.09,0.004,0.4,59308.0,5908809.8,0.989,1.0,0.989,0.996,1.1,25.45,0.72,0.43,35724.0,23584.0,63632.0,1.08,0.0,0.0,63632.0,1.08,-127827.0,-2.16,64195.0,1.09,15.0,0.996,1.002,23303341.0,23303341,23303341,2026-08-27,2026-08-27 15:34:00+08:00
560880,家电ETF广发,1.531,1.5334,0.16,0.006,0.39,109412.0,16687966.0,1.528,1.532,1.519,1.525,0.85,5.52,0.97,4.47,48118.0,61294.0,1200446.0,7.19,697955.0,4.18,502491.0,3.01,-237183.0,-1.42,-963263.0,-5.77,-2.0,1.53,1.531,198232000.0,303493192,303493192,2026-08-27,2026-08-27 16:11:35+08:00
516930,生物科技ETF民生加银,0.51,0.5105,0.1,0.002,0.39,1855.0,93376.0,0.511,0.511,0.501,0.508,1.97,0.17,0.1,11.46,524.0,1331.0,17083.0,18.29,-38096.0,-40.8,55179.0,59.09,-36447.0,-39.03,19364.0,20.74,28.0,0.509,0.511,106139600.0,54131196,54131196,2026-08-27,2026-08-27 16:11:36+08:00
520760,恒生生物科技ETF摩根,1.023,1.0243,0.13,0.004,0.39,174525.0,17701209.0,1.015,1.026,1.003,1.019,2.26,13.38,0.6,8.81,87162.0,87363.0,673489.0,3.8,-658461.0,-3.72,1331950.0,7.52,-484287.0,-2.74,-189202.0,-1.07,-385.0,1.022,1.023,130466000.0,133466718,133466718,2026-08-27,2026-08-27 16:11:40+08:00
159840,锂电池ETF工银,0.77,0.7697,-0.04,0.003,0.39,763068.0,58310272.1,0.764,0.77,0.756,0.767,1.83,3.85,0.85,0.97,351453.0,411615.0,2206054.0,3.78,-5223646.0,-8.96,7429700.0,12.74,-1059247.0,-1.82,-1146807.0,-1.97,-4345.0,0.77,0.771,1981574848.0,1525812633,1525812633,2026-08-27,2026-08-27 15:34:06+08:00
515840,食品ETF南方,1.038,1.0391,0.11,0.004,0.39,27098.0,2809471.0,1.03,1.039,1.027,1.034,1.16,7.05,0.45,-0.84,10528.0,16570.0,213314.0,7.59,0.0,0.0,213314.0,7.59,-158017.0,-5.62,-55296.0,-1.97,-81.0,1.037,1.04,38426400.0,39886603,39886603,2026-08-27,2026-08-27 16:11:47+08:00
159837,生物科技ETF易方达,0.512,0.5123,0.06,0.002,0.39,523176.0,26498883.933,0.507,0.512,0.501,0.51,2.16,1.91,0.41,-19.6,261284.0,261892.0,-1304008.0,-4.92,-2744393.0,-10.36,1440385.0,5.44,844956.0,3.19,459052.0,1.73,2904.0,0.511,0.512,2746152832.0,1406030250,1406030250,2026-08-27,2026-08-27 15:34:03+08:00
159051,医疗器械ETF易方达,1.036,1.0387,0.26,0.004,0.39,9508.0,981377.824,1.031,1.038,1.029,1.032,0.87,1.06,0.28,-46.5,3793.0,5715.0,450934.0,45.95,41990.0,4.28,408944.0,41.67,-368770.0,-37.58,-82165.0,-8.37,-18.0,1.036,1.037,90117894.0,93362138,93362138,2026-08-27,2026-08-27 15:34:48+08:00
562850,央企能源ETF嘉实,1.273,1.2741,0.09,0.005,0.39,106870.0,13524341.0,1.264,1.273,1.259,1.268,1.1,5.6,1.6,67.97,54506.0,52364.0,-11605.0,-0.09,-626669.0,-4.63,615064.0,4.55,6257.0,0.05,5348.0,0.04,24.0,1.272,1.273,190981500.0,243119450,243119450,2026-08-27,2026-08-27 16:11:35+08:00
561020,食品ETF招商,1.025,1.0253,0.03,0.004,0.39,16026.0,1638325.0,1.016,1.026,1.012,1.021,1.37,4.85,0.69,-10.37,8912.0,7114.0,296890.0,18.12,904089.0,55.18,-607199.0,-37.06,-229674.0,-14.02,-67215.0,-4.1,2.0,1.022,1.026,33022200.0,33847755,33847755,2026-08-27,2026-08-27 16:12:00+08:00
159877,医疗ETF南方,0.518,0.5183,0.06,0.002,0.39,17394.0,896317.562,0.514,0.519,0.513,0.516,1.16,0.7,0.34,4.01,9416.0,7978.0,113775.0,12.69,185119.0,20.65,-71344.0,-7.96,-154823.0,-17.27,41048.0,4.58,19.0,0.517,0.519,249792292.0,129392407,129392407,2026-08-27,2026-08-27 15:34:00+08:00
159775,电池ETF建信,0.791,0.791,0.0,0.003,0.38,239799.0,18795143.5,0.785,0.791,0.778,0.788,1.65,3.55,1.02,21.57,142952.0,96847.0,-74481.0,-0.4,-1063125.0,-5.66,988644.0,5.26,69291.0,0.37,5189.0,0.03,-20.0,0.791,0.792,674648960.0,533647327,533647327,2026-08-27,2026-08-27 15:34:18+08:00
516790,医疗ETF华泰柏瑞,0.522,0.5231,0.21,0.002,0.38,19257.0,1003599.0,0.519,0.524,0.518,0.52,1.15,1.04,0.25,-0.93,6261.0,12996.0,188683.0,18.8,6406.0,0.64,182277.0,18.16,-147830.0,-14.73,-40853.0,-4.07,-100.0,0.522,0.523,185282200.0,96717308,96717308,2026-08-27,2026-08-27 16:11:42+08:00
159717,ESGETF鹏华,1.054,1.0555,0.14,0.004,0.38,11309.0,1187457.941,1.049,1.054,1.045,1.05,0.86,4.46,0.46,63.43,6103.0,5206.0,865204.0,72.86,0.0,0.0,865204.0,72.86,-46901.0,-3.95,-818302.0,-68.91,-39.0,1.052,1.055,25373183.0,26743335,26743335,2026-08-27,2026-08-27 15:34:09+08:00
516010,游戏ETF国泰,1.071,1.0694,-0.15,0.004,0.37,694030.0,73768939.0,1.07,1.071,1.053,1.067,1.69,2.87,1.09,21.75,326259.0,367771.0,-10527839.0,-14.27,-1392072.0,-1.89,-9135767.0,-12.38,5968407.0,8.09,4559432.0,6.18,-9953.0,1.07,1.071,2418693008.0,2590420212,2590420212,2026-08-27,2026-08-27 16:11:46+08:00
513030,德国ETF华安,1.918,1.8898,-1.49,0.007,0.37,619826.0,119021583.0,1.916,1.929,1.913,1.911,0.84,6.13,0.57,-36.71,293513.0,326312.0,2478297.0,2.08,13417532.0,11.27,-10939235.0,-9.19,-5273178.0,-4.43,2794880.0,2.35,-12219.0,1.917,1.918,1011779008.0,1940592137,1940592137,2026-08-27,2026-08-27 16:11:54+08:00
516590,智能汽车ETF易方达,1.105,1.1054,0.04,0.004,0.36,27887.0,3062058.0,1.111,1.111,1.09,1.101,1.91,5.36,0.88,5.71,17083.0,10804.0,20157.0,0.66,-458537.0,-14.97,478694.0,15.63,-6140.0,-0.2,-14016.0,-0.46,-31.0,1.105,1.106,52015000.0,57476575,57476575,2026-08-27,2026-08-27 16:11:34+08:00
159856,互联网龙头ETF工银,0.581,0.582,0.17,0.002,0.35,13946.0,807768.556,0.58,0.582,0.576,0.579,1.04,0.4,0.53,56.81,9903.0,4043.0,-41546.0,-5.14,0.0,0.0,-41546.0,-5.14,-5978.0,-0.74,47524.0,5.88,-200.0,0.581,0.582,347372480.0,201823411,201823411,2026-08-27,2026-08-27 15:34:57+08:00
516720,ESGETF浦银,1.159,1.1634,0.38,0.004,0.35,221.0,25611.0,1.153,1.159,1.153,1.155,0.52,0.18,0.42,0.25,214.0,7.0,23061.0,90.04,0.0,0.0,23061.0,90.04,-23180.0,-90.51,119.0,0.46,182.0,1.155,1.163,12337800.0,14299510,14299510,2026-08-27,2026-08-27 16:11:52+08:00
516770,游戏ETF华泰柏瑞,1.133,1.132,-0.09,0.004,0.35,214709.0,24162551.0,1.13,1.133,1.114,1.129,1.68,8.04,0.81,19.5,113071.0,101638.0,-2053622.0,-8.5,-606482.0,-2.51,-1447140.0,-5.99,487538.0,2.02,1566083.0,6.48,-1729.0,1.133,1.134,267048000.0,302565384,302565384,2026-08-27,2026-08-27 16:11:54+08:00
560260,医疗ETF广发,0.878,0.8798,0.2,0.003,0.34,88393.0,7721755.0,0.873,0.88,0.867,0.875,1.49,0.51,0.47,-4.53,46444.0,41949.0,469371.0,6.08,320602.0,4.15,148769.0,1.93,-446819.0,-5.79,-22552.0,-0.29,-2.0,0.878,0.88,1716664704.0,1507231610,1507231610,2026-08-27,2026-08-27 16:11:46+08:00
159910,基本面120ETF嘉实,2.39,2.3913,0.05,0.008,0.34,4133.0,986026.2,2.378,2.39,2.368,2.382,0.92,0.5,3.03,-27.29,2275.0,1858.0,0.0,0.0,0.0,0.0,0.0,0.0,-16651.0,-1.69,16651.0,1.69,20.0,2.38,2.4,82906143.0,198145682,198145682,2026-08-27,2026-08-27 15:34:15+08:00
159760,医疗健康ETF泰康,0.592,0.5929,0.15,0.002,0.34,18802.0,1107920.0,0.592,0.593,0.583,0.59,1.69,1.42,0.64,-41.76,10012.0,8790.0,328946.0,29.69,0.0,0.0,328946.0,29.69,-143901.0,-12.99,-185045.0,-16.7,120.0,0.591,0.592,132360223.0,78357252,78357252,2026-08-27,2026-08-27 15:34:15+08:00
560390,电网设备ETF易方达,0.883,0.8853,0.26,0.003,0.34,977996.0,85433064.0,0.877,0.883,0.865,0.88,2.05,4.85,1.0,-15.51,494360.0,483636.0,1909840.0,2.24,-1422565.0,-1.67,3332405.0,3.9,-3365452.0,-3.94,1455612.0,1.7,-9176.0,0.882,0.883,2017258000.0,1781238814,1781238814,2026-08-27,2026-08-27 16:11:59+08:00
517200,互联网ETF嘉实,0.586,0.5856,-0.07,0.002,0.34,14314.0,835187.0,0.584,0.587,0.58,0.584,1.2,0.99,0.67,15.66,5222.0,9092.0,-147273.0,-17.63,0.0,0.0,-147273.0,-17.63,101493.0,12.15,45780.0,5.48,-10.0,0.586,0.587,144782000.0,84842252,84842252,2026-08-27,2026-08-27 16:11:54+08:00
562390,中药ETF银华,0.883,0.8854,0.27,0.003,0.34,18447.0,1622976.0,0.88,0.885,0.873,0.88,1.36,2.32,0.73,31.21,11351.0,7096.0,-18939.0,-1.17,-469566.0,-28.93,450627.0,27.77,75711.0,4.66,-56772.0,-3.5,-10.0,0.883,0.885,79429000.0,70135807,70135807,2026-08-27,2026-08-27 16:11:39+08:00
515890,红利ETF博时,1.501,1.5011,0.01,0.005,0.33,243649.0,36393185.0,1.491,1.503,1.484,1.496,1.27,6.99,3.42,29.77,175427.0,68222.0,-9300792.0,-25.56,-9194035.0,-25.26,-106757.0,-0.29,9619812.0,26.43,-319021.0,-0.88,-263.0,1.5,1.501,348443904.0,523014300,523014300,2026-08-27,2026-08-27 16:11:45+08:00
159182,家电ETF南方,0.935,0.9371,0.22,0.003,0.32,1901.0,177134.1,0.931,0.935,0.929,0.932,0.64,0.52,2.37,-3.81,285.0,1616.0,54647.0,30.85,0.0,0.0,54647.0,30.85,-18680.0,-10.55,-35968.0,-20.31,-100.0,0.933,0.935,36485663.0,34114095,34114095,2026-08-27,2026-08-27 15:34:00+08:00
560160,食品ETF易方达,0.933,0.9349,0.2,0.003,0.32,23247.0,2163202.0,0.926,0.936,0.923,0.93,1.4,2.06,1.68,1.1,9212.0,14035.0,847958.0,39.2,279526.0,12.92,568432.0,26.28,-812259.0,-37.55,-35699.0,-1.65,-389.0,0.933,0.934,112706000.0,105154698,105154698,2026-08-27,2026-08-27 16:11:55+08:00
562080,300现金流ETF华宝,0.626,0.6259,-0.02,0.002,0.32,409010.0,25508500.0,0.624,0.635,0.619,0.624,2.56,6.81,0.84,1.76,217420.0,191590.0,1625593.0,6.37,507146.0,1.99,1118447.0,4.38,-1250155.0,-4.9,-375438.0,-1.47,5000.0,0.625,0.626,600757200.0,376074007,376074007,2026-08-27,2026-08-27 16:11:56+08:00
510270,国企ETF中银,1.561,1.561,0.0,0.005,0.32,7823.0,1220216.0,1.558,1.561,1.552,1.556,0.58,4.94,0.94,3.67,4940.0,2883.0,-220.0,-0.02,0.0,0.0,-220.0,-0.02,0.0,0.0,219.0,0.02,1310.0,1.561,1.565,15832100.0,24713908,24713908,2026-08-27,2026-08-27 16:11:39+08:00
159192,家电ETF汇添富,0.966,0.9662,0.02,0.003,0.31,3773.0,364284.2,0.958,0.973,0.958,0.963,1.56,2.22,0.78,-8.19,279.0,3494.0,59179.0,16.25,0.0,0.0,59179.0,16.25,-70241.0,-19.28,11063.0,3.04,-30.0,0.962,0.968,16987065.0,16409505,16409505,2026-08-27,2026-08-27 15:34:06+08:00
159132,恒生生物科技ETF富国,1.016,1.0209,0.48,0.003,0.3,353276.0,35668837.456,1.017,1.019,1.0,1.013,1.88,28.5,0.71,-30.88,174969.0,178307.0,1835804.0,5.15,527558.0,1.48,1308246.0,3.67,-1901251.0,-5.33,65448.0,0.18,-718.0,1.016,1.017,123963558.0,125946975,125946975,2026-08-27,2026-08-27 15:34:30+08:00
517000,沪港深500ETF银华,1.011,1.0143,0.33,0.003,0.3,1168.0,117809.0,1.008,1.011,1.006,1.008,0.5,0.1,0.41,-6.38,225.0,943.0,-35010.0,-29.72,0.0,0.0,-35010.0,-29.72,86270.0,73.23,-51259.0,-43.51,-300.0,1.01,1.011,122793000.0,124143723,124143723,2026-08-27,2026-08-27 16:11:43+08:00
520900,港股通红利ETF广发,1.015,1.0171,0.21,0.003,0.3,647712.0,65753258.0,1.014,1.018,1.01,1.012,0.79,4.22,1.17,-6.32,282697.0,365015.0,3524806.0,5.36,3966028.0,6.03,-441222.0,-0.67,-3005836.0,-4.57,-518969.0,-0.79,-790.0,1.014,1.015,1536175008.0,1559217633,1559217633,2026-08-27,2026-08-27 16:11:56+08:00
520660,港股通央企红利ETF南方,1.01,1.0121,0.21,0.003,0.3,1245810.0,125889544.0,1.006,1.015,1.006,1.007,0.89,5.48,1.93,27.98,590372.0,655438.0,-9398915.0,-7.47,331176.0,0.26,-9730091.0,-7.73,-6606617.0,-5.25,16005532.0,12.71,-504.0,1.01,1.011,2271485504.0,2294200359,2294200359,2026-08-27,2026-08-27 16:11:52+08:00
517080,沪港深500ETF汇添富,1.003,1.0047,0.17,0.003,0.3,6330.0,632140.0,1.0,1.003,0.997,1.0,0.6,0.37,0.52,2.79,3746.0,2584.0,-157941.0,-24.99,0.0,0.0,-157941.0,-24.99,166857.0,26.4,-8915.0,-1.41,-630.0,1.003,1.004,173166000.0,173685498,173685498,2026-08-27,2026-08-27 16:11:56+08:00
517100,沪港深500ETF富国,1.02,1.0219,0.19,0.003,0.29,766.0,77906.0,1.015,1.02,1.015,1.017,0.49,0.05,0.08,-9.44,455.0,311.0,2036.0,2.61,0.0,0.0,2036.0,2.61,6605.0,8.48,-8641.0,-11.09,-100.0,1.02,1.021,148102100.0,151064142,151064142,2026-08-27,2026-08-27 16:11:43+08:00
512170,医疗ETF华宝,0.346,0.3461,0.03,0.001,0.29,10206994.0,350828469.0,0.344,0.346,0.341,0.345,1.45,1.42,0.48,-15.8,4946457.0,5260537.0,8040508.0,2.29,21331211.0,6.08,-13290703.0,-3.79,-7376394.0,-2.1,-664114.0,-0.19,-122208.0,0.345,0.346,71646822400.0,24789800550,24789800550,2026-08-27,2026-08-27 16:11:58+08:00
159328,家电ETF易方达,1.054,1.0563,0.22,0.003,0.29,7370.0,774328.4,1.051,1.059,1.039,1.051,1.9,0.8,0.19,-9.76,4147.0,3223.0,81834.0,10.57,0.0,0.0,81834.0,10.57,-15525.0,-2.0,-66310.0,-8.56,-35.0,1.054,1.056,91556700.0,96500762,96500762,2026-08-27,2026-08-27 15:34:09+08:00
159720,智能车ETF泰康,0.72,0.7186,-0.19,0.002,0.28,5680.0,406797.0,0.719,0.72,0.712,0.718,1.11,1.24,0.38,8.22,1779.0,3901.0,24188.0,5.95,0.0,0.0,24188.0,5.95,-15108.0,-3.71,-9079.0,-2.23,10.0,0.719,0.72,45812357.0,32984897,32984897,2026-08-27,2026-08-27 15:34:42+08:00
562580,可选消费ETF华夏,1.082,1.0818,-0.02,0.003,0.28,59709.0,6442274.0,1.078,1.086,1.073,1.079,1.2,15.83,5.17,-0.11,28387.0,31322.0,-28037.0,-0.44,-364352.0,-5.66,336315.0,5.22,-41996.0,-0.65,70032.0,1.09,31.0,1.082,1.083,37723300.0,40816611,40816611,2026-08-27,2026-08-27 16:11:50+08:00
159806,新能源车ETF国泰,0.715,0.7146,-0.06,0.002,0.28,91913.0,6509975.2,0.713,0.715,0.703,0.713,1.68,1.1,0.36,-33.62,50268.0,41645.0,-554226.0,-8.51,-233239.0,-3.58,-320987.0,-4.93,358992.0,5.51,195235.0,3.0,159.0,0.714,0.715,837089440.0,598518950,598518950,2026-08-27,2026-08-27 15:34:21+08:00
513880,日经225ETF华安,2.146,2.0464,-4.87,0.006,0.28,950323.0,203828215.0,2.138,2.152,2.133,2.14,0.89,7.27,1.03,-60.84,494337.0,455986.0,-378704.0,-0.19,7079994.0,3.47,-7458698.0,-3.66,-10665842.0,-5.23,11044546.0,5.42,-9250.0,2.145,2.146,1306970000.0,2804757620,2804757620,2026-08-27,2026-08-27 16:11:37+08:00
513200,港股通医药ETF易方达,1.117,1.1189,0.17,0.003,0.27,1456409.0,161336817.0,1.121,1.123,1.098,1.114,2.24,16.27,0.73,-7.99,744628.0,711781.0,2672340.0,1.66,1050599.0,0.65,1621741.0,1.01,-3757719.0,-2.33,1085378.0,0.67,-1334.0,1.116,1.117,895282096.0,1000030101,1000030101,2026-08-27,2026-08-27 16:11:36+08:00
563000,中国A50ETF易方达,1.135,1.1362,0.11,0.003,0.27,306096.0,34739538.0,1.138,1.138,1.127,1.132,0.97,1.95,2.21,26.76,59182.0,246914.0,917853.0,2.64,96013.0,0.28,821840.0,2.37,-845622.0,-2.43,-72231.0,-0.21,-443.0,1.135,1.136,1565951104.0,1777354503,1777354503,2026-08-27,2026-08-27 16:11:51+08:00
159687,亚太精选ETF南方,1.849,1.8417,-0.4,0.005,0.27,692749.0,128135268.2,1.852,1.855,1.843,1.844,0.65,4.25,1.4,72.97,296502.0,396247.0,-14167599.0,-11.06,-18834636.0,-14.7,4667037.0,3.64,10318505.0,8.05,3849094.0,3.0,2646.0,1.848,1.849,1631228656.0,3016141785,3016141785,2026-08-27,2026-08-27 15:34:57+08:00
513930,恒生生物科技ETF华泰柏瑞,1.095,1.0958,0.07,0.003,0.27,630397.0,68372217.0,1.094,1.099,1.075,1.092,2.2,65.05,0.82,14.89,314216.0,316181.0,3002843.0,4.39,1350279.0,1.97,1652564.0,2.42,-2837470.0,-4.15,-165373.0,-0.24,-647.0,1.094,1.095,96908000.0,106114260,106114260,2026-08-27,2026-08-27 16:11:54+08:00
515180,红利ETF易方达,1.459,1.459,0.0,0.004,0.27,2928585.0,425429680.0,1.453,1.461,1.442,1.455,1.31,2.3,1.23,-42.07,1714263.0,1214322.0,-6929132.0,-1.63,-4855244.0,-1.14,-2073888.0,-0.49,8755294.0,2.06,-1826162.0,-0.43,-16634.0,1.459,1.46,12748636928.0,18600261278,18600261278,2026-08-27,2026-08-27 16:11:54+08:00
159793,线上消费ETF平安,0.771,0.7699,-0.14,0.002,0.26,5892.0,452638.1,0.769,0.773,0.764,0.769,1.17,1.35,0.67,-77.0,2748.0,3144.0,-21536.0,-4.76,0.0,0.0,-21536.0,-4.76,26224.0,5.79,-4688.0,-1.04,20.0,0.77,0.771,43758908.0,33738118,33738118,2026-08-27,2026-08-27 15:34:09+08:00
515080,中证红利ETF招商,1.61,1.6103,0.02,0.004,0.25,2060095.0,330144478.0,1.603,1.612,1.591,1.606,1.31,2.85,0.87,-76.91,1062246.0,997849.0,17419416.0,5.28,-17968869.0,-5.44,35388285.0,10.72,-4108438.0,-1.24,-13310979.0,-4.03,-8665.0,1.609,1.61,7216148992.0,11617999877,11617999877,2026-08-27,2026-08-27 16:11:38+08:00
563680,800现金流ETF汇添富,1.208,1.2078,-0.02,0.003,0.25,28354.0,3399429.0,1.205,1.208,1.196,1.205,1.0,2.68,0.83,25.51,11061.0,17293.0,26887.0,0.79,-479600.0,-14.11,506487.0,14.9,-45164.0,-1.33,18278.0,0.54,4.0,1.207,1.208,105959000.0,127998472,127998472,2026-08-27,2026-08-27 16:11:39+08:00
515030,新能源车ETF华夏,1.634,1.6335,-0.03,0.004,0.25,688038.0,111381727.0,1.624,1.634,1.606,1.63,1.72,4.54,0.9,11.86,409454.0,278584.0,6654316.0,5.97,2178151.0,1.96,4476165.0,4.02,-1818521.0,-1.63,-4835796.0,-4.34,-2503.0,1.633,1.634,1514384000.0,2474503456,2474503456,2026-08-27,2026-08-27 16:12:00+08:00
516910,物流ETF富国,1.194,1.1924,-0.13,0.003,0.25,126982.0,15081122.0,1.185,1.194,1.18,1.191,1.18,21.29,0.98,-27.98,67279.0,59703.0,-293274.0,-1.94,491470.0,3.26,-784744.0,-5.2,-482099.0,-3.2,775374.0,5.14,-42.0,1.194,1.195,59641800.0,71212309,71212309,2026-08-27,2026-08-27 16:11:47+08:00
560120,中证500现金流ETF华夏,1.227,1.2265,-0.04,0.003,0.25,122741.0,14978476.0,1.216,1.227,1.21,1.224,1.39,2.12,0.77,8.78,57451.0,65290.0,1240331.0,8.28,610000.0,4.07,630331.0,4.21,81009.0,0.54,-1321340.0,-8.82,-10.0,1.225,1.227,579689008.0,711278413,711278413,2026-08-27,2026-08-27 16:11:56+08:00
159508,生物医药ETF华安,0.835,0.8346,-0.05,0.002,0.24,108373.0,8922780.4,0.827,0.835,0.816,0.833,2.28,11.75,0.5,37.03,31833.0,76540.0,1309778.0,14.68,-30271.0,-0.34,1340049.0,15.02,-633560.0,-7.1,-676217.0,-7.58,-969.0,0.835,0.836,92231598.0,77013384,77013384,2026-08-27,2026-08-27 15:34:24+08:00
159776,港股医药ETF银华,1.248,1.253,0.4,0.003,0.24,237061.0,29427006.7,1.253,1.259,1.228,1.245,2.49,28.92,0.7,-20.96,137774.0,99287.0,691697.0,2.35,-1877375.0,-6.38,2569072.0,8.73,-553711.0,-1.88,-137987.0,-0.47,-222.0,1.248,1.249,81968765.0,102297019,102297019,2026-08-27,2026-08-27 15:34:09+08:00
159866,日经ETF工银,1.684,1.6326,-3.15,0.004,0.24,1264657.0,212825049.84,1.675,1.689,1.674,1.68,0.89,11.5,1.0,-39.71,669359.0,595298.0,12090156.0,5.68,11257433.0,5.29,832723.0,0.39,-16529853.0,-7.77,4439698.0,2.09,16628.0,1.683,1.684,1099979376.0,1852365269,1852365269,2026-08-27,2026-08-27 15:34:03+08:00
562530,中证1000价值ETF华夏,1.265,1.2657,0.06,0.003,0.24,88415.0,11152418.0,1.258,1.267,1.252,1.262,1.19,4.75,1.62,8.22,68275.0,20140.0,-206244.0,-1.85,-169928.0,-1.52,-36316.0,-0.33,282428.0,2.53,-76184.0,-0.68,-39.0,1.265,1.267,186144000.0,235472160,235472160,2026-08-27,2026-08-27 16:11:42+08:00
561580,央企红利ETF华泰柏瑞,1.261,1.2612,0.02,0.003,0.24,599384.0,75277544.0,1.256,1.263,1.249,1.258,1.11,2.96,0.99,6.39,328793.0,270591.0,930382.0,1.24,-5476607.0,-7.28,6406989.0,8.51,-839901.0,-1.12,-90479.0,-0.12,-1273.0,1.26,1.261,2025370704.0,2553992458,2553992458,2026-08-27,2026-08-27 16:11:43+08:00
510810,上海国企ETF汇添富,0.847,0.8458,-0.14,0.002,0.24,69917.0,5896333.0,0.846,0.855,0.839,0.845,1.89,0.12,1.3,-1.16,25380.0,44537.0,-1133121.0,-19.22,-615125.0,-10.43,-517996.0,-8.79,1136647.0,19.28,-3524.0,-0.06,-13.0,0.846,0.847,5964093696.0,5051587361,5051587361,2026-08-27,2026-08-27 16:11:54+08:00
159102,港股通生物科技ETF华安,0.865,0.8692,0.48,0.002,0.23,693932.0,59557155.024,0.868,0.868,0.849,0.863,2.2,10.38,0.68,-11.58,371050.0,322882.0,-88941.0,-0.15,-387593.0,-0.65,298652.0,0.5,192619.0,0.32,-103677.0,-0.17,300.0,0.864,0.865,668622000.0,578358030,578358030,2026-08-27,2026-08-27 15:34:36+08:00
159151,食品ETF华夏,0.927,0.9292,0.24,0.002,0.22,162826.0,15034842.16,0.925,0.931,0.917,0.925,1.51,8.59,1.43,12.41,103718.0,59108.0,3518002.0,23.4,1057712.0,7.04,2460290.0,16.36,-2388184.0,-15.88,-1129819.0,-7.51,3035.0,0.926,0.927,189451063.0,175621135,175621135,2026-08-27,2026-08-27 15:34:42+08:00
512430,家居家电ETF华泰柏瑞,0.909,0.9098,0.09,0.002,0.22,10232.0,925284.0,0.905,0.909,0.902,0.907,0.77,3.56,0.81,6.26,6678.0,3554.0,167367.0,18.09,0.0,0.0,167367.0,18.09,-152102.0,-16.44,-15265.0,-1.65,220.0,0.908,0.909,28720000.0,26106480,26106480,2026-08-27,2026-08-27 16:11:36+08:00
517990,沪港深医药ETF招商,0.931,0.9368,0.62,0.002,0.22,23889.0,2204035.0,0.929,0.931,0.918,0.929,1.4,4.98,0.57,0.71,11280.0,12609.0,-42767.0,-1.94,-495512.0,-22.48,452745.0,20.54,85706.0,3.89,-42939.0,-1.95,-9.0,0.932,0.935,47987900.0,44676735,44676735,2026-08-27,2026-08-27 16:11:39+08:00
513520,日经ETF华夏,2.285,2.1784,-4.89,0.005,0.22,1243092.0,283880582.0,2.275,2.292,2.272,2.28,0.88,11.58,1.22,32.57,641378.0,601714.0,7287113.0,2.57,5234313.0,1.84,2052800.0,0.72,-16784870.0,-5.91,9497756.0,3.35,-25668.0,2.285,2.286,1073887200.0,2453832252,2453832252,2026-08-27,2026-08-27 16:11:51+08:00
515760,浙江国资ETF华夏,1.369,1.3725,0.26,0.003,0.22,15396.0,2100025.0,1.366,1.37,1.357,1.366,0.95,1.61,0.61,0.3,8475.0,6921.0,184315.0,8.78,0.0,0.0,184315.0,8.78,-184846.0,-8.8,530.0,0.03,-1460.0,1.366,1.369,95388100.0,130586309,130586309,2026-08-27,2026-08-27 16:11:41+08:00
159996,家电ETF国泰,1.438,1.4379,-0.01,0.003,0.21,375591.0,53800822.8,1.435,1.439,1.42,1.435,1.32,8.26,0.61,-45.61,178821.0,196770.0,-5811194.0,-10.8,-6619792.0,-12.3,808598.0,1.5,4589637.0,8.53,1221556.0,2.27,81.0,1.437,1.438,454554848.0,653649871,653649871,2026-08-27,2026-08-27 15:34:45+08:00
562990,碳中和ETF易方达,0.976,0.9758,-0.02,0.002,0.21,52371.0,5079140.0,0.974,0.976,0.964,0.974,1.23,1.39,1.07,-10.8,30427.0,21944.0,74936.0,1.48,-231019.0,-4.55,305955.0,6.02,-60966.0,-1.2,-13971.0,-0.28,-315.0,0.975,0.976,377756000.0,368689856,368689856,2026-08-27,2026-08-27 16:11:51+08:00
561190,碳中和ETF富国,0.971,0.9723,0.13,0.002,0.21,37088.0,3585451.0,0.964,0.972,0.959,0.969,1.34,1.92,1.11,0.11,20330.0,16758.0,47095.0,1.31,684764.0,19.1,-637669.0,-17.78,-67967.0,-1.9,20872.0,0.58,-10.0,0.971,0.974,193318000.0,187711778,187711778,2026-08-27,2026-08-27 16:11:57+08:00
563280,A50增强ETF富国,1.423,1.4279,0.34,0.003,0.21,3412.0,485469.0,1.421,1.427,1.421,1.42,0.42,5.09,1.75,21.03,1753.0,1659.0,40739.0,8.39,0.0,0.0,40739.0,8.39,-28540.0,-5.88,-12198.0,-2.51,-1548.0,1.422,1.423,6706600.0,9543492,9543492,2026-08-27,2026-08-27 16:11:55+08:00
515640,家电ETF华夏,0.963,0.9656,0.27,0.002,0.21,3147.0,301388.0,0.961,0.963,0.957,0.961,0.62,1.85,1.26,9.8,741.0,2406.0,193675.0,64.26,0.0,0.0,193675.0,64.26,-188459.0,-62.53,-5216.0,-1.73,-4.0,0.964,0.966,17050000.0,16419150,16419150,2026-08-27,2026-08-27 16:11:45+08:00
159718,港股医药ETF平安,0.937,0.9407,0.39,0.002,0.21,299670.0,27892928.0,0.938,0.942,0.921,0.935,2.25,16.3,0.71,-74.5,154580.0,145090.0,874450.0,3.14,-56940.0,-0.2,931390.0,3.34,-596162.0,-2.14,-278288.0,-1.0,211.0,0.936,0.937,183832634.0,172251178,172251178,2026-08-27,2026-08-27 15:34:39+08:00
159639,碳中和ETF南方,0.965,0.966,0.1,0.002,0.21,45683.0,4383689.7,0.964,0.965,0.954,0.963,1.14,2.25,0.95,-30.22,23099.0,22584.0,378030.0,8.62,0.0,0.0,378030.0,8.62,-334536.0,-7.63,-43494.0,-0.99,-2.0,0.964,0.966,203290171.0,196175015,196175015,2026-08-27,2026-08-27 15:34:27+08:00
560550,碳中和ETF广发,0.97,0.9714,0.14,0.002,0.21,2445.0,236457.0,0.96,0.97,0.959,0.968,1.14,0.19,0.34,3.69,916.0,1529.0,-29413.0,-12.44,28980.0,12.26,-58393.0,-24.69,40322.0,17.05,-10910.0,-4.61,599.0,0.97,0.973,125597400.0,121829478,121829478,2026-08-27,2026-08-27 16:11:35+08:00
517170,沪港深500ETF华夏,1.008,1.0097,0.17,0.002,0.2,1984.0,199987.0,1.005,1.008,1.005,1.006,0.3,1.23,0.31,0.14,25.0,1959.0,-100.0,-0.05,0.0,0.0,-100.0,-0.05,0.0,0.0,100.0,0.05,-1983.0,1.007,1.008,16131800.0,16260854,16260854,2026-08-27,2026-08-27 16:11:34+08:00
159119,800现金流ETF招商,0.984,0.9851,0.11,0.002,0.2,134897.0,13238143.017,0.982,0.985,0.975,0.982,1.02,8.76,1.5,-95.89,75940.0,58956.0,150992.0,1.14,-553704.0,-4.18,704696.0,5.32,-132503.0,-1.0,-18488.0,-0.14,-5.0,0.984,0.985,154054229.0,151589361,151589361,2026-08-27,2026-08-27 15:34:12+08:00
563890,国企红利ETF创金合信,1.078,1.077,-0.09,0.002,0.19,9820.0,1051091.0,1.068,1.078,1.065,1.076,1.21,4.3,3.39,10.31,9291.0,529.0,1494.0,0.14,-587950.0,-55.94,589444.0,56.08,21292.0,2.03,-22786.0,-2.17,4.0,1.075,1.078,22836000.0,24617208,24617208,2026-08-27,2026-08-27 16:11:51+08:00
159869,游戏ETF华夏,1.078,1.0777,-0.03,0.002,0.19,3644453.0,390380447.977,1.079,1.079,1.061,1.076,1.67,4.56,1.12,28.31,1964438.0,1680015.0,-51088175.0,-13.09,-56774113.0,-14.54,5685938.0,1.46,24628592.0,6.31,26459583.0,6.78,-63221.0,1.078,1.079,7986082048.0,8608996448,8608996448,2026-08-27,2026-08-27 15:34:57+08:00
159136,A50ETF广发,1.028,1.0285,0.05,0.002,0.19,11080.0,1135749.4,1.026,1.029,1.02,1.026,0.88,1.01,1.09,35.69,6878.0,4202.0,206959.0,18.22,223450.0,19.67,-16491.0,-1.45,-200303.0,-17.64,-6656.0,-0.59,361.0,1.026,1.03,109414074.0,112477668,112477668,2026-08-27,2026-08-27 15:34:33+08:00
159589,红利ETF广发,1.12,1.1219,0.17,0.002,0.18,98932.0,11056454.7,1.118,1.122,1.108,1.118,1.25,4.08,0.95,-78.35,43364.0,55568.0,641961.0,5.81,-164891.0,-1.49,806852.0,7.3,-399679.0,-3.61,-242284.0,-2.19,-446.0,1.12,1.121,242590005.0,271700806,271700806,2026-08-27,2026-08-27 15:34:48+08:00
517010,沪港深500ETF易方达,1.126,1.129,0.27,0.002,0.18,12606.0,1414900.0,1.122,1.126,1.12,1.124,0.53,1.61,0.75,-0.8,7514.0,5092.0,-138454.0,-9.79,0.0,0.0,-138454.0,-9.79,-4481.0,-0.32,142935.0,10.1,79.0,1.127,1.129,78144200.0,87990369,87990369,2026-08-27,2026-08-27 16:12:00+08:00
516110,汽车ETF国泰,1.118,1.1161,-0.17,0.002,0.18,74997.0,8334696.0,1.111,1.118,1.106,1.116,1.08,3.49,0.58,-2.36,37978.0,37019.0,-1295236.0,-15.54,-184524.0,-2.21,-1110712.0,-13.33,985147.0,11.82,310089.0,3.72,-665.0,1.118,1.119,214623100.0,239948626,239948626,2026-08-27,2026-08-27 16:12:01+08:00
159965,央视50ETF国联,1.64,1.6397,-0.02,0.003,0.18,3031.0,494398.8,1.637,1.64,1.629,1.637,0.67,1.41,1.42,-44.92,1173.0,1858.0,280519.0,56.74,0.0,0.0,280519.0,56.74,-135226.0,-27.35,-145293.0,-29.39,-19.0,1.64,1.642,21426953.0,35140203,35140203,2026-08-27,2026-08-27 15:34:51+08:00
563900,300自由现金流ETF摩根,1.177,1.1773,0.03,0.002,0.17,161448.0,18929800.0,1.168,1.177,1.166,1.175,0.94,3.43,0.7,0.33,69417.0,92031.0,333652.0,1.76,554919.0,2.93,-221267.0,-1.17,-132186.0,-0.7,-201466.0,-1.06,100.0,1.176,1.177,470965696.0,554326624,554326624,2026-08-27,2026-08-27 16:11:54+08:00
159578,深证主板50ETF南方,1.196,1.1975,0.13,0.002,0.17,1402.0,167254.6,1.193,1.196,1.186,1.194,0.84,0.7,0.5,-7.13,504.0,898.0,110185.0,65.88,0.0,0.0,110185.0,65.88,-132805.0,-79.4,22621.0,13.52,29.0,1.191,1.196,19998831.0,23918602,23918602,2026-08-27,2026-08-27 15:34:42+08:00
563760,全指现金流ETF中银,1.182,1.1827,0.06,0.002,0.17,1067291.0,125545866.0,1.179,1.182,1.17,1.18,1.02,14.27,1.28,6.74,356767.0,710524.0,32784514.0,26.11,28515342.0,22.71,4269172.0,3.4,-33259263.0,-26.49,474750.0,0.38,-100.0,1.181,1.182,747913200.0,884033402,884033402,2026-08-27,2026-08-27 16:11:57+08:00
159838,医药50ETF博时,0.591,0.5912,0.03,0.001,0.17,50219.0,2949874.82,0.586,0.593,0.582,0.59,1.86,2.23,0.66,-18.46,30756.0,19463.0,173734.0,5.89,0.0,0.0,173734.0,5.89,-221865.0,-7.52,48131.0,1.63,1.0,0.59,0.591,224763462.0,132835206,132835206,2026-08-27,2026-08-27 15:34:30+08:00
563990,800现金流ETF富国,1.26,1.2612,0.1,0.002,0.16,29771.0,3743281.0,1.258,1.261,1.248,1.258,1.03,0.98,0.41,24.1,16623.0,13148.0,423250.0,11.31,5922.0,0.16,417328.0,11.15,-431360.0,-11.52,8110.0,0.22,47.0,1.259,1.261,304573008.0,383761990,383761990,2026-08-27,2026-08-27 16:12:00+08:00
159229,自由现金流ETF广发,1.216,1.2181,0.17,0.002,0.16,32773.0,3968406.2,1.212,1.217,1.204,1.214,1.07,2.24,0.98,-3.04,17031.0,15742.0,733549.0,18.48,486724.0,12.26,246825.0,6.22,-749363.0,-18.88,15814.0,0.4,1000.0,1.216,1.217,146056022.0,177604123,177604123,2026-08-27,2026-08-27 15:34:30+08:00
560820,中证A50ETF新华,1.216,1.2136,-0.2,0.002,0.16,65.0,7888.0,1.205,1.216,1.205,1.214,0.91,0.02,0.23,14.68,51.0,14.0,-5117.0,-64.87,0.0,0.0,-5117.0,-64.87,0.0,0.0,5116.0,64.86,50.0,1.212,1.217,40926000.0,49766016,49766016,2026-08-27,2026-08-27 16:11:43+08:00
159510,沪深300价值ETF华夏,1.262,1.2645,0.2,0.002,0.16,19722.0,2483214.844,1.265,1.265,1.252,1.26,1.03,2.98,1.18,-71.82,7972.0,11750.0,-194999.0,-7.85,0.0,0.0,-194999.0,-7.85,124886.0,5.03,70112.0,2.82,-16.0,1.261,1.262,66128342.0,83453968,83453968,2026-08-27,2026-08-27 15:34:27+08:00
159331,红利港股ETF国泰,1.322,1.3254,0.26,0.002,0.15,34648.0,4570519.7,1.322,1.323,1.312,1.32,0.83,2.33,0.62,-42.76,17824.0,16824.0,-300077.0,-6.57,0.0,0.0,-300077.0,-6.57,342783.0,7.5,-42705.0,-0.93,108.0,1.321,1.322,148694179.0,196573705,196573705,2026-08-27,2026-08-27 15:34:30+08:00
513700,港股通医药ETF鹏华,0.663,0.6647,0.26,0.001,0.15,1766189.0,116361042.0,0.668,0.668,0.652,0.662,2.42,22.11,0.61,-58.19,964363.0,801826.0,478897.0,0.41,10343318.0,8.89,-9864421.0,-8.48,-658196.0,-0.57,179299.0,0.15,-1689.0,0.663,0.664,798846000.0,529634898,529634898,2026-08-27,2026-08-27 16:11:56+08:00
159593,中证A50ETF平安,1.377,1.3759,-0.08,0.002,0.15,415998.0,56983025.9,1.374,1.377,1.365,1.375,0.87,2.25,1.06,25.3,277510.0,138488.0,1615469.0,2.84,3813866.0,6.69,-2198397.0,-3.86,-2853896.0,-5.01,1238428.0,2.17,180.0,1.376,1.377,1850196048.0,2547719958,2547719958,2026-08-27,2026-08-27 15:34:33+08:00
517050,互联网ETF华泰柏瑞,0.665,0.6668,0.27,0.001,0.15,21626.0,1428437.0,0.664,0.665,0.658,0.664,1.05,0.62,0.91,-10.56,10316.0,11310.0,-145589.0,-10.19,-24553.0,-1.72,-121036.0,-8.47,97291.0,6.81,48298.0,3.38,-168.0,0.665,0.666,347605008.0,231157330,231157330,2026-08-27,2026-08-27 16:11:40+08:00
159617,中证500价值ETF华夏,1.375,1.3767,0.12,0.002,0.15,11859.0,1625299.8,1.373,1.375,1.36,1.373,1.09,3.9,0.81,1.4,6496.0,5363.0,16408.0,1.01,0.0,0.0,16408.0,1.01,9205.0,0.57,-25613.0,-1.58,-1.0,1.375,1.376,30418382.0,41825275,41825275,2026-08-27,2026-08-27 15:34:03+08:00
515910,质量ETF中金,0.689,0.6922,0.46,0.001,0.15,47809.0,3285670.0,0.687,0.691,0.685,0.688,0.87,2.1,1.03,20.92,21761.0,26048.0,427510.0,13.01,644164.0,19.61,-216654.0,-6.59,-50231.0,-1.53,-377279.0,-11.48,-74.0,0.689,0.691,227507000.0,156752323,156752323,2026-08-27,2026-08-27 16:11:39+08:00
516560,养老ETF华宝,0.764,0.7627,-0.17,0.001,0.13,20110.0,1528729.0,0.76,0.764,0.755,0.763,1.18,0.97,0.51,15.69,6580.0,13530.0,364499.0,23.84,0.0,0.0,364499.0,23.84,-438742.0,-28.7,74243.0,4.86,-1169.0,0.763,0.764,206758000.0,157963112,157963112,2026-08-27,2026-08-27 16:11:58+08:00
159183,新能源车ETF招商,0.867,0.8691,0.24,0.001,0.12,45671.0,3914603.706,0.868,0.868,0.854,0.866,1.62,9.85,0.97,84.75,31202.0,14469.0,672471.0,17.18,945745.0,24.16,-273274.0,-6.98,-660296.0,-16.87,-12174.0,-0.31,-479.0,0.86,0.867,46387793.0,40218217,40218217,2026-08-27,2026-08-27 15:34:42+08:00
510090,责任ETF建信,2.568,2.5647,-0.13,0.003,0.12,2999.0,767591.0,2.569,2.569,2.554,2.565,0.58,1.25,2.18,12.47,1985.0,1014.0,-15729.0,-2.05,0.0,0.0,-15729.0,-2.05,0.0,0.0,15729.0,2.05,-8.0,2.561,2.569,24081100.0,61840265,61840265,2026-08-27,2026-08-27 16:11:44+08:00
159640,碳中和龙头ETF工银,0.943,0.9436,0.06,0.001,0.11,18274.0,1715464.1,0.936,0.943,0.934,0.942,0.96,3.05,0.97,-3.23,10271.0,8003.0,-30700.0,-1.79,0.0,0.0,-30700.0,-1.79,28110.0,1.64,2590.0,0.15,-1200.0,0.94,0.944,59845198.0,56434022,56434022,2026-08-27,2026-08-27 15:34:09+08:00
516380,智能电动车ETF华宝,0.876,0.8787,0.31,0.001,0.11,2628.0,229150.0,0.869,0.877,0.865,0.875,1.37,0.31,0.53,7.69,217.0,2411.0,35801.0,15.62,-43709.0,-19.07,79510.0,34.7,-19228.0,-8.39,-16571.0,-7.23,-111.0,0.877,0.879,83449300.0,73101587,73101587,2026-08-27,2026-08-27 16:11:50+08:00
560420,食品ETF前海开源,0.939,0.9425,0.37,0.001,0.11,4365.0,410405.0,0.938,0.944,0.932,0.938,1.28,0.33,0.38,-7.46,2304.0,2061.0,182600.0,44.49,0.0,0.0,182600.0,44.49,-159750.0,-38.92,-22851.0,-5.57,-313.0,0.94,0.942,132780200.0,124680608,124680608,2026-08-27,2026-08-27 16:11:49+08:00
159277,港股通红利ETF富国,1.01,1.0121,0.21,0.001,0.1,50555.0,5094815.794,1.018,1.018,1.002,1.009,1.59,13.46,1.4,-38.22,26040.0,24515.0,-205013.0,-4.02,333716.0,6.55,-538729.0,-10.57,-110847.0,-2.18,315860.0,6.2,600.0,1.009,1.011,37557011.0,37932581,37932581,2026-08-27,2026-08-27 15:34:24+08:00
563580,自由现金流800ETF万家,1.135,1.137,0.18,0.001,0.09,33618.0,3796759.0,1.127,1.136,1.126,1.134,0.88,1.37,0.63,18.15,13010.0,20608.0,93279.0,2.46,152145.0,4.01,-58866.0,-1.55,-172837.0,-4.55,79557.0,2.1,-1.0,1.135,1.137,245648000.0,278810480,278810480,2026-08-27,2026-08-27 16:12:01+08:00
560020,红利ETF汇添富,1.14,1.1417,0.15,0.001,0.09,20460.0,2323675.0,1.139,1.143,1.128,1.139,1.32,1.53,0.47,3.65,6827.0,13633.0,-57342.0,-2.47,83930.0,3.61,-141272.0,-6.08,349220.0,15.03,-291877.0,-12.56,-234.0,1.14,1.141,133562000.0,152260680,152260680,2026-08-27,2026-08-27 16:11:37+08:00
513000,日经225ETF易方达,2.293,2.1994,-4.26,0.002,0.09,685104.0,157258855.0,2.285,2.304,2.284,2.291,0.87,6.85,1.12,-9.3,365295.0,319809.0,-556315.0,-0.35,3658576.0,2.33,-4214891.0,-2.68,-10700718.0,-6.8,11257033.0,7.16,-7201.0,2.292,2.293,999911408.0,2292796859,2292796859,2026-08-27,2026-08-27 16:11:58+08:00
159581,红利ETF万家,1.084,1.0871,0.29,0.001,0.09,225643.0,24368218.6,1.08,1.087,1.073,1.083,1.29,1.76,1.03,-92.9,109506.0,116137.0,2850224.0,11.7,8119282.0,33.32,-5269058.0,-21.62,-967028.0,-3.97,-1883197.0,-7.73,-753.0,1.084,1.085,1282225712.0,1389932672,1389932672,2026-08-27,2026-08-27 15:34:45+08:00
563180,高股息ETF银华,1.177,1.1779,0.08,0.001,0.09,34203.0,4007277.0,1.177,1.178,1.166,1.176,1.02,3.37,0.87,9.5,14721.0,19482.0,1060255.0,26.46,708922.0,17.69,351333.0,8.77,-243653.0,-6.08,-816602.0,-20.38,-5.0,1.176,1.177,101420000.0,119371340,119371340,2026-08-27,2026-08-27 16:12:00+08:00
561420,300现金流ETF汇添富,1.101,1.1012,0.02,0.001,0.09,40405.0,4430180.0,1.094,1.101,1.091,1.1,0.91,0.4,0.7,-4.19,20142.0,20263.0,-207452.0,-4.68,0.0,0.0,-207452.0,-4.68,180674.0,4.08,26776.0,0.6,224.0,1.099,1.101,1019237008.0,1122179946,1122179946,2026-08-27,2026-08-27 16:12:01+08:00
563770,全指现金流ETF招商,1.196,1.1967,0.06,0.001,0.08,49036.0,5847110.0,1.19,1.209,1.185,1.195,2.01,17.96,1.29,0.63,32119.0,16917.0,160722.0,2.75,146137.0,2.5,14585.0,0.25,-146629.0,-2.51,-14092.0,-0.24,5.0,1.194,1.199,27307000.0,32659172,32659172,2026-08-27,2026-08-27 16:11:51+08:00
561080,全指现金流ETF华安,1.198,1.1986,0.05,0.001,0.08,12805.0,1525501.0,1.189,1.199,1.187,1.197,1.0,5.28,1.04,-3.85,5601.0,7204.0,49781.0,3.26,-218960.0,-14.35,268741.0,17.62,-9550.0,-0.63,-40232.0,-2.64,760.0,1.196,1.2,24250000.0,29051500,29051500,2026-08-27,2026-08-27 16:11:43+08:00
560350,中证A50ETF摩根,1.28,1.2795,-0.04,0.001,0.08,123432.0,15752331.0,1.279,1.281,1.271,1.279,0.78,1.47,0.65,-0.75,71217.0,52215.0,-496824.0,-3.15,438209.0,2.78,-935033.0,-5.94,-220434.0,-1.4,717257.0,4.55,-750.0,1.278,1.28,839532096.0,1074601083,1074601083,2026-08-27,2026-08-27 16:11:36+08:00
510060,央企ETF工银,2.642,2.6414,-0.02,0.002,0.08,981.0,258337.0,2.636,2.642,2.623,2.64,0.72,0.27,1.22,93.13,511.0,470.0,-47147.0,-18.25,0.0,0.0,-47147.0,-18.25,84832.0,32.84,-37684.0,-14.59,-6.0,2.634,2.642,35959200.0,95004206,95004206,2026-08-27,2026-08-27 16:11:50+08:00
513830,港股通高股息ETF嘉实,1.226,1.2261,0.01,0.001,0.08,6975.0,852029.0,1.22,1.226,1.218,1.225,0.65,1.26,0.28,-3.68,3536.0,3439.0,420972.0,49.41,0.0,0.0,420972.0,49.41,-330894.0,-38.84,-90078.0,-10.57,-7.0,1.222,1.226,55311000.0,67811286,67811286,2026-08-27,2026-08-27 16:11:43+08:00
159332,央企红利ETF富国,1.234,1.2351,0.09,0.001,0.08,19927.0,2449094.7,1.232,1.236,1.222,1.233,1.14,2.24,1.25,-24.52,10279.0,9648.0,765592.0,31.26,715159.0,29.2,50433.0,2.06,-538421.0,-21.98,-227171.0,-9.28,60.0,1.233,1.234,89021477.0,109852503,109852503,2026-08-27,2026-08-27 15:34:39+08:00
560030,800价值ETF汇添富,1.312,1.3121,0.01,0.001,0.08,2996.0,391245.0,1.312,1.312,1.299,1.311,0.99,1.28,1.0,17.09,156.0,2840.0,199198.0,50.91,0.0,0.0,199198.0,50.91,-186551.0,-47.68,-12647.0,-3.23,129.0,1.31,1.312,23432000.0,30742784,30742784,2026-08-27,2026-08-27 16:11:32+08:00
513820,港股通红利ETF汇添富,1.263,1.2647,0.13,0.001,0.08,507496.0,63997968.0,1.264,1.266,1.255,1.262,0.87,2.97,0.84,-11.19,256942.0,250554.0,7738311.0,12.09,3109655.0,4.86,4628656.0,7.23,-5613381.0,-8.77,-2124931.0,-3.32,-1988.0,1.262,1.263,1706169008.0,2154891457,2154891457,2026-08-27,2026-08-27 16:11:40+08:00
513400,道琼斯ETF鹏华,1.359,1.3186,-3.06,0.001,0.07,1705004.0,231570877.0,1.359,1.364,1.353,1.358,0.81,6.43,0.91,-9.45,842947.0,862057.0,-17687588.0,-7.64,5241449.0,2.26,-22929037.0,-9.9,2822393.0,1.22,14865196.0,6.42,-21209.0,1.359,1.36,2652062000.0,3604152258,3604152258,2026-08-27,2026-08-27 16:11:36+08:00
159557,恒生医疗ETF嘉实,1.524,1.5388,0.96,0.001,0.07,525506.0,79459108.9,1.53,1.533,1.497,1.523,2.36,40.77,0.68,-74.82,258574.0,266932.0,-4553069.0,-5.73,776600.0,0.98,-5329669.0,-6.71,4270563.0,5.37,282505.0,0.36,3087.0,1.523,1.524,128894955.0,196435911,196435911,2026-08-27,2026-08-27 15:34:30+08:00
159630,A100ETF汇添富,1.37,1.3753,0.39,0.001,0.07,88.0,12047.3,1.369,1.37,1.369,1.369,0.07,0.06,0.1,36.48,18.0,70.0,-9583.0,-79.54,0.0,0.0,-9583.0,-79.54,2053.0,17.04,7530.0,62.5,1.0,1.371,1.375,15113744.0,20705829,20705829,2026-08-27,2026-08-27 15:34:54+08:00
159595,中证A50ETF大成,1.381,1.3796,-0.1,0.001,0.07,486638.0,66946519.6,1.381,1.382,1.371,1.38,0.8,5.34,0.82,-3.78,229477.0,257161.0,-9907805.0,-14.8,-8170259.0,-12.2,-1737546.0,-2.6,1406881.0,2.1,8500924.0,12.7,6.0,1.38,1.381,911113248.0,1258247395,1258247395,2026-08-27,2026-08-27 15:34:36+08:00
159591,A50ETF富国,1.391,1.3911,0.01,0.001,0.07,100735.0,13956342.646,1.39,1.391,1.381,1.39,0.72,3.04,0.65,69.83,50820.0,49915.0,-1129657.0,-8.09,-1267671.0,-9.08,138014.0,0.99,1040579.0,7.46,89078.0,0.64,36.0,1.39,1.391,330905680.0,460289801,460289801,2026-08-27,2026-08-27 15:34:18+08:00
511660,货币ETF建信,100.041,,-0.04,0.021,0.02,17900.0,179051571.0,100.011,100.06,100.011,100.02,0.05,2.39,0.83,33.12,9632.0,8268.0,7126667.0,3.98,-21784759.0,-12.17,28911426.0,16.15,-5671492.0,-3.17,-1455175.0,-0.81,-578.0,100.041,100.042,74831900.0,7486258108,7486258108,2026-08-27,2026-08-27 16:11:51+08:00
511960,货币ETF嘉实,100.002,,0.0,0.005,0.01,126.0,1261608.0,100.0,100.002,99.999,99.997,0.0,4.84,0.97,-1.25,51.0,75.0,321597.0,25.49,571597.0,45.31,-250000.0,-19.82,-330000.0,-26.16,8403.0,0.67,7.0,99.998,100.002,260900.0,26090522,26090522,2026-08-27,2026-08-27 16:12:00+08:00
560680,消费ETF广发,0.73,0.7299,-0.01,0.0,0.0,115342.0,8360628.0,0.729,0.731,0.722,0.73,1.23,3.43,0.67,-4.02,58374.0,56968.0,392630.0,4.7,365000.0,4.37,27630.0,0.33,-449015.0,-5.37,56384.0,0.67,-1126.0,0.729,0.73,336725600.0,245809688,245809688,2026-08-27,2026-08-27 16:11:57+08:00
159263,价值ETF易方达,1.158,1.1586,0.05,0.0,0.0,2382438.0,275165358.2,1.156,1.161,1.148,1.158,1.12,3.84,1.0,-72.91,1205678.0,1176760.0,-1413423.0,-0.51,-5714394.0,-2.08,4300971.0,1.56,-1017785.0,-0.37,2431207.0,0.88,1804.0,1.157,1.158,6211105024.0,7192459618,7192459618,2026-08-27,2026-08-27 15:34:06+08:00
159221,现金流ETF嘉实,1.179,1.179,0.0,0.0,0.0,201556.0,23688579.6,1.178,1.179,1.169,1.179,0.85,1.77,0.73,-17.35,98607.0,102949.0,425690.0,1.8,670789.0,2.83,-245099.0,-1.03,-432203.0,-1.82,6512.0,0.03,289.0,1.177,1.18,1140013232.0,1344075601,1344075601,2026-08-27,2026-08-27 15:34:48+08:00
159232,自由现金流ETF南方,1.209,1.2081,-0.07,0.0,0.0,1706756.0,205400089.245,1.206,1.21,1.197,1.209,1.08,8.19,1.06,52.69,969319.0,737437.0,-20756037.0,-10.11,-29509326.0,-14.37,8753289.0,4.26,14901280.0,7.25,5854757.0,2.85,170.0,1.207,1.209,2084948560.0,2520702809,2520702809,2026-08-27,2026-08-27 15:34:12+08:00
513060,恒生医疗ETF博时,0.598,0.5999,0.32,0.0,0.0,7356111.0,437093650.0,0.602,0.602,0.589,0.598,2.17,8.44,0.61,-44.91,3555100.0,3801011.0,-3535755.0,-0.81,2144926.0,0.49,-5680681.0,-1.3,1512154.0,0.35,2023601.0,0.46,-22371.0,0.597,0.598,8717893376.0,5213300239,5213300239,2026-08-27,2026-08-27 16:11:43+08:00
159822,新经济ETF银华,0.597,0.6002,0.53,0.0,0.0,61240.0,3654527.6,0.598,0.599,0.595,0.597,0.67,2.07,0.85,-70.67,31258.0,29982.0,-704389.0,-19.27,-1583133.0,-43.32,878744.0,24.05,550137.0,15.05,154253.0,4.22,1185.0,0.596,0.597,295634320.0,176493689,176493689,2026-08-27,2026-08-27 15:34:45+08:00
159127,港股通红利ETF南方,0.98,0.9818,0.18,0.0,0.0,19734.0,1926889.465,0.978,0.981,0.972,0.98,0.92,1.25,0.26,-51.13,10276.0,9458.0,357119.0,18.53,461206.0,23.94,-104087.0,-5.4,-381689.0,-19.81,24568.0,1.28,9.0,0.979,0.98,158344268.0,155177383,155177383,2026-08-27,2026-08-27 15:34:51+08:00
512600,消费ETF嘉实,0.572,0.5717,-0.05,0.0,0.0,173879.0,9884904.0,0.572,0.573,0.565,0.572,1.4,1.01,0.74,-0.7,77460.0,96419.0,140100.0,1.42,261251.0,2.64,-121151.0,-1.23,-193979.0,-1.96,53880.0,0.55,-254.0,0.571,0.572,1714256096.0,980554487,980554487,2026-08-27,2026-08-27 16:11:44+08:00
511800,易方达货币ETF,100.004,,0.0,0.0,0.0,929.0,9293481.0,100.03,100.03,99.998,100.004,0.03,5.58,1.71,2.91,587.0,342.0,-607117.0,-6.53,-879639.0,-9.47,272522.0,2.93,380019.0,4.09,227097.0,2.44,-4.0,100.004,100.007,1666000.0,166606664,166606664,2026-08-27,2026-08-27 16:11:53+08:00
511690,交易货币ETF大成,100.001,,0.0,-0.002,0.0,971.0,9712506.0,100.001,100.003,100.001,100.003,0.0,1.61,0.91,-32.39,404.0,567.0,-1357737.0,-13.98,1110122.0,11.43,-2467859.0,-25.41,1351135.0,13.91,6603.0,0.07,-4.0,100.001,100.002,6046000.0,604606046,604606046,2026-08-27,2026-08-27 16:11:49+08:00
511700,货币ETF平安,100.007,,-0.01,0.001,0.0,7329.0,73298505.0,100.005,100.009,100.004,100.006,0.01,4.14,1.0,-49.26,4952.0,2377.0,-4011292.0,-5.47,5251211.0,7.16,-9262503.0,-12.64,4447723.0,6.07,-436430.0,-0.6,-29.0,100.006,100.007,17706700.0,1770793947,1770793947,2026-08-27,2026-08-27 16:11:43+08:00
563780,现金流全指ETF方正富邦,1.229,1.2297,0.06,0.0,0.0,16534.0,2024898.0,1.235,1.235,1.217,1.229,1.46,0.66,0.65,1.78,7360.0,9174.0,266729.0,13.17,0.0,0.0,266729.0,13.17,-239542.0,-11.83,-27187.0,-1.34,-50.0,1.226,1.229,249027100.0,306054306,306054306,2026-08-27,2026-08-27 16:12:01+08:00
159872,智能网联汽车ETF鹏华,0.833,0.8328,-0.02,0.0,0.0,1425.0,118336.1,0.835,0.835,0.826,0.833,1.08,0.24,0.44,85.24,173.0,1252.0,-52480.0,-44.35,-39212.0,-33.14,-13268.0,-11.21,15993.0,13.51,36488.0,30.83,-13.0,0.832,0.835,58799732.0,48980177,48980177,2026-08-27,2026-08-27 15:34:12+08:00
511770,金鹰增益货币ETF,100.002,,0.0,0.0,0.0,32.0,315108.0,100.002,100.003,100.002,100.002,0.0,0.78,0.52,-3.04,14.0,18.0,35099.0,11.14,35099.0,11.14,0.0,0.0,1.0,0.0,-35100.0,-11.14,-1.0,100.002,100.003,403900.0,40390808,40390808,2026-08-27,2026-08-27 16:11:57+08:00
511620,货币ETF国泰,100.002,,0.0,-0.003,0.0,1741.0,17405944.0,100.004,100.006,100.001,100.005,0.01,4.06,1.18,-12.75,551.0,1190.0,2571823.0,14.78,1012451.0,5.82,1559372.0,8.96,-1860184.0,-10.69,-711639.0,-4.09,110.0,99.998,100.002,4285400.0,428548571,428548571,2026-08-27,2026-08-27 16:12:00+08:00
511650,货币ETF华夏,100.003,,0.0,-0.001,0.0,33.0,330008.0,100.0,100.003,100.0,100.004,0.0,0.27,0.08,8.0,13.0,20.0,90001.0,27.27,90001.0,27.27,0.0,0.0,-140002.0,-42.42,50002.0,15.15,1.0,100.002,100.003,1204500.0,120453614,120453614,2026-08-27,2026-08-27 16:11:43+08:00
511990,华宝添益ETF,99.998,,0.0,-0.002,0.0,827457.0,8274418127.0,99.999,100.0,99.996,100.0,0.0,9.67,0.95,-80.24,324858.0,502599.0,-61408288.0,-0.74,-121817344.0,-1.47,60409056.0,0.73,81688336.0,0.99,-20280293.0,-0.25,-25659.0,99.997,99.998,855363008.0,85534590074,85534590074,2026-08-27,2026-08-27 16:11:48+08:00
159201,自由现金流ETF华夏,1.186,1.1876,0.13,0.0,0.0,1735946.0,205210825.062,1.184,1.188,1.176,1.186,1.01,1.26,1.03,-52.44,731464.0,1004483.0,-2567820.0,-1.25,-5931978.0,-2.89,3364158.0,1.64,-1387926.0,-0.68,3955746.0,1.93,5480.0,1.185,1.186,13820275968.0,16390847298,16390847298,2026-08-27,2026-08-27 15:34:12+08:00
511980,货币ETF汇添富,100.061,,-0.06,-0.001,0.0,5.0,50030.0,100.05,100.069,100.05,100.062,0.02,0.21,0.1,33.33,1.0,4.0,0.0,0.0,0.0,0.0,0.0,0.0,0.0,0.0,0.0,0.0,3.0,96.68,100.073,241000.0,24114701,24114701,2026-08-27,2026-08-27 16:11:38+08:00
511970,国寿货币ETF,99.999,,0.0,0.001,0.0,4.0,40002.0,100.009,100.009,99.999,99.998,0.01,0.1,0.03,29.99,3.0,1.0,0.0,0.0,0.0,0.0,0.0,0.0,0.0,0.0,0.0,0.0,1.0,99.998,100.008,410400.0,41039590,41039590,2026-08-27,2026-08-27 16:11:32+08:00
511600,华安日日鑫ETF,100.003,,0.0,0.004,0.0,913.0,9127038.0,99.999,100.005,99.998,99.999,0.01,11.67,2.28,5.26,644.0,269.0,790022.0,8.66,790904.0,8.67,-882.0,-0.01,-612021.0,-6.71,-178001.0,-1.95,-5.0,100.001,100.002,782400.0,78242347,78242347,2026-08-27,2026-08-27 16:11:51+08:00
563080,中证A50ETF易方达,1.389,1.3901,0.08,0.0,0.0,156018.0,21616336.0,1.39,1.391,1.38,1.389,0.79,1.41,0.43,17.14,74066.0,81952.0,1018831.0,4.71,2914230.0,13.48,-1895399.0,-8.77,-984860.0,-4.56,-33973.0,-0.16,-383.0,1.388,1.389,1104588400.0,1534273288,1534273288,2026-08-27,2026-08-27 16:12:01+08:00
159729,互联网ETF汇添富,0.693,0.6943,0.19,0.0,0.0,3713.0,256440.6,0.691,0.694,0.687,0.693,1.01,0.56,0.74,30.63,2232.0,1481.0,89117.0,34.75,0.0,0.0,89117.0,34.75,-113993.0,-44.45,24877.0,9.7,1.0,0.688,0.695,66760633.0,46265119,46265119,2026-08-27,2026-08-27 15:34:30+08:00
513500,标普500ETF博时,2.708,2.4619,-10.0,0.0,0.0,824129.0,224475812.0,2.73,2.733,2.708,2.708,0.92,0.81,0.8,-76.07,387546.0,436583.0,-16373247.0,-7.29,-14315566.0,-6.38,-2057681.0,-0.92,-874281.0,-0.39,17247528.0,7.68,-50534.0,2.707,2.708,10207638528.0,27642285134,27642285134,2026-08-27,2026-08-27 16:11:57+08:00
516840,汽车ETF南方,0.755,0.7548,-0.03,0.0,0.0,36093.0,2716866.0,0.757,0.757,0.749,0.755,1.06,2.67,0.46,6.64,24367.0,11726.0,-422797.0,-15.56,0.0,0.0,-422797.0,-15.56,439101.0,16.16,-16304.0,-0.6,-200.0,0.754,0.755,135277000.0,102134135,102134135,2026-08-27,2026-08-27 16:11:52+08:00
511950,添利货币ETF广发,100.0,,0.0,0.001,0.0,2.0,20000.0,100.0,100.0,100.0,99.999,0.0,0.06,0.42,-16.67,1.0,1.0,0.0,0.0,0.0,0.0,0.0,0.0,0.0,0.0,0.0,0.0,1.0,99.999,100.005,322200.0,32220000,32220000,2026-08-27,2026-08-27 16:11:43+08:00
511860,货币ETF博时,100.0,,0.0,0.001,0.0,1374.0,13740014.0,99.996,100.001,99.996,99.999,0.01,30.8,3.05,-17.92,1056.0,318.0,-119999.0,-0.87,660001.0,4.8,-780000.0,-5.68,330097.0,2.4,-210097.0,-1.53,-78.0,100.0,100.002,446100.0,44610000,44610000,2026-08-27,2026-08-27 16:11:55+08:00
511850,招商财富宝ETF,100.002,,0.0,-0.003,0.0,8997.0,89975978.0,100.005,100.007,100.001,100.005,0.01,10.17,1.52,-0.25,3040.0,5957.0,-2969049.0,-3.3,-10559335.0,-11.74,7590286.0,8.44,2959451.0,3.29,9598.0,0.01,-110.0,100.001,100.002,8848600.0,884877697,884877697,2026-08-27,2026-08-27 16:11:59+08:00
511900,富国货币ETF,99.999,,0.0,0.0,0.0,822.0,8220443.0,99.999,100.0,99.999,99.999,0.0,4.48,0.57,-3.12,261.0,561.0,1459986.0,17.76,1040490.0,12.66,419496.0,5.1,-1269888.0,-15.45,-190097.0,-2.31,-6.0,99.998,99.999,1836100.0,183608164,183608164,2026-08-27,2026-08-27 16:11:45+08:00
511910,融通货币ETF,99.998,,0.0,0.001,0.0,6.0,59999.0,100.0,100.0,99.998,99.997,0.0,0.76,0.12,-29.33,1.0,5.0,0.0,0.0,0.0,0.0,0.0,0.0,39999.0,66.67,-40000.0,-66.67,-2.0,99.997,100.007,78500.0,7849843,7849843,2026-08-27,2026-08-27 16:11:42+08:00
511920,货币ETF广发,100.001,,0.0,0.002,0.0,429.0,4286016.0,99.998,100.01,99.998,99.999,0.01,13.48,3.92,10.62,325.0,104.0,240023.0,5.6,0.0,0.0,240023.0,5.6,-144119.0,-3.36,-95905.0,-2.24,1.0,99.999,100.001,318000.0,31800318,31800318,2026-08-27,2026-08-27 16:11:49+08:00
511810,货币ETF南方,100.008,,-0.01,0.001,0.0,438.0,4382556.0,100.004,100.01,100.004,100.007,0.01,1.2,0.78,36.33,194.0,244.0,878167.0,20.04,-853048.0,-19.46,1731215.0,39.5,-656956.0,-14.99,-221211.0,-5.05,-5.0,100.007,100.008,3643500.0,364379148,364379148,2026-08-27,2026-08-27 16:11:57+08:00
511820,鹏华添利ETF,100.001,,0.0,0.001,0.0,123.0,1229992.0,100.0,100.002,99.999,100.0,0.0,2.01,0.62,15.13,121.0,2.0,-130000.0,-10.57,-849991.0,-69.11,719991.0,58.54,40000.0,3.25,90000.0,7.32,1.0,99.999,100.001,611600.0,61160612,61160612,2026-08-27,2026-08-27 16:11:39+08:00
511830,货币ETF华泰柏瑞,100.0,,0.0,0.0,0.0,116.0,1160335.0,100.0,100.01,99.999,100.0,0.01,3.7,1.44,16.6,85.0,31.0,240022.0,20.69,0.0,0.0,240022.0,20.69,-190012.0,-16.38,-50010.0,-4.31,0.0,99.999,100.017,313500.0,31350000,31350000,2026-08-27,2026-08-27 16:11:47+08:00
511930,货币ETF国联,100.0,,0.0,0.0,0.0,,,,,,100.0,0.0,0.0,,-15.79,,,,,,,,,,,,,,99.999,100.006,187600.0,18760000,18760000,2026-08-27,2026-08-27 16:11:35+08:00
159730,家电ETF博时,1.027,1.0272,0.02,0.0,0.0,9597.0,982064.421,1.026,1.027,1.019,1.027,0.78,2.25,0.98,-42.58,1729.0,7868.0,-33764.0,-3.44,0.0,0.0,-33764.0,-3.44,61261.0,6.24,-27498.0,-2.8,20.0,1.023,1.027,42571340.0,43720766,43720766,2026-08-27,2026-08-27 15:34:33+08:00
560060,碳中和ETF汇添富,0.928,0.9288,0.09,0.0,0.0,5638.0,519184.0,0.921,0.929,0.917,0.928,1.29,0.74,0.77,5.14,4949.0,689.0,-110934.0,-21.37,0.0,0.0,-110934.0,-21.37,75584.0,14.56,35351.0,6.81,-1.0,0.927,0.931,76090000.0,70611520,70611520,2026-08-27,2026-08-27 16:11:56+08:00
159302,港股高股息ETF银华,1.346,1.3497,0.27,0.0,0.0,15105.0,2029854.9,1.348,1.352,1.328,1.346,1.78,2.97,0.43,-27.78,9607.0,5498.0,34664.0,1.71,0.0,0.0,34664.0,1.71,102478.0,5.05,-137142.0,-6.76,101.0,1.345,1.346,50797609.0,68373582,68373582,2026-08-27,2026-08-27 15:34:18+08:00
159303,恒生医疗ETF大成,1.659,1.6678,0.53,0.0,0.0,616874.0,101737805.1,1.669,1.67,1.633,1.659,2.23,83.37,0.72,-36.01,293038.0,323836.0,-6155334.0,-6.05,0.0,0.0,-6155334.0,-6.05,5896951.0,5.8,258384.0,0.25,1046.0,1.658,1.659,73991693.0,122752219,122752219,2026-08-27,2026-08-27 15:34:33+08:00
520670,港股通科技ETF嘉实,0.771,0.7694,-0.21,0.0,0.0,102897.0,7929400.0,0.767,0.776,0.767,0.771,1.17,4.81,1.1,-17.64,43298.0,59599.0,-601037.0,-7.58,403480.0,5.09,-1004517.0,-12.67,453055.0,5.71,147982.0,1.87,-171.0,0.768,0.771,213928100.0,164938565,164938565,2026-08-27,2026-08-27 16:11:42+08:00
159736,食品饮料ETF天弘,0.589,0.5873,-0.29,0.0,0.0,171340.0,10035838.4,0.588,0.589,0.582,0.589,1.19,0.23,0.63,-15.19,83650.0,87690.0,-627030.0,-6.25,-1402111.0,-13.97,775081.0,7.72,228992.0,2.28,398038.0,3.97,11664.0,0.588,0.589,7508394496.0,4422444358,4422444358,2026-08-27,2026-08-27 15:34:42+08:00
159637,新能源车ETF东财,0.82,0.8203,0.04,0.0,0.0,80021.0,6520584.9,0.817,0.821,0.806,0.82,1.83,1.3,0.97,-7.04,42539.0,37482.0,-770587.0,-11.82,-223580.0,-3.43,-547007.0,-8.39,365592.0,5.61,404995.0,6.21,-1595.0,0.82,0.821,617768096.0,506569839,506569839,2026-08-27,2026-08-27 15:34:00+08:00
516230,光伏ETF招商,0.784,0.7817,-0.29,0.0,0.0,104691.0,8086074.0,0.781,0.784,0.766,0.784,2.3,1.41,1.15,4.68,49737.0,54954.0,-185518.0,-2.29,-286553.0,-3.54,101035.0,1.25,81993.0,1.01,103524.0,1.28,-300.0,0.784,0.785,742921008.0,582450070,582450070,2026-08-27,2026-08-27 16:11:56+08:00
515730,家居家电ETF永赢,0.849,0.8492,0.02,0.0,0.0,11837.0,999677.0,0.857,0.857,0.842,0.849,1.77,3.21,0.49,-3.06,796.0,11041.0,-106039.0,-10.61,-11057.0,-1.11,-94982.0,-9.5,92387.0,9.24,13652.0,1.37,596.0,0.848,0.849,36892000.0,31321308,31321308,2026-08-27,2026-08-27 16:11:40+08:00
159672,消费ETF博时,0.629,0.6299,0.14,0.0,0.0,22233.0,1389392.6,0.628,0.63,0.623,0.629,1.11,1.71,0.75,-10.84,10387.0,11846.0,51202.0,3.69,-46314.0,-3.33,97516.0,7.02,-62638.0,-4.51,11435.0,0.82,-5.0,0.629,0.63,129887409.0,81699180,81699180,2026-08-27,2026-08-27 15:34:15+08:00
516600,消费服务ETF工银,0.61,0.611,0.16,0.0,0.0,5752.0,349455.0,0.61,0.611,0.604,0.61,1.15,0.51,0.16,-20.96,2326.0,3426.0,87278.0,24.98,18210.0,5.21,69068.0,19.76,-72362.0,-20.71,-14916.0,-4.27,-2.0,0.61,0.611,113332100.0,69132581,69132581,2026-08-27,2026-08-27 16:11:50+08:00
516320,高端装备ETF华夏,0.932,0.9302,-0.19,0.0,0.0,13837.0,1274702.0,0.934,0.936,0.917,0.932,2.04,1.54,0.39,0.82,6586.0,7251.0,-122643.0,-9.62,18819.0,1.48,-141462.0,-11.1,186951.0,14.67,-64308.0,-5.04,-158.0,0.931,0.932,89589300.0,83497228,83497228,2026-08-27,2026-08-27 16:11:32+08:00
159928,消费ETF汇添富,0.665,0.665,0.0,0.0,0.0,3185298.0,210614806.38,0.662,0.666,0.658,0.665,1.2,1.38,0.84,-46.51,1609736.0,1575562.0,-7241869.0,-3.44,-17107300.0,-8.12,9865431.0,4.68,1712567.0,0.81,5529301.0,2.63,34539.0,0.664,0.665,23084628992.0,15351278280,15351278280,2026-08-27,2026-08-27 15:34:21+08:00
159642,碳中和ETF大成,0.948,0.9485,0.05,0.0,0.0,1314.0,123783.8,0.94,0.948,0.938,0.948,1.05,0.59,1.89,-26.73,320.0,994.0,-2901.0,-2.34,0.0,0.0,-2901.0,-2.34,-13361.0,-10.79,16261.0,13.14,-320.0,0.942,0.95,22439923.0,21273047,21273047,2026-08-27,2026-08-27 15:34:42+08:00
159641,碳中和ETF招商,1.001,1.001,0.0,0.0,0.0,8701.0,866672.49,0.999,1.002,0.989,1.001,1.3,1.0,0.27,83.6,7287.0,1414.0,-47985.0,-5.54,0.0,0.0,-47985.0,-5.54,48297.0,5.57,-312.0,-0.04,-252.0,1.001,1.005,86719131.0,86805850,86805850,2026-08-27,2026-08-27 15:34:06+08:00
563960,300质量ETF兴全,0.965,0.964,-0.1,0.0,0.0,31285.0,3007527.0,0.964,0.965,0.957,0.965,0.83,0.87,1.79,-2.78,19521.0,11764.0,-294057.0,-9.78,1443843.0,48.01,-1737900.0,-57.79,263901.0,8.77,30156.0,1.0,23.0,0.963,0.966,361512000.0,348859080,348859080,2026-08-27,2026-08-27 16:11:44+08:00
563700,红利价值ETF易方达,1.081,1.0811,0.01,0.0,0.0,67936.0,7315805.0,1.08,1.082,1.068,1.081,1.3,1.74,0.64,-19.57,11691.0,56245.0,4386794.0,59.96,3257885.0,44.53,1128909.0,15.43,-3932401.0,-53.75,-454392.0,-6.21,-111.0,1.081,1.082,390150000.0,421752150,421752150,2026-08-27,2026-08-27 16:11:40+08:00
510150,消费ETF招商,0.502,0.5021,0.02,0.0,0.0,424793.0,21182189.0,0.501,0.503,0.496,0.502,1.39,1.51,0.55,-14.25,214227.0,210566.0,-81501.0,-0.38,-225579.0,-1.06,144078.0,0.68,-391466.0,-1.85,472968.0,2.23,-679.0,0.502,0.503,2811178608.0,1411211661,1411211661,2026-08-27,2026-08-27 16:11:48+08:00
159001,货币ETF易方达,100.0,,0.0,0.0,0.0,50780.0,507794592.348,100.0,100.001,99.999,100.0,0.0,16.33,0.8,8.3,29025.0,21754.0,7395008.0,1.46,14903488.0,2.93,-7508480.0,-1.48,-6916114.0,-1.36,-478893.0,-0.09,705.0,99.999,100.0,31091972.0,3109197200,3109197200,2026-08-27,2026-08-27 15:34:18+08:00
159003,招商快线ETF,99.998,,0.0,-0.002,0.0,6012.0,60111400.184,100.0,100.0,99.896,100.0,0.1,29.4,1.36,-84.42,3307.0,2705.0,-1469315.0,-2.44,-16234346.0,-27.01,14765031.0,24.56,1059681.0,1.76,409634.0,0.68,21.0,99.997,99.998,2045097.0,204505610,204505610,2026-08-27,2026-08-27 15:34:24+08:00
159005,快钱ETF汇添富,99.999,,0.0,-0.002,0.0,751.0,7514897.997,100.001,100.001,99.999,100.001,0.0,6.63,1.93,-18.98,169.0,582.0,234898.0,3.13,184898.0,2.46,50000.0,0.67,-383598.0,-5.1,148700.0,1.98,-1.0,99.999,100.0,1133790.0,113377866,113377866,2026-08-27,2026-08-27 15:34:27+08:00
511880,银华日利ETF,100.738,,0.0,-0.015,-0.01,1609001.0,16209800646.0,100.754,100.754,100.736,100.753,0.02,15.38,1.09,-49.42,620421.0,988580.0,-41119824.0,-0.25,-123591424.0,-0.76,82471600.0,0.51,30571792.0,0.19,10547936.0,0.07,-22411.0,100.737,100.738,1045992304.0,105371172720,105371172720,2026-08-27,2026-08-27 16:11:39+08:00
511670,华泰天天金ETF,100.0,,0.0,-0.01,-0.01,2.0,20000.0,100.0,100.0,100.0,100.01,0.0,0.15,0.03,0.0,1.0,1.0,0.0,0.0,0.0,0.0,0.0,0.0,0.0,0.0,0.0,0.0,-1.0,100.0,100.007,133100.0,13310000,13310000,2026-08-27,2026-08-27 16:11:44+08:00
159916,基本面ETF建信,5.154,5.1688,0.29,-0.001,-0.02,26.0,13370.6,5.126,5.158,5.119,5.155,0.76,0.01,0.36,79.65,9.0,17.0,0.0,0.0,0.0,0.0,0.0,0.0,7208.0,53.91,-7207.0,-53.9,-1.0,5.154,5.158,42566039.0,219385365,219385365,2026-08-27,2026-08-27 15:34:30+08:00
159905,红利ETF工银,1.684,1.6848,0.05,-0.001,-0.06,92578.0,15524464.2,1.687,1.687,1.671,1.685,0.95,0.92,0.46,-55.92,32510.0,60068.0,-1147949.0,-7.39,38175.0,0.25,-1186124.0,-7.64,701863.0,4.52,446086.0,2.87,131.0,1.683,1.684,1003443952.0,1689799615,1689799615,2026-08-27,2026-08-27 15:34:51+08:00
513920,港股通央企红利ETF华安,1.575,1.566,-0.57,-0.001,-0.06,466608.0,73305826.0,1.585,1.585,1.565,1.576,1.27,1.8,0.6,26.19,216548.0,250060.0,3555254.0,4.85,9554552.0,13.03,-5999298.0,-8.18,-20583.0,-0.03,-3534671.0,-4.82,-748.0,1.574,1.575,2586231008.0,4073313838,4073313838,2026-08-27,2026-08-27 16:11:40+08:00
520890,港股通红利低波ETF华泰柏瑞,1.335,1.3359,0.07,-0.001,-0.07,139214.0,18540367.0,1.336,1.337,1.328,1.336,0.67,17.29,0.91,21.5,76036.0,63178.0,1302881.0,7.03,0.0,0.0,1302881.0,7.03,-1259618.0,-6.79,-43263.0,-0.23,-7.0,1.333,1.335,80508000.0,107478180,107478180,2026-08-27,2026-08-27 16:11:56+08:00
159592,A50ETF银华,1.36,1.3599,-0.01,-0.001,-0.07,66172.0,8975931.9,1.358,1.361,1.35,1.361,0.81,1.12,0.55,-7.85,32170.0,34002.0,313637.0,3.49,2520.0,0.03,311117.0,3.47,-136399.0,-1.52,-177237.0,-1.97,1000.0,1.357,1.361,592310464.0,805542231,805542231,2026-08-27,2026-08-27 15:34:30+08:00
159515,国企红利ETF鹏扬,1.212,1.2144,0.2,-0.001,-0.08,25021.0,3018080.9,1.21,1.215,1.2,1.213,1.24,7.49,2.44,-39.64,14267.0,10754.0,-79208.0,-2.62,0.0,0.0,-79208.0,-2.62,61966.0,2.05,17242.0,0.57,1.0,1.209,1.212,33386631.0,40464597,40464597,2026-08-27,2026-08-27 15:34:15+08:00
516460,现金流ETF800鹏华,1.238,1.2413,0.27,-0.001,-0.08,30369.0,3757450.0,1.232,1.24,1.231,1.239,0.73,0.72,1.09,7.4,18754.0,11615.0,62808.0,1.67,-588904.0,-15.67,651712.0,17.34,-12280.0,-0.33,-50528.0,-1.34,-1617.0,1.238,1.239,423693008.0,524531944,524531944,2026-08-27,2026-08-27 16:11:44+08:00
561870,现金流全指ETF华富,1.183,1.1858,0.24,-0.001,-0.08,48127.0,5680310.0,1.179,1.185,1.173,1.184,1.01,5.13,4.38,33.36,20048.0,28079.0,-106389.0,-1.87,957351.0,16.85,-1063740.0,-18.73,83052.0,1.46,23337.0,0.41,-10.0,1.183,1.184,93765000.0,110923995,110923995,2026-08-27,2026-08-27 16:11:42+08:00
159225,现金流ETF银华,1.247,1.2474,0.03,-0.001,-0.08,17546.0,2180156.4,1.243,1.247,1.235,1.248,0.96,0.66,0.81,45.02,8378.0,9168.0,-19612.0,-0.9,455653.0,20.9,-475265.0,-21.8,235003.0,10.78,-215391.0,-9.88,234.0,1.245,1.252,264744804.0,330136771,330136771,2026-08-27,2026-08-27 15:34:24+08:00
159235,中证现金流ETF大成,1.234,1.2344,0.03,-0.001,-0.08,439078.0,53954183.1,1.228,1.235,1.223,1.235,0.97,2.31,0.73,-76.94,239865.0,199213.0,837563.0,1.55,-871621.0,-1.62,1709184.0,3.17,-931982.0,-1.73,94420.0,0.18,-1.0,1.234,1.235,1896729552.0,2340564267,2340564267,2026-08-27,2026-08-27 15:34:42+08:00
159390,中证A50ETF国联,1.256,1.2568,0.06,-0.001,-0.08,37154.0,4646132.1,1.252,1.256,1.247,1.257,0.72,3.4,0.73,-44.84,11619.0,25535.0,127663.0,2.75,0.0,0.0,127663.0,2.75,-88158.0,-1.9,-39504.0,-0.85,93.0,1.255,1.256,109268771.0,137241576,137241576,2026-08-27,2026-08-27 15:34:54+08:00
520550,港股红利低波ETF招商,1.102,1.0994,-0.24,-0.001,-0.09,364101.0,40084723.0,1.103,1.104,1.097,1.103,0.63,3.17,1.25,-35.93,176458.0,187643.0,106910.0,0.27,604842.0,1.51,-497932.0,-1.24,-854291.0,-2.13,747380.0,1.86,-14.0,1.102,1.103,1149524000.0,1266775448,1266775448,2026-08-27,2026-08-27 16:11:53+08:00
562350,电力ETF银华,1.099,1.0975,-0.14,-0.001,-0.09,93786.0,10252365.0,1.095,1.1,1.088,1.1,1.09,6.78,0.82,-31.96,42298.0,51488.0,-858003.0,-8.37,683155.0,6.66,-1541158.0,-15.03,-398670.0,-3.89,1256673.0,12.26,-1047.0,1.098,1.099,138410900.0,152113579,152113579,2026-08-27,2026-08-27 16:11:50+08:00
516970,基建ETF广发,1.115,1.1156,0.05,-0.001,-0.09,239711.0,26633208.0,1.11,1.116,1.108,1.116,0.72,2.1,0.7,11.95,111046.0,128665.0,728204.0,2.73,-1079664.0,-4.05,1807868.0,6.79,-1339462.0,-5.03,611258.0,2.3,-124.0,1.114,1.115,1140042496.0,1271147383,1271147383,2026-08-27,2026-08-27 16:11:34+08:00
563620,全指现金流ETF兴业,1.087,1.0884,0.13,-0.001,-0.09,15418.0,1673914.0,1.083,1.087,1.079,1.088,0.74,3.02,0.69,0.25,7363.0,8055.0,34004.0,2.03,0.0,0.0,34004.0,2.03,-16876.0,-1.01,-17129.0,-1.02,-100.0,1.085,1.086,51049000.0,55490263,55490263,2026-08-27,2026-08-27 16:11:36+08:00
159276,现金流ETF汇添富,1.105,1.1071,0.19,-0.001,-0.09,22655.0,2490501.3,1.101,1.107,1.097,1.106,0.9,0.41,0.94,8.98,5654.0,17001.0,-129207.0,-5.19,-71478.0,-2.87,-57729.0,-2.32,125960.0,5.06,3247.0,0.13,-2.0,1.105,1.107,556696656.0,615149805,615149805,2026-08-27,2026-08-27 15:34:21+08:00
159223,现金流ETF永赢,1.143,1.1451,0.18,-0.001,-0.09,11316.0,1289234.2,1.138,1.145,1.135,1.144,0.87,0.63,0.21,-88.84,3942.0,7374.0,114536.0,8.88,0.0,0.0,114536.0,8.88,-117234.0,-9.09,2697.0,0.21,-300.0,1.143,1.144,180844755.0,206705555,206705555,2026-08-27,2026-08-27 15:34:21+08:00
520810,港股通红利ETF易方达,1.044,1.0459,0.18,-0.001,-0.1,31094.0,3242015.0,1.045,1.046,1.038,1.045,0.77,1.11,0.93,4.56,18614.0,12480.0,287973.0,8.88,0.0,0.0,287973.0,8.88,-334277.0,-10.31,46303.0,1.43,-37.0,1.044,1.045,281360000.0,293739840,293739840,2026-08-27,2026-08-27 16:11:51+08:00
516530,物流ETF银华,1.025,1.0262,0.12,-0.001,-0.1,9668.0,987116.0,1.05,1.05,0.981,1.026,6.73,5.43,1.16,11.07,4984.0,4684.0,20552.0,2.08,145840.0,14.77,-125288.0,-12.69,-21181.0,-2.15,628.0,0.06,285.0,1.024,1.026,17802300.0,18247358,18247358,2026-08-27,2026-08-27 16:11:54+08:00
159512,汽车ETF广发,1.047,1.0459,-0.11,-0.001,-0.1,136855.0,14311549.8,1.048,1.051,1.04,1.048,1.05,13.0,1.11,59.85,69167.0,67688.0,-447461.0,-3.13,-1969518.0,-13.76,1522057.0,10.64,33919.0,0.24,413543.0,2.89,-1072.0,1.047,1.048,105264855.0,110212303,110212303,2026-08-27,2026-08-27 15:34:03+08:00
159098,价值ETF招商,1.009,1.0105,0.15,-0.001,-0.1,82432.0,8300986.789,1.01,1.01,1.002,1.01,0.79,4.94,0.58,-88.71,30930.0,51502.0,1635240.0,19.7,1930070.0,23.25,-294830.0,-3.55,-1430729.0,-17.24,-204510.0,-2.46,101.0,1.004,1.009,166891589.0,168393613,168393613,2026-08-27,2026-08-27 15:34:09+08:00
510160,产业升级ETF南方,0.91,0.9104,0.04,-0.001,-0.11,778.0,70597.0,0.911,0.911,0.904,0.911,0.77,0.04,0.4,9.27,607.0,171.0,-10098.0,-14.3,0.0,0.0,-10098.0,-14.3,20340.0,28.81,-10243.0,-14.51,-28.0,0.909,0.91,192057400.0,174772234,174772234,2026-08-27,2026-08-27 16:11:38+08:00
520610,港股红利低波ETF银华,0.951,0.9459,-0.54,-0.001,-0.11,31960.0,3029857.0,0.954,0.954,0.945,0.952,0.95,0.9,0.17,1.73,18659.0,13301.0,116947.0,3.86,570095.0,18.82,-453148.0,-14.96,-147395.0,-4.86,30448.0,1.0,1.0,0.948,0.949,355963008.0,338520821,338520821,2026-08-27,2026-08-27 16:11:53+08:00
159798,消费ETF易方达,0.863,0.8611,-0.22,-0.001,-0.12,111387.0,9551152.4,0.863,0.863,0.854,0.864,1.04,6.39,0.87,-24.51,49698.0,61689.0,493898.0,5.17,293071.0,3.07,200827.0,2.1,-534466.0,-5.6,40566.0,0.42,1345.0,0.861,0.863,174245390.0,150373772,150373772,2026-08-27,2026-08-27 15:34:18+08:00
517770,游戏传媒ETF浦银,0.862,0.8639,0.22,-0.001,-0.12,195905.0,16843607.0,0.865,0.867,0.855,0.863,1.39,10.54,1.66,52.26,71562.0,124343.0,-2826756.0,-16.78,-3154679.0,-18.73,327923.0,1.95,1233060.0,7.32,1593696.0,9.46,-4106.0,0.862,0.863,185947800.0,160287004,160287004,2026-08-27,2026-08-27 16:11:46+08:00
562910,高端制造ETF易方达,0.834,0.8326,-0.17,-0.001,-0.12,65030.0,5386450.0,0.836,0.836,0.821,0.835,1.8,2.21,0.87,3.37,40588.0,24442.0,-326006.0,-6.05,499950.0,9.28,-825956.0,-15.33,-27616.0,-0.51,353622.0,6.57,-391.0,0.833,0.834,294227296.0,245385565,245385565,2026-08-27,2026-08-27 16:11:39+08:00
516620,影视ETF国泰,0.818,0.8166,-0.17,-0.001,-0.12,180744.0,14714351.0,0.82,0.82,0.809,0.819,1.34,9.45,0.79,6.77,76427.0,104317.0,-10393.0,-0.07,154739.0,1.05,-165132.0,-1.12,-56816.0,-0.39,67207.0,0.46,-2029.0,0.817,0.818,191267500.0,156456815,156456815,2026-08-27,2026-08-27 16:11:48+08:00
562890,A50ETF嘉实,1.391,1.3927,0.12,-0.002,-0.14,18654.0,2592189.0,1.394,1.394,1.383,1.393,0.79,0.7,0.27,5.9,12023.0,6631.0,-136337.0,-5.26,376788.0,14.54,-513125.0,-19.8,108696.0,4.19,27642.0,1.07,-9.0,1.39,1.394,266051000.0,370076941,370076941,2026-08-27,2026-08-27 16:11:32+08:00
561230,中证A50ETF工银,1.345,1.345,0.0,-0.002,-0.15,106760.0,14310718.0,1.343,1.346,1.337,1.347,0.67,2.37,0.94,9.9,43707.0,63053.0,157580.0,1.1,2242194.0,15.67,-2084614.0,-14.57,-672516.0,-4.7,514935.0,3.6,9400.0,1.342,1.346,450477808.0,605892652,605892652,2026-08-27,2026-08-27 16:11:41+08:00
159545,恒生红利低波ETF易方达,1.321,1.3159,-0.39,-0.002,-0.15,381664.0,50356471.1,1.322,1.325,1.315,1.323,0.76,0.72,0.43,24.94,211873.0,169791.0,-155792.0,-0.31,-8173079.0,-16.23,8017287.0,15.92,-429738.0,-0.85,585530.0,1.16,1186.0,1.32,1.321,5326603776.0,7036443588,7036443588,2026-08-27,2026-08-27 15:34:06+08:00
159596,A50ETF华宝,0.658,0.659,0.15,-0.001,-0.15,215479.0,14147738.5,0.66,0.66,0.654,0.659,0.91,4.18,0.79,1.84,112571.0,102908.0,-1550606.0,-10.96,90077.0,0.64,-1640683.0,-11.6,1392641.0,9.84,157966.0,1.12,-1.0,0.658,0.659,515683040.0,339319440,339319440,2026-08-27,2026-08-27 15:34:21+08:00
513800,日本东证指数ETF南方,1.875,1.8739,-0.06,-0.003,-0.16,298737.0,56085798.0,1.878,1.883,1.873,1.878,0.53,2.88,0.72,-3.46,128521.0,170216.0,-2501702.0,-4.46,-1072634.0,-1.91,-1429068.0,-2.55,2141663.0,3.82,360039.0,0.64,-1693.0,1.875,1.876,1037444400.0,1945208250,1945208250,2026-08-27,2026-08-27 16:11:47+08:00
159689,消费ETF南方,0.633,0.6334,0.06,-0.001,-0.16,22660.0,1427896.5,0.634,0.634,0.626,0.634,1.26,2.57,0.59,-68.87,9565.0,13095.0,-39397.0,-2.76,117327.0,8.22,-156724.0,-10.98,9072.0,0.64,30326.0,2.12,7.0,0.632,0.633,88147787.0,55797549,55797549,2026-08-27,2026-08-27 15:34:24+08:00
159222,自由现金流ETF易方达,1.27,1.2716,0.13,-0.002,-0.16,1086197.0,137585841.2,1.269,1.271,1.26,1.272,0.86,6.13,1.63,70.96,384966.0,701231.0,-2091318.0,-1.52,39662709.0,28.83,-41754027.0,-30.35,1581402.0,1.15,509917.0,0.37,-123.0,1.27,1.271,1771370400.0,2249640408,2249640408,2026-08-27,2026-08-27 15:34:18+08:00
563390,全指现金流ETF华泰柏瑞,1.228,1.2297,0.14,-0.002,-0.16,696303.0,85339735.0,1.231,1.249,1.219,1.23,2.44,3.19,1.49,12.67,110954.0,585349.0,-3187362.0,-3.73,46370931.0,54.34,-49558293.0,-58.07,3024742.0,3.54,162620.0,0.19,-197.0,1.228,1.229,2183844000.0,2681760432,2681760432,2026-08-27,2026-08-27 16:11:55+08:00
512250,A50ETF招商,1.224,1.2257,0.14,-0.002,-0.16,909.0,111171.0,1.223,1.225,1.221,1.226,0.33,0.08,1.1,8.89,488.0,421.0,-99667.0,-89.65,0.0,0.0,-99667.0,-89.65,95398.0,85.81,4270.0,3.84,-40.0,1.224,1.226,119600100.0,146390522,146390522,2026-08-27,2026-08-27 16:12:00+08:00
561750,A50ETF博时,1.179,1.1789,-0.01,-0.002,-0.17,3555.0,418531.0,1.174,1.179,1.17,1.181,0.76,0.56,0.38,1.27,2129.0,1426.0,2313.0,0.55,0.0,0.0,2313.0,0.55,0.0,0.0,-2314.0,-0.55,2090.0,1.177,1.182,62996000.0,74272284,74272284,2026-08-27,2026-08-27 16:11:37+08:00
512240,A50ETF鹏华,1.162,1.1663,0.37,-0.002,-0.17,23694.0,2750400.0,1.164,1.164,1.156,1.164,0.69,10.93,0.88,9.24,9743.0,13951.0,29766.0,1.08,0.0,0.0,29766.0,1.08,-48210.0,-1.75,18445.0,0.67,-1000.0,1.16,1.166,21686000.0,25199132,25199132,2026-08-27,2026-08-27 16:11:45+08:00
159236,自由现金流ETF工银,1.208,1.2103,0.19,-0.002,-0.17,18300.0,2202162.2,1.212,1.212,1.199,1.21,1.07,4.61,0.8,-77.62,9954.0,8346.0,525998.0,23.89,324525.0,14.74,201473.0,9.15,-198447.0,-9.01,-327551.0,-14.87,10.0,1.208,1.21,39722161.0,47984370,47984370,2026-08-27,2026-08-27 15:34:45+08:00
159233,自由现金流ETF平安,1.204,1.2058,0.15,-0.002,-0.17,248906.0,29878504.3,1.204,1.206,1.194,1.206,1.0,3.98,0.98,39.37,110600.0,138306.0,1825525.0,6.11,184593.0,0.62,1640932.0,5.49,-382381.0,-1.28,-1443143.0,-4.83,-26.0,1.204,1.207,624623424.0,752046602,752046602,2026-08-27,2026-08-27 15:34:30+08:00
159625,绿色电力ETF嘉实,1.207,1.2057,-0.11,-0.002,-0.17,164752.0,19800843.8,1.208,1.208,1.195,1.209,1.08,0.82,0.85,-69.96,72258.0,92494.0,-28346.0,-0.14,949964.0,4.8,-978310.0,-4.94,-115881.0,-0.59,144227.0,0.73,296.0,1.206,1.207,2015313776.0,2432483728,2432483728,2026-08-27,2026-08-27 15:34:21+08:00
159966,创业板价值ETF华夏,0.541,0.5405,-0.09,-0.001,-0.18,148405.0,7986586.9,0.543,0.543,0.534,0.542,1.66,2.3,0.97,26.86,78795.0,69610.0,-857182.0,-10.73,-1150252.0,-14.4,293070.0,3.67,584190.0,7.31,272993.0,3.42,12.0,0.54,0.541,645299520.0,349107040,349107040,2026-08-27,2026-08-27 15:34:54+08:00
159085,价值ETF永赢,1.042,1.0446,0.25,-0.002,-0.19,14657.0,1526232.617,1.044,1.044,1.035,1.044,0.86,4.24,1.09,-10.55,6912.0,7745.0,292239.0,19.15,0.0,0.0,292239.0,19.15,-254083.0,-16.65,-38156.0,-2.5,-10.0,1.038,1.045,34535454.0,35985943,35985943,2026-08-27,2026-08-27 15:34:36+08:00
515650,消费50ETF富国,1.073,1.0729,-0.01,-0.002,-0.19,330368.0,35296759.0,1.074,1.074,1.063,1.075,1.02,1.08,0.52,3.86,128926.0,201442.0,1782971.0,5.05,3997907.0,11.33,-2214936.0,-6.28,-2214568.0,-6.27,431598.0,1.22,-1952.0,1.073,1.074,3045184000.0,3267482432,3267482432,2026-08-27,2026-08-27 16:11:56+08:00
513910,港股通央企红利ETF华夏,1.574,1.5776,0.23,-0.003,-0.19,536670.0,84410658.0,1.575,1.579,1.565,1.577,0.89,2.7,0.74,-9.05,243738.0,292932.0,6861568.0,8.13,630383.0,0.75,6231185.0,7.38,-558329.0,-0.66,-6303239.0,-7.47,-1553.0,1.574,1.576,1988276000.0,3129546424,3129546424,2026-08-27,2026-08-27 16:11:59+08:00
513170,恒生央企ETF鹏华,1.61,1.6105,0.03,-0.003,-0.19,14210.0,2284071.0,1.623,1.623,1.601,1.613,1.36,0.73,0.36,-8.86,6354.0,7856.0,18701.0,0.82,0.0,0.0,18701.0,0.82,-134452.0,-5.89,115751.0,5.07,-15.0,1.609,1.61,194573000.0,313262530,313262530,2026-08-27,2026-08-27 16:11:47+08:00
159079,价值ETF兴全,1.009,1.0107,0.17,-0.002,-0.2,69795.0,7027366.208,1.01,1.011,0.993,1.011,1.78,6.41,0.84,-68.52,39643.0,30152.0,29497.0,0.42,1744176.0,24.82,-1714679.0,-24.4,85606.0,1.22,-115104.0,-1.64,1.0,1.004,1.009,108806830.0,109786091,109786091,2026-08-27,2026-08-27 15:34:21+08:00
516090,新能源ETF易方达,0.495,0.4941,-0.18,-0.001,-0.2,753394.0,36923803.0,0.496,0.497,0.485,0.496,2.42,4.49,1.01,-3.57,302317.0,451077.0,-94859.0,-0.26,1837278.0,4.98,-1932137.0,-5.23,-570594.0,-1.55,665454.0,1.8,-1384.0,0.494,0.495,1678844800.0,831028176,831028176,2026-08-27,2026-08-27 16:11:59+08:00
517180,中国国企ETF南方,1.511,1.5126,0.11,-0.003,-0.2,115754.0,17455389.0,1.52,1.52,1.501,1.514,1.25,12.0,1.63,34.56,58413.0,57341.0,4332724.0,24.82,1023650.0,5.86,3309074.0,18.96,-3550073.0,-20.34,-782651.0,-4.48,12.0,1.509,1.511,96496300.0,145805909,145805909,2026-08-27,2026-08-27 16:11:52+08:00
159159,公用事业ETF国投瑞银,1.014,1.0152,0.12,-0.002,-0.2,30772.0,3116170.211,1.016,1.016,1.006,1.016,0.98,2.54,1.0,-47.73,12230.0,18542.0,268556.0,8.62,279540.0,8.97,-10984.0,-0.35,-304033.0,-9.76,35477.0,1.14,-12.0,1.013,1.014,121318582.0,123017042,123017042,2026-08-27,2026-08-27 15:34:48+08:00
159042,价值ETF汇添富,1.008,1.0095,0.15,-0.002,-0.2,24187.0,2435542.31,1.008,1.01,1.002,1.01,0.79,2.33,0.59,-20.65,12524.0,11662.0,191881.0,7.88,0.0,0.0,191881.0,7.88,-174804.0,-7.18,-17077.0,-0.7,-50.0,1.008,1.009,103801105.0,104631514,104631514,2026-08-27,2026-08-27 15:34:54+08:00
159266,港股央企红利ETF永赢,0.981,0.9854,0.45,-0.002,-0.2,102215.0,10023349.1,0.983,0.983,0.976,0.983,0.71,2.95,1.39,18.89,52087.0,50128.0,60156.0,0.6,89246.0,0.89,-29090.0,-0.29,-39975.0,-0.4,-20180.0,-0.2,-2958.0,0.98,0.981,346710096.0,340122604,340122604,2026-08-27,2026-08-27 15:34:03+08:00
159281,港股央企红利ETF天弘,0.966,0.9765,1.08,-0.002,-0.21,206963.0,19956598.7,0.966,0.969,0.96,0.968,0.93,8.41,0.85,-1.65,95961.0,111002.0,815882.0,4.09,-1329056.0,-6.66,2144938.0,10.75,-877043.0,-4.39,61160.0,0.31,74.0,0.965,0.966,246233059.0,237861135,237861135,2026-08-27,2026-08-27 15:34:09+08:00
159188,红利100ETF景顺,0.943,0.9445,0.16,-0.002,-0.21,1207.0,113419.9,0.942,0.945,0.937,0.945,0.85,0.18,0.48,-53.31,702.0,505.0,61171.0,53.93,2817.0,2.48,58354.0,51.45,-64822.0,-57.15,3651.0,3.22,-44.0,0.943,0.945,66601882.0,62805575,62805575,2026-08-27,2026-08-27 15:34:06+08:00
159619,基建ETF国泰,0.944,0.9429,-0.12,-0.002,-0.21,44371.0,4169926.4,0.946,0.95,0.936,0.946,1.48,5.84,1.24,-1.18,18756.0,25615.0,-599454.0,-14.38,500767.0,12.01,-1100221.0,-26.38,519158.0,12.45,80295.0,1.93,-22.0,0.943,0.947,75981007.0,71726071,71726071,2026-08-27,2026-08-27 15:34:51+08:00
159301,公用事业ETF华夏,0.969,0.969,0.0,-0.002,-0.21,250942.0,24233338.9,0.969,0.971,0.96,0.971,1.13,20.66,1.05,-10.66,139775.0,111167.0,-349769.0,-1.44,-1555708.0,-6.42,1205939.0,4.98,32375.0,0.13,317394.0,1.31,153.0,0.968,0.969,121458357.0,117693148,117693148,2026-08-27,2026-08-27 15:34:00+08:00
562320,沪深300价值ETF银华,1.342,1.3438,0.13,-0.003,-0.22,52659.0,7052024.0,1.342,1.343,1.33,1.345,0.97,9.03,1.18,-9.39,23372.0,29287.0,901857.0,12.79,0.0,0.0,901857.0,12.79,-839317.0,-11.9,-62540.0,-0.89,-22.0,1.342,1.345,58295500.0,78232561,78232561,2026-08-27,2026-08-27 16:11:45+08:00
159061,绿色电力ETF南方,0.925,0.9257,0.08,-0.002,-0.22,93348.0,8597097.246,0.926,0.926,0.918,0.927,0.86,4.25,1.25,39.66,53363.0,39985.0,-15793.0,-0.18,-1082994.0,-12.6,1067201.0,12.41,-80369.0,-0.93,96164.0,1.12,108.0,0.924,0.925,219640230.0,203167213,203167213,2026-08-27,2026-08-27 15:34:03+08:00
159123,光伏ETF嘉实,0.906,0.9059,-0.01,-0.002,-0.22,63972.0,5747411.3,0.906,0.907,0.889,0.908,1.98,1.66,0.89,68.1,28872.0,35100.0,-104373.0,-1.82,-161863.0,-2.82,57490.0,1.0,97305.0,1.69,7069.0,0.12,-121.0,0.906,0.907,385047024.0,348852604,348852604,2026-08-27,2026-08-27 15:34:48+08:00
159046,绿电ETF天弘,0.915,0.9157,0.08,-0.002,-0.22,97101.0,8858198.216,0.912,0.916,0.908,0.917,0.87,2.12,0.88,-14.56,42403.0,54698.0,284236.0,3.21,-386622.0,-4.36,670858.0,7.57,-314220.0,-3.55,29984.0,0.34,-18.0,0.915,0.916,457476848.0,418591316,418591316,2026-08-27,2026-08-27 15:34:45+08:00
516370,电力ETF汇添富,0.92,0.9205,0.05,-0.002,-0.22,87465.0,8008412.0,0.925,0.925,0.911,0.922,1.52,2.84,0.94,-9.92,42037.0,45428.0,-29122.0,-0.36,-426700.0,-5.33,397578.0,4.96,-375810.0,-4.69,404933.0,5.06,-732.0,0.919,0.92,308408000.0,283735360,283735360,2026-08-27,2026-08-27 16:11:53+08:00
159015,恒生港股通科技ETF国联,0.895,0.8951,0.01,-0.002,-0.22,23188.0,2078704.294,0.9,0.908,0.894,0.897,1.56,2.1,0.55,13.71,7713.0,15475.0,-91608.0,-4.41,0.0,0.0,-91608.0,-4.41,88927.0,4.28,2681.0,0.13,400.0,0.894,0.895,110352934.0,98765876,98765876,2026-08-27,2026-08-27 15:34:39+08:00
159670,消费50ETF国联安,0.869,0.8708,0.21,-0.002,-0.23,20757.0,1798737.6,0.867,0.872,0.863,0.871,1.03,3.73,0.49,0.25,9543.0,11214.0,-143705.0,-7.99,0.0,0.0,-143705.0,-7.99,129969.0,7.23,13735.0,0.76,-20.0,0.869,0.871,55706921.0,48409314,48409314,2026-08-27,2026-08-27 15:34:15+08:00
159262,港股通科技ETF广发,0.848,0.8492,0.14,-0.002,-0.24,2460470.0,208794821.8,0.854,0.855,0.846,0.85,1.06,4.4,0.84,-14.73,1154099.0,1306371.0,-2241841.0,-1.07,8472309.0,4.06,-10714150.0,-5.13,1321514.0,0.63,920327.0,0.44,6234.0,0.847,0.848,5598220544.0,4747291021,4747291021,2026-08-27,2026-08-27 15:34:03+08:00
513950,恒生红利ETF富国,1.255,1.2579,0.23,-0.003,-0.24,476019.0,59676628.0,1.258,1.259,1.249,1.258,0.79,1.91,1.34,2.58,196807.0,279212.0,-1454961.0,-2.44,16685531.0,27.96,-18140492.0,-30.4,1676798.0,2.81,-221838.0,-0.37,-191.0,1.254,1.255,2492619008.0,3128236855,3128236855,2026-08-27,2026-08-27 16:11:40+08:00
560330,沪深300价值ETF申万菱信,1.241,1.2425,0.12,-0.003,-0.24,5790.0,717130.0,1.238,1.241,1.234,1.244,0.56,3.38,2.05,11.09,351.0,5439.0,-18548.0,-2.59,0.0,0.0,-18548.0,-2.59,-74310.0,-10.36,92858.0,12.95,1.0,1.242,1.243,17130000.0,21258330,21258330,2026-08-27,2026-08-27 16:11:50+08:00
510630,消费ETF华夏,0.813,0.812,-0.12,-0.002,-0.25,501366.0,40554799.0,0.818,0.818,0.804,0.815,1.72,9.03,1.26,7.53,255798.0,245568.0,891465.0,2.2,1526682.0,3.76,-635217.0,-1.57,-1766668.0,-4.36,875204.0,2.16,-839.0,0.812,0.813,555361504.0,451508903,451508903,2026-08-27,2026-08-27 16:11:41+08:00
159757,电池ETF景顺,0.794,0.7945,0.06,-0.002,-0.25,110248.0,8661192.9,0.793,0.794,0.78,0.796,1.76,4.54,0.71,10.04,63630.0,46618.0,-1149365.0,-13.27,-1638228.0,-18.91,488863.0,5.64,819536.0,9.46,329829.0,3.81,-355.0,0.794,0.795,242931891.0,192887921,192887921,2026-08-27,2026-08-27 15:34:54+08:00
561060,国企红利ETF华安,1.176,1.1786,0.22,-0.003,-0.25,103309.0,12137262.0,1.176,1.179,1.167,1.179,1.02,18.93,8.93,3.72,56264.0,47045.0,-27393.0,-0.23,-3760797.0,-30.99,3733404.0,30.76,923811.0,7.61,-896418.0,-7.39,75.0,1.176,1.179,54565000.0,64168440,64168440,2026-08-27,2026-08-27 16:11:57+08:00
159135,港股通科技ETF前海开源,0.79,0.791,0.13,-0.002,-0.25,38947.0,3079526.036,0.792,0.794,0.789,0.792,0.63,0.63,0.52,-48.8,17990.0,20957.0,-265484.0,-8.62,-493841.0,-16.04,228357.0,7.42,83664.0,2.72,181820.0,5.9,-766.0,0.79,0.791,618466384.0,488588443,488588443,2026-08-27,2026-08-27 15:34:30+08:00
512130,全指现金流ETF鹏华,1.179,1.1815,0.21,-0.003,-0.25,7031.0,825922.0,1.176,1.179,1.171,1.182,0.68,5.06,0.29,-1.83,2302.0,4729.0,103069.0,12.48,0.0,0.0,103069.0,12.48,-116731.0,-14.13,13662.0,1.65,13.0,1.176,1.179,13895000.0,16382205,16382205,2026-08-27,2026-08-27 16:11:52+08:00
520860,港股通科技ETF富国,0.798,0.7972,-0.1,-0.002,-0.25,182741.0,14571692.0,0.801,0.803,0.796,0.8,0.88,5.4,0.92,20.78,77283.0,105458.0,549350.0,3.77,-398099.0,-2.73,947449.0,6.5,-490094.0,-3.36,-59256.0,-0.41,-220.0,0.796,0.798,338195008.0,269879616,269879616,2026-08-27,2026-08-27 16:11:34+08:00
563830,全指现金流ETF博时,1.177,1.1797,0.23,-0.003,-0.25,92.0,10773.0,1.172,1.177,1.169,1.18,0.68,0.01,0.01,20.41,5.0,87.0,8188.0,76.0,0.0,0.0,8188.0,76.0,0.0,0.0,-8188.0,-76.0,-1.0,1.176,1.181,137896000.0,162303592,162303592,2026-08-27,2026-08-27 16:11:47+08:00
159708,红利ETF西部利得,0.813,0.8135,0.06,-0.002,-0.25,97509.0,7899247.609,0.81,0.814,0.808,0.815,0.74,5.43,0.92,-84.79,49424.0,48085.0,-372932.0,-4.72,-294962.0,-3.73,-77970.0,-0.99,311204.0,3.94,61727.0,0.78,-50.0,0.813,0.814,179528306.0,145956513,145956513,2026-08-27,2026-08-27 15:34:30+08:00
560230,光伏ETF富国,0.76,0.76,0.0,-0.002,-0.26,16148.0,1216466.0,0.756,0.769,0.746,0.762,3.02,1.92,0.94,-1.44,7484.0,8664.0,-141665.0,-11.65,-25381.0,-2.09,-116284.0,-9.56,42041.0,3.46,99625.0,8.19,28.0,0.759,0.761,83889000.0,63755640,63755640,2026-08-27,2026-08-27 16:11:45+08:00
520840,港股通恒生科技ETF华安,0.762,0.7603,-0.22,-0.002,-0.26,394865.0,30106725.0,0.767,0.768,0.76,0.764,1.05,3.51,0.83,21.9,196685.0,198180.0,-980407.0,-3.26,-1037181.0,-3.45,56774.0,0.19,883605.0,2.93,96802.0,0.32,-276.0,0.761,0.762,1126549008.0,858430344,858430344,2026-08-27,2026-08-27 16:11:45+08:00
159931,金融地产ETF汇添富,1.882,1.8791,-0.15,-0.005,-0.26,1856.0,347651.9,1.884,1.884,1.861,1.887,1.22,1.04,0.87,-30.43,878.0,978.0,66798.0,19.21,0.0,0.0,66798.0,19.21,22587.0,6.5,-89385.0,-25.71,-50.0,1.882,1.886,17828511.0,33553258,33553258,2026-08-27,2026-08-27 15:34:27+08:00
159120,港股通科技ETF国联安,0.746,0.7508,0.64,-0.002,-0.27,152994.0,11408437.5,0.748,0.751,0.744,0.748,0.94,10.13,0.84,29.83,82036.0,70958.0,481296.0,4.22,1198.0,0.01,480098.0,4.21,-522317.0,-4.58,41022.0,0.36,11.0,0.744,0.746,151024466.0,112664252,112664252,2026-08-27,2026-08-27 15:34:15+08:00
159391,大盘价值ETF博时,1.114,1.1144,0.04,-0.003,-0.27,17364.0,1930454.9,1.112,1.114,1.107,1.117,0.63,2.04,2.0,-6.83,9094.0,8270.0,-35592.0,-1.84,0.0,0.0,-35592.0,-1.84,11565.0,0.6,24027.0,1.24,-1.0,1.114,1.118,85076398.0,94775107,94775107,2026-08-27,2026-08-27 15:34:57+08:00
159669,绿色电力ETF国泰,1.11,1.1102,0.02,-0.003,-0.27,22388.0,2475129.0,1.111,1.113,1.1,1.113,1.17,1.1,0.84,-69.08,16236.0,6152.0,-230734.0,-9.32,7071.0,0.29,-237805.0,-9.61,122251.0,4.94,108484.0,4.38,1.0,1.108,1.11,202754781.0,225057807,225057807,2026-08-27,2026-08-27 15:34:48+08:00
560580,电力ETF南方,1.101,1.1021,0.1,-0.003,-0.27,48171.0,5284241.0,1.103,1.104,1.092,1.104,1.09,1.05,0.58,-26.89,21701.0,26470.0,-128245.0,-2.43,549500.0,10.4,-677745.0,-12.83,51863.0,0.98,76382.0,1.45,-188.0,1.101,1.102,457003008.0,503160312,503160312,2026-08-27,2026-08-27 16:11:55+08:00
516180,光伏ETF平安,0.7,0.7005,0.07,-0.002,-0.28,88765.0,6161700.0,0.695,0.7,0.687,0.702,1.85,5.92,0.87,3.73,48844.0,39921.0,-57817.0,-0.94,-70818.0,-1.15,13001.0,0.21,-61638.0,-1.0,119455.0,1.94,-10.0,0.7,0.701,149987000.0,104990900,104990900,2026-08-27,2026-08-27 16:11:41+08:00
526010,港股通医疗ETF汇添富,1.068,1.0653,-0.25,-0.003,-0.28,81310.0,8587551.0,1.076,1.076,1.047,1.071,2.71,21.14,0.5,-18.56,33533.0,47777.0,153445.0,1.79,536005.0,6.24,-382560.0,-4.45,-221562.0,-2.58,68116.0,0.79,-8.0,1.063,1.068,38458000.0,41073144,41073144,2026-08-27,2026-08-27 16:11:48+08:00
159855,影视ETF银华,0.725,0.7238,-0.17,-0.002,-0.28,104235.0,7522461.4,0.726,0.726,0.716,0.727,1.38,5.73,0.87,17.63,50775.0,53460.0,-119253.0,-1.59,1052686.0,13.99,-1171939.0,-15.58,70286.0,0.93,48965.0,0.65,344.0,0.724,0.725,181925236.0,131895796,131895796,2026-08-27,2026-08-27 15:34:54+08:00
563350,A50ETF华泰柏瑞,1.425,1.4278,0.2,-0.004,-0.28,55395.0,7880220.0,1.426,1.428,1.418,1.429,0.7,3.22,0.73,30.86,30086.0,25309.0,433000.0,5.49,456899.0,5.8,-23899.0,-0.3,-470191.0,-5.97,37192.0,0.47,-1547.0,1.425,1.427,171997600.0,245096580,245096580,2026-08-27,2026-08-27 16:11:49+08:00
520920,恒生科技ETF天弘,0.686,0.6871,0.16,-0.002,-0.29,1447088.0,99341240.0,0.69,0.692,0.685,0.688,1.02,0.77,0.73,-4.69,716768.0,730320.0,-6070306.0,-6.11,-6747795.0,-6.79,677489.0,0.68,3747062.0,3.77,2323245.0,2.34,-16686.0,0.685,0.686,18834019072.0,12920137083,12920137083,2026-08-27,2026-08-27 16:12:01+08:00
159059,电力ETF大成,1.022,1.0228,0.08,-0.003,-0.29,65248.0,6633825.75,1.027,1.027,1.014,1.025,1.27,11.09,0.91,-76.37,29637.0,35611.0,865262.0,13.04,0.0,0.0,865262.0,13.04,-927559.0,-13.98,62296.0,0.94,-2.0,1.021,1.025,58830063.0,60124324,60124324,2026-08-27,2026-08-27 15:34:00+08:00
516130,消费龙头ETF华宝,0.686,0.6858,-0.03,-0.002,-0.29,329521.0,22499132.0,0.688,0.688,0.68,0.688,1.16,2.1,1.25,6.45,101462.0,228059.0,10477952.0,46.57,6416135.0,28.52,4061817.0,18.05,-10718180.0,-47.64,240229.0,1.07,-219.0,0.685,0.686,1568890000.0,1076258540,1076258540,2026-08-27,2026-08-27 16:11:50+08:00
560190,公用事业ETF鹏华,1.022,1.0192,-0.27,-0.003,-0.29,6915.0,703985.0,1.025,1.027,1.01,1.025,1.66,2.63,1.51,9.14,5880.0,1035.0,-484533.0,-68.83,-435597.0,-61.88,-48936.0,-6.95,56243.0,7.99,428290.0,60.84,-50.0,1.02,1.022,26334000.0,26913348,26913348,2026-08-27,2026-08-27 16:11:32+08:00
159146,电力ETF华宝,1.009,1.0105,0.15,-0.003,-0.3,220075.0,22131967.505,1.009,1.011,1.001,1.012,0.99,3.0,1.01,-42.78,104302.0,115773.0,-1356652.0,-6.13,-46432.0,-0.21,-1310220.0,-5.92,1119083.0,5.06,237569.0,1.07,789.0,1.008,1.009,732940848.0,739537316,739537316,2026-08-27,2026-08-27 15:34:42+08:00
561560,电力ETF华泰柏瑞,1.267,1.2677,0.06,-0.004,-0.31,308925.0,38989034.0,1.27,1.27,1.256,1.271,1.1,1.57,0.92,-9.52,127519.0,181406.0,-2591244.0,-6.65,-1246310.0,-3.2,-1344934.0,-3.45,975592.0,2.5,1615653.0,4.14,-1210.0,1.266,1.267,1968624208.0,2494246872,2494246872,2026-08-27,2026-08-27 16:11:43+08:00
560620,公用事业ETF万家,0.953,0.9553,0.24,-0.003,-0.31,3261.0,309760.0,0.958,0.96,0.947,0.956,1.36,1.24,0.3,8.43,1358.0,1903.0,94510.0,30.51,0.0,0.0,94510.0,30.51,-71899.0,-23.21,-22610.0,-7.3,-120.0,0.953,0.954,26367000.0,25127751,25127751,2026-08-27,2026-08-27 16:11:46+08:00
513150,港股通科技ETF华泰柏瑞,0.973,0.9724,-0.06,-0.003,-0.31,603349.0,58638071.0,0.977,0.979,0.97,0.976,0.92,60.0,1.45,9.56,289672.0,313677.0,-1409914.0,-2.4,-1932728.0,-3.3,522814.0,0.89,1438150.0,2.45,-28235.0,-0.05,-44.0,0.971,0.973,100559800.0,97844685,97844685,2026-08-27,2026-08-27 16:11:42+08:00
520770,恒指港股通ETF建信,0.95,0.9448,-0.55,-0.003,-0.31,18047.0,1706901.0,0.944,0.95,0.943,0.953,0.73,0.85,0.41,5.74,8546.0,9501.0,-35969.0,-2.11,0.0,0.0,-35969.0,-2.11,85595.0,5.01,-49625.0,-2.91,-9.0,0.946,0.95,213373800.0,202705110,202705110,2026-08-27,2026-08-27 16:11:34+08:00
561410,光伏ETF工银,0.98,0.9801,0.01,-0.003,-0.31,113399.0,11021241.0,0.976,0.983,0.961,0.983,2.24,4.45,0.56,-15.79,53898.0,59501.0,1047243.0,9.5,375484.0,3.41,671759.0,6.1,-861550.0,-7.82,-185694.0,-1.68,125.0,0.978,0.98,254613258.0,249520993,249520993,2026-08-27,2026-08-27 16:11:54+08:00
513980,港股科技ETF景顺,0.615,0.6155,0.08,-0.002,-0.32,2777806.0,170840124.0,0.619,0.62,0.613,0.617,1.13,1.64,0.85,-2.34,1099957.0,1677849.0,-2295090.0,-1.34,-1171627.0,-0.69,-1123463.0,-0.66,2737820.0,1.6,-442731.0,-0.26,-16879.0,0.614,0.615,16899204096.0,10393010519,10393010519,2026-08-27,2026-08-27 16:11:53+08:00
159520,消费龙头ETF工银,0.925,0.9253,0.03,-0.003,-0.32,61152.0,5640581.8,0.93,0.93,0.918,0.928,1.29,3.99,0.85,-3.41,27512.0,33640.0,73226.0,1.3,-111288.0,-1.97,184514.0,3.27,-235135.0,-4.17,161910.0,2.87,642.0,0.924,0.925,153177649.0,141689325,141689325,2026-08-27,2026-08-27 15:34:30+08:00
560450,电力ETF天弘,0.938,0.9393,0.14,-0.003,-0.32,139891.0,13082695.0,0.941,0.941,0.93,0.941,1.17,5.61,1.2,-12.51,66061.0,73830.0,-426139.0,-3.26,17243.0,0.13,-443382.0,-3.39,198405.0,1.52,227734.0,1.74,-8.0,0.937,0.938,249569000.0,234095722,234095722,2026-08-27,2026-08-27 16:11:37+08:00
560480,电力ETF招商,0.895,0.8966,0.18,-0.003,-0.33,46086.0,4116684.0,0.899,0.9,0.888,0.898,1.34,3.23,0.8,2.18,21746.0,24340.0,-7527.0,-0.18,0.0,0.0,-7527.0,-0.18,-342434.0,-8.32,349961.0,8.5,-178.0,0.895,0.896,142803000.0,127808685,127808685,2026-08-27,2026-08-27 16:11:53+08:00
512040,价值ETF富国,1.221,1.2232,0.18,-0.004,-0.33,2825000.0,343617964.0,1.22,1.223,1.21,1.225,1.06,6.45,1.57,29.03,752577.0,2072423.0,12570936.0,3.66,28434782.0,8.28,-15863846.0,-4.62,-14133470.0,-4.11,1562534.0,0.45,-579.0,1.221,1.222,4379715840.0,5347633041,5347633041,2026-08-27,2026-08-27 16:11:45+08:00
513890,恒生科技ETF摩根,0.893,0.8922,-0.09,-0.003,-0.33,174539.0,15582181.0,0.898,0.9,0.891,0.896,1.0,1.94,0.59,-47.84,50879.0,123660.0,-1613065.0,-10.35,-1648152.0,-10.58,35087.0,0.23,921867.0,5.92,691198.0,4.44,-1581.0,0.892,0.893,898128000.0,802028304,802028304,2026-08-27,2026-08-27 16:11:33+08:00
159010,港股通科技ETF博时,0.907,0.9077,0.08,-0.003,-0.33,39342.0,3571695.3,0.91,0.914,0.905,0.91,0.99,2.01,0.54,-43.59,10313.0,29029.0,-296506.0,-8.3,0.0,0.0,-296506.0,-8.3,138231.0,3.87,158274.0,4.43,9.0,0.906,0.907,196097611.0,177860533,177860533,2026-08-27,2026-08-27 15:34:33+08:00
159940,金融地产ETF广发,1.223,1.2248,0.15,-0.004,-0.33,31145.0,3797308.6,1.221,1.225,1.212,1.227,1.06,1.08,1.78,3.03,9977.0,21168.0,941406.0,24.79,755152.0,19.89,186254.0,4.9,101083.0,2.66,-1042489.0,-27.45,8.0,1.222,1.223,287059984.0,351074360,351074360,2026-08-27,2026-08-27 15:34:12+08:00
512640,金融地产ETF嘉实,2.405,2.4044,-0.02,-0.008,-0.33,8166.0,1956344.0,2.406,2.406,2.384,2.413,0.91,4.03,0.65,0.25,3616.0,4550.0,5522.0,0.28,0.0,0.0,5522.0,0.28,0.0,0.0,-5522.0,-0.28,-41.0,2.401,2.405,20240900.0,48679365,48679365,2026-08-27,2026-08-27 16:11:34+08:00
515210,钢铁ETF国泰,1.184,1.1812,-0.24,-0.004,-0.34,801438.0,94231343.0,1.18,1.184,1.168,1.188,1.35,8.63,1.26,5.82,389604.0,411834.0,-14805222.0,-15.71,-12144977.0,-12.89,-2660245.0,-2.82,5868001.0,6.23,8937221.0,9.48,-3270.0,1.184,1.185,928226096.0,1099019698,1099019698,2026-08-27,2026-08-27 16:11:57+08:00
520980,港股通科技ETF汇添富,0.867,0.8674,0.05,-0.003,-0.34,1864543.0,161752909.0,0.874,0.875,0.865,0.87,1.15,5.85,0.73,-9.55,858706.0,1005837.0,-3330819.0,-2.06,-3645156.0,-2.25,314337.0,0.19,1382536.0,0.85,1948281.0,1.2,-2776.0,0.866,0.867,3187387008.0,2763464536,2763464536,2026-08-27,2026-08-27 16:11:38+08:00
159741,恒生科技ETF嘉实,0.578,0.5823,0.74,-0.002,-0.34,721471.0,41725539.0,0.581,0.582,0.576,0.58,1.03,5.23,0.58,-28.23,337061.0,384410.0,-1917428.0,-4.6,-1521869.0,-3.65,-395559.0,-0.95,1430137.0,3.43,487292.0,1.17,6537.0,0.577,0.578,1378796720.0,796944504,796944504,2026-08-27,2026-08-27 15:34:03+08:00
513730,东南亚科技ETF华泰柏瑞,1.166,1.1749,0.76,-0.004,-0.34,110624.0,12886777.0,1.166,1.168,1.161,1.17,0.6,1.38,0.65,5.5,51183.0,59441.0,234894.0,1.82,342709.0,2.66,-107815.0,-0.84,-756931.0,-5.87,522036.0,4.05,-1585.0,1.166,1.167,802355008.0,935545939,935545939,2026-08-27,2026-08-27 16:12:00+08:00
513550,港股通50ETF华泰柏瑞,1.128,1.1276,-0.04,-0.004,-0.35,228143.0,25718032.0,1.134,1.135,1.124,1.132,0.97,1.35,0.44,-17.37,113932.0,114211.0,888086.0,3.45,-448256.0,-1.74,1336342.0,5.2,62485.0,0.24,-950570.0,-3.7,-308.0,1.127,1.128,1686992000.0,1902926976,1902926976,2026-08-27,2026-08-27 16:11:34+08:00
159766,旅游ETF富国,0.565,0.5641,-0.16,-0.002,-0.35,2454506.0,138386488.2,0.566,0.566,0.561,0.567,0.88,4.55,1.1,22.21,1193344.0,1261162.0,-15059351.0,-10.88,-32291057.0,-23.33,17231706.0,12.45,8201270.0,5.93,6858081.0,4.96,34095.0,0.564,0.565,5400141056.0,3051079697,3051079697,2026-08-27,2026-08-27 15:34:00+08:00
513130,恒生科技ETF华泰柏瑞,0.575,0.5737,-0.23,-0.002,-0.35,25351976.0,1457039971.0,0.578,0.579,0.573,0.577,1.04,4.49,0.8,-21.98,11544365.0,13807611.0,-84297128.0,-5.79,-147410976.0,-10.12,63113848.0,4.33,61346729.0,4.21,22950399.0,1.58,-472358.0,0.574,0.575,56440347136.0,32453199603,32453199603,2026-08-27,2026-08-27 16:11:40+08:00
159166,现金流ETF长城,0.862,0.8641,0.24,-0.003,-0.35,6617.0,569719.282,0.864,0.864,0.856,0.865,0.92,0.12,0.81,-43.66,317.0,6300.0,123973.0,21.76,268858.0,47.19,-144885.0,-25.43,-87866.0,-15.42,-36106.0,-6.34,-120.0,0.862,0.864,566816064.0,488595447,488595447,2026-08-27,2026-08-27 15:34:33+08:00
513560,香港科技ETF兴银,1.142,1.1412,-0.07,-0.004,-0.35,143184.0,16358506.0,1.148,1.151,1.14,1.146,0.96,2.69,0.67,-66.09,50565.0,92619.0,-263687.0,-1.61,-207034.0,-1.27,-56653.0,-0.35,199667.0,1.22,64022.0,0.39,-446.0,1.142,1.143,531386000.0,606842812,606842812,2026-08-27,2026-08-27 16:11:55+08:00
159863,光伏ETF鹏华,0.568,0.5704,0.42,-0.002,-0.35,50470.0,2840442.5,0.568,0.569,0.558,0.57,1.93,1.72,1.33,68.14,19286.0,31184.0,-343952.0,-12.11,-340706.0,-11.99,-3246.0,-0.11,161886.0,5.7,182067.0,6.41,550.0,0.567,0.568,292729360.0,166270276,166270276,2026-08-27,2026-08-27 15:34:51+08:00
562550,绿电ETF华夏,1.134,1.1349,0.08,-0.004,-0.35,685820.0,77491512.0,1.138,1.138,1.124,1.138,1.23,4.41,1.04,-14.89,317002.0,368818.0,-489944.0,-0.63,-4652410.0,-6.0,4162466.0,5.37,-995670.0,-1.28,1485614.0,1.92,-1293.0,1.134,1.135,1555919296.0,1764412482,1764412482,2026-08-27,2026-08-27 16:11:46+08:00
159864,光伏ETF国泰,0.554,0.5546,0.11,-0.002,-0.36,182809.0,10005223.2,0.555,0.555,0.543,0.556,2.16,2.89,1.06,-8.02,98223.0,84586.0,-95422.0,-0.95,-1335286.0,-13.35,1239864.0,12.39,-97856.0,-0.98,193279.0,1.93,515.0,0.553,0.554,631526832.0,349865865,349865865,2026-08-27,2026-08-27 15:34:39+08:00
516160,新能源ETF南方,2.492,2.4894,-0.1,-0.009,-0.36,491011.0,121003446.0,2.499,2.499,2.444,2.501,2.2,3.18,1.05,43.74,214574.0,276438.0,-4836026.0,-4.0,1300724.0,1.07,-6136750.0,-5.07,-1151043.0,-0.95,5987067.0,4.95,-1189.0,2.491,2.492,1542142000.0,3843017864,3843017864,2026-08-27,2026-08-27 16:11:56+08:00
159333,港股央企红利ETF万家,1.371,1.3763,0.39,-0.005,-0.36,61880.0,8481036.1,1.376,1.378,1.366,1.376,0.87,3.06,0.78,-25.08,26268.0,35612.0,268945.0,3.17,-999.0,-0.01,269944.0,3.18,-169584.0,-2.0,-99360.0,-1.17,-38.0,1.371,1.372,201952835.0,276877337,276877337,2026-08-27,2026-08-27 15:34:48+08:00
561700,电力ETF博时,1.103,1.1043,0.12,-0.004,-0.36,52100.0,5728850.0,1.107,1.11,1.088,1.107,1.99,1.47,1.27,-1.41,23434.0,28666.0,399332.0,6.97,200349.0,3.5,198983.0,3.47,-62659.0,-1.09,-336672.0,-5.88,-117.0,1.103,1.104,353313600.0,389704901,389704901,2026-08-27,2026-08-27 16:12:00+08:00
159862,食品饮料ETF银华,0.543,0.5419,-0.2,-0.002,-0.37,31624.0,1708734.5,0.545,0.545,0.538,0.545,1.28,1.03,1.58,80.19,11217.0,20407.0,-347846.0,-20.36,-833900.0,-48.8,486054.0,28.45,200807.0,11.75,147041.0,8.61,70.0,0.542,0.543,307500624.0,166972839,166972839,2026-08-27,2026-08-27 15:34:21+08:00
159843,食品饮料ETF招商,0.539,0.5385,-0.09,-0.002,-0.37,95594.0,5136302.9,0.541,0.541,0.534,0.541,1.29,1.57,1.02,-10.61,49706.0,45888.0,-789566.0,-15.37,-142740.0,-2.78,-646826.0,-12.59,336800.0,6.56,452767.0,8.82,47.0,0.538,0.539,608955136.0,328226818,328226818,2026-08-27,2026-08-27 15:34:48+08:00
159100,巴西ETF华夏,1.085,1.0869,0.17,-0.004,-0.37,258002.0,28039115.2,1.088,1.089,1.085,1.089,0.37,5.51,0.59,-49.52,80052.0,177950.0,1536471.0,5.48,-511910.0,-1.83,2048381.0,7.31,-313017.0,-1.12,-1223453.0,-4.36,-8000.0,1.085,1.086,468046928.0,507830917,507830917,2026-08-27,2026-08-27 15:34:39+08:00
515370,光伏ETF华夏,0.809,0.8084,-0.07,-0.003,-0.37,166306.0,13311274.0,0.812,0.812,0.793,0.812,2.34,1.73,0.93,2.42,84786.0,81520.0,-350676.0,-2.63,612447.0,4.6,-963123.0,-7.24,64181.0,0.48,286495.0,2.15,-161.0,0.808,0.809,959713008.0,776407823,776407823,2026-08-27,2026-08-27 16:11:45+08:00
159202,恒生互联网ETF万家,0.797,0.796,-0.13,-0.003,-0.38,727020.0,57964783.6,0.803,0.804,0.795,0.8,1.13,5.96,0.54,-4.83,334371.0,392649.0,-6377021.0,-11.0,-3101286.0,-5.35,-3275735.0,-5.65,4287456.0,7.4,2089564.0,3.6,6189.0,0.796,0.797,1219401904.0,971863317,971863317,2026-08-27,2026-08-27 15:34:54+08:00
513380,恒生科技ETF广发,0.529,0.5286,-0.08,-0.002,-0.38,2494510.0,131974959.0,0.532,0.533,0.528,0.531,0.94,1.39,0.78,-32.57,883480.0,1611030.0,-7059094.0,-5.35,-10433370.0,-7.91,3374276.0,2.56,5162826.0,3.91,1896267.0,1.44,-31190.0,0.528,0.529,17893784832.0,9465812176,9465812176,2026-08-27,2026-08-27 16:11:58+08:00
159861,碳中和50ETF国泰,1.04,1.0369,-0.3,-0.004,-0.38,46243.0,4768384.9,1.037,1.05,1.021,1.044,2.78,4.76,1.45,-8.76,22657.0,23586.0,336836.0,7.06,0.0,0.0,336836.0,7.06,-341326.0,-7.16,4490.0,0.09,-1.0,1.04,1.042,97117535.0,101002236,101002236,2026-08-27,2026-08-27 15:34:51+08:00
516290,光伏ETF汇添富,0.524,0.5245,0.1,-0.002,-0.38,207000.0,10751884.0,0.528,0.528,0.515,0.526,2.47,2.82,1.11,-4.19,77109.0,129891.0,-410738.0,-3.82,-343187.0,-3.19,-67551.0,-0.63,-288102.0,-2.68,698838.0,6.5,-384.0,0.524,0.525,735196896.0,385243174,385243174,2026-08-27,2026-08-27 16:11:38+08:00
159611,电力ETF广发,1.044,1.044,0.0,-0.004,-0.38,2789931.0,290172695.7,1.044,1.045,1.035,1.048,0.95,2.93,0.94,18.96,1140909.0,1649022.0,-36604294.0,-12.61,-38855864.0,-13.39,2251570.0,0.78,17022662.0,5.87,19581631.0,6.75,45462.0,1.043,1.044,9535962880.0,9955545247,9955545247,2026-08-27,2026-08-27 15:34:45+08:00
520590,恒生科技ETF鹏华,0.787,0.7865,-0.06,-0.003,-0.38,65370.0,5152692.0,0.793,0.795,0.786,0.79,1.14,3.33,0.68,0.32,29759.0,35611.0,-64621.0,-1.25,227276.0,4.41,-291897.0,-5.66,2105.0,0.04,62517.0,1.21,-589.0,0.787,0.788,196235000.0,154436945,154436945,2026-08-27,2026-08-27 16:11:51+08:00
159152,港股通科技ETF平安,0.772,0.771,-0.13,-0.003,-0.39,207514.0,16028397.171,0.777,0.778,0.77,0.775,1.03,2.54,0.73,0.93,92369.0,115145.0,93614.0,0.58,1154657.0,7.2,-1061043.0,-6.62,120012.0,0.75,-213627.0,-1.33,11.0,0.771,0.772,818556096.0,631925306,631925306,2026-08-27,2026-08-27 15:34:45+08:00
560310,光伏ETF博时,0.766,0.7655,-0.07,-0.003,-0.39,20635.0,1568281.0,0.776,0.776,0.752,0.769,3.12,1.11,0.99,-6.52,9852.0,10783.0,45689.0,2.91,0.0,0.0,45689.0,2.91,-74579.0,-4.76,28891.0,1.84,-66.0,0.766,0.767,185122000.0,141803452,141803452,2026-08-27,2026-08-27 16:11:34+08:00
562970,光伏ETF易方达,0.99,0.9894,-0.06,-0.004,-0.4,162079.0,15853785.0,0.987,0.999,0.97,0.994,2.92,4.48,1.25,4.43,59736.0,102343.0,671687.0,4.24,1378432.0,8.69,-706745.0,-4.46,-749732.0,-4.73,78045.0,0.49,-37.0,0.989,0.99,361448000.0,357833520,357833520,2026-08-27,2026-08-27 16:11:51+08:00
158001,价值ETF嘉实,1.003,1.0056,0.26,-0.004,-0.4,600685.0,60229486.353,1.002,1.006,0.997,1.007,0.89,22.63,,-84.83,320576.0,280108.0,5597146.0,9.29,23247864.0,38.6,-17650718.0,-29.31,-5183491.0,-8.61,-413656.0,-0.69,3023.0,1.002,1.003,265392624.0,266188802,266188802,2026-08-27,2026-08-27 15:34:21+08:00
520570,恒生科技ETF南方,0.739,0.7349,-0.56,-0.003,-0.4,966412.0,71530508.0,0.743,0.747,0.738,0.742,1.21,2.77,0.72,-23.3,432823.0,533589.0,-3054554.0,-4.27,1849501.0,2.59,-4904055.0,-6.86,2233994.0,3.12,820560.0,1.15,-4973.0,0.738,0.739,3483876000.0,2574584364,2574584364,2026-08-27,2026-08-27 16:12:00+08:00
515710,食品饮料ETF华宝,0.496,0.496,0.0,-0.002,-0.4,285876.0,14140560.0,0.496,0.498,0.492,0.498,1.2,1.23,0.88,12.69,125824.0,160052.0,-1278389.0,-9.04,-1397669.0,-9.88,119280.0,0.84,619272.0,4.38,659117.0,4.66,-1860.0,0.495,0.496,2321599808.0,1151513505,1151513505,2026-08-27,2026-08-27 16:11:47+08:00
159037,价值ETF鹏华,1.004,1.0079,0.39,-0.004,-0.4,8128.0,815784.421,1.002,1.007,0.999,1.008,0.79,1.07,0.37,-13.5,5312.0,2816.0,67585.0,8.28,21.0,0.0,67564.0,8.28,-88598.0,-10.86,21013.0,2.58,-1.0,1.004,1.005,76249832.0,76554831,76554831,2026-08-27,2026-08-27 15:34:45+08:00
159158,电力ETF景顺,1.0,1.0011,0.11,-0.004,-0.4,231395.0,23047301.597,1.002,1.004,0.992,1.004,1.2,2.57,0.98,-50.37,93720.0,137675.0,-217420.0,-0.94,-469626.0,-2.04,252206.0,1.09,-418766.0,-1.82,636186.0,2.76,1338.0,0.999,1.0,901035344.0,901035344,901035344,2026-08-27,2026-08-27 15:34:51+08:00
159857,光伏ETF天弘,0.724,0.7243,0.04,-0.003,-0.41,768462.0,55063314.872,0.725,0.726,0.709,0.727,2.34,3.46,1.2,0.27,325000.0,443462.0,-6117523.0,-11.11,-4197403.0,-7.62,-1920120.0,-3.49,3256296.0,5.91,2861226.0,5.2,-3957.0,0.724,0.725,2219515728.0,1606929387,1606929387,2026-08-27,2026-08-27 15:34:33+08:00
516880,光伏ETF银华,0.721,0.7213,0.04,-0.003,-0.41,177856.0,12676318.0,0.722,0.722,0.707,0.724,2.07,1.94,0.98,-5.48,83065.0,94791.0,-1238775.0,-9.77,-591165.0,-4.66,-647610.0,-5.11,1019266.0,8.04,219509.0,1.73,-695.0,0.72,0.721,915944096.0,660395693,660395693,2026-08-27,2026-08-27 16:11:54+08:00
159143,港股通央企红利ETF平安,0.965,0.9646,-0.04,-0.004,-0.41,6199.0,595744.5,0.963,0.972,0.958,0.969,1.44,1.12,0.29,-69.61,1029.0,5170.0,-19020.0,-3.19,0.0,0.0,-19020.0,-3.19,-17330.0,-2.91,36351.0,6.1,-57.0,0.965,0.966,55554456.0,53610050,53610050,2026-08-27,2026-08-27 15:34:03+08:00
159118,港股通红利低波ETF华夏,0.967,0.9669,-0.01,-0.004,-0.41,22704.0,2188981.2,0.971,0.971,0.961,0.971,1.03,3.26,0.79,24.06,9368.0,13336.0,18108.0,0.83,0.0,0.0,18108.0,0.83,-149495.0,-6.83,131387.0,6.0,9.0,0.964,0.967,69677020.0,67377678,67377678,2026-08-27,2026-08-27 15:34:21+08:00
159980,有色ETF大成,2.15,2.1532,0.15,-0.009,-0.42,1385446.0,298451398.3,2.154,2.161,2.148,2.159,0.6,4.67,0.9,-27.78,595493.0,789953.0,6059349.0,2.03,58184127.0,19.5,-52124778.0,-17.47,-6129723.0,-2.05,70373.0,0.02,2339.0,2.149,2.15,2966824784.0,6378673286,6378673286,2026-08-27,2026-08-27 15:34:36+08:00
560270,电力ETF工银,0.946,0.9471,0.12,-0.004,-0.42,102026.0,9635569.0,0.95,0.95,0.939,0.95,1.16,6.13,1.1,-9.69,42066.0,59960.0,66526.0,0.69,165955.0,1.72,-99429.0,-1.03,-230162.0,-2.39,163636.0,1.7,318.0,0.946,0.947,166439000.0,157451294,157451294,2026-08-27,2026-08-27 16:11:37+08:00
159747,香港科技ETF南方,1.18,1.1794,-0.05,-0.005,-0.42,180756.0,21330322.712,1.195,1.195,1.176,1.185,1.6,5.76,0.78,-30.37,69004.0,111752.0,-521612.0,-2.45,-1763211.0,-8.27,1241599.0,5.82,-160799.0,-0.75,682410.0,3.2,104.0,1.179,1.18,313712272.0,370180481,370180481,2026-08-27,2026-08-27 15:34:48+08:00
516850,新能源ETF华夏,0.916,0.9157,-0.03,-0.004,-0.43,120991.0,10962007.0,0.918,0.918,0.9,0.92,1.96,8.63,0.9,-7.04,62827.0,58164.0,-20787.0,-0.19,14989.0,0.14,-35776.0,-0.33,-343433.0,-3.13,364219.0,3.32,128.0,0.917,0.918,140237000.0,128457092,128457092,2026-08-27,2026-08-27 16:11:43+08:00
513360,教育ETF博时,0.464,0.4683,0.92,-0.002,-0.43,503816.0,23430096.0,0.468,0.468,0.463,0.466,1.07,8.08,0.53,-34.16,251244.0,252572.0,57776.0,0.25,79753.0,0.34,-21977.0,-0.09,-121488.0,-0.52,63713.0,0.27,-3974.0,0.464,0.465,623713904.0,289403251,289403251,2026-08-27,2026-08-27 16:11:56+08:00
520820,恒指港股通ETF汇添富,0.937,0.9345,-0.27,-0.004,-0.43,11042.0,1030791.0,0.941,0.941,0.932,0.941,0.96,1.88,0.86,2.9,4898.0,6144.0,-1941.0,-0.19,0.0,0.0,-1941.0,-0.19,15349.0,1.49,-13407.0,-1.3,-9.0,0.934,0.937,58682000.0,54985034,54985034,2026-08-27,2026-08-27 16:11:40+08:00
515170,食品饮料ETF华夏,0.464,0.4636,-0.09,-0.002,-0.43,849628.0,39268548.0,0.465,0.465,0.46,0.466,1.07,0.99,0.8,20.36,319080.0,530548.0,-5064150.0,-12.9,-5567425.0,-14.18,503275.0,1.28,3285248.0,8.37,1778903.0,4.53,-9238.0,0.463,0.464,8605757952.0,3993071690,3993071690,2026-08-27,2026-08-27 16:11:52+08:00
562960,绿色电力ETF易方达,1.137,1.138,0.09,-0.005,-0.44,198828.0,22520781.0,1.136,1.139,1.127,1.142,1.05,1.58,0.85,9.45,84242.0,114586.0,-169494.0,-0.75,-1751752.0,-7.78,1582258.0,7.03,-396007.0,-1.76,565501.0,2.51,-789.0,1.136,1.137,1256391008.0,1428516576,1428516576,2026-08-27,2026-08-27 16:11:43+08:00
560150,红利低波ETF泰康,1.134,1.1332,-0.07,-0.005,-0.44,68146.0,7682165.0,1.138,1.138,1.12,1.139,1.58,1.0,1.57,4.52,37346.0,30800.0,1073681.0,13.98,249257.0,3.24,824424.0,10.73,-438241.0,-5.7,-635441.0,-8.27,-19.0,1.132,1.134,684279296.0,775972722,775972722,2026-08-27,2026-08-27 16:11:34+08:00
560830,电力ETF华夏,0.901,0.9021,0.12,-0.004,-0.44,155162.0,13949866.0,0.904,0.904,0.894,0.905,1.1,2.19,0.97,19.31,77576.0,77586.0,-1022783.0,-7.33,-708400.0,-5.08,-314383.0,-2.25,628042.0,4.5,394741.0,2.83,-2273.0,0.901,0.902,709519008.0,639276626,639276626,2026-08-27,2026-08-27 16:11:42+08:00
561170,绿色电力ETF富国,1.142,1.1418,-0.02,-0.005,-0.44,284090.0,32327336.0,1.149,1.149,1.132,1.147,1.48,5.25,0.9,32.4,132171.0,151919.0,-1472210.0,-4.55,-334927.0,-1.04,-1137283.0,-3.52,772526.0,2.39,699684.0,2.16,-3429.0,1.142,1.143,541532704.0,618430348,618430348,2026-08-27,2026-08-27 16:11:41+08:00
512030,中证A50增强ETF易方达,1.122,1.1233,0.12,-0.005,-0.44,1409.0,157250.0,1.117,1.122,1.113,1.127,0.8,0.31,0.05,-3.71,541.0,868.0,-139500.0,-88.71,0.0,0.0,-139500.0,-88.71,30630.0,19.48,108869.0,69.23,-2.0,1.122,1.123,45240000.0,50759280,50759280,2026-08-27,2026-08-27 16:11:37+08:00
513260,恒生科技ETF汇添富,1.12,1.1193,-0.06,-0.005,-0.44,1243951.0,139489644.0,1.128,1.13,1.119,1.125,0.98,2.64,0.74,-54.29,521698.0,722253.0,-11566406.0,-8.29,-9787851.0,-7.02,-1778555.0,-1.28,6066589.0,4.35,5499817.0,3.94,-6492.0,1.119,1.12,4718243072.0,5284432241,5284432241,2026-08-27,2026-08-27 16:11:36+08:00
159768,房地产ETF银华,0.442,0.4398,-0.5,-0.002,-0.45,608845.0,26832935.2,0.444,0.445,0.438,0.444,1.58,7.43,0.79,36.57,327839.0,281006.0,-1500342.0,-5.59,-1521571.0,-5.67,21229.0,0.08,1144662.0,4.27,355680.0,1.33,1948.0,0.441,0.442,818950304.0,361976034,361976034,2026-08-27,2026-08-27 15:34:15+08:00
510010,180治理ETF交银,1.765,1.7772,0.69,-0.008,-0.45,2332.0,411593.0,1.756,1.765,1.756,1.773,0.51,0.18,11.14,63.32,2326.0,6.0,0.0,0.0,0.0,0.0,0.0,0.0,0.0,0.0,0.0,0.0,-2326.0,1.765,1.769,130524400.0,230375566,230375566,2026-08-27,2026-08-27 16:11:53+08:00
159318,恒指港股通ETF银华,1.319,1.3196,0.05,-0.006,-0.45,8099.0,1066794.0,1.323,1.326,1.313,1.325,0.98,5.95,1.58,3.14,272.0,7827.0,-134450.0,-12.6,0.0,0.0,-134450.0,-12.6,101019.0,9.47,33431.0,3.13,7.0,1.316,1.32,13601647.0,17940572,17940572,2026-08-27,2026-08-27 15:34:36+08:00
560930,电力ETF易方达,0.883,0.8841,0.12,-0.004,-0.45,44786.0,3942738.0,0.886,0.886,0.876,0.887,1.13,2.12,0.85,-16.71,16400.0,28386.0,-411211.0,-10.43,-216458.0,-5.49,-194753.0,-4.94,391295.0,9.92,19917.0,0.51,-1000.0,0.883,0.884,211524000.0,186775692,186775692,2026-08-27,2026-08-27 16:11:56+08:00
520870,巴西ETF易方达,1.082,1.082,0.0,-0.005,-0.46,217786.0,23597819.0,1.083,1.086,1.081,1.087,0.46,4.27,0.41,-41.42,45757.0,172029.0,662151.0,2.81,1553529.0,6.58,-891378.0,-3.78,525079.0,2.23,-1187230.0,-5.03,-5051.0,1.082,1.083,509977200.0,551795330,551795330,2026-08-27,2026-08-27 16:12:01+08:00
159750,港股科技50ETF招商,0.872,0.8753,0.38,-0.004,-0.46,303255.0,26424017.2,0.876,0.879,0.869,0.876,1.14,2.43,0.65,-35.01,121037.0,182218.0,-660053.0,-2.5,-2070625.0,-7.84,1410572.0,5.34,433547.0,1.64,226506.0,0.86,394.0,0.871,0.872,1249618256.0,1089667119,1089667119,2026-08-27,2026-08-27 15:34:09+08:00
513050,中概互联网ETF易方达,1.08,1.0935,1.23,-0.005,-0.46,9694276.0,1049188607.0,1.09,1.091,1.079,1.085,1.11,2.82,0.54,-28.06,4301659.0,5392618.0,-67252448.0,-6.41,-65578048.0,-6.25,-1674400.0,-0.16,34634032.0,3.3,32618427.0,3.11,-97739.0,1.08,1.081,34343432704.0,37090907320,37090907320,2026-08-27,2026-08-27 16:11:54+08:00
159920,恒生ETF华夏,1.503,1.5046,0.11,-0.007,-0.46,1578902.0,237185159.608,1.512,1.513,1.498,1.51,0.99,2.73,1.02,-53.24,779587.0,799315.0,-11346657.0,-4.78,-5184931.0,-2.19,-6161726.0,-2.6,7588124.0,3.2,3758533.0,1.58,14098.0,1.502,1.503,5779559168.0,8686677430,8686677430,2026-08-27,2026-08-27 15:34:18+08:00
510030,价值ETF华宝,1.071,1.0698,-0.11,-0.005,-0.46,40566.0,4323506.0,1.076,1.076,1.059,1.076,1.58,2.72,1.65,8.78,14225.0,26341.0,-356323.0,-8.24,-34572.0,-0.8,-321751.0,-7.44,369491.0,8.55,-13168.0,-0.3,6.0,1.069,1.072,149229800.0,159825116,159825116,2026-08-27,2026-08-27 16:11:45+08:00
513660,恒生ETF华夏,1.512,1.512,0.0,-0.007,-0.46,295637.0,44673614.0,1.523,1.523,1.506,1.519,1.12,1.63,0.82,33.59,122575.0,173062.0,1672218.0,3.74,-473593.0,-1.06,2145811.0,4.8,-6440175.0,-14.42,4767958.0,10.67,-779.0,1.511,1.512,1814000208.0,2742768314,2742768314,2026-08-27,2026-08-27 16:11:34+08:00
159502,标普生物科技ETF嘉实,1.697,1.6852,-0.7,-0.008,-0.47,1376176.0,233150523.7,1.698,1.703,1.687,1.705,0.94,12.27,0.55,-54.56,673126.0,703050.0,-12265342.0,-5.26,-3765408.0,-1.62,-8499934.0,-3.65,-1729079.0,-0.74,13994421.0,6.0,-9456.0,1.697,1.698,1121323024.0,1902885172,1902885172,2026-08-27,2026-08-27 15:34:18+08:00
512690,酒ETF鹏华,0.421,0.4199,-0.26,-0.002,-0.47,9206309.0,385686774.0,0.422,0.422,0.417,0.423,1.18,2.87,1.28,15.26,4442013.0,4764296.0,-50236926.0,-13.03,-79506284.0,-20.61,29269358.0,7.59,35204047.0,9.13,15032870.0,3.9,-84763.0,0.42,0.421,32104150272.0,13515847265,13515847265,2026-08-27,2026-08-27 16:11:51+08:00
520530,港股通科技ETF东财,0.822,0.8223,0.04,-0.004,-0.48,190439.0,15666645.0,0.827,0.829,0.82,0.826,1.09,8.08,0.77,-39.9,78403.0,112036.0,-1923398.0,-12.28,877515.0,5.6,-2800913.0,-17.88,550192.0,3.51,1373207.0,8.77,-1645.0,0.821,0.822,235776000.0,193807872,193807872,2026-08-27,2026-08-27 16:11:57+08:00
159228,红利低波ETF长城,1.026,1.025,-0.1,-0.005,-0.48,5870.0,598512.8,1.023,1.026,1.017,1.031,0.87,0.56,0.75,-81.2,1752.0,4118.0,-2447.0,-0.41,-17673.0,-2.95,15226.0,2.54,7461.0,1.25,-5014.0,-0.84,20.0,1.023,1.024,105212692.0,107948222,107948222,2026-08-27,2026-08-27 15:34:27+08:00
510650,金融地产ETF华夏,2.928,2.9208,-0.25,-0.014,-0.48,6276.0,1835926.0,2.945,2.945,2.9,2.942,1.53,5.25,1.3,2.51,2208.0,4068.0,101222.0,5.51,0.0,0.0,101222.0,5.51,-56261.0,-3.06,-44960.0,-2.45,-685.0,2.92,2.928,11952500.0,34996920,34996920,2026-08-27,2026-08-27 16:11:43+08:00
159109,恒生50ETF景顺,0.827,0.8276,0.07,-0.004,-0.48,100305.0,8288186.5,0.83,0.832,0.822,0.831,1.2,1.69,0.74,46.74,34850.0,65455.0,263162.0,3.18,2546659.0,30.73,-2283497.0,-27.55,234328.0,2.83,-497490.0,-6.0,10.0,0.826,0.827,593163856.0,490546509,490546509,2026-08-27,2026-08-27 15:34:51+08:00
516950,基建ETF银华,1.041,1.0399,-0.11,-0.005,-0.48,44339.0,4594716.0,1.045,1.046,1.031,1.046,1.43,4.07,0.59,8.63,16068.0,28271.0,501945.0,10.92,-91568.0,-1.99,593513.0,12.92,-167085.0,-3.64,-334859.0,-7.29,-83.0,1.039,1.041,108821000.0,113282661,113282661,2026-08-27,2026-08-27 16:11:47+08:00
159021,大盘价值ETF华夏,1.01,1.0115,0.15,-0.005,-0.49,31845.0,3208843.656,1.013,1.014,1.002,1.015,1.18,3.29,0.76,-86.05,16862.0,14983.0,610346.0,19.02,592241.0,18.46,18105.0,0.56,-585075.0,-18.23,-25272.0,-0.79,10.0,1.009,1.01,96907712.0,97876789,97876789,2026-08-27,2026-08-27 15:34:42+08:00
159399,现金流ETF国泰,1.013,1.0139,0.09,-0.005,-0.49,1669390.0,168768739.052,1.018,1.018,1.006,1.018,1.18,3.72,1.21,-41.6,550524.0,1118866.0,-5415035.0,-3.21,24053086.0,14.25,-29468121.0,-17.46,815444.0,0.48,4599591.0,2.73,-720.0,1.013,1.014,4492194816.0,4550593349,4550593349,2026-08-27,2026-08-27 15:34:39+08:00
513860,港股通科技ETF海富通,0.615,0.617,0.32,-0.003,-0.49,1264704.0,77716873.0,0.62,0.62,0.613,0.618,1.13,4.28,0.77,23.98,421787.0,842917.0,-2077208.0,-2.67,246895.0,0.32,-2324103.0,-2.99,1567417.0,2.02,509791.0,0.66,-1035.0,0.614,0.615,2954470608.0,1816999424,1816999424,2026-08-27,2026-08-27 16:11:47+08:00
159691,港股红利ETF工银,1.22,1.2236,0.29,-0.006,-0.49,1394195.0,169971847.3,1.226,1.226,1.213,1.226,1.06,3.63,0.8,-29.83,626722.0,767473.0,-625065.0,-0.37,-845211.0,-0.5,220146.0,0.13,1206069.0,0.71,-581004.0,-0.34,-541.0,1.22,1.221,3841301392.0,4686387698,4686387698,2026-08-27,2026-08-27 15:34:24+08:00
159788,港股通100ETF易方达,1.229,1.2287,-0.02,-0.006,-0.49,137600.0,16878928.5,1.235,1.239,1.222,1.235,1.38,19.54,3.39,-40.66,69861.0,67739.0,-246096.0,-1.46,0.0,0.0,-246096.0,-1.46,233510.0,1.38,12586.0,0.07,95.0,1.227,1.229,70424965.0,86552282,86552282,2026-08-27,2026-08-27 15:34:30+08:00
520940,港股通恒生ETF华安,1.009,1.01,0.1,-0.005,-0.49,98151.0,9903880.0,1.016,1.016,1.006,1.014,0.99,44.02,1.34,-14.47,45580.0,52571.0,1459.0,0.01,689615.0,6.96,-688156.0,-6.95,24547.0,0.25,-26005.0,-0.26,551.0,1.007,1.009,22297000.0,22497673,22497673,2026-08-27,2026-08-27 16:11:37+08:00
159635,基建ETF华夏,1.001,1.001,0.0,-0.005,-0.5,325664.0,32549208.5,1.0,1.004,0.993,1.006,1.09,24.89,1.24,11.48,171037.0,154627.0,371769.0,1.14,1651228.0,5.07,-1279459.0,-3.93,-335126.0,-1.03,-36643.0,-0.11,-81.0,1.001,1.003,130846980.0,130977827,130977827,2026-08-27,2026-08-27 15:34:06+08:00
159519,港股国企ETF国泰,1.788,1.7924,0.25,-0.009,-0.5,116893.0,20879517.754,1.798,1.801,1.777,1.797,1.34,20.1,1.32,40.2,61141.0,55752.0,608365.0,2.91,0.0,0.0,608365.0,2.91,389205.0,1.86,-997569.0,-4.78,50.0,1.786,1.788,58157854.0,103986243,103986243,2026-08-27,2026-08-27 15:34:06+08:00
513010,恒生科技ETF易方达,0.601,0.6006,-0.07,-0.003,-0.5,5233174.0,314700699.0,0.605,0.606,0.6,0.604,0.99,1.18,0.52,-13.71,2191096.0,3042078.0,-31134577.0,-9.89,-46513952.0,-14.78,15379375.0,4.89,23532594.0,7.48,7601983.0,2.42,-93639.0,0.6,0.601,44430307072.0,26702614550,26702614550,2026-08-27,2026-08-27 16:11:42+08:00
159607,中概互联网ETF嘉实,0.796,0.8056,1.19,-0.004,-0.5,594456.0,47374067.3,0.802,0.802,0.795,0.8,0.88,4.89,0.5,-26.44,280692.0,313764.0,-4020328.0,-8.49,-6774791.0,-14.3,2754463.0,5.81,2550241.0,5.38,1470087.0,3.1,5848.0,0.795,0.796,1216829136.0,968595992,968595992,2026-08-27,2026-08-27 15:34:15+08:00
513900,港股通100ETF华安,0.998,1.0059,0.79,-0.005,-0.5,85543.0,8550990.0,1.006,1.007,0.997,1.003,1.0,9.2,0.79,-9.22,38614.0,46929.0,-105738.0,-1.24,0.0,0.0,-105738.0,-1.24,85524.0,1.0,20214.0,0.24,-28.0,0.998,1.0,92978000.0,92792044,92792044,2026-08-27,2026-08-27 16:11:51+08:00
159605,中概互联ETF广发,0.8,0.8062,0.77,-0.004,-0.5,1159768.0,92960901.1,0.805,0.807,0.798,0.804,1.12,2.85,0.53,-50.46,468945.0,690823.0,-11218655.0,-12.07,729225.0,0.78,-11947880.0,-12.85,6327869.0,6.81,4890787.0,5.26,28877.0,0.799,0.8,4072486160.0,3257988928,3257988928,2026-08-27,2026-08-27 15:34:39+08:00
563980,800红利低波ETF鑫元,0.975,0.9737,-0.13,-0.005,-0.51,48027.0,4661471.0,0.985,0.985,0.966,0.98,1.94,2.54,0.95,13.76,25385.0,22642.0,-140607.0,-3.02,0.0,0.0,-140607.0,-3.02,-18931.0,-0.41,159539.0,3.42,-2.0,0.972,0.976,188967000.0,184242825,184242825,2026-08-27,2026-08-27 16:11:41+08:00
159875,新能源ETF嘉实,0.591,0.5906,-0.07,-0.003,-0.51,507259.0,29712391.1,0.592,0.592,0.58,0.594,2.02,2.01,0.54,13.04,252745.0,254514.0,-2156912.0,-7.26,-3841545.0,-12.93,1684633.0,5.67,987734.0,3.32,1169177.0,3.93,3220.0,0.59,0.591,2526162896.0,1492962272,1492962272,2026-08-27,2026-08-27 15:34:45+08:00
159742,恒生科技ETF博时,0.59,0.5904,0.07,-0.003,-0.51,1500418.0,88654869.8,0.594,0.595,0.589,0.593,1.01,2.39,0.85,-56.53,636108.0,864310.0,-6507817.0,-7.34,-2156343.0,-2.43,-4351474.0,-4.91,5025227.0,5.67,1482590.0,1.67,11862.0,0.589,0.59,6279928320.0,3705157709,3705157709,2026-08-27,2026-08-27 15:34:45+08:00
159220,港股通红利低波ETF华宝,0.586,0.5845,-0.26,-0.003,-0.51,161555.0,9454721.3,0.587,0.589,0.583,0.589,1.02,3.31,0.51,-17.97,72986.0,88569.0,-72875.0,-0.77,293000.0,3.1,-365875.0,-3.87,112758.0,1.19,-39883.0,-0.42,194.0,0.585,0.586,487569520.0,285715739,285715739,2026-08-27,2026-08-27 15:34:03+08:00
513580,恒生科技ETF华安,0.58,0.5849,0.84,-0.003,-0.51,732809.0,42520657.0,0.584,0.585,0.579,0.583,1.03,1.21,0.67,-48.98,242765.0,490044.0,-3806935.0,-8.95,-3461335.0,-8.14,-345600.0,-0.81,2459038.0,5.78,1347895.0,3.17,-17421.0,0.579,0.58,6064118016.0,3517188449,3517188449,2026-08-27,2026-08-27 16:11:46+08:00
159167,港股通医疗ETF工银,0.984,0.9866,0.26,-0.005,-0.51,422907.0,41342096.3,0.99,0.992,0.967,0.989,2.53,22.43,0.6,-18.58,204766.0,218141.0,2417756.0,5.85,892022.0,2.16,1525734.0,3.69,-2432529.0,-5.88,14773.0,0.04,1081.0,0.983,0.984,188549164.0,185532377,185532377,2026-08-27,2026-08-27 15:34:06+08:00
513180,恒生科技ETF华夏,0.583,0.5821,-0.15,-0.003,-0.51,16626275.0,969816016.0,0.587,0.588,0.581,0.586,1.19,2.39,0.47,-17.74,8188104.0,8438171.0,-64563294.0,-6.66,-132358400.0,-13.65,67795106.0,6.99,45328595.0,4.67,19234703.0,1.98,-480590.0,0.582,0.583,69552758784.0,40549258371,40549258371,2026-08-27,2026-08-27 16:11:47+08:00
516580,新能源ETF博时,0.587,0.5859,-0.19,-0.003,-0.51,35120.0,2050305.0,0.588,0.588,0.577,0.59,1.86,2.39,0.62,3.29,22123.0,12997.0,-83185.0,-4.06,-53567.0,-2.61,-29618.0,-1.44,59181.0,2.89,24004.0,1.17,-250.0,0.586,0.587,147124100.0,86361847,86361847,2026-08-27,2026-08-27 16:11:56+08:00
510230,金融ETF国泰,1.33,1.3257,-0.32,-0.007,-0.52,570676.0,75555228.0,1.335,1.335,1.315,1.337,1.5,9.21,0.79,-8.62,307314.0,263362.0,-21537585.0,-28.51,-14292967.0,-18.92,-7244618.0,-9.59,2716637.0,3.6,18820947.0,24.91,-2700.0,1.328,1.33,619808000.0,824344640,824344640,2026-08-27,2026-08-27 16:11:33+08:00
513750,港股通非银ETF广发,1.545,1.5459,0.06,-0.008,-0.52,3660490.0,563504055.0,1.549,1.559,1.529,1.553,1.93,4.49,1.02,-39.04,1811309.0,1849181.0,-660837.0,-0.12,-17715637.0,-3.14,17054800.0,3.03,-3721122.0,-0.66,4381951.0,0.78,-13720.0,1.544,1.545,8143837952.0,12582229636,12582229636,2026-08-27,2026-08-27 16:11:40+08:00
159711,港股通50ETF华夏,1.338,1.3349,-0.23,-0.007,-0.52,660460.0,88220954.9,1.343,1.349,1.332,1.345,1.26,216.79,1.34,10.26,324907.0,335553.0,1740198.0,1.97,0.0,0.0,1740198.0,1.97,-1567269.0,-1.78,-172929.0,-0.2,10.0,1.335,1.338,30465157.0,40762380,40762380,2026-08-27,2026-08-27 15:34:33+08:00
513020,港股科技ETF国泰,0.961,0.9614,0.04,-0.005,-0.52,782769.0,75190728.0,0.969,0.971,0.958,0.966,1.35,3.4,0.43,23.78,328033.0,454736.0,-2239895.0,-2.98,-5629289.0,-7.49,3389394.0,4.51,1795386.0,2.39,444508.0,0.59,-5208.0,0.96,0.961,2299145408.0,2209478737,2209478737,2026-08-27,2026-08-27 16:11:49+08:00
562510,旅游ETF华夏,0.574,0.5738,-0.03,-0.003,-0.52,770509.0,44151916.0,0.576,0.576,0.57,0.577,1.04,7.21,1.3,12.85,410680.0,359829.0,-3277988.0,-7.42,-5934082.0,-13.44,2656094.0,6.02,2450859.0,5.55,827129.0,1.87,-13367.0,0.574,0.575,1068095008.0,613086535,613086535,2026-08-27,2026-08-27 16:11:41+08:00
159740,恒生科技ETF大成,0.575,0.5755,0.09,-0.003,-0.52,9519129.0,547926871.62,0.58,0.58,0.574,0.578,1.04,3.73,0.82,-40.97,3847527.0,5671602.0,-33383368.0,-6.09,-23895728.0,-4.36,-9487640.0,-1.73,24727785.0,4.51,8655577.0,1.58,164340.0,0.574,0.575,25488120576.0,14655669331,14655669331,2026-08-27,2026-08-27 15:34:45+08:00
513210,恒生ETF易方达,1.514,1.516,0.13,-0.008,-0.53,29733.0,4494995.0,1.527,1.527,1.508,1.522,1.25,6.77,1.02,37.16,15079.0,14654.0,454535.0,10.11,0.0,0.0,454535.0,10.11,-750942.0,-16.71,296406.0,6.59,-1330.0,1.513,1.514,43942000.0,66528188,66528188,2026-08-27,2026-08-27 16:11:41+08:00
513220,中概互联ETF招商,0.944,0.952,0.84,-0.005,-0.53,119874.0,11327616.0,0.949,0.949,0.943,0.949,0.63,2.3,0.48,-28.01,40398.0,79476.0,-321681.0,-2.84,-1118657.0,-9.88,796976.0,7.04,-163376.0,-1.44,485057.0,4.28,-725.0,0.944,0.945,521109408.0,491927281,491927281,2026-08-27,2026-08-27 16:11:54+08:00
513990,港股通ETF招商,1.12,1.1301,0.89,-0.006,-0.53,93535.0,10485867.0,1.124,1.131,1.118,1.126,1.15,21.26,0.78,-20.46,46441.0,47094.0,-4115.0,-0.04,-451121.0,-4.3,447006.0,4.26,-62414.0,-0.6,66530.0,0.63,-1814.0,1.12,1.123,44000000.0,49280000,49280000,2026-08-27,2026-08-27 16:11:56+08:00
513330,恒生互联网ETF华夏,0.372,0.3707,-0.35,-0.002,-0.53,15373360.0,573008981.0,0.375,0.375,0.371,0.374,1.07,2.24,0.49,-33.21,6764491.0,8608869.0,-34232690.0,-5.97,-68171744.0,-11.9,33939054.0,5.92,25341254.0,4.42,8891435.0,1.55,-609042.0,0.372,0.373,68731482112.0,25568111346,25568111346,2026-08-27,2026-08-27 16:11:41+08:00
512530,沪深300红利ETF建信,1.646,1.648,0.12,-0.009,-0.54,38340.0,6298233.0,1.652,1.655,1.633,1.655,1.33,3.93,0.75,15.04,24144.0,14196.0,687458.0,10.92,1641800.0,26.07,-954342.0,-15.15,-619688.0,-9.84,-67770.0,-1.08,1.0,1.646,1.649,97502000.0,160488292,160488292,2026-08-27,2026-08-27 16:11:49+08:00
159525,红利低波ETF富国,1.105,1.105,0.0,-0.006,-0.54,191750.0,21120449.1,1.111,1.111,1.094,1.111,1.53,4.21,0.92,-75.99,93999.0,97751.0,199066.0,0.94,-2020919.0,-9.57,2219985.0,10.51,-1107543.0,-5.24,908477.0,4.3,-403.0,1.105,1.106,455743744.0,503596837,503596837,2026-08-27,2026-08-27 15:34:24+08:00
560520,红利低波100ETF大成,1.098,1.098,0.0,-0.006,-0.54,1579.0,172861.0,1.103,1.103,1.092,1.104,1.0,0.31,0.18,3.62,911.0,668.0,-77513.0,-44.84,0.0,0.0,-77513.0,-44.84,-56901.0,-32.92,134414.0,77.76,2.0,1.096,1.098,51751000.0,56822598,56822598,2026-08-27,2026-08-27 16:11:43+08:00
520850,港股通医疗ETF易方达,0.925,0.9244,-0.06,-0.005,-0.54,417009.0,38341548.0,0.939,0.94,0.909,0.93,3.33,29.11,0.68,10.74,201612.0,215397.0,-280396.0,-0.73,166069.0,0.43,-446465.0,-1.16,-388397.0,-1.01,668792.0,1.74,-508.0,0.924,0.925,143249600.0,132505880,132505880,2026-08-27,2026-08-27 16:11:40+08:00
513320,港股通新经济ETF易方达,1.092,1.0924,0.04,-0.006,-0.55,272299.0,29749077.0,1.101,1.104,1.089,1.098,1.37,29.92,2.3,3.48,135195.0,137104.0,-642406.0,-2.16,983881.0,3.31,-1626287.0,-5.47,513202.0,1.73,129204.0,0.43,-32.0,1.092,1.093,91010600.0,99383575,99383575,2026-08-27,2026-08-27 16:11:45+08:00
517090,央企共赢ETF国泰,1.596,1.5994,0.21,-0.009,-0.56,35564.0,5668942.0,1.6,1.6,1.587,1.605,0.81,6.46,1.51,-2.04,16350.0,19214.0,394860.0,6.97,0.0,0.0,394860.0,6.97,-352861.0,-6.22,-41999.0,-0.74,-685.0,1.596,1.599,55075000.0,87899700,87899700,2026-08-27,2026-08-27 16:11:58+08:00
159751,港股通科技ETF鹏华,0.894,0.8959,0.21,-0.005,-0.56,190403.0,17047033.4,0.9,0.902,0.893,0.899,1.0,2.15,0.65,-21.14,81724.0,108679.0,-1664247.0,-9.76,-715199.0,-4.2,-949048.0,-5.57,1584517.0,9.29,79731.0,0.47,-921.0,0.894,0.895,883629632.0,789964891,789964891,2026-08-27,2026-08-27 15:34:36+08:00
159719,国企ETF平安,1.603,1.6071,0.26,-0.009,-0.56,17844.0,2864920.8,1.609,1.609,1.595,1.612,0.87,6.81,0.82,13.37,8087.0,9757.0,10323.0,0.36,0.0,0.0,10323.0,0.36,-63028.0,-2.2,52706.0,1.84,-311.0,1.605,1.609,26195986.0,41992166,41992166,2026-08-27,2026-08-27 15:34:12+08:00
159149,创业板新能源ETF工银,0.865,0.8622,-0.32,-0.005,-0.57,69827.0,5971899.5,0.86,0.865,0.845,0.87,2.3,13.3,0.98,-16.66,39567.0,30260.0,-41003.0,-0.69,44245.0,0.74,-85248.0,-1.43,-54128.0,-0.91,95130.0,1.59,10.0,0.862,0.865,52515298.0,45425733,45425733,2026-08-27,2026-08-27 15:34:39+08:00
159307,红利低波100ETF博时,1.027,1.0275,0.05,-0.006,-0.58,1220202.0,124940963.1,1.031,1.032,1.02,1.033,1.16,1.71,1.51,-41.55,581220.0,638982.0,-27827266.0,-22.27,-50303789.0,-40.26,22476523.0,17.99,15564006.0,12.46,12263259.0,9.82,2216.0,1.026,1.027,7122903552.0,7315221948,7315221948,2026-08-27,2026-08-27 15:34:21+08:00
563690,红利低波ETF永赢,1.023,1.0229,-0.01,-0.006,-0.58,25353.0,2589868.0,1.031,1.031,1.012,1.029,1.85,7.27,1.46,19.07,11125.0,14228.0,-109384.0,-4.22,0.0,0.0,-109384.0,-4.22,20424.0,0.79,88960.0,3.43,2.0,1.022,1.023,34882000.0,35684286,35684286,2026-08-27,2026-08-27 16:11:39+08:00
159147,电池ETF南方,0.859,0.8571,-0.22,-0.005,-0.58,311016.0,26362864.5,0.859,0.864,0.838,0.864,3.01,1.5,0.72,58.58,141581.0,169435.0,-2925494.0,-11.1,-1979332.0,-7.51,-946162.0,-3.59,1508901.0,5.72,1416593.0,5.37,278.0,0.858,0.859,2069409552.0,1777622805,1777622805,2026-08-27,2026-08-27 15:34:06+08:00
159365,恒指港股通ETF富国,1.005,1.0068,0.18,-0.006,-0.59,7015.0,703639.7,1.011,1.011,1.002,1.011,0.89,1.52,0.71,30.54,1416.0,5599.0,-71355.0,-10.14,0.0,0.0,-71355.0,-10.14,62158.0,8.83,9196.0,1.31,8.0,1.003,1.005,46162398.0,46393210,46393210,2026-08-27,2026-08-27 15:34:39+08:00
159160,电池ETF东财,0.842,0.8411,-0.11,-0.005,-0.59,188544.0,15706641.631,0.846,0.846,0.823,0.847,2.72,8.74,1.29,-47.14,66826.0,121718.0,-3071449.0,-19.56,244944.0,1.56,-3316393.0,-21.11,380709.0,2.42,2690742.0,17.13,2836.0,0.841,0.842,215819254.0,181719812,181719812,2026-08-27,2026-08-27 15:34:00+08:00
560410,电池ETF鹏华,0.845,0.8452,0.02,-0.005,-0.59,11744.0,981019.0,0.849,0.85,0.829,0.85,2.47,1.96,1.09,9.07,6996.0,4748.0,-246727.0,-25.15,-127967.0,-13.04,-118760.0,-12.11,31271.0,3.19,215456.0,21.96,-120.0,0.844,0.845,59786100.0,50519255,50519255,2026-08-27,2026-08-27 16:11:39+08:00
515790,光伏ETF华泰柏瑞,0.846,0.846,0.0,-0.005,-0.59,1584710.0,132826900.0,0.849,0.849,0.829,0.851,2.35,2.62,0.95,-20.8,705865.0,878845.0,-17552510.0,-13.21,-13277250.0,-10.0,-4275260.0,-3.22,6791610.0,5.11,10760900.0,8.1,-8035.0,0.845,0.846,6037494016.0,5107719938,5107719938,2026-08-27,2026-08-27 16:11:51+08:00
159067,绿色电力ETF鹏华,1.015,1.0181,0.3,-0.006,-0.59,2647.0,267757.0,1.023,1.023,1.007,1.021,1.57,1.27,0.6,-81.53,970.0,1677.0,230329.0,86.02,0.0,0.0,230329.0,86.02,-237434.0,-88.68,7103.0,2.65,-10.0,1.006,1.019,20908737.0,21222368,21222368,2026-08-27,2026-08-27 15:34:09+08:00
159117,港股通红利低波ETF鹏华,1.012,1.0135,0.15,-0.006,-0.59,54978.0,5564612.512,1.016,1.018,1.009,1.018,0.88,8.95,2.25,-25.18,26456.0,28522.0,21382.0,0.38,0.0,0.0,21382.0,0.38,38237.0,0.69,-59619.0,-1.07,-20.0,1.011,1.014,61401153.0,62137967,62137967,2026-08-27,2026-08-27 15:34:18+08:00
159549,红利低波ETF天弘,1.186,1.1874,0.12,-0.007,-0.59,58317.0,6907176.9,1.192,1.192,1.178,1.193,1.17,0.12,0.76,-62.11,20614.0,37703.0,-11545.0,-0.17,1158510.0,16.77,-1170055.0,-16.94,-153448.0,-2.22,164993.0,2.39,373.0,1.185,1.186,4777523968.0,5666143426,5666143426,2026-08-27,2026-08-27 15:34:09+08:00
159609,光伏ETF浦银,0.493,0.4927,-0.06,-0.003,-0.6,114269.0,5588765.4,0.495,0.495,0.484,0.496,2.22,3.75,1.02,-38.82,41177.0,73092.0,-646523.0,-11.57,-261255.0,-4.67,-385268.0,-6.89,326254.0,5.84,320270.0,5.73,-131.0,0.493,0.494,304903408.0,150317380,150317380,2026-08-27,2026-08-27 15:34:42+08:00
560720,红利低波100ETF工银,0.984,0.9843,0.03,-0.006,-0.61,30012.0,2947113.0,0.988,0.988,0.977,0.99,1.11,2.98,0.83,4.2,14337.0,15675.0,304471.0,10.33,546795.0,18.55,-242324.0,-8.22,-333174.0,-11.31,28702.0,0.97,3.0,0.982,0.985,100548000.0,98939232,98939232,2026-08-27,2026-08-27 16:11:48+08:00
159933,金融地产ETF国投瑞银,2.915,2.9209,0.2,-0.018,-0.61,1992.0,579516.2,2.918,2.919,2.892,2.933,0.92,0.55,1.91,0.83,75.0,1917.0,4217.0,0.73,0.0,0.0,4217.0,0.73,57337.0,9.89,-61553.0,-10.62,-100.0,2.915,2.921,36378943.0,106044619,106044619,2026-08-27,2026-08-27 15:34:06+08:00
513160,港股科技ETF银华,0.962,0.9623,0.03,-0.006,-0.62,1088397.0,104884293.0,0.971,0.972,0.961,0.968,1.14,3.41,0.64,-8.02,456346.0,632051.0,-4628352.0,-4.41,-5636045.0,-5.37,1007693.0,0.96,2202201.0,2.1,2426150.0,2.31,-9476.0,0.962,0.963,3194189296.0,3072810103,3072810103,2026-08-27,2026-08-27 16:11:57+08:00
159271,恒生ETF鹏华,0.963,0.966,0.31,-0.006,-0.62,203375.0,19562954.9,0.969,0.976,0.96,0.969,1.65,7.9,3.46,54.5,70382.0,132993.0,10511558.0,53.73,6776482.0,34.64,3735076.0,19.09,-10674209.0,-54.56,162650.0,0.83,23.0,0.962,0.963,257386731.0,247863422,247863422,2026-08-27,2026-08-27 15:34:51+08:00
513810,港股国企ETF华夏,1.755,1.7597,0.27,-0.011,-0.62,129401.0,22678333.0,1.765,1.769,1.744,1.766,1.42,30.82,1.17,10.31,59752.0,69649.0,1437399.0,6.34,0.0,0.0,1437399.0,6.34,-414307.0,-1.83,-1023092.0,-4.51,-40.0,1.755,1.758,41992000.0,73695960,73695960,2026-08-27,2026-08-27 16:11:39+08:00
513620,港股医疗ETF银华,1.128,1.1291,0.1,-0.007,-0.62,323998.0,36251761.0,1.14,1.14,1.11,1.135,2.64,54.71,0.93,40.91,170745.0,153253.0,1301862.0,3.59,-740848.0,-2.04,2042710.0,5.63,-1160668.0,-3.2,-141195.0,-0.39,-1781.0,1.127,1.128,59216000.0,66795648,66795648,2026-08-27,2026-08-27 16:11:43+08:00
159126,港股通50ETF南方,0.944,0.9453,0.14,-0.006,-0.63,50172.0,4738022.642,0.951,0.951,0.942,0.95,0.95,2.2,0.77,31.88,17320.0,32852.0,43798.0,0.92,541207.0,11.42,-497409.0,-10.5,-38445.0,-0.81,-5353.0,-0.11,-23.0,0.944,0.945,227616546.0,214870019,214870019,2026-08-27,2026-08-27 15:34:21+08:00
561320,交运ETF国泰,0.95,0.9501,0.01,-0.006,-0.63,11925.0,1129430.0,0.954,0.956,0.941,0.956,1.57,3.47,0.7,1.2,5343.0,6582.0,194978.0,17.26,-486.0,-0.04,195464.0,17.31,-148839.0,-13.18,-46139.0,-4.09,9.0,0.947,0.95,34369000.0,32650550,32650550,2026-08-27,2026-08-27 16:11:42+08:00
159831,金ETF嘉实,9.538,9.5353,-0.03,-0.06,-0.63,174522.0,167260542.6,9.576,9.63,9.537,9.598,0.97,7.64,0.94,-35.15,83834.0,90688.0,-2274540.0,-1.36,890175.0,0.53,-3164715.0,-1.89,-828384.0,-0.5,3102923.0,1.86,179.0,9.537,9.538,228356243.0,2178061846,2178061846,2026-08-27,2026-08-27 15:34:33+08:00
159191,港股通科技ETF易方达,0.928,0.9274,-0.06,-0.006,-0.64,17463.0,1619218.1,0.934,0.949,0.923,0.934,2.78,2.53,0.35,-12.37,9027.0,8436.0,-167947.0,-10.37,-185400.0,-11.45,17453.0,1.08,141926.0,8.77,26021.0,1.61,74.0,0.926,0.928,69104851.0,64129302,64129302,2026-08-27,2026-08-27 15:34:48+08:00
159812,黄金ETF前海开源,9.41,9.4072,-0.03,-0.061,-0.64,54999.0,51976561.8,9.449,9.505,9.41,9.471,1.0,3.38,1.14,-23.84,24701.0,30298.0,5081217.0,9.78,4015817.0,7.73,1065400.0,2.05,-4701983.0,-9.05,-379234.0,-0.73,106.0,9.409,9.41,162913149.0,1533012732,1533012732,2026-08-27,2026-08-27 15:34:39+08:00
518680,金ETF富国,9.895,9.8884,-0.07,-0.064,-0.64,350202.0,347986545.0,9.938,9.989,9.895,9.959,0.94,4.5,0.89,7.61,164726.0,185476.0,10324605.0,2.97,-5473242.0,-1.57,15797847.0,4.54,-12156426.0,-3.49,1831821.0,0.53,-721.0,9.894,9.895,779069504.0,7708892742,7708892742,2026-08-27,2026-08-27 16:11:39+08:00
159712,港股通50ETF国泰,1.242,1.2428,0.06,-0.008,-0.64,41806.0,5190566.1,1.249,1.251,1.238,1.25,1.04,4.93,0.4,-28.46,21598.0,20208.0,-33808.0,-0.65,51292.0,0.99,-85100.0,-1.64,-13618.0,-0.26,47425.0,0.91,3.0,1.238,1.242,84778813.0,105295286,105295286,2026-08-27,2026-08-27 15:34:24+08:00
515480,红利低波100ETF南方,1.062,1.0633,0.12,-0.007,-0.65,17623.0,1868269.0,1.07,1.07,1.056,1.069,1.31,6.95,0.5,-10.5,8955.0,8668.0,-115851.0,-6.2,0.0,0.0,-115851.0,-6.2,14799.0,0.79,101051.0,5.41,51.0,1.061,1.063,25340700.0,26911823,26911823,2026-08-27,2026-08-27 16:11:57+08:00
512140,电力ETF华安,0.916,0.9176,0.17,-0.006,-0.65,70360.0,6424169.0,0.922,0.922,0.909,0.922,1.41,4.85,0.91,-8.36,26407.0,43953.0,-635966.0,-9.9,448597.0,6.98,-1084563.0,-16.88,414606.0,6.45,221361.0,3.45,-1125.0,0.916,0.917,145049000.0,132864884,132864884,2026-08-27,2026-08-27 16:11:35+08:00
562060,标普A股红利ETF华宝,0.613,0.6126,-0.07,-0.004,-0.65,757157.0,46251059.0,0.616,0.617,0.607,0.617,1.62,1.48,1.23,8.2,326008.0,431149.0,-1924323.0,-4.16,-622920.0,-1.35,-1301403.0,-2.81,1039295.0,2.25,885029.0,1.91,-111.0,0.612,0.613,5127792640.0,3143336888,3143336888,2026-08-27,2026-08-27 16:11:52+08:00
560460,电力ETF平安,0.901,0.9031,0.23,-0.006,-0.66,40849.0,3674102.0,0.907,0.907,0.894,0.907,1.43,1.4,0.8,4.99,15994.0,24855.0,7226.0,0.2,-27768.0,-0.76,34994.0,0.95,-103954.0,-2.83,96728.0,2.63,-180.0,0.901,0.903,291537008.0,262674844,262674844,2026-08-27,2026-08-27 16:11:40+08:00
159547,红利低波ETF华夏,1.21,1.2117,0.14,-0.008,-0.66,1052817.0,126885906.116,1.215,1.215,1.199,1.218,1.31,8.28,1.03,-77.64,520677.0,532140.0,-2569006.0,-2.02,-11883010.0,-9.37,9314004.0,7.34,1609255.0,1.27,959751.0,0.76,715.0,1.209,1.21,1270786080.0,1537651157,1537651157,2026-08-27,2026-08-27 15:34:24+08:00
159688,恒生互联网ETF华安,0.755,0.7546,-0.05,-0.005,-0.66,639480.0,48356478.4,0.761,0.762,0.754,0.76,1.05,4.78,0.58,11.59,300086.0,339394.0,-4478040.0,-9.26,-1596159.0,-3.3,-2881881.0,-5.96,2373384.0,4.91,2104657.0,4.35,3732.0,0.754,0.755,1338278480.0,1010400252,1010400252,2026-08-27,2026-08-27 15:34:21+08:00
510900,恒生中国企业ETF易方达,1.048,1.0478,-0.02,-0.007,-0.66,494941.0,51849436.0,1.056,1.057,1.043,1.055,1.33,1.53,0.54,-41.76,193380.0,301561.0,-3069551.0,-5.92,-1516080.0,-2.92,-1553471.0,-3.0,1756882.0,3.39,1312668.0,2.53,-529.0,1.047,1.048,3238021904.0,3393446955,3393446955,2026-08-27,2026-08-27 16:11:38+08:00
512890,红利低波ETF华泰柏瑞,1.183,1.1841,0.09,-0.008,-0.67,9277138.0,1094747351.0,1.189,1.189,1.172,1.191,1.43,3.31,1.31,-18.49,4268341.0,5008797.0,-74180704.0,-6.78,-181785088.0,-16.61,107604384.0,9.83,40271570.0,3.68,33909145.0,3.1,-37906.0,1.182,1.183,28066110720.0,33202208982,33202208982,2026-08-27,2026-08-27 16:11:34+08:00
561910,电池ETF招商,0.729,0.729,0.0,-0.005,-0.68,1657669.0,119685571.0,0.731,0.733,0.713,0.734,2.72,3.58,1.45,-10.0,544990.0,1112679.0,3169144.0,2.65,8035261.0,6.71,-4866117.0,-4.07,-4196513.0,-3.51,1027370.0,0.86,-9426.0,0.729,0.73,4630076672.0,3375325894,3375325894,2026-08-27,2026-08-27 16:11:52+08:00
513600,恒生指数ETF南方,2.782,2.7822,0.01,-0.019,-0.68,206467.0,57452567.0,2.804,2.806,2.774,2.801,1.14,3.39,0.62,10.67,84056.0,122411.0,-4080329.0,-7.1,-640993.0,-1.12,-3439336.0,-5.99,1523900.0,2.65,2556429.0,4.45,-2120.0,2.782,2.783,609829504.0,1696545680,1696545680,2026-08-27,2026-08-27 16:11:55+08:00
512750,基本面50ETF嘉实,1.451,1.4515,0.03,-0.01,-0.68,31946.0,4630669.0,1.458,1.459,1.443,1.461,1.1,6.86,1.61,5.92,17506.0,14440.0,351283.0,7.59,0.0,0.0,351283.0,7.59,-290311.0,-6.27,-60971.0,-1.32,-1.0,1.451,1.452,46554900.0,67551160,67551160,2026-08-27,2026-08-27 16:11:44+08:00
563020,红利低波ETF易方达,1.176,1.1769,0.08,-0.008,-0.68,3970039.0,465658349.0,1.18,1.181,1.165,1.184,1.35,3.63,1.64,-23.09,2235698.0,1734341.0,-70314966.0,-15.1,-64332282.0,-13.82,-5982684.0,-1.28,50330209.0,10.81,19984757.0,4.29,-6791.0,1.176,1.177,10926909952.0,12850046104,12850046104,2026-08-27,2026-08-27 16:11:42+08:00
518890,上海金ETF中银,9.467,9.4545,-0.13,-0.065,-0.68,126914.0,120647476.0,9.502,9.556,9.463,9.532,0.98,3.34,1.29,-12.28,57708.0,69206.0,7596496.0,6.3,5920416.0,4.91,1676080.0,1.39,-6251981.0,-5.18,-1344514.0,-1.11,-44.0,9.467,9.47,380054800.0,3597978792,3597978792,2026-08-27,2026-08-27 16:11:57+08:00
159187,创业板新能源ETF景顺,0.858,0.8563,-0.2,-0.006,-0.69,26319.0,2233964.964,0.863,0.863,0.84,0.864,2.66,4.95,0.55,-21.54,9186.0,17133.0,-145701.0,-6.52,28234.0,1.26,-173935.0,-7.79,75237.0,3.37,70464.0,3.15,-11.0,0.858,0.86,53176266.0,45625236,45625236,2026-08-27,2026-08-27 15:34:03+08:00
159960,恒生中国企业ETF平安,0.858,0.8608,0.33,-0.006,-0.69,141138.0,12084685.2,0.864,0.865,0.853,0.864,1.39,13.63,0.7,-92.62,41216.0,99922.0,129143.0,1.07,341849.0,2.83,-212706.0,-1.76,-92886.0,-0.77,-36258.0,-0.3,10.0,0.857,0.858,103573960.0,88866458,88866458,2026-08-27,2026-08-27 15:34:51+08:00
159207,高股息ETF广发,1.148,1.1483,0.03,-0.008,-0.69,678066.0,77718923.2,1.153,1.153,1.14,1.156,1.12,3.09,0.77,67.12,353911.0,324155.0,-6287715.0,-8.09,-13054048.0,-16.8,6766333.0,8.71,2298285.0,2.96,3989430.0,5.13,-2247.0,1.148,1.149,2194483344.0,2519266879,2519266879,2026-08-27,2026-08-27 15:34:57+08:00
159052,新能源电池ETF嘉实,0.863,0.8614,-0.19,-0.006,-0.69,44783.0,3822494.04,0.86,0.863,0.845,0.869,2.07,2.3,1.17,-17.13,20348.0,24435.0,-613421.0,-16.05,-235420.0,-6.16,-378001.0,-9.89,209010.0,5.47,404410.0,10.58,921.0,0.862,0.863,194926092.0,168221217,168221217,2026-08-27,2026-08-27 15:34:54+08:00
518600,金ETF广发,9.844,9.838,-0.06,-0.068,-0.69,350855.0,347021209.0,9.889,9.939,9.842,9.912,0.98,4.32,0.79,-17.46,170895.0,179960.0,4112803.0,1.19,7010528.0,2.02,-2897725.0,-0.84,-14242467.0,-4.1,10129664.0,2.92,-1254.0,9.843,9.844,811516304.0,7988566497,7988566497,2026-08-27,2026-08-27 16:11:52+08:00
518800,黄金ETF国泰,9.903,9.8983,-0.05,-0.069,-0.69,648061.0,644958844.0,9.962,9.999,9.902,9.972,0.97,1.73,0.68,11.94,304939.0,343121.0,18002247.0,2.79,-6611608.0,-1.03,24613855.0,3.82,-5674677.0,-0.88,-12327569.0,-1.91,-1497.0,9.903,9.904,3747679200.0,37113267118,37113267118,2026-08-27,2026-08-27 16:11:43+08:00
159934,黄金ETF易方达,9.868,9.8704,0.02,-0.07,-0.7,1341400.0,1329642253.277,9.921,9.965,9.868,9.938,0.98,3.44,0.96,-65.04,637288.0,704112.0,11067697.0,0.83,117031457.0,8.8,-105963760.0,-7.97,-10938864.0,-0.82,-128828.0,-0.01,6455.0,9.867,9.868,3901408992.0,38499103933,38499103933,2026-08-27,2026-08-27 15:34:09+08:00
159830,金ETF天弘,9.868,9.867,-0.01,-0.07,-0.7,97144.0,96314542.2,9.905,9.963,9.865,9.938,0.99,2.76,0.78,-69.44,44522.0,52622.0,3734559.0,3.88,-2860570.0,-2.97,6595129.0,6.85,-3160593.0,-3.28,-573967.0,-0.6,-66.0,9.868,9.872,352414064.0,3477621984,3477621984,2026-08-27,2026-08-27 15:34:30+08:00
526070,恒指港股通ETF博时,0.995,0.9982,0.32,-0.007,-0.7,33297.0,3316549.0,1.001,1.001,0.994,1.002,0.7,6.36,0.68,-40.01,10029.0,23268.0,-64350.0,-1.94,0.0,0.0,-64350.0,-1.94,16614.0,0.5,47736.0,1.44,-363.0,0.995,0.997,52377000.0,52115115,52115115,2026-08-27,2026-08-27 16:11:45+08:00
159666,交通运输ETF华夏,0.986,0.9869,0.09,-0.007,-0.7,197552.0,19442838.8,0.994,0.994,0.978,0.993,1.61,14.13,1.07,22.06,96153.0,101399.0,197468.0,1.02,-524465.0,-2.7,721933.0,3.71,-418105.0,-2.15,220637.0,1.13,1.0,0.985,0.986,139832905.0,137875244,137875244,2026-08-27,2026-08-27 15:34:00+08:00
159137,港股通医疗ETF华宝,0.996,0.9976,0.16,-0.007,-0.7,1055545.0,104573540.9,1.006,1.008,0.981,1.003,2.69,66.96,0.81,-67.02,524547.0,530998.0,2319705.0,2.22,-5620605.0,-5.37,7940310.0,7.59,-2873971.0,-2.75,554266.0,0.53,-1601.0,0.996,0.997,157632607.0,157002077,157002077,2026-08-27,2026-08-27 15:34:54+08:00
159071,新能源电池ETF华宝,0.849,0.8484,-0.07,-0.006,-0.7,75722.0,6368007.185,0.855,0.855,0.832,0.855,2.69,6.31,0.81,6.28,43746.0,31976.0,-167342.0,-2.63,0.0,0.0,-167342.0,-2.63,138181.0,2.17,29162.0,0.46,-15.0,0.849,0.85,119911738.0,101805066,101805066,2026-08-27,2026-08-27 15:34:57+08:00
159662,交运ETF南方,0.986,0.9873,0.13,-0.007,-0.7,29794.0,2931481.1,0.994,0.994,0.978,0.993,1.61,3.5,0.46,-58.35,13891.0,15903.0,241395.0,8.23,0.0,0.0,241395.0,8.23,-242527.0,-8.27,1132.0,0.04,-200.0,0.986,0.987,85113946.0,83922351,83922351,2026-08-27,2026-08-27 15:34:09+08:00
159305,储能电池ETF广发,0.837,0.8371,0.01,-0.006,-0.71,515584.0,42724030.6,0.84,0.845,0.818,0.843,3.2,4.4,1.07,45.0,292505.0,223079.0,-8212204.0,-19.22,-5147783.0,-12.05,-3064421.0,-7.17,6564245.0,15.36,1647959.0,3.86,-786.0,0.837,0.838,1172640304.0,981499934,981499934,2026-08-27,2026-08-27 15:34:21+08:00
563590,A500红利低波动ETF国寿,0.983,0.9818,-0.12,-0.007,-0.71,151.0,14779.0,0.99,0.99,0.977,0.99,1.31,0.02,0.11,11.9,37.0,114.0,293.0,1.98,0.0,0.0,293.0,1.98,0.0,0.0,-294.0,-1.99,2.0,0.981,0.985,61944400.0,60891345,60891345,2026-08-27,2026-08-27 16:11:52+08:00
520510,港股通医疗ETF华夏,0.977,0.9736,-0.35,-0.007,-0.71,4613480.0,446540260.0,0.983,0.987,0.959,0.984,2.85,189.29,1.03,-4.91,2387694.0,2225786.0,15040066.0,3.37,4578264.0,1.03,10461802.0,2.34,-12937865.0,-2.9,-2102202.0,-0.47,-2684.0,0.977,0.978,243728000.0,238122256,238122256,2026-08-27,2026-08-27 16:11:50+08:00
159726,港股通高股息ETF华夏,1.374,1.3759,0.14,-0.01,-0.72,57225.0,7854416.3,1.39,1.39,1.368,1.384,1.59,2.22,1.17,-37.4,18690.0,38535.0,1052949.0,13.41,2302906.0,29.32,-1249957.0,-15.91,-752488.0,-9.58,-300462.0,-3.83,40.0,1.373,1.374,257911380.0,354370236,354370236,2026-08-27,2026-08-27 15:34:27+08:00
159077,电池ETF鑫元,0.961,0.9603,-0.07,-0.007,-0.72,35159.0,3338406.038,0.959,0.961,0.94,0.968,2.17,8.52,1.31,-75.61,16369.0,18790.0,-63711.0,-1.91,284046.0,8.51,-347757.0,-10.42,-198789.0,-5.95,262501.0,7.86,193.0,0.955,0.961,41242574.0,39634114,39634114,2026-08-27,2026-08-27 15:34:18+08:00
518860,上海金ETF建信,9.464,9.4564,-0.08,-0.07,-0.73,72235.0,68718823.0,9.507,9.559,9.463,9.534,1.01,1.55,0.98,-40.21,32716.0,39519.0,1882787.0,2.74,-132508.0,-0.19,2015295.0,2.93,-1677657.0,-2.44,-205130.0,-0.3,-11.0,9.464,9.467,467259808.0,4422146823,4422146823,2026-08-27,2026-08-27 16:11:56+08:00
159937,黄金ETF博时,9.422,9.4219,0.0,-0.069,-0.73,1225416.0,1159220229.748,9.472,9.515,9.422,9.491,0.98,2.58,1.19,-81.29,621867.0,603549.0,25811360.0,2.23,-39439568.0,-3.4,65250928.0,5.63,-10205318.0,-0.88,-15606047.0,-1.35,2006.0,9.421,9.422,4741221888.0,44671792629,44671792629,2026-08-27,2026-08-27 15:34:39+08:00
520580,新兴亚洲ETF招商,0.954,0.9578,0.4,-0.007,-0.73,44010.0,4197400.0,0.961,0.961,0.952,0.961,0.94,1.51,1.04,-6.51,17401.0,26609.0,-618666.0,-14.74,-535008.0,-12.75,-83658.0,-1.99,322384.0,7.68,296283.0,7.06,-263.0,0.954,0.955,290983904.0,277598644,277598644,2026-08-27,2026-08-27 16:11:52+08:00
159850,恒生国企ETF华夏,0.82,0.822,0.24,-0.006,-0.73,85471.0,7010358.439,0.826,0.828,0.816,0.826,1.45,1.88,0.88,6.94,55214.0,30257.0,-170850.0,-2.44,-182133.0,-2.6,11283.0,0.16,7918.0,0.11,162931.0,2.32,-116.0,0.82,0.821,454706496.0,372859327,372859327,2026-08-27,2026-08-27 15:34:15+08:00
518850,黄金ETF华夏,9.541,9.5344,-0.07,-0.07,-0.73,645958.0,618955650.0,9.601,9.635,9.541,9.611,0.98,3.46,0.78,-17.62,291992.0,353966.0,3082514.0,0.5,-18319682.0,-2.96,21402196.0,3.46,-11634022.0,-1.88,8551509.0,1.38,-3716.0,9.54,9.541,1867878704.0,17821430715,17821430715,2026-08-27,2026-08-27 16:11:48+08:00
518660,黄金ETF工银,9.475,9.469,-0.06,-0.07,-0.73,346630.0,329990574.0,9.539,9.57,9.475,9.545,1.0,3.61,0.88,9.4,169717.0,176913.0,13757782.0,4.17,8312483.0,2.52,5445299.0,1.65,7940182.0,2.41,-21697965.0,-6.58,-918.0,9.475,9.476,961052704.0,9105974370,9105974370,2026-08-27,2026-08-27 16:11:34+08:00
159954,恒生中国企业ETF南方,0.925,0.925,0.0,-0.007,-0.75,23365.0,2164684.9,0.933,0.935,0.922,0.932,1.39,1.26,0.99,4.7,14297.0,9068.0,90839.0,4.2,926714.0,42.81,-835875.0,-38.61,-215950.0,-9.98,125110.0,5.78,-107.0,0.925,0.927,186105083.0,172147202,172147202,2026-08-27,2026-08-27 15:34:48+08:00
513630,港股低波红利ETF摩根,1.593,1.591,-0.13,-0.012,-0.75,1139018.0,181487699.0,1.604,1.605,1.588,1.605,1.06,1.53,0.71,-66.46,451379.0,687639.0,-3514655.0,-1.94,8059636.0,4.44,-11574291.0,-6.38,-2445950.0,-1.35,5960606.0,3.28,-810.0,1.593,1.594,7442359040.0,11855677951,11855677951,2026-08-27,2026-08-27 16:11:33+08:00
159618,光伏ETF华安,0.665,0.6658,0.12,-0.005,-0.75,19679.0,1298492.2,0.666,0.667,0.654,0.67,1.94,2.58,1.05,26.41,6124.0,13555.0,-352287.0,-27.13,4605.0,0.35,-356892.0,-27.49,177905.0,13.7,174381.0,13.43,-20.0,0.665,0.667,76131407.0,50627386,50627386,2026-08-27,2026-08-27 15:34:30+08:00
518880,黄金ETF华安,9.446,9.438,-0.08,-0.071,-0.75,5729584.0,5438577528.0,9.504,9.54,9.445,9.517,1.0,4.91,0.76,-63.23,2690537.0,3039047.0,-221585312.0,-4.07,-413108016.0,-7.6,191522704.0,3.52,100233200.0,1.84,121352128.0,2.23,-46074.0,9.445,9.446,11670140928.0,110236151206,110236151206,2026-08-27,2026-08-27 16:11:49+08:00
159175,电池ETF易方达,0.911,0.9108,-0.02,-0.007,-0.76,252820.0,22751791.682,0.916,0.916,0.891,0.918,2.72,5.19,1.23,31.68,160196.0,92624.0,-3447825.0,-15.15,-4016334.0,-17.65,568509.0,2.5,1887198.0,8.29,1560627.0,6.86,1198.0,0.91,0.911,487270384.0,443903320,443903320,2026-08-27,2026-08-27 15:34:18+08:00
159834,金ETF南方,9.869,9.8701,0.01,-0.076,-0.76,276572.0,274325528.2,9.925,9.965,9.868,9.945,0.98,12.51,1.0,-8.45,128235.0,148337.0,-4015715.0,-1.46,2169165.0,0.79,-6184880.0,-2.25,-139024.0,-0.05,4154739.0,1.51,378.0,9.868,9.869,221161376.0,2182641620,2182641620,2026-08-27,2026-08-27 15:34:42+08:00
513140,港股通金融ETF华泰柏瑞,1.704,1.7057,0.1,-0.013,-0.76,185337.0,31467566.0,1.711,1.717,1.688,1.717,1.69,23.5,1.07,18.52,95131.0,90206.0,2269240.0,7.21,846500.0,2.69,1422740.0,4.52,-365364.0,-1.16,-1903875.0,-6.05,-113.0,1.703,1.704,78868000.0,134391072,134391072,2026-08-27,2026-08-27 16:11:32+08:00
560980,光伏龙头ETF广发,0.653,0.651,-0.31,-0.005,-0.76,248780.0,16000746.0,0.656,0.656,0.637,0.658,2.89,7.37,1.09,20.96,128454.0,120326.0,-2132688.0,-13.33,-1615309.0,-10.1,-517379.0,-3.23,803918.0,5.02,1328770.0,8.3,-4782.0,0.653,0.654,337522000.0,220401866,220401866,2026-08-27,2026-08-27 16:11:57+08:00
560730,红利低波ETF国泰海通,1.04,1.0425,0.24,-0.008,-0.76,16710.0,1733164.0,1.047,1.047,1.031,1.048,1.53,1.86,0.41,-10.7,7585.0,9125.0,-135659.0,-7.83,47932.0,2.77,-183591.0,-10.59,92156.0,5.32,43503.0,2.51,-50.0,1.041,1.042,89836300.0,93429752,93429752,2026-08-27,2026-08-27 16:11:32+08:00
513690,港股红利ETF博时,1.161,1.161,0.0,-0.009,-0.77,923847.0,107387125.0,1.168,1.17,1.157,1.17,1.11,2.93,0.71,5.7,431612.0,492235.0,324273.0,0.3,118988.0,0.11,205285.0,0.19,717603.0,0.67,-1041875.0,-0.97,-1882.0,1.161,1.163,3148479904.0,3655385169,3655385169,2026-08-27,2026-08-27 16:11:45+08:00
159251,港股通科技ETF万家,0.774,0.7768,0.36,-0.006,-0.77,206723.0,16027179.5,0.78,0.782,0.773,0.78,1.15,8.48,0.92,-15.85,85311.0,121412.0,607464.0,3.79,0.0,0.0,607464.0,3.79,-693927.0,-4.33,86464.0,0.54,247.0,0.773,0.774,243787744.0,188691714,188691714,2026-08-27,2026-08-27 15:34:42+08:00
158003,港股通医疗ETF嘉实,1.028,1.0353,0.71,-0.008,-0.77,96637.0,9873555.687,1.04,1.04,1.012,1.036,2.7,5.7,0.21,-21.08,44177.0,52459.0,25790.0,0.26,-146699.0,-1.49,172489.0,1.75,-117974.0,-1.19,92183.0,0.93,-2774.0,1.026,1.028,169654396.0,174404719,174404719,2026-08-27,2026-08-27 15:34:18+08:00
560910,电池ETF华泰柏瑞,0.759,0.7591,0.01,-0.006,-0.78,134516.0,10074639.0,0.76,0.76,0.742,0.765,2.35,6.98,1.07,6.25,83386.0,51130.0,-575754.0,-5.71,-1119710.0,-11.11,543956.0,5.4,123356.0,1.22,452397.0,4.49,-306.0,0.758,0.759,192721000.0,146275239,146275239,2026-08-27,2026-08-27 16:11:34+08:00
158000,港股通金融ETF鹏华,1.01,1.0166,0.65,-0.008,-0.79,213927.0,21516172.808,1.015,1.02,0.996,1.018,2.36,9.73,0.18,61.9,105834.0,108093.0,-1590715.0,-7.39,-23360.0,-0.11,-1567355.0,-7.28,1604459.0,7.46,-13743.0,-0.06,-10746.0,1.01,1.011,219925835.0,222125093,222125093,2026-08-27,2026-08-27 15:34:18+08:00
562880,电池ETF嘉实,0.754,0.7534,-0.08,-0.006,-0.79,244076.0,18188414.0,0.76,0.765,0.737,0.76,3.68,2.76,1.0,4.57,140079.0,103997.0,-1883927.0,-10.36,-840715.0,-4.62,-1043212.0,-5.74,678801.0,3.73,1205127.0,6.63,-1574.0,0.753,0.754,884899600.0,667214298,667214298,2026-08-27,2026-08-27 16:12:00+08:00
562010,绿色能源ETF华宝,0.881,0.8781,-0.33,-0.007,-0.79,2920.0,255216.0,0.888,0.888,0.868,0.888,2.25,1.6,0.94,7.05,1561.0,1359.0,-84134.0,-32.97,0.0,0.0,-84134.0,-32.97,98213.0,38.48,-14079.0,-5.52,-124.0,0.878,0.881,18298700.0,16121155,16121155,2026-08-27,2026-08-27 16:12:01+08:00
517880,品牌消费ETF华泰柏瑞,0.747,0.7488,0.24,-0.006,-0.8,17424.0,1299701.0,0.753,0.753,0.744,0.753,1.2,3.53,0.39,-14.31,8933.0,8491.0,-85787.0,-6.6,-384581.0,-29.59,298794.0,22.99,-30532.0,-2.35,116321.0,8.95,-2689.0,0.747,0.748,49337100.0,36854814,36854814,2026-08-27,2026-08-27 16:11:32+08:00
159101,港股通科技ETF华夏,0.746,0.7473,0.17,-0.006,-0.8,1281308.0,95768278.392,0.755,0.755,0.745,0.752,1.33,4.46,0.68,9.08,587545.0,693763.0,-4369439.0,-4.56,-354057.0,-0.37,-4015382.0,-4.19,3560844.0,3.72,808596.0,0.84,-2555.0,0.746,0.747,2874311456.0,2144236346,2144236346,2026-08-27,2026-08-27 15:34:33+08:00
561680,A500红利低波ETF平安,0.995,0.9952,0.02,-0.008,-0.8,8934.0,887775.0,0.999,0.999,0.99,1.003,0.9,1.54,0.94,8.54,4103.0,4831.0,61193.0,6.89,0.0,0.0,61193.0,6.89,-106830.0,-12.03,45638.0,5.14,-1.0,0.995,0.997,58169000.0,57878155,57878155,2026-08-27,2026-08-27 16:11:45+08:00
561160,电池ETF富国,0.735,0.734,-0.14,-0.006,-0.81,563155.0,40841316.0,0.739,0.739,0.719,0.741,2.7,2.46,1.14,10.35,233548.0,329607.0,-6729283.0,-16.48,-4977068.0,-12.19,-1752215.0,-4.29,2743856.0,6.72,3985428.0,9.76,-3819.0,0.734,0.735,2285335008.0,1679721231,1679721231,2026-08-27,2026-08-27 16:11:44+08:00
159796,电池ETF汇添富,0.852,0.8513,-0.08,-0.007,-0.81,2461327.0,207629001.638,0.859,0.859,0.833,0.859,3.03,3.89,0.99,-34.32,1101986.0,1359341.0,13862525.0,6.68,13950232.0,6.72,-87707.0,-0.04,-14074931.0,-6.78,212406.0,0.1,7509.0,0.851,0.852,6334467584.0,5396966382,5396966382,2026-08-27,2026-08-27 15:34:12+08:00
159707,地产ETF华宝,0.491,0.4902,-0.16,-0.004,-0.81,1239945.0,60862288.4,0.495,0.497,0.487,0.495,2.02,10.75,0.8,44.54,565369.0,674576.0,-1873753.0,-3.08,-11423281.0,-18.77,9549528.0,15.69,926411.0,1.52,947341.0,1.56,-6136.0,0.491,0.492,1153548208.0,566392170,566392170,2026-08-27,2026-08-27 15:34:30+08:00
516900,食品饮料ETF华安,0.491,0.4908,-0.04,-0.004,-0.81,53445.0,2615405.0,0.495,0.495,0.487,0.495,1.62,1.9,0.53,7.19,13055.0,40390.0,-852766.0,-32.61,-987917.0,-37.77,135151.0,5.17,624511.0,23.88,228255.0,8.73,-1486.0,0.49,0.491,281729008.0,138328943,138328943,2026-08-27,2026-08-27 16:11:36+08:00
159128,港股科技ETF天弘,0.733,0.7331,0.01,-0.006,-0.81,406560.0,29785514.759,0.741,0.742,0.73,0.739,1.62,2.15,0.67,18.03,176356.0,230204.0,-1609639.0,-5.4,-494014.0,-1.66,-1115625.0,-3.75,1409680.0,4.73,199959.0,0.67,221.0,0.732,0.733,1891760848.0,1386660702,1386660702,2026-08-27,2026-08-27 15:34:24+08:00
515100,红利低波100ETF景顺,1.41,1.4105,0.04,-0.012,-0.84,657911.0,92605151.0,1.419,1.419,1.4,1.422,1.34,1.79,0.62,7.61,295537.0,362374.0,-11136358.0,-12.03,-4858846.0,-5.25,-6277512.0,-6.78,5635861.0,6.09,5500498.0,5.94,-3191.0,1.41,1.411,3682691504.0,5192595021,5192595021,2026-08-27,2026-08-27 16:11:41+08:00
515300,300红利低波ETF嘉实,1.306,1.3054,-0.05,-0.011,-0.84,1089366.0,142031683.0,1.32,1.32,1.298,1.317,1.67,3.2,1.21,-13.62,325895.0,763471.0,36995883.0,26.05,25265922.0,17.79,11729961.0,8.26,-40780914.0,-28.71,3785031.0,2.66,-1562.0,1.305,1.306,3400175200.0,4440628811,4440628811,2026-08-27,2026-08-27 16:11:45+08:00
513770,港股互联网ETF华宝,0.352,0.3525,0.14,-0.003,-0.85,6012561.0,211951363.0,0.355,0.356,0.351,0.355,1.41,4.07,0.58,-23.92,2457361.0,3555200.0,-15054709.0,-7.1,-31657080.0,-14.94,16602371.0,7.83,11839399.0,5.59,3215309.0,1.52,-184772.0,0.351,0.352,14760137984.0,5195568570,5195568570,2026-08-27,2026-08-27 16:12:00+08:00
159355,800红利低波ETF华宝,1.042,1.0449,0.28,-0.009,-0.86,7573.0,788736.8,1.046,1.046,1.036,1.051,0.95,0.9,0.67,-0.27,3010.0,4563.0,-16613.0,-2.11,185812.0,23.56,-202425.0,-25.66,5447.0,0.69,11167.0,1.42,-1.0,1.042,1.045,84234277.0,87772117,87772117,2026-08-27,2026-08-27 15:34:33+08:00
516310,银行ETF易方达,1.36,1.3576,-0.18,-0.012,-0.87,1169321.0,158616976.0,1.367,1.37,1.348,1.372,1.6,6.94,0.87,3.29,599318.0,570003.0,11762908.0,7.42,-1897594.0,-1.2,13660502.0,8.61,-17002982.0,-10.72,5240075.0,3.3,-13270.0,1.359,1.36,1684458496.0,2290863555,2290863555,2026-08-27,2026-08-27 16:11:37+08:00
562300,碳中和ETF银华,0.673,0.6692,-0.57,-0.006,-0.88,29788.0,1984715.0,0.673,0.673,0.662,0.679,1.62,5.09,2.45,15.76,24166.0,5622.0,3061.0,0.15,814319.0,41.03,-811258.0,-40.88,-17856.0,-0.9,14794.0,0.75,100.0,0.671,0.673,58495000.0,39367135,39367135,2026-08-27,2026-08-27 16:11:48+08:00
159368,创业板新能源ETF华夏,0.67,0.6697,-0.04,-0.006,-0.89,2550538.0,169257241.2,0.676,0.677,0.657,0.676,2.96,24.89,0.96,6.48,1227844.0,1322694.0,-15899157.0,-9.39,-27360357.0,-16.16,11461200.0,6.77,11520269.0,6.81,4378887.0,2.59,533.0,0.669,0.67,1024579680.0,686468386,686468386,2026-08-27,2026-08-27 15:34:06+08:00
563510,A500红利低波ETF易方达,1.007,1.0056,-0.14,-0.009,-0.89,53171.0,5349783.0,1.014,1.014,1.001,1.016,1.28,1.81,0.68,-21.13,22157.0,31014.0,-762241.0,-14.25,-862443.0,-16.12,100202.0,1.87,340808.0,6.37,421432.0,7.88,-22.0,1.007,1.009,293537008.0,295591767,295591767,2026-08-27,2026-08-27 16:11:37+08:00
159566,储能电池ETF易方达,1.872,1.872,0.0,-0.017,-0.9,1605471.0,297258261.5,1.889,1.891,1.833,1.889,3.07,5.87,1.03,40.57,691307.0,914164.0,-14003534.0,-4.71,1259789.0,0.42,-15263323.0,-5.13,-2474139.0,-0.83,16477674.0,5.54,9649.0,1.871,1.872,2734739776.0,5119432861,5119432861,2026-08-27,2026-08-27 15:34:54+08:00
517550,沪港深消费龙头ETF招商,0.661,0.6651,0.62,-0.006,-0.9,65371.0,4326339.0,0.665,0.665,0.66,0.667,0.75,8.13,1.06,-19.36,31217.0,34154.0,29522.0,0.68,0.0,0.0,29522.0,0.68,-26164.0,-0.6,-3357.0,-0.08,-3035.0,0.661,0.663,80417400.0,53155901,53155901,2026-08-27,2026-08-27 16:11:42+08:00
159009,创业板新能源ETF易方达,0.881,0.8803,-0.08,-0.008,-0.9,29494.0,2574628.532,0.887,0.887,0.863,0.889,2.7,4.97,1.91,-80.64,15000.0,14494.0,-631268.0,-24.52,47970.0,1.86,-679238.0,-26.38,364987.0,14.18,266281.0,10.34,-2.0,0.881,0.882,59392703.0,52324971,52324971,2026-08-27,2026-08-27 15:34:33+08:00
159529,标普消费ETF景顺,1.306,1.2795,-2.07,-0.012,-0.91,427573.0,56012785.2,1.316,1.323,1.303,1.318,1.52,5.27,0.5,16.35,167050.0,260523.0,-7637051.0,-13.63,-6193179.0,-11.06,-1443872.0,-2.58,2531963.0,4.52,5105089.0,9.11,9491.0,1.305,1.306,811536784.0,1059867040,1059867040,2026-08-27,2026-08-27 15:34:54+08:00
159253,银行ETF博时,0.98,0.9804,0.04,-0.009,-0.91,63845.0,6246860.17,0.985,0.988,0.972,0.989,1.62,1.18,0.72,64.25,20008.0,43837.0,341400.0,5.47,742520.0,11.89,-401120.0,-6.42,-475025.0,-7.6,133626.0,2.14,494.0,0.979,0.98,540804976.0,529988876,529988876,2026-08-27,2026-08-27 15:34:54+08:00
159269,港股通科技ETF南方,0.862,0.8658,0.44,-0.008,-0.92,1273666.0,109942109.3,0.871,0.872,0.862,0.87,1.15,6.67,1.25,34.61,646192.0,627474.0,7644413.0,6.95,19910359.0,18.11,-12265946.0,-11.16,-7576936.0,-6.89,-67477.0,-0.06,-100.0,0.862,0.863,1909311712.0,1645826696,1645826696,2026-08-27,2026-08-27 15:34:15+08:00
159155,电池ETF大成,0.858,0.8563,-0.2,-0.008,-0.92,344645.0,29193475.1,0.862,0.863,0.839,0.866,2.77,7.04,1.09,89.62,162529.0,182116.0,-2514112.0,-8.61,-5463349.0,-18.71,2949237.0,10.1,1041320.0,3.57,1472792.0,5.04,-901.0,0.858,0.859,489513296.0,420002408,420002408,2026-08-27,2026-08-27 15:34:45+08:00
520720,港股汽车ETF国泰,0.757,0.7553,-0.23,-0.007,-0.92,204408.0,15453371.0,0.766,0.766,0.753,0.764,1.7,16.76,1.08,0.45,93731.0,110677.0,-548100.0,-3.55,-1273682.0,-8.24,725582.0,4.7,396144.0,2.56,151957.0,0.98,-115.0,0.756,0.757,121942000.0,92310094,92310094,2026-08-27,2026-08-27 16:11:40+08:00
159261,创业板新能源ETF鹏华,1.393,1.3953,0.16,-0.013,-0.92,55082.0,7613482.6,1.392,1.42,1.367,1.406,3.77,11.52,1.33,5.85,29333.0,25749.0,-441268.0,-5.8,0.0,0.0,-441268.0,-5.8,279593.0,3.67,161675.0,2.12,-1.0,1.393,1.398,47814904.0,66606161,66606161,2026-08-27,2026-08-27 15:34:48+08:00
159190,创业板新能源ETF天弘,0.853,0.8527,-0.04,-0.008,-0.93,138513.0,11643199.7,0.853,0.853,0.836,0.861,1.97,19.22,0.81,29.24,70498.0,68015.0,171522.0,1.47,178395.0,1.53,-6873.0,-0.06,-354681.0,-3.05,183159.0,1.57,23.0,0.852,0.853,72069299.0,61475112,61475112,2026-08-27,2026-08-27 15:34:21+08:00
520950,港股通50ETF摩根,0.851,0.8497,-0.15,-0.008,-0.93,224156.0,19089828.0,0.855,0.859,0.849,0.859,1.16,6.89,0.83,-1.66,87061.0,137095.0,-134233.0,-0.7,0.0,0.0,-134233.0,-0.7,-105981.0,-0.56,240214.0,1.26,-2387.0,0.851,0.853,325421008.0,276933278,276933278,2026-08-27,2026-08-27 16:11:32+08:00
512460,电池ETF华夏,0.85,0.8492,-0.09,-0.008,-0.93,179877.0,15138891.0,0.862,0.862,0.832,0.858,3.5,6.19,1.16,11.25,93334.0,86543.0,-1494346.0,-9.87,-82298.0,-0.54,-1412048.0,-9.33,518599.0,3.43,975748.0,6.45,-80.0,0.85,0.851,290823008.0,247199557,247199557,2026-08-27,2026-08-27 16:11:55+08:00
159366,港股医疗ETF永赢,1.49,1.4884,-0.11,-0.014,-0.93,2162386.0,320767542.8,1.502,1.507,1.468,1.504,2.59,70.36,0.9,-57.23,1033795.0,1128591.0,-11040704.0,-3.44,-22312423.0,-6.96,11271719.0,3.51,7048242.0,2.2,3992463.0,1.24,7367.0,1.489,1.49,307333072.0,457926277,457926277,2026-08-27,2026-08-27 15:34:42+08:00
520910,港股通互联网ETF华夏,0.633,0.631,-0.32,-0.006,-0.94,541858.0,34318036.0,0.637,0.639,0.632,0.639,1.1,7.21,1.39,-0.26,274348.0,267510.0,-925057.0,-2.7,-405478.0,-1.18,-519579.0,-1.51,663325.0,1.93,261732.0,0.76,-281.0,0.632,0.633,751445008.0,475664690,475664690,2026-08-27,2026-08-27 16:11:38+08:00
159387,创业板新能源ETF国泰,0.739,0.7385,-0.07,-0.007,-0.94,3216621.0,235520612.5,0.744,0.744,0.724,0.746,2.68,21.29,0.86,-6.25,1721482.0,1495139.0,-9795162.0,-4.16,4034892.0,1.71,-13830054.0,-5.87,4689926.0,1.99,5105236.0,2.17,1590.0,0.738,0.739,1511189648.0,1116769150,1116769150,2026-08-27,2026-08-27 15:34:36+08:00
520560,香港大盘30ETF华宝,0.822,0.8222,0.02,-0.008,-0.96,34405.0,2826642.0,0.83,0.83,0.819,0.83,1.33,0.57,0.58,4.01,11361.0,23044.0,-9762.0,-0.35,40435.0,1.43,-50197.0,-1.78,-151720.0,-5.37,161482.0,5.71,-2454.0,0.821,0.822,608419008.0,500120425,500120425,2026-08-27,2026-08-27 16:11:48+08:00
520740,港股通互联网ETF华安,0.916,0.916,0.0,-0.009,-0.97,25262.0,2310999.0,0.918,0.927,0.913,0.925,1.51,5.26,0.62,-33.97,11438.0,13824.0,-491320.0,-21.26,-79579.0,-3.44,-411741.0,-17.82,310131.0,13.42,181189.0,7.84,-134.0,0.915,0.916,48012600.0,43979542,43979542,2026-08-27,2026-08-27 16:11:42+08:00
520960,恒指港股通ETF嘉实,0.917,0.9183,0.14,-0.009,-0.97,42587.0,3935615.0,0.966,0.966,0.916,0.926,5.4,8.59,2.39,46.03,13631.0,28956.0,209250.0,5.32,0.0,0.0,209250.0,5.32,-360478.0,-9.16,151228.0,3.84,-103.0,0.916,0.917,49603400.0,45486318,45486318,2026-08-27,2026-08-27 16:11:55+08:00
513190,港股通金融ETF华夏,1.81,1.8112,0.07,-0.018,-0.98,2420122.0,436812518.0,1.823,1.831,1.792,1.828,2.13,24.28,1.04,-36.35,1136123.0,1283999.0,-155765.0,-0.04,-11356546.0,-2.6,11200781.0,2.56,591450.0,0.14,-435686.0,-0.1,-3461.0,1.809,1.81,996936000.0,1804454160,1804454160,2026-08-27,2026-08-27 16:11:56+08:00
159790,碳中和ETF华夏,0.705,0.703,-0.28,-0.007,-0.98,145039.0,10153778.8,0.711,0.711,0.695,0.712,2.25,0.94,0.79,18.91,60749.0,84290.0,-2671334.0,-26.31,-1597575.0,-15.73,-1073759.0,-10.57,1272593.0,12.53,1398740.0,13.78,808.0,0.704,0.705,1539528480.0,1085367578,1085367578,2026-08-27,2026-08-27 15:34:42+08:00
159886,机械ETF富国,0.905,0.9055,0.06,-0.009,-0.98,49671.0,4469591.0,0.923,0.923,0.893,0.914,3.28,7.32,1.35,-19.37,26779.0,22892.0,-463001.0,-10.36,-596027.0,-13.34,133026.0,2.98,185889.0,4.16,277112.0,6.2,-45.0,0.905,0.909,67842555.0,61397512,61397512,2026-08-27,2026-08-27 15:34:24+08:00
560570,A500红利ETF国联安,1.0,1.0007,0.07,-0.01,-0.99,113883.0,11386292.0,1.01,1.01,0.994,1.01,1.58,0.98,0.58,17.53,55244.0,58639.0,-31106.0,-0.27,39928.0,0.35,-71034.0,-0.62,-535377.0,-4.7,566483.0,4.98,-2.0,0.999,1.0,1158541200.0,1158541200,1158541200,2026-08-27,2026-08-27 16:11:49+08:00
515450,红利低波50ETF南方,1.404,1.4042,0.01,-0.014,-0.99,1604301.0,225199580.0,1.413,1.415,1.397,1.418,1.27,1.13,1.05,14.83,870303.0,733998.0,-59563712.0,-26.45,-63797575.0,-28.33,4233863.0,1.88,30457576.0,13.52,29106137.0,12.92,-7432.0,1.404,1.405,14165835008.0,19888832351,19888832351,2026-08-27,2026-08-27 16:12:00+08:00
159122,创业板新能源ETF富国,0.9,0.9018,0.2,-0.009,-0.99,5383.0,480838.2,0.9,0.901,0.884,0.909,1.87,0.8,0.28,21.71,1438.0,3945.0,9788.0,2.04,-22491.0,-4.68,32279.0,6.71,-59803.0,-12.44,50014.0,10.4,1.0,0.899,0.9,67160935.0,60444842,60444842,2026-08-27,2026-08-27 15:34:45+08:00
159296,A500红利低波ETF华宝,1.005,1.0068,0.18,-0.01,-0.99,54164.0,5450508.1,1.013,1.013,1.001,1.015,1.18,12.02,2.75,-47.55,38518.0,15646.0,219025.0,4.02,0.0,0.0,219025.0,4.02,-199121.0,-3.65,-19904.0,-0.37,-2.0,1.005,1.009,45042941.0,45268156,45268156,2026-08-27,2026-08-27 15:34:30+08:00
512580,环保ETF广发,1.187,1.1852,-0.15,-0.012,-1.0,89146.0,10523921.0,1.189,1.198,1.171,1.199,2.25,1.58,2.07,2.33,50267.0,38879.0,-1583976.0,-15.05,-154057.0,-1.46,-1429919.0,-13.59,1356349.0,12.89,227627.0,2.16,-60.0,1.186,1.187,564871696.0,670502703,670502703,2026-08-27,2026-08-27 16:11:45+08:00
512410,银行ETF广发,1.093,1.0925,-0.05,-0.011,-1.0,124232.0,13564861.0,1.093,1.105,1.05,1.104,4.98,23.95,0.62,26.94,58254.0,65978.0,317783.0,2.34,1440646.0,10.62,-1122863.0,-8.28,-30220.0,-0.22,-287562.0,-2.12,-954.0,1.093,1.094,51871700.0,56695768,56695768,2026-08-27,2026-08-27 16:11:46+08:00
158019,电池ETF永赢,0.989,0.9909,0.19,-0.01,-1.0,293316.0,28722534.189,0.994,0.994,0.97,0.999,2.4,9.97,,-35.11,121242.0,172074.0,4617274.0,16.08,10671570.0,37.15,-6054296.0,-21.08,-4320336.0,-15.04,-296938.0,-1.03,618.0,0.988,0.989,294281920.0,291044819,291044819,2026-08-27,2026-08-27 15:34:21+08:00
159083,红利低波100ETF嘉实,0.994,0.9983,0.43,-0.01,-1.0,60977.0,6073252.776,1.003,1.003,0.991,1.004,1.2,2.5,0.37,-20.2,18058.0,42919.0,-435368.0,-7.17,-130370.0,-2.15,-304998.0,-5.02,286366.0,4.72,149002.0,2.45,1155.0,0.993,0.994,244370472.0,242904249,242904249,2026-08-27,2026-08-27 15:34:03+08:00
159312,恒指港股通ETF广发,1.185,1.1918,0.57,-0.012,-1.0,8549.0,1015863.0,1.198,1.198,1.185,1.197,1.09,2.65,0.57,35.2,2982.0,5567.0,-149093.0,-14.68,0.0,0.0,-149093.0,-14.68,72518.0,7.14,76575.0,7.54,-316.0,1.185,1.189,32224353.0,38185858,38185858,2026-08-27,2026-08-27 15:34:30+08:00
159280,港股通互联网ETF汇添富,0.696,0.6946,-0.2,-0.007,-1.0,61459.0,4279032.2,0.703,0.704,0.694,0.703,1.42,6.1,0.85,15.06,26421.0,35038.0,22168.0,0.52,-716434.0,-16.74,738602.0,17.26,-159507.0,-3.73,137340.0,3.21,2529.0,0.695,0.696,100717171.0,70099151,70099151,2026-08-27,2026-08-27 15:34:06+08:00
516960,机械ETF国泰,0.882,0.8811,-0.1,-0.009,-1.01,3047.0,267249.0,0.895,0.895,0.871,0.891,2.69,1.9,1.49,11.49,2312.0,735.0,-207301.0,-77.57,0.0,0.0,-207301.0,-77.57,29957.0,11.21,177345.0,66.36,50.0,0.882,0.883,16051100.0,14157070,14157070,2026-08-27,2026-08-27 16:11:56+08:00
159237,港股汽车ETF工银,0.873,0.8745,0.17,-0.009,-1.02,48916.0,4271441.3,0.882,0.886,0.871,0.882,1.7,11.29,0.38,-20.17,21682.0,27234.0,-41482.0,-0.97,-969.0,-0.02,-40513.0,-0.95,-252206.0,-5.9,293688.0,6.88,20.0,0.872,0.873,43334226.0,37830779,37830779,2026-08-27,2026-08-27 15:34:51+08:00
516270,新能源ETF华安,0.585,0.5832,-0.31,-0.006,-1.02,219045.0,12684968.0,0.588,0.588,0.573,0.591,2.54,7.85,1.45,35.63,118634.0,100411.0,-1614732.0,-12.73,-1765436.0,-13.92,150704.0,1.19,772630.0,6.09,842103.0,6.64,-9868.0,0.585,0.586,278909008.0,163161770,163161770,2026-08-27,2026-08-27 16:11:48+08:00
512820,银行ETF汇添富,1.442,1.4394,-0.18,-0.015,-1.03,762745.0,109761203.0,1.449,1.453,1.43,1.457,1.58,18.76,0.85,-19.43,390715.0,372030.0,-6365812.0,-5.8,-2883396.0,-2.63,-3482416.0,-3.17,4234493.0,3.86,2131318.0,1.94,-438.0,1.442,1.443,406601904.0,586319946,586319946,2026-08-27,2026-08-27 16:11:36+08:00
159076,创业板新能源ETF华宝,0.856,0.8573,0.15,-0.009,-1.04,132931.0,11254598.687,0.871,0.871,0.84,0.865,3.58,5.27,0.78,35.49,77961.0,54970.0,-941516.0,-8.37,-2440425.0,-21.68,1498909.0,13.32,647981.0,5.76,293534.0,2.61,-100.0,0.856,0.859,252373015.0,216031301,216031301,2026-08-27,2026-08-27 15:34:15+08:00
520630,港股通互联网ETF广发,0.662,0.6623,0.05,-0.007,-1.05,68409.0,4533907.0,0.669,0.671,0.661,0.669,1.49,1.15,0.39,-12.56,25270.0,43139.0,-1187236.0,-26.19,-664422.0,-14.65,-522814.0,-11.53,473496.0,10.44,713739.0,15.74,-309.0,0.661,0.662,596110000.0,394624820,394624820,2026-08-27,2026-08-27 16:11:46+08:00
512700,银行ETF南方,1.514,1.5122,-0.12,-0.016,-1.05,1008881.0,152691204.0,1.527,1.527,1.502,1.53,1.63,15.1,1.33,43.58,427078.0,581803.0,-9653750.0,-6.32,4545484.0,2.98,-14199234.0,-9.3,6802309.0,4.45,2851440.0,1.87,-8339.0,1.513,1.514,668081008.0,1011474646,1011474646,2026-08-27,2026-08-27 16:11:39+08:00
159569,港股红利低波ETF景顺,1.413,1.4182,0.37,-0.015,-1.05,474462.0,67054895.1,1.428,1.429,1.406,1.428,1.61,12.99,0.87,-76.86,236725.0,237737.0,1056891.0,1.58,-777696.0,-1.16,1834587.0,2.74,-2318949.0,-3.46,1262058.0,1.88,-294.0,1.413,1.414,365147248.0,515953061,515953061,2026-08-27,2026-08-27 15:34:18+08:00
159170,港股通互联网ETF永赢,0.843,0.8453,0.27,-0.009,-1.06,147630.0,12446617.3,0.852,0.854,0.841,0.852,1.53,3.69,0.9,-25.06,68011.0,79619.0,-28087.0,-0.23,-2319423.0,-18.63,2291336.0,18.41,-433758.0,-3.48,461845.0,3.71,126.0,0.842,0.843,399638352.0,336895131,336895131,2026-08-27,2026-08-27 15:34:54+08:00
512730,银行ETF鹏华,1.682,1.6806,-0.08,-0.018,-1.06,27440.0,4610067.0,1.69,1.692,1.669,1.7,1.35,5.07,0.74,-6.61,12475.0,14965.0,82843.0,1.8,52549.0,1.14,30294.0,0.66,-331600.0,-7.19,248756.0,5.4,-213.0,1.679,1.682,54083900.0,90969120,90969120,2026-08-27,2026-08-27 16:12:01+08:00
516210,银行ETF华安,1.4,1.3971,-0.21,-0.015,-1.06,116150.0,16240912.0,1.403,1.415,1.388,1.415,1.91,14.26,1.18,17.32,44401.0,71749.0,34914.0,0.21,-1416261.0,-8.72,1451175.0,8.94,-51070.0,-0.31,16157.0,0.1,1145.0,1.397,1.4,81431000.0,114003400,114003400,2026-08-27,2026-08-27 16:11:43+08:00
513040,港股通互联网ETF易方达,0.925,0.9248,-0.02,-0.01,-1.07,2558652.0,237059102.0,0.936,0.937,0.923,0.935,1.5,3.77,0.54,-35.89,1148730.0,1409922.0,-17216698.0,-7.26,-11027885.0,-4.65,-6188813.0,-2.61,10287303.0,4.34,6929393.0,2.92,-10866.0,0.924,0.925,6789341184.0,6280140595,6280140595,2026-08-27,2026-08-27 16:11:53+08:00
159179,港股通互联网ETF工银,0.821,0.8233,0.28,-0.009,-1.08,162886.0,13427634.8,0.832,0.84,0.821,0.83,2.29,15.83,1.02,4.5,79387.0,83499.0,-195109.0,-1.45,-100392.0,-0.75,-94717.0,-0.71,56548.0,0.42,138562.0,1.03,-1131.0,0.821,0.823,102903568.0,84483829,84483829,2026-08-27,2026-08-27 15:34:21+08:00
159125,港股通科技ETF招商,0.721,0.724,0.41,-0.008,-1.1,317109.0,22919270.6,0.729,0.732,0.72,0.729,1.65,3.77,0.92,13.9,134874.0,182235.0,-891160.0,-3.89,53170.0,0.23,-944330.0,-4.12,520701.0,2.27,370459.0,1.62,-755.0,0.721,0.723,840245888.0,605817285,605817285,2026-08-27,2026-08-27 15:34:57+08:00
159193,新能源电池ETF银华,0.81,0.8113,0.16,-0.009,-1.1,102914.0,8245210.2,0.818,0.818,0.795,0.819,2.81,4.61,1.02,-49.84,47130.0,55784.0,-649203.0,-7.87,-894717.0,-10.85,245514.0,2.98,389000.0,4.72,260203.0,3.16,-50.0,0.81,0.811,223080335.0,180695071,180695071,2026-08-27,2026-08-27 15:34:09+08:00
159091,港股通金融ETF易方达,1.07,1.0726,0.24,-0.012,-1.11,54662.0,5836310.255,1.082,1.083,1.06,1.082,2.13,19.26,1.03,-59.78,26857.0,27805.0,-75829.0,-1.3,854860.0,14.65,-930689.0,-15.95,4624.0,0.08,71206.0,1.22,50.0,1.068,1.07,28374196.0,30360390,30360390,2026-08-27,2026-08-27 15:34:06+08:00
159885,碳中和ETF鹏华,0.713,0.7116,-0.2,-0.008,-1.11,4075.0,288366.3,0.716,0.729,0.704,0.721,3.47,0.17,0.74,3.97,1206.0,2869.0,-115870.0,-40.18,0.0,0.0,-115870.0,-40.18,79925.0,27.72,35946.0,12.47,65.0,0.711,0.713,246467316.0,175731196,175731196,2026-08-27,2026-08-27 15:34:15+08:00
159887,银行ETF富国,1.34,1.3414,0.1,-0.015,-1.11,748864.0,100350736.1,1.35,1.353,1.33,1.355,1.7,12.54,0.73,-22.83,274599.0,474265.0,-4336276.0,-4.32,-7445721.0,-7.42,3109445.0,3.1,3846420.0,3.83,489856.0,0.49,13629.0,1.339,1.34,597015952.0,800001376,800001376,2026-08-27,2026-08-27 15:34:03+08:00
560670,银行ETF华泰柏瑞,1.06,1.0602,0.02,-0.012,-1.12,143730.0,15243549.0,1.07,1.07,1.052,1.072,1.68,29.96,0.85,-5.34,52616.0,91114.0,922104.0,6.05,-416406.0,-2.73,1338510.0,8.78,-1272637.0,-8.35,350531.0,2.3,-1019.0,1.06,1.061,47974000.0,50852440,50852440,2026-08-27,2026-08-27 16:12:01+08:00
159636,港股通科技30ETF工银,0.525,0.5274,0.46,-0.006,-1.13,4869002.0,256091483.6,0.532,0.533,0.524,0.531,1.69,2.22,1.22,-4.28,2127256.0,2741746.0,16179458.0,6.32,51439152.0,20.09,-35259694.0,-13.77,-15680183.0,-6.12,-499276.0,-0.19,-19412.0,0.525,0.526,21964501248.0,11531363155,11531363155,2026-08-27,2026-08-27 15:34:57+08:00
561450,红利低波50ETF华泰柏瑞,0.965,0.9652,0.02,-0.011,-1.13,43989.0,4244028.0,0.97,0.975,0.96,0.976,1.54,4.96,1.07,-8.82,17383.0,26606.0,-785537.0,-18.51,154380.0,3.64,-939917.0,-22.15,388327.0,9.15,397209.0,9.36,-10.0,0.965,0.966,88624300.0,85522450,85522450,2026-08-27,2026-08-27 16:11:40+08:00
515020,银行ETF华夏,1.757,1.7557,-0.07,-0.02,-1.13,838849.0,147321716.0,1.776,1.776,1.745,1.777,1.74,20.57,0.84,17.06,391899.0,446950.0,-20462584.0,-13.89,-4858655.0,-3.3,-15603929.0,-10.59,11814295.0,8.02,8648291.0,5.87,-1476.0,1.756,1.757,407845296.0,716584185,716584185,2026-08-27,2026-08-27 16:11:45+08:00
515290,银行ETF天弘,1.474,1.4723,-0.12,-0.017,-1.14,421169.0,62006202.0,1.482,1.487,1.463,1.491,1.61,1.58,0.59,29.92,214008.0,207161.0,-8474211.0,-13.67,-7414745.0,-11.96,-1059466.0,-1.71,4050829.0,6.53,4423382.0,7.13,-1494.0,1.473,1.474,2667472896.0,3931855049,3931855049,2026-08-27,2026-08-27 16:11:40+08:00
159752,新能源ETF申万菱信,0.604,0.6039,-0.02,-0.007,-1.15,65021.0,3891850.1,0.614,0.614,0.592,0.611,3.6,1.59,1.41,-18.21,27729.0,37292.0,-844685.0,-21.7,-493224.0,-12.67,-351461.0,-9.03,175434.0,4.51,669252.0,17.2,1264.0,0.603,0.604,409958912.0,247615183,247615183,2026-08-27,2026-08-27 15:34:54+08:00
159028,港股汽车ETF天弘,0.773,0.7785,0.71,-0.009,-1.15,48494.0,3743641.842,0.781,0.781,0.77,0.782,1.41,3.87,0.66,8.01,17994.0,30500.0,-634378.0,-16.95,616.0,0.02,-634994.0,-16.96,218174.0,5.83,416203.0,11.12,1409.0,0.772,0.773,125449016.0,96972089,96972089,2026-08-27,2026-08-27 15:34:33+08:00
520650,港股通互联网ETF南方,0.596,0.5964,0.07,-0.007,-1.16,1186106.0,70797073.0,0.602,0.603,0.595,0.603,1.33,4.78,0.89,-23.36,544397.0,641709.0,-178941.0,-0.25,236778.0,0.33,-415719.0,-0.59,-383299.0,-0.54,562241.0,0.79,-1643.0,0.595,0.596,2483255008.0,1480019985,1480019985,2026-08-27,2026-08-27 16:11:33+08:00
516070,低碳ETF易方达,0.579,0.5793,0.05,-0.007,-1.19,32896.0,1895350.0,0.584,0.592,0.573,0.586,3.24,1.13,0.91,6.54,18114.0,14782.0,-156615.0,-8.26,-203605.0,-10.74,46990.0,2.48,108640.0,5.73,47975.0,2.53,-261.0,0.579,0.58,291646000.0,168863034,168863034,2026-08-27,2026-08-27 16:11:46+08:00
520790,港股通互联网ETF兴业,0.825,0.822,-0.36,-0.01,-1.2,35048.0,2901436.0,0.828,0.837,0.825,0.835,1.44,0.66,0.48,30.12,15925.0,19123.0,-509075.0,-17.55,410464.0,14.15,-919539.0,-31.69,424069.0,14.62,85005.0,2.93,-2440.0,0.825,0.828,535075008.0,441436882,441436882,2026-08-27,2026-08-27 16:11:44+08:00
520620,恒生消费ETF嘉实,0.822,0.8224,0.05,-0.01,-1.2,63988.0,5257674.0,0.831,0.833,0.817,0.832,1.92,2.2,0.99,1.5,20945.0,43043.0,-417878.0,-7.95,1478291.0,28.12,-1896169.0,-36.06,122156.0,2.32,295721.0,5.62,-943.0,0.821,0.822,291409008.0,239538205,239538205,2026-08-27,2026-08-27 16:11:48+08:00
159699,恒生消费ETF广发,0.898,0.8976,-0.04,-0.011,-1.21,185840.0,16687938.3,0.91,0.911,0.893,0.909,1.98,3.77,1.23,-26.29,62831.0,123009.0,-555131.0,-3.33,-293856.0,-1.76,-261275.0,-1.57,-132589.0,-0.79,687719.0,4.12,394.0,0.896,0.898,492664256.0,442412502,442412502,2026-08-27,2026-08-27 15:34:27+08:00
513720,港股互联网ETF国泰,0.652,0.6516,-0.06,-0.008,-1.21,106273.0,6940388.0,0.66,0.661,0.651,0.66,1.52,4.24,0.51,-20.93,46953.0,59320.0,-533277.0,-7.68,-65.0,0.0,-533212.0,-7.68,257140.0,3.7,276137.0,3.98,-70.0,0.651,0.652,250859000.0,163560068,163560068,2026-08-27,2026-08-27 16:11:39+08:00
159323,港股通汽车ETF华夏,1.057,1.0549,-0.2,-0.013,-1.21,1616450.0,170696955.3,1.072,1.073,1.052,1.07,1.96,166.48,0.9,-12.2,816712.0,799738.0,-1983815.0,-1.16,-941401.0,-0.55,-1042414.0,-0.61,-668854.0,-0.39,2652669.0,1.55,2593.0,1.056,1.057,97097378.0,102631929,102631929,2026-08-27,2026-08-27 15:34:24+08:00
512800,银行ETF华宝,0.819,0.8196,0.07,-0.01,-1.21,12818940.0,1049347509.0,0.826,0.827,0.814,0.829,1.57,10.21,1.1,-5.89,4698611.0,8120329.0,-51112127.0,-4.87,-28028464.0,-2.67,-23083663.0,-2.2,36653592.0,3.49,14458526.0,1.38,-206604.0,0.819,0.82,12560079872.0,10286705415,10286705415,2026-08-27,2026-08-27 16:11:34+08:00
517900,银行AH优选ETF招商,1.533,1.5379,0.32,-0.019,-1.22,278998.0,42770886.0,1.56,1.56,1.523,1.552,2.38,6.91,1.22,-49.3,95019.0,183979.0,7989745.0,18.68,-1779908.0,-4.16,9769653.0,22.84,-4164553.0,-9.74,-3825192.0,-8.94,-6270.0,1.532,1.533,403993504.0,619322042,619322042,2026-08-27,2026-08-27 16:11:40+08:00
159568,港股互联网ETF博时,1.127,1.1305,0.31,-0.014,-1.23,419116.0,47376257.1,1.142,1.142,1.126,1.141,1.4,11.49,0.67,-13.98,208045.0,211071.0,-2066790.0,-4.36,-4820992.0,-10.18,2754202.0,5.81,-742408.0,-1.57,2809199.0,5.93,-5750.0,1.127,1.128,364857904.0,411194858,411194858,2026-08-27,2026-08-27 15:34:00+08:00
520520,恒生消费ETF华泰柏瑞,0.96,0.9619,0.2,-0.012,-1.23,26653.0,2558792.0,0.97,0.974,0.957,0.972,1.75,5.02,0.82,87.13,8334.0,18319.0,208018.0,8.13,479500.0,18.74,-271482.0,-10.61,74847.0,2.93,-282865.0,-11.05,-9.0,0.958,0.96,53106000.0,50981760,50981760,2026-08-27,2026-08-27 16:11:57+08:00
159210,港股通汽车ETF汇添富,0.841,0.8407,-0.04,-0.011,-1.29,314548.0,26436508.4,0.851,0.852,0.838,0.852,1.64,91.04,1.48,-16.63,150068.0,164480.0,-1497468.0,-5.66,0.0,0.0,-1497468.0,-5.66,943235.0,3.57,554233.0,2.1,209.0,0.84,0.841,34549802.0,29056383,29056383,2026-08-27,2026-08-27 15:34:39+08:00
159040,港股通互联网ETF鹏华,1.074,1.0768,0.26,-0.014,-1.29,26427.0,2846128.319,1.088,1.089,1.074,1.088,1.38,7.45,0.58,-47.02,10959.0,15468.0,76431.0,2.69,0.0,0.0,76431.0,2.69,-160073.0,-5.62,83642.0,2.94,-44.0,1.074,1.075,35481087.0,38106687,38106687,2026-08-27,2026-08-27 15:34:39+08:00
520680,港股通汽车ETF南方,0.826,0.8248,-0.15,-0.011,-1.31,65306.0,5389513.0,0.85,0.85,0.823,0.837,3.23,9.41,1.0,9.16,32669.0,32637.0,-378922.0,-7.03,0.0,0.0,-378922.0,-7.03,10827.0,0.2,368094.0,6.83,-30.0,0.825,0.826,69369000.0,57298794,57298794,2026-08-27,2026-08-27 16:11:41+08:00
159186,港股通汽车ETF鹏华,0.75,0.7482,-0.24,-0.01,-1.32,71226.0,5334934.2,0.755,0.761,0.747,0.76,1.84,8.39,1.7,-19.59,27368.0,43858.0,-804203.0,-15.07,0.0,0.0,-804203.0,-15.07,487240.0,9.13,316963.0,5.94,72.0,0.749,0.75,84869245.0,63651934,63651934,2026-08-27,2026-08-27 15:34:18+08:00
560560,碳中和ETF泰康,0.671,0.6698,-0.18,-0.009,-1.32,13177.0,879115.0,0.678,0.678,0.663,0.68,2.21,1.88,1.22,7.96,10667.0,2510.0,-354143.0,-40.28,0.0,0.0,-354143.0,-40.28,309935.0,35.26,44208.0,5.03,-156.0,0.67,0.671,70190100.0,47097557,47097557,2026-08-27,2026-08-27 16:11:43+08:00
520600,港股通汽车ETF广发,1.024,1.0249,0.09,-0.014,-1.35,894294.0,91747071.0,1.036,1.038,1.022,1.038,1.54,37.92,0.76,12.43,411991.0,482303.0,-6133747.0,-6.69,-806290.0,-0.88,-5327457.0,-5.81,1814167.0,1.98,4319579.0,4.71,-3880.0,1.024,1.025,235868000.0,241528832,241528832,2026-08-27,2026-08-27 16:11:34+08:00
159792,港股通互联网ETF富国,0.574,0.5754,0.24,-0.008,-1.37,17696701.0,1018394356.816,0.581,0.582,0.573,0.582,1.55,2.64,0.8,-30.78,7611528.0,10085173.0,-40432192.0,-3.97,-28219136.0,-2.77,-12213056.0,-1.2,27420474.0,2.69,13011722.0,1.28,307785.0,0.573,0.574,67069855232.0,38498096903,38498096903,2026-08-27,2026-08-27 15:34:15+08:00
520730,港股通汽车ETF万家,0.779,0.7769,-0.27,-0.011,-1.39,49933.0,3892365.0,0.785,0.785,0.775,0.79,1.27,4.22,1.97,31.76,18965.0,30968.0,-17458.0,-0.45,0.0,0.0,-17458.0,-0.45,-150236.0,-3.86,167694.0,4.31,-32.0,0.778,0.779,118394400.0,92229238,92229238,2026-08-27,2026-08-27 16:11:55+08:00
513970,恒生消费ETF景顺,0.825,0.8278,0.34,-0.012,-1.43,489716.0,40526476.0,0.841,0.842,0.823,0.837,2.27,3.38,0.84,-17.11,143143.0,346573.0,-5489844.0,-13.55,-3344761.0,-8.25,-2145083.0,-5.29,2610153.0,6.44,2879689.0,7.11,-20201.0,0.825,0.826,1450041008.0,1196283832,1196283832,2026-08-27,2026-08-27 16:11:49+08:00
159069,创业板新能源ETF华泰柏瑞,1.023,1.0239,0.09,-0.015,-1.45,80789.0,8174369.198,1.038,1.038,1.005,1.038,3.18,18.05,0.78,18.48,39034.0,41755.0,-567898.0,-6.95,0.0,0.0,-567898.0,-6.95,382651.0,4.68,185248.0,2.27,-11.0,1.023,1.024,44770440.0,45800160,45800160,2026-08-27,2026-08-27 15:34:06+08:00
513230,港股通消费ETF华夏,0.874,0.8736,-0.05,-0.013,-1.47,241757.0,21127636.0,0.887,0.888,0.87,0.887,2.03,7.36,1.08,-5.14,96621.0,145136.0,-1936778.0,-9.17,335937.0,1.59,-2272715.0,-10.76,1024759.0,4.85,912020.0,4.32,-2746.0,0.873,0.874,328422704.0,287041443,287041443,2026-08-27,2026-08-27 16:11:38+08:00
159245,港股通消费ETF富国,0.795,0.7961,0.14,-0.012,-1.49,35041.0,2786470.1,0.806,0.808,0.791,0.807,2.11,4.86,1.16,-1.57,11070.0,23971.0,-637084.0,-22.86,0.0,0.0,-637084.0,-22.86,427125.0,15.33,209959.0,7.53,405.0,0.794,0.795,72113296.0,57330070,57330070,2026-08-27,2026-08-27 15:34:18+08:00
513590,港股通消费ETF鹏华,0.776,0.7767,0.09,-0.012,-1.52,60712.0,4722893.0,0.788,0.789,0.774,0.788,1.9,4.35,1.58,-12.0,20022.0,40690.0,176972.0,3.75,0.0,0.0,176972.0,3.75,137085.0,2.9,-314056.0,-6.65,-165.0,0.776,0.777,139518900.0,108266666,108266666,2026-08-27,2026-08-27 16:11:32+08:00
159265,港股消费ETF鹏华,0.818,0.8183,0.04,-0.013,-1.56,160054.0,13099681.785,0.833,0.833,0.815,0.831,2.17,8.99,1.38,-13.79,61545.0,98509.0,-1730208.0,-13.21,23817.0,0.18,-1754025.0,-13.39,616062.0,4.7,1114146.0,8.51,135.0,0.817,0.818,177950894.0,145563831,145563831,2026-08-27,2026-08-27 15:34:00+08:00
159121,港股通汽车ETF易方达,0.743,0.7446,0.21,-0.012,-1.59,312900.0,23276117.8,0.753,0.756,0.741,0.755,1.99,21.51,1.15,9.71,144620.0,168280.0,-4366077.0,-18.76,475416.0,2.04,-4841493.0,-20.8,2404101.0,10.33,1961976.0,8.43,3607.0,0.742,0.743,145481127.0,108092477,108092477,2026-08-27,2026-08-27 15:34:18+08:00
513070,港股通消费ETF易方达,1.106,1.107,0.09,-0.018,-1.6,749665.0,83036388.0,1.123,1.125,1.103,1.124,1.96,5.61,0.98,-3.94,308122.0,441543.0,-9091024.0,-10.95,-5663160.0,-6.82,-3427864.0,-4.13,4673408.0,5.63,4417616.0,5.32,-2341.0,1.106,1.107,1336760800.0,1478457445,1478457445,2026-08-27,2026-08-27 16:11:34+08:00
159735,港股消费ETF银华,0.671,0.6728,0.27,-0.011,-1.61,322159.0,21667728.5,0.681,0.683,0.669,0.682,2.05,5.13,1.36,-49.76,120616.0,201543.0,-2652642.0,-12.24,621480.0,2.87,-3274122.0,-15.11,1380559.0,6.37,1272083.0,5.87,-2833.0,0.671,0.672,627561376.0,421093683,421093683,2026-08-27,2026-08-27 15:34:39+08:00
159268,港股通消费ETF汇添富,0.788,0.7899,0.24,-0.013,-1.62,262907.0,20735308.7,0.807,0.807,0.785,0.801,2.75,6.72,0.97,1.96,107471.0,155436.0,-1278304.0,-6.16,421502.0,2.03,-1699806.0,-8.2,435386.0,2.1,842918.0,4.07,415.0,0.787,0.788,391055024.0,308151359,308151359,2026-08-27,2026-08-27 15:34:12+08:00
159285,港股通消费ETF华安,0.785,0.7867,0.22,-0.013,-1.63,118974.0,9346098.952,0.799,0.799,0.782,0.798,2.13,4.79,1.28,-5.23,53827.0,65147.0,-665891.0,-7.12,0.0,0.0,-665891.0,-7.12,393256.0,4.21,272635.0,2.92,508.0,0.784,0.785,248486680.0,195062044,195062044,2026-08-27,2026-08-27 15:34:12+08:00
159239,港股通汽车ETF富国,0.782,0.7819,-0.01,-0.013,-1.64,94880.0,7424173.9,0.795,0.795,0.78,0.795,1.89,10.69,1.03,14.84,33230.0,61650.0,-2347502.0,-31.62,-41998.0,-0.57,-2305504.0,-31.05,1399642.0,18.85,947860.0,12.77,-1166.0,0.782,0.783,88780753.0,69426549,69426549,2026-08-27,2026-08-27 15:34:33+08:00
520780,港股通汽车ETF华宝,0.83,0.8295,-0.06,-0.014,-1.66,313338.0,26035840.0,0.839,0.842,0.828,0.844,1.66,79.41,1.25,11.19,147812.0,165526.0,-1870004.0,-7.18,-350890.0,-1.35,-1519114.0,-5.83,1382690.0,5.31,487315.0,1.87,-370.0,0.829,0.83,39460000.0,32751800,32751800,2026-08-27,2026-08-27 16:11:49+08:00
513290,纳指生物科技ETF汇添富,1.832,1.7935,-2.15,-0.036,-1.93,2202192.0,404288696.0,1.86,1.868,1.822,1.868,2.46,21.31,0.74,39.45,1017922.0,1184270.0,-17228676.0,-4.26,-19516041.0,-4.83,2287365.0,0.57,1876757.0,0.46,15351919.0,3.8,-26465.0,1.831,1.832,1033572096.0,1893504080,1893504080,2026-08-27,2026-08-27 16:12:01+08:00
