代码,名称,最新价,IOPV实时估值,基金折价率,涨跌额,涨跌幅,成交量,成交额,开盘价,最高价,最低价,昨收,振幅,换手率,量比,委比,外盘,内盘,主力净流入-净额,主力净流入-净占比,超大单净流入-净额,超大单净流入-净占比,大单净流入-净额,大单净流入-净占比,中单净流入-净额,中单净流入-净占比,小单净流入-净额,小单净流入-净占比,现手,买一,卖一,最新份额,流通市值,总市值,数据日期,更新时间
159363,创业板人工智能ETF华宝,1.227,1.2222,-0.39,0.111,9.95,14546099.0,1731804811.534,1.148,1.231,1.148,1.116,7.44,25.44,1.13,56.05,7625204.0,6920895.0,68711184.0,3.97,15241648.0,0.88,53469536.0,3.09,-39448427.0,-2.28,-29262755.0,-1.69,-49025.0,1.227,1.228,5718169856.0,7016194413,7016194413,2026-08-04,2026-08-04 15:34:39+08:00
159243,创业板人工智能ETF招商,1.252,1.2494,-0.21,0.112,9.82,460917.0,55776286.4,1.167,1.252,1.165,1.14,7.63,31.56,0.89,67.83,244275.0,216642.0,2698847.0,4.84,2509933.0,4.5,188914.0,0.34,383946.0,0.69,-3082792.0,-5.53,-4444.0,1.252,1.253,146030224.0,182829840,182829840,2026-08-04,2026-08-04 15:34:57+08:00
159381,创业板人工智能ETF华夏,1.164,1.1618,-0.19,0.104,9.81,6174937.0,696695382.676,1.086,1.168,1.086,1.06,7.74,35.38,0.81,66.24,2532511.0,3642426.0,36732692.0,5.27,-19581936.0,-2.81,56314628.0,8.08,-13841958.0,-1.99,-22890724.0,-3.29,35589.0,1.163,1.164,1745153200.0,2031358325,2031358325,2026-08-04,2026-08-04 15:34:30+08:00
159246,创业板人工智能ETF富国,1.155,1.1509,-0.36,0.102,9.69,1764524.0,197752984.703,1.077,1.158,1.077,1.053,7.69,5.28,0.67,33.77,1024421.0,740103.0,37138482.0,18.78,11263693.0,5.7,25874789.0,13.08,-19812859.0,-10.02,-17325623.0,-8.76,6642.0,1.154,1.155,3339655600.0,3857302218,3857302218,2026-08-04,2026-08-04 15:34:00+08:00
159382,创业板人工智能ETF南方,2.617,2.6137,-0.13,0.231,9.68,1047210.0,266739300.496,2.45,2.629,2.45,2.386,7.5,13.22,0.81,83.5,548225.0,498985.0,-9784501.0,-3.67,992409.0,0.37,-10776910.0,-4.04,17769249.0,6.66,-7984749.0,-2.99,-1629.0,2.617,2.618,792055712.0,2072809798,2072809798,2026-08-04,2026-08-04 15:34:15+08:00
159388,创业板人工智能ETF国泰,1.002,1.0019,-0.01,0.087,9.51,2184507.0,212336373.25,0.938,1.009,0.93,0.915,8.63,25.09,1.04,44.44,1127656.0,1056851.0,-720909.0,-0.34,-5612147.0,-2.64,4891238.0,2.3,2981095.0,1.4,-2260184.0,-1.06,-11907.0,1.002,1.003,870736992.0,872478466,872478466,2026-08-04,2026-08-04 15:34:18+08:00
515880,通信ETF国泰,0.637,0.6367,-0.05,0.055,9.45,93309241.0,5803235534.0,0.598,0.64,0.597,0.582,7.39,14.28,1.13,-30.44,48787044.0,44522198.0,883187600.0,15.22,951540080.0,16.4,-68352480.0,-1.18,-517083712.0,-8.91,-366103904.0,-6.31,-626916.0,0.637,0.638,65329774080.0,41615066089,41615066089,2026-08-04,2026-08-04 16:11:49+08:00
159583,通信ETF富国,1.582,1.5794,-0.16,0.136,9.41,4736056.0,729281466.089,1.493,1.588,1.46,1.446,8.85,19.66,1.04,38.28,2619030.0,2117026.0,103936764.0,14.25,27247542.0,3.74,76689222.0,10.52,-21857984.0,-3.0,-82078788.0,-11.25,-39728.0,1.582,1.583,2408592896.0,3810393961,3810393961,2026-08-04,2026-08-04 15:34:54+08:00
159242,创业板人工智能ETF大成,2.068,2.0697,0.08,0.177,9.36,644519.0,129194038.2,1.933,2.077,1.933,1.891,7.62,9.32,0.81,-5.28,370330.0,274189.0,6565535.0,5.08,408226.0,0.32,6157309.0,4.77,-1573064.0,-1.22,-4992471.0,-3.86,-1758.0,2.068,2.069,691278576.0,1429564095,1429564095,2026-08-04,2026-08-04 15:34:03+08:00
159279,创业板人工智能ETF华安,1.387,1.3903,0.24,0.116,9.13,776293.0,104804814.101,1.308,1.398,1.304,1.271,7.4,45.03,0.95,80.45,419388.0,356905.0,10053105.0,9.59,5526136.0,5.27,4526969.0,4.32,960306.0,0.92,-11013413.0,-10.51,5874.0,1.386,1.387,172387534.0,239101510,239101510,2026-08-04,2026-08-04 15:34:33+08:00
515050,通信ETF华夏,0.986,0.9809,-0.52,0.081,8.95,16032554.0,1543600663.0,0.928,0.99,0.926,0.905,7.07,8.92,0.98,-18.09,9158666.0,6873889.0,289728880.0,18.77,317912624.0,20.6,-28183744.0,-1.83,-143874390.0,-9.32,-145854488.0,-9.45,-162268.0,0.985,0.986,17967205376.0,17715664501,17715664501,2026-08-04,2026-08-04 16:12:00+08:00
159994,通信ETF银华,1.205,1.2039,-0.09,0.095,8.56,7575627.0,905196555.689,1.14,1.217,1.131,1.11,7.75,17.04,2.61,77.85,3470930.0,4104697.0,35126308.0,3.88,-80636256.0,-8.91,115762564.0,12.79,-2819273.0,-0.31,-32307045.0,-3.57,-24368.0,1.205,1.206,4445003264.0,5356228933,5356228933,2026-08-04,2026-08-04 15:34:06+08:00
159967,创业板成长ETF华夏,0.774,0.7756,0.21,0.059,8.25,14832311.0,1121049705.038,0.73,0.781,0.725,0.715,7.83,18.67,0.77,8.7,8272379.0,6559932.0,126687152.0,11.3,99117248.0,8.84,27569904.0,2.46,-94408532.0,-8.42,-32278612.0,-2.88,48826.0,0.773,0.774,7945905920.0,6150131182,6150131182,2026-08-04,2026-08-04 15:34:54+08:00
159811,5GETF博时,2.834,2.8298,-0.15,0.21,8.0,115178.0,32022407.4,2.685,2.848,2.685,2.624,6.21,14.34,0.59,11.79,57619.0,57559.0,11820307.0,36.91,15750685.0,49.19,-3930378.0,-12.27,-7147421.0,-22.32,-4672885.0,-14.59,-799.0,2.834,2.835,80343393.0,227693176,227693176,2026-08-04,2026-08-04 15:34:48+08:00
159507,通信ETF广发,0.818,0.815,-0.37,0.059,7.77,1098837.0,87754373.365,0.773,0.818,0.773,0.759,5.93,12.55,1.07,45.9,536172.0,562665.0,17611691.0,20.07,13877003.0,15.81,3734688.0,4.26,-8434980.0,-9.61,-9176711.0,-10.46,8721.0,0.817,0.818,875830896.0,716429673,716429673,2026-08-04,2026-08-04 15:34:48+08:00
588110,科创成长ETF广发,0.557,0.5561,-0.16,0.04,7.74,1525570.0,83164241.0,0.522,0.56,0.522,0.517,7.35,20.15,1.7,10.24,821132.0,704438.0,7253901.0,8.72,22423230.0,26.96,-15169329.0,-18.24,-4742227.0,-5.7,-2511675.0,-3.02,-8681.0,0.556,0.557,757032000.0,421666824,421666824,2026-08-04,2026-08-04 16:11:48+08:00
159511,通信ETF南方,2.356,2.3649,0.38,0.166,7.58,212080.0,48586402.3,2.227,2.364,2.227,2.19,6.26,13.87,1.21,-14.52,128734.0,83346.0,17923435.0,36.89,16645672.0,34.26,1277763.0,2.63,2237044.0,4.6,-20160479.0,-41.49,-284.0,2.356,2.358,152944573.0,360337414,360337414,2026-08-04,2026-08-04 15:34:06+08:00
159695,通信ETF嘉实,0.895,0.8919,-0.35,0.063,7.57,843679.0,73934764.2,0.848,0.898,0.848,0.832,6.01,9.82,1.04,39.89,362523.0,481156.0,-118865.0,-0.16,4378651.0,5.92,-4497516.0,-6.08,813368.0,1.1,-694502.0,-0.94,-7570.0,0.895,0.896,859436256.0,769195449,769195449,2026-08-04,2026-08-04 15:34:39+08:00
589700,科创成长ETF南方,1.931,1.9329,0.1,0.135,7.52,31636.0,6006718.0,1.815,1.943,1.815,1.796,7.13,17.3,0.9,-14.12,18893.0,12743.0,670008.0,11.15,900568.0,14.99,-230560.0,-3.84,-401481.0,-6.68,-268527.0,-4.47,-90.0,1.932,1.933,18291000.0,35319921,35319921,2026-08-04,2026-08-04 16:11:50+08:00
588070,科创成长ETF万家,1.941,1.9417,0.04,0.134,7.42,63411.0,12084337.0,1.821,1.954,1.821,1.807,7.36,19.55,1.02,-27.04,38770.0,24641.0,4471413.0,37.0,5207532.0,43.09,-736119.0,-6.09,-2498222.0,-20.67,-1973192.0,-16.33,-509.0,1.941,1.942,32437000.0,62960217,62960217,2026-08-04,2026-08-04 16:12:00+08:00
588420,科创创业人工智能ETF摩根,1.227,1.2267,-0.02,0.083,7.26,231765.0,27956056.0,1.155,1.233,1.155,1.144,6.82,6.95,1.08,14.96,155981.0,75784.0,8673574.0,31.03,1459770.0,5.22,7213804.0,25.8,-5854970.0,-20.94,-2818603.0,-10.08,-1743.0,1.227,1.228,333648000.0,409386096,409386096,2026-08-04,2026-08-04 16:11:37+08:00
588020,科创成长ETF易方达,0.758,0.7584,0.05,0.051,7.21,2546517.0,189892722.0,0.717,0.762,0.713,0.707,6.93,14.06,0.8,-10.45,1483749.0,1062768.0,21846776.0,11.5,26876975.0,14.15,-5030199.0,-2.65,-12628621.0,-6.65,-9218155.0,-4.85,-11112.0,0.757,0.758,1811373008.0,1373020740,1373020740,2026-08-04,2026-08-04 16:11:42+08:00
159022,科创创业人工智能ETF富国,1.032,1.0332,0.12,0.069,7.17,435128.0,44266507.52,0.979,1.038,0.964,0.963,7.68,21.91,1.5,-66.28,277441.0,157687.0,4160617.0,9.4,2764596.0,6.25,1396021.0,3.15,-667919.0,-1.51,-3492698.0,-7.89,768.0,1.031,1.032,198630967.0,204987158,204987158,2026-08-04,2026-08-04 15:34:06+08:00
159142,科创创业人工智能ETF景顺,1.241,1.241,0.0,0.083,7.17,1075124.0,130670988.418,1.173,1.248,1.173,1.158,6.48,7.2,0.61,55.49,638527.0,436597.0,31695526.0,24.26,36314740.0,27.79,-4619214.0,-3.53,-15279724.0,-11.69,-16415802.0,-12.56,-5045.0,1.241,1.242,1493260144.0,1853135839,1853135839,2026-08-04,2026-08-04 15:34:18+08:00
159259,成长ETF易方达,1.246,1.2481,0.17,0.083,7.14,4435428.0,544910698.956,1.183,1.257,1.182,1.163,6.45,11.3,1.12,-77.79,2611184.0,1824244.0,-17366026.0,-3.19,-114889933.0,-21.08,97523907.0,17.9,25227427.0,4.63,-7861406.0,-1.44,26283.0,1.245,1.246,3925696400.0,4891417714,4891417714,2026-08-04,2026-08-04 15:34:57+08:00
159140,科创创业人工智能ETF易方达,1.297,1.2967,-0.02,0.086,7.1,720954.0,91657292.175,1.23,1.305,1.23,1.211,6.19,14.96,0.82,-21.95,441007.0,279947.0,12593331.0,13.74,12705722.0,13.86,-112391.0,-0.12,-5610321.0,-6.12,-6983010.0,-7.62,-922.0,1.297,1.298,481936832.0,625072071,625072071,2026-08-04,2026-08-04 15:34:12+08:00
512220,TMTETF景顺,3.602,3.6026,0.02,0.238,7.07,56575.0,19996811.0,3.41,3.626,3.41,3.364,6.42,2.77,0.79,-23.39,33724.0,22851.0,-500512.0,-2.5,0.0,0.0,-500512.0,-2.5,253053.0,1.27,247458.0,1.24,-99.0,3.601,3.602,203967600.0,734691295,734691295,2026-08-04,2026-08-04 16:11:37+08:00
588410,科创创业人工智能ETF鹏华,1.235,1.237,0.16,0.081,7.02,76096.0,9256782.0,1.164,1.242,1.164,1.154,6.76,6.6,1.18,8.08,49105.0,26991.0,2986385.0,32.26,1781893.0,19.25,1204492.0,13.01,-1601955.0,-17.31,-1384429.0,-14.96,-239.0,1.235,1.237,115250000.0,142333750,142333750,2026-08-04,2026-08-04 16:11:49+08:00
588430,科创创业人工智能ETF工银,1.265,1.2645,-0.04,0.083,7.02,72279.0,8976212.0,1.193,1.272,1.193,1.182,6.68,7.49,0.82,8.97,46425.0,25854.0,1351189.0,15.05,959987.0,10.69,391202.0,4.36,-587975.0,-6.55,-763215.0,-8.5,-72.0,1.264,1.265,96458000.0,122019370,122019370,2026-08-04,2026-08-04 16:11:46+08:00
159141,科创创业人工智能ETF永赢,1.209,1.2107,0.14,0.079,6.99,2417283.0,285110256.965,1.146,1.22,1.146,1.13,6.55,12.64,2.82,10.59,1671855.0,745428.0,-31880798.0,-11.18,-74549060.0,-26.15,42668262.0,14.97,19401075.0,6.8,12479723.0,4.38,1810.0,1.208,1.209,1913060736.0,2312890430,2312890430,2026-08-04,2026-08-04 15:34:15+08:00
159139,科创创业人工智能ETF华泰柏瑞,1.29,1.2888,-0.09,0.084,6.97,476206.0,60539440.6,1.218,1.298,1.218,1.206,6.63,26.44,0.93,-14.98,301537.0,174669.0,5236169.0,8.65,10507896.0,17.36,-5271727.0,-8.71,-3086529.0,-5.1,-2149639.0,-3.55,-183.0,1.29,1.291,180109210.0,232340881,232340881,2026-08-04,2026-08-04 15:34:09+08:00
588530,科创创业人工智能ETF中银证券,0.969,0.9684,-0.06,0.063,6.95,143978.0,13676823.0,0.917,0.974,0.917,0.906,6.29,5.01,0.89,36.09,95430.0,48548.0,3459584.0,25.3,6469754.0,47.3,-3010170.0,-22.01,-2422781.0,-17.71,-1036803.0,-7.58,-340.0,0.969,0.97,287433296.0,278522864,278522864,2026-08-04,2026-08-04 16:11:52+08:00
159909,TMT50ETF招商,1.29,1.289,-0.08,0.083,6.88,123179.0,15685737.7,1.231,1.295,1.217,1.207,6.46,2.34,1.62,42.84,62105.0,61074.0,3858801.0,24.6,5751344.0,36.67,-1892543.0,-12.07,-2909347.0,-18.55,-949455.0,-6.05,134.0,1.289,1.29,526562000.0,679264980,679264980,2026-08-04,2026-08-04 15:34:36+08:00
588510,科创创业人工智能ETF华夏,0.88,0.8817,0.19,0.056,6.8,271955.0,23553952.0,0.834,0.886,0.834,0.824,6.31,8.31,0.88,-32.25,189511.0,82444.0,4294614.0,18.23,4982369.0,21.15,-687755.0,-2.92,-1667278.0,-7.08,-2627336.0,-11.15,-877.0,0.88,0.881,327175008.0,287914007,287914007,2026-08-04,2026-08-04 16:11:50+08:00
159597,创业板成长ETF易方达,0.789,0.7871,-0.24,0.05,6.77,505118.0,39280915.185,0.745,0.792,0.745,0.739,6.36,5.26,1.12,-8.57,226068.0,279050.0,7902226.0,20.12,14056758.0,35.79,-6154532.0,-15.67,-6430608.0,-16.37,-1471618.0,-3.75,657.0,0.788,0.789,960757136.0,758037380,758037380,2026-08-04,2026-08-04 15:34:42+08:00
588470,科创创业人工智能ETF华安,0.867,0.8675,0.06,0.054,6.64,338875.0,29052147.0,0.821,0.873,0.821,0.813,6.4,12.06,0.91,23.57,214677.0,124198.0,4944894.0,17.02,4929823.0,16.97,15071.0,0.05,-2572406.0,-8.85,-2372488.0,-8.17,-2181.0,0.866,0.867,280907008.0,243546376,243546376,2026-08-04,2026-08-04 16:11:32+08:00
515980,人工智能ETF华富,1.05,1.0517,0.16,0.065,6.6,4288458.0,441481966.0,0.998,1.055,0.998,0.985,5.79,7.05,1.17,-41.33,2490990.0,1797468.0,100662301.0,22.8,89929612.0,20.37,10732689.0,2.43,-55033534.0,-12.47,-45628768.0,-10.34,-10902.0,1.049,1.05,6083129088.0,6387285542,6387285542,2026-08-04,2026-08-04 16:11:52+08:00
588480,科创创业人工智能ETF中金,0.926,0.9308,0.52,0.057,6.56,158233.0,14433042.0,0.884,0.933,0.88,0.869,6.1,6.83,0.83,-53.23,128195.0,30038.0,4904368.0,33.98,1237876.0,8.58,3666492.0,25.4,-2727085.0,-18.89,-2177284.0,-15.09,-1803.0,0.926,0.927,231717000.0,214569942,214569942,2026-08-04,2026-08-04 16:12:00+08:00
588230,科创200ETF华泰柏瑞,1.614,1.6105,-0.22,0.098,6.46,847734.0,135076715.0,1.529,1.622,1.529,1.516,6.13,17.23,1.26,2.66,397920.0,449814.0,-9899144.0,-7.33,-13896190.0,-10.29,3997046.0,2.96,9120763.0,6.75,778382.0,0.58,-2711.0,1.614,1.615,491939008.0,793989559,793989559,2026-08-04,2026-08-04 16:11:35+08:00
159383,创业板50ETF华泰柏瑞,1.744,1.7372,-0.39,0.105,6.41,126585.0,21757117.6,1.653,1.75,1.653,1.639,5.92,21.07,0.9,-5.99,76555.0,50030.0,5052478.0,23.22,5500587.0,25.28,-448109.0,-2.06,-2098435.0,-9.64,-2954042.0,-13.58,-574.0,1.744,1.745,60092486.0,104801296,104801296,2026-08-04,2026-08-04 15:34:36+08:00
588270,科创200ETF易方达,1.511,1.5088,-0.15,0.091,6.41,179859.0,26635048.0,1.428,1.518,1.428,1.42,6.34,6.63,0.8,-12.48,95970.0,83889.0,2045568.0,7.68,2506949.0,9.41,-461381.0,-1.73,-1803042.0,-6.77,-242526.0,-0.91,-104.0,1.51,1.511,271410000.0,410100510,410100510,2026-08-04,2026-08-04 16:11:39+08:00
159681,创业板50ETF鹏华,1.639,1.642,0.18,0.097,6.29,1529904.0,246097659.0,1.561,1.65,1.561,1.542,5.77,12.58,0.56,-25.69,1083864.0,446040.0,28229150.0,11.47,655908.0,0.27,27573242.0,11.2,-11283331.0,-4.58,-16945820.0,-6.89,-2260.0,1.639,1.64,1215772336.0,1992650859,1992650859,2026-08-04,2026-08-04 15:34:36+08:00
159375,创业板50ETF国泰,0.745,0.7465,0.2,0.044,6.28,298438.0,21846270.2,0.715,0.749,0.703,0.701,6.56,8.16,1.0,14.57,137016.0,161422.0,3729399.0,17.07,1819729.0,8.33,1909670.0,8.74,-2311407.0,-10.58,-1417991.0,-6.49,-248.0,0.745,0.748,365595344.0,272368531,272368531,2026-08-04,2026-08-04 15:34:33+08:00
588820,科创200ETF华夏,1.729,1.7251,-0.23,0.102,6.27,233475.0,39604794.0,1.648,1.738,1.64,1.627,6.02,15.42,1.39,-51.83,127245.0,106230.0,-5788321.0,-14.62,462195.0,1.17,-6250516.0,-15.78,6135689.0,15.49,-347367.0,-0.88,-797.0,1.728,1.729,151400000.0,261770600,261770600,2026-08-04,2026-08-04 16:11:45+08:00
512770,战略新兴ETF华夏,2.531,2.5183,-0.5,0.149,6.26,24673.0,6118840.0,2.404,2.547,2.404,2.382,6.0,2.51,0.92,63.17,12545.0,12128.0,1586506.0,25.93,0.0,0.0,1586506.0,25.93,-960218.0,-15.69,-626287.0,-10.24,-92.0,2.529,2.531,98267800.0,248715802,248715802,2026-08-04,2026-08-04 16:11:44+08:00
159367,创业板50ETF华夏,1.755,1.7543,-0.04,0.103,6.23,228664.0,39443551.6,1.678,1.764,1.671,1.652,5.63,12.03,0.8,14.7,135839.0,92825.0,17789051.0,45.1,16922100.0,42.9,866951.0,2.2,-8388553.0,-21.27,-9400500.0,-23.83,-1773.0,1.755,1.756,190079029.0,333588696,333588696,2026-08-04,2026-08-04 15:34:42+08:00
589780,科创200ETF富国,1.099,1.0984,-0.05,0.064,6.18,16382.0,1772414.0,1.038,1.103,1.038,1.035,6.28,3.02,0.68,7.91,8278.0,8104.0,880400.0,49.67,0.0,0.0,880400.0,49.67,-656478.0,-37.04,-223921.0,-12.63,2.0,1.096,1.099,54215000.0,59582285,59582285,2026-08-04,2026-08-04 16:11:56+08:00
159906,深成长ETF大成,1.668,1.6722,0.25,0.097,6.17,76771.0,12599005.4,1.592,1.681,1.587,1.571,5.98,5.1,0.41,14.92,35840.0,40931.0,4628762.0,36.74,4652239.0,36.93,-23477.0,-0.19,-2227293.0,-17.68,-2401470.0,-19.06,-281.0,1.668,1.669,150639725.0,251267061,251267061,2026-08-04,2026-08-04 15:34:09+08:00
159949,创业板50ETF华安,1.666,1.6645,-0.09,0.096,6.11,18636535.0,3056242013.358,1.6,1.676,1.591,1.57,5.41,11.64,0.79,-30.82,10981640.0,7654895.0,464842912.0,15.21,380981616.0,12.47,83861296.0,2.74,-219749232.0,-7.19,-245093674.0,-8.02,-81343.0,1.666,1.667,16013785088.0,26678965957,26678965957,2026-08-04,2026-08-04 15:34:30+08:00
588850,科创机械ETF嘉实,1.649,1.6437,-0.32,0.095,6.11,179971.0,29125170.0,1.561,1.655,1.555,1.554,6.44,22.28,0.96,-54.6,104381.0,75590.0,4732291.0,16.25,3840830.0,13.19,891461.0,3.06,-2980835.0,-10.23,-1751456.0,-6.01,-3866.0,1.649,1.65,80779000.0,133204571,133204571,2026-08-04,2026-08-04 16:11:43+08:00
159682,创业板50ETF景顺,1.619,1.62,0.06,0.093,6.09,2964345.0,473232818.936,1.548,1.63,1.548,1.526,5.37,8.69,0.56,-13.17,1569352.0,1394993.0,84408676.0,17.84,94285273.0,19.92,-9876597.0,-2.09,-44174263.0,-9.33,-40234415.0,-8.5,-6068.0,1.619,1.62,3409307664.0,5519669108,5519669108,2026-08-04,2026-08-04 15:34:30+08:00
159369,创业板50ETF易方达,1.429,1.4262,-0.2,0.082,6.09,495237.0,69786211.8,1.37,1.437,1.365,1.347,5.35,11.97,0.9,-18.16,275469.0,219768.0,23125816.0,33.14,28944482.0,41.48,-5818666.0,-8.34,-12258962.0,-17.57,-10866854.0,-15.57,-1898.0,1.429,1.43,413753488.0,591253734,591253734,2026-08-04,2026-08-04 15:34:12+08:00
159372,创业板50ETF万家,1.866,1.8636,-0.13,0.107,6.08,45658.0,8381473.2,1.776,1.877,1.776,1.759,5.74,6.77,1.1,22.46,23152.0,22506.0,3430281.0,40.93,2835405.0,33.83,594876.0,7.1,-2902685.0,-34.63,-527597.0,-6.29,-20.0,1.866,1.868,67451588.0,125864663,125864663,2026-08-04,2026-08-04 15:34:09+08:00
159248,人工智能ETF万家,1.818,1.8262,0.45,0.104,6.07,154547.0,27669815.78,1.737,1.826,1.737,1.714,5.19,12.35,0.98,-29.93,101683.0,52864.0,4895715.0,17.69,10823535.0,39.12,-5927820.0,-21.42,-1395487.0,-5.04,-3500228.0,-12.65,533.0,1.816,1.818,125095652.0,227423895,227423895,2026-08-04,2026-08-04 15:34:45+08:00
516050,科技龙头ETF工银,1.331,1.3306,-0.03,0.076,6.06,93985.0,12340147.0,1.26,1.34,1.26,1.255,6.37,5.76,0.77,3.36,55200.0,38785.0,2529340.0,20.5,2170479.0,17.59,358861.0,2.91,-1117963.0,-9.06,-1411377.0,-11.44,-285.0,1.33,1.331,163228000.0,217256468,217256468,2026-08-04,2026-08-04 16:11:51+08:00
159373,创业板50ETF嘉实,1.785,1.7847,-0.02,0.102,6.06,129349.0,22680237.0,1.686,1.792,1.686,1.683,6.3,8.77,0.46,18.02,89408.0,39941.0,-5510860.0,-24.3,-2320157.0,-10.23,-3190703.0,-14.07,3688427.0,16.26,1822431.0,8.04,320.0,1.784,1.785,147557494.0,263390127,263390127,2026-08-04,2026-08-04 15:34:48+08:00
159371,创业板50ETF富国,1.746,1.748,0.11,0.099,6.01,90785.0,15604956.8,1.674,1.757,1.668,1.647,5.4,4.82,0.69,-67.08,48658.0,42127.0,7449652.0,47.74,8243307.0,52.82,-793655.0,-5.09,-3734074.0,-23.93,-3715578.0,-23.81,405.0,1.745,1.746,188221172.0,328634166,328634166,2026-08-04,2026-08-04 15:34:30+08:00
515000,科技ETF华宝,1.238,1.2358,-0.18,0.07,5.99,1337132.0,162622334.0,1.181,1.245,1.177,1.168,5.82,4.2,0.92,10.28,820214.0,516919.0,38758886.0,23.83,21841246.0,13.43,16917640.0,10.4,-18470318.0,-11.36,-20288570.0,-12.48,-9168.0,1.238,1.239,3180579296.0,3937557168,3937557168,2026-08-04,2026-08-04 16:11:48+08:00
588140,科创200ETF广发,1.082,1.0832,0.11,0.061,5.97,43317.0,4617951.0,1.033,1.088,1.023,1.021,6.37,1.84,0.72,2.69,23954.0,19363.0,42232.0,0.91,281495.0,6.1,-239263.0,-5.18,648630.0,14.05,-690862.0,-14.96,-151.0,1.081,1.082,235751000.0,255082582,255082582,2026-08-04,2026-08-04 16:11:38+08:00
159831,金ETF嘉实,9.0,8.4939,-5.96,0.507,5.97,34061.0,28983609.3,8.493,9.0,8.471,8.493,6.23,1.68,0.8,96.3,17441.0,16620.0,732875.0,2.53,0.0,0.0,732875.0,2.53,-887594.0,-3.06,154718.0,0.53,1102.0,8.526,9.0,202256243.0,1820306187,1820306187,2026-08-04,2026-08-04 15:34:06+08:00
588500,科创100增强ETF易方达,2.24,2.2465,0.29,0.125,5.91,65067.0,14235709.0,2.121,2.249,2.116,2.115,6.29,16.01,1.47,-0.94,30975.0,34092.0,492597.0,3.46,0.0,0.0,492597.0,3.46,310730.0,2.18,-803328.0,-5.64,-694.0,2.24,2.245,40647000.0,91049280,91049280,2026-08-04,2026-08-04 16:11:38+08:00
159675,创业板增强ETF嘉实,1.419,1.4253,0.44,0.079,5.9,122334.0,17121128.8,1.35,1.427,1.35,1.34,5.75,16.79,0.83,33.31,78413.0,43921.0,3771122.0,22.03,835896.0,4.88,2935226.0,17.14,-1886192.0,-11.02,-1884930.0,-11.01,-390.0,1.419,1.42,72846691.0,103369455,103369455,2026-08-04,2026-08-04 15:34:30+08:00
588660,科创创业50ETF兴银,1.835,1.8397,0.26,0.102,5.89,48706.0,8813256.0,1.759,1.842,1.75,1.733,5.31,10.29,0.58,-7.06,30604.0,18102.0,1165937.0,13.23,0.0,0.0,1165937.0,13.23,-287548.0,-3.26,-878389.0,-9.97,-1175.0,1.827,1.835,47344000.0,86876240,86876240,2026-08-04,2026-08-04 16:11:34+08:00
159819,人工智能ETF易方达,1.822,1.8231,0.06,0.101,5.87,4337895.0,777124660.954,1.744,1.833,1.742,1.721,5.29,3.76,1.06,-39.56,2207542.0,2130353.0,107603680.0,13.85,138887745.0,17.87,-31284065.0,-4.03,-44247831.0,-5.69,-63355859.0,-8.15,-19856.0,1.822,1.823,11547229696.0,21039052506,21039052506,2026-08-04,2026-08-04 15:34:00+08:00
588240,科创200ETF鹏华,1.482,1.4833,0.09,0.082,5.86,346038.0,50299244.0,1.413,1.489,1.407,1.4,5.86,26.9,1.28,-33.3,181760.0,164278.0,-1075763.0,-2.14,4199341.0,8.35,-5275104.0,-10.49,1077917.0,2.14,-2155.0,0.0,-197.0,1.482,1.483,128633000.0,190634106,190634106,2026-08-04,2026-08-04 16:11:58+08:00
159952,创业板ETF广发,2.13,2.1264,-0.17,0.118,5.86,4166507.0,873141218.15,2.04,2.141,2.037,2.012,5.17,7.57,0.52,-82.89,2589555.0,1576952.0,277576790.0,31.79,235189710.0,26.94,42387080.0,4.85,-134102103.0,-15.36,-143474691.0,-16.43,46575.0,2.129,2.13,5500685056.0,11716459169,11716459169,2026-08-04,2026-08-04 15:34:42+08:00
159370,创50ETF工银,1.843,1.8522,0.5,0.102,5.86,57822.0,10537175.5,1.744,1.856,1.744,1.741,6.43,2.61,0.82,51.11,27159.0,30663.0,-384191.0,-3.65,607645.0,5.77,-991836.0,-9.41,1220086.0,11.58,-835896.0,-7.93,-83.0,1.843,1.849,221316009.0,407885405,407885405,2026-08-04,2026-08-04 15:34:06+08:00
159298,创业板50ETF大成,1.233,1.2361,0.25,0.068,5.84,179029.0,21732222.1,1.18,1.243,1.176,1.165,5.75,10.64,1.04,-29.6,115772.0,63257.0,8309234.0,38.23,8223370.0,37.84,85864.0,0.4,-4234144.0,-19.48,-4075089.0,-18.75,907.0,1.232,1.233,168281082.0,207490574,207490574,2026-08-04,2026-08-04 15:34:12+08:00
589220,科创200ETF国泰,0.907,0.9089,0.21,0.05,5.83,404995.0,36357017.0,0.861,0.915,0.86,0.857,6.42,12.33,0.93,5.13,228936.0,176059.0,3834511.0,10.55,3564593.0,9.8,269918.0,0.74,-3080407.0,-8.47,-754103.0,-2.07,-61.0,0.907,0.908,328495808.0,297945698,297945698,2026-08-04,2026-08-04 16:11:40+08:00
589330,科创200ETF东财,0.78,0.7838,0.48,0.043,5.83,98894.0,7590713.0,0.743,0.785,0.743,0.737,5.7,8.53,0.71,38.32,83797.0,15097.0,664302.0,8.75,-387910.0,-5.11,1052212.0,13.86,-313578.0,-4.13,-350724.0,-4.62,-509.0,0.78,0.781,115902000.0,90403560,90403560,2026-08-04,2026-08-04 16:11:39+08:00
159908,创业板ETF博时,3.272,3.2726,0.02,0.18,5.82,145188.0,46730015.8,3.134,3.285,3.114,3.092,5.53,4.46,0.66,60.55,87795.0,57393.0,5242830.0,11.22,9040150.0,19.35,-3797320.0,-8.13,745822.0,1.6,-5988652.0,-12.82,-840.0,3.272,3.273,325229024.0,1064149367,1064149367,2026-08-04,2026-08-04 15:34:12+08:00
561460,人工智能ETF天弘,0.84,0.8411,0.13,0.046,5.79,243433.0,20160161.0,0.802,0.843,0.802,0.794,5.16,8.22,1.12,-2.55,136839.0,106594.0,3049738.0,15.13,3511737.0,17.42,-461999.0,-2.29,-1499786.0,-7.44,-1549951.0,-7.69,-1106.0,0.839,0.84,296020000.0,248656800,248656800,2026-08-04,2026-08-04 16:11:44+08:00
159516,半导体设备ETF国泰,0.64,0.6405,0.08,0.035,5.79,90309591.0,5677939641.125,0.61,0.65,0.604,0.605,7.6,15.41,0.96,-24.91,48661005.0,41648586.0,684917056.0,12.06,1409603616.0,24.83,-724686560.0,-12.76,-445514352.0,-7.85,-239402720.0,-4.22,571653.0,0.639,0.64,58610360064.0,37510630441,37510630441,2026-08-04,2026-08-04 15:34:00+08:00
159665,半导体龙头ETF工银,2.301,2.3082,0.31,0.126,5.79,366979.0,82993115.8,2.2,2.323,2.181,2.175,6.53,14.3,0.84,91.66,206742.0,160237.0,11496114.0,13.85,4378712.0,5.28,7117402.0,8.58,-3074375.0,-3.7,-8421739.0,-10.15,1122.0,2.3,2.301,256576860.0,590383355,590383355,2026-08-04,2026-08-04 15:34:39+08:00
159997,电子ETF天弘,1.992,1.9898,-0.11,0.109,5.79,487472.0,95404522.09,1.909,2.008,1.897,1.883,5.89,6.9,1.07,81.16,287893.0,199579.0,-4626848.0,-4.85,5766123.0,6.04,-10392971.0,-10.89,-23435203.0,-24.56,28062051.0,29.41,-1371.0,1.992,1.994,706306640.0,1406962827,1406962827,2026-08-04,2026-08-04 15:34:51+08:00
159821,创业板ETF中银证券,1.317,1.3128,-0.32,0.072,5.78,35954.0,4646318.9,1.262,1.322,1.26,1.245,4.98,5.45,0.86,-41.62,18675.0,17279.0,1809799.0,38.95,0.0,0.0,1809799.0,38.95,-1026585.0,-22.09,-783214.0,-16.86,57.0,1.316,1.317,65920000.0,86816640,86816640,2026-08-04,2026-08-04 15:34:39+08:00
515070,人工智能ETF华夏,1.153,1.1537,0.06,0.063,5.78,1844617.0,208731711.0,1.102,1.159,1.102,1.09,5.23,2.51,0.83,14.72,1072166.0,772451.0,39997109.0,19.16,22349274.0,10.71,17647835.0,8.45,-19305656.0,-9.25,-20691454.0,-9.91,-9561.0,1.152,1.153,7350940416.0,8475634300,8475634300,2026-08-04,2026-08-04 16:11:58+08:00
159205,创业板ETF东财,1.71,1.7149,0.29,0.093,5.75,1674956.0,281030337.492,1.633,1.717,1.633,1.617,5.19,22.12,0.8,47.71,1013305.0,661651.0,93992386.0,33.45,14336281.0,5.1,79656105.0,28.34,-32252485.0,-11.48,-61739901.0,-21.97,13786.0,1.709,1.71,757056064.0,1294565869,1294565869,2026-08-04,2026-08-04 15:34:15+08:00
159957,创业板ETF华夏,2.3,2.2994,-0.03,0.125,5.75,1425641.0,322520916.535,2.197,2.313,2.197,2.175,5.33,11.17,0.64,76.33,938573.0,487067.0,87350320.0,27.08,39489941.0,12.24,47860379.0,14.84,-21551476.0,-6.68,-65798843.0,-20.4,-5838.0,2.3,2.301,1276784560.0,2936604488,2936604488,2026-08-04,2026-08-04 15:34:42+08:00
159948,创业板ETF南方,3.875,3.8749,0.0,0.21,5.73,409108.0,155598150.7,3.699,3.895,3.699,3.665,5.35,3.39,0.64,75.11,247589.0,161519.0,563066.0,0.36,-9374983.0,-6.03,9938049.0,6.39,8974429.0,5.77,-9537495.0,-6.13,478.0,3.874,3.875,1205697728.0,4672078696,4672078696,2026-08-04,2026-08-04 15:34:27+08:00
512930,AI人工智能ETF平安,0.647,0.646,-0.15,0.035,5.72,3053217.0,193817953.0,0.619,0.65,0.618,0.612,5.23,6.32,0.8,-36.82,1925771.0,1127446.0,39397617.0,20.33,49035971.0,25.3,-9638354.0,-4.97,-25148685.0,-12.98,-14248933.0,-7.35,-14714.0,0.646,0.647,4832521216.0,3126641227,3126641227,2026-08-04,2026-08-04 16:11:43+08:00
159971,创业板ETF富国,1.219,1.2168,-0.18,0.066,5.72,1557178.0,186555854.492,1.162,1.226,1.162,1.153,5.55,9.08,0.67,24.49,1001867.0,555311.0,59987246.0,32.16,30810636.0,16.52,29176610.0,15.64,-34368251.0,-18.42,-25618995.0,-13.73,-5003.0,1.219,1.22,1714020288.0,2089390731,2089390731,2026-08-04,2026-08-04 15:34:42+08:00
159915,创业板ETF易方达,3.514,3.5127,-0.04,0.189,5.68,27905764.0,9646117693.115,3.375,3.533,3.361,3.325,5.17,13.71,0.74,67.65,14610951.0,13294813.0,2477177664.0,25.68,2759062752.0,28.6,-281885088.0,-2.92,-1215759184.0,-12.6,-1261418512.0,-13.08,-138119.0,3.514,3.515,20359454976.0,71543124786,71543124786,2026-08-04,2026-08-04 15:34:48+08:00
588330,双创50ETF华宝,1.116,1.1158,-0.02,0.06,5.68,975255.0,107084423.0,1.07,1.122,1.065,1.056,5.4,7.84,0.86,-4.65,561379.0,413876.0,24481337.0,22.86,18901155.0,17.65,5580182.0,5.21,-15412681.0,-14.39,-9068656.0,-8.47,-7685.0,1.115,1.116,1243737808.0,1388011394,1388011394,2026-08-04,2026-08-04 16:11:41+08:00
159814,创业大盘ETF西部利得,0.726,0.7277,0.23,0.039,5.68,605406.0,43472220.3,0.697,0.732,0.695,0.687,5.39,11.46,0.79,71.37,394343.0,211063.0,4586393.0,10.55,646091.0,1.49,3940302.0,9.06,-5225748.0,-12.02,639353.0,1.47,-1169.0,0.726,0.727,528246528.0,383506979,383506979,2026-08-04,2026-08-04 15:34:39+08:00
159781,科创创业ETF易方达,1.099,1.1,0.09,0.059,5.67,7070295.0,769104835.217,1.059,1.108,1.05,1.04,5.58,4.61,0.96,7.99,4557736.0,2512559.0,66008182.0,8.58,24933840.0,3.24,41074342.0,5.34,-29532124.0,-3.84,-36476064.0,-4.74,-24552.0,1.099,1.1,15349860608.0,16869496808,16869496808,2026-08-04,2026-08-04 15:34:36+08:00
562950,消费电子ETF易方达,1.49,1.49,0.0,0.08,5.67,623672.0,91755535.0,1.43,1.498,1.42,1.41,5.53,6.6,1.1,-20.44,388826.0,234846.0,7723258.0,8.42,6053328.0,6.6,1669930.0,1.82,-1211607.0,-1.32,-6511651.0,-7.1,-2067.0,1.49,1.491,944258304.0,1406944873,1406944873,2026-08-04,2026-08-04 16:11:55+08:00
588780,科创芯片设计ETF国联安,0.935,0.9335,-0.16,0.05,5.65,2503450.0,229512083.0,0.899,0.943,0.887,0.885,6.33,21.29,0.81,7.69,1098453.0,1404997.0,10849718.0,4.73,31649861.0,13.79,-20800143.0,-9.06,-18122336.0,-7.9,7272618.0,3.17,-11830.0,0.934,0.935,1175902000.0,1099468370,1099468370,2026-08-04,2026-08-04 16:11:42+08:00
515260,电子ETF华宝,0.808,0.8093,0.16,0.043,5.62,596664.0,47236372.0,0.775,0.813,0.77,0.765,5.62,6.76,0.88,1.97,357594.0,239070.0,10053427.0,21.28,3137927.0,6.64,6915500.0,14.64,-6558762.0,-13.88,-3494665.0,-7.4,-4072.0,0.808,0.809,882568400.0,713115267,713115267,2026-08-04,2026-08-04 16:11:36+08:00
560660,云计算50ETF新华,1.128,1.1257,-0.2,0.06,5.62,169109.0,18758539.0,1.088,1.128,1.083,1.068,4.21,12.53,1.44,8.77,78863.0,90246.0,2314633.0,12.34,3276863.0,17.47,-962230.0,-5.13,-1458963.0,-7.78,-855670.0,-4.56,-1289.0,1.128,1.129,134938000.0,152210064,152210064,2026-08-04,2026-08-04 16:11:43+08:00
563560,科技成长ETF兴业,1.165,1.1677,0.23,0.062,5.62,157933.0,18067617.0,1.109,1.175,1.109,1.103,5.98,24.01,2.17,-27.85,101293.0,56640.0,-4815560.0,-26.65,-2953562.0,-16.35,-1861998.0,-10.31,4693365.0,25.98,122195.0,0.68,-2260.0,1.163,1.165,65769000.0,76620885,76620885,2026-08-04,2026-08-04 16:11:39+08:00
588890,科创芯片ETF南方,3.725,3.7371,0.32,0.198,5.61,657005.0,239862078.0,3.57,3.766,3.539,3.527,6.44,7.47,0.99,74.34,384512.0,272493.0,-3904412.0,-1.63,-22494690.0,-9.38,18590278.0,7.75,15294261.0,6.38,-11389850.0,-4.75,-2581.0,3.725,3.726,879810000.0,3277292250,3277292250,2026-08-04,2026-08-04 16:11:58+08:00
589070,科创芯片设计ETF天弘,1.017,1.0178,0.08,0.054,5.61,1769732.0,176799930.0,0.975,1.025,0.965,0.963,6.23,9.34,0.89,14.64,1036288.0,733444.0,15610919.0,8.83,11823305.0,6.69,3787614.0,2.14,-7571208.0,-4.28,-8039711.0,-4.55,-2480.0,1.016,1.017,1895293008.0,1927512989,1927512989,2026-08-04,2026-08-04 16:11:37+08:00
562590,半导体设备ETF华夏,0.904,0.9035,-0.06,0.048,5.61,8559567.0,758466646.0,0.862,0.917,0.853,0.856,7.48,9.87,0.93,20.61,4315660.0,4243908.0,122423755.0,16.14,96709131.0,12.75,25714624.0,3.39,-68610223.0,-9.05,-53813539.0,-7.1,-57599.0,0.904,0.905,8668988928.0,7836765991,7836765991,2026-08-04,2026-08-04 16:11:35+08:00
561310,消电ETF国泰,0.68,0.6798,-0.03,0.036,5.59,175354.0,11727297.0,0.647,0.684,0.647,0.644,5.75,16.26,1.28,3.75,95935.0,79419.0,1340461.0,11.43,1181651.0,10.08,158810.0,1.35,-811487.0,-6.92,-528974.0,-4.51,-490.0,0.679,0.68,107833100.0,73326508,73326508,2026-08-04,2026-08-04 16:11:57+08:00
159991,创业板大盘ETF招商,0.831,0.8326,0.19,0.044,5.59,94020.0,7692680.0,0.792,0.836,0.792,0.787,5.59,8.68,0.71,-63.1,55405.0,38615.0,2225206.0,28.93,3309265.0,43.02,-1084059.0,-14.09,-1053433.0,-13.69,-1171772.0,-15.23,267.0,0.83,0.831,108263172.0,89966696,89966696,2026-08-04,2026-08-04 15:34:03+08:00
589210,科创芯片设计ETF广发,0.642,0.6423,0.05,0.034,5.59,247666.0,15659592.0,0.612,0.647,0.611,0.608,5.92,2.12,0.93,-12.86,124848.0,122818.0,2207786.0,14.1,2711128.0,17.31,-503342.0,-3.21,-1180252.0,-7.54,-1027536.0,-6.56,-1425.0,0.641,0.642,1168938000.0,750458196,750458196,2026-08-04,2026-08-04 16:11:43+08:00
561980,半导体设备ETF招商,0.643,0.6416,-0.22,0.034,5.58,8727454.0,550420164.0,0.614,0.652,0.608,0.609,7.22,10.15,0.79,18.35,4643481.0,4083973.0,114357407.0,20.78,175489257.0,31.88,-61131850.0,-11.11,-75733182.0,-13.76,-38624226.0,-7.02,-51199.0,0.642,0.643,8600549888.0,5530153578,5530153578,2026-08-04,2026-08-04 16:11:45+08:00
159810,创业板ETF浦银,1.401,1.4085,0.53,0.074,5.58,50450.0,6995430.7,1.365,1.409,1.334,1.327,5.65,8.34,0.77,19.08,31215.0,19235.0,799184.0,11.42,1155475.0,16.52,-356291.0,-5.09,129061.0,1.84,-928245.0,-13.27,-1.0,1.401,1.402,60475458.0,84726117,84726117,2026-08-04,2026-08-04 15:34:36+08:00
159782,双创50ETF银华,1.098,1.0974,-0.05,0.058,5.58,412159.0,44609909.329,1.054,1.105,1.049,1.04,5.38,6.83,0.78,-9.7,235178.0,176981.0,12810320.0,28.72,13595722.0,30.48,-785402.0,-1.76,-5967352.0,-13.38,-6842969.0,-15.34,3859.0,1.097,1.098,603190272.0,662302919,662302919,2026-08-04,2026-08-04 15:34:42+08:00
159956,创业板ETF建信,2.213,2.2193,0.28,0.117,5.58,29588.0,6455918.7,2.116,2.228,2.116,2.096,5.34,6.17,0.73,-43.4,13639.0,15949.0,-429943.0,-6.66,0.0,0.0,-429943.0,-6.66,914617.0,14.17,-484673.0,-7.51,-10.0,2.205,2.214,47978674.0,106176806,106176806,2026-08-04,2026-08-04 15:34:39+08:00
588200,科创芯片ETF嘉实,1.099,1.0997,0.06,0.058,5.57,46515242.0,5031612472.0,1.051,1.111,1.044,1.041,6.44,10.43,0.94,20.42,23078223.0,23437019.0,624892992.0,12.42,746213008.0,14.83,-121320016.0,-2.41,-369258384.0,-7.34,-255634610.0,-5.08,-370471.0,1.099,1.1,44584184320.0,48998018568,48998018568,2026-08-04,2026-08-04 16:11:40+08:00
588380,科创创业ETF富国,1.122,1.1209,-0.1,0.059,5.55,910561.0,100295712.0,1.075,1.129,1.072,1.063,5.36,3.35,0.75,8.06,529556.0,381005.0,16572302.0,16.52,12360118.0,12.32,4212184.0,4.2,-9545364.0,-9.52,-7026939.0,-7.01,-4552.0,1.121,1.122,2717770000.0,3049337940,3049337940,2026-08-04,2026-08-04 16:11:55+08:00
159783,科创创业50ETF华夏,1.104,1.1055,0.14,0.058,5.54,2149376.0,233691642.685,1.058,1.112,1.055,1.046,5.45,4.03,0.86,21.26,1324605.0,824771.0,10838111.0,4.64,2285445.0,0.98,8552666.0,3.66,5681435.0,2.43,-16519546.0,-7.07,-5261.0,1.104,1.105,5327059456.0,5881073639,5881073639,2026-08-04,2026-08-04 15:34:24+08:00
561600,消费电子ETF平安,0.705,0.7054,0.06,0.037,5.54,310292.0,21483297.0,0.673,0.71,0.673,0.668,5.54,10.75,0.89,-5.78,198264.0,112028.0,3853491.0,17.94,2152236.0,10.02,1701255.0,7.92,-1571384.0,-7.31,-2282107.0,-10.62,-1842.0,0.704,0.705,288548000.0,203426340,203426340,2026-08-04,2026-08-04 16:11:39+08:00
159295,创业综指ETF西部利得,0.974,0.9801,0.62,0.051,5.53,105306.0,9950720.1,0.93,0.982,0.916,0.923,7.15,14.43,0.93,-63.35,31874.0,73432.0,368103.0,3.7,1709447.0,17.18,-1341344.0,-13.48,345969.0,3.48,-714072.0,-7.18,-66.0,0.974,0.978,72958239.0,71061325,71061325,2026-08-04,2026-08-04 15:34:09+08:00
588550,科创综指增强ETF易方达,1.24,1.2403,0.02,0.065,5.53,68199.0,8278707.0,1.179,1.257,1.175,1.175,6.98,9.57,1.17,79.42,40351.0,27848.0,1577387.0,19.05,2875269.0,34.73,-1297882.0,-15.68,-864421.0,-10.44,-712966.0,-8.61,-148.0,1.239,1.24,71290000.0,88399600,88399600,2026-08-04,2026-08-04 16:11:33+08:00
562820,集成电路ETF嘉实,0.918,0.9169,-0.12,0.048,5.52,385280.0,34744165.0,0.88,0.926,0.87,0.87,6.44,8.83,0.85,6.47,224542.0,160738.0,-1901997.0,-5.47,-56077.0,-0.16,-1845920.0,-5.31,-4662411.0,-13.42,6564406.0,18.89,-2993.0,0.917,0.918,436408000.0,400622544,400622544,2026-08-04,2026-08-04 16:11:45+08:00
589260,科创芯片设计ETF国泰,1.185,1.1836,-0.12,0.062,5.52,91320.0,10668625.0,1.125,1.194,1.125,1.123,6.14,15.7,1.09,-1.51,38786.0,52534.0,886578.0,8.31,2702361.0,25.33,-1815783.0,-17.02,-431812.0,-4.05,-454766.0,-4.26,1.0,1.183,1.185,58156000.0,68914860,68914860,2026-08-04,2026-08-04 16:11:46+08:00
159977,创业板ETF天弘,1.817,1.8164,-0.03,0.095,5.52,1782446.0,318774090.5,1.743,1.829,1.743,1.722,4.99,4.95,0.98,-52.34,873543.0,908903.0,41611725.0,13.05,36074158.0,11.32,5537567.0,1.74,-14041617.0,-4.4,-27570108.0,-8.65,6641.0,1.816,1.817,3603872816.0,6548236907,6548236907,2026-08-04,2026-08-04 15:34:54+08:00
588810,科创芯片ETF富国,2.354,2.3551,0.05,0.123,5.51,573706.0,132656167.0,2.249,2.38,2.237,2.231,6.41,9.23,0.91,-12.48,350178.0,223528.0,11251772.0,8.48,2024850.0,1.53,9226922.0,6.96,877667.0,0.66,-12129438.0,-9.14,-2781.0,2.353,2.354,621324000.0,1462596696,1462596696,2026-08-04,2026-08-04 16:11:48+08:00
589320,科创200ETF嘉实,0.767,0.7697,0.35,0.04,5.5,44973.0,3415864.0,0.733,0.773,0.733,0.727,5.5,3.57,0.4,-1.54,26113.0,18860.0,1141170.0,33.41,618440.0,18.1,522730.0,15.3,-595413.0,-17.43,-545756.0,-15.98,-101.0,0.767,0.768,126053000.0,96682651,96682651,2026-08-04,2026-08-04 16:11:58+08:00
159779,消费电子ETF招商,1.382,1.3874,0.39,0.072,5.5,55415.0,7587297.4,1.324,1.389,1.321,1.31,5.19,4.23,0.6,-14.49,24186.0,31229.0,1578523.0,20.8,2069607.0,27.28,-491084.0,-6.47,-49810.0,-0.66,-1528712.0,-20.15,-386.0,1.382,1.383,130869337.0,180861424,180861424,2026-08-04,2026-08-04 15:34:27+08:00
159732,消费电子ETF华夏,1.304,1.3004,-0.28,0.068,5.5,3002177.0,384772415.471,1.248,1.31,1.243,1.236,5.42,12.58,1.0,13.16,1691755.0,1310422.0,28689221.0,7.46,15951611.0,4.15,12737610.0,3.31,-18222878.0,-4.74,-10466343.0,-2.72,12225.0,1.303,1.304,2386447904.0,3111928067,3111928067,2026-08-04,2026-08-04 15:34:30+08:00
588920,科创芯片ETF鹏华,2.109,2.1113,0.11,0.11,5.5,224371.0,46476413.0,2.017,2.133,2.005,1.999,6.4,12.94,0.97,21.97,141427.0,82944.0,5540099.0,11.92,4771607.0,10.27,768492.0,1.65,1163741.0,2.5,-6703840.0,-14.42,-1611.0,2.109,2.112,173438000.0,365780742,365780742,2026-08-04,2026-08-04 16:11:34+08:00
589350,科创芯片设计ETF银华,0.73,0.7295,-0.07,0.038,5.49,364636.0,26173571.0,0.697,0.735,0.693,0.692,6.07,15.83,1.18,23.72,236795.0,127840.0,4608247.0,17.61,9460667.0,36.15,-4852420.0,-18.54,-3143184.0,-12.01,-1465062.0,-5.6,-2506.0,0.729,0.73,230281500.0,168105495,168105495,2026-08-04,2026-08-04 16:11:55+08:00
560780,半导体设备ETF广发,0.941,0.9418,0.08,0.049,5.49,12071088.0,1115878563.0,0.899,0.957,0.889,0.892,7.62,10.0,0.94,-3.71,6141103.0,5929985.0,215482128.0,19.31,201545280.0,18.06,13936848.0,1.25,-129160625.0,-11.57,-86321497.0,-7.74,-53627.0,0.941,0.942,12070488064.0,11358329268,11358329268,2026-08-04,2026-08-04 16:11:43+08:00
159964,创业板ETF平安,2.288,2.2872,-0.03,0.119,5.49,33823.0,7632319.4,2.19,2.301,2.172,2.169,5.95,2.04,0.5,40.45,18977.0,14846.0,2629777.0,34.46,2818125.0,36.92,-188348.0,-2.47,-218541.0,-2.86,-2411236.0,-31.59,-5.0,2.288,2.29,165481881.0,378622544,378622544,2026-08-04,2026-08-04 15:34:48+08:00
588390,科创创业ETF博时,1.194,1.1947,0.06,0.062,5.48,64061.0,7580635.0,1.148,1.203,1.141,1.132,5.48,3.68,0.69,24.7,44972.0,19089.0,1095748.0,14.45,2089043.0,27.56,-993295.0,-13.1,-170200.0,-2.25,-925549.0,-12.21,-6.0,1.194,1.195,173935900.0,207679465,207679465,2026-08-04,2026-08-04 16:11:42+08:00
159603,科创创业ETF天弘,1.693,1.6938,0.05,0.088,5.48,194670.0,32420894.2,1.626,1.704,1.608,1.605,5.98,0.72,0.84,-24.44,113565.0,81105.0,13287268.0,40.98,19840727.0,61.2,-6553459.0,-20.21,-8972947.0,-27.68,-4314320.0,-13.31,509.0,1.691,1.693,2710071920.0,4588151761,4588151761,2026-08-04,2026-08-04 15:34:30+08:00
159780,科创创业50ETF南方,1.098,1.0999,0.17,0.057,5.48,1697882.0,184605954.67,1.052,1.105,1.049,1.041,5.38,4.8,0.85,3.5,1170579.0,527303.0,-24348165.0,-13.19,-40007028.0,-21.67,15658863.0,8.48,27118548.0,14.69,-2770381.0,-1.5,12606.0,1.097,1.098,3538048576.0,3884777336,3884777336,2026-08-04,2026-08-04 15:34:30+08:00
159667,工业母机ETF国泰,0.636,0.6336,-0.38,0.033,5.47,2869229.0,179525680.13,0.607,0.638,0.604,0.603,5.64,9.26,1.25,-33.48,1872784.0,996445.0,10206690.0,5.69,-8544973.0,-4.76,18751663.0,10.45,-3412126.0,-1.9,-6794563.0,-3.78,15861.0,0.635,0.636,3099050720.0,1970996258,1970996258,2026-08-04,2026-08-04 15:34:03+08:00
159558,半导体设备ETF易方达,1.003,1.0027,-0.03,0.052,5.47,24392905.0,2398820222.601,0.958,1.019,0.947,0.951,7.57,13.4,0.93,24.59,12765011.0,11627894.0,511644928.0,21.33,464867968.0,19.38,46776960.0,1.95,-289119424.0,-12.05,-222525485.0,-9.28,-168745.0,1.003,1.004,18209563904.0,18264192596,18264192596,2026-08-04,2026-08-04 15:34:06+08:00
588750,科创芯片ETF汇添富,2.198,2.198,0.0,0.114,5.47,1601699.0,345497787.0,2.099,2.222,2.085,2.084,6.57,4.85,0.93,42.58,956769.0,644930.0,49873466.0,14.44,26401233.0,7.64,23472233.0,6.79,-8713153.0,-2.52,-41160313.0,-11.91,-10138.0,2.198,2.199,3301228000.0,7256099144,7256099144,2026-08-04,2026-08-04 16:11:56+08:00
589190,科创芯片ETF华宝,0.598,0.6006,0.43,0.031,5.47,1309700.0,77225428.0,0.572,0.605,0.568,0.567,6.53,4.24,1.27,8.89,627914.0,681786.0,7861842.0,10.18,8524646.0,11.04,-662804.0,-0.86,-4524036.0,-5.86,-3337806.0,-4.32,-6953.0,0.598,0.599,3085562000.0,1845166076,1845166076,2026-08-04,2026-08-04 16:12:01+08:00
588300,科创创业50ETF招商,1.139,1.1361,-0.26,0.059,5.46,562061.0,63026448.0,1.095,1.145,1.087,1.08,5.37,3.63,0.89,5.47,303976.0,258085.0,9753339.0,15.47,7953102.0,12.62,1800237.0,2.86,-2530634.0,-4.02,-7222706.0,-11.46,-3890.0,1.139,1.14,1549210496.0,1764550755,1764550755,2026-08-04,2026-08-04 16:11:48+08:00
589100,科创芯片ETF国泰,0.851,0.8522,0.14,0.044,5.45,1035610.0,86498165.0,0.816,0.86,0.809,0.807,6.32,10.93,0.94,8.58,619009.0,416601.0,12743817.0,14.73,-1137467.0,-1.32,13881284.0,16.05,-6044454.0,-6.99,-6699363.0,-7.75,-5584.0,0.85,0.851,947442496.0,806273564,806273564,2026-08-04,2026-08-04 16:11:40+08:00
159327,半导体设备ETF万家,1.026,1.0252,-0.08,0.053,5.45,4478628.0,448336074.964,0.973,1.042,0.967,0.973,7.71,19.89,1.15,-2.22,2656567.0,1822060.0,64533725.0,14.39,49570807.0,11.06,14962918.0,3.34,-35494439.0,-7.92,-29039286.0,-6.48,-29409.0,1.026,1.027,2251574096.0,2310115022,2310115022,2026-08-04,2026-08-04 15:34:09+08:00
589030,科创芯片设计ETF易方达,1.085,1.0874,0.22,0.056,5.44,722305.0,77199190.0,1.038,1.096,1.031,1.029,6.32,19.36,0.72,23.77,359780.0,362525.0,10372242.0,13.44,11933259.0,15.46,-1561017.0,-2.02,-5163538.0,-6.69,-5208703.0,-6.75,-1991.0,1.084,1.085,373077008.0,404788554,404788554,2026-08-04,2026-08-04 16:11:48+08:00
589200,科创200ETF工银,1.223,1.2265,0.29,0.063,5.43,25509.0,3071852.0,1.183,1.231,1.173,1.16,5.0,10.0,0.6,7.76,16805.0,8704.0,-127725.0,-4.16,484198.0,15.76,-611923.0,-19.92,520657.0,16.95,-392932.0,-12.79,-42.0,1.223,1.226,25507000.0,31195061,31195061,2026-08-04,2026-08-04 16:11:48+08:00
159709,物联网ETF工银,1.727,1.7344,0.43,0.089,5.43,32937.0,5695339.2,1.665,1.735,1.665,1.638,4.27,11.98,1.68,-5.58,1523.0,31414.0,-101710.0,-1.79,-305602.0,-5.37,203892.0,3.58,10028.0,0.18,91680.0,1.61,-1.0,1.727,1.731,27484060.0,47464972,47464972,2026-08-04,2026-08-04 15:34:18+08:00
589820,科创200ETF建信,1.109,1.1147,0.51,0.057,5.42,115115.0,12542944.0,1.062,1.117,1.062,1.052,5.23,8.87,0.93,53.36,64053.0,51062.0,-778520.0,-6.21,0.0,0.0,-778520.0,-6.21,700206.0,5.58,78314.0,0.62,-8843.0,1.109,1.112,129720200.0,143859702,143859702,2026-08-04,2026-08-04 16:11:50+08:00
159546,集成电路ETF国泰,0.739,0.7397,0.09,0.038,5.42,803112.0,58295373.96,0.707,0.744,0.702,0.701,5.99,11.73,1.03,-41.77,446686.0,356426.0,10404013.0,17.85,-1752449.0,-3.01,12156462.0,20.85,-5263479.0,-9.03,-5140534.0,-8.82,4154.0,0.738,0.739,684927824.0,506161662,506161662,2026-08-04,2026-08-04 15:34:18+08:00
159939,信息技术ETF广发,1.053,1.0499,-0.3,0.054,5.41,532248.0,55097096.3,1.006,1.061,1.006,0.999,5.51,6.48,1.63,19.8,253243.0,279005.0,-13948873.0,-25.32,468006.0,0.85,-14416879.0,-26.17,6977037.0,12.66,6971837.0,12.65,636.0,1.052,1.053,821656112.0,865203886,865203886,2026-08-04,2026-08-04 15:34:57+08:00
589130,科创芯片ETF易方达,1.306,1.3116,0.43,0.067,5.41,2029652.0,260489204.0,1.245,1.322,1.242,1.239,6.46,6.3,0.82,29.98,1148099.0,881553.0,44114583.0,16.94,33083687.0,12.7,11030896.0,4.23,-18659999.0,-7.16,-25454584.0,-9.77,-9689.0,1.306,1.307,3221780000.0,4207644680,4207644680,2026-08-04,2026-08-04 16:11:41+08:00
512330,信息科技ETF南方,1.736,1.7329,-0.18,0.089,5.4,147446.0,25340101.0,1.663,1.755,1.65,1.647,6.38,4.08,1.38,21.72,82168.0,65278.0,2364896.0,9.33,1866199.0,7.36,498697.0,1.97,-1254146.0,-4.95,-1110750.0,-4.38,-10.0,1.736,1.737,361188000.0,627022368,627022368,2026-08-04,2026-08-04 16:11:55+08:00
588320,双创50增强ETF广发,1.741,1.7425,0.09,0.089,5.39,124832.0,21428347.0,1.668,1.752,1.666,1.652,5.21,15.44,1.08,-0.24,85460.0,39372.0,5808724.0,27.11,2274181.0,10.61,3534543.0,16.49,-3005524.0,-14.03,-2803200.0,-13.08,-425.0,1.74,1.741,80824600.0,140715629,140715629,2026-08-04,2026-08-04 16:11:39+08:00
159836,创业板300ETF天弘,1.272,1.2714,-0.05,0.065,5.39,81433.0,10285926.62,1.237,1.277,1.214,1.207,5.22,6.58,1.67,-96.12,62695.0,18738.0,2885831.0,28.06,2758885.0,26.82,126946.0,1.23,-2174217.0,-21.14,-711614.0,-6.92,101.0,1.27,1.272,123747113.0,157406328,157406328,2026-08-04,2026-08-04 15:34:48+08:00
159995,芯片ETF华夏,1.095,1.0956,0.05,0.056,5.39,11999468.0,1288415975.646,1.045,1.106,1.04,1.039,6.35,5.06,1.0,-20.6,6938988.0,5060479.0,245496736.0,19.05,184821216.0,14.34,60675520.0,4.71,-144550183.0,-11.22,-100946543.0,-7.83,71880.0,1.094,1.095,23701126144.0,25952733128,25952733128,2026-08-04,2026-08-04 15:34:57+08:00
589250,科创芯片设计ETF浦银,1.178,1.18,0.17,0.06,5.37,82555.0,9557418.0,1.129,1.188,1.12,1.118,6.08,9.48,0.7,53.49,53002.0,29553.0,311616.0,3.26,2745.0,0.03,308871.0,3.23,569311.0,5.96,-880928.0,-9.22,-813.0,1.177,1.178,87101300.0,102605331,102605331,2026-08-04,2026-08-04 16:11:34+08:00
588360,科创创业ETF国泰,1.2,1.2007,0.06,0.061,5.36,267496.0,31699389.0,1.15,1.208,1.149,1.139,5.18,12.06,0.96,21.29,148936.0,118560.0,1356870.0,4.28,588000.0,1.85,768870.0,2.43,-463958.0,-1.46,-892911.0,-2.82,-674.0,1.2,1.201,221881800.0,266258160,266258160,2026-08-04,2026-08-04 16:11:42+08:00
588310,科创创业ETF方正富邦,1.181,1.1785,-0.21,0.06,5.35,23219.0,2705894.0,1.132,1.188,1.124,1.121,5.71,6.78,0.69,17.05,14760.0,8459.0,500682.0,18.5,798234.0,29.5,-297552.0,-11.0,-83071.0,-3.07,-417611.0,-15.43,-82.0,1.18,1.181,34237500.0,40434488,40434488,2026-08-04,2026-08-04 16:11:37+08:00
588990,科创芯片ETF博时,3.428,3.4288,0.02,0.174,5.35,205752.0,69270922.0,3.283,3.464,3.261,3.254,6.24,9.9,0.9,-25.03,122902.0,82850.0,6341981.0,9.16,-3309274.0,-4.78,9651255.0,13.93,-267544.0,-0.39,-6074438.0,-8.77,-527.0,3.428,3.429,207745400.0,712151231,712151231,2026-08-04,2026-08-04 16:11:40+08:00
159247,创业板ETF汇添富,1.045,1.0468,0.17,0.053,5.34,1288020.0,132523650.46,1.0,1.05,0.999,0.992,5.14,22.52,0.85,-28.37,743360.0,544660.0,47740282.0,36.02,22062970.0,16.65,25677312.0,19.38,-22472661.0,-16.96,-25267621.0,-19.07,-7151.0,1.045,1.046,571984960.0,597724283,597724283,2026-08-04,2026-08-04 15:34:36+08:00
159801,芯片ETF广发,1.085,1.0826,-0.22,0.055,5.34,3074181.0,327796506.28,1.039,1.096,1.03,1.03,6.41,6.77,0.84,-13.74,1806879.0,1267302.0,89863515.0,27.41,96844975.0,29.54,-6981460.0,-2.13,-47250122.0,-14.41,-42613392.0,-13.0,-14183.0,1.085,1.086,4541120256.0,4927115478,4927115478,2026-08-04,2026-08-04 15:34:42+08:00
515320,电子50ETF华安,1.461,1.4622,0.08,0.074,5.34,63807.0,9141436.0,1.398,1.471,1.393,1.387,5.62,7.75,0.81,1.1,29704.0,34103.0,515057.0,5.63,-3221.0,-0.04,518278.0,5.67,118714.0,1.3,-633771.0,-6.93,-467.0,1.461,1.462,82309000.0,120253449,120253449,2026-08-04,2026-08-04 16:12:00+08:00
520850,港股通医疗ETF易方达,0.829,0.8229,-0.74,0.042,5.34,813048.0,67340722.0,0.81,0.845,0.81,0.787,4.45,58.39,11.27,-13.32,431250.0,381798.0,-2823212.0,-4.19,-1630049.0,-2.42,-1193163.0,-1.77,1181398.0,1.75,1641814.0,2.44,-8183.0,0.828,0.829,139249600.0,115437918,115437918,2026-08-04,2026-08-04 16:11:36+08:00
159958,创业板ETF工银,2.114,2.1147,0.03,0.107,5.33,62177.0,12984161.0,2.011,2.126,2.011,2.007,5.73,2.69,0.77,-11.49,28189.0,33988.0,5083562.0,39.15,6078782.0,46.82,-995220.0,-7.66,-2455022.0,-18.91,-2628541.0,-20.24,50.0,2.113,2.114,231511448.0,489415201,489415201,2026-08-04,2026-08-04 15:34:45+08:00
588290,科创芯片ETF华安,3.224,3.2283,0.13,0.163,5.33,823389.0,261127985.0,3.085,3.261,3.068,3.061,6.31,4.98,0.84,45.48,474004.0,349385.0,26379388.0,10.1,5087115.0,1.95,21292273.0,8.15,1603493.0,0.61,-27982881.0,-10.72,-3143.0,3.224,3.225,1653897008.0,5332163954,5332163954,2026-08-04,2026-08-04 16:11:44+08:00
561100,消费电子ETF富国,1.544,1.5449,0.06,0.078,5.32,442625.0,67080511.0,1.48,1.554,1.475,1.466,5.39,7.62,1.07,2.83,247501.0,195124.0,12080634.0,18.01,14134002.0,21.07,-2053368.0,-3.06,-9064191.0,-13.51,-3016444.0,-4.5,-992.0,1.544,1.545,580746896.0,896673207,896673207,2026-08-04,2026-08-04 16:11:51+08:00
589160,科创芯片ETF广发,1.191,1.1934,0.2,0.06,5.31,557886.0,65443026.0,1.136,1.206,1.135,1.131,6.28,16.2,0.94,30.11,302487.0,255399.0,17802271.0,27.2,25472599.0,38.92,-7670328.0,-11.72,-9642880.0,-14.73,-8159390.0,-12.47,-2113.0,1.191,1.192,344296000.0,410056536,410056536,2026-08-04,2026-08-04 16:11:58+08:00
159808,创100ETF融通,1.349,1.3523,0.24,0.068,5.31,18070.0,2402975.4,1.293,1.358,1.293,1.281,5.07,3.51,0.72,42.64,14185.0,3885.0,-543343.0,-22.61,0.0,0.0,-543343.0,-22.61,1017033.0,42.32,-473690.0,-19.71,-100.0,1.33,1.35,51484790.0,69452982,69452982,2026-08-04,2026-08-04 15:34:33+08:00
588350,科创创业50ETF鹏扬,1.707,1.7077,0.04,0.086,5.31,46088.0,7728041.0,1.636,1.72,1.636,1.621,5.18,0.72,0.92,9.78,28154.0,17934.0,2490784.0,32.23,1542400.0,19.96,948384.0,12.27,-1355444.0,-17.54,-1135339.0,-14.69,-91.0,1.707,1.71,642546000.0,1096826022,1096826022,2026-08-04,2026-08-04 16:11:38+08:00
159385,数字经济ETF富国,1.727,1.7251,-0.11,0.087,5.3,84360.0,14371518.8,1.658,1.74,1.654,1.64,5.24,16.54,0.98,2.37,37901.0,46459.0,3050209.0,21.22,1351273.0,9.4,1698936.0,11.82,-2581838.0,-17.96,-468371.0,-3.26,41.0,1.722,1.727,51002525.0,88081361,88081361,2026-08-04,2026-08-04 15:34:33+08:00
159676,创业板增强ETF富国,1.576,1.5835,0.47,0.079,5.28,226286.0,35203624.448,1.513,1.585,1.513,1.497,4.81,15.03,0.79,54.64,156534.0,69752.0,10651109.0,30.26,0.0,0.0,10651109.0,30.26,1351228.0,3.84,-12002337.0,-34.09,3765.0,1.575,1.576,150564183.0,237289152,237289152,2026-08-04,2026-08-04 15:34:06+08:00
589390,科创芯片设计ETF招商,0.719,0.7206,0.22,0.036,5.27,396569.0,27993451.0,0.686,0.726,0.684,0.683,6.15,3.23,0.98,11.34,219122.0,177447.0,4193575.0,14.98,9364648.0,33.45,-5171073.0,-18.47,-2776600.0,-9.92,-1416975.0,-5.06,-1825.0,0.719,0.72,1227810496.0,882795747,882795747,2026-08-04,2026-08-04 16:11:41+08:00
516640,芯片ETF富国,1.378,1.3759,-0.15,0.069,5.27,1830197.0,246923540.0,1.321,1.39,1.309,1.309,6.19,13.05,0.94,9.62,989255.0,840942.0,42657919.0,17.28,19162127.0,7.76,23495792.0,9.52,-21465610.0,-8.69,-21192309.0,-8.58,-9829.0,1.377,1.378,1402482800.0,1932621298,1932621298,2026-08-04,2026-08-04 16:11:39+08:00
589170,科创芯片设计ETF鹏华,1.022,1.0232,0.12,0.051,5.25,102725.0,10328167.0,0.979,1.032,0.975,0.971,5.87,6.81,1.01,31.92,67404.0,35321.0,2398533.0,23.22,2111573.0,20.44,286960.0,2.78,-627212.0,-6.07,-1771322.0,-17.15,-731.0,1.022,1.023,150909000.0,154228998,154228998,2026-08-04,2026-08-04 16:11:44+08:00
159012,科创创业50ETF鹏华,0.903,0.9075,0.5,0.045,5.24,179132.0,15998678.898,0.867,0.911,0.866,0.858,5.24,14.58,1.08,89.79,117186.0,61946.0,2638432.0,16.49,4215337.0,26.35,-1576905.0,-9.86,-1617037.0,-10.11,-1021395.0,-6.38,-853.0,0.903,0.904,122881148.0,110961677,110961677,2026-08-04,2026-08-04 15:34:00+08:00
512480,半导体ETF国联安,0.969,0.9706,0.16,0.048,5.21,25990479.0,2476857761.0,0.929,0.98,0.921,0.921,6.41,12.8,1.14,20.5,13470574.0,12519905.0,494998848.0,19.98,598139040.0,24.15,-103140192.0,-4.16,-302490651.0,-12.21,-192508209.0,-7.77,-114158.0,0.969,0.97,20298007296.0,19668769070,19668769070,2026-08-04,2026-08-04 16:11:56+08:00
588400,科创创业ETF嘉实,1.113,1.1153,0.21,0.055,5.2,291524.0,32089132.0,1.071,1.123,1.066,1.058,5.39,2.32,0.9,15.04,167164.0,124360.0,7548601.0,23.52,3664646.0,11.42,3883955.0,12.1,-4571087.0,-14.24,-2977515.0,-9.28,-1202.0,1.113,1.114,1254600608.0,1396370477,1396370477,2026-08-04,2026-08-04 16:11:41+08:00
516350,芯片ETF易方达,1.562,1.5607,-0.08,0.077,5.19,1599822.0,245236439.0,1.496,1.579,1.485,1.485,6.33,11.31,0.9,61.6,963708.0,636114.0,34737007.0,14.16,14416227.0,5.88,20320780.0,8.29,-9092757.0,-3.71,-25644250.0,-10.46,-10779.0,1.561,1.562,1414415296.0,2209316692,2209316692,2026-08-04,2026-08-04 16:11:50+08:00
588690,科创增强ETF银华,1.097,1.0998,0.25,0.054,5.18,16755.0,1807412.0,1.051,1.105,1.051,1.043,5.18,3.24,0.48,10.03,9033.0,7722.0,544071.0,30.1,0.0,0.0,544071.0,30.1,-361358.0,-19.99,-182713.0,-10.11,-566.0,1.097,1.1,51636000.0,56644692,56644692,2026-08-04,2026-08-04 16:11:53+08:00
589290,科创芯片设计ETF汇添富,0.751,0.7509,-0.01,0.037,5.18,120989.0,8973571.0,0.719,0.757,0.714,0.714,6.02,8.91,1.08,11.62,70358.0,50631.0,1566439.0,17.46,-222872.0,-2.48,1789311.0,19.94,-742859.0,-8.28,-823580.0,-9.18,-617.0,0.75,0.751,135848900.0,102022524,102022524,2026-08-04,2026-08-04 16:11:49+08:00
588030,科创100ETF博时,1.603,1.6035,0.03,0.078,5.11,2439484.0,388355799.0,1.54,1.615,1.53,1.525,5.57,9.68,1.69,-2.78,1111549.0,1327935.0,28053062.0,7.22,155740832.0,40.1,-127687770.0,-32.88,-21797450.0,-5.61,-6255616.0,-1.61,-3983.0,1.602,1.603,2519838096.0,4039300468,4039300468,2026-08-04,2026-08-04 16:11:38+08:00
159813,半导体ETF鹏华,0.7,0.6974,-0.37,0.034,5.11,7083715.0,488390085.469,0.671,0.708,0.666,0.666,6.31,7.45,1.31,-19.2,3918380.0,3165335.0,116589175.0,23.87,183467864.0,37.57,-66878689.0,-13.69,-79940390.0,-16.37,-36648785.0,-7.5,51522.0,0.699,0.7,9503724800.0,6652607360,6652607360,2026-08-04,2026-08-04 15:34:54+08:00
159178,消费电子ETF汇添富,0.99,0.992,0.2,0.048,5.1,204649.0,19989043.8,0.946,0.997,0.946,0.942,5.41,22.63,1.02,-68.35,114532.0,90117.0,2474056.0,12.38,2216475.0,11.09,257581.0,1.29,-1285105.0,-6.43,-1188951.0,-5.95,1252.0,0.989,0.99,90432994.0,89528664,89528664,2026-08-04,2026-08-04 15:34:36+08:00
588800,科创100ETF华夏,1.589,1.5873,-0.11,0.077,5.09,1152717.0,180439814.0,1.546,1.599,1.515,1.512,5.56,7.07,0.74,9.69,632864.0,519853.0,7227646.0,4.01,-1656718.0,-0.92,8884364.0,4.92,-628732.0,-0.35,-6598914.0,-3.66,-2204.0,1.589,1.591,1629877008.0,2589874566,2589874566,2026-08-04,2026-08-04 16:12:00+08:00
516800,智能制造ETF华宝,0.931,0.9325,0.16,0.045,5.08,100067.0,9161137.0,0.896,0.937,0.89,0.886,5.3,5.26,0.93,-7.37,46052.0,54015.0,1342151.0,14.65,463806.0,5.06,878345.0,9.59,-662543.0,-7.23,-679608.0,-7.42,-918.0,0.931,0.932,190308000.0,177176748,177176748,2026-08-04,2026-08-04 16:11:51+08:00
561220,数字经济ETF工银,1.72,1.7177,-0.13,0.083,5.07,28908.0,4921746.0,1.645,1.733,1.645,1.637,5.38,6.49,0.63,3.86,13388.0,15520.0,236169.0,4.8,0.0,0.0,236169.0,4.8,9409.0,0.19,-245578.0,-4.99,-300.0,1.718,1.72,44553000.0,76631160,76631160,2026-08-04,2026-08-04 16:11:59+08:00
588190,科创100ETF银华,1.598,1.5989,0.06,0.077,5.06,830490.0,131264841.0,1.537,1.61,1.528,1.521,5.39,5.4,0.84,28.78,415030.0,415459.0,24836412.0,18.92,10809009.0,8.23,14027403.0,10.69,-17837105.0,-13.59,-6999307.0,-5.33,-8848.0,1.598,1.599,1537618304.0,2457114050,2457114050,2026-08-04,2026-08-04 16:11:51+08:00
159582,半导体ETF博时,0.707,0.706,-0.14,0.034,5.05,2891101.0,200290457.594,0.674,0.717,0.669,0.673,7.13,24.8,1.19,22.79,1695942.0,1195159.0,40620050.0,20.28,49523968.0,24.73,-8903918.0,-4.45,-26555290.0,-13.26,-14064759.0,-7.02,-20274.0,0.707,0.708,1165608112.0,824084935,824084935,2026-08-04,2026-08-04 15:34:42+08:00
589890,科创综指ETF景顺,1.478,1.4747,-0.22,0.071,5.05,48383.0,7039866.0,1.413,1.484,1.413,1.407,5.05,5.38,0.78,-1.22,19707.0,28676.0,716426.0,10.18,0.0,0.0,716426.0,10.18,-205762.0,-2.92,-510663.0,-7.25,-26.0,1.475,1.478,89987000.0,133000786,133000786,2026-08-04,2026-08-04 16:12:01+08:00
159560,芯片ETF景顺,2.164,2.1631,-0.04,0.104,5.05,176017.0,37388271.5,2.061,2.184,2.058,2.06,6.12,9.1,1.07,68.67,103733.0,72284.0,12239684.0,32.74,0.0,0.0,12239684.0,32.74,-7657649.0,-20.48,-4582035.0,-12.26,-677.0,2.164,2.165,193416460.0,418553219,418553219,2026-08-04,2026-08-04 15:34:21+08:00
589500,科创综指ETF工银,1.498,1.4974,-0.04,0.072,5.05,116433.0,17161274.0,1.432,1.508,1.432,1.426,5.33,12.93,1.27,12.85,47458.0,68975.0,873283.0,5.09,7652829.0,44.59,-6779546.0,-39.5,-590959.0,-3.44,-282323.0,-1.65,-6.0,1.497,1.498,90064000.0,134915872,134915872,2026-08-04,2026-08-04 16:11:34+08:00
588790,科创AIETF博时,0.814,0.8137,-0.04,0.039,5.03,3374134.0,269946051.0,0.782,0.818,0.778,0.775,5.16,10.67,0.92,-16.34,1875576.0,1498558.0,20239534.0,7.5,5768207.0,2.14,14471327.0,5.36,-13214697.0,-4.9,-7024837.0,-2.6,-3770.0,0.813,0.814,3163384000.0,2574994576,2574994576,2026-08-04,2026-08-04 16:11:36+08:00
159325,半导体ETF南方,2.006,2.0073,0.06,0.096,5.03,1049905.0,206823106.0,1.928,2.027,1.907,1.91,6.28,18.67,0.91,71.25,601884.0,448020.0,58449899.0,28.26,64368234.0,31.12,-5918335.0,-2.86,-18200438.0,-8.8,-40249462.0,-19.46,-8054.0,2.006,2.007,562460528.0,1128295819,1128295819,2026-08-04,2026-08-04 15:34:45+08:00
512760,芯片ETF国泰,1.046,1.0458,-0.02,0.05,5.02,6507114.0,669552916.0,1.0,1.058,0.995,0.996,6.33,6.63,0.95,-9.4,3765263.0,2741851.0,135031568.0,20.17,150998035.0,22.55,-15966467.0,-2.38,-77964498.0,-11.64,-57067066.0,-8.52,-21899.0,1.046,1.047,9809445632.0,10260680131,10260680131,2026-08-04,2026-08-04 16:11:33+08:00
159389,数字经济ETF嘉实,1.742,1.7406,-0.08,0.083,5.0,73604.0,12572129.9,1.662,1.753,1.662,1.659,5.49,5.37,0.88,-11.57,33525.0,40079.0,-31399.0,-0.25,-200264.0,-1.59,168865.0,1.34,472897.0,3.76,-441500.0,-3.51,-5.0,1.742,1.744,137093364.0,238816640,238816640,2026-08-04,2026-08-04 15:34:57+08:00
589950,科创100ETF富国,1.2,1.1992,-0.07,0.057,4.99,61865.0,7332559.0,1.15,1.208,1.146,1.143,5.42,1.85,1.21,0.37,40758.0,21107.0,658670.0,8.98,3530969.0,48.15,-2872299.0,-39.17,-76502.0,-1.04,-582167.0,-7.94,-5.0,1.198,1.2,333873008.0,400647610,400647610,2026-08-04,2026-08-04 16:11:41+08:00
588930,科创人工智能ETF银华,1.6,1.5975,-0.16,0.076,4.99,326336.0,51264724.0,1.532,1.605,1.526,1.524,5.18,5.36,0.97,-7.15,200942.0,125394.0,3179877.0,6.2,2029767.0,3.96,1150110.0,2.24,80141.0,0.16,-3260019.0,-6.36,-1944.0,1.6,1.601,609329008.0,974926413,974926413,2026-08-04,2026-08-04 16:11:35+08:00
589860,科创综指ETF天弘,1.475,1.471,-0.27,0.07,4.98,196073.0,28578409.0,1.419,1.481,1.416,1.405,4.63,10.76,1.03,23.64,118464.0,77609.0,596412.0,2.09,776589.0,2.72,-180177.0,-0.63,-27623.0,-0.1,-568789.0,-1.99,1200.0,1.472,1.475,182224000.0,268780400,268780400,2026-08-04,2026-08-04 16:12:00+08:00
562560,信息技术ETF华夏,2.149,2.1522,0.15,0.102,4.98,13763.0,2911585.0,2.062,2.16,2.062,2.047,4.79,5.67,1.2,-1.05,10209.0,3554.0,-149832.0,-5.15,0.0,0.0,-149832.0,-5.15,-98779.0,-3.39,248613.0,8.54,100.0,2.152,2.156,24265500.0,52146560,52146560,2026-08-04,2026-08-04 16:11:56+08:00
159310,芯片ETF天弘,2.684,2.6855,0.06,0.127,4.97,111812.0,29535842.692,2.566,2.712,2.555,2.557,6.14,2.28,0.86,91.48,64407.0,47405.0,5297315.0,17.94,6569662.0,22.24,-1272347.0,-4.31,-706915.0,-2.39,-4590400.0,-15.54,-1660.0,2.684,2.685,490981088.0,1317793240,1317793240,2026-08-04,2026-08-04 15:34:21+08:00
589010,科创人工智能ETF华夏,1.44,1.4393,-0.05,0.068,4.96,655859.0,92667666.0,1.385,1.447,1.377,1.372,5.1,6.99,0.56,9.82,298669.0,357190.0,1232994.0,1.33,-3676444.0,-3.97,4909438.0,5.3,542156.0,0.59,-1775149.0,-1.92,-667.0,1.439,1.44,938793008.0,1351861932,1351861932,2026-08-04,2026-08-04 16:11:33+08:00
589900,科创综指ETF博时,1.481,1.4866,0.38,0.07,4.96,193139.0,28148703.0,1.425,1.489,1.423,1.411,4.68,9.96,0.83,14.52,119463.0,73676.0,1633022.0,5.8,-892399.0,-3.17,2525421.0,8.97,-1080123.0,-3.84,-552898.0,-1.96,-1939.0,1.48,1.481,193908200.0,287178044,287178044,2026-08-04,2026-08-04 16:11:53+08:00
516920,芯片ETF汇添富,1.334,1.3357,0.13,0.063,4.96,433624.0,56862607.0,1.275,1.349,1.27,1.271,6.22,8.81,0.91,57.6,263333.0,170291.0,15980516.0,28.1,18584574.0,32.68,-2604058.0,-4.58,-7702834.0,-13.55,-8277681.0,-14.56,-2706.0,1.334,1.335,491963008.0,656278653,656278653,2026-08-04,2026-08-04 16:11:40+08:00
588880,科创100ETF华泰柏瑞,1.59,1.593,0.19,0.075,4.95,81622.0,12863827.0,1.532,1.602,1.525,1.515,5.08,6.95,0.8,50.82,52728.0,28894.0,122249.0,0.95,589130.0,4.58,-466881.0,-3.63,-88759.0,-0.69,-33491.0,-0.26,-110.0,1.589,1.59,117368000.0,186615120,186615120,2026-08-04,2026-08-04 16:11:37+08:00
589880,科创综指ETF建信,1.464,1.4594,-0.32,0.069,4.95,300542.0,43701704.0,1.408,1.47,1.404,1.395,4.73,6.01,0.98,36.34,189643.0,110899.0,1033930.0,2.37,4133109.0,9.46,-3099179.0,-7.09,-358075.0,-0.82,-675855.0,-1.55,-105.0,1.463,1.464,499996000.0,731994144,731994144,2026-08-04,2026-08-04 16:12:00+08:00
589980,科创100ETF汇添富,1.66,1.6599,-0.01,0.078,4.93,20181.0,3305055.0,1.596,1.672,1.573,1.582,6.26,1.6,0.74,-11.53,9544.0,10637.0,600868.0,18.18,268780.0,8.13,332088.0,10.05,-361257.0,-10.93,-239611.0,-7.25,-1.0,1.66,1.663,126122000.0,209362520,209362520,2026-08-04,2026-08-04 16:11:58+08:00
588160,科创新材料ETF南方,1.001,0.9999,-0.11,0.047,4.93,1536915.0,151903307.0,0.96,1.006,0.954,0.954,5.45,22.0,0.83,1.34,823519.0,713396.0,4667268.0,3.07,1940419.0,1.28,2726849.0,1.8,-622100.0,-0.41,-4045169.0,-2.66,-2060.0,1.001,1.002,698496000.0,699194496,699194496,2026-08-04,2026-08-04 16:11:37+08:00
159153,消费电子ETF鹏华,1.128,1.1263,-0.15,0.053,4.93,154374.0,17189368.64,1.081,1.135,1.079,1.075,5.21,15.18,0.94,6.0,82900.0,71474.0,2118524.0,12.32,977367.0,5.69,1141157.0,6.64,-1340021.0,-7.8,-778504.0,-4.53,-770.0,1.128,1.129,101725988.0,114746914,114746914,2026-08-04,2026-08-04 15:34:12+08:00
589660,科创综指ETF南方,1.493,1.4876,-0.36,0.07,4.92,355778.0,52246318.0,1.437,1.5,1.43,1.423,4.92,13.6,1.16,16.31,229282.0,126496.0,2633417.0,5.04,538090.0,1.03,2095327.0,4.01,-1431001.0,-2.74,-1202415.0,-2.3,-108.0,1.492,1.493,261530000.0,390464290,390464290,2026-08-04,2026-08-04 16:11:37+08:00
589410,科创人工智能ETF嘉实,0.855,0.8554,0.05,0.04,4.91,162632.0,13783893.0,0.832,0.859,0.818,0.815,5.03,2.91,1.14,8.86,81186.0,81446.0,2736154.0,19.85,4426640.0,32.11,-1690486.0,-12.26,-2206772.0,-16.01,-529381.0,-3.84,59.0,0.853,0.854,558565600.0,477573588,477573588,2026-08-04,2026-08-04 16:11:54+08:00
588980,科创100ETF广发,1.475,1.4779,0.2,0.069,4.91,11851.0,1739164.0,1.408,1.485,1.408,1.406,5.48,8.22,1.02,-0.62,6028.0,5823.0,676474.0,38.9,0.0,0.0,676474.0,38.9,-571754.0,-32.88,-104721.0,-6.02,-216.0,1.475,1.478,14420000.0,21269500,21269500,2026-08-04,2026-08-04 16:11:45+08:00
517800,人工智能50ETF方正富邦,1.032,1.0365,0.43,0.048,4.88,112051.0,11429644.0,0.993,1.036,0.993,0.984,4.37,5.17,1.22,5.57,75051.0,37000.0,3922123.0,34.32,548467.0,4.8,3373656.0,29.52,-2101433.0,-18.39,-1820691.0,-15.93,-680.0,1.03,1.032,216539700.0,223468970,223468970,2026-08-04,2026-08-04 16:11:33+08:00
159663,机床ETF华夏,0.946,0.9457,-0.03,0.044,4.88,1053554.0,98269663.6,0.91,0.952,0.903,0.902,5.43,22.95,0.88,62.77,605123.0,448431.0,22611173.0,23.01,28924338.0,29.43,-6313165.0,-6.42,-12866818.0,-13.09,-9744355.0,-9.92,-3553.0,0.946,0.947,459035168.0,434247269,434247269,2026-08-04,2026-08-04 15:34:36+08:00
159180,软件ETF银华,1.035,1.024,-1.07,0.048,4.86,70790.0,7207418.706,0.999,1.035,0.997,0.987,3.85,22.01,1.35,77.83,39310.0,31480.0,-285058.0,-3.96,0.0,0.0,-285058.0,-3.96,390958.0,5.42,-105901.0,-1.47,-271.0,1.035,1.037,32155926.0,33281383,33281383,2026-08-04,2026-08-04 15:34:09+08:00
159773,创业板科技ETF华泰柏瑞,1.275,1.2737,-0.1,0.059,4.85,98708.0,12456712.0,1.222,1.28,1.222,1.216,4.77,4.97,0.62,66.72,54962.0,43746.0,5169589.0,41.5,7545855.0,60.58,-2376266.0,-19.08,-1089083.0,-8.74,-4080507.0,-32.76,98.0,1.273,1.275,198703120.0,253346478,253346478,2026-08-04,2026-08-04 15:34:18+08:00
588220,科创100ETF鹏华,1.602,1.6046,0.16,0.074,4.84,4063459.0,645919661.0,1.532,1.615,1.532,1.528,5.43,12.56,1.5,3.68,1556948.0,2506511.0,11369733.0,1.76,99166009.0,15.35,-87796276.0,-13.59,6800503.0,1.05,-18170229.0,-2.81,-2897.0,1.602,1.603,3235697904.0,5183588042,5183588042,2026-08-04,2026-08-04 16:11:44+08:00
588730,科创人工智能ETF易方达,1.52,1.5198,-0.01,0.07,4.83,984628.0,146837287.0,1.462,1.527,1.453,1.45,5.1,13.65,0.9,-52.26,455608.0,529020.0,-3149966.0,-2.15,-5355832.0,-3.65,2205866.0,1.5,6173087.0,4.2,-3023120.0,-2.06,-3704.0,1.52,1.521,721396304.0,1096522382,1096522382,2026-08-04,2026-08-04 16:11:55+08:00
159527,云计算ETF广发,0.738,0.7351,-0.39,0.034,4.83,547599.0,39721934.0,0.714,0.738,0.709,0.704,4.12,11.08,1.37,61.44,297460.0,250139.0,216364.0,0.54,660528.0,1.66,-444164.0,-1.12,756260.0,1.9,-972624.0,-2.45,-4960.0,0.738,0.739,494301344.0,364794392,364794392,2026-08-04,2026-08-04 15:34:09+08:00
588210,科创100ETF易方达,1.612,1.6126,0.04,0.074,4.81,80693.0,12870308.0,1.561,1.625,1.54,1.538,5.53,3.7,0.87,60.63,42071.0,38622.0,902156.0,7.01,411174.0,3.19,490982.0,3.81,-139873.0,-1.09,-762284.0,-5.92,-214.0,1.611,1.612,218254000.0,351825448,351825448,2026-08-04,2026-08-04 16:11:57+08:00
520510,港股通医疗ETF华夏,0.872,0.8665,-0.63,0.04,4.81,1878712.0,163100120.0,0.857,0.878,0.855,0.832,2.76,90.01,1.88,-13.57,956678.0,922034.0,-2570001.0,-1.58,5449743.0,3.34,-8019744.0,-4.92,1185474.0,0.73,1384527.0,0.85,-9881.0,0.872,0.873,208728000.0,182010816,182010816,2026-08-04,2026-08-04 16:11:46+08:00
589520,科创人工智能ETF华宝,0.613,0.6128,-0.03,0.028,4.79,598160.0,36060260.0,0.59,0.616,0.586,0.585,5.13,7.76,0.77,-18.56,384466.0,213694.0,7756747.0,21.51,3765808.0,10.44,3990939.0,11.07,-4377545.0,-12.14,-3379201.0,-9.37,-1929.0,0.612,0.613,771104608.0,472687125,472687125,2026-08-04,2026-08-04 16:11:43+08:00
159540,信创ETF易方达,1.882,1.8794,-0.14,0.086,4.79,136768.0,25333534.5,1.812,1.895,1.802,1.796,5.18,10.98,0.69,-32.79,73190.0,63578.0,1717868.0,6.78,6392500.0,25.23,-4674632.0,-18.45,-232765.0,-0.92,-1485104.0,-5.86,75.0,1.881,1.882,124505191.0,234318769,234318769,2026-08-04,2026-08-04 15:34:15+08:00
589180,科创新材料ETF汇添富,1.598,1.5995,0.09,0.073,4.79,190003.0,29916527.0,1.54,1.61,1.525,1.525,5.57,14.47,0.94,17.45,104073.0,85930.0,3115854.0,10.42,3545817.0,11.85,-429963.0,-1.44,389328.0,1.3,-3505182.0,-11.72,-1487.0,1.598,1.599,131318000.0,209846164,209846164,2026-08-04,2026-08-04 16:11:51+08:00
588900,科创100ETF南方,1.641,1.6446,0.22,0.075,4.79,49775.0,8059350.0,1.569,1.656,1.569,1.566,5.56,1.46,0.69,-12.44,29293.0,20482.0,802454.0,9.96,53362.0,0.66,749092.0,9.29,-487337.0,-6.05,-315117.0,-3.91,-130.0,1.641,1.645,340783008.0,559224916,559224916,2026-08-04,2026-08-04 16:11:40+08:00
588120,科创100ETF国泰,0.815,0.8152,0.02,0.037,4.76,1294056.0,104918135.0,0.785,0.821,0.779,0.778,5.4,13.05,1.68,2.39,501772.0,792284.0,3002764.0,2.86,25346004.0,24.16,-22343240.0,-21.3,-1142680.0,-1.09,-1860083.0,-1.77,-1071.0,0.815,0.816,991622000.0,808171930,808171930,2026-08-04,2026-08-04 16:11:53+08:00
589230,科创人工智能ETF南方,0.88,0.8804,0.05,0.04,4.76,172715.0,14929616.0,0.841,0.884,0.841,0.84,5.12,7.48,1.01,-1.87,114592.0,58123.0,974605.0,6.53,-536596.0,-3.59,1511201.0,10.12,-466502.0,-3.12,-508102.0,-3.4,-124.0,0.879,0.88,231053000.0,203326640,203326640,2026-08-04,2026-08-04 16:11:56+08:00
588260,科创信息ETF华安,2.426,2.4323,0.26,0.11,4.75,35498.0,8581407.0,2.356,2.453,2.33,2.316,5.31,7.14,1.11,-8.04,18537.0,16961.0,2170632.0,25.29,3153260.0,36.75,-982628.0,-11.45,-1372128.0,-15.99,-798506.0,-9.31,-280.0,2.426,2.43,49746000.0,120683796,120683796,2026-08-04,2026-08-04 16:11:34+08:00
159599,芯片ETF东财,2.65,2.6587,0.33,0.12,4.74,1274097.0,331813557.591,2.553,2.679,2.525,2.53,6.09,16.92,1.06,36.95,733774.0,540323.0,75760977.0,22.83,48050421.0,14.48,27710556.0,8.35,-17691000.0,-5.33,-58069976.0,-17.5,-8431.0,2.65,2.651,752822064.0,1994978470,1994978470,2026-08-04,2026-08-04 15:34:45+08:00
589300,科创综指ETF嘉实,1.617,1.615,-0.12,0.073,4.73,47680.0,7539222.0,1.553,1.628,1.553,1.544,4.86,11.47,3.19,11.12,18259.0,29421.0,184411.0,2.45,1123918.0,14.91,-939507.0,-12.46,-66687.0,-0.88,-117724.0,-1.56,-70.0,1.616,1.618,41582500.0,67238903,67238903,2026-08-04,2026-08-04 16:11:36+08:00
588460,科创50增强ETF鹏华,1.97,1.9713,0.07,0.089,4.73,390983.0,75771089.0,1.89,1.986,1.89,1.881,5.1,5.87,0.94,9.29,239039.0,151944.0,8461043.0,11.17,1748740.0,2.31,6712303.0,8.86,-2836442.0,-3.74,-5624602.0,-7.42,-1957.0,1.969,1.97,666014000.0,1312047580,1312047580,2026-08-04,2026-08-04 16:11:54+08:00
159289,创业板综指ETF鹏华,1.066,1.0695,0.33,0.048,4.72,59383.0,6267073.1,1.021,1.07,1.021,1.018,4.81,13.53,0.86,24.91,41632.0,17751.0,423897.0,6.76,-931936.0,-14.87,1355833.0,21.63,124358.0,1.98,-548253.0,-8.75,196.0,1.065,1.066,43902640.0,46800214,46800214,2026-08-04,2026-08-04 15:34:18+08:00
588710,科创半导体设备ETF华泰柏瑞,2.688,2.6913,0.12,0.121,4.71,8748631.0,2319507732.0,2.58,2.735,2.557,2.567,6.93,23.97,0.94,21.85,4334590.0,4414041.0,364141584.0,15.7,266545824.0,11.49,97595760.0,4.21,-168544016.0,-7.27,-195597584.0,-8.43,-89423.0,2.687,2.688,3650295008.0,9811992982,9811992982,2026-08-04,2026-08-04 16:11:33+08:00
159538,信创ETF富国,0.889,0.8866,-0.27,0.04,4.71,213320.0,18605646.5,0.857,0.893,0.849,0.849,5.18,7.29,0.93,38.78,103473.0,109847.0,7781429.0,41.82,8446303.0,45.4,-664874.0,-3.57,-6290846.0,-33.81,-1490582.0,-8.01,469.0,0.888,0.889,292608960.0,260129365,260129365,2026-08-04,2026-08-04 15:34:27+08:00
159539,信创ETF广发,1.757,1.7545,-0.14,0.079,4.71,27078.0,4678647.6,1.719,1.764,1.664,1.678,5.96,4.79,0.5,16.96,14999.0,12079.0,774128.0,16.55,0.0,0.0,774128.0,16.55,-405272.0,-8.66,-368856.0,-7.88,-38.0,1.757,1.759,56565182.0,99385025,99385025,2026-08-04,2026-08-04 15:34:33+08:00
589800,科创综指ETF易方达,1.489,1.4831,-0.4,0.067,4.71,718157.0,105763472.0,1.436,1.501,1.429,1.422,5.06,6.48,0.84,-30.67,421346.0,296812.0,9790237.0,9.26,4694844.0,4.44,5095393.0,4.82,-5249393.0,-4.96,-4540844.0,-4.29,-2750.0,1.489,1.49,1107988208.0,1649794442,1649794442,2026-08-04,2026-08-04 16:11:34+08:00
516510,云计算ETF易方达,1.742,1.7438,0.1,0.078,4.69,2086726.0,359890762.0,1.69,1.744,1.686,1.664,3.49,13.64,1.85,-13.59,1066807.0,1019919.0,-967599.0,-0.27,-35225146.0,-9.79,34257547.0,9.52,12779066.0,3.55,-11811468.0,-3.28,-21077.0,1.742,1.743,1529890000.0,2665068380,2665068380,2026-08-04,2026-08-04 16:11:58+08:00
159541,创业板综ETF万家,1.496,1.5032,0.48,0.067,4.69,75276.0,11109835.9,1.441,1.502,1.441,1.429,4.27,11.65,0.9,78.45,37315.0,37961.0,837660.0,7.54,0.0,0.0,837660.0,7.54,-463685.0,-4.17,-373976.0,-3.37,233.0,1.493,1.496,64593326.0,96631616,96631616,2026-08-04,2026-08-04 15:34:54+08:00
589380,科创人工智能ETF富国,1.453,1.4529,-0.01,0.065,4.68,37463.0,5360764.0,1.424,1.461,1.39,1.388,5.12,4.09,0.74,5.07,25770.0,11693.0,761754.0,14.21,1093745.0,20.4,-331991.0,-6.19,-568687.0,-10.61,-193067.0,-3.6,-50.0,1.453,1.454,91694300.0,133231818,133231818,2026-08-04,2026-08-04 16:11:40+08:00
517380,创新药ETF天弘,0.809,0.8074,-0.2,0.036,4.66,990880.0,80029060.0,0.79,0.815,0.788,0.773,3.49,3.46,1.71,-27.34,664240.0,326640.0,8545629.0,10.68,4995287.0,6.24,3550342.0,4.44,-3665085.0,-4.58,-4880542.0,-6.1,-4685.0,0.808,0.809,2864326304.0,2317239980,2317239980,2026-08-04,2026-08-04 16:11:57+08:00
589270,科创100ETF前海开源,1.013,1.0149,0.19,0.045,4.65,38331.0,3831988.0,0.964,1.021,0.964,0.968,5.89,12.56,1.24,-16.34,22751.0,15580.0,-138563.0,-3.62,0.0,0.0,-138563.0,-3.62,276967.0,7.23,-138403.0,-3.61,59.0,1.012,1.016,30516600.0,30913316,30913316,2026-08-04,2026-08-04 16:11:55+08:00
589400,科创芯片设计ETF富国,0.72,0.7215,0.21,0.032,4.65,121477.0,8621920.0,0.693,0.727,0.686,0.688,5.96,4.22,0.61,-21.1,67339.0,54138.0,1554130.0,18.03,298036.0,3.46,1256094.0,14.57,-639536.0,-7.42,-914595.0,-10.61,-1415.0,0.719,0.72,287785200.0,207205344,207205344,2026-08-04,2026-08-04 16:12:01+08:00
589560,科创人工智能ETF汇添富,0.969,0.9696,0.06,0.043,4.64,77968.0,7458027.0,0.927,0.975,0.927,0.926,5.18,3.27,0.96,4.31,40898.0,37070.0,982246.0,13.17,1310482.0,17.57,-328236.0,-4.4,-316546.0,-4.24,-665700.0,-8.93,-295.0,0.968,0.969,238355000.0,230965995,230965995,2026-08-04,2026-08-04 16:11:36+08:00
588100,科创信息ETF嘉实,0.835,0.8367,0.2,0.037,4.64,200242.0,16456685.0,0.804,0.845,0.8,0.798,5.64,9.28,0.81,9.43,112663.0,87579.0,3038815.0,18.47,-1527833.0,-9.28,4566648.0,27.75,-2033333.0,-12.36,-1005481.0,-6.11,-2943.0,0.835,0.836,215746200.0,180148077,180148077,2026-08-04,2026-08-04 16:11:38+08:00
159290,创业板综指增强ETF东财,1.128,1.1314,0.3,0.05,4.64,97969.0,10931530.025,1.081,1.132,1.081,1.078,4.73,19.17,1.53,-49.15,66516.0,31453.0,1849180.0,16.92,0.0,0.0,1849180.0,16.92,-1477707.0,-13.52,-371474.0,-3.4,-371.0,1.128,1.129,51100396.0,57641247,57641247,2026-08-04,2026-08-04 15:34:03+08:00
588450,科创50增强ETF招商,2.035,2.0392,0.21,0.09,4.63,58068.0,11663681.0,1.966,2.053,1.957,1.945,4.94,10.64,0.75,45.88,40469.0,17599.0,2047010.0,17.55,0.0,0.0,2047010.0,17.55,5663.0,0.05,-2052673.0,-17.6,-464.0,2.033,2.035,54568700.0,111047305,111047305,2026-08-04,2026-08-04 16:11:38+08:00
159777,创科技ETF国联安,1.2,1.2006,0.05,0.053,4.62,28552.0,3405316.9,1.154,1.203,1.139,1.147,5.58,9.43,0.81,5.78,25344.0,3208.0,694827.0,20.4,338037.0,9.93,356790.0,10.48,-720016.0,-21.14,25188.0,0.74,11.0,1.199,1.2,30280565.0,36336678,36336678,2026-08-04,2026-08-04 15:34:30+08:00
560990,科技先锋ETF中金,1.156,1.1554,-0.05,0.051,4.62,32408.0,3699734.0,1.132,1.158,1.13,1.105,2.53,20.02,3.01,-6.11,9222.0,23186.0,77283.0,2.09,-1642804.0,-44.4,1720087.0,46.49,-103127.0,-2.79,25843.0,0.7,-184.0,1.155,1.156,16187100.0,18712288,18712288,2026-08-04,2026-08-04 16:11:47+08:00
588760,科创人工智能ETF广发,0.77,0.7712,0.16,0.034,4.62,2726427.0,206226947.0,0.742,0.775,0.737,0.736,5.16,11.54,0.7,-9.78,1394337.0,1332090.0,25015863.0,12.13,24801353.0,12.03,214510.0,0.1,-16734200.0,-8.11,-8281664.0,-4.02,-7232.0,0.77,0.771,2362532000.0,1819149640,1819149640,2026-08-04,2026-08-04 16:11:38+08:00
589090,科创AIETF鹏华,1.087,1.0881,0.1,0.048,4.62,84942.0,9098469.0,1.049,1.093,1.042,1.039,4.91,5.09,1.19,-6.1,58722.0,26220.0,-185526.0,-2.04,1439035.0,15.82,-1624561.0,-17.86,765430.0,8.41,-579904.0,-6.37,-188.0,1.087,1.088,166931000.0,181453997,181453997,2026-08-04,2026-08-04 16:11:47+08:00
588010,科创新材料ETF博时,0.975,0.9758,0.08,0.043,4.61,1555975.0,149687353.0,0.94,0.983,0.931,0.932,5.58,16.08,0.65,-3.64,906319.0,649656.0,19033868.0,12.72,18087218.0,12.08,946650.0,0.63,-9206779.0,-6.15,-9827088.0,-6.57,-7354.0,0.975,0.976,967925808.0,943727663,943727663,2026-08-04,2026-08-04 16:12:00+08:00
589000,科创综指ETF华夏,1.477,1.4713,-0.39,0.065,4.6,839821.0,122811887.0,1.422,1.49,1.419,1.412,5.03,7.75,0.99,31.28,519499.0,320322.0,6232816.0,5.08,1312453.0,1.07,4920363.0,4.01,-3821517.0,-3.11,-2411299.0,-1.96,-4818.0,1.477,1.479,1083507808.0,1600341032,1600341032,2026-08-04,2026-08-04 16:11:37+08:00
159563,创业板综ETF华夏,1.773,1.7704,-0.15,0.078,4.6,35611.0,6238351.2,1.698,1.78,1.698,1.695,4.84,13.02,0.86,-26.16,21196.0,14415.0,1006053.0,16.13,1048200.0,16.8,-42147.0,-0.68,-858174.0,-13.76,-147878.0,-2.37,3.0,1.767,1.774,27360773.0,48510651,48510651,2026-08-04,2026-08-04 15:34:12+08:00
513310,中韩半导体ETF华泰柏瑞,4.612,4.0232,-14.64,0.202,4.58,46014145.0,21099726364.0,4.499,4.655,4.478,4.41,4.01,194.36,1.16,-67.56,24031868.0,21982276.0,-9526704.0,-0.05,-102892720.0,-0.49,93366016.0,0.44,41448704.0,0.2,-31921872.0,-0.15,-309334.0,4.611,4.612,2367427008.0,10918573361,10918573361,2026-08-04,2026-08-04 16:11:51+08:00
589680,科创综指ETF鹏华,1.441,1.4351,-0.41,0.063,4.57,847583.0,120794245.0,1.386,1.449,1.383,1.378,4.79,6.1,0.79,23.19,485615.0,361968.0,6355674.0,5.26,1467492.0,1.21,4888182.0,4.05,-3476600.0,-2.88,-2879073.0,-2.38,-1039.0,1.44,1.441,1389943696.0,2002908866,2002908866,2026-08-04,2026-08-04 16:11:40+08:00
159739,云计算ETF鹏华,0.824,0.8244,0.05,0.036,4.57,272350.0,22205984.0,0.798,0.825,0.796,0.788,3.68,5.64,1.09,-32.97,163948.0,108402.0,2566084.0,11.56,2224936.0,10.02,341148.0,1.54,-2207342.0,-9.94,-358743.0,-1.62,-1850.0,0.824,0.825,482761232.0,397795255,397795255,2026-08-04,2026-08-04 15:34:06+08:00
563210,专精特新ETF富国,1.876,1.8747,-0.07,0.082,4.57,117971.0,21776446.0,1.803,1.888,1.796,1.794,5.13,10.16,0.84,-65.53,77383.0,40588.0,2122499.0,9.75,562637.0,2.58,1559862.0,7.16,-317928.0,-1.46,-1804572.0,-8.29,-366.0,1.876,1.877,116067000.0,217741692,217741692,2026-08-04,2026-08-04 16:11:39+08:00
589020,科创半导体设备ETF鹏华,2.107,2.1134,0.3,0.092,4.57,7459267.0,1550744529.0,2.027,2.147,2.007,2.015,6.95,30.44,0.98,9.82,3686435.0,3772832.0,290350817.0,18.72,116944193.0,7.54,173406624.0,11.18,-123004752.0,-7.93,-167346072.0,-10.79,-47050.0,2.107,2.108,2450219008.0,5162611450,5162611450,2026-08-04,2026-08-04 16:12:00+08:00
589080,科创综指ETF汇添富,1.47,1.4682,-0.12,0.064,4.55,307494.0,44965143.0,1.42,1.479,1.412,1.406,4.77,18.3,1.19,2.59,202528.0,104966.0,806261.0,1.79,-6606492.0,-14.69,7412753.0,16.49,14243.0,0.03,-820506.0,-1.82,-3027.0,1.47,1.471,168061000.0,247049670,247049670,2026-08-04,2026-08-04 16:11:57+08:00
588680,科创100增强ETF广发,2.35,2.3552,0.22,0.102,4.54,16501.0,3814598.0,2.27,2.365,2.251,2.248,5.07,5.1,0.55,-1.26,10586.0,5915.0,-65847.0,-1.73,0.0,0.0,-65847.0,-1.73,-155317.0,-4.07,221164.0,5.8,-5.0,2.346,2.35,32361000.0,76048350,76048350,2026-08-04,2026-08-04 16:11:41+08:00
589630,科创综指ETF国泰,0.738,0.7345,-0.48,0.032,4.53,312325.0,22614783.0,0.71,0.741,0.707,0.706,4.82,8.37,0.91,5.1,181827.0,130498.0,764056.0,3.38,2207167.0,9.76,-1443111.0,-6.38,-144898.0,-0.64,-619157.0,-2.74,-2991.0,0.737,0.738,373258000.0,275464404,275464404,2026-08-04,2026-08-04 16:11:57+08:00
159099,云计算ETF华宝,1.018,1.0245,0.63,0.044,4.52,860615.0,86940349.502,1.0,1.021,0.985,0.974,3.7,32.16,3.53,-92.71,556385.0,304230.0,20376252.0,23.44,20835729.0,23.97,-459477.0,-0.53,-16520321.0,-19.0,-3855932.0,-4.44,-1407.0,1.018,1.019,267610546.0,272427536,272427536,2026-08-04,2026-08-04 15:34:48+08:00
159366,港股医疗ETF永赢,1.326,1.323,-0.23,0.057,4.49,1218697.0,161264864.4,1.306,1.338,1.302,1.269,2.84,60.83,1.82,-2.08,625983.0,592714.0,-4958832.0,-3.07,-2214340.0,-1.37,-2744492.0,-1.7,399751.0,0.25,4559082.0,2.83,4098.0,1.325,1.326,200333072.0,265641653,265641653,2026-08-04,2026-08-04 15:34:09+08:00
589580,科创综指ETF兴银,1.467,1.4666,-0.03,0.063,4.49,22017.0,3191003.0,1.409,1.477,1.409,1.404,4.84,12.0,0.85,18.75,15638.0,6379.0,126369.0,3.96,0.0,0.0,126369.0,3.96,117162.0,3.67,-243531.0,-7.63,-35.0,1.464,1.468,18354800.0,26926492,26926492,2026-08-04,2026-08-04 16:11:32+08:00
589420,科创芯片设计ETF永赢,0.721,0.7235,0.35,0.031,4.49,149088.0,10677550.0,0.69,0.729,0.69,0.69,5.65,4.21,0.86,17.8,65658.0,83430.0,1904531.0,17.84,-65638.0,-0.61,1970169.0,18.45,-1279079.0,-11.98,-625452.0,-5.86,-358.0,0.721,0.722,354481504.0,255581164,255581164,2026-08-04,2026-08-04 16:11:51+08:00
510770,G60创新ETF申万菱信,0.84,0.8398,-0.02,0.036,4.48,38854.0,3213750.0,0.815,0.844,0.804,0.804,4.98,17.98,0.86,7.11,27267.0,11587.0,136403.0,4.24,0.0,0.0,136403.0,4.24,-124845.0,-3.88,-11558.0,-0.36,-83.0,0.84,0.841,21610700.0,18152988,18152988,2026-08-04,2026-08-04 16:11:37+08:00
159701,物联网ETF招商,1.259,1.258,-0.08,0.054,4.48,7465.0,937059.9,1.217,1.263,1.217,1.205,3.82,11.13,0.6,-33.33,3098.0,4367.0,32985.0,3.52,0.0,0.0,32985.0,3.52,-1129.0,-0.12,-31857.0,-3.4,1.0,1.238,1.268,6705601.0,8442352,8442352,2026-08-04,2026-08-04 15:34:51+08:00
589310,科创人工智能ETF鑫元,0.84,0.8406,0.07,0.036,4.48,86765.0,7158569.0,0.829,0.845,0.805,0.804,4.98,3.0,1.07,-2.87,45728.0,41037.0,625869.0,8.74,0.0,0.0,625869.0,8.74,-282573.0,-3.95,-343296.0,-4.8,-368.0,0.84,0.841,289491808.0,243173119,243173119,2026-08-04,2026-08-04 16:11:40+08:00
159890,云计算ETF招商,1.778,1.7826,0.26,0.076,4.47,192812.0,33838376.0,1.71,1.78,1.71,1.702,4.11,7.88,0.89,-46.74,103685.0,89127.0,2355031.0,6.96,6360609.0,18.8,-4005578.0,-11.84,200619.0,0.59,-2555650.0,-7.55,878.0,1.777,1.778,244590688.0,434882243,434882243,2026-08-04,2026-08-04 15:34:33+08:00
589600,科创综指ETF富国,1.48,1.4767,-0.22,0.063,4.45,122925.0,17934750.0,1.417,1.49,1.417,1.417,5.15,5.45,1.13,20.09,90685.0,32240.0,1642327.0,9.16,-2531160.0,-14.11,4173487.0,23.27,-527069.0,-2.94,-1115257.0,-6.22,10.0,1.481,1.482,225535000.0,333791800,333791800,2026-08-04,2026-08-04 16:12:01+08:00
560800,数字经济ETF鹏扬,1.149,1.1468,-0.19,0.049,4.45,117421.0,13284361.0,1.108,1.155,1.101,1.1,4.91,3.97,1.09,-21.79,61733.0,55688.0,3182240.0,23.95,2554293.0,19.23,627947.0,4.73,-1499544.0,-11.29,-1682696.0,-12.67,-231.0,1.148,1.149,295951104.0,340047818,340047818,2026-08-04,2026-08-04 16:11:49+08:00
588770,科创信息ETF摩根,1.765,1.7707,0.32,0.075,4.44,124801.0,21980982.0,1.709,1.786,1.691,1.69,5.62,3.97,1.24,60.79,81647.0,43154.0,3262151.0,14.84,1323042.0,6.02,1939109.0,8.82,-3903110.0,-17.76,640959.0,2.92,-100.0,1.765,1.767,314597104.0,555263889,555263889,2026-08-04,2026-08-04 16:12:00+08:00
516630,云计算ETF华夏,1.698,1.6977,-0.02,0.072,4.43,552599.0,92736272.0,1.647,1.705,1.644,1.626,3.75,10.52,0.92,33.97,302212.0,250387.0,3164321.0,3.41,5031114.0,5.43,-1866793.0,-2.01,-233674.0,-0.25,-2930647.0,-3.16,-5800.0,1.697,1.698,525156000.0,891714888,891714888,2026-08-04,2026-08-04 16:11:36+08:00
589110,科创人工智能ETF国泰,0.943,0.9444,0.15,0.04,4.43,100214.0,9280577.0,0.903,0.949,0.903,0.903,5.09,1.95,0.93,9.12,55131.0,45083.0,523687.0,5.64,2835.0,0.03,520852.0,5.61,-52189.0,-0.56,-471498.0,-5.08,-48.0,0.943,0.944,513413008.0,484148467,484148467,2026-08-04,2026-08-04 16:12:00+08:00
159291,创业板综增强ETF招商,1.136,1.1378,0.16,0.048,4.41,11562.0,1301254.8,1.089,1.14,1.089,1.088,4.69,5.39,0.85,3.69,7293.0,4269.0,330448.0,25.39,0.0,0.0,330448.0,25.39,-166852.0,-12.82,-163595.0,-12.57,20.0,1.135,1.141,21457388.0,24375593,24375593,2026-08-04,2026-08-04 15:34:21+08:00
159786,VRETF银华,1.139,1.1371,-0.17,0.048,4.4,203930.0,22927736.4,1.1,1.143,1.1,1.091,3.94,22.0,1.31,-33.79,97806.0,106124.0,679374.0,2.96,1182429.0,5.16,-503055.0,-2.19,-197911.0,-0.86,-481463.0,-2.1,515.0,1.138,1.139,92701174.0,105586637,105586637,2026-08-04,2026-08-04 15:34:27+08:00
159256,创业板软件ETF华夏,0.854,0.8507,-0.39,0.036,4.4,2082301.0,175393887.6,0.823,0.855,0.82,0.818,4.28,35.77,1.49,55.55,1019733.0,1062568.0,10287465.0,5.87,11020066.0,6.28,-732601.0,-0.42,-4452763.0,-2.54,-5834702.0,-3.33,-12928.0,0.854,0.855,582183760.0,497184931,497184931,2026-08-04,2026-08-04 15:34:54+08:00
588280,科创50ETF华安,1.162,1.1648,0.24,0.049,4.4,495894.0,56918012.0,1.123,1.173,1.12,1.113,4.76,12.65,0.86,25.56,278011.0,217883.0,12311785.0,21.63,5448810.0,9.57,6862975.0,12.06,-6048013.0,-10.63,-6263771.0,-11.0,-1914.0,1.162,1.163,392121008.0,455644611,455644611,2026-08-04,2026-08-04 16:11:32+08:00
589770,科创综指ETF招商,1.495,1.4957,0.05,0.063,4.4,153348.0,22678565.0,1.446,1.506,1.435,1.432,4.96,9.38,0.92,17.04,83439.0,69909.0,132918.0,0.59,-2428365.0,-10.71,2561283.0,11.29,86072.0,0.38,-218990.0,-0.97,-1.0,1.495,1.496,163569200.0,244535954,244535954,2026-08-04,2026-08-04 16:11:50+08:00
517390,云计算ETF天弘,2.018,2.0258,0.39,0.085,4.4,51253.0,10237481.0,1.944,2.019,1.944,1.933,3.88,3.77,0.99,11.68,32479.0,18774.0,992733.0,9.7,0.0,0.0,992733.0,9.7,164929.0,1.61,-1157662.0,-11.31,-601.0,2.017,2.018,136112600.0,274675227,274675227,2026-08-04,2026-08-04 16:11:43+08:00
159293,创业板综增强ETF建信,1.046,1.048,0.19,0.044,4.39,42968.0,4491182.3,1.012,1.052,1.012,1.002,3.99,18.55,1.65,13.38,22324.0,20644.0,421009.0,9.37,313800.0,6.99,107209.0,2.39,-260593.0,-5.8,-160416.0,-3.57,9.0,1.046,1.048,23159397.0,24224729,24224729,2026-08-04,2026-08-04 15:34:24+08:00
589060,科创综指ETF东财,1.545,1.5477,0.17,0.065,4.39,93884.0,14331231.0,1.486,1.557,1.486,1.48,4.8,9.67,0.9,26.55,63744.0,30140.0,1133883.0,7.91,0.0,0.0,1133883.0,7.91,1187195.0,8.28,-2321078.0,-16.2,-1264.0,1.545,1.546,97137900.0,150078056,150078056,2026-08-04,2026-08-04 16:11:46+08:00
159895,物联网ETF易方达,1.382,1.3786,-0.25,0.058,4.38,49993.0,6825351.319,1.359,1.39,1.336,1.324,4.08,6.73,0.92,-5.07,15605.0,34388.0,732835.0,10.74,0.0,0.0,732835.0,10.74,-781596.0,-11.45,48760.0,0.71,1000.0,1.377,1.382,74241864.0,102602256,102602256,2026-08-04,2026-08-04 15:34:36+08:00
588670,科创综指增强ETF嘉实,1.644,1.6441,0.01,0.069,4.38,34860.0,5659191.0,1.575,1.657,1.575,1.575,5.21,8.76,1.49,17.28,18835.0,16025.0,611619.0,10.81,0.0,0.0,611619.0,10.81,-383535.0,-6.78,-228085.0,-4.03,-33.0,1.641,1.644,39792000.0,65418048,65418048,2026-08-04,2026-08-04 16:11:42+08:00
159273,云计算ETF汇添富,1.479,1.4759,-0.21,0.062,4.38,307539.0,44992730.2,1.444,1.48,1.438,1.417,2.96,4.56,1.24,52.73,154667.0,152872.0,-2599416.0,-5.78,-1976950.0,-4.39,-622466.0,-1.38,2721017.0,6.05,-121601.0,-0.27,-1194.0,1.479,1.48,673777504.0,996516928,996516928,2026-08-04,2026-08-04 15:34:06+08:00
159537,信创ETF国泰,0.881,0.8828,0.2,0.037,4.38,91188.0,7963493.382,0.854,0.888,0.845,0.844,5.09,5.69,0.8,-7.66,48080.0,43108.0,1711872.0,21.5,3150682.0,39.56,-1438810.0,-18.07,-996642.0,-12.52,-715230.0,-8.98,382.0,0.88,0.881,160285204.0,141211265,141211265,2026-08-04,2026-08-04 15:34:12+08:00
588080,科创50ETF易方达,1.655,1.654,-0.06,0.069,4.35,16030756.0,2619247625.0,1.6,1.669,1.592,1.586,4.85,6.4,0.99,12.45,8904039.0,7126717.0,605421200.0,23.11,472765856.0,18.05,132655344.0,5.06,-347754240.0,-13.28,-257666975.0,-9.84,-89930.0,1.655,1.656,25030628096.0,41425689499,41425689499,2026-08-04,2026-08-04 16:11:51+08:00
159145,工业软件ETF广发,0.841,0.8384,-0.31,0.035,4.34,96284.0,8040604.6,0.823,0.887,0.813,0.806,9.18,13.45,1.36,-27.5,48433.0,47851.0,43061.0,0.54,1105162.0,13.74,-1062101.0,-13.21,-50816.0,-0.63,7755.0,0.1,5256.0,0.84,0.841,71581845.0,60200332,60200332,2026-08-04,2026-08-04 15:34:21+08:00
588170,科创半导体ETF华夏,0.865,0.868,0.35,0.036,4.34,112063640.0,9584468928.0,0.836,0.882,0.824,0.829,7.0,24.32,0.98,-9.87,55456530.0,56607111.0,1408492752.0,14.7,1904129152.0,19.87,-495636400.0,-5.17,-910760816.0,-9.5,-497731872.0,-5.19,-985190.0,0.865,0.866,46077446912.0,39856991579,39856991579,2026-08-04,2026-08-04 16:11:45+08:00
589050,科创综指ETF兴业,1.284,1.2815,-0.2,0.053,4.31,17126.0,2177951.0,1.224,1.292,1.224,1.231,5.52,3.65,1.25,18.75,8672.0,8454.0,401397.0,18.43,0.0,0.0,401397.0,18.43,-326268.0,-14.98,-75130.0,-3.45,-5.0,1.284,1.285,46968000.0,60306912,60306912,2026-08-04,2026-08-04 16:11:58+08:00
159505,国证2000ETF博时,1.533,1.5244,-0.56,0.063,4.29,50613.0,7657139.0,1.478,1.536,1.478,1.47,3.95,25.17,1.4,59.6,16644.0,33969.0,2258243.0,29.49,2697420.0,35.23,-439177.0,-5.74,-2462703.0,-32.16,204460.0,2.67,162.0,1.53,1.533,20104786.0,30820637,30820637,2026-08-04,2026-08-04 15:34:36+08:00
159107,创业板软件ETF富国,0.778,0.7729,-0.66,0.032,4.29,1644569.0,125968471.5,0.75,0.778,0.75,0.746,3.75,19.89,1.4,44.46,898510.0,746059.0,3922516.0,3.11,638314.0,0.51,3284202.0,2.61,-2139517.0,-1.7,-1783000.0,-1.42,-11781.0,0.778,0.779,826823008.0,643268300,643268300,2026-08-04,2026-08-04 15:34:30+08:00
588000,科创50ETF华夏,1.706,1.7052,-0.05,0.07,4.28,62410029.0,10513818196.0,1.649,1.72,1.642,1.636,4.77,11.59,0.83,38.26,33145844.0,29264185.0,1628581328.0,15.49,1923840576.0,18.3,-295259248.0,-2.81,-742746208.0,-7.06,-885835024.0,-8.43,-359461.0,1.706,1.707,53840668160.0,91852179881,91852179881,2026-08-04,2026-08-04 16:11:58+08:00
588060,科创50ETF广发,1.027,1.0259,-0.11,0.042,4.26,7721559.0,782594855.0,0.99,1.035,0.987,0.985,4.87,9.86,0.89,13.17,4237461.0,3484098.0,201566012.0,25.76,231503276.0,29.58,-29937264.0,-3.83,-119040114.0,-15.21,-82525900.0,-10.55,-47542.0,1.027,1.028,7831140096.0,8042580879,8042580879,2026-08-04,2026-08-04 16:11:33+08:00
159288,创业板综ETF银华,0.981,0.983,0.2,0.04,4.25,15511.0,1502276.7,0.95,0.986,0.95,0.941,3.83,1.68,0.41,78.75,9947.0,5564.0,133414.0,8.88,-88264.0,-5.88,221678.0,14.76,127115.0,8.46,-260528.0,-17.34,-2.0,0.969,0.983,92174931.0,90423607,90423607,2026-08-04,2026-08-04 15:34:00+08:00
159571,创业板200ETF富国,1.402,1.4022,0.01,0.057,4.24,1011.0,140347.6,1.36,1.405,1.359,1.345,3.42,0.51,0.31,39.82,670.0,341.0,-26595.0,-18.95,0.0,0.0,-26595.0,-18.95,46416.0,33.07,-19821.0,-14.12,100.0,1.402,1.408,19981814.0,28014503,28014503,2026-08-04,2026-08-04 15:34:09+08:00
589360,科创50ETF国泰,0.836,0.835,-0.12,0.034,4.24,980784.0,80678384.0,0.814,0.841,0.804,0.802,4.61,3.74,0.94,-12.67,549164.0,431620.0,14846183.0,18.4,11156341.0,13.83,3689842.0,4.57,-9968935.0,-12.36,-4877249.0,-6.05,-1402.0,0.836,0.837,2621174000.0,2191301464,2191301464,2026-08-04,2026-08-04 16:11:34+08:00
159292,创业板综增强ETF华宝,1.159,1.1632,0.36,0.047,4.23,36862.0,4237172.658,1.122,1.167,1.122,1.112,4.05,2.03,0.74,14.15,22225.0,14637.0,-9488.0,-0.22,0.0,0.0,-9488.0,-0.22,130428.0,3.08,-120940.0,-2.85,-154.0,1.157,1.161,181189531.0,209998666,209998666,2026-08-04,2026-08-04 15:34:06+08:00
159658,数字经济ETF华安,1.724,1.7262,0.13,0.07,4.23,48493.0,8312956.1,1.66,1.735,1.658,1.654,4.66,10.92,0.71,17.33,23652.0,24841.0,678830.0,8.17,1040793.0,12.52,-361963.0,-4.35,-136790.0,-1.65,-542041.0,-6.52,-67.0,1.724,1.725,44394877.0,76536768,76536768,2026-08-04,2026-08-04 15:34:15+08:00
588050,科创50ETF工银,1.657,1.6485,-0.52,0.067,4.21,3671199.0,600836434.0,1.601,1.67,1.595,1.59,4.72,5.8,0.83,93.61,1978000.0,1693200.0,72050209.0,11.99,67432762.0,11.22,4617447.0,0.77,-35119020.0,-5.85,-36931195.0,-6.15,-11455.0,1.657,1.658,6327241216.0,10484238695,10484238695,2026-08-04,2026-08-04 16:11:41+08:00
159738,云计算ETF华泰柏瑞,2.13,2.1388,0.41,0.086,4.21,151201.0,31931776.1,2.067,2.135,2.067,2.044,3.33,11.04,0.95,4.27,83407.0,67794.0,1105559.0,3.46,2152150.0,6.74,-1046591.0,-3.28,-477250.0,-1.49,-628310.0,-1.97,706.0,2.129,2.13,136992667.0,291794381,291794381,2026-08-04,2026-08-04 15:34:03+08:00
159533,中证2000ETF博时,1.81,1.8011,-0.49,0.073,4.2,50493.0,9015727.9,1.754,1.81,1.742,1.737,3.91,32.66,1.47,23.0,20958.0,29535.0,1117997.0,12.4,3335659.0,37.0,-2217662.0,-24.6,-1290973.0,-14.32,172974.0,1.92,156.0,1.807,1.81,15458785.0,27980401,27980401,2026-08-04,2026-08-04 15:34:21+08:00
588720,科创50ETF中银,1.641,1.6442,0.19,0.066,4.19,87674.0,14184946.0,1.6,1.654,1.58,1.575,4.7,7.99,1.13,25.39,43452.0,44222.0,720106.0,5.08,-772864.0,-5.45,1492970.0,10.53,342931.0,2.42,-1063036.0,-7.49,-31.0,1.638,1.641,109741800.0,180086294,180086294,2026-08-04,2026-08-04 16:11:49+08:00
159108,工业软件ETF博时,0.971,0.9666,-0.46,0.039,4.18,44695.0,4286658.0,0.939,0.971,0.939,0.932,3.43,3.55,0.63,-44.32,24021.0,20674.0,374333.0,8.73,331999.0,7.74,42334.0,0.99,65691.0,1.53,-440023.0,-10.26,372.0,0.97,0.971,125738511.0,122092094,122092094,2026-08-04,2026-08-04 15:34:45+08:00
517130,云计算ETF嘉实,0.998,1.0007,0.27,0.04,4.18,117851.0,11657975.0,0.969,1.0,0.969,0.958,3.24,5.86,1.27,-4.86,71144.0,46707.0,1605705.0,13.77,327669.0,2.81,1278036.0,10.96,-1236304.0,-10.6,-369401.0,-3.17,-2202.0,0.998,0.999,201154000.0,200751692,200751692,2026-08-04,2026-08-04 16:11:33+08:00
159572,创业板200ETF易方达,1.402,1.4031,0.08,0.056,4.16,117322.0,16270965.343,1.354,1.407,1.354,1.346,3.94,6.06,0.76,-30.17,58570.0,58752.0,1018110.0,6.26,549455.0,3.38,468655.0,2.88,-459168.0,-2.82,-558943.0,-3.44,-1.0,1.402,1.404,193749107.0,271636248,271636248,2026-08-04,2026-08-04 15:34:27+08:00
588090,科创50ETF华泰柏瑞,1.661,1.6644,0.2,0.066,4.14,1816726.0,298174312.0,1.607,1.678,1.6,1.595,4.89,6.17,0.55,-23.02,1009501.0,807225.0,58985826.0,19.78,32662331.0,10.95,26323495.0,8.83,-29840276.0,-10.01,-29145551.0,-9.77,-15611.0,1.66,1.661,2946072800.0,4893426921,4893426921,2026-08-04,2026-08-04 16:11:40+08:00
588040,科创50ETF鹏华,1.639,1.6458,0.41,0.065,4.13,270036.0,43685951.0,1.586,1.652,1.577,1.574,4.76,16.28,1.2,33.33,162567.0,107469.0,5114426.0,11.71,-73527.0,-0.17,5187953.0,11.88,790597.0,1.81,-5905022.0,-13.52,-1463.0,1.638,1.639,165889000.0,271892071,271892071,2026-08-04,2026-08-04 16:11:52+08:00
159137,港股通医疗ETF华宝,0.885,0.8879,0.33,0.035,4.12,716616.0,63562454.1,0.87,0.897,0.87,0.85,3.18,43.27,1.43,21.2,353491.0,363125.0,1727971.0,2.72,-409876.0,-0.64,2137847.0,3.36,-1601038.0,-2.52,-126933.0,-0.2,1809.0,0.884,0.885,165632607.0,146584857,146584857,2026-08-04,2026-08-04 15:34:36+08:00
588940,科创50ETF富国,0.836,0.837,0.12,0.033,4.11,2976204.0,245739615.0,0.809,0.844,0.805,0.803,4.86,9.95,0.95,16.55,1744409.0,1231794.0,64128885.0,26.1,55990597.0,22.78,8138288.0,3.31,-30961564.0,-12.6,-33167320.0,-13.5,-15381.0,0.836,0.837,2990840000.0,2500342240,2500342240,2026-08-04,2026-08-04 16:12:00+08:00
159896,物联网ETF南方,1.275,1.2775,0.2,0.05,4.08,12580.0,1574805.9,1.234,1.283,1.234,1.225,4.0,3.49,0.37,-25.62,3161.0,9419.0,257403.0,16.35,8280.0,0.53,249123.0,15.82,-217328.0,-13.8,-40074.0,-2.54,-1.0,1.27,1.279,36055960.0,45971349,45971349,2026-08-04,2026-08-04 15:34:30+08:00
516260,物联网ETF华夏,1.356,1.3603,0.32,0.053,4.07,7025.0,939687.0,1.368,1.368,1.314,1.303,4.14,1.47,0.46,0.64,5308.0,1717.0,-130275.0,-13.86,0.0,0.0,-130275.0,-13.86,87238.0,9.28,43037.0,4.58,-1.0,1.358,1.36,47882600.0,64928806,64928806,2026-08-04,2026-08-04 16:11:54+08:00
517850,张江ETF汇添富,1.252,1.2519,-0.01,0.049,4.07,7160.0,886182.0,1.207,1.26,1.207,1.203,4.41,1.88,0.36,3.81,4299.0,2861.0,458634.0,51.75,0.0,0.0,458634.0,51.75,-208646.0,-23.54,-249988.0,-28.21,-10.0,1.252,1.254,38185200.0,47807870,47807870,2026-08-04,2026-08-04 16:11:40+08:00
563050,央企科技ETF易方达,1.28,1.2782,-0.14,0.05,4.07,116519.0,14727790.0,1.237,1.284,1.237,1.23,3.82,9.61,1.24,15.34,66943.0,49576.0,1347962.0,9.15,2123808.0,14.42,-775846.0,-5.27,-793910.0,-5.39,-554052.0,-3.76,-27.0,1.279,1.28,121208400.0,155146752,155146752,2026-08-04,2026-08-04 16:11:54+08:00
588180,科创50ETF国联安,1.054,1.0569,0.27,0.041,4.05,479269.0,49902922.0,1.022,1.063,1.015,1.013,4.74,6.37,1.0,-11.45,274979.0,204290.0,11832700.0,23.71,3331120.0,6.68,8501580.0,17.04,-6360644.0,-12.75,-5472056.0,-10.97,-760.0,1.053,1.054,752353696.0,792980796,792980796,2026-08-04,2026-08-04 16:11:48+08:00
516330,物联网ETF华泰柏瑞,1.571,1.5751,0.26,0.061,4.04,8101.0,1272048.0,1.525,1.582,1.525,1.51,3.77,11.14,2.76,9.05,6327.0,1774.0,51880.0,4.08,-1005125.0,-79.02,1057005.0,83.09,0.0,0.0,-51879.0,-4.08,598.0,1.572,1.576,7271300.0,11423212,11423212,2026-08-04,2026-08-04 16:11:47+08:00
159575,创业板200ETF银华,1.374,1.3737,-0.02,0.053,4.01,14047.0,1920475.1,1.328,1.376,1.328,1.321,3.63,14.93,1.26,-5.09,8676.0,5371.0,14252.0,0.74,0.0,0.0,14252.0,0.74,49719.0,2.59,-63972.0,-3.33,3.0,1.374,1.379,9410425.0,12929924,12929924,2026-08-04,2026-08-04 15:34:21+08:00
159287,创业板综ETF博时,1.09,1.094,0.37,0.042,4.01,43421.0,4710620.9,1.058,1.099,1.056,1.048,4.1,4.11,1.18,77.27,30822.0,12599.0,-1079179.0,-22.91,-2603453.0,-55.27,1524274.0,32.36,1297887.0,27.55,-218707.0,-4.64,-20.0,1.09,1.091,105568753.0,115069941,115069941,2026-08-04,2026-08-04 15:34:57+08:00
589990,科创综指ETF华泰柏瑞,1.56,1.5572,-0.18,0.06,4.0,152543.0,23521947.0,1.515,1.568,1.496,1.5,4.8,13.37,1.29,25.14,77749.0,74794.0,768649.0,3.27,-4260417.0,-18.11,5029066.0,21.38,-378524.0,-1.61,-390125.0,-1.66,-1501.0,1.559,1.56,114090000.0,177980400,177980400,2026-08-04,2026-08-04 16:11:33+08:00
588870,科创50ETF汇添富,1.638,1.6416,0.22,0.063,4.0,1314267.0,212588484.0,1.582,1.654,1.577,1.575,4.89,16.29,0.89,-12.36,743369.0,570898.0,59852723.0,28.15,56842959.0,26.74,3009764.0,1.42,-23034258.0,-10.84,-36818465.0,-17.32,-11690.0,1.638,1.639,806552000.0,1321132176,1321132176,2026-08-04,2026-08-04 16:11:39+08:00
588150,科创50ETF南方,1.144,1.1466,0.23,0.044,4.0,457254.0,51481684.0,1.111,1.154,1.102,1.1,4.73,11.91,0.88,19.92,232327.0,224927.0,8514147.0,16.54,4407672.0,8.56,4106475.0,7.98,-4242291.0,-8.24,-4271855.0,-8.3,-1769.0,1.143,1.144,383932608.0,439218904,439218904,2026-08-04,2026-08-04 16:11:47+08:00
515400,大数据ETF富国,0.888,0.8868,-0.14,0.034,3.98,1596389.0,140434782.0,0.86,0.889,0.86,0.854,3.4,8.85,0.98,-15.98,716920.0,879469.0,26523497.0,18.89,27260823.0,19.41,-737326.0,-0.53,-16897433.0,-12.03,-9626065.0,-6.85,-12674.0,0.887,0.888,1803631408.0,1601624690,1601624690,2026-08-04,2026-08-04 16:11:39+08:00
159555,中证2000增强ETF银华,1.597,1.5983,0.08,0.061,3.97,28542.0,4508832.6,1.548,1.6,1.537,1.536,4.1,7.62,0.83,-0.41,19999.0,8543.0,-297958.0,-6.61,0.0,0.0,-297958.0,-6.61,388952.0,8.63,-90995.0,-2.02,134.0,1.595,1.597,37462705.0,59827940,59827940,2026-08-04,2026-08-04 15:34:42+08:00
526010,港股通医疗ETF汇添富,0.946,0.9502,0.44,0.036,3.96,118639.0,11242031.0,0.936,0.959,0.935,0.91,2.64,15.72,1.94,-49.33,75662.0,42977.0,-28509.0,-0.25,-2430609.0,-21.62,2402100.0,21.37,75654.0,0.67,-47146.0,-0.42,-536.0,0.945,0.946,75458000.0,71383268,71383268,2026-08-04,2026-08-04 16:11:44+08:00
159679,中证1000增强ETF国泰,1.211,1.2049,-0.51,0.046,3.95,34038.0,4073178.4,1.165,1.211,1.165,1.165,3.95,5.86,0.53,35.78,18319.0,15719.0,50508.0,1.24,0.0,0.0,50508.0,1.24,333439.0,8.19,-383947.0,-9.43,80.0,1.207,1.211,58089156.0,70345968,70345968,2026-08-04,2026-08-04 15:34:45+08:00
516000,大数据ETF华夏,0.973,0.9719,-0.11,0.037,3.95,595160.0,57468438.0,0.945,0.975,0.944,0.936,3.31,11.47,1.12,6.66,363003.0,232157.0,5582597.0,9.71,6259099.0,10.89,-676502.0,-1.18,-1984676.0,-3.45,-3597922.0,-6.26,-1214.0,0.973,0.974,518855008.0,504845923,504845923,2026-08-04,2026-08-04 16:11:52+08:00
159311,数字经济ETF易方达,1.453,1.4556,0.18,0.055,3.93,9022.0,1295205.5,1.411,1.464,1.397,1.398,4.79,2.29,0.63,-56.18,4560.0,4462.0,651251.0,50.28,375517.0,28.99,275734.0,21.29,-326744.0,-25.23,-324506.0,-25.05,-100.0,1.452,1.453,39383993.0,57224942,57224942,2026-08-04,2026-08-04 15:34:57+08:00
560170,央企科技ETF南方,1.195,1.196,0.08,0.045,3.91,369594.0,43815829.0,1.157,1.201,1.157,1.15,3.83,9.64,0.66,13.11,243286.0,126308.0,2575712.0,5.88,1052217.0,2.4,1523495.0,3.48,-1055428.0,-2.41,-1520285.0,-3.47,-2520.0,1.195,1.196,383495504.0,458277127,458277127,2026-08-04,2026-08-04 16:11:55+08:00
517110,创新药ETF国泰,0.745,0.7416,-0.46,0.028,3.91,841977.0,62605751.0,0.73,0.75,0.73,0.717,2.79,5.56,1.77,-37.39,468860.0,373117.0,10357415.0,16.54,8330225.0,13.31,2027190.0,3.24,-7217303.0,-11.53,-3140112.0,-5.02,-5475.0,0.744,0.745,1513098496.0,1127258380,1127258380,2026-08-04,2026-08-04 16:11:45+08:00
159573,创业板200ETF华夏,1.409,1.4111,0.15,0.053,3.91,108155.0,15074831.704,1.359,1.415,1.359,1.356,4.13,12.66,0.64,-1.81,54141.0,54014.0,727341.0,4.82,677905.0,4.5,49436.0,0.33,-27276.0,-0.18,-700066.0,-4.64,-70.0,1.409,1.41,85456297.0,120407922,120407922,2026-08-04,2026-08-04 15:34:51+08:00
589150,科创50ETF平安,1.169,1.1773,0.71,0.044,3.91,269464.0,31066232.0,1.133,1.178,1.125,1.125,4.71,3.49,0.92,27.19,160484.0,108980.0,8151936.0,26.24,7895887.0,25.42,256049.0,0.82,-4343787.0,-13.98,-3808148.0,-12.26,-3665.0,1.167,1.169,771437200.0,901810087,901810087,2026-08-04,2026-08-04 16:11:55+08:00
159270,创业板200ETF南方,1.091,1.0919,0.08,0.041,3.9,100938.0,10837006.0,1.052,1.095,1.052,1.05,4.1,11.37,0.81,28.89,48171.0,52767.0,1418848.0,13.09,585875.0,5.41,832973.0,7.69,-979945.0,-9.04,-438903.0,-4.05,-187.0,1.091,1.092,88763649.0,96841141,96841141,2026-08-04,2026-08-04 15:34:03+08:00
589280,科创增强ETF华宝,0.861,0.8662,0.6,0.032,3.86,149544.0,12686935.0,0.84,0.874,0.837,0.829,4.46,9.71,2.79,9.49,102422.0,47122.0,322079.0,2.54,5060886.0,39.89,-4738807.0,-37.35,-142386.0,-1.12,-179693.0,-1.42,-2557.0,0.859,0.861,154069000.0,132653409,132653409,2026-08-04,2026-08-04 16:11:37+08:00
589850,科创50ETF东财,1.546,1.5514,0.35,0.057,3.83,1760770.0,268993490.0,1.495,1.556,1.492,1.489,4.3,21.09,0.97,-57.27,1127059.0,633711.0,67348913.0,25.04,29396701.0,10.93,37952212.0,14.11,-22529625.0,-8.38,-44819287.0,-16.66,-15809.0,1.546,1.547,835057008.0,1290998134,1290998134,2026-08-04,2026-08-04 16:11:55+08:00
513620,港股医疗ETF银华,1.002,1.0057,0.37,0.037,3.83,536807.0,53930756.0,0.994,1.017,0.994,0.965,2.38,48.27,2.18,-33.9,265529.0,271278.0,2757740.0,5.11,-26314.0,-0.05,2784054.0,5.16,-2524470.0,-4.68,-233270.0,-0.43,-2431.0,1.002,1.003,111216000.0,111438432,111438432,2026-08-04,2026-08-04 16:11:39+08:00
159206,卫星ETF永赢,1.327,1.3259,-0.08,0.049,3.83,4799679.0,630178346.687,1.289,1.334,1.282,1.278,4.07,4.4,1.09,-5.71,2721640.0,2078038.0,15752023.0,2.5,44671279.0,7.09,-28919256.0,-4.59,-24167480.0,-3.84,8415457.0,1.34,-48984.0,1.327,1.328,10896953344.0,14460257087,14460257087,2026-08-04,2026-08-04 15:34:21+08:00
588840,科创50ETF万家,1.493,1.4986,0.37,0.055,3.82,132649.0,19509734.0,1.438,1.507,1.438,1.438,4.8,18.89,1.03,18.64,78882.0,53767.0,4190997.0,21.48,8350387.0,42.8,-4159390.0,-21.32,-2086432.0,-10.69,-2104566.0,-10.79,-194.0,1.493,1.494,70236000.0,104862348,104862348,2026-08-04,2026-08-04 16:11:36+08:00
516700,大数据ETF华宝,0.926,0.9272,0.13,0.034,3.81,186713.0,17103900.0,0.898,0.928,0.898,0.892,3.36,9.15,0.8,-1.41,99458.0,87255.0,2657406.0,15.54,-403922.0,-2.36,3061328.0,17.9,-1015982.0,-5.94,-1641425.0,-9.6,-932.0,0.924,0.926,204122000.0,189016972,189016972,2026-08-04,2026-08-04 16:11:40+08:00
530530,上证580ETF华夏,1.069,1.0709,0.18,0.039,3.79,12164.0,1286233.0,1.022,1.069,1.022,1.03,4.56,0.9,0.48,49.65,4730.0,7434.0,50823.0,3.95,0.0,0.0,50823.0,3.95,89156.0,6.93,-139978.0,-10.88,-438.0,1.066,1.069,134460000.0,143737740,143737740,2026-08-04,2026-08-04 16:11:43+08:00
588950,科创50ETF景顺,1.685,1.6914,0.38,0.061,3.76,773004.0,128561632.0,1.639,1.7,1.627,1.624,4.5,12.16,0.87,46.02,460927.0,312077.0,25781129.0,20.05,22859976.0,17.78,2921153.0,2.27,-7539314.0,-5.86,-18241814.0,-14.19,-6568.0,1.685,1.686,635729696.0,1071204538,1071204538,2026-08-04,2026-08-04 16:11:59+08:00
159543,国证2000ETF工银,1.436,1.4223,-0.96,0.052,3.76,6625.0,938261.2,1.389,1.436,1.387,1.384,3.54,1.57,1.03,93.56,4233.0,2392.0,192564.0,20.52,0.0,0.0,192564.0,20.52,-68092.0,-7.26,-124473.0,-13.27,1.0,1.436,1.438,42196551.0,60594247,60594247,2026-08-04,2026-08-04 15:34:54+08:00
588370,科创50增强ETF南方,1.696,1.7099,0.81,0.061,3.73,90655.0,15270105.0,1.638,1.716,1.638,1.635,4.77,11.96,1.06,-12.36,52935.0,37720.0,4177611.0,27.36,1884690.0,12.34,2292921.0,15.02,-2706986.0,-17.73,-1470625.0,-9.63,-1621.0,1.695,1.696,75772000.0,128509312,128509312,2026-08-04,2026-08-04 16:12:00+08:00
159167,港股通医疗ETF工银,0.87,0.8772,0.82,0.031,3.69,366276.0,32069485.533,0.864,0.885,0.864,0.839,2.5,17.07,1.58,-3.82,180436.0,185840.0,-343941.0,-1.07,811661.0,2.53,-1155602.0,-3.6,397449.0,1.24,-53508.0,-0.17,305.0,0.869,0.87,214549164.0,186657773,186657773,2026-08-04,2026-08-04 15:34:54+08:00
530100,上证580ETF易方达,1.07,1.0716,0.15,0.038,3.68,30483.0,3246817.0,1.039,1.072,1.039,1.032,3.2,2.44,1.0,0.44,5599.0,24884.0,556564.0,17.14,1072000.0,33.02,-515436.0,-15.88,-392980.0,-12.1,-163583.0,-5.04,-22.0,1.067,1.07,124696000.0,133424720,133424720,2026-08-04,2026-08-04 16:11:33+08:00
562380,央企科技ETF银华,1.215,1.2122,-0.23,0.043,3.67,71231.0,8563253.0,1.182,1.221,1.177,1.172,3.75,9.0,0.71,46.45,39123.0,32108.0,405293.0,4.73,759963.0,8.87,-354670.0,-4.14,-219306.0,-2.56,-185988.0,-2.17,-1579.0,1.214,1.215,79128900.0,96141614,96141614,2026-08-04,2026-08-04 16:11:53+08:00
159656,沪深300成长ETF万家,1.21,1.2078,-0.18,0.042,3.6,59088.0,7082750.1,1.173,1.212,1.165,1.168,4.02,2.44,0.48,-41.46,36816.0,22272.0,410343.0,5.79,603500.0,8.52,-193157.0,-2.73,-228799.0,-3.23,-181545.0,-2.56,82.0,1.206,1.21,242238451.0,293108526,293108526,2026-08-04,2026-08-04 15:34:12+08:00
563530,卫星ETF易方达,1.1,1.0989,-0.1,0.038,3.58,1062869.0,115534376.0,1.067,1.105,1.066,1.062,3.67,6.47,1.06,6.18,593990.0,468879.0,8669038.0,7.5,-371676.0,-0.32,9040714.0,7.83,-133549.0,-0.12,-8535488.0,-7.39,-7578.0,1.1,1.101,1642748000.0,1807022800,1807022800,2026-08-04,2026-08-04 16:11:44+08:00
159613,信息安全ETF嘉实,0.897,0.8919,-0.57,0.031,3.58,142148.0,12600177.2,0.872,0.897,0.87,0.866,3.12,11.5,1.0,22.78,76995.0,65153.0,560333.0,4.45,0.0,0.0,560333.0,4.45,134226.0,1.07,-694559.0,-5.51,-2358.0,0.897,0.898,123590217.0,110860425,110860425,2026-08-04,2026-08-04 15:34:57+08:00
159918,中创400ETF嘉实,2.413,2.415,0.08,0.083,3.56,21600.0,5130927.374,2.38,2.424,2.343,2.33,3.48,6.63,2.55,35.93,13401.0,8199.0,-238621.0,-4.65,0.0,0.0,-238621.0,-4.65,-38599.0,-0.75,277220.0,5.4,-1.0,2.412,2.424,32561264.0,78570330,78570330,2026-08-04,2026-08-04 15:34:42+08:00
561280,中证1000增强ETF工银,1.524,1.5205,-0.23,0.052,3.53,43598.0,6593755.0,1.481,1.527,1.48,1.472,3.19,5.14,0.75,2.02,25748.0,17850.0,593239.0,9.0,0.0,0.0,593239.0,9.0,-39272.0,-0.6,-553966.0,-8.4,-435.0,1.518,1.524,84847700.0,129307895,129307895,2026-08-04,2026-08-04 16:11:50+08:00
159013,工业互联网ETF大成,0.999,0.9982,-0.08,0.034,3.52,46068.0,4543653.1,0.974,1.001,0.968,0.965,3.42,9.11,1.21,-44.47,30825.0,15243.0,158560.0,3.49,2034510.0,44.78,-1875950.0,-41.29,-180366.0,-3.97,21804.0,0.48,125.0,0.995,0.999,50578881.0,50528302,50528302,2026-08-04,2026-08-04 15:34:54+08:00
159680,中证1000增强ETF招商,1.563,1.561,-0.13,0.053,3.51,861747.0,133781541.3,1.519,1.574,1.514,1.51,3.97,8.09,1.29,60.58,504064.0,357683.0,-12939686.0,-9.67,-21275514.0,-15.9,8335828.0,6.23,10603998.0,7.93,2335688.0,1.75,5641.0,1.562,1.563,1065438080.0,1665279719,1665279719,2026-08-04,2026-08-04 15:34:33+08:00
159723,科技龙头ETF汇添富,1.093,1.0983,0.48,0.037,3.5,8132.0,879917.072,1.064,1.095,1.064,1.056,2.94,2.62,0.58,5.82,4248.0,3884.0,421665.0,47.92,0.0,0.0,421665.0,47.92,-191343.0,-21.75,-230323.0,-26.18,234.0,1.092,1.093,31025575.0,33910953,33910953,2026-08-04,2026-08-04 15:34:48+08:00
159509,纳指科技ETF景顺,2.722,2.2213,-22.54,0.092,3.5,2748858.0,743999898.97,2.702,2.722,2.694,2.63,1.06,4.15,1.23,-26.52,1577671.0,1171187.0,57473738.0,7.72,10821943.0,1.45,46651795.0,6.27,-18692901.0,-2.51,-38780844.0,-5.21,64699.0,2.721,2.722,6621564160.0,18023897644,18023897644,2026-08-04,2026-08-04 15:34:45+08:00
516080,创新药ETF易方达,0.684,0.6811,-0.43,0.023,3.48,3760498.0,256655369.0,0.672,0.688,0.67,0.661,2.72,7.25,1.29,-17.82,2310832.0,1449665.0,17623488.0,6.87,24264041.0,9.45,-6640553.0,-2.59,-12008115.0,-4.68,-5615373.0,-2.19,-75928.0,0.684,0.685,5184554752.0,3546235450,3546235450,2026-08-04,2026-08-04 16:11:54+08:00
159218,卫星ETF招商,1.34,1.3399,-0.01,0.045,3.47,1219740.0,161879076.357,1.303,1.345,1.3,1.295,3.47,5.56,1.11,-10.78,796137.0,423603.0,19452337.0,12.02,9392937.0,5.8,10059400.0,6.21,-6010919.0,-3.71,-13441420.0,-8.3,-9646.0,1.34,1.341,2194616384.0,2940785955,2940785955,2026-08-04,2026-08-04 15:34:33+08:00
159508,生物医药ETF华安,0.807,0.8059,-0.14,0.027,3.46,113015.0,9109134.6,0.793,0.813,0.792,0.78,2.69,11.58,1.47,-6.49,59428.0,53587.0,-311183.0,-3.42,-697893.0,-7.66,386710.0,4.25,393185.0,4.32,-82003.0,-0.9,-322.0,0.807,0.808,97631598.0,78788700,78788700,2026-08-04,2026-08-04 15:34:51+08:00
159743,湖北ETF博时,1.32,1.3194,-0.05,0.044,3.45,3079.0,403637.5,1.276,1.324,1.275,1.276,3.84,0.28,0.6,31.98,1911.0,1168.0,-72121.0,-17.87,0.0,0.0,-72121.0,-17.87,161694.0,40.06,-89574.0,-22.19,-50.0,1.32,1.323,109941100.0,145122252,145122252,2026-08-04,2026-08-04 15:34:21+08:00
159998,计算机ETF天弘,0.993,0.9914,-0.16,0.033,3.44,858363.0,84556502.355,0.966,0.996,0.966,0.96,3.13,5.42,0.92,24.68,438476.0,419887.0,5607895.0,6.63,5860392.0,6.93,-252497.0,-0.3,-4743740.0,-5.61,-864157.0,-1.02,-1327.0,0.993,0.994,1583855360.0,1572768372,1572768372,2026-08-04,2026-08-04 15:34:18+08:00
159725,线上消费ETF工银,0.816,0.8116,-0.54,0.027,3.42,386919.0,30955199.9,0.793,0.816,0.784,0.789,4.06,24.74,2.08,65.22,204296.0,182623.0,998256.0,3.22,5749706.0,18.57,-4751450.0,-15.35,-407027.0,-1.31,-591230.0,-1.91,-3990.0,0.816,0.817,156424924.0,127642738,127642738,2026-08-04,2026-08-04 15:34:51+08:00
562310,沪深300成长ETF银华,1.062,1.0627,0.07,0.035,3.41,346730.0,36586212.0,1.039,1.068,1.037,1.027,3.02,7.07,1.11,18.08,210518.0,136212.0,16173022.0,44.21,16246585.0,44.41,-73563.0,-0.2,-3620279.0,-9.9,-12552742.0,-34.31,-2536.0,1.061,1.062,490572304.0,520987787,520987787,2026-08-04,2026-08-04 16:12:00+08:00
589120,科创创新药ETF汇添富,0.79,0.7893,-0.09,0.026,3.4,1628631.0,128153148.0,0.771,0.795,0.771,0.764,3.14,12.18,0.88,-37.07,877080.0,751551.0,21959612.0,17.14,26012688.0,20.3,-4053076.0,-3.16,-14449560.0,-11.28,-7510052.0,-5.86,-10226.0,0.789,0.79,1336620000.0,1055929800,1055929800,2026-08-04,2026-08-04 16:11:48+08:00
159839,生物医药ETF汇添富,0.365,0.3642,-0.22,0.012,3.4,2025342.0,73735079.8,0.357,0.367,0.357,0.353,2.83,6.82,1.47,-51.75,1221174.0,804168.0,6888146.0,9.34,19543193.0,26.5,-12655047.0,-17.16,-5359858.0,-7.27,-1528288.0,-2.07,29599.0,0.364,0.365,2969235168.0,1083770836,1083770836,2026-08-04,2026-08-04 15:34:51+08:00
159966,创业板价值ETF华夏,0.548,0.5491,0.2,0.018,3.4,188479.0,10270180.0,0.531,0.552,0.531,0.53,3.96,2.92,1.08,-50.27,110975.0,77504.0,1814446.0,17.67,2949109.0,28.72,-1134663.0,-11.05,-1427770.0,-13.9,-386676.0,-3.77,507.0,0.547,0.548,645299520.0,353624137,353624137,2026-08-04,2026-08-04 15:34:39+08:00
159901,深证100ETF易方达,3.66,3.6582,-0.05,0.12,3.39,830497.0,300915657.041,3.566,3.676,3.565,3.54,3.14,8.4,0.66,-14.05,489315.0,341182.0,14614650.0,4.86,-528895.0,-0.18,15143545.0,5.03,-5065226.0,-1.68,-9549425.0,-3.17,3211.0,3.659,3.66,989034928.0,3619867836,3619867836,2026-08-04,2026-08-04 15:34:39+08:00
159804,创中盘88ETF国寿,1.618,1.6182,0.01,0.053,3.39,1623.0,261282.1,1.565,1.623,1.565,1.565,3.71,0.68,0.84,-22.83,973.0,650.0,0.0,0.0,0.0,0.0,0.0,0.0,90636.0,34.69,-90636.0,-34.69,10.0,1.619,1.62,23899676.0,38669676,38669676,2026-08-04,2026-08-04 15:34:42+08:00
563790,卫星ETF鹏华,0.825,0.8241,-0.11,0.027,3.38,884913.0,72284091.0,0.803,0.829,0.8,0.798,3.63,6.94,1.04,-6.71,519003.0,365910.0,14961753.0,20.7,13684590.0,18.93,1277163.0,1.77,-8550783.0,-11.83,-6410970.0,-8.87,-5009.0,0.824,0.825,1274447008.0,1051418782,1051418782,2026-08-04,2026-08-04 16:11:38+08:00
159992,创新药ETF银华,0.857,0.8532,-0.45,0.028,3.38,14485873.0,1239334477.692,0.84,0.862,0.84,0.829,2.65,7.17,1.43,-42.39,8374079.0,6111794.0,104120944.0,8.4,148744272.0,12.0,-44623328.0,-3.6,-53287648.0,-4.3,-50833294.0,-4.1,176203.0,0.856,0.857,20200181248.0,17311555330,17311555330,2026-08-04,2026-08-04 15:34:54+08:00
588910,科创价值ETF建信,1.415,1.4171,0.15,0.046,3.36,55659.0,7803944.0,1.381,1.423,1.362,1.369,4.46,5.4,0.95,-7.19,29414.0,26245.0,2609600.0,33.44,0.0,0.0,2609600.0,33.44,-1222799.0,-15.67,-1386801.0,-17.77,-35.0,1.415,1.417,103049100.0,145814477,145814477,2026-08-04,2026-08-04 16:11:37+08:00
159622,创新药ETF东财,1.111,1.1149,0.35,0.036,3.35,1571186.0,174469952.257,1.097,1.122,1.094,1.075,2.6,11.4,1.61,-4.16,793099.0,778087.0,27976564.0,16.04,17484703.0,10.02,10491861.0,6.01,-12077483.0,-6.92,-15899080.0,-9.11,15585.0,1.11,1.111,1378603232.0,1531628191,1531628191,2026-08-04,2026-08-04 15:34:03+08:00
563230,卫星ETF富国,1.094,1.0933,-0.06,0.035,3.31,2948228.0,318885178.0,1.064,1.099,1.061,1.059,3.59,7.9,1.12,-9.52,1410550.0,1537678.0,57895253.0,18.16,42982792.0,13.48,14912461.0,4.68,-8008620.0,-2.51,-49886633.0,-15.64,-19149.0,1.094,1.095,3731237008.0,4081973287,4081973287,2026-08-04,2026-08-04 16:11:51+08:00
517350,沪港深科技ETF广发,0.937,0.9384,0.15,0.03,3.31,28760.0,2673361.0,0.908,0.939,0.908,0.907,3.42,5.86,1.45,-25.75,17006.0,11754.0,84837.0,3.17,0.0,0.0,84837.0,3.17,115593.0,4.32,-200430.0,-7.5,20.0,0.937,0.938,49042000.0,45952354,45952354,2026-08-04,2026-08-04 16:11:51+08:00
512630,卫星ETF广发,1.098,1.0961,-0.17,0.035,3.29,1384789.0,150426202.0,1.07,1.102,1.066,1.063,3.39,7.49,1.03,8.45,802078.0,582711.0,20403035.0,13.56,6900097.0,4.59,13502938.0,8.98,-10367349.0,-6.89,-10035687.0,-6.67,-8996.0,1.098,1.099,1848426000.0,2029571748,2029571748,2026-08-04,2026-08-04 16:11:36+08:00
159212,深100ETF南方,1.481,1.4843,0.22,0.047,3.28,85811.0,12571712.8,1.448,1.49,1.446,1.434,3.07,9.84,0.67,6.09,47819.0,37992.0,1392801.0,11.08,935547.0,7.44,457254.0,3.64,-955553.0,-7.6,-437249.0,-3.48,-134.0,1.48,1.483,87204367.0,129149668,129149668,2026-08-04,2026-08-04 15:34:21+08:00
561370,中证2000ETF国泰,1.328,1.3189,-0.69,0.042,3.27,31954.0,4190803.0,1.289,1.328,1.289,1.286,3.03,9.88,1.07,89.05,23875.0,8079.0,-853110.0,-20.36,0.0,0.0,-853110.0,-20.36,511353.0,12.2,341757.0,8.15,-2710.0,1.328,1.33,32356000.0,42968768,42968768,2026-08-04,2026-08-04 16:11:59+08:00
589720,科创创新药ETF国泰,0.854,0.8545,0.06,0.027,3.26,7072950.0,602303485.0,0.836,0.86,0.835,0.827,3.02,15.61,0.95,-29.65,3655424.0,3417525.0,71633343.0,11.89,81298292.0,13.5,-9664949.0,-1.6,-56431670.0,-9.37,-15201667.0,-2.52,-20872.0,0.854,0.855,4531823104.0,3870176931,3870176931,2026-08-04,2026-08-04 16:11:46+08:00
159216,深证100ETF大成,1.487,1.4908,0.25,0.047,3.26,41193.0,6070524.7,1.458,1.491,1.458,1.44,2.29,43.14,1.24,53.61,20413.0,20780.0,315841.0,5.2,0.0,0.0,315841.0,5.2,-169793.0,-2.8,-146048.0,-2.41,-5.0,1.488,1.489,9548250.0,14198248,14198248,2026-08-04,2026-08-04 15:34:30+08:00
512720,计算机ETF国泰,1.206,1.2057,-0.02,0.038,3.25,291673.0,34897281.0,1.18,1.211,1.177,1.168,2.91,7.69,1.09,2.41,186197.0,105476.0,-57005.0,-0.16,-1720451.0,-4.93,1663446.0,4.77,657977.0,1.89,-600972.0,-1.72,-389.0,1.206,1.208,379453408.0,457620810,457620810,2026-08-04,2026-08-04 16:11:33+08:00
159150,深证50ETF易方达,1.652,1.6418,-0.62,0.052,3.25,100504.0,16425566.3,1.607,1.652,1.605,1.6,2.94,10.58,1.15,-57.84,49103.0,51401.0,1916852.0,11.67,4974688.0,30.29,-3057836.0,-18.62,-1306892.0,-7.96,-609960.0,-3.71,-366.0,1.652,1.653,94997623.0,156936073,156936073,2026-08-04,2026-08-04 15:34:45+08:00
560900,创新药ETF摩根,0.92,0.9207,0.08,0.029,3.25,227079.0,20881809.0,0.902,0.927,0.902,0.891,2.81,9.79,1.35,-17.39,112847.0,114232.0,663296.0,3.18,1570995.0,7.52,-907699.0,-4.35,13321.0,0.06,-676616.0,-3.24,-1259.0,0.92,0.921,231969100.0,213411572,213411572,2026-08-04,2026-08-04 16:11:35+08:00
159703,新材料ETF天弘,0.893,0.8913,-0.19,0.028,3.24,53385.0,4719954.1,0.866,0.896,0.859,0.865,4.28,8.37,0.82,-49.05,25477.0,27908.0,200164.0,4.24,263404.0,5.58,-63240.0,-1.34,119951.0,2.54,-320116.0,-6.78,214.0,0.892,0.893,63781591.0,56956961,56956961,2026-08-04,2026-08-04 15:34:00+08:00
562030,信创ETF华宝,0.511,0.5126,0.31,0.016,3.23,78335.0,3960485.0,0.496,0.511,0.496,0.495,3.03,5.64,0.79,-21.94,37347.0,40988.0,367696.0,9.28,719344.0,18.16,-351648.0,-8.88,-208725.0,-5.27,-158971.0,-4.01,-4563.0,0.508,0.511,138973900.0,71015663,71015663,2026-08-04,2026-08-04 16:11:39+08:00
159912,深300ETF汇添富,1.921,1.9243,0.17,0.06,3.22,51593.0,9874867.5,1.874,1.93,1.874,1.861,3.01,7.27,2.24,-52.24,28461.0,23132.0,1376402.0,13.94,3422344.0,34.66,-2045942.0,-20.72,-1375025.0,-13.92,-1378.0,-0.01,-10.0,1.921,1.924,70948991.0,136293012,136293012,2026-08-04,2026-08-04 15:34:18+08:00
515120,创新药ETF广发,0.641,0.6394,-0.25,0.02,3.22,12254989.0,784522644.0,0.629,0.646,0.629,0.621,2.74,6.39,1.33,-49.97,6866129.0,5388859.0,123994397.0,15.81,189151907.0,24.11,-65157510.0,-8.31,-93867522.0,-11.96,-30126883.0,-3.84,-119989.0,0.641,0.642,19191993600.0,12302067898,12302067898,2026-08-04,2026-08-04 16:11:36+08:00
159903,深成ETF南方,1.7,1.7005,0.03,0.053,3.22,664900.0,111932006.0,1.657,1.704,1.655,1.647,2.98,13.91,0.77,-4.66,433450.0,231450.0,27244943.0,24.34,21724620.0,19.41,5520323.0,4.93,-13092683.0,-11.7,-14152260.0,-12.64,-5382.0,1.7,1.701,478154512.0,812862670,812862670,2026-08-04,2026-08-04 15:34:06+08:00
159716,深证100ETF华宝,1.13,1.1297,-0.03,0.035,3.2,27877.0,3116657.636,1.105,1.131,1.105,1.095,2.37,5.01,0.83,15.46,6503.0,21374.0,1300577.0,41.73,0.0,0.0,1300577.0,41.73,-1291020.0,-41.42,-9556.0,-0.31,891.0,1.127,1.13,55666732.0,62903407,62903407,2026-08-04,2026-08-04 15:34:24+08:00
159807,科技ETF易方达,0.903,0.906,0.33,0.028,3.2,550667.0,49420044.255,0.885,0.912,0.877,0.875,4.0,6.16,0.9,17.84,280793.0,269874.0,7520030.0,15.22,4670641.0,9.45,2849389.0,5.77,-5624258.0,-11.38,-1895773.0,-3.84,3868.0,0.902,0.903,894051424.0,807328436,807328436,2026-08-04,2026-08-04 15:34:33+08:00
159706,深证100ETF华安,0.939,0.9414,0.25,0.029,3.19,12401.0,1159536.3,0.919,0.943,0.919,0.91,2.64,2.89,0.38,-10.36,5183.0,7218.0,-11730.0,-1.01,0.0,0.0,-11730.0,-1.01,56754.0,4.89,-45024.0,-3.88,2.0,0.934,0.941,42886800.0,40270705,40270705,2026-08-04,2026-08-04 15:34:00+08:00
159721,深证100ETF永赢,1.068,1.0687,0.07,0.033,3.19,26453.0,2819590.8,1.037,1.07,1.037,1.035,3.19,3.92,0.9,-1.2,17624.0,8829.0,-295978.0,-10.5,0.0,0.0,-295978.0,-10.5,284625.0,10.09,11352.0,0.4,1000.0,1.064,1.07,67431696.0,72017051,72017051,2026-08-04,2026-08-04 15:34:06+08:00
517120,创新药ETF华泰柏瑞,0.711,0.7157,0.66,0.022,3.19,581749.0,41502950.0,0.701,0.721,0.7,0.689,3.05,8.86,1.63,-37.87,355539.0,226210.0,1650864.0,3.98,-2096868.0,-5.05,3747732.0,9.03,-464813.0,-1.12,-1186051.0,-2.86,-7893.0,0.711,0.712,656966400.0,467103110,467103110,2026-08-04,2026-08-04 16:11:47+08:00
159973,民企ETF弘毅远方,1.971,1.9739,0.15,0.061,3.19,7847.0,1534775.3,1.919,1.975,1.919,1.91,2.93,0.39,1.11,11.22,1942.0,5905.0,54830.0,3.57,0.0,0.0,54830.0,3.57,-161241.0,-10.51,106411.0,6.93,-20.0,1.971,1.973,199976423.0,394153530,394153530,2026-08-04,2026-08-04 15:34:03+08:00
512980,传媒ETF广发,0.88,0.8777,-0.26,0.027,3.17,7297843.0,633730124.0,0.853,0.881,0.851,0.853,3.52,15.02,1.34,17.8,4278675.0,3019168.0,-44597646.0,-7.04,-45836530.0,-7.23,1238884.0,0.2,38231002.0,6.03,6366645.0,1.0,-167217.0,0.879,0.88,4859924480.0,4276733542,4276733542,2026-08-04,2026-08-04 16:11:47+08:00
159859,生物医药ETF天弘,0.392,0.3918,-0.05,0.012,3.16,4980986.0,194907552.8,0.385,0.395,0.385,0.38,2.63,4.13,1.35,-34.75,2887475.0,2093511.0,29096606.0,14.93,54920659.0,28.18,-25824053.0,-13.25,-23556423.0,-12.09,-5540182.0,-2.84,35109.0,0.391,0.392,12053240064.0,4724870105,4724870105,2026-08-04,2026-08-04 15:34:57+08:00
159577,美国50ETF汇添富,1.639,1.5543,-5.45,0.05,3.15,601934.0,98086932.2,1.615,1.644,1.614,1.589,1.89,7.58,1.28,-34.22,386559.0,215376.0,6974524.0,7.11,1701845.0,1.74,5272679.0,5.38,-6134736.0,-6.25,-839788.0,-0.86,-6179.0,1.639,1.64,793665792.0,1300818233,1300818233,2026-08-04,2026-08-04 15:34:30+08:00
159778,工业互联网ETF鹏华,1.183,1.1874,0.37,0.036,3.14,14541.0,1709436.4,1.159,1.191,1.159,1.147,2.79,3.48,0.68,-31.34,10508.0,4033.0,450553.0,26.36,90397.0,5.29,360156.0,21.07,-373065.0,-21.82,-77488.0,-4.53,-2.0,1.186,1.188,41755382.0,49396617,49396617,2026-08-04,2026-08-04 15:34:33+08:00
513780,港股创新药ETF景顺,1.51,1.5124,0.16,0.046,3.14,3432206.0,518354667.0,1.49,1.53,1.489,1.464,2.8,18.55,1.4,-24.76,1825205.0,1607001.0,9081770.0,1.75,-16340914.0,-3.15,25422684.0,4.9,-7153394.0,-1.38,-1928375.0,-0.37,-8423.0,1.509,1.51,1850157008.0,2793737082,2793737082,2026-08-04,2026-08-04 16:11:57+08:00
526000,港股通信息技术ETF华夏,1.148,1.152,0.35,0.035,3.14,5372069.0,609178987.0,1.123,1.151,1.123,1.113,2.52,298.21,0.82,-11.55,2690425.0,2681644.0,11988230.0,1.97,-3351146.0,-0.55,15339376.0,2.52,-7561432.0,-1.24,-4426799.0,-0.73,-6768.0,1.147,1.148,180142000.0,206803016,206803016,2026-08-04,2026-08-04 16:11:59+08:00
159748,创新药ETF富国,0.79,0.7883,-0.22,0.024,3.13,1516012.0,119666563.69,0.777,0.797,0.777,0.766,2.61,9.13,1.6,-23.33,900563.0,615448.0,16329473.0,13.65,-2706300.0,-2.26,19035773.0,15.91,-12814957.0,-10.71,-3514515.0,-2.94,-18273.0,0.79,0.791,1659692128.0,1311156781,1311156781,2026-08-04,2026-08-04 15:34:00+08:00
516060,创新药ETF工银,0.593,0.5927,-0.05,0.018,3.13,152969.0,9074969.0,0.582,0.598,0.582,0.575,2.78,4.66,1.07,-21.04,89181.0,63788.0,683482.0,7.53,310050.0,3.42,373432.0,4.11,-395670.0,-4.36,-287813.0,-3.17,-2685.0,0.592,0.593,328237408.0,194644783,194644783,2026-08-04,2026-08-04 16:11:35+08:00
513930,恒生生物科技ETF华泰柏瑞,0.956,0.9548,-0.13,0.029,3.13,864901.0,82641401.0,0.943,0.966,0.943,0.927,2.48,87.89,1.13,28.33,441757.0,423144.0,-337038.0,-0.41,673329.0,0.81,-1010367.0,-1.22,-497850.0,-0.6,834887.0,1.01,2.0,0.955,0.957,98408000.0,94078048,94078048,2026-08-04,2026-08-04 16:11:50+08:00
517950,沪深港科技50ETF交银,1.152,1.1476,-0.38,0.035,3.13,68784.0,7800586.0,1.123,1.154,1.123,1.117,2.78,13.32,0.73,2.1,42420.0,26364.0,-35996.0,-0.46,0.0,0.0,-35996.0,-0.46,132074.0,1.69,-96079.0,-1.23,-3644.0,1.149,1.152,51623200.0,59469926,59469926,2026-08-04,2026-08-04 16:11:59+08:00
159105,恒生生物科技ETF易方达,0.856,0.858,0.23,0.026,3.13,1216280.0,104093356.2,0.843,0.865,0.843,0.83,2.65,56.24,1.01,5.56,634243.0,582037.0,1034917.0,0.99,-1291251.0,-1.24,2326168.0,2.23,-2017130.0,-1.94,982213.0,0.94,1599.0,0.855,0.856,216272984.0,185129674,185129674,2026-08-04,2026-08-04 15:34:18+08:00
159102,港股通生物科技ETF华安,0.757,0.7584,0.18,0.023,3.13,521032.0,39402036.565,0.748,0.765,0.747,0.734,2.45,7.04,0.96,-18.43,283225.0,237807.0,-436918.0,-1.11,-920909.0,-2.34,483991.0,1.23,-639086.0,-1.62,1076005.0,2.73,152.0,0.756,0.757,740622000.0,560650854,560650854,2026-08-04,2026-08-04 15:34:51+08:00
159902,中小100ETF华夏,4.565,4.5468,-0.4,0.138,3.12,28867.0,13093777.0,4.439,4.573,4.439,4.427,3.03,3.85,0.87,25.69,17891.0,10976.0,4674014.0,35.7,1653237.0,12.63,3020777.0,23.07,-4001354.0,-30.56,-672661.0,-5.14,-52.0,4.565,4.566,74960849.0,342196276,342196276,2026-08-04,2026-08-04 15:34:27+08:00
159835,创新药ETF建信,0.664,0.6641,0.02,0.02,3.11,309882.0,20606898.6,0.652,0.671,0.652,0.644,2.95,7.28,1.03,-19.52,189032.0,120850.0,1841264.0,8.94,1553438.0,7.54,287826.0,1.4,-967225.0,-4.69,-874040.0,-4.24,-466.0,0.664,0.665,425504144.0,282534752,282534752,2026-08-04,2026-08-04 15:34:00+08:00
159198,港股通信息技术ETF富国,1.198,1.1987,0.06,0.036,3.1,1523118.0,180097531.0,1.17,1.2,1.169,1.162,2.67,134.38,0.64,-12.67,813405.0,709713.0,4887651.0,2.71,3453209.0,1.92,1434442.0,0.8,-4693920.0,-2.61,-193732.0,-0.11,5632.0,1.197,1.198,113344347.0,135786528,135786528,2026-08-04,2026-08-04 15:34:09+08:00
516890,新材料ETF平安,0.77,0.7693,-0.09,0.023,3.08,14686.0,1117520.0,0.752,0.775,0.735,0.747,5.35,4.16,0.88,8.28,7466.0,7220.0,6221.0,0.56,6321.0,0.57,-100.0,-0.01,18991.0,1.7,-25212.0,-2.26,2.0,0.77,0.771,35311400.0,27189778,27189778,2026-08-04,2026-08-04 16:11:51+08:00
515860,科技ETF嘉实,2.05,2.0536,0.18,0.061,3.07,27519.0,5621453.0,1.989,2.058,1.989,1.989,3.47,2.67,0.87,27.87,17774.0,9745.0,388188.0,6.91,-444787.0,-7.91,832975.0,14.82,-178897.0,-3.18,-209292.0,-3.72,-63.0,2.05,2.051,102878900.0,210901745,210901745,2026-08-04,2026-08-04 16:11:33+08:00
159556,中证2000增强ETF平安,1.143,1.1404,-0.23,0.034,3.07,9523.0,1079225.9,1.111,1.147,1.111,1.109,3.25,6.12,0.57,82.68,5448.0,4075.0,-19087.0,-1.77,0.0,0.0,-19087.0,-1.77,85672.0,7.94,-66585.0,-6.17,50.0,1.143,1.148,15556089.0,17780610,17780610,2026-08-04,2026-08-04 15:34:00+08:00
513100,纳指ETF国泰,2.192,1.9481,-12.52,0.065,3.06,1787824.0,389307603.0,2.17,2.193,2.165,2.127,1.32,1.89,1.39,-37.78,1113891.0,673933.0,37864320.0,9.73,18580516.0,4.77,19283804.0,4.95,-7564115.0,-1.94,-30300205.0,-7.78,-45253.0,2.192,2.193,9465110528.0,20747522277,20747522277,2026-08-04,2026-08-04 16:11:42+08:00
520970,港股通创新药ETF嘉实,0.813,0.8139,0.11,0.024,3.04,1035693.0,84262350.0,0.802,0.823,0.802,0.789,2.66,7.99,1.08,-3.78,540544.0,495149.0,3943858.0,4.68,346969.0,0.41,3596889.0,4.27,-4000190.0,-4.75,56331.0,0.07,-4314.0,0.812,0.813,1296358000.0,1053939054,1053939054,2026-08-04,2026-08-04 16:11:43+08:00
159943,深证成指ETF大成,1.532,1.5348,0.18,0.045,3.03,413450.0,62822258.058,1.493,1.539,1.493,1.487,3.09,17.96,0.87,3.2,272175.0,141275.0,14339534.0,22.83,17686627.0,28.15,-3347093.0,-5.33,-3586553.0,-5.71,-10752982.0,-17.12,4042.0,1.531,1.532,230229922.0,352712241,352712241,2026-08-04,2026-08-04 15:34:39+08:00
516360,新材料ETF华宝,1.019,1.0189,-0.01,0.03,3.03,25381.0,2567084.0,0.99,1.026,0.986,0.989,4.04,4.19,0.73,-2.27,15045.0,10336.0,815256.0,31.76,0.0,0.0,815256.0,31.76,-546897.0,-21.3,-268359.0,-10.45,-37.0,1.019,1.02,60551800.0,61702284,61702284,2026-08-04,2026-08-04 16:11:49+08:00
513240,港股通信息技术ETF华安,0.987,0.9926,0.56,0.029,3.03,1779368.0,173822259.0,0.969,0.99,0.969,0.958,2.19,135.32,0.81,-12.18,938076.0,841292.0,7044470.0,4.05,-1805547.0,-1.04,8850017.0,5.09,-4943870.0,-2.84,-2100600.0,-1.21,-4295.0,0.987,0.988,131496000.0,129786552,129786552,2026-08-04,2026-08-04 16:11:54+08:00
560850,信创ETF汇添富,1.364,1.3642,0.01,0.04,3.02,13906.0,1886108.0,1.335,1.366,1.335,1.324,2.34,1.83,0.46,36.29,9259.0,4647.0,103337.0,5.48,0.0,0.0,103337.0,5.48,71989.0,3.82,-175326.0,-9.3,-6.0,1.361,1.364,76164000.0,103887696,103887696,2026-08-04,2026-08-04 16:11:55+08:00
159532,中证2000ETF易方达,1.542,1.5357,-0.41,0.045,3.01,496372.0,75762667.6,1.505,1.543,1.503,1.497,2.67,27.34,1.15,33.78,284690.0,211682.0,-1480216.0,-1.95,-5181089.0,-6.84,3700873.0,4.88,1569543.0,2.07,-89327.0,-0.12,-2028.0,1.542,1.543,181564791.0,279972908,279972908,2026-08-04,2026-08-04 15:34:18+08:00
159185,港股通信息技术ETF鹏华,1.063,1.0653,0.22,0.031,3.0,2241920.0,235628847.007,1.043,1.065,1.043,1.032,2.13,94.96,0.64,17.01,1182892.0,1059028.0,7403822.0,3.14,1936761.0,0.82,5467061.0,2.32,-3928576.0,-1.67,-3475245.0,-1.47,2489.0,1.062,1.063,236099035.0,250973274,250973274,2026-08-04,2026-08-04 15:34:39+08:00
515200,创新100ETF申万菱信,2.508,2.509,0.04,0.073,3.0,10260.0,2543671.0,2.456,2.517,2.442,2.435,3.08,2.57,0.8,7.61,4461.0,5799.0,315922.0,12.42,0.0,0.0,315922.0,12.42,-188460.0,-7.41,-127461.0,-5.01,1.0,2.501,2.508,39943200.0,100177546,100177546,2026-08-04,2026-08-04 16:11:38+08:00
159553,中证2000增强ETF海富通,1.696,1.6958,-0.01,0.049,2.98,6722.0,1122344.9,1.65,1.699,1.65,1.647,2.98,4.12,0.61,-27.02,1820.0,4902.0,495471.0,44.15,0.0,0.0,495471.0,44.15,-399832.0,-35.62,-95639.0,-8.52,-8.0,1.696,1.699,16326751.0,27690170,27690170,2026-08-04,2026-08-04 15:34:03+08:00
520700,港股通创新药ETF万家,1.454,1.4564,0.16,0.042,2.97,2265269.0,329840238.0,1.432,1.474,1.432,1.412,2.97,47.48,1.23,-31.67,1121894.0,1143375.0,8900676.0,2.7,-4495945.0,-1.36,13396621.0,4.06,-4491084.0,-1.36,-4409592.0,-1.34,-7069.0,1.454,1.455,477076000.0,693668504,693668504,2026-08-04,2026-08-04 16:11:59+08:00
159075,工业互联网ETF华夏,0.901,0.9041,0.34,0.026,2.97,57293.0,5141916.299,0.892,0.907,0.877,0.875,3.43,2.91,1.32,-17.74,39861.0,17432.0,1723955.0,33.53,588407.0,11.44,1135548.0,22.08,-1254706.0,-24.4,-469248.0,-9.13,101.0,0.899,0.901,197197165.0,177674646,177674646,2026-08-04,2026-08-04 15:34:12+08:00
520750,港股通信息ETF华富,0.867,0.8724,0.62,0.025,2.97,262052.0,22487390.0,0.851,0.869,0.85,0.842,2.26,18.4,0.64,3.8,148659.0,113393.0,3119870.0,13.87,1069195.0,4.75,2050675.0,9.12,-2240458.0,-9.96,-879413.0,-3.91,-1814.0,0.867,0.869,142384000.0,123446928,123446928,2026-08-04,2026-08-04 16:11:46+08:00
159552,中证2000增强ETF招商,2.086,2.0761,-0.48,0.06,2.96,938850.0,193919303.5,2.032,2.093,2.025,2.026,3.36,18.78,1.68,-24.65,467264.0,471586.0,-45276160.0,-23.35,-14852519.0,-7.66,-30423641.0,-15.69,35141128.0,18.12,10135034.0,5.23,6916.0,2.085,2.086,499790320.0,1042562608,1042562608,2026-08-04,2026-08-04 15:34:33+08:00
159970,深100ETF工银,1.045,1.0483,0.31,0.03,2.96,4183.0,434702.0,1.025,1.051,1.024,1.015,2.66,3.41,0.37,30.26,1966.0,2217.0,192578.0,44.3,0.0,0.0,192578.0,44.3,-159251.0,-36.63,-33327.0,-7.67,-300.0,1.041,1.045,12268704.0,12820796,12820796,2026-08-04,2026-08-04 15:34:12+08:00
159975,深100ETF招商,0.766,0.7678,0.23,0.022,2.96,29820.0,2270458.8,0.749,0.77,0.749,0.744,2.82,5.48,0.53,60.82,10382.0,19438.0,918.0,0.04,0.0,0.0,918.0,0.04,61333.0,2.7,-62251.0,-2.74,-200.0,0.766,0.768,54437760.0,41699324,41699324,2026-08-04,2026-08-04 15:34:48+08:00
563300,中证2000ETF华泰柏瑞,1.327,1.3276,0.05,0.038,2.95,10607523.0,1398977541.0,1.296,1.333,1.291,1.289,3.26,21.32,1.36,39.2,6928813.0,3678711.0,-205246903.0,-14.67,-489009136.0,-34.95,283762233.0,20.28,178657243.0,12.77,26589660.0,1.9,-121554.0,1.326,1.327,4976174080.0,6603383004,6603383004,2026-08-04,2026-08-04 16:11:56+08:00
510590,中证500ETF平安,8.29,8.2725,-0.21,0.237,2.94,4910.0,4017347.0,8.094,8.296,8.094,8.053,2.51,0.42,0.41,3.9,3932.0,978.0,-1092838.0,-27.2,0.0,0.0,-1092838.0,-27.2,821442.0,20.45,271397.0,6.76,-242.0,8.282,8.29,115586100.0,958208769,958208769,2026-08-04,2026-08-04 16:12:01+08:00
159106,民企300ETF前海开源,1.052,1.0478,-0.4,0.03,2.94,14212.0,1479541.029,1.029,1.053,1.029,1.022,2.35,3.78,1.55,7.04,10873.0,3339.0,-74822.0,-5.06,0.0,0.0,-74822.0,-5.06,75132.0,5.08,-310.0,-0.02,284.0,1.052,1.058,37579488.0,39533621,39533621,2026-08-04,2026-08-04 15:34:27+08:00
520710,港股通信息技术ETF广发,0.876,0.8801,0.47,0.025,2.94,1084962.0,93982616.0,0.86,0.878,0.859,0.851,2.23,92.71,1.07,-23.65,593173.0,491789.0,5174644.0,5.51,514327.0,0.55,4660317.0,4.96,-3817505.0,-4.06,-1357140.0,-1.44,-1126.0,0.876,0.877,117029000.0,102517404,102517404,2026-08-04,2026-08-04 16:11:53+08:00
526030,港股通信息技术ETF汇添富,0.841,0.8461,0.6,0.024,2.94,608450.0,50587067.0,0.829,0.843,0.824,0.817,2.33,34.68,0.97,-15.99,326127.0,282324.0,2459233.0,4.86,-2000933.0,-3.96,4460166.0,8.82,-1462842.0,-2.89,-996391.0,-1.97,-689.0,0.84,0.841,175465000.0,147566065,147566065,2026-08-04,2026-08-04 16:11:52+08:00
159350,深证50ETF富国,1.61,1.6065,-0.22,0.046,2.94,285133.0,45299899.4,1.57,1.615,1.57,1.564,2.88,24.58,0.62,-19.57,218474.0,66659.0,3683062.0,8.13,-5445909.0,-12.02,9128971.0,20.15,-1049197.0,-2.32,-2633866.0,-5.81,235.0,1.608,1.61,116009642.0,186775524,186775524,2026-08-04,2026-08-04 15:34:54+08:00
159837,生物科技ETF易方达,0.492,0.4907,-0.26,0.014,2.93,1185954.0,58436497.9,0.483,0.496,0.483,0.478,2.72,3.9,1.71,-49.93,834921.0,351033.0,5454806.0,9.33,6368296.0,10.9,-913490.0,-1.56,-4005102.0,-6.85,-1449704.0,-2.48,3938.0,0.491,0.492,3038152832.0,1494771193,1494771193,2026-08-04,2026-08-04 15:34:09+08:00
159196,港股通信息技术ETF易方达,1.193,1.1924,-0.05,0.034,2.93,3602115.0,424908150.8,1.169,1.196,1.169,1.159,2.33,161.15,0.8,-22.57,1913479.0,1688636.0,21344691.0,5.02,4992745.0,1.18,16351946.0,3.85,-15146583.0,-3.56,-6198107.0,-1.46,18758.0,1.192,1.193,223530324.0,266671677,266671677,2026-08-04,2026-08-04 15:34:15+08:00
560220,中证2000ETF广发,1.341,1.3376,-0.25,0.038,2.92,73465.0,9763323.0,1.304,1.344,1.304,1.303,3.07,11.01,0.9,10.01,39347.0,34118.0,-25809.0,-0.26,1988439.0,20.37,-2014248.0,-20.63,-214693.0,-2.2,240503.0,2.46,-1972.0,1.341,1.343,66717000.0,89467497,89467497,2026-08-04,2026-08-04 16:11:41+08:00
516190,传媒ETF华夏,1.056,1.0535,-0.24,0.03,2.92,335591.0,34834401.0,1.026,1.057,1.021,1.026,3.51,26.89,1.27,-16.52,181438.0,154153.0,72263.0,0.21,6308394.0,18.11,-6236131.0,-17.9,566704.0,1.63,-638966.0,-1.83,-2923.0,1.056,1.057,124818500.0,131808336,131808336,2026-08-04,2026-08-04 16:11:59+08:00
516930,生物科技ETF民生加银,0.493,0.4915,-0.31,0.014,2.92,8539.0,420150.0,0.492,0.495,0.491,0.479,0.84,0.77,1.45,9.68,1678.0,6861.0,42926.0,10.22,292699.0,69.67,-249773.0,-59.45,-31281.0,-7.45,-11645.0,-2.77,-202.0,0.491,0.493,110639600.0,54545323,54545323,2026-08-04,2026-08-04 16:11:36+08:00
513850,美国50ETF易方达,1.831,1.7296,-5.86,0.052,2.92,600462.0,109228498.0,1.805,1.836,1.805,1.779,1.74,4.91,1.55,18.22,322050.0,278411.0,16093491.0,14.73,1578806.0,1.45,14514685.0,13.29,-6107384.0,-5.59,-9986107.0,-9.14,-7176.0,1.83,1.831,1223892608.0,2240947365,2240947365,2026-08-04,2026-08-04 16:11:47+08:00
513120,港股创新药ETF广发,1.168,1.1715,0.3,0.033,2.91,46155165.0,5399343616.0,1.16,1.184,1.156,1.135,2.47,20.51,0.91,-8.81,24078295.0,22076870.0,216620288.0,4.01,218763008.0,4.05,-2142720.0,-0.04,-153167664.0,-2.84,-63452627.0,-1.18,-259344.0,1.168,1.169,22506635520.0,26287750287,26287750287,2026-08-04,2026-08-04 16:11:59+08:00
513110,纳指ETF华泰柏瑞,2.444,2.2377,-9.22,0.069,2.91,1004589.0,244327653.0,2.416,2.446,2.413,2.375,1.39,4.61,1.06,7.82,563960.0,440629.0,35156324.0,14.39,14413894.0,5.9,20742430.0,8.49,-19790859.0,-8.1,-15365465.0,-6.29,-17905.0,2.444,2.445,2181435008.0,5331427160,5331427160,2026-08-04,2026-08-04 16:11:33+08:00
159961,深100ETF方正富邦,2.232,2.24,0.36,0.063,2.9,18737.0,4170497.8,2.19,2.243,2.186,2.169,2.63,1.87,0.69,26.99,5607.0,13130.0,-68885.0,-1.65,0.0,0.0,-68885.0,-1.65,242765.0,5.82,-173881.0,-4.17,190.0,2.223,2.241,100245196.0,223747277,223747277,2026-08-04,2026-08-04 15:34:45+08:00
159628,国证2000ETF万家,1.315,1.3103,-0.36,0.037,2.9,772285.0,100834101.3,1.281,1.319,1.281,1.278,2.97,21.32,1.15,-50.44,369151.0,403134.0,344501.0,0.34,7864565.0,7.8,-7520064.0,-7.46,-1136895.0,-1.13,792392.0,0.79,628.0,1.314,1.315,362283248.0,476402471,476402471,2026-08-04,2026-08-04 15:34:12+08:00
159941,纳指ETF广发,1.631,1.4592,-11.77,0.046,2.9,5877691.0,953514862.275,1.621,1.633,1.616,1.585,1.07,2.61,0.78,-3.69,3100228.0,2777463.0,120087730.0,12.59,108791424.0,11.41,11296306.0,1.18,-30522425.0,-3.2,-89565304.0,-9.39,61931.0,1.63,1.631,22515010048.0,36721981388,36721981388,2026-08-04,2026-08-04 15:34:51+08:00
159677,中证1000增强ETF银华,1.355,1.3616,0.48,0.038,2.89,49082.0,6636796.8,1.32,1.366,1.32,1.317,3.49,14.92,0.77,26.86,24071.0,25011.0,-819898.0,-12.35,-1160950.0,-17.49,341052.0,5.14,1078455.0,16.25,-258558.0,-3.9,101.0,1.35,1.355,32904091.0,44585043,44585043,2026-08-04,2026-08-04 15:34:09+08:00
159849,生物科技ETF招商,0.498,0.4965,-0.3,0.014,2.89,45862.0,2282561.7,0.488,0.502,0.488,0.484,2.89,2.66,1.05,9.64,27753.0,18109.0,-51527.0,-2.26,551999.0,24.18,-603526.0,-26.44,144212.0,6.32,-92685.0,-4.06,-114.0,0.498,0.499,172372396.0,85841453,85841453,2026-08-04,2026-08-04 15:34:09+08:00
562570,信创ETF华夏,1.389,1.391,0.14,0.039,2.89,84117.0,11595510.0,1.357,1.394,1.357,1.35,2.74,2.76,0.66,46.28,46849.0,37268.0,-99403.0,-0.86,88224.0,0.76,-187627.0,-1.62,1065761.0,9.19,-966358.0,-8.33,-487.0,1.388,1.389,305281008.0,424035320,424035320,2026-08-04,2026-08-04 16:11:46+08:00
159586,计算机ETF南方,1.106,1.1015,-0.41,0.031,2.88,210037.0,23012403.2,1.082,1.106,1.079,1.075,2.51,8.0,1.03,-23.29,91071.0,118966.0,-541880.0,-2.35,-254300.0,-1.11,-287580.0,-1.25,482717.0,2.1,59162.0,0.26,-380.0,1.106,1.107,262525923.0,290353671,290353671,2026-08-04,2026-08-04 15:34:57+08:00
159130,恒生生物科技ETF鹏华,0.857,0.8605,0.41,0.024,2.88,126850.0,10895700.319,0.858,0.87,0.847,0.833,2.76,5.58,1.69,0.31,64998.0,61852.0,-623627.0,-5.72,320179.0,2.94,-943806.0,-8.66,713383.0,6.55,-89757.0,-0.82,-10.0,0.856,0.858,227389466.0,194872772,194872772,2026-08-04,2026-08-04 15:34:45+08:00
159763,新材料ETF建信,0.715,0.7159,0.13,0.02,2.88,82866.0,5928089.5,0.698,0.721,0.696,0.695,3.6,9.24,1.02,-8.66,43174.0,39692.0,3072.0,0.05,0.0,0.0,3072.0,0.05,46742.0,0.79,-49815.0,-0.84,3.0,0.714,0.715,89707747.0,64141039,64141039,2026-08-04,2026-08-04 15:34:09+08:00
561780,1000增强ETF博时,1.502,1.4991,-0.19,0.042,2.88,23202.0,3454204.0,1.468,1.507,1.465,1.46,2.88,10.86,0.74,15.65,13618.0,9584.0,236381.0,6.84,0.0,0.0,236381.0,6.84,86383.0,2.5,-322763.0,-9.34,-86.0,1.5,1.502,21355800.0,32076412,32076412,2026-08-04,2026-08-04 16:11:33+08:00
516300,中证1000ETF华泰柏瑞,3.068,3.0703,0.07,0.086,2.88,59950.0,18276277.0,2.995,3.082,2.99,2.982,3.09,11.75,1.03,28.16,34108.0,25842.0,2162637.0,11.83,0.0,0.0,2162637.0,11.83,-928413.0,-5.08,-1234223.0,-6.75,-374.0,3.068,3.069,51012600.0,156506657,156506657,2026-08-04,2026-08-04 16:12:01+08:00
526050,港股通信息技术ETF招商,1.037,1.0428,0.56,0.029,2.88,901738.0,92511509.0,1.015,1.04,1.015,1.008,2.48,139.52,0.73,2.03,456220.0,445518.0,6152378.0,6.65,3646758.0,3.94,2505620.0,2.71,-3742922.0,-4.05,-2409455.0,-2.6,-5854.0,1.036,1.037,64630000.0,67021310,67021310,2026-08-04,2026-08-04 16:11:43+08:00
159685,1000增强ETF天弘,1.397,1.3954,-0.11,0.039,2.87,7796.0,1081674.7,1.364,1.402,1.364,1.358,2.8,4.01,0.71,42.42,5350.0,2446.0,28451.0,2.63,0.0,0.0,28451.0,2.63,50844.0,4.7,-79294.0,-7.33,11.0,1.398,1.402,19440067.0,27157774,27157774,2026-08-04,2026-08-04 15:34:33+08:00
159531,中证2000ETF南方,1.361,1.3547,-0.47,0.038,2.87,2615186.0,351719176.4,1.327,1.365,1.325,1.323,3.02,24.2,1.28,70.59,1452582.0,1162604.0,-79834566.0,-22.7,-92775671.0,-26.38,12941105.0,3.68,54534822.0,15.51,25299743.0,7.19,19200.0,1.36,1.361,1080608400.0,1470708032,1470708032,2026-08-04,2026-08-04 15:34:30+08:00
159761,新材料ETF国泰,0.788,0.789,0.13,0.022,2.87,88220.0,6907299.573,0.767,0.795,0.763,0.766,4.18,4.31,0.65,21.23,43128.0,45092.0,708409.0,10.26,-1157860.0,-16.76,1866269.0,27.02,-281386.0,-4.07,-427024.0,-6.18,12.0,0.787,0.788,204734117.0,161330484,161330484,2026-08-04,2026-08-04 15:34:06+08:00
159660,纳指ETF汇添富,2.332,2.1288,-9.55,0.065,2.87,739187.0,171591123.5,2.306,2.333,2.3,2.267,1.46,3.29,1.68,74.69,472787.0,266400.0,21495438.0,12.53,17510324.0,10.2,3985114.0,2.32,-4554793.0,-2.65,-16940646.0,-9.87,-7825.0,2.332,2.333,2250151360.0,5247352972,5247352972,2026-08-04,2026-08-04 15:34:45+08:00
159131,港股通信息技术ETF华宝,0.934,0.9359,0.2,0.026,2.86,21611477.0,1993031834.392,0.919,0.935,0.914,0.908,2.31,82.11,0.77,-1.75,11617272.0,9994205.0,46774192.0,2.35,28246576.0,1.42,18527616.0,0.93,-33964597.0,-1.7,-12809577.0,-0.64,106844.0,0.933,0.934,2631919904.0,2458213190,2458213190,2026-08-04,2026-08-04 15:34:48+08:00
512120,医药ETF华安,0.468,0.4688,0.17,0.013,2.86,349909.0,16436184.0,0.467,0.473,0.461,0.455,2.64,4.18,1.16,-16.01,173628.0,176281.0,1185131.0,7.21,888984.0,5.41,296147.0,1.8,-810397.0,-4.93,-374733.0,-2.28,-810.0,0.468,0.469,836241904.0,391361211,391361211,2026-08-04,2026-08-04 16:11:55+08:00
159536,中证2000ETF汇添富,1.299,1.2983,-0.05,0.036,2.85,93900.0,12104322.9,1.265,1.3,1.265,1.263,2.77,13.56,0.49,-36.55,48464.0,45436.0,1435892.0,11.86,-897390.0,-7.41,2333282.0,19.28,-586075.0,-4.84,-849817.0,-7.02,-124.0,1.299,1.3,69261589.0,89970804,89970804,2026-08-04,2026-08-04 15:34:24+08:00
159858,创新药ETF南方,0.686,0.6866,0.09,0.019,2.85,549891.0,37772008.8,0.673,0.693,0.673,0.667,3.0,5.22,1.2,-36.35,364906.0,184985.0,1958265.0,5.18,4559784.0,12.07,-2601519.0,-6.89,-1251920.0,-3.31,-706345.0,-1.87,-2476.0,0.686,0.687,1053098320.0,722425448,722425448,2026-08-04,2026-08-04 15:34:54+08:00
159053,稀有金属ETF华夏,0.869,0.8688,-0.02,0.024,2.84,148249.0,12818511.331,0.85,0.872,0.85,0.845,2.6,9.34,1.07,-0.39,84418.0,63831.0,135993.0,1.06,-594756.0,-4.64,730749.0,5.7,229890.0,1.79,-365882.0,-2.85,-363.0,0.869,0.87,158698132.0,137908677,137908677,2026-08-04,2026-08-04 15:34:21+08:00
513390,纳指100ETF博时,2.392,2.1866,-9.39,0.066,2.84,625491.0,148995243.0,2.363,2.395,2.363,2.326,1.38,3.01,0.94,-29.57,361747.0,263744.0,10264329.0,6.89,8344142.0,5.6,1920187.0,1.29,-7207442.0,-4.84,-3056888.0,-2.05,-5422.0,2.392,2.393,2078379104.0,4971482817,4971482817,2026-08-04,2026-08-04 16:11:35+08:00
516620,影视ETF国泰,0.871,0.8697,-0.15,0.024,2.83,407412.0,34951611.0,0.845,0.876,0.842,0.847,4.01,21.25,1.23,-14.1,248994.0,158418.0,3311137.0,9.47,882189.0,2.52,2428948.0,6.95,-1455051.0,-4.16,-1856086.0,-5.31,-1868.0,0.871,0.872,191767500.0,167029493,167029493,2026-08-04,2026-08-04 16:11:43+08:00
159576,深证100ETF广发,1.565,1.5668,0.11,0.043,2.83,35537.0,5532114.9,1.522,1.57,1.522,1.522,3.15,9.47,0.83,55.27,16724.0,18813.0,929962.0,16.81,-184180.0,-3.33,1114142.0,20.14,-676950.0,-12.24,-253012.0,-4.57,40.0,1.564,1.565,37509612.0,58702543,58702543,2026-08-04,2026-08-04 15:34:24+08:00
159535,中证2000ETF嘉实,1.381,1.3803,-0.05,0.038,2.83,71408.0,9777758.4,1.344,1.385,1.344,1.343,3.05,24.64,1.15,90.33,40629.0,30779.0,251843.0,2.58,-1063500.0,-10.88,1315343.0,13.45,-388533.0,-3.97,136691.0,1.4,100.0,1.383,1.387,28981088.0,40022883,40022883,2026-08-04,2026-08-04 15:34:51+08:00
513280,恒生生物科技ETF汇添富,1.024,1.0259,0.19,0.028,2.81,810772.0,83128868.0,1.009,1.037,1.009,0.996,2.81,20.57,1.08,17.48,432002.0,378770.0,1626117.0,1.96,2294488.0,2.76,-668371.0,-0.8,-2217520.0,-2.67,591403.0,0.71,-1118.0,1.024,1.025,394114496.0,403573244,403573244,2026-08-04,2026-08-04 16:11:42+08:00
560300,电信ETF汇添富,2.273,2.2766,0.16,0.062,2.8,15305.0,3460248.0,2.219,2.279,2.219,2.211,2.71,5.71,1.18,-10.96,7209.0,8096.0,346582.0,10.02,-1528072.0,-44.16,1874654.0,54.18,-278155.0,-8.04,-68427.0,-1.98,-90.0,2.273,2.278,26803400.0,60924128,60924128,2026-08-04,2026-08-04 16:11:36+08:00
588520,科创增强ETF永赢,1.325,1.3273,0.17,0.036,2.79,45602.0,5968691.0,1.29,1.333,1.289,1.289,3.41,21.76,0.75,2.85,19419.0,26183.0,812627.0,13.61,-2345611.0,-39.3,3158238.0,52.91,-342111.0,-5.73,-470516.0,-7.88,-107.0,1.325,1.326,20957000.0,27768025,27768025,2026-08-04,2026-08-04 16:11:52+08:00
159132,恒生生物科技ETF富国,0.884,0.8871,0.35,0.024,2.79,386155.0,34169781.932,0.871,0.894,0.871,0.86,2.67,27.59,1.13,-20.41,183550.0,202605.0,555434.0,1.63,1204654.0,3.53,-649220.0,-1.9,-122422.0,-0.36,-433012.0,-1.27,-130.0,0.884,0.885,139963558.0,123727785,123727785,2026-08-04,2026-08-04 15:34:00+08:00
513300,纳斯达克ETF华夏,2.665,2.4196,-10.14,0.072,2.78,1827801.0,485390041.0,2.633,2.671,2.633,2.593,1.47,3.48,1.06,34.77,1027293.0,800507.0,44750905.0,9.22,46292249.0,9.54,-1541344.0,-0.32,-22810814.0,-4.7,-21940091.0,-4.52,-19576.0,2.665,2.666,5258171136.0,14013026077,14013026077,2026-08-04,2026-08-04 16:11:40+08:00
159045,稀有金属ETF大成,0.777,0.7764,-0.08,0.021,2.78,58665.0,4530125.406,0.76,0.779,0.76,0.756,2.51,3.25,0.97,-40.16,30825.0,27840.0,825135.0,18.21,0.0,0.0,825135.0,18.21,-496785.0,-10.97,-328350.0,-7.25,100.0,0.776,0.777,180330213.0,140116576,140116576,2026-08-04,2026-08-04 15:34:06+08:00
516500,生物科技ETF华夏,0.628,0.6271,-0.14,0.017,2.78,290421.0,18297124.0,0.617,0.633,0.617,0.611,2.62,11.17,2.36,-8.02,208968.0,81453.0,1099085.0,6.01,1958533.0,10.7,-859448.0,-4.7,-689218.0,-3.77,-409868.0,-2.24,-21.0,0.627,0.628,259937200.0,163240562,163240562,2026-08-04,2026-08-04 16:11:43+08:00
563010,电信ETF易方达,2.155,2.1578,0.13,0.058,2.77,47827.0,10277648.0,2.111,2.163,2.111,2.097,2.48,5.13,1.29,-32.33,23182.0,24645.0,840335.0,8.18,-1099786.0,-10.7,1940121.0,18.88,-681681.0,-6.63,-158654.0,-1.54,-434.0,2.154,2.155,93189300.0,200822942,200822942,2026-08-04,2026-08-04 16:11:57+08:00
159728,在线消费ETF南方,0.817,0.8166,-0.05,0.022,2.77,117151.0,9463641.7,0.795,0.818,0.795,0.795,2.89,20.41,0.7,27.23,63912.0,53239.0,680741.0,7.19,-407000.0,-4.3,1087741.0,11.49,-451958.0,-4.78,-228784.0,-2.42,238.0,0.816,0.817,57410129.0,46904075,46904075,2026-08-04,2026-08-04 15:34:09+08:00
159513,纳斯达克100ETF大成,1.778,1.628,-9.21,0.048,2.77,1192550.0,210844803.606,1.756,1.779,1.756,1.73,1.33,2.69,1.52,-4.77,594699.0,597851.0,41691913.0,19.77,21813209.0,10.35,19878704.0,9.43,2637783.0,1.25,-44329696.0,-21.02,-5182.0,1.778,1.779,4435549184.0,7886406449,7886406449,2026-08-04,2026-08-04 15:34:39+08:00
159219,深证100ETF融通,1.377,1.3807,0.27,0.037,2.76,16617.0,2284992.9,1.347,1.385,1.347,1.34,2.84,19.81,0.98,-68.0,9701.0,6916.0,-687372.0,-30.08,0.0,0.0,-687372.0,-30.08,812528.0,35.56,-125155.0,-5.48,-8.0,1.364,1.386,8388018.0,11550301,11550301,2026-08-04,2026-08-04 15:34:27+08:00
159249,A500增强ETF工银,1.338,1.34,0.15,0.036,2.76,107943.0,14267073.8,1.305,1.342,1.305,1.302,2.84,10.26,0.84,8.13,62374.0,45569.0,588140.0,4.12,1697992.0,11.9,-1109852.0,-7.78,-130922.0,-0.92,-457218.0,-3.2,220.0,1.337,1.338,105191923.0,140746793,140746793,2026-08-04,2026-08-04 15:34:48+08:00
159608,稀有金属ETF广发,1.043,1.0399,-0.3,0.028,2.76,1089284.0,112747143.376,1.018,1.045,1.016,1.015,2.86,3.39,1.42,49.27,561781.0,527503.0,-6023431.0,-5.34,-877677.0,-0.78,-5145754.0,-4.56,3707286.0,3.29,2316145.0,2.05,19580.0,1.042,1.043,3211210064.0,3349292097,3349292097,2026-08-04,2026-08-04 15:34:33+08:00
510560,中证500ETF国寿,1.908,1.9042,-0.2,0.051,2.75,10965.0,2071057.0,1.879,1.918,1.874,1.857,2.37,1.82,1.52,25.93,6798.0,4167.0,35267.0,1.7,0.0,0.0,35267.0,1.7,-108296.0,-5.23,73030.0,3.53,-32.0,1.902,1.908,60318700.0,115088080,115088080,2026-08-04,2026-08-04 16:11:41+08:00
159633,中证1000ETF易方达,3.105,3.095,-0.32,0.083,2.75,3839874.0,1185402780.349,3.041,3.122,3.033,3.022,2.95,20.25,0.97,-79.66,2079566.0,1760308.0,24350064.0,2.05,70498352.0,5.95,-46148288.0,-3.89,-1072896.0,-0.09,-23277153.0,-1.96,15761.0,3.104,3.105,1896162656.0,5887585047,5887585047,2026-08-04,2026-08-04 15:34:03+08:00
560010,中证1000ETF广发,3.023,3.0255,0.08,0.081,2.75,3128600.0,940270425.0,2.963,3.042,2.951,2.942,3.09,11.86,0.93,26.23,1424130.0,1704469.0,39751174.0,4.23,-6254272.0,-0.67,46005446.0,4.89,-28704461.0,-3.05,-11046706.0,-1.17,-2581.0,3.023,3.024,2638621696.0,7976553387,7976553387,2026-08-04,2026-08-04 16:11:44+08:00
159629,中证1000ETF富国,3.041,3.0399,-0.04,0.081,2.74,2391323.0,723232779.638,2.97,3.057,2.969,2.96,2.97,24.52,1.09,42.98,1250128.0,1141195.0,-12595383.0,-1.74,-2846007.0,-0.39,-9749376.0,-1.35,15850173.0,2.19,-3254793.0,-0.45,-1098.0,3.041,3.043,975252656.0,2965743327,2965743327,2026-08-04,2026-08-04 15:34:33+08:00
562800,稀有金属ETF嘉实,0.903,0.9035,0.06,0.024,2.73,2614628.0,234386887.0,0.88,0.907,0.88,0.879,3.07,4.59,1.33,-3.17,1575318.0,1039310.0,7829673.0,3.34,14948204.0,6.38,-7118531.0,-3.04,-3438874.0,-1.47,-4390799.0,-1.87,-10047.0,0.903,0.904,5699695104.0,5146824679,5146824679,2026-08-04,2026-08-04 16:11:36+08:00
562660,中证2000ETF华夏,1.733,1.7306,-0.14,0.046,2.73,350118.0,60237124.0,1.685,1.739,1.685,1.687,3.2,13.02,1.69,5.92,175710.0,174408.0,-5870170.0,-9.75,1347187.0,2.24,-7217357.0,-11.98,4053376.0,6.73,1816793.0,3.02,-4068.0,1.732,1.733,268874000.0,465958642,465958642,2026-08-04,2026-08-04 16:11:55+08:00
561550,中证500增强ETF华泰柏瑞,1.357,1.3572,0.01,0.036,2.73,624013.0,84405062.0,1.323,1.366,1.323,1.321,3.26,4.57,0.88,-22.64,295441.0,328572.0,-14042740.0,-16.64,-12338231.0,-14.62,-1704509.0,-2.02,10231086.0,12.12,3811654.0,4.52,-183.0,1.357,1.359,1364989600.0,1852290887,1852290887,2026-08-04,2026-08-04 16:11:47+08:00
560590,中证1000增强ETF鹏华,1.356,1.3564,0.03,0.036,2.73,24697.0,3335605.0,1.3,1.359,1.3,1.32,4.47,7.79,0.74,48.41,11848.0,12849.0,293257.0,8.79,1440061.0,43.17,-1146804.0,-34.38,28881.0,0.87,-322139.0,-9.66,100.0,1.355,1.356,31710000.0,42998760,42998760,2026-08-04,2026-08-04 16:11:48+08:00
159632,纳斯达克ETF华安,2.416,2.2128,-9.18,0.064,2.72,1436682.0,345715543.035,2.388,2.419,2.387,2.352,1.36,2.93,1.07,-4.75,781358.0,655323.0,21545549.0,6.23,19698251.0,5.7,1847298.0,0.53,-177737.0,-0.05,-21367813.0,-6.18,-19278.0,2.416,2.417,4906720768.0,11854637375,11854637375,2026-08-04,2026-08-04 15:34:36+08:00
562920,信息安全ETF易方达,0.944,0.9462,0.23,0.025,2.72,88931.0,8359602.0,0.928,0.947,0.92,0.919,2.94,9.26,1.35,0.95,42052.0,46879.0,659672.0,7.89,0.0,0.0,659672.0,7.89,-375555.0,-4.49,-284117.0,-3.4,-310.0,0.944,0.945,96069000.0,90689136,90689136,2026-08-04,2026-08-04 16:12:01+08:00
515920,智能消费ETF博时,1.169,1.1721,0.26,0.031,2.72,8422.0,983217.0,1.148,1.177,1.148,1.138,2.55,1.37,0.29,0.71,3973.0,4449.0,-173579.0,-17.65,439286.0,44.68,-612865.0,-62.33,182504.0,18.56,-8926.0,-0.91,-1737.0,1.169,1.173,61405700.0,71783263,71783263,2026-08-04,2026-08-04 16:11:32+08:00
515910,质量ETF中金,0.679,0.6803,0.19,0.018,2.72,37411.0,2517233.0,0.662,0.681,0.662,0.661,2.87,1.64,0.71,20.01,17766.0,19645.0,-49250.0,-1.96,591367.0,23.49,-640617.0,-25.45,145515.0,5.78,-96264.0,-3.82,800.0,0.678,0.679,227507000.0,154477253,154477253,2026-08-04,2026-08-04 16:11:37+08:00
159169,恒生生物科技ETF广发,0.908,0.9123,0.47,0.024,2.71,157756.0,14351532.955,0.901,0.921,0.9,0.884,2.38,9.02,0.95,-14.35,76628.0,81128.0,576924.0,4.02,685767.0,4.78,-108843.0,-0.76,-416918.0,-2.91,-160006.0,-1.11,-52.0,0.908,0.909,174874485.0,158786032,158786032,2026-08-04,2026-08-04 15:34:57+08:00
512290,生物医药ETF国泰,1.024,1.0214,-0.25,0.027,2.71,1695968.0,174034944.0,1.009,1.034,1.008,0.997,2.61,4.72,1.54,-30.54,1099582.0,596386.0,23162309.0,13.31,15859356.0,9.11,7302953.0,4.2,-13189512.0,-7.58,-9972797.0,-5.73,-4163.0,1.023,1.024,3592820704.0,3679048401,3679048401,2026-08-04,2026-08-04 16:12:01+08:00
561050,稀有金属ETF易方达,0.836,0.8351,-0.11,0.022,2.7,133403.0,11080128.0,0.813,0.837,0.813,0.814,2.95,5.65,1.33,4.87,87641.0,45762.0,498029.0,4.49,-186101.0,-1.68,684130.0,6.17,-76029.0,-0.69,-422000.0,-3.81,-281.0,0.835,0.836,236250000.0,197505000,197505000,2026-08-04,2026-08-04 16:11:55+08:00
159892,恒生医药ETF华夏,0.724,0.7271,0.43,0.019,2.7,8746608.0,634207689.4,0.717,0.734,0.715,0.705,2.7,13.2,1.06,-28.64,4708523.0,4038085.0,19017449.0,3.0,32893904.0,5.19,-13876455.0,-2.19,-16725666.0,-2.64,-2291776.0,-0.36,-20090.0,0.724,0.725,6628265984.0,4798864572,4798864572,2026-08-04,2026-08-04 15:34:27+08:00
159805,传媒ETF鹏华,1.227,1.2258,-0.1,0.032,2.68,700431.0,84849568.7,1.188,1.23,1.188,1.195,3.51,24.12,1.31,60.14,312102.0,388329.0,-7851894.0,-9.25,441747.0,0.52,-8293641.0,-9.77,626361.0,0.74,7225533.0,8.52,1982.0,1.226,1.227,290452480.0,356385193,356385193,2026-08-04,2026-08-04 15:34:30+08:00
516010,游戏ETF国泰,1.148,1.1468,-0.1,0.03,2.68,1473861.0,167216896.0,1.119,1.148,1.111,1.118,3.31,5.96,1.16,-9.87,767420.0,706441.0,8952487.0,5.35,-2699139.0,-1.61,11651626.0,6.97,-4059375.0,-2.43,-4893112.0,-2.93,-9054.0,1.148,1.149,2473693008.0,2839799573,2839799573,2026-08-04,2026-08-04 16:11:45+08:00
159845,中证1000ETF华夏,3.023,3.0339,0.36,0.079,2.68,12915970.0,3887847549.383,2.96,3.044,2.957,2.944,2.96,23.81,0.96,-62.28,7357879.0,5558091.0,50961072.0,1.31,-70834464.0,-1.82,121795536.0,3.13,-28502579.0,-0.73,-22458482.0,-0.58,26391.0,3.022,3.023,5424425728.0,16398038976,16398038976,2026-08-04,2026-08-04 15:34:51+08:00
159055,稀有金属ETF富国,0.884,0.8819,-0.24,0.023,2.67,107393.0,9426594.053,0.861,0.886,0.861,0.861,2.9,8.71,1.19,28.85,57273.0,50120.0,1338227.0,14.2,871471.0,9.24,466756.0,4.95,-949858.0,-10.08,-388369.0,-4.12,-556.0,0.884,0.885,123293952.0,108991854,108991854,2026-08-04,2026-08-04 15:34:18+08:00
159659,纳斯达克100ETF招商,2.305,2.1039,-9.56,0.06,2.67,1115614.0,256069348.907,2.289,2.307,2.283,2.245,1.07,2.47,1.14,5.63,663150.0,452464.0,19245126.0,7.52,19406636.0,7.58,-161510.0,-0.06,-683841.0,-0.27,-18561284.0,-7.25,-15193.0,2.305,2.306,4521744128.0,10422620215,10422620215,2026-08-04,2026-08-04 15:34:18+08:00
159615,恒生生物科技ETF南方,1.038,1.0421,0.39,0.027,2.67,991255.0,103130157.3,1.026,1.051,1.025,1.011,2.57,20.56,1.18,14.84,521753.0,469502.0,2106226.0,2.04,-1907313.0,-1.85,4013539.0,3.89,-3049437.0,-2.96,943211.0,0.91,-774.0,1.038,1.039,482054896.0,500372982,500372982,2026-08-04,2026-08-04 15:34:51+08:00
159526,机器人ETF嘉实,1.466,1.4634,-0.18,0.038,2.66,176958.0,25650450.0,1.434,1.47,1.422,1.428,3.36,2.92,0.64,82.84,100643.0,76315.0,-144943.0,-0.57,-2163834.0,-8.44,2018891.0,7.87,480390.0,1.87,-335447.0,-1.31,-1277.0,1.466,1.468,605462960.0,887608699,887608699,2026-08-04,2026-08-04 15:34:27+08:00
520930,恒生生物科技ETF国泰,0.887,0.8896,0.29,0.023,2.66,374265.0,33291492.0,0.879,0.899,0.879,0.864,2.31,18.64,1.14,3.8,196024.0,178241.0,1360996.0,4.09,-3233381.0,-9.71,4594377.0,13.8,-1207735.0,-3.63,-153263.0,-0.46,-848.0,0.887,0.888,200733000.0,178050171,178050171,2026-08-04,2026-08-04 16:11:55+08:00
561590,中证1000增强ETF华泰柏瑞,1.43,1.4304,0.03,0.037,2.66,54380.0,7724089.0,1.405,1.434,1.395,1.393,2.8,4.88,1.05,13.94,28296.0,26084.0,1264605.0,16.37,0.0,0.0,1264605.0,16.37,-877252.0,-11.36,-387353.0,-5.01,-133.0,1.428,1.43,111499600.0,159444428,159444428,2026-08-04,2026-08-04 16:11:54+08:00
520760,恒生生物科技ETF摩根,0.889,0.8918,0.31,0.023,2.66,269809.0,24091942.0,0.882,0.901,0.882,0.866,2.19,14.32,1.19,-0.79,136571.0,133238.0,432998.0,1.8,760314.0,3.16,-327316.0,-1.36,56739.0,0.24,-489737.0,-2.03,-68.0,0.889,0.892,188466000.0,167546274,167546274,2026-08-04,2026-08-04 16:11:36+08:00
159258,机器人ETF南方,1.118,1.1166,-0.13,0.029,2.66,453295.0,50274020.9,1.105,1.123,1.084,1.089,3.58,3.52,1.19,-19.6,293036.0,160259.0,-8418090.0,-16.74,-8025208.0,-15.96,-392882.0,-0.78,2746299.0,5.46,5671792.0,11.28,1669.0,1.117,1.118,1286765664.0,1438604012,1438604012,2026-08-04,2026-08-04 15:34:51+08:00
159671,稀有金属ETF工银,1.28,1.2768,-0.25,0.033,2.65,399427.0,50611789.54,1.249,1.282,1.249,1.247,2.65,4.49,0.97,-28.77,289980.0,109447.0,15631973.0,30.89,-2293461.0,-4.53,17925434.0,35.42,-6974785.0,-13.78,-8657187.0,-17.11,-576.0,1.28,1.281,890551744.0,1139906232,1139906232,2026-08-04,2026-08-04 15:34:51+08:00
512100,中证1000ETF南方,2.943,2.9464,0.12,0.076,2.65,17442313.0,5108637266.0,2.885,2.965,2.88,2.867,2.96,14.86,0.8,-0.83,9749918.0,7692395.0,-5784000.0,-0.11,-289010512.0,-5.66,283226512.0,5.54,107804608.0,2.11,-102020617.0,-2.0,-150666.0,2.943,2.944,11741217536.0,34554403208,34554403208,2026-08-04,2026-08-04 16:11:45+08:00
159820,中证500ETF天弘,1.321,1.3202,-0.06,0.034,2.64,83600.0,10935468.0,1.293,1.327,1.293,1.287,2.64,0.61,0.75,54.3,50417.0,33183.0,-786514.0,-7.19,0.0,0.0,-786514.0,-7.19,1297934.0,11.87,-511420.0,-4.68,497.0,1.32,1.321,1378908464.0,1821538081,1821538081,2026-08-04,2026-08-04 15:34:42+08:00
515580,科技100ETF华泰柏瑞,1.363,1.3647,0.12,0.035,2.64,30596.0,4152348.0,1.335,1.369,1.335,1.328,2.56,0.99,0.52,12.69,18902.0,11694.0,-296309.0,-7.14,374058.0,9.01,-670367.0,-16.14,231847.0,5.58,64461.0,1.55,-10.0,1.363,1.368,308031408.0,419846809,419846809,2026-08-04,2026-08-04 16:11:58+08:00
516710,新材料ETF华夏,0.742,0.7445,0.34,0.019,2.63,34412.0,2538395.0,0.721,0.748,0.717,0.723,4.29,4.29,0.66,10.33,12971.0,21441.0,882463.0,34.76,0.0,0.0,882463.0,34.76,-695556.0,-27.4,-186907.0,-7.36,-7.0,0.742,0.743,80272000.0,59561824,59561824,2026-08-04,2026-08-04 16:11:33+08:00
561350,中证500ETF国泰,1.211,1.2098,-0.1,0.031,2.63,419406.0,50588942.0,1.188,1.216,1.187,1.18,2.46,40.44,1.22,-7.65,192672.0,226734.0,-1002733.0,-1.98,-5715667.0,-11.3,4712934.0,9.32,1073149.0,2.12,-70416.0,-0.14,-16.0,1.21,1.211,103700000.0,125580700,125580700,2026-08-04,2026-08-04 16:11:50+08:00
560110,中证1000ETF汇添富,1.091,1.0928,0.16,0.028,2.63,369448.0,40029256.0,1.068,1.097,1.066,1.063,2.92,10.12,0.71,26.37,186642.0,182806.0,5995654.0,14.98,-435589.0,-1.09,6431243.0,16.07,-2717039.0,-6.79,-3278614.0,-8.19,-1688.0,1.091,1.092,364903504.0,398109723,398109723,2026-08-04,2026-08-04 16:11:58+08:00
561250,稀有金属ETF鹏华,0.98,0.9845,0.46,0.025,2.62,54679.0,5331533.0,0.957,0.984,0.957,0.955,2.83,3.09,1.51,-46.02,41680.0,13000.0,799562.0,15.0,349.0,0.01,799213.0,14.99,-611944.0,-11.48,-187619.0,-3.52,-1.0,0.98,0.982,176752200.0,173217156,173217156,2026-08-04,2026-08-04 16:11:34+08:00
159922,中证500ETF嘉实,3.089,3.0861,-0.09,0.079,2.62,1767334.0,542265115.772,3.022,3.109,3.022,3.01,2.89,5.84,0.64,-23.85,882666.0,884669.0,12920323.0,2.38,-12128943.0,-2.24,25049266.0,4.62,7943828.0,1.46,-20864151.0,-3.85,4964.0,3.088,3.089,3025676768.0,9346315536,9346315536,2026-08-04,2026-08-04 15:34:15+08:00
159696,纳指ETF易方达,2.006,1.8132,-10.63,0.051,2.61,533788.0,106622409.2,1.985,2.007,1.977,1.955,1.53,1.95,1.13,33.06,285201.0,248587.0,13203556.0,12.38,3413531.0,3.2,9790025.0,9.18,-3462252.0,-3.25,-9741303.0,-9.14,-6312.0,2.006,2.007,2732824032.0,5482045008,5482045008,2026-08-04,2026-08-04 15:34:42+08:00
159776,港股医药ETF银华,1.103,1.1048,0.16,0.028,2.6,225416.0,24897156.2,1.092,1.117,1.09,1.075,2.51,26.85,0.79,-18.33,117259.0,108157.0,-264759.0,-1.06,621945.0,2.5,-886704.0,-3.56,-161147.0,-0.65,425907.0,1.71,-391.0,1.103,1.104,83968765.0,92617548,92617548,2026-08-04,2026-08-04 15:34:27+08:00
563200,中证2000ETF富国,1.418,1.4144,-0.25,0.036,2.6,145882.0,20505882.0,1.384,1.421,1.383,1.382,2.75,24.53,1.32,-43.38,76625.0,69257.0,-1933682.0,-9.43,1094952.0,5.34,-3028634.0,-14.77,687460.0,3.35,1246221.0,6.08,-2363.0,1.418,1.419,59458800.0,84312578,84312578,2026-08-04,2026-08-04 16:11:58+08:00
560690,电信ETF鹏华,2.176,2.1721,-0.18,0.055,2.59,15340.0,3321344.0,2.126,2.181,2.126,2.121,2.59,7.52,0.97,20.24,10167.0,5173.0,52793.0,1.59,-6467.0,-0.19,59260.0,1.78,39446.0,1.19,-92239.0,-2.78,-919.0,2.169,2.176,20389000.0,44366464,44366464,2026-08-04,2026-08-04 16:11:32+08:00
515530,中证500ETF泰康,4.2,4.2011,0.03,0.106,2.59,12662.0,5283136.0,4.178,4.227,4.131,4.094,2.34,9.71,1.19,0.99,5293.0,7369.0,166209.0,3.15,0.0,0.0,166209.0,3.15,-512331.0,-9.7,346123.0,6.55,-20.0,4.196,4.2,13042700.0,54779340,54779340,2026-08-04,2026-08-04 16:11:40+08:00
159523,沪深300成长ETF华夏,1.267,1.2742,0.57,0.032,2.59,78769.0,9900604.8,1.239,1.272,1.239,1.235,2.67,9.91,0.66,23.49,30959.0,47810.0,138009.0,1.39,0.0,0.0,138009.0,1.39,746588.0,7.54,-884597.0,-8.93,28.0,1.266,1.267,79517348.0,100748480,100748480,2026-08-04,2026-08-04 15:34:45+08:00
159062,稀有金属ETF南方,0.793,0.7931,0.01,0.02,2.59,128181.0,10115702.9,0.78,0.795,0.775,0.773,2.59,10.4,1.2,-12.04,85252.0,42929.0,749224.0,7.41,-1648211.0,-16.29,2397435.0,23.7,-164328.0,-1.62,-584895.0,-5.78,2.0,0.792,0.793,123201256.0,97698596,97698596,2026-08-04,2026-08-04 15:34:18+08:00
562500,机器人ETF华夏,0.99,0.9891,-0.09,0.025,2.59,7374339.0,722221913.0,0.971,0.993,0.961,0.965,3.32,3.98,0.87,23.37,4187778.0,3186561.0,94309765.0,13.06,43240396.0,5.99,51069369.0,7.07,-38847022.0,-5.38,-55462744.0,-7.68,-74025.0,0.99,0.991,18539687424.0,18354290550,18354290550,2026-08-04,2026-08-04 16:12:00+08:00
510510,中证500ETF广发,2.468,2.4661,-0.08,0.062,2.58,469191.0,114866369.0,2.42,2.481,2.418,2.406,2.62,4.83,0.5,11.83,260603.0,208588.0,11316375.0,9.85,-79390.0,-0.07,11395765.0,9.92,-1295468.0,-1.13,-10020907.0,-8.72,-2321.0,2.467,2.468,971038304.0,2396522534,2396522534,2026-08-04,2026-08-04 16:11:55+08:00
517660,物联网ETF天弘,1.272,1.2805,0.66,0.032,2.58,32054.0,4052439.0,1.256,1.28,1.256,1.24,1.94,7.58,1.86,0.79,14903.0,17151.0,14384.0,0.35,0.0,0.0,14384.0,0.35,0.0,0.0,-14384.0,-0.35,2001.0,1.275,1.276,42280700.0,53781050,53781050,2026-08-04,2026-08-04 16:11:51+08:00
159869,游戏ETF华夏,1.157,1.1555,-0.13,0.029,2.57,6968421.0,796803016.67,1.129,1.157,1.12,1.128,3.28,8.62,1.0,3.26,3606878.0,3361543.0,-10084669.0,-1.27,-25569744.0,-3.21,15485075.0,1.94,20781579.0,2.61,-10696915.0,-1.34,-86451.0,1.157,1.158,8085082112.0,9354440004,9354440004,2026-08-04,2026-08-04 15:34:03+08:00
513870,纳指ETF富国,2.037,1.855,-9.81,0.051,2.57,706521.0,143317224.0,2.019,2.038,2.011,1.986,1.36,5.21,1.29,-17.96,410619.0,295902.0,5328478.0,3.72,4860189.0,3.39,468289.0,0.33,4255298.0,2.97,-9583776.0,-6.69,-9173.0,2.037,2.038,1356671008.0,2763538843,2763538843,2026-08-04,2026-08-04 16:11:54+08:00
159501,纳指ETF嘉实,2.046,1.8297,-11.82,0.051,2.56,574936.0,117142952.272,2.032,2.047,2.026,1.995,1.05,0.86,1.11,46.59,365936.0,209000.0,-693900.0,-0.59,-395089.0,-0.34,-298811.0,-0.26,9262866.0,7.91,-8568965.0,-7.31,8689.0,2.045,2.046,6654986496.0,13616102371,13616102371,2026-08-04,2026-08-04 15:34:42+08:00
159982,中证500ETF鹏华,2.05,2.0436,-0.31,0.051,2.55,680226.0,138905562.6,2.014,2.061,2.008,1.999,2.65,45.28,9.74,-97.17,477903.0,202323.0,5503284.0,3.96,-45392515.0,-32.68,50895799.0,36.64,-4408285.0,-3.17,-1094998.0,-0.79,180.0,2.049,2.05,150211253.0,307933069,307933069,2026-08-04,2026-08-04 15:34:00+08:00
159337,中证500ETF东财,1.735,1.7359,0.05,0.043,2.54,103119.0,17794987.1,1.695,1.744,1.695,1.692,2.9,3.4,0.63,12.75,57899.0,45220.0,2216184.0,12.45,1010998.0,5.68,1205186.0,6.77,1362764.0,7.66,-3578949.0,-20.11,665.0,1.734,1.735,303710608.0,526937905,526937905,2026-08-04,2026-08-04 15:34:12+08:00
159551,机器人ETF国泰,1.29,1.2915,0.12,0.032,2.54,194927.0,24902645.5,1.26,1.295,1.251,1.258,3.5,6.13,0.77,-30.65,112596.0,82331.0,545751.0,2.19,-135459.0,-0.54,681210.0,2.74,-91024.0,-0.37,-454726.0,-1.83,-446.0,1.29,1.291,317920928.0,410117997,410117997,2026-08-04,2026-08-04 15:34:39+08:00
159855,影视ETF银华,0.771,0.7716,0.08,0.019,2.53,177293.0,13528695.2,0.751,0.777,0.748,0.752,3.86,9.48,1.01,-29.5,95704.0,81589.0,1963420.0,14.51,-370435.0,-2.74,2333855.0,17.25,-662128.0,-4.89,-1301293.0,-9.62,462.0,0.77,0.771,186925236.0,144119357,144119357,2026-08-04,2026-08-04 15:34:12+08:00
516770,游戏ETF华泰柏瑞,1.214,1.2123,-0.14,0.03,2.53,445111.0,53218317.0,1.182,1.214,1.174,1.184,3.38,11.41,0.86,-4.85,201347.0,243764.0,1267405.0,2.38,733760.0,1.38,533645.0,1.0,-647907.0,-1.22,-619498.0,-1.16,-1697.0,1.213,1.214,390048000.0,473518272,473518272,2026-08-04,2026-08-04 16:11:52+08:00
561800,稀有金属ETF华富,0.974,0.9735,-0.05,0.024,2.53,130227.0,12591494.0,0.949,0.977,0.949,0.95,2.95,5.97,0.97,-3.91,84829.0,45398.0,1565045.0,12.43,-478500.0,-3.8,2043545.0,16.23,-606911.0,-4.82,-958133.0,-7.61,-201.0,0.973,0.974,218077200.0,212407193,212407193,2026-08-04,2026-08-04 16:11:59+08:00
512500,中证500ETF华夏,4.306,4.2981,-0.18,0.106,2.52,1266443.0,542279672.0,4.221,4.333,4.221,4.2,2.67,6.37,0.69,47.08,590251.0,676192.0,20775795.0,3.83,-1407741.0,-0.26,22183536.0,4.09,-15167579.0,-2.8,-5608210.0,-1.03,-756.0,4.305,4.306,1988808800.0,8563810693,8563810693,2026-08-04,2026-08-04 16:11:59+08:00
512510,中证500ETF华泰柏瑞,2.28,2.2786,-0.06,0.056,2.52,72912.0,16540195.0,2.235,2.292,2.234,2.224,2.61,1.64,0.84,41.12,42538.0,30374.0,-26411.0,-0.16,0.0,0.0,-26411.0,-0.16,1170857.0,7.08,-1144446.0,-6.92,-172.0,2.28,2.281,443929808.0,1012159962,1012159962,2026-08-04,2026-08-04 16:11:36+08:00
510580,中证500ETF易方达,4.002,4.0003,-0.04,0.098,2.51,615946.0,244736193.0,3.92,4.03,3.92,3.904,2.82,5.29,0.96,-22.18,286173.0,329774.0,-12607.0,-0.01,-3067179.0,-1.25,3054572.0,1.25,8200565.0,3.35,-8187958.0,-3.35,-305.0,4.002,4.003,1163768304.0,4657400753,4657400753,2026-08-04,2026-08-04 16:12:01+08:00
562520,中证1000成长ETF华夏,1.308,1.3093,0.1,0.032,2.51,110555.0,14333172.0,1.282,1.31,1.28,1.276,2.35,27.25,1.12,-44.82,61573.0,48982.0,2771918.0,19.34,2051873.0,14.32,720045.0,5.02,-2068888.0,-14.43,-703030.0,-4.9,-395.0,1.307,1.308,40568000.0,53062944,53062944,2026-08-04,2026-08-04 16:11:34+08:00
159521,国证2000ETF平安,1.191,1.1943,0.28,0.029,2.5,31100.0,3704452.6,1.173,1.199,1.168,1.162,2.67,17.02,2.8,-22.49,18122.0,12978.0,489606.0,13.22,0.0,0.0,489606.0,13.22,-447396.0,-12.08,-42208.0,-1.14,-30.0,1.187,1.195,18274435.0,21764852,21764852,2026-08-04,2026-08-04 15:34:06+08:00
159071,新能源电池ETF华宝,0.82,0.8197,-0.04,0.02,2.5,64792.0,5281775.617,0.804,0.822,0.802,0.8,2.5,5.19,0.36,-71.88,43635.0,21157.0,-356603.0,-6.75,0.0,0.0,-356603.0,-6.75,386081.0,7.31,-29479.0,-0.56,15.0,0.815,0.82,124911738.0,102427625,102427625,2026-08-04,2026-08-04 15:34:33+08:00
159770,机器人ETF天弘,1.026,1.0261,0.01,0.025,2.5,1659018.0,168320000.0,1.006,1.03,0.996,1.001,3.4,2.72,0.82,-48.48,969769.0,689249.0,22629063.0,13.44,18410994.0,10.94,4218069.0,2.51,-11261854.0,-6.69,-11367209.0,-6.75,19514.0,1.025,1.026,6097087744.0,6255612025,6255612025,2026-08-04,2026-08-04 15:34:21+08:00
513200,港股通医药ETF易方达,0.984,0.9865,0.25,0.024,2.5,1774273.0,174944767.0,0.975,0.997,0.973,0.96,2.5,19.09,1.09,-45.62,902094.0,872179.0,1050780.0,0.6,-205434.0,-0.12,1256214.0,0.72,-1177974.0,-0.67,127194.0,0.07,-1170.0,0.984,0.985,929282096.0,914413582,914413582,2026-08-04,2026-08-04 16:12:01+08:00
159620,中证500成长ETF华夏,1.23,1.2273,-0.22,0.03,2.5,38840.0,4727147.0,1.205,1.236,1.204,1.2,2.67,11.72,0.65,30.93,26592.0,12248.0,762678.0,16.13,0.0,0.0,762678.0,16.13,-732694.0,-15.5,-29984.0,-0.63,4.0,1.225,1.231,33140934.0,40763349,40763349,2026-08-04,2026-08-04 15:34:42+08:00
560770,机器人ETF招商,0.985,0.9849,-0.01,0.024,2.5,353254.0,34489946.0,0.978,0.989,0.958,0.961,3.23,2.14,1.04,7.73,224310.0,128944.0,343257.0,1.0,2997170.0,8.69,-2653913.0,-7.69,-1924799.0,-5.58,1581542.0,4.59,-1742.0,0.985,0.986,1650133008.0,1625381013,1625381013,2026-08-04,2026-08-04 16:11:33+08:00
159213,机器人ETF汇添富,1.194,1.19,-0.34,0.029,2.49,383750.0,45179062.8,1.166,1.195,1.156,1.165,3.35,7.73,0.89,26.0,220731.0,163019.0,1260866.0,2.79,1369288.0,3.03,-108422.0,-0.24,-336846.0,-0.75,-924021.0,-2.05,565.0,1.192,1.194,496237568.0,592507656,592507656,2026-08-04,2026-08-04 15:34:27+08:00
510570,中证500ETF兴业,1.197,1.1992,0.18,0.029,2.48,34005.0,4043194.0,1.173,1.205,1.173,1.168,2.74,9.56,0.63,-3.04,16914.0,17091.0,794444.0,19.65,0.0,0.0,794444.0,19.65,-726211.0,-17.96,-68233.0,-1.69,-113.0,1.195,1.197,35560600.0,42566038,42566038,2026-08-04,2026-08-04 16:11:41+08:00
560630,机器人ETF万家,1.119,1.1183,-0.06,0.027,2.47,116340.0,12854969.0,1.092,1.123,1.086,1.092,3.39,6.79,0.92,6.57,59519.0,56821.0,2645619.0,20.58,3412466.0,26.55,-766847.0,-5.97,-1198795.0,-9.33,-1446823.0,-11.25,-890.0,1.118,1.119,171394000.0,191789886,191789886,2026-08-04,2026-08-04 16:11:40+08:00
561950,中证500增强ETF招商,1.335,1.3379,0.22,0.032,2.46,7167.0,956540.0,1.307,1.343,1.307,1.303,2.76,0.97,0.21,1.03,1883.0,5284.0,184958.0,19.34,0.0,0.0,184958.0,19.34,-126434.0,-13.22,-58524.0,-6.12,-6.0,1.335,1.338,73656000.0,98330760,98330760,2026-08-04,2026-08-04 16:11:42+08:00
159678,500增强ETF博时,1.497,1.4838,-0.89,0.036,2.46,33667.0,5012125.6,1.474,1.504,1.461,1.461,2.94,3.61,0.54,-58.02,21401.0,12266.0,442790.0,8.83,0.0,0.0,442790.0,8.83,-319970.0,-6.38,-122820.0,-2.45,20.0,1.495,1.496,93143694.0,139436110,139436110,2026-08-04,2026-08-04 15:34:27+08:00
510500,中证500ETF南方,7.601,7.6171,0.21,0.181,2.44,6648014.0,5034603886.0,7.47,7.665,7.464,7.42,2.71,10.53,0.9,36.35,3129756.0,3518258.0,284849776.0,5.66,206230496.0,4.1,78619280.0,1.56,-159150336.0,-3.16,-125699431.0,-2.5,-40597.0,7.601,7.602,6311768576.0,47975752946,47975752946,2026-08-04,2026-08-04 16:11:57+08:00
513700,港股通医药ETF鹏华,0.587,0.5882,0.2,0.014,2.44,2357905.0,138712725.0,0.582,0.595,0.58,0.573,2.62,28.18,1.02,-49.64,1259364.0,1098541.0,5090271.0,3.67,17025723.0,12.27,-11935452.0,-8.6,-4511713.0,-3.25,-578557.0,-0.42,-1594.0,0.586,0.587,836846000.0,491228602,491228602,2026-08-04,2026-08-04 16:11:56+08:00
560260,医疗ETF广发,0.848,0.8494,0.16,0.02,2.42,98520.0,8361475.0,0.834,0.855,0.834,0.828,2.54,0.53,0.99,-12.83,42471.0,56049.0,303297.0,3.63,-737927.0,-8.83,1041224.0,12.45,38906.0,0.47,-342205.0,-4.09,-300.0,0.848,0.849,1855664704.0,1573603669,1573603669,2026-08-04,2026-08-04 16:11:48+08:00
512010,医药ETF易方达,0.383,0.3832,0.05,0.009,2.41,21804641.0,839433190.0,0.38,0.388,0.38,0.374,2.14,4.76,1.84,-51.7,12470419.0,9334222.0,88302827.0,10.52,206676000.0,24.62,-118373173.0,-14.1,-64969865.0,-7.74,-23332965.0,-2.78,-111804.0,0.383,0.384,45795694848.0,17539751127,17539751127,2026-08-04,2026-08-04 16:11:58+08:00
562360,机器人ETF银华,1.069,1.0689,-0.01,0.025,2.39,183582.0,19433813.0,1.046,1.073,1.039,1.044,3.26,6.17,0.84,5.2,115572.0,68010.0,2025144.0,10.42,538858.0,2.77,1486286.0,7.65,-879928.0,-4.53,-1145217.0,-5.89,-511.0,1.069,1.07,297474000.0,317999706,317999706,2026-08-04,2026-08-04 16:11:36+08:00
159566,储能电池ETF易方达,1.806,1.8063,0.02,0.042,2.38,1509833.0,270836816.858,1.775,1.815,1.769,1.764,2.61,5.36,0.9,54.0,876197.0,633636.0,-10859709.0,-4.01,-24605053.0,-9.08,13745344.0,5.08,9085704.0,3.35,1774005.0,0.66,-6686.0,1.806,1.807,2816739776.0,5087032035,5087032035,2026-08-04,2026-08-04 15:34:48+08:00
515190,中证500ETF中银证券,1.599,1.5999,0.06,0.037,2.37,29011.0,4610191.0,1.57,1.61,1.57,1.562,2.56,1.0,1.33,0.9,17960.0,11051.0,1434367.0,31.11,0.0,0.0,1434367.0,31.11,-1202453.0,-26.08,-231914.0,-5.03,573.0,1.598,1.6,291466096.0,466054288,466054288,2026-08-04,2026-08-04 16:11:52+08:00
510530,中证500ETF工银,8.537,8.5434,0.07,0.197,2.36,2779.0,2350719.0,8.397,8.595,8.382,8.34,2.55,0.57,0.27,-8.35,1325.0,1454.0,-35538.0,-1.51,570341.0,24.26,-605879.0,-25.77,55803.0,2.37,-20265.0,-0.86,-10.0,8.559,8.563,48979400.0,418137138,418137138,2026-08-04,2026-08-04 16:11:57+08:00
159193,新能源电池ETF银华,0.782,0.7827,0.09,0.018,2.36,143269.0,11158824.2,0.767,0.785,0.764,0.764,2.75,6.02,1.15,-76.43,88213.0,55056.0,1150003.0,10.31,1136262.0,10.18,13741.0,0.12,-698956.0,-6.26,-451046.0,-4.04,231.0,0.781,0.782,238080335.0,186178822,186178822,2026-08-04,2026-08-04 15:34:15+08:00
561990,沪深300增强ETF招商,0.999,0.9995,0.05,0.023,2.36,260809.0,25868190.0,0.98,1.001,0.98,0.976,2.15,7.66,1.19,-0.87,169109.0,91700.0,4669868.0,18.05,1038657.0,4.02,3631211.0,14.04,-2616641.0,-10.12,-2053229.0,-7.94,-200.0,0.998,0.999,340649200.0,340308551,340308551,2026-08-04,2026-08-04 16:11:43+08:00
159938,医药ETF广发,0.652,0.651,-0.15,0.015,2.35,1713535.0,112060868.4,0.644,0.658,0.641,0.637,2.67,2.34,1.92,-35.48,1233357.0,480178.0,3257883.0,2.91,-15703501.0,-14.01,18961384.0,16.92,-1389611.0,-1.24,-1868272.0,-1.67,-7574.0,0.652,0.653,7309567232.0,4765837835,4765837835,2026-08-04,2026-08-04 15:34:48+08:00
159718,港股医药ETF平安,0.827,0.83,0.36,0.019,2.35,396612.0,32867794.7,0.818,0.838,0.818,0.808,2.48,19.08,1.03,-50.77,212797.0,183815.0,2631240.0,8.01,-457128.0,-1.39,3088368.0,9.4,-1847496.0,-5.62,-783744.0,-2.38,853.0,0.826,0.827,207832634.0,171877588,171877588,2026-08-04,2026-08-04 15:34:57+08:00
561090,A500增强ETF华安,1.222,1.2251,0.25,0.028,2.35,166332.0,20180734.0,1.199,1.225,1.198,1.194,2.26,6.3,1.15,24.43,110355.0,55977.0,3499247.0,17.34,-442228.0,-2.19,3941475.0,19.53,-2495750.0,-12.37,-1003497.0,-4.97,-120.0,1.222,1.223,263974000.0,322576228,322576228,2026-08-04,2026-08-04 16:11:58+08:00
513650,标普500ETF南方,1.956,1.8587,-5.23,0.045,2.35,1450796.0,282571624.0,1.937,1.956,1.937,1.911,0.99,3.36,1.38,83.42,910404.0,540392.0,38461817.0,13.61,38447451.0,13.61,14366.0,0.01,-16066893.0,-5.69,-22394923.0,-7.93,-17258.0,1.956,1.957,4323734016.0,8457223735,8457223735,2026-08-04,2026-08-04 16:11:51+08:00
159052,新能源电池ETF嘉实,0.83,0.8313,0.16,0.019,2.34,62209.0,5146626.244,0.821,0.834,0.813,0.811,2.59,3.11,1.42,31.62,31396.0,30813.0,1123096.0,21.82,1585712.0,30.81,-462616.0,-8.99,-778318.0,-15.12,-344778.0,-6.7,1.0,0.829,0.832,199926092.0,165938656,165938656,2026-08-04,2026-08-04 15:34:15+08:00
561010,软件ETF华安,0.921,0.9183,-0.29,0.021,2.33,229066.0,20948421.0,0.904,0.921,0.903,0.9,2.0,8.23,1.09,9.44,125302.0,103764.0,2551951.0,12.18,975549.0,4.66,1576402.0,7.53,-2311250.0,-11.03,-240702.0,-1.15,-1230.0,0.921,0.922,278356000.0,256365876,256365876,2026-08-04,2026-08-04 16:11:50+08:00
159559,机器人ETF景顺,1.243,1.2411,-0.15,0.028,2.3,1115553.0,137125540.22,1.222,1.247,1.205,1.215,3.46,5.33,0.91,47.1,571208.0,544345.0,15565664.0,11.35,19262567.0,14.05,-3696903.0,-2.7,-9712870.0,-7.08,-5852794.0,-4.27,5746.0,1.242,1.243,2093576624.0,2602315744,2602315744,2026-08-04,2026-08-04 15:34:09+08:00
510550,中证500ETF方正富邦,1.957,1.958,0.05,0.044,2.3,11833.0,2298588.0,1.896,1.965,1.896,1.913,3.61,4.98,0.91,89.71,9470.0,2363.0,193358.0,8.41,0.0,0.0,193358.0,8.41,15797.0,0.69,-209155.0,-9.1,-10.0,1.953,1.957,23743300.0,46465638,46465638,2026-08-04,2026-08-04 16:11:34+08:00
159847,医疗ETF易方达,0.4,0.4011,0.27,0.009,2.3,995194.0,39929944.8,0.396,0.404,0.396,0.391,2.05,2.4,1.54,-75.57,571486.0,423708.0,4026361.0,10.08,9282899.0,23.25,-5256538.0,-13.16,-2402905.0,-6.02,-1623457.0,-4.07,-795.0,0.4,0.401,4142825360.0,1657130144,1657130144,2026-08-04,2026-08-04 15:34:48+08:00
159203,大盘成长ETF博时,1.376,1.3742,-0.13,0.031,2.3,2725.0,371290.7,1.345,1.376,1.345,1.345,2.3,2.78,1.66,86.02,753.0,1972.0,212559.0,57.25,0.0,0.0,212559.0,57.25,-178799.0,-48.16,-33759.0,-9.09,1.0,1.358,1.376,9791913.0,13473672,13473672,2026-08-04,2026-08-04 15:34:36+08:00
159899,软件ETF招商,0.755,0.7525,-0.33,0.017,2.3,640970.0,48004145.2,0.747,0.756,0.741,0.738,2.03,7.73,1.47,-18.72,385244.0,255726.0,-3373707.0,-7.03,955982.0,1.99,-4329689.0,-9.02,3652435.0,7.61,-278729.0,-0.58,-4891.0,0.755,0.756,828977728.0,625878185,625878185,2026-08-04,2026-08-04 15:34:33+08:00
159935,中证500ETF景顺,2.401,2.3995,-0.06,0.054,2.3,6343.0,1518222.0,2.368,2.42,2.368,2.347,2.22,2.3,0.22,-26.2,4525.0,1818.0,-273998.0,-18.05,0.0,0.0,-273998.0,-18.05,311693.0,20.53,-37695.0,-2.48,2687.0,2.401,2.411,27572956.0,66202667,66202667,2026-08-04,2026-08-04 15:34:45+08:00
159162,工业有色ETF鹏华,0.805,0.8059,0.11,0.018,2.29,99065.0,7934227.869,0.792,0.808,0.79,0.787,2.29,2.02,0.92,-41.24,57258.0,41807.0,2414383.0,30.43,2877386.0,36.27,-463003.0,-5.84,-1492363.0,-18.81,-922022.0,-11.62,776.0,0.804,0.805,490939840.0,395206571,395206571,2026-08-04,2026-08-04 15:34:30+08:00
159557,恒生医疗ETF嘉实,1.352,1.3633,0.83,0.03,2.27,583318.0,78939114.9,1.343,1.369,1.343,1.322,1.97,39.44,1.12,-70.92,285519.0,297799.0,-1197715.0,-1.52,764968.0,0.97,-1962683.0,-2.49,-517040.0,-0.65,1714757.0,2.17,137.0,1.351,1.352,147894955.0,199953979,199953979,2026-08-04,2026-08-04 15:34:03+08:00
159078,A股ETF富国,0.916,0.9159,-0.01,0.02,2.23,48917.0,4462131.158,0.898,0.917,0.898,0.896,2.12,2.48,0.6,48.92,24330.0,24587.0,881975.0,19.77,-1050800.0,-23.55,1932775.0,43.32,-666132.0,-14.93,-215843.0,-4.84,20.0,0.914,0.916,197262460.0,180692413,180692413,2026-08-04,2026-08-04 15:34:33+08:00
159069,创业板新能源ETF华泰柏瑞,1.01,1.0098,-0.02,0.022,2.23,232436.0,23414955.329,0.988,1.014,0.988,0.988,2.63,17.51,2.11,-72.21,140488.0,91948.0,2884962.0,12.32,5469948.0,23.36,-2584986.0,-11.04,-2359470.0,-10.08,-525491.0,-2.24,86.0,1.006,1.01,132770440.0,134098144,134098144,2026-08-04,2026-08-04 15:34:09+08:00
563750,中证500ETF汇添富,1.06,1.062,0.19,0.023,2.22,84083.0,8864547.0,1.037,1.067,1.037,1.037,2.89,2.32,0.29,16.66,35100.0,48983.0,1176699.0,13.27,385908.0,4.35,790791.0,8.92,-511017.0,-5.76,-665683.0,-7.51,-206.0,1.06,1.061,362237008.0,383971228,383971228,2026-08-04,2026-08-04 16:11:40+08:00
159050,机器人ETF广发,0.878,0.8786,0.07,0.019,2.21,627878.0,54530761.985,0.86,0.881,0.851,0.859,3.49,8.57,1.17,45.15,313486.0,314392.0,6968006.0,12.78,-2468894.0,-4.53,9436900.0,17.31,-4667334.0,-8.56,-2300672.0,-4.22,-5096.0,0.878,0.879,732703616.0,643313775,643313775,2026-08-04,2026-08-04 15:34:15+08:00
159190,创业板新能源ETF天弘,0.839,0.839,0.0,0.018,2.19,155507.0,12948840.7,0.822,0.842,0.821,0.821,2.56,19.42,0.99,63.49,101666.0,53841.0,169739.0,1.31,440585.0,3.4,-270846.0,-2.09,-166602.0,-1.29,-3137.0,-0.02,-39.0,0.838,0.84,80069299.0,67178142,67178142,2026-08-04,2026-08-04 15:34:42+08:00
159066,A股ETF建信,0.887,0.8915,0.5,0.019,2.19,99230.0,8751574.175,0.881,0.89,0.872,0.868,2.07,4.26,0.94,17.65,53269.0,45961.0,1347543.0,15.4,449969.0,5.14,897574.0,10.26,-1116610.0,-12.76,-230933.0,-2.64,891.0,0.888,0.89,232733027.0,206434195,206434195,2026-08-04,2026-08-04 15:34:24+08:00
159076,创业板新能源ETF华宝,0.843,0.8435,0.06,0.018,2.18,161383.0,13550917.08,0.84,0.847,0.827,0.825,2.42,6.01,0.86,8.98,94607.0,66776.0,815582.0,6.02,-232911.0,-1.72,1048493.0,7.74,-673190.0,-4.97,-142392.0,-1.05,-210.0,0.843,0.844,268373015.0,226238452,226238452,2026-08-04,2026-08-04 15:34:30+08:00
159606,中证500成长ETF易方达,1.31,1.3099,-0.01,0.028,2.18,126223.0,16432054.7,1.29,1.313,1.287,1.282,2.03,3.27,0.76,-39.42,73263.0,52960.0,3416769.0,20.79,1089397.0,6.63,2327372.0,14.16,-1152221.0,-7.01,-2264548.0,-13.78,-273.0,1.31,1.311,386222832.0,505951910,505951910,2026-08-04,2026-08-04 15:34:24+08:00
562930,软件ETF易方达,0.758,0.7562,-0.24,0.016,2.16,1831313.0,137963810.0,0.75,0.761,0.744,0.742,2.29,11.9,1.48,9.74,934707.0,896606.0,-3362270.0,-2.44,-10181645.0,-7.38,6819375.0,4.94,1669719.0,1.21,1692551.0,1.23,-10345.0,0.757,0.758,1539437008.0,1166893252,1166893252,2026-08-04,2026-08-04 16:11:46+08:00
159305,储能电池ETF广发,0.803,0.8048,0.22,0.017,2.16,561817.0,44910938.4,0.789,0.808,0.788,0.786,2.54,4.66,0.64,-61.99,387847.0,173970.0,15982290.0,35.59,11990642.0,26.7,3991648.0,8.89,-10124149.0,-22.54,-5858141.0,-13.04,-1479.0,0.803,0.804,1204640304.0,967326164,967326164,2026-08-04,2026-08-04 15:34:54+08:00
159500,中证500ETF富国,1.139,1.1398,0.07,0.024,2.15,183427.0,20771505.327,1.115,1.145,1.115,1.115,2.69,7.26,0.58,3.77,84884.0,98543.0,3874389.0,18.65,1488931.0,7.17,2385458.0,11.48,-1968733.0,-9.48,-1905656.0,-9.17,-1080.0,1.139,1.14,252538865.0,287641767,287641767,2026-08-04,2026-08-04 15:34:45+08:00
159303,恒生医疗ETF大成,1.477,1.4846,0.51,0.031,2.14,660362.0,97781500.9,1.466,1.496,1.448,1.446,3.32,78.62,1.13,-58.69,333823.0,326539.0,815025.0,0.83,-1066578.0,-1.09,1881603.0,1.92,288937.0,0.3,-1103963.0,-1.13,1803.0,1.476,1.477,83991693.0,124055731,124055731,2026-08-04,2026-08-04 15:34:51+08:00
560500,500质量成长ETF鹏扬,1.35,1.3478,-0.16,0.028,2.12,8775.0,1175888.0,1.327,1.355,1.327,1.322,2.12,0.3,0.33,1.43,4441.0,4334.0,294524.0,25.05,0.0,0.0,294524.0,25.05,-222808.0,-18.95,-71717.0,-6.1,-175.0,1.346,1.35,293339008.0,396007661,396007661,2026-08-04,2026-08-04 16:11:37+08:00
561130,国货ETF富国,1.062,1.0625,0.05,0.022,2.12,46264.0,4871846.0,1.05,1.067,1.046,1.04,2.02,4.72,0.41,-1.99,29316.0,16948.0,-22893.0,-0.47,0.0,0.0,-22893.0,-0.47,13734.0,0.28,9159.0,0.19,-80.0,1.062,1.063,97935200.0,104007182,104007182,2026-08-04,2026-08-04 16:11:51+08:00
159211,深证100ETF富国,1.454,1.4526,-0.1,0.03,2.11,4862.0,699308.8,1.425,1.458,1.425,1.424,2.32,2.47,0.12,1.88,1794.0,3068.0,-207467.0,-29.67,0.0,0.0,-207467.0,-29.67,231907.0,33.16,-24441.0,-3.5,-40.0,1.448,1.46,19683294.0,28619509,28619509,2026-08-04,2026-08-04 15:34:24+08:00
517990,沪港深医药ETF招商,0.876,0.8774,0.16,0.018,2.1,21275.0,1864219.0,0.879,0.882,0.862,0.858,2.33,4.26,0.62,-1.07,14315.0,6960.0,455794.0,24.45,0.0,0.0,455794.0,24.45,-394092.0,-21.14,-61702.0,-3.31,-57.0,0.874,0.877,49987900.0,43789400,43789400,2026-08-04,2026-08-04 16:11:41+08:00
512650,长三角ETF汇添富,1.315,1.3157,0.05,0.027,2.1,10354.0,1359891.0,1.304,1.318,1.301,1.288,1.32,2.96,0.36,0.08,2889.0,7465.0,19568.0,1.44,0.0,0.0,19568.0,1.44,26011.0,1.91,-45578.0,-3.35,4.0,1.314,1.315,34941600.0,45948204,45948204,2026-08-04,2026-08-04 16:11:58+08:00
159278,机器人ETF鹏华,0.977,0.9771,0.01,0.02,2.09,2632396.0,254490641.789,0.96,0.981,0.946,0.957,3.66,10.32,0.94,25.68,1323334.0,1309062.0,41582227.0,16.34,66030228.0,25.95,-24448001.0,-9.61,-28687476.0,-11.27,-12894752.0,-5.07,-13506.0,0.977,0.978,2550545856.0,2491883301,2491883301,2026-08-04,2026-08-04 15:34:12+08:00
510660,医药ETF华夏,2.486,2.4876,0.06,0.051,2.09,73338.0,18280597.0,2.453,2.514,2.452,2.435,2.55,12.46,1.68,-7.35,37051.0,36287.0,-2101969.0,-11.5,19663.0,0.11,-2121632.0,-11.61,1733842.0,9.48,368126.0,2.01,-2135.0,2.486,2.487,58879700.0,146374934,146374934,2026-08-04,2026-08-04 16:11:32+08:00
159272,机器人ETF富国,0.832,0.8327,0.08,0.017,2.09,2399768.0,197425609.972,0.817,0.835,0.806,0.815,3.56,6.24,0.92,-20.99,1348942.0,1050826.0,16270863.0,8.24,15383539.0,7.79,887324.0,0.45,-8112244.0,-4.11,-8158620.0,-4.13,-22440.0,0.832,0.833,3848164688.0,3201673020,3201673020,2026-08-04,2026-08-04 15:34:27+08:00
159122,创业板新能源ETF富国,0.885,0.8865,0.17,0.018,2.08,43832.0,3843971.4,0.869,0.89,0.869,0.867,2.42,5.99,0.88,0.12,6261.0,37571.0,419898.0,10.92,1502631.0,39.09,-1082733.0,-28.17,-298114.0,-7.76,-121784.0,-3.17,301.0,0.886,0.887,73160935.0,64747427,64747427,2026-08-04,2026-08-04 15:34:57+08:00
159760,医疗健康ETF泰康,0.588,0.5885,0.08,0.012,2.08,35546.0,2098150.4,0.576,0.592,0.576,0.576,2.78,2.53,1.82,-67.97,22711.0,12835.0,-208370.0,-9.93,0.0,0.0,-208370.0,-9.93,225710.0,10.76,-17340.0,-0.83,93.0,0.587,0.588,140360223.0,82531811,82531811,2026-08-04,2026-08-04 15:34:15+08:00
159530,机器人ETF易方达,1.378,1.3761,-0.14,0.028,2.07,6810129.0,928403789.712,1.358,1.382,1.336,1.35,3.41,5.16,0.93,40.8,3600916.0,3209213.0,79336196.0,8.55,65755204.0,7.08,13580992.0,1.46,-49420418.0,-5.32,-29915780.0,-3.22,41021.0,1.377,1.378,13189613056.0,18175286791,18175286791,2026-08-04,2026-08-04 15:34:15+08:00
159968,中证500ETF博时,9.947,9.9977,0.51,0.202,2.07,7480.0,7396885.57,9.744,10.013,9.744,9.745,2.76,1.15,0.4,20.26,2684.0,4796.0,748179.0,10.11,0.0,0.0,748179.0,10.11,-573907.0,-7.76,-174272.0,-2.36,-20.0,9.947,9.986,65295098.0,649490340,649490340,2026-08-04,2026-08-04 15:34:57+08:00
159048,机器人ETF大成,0.888,0.8879,-0.01,0.018,2.07,281184.0,24698613.0,0.875,0.89,0.86,0.87,3.45,13.47,1.25,36.13,155063.0,126121.0,2462536.0,9.97,2429108.0,9.83,33428.0,0.14,-1534644.0,-6.21,-927893.0,-3.76,-1002.0,0.888,0.889,208803897.0,185417861,185417861,2026-08-04,2026-08-04 15:34:15+08:00
512020,A500ETF鹏华,1.288,1.2863,-0.13,0.026,2.06,631927.0,80790480.0,1.267,1.288,1.267,1.262,1.66,5.68,0.94,5.2,332402.0,299525.0,3587718.0,4.44,3960939.0,4.9,-373221.0,-0.46,-3131460.0,-3.88,-456257.0,-0.56,-359.0,1.283,1.288,1112012704.0,1432272363,1432272363,2026-08-04,2026-08-04 16:11:47+08:00
516150,稀土ETF嘉实,1.686,1.6857,-0.02,0.034,2.06,559262.0,93502113.0,1.659,1.689,1.651,1.652,2.3,1.51,0.86,-1.32,327540.0,231722.0,4140932.0,4.43,-4777695.0,-5.11,8918627.0,9.54,-740840.0,-0.79,-3400092.0,-3.64,-3436.0,1.685,1.686,3711577008.0,6257718835,6257718835,2026-08-04,2026-08-04 16:11:46+08:00
588960,科创新能源ETF富国,1.099,1.0973,-0.15,0.022,2.04,75634.0,8289457.0,1.079,1.104,1.074,1.077,2.79,5.2,0.9,-5.33,41391.0,34243.0,-205349.0,-2.48,-1470006.0,-17.73,1264657.0,15.26,117341.0,1.42,88007.0,1.06,-159.0,1.099,1.1,145579800.0,159992200,159992200,2026-08-04,2026-08-04 16:11:41+08:00
159610,中证500增强ETF景顺,1.207,1.2086,0.13,0.024,2.03,30325.0,3642097.136,1.183,1.213,1.183,1.183,2.54,1.8,0.4,-36.28,16889.0,13436.0,1331385.0,36.56,0.0,0.0,1331385.0,36.56,-655479.0,-18.0,-675905.0,-18.56,5.0,1.206,1.207,168568207.0,203461826,203461826,2026-08-04,2026-08-04 15:34:36+08:00
560860,工业有色ETF万家,1.557,1.5569,-0.01,0.031,2.03,1131938.0,175062527.0,1.529,1.562,1.524,1.526,2.49,2.0,0.87,26.08,639418.0,492520.0,-6347941.0,-3.63,-8061644.0,-4.61,1713703.0,0.98,622368.0,0.36,5725574.0,3.27,-9832.0,1.556,1.557,5649232896.0,8795855619,8795855619,2026-08-04,2026-08-04 16:11:45+08:00
560360,软件ETF万家,1.311,1.3109,-0.01,0.026,2.02,131845.0,17200892.0,1.292,1.318,1.287,1.285,2.41,6.15,1.48,29.38,62567.0,69278.0,-963211.0,-5.6,-1645348.0,-9.57,682137.0,3.97,648971.0,3.77,314241.0,1.83,-573.0,1.311,1.312,214345000.0,281006295,281006295,2026-08-04,2026-08-04 16:11:32+08:00
159261,创业板新能源ETF鹏华,1.369,1.3733,0.31,0.027,2.01,32960.0,4519357.6,1.345,1.378,1.345,1.342,2.46,6.89,1.0,0.42,13651.0,19309.0,306531.0,6.78,-232353.0,-5.14,538884.0,11.92,-285858.0,-6.33,-20671.0,-0.46,-1.0,1.371,1.373,47814904.0,65458604,65458604,2026-08-04,2026-08-04 15:34:15+08:00
560390,电网设备ETF易方达,0.868,0.8667,-0.15,0.017,2.0,2304807.0,198538592.0,0.857,0.87,0.848,0.851,2.59,10.16,1.01,-9.49,1243147.0,1061660.0,7674239.0,3.87,9564967.0,4.82,-1890728.0,-0.95,-6441849.0,-3.24,-1232390.0,-0.62,-42977.0,0.868,0.869,2269258000.0,1969715944,1969715944,2026-08-04,2026-08-04 16:11:54+08:00
516780,稀土ETF华泰柏瑞,0.823,0.8235,0.06,0.016,1.98,716899.0,58578309.0,0.809,0.825,0.805,0.807,2.48,3.19,1.1,-5.53,463588.0,253311.0,2316597.0,3.95,-1403419.0,-2.4,3720016.0,6.35,-1238263.0,-2.11,-1078334.0,-1.84,-3001.0,0.822,0.823,2250599696.0,1852243550,1852243550,2026-08-04,2026-08-04 16:11:39+08:00
159326,电网设备ETF华夏,1.646,1.6456,-0.02,0.032,1.98,6752478.0,1104768977.296,1.626,1.651,1.61,1.614,2.54,5.54,1.32,-6.23,3659648.0,3092830.0,-1383904.0,-0.13,-18708032.0,-1.69,17324128.0,1.57,22950431.0,2.08,-21566536.0,-1.95,-86062.0,1.646,1.647,12189265408.0,20063530862,20063530862,2026-08-04,2026-08-04 15:34:21+08:00
563550,A500增强ETF摩根,1.235,1.2332,-0.15,0.024,1.98,99242.0,12178500.0,1.217,1.238,1.217,1.211,1.73,10.17,0.84,2.45,83582.0,15660.0,-11474.0,-0.09,1984564.0,16.3,-1996038.0,-16.39,137515.0,1.13,-126040.0,-1.03,1608.0,1.233,1.234,97559000.0,120485365,120485365,2026-08-04,2026-08-04 16:11:35+08:00
561300,沪深300增强ETF国泰,1.03,1.0293,-0.07,0.02,1.98,245422.0,25109972.0,1.014,1.032,1.014,1.01,1.78,4.85,1.24,-7.43,128754.0,116668.0,3308730.0,13.18,9957728.0,39.66,-6648998.0,-26.48,-1527780.0,-6.08,-1780950.0,-7.09,-487.0,1.029,1.03,505965008.0,521143958,521143958,2026-08-04,2026-08-04 16:11:57+08:00
159036,软件开发ETF华宝,0.983,0.9834,0.04,0.019,1.97,280873.0,27524994.998,0.968,0.988,0.968,0.964,2.07,8.54,1.15,-37.93,132193.0,148680.0,2850988.0,10.36,4277383.0,15.54,-1426395.0,-5.18,-2355096.0,-8.56,-495893.0,-1.8,-1575.0,0.983,0.984,328740160.0,323151577,323151577,2026-08-04,2026-08-04 15:34:03+08:00
159852,软件ETF嘉实,0.728,0.7274,-0.08,0.014,1.96,11402626.0,826111141.526,0.721,0.732,0.717,0.714,2.1,9.13,1.07,-23.25,5732402.0,5670225.0,4072688.0,0.49,-27580112.0,-3.34,31652800.0,3.83,-6639414.0,-0.8,2566738.0,0.31,-124367.0,0.728,0.729,12492623872.0,9094630179,9094630179,2026-08-04,2026-08-04 15:34:18+08:00
159828,医疗ETF国泰,0.416,0.4171,0.26,0.008,1.96,1976273.0,82516844.588,0.411,0.42,0.411,0.408,2.21,3.68,1.8,-60.19,1192815.0,783458.0,10134802.0,12.28,13201782.0,16.0,-3066980.0,-3.72,-7655195.0,-9.28,-2479607.0,-3.0,-5796.0,0.416,0.417,5364439552.0,2231606854,2231606854,2026-08-04,2026-08-04 15:34:57+08:00
563880,A500ETF汇添富,1.25,1.2499,-0.01,0.024,1.96,2472823.0,307990974.0,1.231,1.254,1.231,1.226,1.88,14.7,1.93,26.74,1026258.0,1446565.0,4727870.0,1.54,-9352888.0,-3.04,14080758.0,4.57,-4290253.0,-1.39,-437618.0,-0.14,-1814.0,1.249,1.25,1681996400.0,2102495500,2102495500,2026-08-04,2026-08-04 16:11:59+08:00
561380,电网设备ETF国泰,0.735,0.7332,-0.25,0.014,1.94,1830435.0,133404714.0,0.727,0.737,0.717,0.721,2.77,2.74,1.32,8.22,1018603.0,811833.0,-6294499.0,-4.72,-7029935.0,-5.27,735436.0,0.55,3402373.0,2.55,2892127.0,2.17,-11435.0,0.735,0.736,6668534016.0,4901372502,4901372502,2026-08-04,2026-08-04 16:11:33+08:00
513500,标普500ETF博时,2.582,2.4387,-5.88,0.049,1.93,1934293.0,497432590.0,2.563,2.583,2.562,2.533,0.83,1.91,1.41,-8.98,1174883.0,759410.0,63885413.0,12.84,30535407.0,6.14,33350006.0,6.7,-22979530.0,-4.62,-40905882.0,-8.22,-19840.0,2.582,2.583,10107638528.0,26097922679,26097922679,2026-08-04,2026-08-04 16:11:59+08:00
515950,医药50ETF富国,0.954,0.9531,-0.09,0.018,1.92,114338.0,10927559.0,0.945,0.962,0.945,0.936,1.82,1.95,1.07,0.09,53151.0,61187.0,1608563.0,14.72,106817.0,0.98,1501746.0,13.74,-172655.0,-1.58,-1435909.0,-13.14,-157.0,0.953,0.954,586200608.0,559235380,559235380,2026-08-04,2026-08-04 16:11:45+08:00
513060,恒生医疗ETF博时,0.532,0.534,0.37,0.01,1.92,12508185.0,667311555.0,0.528,0.539,0.528,0.522,2.11,11.58,1.12,-29.36,6531730.0,5976455.0,17681918.0,2.65,27206896.0,4.08,-9524978.0,-1.43,-13382590.0,-2.01,-4299333.0,-0.64,-88253.0,0.531,0.532,10802893312.0,5747139242,5747139242,2026-08-04,2026-08-04 16:11:42+08:00
159357,A500ETF博时,1.275,1.2743,-0.05,0.024,1.92,196256.0,24956616.2,1.255,1.279,1.255,1.251,1.92,1.62,0.97,-5.32,88886.0,107370.0,837410.0,3.36,8259501.0,33.1,-7422091.0,-29.74,-518817.0,-2.08,-318594.0,-1.28,-83.0,1.275,1.276,1210833840.0,1543813146,1543813146,2026-08-04,2026-08-04 15:34:03+08:00
159068,软件ETF华夏,1.068,1.0657,-0.22,0.02,1.91,143608.0,15222801.054,1.06,1.069,1.05,1.048,1.81,14.31,1.08,-55.71,74445.0,69163.0,1645985.0,10.81,4408422.0,28.96,-2762437.0,-18.15,-1626027.0,-10.68,-19958.0,-0.13,-1758.0,1.068,1.069,100336570.0,107159457,107159457,2026-08-04,2026-08-04 15:34:27+08:00
588700,科创医药ETF嘉实,0.958,0.9587,0.07,0.018,1.91,527307.0,50560060.0,0.947,0.966,0.942,0.94,2.55,10.43,1.04,12.35,266661.0,260646.0,6610627.0,13.07,5975318.0,11.82,635309.0,1.26,-2236925.0,-4.42,-4373701.0,-8.65,-2040.0,0.957,0.958,505336208.0,484112087,484112087,2026-08-04,2026-08-04 16:12:00+08:00
159155,电池ETF大成,0.854,0.8523,-0.2,0.016,1.91,271154.0,23061716.966,0.838,0.858,0.833,0.838,2.98,4.58,0.85,1.46,155054.0,116101.0,2639212.0,11.44,3371230.0,14.62,-732018.0,-3.17,-1475793.0,-6.4,-1163418.0,-5.04,-457.0,0.854,0.855,591513296.0,505152355,505152355,2026-08-04,2026-08-04 15:34:54+08:00
159713,稀土ETF富国,1.23,1.23,0.0,0.023,1.91,323230.0,39491273.5,1.211,1.232,1.204,1.207,2.32,5.81,0.63,-58.01,172815.0,150415.0,3536695.0,8.96,1124424.0,2.85,2412271.0,6.11,-2601753.0,-6.59,-934943.0,-2.37,3244.0,1.229,1.23,556755056.0,684808719,684808719,2026-08-04,2026-08-04 15:34:09+08:00
560970,工业有色ETF平安,0.914,0.9141,0.01,0.017,1.9,7379.0,668883.0,0.895,0.915,0.895,0.897,2.23,0.98,0.4,-0.25,4639.0,2740.0,167492.0,25.04,0.0,0.0,167492.0,25.04,-162780.0,-24.34,-4712.0,-0.7,-200.0,0.913,0.914,75138000.0,68676132,68676132,2026-08-04,2026-08-04 16:11:33+08:00
515040,工业有色ETF华夏,1.021,1.0234,0.23,0.019,1.9,91545.0,9298060.0,1.002,1.026,0.995,1.002,3.09,11.84,1.97,33.63,53729.0,37815.0,1311880.0,14.11,1785851.0,19.21,-473971.0,-5.1,-1162771.0,-12.51,-149110.0,-1.6,-158.0,1.02,1.021,77319600.0,78943312,78943312,2026-08-04,2026-08-04 16:11:38+08:00
159032,工业有色ETF易方达,0.863,0.8621,-0.1,0.016,1.89,116681.0,10002063.622,0.847,0.864,0.845,0.847,2.24,4.47,1.27,10.46,50638.0,66043.0,2221128.0,22.21,2694832.0,26.94,-473704.0,-4.74,-1388040.0,-13.88,-833087.0,-8.33,-1240.0,0.863,0.864,260845019.0,225109251,225109251,2026-08-04,2026-08-04 15:34:12+08:00
159715,稀土ETF易方达,1.133,1.1325,-0.04,0.021,1.89,416380.0,46840293.9,1.113,1.135,1.109,1.112,2.34,7.53,0.61,-9.83,229192.0,187188.0,982101.0,2.1,-295711.0,-0.63,1277812.0,2.73,-626465.0,-1.34,-355636.0,-0.76,-1960.0,1.133,1.134,553030272.0,626583298,626583298,2026-08-04,2026-08-04 15:34:21+08:00
159039,机器人ETF华安,0.862,0.8639,0.22,0.016,1.89,824330.0,70546685.343,0.86,0.867,0.836,0.846,3.66,11.16,1.14,3.04,469092.0,355238.0,-2864268.0,-4.06,-7340895.0,-10.41,4476627.0,6.35,4214628.0,5.97,-1350360.0,-1.91,-2356.0,0.862,0.863,738461424.0,636553747,636553747,2026-08-04,2026-08-04 15:34:00+08:00
560100,中证500增强ETF南方,1.296,1.2914,-0.36,0.024,1.89,117760.0,15124914.0,1.263,1.3,1.263,1.272,2.91,17.96,1.24,7.84,66779.0,50981.0,-324350.0,-2.14,4498317.0,29.74,-4822667.0,-31.89,645974.0,4.27,-321623.0,-2.13,-677.0,1.292,1.296,65580300.0,84992069,84992069,2026-08-04,2026-08-04 16:11:54+08:00
159009,创业板新能源ETF易方达,0.864,0.8663,0.27,0.016,1.89,33540.0,2882320.752,0.85,0.869,0.848,0.848,2.48,5.29,0.68,-24.43,15480.0,18060.0,255376.0,8.86,103677.0,3.6,151699.0,5.26,-131698.0,-4.57,-123679.0,-4.29,-218.0,0.864,0.865,63392703.0,54771295,54771295,2026-08-04,2026-08-04 15:34:57+08:00
159380,A500ETF东财,1.345,1.3478,0.21,0.025,1.89,57128.0,7646063.7,1.325,1.349,1.325,1.32,1.82,3.31,0.56,-27.17,34910.0,22218.0,1918660.0,25.09,237628.0,3.11,1681032.0,21.99,-309830.0,-4.05,-1608831.0,-21.04,621.0,1.344,1.345,172804337.0,232421833,232421833,2026-08-04,2026-08-04 15:34:51+08:00
588830,科创新能源ETF鹏华,1.19,1.1894,-0.05,0.022,1.88,779714.0,92270412.0,1.172,1.197,1.164,1.168,2.83,10.86,1.07,15.89,367111.0,412603.0,14574417.0,15.8,10810290.0,11.72,3764127.0,4.08,6729664.0,7.29,-21304080.0,-23.09,-10589.0,1.19,1.191,717847904.0,854239006,854239006,2026-08-04,2026-08-04 16:11:47+08:00
563600,A500增强ETF易方达,1.03,1.0256,-0.43,0.019,1.88,39003.0,4005502.0,1.018,1.033,1.011,1.011,2.18,5.38,0.79,-7.38,21864.0,17139.0,637568.0,15.92,2679102.0,66.89,-2041534.0,-50.97,-506730.0,-12.65,-130838.0,-3.27,-120.0,1.029,1.03,72483000.0,74657490,74657490,2026-08-04,2026-08-04 16:11:58+08:00
159655,标普500ETF华夏,1.956,1.8673,-4.75,0.036,1.88,1032752.0,201539855.8,1.943,1.96,1.943,1.92,0.89,4.81,2.39,-54.79,542745.0,490007.0,6072879.0,3.01,5760003.0,2.86,312876.0,0.16,6391055.0,3.17,-12463935.0,-6.18,-3492.0,1.956,1.957,2148143040.0,4201767786,4201767786,2026-08-04,2026-08-04 15:34:30+08:00
560490,工业有色ETF华泰柏瑞,0.926,0.9274,0.15,0.017,1.87,88245.0,8126779.0,0.908,0.929,0.908,0.909,2.31,6.87,1.29,-6.57,43462.0,44783.0,1051193.0,12.93,454203.0,5.59,596990.0,7.35,-548404.0,-6.75,-502788.0,-6.19,-144.0,0.926,0.927,128482000.0,118974332,118974332,2026-08-04,2026-08-04 16:11:47+08:00
159368,创业板新能源ETF华夏,0.658,0.6582,0.03,0.012,1.86,1920257.0,125740632.8,0.652,0.662,0.644,0.646,2.79,16.75,0.65,-47.3,1034273.0,885984.0,2293799.0,1.82,-1271356.0,-1.01,3565155.0,2.84,270427.0,0.22,-2564224.0,-2.04,-431.0,0.658,0.659,1146579680.0,754449429,754449429,2026-08-04,2026-08-04 15:34:45+08:00
560530,中证A500ETF摩根,1.212,1.2092,-0.23,0.022,1.85,707660.0,85403255.0,1.194,1.215,1.194,1.19,1.76,1.87,0.42,-14.26,384301.0,323359.0,4639652.0,5.43,1612575.0,1.89,3027077.0,3.54,-3437695.0,-4.03,-1201956.0,-1.41,-508.0,1.211,1.212,3775623696.0,4576055920,4576055920,2026-08-04,2026-08-04 16:11:41+08:00
515960,医药ETF嘉实,0.829,0.8303,0.16,0.015,1.84,54923.0,4563542.0,0.821,0.835,0.821,0.814,1.72,2.15,0.89,-5.65,35179.0,19744.0,-11377.0,-0.25,0.0,0.0,-11377.0,-0.25,30786.0,0.67,-19409.0,-0.43,-4000.0,0.831,0.832,254991900.0,211388285,211388285,2026-08-04,2026-08-04 16:11:40+08:00
563360,A500ETF华泰柏瑞,1.279,1.2761,-0.23,0.023,1.83,29936918.0,3809912766.0,1.261,1.283,1.261,1.256,1.75,8.86,0.71,45.04,14746776.0,15190143.0,-5771424.0,-0.15,30881520.0,0.81,-36652944.0,-0.96,20863839.0,0.55,-15092407.0,-0.4,-91672.0,1.279,1.28,33802987520.0,43234021038,43234021038,2026-08-04,2026-08-04 16:11:44+08:00
513730,东南亚科技ETF华泰柏瑞,1.166,1.1769,0.93,0.021,1.83,248742.0,29029618.0,1.162,1.172,1.161,1.145,0.96,3.02,0.88,-12.55,142441.0,106301.0,3802570.0,13.1,1071319.0,3.69,2731251.0,9.41,-1457839.0,-5.02,-2344730.0,-8.08,-1103.0,1.166,1.167,823355008.0,960031939,960031939,2026-08-04,2026-08-04 16:12:00+08:00
513400,道琼斯ETF鹏华,1.332,1.3121,-1.52,0.024,1.83,2568826.0,341342282.0,1.326,1.334,1.323,1.308,0.84,10.23,1.45,-24.16,1481263.0,1087563.0,-43599877.0,-12.77,-33373487.0,-9.78,-10226390.0,-3.0,33351022.0,9.77,10248854.0,3.0,-33218.0,1.332,1.333,2512062000.0,3346066584,3346066584,2026-08-04,2026-08-04 16:11:36+08:00
512170,医疗ETF华宝,0.334,0.3345,0.15,0.006,1.83,18398622.0,615714075.0,0.331,0.337,0.331,0.328,1.83,2.33,1.17,-61.49,10669742.0,7728880.0,63580362.0,10.33,131432208.0,21.35,-67851846.0,-11.02,-46534139.0,-7.56,-17046234.0,-2.77,-160871.0,0.334,0.335,79126818816.0,26428357485,26428357485,2026-08-04,2026-08-04 16:11:58+08:00
560870,工业有色ETF中银,0.892,0.895,0.34,0.016,1.83,99028.0,8823048.0,0.883,0.896,0.877,0.876,2.17,9.77,1.32,2.25,37875.0,61153.0,-44221.0,-0.5,0.0,0.0,-44221.0,-0.5,75550.0,0.86,-31328.0,-0.36,-100.0,0.893,0.895,101351900.0,90405895,90405895,2026-08-04,2026-08-04 16:11:40+08:00
159171,工业有色ETF博时,0.778,0.7788,0.1,0.014,1.83,42768.0,3307718.3,0.763,0.78,0.763,0.764,2.23,1.86,0.98,29.12,29055.0,13713.0,544167.0,16.45,763874.0,23.09,-219707.0,-6.64,-499570.0,-15.1,-44599.0,-1.35,88.0,0.776,0.778,230532934.0,179354623,179354623,2026-08-04,2026-08-04 15:34:51+08:00
513080,法国ETF华安,1.835,1.8036,-1.74,0.033,1.83,401030.0,73169039.0,1.818,1.835,1.809,1.802,1.44,6.24,1.41,-19.76,231838.0,169192.0,-6478215.0,-8.85,-3121258.0,-4.27,-3356957.0,-4.59,4630926.0,6.33,1847290.0,2.52,-13684.0,1.832,1.835,642416000.0,1178833360,1178833360,2026-08-04,2026-08-04 16:11:33+08:00
563090,上证50增强ETF易方达,1.396,1.3947,-0.09,0.025,1.82,45691.0,6350111.0,1.38,1.396,1.38,1.371,1.17,7.39,0.95,-3.12,22776.0,22915.0,279587.0,4.4,0.0,0.0,279587.0,4.4,454396.0,7.16,-733982.0,-11.56,982.0,1.395,1.396,61848000.0,86339808,86339808,2026-08-04,2026-08-04 16:11:40+08:00
562340,中证500成长ETF银华,1.397,1.3967,-0.02,0.025,1.82,1612.0,224092.0,1.384,1.398,1.377,1.372,1.53,1.98,0.56,22.44,1351.0,261.0,-47765.0,-21.31,0.0,0.0,-47765.0,-21.31,69410.0,30.97,-21645.0,-9.66,72.0,1.393,1.396,8144300.0,11377587,11377587,2026-08-04,2026-08-04 16:11:58+08:00
159353,中证A500ETF景顺,1.23,1.2295,-0.04,0.022,1.82,1602446.0,196185470.031,1.219,1.233,1.213,1.208,1.66,3.72,0.6,31.73,900043.0,702403.0,3789442.0,1.93,-15913169.0,-8.11,19702611.0,10.04,650536.0,0.33,-4439978.0,-2.26,610.0,1.228,1.23,4304161792.0,5294119004,5294119004,2026-08-04,2026-08-04 15:34:00+08:00
589960,科创新能源ETF易方达,0.839,0.8393,0.04,0.015,1.82,371162.0,31016709.0,0.824,0.844,0.821,0.824,2.79,20.14,1.01,6.86,193939.0,177223.0,1207020.0,3.89,1027762.0,3.31,179258.0,0.58,-745369.0,-2.4,-461651.0,-1.49,-346.0,0.838,0.839,184316000.0,154641124,154641124,2026-08-04,2026-08-04 16:11:54+08:00
517160,长江保护ETF南方,0.95,0.9506,0.06,0.017,1.82,470.0,44494.0,0.933,0.951,0.933,0.933,1.93,0.0,0.13,19.29,140.0,330.0,25712.0,57.79,0.0,0.0,25712.0,57.79,1680.0,3.78,-27393.0,-61.57,1.0,0.949,0.95,1828777504.0,1737338629,1737338629,2026-08-04,2026-08-04 16:11:38+08:00
159387,创业板新能源ETF国泰,0.726,0.7265,0.07,0.013,1.82,4262662.0,308016993.9,0.717,0.731,0.712,0.713,2.66,27.69,0.93,-13.98,2004386.0,2258276.0,2331358.0,0.76,13355409.0,4.34,-11024051.0,-3.58,187147.0,0.06,-2518504.0,-0.82,-497.0,0.726,0.727,1539189648.0,1117451684,1117451684,2026-08-04,2026-08-04 15:34:18+08:00
159149,创业板新能源ETF工银,0.846,0.8484,0.28,0.015,1.81,60883.0,5155723.8,0.832,0.852,0.832,0.831,2.41,10.06,0.53,-7.0,31224.0,29659.0,251048.0,4.87,-227744.0,-4.42,478792.0,9.29,-146838.0,-2.85,-104209.0,-2.02,37.0,0.847,0.849,60515298.0,51195942,51195942,2026-08-04,2026-08-04 15:34:51+08:00
159320,电网设备ETF广发,0.619,0.6178,-0.19,0.011,1.81,1694567.0,103982230.47,0.614,0.621,0.604,0.608,2.8,12.56,1.35,31.16,896533.0,798034.0,-6936907.0,-6.67,-9819203.0,-9.44,2882296.0,2.77,4607602.0,4.43,2329304.0,2.24,-31520.0,0.619,0.62,1349235520.0,835176787,835176787,2026-08-04,2026-08-04 15:34:18+08:00
560610,A500ETF招商,1.181,1.1817,0.06,0.021,1.81,2494953.0,294388605.0,1.164,1.189,1.164,1.16,2.16,5.02,3.06,23.04,1250610.0,1244343.0,7227275.0,2.46,18992654.0,6.45,-11765379.0,-4.0,-4347138.0,-1.48,-2880136.0,-0.98,-2229.0,1.18,1.181,4966988288.0,5866013168,5866013168,2026-08-04,2026-08-04 16:11:37+08:00
159187,创业板新能源ETF景顺,0.843,0.8431,0.01,0.015,1.81,73454.0,6185829.3,0.832,0.847,0.827,0.828,2.42,13.08,1.11,-9.34,35587.0,37867.0,139143.0,2.25,640070.0,10.35,-500927.0,-8.1,17398.0,0.28,-156541.0,-2.53,50.0,0.843,0.845,56176266.0,47356592,47356592,2026-08-04,2026-08-04 15:34:06+08:00
159362,A500ETF工银,1.297,1.2942,-0.22,0.023,1.81,352410.0,45591424.6,1.277,1.3,1.277,1.274,1.81,2.18,1.0,35.77,184112.0,168298.0,2564185.0,5.62,7047974.0,15.46,-4483789.0,-9.83,-2299035.0,-5.04,-265150.0,-0.58,10.0,1.292,1.297,1613180192.0,2092294709,2092294709,2026-08-04,2026-08-04 15:34:21+08:00
515230,软件ETF国泰,0.737,0.7375,0.07,0.013,1.8,4547783.0,334019303.0,0.734,0.741,0.726,0.724,2.07,6.01,1.07,-26.97,2478140.0,2069643.0,-2213159.0,-0.66,3725938.0,1.12,-5939097.0,-1.78,2500509.0,0.75,-287351.0,-0.09,-53365.0,0.737,0.738,7566690816.0,5576651131,5576651131,2026-08-04,2026-08-04 16:11:49+08:00
159796,电池ETF汇添富,0.851,0.8493,-0.2,0.015,1.79,3530283.0,299290597.78,0.838,0.855,0.835,0.836,2.39,5.12,1.21,28.32,1798006.0,1732276.0,-28656567.0,-9.57,-14371511.0,-4.8,-14285056.0,-4.77,16440440.0,5.49,12216127.0,4.08,-9289.0,0.851,0.852,6896467456.0,5868893805,5868893805,2026-08-04,2026-08-04 15:34:51+08:00
510290,上证380ETF南方,2.572,2.5676,-0.17,0.045,1.78,18038.0,4603255.0,2.526,2.585,2.526,2.527,2.33,3.2,1.48,57.91,8429.0,9609.0,619249.0,13.45,0.0,0.0,619249.0,13.45,-705289.0,-15.32,86040.0,1.87,12.0,2.564,2.571,56448900.0,145186571,145186571,2026-08-04,2026-08-04 16:11:48+08:00
159352,A500ETF南方,1.26,1.2609,0.07,0.022,1.78,26187518.0,3283998711.8,1.245,1.265,1.244,1.238,1.7,9.68,0.87,-91.65,12667092.0,13520426.0,-5124112.0,-0.16,-136026832.0,-4.14,130902720.0,3.99,17030632.0,0.52,-11906524.0,-0.36,16382.0,1.259,1.26,27054101760.0,34088168218,34088168218,2026-08-04,2026-08-04 15:34:57+08:00
159351,A500ETF嘉实,1.209,1.2099,0.07,0.021,1.77,4991456.0,602069782.31,1.192,1.214,1.192,1.188,1.85,7.05,1.16,-7.77,2174793.0,2816663.0,-10663955.0,-1.77,50144032.0,8.33,-60807987.0,-10.1,7611071.0,1.26,3052878.0,0.51,-195.0,1.209,1.21,7076123392.0,8555033181,8555033181,2026-08-04,2026-08-04 15:34:15+08:00
588130,科创医药ETF华夏,0.977,0.9771,0.01,0.017,1.77,827485.0,80834345.0,0.966,0.986,0.966,0.96,2.08,16.53,0.97,10.01,397720.0,429765.0,6115346.0,7.57,4437676.0,5.49,1677670.0,2.08,-3994028.0,-4.94,-2121317.0,-2.62,-270.0,0.976,0.977,500582608.0,489069208,489069208,2026-08-04,2026-08-04 16:11:49+08:00
512050,A500ETF华夏,1.206,1.2061,0.01,0.021,1.77,13350928.0,1603597560.0,1.19,1.21,1.189,1.185,1.77,7.74,0.89,-40.46,6860241.0,6490687.0,2673656.0,0.17,12451712.0,0.78,-9778056.0,-0.61,-149624.0,-0.01,-2524033.0,-0.16,-6008.0,1.205,1.206,17239992320.0,20791430738,20791430738,2026-08-04,2026-08-04 16:11:50+08:00
562880,电池ETF嘉实,0.75,0.7491,-0.12,0.013,1.76,261898.0,19553953.0,0.737,0.754,0.736,0.737,2.44,2.71,0.78,-13.37,154409.0,107489.0,383852.0,1.96,445816.0,2.28,-61964.0,-0.32,-408282.0,-2.09,24430.0,0.12,-950.0,0.749,0.75,965899600.0,724424700,724424700,2026-08-04,2026-08-04 16:11:58+08:00
159338,中证A500ETF国泰,1.211,1.2133,0.19,0.021,1.76,29139604.0,3516783694.116,1.195,1.217,1.195,1.19,1.85,12.49,0.95,22.21,14386717.0,14752887.0,65340976.0,1.86,-24730608.0,-0.7,90071584.0,2.56,-27821299.0,-0.79,-37519693.0,-1.07,22490.0,1.21,1.211,23327086592.0,28249101863,28249101863,2026-08-04,2026-08-04 15:34:24+08:00
512060,A100ETF天弘,1.221,1.2232,0.18,0.021,1.75,23565.0,2876766.0,1.212,1.225,1.211,1.2,1.17,21.56,0.96,-4.52,9636.0,13929.0,278628.0,9.69,0.0,0.0,278628.0,9.69,-253182.0,-8.8,-25446.0,-0.88,-1641.0,1.221,1.225,10928000.0,13343088,13343088,2026-08-04,2026-08-04 16:11:59+08:00
159157,有色金属ETF天弘,0.812,0.8127,0.09,0.014,1.75,928988.0,74959102.411,0.804,0.814,0.796,0.798,2.26,1.12,0.83,-38.38,529852.0,399136.0,7054237.0,9.41,64904.0,0.09,6989333.0,9.32,-3034484.0,-4.05,-4019755.0,-5.36,-4139.0,0.812,0.813,8263758848.0,6710172185,6710172185,2026-08-04,2026-08-04 15:34:15+08:00
159339,A500ETF银华,1.22,1.2212,0.1,0.021,1.75,694662.0,84608139.088,1.204,1.225,1.204,1.199,1.75,3.47,1.1,-33.32,306266.0,388396.0,2818319.0,3.33,3848842.0,4.55,-1030523.0,-1.22,-1770700.0,-2.09,-1047618.0,-1.24,-225.0,1.22,1.221,2003086848.0,2443765955,2443765955,2026-08-04,2026-08-04 15:34:27+08:00
563330,A股ETF华泰柏瑞,4.129,4.1274,-0.04,0.071,1.75,92073.0,37751342.0,4.068,4.14,4.067,4.058,1.8,20.43,0.73,-59.64,44444.0,47629.0,3683246.0,9.76,1374007.0,3.64,2309239.0,6.12,-1875608.0,-4.97,-1807639.0,-4.79,-196.0,4.129,4.131,45060600.0,186055217,186055217,2026-08-04,2026-08-04 16:11:34+08:00
159929,医药ETF汇添富,1.338,1.3367,-0.1,0.023,1.75,552217.0,73986794.7,1.328,1.349,1.328,1.315,1.6,3.12,0.82,-58.69,318641.0,233576.0,10618010.0,14.35,5087955.0,6.88,5530055.0,7.47,-5320390.0,-7.19,-5297620.0,-7.16,4557.0,1.337,1.338,1771704208.0,2370540230,2370540230,2026-08-04,2026-08-04 15:34:54+08:00
159356,A500ETF万家,1.284,1.2808,-0.25,0.022,1.74,492364.0,63019549.979,1.265,1.287,1.265,1.262,1.74,6.09,0.84,26.19,189947.0,302417.0,4164042.0,6.61,7127701.0,11.31,-2963659.0,-4.7,-3576926.0,-5.68,-587116.0,-0.93,-1.0,1.284,1.285,809120640.0,1038910902,1038910902,2026-08-04,2026-08-04 15:34:30+08:00
516820,医疗创新ETF平安,0.35,0.3511,0.31,0.006,1.74,1271268.0,44551143.0,0.346,0.354,0.346,0.344,2.33,2.5,1.01,-41.25,772908.0,498360.0,2692742.0,6.04,9343999.0,20.97,-6651257.0,-14.93,-1788042.0,-4.01,-904699.0,-2.03,-14621.0,0.349,0.35,5086415104.0,1780245286,1780245286,2026-08-04,2026-08-04 16:11:52+08:00
512400,有色金属ETF南方,1.809,1.8051,-0.22,0.031,1.74,4610708.0,827156507.0,1.781,1.811,1.772,1.778,2.19,3.57,1.01,12.95,2466292.0,2144416.0,-17134424.0,-2.07,44082312.0,5.33,-61216736.0,-7.4,35496093.0,4.29,-18361669.0,-2.22,-47061.0,1.809,1.81,12922539008.0,23376873065,23376873065,2026-08-04,2026-08-04 16:11:53+08:00
159838,医药50ETF博时,0.587,0.5865,-0.09,0.01,1.73,64797.0,3808185.746,0.583,0.592,0.583,0.577,1.56,2.59,1.22,-23.31,36540.0,28257.0,617065.0,16.2,0.0,0.0,617065.0,16.2,-434500.0,-11.41,-182564.0,-4.79,5.0,0.586,0.587,249763462.0,146611152,146611152,2026-08-04,2026-08-04 15:34:12+08:00
159361,A500ETF易方达,1.235,1.2334,-0.13,0.021,1.73,10627855.0,1306985921.8,1.219,1.24,1.218,1.214,1.81,4.74,0.77,-14.48,4949812.0,5678043.0,-1762311.0,-0.13,-142208864.0,-10.88,140446553.0,10.75,7490743.0,0.57,-5728435.0,-0.44,-7505.0,1.235,1.236,22421090304.0,27690046525,27690046525,2026-08-04,2026-08-04 15:34:36+08:00
159360,A500ETF天弘,1.303,1.3032,0.02,0.022,1.72,418060.0,54327706.8,1.284,1.308,1.284,1.281,1.87,3.33,1.26,58.79,213234.0,204826.0,4797389.0,8.83,6160727.0,11.34,-1363338.0,-2.51,-3918305.0,-7.21,-879083.0,-1.62,-8.0,1.301,1.303,1256184528.0,1636808440,1636808440,2026-08-04,2026-08-04 15:34:33+08:00
563660,A500ETF银河,1.244,1.2431,-0.07,0.021,1.72,726.0,89821.0,1.233,1.244,1.232,1.223,0.98,0.12,0.03,9.92,505.0,221.0,15391.0,17.14,0.0,0.0,15391.0,17.14,986.0,1.1,-16378.0,-18.23,-40.0,1.24,1.243,63085200.0,78477989,78477989,2026-08-04,2026-08-04 16:11:43+08:00
159358,中证A500ETF大成,1.307,1.3067,-0.02,0.022,1.71,604682.0,78793807.3,1.288,1.313,1.288,1.285,1.95,8.7,0.92,-13.27,328382.0,276300.0,5025002.0,6.38,10387352.0,13.18,-5362350.0,-6.81,-4386099.0,-5.57,-638903.0,-0.81,-100.0,1.307,1.308,695106416.0,908504086,908504086,2026-08-04,2026-08-04 15:34:00+08:00
563220,A500ETF富国,1.259,1.2605,0.12,0.021,1.7,2537340.0,318455561.0,1.246,1.265,1.242,1.238,1.86,3.95,0.79,39.86,1116735.0,1420605.0,-2841841.0,-0.89,2979769.0,0.94,-5821610.0,-1.83,2745091.0,0.86,96750.0,0.03,-920.0,1.259,1.26,6428013824.0,8092869404,8092869404,2026-08-04,2026-08-04 16:11:54+08:00
515720,金融科技ETF富国,0.716,0.7166,0.08,0.012,1.7,126916.0,9072402.0,0.705,0.719,0.705,0.704,1.99,3.02,0.72,-38.91,66430.0,60486.0,1011275.0,11.15,856816.0,9.44,154459.0,1.7,-621866.0,-6.85,-389409.0,-4.29,-525.0,0.716,0.717,420611008.0,301157482,301157482,2026-08-04,2026-08-04 16:11:50+08:00
159168,有色ETF富国,0.844,0.8439,-0.01,0.014,1.69,368467.0,30901204.2,0.83,0.846,0.827,0.83,2.29,6.57,1.37,-35.06,200236.0,168231.0,-1172536.0,-3.79,-4204852.0,-13.61,3032316.0,9.81,2067600.0,6.69,-895064.0,-2.9,-3009.0,0.844,0.845,560455056.0,473024067,473024067,2026-08-04,2026-08-04 15:34:00+08:00
560750,A500ETF申万菱信,1.323,1.3239,0.07,0.022,1.69,30720.0,4045264.0,1.306,1.327,1.306,1.301,1.61,4.62,0.6,1.39,15493.0,15227.0,-1458315.0,-36.05,0.0,0.0,-1458315.0,-36.05,1392014.0,34.41,66301.0,1.64,-30.0,1.323,1.327,66554800.0,88052000,88052000,2026-08-04,2026-08-04 16:11:51+08:00
561910,电池ETF招商,0.727,0.7265,-0.07,0.012,1.68,1350581.0,97592727.0,0.715,0.731,0.713,0.715,2.52,2.84,1.09,-5.85,726228.0,624353.0,7100323.0,7.28,14077931.0,14.43,-6977608.0,-7.15,-3758838.0,-3.85,-3341486.0,-3.42,-2568.0,0.726,0.727,4763076608.0,3462756694,3462756694,2026-08-04,2026-08-04 16:11:46+08:00
512910,A100ETF广发,1.331,1.3298,-0.09,0.022,1.68,70627.0,9340434.0,1.311,1.336,1.311,1.309,1.91,5.33,1.0,11.34,29544.0,41083.0,666027.0,7.13,262400.0,2.81,403627.0,4.32,-254438.0,-2.72,-411589.0,-4.41,-5.0,1.331,1.332,132628800.0,176528933,176528933,2026-08-04,2026-08-04 16:11:59+08:00
562000,A100ETF华宝,0.608,0.6079,-0.02,0.01,1.67,114596.0,6937249.0,0.599,0.609,0.599,0.598,1.67,1.81,1.62,3.31,45309.0,69287.0,168312.0,2.43,-1041938.0,-15.02,1210250.0,17.45,-109381.0,-1.58,-58930.0,-0.85,-57.0,0.607,0.608,632737904.0,384704646,384704646,2026-08-04,2026-08-04 16:11:59+08:00
561330,矿业ETF国泰,0.912,0.9099,-0.23,0.015,1.67,380178.0,34476873.0,0.898,0.914,0.895,0.897,2.12,2.16,0.76,-3.07,211794.0,168384.0,1912702.0,5.55,3087033.0,8.95,-1174331.0,-3.41,-889152.0,-2.58,-1023550.0,-2.97,-2291.0,0.911,0.912,1757392096.0,1602741592,1602741592,2026-08-04,2026-08-04 16:11:46+08:00
515750,科技50ETF富国,2.007,2.0084,0.07,0.033,1.67,52318.0,10457419.0,1.976,2.014,1.975,1.974,1.98,1.94,0.83,-44.93,19916.0,32402.0,1181443.0,11.3,659598.0,6.31,521845.0,4.99,-1146847.0,-10.97,-34596.0,-0.33,-20.0,2.007,2.008,270140496.0,542171975,542171975,2026-08-04,2026-08-04 16:11:49+08:00
563650,中证A500ETF兴业,1.275,1.2786,0.28,0.021,1.67,84071.0,10702368.0,1.265,1.28,1.263,1.254,1.36,5.97,0.87,7.72,44397.0,39674.0,-195852.0,-1.83,0.0,0.0,-195852.0,-1.83,180153.0,1.68,15700.0,0.15,-998.0,1.273,1.275,140909000.0,179658975,179658975,2026-08-04,2026-08-04 16:11:39+08:00
159880,有色ETF鹏华,0.919,0.9179,-0.12,0.015,1.66,213058.0,19427956.5,0.903,0.921,0.902,0.904,2.1,1.73,1.07,-40.75,105800.0,107258.0,1390418.0,7.16,1535610.0,7.9,-145192.0,-0.75,-700158.0,-3.6,-690260.0,-3.55,-968.0,0.919,0.92,1232103040.0,1132302694,1132302694,2026-08-04,2026-08-04 15:34:06+08:00
561880,A100ETF华富,1.295,1.2939,-0.09,0.021,1.65,10375.0,1332904.0,1.281,1.296,1.278,1.274,1.41,1.29,0.42,-4.24,4287.0,6088.0,657598.0,49.34,0.0,0.0,657598.0,49.34,-649027.0,-48.69,-8570.0,-0.64,-1.0,1.294,1.295,80389000.0,104103755,104103755,2026-08-04,2026-08-04 16:11:48+08:00
159623,成渝经济圈ETF博时,0.985,0.9859,0.09,0.016,1.65,39564.0,3880582.3,0.968,0.988,0.968,0.969,2.06,0.13,0.24,70.65,24367.0,15197.0,166059.0,4.28,-971434.0,-25.03,1137493.0,29.31,-133986.0,-3.45,-32075.0,-0.83,31.0,0.985,0.989,3109271696.0,3062632621,3062632621,2026-08-04,2026-08-04 15:34:06+08:00
560510,中证A500ETF泰康,1.179,1.1777,-0.11,0.019,1.64,442502.0,51987115.0,1.161,1.183,1.161,1.16,1.9,1.69,0.84,-10.38,206335.0,236167.0,3977203.0,7.65,11465528.0,22.05,-7488325.0,-14.4,-1640036.0,-3.15,-2337169.0,-4.5,-1057.0,1.178,1.179,2621026896.0,3090190710,3090190710,2026-08-04,2026-08-04 16:11:54+08:00
159183,新能源车ETF招商,0.87,0.8677,-0.27,0.014,1.64,61865.0,5355159.8,0.858,0.871,0.858,0.856,1.52,12.28,1.0,-8.77,37862.0,24003.0,791332.0,14.78,536259.0,10.01,255073.0,4.76,-677459.0,-12.65,-113872.0,-2.13,6.0,0.866,0.87,50387793.0,43837380,43837380,2026-08-04,2026-08-04 15:34:03+08:00
159506,港股通创新药医疗ETF富国,1.185,1.1879,0.24,0.019,1.63,4197332.0,497222127.708,1.181,1.199,1.177,1.166,1.89,15.76,0.93,17.37,2147404.0,2049928.0,7309119.0,1.47,-29957379.0,-6.02,37266498.0,7.49,-9727364.0,-1.96,2418247.0,0.49,14155.0,1.184,1.185,2663536976.0,3156291317,3156291317,2026-08-04,2026-08-04 15:34:03+08:00
159630,A100ETF汇添富,1.382,1.382,0.0,0.022,1.62,1384.0,190121.9,1.366,1.386,1.366,1.36,1.47,0.92,0.25,39.88,499.0,885.0,150974.0,79.41,0.0,0.0,150974.0,79.41,-128889.0,-67.79,-22085.0,-11.62,3.0,1.376,1.388,15113744.0,20887194,20887194,2026-08-04,2026-08-04 15:34:00+08:00
159627,A100ETF华夏,1.316,1.3164,0.03,0.021,1.62,15739.0,2061357.4,1.306,1.319,1.303,1.295,1.24,8.23,0.26,0.8,3050.0,12689.0,-3779.0,-0.18,0.0,0.0,-3779.0,-0.18,1399.0,0.07,2380.0,0.12,-790.0,1.311,1.316,19116776.0,25157677,25157677,2026-08-04,2026-08-04 15:34:30+08:00
159590,软件ETF汇添富,0.942,0.9412,-0.08,0.015,1.62,864848.0,81042510.6,0.93,0.946,0.928,0.927,1.94,12.19,1.22,-13.9,444797.0,420051.0,-211799.0,-0.26,-4652616.0,-5.74,4440817.0,5.48,-356617.0,-0.44,568416.0,0.7,-5655.0,0.942,0.943,709361744.0,668218763,668218763,2026-08-04,2026-08-04 15:34:36+08:00
561180,A100ETF富国,1.329,1.3302,0.09,0.021,1.61,1518.0,201557.0,1.316,1.33,1.316,1.308,1.07,0.31,0.11,9.91,256.0,1262.0,182573.0,90.58,0.0,0.0,182573.0,90.58,-102214.0,-50.71,-80360.0,-39.87,50.0,1.328,1.33,49609600.0,65931158,65931158,2026-08-04,2026-08-04 16:11:50+08:00
560380,A100ETF南方,1.272,1.2733,0.1,0.02,1.6,89815.0,11392217.0,1.259,1.277,1.259,1.252,1.44,6.2,1.52,2.6,32359.0,57456.0,-125065.0,-1.1,0.0,0.0,-125065.0,-1.1,111022.0,0.97,14043.0,0.12,2500.0,1.271,1.275,144861000.0,184263192,184263192,2026-08-04,2026-08-04 16:11:38+08:00
560310,光伏ETF博时,0.76,0.7589,-0.14,0.012,1.6,21772.0,1643981.0,0.748,0.76,0.748,0.748,1.6,1.2,0.95,-9.46,12324.0,9448.0,447819.0,27.24,989714.0,60.2,-541895.0,-32.96,-435195.0,-26.47,-12624.0,-0.77,126.0,0.758,0.76,182122000.0,138412720,138412720,2026-08-04,2026-08-04 16:12:00+08:00
560980,光伏龙头ETF广发,0.636,0.6351,-0.14,0.01,1.6,275143.0,17393618.0,0.626,0.638,0.625,0.626,2.08,8.04,1.03,-0.43,179406.0,95737.0,367212.0,2.11,-975002.0,-5.61,1342214.0,7.72,-402281.0,-2.31,35069.0,0.2,-867.0,0.635,0.636,342022000.0,217525992,217525992,2026-08-04,2026-08-04 16:11:51+08:00
563800,A500ETF广发,1.208,1.2098,0.15,0.019,1.6,3711317.0,446339278.0,1.191,1.214,1.191,1.189,1.93,4.14,0.79,25.87,1860251.0,1851066.0,-66531922.0,-14.91,-46799867.0,-10.49,-19732055.0,-4.42,61484759.0,13.78,5047163.0,1.13,-4111.0,1.208,1.209,8962978048.0,10827277482,10827277482,2026-08-04,2026-08-04 16:11:33+08:00
563500,A500ETF华宝,0.636,0.6363,0.05,0.01,1.6,377202.0,23901967.0,0.627,0.638,0.627,0.626,1.76,4.81,0.76,6.61,184072.0,193130.0,14816.0,0.06,-2249352.0,-9.41,2264168.0,9.47,117449.0,0.49,-132266.0,-0.55,-31.0,0.635,0.636,783958704.0,498597736,498597736,2026-08-04,2026-08-04 16:11:43+08:00
159907,国证2000ETF广发,1.017,1.0107,-0.62,0.016,1.6,98259.0,9876311.8,1.002,1.017,0.993,1.001,2.4,5.67,0.8,-29.33,70705.0,27554.0,140704.0,1.42,999721.0,10.12,-859017.0,-8.7,-112074.0,-1.13,-28630.0,-0.29,10.0,1.015,1.017,173197694.0,176142055,176142055,2026-08-04,2026-08-04 15:34:42+08:00
159086,金融科技ETF广发,1.082,1.0849,0.27,0.017,1.6,60999.0,6596397.307,1.067,1.088,1.067,1.065,1.97,7.68,0.08,-29.34,26025.0,34974.0,1154010.0,17.49,485762.0,7.36,668248.0,10.13,-1026405.0,-15.56,-127604.0,-1.93,440.0,1.081,1.082,79399823.0,85910608,85910608,2026-08-04,2026-08-04 15:34:39+08:00
159612,标普500ETF国泰,2.028,1.9134,-5.99,0.032,1.6,156762.0,31753353.598,2.016,2.029,2.016,1.996,0.65,3.52,1.4,-63.48,94090.0,62672.0,2097842.0,6.61,0.0,0.0,2097842.0,6.61,718879.0,2.26,-2816721.0,-8.87,-2572.0,2.028,2.029,444898656.0,902254474,902254474,2026-08-04,2026-08-04 15:34:27+08:00
512030,中证A50增强ETF易方达,1.142,1.1416,-0.04,0.018,1.6,27857.0,3181585.0,1.129,1.145,1.129,1.124,1.42,5.66,1.0,-0.37,14866.0,12991.0,257175.0,8.08,0.0,0.0,257175.0,8.08,-226874.0,-7.13,-30300.0,-0.95,509.0,1.14,1.145,49240000.0,56232080,56232080,2026-08-04,2026-08-04 16:11:33+08:00
588860,科创医药ETF工银,0.639,0.6397,0.11,0.01,1.59,141403.0,9051950.0,0.631,0.645,0.631,0.629,2.23,3.71,0.78,-22.25,75874.0,65529.0,167551.0,1.85,-576728.0,-6.37,744279.0,8.22,6243.0,0.07,-173793.0,-1.92,-579.0,0.639,0.64,380889408.0,243388332,243388332,2026-08-04,2026-08-04 16:11:47+08:00
159386,A500ETF永赢,1.275,1.2793,0.34,0.02,1.59,169657.0,21576373.8,1.261,1.28,1.259,1.255,1.67,26.56,1.18,76.24,78547.0,91110.0,-1140330.0,-5.29,-1417919.0,-6.57,277589.0,1.29,1245534.0,5.77,-105204.0,-0.49,649.0,1.277,1.28,63869559.0,81433688,81433688,2026-08-04,2026-08-04 15:34:54+08:00
159049,有色ETF工银,0.961,0.9615,0.05,0.015,1.59,102318.0,9765311.99,0.95,0.964,0.944,0.946,2.11,5.56,1.06,58.35,52869.0,49448.0,835586.0,8.56,1060310.0,10.86,-224724.0,-2.3,-586523.0,-6.01,-249064.0,-2.55,100.0,0.96,0.961,184073319.0,176894460,176894460,2026-08-04,2026-08-04 15:34:12+08:00
159800,中证800ETF鹏华,1.416,1.414,-0.14,0.022,1.58,18557.0,2620752.1,1.399,1.42,1.397,1.394,1.65,6.94,2.05,23.08,10940.0,7617.0,-466834.0,-17.81,0.0,0.0,-466834.0,-17.81,439530.0,16.77,27304.0,1.04,308.0,1.41,1.418,26736802.0,37859312,37859312,2026-08-04,2026-08-04 15:34:27+08:00
561200,中证A100ETF工银,1.484,1.49,0.4,0.023,1.57,13209.0,1950323.0,1.475,1.491,1.47,1.461,1.44,3.95,0.91,-0.5,7184.0,6025.0,503996.0,25.84,0.0,0.0,503996.0,25.84,-428767.0,-21.98,-75229.0,-3.86,-97.0,1.488,1.489,33470500.0,49670222,49670222,2026-08-04,2026-08-04 16:11:39+08:00
563860,中证A500ETF海富通,1.29,1.2906,0.05,0.02,1.57,136418.0,17587857.0,1.275,1.295,1.275,1.27,1.57,7.0,0.72,28.07,65574.0,70844.0,114428.0,0.65,0.0,0.0,114428.0,0.65,383822.0,2.18,-498250.0,-2.83,19.0,1.288,1.29,194844300.0,251349147,251349147,2026-08-04,2026-08-04 16:11:57+08:00
589550,科创价值ETF华夏,1.297,1.2991,0.16,0.02,1.57,13616.0,1756909.0,1.29,1.306,1.281,1.277,1.96,5.38,0.52,10.66,4441.0,9175.0,-37083.0,-2.11,0.0,0.0,-37083.0,-2.11,30838.0,1.76,6246.0,0.36,-215.0,1.297,1.298,25295500.0,32808264,32808264,2026-08-04,2026-08-04 16:11:50+08:00
159686,A100ETF易方达,1.295,1.2974,0.18,0.02,1.57,81826.0,10531601.7,1.286,1.299,1.28,1.275,1.49,9.54,0.61,27.71,34607.0,47219.0,940511.0,8.93,0.0,0.0,940511.0,8.93,-750456.0,-7.13,-190054.0,-1.8,1984.0,1.295,1.296,85815386.0,111130925,111130925,2026-08-04,2026-08-04 15:34:48+08:00
159215,A500ETF平安,1.294,1.2949,0.07,0.02,1.57,188063.0,24296699.9,1.277,1.299,1.275,1.274,1.88,1.94,1.0,-56.61,81985.0,106078.0,1868851.0,7.69,4573871.0,18.83,-2705020.0,-11.13,-798955.0,-3.29,-1069895.0,-4.4,-210.0,1.294,1.295,970582800.0,1255934143,1255934143,2026-08-04,2026-08-04 15:34:39+08:00
159160,电池ETF东财,0.839,0.8385,-0.06,0.013,1.57,260147.0,21741969.234,0.829,0.842,0.824,0.826,2.18,10.5,0.95,-29.49,156211.0,103936.0,4089819.0,18.81,4147801.0,19.08,-57982.0,-0.27,-2478122.0,-11.4,-1611697.0,-7.41,1918.0,0.838,0.839,247819254.0,207920354,207920354,2026-08-04,2026-08-04 15:34:18+08:00
512370,A500增强ETF华夏,1.17,1.1689,-0.09,0.018,1.56,39002.0,4564015.0,1.16,1.177,1.154,1.152,2.0,1.21,0.95,8.38,24696.0,14306.0,263694.0,5.78,1889603.0,41.4,-1625909.0,-35.62,42664.0,0.93,-306357.0,-6.71,80.0,1.167,1.171,323313008.0,378276219,378276219,2026-08-04,2026-08-04 16:11:59+08:00
512810,军工ETF华宝,0.649,0.6473,-0.26,0.01,1.56,561000.0,36130050.0,0.637,0.65,0.637,0.639,2.03,5.37,0.93,-0.91,320814.0,240186.0,5159196.0,14.28,6117872.0,16.93,-958676.0,-2.65,-4139873.0,-11.46,-1019324.0,-2.82,-2938.0,0.648,0.649,1045583504.0,678583694,678583694,2026-08-04,2026-08-04 16:11:57+08:00
516290,光伏ETF汇添富,0.522,0.5222,0.04,0.008,1.56,285980.0,14856984.0,0.515,0.523,0.515,0.514,1.56,3.8,0.92,11.91,121236.0,164744.0,269628.0,1.81,525778.0,3.54,-256150.0,-1.72,4595.0,0.03,-274223.0,-1.85,-2634.0,0.521,0.522,753196896.0,393168780,393168780,2026-08-04,2026-08-04 16:11:40+08:00
159871,有色ETF银华,0.915,0.9127,-0.25,0.014,1.55,339112.0,30847618.414,0.902,0.917,0.9,0.901,1.89,3.09,1.06,47.61,204264.0,134847.0,-3017376.0,-9.78,-3022842.0,-9.8,5466.0,0.02,-1232108.0,-3.99,4249486.0,13.78,-3911.0,0.915,0.916,1097232512.0,1003967748,1003967748,2026-08-04,2026-08-04 15:34:03+08:00
159376,A500ETF浦银,1.313,1.3131,0.01,0.02,1.55,37893.0,4962901.5,1.3,1.318,1.3,1.293,1.39,6.54,0.64,61.75,20513.0,17380.0,-13862.0,-0.28,2434900.0,49.06,-2448762.0,-49.34,37570.0,0.76,-23708.0,-0.48,70.0,1.308,1.315,57922317.0,76052002,76052002,2026-08-04,2026-08-04 15:34:24+08:00
159875,新能源ETF嘉实,0.589,0.5879,-0.19,0.009,1.55,711340.0,41711529.8,0.58,0.591,0.58,0.58,1.9,2.64,0.61,-5.58,481539.0,229801.0,1989958.0,4.77,-2047922.0,-4.91,4037880.0,9.68,-1170636.0,-2.81,-819322.0,-1.96,6229.0,0.588,0.589,2694162896.0,1586861946,1586861946,2026-08-04,2026-08-04 15:34:09+08:00
159377,创业板医药ETF国泰,0.987,0.9873,0.03,0.015,1.54,140848.0,13904509.6,0.98,0.995,0.98,0.972,1.54,8.96,1.01,-72.8,70514.0,70334.0,-66287.0,-0.48,-470201.0,-3.38,403914.0,2.9,506692.0,3.64,-440405.0,-3.17,1183.0,0.986,0.987,157129399.0,155086717,155086717,2026-08-04,2026-08-04 15:34:15+08:00
159163,有色ETF泰康,0.723,0.7231,0.01,0.011,1.54,46177.0,3320604.9,0.712,0.725,0.708,0.712,2.39,1.71,0.65,-49.55,31772.0,14405.0,432400.0,13.02,100757.0,3.03,331643.0,9.99,-421111.0,-12.68,-11289.0,-0.34,7.0,0.722,0.723,270807008.0,195793467,195793467,2026-08-04,2026-08-04 15:34:51+08:00
588250,科创医药ETF鹏华,0.998,0.9981,0.01,0.015,1.53,80815.0,8064378.0,0.98,1.006,0.98,0.983,2.64,2.56,1.03,-17.84,50845.0,29970.0,-78436.0,-0.97,-267432.0,-3.32,188996.0,2.34,316291.0,3.92,-237855.0,-2.95,-324.0,0.998,0.999,315675008.0,315043658,315043658,2026-08-04,2026-08-04 16:11:40+08:00
515800,中证800ETF汇添富,1.272,1.2728,0.06,0.019,1.52,614077.0,77781813.0,1.256,1.278,1.256,1.253,1.76,1.5,0.76,3.37,303090.0,310987.0,-595210.0,-0.77,-8733494.0,-11.23,8138284.0,10.46,1272270.0,1.64,-677059.0,-0.87,-301.0,1.271,1.272,4087937200.0,5199856118,5199856118,2026-08-04,2026-08-04 16:11:36+08:00
561160,电池ETF富国,0.733,0.732,-0.14,0.011,1.52,734445.0,53636909.0,0.723,0.737,0.719,0.722,2.49,3.07,0.73,6.26,365298.0,369147.0,-6440739.0,-12.01,-666115.0,-1.24,-5774624.0,-10.77,3606578.0,6.72,2834161.0,5.28,-4253.0,0.732,0.733,2388835008.0,1751016061,1751016061,2026-08-04,2026-08-04 16:11:39+08:00
520500,恒生创新药ETF华泰柏瑞,1.341,1.346,0.37,0.02,1.51,10180761.0,1368320161.0,1.333,1.36,1.333,1.321,2.04,43.59,1.1,-13.84,5146645.0,5034116.0,20782256.0,1.52,-8544064.0,-0.62,29326320.0,2.14,-18705168.0,-1.37,-2077114.0,-0.15,-31882.0,1.341,1.342,2335805008.0,3132314516,3132314516,2026-08-04,2026-08-04 16:11:33+08:00
159240,A500增强ETF天弘,1.285,1.2872,0.17,0.019,1.5,17689.0,2266495.1,1.273,1.29,1.272,1.266,1.42,7.49,0.85,8.36,8662.0,9027.0,225681.0,9.96,0.0,0.0,225681.0,9.96,33392.0,1.47,-259073.0,-11.43,-150.0,1.285,1.289,23619776.0,30351412,30351412,2026-08-04,2026-08-04 15:34:39+08:00
515810,中证800ETF易方达,1.689,1.6874,-0.09,0.025,1.5,46776.0,7852522.0,1.664,1.695,1.664,1.664,1.86,1.62,0.66,17.02,20954.0,25822.0,-38463.0,-0.49,954261.0,12.15,-992724.0,-12.64,181516.0,2.31,-143053.0,-1.82,-2.0,1.685,1.689,287908800.0,486277963,486277963,2026-08-04,2026-08-04 16:11:46+08:00
515250,智能汽车ETF富国,0.95,0.9475,-0.26,0.014,1.5,141109.0,13271329.0,0.936,0.952,0.931,0.936,2.24,4.08,0.61,-3.11,75034.0,66075.0,93679.0,0.71,942.0,0.01,92737.0,0.7,388302.0,2.93,-481981.0,-3.63,-863.0,0.95,0.951,345944496.0,328647271,328647271,2026-08-04,2026-08-04 16:11:51+08:00
560790,软件ETF鹏华,0.886,0.8874,0.16,0.013,1.49,88362.0,7825521.0,0.873,0.894,0.873,0.873,2.41,4.01,1.44,-22.18,45144.0,43218.0,685842.0,8.76,1616091.0,20.65,-930249.0,-11.89,-625261.0,-7.99,-60581.0,-0.77,-1148.0,0.886,0.887,220455900.0,195323927,195323927,2026-08-04,2026-08-04 16:11:34+08:00
560910,电池ETF华泰柏瑞,0.756,0.756,0.0,0.011,1.48,136050.0,10266175.0,0.747,0.76,0.744,0.745,2.15,6.49,0.72,-5.14,70713.0,65337.0,363057.0,3.54,30394.0,0.3,332663.0,3.24,-370013.0,-3.6,6956.0,0.07,-276.0,0.754,0.756,209721000.0,158549076,158549076,2026-08-04,2026-08-04 16:12:00+08:00
159517,中证800增强ETF银华,1.307,1.3095,0.19,0.019,1.48,21307.0,2764342.4,1.285,1.313,1.285,1.288,2.17,18.15,0.76,73.94,14925.0,6382.0,146592.0,5.3,0.0,0.0,146592.0,5.3,-160963.0,-5.82,14371.0,0.52,-2.0,1.308,1.312,11742624.0,15347610,15347610,2026-08-04,2026-08-04 15:34:42+08:00
159923,中证A100ETF大成,2.192,2.1956,0.16,0.032,1.48,7215.0,1576036.4,2.17,2.197,2.167,2.16,1.39,6.39,0.23,9.53,1507.0,5708.0,-863876.0,-54.81,0.0,0.0,-863876.0,-54.81,882739.0,56.01,-18864.0,-1.2,37.0,2.183,2.192,11285812.0,24738500,24738500,2026-08-04,2026-08-04 15:34:24+08:00
159661,A100ETF嘉实,1.439,1.4434,0.3,0.021,1.48,21634.0,3101178.7,1.43,1.443,1.428,1.418,1.06,8.42,0.49,3.38,9252.0,12382.0,316990.0,10.22,0.0,0.0,316990.0,10.22,-263316.0,-8.49,-53673.0,-1.73,1000.0,1.439,1.445,25708213.0,36994119,36994119,2026-08-04,2026-08-04 15:34:00+08:00
159645,疫苗ETF富国,0.617,0.6166,-0.06,0.009,1.48,11066.0,685916.6,0.609,0.622,0.609,0.608,2.14,1.77,0.5,-69.69,8908.0,2158.0,-82103.0,-11.97,-62637.0,-9.13,-19466.0,-2.84,113102.0,16.49,-30999.0,-4.52,810.0,0.615,0.618,62540740.0,38587637,38587637,2026-08-04,2026-08-04 15:34:54+08:00
563030,中证500增强ETF易方达,1.514,1.515,0.07,0.022,1.47,37814.0,5719892.0,1.492,1.524,1.492,1.492,2.14,3.05,1.1,18.61,17830.0,19984.0,-454444.0,-7.94,0.0,0.0,-454444.0,-7.94,616068.0,10.77,-161623.0,-2.83,-50.0,1.514,1.515,124169000.0,187991866,187991866,2026-08-04,2026-08-04 16:12:00+08:00
516180,光伏ETF平安,0.696,0.6969,0.13,0.01,1.46,56429.0,3910613.0,0.69,0.698,0.687,0.686,1.6,3.64,0.44,0.64,29000.0,27429.0,281794.0,7.21,0.0,0.0,281794.0,7.21,-196351.0,-5.02,-85443.0,-2.18,-52.0,0.696,0.697,154987000.0,107870952,107870952,2026-08-04,2026-08-04 16:11:43+08:00
562860,疫苗ETF嘉实,0.628,0.6282,0.03,0.009,1.45,147631.0,9286675.0,0.621,0.632,0.621,0.619,1.78,4.54,1.0,4.81,90865.0,56766.0,532969.0,5.74,-71302.0,-0.77,604271.0,6.51,-429236.0,-4.62,-103735.0,-1.12,2784.0,0.627,0.629,324895008.0,204034065,204034065,2026-08-04,2026-08-04 16:11:39+08:00
159609,光伏ETF浦银,0.489,0.49,0.2,0.007,1.45,113043.0,5508007.2,0.483,0.49,0.483,0.482,1.45,3.56,0.68,-31.83,71533.0,41510.0,268249.0,4.87,914980.0,16.61,-646731.0,-11.74,-256413.0,-4.66,-11835.0,-0.21,711.0,0.488,0.489,317903408.0,155454767,155454767,2026-08-04,2026-08-04 15:34:12+08:00
159631,A100ETF招商,1.259,1.2632,0.33,0.018,1.45,30867.0,3882545.6,1.249,1.265,1.248,1.241,1.37,7.85,0.96,0.94,8069.0,22798.0,196061.0,5.05,-629500.0,-16.21,825561.0,21.26,-215769.0,-5.56,19709.0,0.51,1.0,1.254,1.264,39332605.0,49519750,49519750,2026-08-04,2026-08-04 15:34:45+08:00
512560,军工ETF易方达,0.702,0.7005,-0.21,0.01,1.45,866662.0,60467104.0,0.69,0.704,0.69,0.692,2.02,8.43,0.91,-5.32,513031.0,353631.0,-90363.0,-0.15,2364803.0,3.91,-2455166.0,-4.06,262789.0,0.43,-172427.0,-0.29,-7954.0,0.702,0.703,1028127008.0,721745160,721745160,2026-08-04,2026-08-04 16:11:45+08:00
512460,电池ETF华夏,0.847,0.8466,-0.05,0.012,1.44,250940.0,21183060.0,0.835,0.851,0.832,0.835,2.28,8.21,1.24,9.53,135115.0,115825.0,1563725.0,7.38,2354820.0,11.12,-791095.0,-3.73,-975809.0,-4.61,-587916.0,-2.78,-3314.0,0.846,0.847,305823008.0,259032088,259032088,2026-08-04,2026-08-04 16:11:51+08:00
159379,A500ETF融通,1.343,1.3477,0.35,0.019,1.44,11954.0,1600654.2,1.333,1.347,1.33,1.324,1.28,0.74,0.32,97.69,8353.0,3601.0,153347.0,9.58,0.0,0.0,153347.0,9.58,-219532.0,-13.72,66185.0,4.13,-583.0,1.333,1.351,161821471.0,217326236,217326236,2026-08-04,2026-08-04 15:34:12+08:00
159863,光伏ETF鹏华,0.563,0.5644,0.25,0.008,1.44,60693.0,3397324.1,0.555,0.565,0.555,0.555,1.8,1.94,0.85,-26.65,30312.0,30381.0,723094.0,21.28,640455.0,18.85,82639.0,2.43,-387773.0,-11.41,-335323.0,-9.87,236.0,0.562,0.563,312729360.0,176066630,176066630,2026-08-04,2026-08-04 15:34:57+08:00
516090,新能源ETF易方达,0.493,0.4911,-0.39,0.007,1.44,596301.0,29248517.0,0.489,0.494,0.485,0.486,1.85,3.43,0.62,-49.63,321934.0,274367.0,937328.0,3.2,3924767.0,13.42,-2987439.0,-10.21,-961860.0,-3.29,24532.0,0.08,-3283.0,0.492,0.493,1738844800.0,857250486,857250486,2026-08-04,2026-08-04 16:11:54+08:00
515090,可持续发展ETF博时,1.412,1.4074,-0.33,0.02,1.44,17691.0,2494848.0,1.4,1.414,1.4,1.392,1.01,16.38,1.01,20.17,13505.0,4186.0,-434142.0,-17.4,1083465.0,43.43,-1517607.0,-60.83,219691.0,8.81,214450.0,8.6,100.0,1.408,1.411,10801700.0,15252000,15252000,2026-08-04,2026-08-04 16:11:56+08:00
560290,有色ETF景顺,0.779,0.7789,-0.01,0.011,1.43,71015.0,5503802.0,0.769,0.782,0.767,0.768,1.95,1.8,1.1,-2.14,34354.0,36661.0,1077824.0,19.58,7710.0,0.14,1070114.0,19.44,-463602.0,-8.42,-614223.0,-11.16,-70.0,0.779,0.78,393694000.0,306687626,306687626,2026-08-04,2026-08-04 16:11:59+08:00
563000,中国A50ETF易方达,1.135,1.1359,0.08,0.016,1.43,145525.0,16446089.0,1.119,1.138,1.119,1.119,1.7,0.9,0.72,6.03,76296.0,69229.0,1320604.0,8.03,718770.0,4.37,601834.0,3.66,-906147.0,-5.51,-414457.0,-2.52,-1.0,1.134,1.135,1613451104.0,1831267003,1831267003,2026-08-04,2026-08-04 16:11:51+08:00
561920,疫苗ETF招商,0.637,0.636,-0.16,0.009,1.43,5221.0,332279.0,0.63,0.64,0.63,0.628,1.59,1.25,0.3,17.55,3713.0,1508.0,44223.0,13.31,14121.0,4.25,30102.0,9.06,-21476.0,-6.46,-22747.0,-6.85,4.0,0.636,0.637,41692000.0,26557804,26557804,2026-08-04,2026-08-04 16:11:55+08:00
159690,有色矿业ETF招商,1.856,1.8573,0.07,0.026,1.42,78916.0,14562196.6,1.83,1.862,1.826,1.83,1.97,2.74,0.81,39.09,41560.0,37356.0,1939173.0,13.32,1770681.0,12.16,168492.0,1.16,-385696.0,-2.65,-1553477.0,-10.67,-115.0,1.856,1.858,288163984.0,534832354,534832354,2026-08-04,2026-08-04 15:34:36+08:00
530380,上证380ETF易方达,1.073,1.0726,-0.04,0.015,1.42,14938.0,1597302.0,1.059,1.08,1.059,1.058,1.98,1.08,0.51,-1.48,9356.0,5582.0,-429320.0,-26.88,0.0,0.0,-429320.0,-26.88,469915.0,29.42,-40595.0,-2.54,-1.0,1.072,1.076,138705000.0,148830465,148830465,2026-08-04,2026-08-04 16:11:34+08:00
512870,杭州湾区ETF南华,1.426,1.427,0.07,0.02,1.42,1076.0,153026.0,1.401,1.431,1.401,1.406,2.13,0.53,1.06,71.68,604.0,472.0,85347.0,55.77,0.0,0.0,85347.0,55.77,-105717.0,-69.08,20369.0,13.31,-131.0,1.426,1.427,20410600.0,29105516,29105516,2026-08-04,2026-08-04 16:12:00+08:00
516880,光伏ETF银华,0.715,0.7165,0.21,0.01,1.42,217306.0,15474084.0,0.709,0.719,0.707,0.705,1.7,2.32,1.02,-2.65,123637.0,93669.0,-281710.0,-1.82,-1537375.0,-9.94,1255665.0,8.11,111635.0,0.72,170075.0,1.1,-1805.0,0.715,0.716,937944096.0,670630029,670630029,2026-08-04,2026-08-04 16:11:52+08:00
512080,A500ETF中金,1.292,1.2933,0.1,0.018,1.41,248128.0,32013552.0,1.282,1.299,1.281,1.274,1.41,3.89,0.79,0.49,131708.0,116420.0,3479312.0,10.87,-139572.0,-0.44,3618884.0,11.3,-3624752.0,-11.32,145441.0,0.45,464.0,1.292,1.294,638186096.0,824536436,824536436,2026-08-04,2026-08-04 16:11:42+08:00
520880,港股通创新药ETF华宝,0.433,0.4327,-0.07,0.006,1.41,8617438.0,373972388.0,0.43,0.438,0.43,0.427,1.87,16.75,0.99,-50.17,4271573.0,4345865.0,567264.0,0.15,4220319.0,1.13,-3653055.0,-0.98,-1284681.0,-0.34,717417.0,0.19,-16907.0,0.432,0.433,5145617920.0,2228052559,2228052559,2026-08-04,2026-08-04 16:11:55+08:00
159876,有色ETF华宝,0.932,0.9317,-0.03,0.013,1.41,618955.0,57512617.2,0.92,0.935,0.917,0.919,1.96,3.82,0.67,-11.83,316918.0,302037.0,-8921081.0,-15.51,-6433937.0,-11.19,-2487144.0,-4.32,4298908.0,7.47,4622173.0,8.04,-1726.0,0.932,0.933,1620577024.0,1510377786,1510377786,2026-08-04,2026-08-04 15:34:12+08:00
159029,有色ETF广发,0.869,0.8685,-0.06,0.012,1.4,132597.0,11459843.917,0.857,0.871,0.855,0.857,1.87,3.68,0.9,30.7,78227.0,54370.0,2208734.0,19.27,2967694.0,25.9,-758960.0,-6.62,-1810557.0,-15.8,-398175.0,-3.47,-1801.0,0.869,0.87,360127712.0,312950982,312950982,2026-08-04,2026-08-04 15:34:57+08:00
159570,港股通创新药ETF汇添富,1.374,1.374,0.0,0.019,1.4,14950334.0,2055039889.746,1.371,1.393,1.366,1.355,1.99,8.61,1.11,-29.6,7600342.0,7349993.0,-27401760.0,-1.33,-40591616.0,-1.98,13189856.0,0.64,20539248.0,1.0,6862498.0,0.33,67225.0,1.373,1.374,17371597056.0,23868574355,23868574355,2026-08-04,2026-08-04 15:34:18+08:00
516270,新能源ETF华安,0.58,0.5799,-0.02,0.008,1.4,163243.0,9444011.0,0.573,0.582,0.572,0.572,1.75,5.67,1.15,-5.57,85210.0,78033.0,919556.0,9.74,1417594.0,15.01,-498038.0,-5.27,-714838.0,-7.57,-204717.0,-2.17,-1197.0,0.58,0.581,287909008.0,166987225,166987225,2026-08-04,2026-08-04 16:11:48+08:00
159602,中国A50ETF南方,1.094,1.0931,-0.08,0.015,1.39,51029.0,5555267.395,1.075,1.097,1.075,1.079,2.04,1.24,0.56,-3.18,21016.0,30013.0,1905.0,0.03,2012.0,0.04,-107.0,0.0,90917.0,1.64,-92822.0,-1.67,1777.0,1.091,1.095,412542944.0,451321981,451321981,2026-08-04,2026-08-04 15:34:45+08:00
516160,新能源ETF南方,2.485,2.4793,-0.23,0.034,1.39,856689.0,211622213.0,2.448,2.493,2.448,2.451,1.84,5.56,1.11,-36.94,541387.0,315302.0,-22252788.0,-10.52,8112030.0,3.83,-30364818.0,-14.35,6324510.0,2.99,15928278.0,7.53,-2313.0,2.485,2.486,1539642000.0,3826010370,3826010370,2026-08-04,2026-08-04 16:11:58+08:00
159567,港股创新药ETF银华,0.663,0.6643,0.2,0.009,1.38,14262882.0,947949750.407,0.66,0.672,0.66,0.654,1.83,12.94,1.09,-21.74,7272005.0,6990877.0,5296.0,0.0,6443632.0,0.68,-6438336.0,-0.68,-335734.0,-0.04,330444.0,0.03,92062.0,0.662,0.663,11024729856.0,7309395895,7309395895,2026-08-04,2026-08-04 15:34:06+08:00
515590,500等权ETF前海开源,1.906,1.9111,0.27,0.026,1.38,4448.0,843954.0,1.894,1.916,1.887,1.88,1.54,1.23,0.43,19.67,1728.0,2720.0,340561.0,40.35,0.0,0.0,340561.0,40.35,-350715.0,-41.56,10155.0,1.2,-1049.0,1.9,1.906,36113700.0,68832712,68832712,2026-08-04,2026-08-04 16:11:53+08:00
517360,沪港深科技ETF华安,0.956,0.9608,0.5,0.013,1.38,1939.0,185093.0,0.948,0.958,0.948,0.943,1.06,0.73,0.7,-22.49,1645.0,294.0,25266.0,13.65,0.0,0.0,25266.0,13.65,6148.0,3.32,-31413.0,-16.97,-1435.0,0.956,0.957,26583000.0,25413348,25413348,2026-08-04,2026-08-04 16:11:42+08:00
159226,中证A500增强ETF国泰,1.262,1.2658,0.3,0.017,1.37,116080.0,14643918.7,1.249,1.27,1.249,1.245,1.69,9.91,0.76,-19.91,61494.0,54586.0,3093307.0,21.12,3051976.0,20.84,41331.0,0.28,-2027016.0,-13.84,-1066292.0,-7.28,-400.0,1.262,1.263,117094840.0,147773688,147773688,2026-08-04,2026-08-04 15:34:24+08:00
517770,游戏传媒ETF浦银,0.96,0.9653,0.55,0.013,1.37,184295.0,17498882.0,0.954,0.96,0.935,0.947,2.64,10.84,1.31,-13.38,96770.0,87525.0,130784.0,0.75,-3214730.0,-18.37,3345514.0,19.12,72000.0,0.41,-202783.0,-1.16,-2388.0,0.959,0.96,169947800.0,163149888,163149888,2026-08-04,2026-08-04 16:11:44+08:00
159795,智能汽车ETF汇添富,0.89,0.889,-0.11,0.012,1.37,30543.0,2695978.9,0.878,0.893,0.874,0.878,2.16,11.67,0.94,54.93,8531.0,22012.0,94320.0,3.5,0.0,0.0,94320.0,3.5,-8664.0,-0.32,-85656.0,-3.18,-218.0,0.89,0.893,26169473.0,23290831,23290831,2026-08-04,2026-08-04 15:34:39+08:00
561770,A100ETF博时,1.265,1.2685,0.28,0.017,1.36,13062.0,1647118.0,1.255,1.272,1.255,1.248,1.36,3.48,0.55,13.99,4278.0,8784.0,-109122.0,-6.63,0.0,0.0,-109122.0,-6.63,120069.0,7.29,-10946.0,-0.66,-17.0,1.264,1.269,37550000.0,47500750,47500750,2026-08-04,2026-08-04 16:11:37+08:00
159359,A500ETF华安,1.268,1.2696,0.13,0.017,1.36,251943.0,31842283.5,1.251,1.274,1.251,1.251,1.84,3.58,0.79,-16.79,133615.0,118328.0,-30800.0,-0.1,4509783.0,14.16,-4540583.0,-14.26,310859.0,0.98,-280058.0,-0.88,-60.0,1.267,1.268,704140432.0,892850068,892850068,2026-08-04,2026-08-04 15:34:06+08:00
512660,军工ETF国泰,1.116,1.116,0.0,0.015,1.36,2507694.0,278521546.0,1.102,1.12,1.1,1.101,1.82,4.24,0.86,-13.58,1242660.0,1265034.0,28812570.0,10.34,46853511.0,16.82,-18040941.0,-6.48,-13020983.0,-4.68,-15791588.0,-5.67,-11825.0,1.116,1.117,5915079936.0,6601229209,6601229209,2026-08-04,2026-08-04 16:11:39+08:00
560950,中证500增强ETF汇添富,1.343,1.3428,-0.01,0.018,1.36,4270.0,570581.0,1.328,1.351,1.328,1.325,1.74,2.44,1.11,17.1,417.0,3853.0,-62874.0,-11.02,0.0,0.0,-62874.0,-11.02,71717.0,12.57,-8843.0,-1.55,-55.0,1.343,1.344,17483000.0,23479669,23479669,2026-08-04,2026-08-04 16:11:59+08:00
159262,港股通科技ETF广发,0.896,0.8967,0.08,0.012,1.36,5495216.0,489805796.6,0.89,0.901,0.885,0.884,1.81,9.3,1.13,-11.98,2931388.0,2563828.0,-15460172.0,-3.16,-8796684.0,-1.8,-6663488.0,-1.36,13659189.0,2.79,1800982.0,0.37,12315.0,0.895,0.896,5909220608.0,5294661665,5294661665,2026-08-04,2026-08-04 15:34:39+08:00
159889,智能汽车ETF国泰,0.901,0.902,0.11,0.012,1.35,14595.0,1309423.6,0.894,0.906,0.886,0.889,2.25,5.14,1.12,55.99,5032.0,9563.0,102002.0,7.79,-178367.0,-13.62,280369.0,21.41,-151717.0,-11.59,49716.0,3.8,-17.0,0.902,0.905,28400796.0,25589117,25589117,2026-08-04,2026-08-04 15:34:30+08:00
159752,新能源ETF申万菱信,0.599,0.5992,0.03,0.008,1.35,51832.0,3092985.7,0.591,0.601,0.591,0.591,1.69,1.22,0.39,-64.97,33994.0,17838.0,320290.0,10.36,-156982.0,-5.08,477272.0,15.43,-250644.0,-8.1,-69645.0,-2.25,-455.0,0.599,0.6,423958912.0,253951388,253951388,2026-08-04,2026-08-04 15:34:39+08:00
562970,光伏ETF易方达,0.983,0.9805,-0.25,0.013,1.34,170103.0,16621934.0,0.971,0.984,0.967,0.97,1.75,4.73,0.99,-9.3,110010.0,60093.0,-836837.0,-5.03,-1149650.0,-6.92,312813.0,1.88,779066.0,4.69,57770.0,0.35,-651.0,0.983,0.984,359448000.0,353337384,353337384,2026-08-04,2026-08-04 16:11:53+08:00
159601,A50ETF华夏,1.131,1.1305,-0.04,0.015,1.34,535993.0,60312464.8,1.121,1.134,1.12,1.116,1.25,3.76,0.84,-36.14,278726.0,257267.0,4134950.0,6.86,1052050.0,1.74,3082900.0,5.11,-3552847.0,-5.89,-582104.0,-0.97,532.0,1.13,1.131,1427188080.0,1614149718,1614149718,2026-08-04,2026-08-04 15:34:51+08:00
516520,智能驾驶ETF华泰柏瑞,1.069,1.0667,-0.22,0.014,1.33,350403.0,37163184.0,1.056,1.072,1.048,1.055,2.27,4.3,0.69,-13.62,180474.0,169929.0,-6644810.0,-17.88,-1835978.0,-4.94,-4808832.0,-12.94,7509991.0,20.21,-865180.0,-2.33,-1651.0,1.069,1.07,815765504.0,872053324,872053324,2026-08-04,2026-08-04 16:11:59+08:00
512680,军工ETF广发,1.143,1.1424,-0.05,0.015,1.33,437674.0,49764298.0,1.132,1.147,1.126,1.128,1.86,1.38,0.8,-1.29,241566.0,196108.0,2665749.0,5.36,3276996.0,6.59,-611247.0,-1.23,-2002666.0,-4.02,-663084.0,-1.33,-2559.0,1.142,1.143,3182530096.0,3637631900,3637631900,2026-08-04,2026-08-04 16:11:46+08:00
516850,新能源ETF华夏,0.914,0.9116,-0.26,0.012,1.33,143751.0,13063809.0,0.907,0.922,0.902,0.902,2.22,9.76,0.83,-2.52,81328.0,62423.0,-75545.0,-0.58,1287063.0,9.85,-1362608.0,-10.43,124245.0,0.95,-48700.0,-0.37,-284.0,0.913,0.914,147237000.0,134574618,134574618,2026-08-04,2026-08-04 16:11:38+08:00
159565,汽车零部件ETF易方达,1.309,1.3047,-0.33,0.017,1.32,178737.0,23197051.2,1.294,1.311,1.283,1.292,2.17,12.19,0.84,-16.13,97672.0,81065.0,1633412.0,7.04,1245738.0,5.37,387674.0,1.67,-1027167.0,-4.43,-606245.0,-2.61,-85.0,1.309,1.31,146627231.0,191935045,191935045,2026-08-04,2026-08-04 15:34:24+08:00
516650,有色金属ETF华夏,1.767,1.7636,-0.19,0.023,1.32,784726.0,137697359.0,1.744,1.771,1.738,1.744,1.89,1.49,0.86,-10.71,516021.0,268705.0,-7886685.0,-5.73,-4350497.0,-3.16,-3536188.0,-2.57,5408017.0,3.93,2478669.0,1.8,-3214.0,1.766,1.767,5255464704.0,9286406132,9286406132,2026-08-04,2026-08-04 16:11:36+08:00
159593,中证A50ETF平安,1.385,1.3839,-0.08,0.018,1.32,315621.0,43455784.7,1.371,1.385,1.371,1.367,1.02,1.65,0.75,43.37,163301.0,152320.0,971901.0,2.24,2574576.0,5.92,-1602675.0,-3.69,-445389.0,-1.02,-526513.0,-1.21,1668.0,1.383,1.385,1910196048.0,2645621526,2645621526,2026-08-04,2026-08-04 15:34:03+08:00
560410,电池ETF鹏华,0.843,0.8436,0.07,0.011,1.32,19308.0,1621969.0,0.833,0.848,0.824,0.832,2.88,2.93,0.85,2.41,10057.0,9251.0,292171.0,18.01,260278.0,16.05,31893.0,1.97,-118528.0,-7.31,-173643.0,-10.71,-10.0,0.842,0.843,65786100.0,55457682,55457682,2026-08-04,2026-08-04 16:11:35+08:00
159297,港股通创新药ETF南方,0.695,0.6944,-0.09,0.009,1.31,3757634.0,261785369.028,0.691,0.705,0.691,0.686,2.04,9.71,1.32,-34.73,1898568.0,1859066.0,-1207333.0,-0.46,1029191.0,0.39,-2236524.0,-0.85,-240680.0,-0.09,1448012.0,0.55,5368.0,0.694,0.695,3870418640.0,2689940955,2689940955,2026-08-04,2026-08-04 15:34:39+08:00
561000,沪深300增强ETF华安,1.313,1.3149,0.14,0.017,1.31,54520.0,7144404.0,1.3,1.317,1.299,1.296,1.39,9.1,1.07,-10.8,28918.0,25602.0,494887.0,6.93,0.0,0.0,494887.0,6.93,-243404.0,-3.41,-251482.0,-3.52,-779.0,1.313,1.314,59920000.0,78674960,78674960,2026-08-04,2026-08-04 16:11:46+08:00
563320,通用航空ETF华泰柏瑞,0.853,0.8521,-0.11,0.011,1.31,127289.0,10833891.0,0.844,0.856,0.842,0.842,1.66,5.61,0.97,-1.9,66130.0,61159.0,887971.0,8.2,2356307.0,21.75,-1468336.0,-13.55,-586445.0,-5.41,-301527.0,-2.78,-2405.0,0.853,0.854,226892000.0,193538876,193538876,2026-08-04,2026-08-04 16:11:53+08:00
516230,光伏ETF招商,0.775,0.7752,0.03,0.01,1.31,103265.0,8008208.0,0.766,0.777,0.765,0.765,1.57,1.42,0.98,-8.85,60763.0,42502.0,-281505.0,-3.52,0.0,0.0,-281505.0,-3.52,223495.0,2.79,58008.0,0.72,-26.0,0.775,0.777,728921008.0,564913781,564913781,2026-08-04,2026-08-04 16:11:52+08:00
159767,电池龙头ETF兴银,0.773,0.7719,-0.14,0.01,1.31,45617.0,3510928.7,0.766,0.775,0.762,0.763,1.7,1.83,0.77,-54.01,26407.0,19210.0,283534.0,8.08,943206.0,26.86,-659672.0,-18.79,-152426.0,-4.34,-131109.0,-3.73,661.0,0.771,0.773,248873672.0,192379348,192379348,2026-08-04,2026-08-04 15:34:15+08:00
510390,沪深300ETF平安,5.268,5.2665,-0.03,0.068,1.31,160170.0,84242451.0,5.217,5.296,5.217,5.2,1.52,12.65,12.44,32.14,94089.0,66081.0,-34308291.0,-40.73,-13202420.0,-15.67,-21105871.0,-25.05,35271638.0,41.87,-963347.0,-1.14,3.0,5.257,5.268,126650000.0,667192200,667192200,2026-08-04,2026-08-04 16:11:33+08:00
520690,港股创新药ETF博时,0.702,0.7016,-0.06,0.009,1.3,1322375.0,93139328.0,0.698,0.712,0.698,0.693,2.02,18.99,1.01,-31.77,632436.0,689939.0,-689389.0,-0.74,3120161.0,3.35,-3809550.0,-4.09,187409.0,0.2,501981.0,0.54,-10937.0,0.701,0.702,696454000.0,488910708,488910708,2026-08-04,2026-08-04 16:11:40+08:00
512240,A50ETF鹏华,1.173,1.1766,0.31,0.015,1.3,16949.0,1982075.0,1.166,1.178,1.164,1.158,1.21,8.4,0.69,12.14,9304.0,7645.0,655342.0,33.06,0.0,0.0,655342.0,33.06,-551591.0,-27.83,-103750.0,-5.23,-30.0,1.172,1.175,20186000.0,23678178,23678178,2026-08-04,2026-08-04 16:11:43+08:00
560470,有色ETF易方达,0.861,0.861,0.0,0.011,1.29,146183.0,12558937.0,0.85,0.866,0.848,0.85,2.12,4.59,1.47,-11.32,105261.0,40922.0,-735407.0,-5.86,-1033508.0,-8.23,298101.0,2.37,522546.0,4.16,212861.0,1.69,-707.0,0.86,0.861,318340000.0,274090740,274090740,2026-08-04,2026-08-04 16:12:01+08:00
563630,A500增强ETF国联安,1.256,1.2592,0.25,0.016,1.29,22801.0,2851130.0,1.245,1.261,1.243,1.24,1.45,4.96,0.45,-6.71,19191.0,3610.0,-17356.0,-0.61,0.0,0.0,-17356.0,-0.61,91093.0,3.19,-73737.0,-2.59,-1790.0,1.255,1.256,45947100.0,57709558,57709558,2026-08-04,2026-08-04 16:11:49+08:00
159518,标普油气ETF嘉实,1.179,1.1792,0.02,0.015,1.29,3082023.0,363145163.573,1.175,1.184,1.172,1.164,1.03,18.71,0.62,-12.53,1611735.0,1470288.0,1276705.0,0.35,1172327.0,0.32,104378.0,0.03,5563000.0,1.53,-6839705.0,-1.88,27015.0,1.178,1.179,1647325376.0,1942196618,1942196618,2026-08-04,2026-08-04 15:34:09+08:00
159864,光伏ETF国泰,0.55,0.551,0.18,0.007,1.29,148719.0,8139005.4,0.543,0.552,0.542,0.543,1.84,2.3,0.56,-69.86,83997.0,64722.0,542836.0,6.67,194701.0,2.39,348135.0,4.28,-431587.0,-5.3,-111248.0,-1.37,546.0,0.549,0.55,647526832.0,356139758,356139758,2026-08-04,2026-08-04 15:34:00+08:00
159643,疫苗ETF国泰,0.554,0.5541,0.02,0.007,1.28,78484.0,4354646.2,0.554,0.559,0.547,0.547,2.19,3.05,1.0,38.66,50805.0,27679.0,-201506.0,-4.63,109812.0,2.52,-311318.0,-7.15,271259.0,6.23,-69753.0,-1.6,75.0,0.553,0.554,257390617.0,142594402,142594402,2026-08-04,2026-08-04 15:34:24+08:00
512940,有色ETF华安,0.794,0.7944,0.05,0.01,1.28,433975.0,34332748.0,0.784,0.797,0.782,0.784,1.91,1.99,1.07,-4.14,219465.0,214510.0,2642064.0,7.7,1810855.0,5.27,831209.0,2.42,-2037038.0,-5.93,-605026.0,-1.76,-572.0,0.793,0.794,2183705008.0,1733861776,1733861776,2026-08-04,2026-08-04 16:11:33+08:00
517200,互联网ETF嘉实,0.631,0.6321,0.17,0.008,1.28,24098.0,1513598.0,0.629,0.632,0.622,0.623,1.61,1.71,0.58,24.99,13380.0,10718.0,126879.0,8.38,0.0,0.0,126879.0,8.38,-27850.0,-1.84,-99029.0,-6.54,-260.0,0.63,0.631,140782000.0,88833442,88833442,2026-08-04,2026-08-04 16:11:53+08:00
560050,中国A50ETF汇添富,1.106,1.1084,0.22,0.014,1.28,793635.0,87372093.0,1.096,1.11,1.095,1.092,1.37,3.24,0.89,17.86,458622.0,335013.0,1239321.0,1.42,-3502891.0,-4.01,4742212.0,5.43,-934481.0,-1.07,-304840.0,-0.35,-138.0,1.106,1.107,2452434400.0,2712392446,2712392446,2026-08-04,2026-08-04 16:11:54+08:00
159136,A50ETF广发,1.034,1.0332,-0.08,0.013,1.27,6849.0,705233.3,1.023,1.034,1.023,1.021,1.08,0.62,0.36,-57.32,4389.0,2460.0,-152373.0,-21.61,0.0,0.0,-152373.0,-21.61,172623.0,24.48,-20251.0,-2.87,382.0,1.031,1.034,110914074.0,114685153,114685153,2026-08-04,2026-08-04 15:34:39+08:00
563520,沪深300ETF永赢,1.196,1.1983,0.19,0.015,1.27,169446.0,20196113.0,1.182,1.2,1.182,1.181,1.52,3.86,0.6,10.1,72583.0,96863.0,2273669.0,11.26,1829970.0,9.06,443699.0,2.2,-1657049.0,-8.2,-616620.0,-3.05,-5.0,1.196,1.197,439065008.0,525121750,525121750,2026-08-04,2026-08-04 16:11:50+08:00
159881,有色金属ETF国泰,0.874,0.8742,0.02,0.011,1.27,138206.0,12023251.2,0.863,0.877,0.86,0.863,1.97,7.25,0.91,38.06,69763.0,68443.0,1804607.0,15.01,572497.0,4.76,1232110.0,10.25,-1482543.0,-12.33,-322065.0,-2.68,-76.0,0.874,0.875,190499166.0,166496271,166496271,2026-08-04,2026-08-04 15:34:15+08:00
159851,金融科技ETF华宝,0.64,0.6405,0.08,0.008,1.27,3620232.0,231383645.09,0.634,0.643,0.634,0.632,1.42,3.45,0.85,-43.72,1947144.0,1673088.0,19296578.0,8.34,31504068.0,13.62,-12207490.0,-5.28,-14972053.0,-6.47,-4324526.0,-1.87,-16418.0,0.64,0.641,10492904192.0,6715458683,6715458683,2026-08-04,2026-08-04 15:34:57+08:00
515160,MSCI中国ETF招商,1.601,1.6013,0.02,0.02,1.27,15236.0,2438023.0,1.584,1.607,1.584,1.581,1.45,0.62,1.75,13.89,7845.0,7391.0,-58405.0,-2.4,0.0,0.0,-58405.0,-2.4,27411.0,1.12,30993.0,1.27,-12.0,1.6,1.606,245955100.0,393774115,393774115,2026-08-04,2026-08-04 16:11:40+08:00
159857,光伏ETF天弘,0.719,0.7203,0.18,0.009,1.27,891921.0,63912894.0,0.71,0.722,0.708,0.71,1.97,3.81,0.82,-13.11,494340.0,397581.0,-2637397.0,-4.13,-3301679.0,-5.17,664282.0,1.04,2212371.0,3.46,425026.0,0.67,-3068.0,0.719,0.72,2340515728.0,1682830808,1682830808,2026-08-04,2026-08-04 15:34:15+08:00
512150,富时A50ETF汇安,1.908,1.9073,-0.04,0.024,1.27,7642.0,1455314.0,1.882,1.914,1.882,1.884,1.7,4.23,1.02,28.78,4291.0,3351.0,766274.0,52.65,0.0,0.0,766274.0,52.65,-574598.0,-39.48,-191675.0,-13.17,-11.0,1.908,1.912,18073400.0,34484047,34484047,2026-08-04,2026-08-04 16:11:50+08:00
562070,沪深300指增ETF华宝,1.041,1.0392,-0.17,0.013,1.26,158418.0,16441397.0,1.029,1.042,1.028,1.028,1.36,2.81,1.16,-5.59,80524.0,77894.0,2367535.0,14.4,5093129.0,30.98,-2725594.0,-16.58,-1812635.0,-11.02,-554900.0,-3.38,-47.0,1.041,1.043,564542000.0,587688222,587688222,2026-08-04,2026-08-04 16:11:52+08:00
159944,材料ETF广发,1.441,1.4415,0.03,0.018,1.26,51317.0,7384010.2,1.418,1.445,1.414,1.423,2.18,15.27,0.99,18.44,21399.0,29918.0,230398.0,3.12,0.0,0.0,230398.0,3.12,-218959.0,-2.97,-11439.0,-0.15,101.0,1.442,1.443,33608342.0,48429621,48429621,2026-08-04,2026-08-04 15:34:03+08:00
159888,智能汽车ETF华夏,1.043,1.0436,0.06,0.013,1.26,177426.0,18444950.5,1.03,1.048,1.027,1.03,2.04,24.49,1.21,-36.28,96852.0,80574.0,-707861.0,-3.84,0.0,0.0,-707861.0,-3.84,646372.0,3.5,61488.0,0.33,1256.0,1.042,1.043,72446068.0,75561249,75561249,2026-08-04,2026-08-04 15:34:21+08:00
515370,光伏ETF华夏,0.804,0.8025,-0.19,0.01,1.26,225242.0,18003495.0,0.795,0.805,0.791,0.794,1.76,2.34,1.03,1.09,122451.0,102791.0,-1500467.0,-8.33,-905650.0,-5.03,-594817.0,-3.3,577320.0,3.21,923147.0,5.13,-2313.0,0.803,0.804,963713008.0,774825258,774825258,2026-08-04,2026-08-04 16:11:41+08:00
510310,沪深300ETF易方达,4.524,4.5234,-0.01,0.056,1.25,2276725.0,1027638749.0,4.48,4.536,4.48,4.468,1.25,1.93,0.86,8.73,1276908.0,999816.0,188887138.0,18.38,215569088.0,20.98,-26681950.0,-2.6,-101704733.0,-9.9,-87182402.0,-8.48,-8991.0,4.524,4.525,11796044032.0,53365303201,53365303201,2026-08-04,2026-08-04 16:11:52+08:00
515360,沪深300ETF方正富邦,6.716,6.7173,0.02,0.083,1.25,1631.0,1092145.0,6.659,6.741,6.659,6.633,1.24,0.43,0.45,-31.39,1233.0,398.0,124277.0,11.38,0.0,0.0,124277.0,11.38,-85316.0,-7.81,-38961.0,-3.57,303.0,6.703,6.74,38279300.0,257083779,257083779,2026-08-04,2026-08-04 16:11:55+08:00
515130,沪深300ETF博时,1.536,1.5346,-0.09,0.019,1.25,57124.0,8761572.0,1.525,1.54,1.522,1.517,1.19,5.37,0.61,3.38,35587.0,21537.0,761969.0,8.7,3962917.0,45.23,-3200948.0,-36.53,-345948.0,-3.95,-416021.0,-4.75,-6.0,1.536,1.539,106463200.0,163527475,163527475,2026-08-04,2026-08-04 16:11:56+08:00
512520,MSCI中国ETF华泰柏瑞,1.456,1.4522,-0.26,0.018,1.25,2394.0,347937.0,1.44,1.458,1.44,1.438,1.25,0.53,0.54,15.45,821.0,1573.0,-50606.0,-14.54,0.0,0.0,-50606.0,-14.54,61282.0,17.61,-10677.0,-3.07,10.0,1.453,1.459,45056400.0,65602118,65602118,2026-08-04,2026-08-04 16:11:50+08:00
510360,沪深300ETF广发,1.779,1.7797,0.04,0.022,1.25,692004.0,122730761.0,1.763,1.784,1.761,1.757,1.31,3.63,1.02,-38.0,406143.0,285861.0,28902361.0,23.55,26981962.0,21.98,1920399.0,1.56,-15926360.0,-12.98,-12976001.0,-10.57,-3532.0,1.779,1.78,1907381200.0,3393231155,3393231155,2026-08-04,2026-08-04 16:11:46+08:00
159720,智能车ETF泰康,0.735,0.7303,-0.64,0.009,1.24,13650.0,995597.3,0.729,0.735,0.725,0.726,1.38,2.98,0.71,18.73,6699.0,6951.0,-28229.0,-2.84,0.0,0.0,-28229.0,-2.84,-35102.0,-3.53,63331.0,6.36,12.0,0.732,0.735,45812357.0,33672082,33672082,2026-08-04,2026-08-04 15:34:03+08:00
516380,智能电动车ETF华宝,0.895,0.8946,-0.04,0.011,1.24,6422.0,570053.0,0.897,0.897,0.881,0.884,1.81,0.79,0.64,9.84,4624.0,1798.0,-213907.0,-37.52,-209780.0,-36.8,-4127.0,-0.72,181127.0,31.77,32780.0,5.75,-75.0,0.893,0.895,81449300.0,72897124,72897124,2026-08-04,2026-08-04 16:11:50+08:00
159175,电池ETF易方达,0.904,0.9041,0.01,0.011,1.23,277843.0,25055635.549,0.891,0.909,0.888,0.893,2.35,5.29,0.76,41.27,154226.0,123617.0,3305767.0,13.19,2903463.0,11.59,402304.0,1.61,-2788890.0,-11.13,-516878.0,-2.06,-1663.0,0.904,0.905,525270384.0,474844427,474844427,2026-08-04,2026-08-04 15:34:00+08:00
561660,通用航空ETF平安,0.902,0.9029,0.1,0.011,1.23,21053.0,1893571.0,0.892,0.906,0.892,0.891,1.57,3.11,0.72,0.52,9572.0,11481.0,-2442.0,-0.13,0.0,0.0,-2442.0,-0.13,84908.0,4.48,-82466.0,-4.36,-20.0,0.902,0.905,67710000.0,61074420,61074420,2026-08-04,2026-08-04 16:11:32+08:00
159919,沪深300ETF嘉实,4.86,4.8642,0.09,0.059,1.23,2025299.0,981798355.03,4.816,4.873,4.816,4.801,1.19,3.02,0.88,-6.62,962031.0,1063268.0,100271301.0,10.21,94472928.0,9.62,5798373.0,0.59,-62623780.0,-6.38,-37647504.0,-3.83,2782.0,4.859,4.86,6705216768.0,32587353492,32587353492,2026-08-04,2026-08-04 15:34:21+08:00
159638,高端装备ETF嘉实,0.823,0.8229,-0.01,0.01,1.23,374733.0,30733569.9,0.814,0.826,0.813,0.813,1.6,2.48,0.74,-21.93,192054.0,182679.0,2072573.0,6.74,1295895.0,4.22,776678.0,2.53,-1268994.0,-4.13,-803579.0,-2.61,-3054.0,0.823,0.824,1512341936.0,1244657413,1244657413,2026-08-04,2026-08-04 15:34:48+08:00
516100,金融科技ETF华夏,1.066,1.0672,0.11,0.013,1.23,361316.0,38484543.0,1.055,1.072,1.055,1.053,1.61,3.22,0.87,-0.77,144753.0,216563.0,2549148.0,6.62,4600343.0,11.95,-2051195.0,-5.33,-1377713.0,-3.58,-1171435.0,-3.04,-2637.0,1.065,1.066,1122759696.0,1196861836,1196861836,2026-08-04,2026-08-04 16:11:52+08:00
512670,国防ETF鹏华,0.747,0.7466,-0.05,0.009,1.22,1015085.0,75472100.0,0.739,0.75,0.737,0.738,1.76,4.45,1.02,-24.87,537198.0,477887.0,4975396.0,6.59,13109849.0,17.37,-8134453.0,-10.78,-3028357.0,-4.01,-1947039.0,-2.58,-5001.0,0.746,0.747,2278652608.0,1702153498,1702153498,2026-08-04,2026-08-04 16:11:35+08:00
510330,沪深300ETF华夏,4.856,4.8499,-0.13,0.058,1.21,1409639.0,682320332.0,4.809,4.87,4.809,4.798,1.27,1.6,0.96,95.98,695489.0,714150.0,185223.0,0.03,36620176.0,5.37,-36434953.0,-5.34,15601865.0,2.29,-15787088.0,-2.31,-1949.0,4.855,4.856,8785149696.0,42660686924,42660686924,2026-08-04,2026-08-04 16:11:52+08:00
159393,沪深300ETF万家,4.928,4.926,-0.04,0.059,1.21,70749.0,34806921.884,4.879,4.943,4.879,4.869,1.31,7.44,0.88,76.27,38551.0,32198.0,3855304.0,11.08,17088714.0,49.1,-13233410.0,-38.02,-2133454.0,-6.13,-1721851.0,-4.95,-56.0,4.928,4.929,95146342.0,468881173,468881173,2026-08-04,2026-08-04 15:34:36+08:00
516580,新能源ETF博时,0.585,0.5834,-0.27,0.007,1.21,84033.0,4925106.0,0.58,0.589,0.579,0.578,1.73,5.75,1.17,12.16,43871.0,40162.0,335933.0,6.82,438489.0,8.9,-102556.0,-2.08,-273176.0,-5.55,-62757.0,-1.27,-2375.0,0.584,0.585,146124100.0,85482599,85482599,2026-08-04,2026-08-04 16:11:56+08:00
510320,沪深300ETF中金,1.252,1.254,0.16,0.015,1.21,141219.0,17641086.0,1.24,1.255,1.24,1.237,1.21,2.23,0.84,6.76,77486.0,63733.0,1345198.0,7.63,1980679.0,11.23,-635481.0,-3.6,-847693.0,-4.81,-497506.0,-2.82,80.0,1.251,1.252,634068496.0,793853757,793853757,2026-08-04,2026-08-04 16:11:56+08:00
515790,光伏ETF华泰柏瑞,0.842,0.8414,-0.07,0.01,1.2,2540909.0,212852725.0,0.832,0.845,0.83,0.832,1.8,4.16,0.97,-11.15,1390028.0,1150881.0,-12169681.0,-5.72,-29711662.0,-13.96,17541981.0,8.24,6647910.0,3.12,5521772.0,2.59,-14078.0,0.842,0.843,6103493888.0,5139141854,5139141854,2026-08-04,2026-08-04 16:11:49+08:00
515380,沪深300ETF泰康,5.403,5.4034,0.01,0.064,1.2,20412.0,11001024.0,5.34,5.417,5.34,5.339,1.44,0.3,0.6,38.01,14925.0,5487.0,1238992.0,11.26,1697414.0,15.43,-458422.0,-4.17,-414628.0,-3.77,-824364.0,-7.49,-19.0,5.403,5.409,670599808.0,3623250763,3623250763,2026-08-04,2026-08-04 16:11:54+08:00
516860,金融科技ETF博时,1.097,1.0985,0.14,0.013,1.2,455899.0,49987974.0,1.092,1.104,1.089,1.084,1.38,3.78,0.67,-10.53,252947.0,202952.0,5739093.0,11.48,2286369.0,4.57,3452724.0,6.91,-3507786.0,-7.02,-2231306.0,-4.46,-2349.0,1.097,1.098,1204522000.0,1321360634,1321360634,2026-08-04,2026-08-04 16:11:41+08:00
513030,德国ETF华安,1.859,1.8536,-0.29,0.022,1.2,527415.0,97845377.0,1.854,1.859,1.849,1.837,0.54,5.29,1.25,-75.57,291078.0,236337.0,-2795516.0,-2.86,-4517677.0,-4.62,1722161.0,1.76,3269361.0,3.34,-473844.0,-0.48,-3327.0,1.858,1.859,997279008.0,1853941676,1853941676,2026-08-04,2026-08-04 16:11:56+08:00
159316,港股通创新药ETF易方达,1.097,1.0963,-0.06,0.013,1.2,8219880.0,904897365.94,1.095,1.115,1.093,1.084,2.03,14.45,1.24,35.13,4024783.0,4195096.0,-15947950.0,-1.76,14806338.0,1.64,-30754288.0,-3.4,7142261.0,0.79,8805682.0,0.97,-12210.0,1.097,1.098,5689336064.0,6241201662,6241201662,2026-08-04,2026-08-04 15:34:15+08:00
562910,高端制造ETF易方达,0.844,0.8401,-0.46,0.01,1.2,433957.0,36405474.0,0.837,0.846,0.831,0.834,1.8,12.46,0.99,5.63,193179.0,240778.0,2250074.0,6.18,8404624.0,23.09,-6154550.0,-16.91,-2272847.0,-6.24,22773.0,0.06,-231.0,0.842,0.844,348227296.0,293903838,293903838,2026-08-04,2026-08-04 16:11:32+08:00
513160,港股科技ETF银华,1.017,1.0175,0.05,0.012,1.19,3142153.0,317491673.0,1.008,1.021,1.002,1.005,1.89,9.17,0.94,14.34,1747975.0,1394178.0,-6697194.0,-2.11,13065012.0,4.12,-19762206.0,-6.22,3918506.0,1.23,2778687.0,0.88,-17207.0,1.016,1.017,3426189296.0,3484434514,3484434514,2026-08-04,2026-08-04 16:11:50+08:00
159561,德国ETF嘉实,1.358,1.3567,-0.1,0.016,1.19,479524.0,65113442.54,1.355,1.361,1.354,1.342,0.52,3.68,1.0,-50.62,269140.0,210384.0,4549614.0,6.99,-1068679.0,-1.64,5618293.0,8.63,-2908674.0,-4.47,-1640940.0,-2.52,-16008.0,1.358,1.359,1304499488.0,1771510305,1771510305,2026-08-04,2026-08-04 15:34:36+08:00
159925,沪深300ETF南方,4.727,4.7309,0.08,0.055,1.18,345279.0,162824965.507,4.685,4.742,4.685,4.672,1.22,5.57,0.73,31.08,191567.0,153713.0,9304378.0,5.71,23302202.0,14.31,-13997824.0,-8.6,-3369106.0,-2.07,-5935272.0,-3.65,-168.0,4.727,4.73,620420864.0,2932729424,2932729424,2026-08-04,2026-08-04 15:34:27+08:00
510370,沪深300ETF兴业,1.032,1.0328,0.08,0.012,1.18,19523.0,2010140.0,1.026,1.035,1.021,1.02,1.37,2.24,0.47,-1.91,13059.0,6464.0,-152367.0,-7.58,0.0,0.0,-152367.0,-7.58,164610.0,8.19,-12243.0,-0.61,-10.0,1.032,1.033,87258100.0,90050359,90050359,2026-08-04,2026-08-04 16:11:32+08:00
159238,沪深300增强ETF景顺,1.295,1.2992,0.32,0.015,1.17,87387.0,11277817.7,1.282,1.3,1.28,1.28,1.56,11.35,0.7,-72.87,56163.0,31224.0,1312784.0,11.64,3532006.0,31.32,-2219222.0,-19.68,-717978.0,-6.37,-594806.0,-5.27,244.0,1.293,1.295,77016186.0,99735961,99735961,2026-08-04,2026-08-04 15:34:33+08:00
562700,汽车零部件ETF华夏,1.206,1.2048,-0.1,0.014,1.17,115066.0,13804407.0,1.189,1.21,1.186,1.192,2.01,11.2,1.02,-7.45,67640.0,47426.0,-340682.0,-2.47,887418.0,6.43,-1228100.0,-8.9,-39391.0,-0.29,380073.0,2.75,-167.0,1.206,1.207,102750000.0,123916500,123916500,2026-08-04,2026-08-04 16:11:49+08:00
159595,中证A50ETF大成,1.387,1.3855,-0.11,0.016,1.17,506004.0,69922298.7,1.378,1.39,1.376,1.371,1.02,5.65,0.61,9.79,325751.0,180253.0,376867.0,0.54,991221.0,1.42,-614354.0,-0.88,-725016.0,-1.04,348149.0,0.5,96.0,1.383,1.387,896113248.0,1242909075,1242909075,2026-08-04,2026-08-04 15:34:06+08:00
516830,沪深300ESGETF富国,1.034,1.0357,0.16,0.012,1.17,48366.0,4984433.0,1.028,1.038,1.026,1.022,1.17,5.55,1.16,-0.05,25537.0,22829.0,632956.0,12.7,0.0,0.0,632956.0,12.7,-66666.0,-1.34,-566290.0,-11.36,-11.0,1.034,1.036,87176900.0,90140915,90140915,2026-08-04,2026-08-04 16:11:35+08:00
513880,日经225ETF华安,2.077,2.0022,-3.74,0.024,1.17,1800270.0,371437066.0,2.044,2.085,2.037,2.053,2.34,13.91,0.88,-0.97,955240.0,845030.0,7082867.0,1.91,-2267540.0,-0.61,9350407.0,2.52,-14175125.0,-3.82,7092258.0,1.91,-8465.0,2.076,2.077,1293970000.0,2687575690,2687575690,2026-08-04,2026-08-04 16:11:32+08:00
159652,有色ETF汇添富,1.561,1.5612,0.01,0.018,1.17,643951.0,100139329.6,1.546,1.567,1.538,1.543,1.88,3.06,0.73,9.77,356125.0,287826.0,4914030.0,4.91,-634521.0,-0.63,5548551.0,5.54,-2530837.0,-2.53,-2383193.0,-2.38,3066.0,1.56,1.561,2103320288.0,3283282970,3283282970,2026-08-04,2026-08-04 15:34:57+08:00
515770,MSCI中国A股ETF摩根,1.389,1.3894,0.03,0.016,1.17,2191.0,302177.0,1.379,1.389,1.379,1.373,0.73,0.55,0.12,0.57,2191.0,,18320.0,6.06,0.0,0.0,18320.0,6.06,0.0,0.0,-18320.0,-6.06,29.0,1.387,1.392,39727300.0,55181220,55181220,2026-08-04,2026-08-04 16:11:45+08:00
159300,沪深300ETF富国,4.986,4.989,0.06,0.057,1.16,284528.0,141495400.4,4.939,5.001,4.939,4.929,1.26,6.48,0.82,53.98,125183.0,159345.0,14045426.0,9.93,41663013.0,29.44,-27617587.0,-19.52,-5086698.0,-3.59,-8958727.0,-6.33,-750.0,4.986,4.987,439258096.0,2190140867,2190140867,2026-08-04,2026-08-04 15:34:30+08:00
512990,MSCIA股ETF华夏,2.009,2.0079,-0.05,0.023,1.16,49984.0,10002728.0,1.994,2.013,1.99,1.986,1.16,4.95,1.84,36.07,19069.0,30915.0,531439.0,5.31,0.0,0.0,531439.0,5.31,-494264.0,-4.94,-37176.0,-0.37,19.0,2.009,2.011,101015400.0,202939939,202939939,2026-08-04,2026-08-04 16:11:42+08:00
159230,通用航空ETF华夏,0.962,0.9611,-0.09,0.011,1.16,161614.0,15494664.2,0.961,0.965,0.95,0.951,1.58,5.16,0.85,28.81,87283.0,74331.0,409972.0,2.65,516019.0,3.33,-106047.0,-0.68,-339777.0,-2.19,-70194.0,-0.45,110.0,0.961,0.962,313304224.0,301398663,301398663,2026-08-04,2026-08-04 15:34:42+08:00
516720,ESGETF浦银,1.149,1.1482,-0.07,0.013,1.14,4755.0,545452.0,1.138,1.149,1.138,1.136,0.97,3.85,0.71,2.12,1558.0,3197.0,-58148.0,-10.66,0.0,0.0,-58148.0,-10.66,-24610.0,-4.51,82757.0,15.17,-1397.0,1.145,1.151,12337800.0,14176132,14176132,2026-08-04,2026-08-04 16:11:54+08:00
510350,沪深300ETF工银,4.89,4.8962,0.13,0.055,1.14,44464.0,21676941.0,4.858,4.906,4.851,4.835,1.14,0.65,0.95,27.42,23730.0,20734.0,237177.0,1.09,489776.0,2.26,-252599.0,-1.17,415098.0,1.91,-652275.0,-3.01,-53.0,4.89,4.895,684114704.0,3345320903,3345320903,2026-08-04,2026-08-04 16:11:34+08:00
159856,互联网龙头ETF工银,0.622,0.625,0.48,0.007,1.14,49304.0,3059932.9,0.616,0.626,0.616,0.615,1.63,1.4,0.88,-65.86,29343.0,19961.0,-17817.0,-0.58,-1090325.0,-35.63,1072508.0,35.05,81334.0,2.66,-63516.0,-2.08,20.0,0.621,0.622,352372480.0,219175683,219175683,2026-08-04,2026-08-04 15:34:51+08:00
520830,沙特ETF华泰柏瑞,0.888,0.8834,-0.52,0.01,1.14,408995.0,36235389.0,0.882,0.888,0.882,0.878,0.68,3.44,1.3,-2.98,276622.0,132373.0,7898080.0,21.8,3191628.0,8.81,4706452.0,12.99,-4734795.0,-13.07,-3163286.0,-8.73,-3239.0,0.887,0.888,1188119008.0,1055049679,1055049679,2026-08-04,2026-08-04 16:11:55+08:00
561500,漂亮50ETF华泰柏瑞,0.801,0.8019,0.11,0.009,1.14,6722.0,537029.0,0.796,0.801,0.796,0.792,0.63,1.2,0.54,7.99,5306.0,1416.0,78481.0,14.61,0.0,0.0,78481.0,14.61,-44491.0,-8.28,-33989.0,-6.33,-90.0,0.801,0.803,56100300.0,44936340,44936340,2026-08-04,2026-08-04 16:11:57+08:00
159306,汽车零部件ETF平安,1.154,1.1535,-0.04,0.013,1.14,16770.0,1920847.3,1.142,1.157,1.135,1.141,1.93,6.92,1.19,30.66,7326.0,9444.0,-244082.0,-12.71,290664.0,15.13,-534746.0,-27.84,76045.0,3.96,168036.0,8.75,86.0,1.153,1.156,24244616.0,27978287,27978287,2026-08-04,2026-08-04 15:34:33+08:00
510300,沪深300ETF华泰柏瑞,4.651,4.6605,0.2,0.052,1.13,11730429.0,5451256791.0,4.618,4.672,4.615,4.599,1.24,4.34,0.82,36.55,5313470.0,6416959.0,909442240.0,16.68,1270633248.0,23.31,-361191008.0,-6.63,-514461280.0,-9.44,-394980946.0,-7.25,-181657.0,4.651,4.652,27058087680.0,125847165800,125847165800,2026-08-04,2026-08-04 16:11:40+08:00
159123,光伏ETF嘉实,0.898,0.8977,-0.03,0.01,1.13,80809.0,7234987.6,0.889,0.902,0.886,0.888,1.8,2.13,0.87,41.27,48771.0,32038.0,-618534.0,-8.55,-1196930.0,-16.54,578396.0,7.99,651649.0,9.01,-33114.0,-0.46,-132.0,0.898,0.899,379047024.0,340384228,340384228,2026-08-04,2026-08-04 15:34:00+08:00
520840,港股通恒生科技ETF华安,0.802,0.8041,0.26,0.009,1.13,836215.0,66778550.0,0.794,0.807,0.793,0.793,1.77,7.3,0.79,-35.57,460441.0,375774.0,2222343.0,3.33,1903842.0,2.85,318501.0,0.48,-1590611.0,-2.38,-631733.0,-0.95,-908.0,0.801,0.802,1145549008.0,918730304,918730304,2026-08-04,2026-08-04 16:11:41+08:00
515350,沪深300ETF民生加银,6.242,6.2401,-0.03,0.07,1.13,10883.0,6773893.0,6.204,6.26,6.198,6.172,1.0,8.64,0.93,-9.91,4327.0,6556.0,-653577.0,-9.65,0.0,0.0,-653577.0,-9.65,675338.0,9.97,-21761.0,-0.32,21.0,6.242,6.255,12599200.0,78644206,78644206,2026-08-04,2026-08-04 16:11:47+08:00
159227,航空航天ETF华夏,0.995,0.9949,-0.01,0.011,1.12,1804038.0,178788903.029,0.987,0.998,0.984,0.984,1.42,3.58,0.96,-28.06,1002818.0,801221.0,5462846.0,3.06,15233529.0,8.52,-9770683.0,-5.46,-755657.0,-0.42,-4707189.0,-2.63,-9090.0,0.995,0.996,5037911296.0,5012721740,5012721740,2026-08-04,2026-08-04 15:34:57+08:00
159673,沪深300ETF鹏华,1.28,1.2772,-0.22,0.014,1.11,698389.0,89172457.6,1.269,1.284,1.269,1.266,1.18,3.75,0.61,-34.95,359249.0,339140.0,4619409.0,5.18,16087276.0,18.04,-11467867.0,-12.86,-3264412.0,-3.66,-1354997.0,-1.52,2266.0,1.279,1.28,1863528384.0,2385316332,2385316332,2026-08-04,2026-08-04 15:34:42+08:00
515660,沪深300ETF国联安,5.811,5.805,-0.1,0.064,1.11,4524.0,2623115.0,5.756,5.827,5.756,5.747,1.24,0.1,0.57,23.84,3072.0,1452.0,-251032.0,-9.57,252715.0,9.63,-503747.0,-19.2,465843.0,17.76,-214811.0,-8.19,-8.0,5.811,5.818,434494208.0,2524845843,2524845843,2026-08-04,2026-08-04 16:11:35+08:00
515310,沪深300ETF汇添富,1.384,1.3836,-0.03,0.015,1.1,300384.0,41493146.0,1.373,1.388,1.372,1.369,1.17,7.74,0.76,-11.61,158921.0,141463.0,10618977.0,25.59,16750151.0,40.37,-6131174.0,-14.78,-5906631.0,-14.24,-4712346.0,-11.36,-807.0,1.383,1.384,388111200.0,537145901,537145901,2026-08-04,2026-08-04 16:11:43+08:00
159087,化工ETF万家,1.009,1.0115,0.25,0.011,1.1,306030.0,30790740.622,0.998,1.012,0.994,0.998,1.8,17.29,0.53,-83.6,166565.0,139465.0,12502004.0,40.6,13829716.0,44.92,-1327712.0,-4.31,-10565354.0,-34.31,-1936652.0,-6.29,927.0,1.005,1.009,176992150.0,178585079,178585079,2026-08-04,2026-08-04 15:34:39+08:00
560180,沪深300ESGETF南方,1.197,1.1984,0.12,0.013,1.1,39573.0,4734716.0,1.187,1.201,1.187,1.184,1.18,25.36,0.91,0.27,18166.0,21407.0,583694.0,12.33,0.0,0.0,583694.0,12.33,-569950.0,-12.04,-13743.0,-0.29,200.0,1.197,1.201,15603000.0,18676791,18676791,2026-08-04,2026-08-04 16:11:56+08:00
159591,A50ETF富国,1.393,1.3961,0.22,0.015,1.09,145427.0,20198906.8,1.384,1.397,1.383,1.378,1.02,4.05,0.59,65.42,60595.0,84832.0,3550030.0,17.58,5561112.0,27.53,-2011082.0,-9.96,-1089817.0,-5.4,-2460213.0,-12.18,-6.0,1.393,1.394,359405680.0,500652112,500652112,2026-08-04,2026-08-04 15:34:39+08:00
159135,港股通科技ETF前海开源,0.833,0.8355,0.3,0.009,1.09,112101.0,9300301.981,0.833,0.839,0.825,0.824,1.7,1.78,0.8,-80.13,54473.0,57628.0,552352.0,5.94,385644.0,4.15,166708.0,1.79,-281486.0,-3.03,-270866.0,-2.91,-794.0,0.833,0.834,628966384.0,523928998,523928998,2026-08-04,2026-08-04 15:34:33+08:00
512360,MSCIA股ETF平安,1.761,1.7635,0.14,0.019,1.09,231.0,40553.0,1.746,1.761,1.746,1.742,0.86,0.08,2.56,20.88,115.0,116.0,-15279.0,-37.68,0.0,0.0,-15279.0,-37.68,0.0,0.0,15279.0,37.68,-1.0,1.76,1.767,27337700.0,48141690,48141690,2026-08-04,2026-08-04 16:11:43+08:00
563870,通用航空ETF鹏华,0.654,0.6543,0.05,0.007,1.08,14093.0,917233.0,0.648,0.656,0.644,0.647,1.85,1.29,0.48,-29.14,7391.0,6702.0,82192.0,8.96,0.0,0.0,82192.0,8.96,-23240.0,-2.53,-58952.0,-6.43,-54.0,0.653,0.654,109303900.0,71484751,71484751,2026-08-04,2026-08-04 16:11:44+08:00
159267,航天ETF华安,0.845,0.8454,0.05,0.009,1.08,939989.0,79211999.48,0.837,0.848,0.836,0.836,1.44,3.45,0.83,-21.54,463121.0,476868.0,2439977.0,3.08,-3255224.0,-4.11,5695201.0,7.19,-1194344.0,-1.51,-1245634.0,-1.57,-5259.0,0.845,0.846,2728506128.0,2305587678,2305587678,2026-08-04,2026-08-04 15:34:24+08:00
516590,智能汽车ETF易方达,1.126,1.1255,-0.04,0.012,1.08,12272.0,1377093.0,1.112,1.13,1.112,1.114,1.62,2.36,0.5,1.0,6419.0,5853.0,115372.0,8.38,-6080.0,-0.44,121452.0,8.82,-96016.0,-6.97,-19355.0,-1.41,54.0,1.124,1.127,52015000.0,58568890,58568890,2026-08-04,2026-08-04 16:11:34+08:00
159147,电池ETF南方,0.854,0.8527,-0.15,0.009,1.07,347268.0,29567624.25,0.847,0.858,0.838,0.845,2.37,1.69,0.74,66.19,197240.0,150028.0,21405.0,0.07,-368774.0,-1.25,390179.0,1.32,192827.0,0.65,-214232.0,-0.72,803.0,0.852,0.854,2057409552.0,1757027757,1757027757,2026-08-04,2026-08-04 15:34:39+08:00
512250,A50ETF招商,1.229,1.2329,0.32,0.013,1.07,7087.0,869106.0,1.221,1.235,1.221,1.216,1.15,0.56,0.69,20.07,5795.0,1292.0,106128.0,12.21,0.0,0.0,106128.0,12.21,-130733.0,-15.04,24605.0,2.83,-3.0,1.231,1.232,125600100.0,154362523,154362523,2026-08-04,2026-08-04 16:11:55+08:00
159330,沪深300ETF东财,1.435,1.4372,0.15,0.015,1.06,278605.0,39899004.3,1.424,1.44,1.424,1.42,1.13,5.63,0.73,-25.22,182491.0,96114.0,5290756.0,13.26,1434653.0,3.6,3856103.0,9.66,-1216390.0,-3.05,-4074368.0,-10.21,-3298.0,1.435,1.436,494801008.0,710039446,710039446,2026-08-04,2026-08-04 15:34:51+08:00
159840,锂电池ETF工银,0.764,0.7637,-0.04,0.008,1.06,1014517.0,77350608.0,0.76,0.768,0.754,0.756,1.85,5.01,1.0,0.19,538782.0,475735.0,-16295436.0,-21.07,-3202657.0,-4.14,-13092779.0,-16.93,12670315.0,16.38,3625120.0,4.69,5721.0,0.763,0.764,2023574848.0,1546011184,1546011184,2026-08-04,2026-08-04 15:34:42+08:00
159010,港股通科技ETF博时,0.956,0.9584,0.25,0.01,1.06,76286.0,7264131.4,0.957,0.962,0.946,0.946,1.69,3.66,0.69,6.15,43006.0,33280.0,173868.0,2.39,0.0,0.0,173868.0,2.39,-72930.0,-1.0,-100938.0,-1.39,-108.0,0.956,0.957,208597611.0,199419316,199419316,2026-08-04,2026-08-04 15:34:57+08:00
159257,航空ETF汇添富,0.86,0.8596,-0.05,0.009,1.06,97873.0,8400218.1,0.855,0.862,0.849,0.851,1.53,6.46,1.18,5.35,35655.0,62218.0,298432.0,3.55,0.0,0.0,298432.0,3.55,-278176.0,-3.31,-20256.0,-0.24,54.0,0.858,0.86,151416949.0,130218576,130218576,2026-08-04,2026-08-04 15:34:48+08:00
159550,互联网ETF东财,0.856,0.8605,0.52,0.009,1.06,135238.0,11523259.2,0.848,0.862,0.845,0.847,2.01,6.63,1.12,-33.23,80892.0,54346.0,84767.0,0.74,-30345.0,-0.26,115112.0,1.0,-253465.0,-2.2,168697.0,1.46,-2039.0,0.856,0.857,203828785.0,174477440,174477440,2026-08-04,2026-08-04 15:34:30+08:00
159283,通用航空ETF南方,0.869,0.8707,0.2,0.009,1.05,68253.0,5914891.1,0.864,0.874,0.859,0.86,1.74,2.23,0.5,32.07,34203.0,34050.0,846807.0,14.32,0.0,0.0,846807.0,14.32,-810736.0,-13.71,-36070.0,-0.61,-209.0,0.869,0.87,305437984.0,265425608,265425608,2026-08-04,2026-08-04 15:34:48+08:00
159103,金融科技ETF汇添富,0.68,0.6817,0.25,0.007,1.04,130739.0,8884636.212,0.677,0.684,0.674,0.673,1.49,4.03,0.91,6.25,92736.0,38003.0,-31726.0,-0.36,-900055.0,-10.13,868329.0,9.77,181178.0,2.04,-149451.0,-1.68,352.0,0.679,0.68,324406768.0,220596602,220596602,2026-08-04,2026-08-04 15:34:15+08:00
561930,沪深300ETF招商,1.558,1.5582,0.01,0.016,1.04,230176.0,35863498.0,1.545,1.564,1.545,1.542,1.23,8.88,1.32,1.75,69166.0,161010.0,8742771.0,24.38,18909441.0,52.73,-10166670.0,-28.35,-3287741.0,-9.17,-5455032.0,-15.21,-250.0,1.558,1.562,259260600.0,403928015,403928015,2026-08-04,2026-08-04 16:11:34+08:00
159133,化工ETF天弘,1.067,1.0659,-0.1,0.011,1.04,306338.0,32471924.4,1.056,1.068,1.048,1.056,1.89,1.86,0.83,-45.72,153345.0,152993.0,718946.0,2.21,165667.0,0.51,553279.0,1.7,-312149.0,-0.96,-406797.0,-1.25,-892.0,1.067,1.068,1645413344.0,1755656038,1755656038,2026-08-04,2026-08-04 15:34:03+08:00
159269,港股通科技ETF南方,0.874,0.8757,0.19,0.009,1.04,1592854.0,138662604.8,0.868,0.879,0.865,0.865,1.62,7.77,1.06,5.7,864371.0,728483.0,-569106.0,-0.41,-2500118.0,-1.8,1931012.0,1.39,261295.0,0.19,307810.0,0.22,-1124.0,0.874,0.875,2051311712.0,1792846436,1792846436,2026-08-04,2026-08-04 15:34:54+08:00
159120,港股通科技ETF国联安,0.785,0.79,0.63,0.008,1.03,247533.0,19350862.3,0.782,0.791,0.776,0.777,1.93,16.39,1.04,-11.94,128668.0,118865.0,914047.0,4.72,98999.0,0.51,815048.0,4.21,-626081.0,-3.24,-287965.0,-1.49,319.0,0.784,0.785,151024466.0,118554206,118554206,2026-08-04,2026-08-04 15:34:30+08:00
513150,港股通科技ETF华泰柏瑞,0.983,0.9845,0.15,0.01,1.03,1011482.0,98877946.0,0.98,0.989,0.973,0.973,1.64,96.28,0.93,8.64,535939.0,475543.0,94433.0,0.1,817884.0,0.83,-723451.0,-0.73,-126073.0,-0.13,31640.0,0.03,-119.0,0.982,0.983,105059800.0,103273783,103273783,2026-08-04,2026-08-04 16:11:37+08:00
159775,电池ETF建信,0.787,0.7866,-0.05,0.008,1.03,229201.0,18017332.2,0.779,0.789,0.779,0.779,1.28,3.34,0.95,37.85,118230.0,110971.0,1500171.0,8.33,771427.0,4.28,728744.0,4.04,-1443108.0,-8.01,-57063.0,-0.32,-680.0,0.787,0.788,685648960.0,539605732,539605732,2026-08-04,2026-08-04 15:34:24+08:00
159657,疫苗ETF鹏华,0.596,0.597,0.17,0.006,1.02,9189.0,550467.1,0.592,0.603,0.592,0.59,1.86,0.56,0.83,-5.62,4165.0,5024.0,137554.0,24.99,73298.0,13.32,64256.0,11.67,-60482.0,-10.99,-77072.0,-14.0,-4.0,0.597,0.598,164514819.0,98050832,98050832,2026-08-04,2026-08-04 15:34:33+08:00
159653,ESG300ETF国联安,1.188,1.1938,0.49,0.012,1.02,45.0,5337.5,1.186,1.19,1.185,1.176,0.43,0.01,0.67,92.59,44.0,1.0,-2135.0,-40.0,0.0,0.0,-2135.0,-40.0,0.0,0.0,2135.0,40.0,-1.0,1.189,1.196,55972068.0,66494817,66494817,2026-08-04,2026-08-04 15:34:42+08:00
159231,通用航空ETF华宝,0.496,0.4964,0.08,0.005,1.02,189967.0,9407499.9,0.491,0.499,0.491,0.491,1.63,5.47,0.83,6.62,99366.0,90601.0,724858.0,7.71,1371865.0,14.58,-647007.0,-6.88,-639841.0,-6.8,-85017.0,-0.9,304.0,0.495,0.496,347091856.0,172157561,172157561,2026-08-04,2026-08-04 15:34:27+08:00
563080,中证A50ETF易方达,1.394,1.3917,-0.17,0.014,1.01,189100.0,26313881.0,1.386,1.398,1.385,1.38,0.94,1.68,0.56,17.53,89695.0,99405.0,1543295.0,5.86,3098987.0,11.78,-1555692.0,-5.91,-1185678.0,-4.51,-357617.0,-1.36,-2.0,1.393,1.394,1124588400.0,1567676230,1567676230,2026-08-04,2026-08-04 16:11:56+08:00
159329,沙特ETF南方,0.899,0.8946,-0.49,0.009,1.01,399388.0,35891413.064,0.895,0.9,0.894,0.89,0.67,3.19,1.11,-34.25,263222.0,136166.0,4547898.0,12.67,-4541910.0,-12.65,9089808.0,25.33,-4237695.0,-11.81,-310203.0,-0.86,-3063.0,0.899,0.9,1250189184.0,1123920076,1123920076,2026-08-04,2026-08-04 15:34:48+08:00
159217,港股通创新药ETF工银,1.115,1.1138,-0.11,0.011,1.0,5178173.0,578801260.3,1.113,1.131,1.111,1.104,1.81,8.58,1.05,-31.8,2504735.0,2673438.0,-33303678.0,-5.75,-9686270.0,-1.67,-23617408.0,-4.08,17997980.0,3.11,15305686.0,2.64,6120.0,1.114,1.115,6038157568.0,6732545688,6732545688,2026-08-04,2026-08-04 15:34:42+08:00
563930,上证增强ETF招商,1.012,1.0117,-0.03,0.01,1.0,38879.0,3923772.0,1.002,1.017,1.002,1.002,1.5,8.92,1.84,4.08,19317.0,19562.0,714614.0,18.21,-15456.0,-0.39,730070.0,18.61,-680088.0,-17.33,-34526.0,-0.88,-100.0,1.012,1.013,43592000.0,44115104,44115104,2026-08-04,2026-08-04 16:11:50+08:00
159152,港股通科技ETF平安,0.806,0.8099,0.48,0.008,1.0,1227466.0,98656275.202,0.802,0.813,0.8,0.798,1.63,14.55,1.85,-64.17,577692.0,649775.0,104452.0,0.11,-6262719.0,-6.35,6367171.0,6.45,-6664.0,-0.01,-97789.0,-0.1,22.0,0.804,0.806,843556096.0,679906213,679906213,2026-08-04,2026-08-04 15:34:48+08:00
159286,港股通创新药ETF鹏华,0.708,0.7105,0.35,0.007,1.0,1615337.0,114691356.9,0.706,0.719,0.705,0.701,2.0,19.17,1.48,-67.38,702351.0,912986.0,-2690507.0,-2.35,-2616448.0,-2.28,-74059.0,-0.06,1863980.0,1.63,826528.0,0.72,5286.0,0.707,0.708,842785408.0,596692069,596692069,2026-08-04,2026-08-04 15:34:15+08:00
159241,航空航天ETF天弘,1.022,1.022,0.0,0.01,0.99,909925.0,92684834.4,1.015,1.025,1.01,1.012,1.48,6.67,0.96,-4.38,483127.0,426798.0,2338604.0,2.52,2443606.0,2.64,-105002.0,-0.11,-1748144.0,-1.89,-590460.0,-0.64,-3816.0,1.022,1.023,1364074272.0,1394083906,1394083906,2026-08-04,2026-08-04 15:34:00+08:00
159378,通用航空ETF永赢,1.023,1.0235,0.05,0.01,0.99,224954.0,22941941.0,1.016,1.028,1.011,1.013,1.68,3.99,0.64,-20.37,133486.0,91468.0,1202712.0,5.24,-27181.0,-0.12,1229893.0,5.36,-754590.0,-3.29,-448123.0,-1.95,647.0,1.022,1.023,564271072.0,577249307,577249307,2026-08-04,2026-08-04 15:34:27+08:00
517050,互联网ETF华泰柏瑞,0.712,0.7159,0.54,0.007,0.99,30988.0,2201766.0,0.718,0.718,0.705,0.705,1.84,0.89,0.6,7.44,14578.0,16410.0,289250.0,13.14,356120.0,16.17,-66870.0,-3.04,-212745.0,-9.66,-76505.0,-3.47,-100.0,0.712,0.713,347605008.0,247494766,247494766,2026-08-04,2026-08-04 16:11:35+08:00
515330,沪深300ETF天弘,1.336,1.34,0.3,0.013,0.98,153958.0,20550173.0,1.323,1.342,1.323,1.323,1.44,0.23,0.88,28.91,78426.0,75532.0,2046928.0,9.96,4079134.0,19.85,-2032206.0,-9.89,-1099088.0,-5.35,-947840.0,-4.61,-4603.0,1.336,1.338,6581709568.0,8793163983,8793163983,2026-08-04,2026-08-04 16:11:55+08:00
513860,港股通科技ETF海富通,0.618,0.6249,1.1,0.006,0.98,3534984.0,217564533.0,0.615,0.622,0.612,0.612,1.63,10.27,1.16,-12.21,1895815.0,1639169.0,-15656730.0,-7.2,-31757663.0,-14.6,16100933.0,7.4,13095020.0,6.02,2561709.0,1.18,-3122.0,0.617,0.618,3443470608.0,2128064836,2128064836,2026-08-04,2026-08-04 16:11:47+08:00
510410,资源ETF博时,1.849,1.8445,-0.24,0.018,0.98,73388.0,13500419.0,1.831,1.854,1.823,1.831,1.69,1.72,0.75,29.59,40242.0,33146.0,1062361.0,7.87,5823738.0,43.14,-4761377.0,-35.27,-1143724.0,-8.47,81363.0,0.6,-292.0,1.847,1.849,427258400.0,790000782,790000782,2026-08-04,2026-08-04 16:11:53+08:00
159208,航空航天ETF万家,1.035,1.0368,0.17,0.01,0.98,114387.0,11819860.51,1.027,1.04,1.025,1.025,1.46,3.24,0.87,-49.69,65318.0,49069.0,1495731.0,12.65,473192.0,4.0,1022539.0,8.65,-624564.0,-5.28,-871166.0,-7.37,-201.0,1.035,1.036,353462784.0,365833981,365833981,2026-08-04,2026-08-04 15:34:24+08:00
517030,沪港深300ETF易方达,1.149,1.1452,-0.33,0.011,0.97,3567.0,408953.0,1.145,1.15,1.141,1.138,0.79,0.38,0.67,13.93,1153.0,2414.0,121832.0,29.79,0.0,0.0,121832.0,29.79,-70720.0,-17.29,-51112.0,-12.5,100.0,1.146,1.148,93040300.0,106903305,106903305,2026-08-04,2026-08-04 16:11:52+08:00
515390,沪深300ETF华安,1.355,1.3558,0.06,0.013,0.97,1878638.0,253805544.0,1.343,1.36,1.342,1.342,1.34,10.59,1.82,29.9,812799.0,1065839.0,-28084900.0,-11.07,-54384641.0,-21.43,26299741.0,10.36,29568511.0,11.65,-1483612.0,-0.58,-577.0,1.355,1.356,1774683008.0,2404695476,2404695476,2026-08-04,2026-08-04 16:11:44+08:00
516320,高端装备ETF华夏,0.945,0.942,-0.32,0.009,0.96,40885.0,3864338.0,0.936,0.949,0.933,0.936,1.71,4.56,0.59,2.13,23857.0,17028.0,820084.0,21.22,1332552.0,34.48,-512468.0,-13.26,-808247.0,-20.92,-11837.0,-0.31,-425.0,0.944,0.945,89589300.0,84661889,84661889,2026-08-04,2026-08-04 16:11:32+08:00
517330,长江保护ETF易方达,0.959,0.9571,-0.2,0.009,0.95,4690.0,449506.0,0.956,0.962,0.956,0.95,0.63,0.03,0.17,24.81,75.0,4615.0,20953.0,4.66,0.0,0.0,20953.0,4.66,0.0,0.0,-20953.0,-4.66,-48.0,0.958,0.959,1808169008.0,1734034079,1734034079,2026-08-04,2026-08-04 16:11:54+08:00
510380,沪深300ETF国寿,1.384,1.386,0.14,0.013,0.95,36267.0,5012681.0,1.375,1.385,1.375,1.371,0.73,0.24,1.47,31.32,15818.0,20449.0,1564728.0,31.22,0.0,0.0,1564728.0,31.22,-1896820.0,-37.84,332092.0,6.63,-2.0,1.384,1.385,1488802400.0,2060502522,2060502522,2026-08-04,2026-08-04 16:11:53+08:00
512550,富时A50ETF嘉实,1.814,1.8176,0.2,0.017,0.95,57554.0,10425274.0,1.804,1.822,1.798,1.797,1.34,5.14,1.18,29.4,31154.0,26400.0,1149788.0,11.03,-482289.0,-4.63,1632077.0,15.66,-691558.0,-6.63,-458230.0,-4.4,-296.0,1.814,1.818,111906000.0,202997484,202997484,2026-08-04,2026-08-04 16:11:34+08:00
510140,上证综指ETF华夏,0.971,0.9668,-0.43,0.009,0.94,112898.0,10905498.0,0.965,0.972,0.961,0.962,1.14,8.6,0.86,-48.96,79667.0,33231.0,717522.0,6.58,470810.0,4.32,246712.0,2.26,-745875.0,-6.84,28353.0,0.26,-3755.0,0.97,0.971,131230500.0,127424816,127424816,2026-08-04,2026-08-04 16:11:37+08:00
159255,通用航空ETF易方达,0.862,0.8629,0.1,0.008,0.94,24103.0,2076076.3,0.858,0.866,0.854,0.854,1.41,3.38,0.47,-26.68,11074.0,13029.0,242261.0,11.67,32272.0,1.55,209989.0,10.11,-189921.0,-9.15,-52339.0,-2.52,6.0,0.861,0.862,71338868.0,61494104,61494104,2026-08-04,2026-08-04 15:34:51+08:00
561750,A50ETF博时,1.182,1.1908,0.74,0.011,0.94,93062.0,11060073.0,1.179,1.189,1.179,1.171,0.85,14.77,4.5,2.73,37888.0,55174.0,30963.0,0.28,-6708365.0,-60.65,6739328.0,60.93,0.0,0.0,-30963.0,-0.28,-5.0,1.184,1.185,62996000.0,74461272,74461272,2026-08-04,2026-08-04 16:11:32+08:00
563570,金融科技ETF兴业,0.75,0.7528,0.37,0.007,0.94,163117.0,12252809.0,0.746,0.756,0.746,0.743,1.35,15.19,0.88,1.15,90628.0,72489.0,379654.0,3.1,-169691.0,-1.38,549345.0,4.48,-384209.0,-3.14,4556.0,0.04,-10.0,0.75,0.752,107374000.0,80530500,80530500,2026-08-04,2026-08-04 16:11:54+08:00
513020,港股科技ETF国泰,0.971,0.974,0.31,0.009,0.94,1554246.0,150399548.0,0.97,0.977,0.962,0.962,1.56,6.35,0.89,13.27,780270.0,773977.0,3316816.0,2.21,703851.0,0.47,2612965.0,1.74,-2351326.0,-1.56,-965490.0,-0.64,-1361.0,0.97,0.971,2449145408.0,2378120191,2378120191,2026-08-04,2026-08-04 16:11:51+08:00
516120,化工ETF富国,0.86,0.8587,-0.15,0.008,0.94,713935.0,61037063.0,0.849,0.862,0.845,0.852,2.0,1.34,0.75,1.05,401292.0,312643.0,3207378.0,5.25,536728.0,0.88,2670650.0,4.38,-3860636.0,-6.33,653258.0,1.07,-3711.0,0.859,0.86,5338082048.0,4590750561,4590750561,2026-08-04,2026-08-04 16:11:36+08:00
512160,MSCI中国A股ETF南方,1.506,1.5074,0.09,0.014,0.94,15873.0,2385842.0,1.5,1.508,1.494,1.492,0.94,1.28,0.9,7.76,7005.0,8868.0,160568.0,6.73,0.0,0.0,160568.0,6.73,-62999.0,-2.64,-97568.0,-4.09,-2.0,1.506,1.51,123777800.0,186409367,186409367,2026-08-04,2026-08-04 16:11:34+08:00
515700,新能源车ETF平安,2.176,2.1755,-0.02,0.02,0.93,148665.0,32310482.0,2.16,2.186,2.149,2.156,1.72,2.07,0.63,-22.27,93107.0,55558.0,458797.0,1.42,3868.0,0.01,454929.0,1.41,-1298572.0,-4.02,839775.0,2.6,-1216.0,2.175,2.176,716510208.0,1559126213,1559126213,2026-08-04,2026-08-04 16:11:51+08:00
516390,新能源车ETF汇添富,0.869,0.8683,-0.08,0.008,0.93,47588.0,4121920.0,0.865,0.872,0.858,0.861,1.63,2.5,0.66,-9.96,12484.0,35104.0,285573.0,6.93,71748.0,1.74,213825.0,5.19,-177625.0,-4.31,-107948.0,-2.62,-62.0,0.869,0.87,190261000.0,165336809,165336809,2026-08-04,2026-08-04 16:11:57+08:00
560230,光伏ETF富国,0.756,0.7573,0.17,0.007,0.93,39961.0,3010715.0,0.749,0.76,0.746,0.749,1.87,4.35,1.03,3.24,20503.0,19458.0,119561.0,3.97,41153.0,1.37,78408.0,2.6,-135370.0,-4.5,15809.0,0.53,119.0,0.755,0.756,91889000.0,69468084,69468084,2026-08-04,2026-08-04 16:11:41+08:00
561900,沪深300ESGETF招商,0.983,0.984,0.1,0.009,0.92,23187.0,2283105.0,0.977,0.987,0.976,0.974,1.13,9.94,0.61,-4.58,11989.0,11198.0,338756.0,14.84,0.0,0.0,338756.0,14.84,-282819.0,-12.39,-55937.0,-2.45,-30.0,0.984,0.986,23334400.0,22937715,22937715,2026-08-04,2026-08-04 16:11:48+08:00
512090,MSCIA股ETF易方达,1.965,1.9658,0.04,0.018,0.92,714375.0,140120093.0,1.95,1.971,1.947,1.947,1.23,19.65,1.19,4.83,385519.0,328856.0,2311515.0,1.65,2886384.0,2.06,-574869.0,-0.41,-2184078.0,-1.56,-127437.0,-0.09,-84.0,1.966,1.969,363592304.0,714458877,714458877,2026-08-04,2026-08-04 16:11:38+08:00
159791,300ESGETF华夏,1.104,1.1068,0.25,0.01,0.91,16534.0,1821076.6,1.095,1.107,1.095,1.094,1.1,5.32,0.42,-1.84,4726.0,11808.0,1259849.0,69.18,0.0,0.0,1259849.0,69.18,-1251575.0,-68.73,-8274.0,-0.45,500.0,1.1,1.104,31083347.0,34316015,34316015,2026-08-04,2026-08-04 15:34:45+08:00
515550,中证500ETF国联,1.7,1.6945,-0.32,0.015,0.89,21777.0,3701968.0,1.685,1.716,1.685,1.685,1.84,10.2,1.18,33.99,19618.0,2159.0,-1567322.0,-42.34,0.0,0.0,-1567322.0,-42.34,1059662.0,28.62,507660.0,13.71,-60.0,1.7,1.707,21345700.0,36287690,36287690,2026-08-04,2026-08-04 16:11:47+08:00
159751,港股通科技ETF鹏华,0.904,0.9062,0.24,0.008,0.89,650694.0,58628259.8,0.899,0.908,0.895,0.896,1.45,7.13,0.92,-71.4,342101.0,308593.0,3561289.0,6.07,673776.0,1.15,2887513.0,4.93,-2578032.0,-4.4,-983257.0,-1.68,-3688.0,0.904,0.905,912629632.0,825017187,825017187,2026-08-04,2026-08-04 15:34:36+08:00
512380,MSCI中国ETF银华,1.587,1.5891,0.13,0.014,0.89,2695.0,428141.0,1.579,1.592,1.577,1.573,0.95,0.36,0.1,0.21,1653.0,1042.0,-85687.0,-20.01,-2997.0,-0.7,-82690.0,-19.31,72390.0,16.91,13296.0,3.11,1117.0,1.586,1.593,75805600.0,120303487,120303487,2026-08-04,2026-08-04 16:11:57+08:00
512190,浙商之江凤凰ETF,2.859,2.8646,0.2,0.025,0.88,3486.0,994586.0,2.837,2.882,2.837,2.834,1.59,0.19,0.43,85.14,2403.0,1083.0,-60617.0,-6.09,0.0,0.0,-60617.0,-6.09,58165.0,5.85,2453.0,0.25,-10.0,2.858,2.859,181218400.0,518103406,518103406,2026-08-04,2026-08-04 16:11:44+08:00
159251,港股通科技ETF万家,0.799,0.7999,0.11,0.007,0.88,306498.0,24397089.5,0.793,0.805,0.792,0.792,1.64,12.27,0.71,-45.27,146042.0,160456.0,545869.0,2.24,0.0,0.0,545869.0,2.24,-740048.0,-3.03,194178.0,0.8,51.0,0.798,0.799,249787744.0,199580407,199580407,2026-08-04,2026-08-04 15:34:06+08:00
159390,中证A50ETF国联,1.255,1.2625,0.59,0.011,0.88,37499.0,4698727.3,1.249,1.26,1.249,1.244,0.88,3.17,0.54,-4.85,17579.0,19920.0,-121161.0,-2.58,0.0,0.0,-121161.0,-2.58,287193.0,6.11,-166032.0,-3.53,-10.0,1.251,1.259,118268771.0,148427308,148427308,2026-08-04,2026-08-04 15:34:21+08:00
520980,港股通科技ETF汇添富,0.915,0.9176,0.28,0.008,0.88,3485571.0,317870523.0,0.913,0.922,0.906,0.907,1.76,10.42,0.7,-21.49,1815750.0,1669821.0,3281520.0,1.03,2338372.0,0.74,943148.0,0.3,-1820720.0,-0.57,-1460800.0,-0.46,-8088.0,0.915,0.916,3346387008.0,3061944112,3061944112,2026-08-04,2026-08-04 16:11:34+08:00
563670,金融科技ETF鹏华,0.687,0.692,0.72,0.006,0.88,17908.0,1233834.0,0.686,0.694,0.684,0.681,1.47,0.96,0.65,27.03,9976.0,7932.0,614.0,0.05,0.0,0.0,614.0,0.05,24236.0,1.96,-24852.0,-2.01,-230.0,0.687,0.69,186987000.0,128460069,128460069,2026-08-04,2026-08-04 16:11:53+08:00
515030,新能源车ETF华夏,1.628,1.627,-0.06,0.014,0.87,898955.0,146287596.0,1.618,1.637,1.607,1.614,1.86,5.66,1.08,-52.69,550344.0,348612.0,-31547411.0,-21.57,-20152255.0,-13.78,-11395156.0,-7.79,19158361.0,13.1,12389049.0,8.47,-653.0,1.628,1.629,1589384000.0,2587517152,2587517152,2026-08-04,2026-08-04 16:11:32+08:00
520670,港股通科技ETF嘉实,0.81,0.8136,0.44,0.007,0.87,188243.0,15211225.0,0.816,0.817,0.802,0.803,1.87,8.6,0.72,19.43,104298.0,83945.0,294810.0,1.94,3825.0,0.03,290985.0,1.91,-167313.0,-1.1,-127497.0,-0.84,-953.0,0.81,0.811,218928100.0,177331761,177331761,2026-08-04,2026-08-04 16:11:38+08:00
562890,A50ETF嘉实,1.394,1.3958,0.13,0.012,0.87,50187.0,6979590.0,1.391,1.398,1.385,1.382,0.94,2.33,0.36,16.48,29130.0,21057.0,197325.0,2.83,949251.0,13.6,-751926.0,-10.77,-174403.0,-2.5,-22924.0,-0.33,-4652.0,1.394,1.398,215051000.0,299781094,299781094,2026-08-04,2026-08-04 16:11:58+08:00
159637,新能源车ETF东财,0.816,0.815,-0.12,0.007,0.87,102213.0,8314701.4,0.809,0.819,0.805,0.809,1.73,1.47,0.58,-13.74,47153.0,55060.0,1248577.0,15.02,2940998.0,35.37,-1692421.0,-20.35,-755484.0,-9.09,-493092.0,-5.93,-384.0,0.816,0.817,693768096.0,566114766,566114766,2026-08-04,2026-08-04 15:34:18+08:00
159866,日经ETF工银,1.647,1.6007,-2.89,0.014,0.86,2689415.0,439767480.855,1.619,1.651,1.615,1.633,2.2,27.3,1.08,2.82,1515437.0,1173978.0,22598088.0,5.14,-3923712.0,-0.89,26521800.0,6.03,-22021444.0,-5.01,-576643.0,-0.13,8070.0,1.646,1.647,984979376.0,1622261032,1622261032,2026-08-04,2026-08-04 15:34:00+08:00
159755,电池ETF广发,0.947,0.9477,0.07,0.008,0.85,3371304.0,318608826.827,0.944,0.951,0.934,0.939,1.81,3.6,0.78,-12.38,1741635.0,1629669.0,-6328860.0,-1.99,-15072342.0,-4.73,8743482.0,2.74,2210577.0,0.69,4118283.0,1.29,-15681.0,0.947,0.948,9371646720.0,8874949444,8874949444,2026-08-04,2026-08-04 15:34:03+08:00
520530,港股通科技ETF东财,0.831,0.833,0.24,0.007,0.85,547330.0,45368696.0,0.828,0.836,0.824,0.824,1.46,22.45,0.91,7.73,292292.0,255038.0,2711896.0,5.98,-168914.0,-0.37,2880810.0,6.35,-1617029.0,-3.56,-1094867.0,-2.41,-783.0,0.83,0.831,243776000.0,202577856,202577856,2026-08-04,2026-08-04 16:11:53+08:00
516020,化工ETF华宝,0.838,0.8372,-0.1,0.007,0.84,611234.0,50961070.0,0.83,0.84,0.824,0.831,1.93,1.53,0.51,-14.09,320704.0,290530.0,5334483.0,10.47,2008811.0,3.94,3325672.0,6.53,-4287723.0,-8.41,-1046760.0,-2.05,-1308.0,0.837,0.838,4004326208.0,3355625362,3355625362,2026-08-04,2026-08-04 16:11:44+08:00
159299,金融科技ETF易方达,0.717,0.7184,0.19,0.006,0.84,358214.0,25708644.9,0.72,0.722,0.711,0.711,1.55,5.08,1.14,-3.29,156388.0,201826.0,1363006.0,5.3,1085208.0,4.22,277798.0,1.08,-1134224.0,-4.41,-228781.0,-0.89,1685.0,0.716,0.717,704472976.0,505107124,505107124,2026-08-04,2026-08-04 15:34:27+08:00
159824,新能源车ETF博时,1.09,1.0906,0.06,0.009,0.83,33595.0,3664653.7,1.08,1.095,1.08,1.081,1.39,3.99,0.82,32.07,9519.0,24076.0,141114.0,3.85,631075.0,17.22,-489961.0,-13.37,-65782.0,-1.8,-75331.0,-2.06,1188.0,1.09,1.092,84135070.0,91707226,91707226,2026-08-04,2026-08-04 15:34:45+08:00
560820,中证A50ETF新华,1.22,1.2213,0.11,0.01,0.83,106.0,12904.0,1.212,1.22,1.212,1.21,0.66,0.03,0.78,40.62,67.0,39.0,6448.0,49.97,0.0,0.0,6448.0,49.97,0.0,0.0,-6448.0,-49.97,-20.0,1.22,1.227,40926000.0,49929720,49929720,2026-08-04,2026-08-04 16:11:42+08:00
513520,日经ETF华夏,2.224,2.1355,-4.14,0.018,0.82,2447428.0,541132610.0,2.193,2.229,2.181,2.206,2.18,22.93,1.1,-24.48,1307172.0,1140256.0,-23082009.0,-4.27,8284887.0,1.53,-31366896.0,-5.8,13708968.0,2.53,9373040.0,1.73,-28286.0,2.223,2.224,1067387200.0,2373869133,2373869133,2026-08-04,2026-08-04 16:11:51+08:00
561230,中证A50ETF工银,1.346,1.3435,-0.19,0.011,0.82,86981.0,11669525.0,1.335,1.349,1.335,1.335,1.05,1.88,0.3,-2.94,29513.0,57468.0,925285.0,7.93,3733641.0,31.99,-2808356.0,-24.07,-815094.0,-6.98,-110192.0,-0.94,45.0,1.344,1.348,462477808.0,622495130,622495130,2026-08-04,2026-08-04 16:11:43+08:00
159125,港股通科技ETF招商,0.749,0.7456,-0.46,0.006,0.81,660185.0,49200802.505,0.749,0.753,0.741,0.743,1.62,7.68,1.04,-6.23,364913.0,295272.0,-2625742.0,-5.34,-1171730.0,-2.38,-1454012.0,-2.96,-2235593.0,-4.54,4861336.0,9.88,19.0,0.748,0.749,859245888.0,643575170,643575170,2026-08-04,2026-08-04 15:34:51+08:00
159592,A50ETF银华,1.364,1.3636,-0.03,0.011,0.81,262896.0,35745678.2,1.356,1.368,1.355,1.353,0.96,4.22,0.93,20.08,172042.0,90854.0,127806.0,0.36,-2582315.0,-7.22,2710121.0,7.58,42709.0,0.12,-170516.0,-0.48,921.0,1.365,1.366,622310464.0,848831473,848831473,2026-08-04,2026-08-04 15:34:18+08:00
516600,消费服务ETF工银,0.625,0.6247,-0.05,0.005,0.81,4756.0,296840.0,0.623,0.626,0.623,0.62,0.48,0.42,0.31,3.92,1428.0,3328.0,147663.0,49.74,12864.0,4.33,134799.0,45.41,-144955.0,-48.83,-2708.0,-0.91,160.0,0.624,0.625,113332100.0,70832563,70832563,2026-08-04,2026-08-04 16:11:52+08:00
513980,港股科技ETF景顺,0.62,0.6235,0.56,0.005,0.81,5502177.0,339987090.0,0.618,0.624,0.614,0.615,1.63,2.92,0.7,-9.52,2401668.0,3100509.0,11864.0,0.0,40359587.0,11.87,-40347723.0,-11.87,1914608.0,0.56,-1926473.0,-0.57,-21768.0,0.619,0.62,18815204096.0,11665426540,11665426540,2026-08-04,2026-08-04 16:11:53+08:00
159335,央企科创ETF融通,1.511,1.5183,0.48,0.012,0.8,215359.0,32493901.0,1.499,1.514,1.499,1.499,1.0,34.47,11.95,12.67,192393.0,22966.0,-15785284.0,-48.58,-2415334.0,-7.43,-13369950.0,-41.15,15587894.0,47.97,197391.0,0.61,335.0,1.51,1.511,62483689.0,94412854,94412854,2026-08-04,2026-08-04 15:34:51+08:00
517010,沪港深500ETF易方达,1.135,1.1304,-0.41,0.009,0.8,6674.0,755578.0,1.128,1.14,1.128,1.126,1.07,0.72,0.22,-0.12,3706.0,2968.0,124662.0,16.5,0.0,0.0,124662.0,16.5,-126140.0,-16.69,1479.0,0.2,-1.0,1.132,1.133,93144200.0,105718667,105718667,2026-08-04,2026-08-04 16:12:00+08:00
516960,机械ETF国泰,0.904,0.9017,-0.26,0.007,0.78,6866.0,618447.0,0.893,0.907,0.893,0.897,1.56,4.56,0.98,11.2,5388.0,1478.0,-69329.0,-11.21,306253.0,49.52,-375582.0,-60.73,82406.0,13.32,-13078.0,-2.11,-15.0,0.901,0.904,15051100.0,13606194,13606194,2026-08-04,2026-08-04 16:11:50+08:00
560350,中证A50ETF摩根,1.286,1.2854,-0.05,0.01,0.78,257091.0,33026998.0,1.276,1.29,1.276,1.276,1.1,2.97,1.04,-7.53,77808.0,179283.0,15423488.0,46.7,9901535.0,29.98,5521953.0,16.72,-14740516.0,-44.63,-682972.0,-2.07,-215.0,1.286,1.287,865532096.0,1113074275,1113074275,2026-08-04,2026-08-04 16:11:36+08:00
563350,A50ETF华泰柏瑞,1.427,1.4247,-0.16,0.011,0.78,85905.0,12238533.0,1.417,1.432,1.417,1.416,1.06,4.52,0.37,5.95,53107.0,32798.0,787372.0,6.43,5147458.0,42.06,-4360086.0,-35.63,-711259.0,-5.81,-76113.0,-0.62,-419.0,1.426,1.43,189997600.0,271126575,271126575,2026-08-04,2026-08-04 16:11:49+08:00
512970,大湾区ETF平安,1.423,1.4209,-0.15,0.011,0.78,4355.0,617872.0,1.412,1.426,1.409,1.412,1.2,6.23,0.37,3.32,1347.0,3008.0,378.0,0.06,0.0,0.0,378.0,0.06,-46053.0,-7.45,45675.0,7.39,-1.0,1.423,1.424,6987600.0,9943355,9943355,2026-08-04,2026-08-04 16:11:51+08:00
159757,电池ETF景顺,0.787,0.7889,0.24,0.006,0.77,113467.0,8929935.2,0.78,0.791,0.778,0.781,1.66,4.42,0.79,-5.31,58773.0,54694.0,409965.0,4.59,160133.0,1.79,249832.0,2.8,-291857.0,-3.27,-118107.0,-1.32,-438.0,0.787,0.788,256931891.0,202205398,202205398,2026-08-04,2026-08-04 15:34:12+08:00
159717,ESGETF鹏华,1.048,1.0477,-0.03,0.008,0.77,2205.0,231152.1,1.043,1.05,1.043,1.04,0.67,0.96,0.4,-3.33,2154.0,51.0,-10783.0,-4.66,0.0,0.0,-10783.0,-4.66,0.0,0.0,10783.0,4.66,90.0,1.044,1.052,22873183.0,23971096,23971096,2026-08-04,2026-08-04 15:34:54+08:00
563380,航空航天ETF华泰柏瑞,0.926,0.9268,0.09,0.007,0.76,417884.0,38659563.0,0.919,0.93,0.918,0.919,1.31,4.35,0.94,2.67,214766.0,203118.0,2404923.0,6.22,3785585.0,9.79,-1380662.0,-3.57,-1707781.0,-4.42,-697142.0,-1.8,-1100.0,0.926,0.927,959950000.0,888913700,888913700,2026-08-04,2026-08-04 16:12:01+08:00
159618,光伏ETF华安,0.663,0.6639,0.14,0.005,0.76,22965.0,1517699.1,0.655,0.669,0.655,0.658,2.13,3.06,1.34,76.12,11435.0,11530.0,-148503.0,-9.78,279800.0,18.44,-428303.0,-28.22,75584.0,4.98,72919.0,4.8,-212.0,0.663,0.665,75131407.0,49812123,49812123,2026-08-04,2026-08-04 15:34:39+08:00
159886,机械ETF富国,0.931,0.9284,-0.28,0.007,0.76,61622.0,5703643.3,0.924,0.933,0.917,0.924,1.73,8.77,1.06,1.75,22370.0,39252.0,922764.0,16.18,1711100.0,30.0,-788336.0,-13.82,-289171.0,-5.07,-633593.0,-11.11,60.0,0.93,0.931,70242555.0,65395819,65395819,2026-08-04,2026-08-04 15:34:27+08:00
159392,航空ETF富国,0.942,0.9409,-0.12,0.007,0.75,37325.0,3503421.1,0.94,0.945,0.925,0.935,2.14,1.99,0.59,-9.32,18869.0,18456.0,234537.0,6.69,559366.0,15.97,-324829.0,-9.27,-83278.0,-2.38,-151259.0,-4.32,-35.0,0.942,0.943,187785500.0,176893941,176893941,2026-08-04,2026-08-04 15:34:21+08:00
520860,港股通科技ETF富国,0.804,0.8073,0.41,0.006,0.75,317789.0,25497264.0,0.804,0.81,0.798,0.798,1.5,9.18,0.62,-6.24,161722.0,156067.0,76296.0,0.3,0.0,0.0,76296.0,0.3,-7171.0,-0.03,-69125.0,-0.27,-2.0,0.804,0.805,346195008.0,278340786,278340786,2026-08-04,2026-08-04 16:12:00+08:00
517300,沪港深300ETF国寿,0.955,0.9556,0.06,0.007,0.74,1380793.0,131140140.0,0.953,0.957,0.946,0.948,1.16,10.8,79.24,-5.58,333178.0,1047615.0,735562.0,0.56,100394645.0,76.56,-99659083.0,-75.99,-554108.0,-0.42,-181454.0,-0.14,23.0,0.953,0.955,1278434496.0,1220904944,1220904944,2026-08-04,2026-08-04 16:11:43+08:00
562050,药ETF华宝,0.959,0.9604,0.15,0.007,0.74,67590.0,6495032.0,0.953,0.969,0.953,0.952,1.68,6.23,0.83,-2.0,28387.0,39203.0,143975.0,2.22,-76866.0,-1.18,220841.0,3.4,-89560.0,-1.38,-54415.0,-0.84,-36.0,0.959,0.96,108468000.0,104020812,104020812,2026-08-04,2026-08-04 16:11:45+08:00
513350,标普油气ETF富国,1.238,1.2373,-0.06,0.009,0.73,4891487.0,606577564.0,1.239,1.247,1.235,1.229,0.98,59.38,0.46,-45.85,2533327.0,2358160.0,15143828.0,2.5,21327049.0,3.52,-6183221.0,-1.02,-7886907.0,-1.3,-7256920.0,-1.2,-50515.0,1.238,1.239,823746000.0,1019797548,1019797548,2026-08-04,2026-08-04 16:11:40+08:00
513000,日经225ETF易方达,2.227,2.1548,-3.35,0.016,0.72,1925852.0,426838552.0,2.204,2.239,2.194,2.211,2.04,19.4,1.28,-21.79,1017675.0,908177.0,43185328.0,10.12,14233562.0,3.33,28951766.0,6.78,-33576706.0,-7.87,-9608621.0,-2.25,-6182.0,2.227,2.228,992911408.0,2211213706,2211213706,2026-08-04,2026-08-04 16:11:56+08:00
159980,有色ETF大成,2.138,2.1346,-0.16,0.015,0.71,2123914.0,453560136.68,2.122,2.142,2.122,2.123,0.94,7.83,1.49,-12.55,1237894.0,886020.0,-23879372.0,-5.26,-70841850.0,-15.62,46962478.0,10.35,9174077.0,2.02,14705295.0,3.24,6016.0,2.137,2.138,2711824784.0,5797881388,5797881388,2026-08-04,2026-08-04 15:34:51+08:00
513560,香港科技ETF兴银,1.15,1.1557,0.49,0.008,0.7,605482.0,69568113.0,1.145,1.16,1.142,1.142,1.58,11.1,1.0,-55.19,300946.0,304535.0,3231563.0,4.65,-2178894.0,-3.13,5410457.0,7.78,-1747089.0,-2.51,-1484474.0,-2.13,-276.0,1.15,1.151,545386000.0,627193900,627193900,2026-08-04,2026-08-04 16:11:57+08:00
159529,标普消费ETF景顺,1.286,1.2838,-0.17,0.009,0.7,534746.0,68578041.6,1.283,1.287,1.275,1.277,0.94,6.59,0.64,-8.54,250529.0,284217.0,18817930.0,27.44,8714263.0,12.71,10103667.0,14.73,-1396768.0,-2.04,-17421162.0,-25.4,-4101.0,1.286,1.287,811536784.0,1043636304,1043636304,2026-08-04,2026-08-04 15:34:48+08:00
510170,大宗商品ETF国联安,1.317,1.318,0.08,0.009,0.69,70177.0,9216315.0,1.309,1.32,1.3,1.308,1.53,2.07,0.88,5.67,45202.0,24975.0,804110.0,8.72,0.0,0.0,804110.0,8.72,-482743.0,-5.24,-321368.0,-3.49,-179.0,1.316,1.317,338914800.0,446350792,446350792,2026-08-04,2026-08-04 16:11:43+08:00
516220,化工ETF国泰,0.877,0.8765,-0.06,0.006,0.69,101682.0,8884604.0,0.872,0.879,0.862,0.871,1.95,3.71,0.62,3.09,47080.0,54602.0,728118.0,8.2,714297.0,8.04,13821.0,0.16,-438325.0,-4.93,-289793.0,-3.26,-413.0,0.876,0.877,274170000.0,240447090,240447090,2026-08-04,2026-08-04 16:11:55+08:00
159197,石油ETF招商,0.872,0.8741,0.24,0.006,0.69,141013.0,12330482.5,0.871,0.877,0.869,0.866,0.92,29.76,1.02,34.5,66973.0,74040.0,337149.0,2.73,0.0,0.0,337149.0,2.73,-274539.0,-2.23,-62608.0,-0.51,-20.0,0.872,0.874,47388290.0,41322589,41322589,2026-08-04,2026-08-04 15:34:45+08:00
159156,电池ETF万家,0.886,0.8865,0.06,0.006,0.68,47307.0,4181576.2,0.882,0.888,0.874,0.88,1.59,2.2,0.64,-63.71,23973.0,23334.0,-1099095.0,-26.28,55823.0,1.33,-1154918.0,-27.62,446684.0,10.68,652411.0,15.6,-100.0,0.886,0.888,215461253.0,190898670,190898670,2026-08-04,2026-08-04 15:34:45+08:00
159129,化工ETF嘉实,1.038,1.0384,0.04,0.007,0.68,144083.0,14874995.999,1.035,1.042,1.021,1.031,2.04,1.23,0.72,-13.42,71657.0,72426.0,1232538.0,8.29,401673.0,2.7,830865.0,5.59,-704507.0,-4.74,-528031.0,-3.55,-245.0,1.038,1.039,1172906592.0,1217477042,1217477042,2026-08-04,2026-08-04 15:34:36+08:00
159729,互联网ETF汇添富,0.741,0.7453,0.58,0.005,0.68,10025.0,740358.4,0.74,0.749,0.733,0.736,2.17,1.54,0.7,-84.76,2337.0,7688.0,-121668.0,-16.43,0.0,0.0,-121668.0,-16.43,140322.0,18.95,-18652.0,-2.52,10.0,0.739,0.741,64960633.0,48135829,48135829,2026-08-04,2026-08-04 15:34:15+08:00
159750,港股科技50ETF招商,0.903,0.9076,0.51,0.006,0.67,932323.0,83891921.3,0.901,0.91,0.894,0.897,1.78,7.37,0.8,-23.12,484494.0,447829.0,4053036.0,4.83,354018.0,0.42,3699018.0,4.41,-3627503.0,-4.32,-425532.0,-0.51,1097.0,0.901,0.903,1265618256.0,1142853285,1142853285,2026-08-04,2026-08-04 15:34:24+08:00
159128,港股科技ETF天弘,0.754,0.7551,0.15,0.005,0.67,1239468.0,93226391.518,0.755,0.761,0.748,0.749,1.74,6.48,1.09,-50.66,580639.0,658829.0,-100308.0,-0.11,2318989.0,2.49,-2419297.0,-2.6,-885876.0,-0.95,986184.0,1.06,36.0,0.753,0.754,1912760848.0,1442221679,1442221679,2026-08-04,2026-08-04 15:34:03+08:00
159747,香港科技ETF南方,1.227,1.2289,0.15,0.008,0.66,528753.0,64727170.7,1.226,1.237,1.217,1.219,1.64,16.59,0.8,-38.3,274181.0,254572.0,4960639.0,7.66,1582311.0,2.44,3378328.0,5.22,-2887263.0,-4.46,-2073376.0,-3.2,619.0,1.226,1.227,318712272.0,391059958,391059958,2026-08-04,2026-08-04 15:34:09+08:00
159170,港股通互联网ETF永赢,0.92,0.9198,-0.02,0.006,0.66,659455.0,60461537.137,0.93,0.934,0.908,0.914,2.84,15.68,0.77,-46.78,350734.0,308721.0,918218.0,1.52,-3122254.0,-5.16,4040472.0,6.68,-945880.0,-1.56,27661.0,0.05,227.0,0.919,0.92,420638352.0,386987284,386987284,2026-08-04,2026-08-04 15:34:21+08:00
563280,A50增强ETF富国,1.424,1.4288,0.34,0.009,0.64,1993.0,283948.0,1.42,1.432,1.42,1.415,0.85,2.97,0.46,-4.77,1798.0,195.0,16936.0,5.96,0.0,0.0,16936.0,5.96,0.0,0.0,-16936.0,-5.96,-1544.0,1.422,1.424,6706600.0,9550198,9550198,2026-08-04,2026-08-04 16:11:55+08:00
159015,恒生港股通科技ETF国联,0.941,0.9446,0.38,0.006,0.64,73741.0,6918165.42,0.937,0.948,0.934,0.935,1.5,6.51,0.53,-58.75,36923.0,36818.0,866019.0,12.52,0.0,0.0,866019.0,12.52,-721493.0,-10.43,-144526.0,-2.09,-4.0,0.94,0.942,113352934.0,106665111,106665111,2026-08-04,2026-08-04 15:34:00+08:00
159870,化工ETF鹏华,0.783,0.7851,0.27,0.005,0.64,3715826.0,290587032.02,0.779,0.788,0.772,0.778,2.06,2.05,0.89,-25.02,2028670.0,1687155.0,-4765252.0,-1.64,-37824320.0,-13.02,33059068.0,11.38,5499957.0,1.89,-734704.0,-0.25,-42768.0,0.783,0.784,18086607104.0,14161813362,14161813362,2026-08-04,2026-08-04 15:34:18+08:00
560810,央企ESGETF融通,1.272,1.2731,0.09,0.008,0.63,4153.0,527138.0,1.263,1.275,1.263,1.264,0.95,0.22,0.34,-7.25,2224.0,1929.0,75559.0,14.33,0.0,0.0,75559.0,14.33,-82489.0,-15.65,6930.0,1.31,-1.0,1.27,1.272,190116000.0,241827552,241827552,2026-08-04,2026-08-04 16:11:49+08:00
510210,上证指数ETF富国,0.974,0.9732,-0.08,0.006,0.62,12521028.0,1216820289.0,0.97,0.976,0.969,0.968,0.72,6.13,0.79,-39.09,6779443.0,5741586.0,236708088.0,19.45,406869568.0,33.44,-170161480.0,-13.98,-189622864.0,-15.58,-47085227.0,-3.87,-102335.0,0.973,0.974,20432192512.0,19900955507,19900955507,2026-08-04,2026-08-04 16:11:52+08:00
159596,A50ETF华宝,0.66,0.6617,0.26,0.004,0.61,329543.0,21720266.5,0.656,0.662,0.656,0.656,0.91,6.25,0.92,9.68,121363.0,208180.0,7394889.0,34.05,8263070.0,38.04,-868181.0,-4.0,-6934214.0,-31.93,-460674.0,-2.12,87.0,0.66,0.661,527683040.0,348270806,348270806,2026-08-04,2026-08-04 15:34:21+08:00
516660,新能源车ETF华安,0.988,0.9898,0.18,0.006,0.61,7443.0,738132.0,0.985,0.994,0.979,0.982,1.53,0.47,0.7,1.31,4037.0,3406.0,55308.0,7.49,3916.0,0.53,51392.0,6.96,29411.0,3.98,-84719.0,-11.48,-45.0,0.988,0.99,157689000.0,155796732,155796732,2026-08-04,2026-08-04 16:11:36+08:00
510150,消费ETF招商,0.504,0.5024,-0.32,0.003,0.6,1678081.0,84788390.0,0.505,0.508,0.502,0.501,1.2,5.47,1.88,-1.15,1199759.0,478322.0,1967868.0,2.32,1687215.0,1.99,280653.0,0.33,-2030154.0,-2.39,62286.0,0.07,-5800.0,0.503,0.504,3067178608.0,1545858018,1545858018,2026-08-04,2026-08-04 16:11:47+08:00
159578,深证主板50ETF南方,1.194,1.1924,-0.13,0.007,0.59,433.0,51471.5,1.181,1.194,1.181,1.187,1.1,0.22,0.12,-11.9,43.0,390.0,45294.0,88.0,0.0,0.0,45294.0,88.0,-23720.0,-46.08,-21574.0,-41.91,1.0,1.189,1.193,19998831.0,23878604,23878604,2026-08-04,2026-08-04 15:34:27+08:00
159189,石油ETF华夏,0.859,0.86,0.12,0.005,0.59,142974.0,12298615.309,0.855,0.864,0.855,0.854,1.05,12.32,1.03,-88.1,54566.0,88408.0,-140337.0,-1.14,0.0,0.0,-140337.0,-1.14,279325.0,2.27,-138987.0,-1.13,-76.0,0.859,0.86,116083187.0,99715458,99715458,2026-08-04,2026-08-04 15:34:09+08:00
159861,碳中和50ETF国泰,1.04,1.0412,0.12,0.006,0.58,28573.0,2972084.7,1.042,1.045,1.032,1.034,1.26,2.91,0.71,-6.91,19726.0,8847.0,340308.0,11.45,0.0,0.0,340308.0,11.45,-279656.0,-9.41,-60653.0,-2.04,-13.0,1.04,1.045,98117535.0,102042236,102042236,2026-08-04,2026-08-04 15:34:54+08:00
159806,新能源车ETF国泰,0.711,0.7118,0.11,0.004,0.57,468718.0,33326925.8,0.708,0.715,0.703,0.707,1.7,5.43,2.36,-26.73,372749.0,95969.0,-545556.0,-1.64,-17361892.0,-52.1,16816336.0,50.46,529589.0,1.59,15966.0,0.05,1948.0,0.71,0.711,863089440.0,613656592,613656592,2026-08-04,2026-08-04 15:34:45+08:00
562010,绿色能源ETF华宝,0.884,0.8823,-0.19,0.005,0.57,6370.0,560731.0,0.879,0.884,0.869,0.879,1.71,3.3,0.57,25.12,4178.0,2192.0,119426.0,21.3,0.0,0.0,119426.0,21.3,-75629.0,-13.49,-43797.0,-7.81,-20.0,0.881,0.884,19298700.0,17060051,17060051,2026-08-04,2026-08-04 16:11:56+08:00
159528,国企改革ETF富国,1.227,1.2247,-0.19,0.007,0.57,2693.0,329566.7,1.219,1.245,1.219,1.22,2.13,3.68,0.41,0.46,577.0,2116.0,-30188.0,-9.16,0.0,0.0,-30188.0,-9.16,34177.0,10.37,-3989.0,-1.21,50.0,1.227,1.232,7320773.0,8982588,8982588,2026-08-04,2026-08-04 15:34:51+08:00
159959,央企ETF银华,1.608,1.611,0.19,0.009,0.56,1178.0,189058.7,1.592,1.614,1.592,1.599,1.38,0.01,0.26,32.35,889.0,289.0,117934.0,62.38,115678.0,61.19,2256.0,1.19,-64155.0,-33.93,-53780.0,-28.45,-63.0,1.6,1.61,1828891776.0,2940857976,2940857976,2026-08-04,2026-08-04 15:34:33+08:00
159636,港股通科技30ETF工银,0.542,0.543,0.18,0.003,0.56,6781290.0,366511697.2,0.54,0.547,0.537,0.539,1.86,2.91,0.78,-47.02,3074392.0,3706898.0,-2312173.0,-0.63,44634220.0,12.18,-46946393.0,-12.81,1544761.0,0.42,767412.0,0.21,24738.0,0.541,0.542,23302501120.0,12629955607,12629955607,2026-08-04,2026-08-04 15:34:18+08:00
159981,能源化工ETF建信,1.496,1.4967,0.05,0.008,0.54,1703859.0,256214058.74,1.494,1.516,1.49,1.488,1.75,9.73,0.86,-33.07,856789.0,847070.0,8465001.0,3.3,19259174.0,7.52,-10794173.0,-4.21,-5160446.0,-2.01,-3304555.0,-1.29,20612.0,1.495,1.496,1750536960.0,2618803292,2618803292,2026-08-04,2026-08-04 15:34:57+08:00
513320,港股通新经济ETF易方达,1.114,1.1154,0.13,0.006,0.54,151932.0,16880034.0,1.114,1.121,1.106,1.108,1.35,17.07,0.72,-3.23,72619.0,79313.0,980198.0,5.81,1677.0,0.01,978521.0,5.8,-1130257.0,-6.7,150060.0,0.89,-90.0,1.112,1.114,89010600.0,99157808,99157808,2026-08-04,2026-08-04 16:11:43+08:00
159758,红利质量ETF华夏,1.116,1.1167,0.06,0.006,0.54,273438.0,30508593.3,1.112,1.12,1.109,1.11,0.99,1.98,0.48,17.87,114655.0,158783.0,-3003325.0,-9.84,396887.0,1.3,-3400212.0,-11.15,2237257.0,7.33,766068.0,2.51,-49.0,1.116,1.117,1380290784.0,1540404515,1540404515,2026-08-04,2026-08-04 15:34:21+08:00
513380,恒生科技ETF广发,0.56,0.5602,0.04,0.003,0.54,3474373.0,193873266.0,0.559,0.564,0.555,0.557,1.62,1.93,0.67,0.85,1936074.0,1538299.0,1556652.0,0.8,1088867.0,0.56,467785.0,0.24,-1194502.0,-0.62,-362150.0,-0.19,-16147.0,0.559,0.56,18037784832.0,10101159506,10101159506,2026-08-04,2026-08-04 16:11:58+08:00
159191,港股通科技ETF易方达,0.953,0.9549,0.2,0.005,0.53,63753.0,6061774.048,0.949,0.961,0.946,0.948,1.58,8.84,0.76,-35.72,25863.0,37890.0,96677.0,1.59,857757.0,14.15,-761080.0,-12.56,-102981.0,-1.7,6303.0,0.1,296.0,0.95,0.953,72104851.0,68715923,68715923,2026-08-04,2026-08-04 15:34:27+08:00
159985,豆粕ETF华夏,2.105,2.0597,-2.2,0.011,0.53,1396659.0,293568791.329,2.094,2.115,2.093,2.094,1.05,9.08,0.52,-5.89,739526.0,657133.0,-2850458.0,-0.97,5370492.0,1.83,-8220950.0,-2.8,3400144.0,1.16,-549686.0,-0.19,-5302.0,2.105,2.106,1537924064.0,3237330155,3237330155,2026-08-04,2026-08-04 15:34:15+08:00
159280,港股通互联网ETF汇添富,0.755,0.7558,0.11,0.004,0.53,351599.0,26498699.1,0.756,0.766,0.747,0.751,2.53,35.26,0.84,-25.3,175448.0,176151.0,686542.0,2.59,-454248.0,-1.71,1140790.0,4.31,-922159.0,-3.48,235617.0,0.89,2.0,0.754,0.755,99717171.0,75286464,75286464,2026-08-04,2026-08-04 15:34:45+08:00
159101,港股通科技ETF华夏,0.768,0.7696,0.21,0.004,0.52,3010666.0,230947940.365,0.768,0.776,0.763,0.764,1.7,10.14,0.8,-27.16,1502473.0,1508193.0,-11970767.0,-5.18,6788190.0,2.94,-18758957.0,-8.12,12392715.0,5.37,-421948.0,-0.18,-2667.0,0.768,0.769,2968311456.0,2279663198,2279663198,2026-08-04,2026-08-04 15:34:42+08:00
517170,沪港深500ETF华夏,1.011,1.0112,0.02,0.005,0.5,7113.0,718820.0,1.01,1.013,1.009,1.006,0.4,4.41,0.87,-0.3,2113.0,5000.0,87474.0,12.17,0.0,0.0,87474.0,12.17,-87581.0,-12.18,107.0,0.01,3.0,1.01,1.011,16131800.0,16309250,16309250,2026-08-04,2026-08-04 16:11:34+08:00
512960,央企结构调整ETF博时,1.438,1.4422,0.29,0.007,0.49,22768.0,3279729.0,1.431,1.446,1.431,1.431,1.05,0.06,0.61,-0.1,9713.0,13055.0,119171.0,3.63,-143.0,0.0,119314.0,3.64,-153557.0,-4.68,34387.0,1.05,-1820.0,1.44,1.442,3857257296.0,5546735992,5546735992,2026-08-04,2026-08-04 16:11:50+08:00
512710,军工龙头ETF富国,0.616,0.6159,-0.02,0.003,0.49,4683403.0,288226786.0,0.613,0.619,0.612,0.613,1.14,3.92,0.93,-12.43,2514377.0,2169026.0,-1495613.0,-0.52,-6571572.0,-2.28,5075959.0,1.76,-3958981.0,-1.37,5454594.0,1.89,-36429.0,0.616,0.617,11952658432.0,7362837594,7362837594,2026-08-04,2026-08-04 16:11:59+08:00
159697,石油ETF鹏华,1.281,1.2813,0.02,0.006,0.47,424229.0,54312720.8,1.274,1.287,1.273,1.275,1.1,3.53,0.56,-53.41,252306.0,171923.0,27067285.0,49.84,9368450.0,17.25,17698835.0,32.59,-10304250.0,-18.97,-16763035.0,-30.86,1000.0,1.28,1.281,1203022000.0,1541071182,1541071182,2026-08-04,2026-08-04 15:34:39+08:00
159872,智能网联汽车ETF鹏华,0.853,0.8557,0.32,0.004,0.47,4690.0,398694.7,0.85,0.857,0.846,0.849,1.3,0.8,0.57,96.8,1459.0,3231.0,67195.0,16.85,22776.0,5.71,44419.0,11.14,-26140.0,-6.56,-41056.0,-10.3,117.0,0.854,0.857,58799732.0,50156171,50156171,2026-08-04,2026-08-04 15:34:06+08:00
512950,央企改革ETF华夏,1.485,1.4862,0.08,0.007,0.47,110128.0,16348999.0,1.478,1.492,1.478,1.478,0.95,0.27,1.02,0.44,49841.0,60287.0,4242028.0,25.95,641050.0,3.92,3600978.0,22.03,-279273.0,-1.71,-3962755.0,-24.24,-7.0,1.485,1.489,4054551008.0,6021008247,6021008247,2026-08-04,2026-08-04 16:11:59+08:00
510760,上证指数ETF国泰,1.281,1.2805,-0.04,0.006,0.47,2803188.0,358621080.0,1.278,1.284,1.274,1.275,0.78,6.41,0.96,-36.44,1073486.0,1729702.0,32504928.0,9.06,51971032.0,14.49,-19466104.0,-5.43,-24913561.0,-6.95,-7591368.0,-2.12,-21582.0,1.281,1.282,4376503808.0,5606301378,5606301378,2026-08-04,2026-08-04 16:11:40+08:00
159179,港股通互联网ETF工银,0.905,0.9066,0.18,0.004,0.44,506028.0,45687089.3,0.905,0.92,0.895,0.901,2.77,44.82,0.92,12.02,235287.0,270741.0,784206.0,1.72,924135.0,2.02,-139929.0,-0.31,-521891.0,-1.14,-262314.0,-0.57,10.0,0.903,0.905,112903568.0,102177729,102177729,2026-08-04,2026-08-04 15:34:06+08:00
513890,恒生科技ETF摩根,0.945,0.9452,0.02,0.004,0.43,474355.0,44684028.0,0.946,0.953,0.937,0.941,1.7,5.26,0.9,-4.72,256668.0,217687.0,-3723235.0,-8.33,-3359520.0,-7.52,-363715.0,-0.81,4245709.0,9.5,-522475.0,-1.17,-1596.0,0.944,0.945,901128000.0,851565960,851565960,2026-08-04,2026-08-04 16:12:01+08:00
159790,碳中和ETF华夏,0.711,0.7097,-0.18,0.003,0.42,160424.0,11376181.672,0.708,0.712,0.706,0.708,0.85,0.97,0.27,-46.52,106287.0,54137.0,-1226710.0,-10.78,1246356.0,10.96,-2473066.0,-21.74,144498.0,1.27,1082212.0,9.51,230.0,0.71,0.711,1650528480.0,1173525749,1173525749,2026-08-04,2026-08-04 15:34:24+08:00
159148,石油ETF富国,0.955,0.9547,-0.03,0.004,0.42,65743.0,6279240.836,0.948,0.959,0.948,0.951,1.16,2.75,0.35,16.56,32200.0,33543.0,626682.0,9.98,-483453.0,-7.7,1110135.0,17.68,-694495.0,-11.06,67812.0,1.08,-320.0,0.955,0.956,239466601.0,228690604,228690604,2026-08-04,2026-08-04 15:34:09+08:00
517080,沪港深500ETF汇添富,1.004,1.006,0.2,0.004,0.4,14593.0,1462414.0,1.004,1.005,0.999,1.0,0.6,0.81,1.27,-53.54,11140.0,3453.0,-75396.0,-5.16,0.0,0.0,-75396.0,-5.16,146010.0,9.98,-70614.0,-4.83,-2046.0,1.001,1.004,181166000.0,181890664,181890664,2026-08-04,2026-08-04 16:11:50+08:00
520570,恒生科技ETF南方,0.78,0.7794,-0.08,0.003,0.39,1424297.0,110709713.0,0.781,0.787,0.773,0.777,1.8,4.17,0.75,-29.47,697982.0,726315.0,-371890.0,-0.34,51257.0,0.05,-423147.0,-0.38,122376.0,0.11,249514.0,0.23,-4011.0,0.779,0.78,3415876000.0,2664383280,2664383280,2026-08-04,2026-08-04 16:11:55+08:00
510980,上证指数ETF汇添富,1.359,1.3592,0.01,0.005,0.37,1448485.0,196502880.0,1.355,1.362,1.352,1.354,0.74,12.38,0.87,-14.25,748595.0,699890.0,27819904.0,14.16,25529525.0,12.99,2290379.0,1.17,-18439200.0,-9.38,-9380704.0,-4.77,-23091.0,1.358,1.359,1169798000.0,1589755482,1589755482,2026-08-04,2026-08-04 16:11:37+08:00
512260,中证500低波动ETF华安,1.943,1.9429,-0.01,0.007,0.36,4471.0,867642.0,1.937,1.951,1.928,1.936,1.19,2.1,0.25,14.67,3058.0,1413.0,14501.0,1.67,0.0,0.0,14501.0,1.67,-580.0,-0.07,-13921.0,-1.6,64.0,1.942,1.943,21297700.0,41381431,41381431,2026-08-04,2026-08-04 16:11:35+08:00
561360,石油ETF国泰,1.412,1.4085,-0.25,0.005,0.36,419576.0,59140908.0,1.405,1.416,1.402,1.407,1.0,3.0,0.67,-43.04,232230.0,187346.0,2875201.0,4.86,-552849.0,-0.93,3428050.0,5.8,2000283.0,3.38,-4875484.0,-8.24,-357.0,1.41,1.412,1400148000.0,1977008976,1977008976,2026-08-04,2026-08-04 16:11:36+08:00
530680,上证180ETF兴业,1.155,1.1521,-0.25,0.004,0.35,16570.0,1912810.0,1.151,1.157,1.15,1.151,0.61,1.35,0.31,-3.43,7797.0,8773.0,-9933.0,-0.52,0.0,0.0,-9933.0,-0.52,48017.0,2.51,-38084.0,-1.99,439.0,1.151,1.155,122891900.0,141940145,141940145,2026-08-04,2026-08-04 16:11:36+08:00
159181,石油ETF易方达,0.856,0.8567,0.08,0.003,0.35,19066.0,1633185.8,0.853,0.86,0.853,0.853,0.82,1.28,0.17,-61.96,9641.0,9425.0,249675.0,15.29,0.0,0.0,249675.0,15.29,-40329.0,-2.47,-209345.0,-12.82,36.0,0.856,0.858,149405335.0,127890967,127890967,2026-08-04,2026-08-04 15:34:03+08:00
513260,恒生科技ETF汇添富,1.187,1.1876,0.05,0.004,0.34,3077628.0,364222651.0,1.186,1.197,1.178,1.183,1.61,6.37,0.92,-16.63,1476787.0,1600841.0,-4812630.0,-1.32,-4227516.0,-1.16,-585114.0,-0.16,3110210.0,0.85,1702421.0,0.47,-8495.0,1.186,1.187,4833243136.0,5737059602,5737059602,2026-08-04,2026-08-04 16:11:34+08:00
159017,石油ETF工银,0.893,0.8952,0.25,0.003,0.34,58462.0,5226321.287,0.89,0.898,0.89,0.89,0.9,3.69,0.75,20.76,24323.0,34139.0,200546.0,3.84,0.0,0.0,200546.0,3.84,-131576.0,-2.52,-68969.0,-1.32,1.0,0.89,0.893,158256813.0,141323334,141323334,2026-08-04,2026-08-04 15:34:03+08:00
159195,石油ETF华安,0.874,0.8757,0.19,0.003,0.34,169267.0,14823408.0,0.868,0.878,0.868,0.871,1.15,19.8,1.05,-34.02,82810.0,86457.0,403105.0,2.72,0.0,0.0,403105.0,2.72,-352430.0,-2.38,-50674.0,-0.34,2.0,0.873,0.874,85490164.0,74718403,74718403,2026-08-04,2026-08-04 15:34:30+08:00
513580,恒生科技ETF华安,0.613,0.6177,0.76,0.002,0.33,1590953.0,97265064.0,0.613,0.618,0.608,0.611,1.64,2.62,0.76,-15.85,823305.0,767648.0,764258.0,0.79,-2545254.0,-2.62,3309512.0,3.4,-825618.0,-0.85,61360.0,0.06,-7359.0,0.612,0.613,6071118080.0,3721595383,3721595383,2026-08-04,2026-08-04 16:11:45+08:00
512390,中国低波ETF平安,1.216,1.2127,-0.27,0.004,0.33,265.0,32162.0,1.21,1.217,1.21,1.212,0.58,0.17,0.16,-0.34,65.0,200.0,20875.0,64.91,0.0,0.0,20875.0,64.91,-24280.0,-75.49,3405.0,10.59,9.0,1.213,1.216,15682000.0,19069312,19069312,2026-08-04,2026-08-04 16:11:59+08:00
530300,上证180ETF华泰柏瑞,1.225,1.2255,0.04,0.004,0.33,15621.0,1911195.0,1.221,1.227,1.22,1.221,0.57,4.38,0.61,0.63,4463.0,11158.0,367247.0,19.22,0.0,0.0,367247.0,19.22,-312531.0,-16.35,-54715.0,-2.86,-5.0,1.226,1.229,35643000.0,43662675,43662675,2026-08-04,2026-08-04 16:11:48+08:00
159740,恒生科技ETF大成,0.607,0.6098,0.46,0.002,0.33,19142836.0,1160565131.69,0.608,0.613,0.603,0.605,1.65,7.22,0.92,-21.02,9784126.0,9358710.0,-9434982.0,-0.81,-3943264.0,-0.34,-5491718.0,-0.47,4533455.0,0.39,4901535.0,0.42,-221593.0,0.607,0.608,26503120384.0,16087394073,16087394073,2026-08-04,2026-08-04 15:34:15+08:00
513180,恒生科技ETF华夏,0.617,0.6174,0.06,0.002,0.33,50238708.0,3088696534.0,0.616,0.622,0.611,0.615,1.79,7.19,0.82,6.5,25908441.0,24330267.0,-22453232.0,-0.73,-27936656.0,-0.9,5483424.0,0.18,6864255.0,0.22,15588990.0,0.5,-377488.0,0.616,0.617,69828759552.0,43084344644,43084344644,2026-08-04,2026-08-04 16:11:42+08:00
513010,恒生科技ETF易方达,0.636,0.6367,0.11,0.002,0.32,13391287.0,848965904.0,0.635,0.641,0.63,0.634,1.74,3.01,0.77,-17.81,6808542.0,6582745.0,-7273862.0,-0.86,10957264.0,1.29,-18231126.0,-2.15,2471823.0,0.29,4802036.0,0.57,-54927.0,0.635,0.636,44430307072.0,28257675298,28257675298,2026-08-04,2026-08-04 16:11:44+08:00
159640,碳中和龙头ETF工银,0.942,0.9404,-0.17,0.003,0.32,3103.0,291045.9,0.938,0.942,0.934,0.939,0.85,0.52,0.1,-2.21,1399.0,1704.0,28337.0,9.74,0.0,0.0,28337.0,9.74,-46850.0,-16.1,18513.0,6.36,51.0,0.938,0.942,59845198.0,56374177,56374177,2026-08-04,2026-08-04 15:34:51+08:00
159742,恒生科技ETF博时,0.624,0.6253,0.21,0.002,0.32,2692256.0,167577811.508,0.623,0.63,0.619,0.622,1.77,4.25,0.77,-6.19,1428940.0,1263316.0,584089.0,0.35,8474363.0,5.06,-7890274.0,-4.71,-1025874.0,-0.61,441785.0,0.26,9485.0,0.623,0.624,6329928192.0,3949875192,3949875192,2026-08-04,2026-08-04 15:34:18+08:00
520580,新兴亚洲ETF招商,0.962,0.9608,-0.12,0.003,0.31,29515.0,2843015.0,0.961,0.966,0.96,0.959,0.63,1.01,0.82,-21.03,20319.0,9196.0,426359.0,15.0,390977.0,13.75,35382.0,1.24,-349692.0,-12.3,-76667.0,-2.7,-72.0,0.961,0.962,290983904.0,279926516,279926516,2026-08-04,2026-08-04 16:11:54+08:00
510670,上证180ETF华夏,0.98,0.9797,-0.03,0.003,0.31,19796.0,1941849.0,0.977,0.985,0.977,0.977,0.82,1.04,1.31,-4.6,9755.0,10041.0,-837822.0,-43.15,-537960.0,-27.7,-299862.0,-15.44,705438.0,36.33,132383.0,6.82,-3.0,0.98,0.983,190493000.0,186683140,186683140,2026-08-04,2026-08-04 16:11:45+08:00
560560,碳中和ETF泰康,0.678,0.6785,0.07,0.002,0.3,2753.0,187125.0,0.678,0.68,0.677,0.676,0.44,0.37,0.23,11.01,280.0,2473.0,-87160.0,-46.58,0.0,0.0,-87160.0,-46.58,81600.0,43.61,5559.0,2.97,14.0,0.678,0.68,75190100.0,50978888,50978888,2026-08-04,2026-08-04 16:11:42+08:00
159051,医疗器械ETF易方达,1.011,1.0115,0.05,0.003,0.3,33794.0,3416212.044,1.01,1.017,1.007,1.008,0.99,2.66,0.66,-20.15,13239.0,20555.0,913697.0,26.75,2020000.0,59.13,-1106303.0,-32.38,-964003.0,-28.22,50306.0,1.47,14.0,1.007,1.011,127117894.0,128516191,128516191,2026-08-04,2026-08-04 15:34:18+08:00
561630,红利质量ETF华泰柏瑞,1.048,1.048,0.0,0.003,0.29,89695.0,9403387.0,1.045,1.05,1.04,1.045,0.96,10.32,0.57,-2.96,42114.0,47581.0,1457343.0,15.5,3644455.0,38.76,-2187112.0,-23.26,-1084614.0,-11.53,-372730.0,-3.96,-70.0,1.048,1.049,86898000.0,91069104,91069104,2026-08-04,2026-08-04 16:11:43+08:00
159974,央企创新ETF富国,1.795,1.7945,-0.03,0.005,0.28,7832.0,1402531.7,1.79,1.795,1.783,1.79,0.67,1.99,0.71,18.9,1650.0,6182.0,175968.0,12.55,0.0,0.0,175968.0,12.55,-180608.0,-12.88,4640.0,0.33,100.0,1.794,1.802,39432422.0,70781197,70781197,2026-08-04,2026-08-04 15:34:45+08:00
520920,恒生科技ETF天弘,0.722,0.7257,0.51,0.002,0.28,2887395.0,207866663.0,0.723,0.728,0.716,0.72,1.67,1.54,0.79,-4.2,1438162.0,1449233.0,-3364812.0,-1.62,-813302.0,-0.39,-2551510.0,-1.23,1638426.0,0.79,1726385.0,0.83,-19027.0,0.721,0.722,18804018944.0,13576501678,13576501678,2026-08-04,2026-08-04 16:11:56+08:00
520630,港股通互联网ETF广发,0.73,0.7296,-0.05,0.002,0.27,1156080.0,84532976.0,0.745,0.745,0.723,0.728,3.02,20.08,1.52,17.83,450985.0,705095.0,-1573814.0,-1.86,2764722.0,3.27,-4338536.0,-5.13,948114.0,1.12,625700.0,0.74,-5349.0,0.729,0.73,575610000.0,420195300,420195300,2026-08-04,2026-08-04 16:11:42+08:00
159100,巴西ETF华夏,1.132,1.1323,0.03,0.003,0.27,130468.0,14731896.528,1.131,1.135,1.125,1.129,0.89,2.9,0.6,4.28,79272.0,51196.0,-2299802.0,-15.61,850222.0,5.77,-3150024.0,-21.38,1931645.0,13.11,368156.0,2.5,5835.0,1.131,1.132,450546928.0,510019122,510019122,2026-08-04,2026-08-04 15:34:27+08:00
560880,家电ETF广发,1.498,1.4986,0.04,0.004,0.27,78053.0,11668851.0,1.494,1.501,1.488,1.494,0.87,3.51,0.65,0.65,41612.0,36441.0,-42376.0,-0.36,0.0,0.0,-42376.0,-0.36,43151.0,0.37,-774.0,-0.01,142.0,1.498,1.499,222232000.0,332903536,332903536,2026-08-04,2026-08-04 16:11:58+08:00
562810,上证指数增强ETF嘉实,1.118,1.1171,-0.08,0.003,0.27,45311.0,5054970.0,1.116,1.119,1.112,1.115,0.63,5.81,0.42,22.22,18709.0,26602.0,191693.0,3.79,775512.0,15.34,-583819.0,-11.55,-59512.0,-1.18,-132181.0,-2.61,-103.0,1.117,1.118,77951000.0,87149218,87149218,2026-08-04,2026-08-04 16:11:47+08:00
530580,上证180ETF南方,1.156,1.1544,-0.14,0.003,0.26,44846.0,5180880.0,1.163,1.163,1.152,1.153,0.95,6.88,0.3,9.43,27705.0,17141.0,562445.0,10.86,-83232.0,-1.61,645677.0,12.46,-542499.0,-10.47,-19947.0,-0.39,900.0,1.155,1.156,65149000.0,75312244,75312244,2026-08-04,2026-08-04 16:11:33+08:00
159621,ESGETF国泰,1.157,1.1579,0.08,0.003,0.26,29122.0,3367870.4,1.155,1.16,1.151,1.154,0.78,25.47,0.78,1.3,12012.0,17110.0,49867.0,1.48,0.0,0.0,49867.0,1.48,-42569.0,-1.26,-7298.0,-0.22,-125.0,1.151,1.164,11434717.0,13229968,13229968,2026-08-04,2026-08-04 15:34:00+08:00
159588,石油ETF景顺,1.211,1.2133,0.19,0.003,0.25,69987.0,8495872.4,1.213,1.219,1.195,1.208,1.99,1.52,0.35,11.5,37628.0,32359.0,1707108.0,20.09,606.0,0.01,1706502.0,20.09,-912563.0,-10.74,-794545.0,-9.35,-100.0,1.211,1.213,461284864.0,558615970,558615970,2026-08-04,2026-08-04 15:34:33+08:00
512580,环保ETF广发,1.185,1.182,-0.25,0.003,0.25,56649.0,6712925.0,1.18,1.19,1.178,1.182,1.02,0.99,0.9,-19.84,27827.0,28822.0,-22861.0,-0.34,1988638.0,29.62,-2011499.0,-29.96,72220.0,1.08,-49359.0,-0.74,-1749.0,1.185,1.187,573871696.0,680037960,680037960,2026-08-04,2026-08-04 16:11:47+08:00
561120,家电ETF富国,1.245,1.2475,0.2,0.003,0.24,86447.0,10760316.0,1.242,1.248,1.238,1.242,0.81,27.74,0.84,10.32,46395.0,40052.0,1428018.0,13.27,1283678.0,11.93,144340.0,1.34,-1365948.0,-12.69,-62071.0,-0.58,-81.0,1.243,1.245,31159900.0,38794076,38794076,2026-08-04,2026-08-04 16:11:54+08:00
159793,线上消费ETF平安,0.849,0.8517,0.32,0.002,0.24,180076.0,15186439.3,0.847,0.858,0.832,0.847,3.07,33.5,2.75,54.44,92313.0,87763.0,-572497.0,-3.77,1412986.0,9.3,-1985483.0,-13.07,413943.0,2.73,158554.0,1.04,-492.0,0.849,0.85,53758908.0,45641313,45641313,2026-08-04,2026-08-04 15:34:36+08:00
515900,央企创新ETF博时,1.66,1.6563,-0.22,0.004,0.24,36757.0,6091379.0,1.658,1.66,1.648,1.656,0.72,0.16,1.15,20.04,18025.0,18732.0,200214.0,3.29,117010.0,1.92,83204.0,1.37,-117708.0,-1.93,-82507.0,-1.35,-80.0,1.656,1.66,2240446496.0,3719141183,3719141183,2026-08-04,2026-08-04 16:11:57+08:00
520590,恒生科技ETF鹏华,0.832,0.8332,0.14,0.002,0.24,160324.0,13305950.0,0.833,0.839,0.824,0.83,1.81,7.59,0.78,3.33,96606.0,63718.0,916568.0,6.89,25328.0,0.19,891240.0,6.7,-864022.0,-6.49,-52547.0,-0.39,-446.0,0.831,0.832,211235000.0,175747520,175747520,2026-08-04,2026-08-04 16:11:47+08:00
159568,港股互联网ETF博时,1.246,1.2456,-0.03,0.003,0.24,1439498.0,179173271.6,1.249,1.268,1.233,1.243,2.82,41.5,0.9,31.47,770755.0,668743.0,-784845.0,-0.44,-4637340.0,-2.59,3852495.0,2.15,-2035147.0,-1.14,2819992.0,1.57,-7142.0,1.246,1.247,346857904.0,432184948,432184948,2026-08-04,2026-08-04 15:34:15+08:00
159976,湾创ETF工银,1.291,1.2935,0.19,0.003,0.23,76.0,9793.1,1.288,1.291,1.286,1.288,0.39,0.01,0.08,17.58,43.0,33.0,-3869.0,-39.51,0.0,0.0,-3869.0,-39.51,0.0,0.0,3869.0,39.51,1.0,1.288,1.296,64885872.0,83767661,83767661,2026-08-04,2026-08-04 15:34:51+08:00
159199,石油ETF平安,0.869,0.8719,0.33,0.002,0.23,1066.0,92764.7,0.869,0.873,0.867,0.867,0.69,0.16,0.18,-49.71,119.0,947.0,45001.0,48.51,0.0,0.0,45001.0,48.51,-2477.0,-2.67,-42524.0,-45.84,-1.0,0.87,0.872,68154938.0,59226641,59226641,2026-08-04,2026-08-04 15:34:18+08:00
159019,石油ETF华宝,0.896,0.8975,0.17,0.002,0.22,153046.0,13742506.6,0.893,0.901,0.893,0.894,0.89,28.7,0.74,42.33,71170.0,81876.0,92865.0,0.68,0.0,0.0,92865.0,0.68,-105621.0,-0.77,12756.0,0.09,2595.0,0.896,0.898,53327711.0,47781629,47781629,2026-08-04,2026-08-04 15:34:06+08:00
159731,石化ETF华夏,0.916,0.9154,-0.07,0.002,0.22,421974.0,38511499.7,0.91,0.918,0.903,0.914,1.64,5.27,0.7,36.72,221696.0,200278.0,-1872996.0,-4.86,776924.0,2.02,-2649920.0,-6.88,-957404.0,-2.49,2830399.0,7.35,143.0,0.915,0.916,801375808.0,734060240,734060240,2026-08-04,2026-08-04 15:34:12+08:00
515640,家电ETF华夏,0.948,0.9485,0.05,0.002,0.21,11552.0,1091414.0,0.946,0.948,0.941,0.946,0.74,6.78,2.08,22.06,10829.0,723.0,21371.0,1.96,0.0,0.0,21371.0,1.96,-41145.0,-3.77,19773.0,1.81,-123.0,0.948,0.949,17050000.0,16163400,16163400,2026-08-04,2026-08-04 16:11:41+08:00
510910,上证指数ETF南方,0.95,0.948,-0.21,0.002,0.21,452104.0,42882288.0,0.949,0.952,0.944,0.948,0.84,13.19,0.71,4.41,253588.0,198516.0,1004469.0,2.34,3755799.0,8.76,-2751330.0,-6.42,-1532913.0,-3.57,528444.0,1.23,-2904.0,0.949,0.95,342796000.0,325656200,325656200,2026-08-04,2026-08-04 16:11:36+08:00
159176,家电ETF华宝,0.985,0.9841,-0.09,0.002,0.2,86837.0,8530674.9,0.983,0.986,0.978,0.983,0.81,37.26,0.94,0.02,48725.0,38112.0,-92857.0,-1.09,0.0,0.0,-92857.0,-1.09,73373.0,0.86,19485.0,0.23,189.0,0.98,0.989,23303341.0,22953791,22953791,2026-08-04,2026-08-04 15:34:03+08:00
159093,化工ETF汇添富,1.003,1.0086,0.56,0.002,0.2,136647.0,13689903.079,0.996,1.008,0.99,1.001,1.8,11.71,0.18,-79.85,86304.0,50343.0,1431033.0,10.45,-1793572.0,-13.1,3224605.0,23.55,-1092561.0,-7.98,-338471.0,-2.47,-22.0,1.004,1.005,116681470.0,117031514,117031514,2026-08-04,2026-08-04 15:34:45+08:00
159057,医疗器械ETF鹏华,1.002,1.0039,0.19,0.002,0.2,7408.0,742640.499,0.997,1.006,0.997,1.0,0.9,1.14,0.29,-74.61,5438.0,1970.0,38166.0,5.14,0.0,0.0,38166.0,5.14,-54411.0,-7.33,16244.0,2.19,0.0,1.002,1.003,64715334.0,64844765,64844765,2026-08-04,2026-08-04 15:34:21+08:00
159877,医疗ETF南方,0.511,0.5103,-0.14,0.001,0.2,66045.0,3372427.7,0.511,0.514,0.509,0.51,0.98,2.17,0.39,62.05,5565.0,60480.0,-101700.0,-3.02,485500.0,14.4,-587200.0,-17.41,75028.0,2.22,26672.0,0.79,30.0,0.51,0.511,303792288.0,155237859,155237859,2026-08-04,2026-08-04 15:34:21+08:00
513220,中概互联ETF招商,1.021,1.0275,0.63,0.002,0.2,454385.0,46367944.0,1.026,1.036,1.013,1.019,2.26,9.05,0.87,-14.68,232488.0,221897.0,1118449.0,2.41,-357578.0,-0.77,1476027.0,3.18,-74547.0,-0.16,-1043903.0,-2.25,-877.0,1.02,1.021,502109408.0,512653706,512653706,2026-08-04,2026-08-04 16:11:56+08:00
517000,沪港深500ETF银华,1.01,1.0121,0.21,0.002,0.2,8019.0,809431.0,1.01,1.011,1.007,1.008,0.4,0.63,0.55,-18.09,4809.0,3210.0,-430574.0,-53.19,0.0,0.0,-430574.0,-53.19,508036.0,62.76,-77460.0,-9.57,594.0,1.007,1.011,127793000.0,129070930,129070930,2026-08-04,2026-08-04 16:11:42+08:00
510990,180ESGETF工银,1.041,1.0382,-0.27,0.002,0.19,31281.0,3250462.0,1.042,1.042,1.037,1.039,0.48,8.03,0.71,-16.33,20605.0,10676.0,156592.0,4.82,0.0,0.0,156592.0,4.82,-139195.0,-4.28,-17396.0,-0.54,-154.0,1.038,1.041,38948600.0,40545493,40545493,2026-08-04,2026-08-04 16:11:36+08:00
159873,医疗设备ETF天弘,0.523,0.5225,-0.1,0.001,0.19,143027.0,7474291.1,0.521,0.526,0.52,0.522,1.15,2.79,0.78,-12.42,62080.0,80947.0,-484480.0,-6.48,-205380.0,-2.75,-279100.0,-3.73,330280.0,4.42,154201.0,2.06,446.0,0.522,0.523,511920000.0,267734160,267734160,2026-08-04,2026-08-04 15:34:24+08:00
515680,央企创新ETF嘉实,1.686,1.6844,-0.09,0.003,0.18,20710.0,3486534.0,1.683,1.688,1.676,1.683,0.71,0.19,0.86,19.86,7858.0,12852.0,-126807.0,-3.64,8246.0,0.24,-135053.0,-3.87,212275.0,6.09,-85468.0,-2.45,12.0,1.684,1.689,1103264704.0,1860104291,1860104291,2026-08-04,2026-08-04 16:11:58+08:00
512180,MSCIA股ETF建信,1.674,1.6754,0.08,0.003,0.18,50.0,8370.0,1.674,1.674,1.674,1.671,0.0,0.01,0.05,18.78,,50.0,8370.0,100.0,0.0,0.0,8370.0,100.0,0.0,0.0,-8370.0,-100.0,50.0,1.673,1.679,48048000.0,80432352,80432352,2026-08-04,2026-08-04 16:11:39+08:00
159905,红利ETF工银,1.698,1.6964,-0.09,0.003,0.18,249591.0,42286229.8,1.695,1.699,1.685,1.695,0.83,2.33,0.41,7.08,128849.0,120742.0,-1663472.0,-3.93,2411112.0,5.7,-4074584.0,-9.64,-77391.0,-0.18,1740863.0,4.12,-723.0,1.698,1.699,1068943952.0,1815066830,1815066830,2026-08-04,2026-08-04 15:34:15+08:00
515600,央企创新ETF广发,1.676,1.6755,-0.03,0.003,0.18,17460.0,2925081.0,1.675,1.679,1.667,1.673,0.72,0.17,0.89,0.23,8064.0,9396.0,1127252.0,38.54,0.0,0.0,1127252.0,38.54,-210828.0,-7.21,-916424.0,-31.33,5.0,1.675,1.68,1037797408.0,1739348456,1739348456,2026-08-04,2026-08-04 16:11:39+08:00
159209,红利质量ETF招商,1.157,1.1562,-0.07,0.002,0.17,727699.0,84066164.8,1.155,1.159,1.148,1.155,0.95,3.35,0.56,-49.22,424455.0,303244.0,-1153470.0,-1.37,-5960266.0,-7.09,4806796.0,5.72,461667.0,0.55,691803.0,0.82,772.0,1.156,1.157,2169635056.0,2510267760,2510267760,2026-08-04,2026-08-04 15:34:48+08:00
530180,上证180ETF易方达,1.182,1.1819,-0.01,0.002,0.17,37205.0,4395523.0,1.181,1.185,1.179,1.18,0.51,5.48,0.48,0.55,19206.0,17999.0,30042.0,0.68,0.0,0.0,30042.0,0.68,-6234.0,-0.14,-23808.0,-0.54,-1.0,1.181,1.182,67952000.0,80319264,80319264,2026-08-04,2026-08-04 16:11:52+08:00
513130,恒生科技ETF华泰柏瑞,0.607,0.6086,0.26,0.001,0.17,45079167.0,2729600377.0,0.607,0.613,0.602,0.606,1.82,7.87,0.75,-0.74,24134930.0,20944236.0,-21977152.0,-0.81,-38646688.0,-1.42,16669536.0,0.61,16464116.0,0.6,5513038.0,0.2,-282370.0,0.606,0.607,57293347072.0,34777061673,34777061673,2026-08-04,2026-08-04 16:11:38+08:00
159792,港股通互联网ETF富国,0.634,0.634,0.0,0.001,0.16,54769982.0,3468649414.358,0.636,0.646,0.627,0.633,3.0,7.67,1.06,-8.49,26934612.0,27835371.0,50865616.0,1.47,-60522928.0,-1.74,111388544.0,3.21,-23320890.0,-0.67,-27544733.0,-0.79,230460.0,0.633,0.634,71428853760.0,45285893284,45285893284,2026-08-04,2026-08-04 15:34:48+08:00
563150,油气ETF银华,1.286,1.2867,0.05,0.002,0.16,10169.0,1310126.0,1.287,1.297,1.284,1.284,1.01,2.87,0.52,19.44,4000.0,6169.0,-9897.0,-0.76,13338.0,1.02,-23235.0,-1.77,-50439.0,-3.85,60334.0,4.61,80.0,1.284,1.286,35399000.0,45523114,45523114,2026-08-04,2026-08-04 16:11:39+08:00
159741,恒生科技ETF嘉实,0.61,0.6147,0.76,0.001,0.16,2187895.0,133155726.0,0.611,0.615,0.605,0.609,1.64,15.09,0.89,4.34,1155110.0,1032785.0,15123.0,0.01,1588894.0,1.19,-1573771.0,-1.18,-323288.0,-0.24,308166.0,0.23,12034.0,0.609,0.61,1449796720.0,884375999,884375999,2026-08-04,2026-08-04 15:34:18+08:00
561570,油气ETF华泰柏瑞,1.332,1.3321,0.01,0.002,0.15,104116.0,13896270.0,1.33,1.341,1.328,1.33,0.98,13.15,0.76,8.57,58363.0,45753.0,-492525.0,-3.54,-10264.0,-0.07,-482261.0,-3.47,-349834.0,-2.52,842359.0,6.06,-1.0,1.332,1.333,79147000.0,105423804,105423804,2026-08-04,2026-08-04 16:11:47+08:00
159309,油气ETF汇添富,1.347,1.3486,0.12,0.002,0.15,210994.0,28497707.797,1.343,1.36,1.343,1.345,1.26,3.69,0.37,71.45,108143.0,102851.0,1668631.0,5.86,-302692.0,-1.06,1971323.0,6.92,1131459.0,3.97,-2800091.0,-9.83,57.0,1.346,1.347,572371744.0,770984739,770984739,2026-08-04,2026-08-04 15:34:18+08:00
159996,家电ETF国泰,1.41,1.4094,-0.04,0.002,0.14,826442.0,116020787.4,1.414,1.415,1.397,1.408,1.28,15.12,1.79,-31.85,169083.0,657359.0,20652207.0,17.8,24296053.0,20.94,-3643846.0,-3.14,-11464402.0,-9.88,-9187806.0,-7.92,267.0,1.409,1.41,546554848.0,770642336,770642336,2026-08-04,2026-08-04 15:34:09+08:00
159885,碳中和ETF鹏华,0.72,0.7207,0.1,0.001,0.14,3915.0,282551.7,0.715,0.723,0.715,0.719,1.11,0.16,1.05,1.17,2636.0,1279.0,61293.0,21.69,0.0,0.0,61293.0,21.69,-78100.0,-27.64,16807.0,5.95,-30.0,0.72,0.722,247467316.0,178176468,178176468,2026-08-04,2026-08-04 15:34:09+08:00
513720,港股互联网ETF国泰,0.718,0.7183,0.04,0.001,0.14,769631.0,55201362.0,0.721,0.734,0.71,0.717,3.35,30.56,0.99,-5.07,358370.0,411261.0,226587.0,0.41,3930736.0,7.12,-3704149.0,-6.71,-764115.0,-1.38,537528.0,0.97,-412.0,0.718,0.719,251859000.0,180834762,180834762,2026-08-04,2026-08-04 16:11:35+08:00
159913,深价值ETF交银,2.439,2.4454,0.26,0.003,0.12,552.0,134459.3,2.451,2.454,2.433,2.436,0.86,0.25,0.26,90.91,276.0,276.0,0.0,0.0,0.0,0.0,0.0,0.0,-267.0,-0.2,267.0,0.2,-1.0,2.436,2.454,22329693.0,54462121,54462121,2026-08-04,2026-08-04 15:34:45+08:00
159035,软件ETF天弘,0.881,0.8795,-0.17,0.001,0.11,275655.0,24192384.662,0.872,0.89,0.868,0.88,2.5,6.24,1.61,24.01,106073.0,169582.0,-2348623.0,-9.71,-2010553.0,-8.31,-338070.0,-1.4,1386099.0,5.73,962525.0,3.98,2606.0,0.88,0.881,441859728.0,389278420,389278420,2026-08-04,2026-08-04 15:34:00+08:00
159026,石油ETF南方,0.894,0.8966,0.29,0.001,0.11,54814.0,4915092.8,0.893,0.898,0.889,0.893,1.01,11.3,0.79,-0.28,24912.0,29902.0,248969.0,5.07,0.0,0.0,248969.0,5.07,-206161.0,-4.19,-42809.0,-0.87,16.0,0.891,0.897,48513446.0,43371021,43371021,2026-08-04,2026-08-04 15:34:54+08:00
159182,家电ETF南方,0.917,0.9199,0.32,0.001,0.11,1486.0,136245.5,0.914,0.921,0.913,0.916,0.87,0.39,0.2,1.29,242.0,1244.0,95450.0,70.06,0.0,0.0,95450.0,70.06,-69325.0,-50.88,-26125.0,-19.17,-4.0,0.915,0.921,38485663.0,35291353,35291353,2026-08-04,2026-08-04 15:34:06+08:00
520790,港股通互联网ETF兴业,0.906,0.906,0.0,0.001,0.11,330667.0,29943847.0,0.918,0.921,0.896,0.905,2.76,7.33,0.94,-55.85,175551.0,155116.0,-579293.0,-1.93,-948467.0,-3.17,369174.0,1.23,1195381.0,3.99,-616088.0,-2.06,-1100.0,0.905,0.906,451075008.0,408673957,408673957,2026-08-04,2026-08-04 16:11:40+08:00
159018,石油ETF广发,0.877,0.8804,0.39,0.001,0.11,43564.0,3834688.7,0.875,0.884,0.874,0.876,1.14,12.85,0.6,-5.1,21280.0,22284.0,507056.0,13.22,0.0,0.0,507056.0,13.22,-313609.0,-8.18,-193447.0,-5.04,-144.0,0.877,0.878,33904203.0,29733986,29733986,2026-08-04,2026-08-04 15:34:03+08:00
561490,红利质量ETF财通,1.028,1.0275,-0.05,0.001,0.1,250713.0,25728111.0,1.027,1.03,1.019,1.027,1.07,15.71,0.18,-25.16,129140.0,121574.0,2955315.0,11.49,8948766.0,34.78,-5993451.0,-23.3,-2185995.0,-8.5,-769321.0,-2.99,-8100.0,1.024,1.028,159631300.0,164100976,164100976,2026-08-04,2026-08-04 16:11:32+08:00
159730,家电ETF博时,1.03,1.0287,-0.13,0.001,0.1,12519.0,1284823.5,1.035,1.035,1.02,1.029,1.46,2.81,0.84,13.82,4572.0,7947.0,231843.0,18.04,0.0,0.0,231843.0,18.04,-112510.0,-8.76,-119334.0,-9.29,156.0,1.026,1.03,44571340.0,45908480,45908480,2026-08-04,2026-08-04 15:34:27+08:00
530060,上证指数ETF易方达,0.969,0.9651,-0.4,0.001,0.1,1169383.0,113199354.0,0.97,0.971,0.964,0.968,0.72,14.07,0.93,-7.83,510478.0,658905.0,-3140098.0,-2.77,5179082.0,4.58,-8319180.0,-7.35,1381538.0,1.22,1758560.0,1.55,-27255.0,0.968,0.969,831193008.0,805426025,805426025,2026-08-04,2026-08-04 16:11:47+08:00
517100,沪港深500ETF富国,1.02,1.0217,0.17,0.001,0.1,15044.0,1534089.0,1.018,1.023,1.018,1.019,0.49,1.02,0.45,-2.61,6205.0,8839.0,69097.0,4.5,0.0,0.0,69097.0,4.5,-51000.0,-3.32,-18096.0,-1.18,-496.0,1.02,1.023,148102100.0,151064142,151064142,2026-08-04,2026-08-04 16:11:42+08:00
159056,医疗器械ETF富国,1.009,1.0105,0.15,0.001,0.1,104046.0,10503139.388,1.009,1.015,1.006,1.008,0.89,7.28,0.82,-6.77,52776.0,51270.0,1404473.0,13.37,1294231.0,12.32,110242.0,1.05,-1340289.0,-12.76,-64183.0,-0.61,10000.0,1.008,1.009,142934358.0,144220767,144220767,2026-08-04,2026-08-04 15:34:18+08:00
513040,港股通互联网ETF易方达,1.02,1.0195,-0.05,0.001,0.1,12172809.0,1239011089.0,1.026,1.038,1.009,1.019,2.85,17.51,0.99,-8.54,5935993.0,6236816.0,-58206880.0,-4.7,-29028272.0,-2.34,-29178608.0,-2.35,44728152.0,3.61,13478727.0,1.09,-16388.0,1.019,1.02,6951841280.0,7090878106,7090878106,2026-08-04,2026-08-04 16:11:49+08:00
520870,巴西ETF易方达,1.124,1.125,0.09,0.001,0.09,133397.0,14974077.0,1.122,1.125,1.12,1.123,0.45,2.65,0.32,39.39,69271.0,64126.0,-944394.0,-6.31,2500764.0,16.7,-3445158.0,-23.01,285286.0,1.91,659107.0,4.4,-3942.0,1.124,1.125,502977200.0,565346373,565346373,2026-08-04,2026-08-04 16:11:56+08:00
159040,港股通互联网ETF鹏华,1.183,1.1866,0.3,0.001,0.08,258947.0,30666930.627,1.196,1.207,1.172,1.182,2.96,50.3,0.51,81.28,128727.0,130220.0,970953.0,3.17,0.0,0.0,970953.0,3.17,-1124377.0,-3.67,153424.0,0.5,-1031.0,1.183,1.184,51481087.0,60902126,60902126,2026-08-04,2026-08-04 15:34:03+08:00
159945,能源ETF广发,1.317,1.3179,0.07,0.001,0.08,47815.0,6283645.5,1.316,1.321,1.305,1.316,1.22,7.08,0.69,-47.19,23783.0,24032.0,309683.0,4.93,0.0,0.0,309683.0,4.93,140624.0,2.24,-450307.0,-7.17,-120.0,1.317,1.318,67572327.0,88992755,88992755,2026-08-04,2026-08-04 15:34:24+08:00
510180,上证180ETF华安,3.92,3.9182,-0.05,0.003,0.08,106904.0,41875322.0,3.909,3.931,3.903,3.917,0.71,0.24,0.48,86.8,53236.0,53668.0,-42162.0,-0.1,3415.0,0.01,-45577.0,-0.11,-2417608.0,-5.77,2459770.0,5.87,-30.0,3.92,3.921,4429057792.0,17361906545,17361906545,2026-08-04,2026-08-04 16:11:44+08:00
510130,上证中盘ETF易方达,7.213,7.2164,0.05,0.005,0.07,2313.0,1665619.0,7.19,7.228,7.176,7.208,0.72,0.73,0.44,-7.99,1567.0,746.0,-208135.0,-12.5,0.0,0.0,-208135.0,-12.5,165611.0,9.94,42523.0,2.55,3.0,7.213,7.226,31485100.0,227102026,227102026,2026-08-04,2026-08-04 16:11:58+08:00
510850,上证50ETF工银,3.527,3.5332,0.18,0.001,0.03,9333.0,3292775.0,3.579,3.579,3.513,3.526,1.87,1.68,0.33,-30.61,902.0,8431.0,-204399.0,-6.21,-203210.0,-6.17,-1189.0,-0.04,190171.0,5.78,14227.0,0.43,-2.0,3.528,3.537,55698900.0,196450020,196450020,2026-08-04,2026-08-04 16:11:57+08:00
511860,货币ETF博时,100.003,,0.0,0.001,0.0,117.0,1170025.0,100.002,100.003,100.002,100.002,0.0,2.55,0.16,14.69,117.0,,-110003.0,-9.4,-110003.0,-9.4,0.0,0.0,100003.0,8.55,10000.0,0.85,2.0,100.002,100.003,458000.0,45801374,45801374,2026-08-04,2026-08-04 16:11:49+08:00
159001,货币ETF易方达,99.999,,0.0,0.0,0.0,43739.0,437388022.395,99.999,100.0,99.997,99.999,0.0,17.81,0.57,-41.43,16819.0,26921.0,13094611.0,2.99,17486984.0,4.0,-4392373.0,-1.0,3339867.0,0.76,-16434484.0,-3.76,976.0,99.998,99.999,24559404.0,2455915841,2455915841,2026-08-04,2026-08-04 15:34:51+08:00
562600,医疗器械ETF华夏,0.771,0.7716,0.08,0.0,0.0,332337.0,25642677.0,0.777,0.777,0.769,0.771,1.04,6.83,1.02,1.0,134140.0,198197.0,910369.0,3.55,1391838.0,5.43,-481469.0,-1.88,-804486.0,-3.14,-105882.0,-0.41,-166.0,0.77,0.771,486937408.0,375428742,375428742,2026-08-04,2026-08-04 16:11:39+08:00
516070,低碳ETF易方达,0.582,0.5811,-0.15,0.0,0.0,37293.0,2173721.0,0.583,0.585,0.58,0.582,0.86,1.25,0.42,-0.05,28117.0,9176.0,-32076.0,-1.48,544075.0,25.03,-576151.0,-26.51,-21598.0,-0.99,53673.0,2.47,-5.0,0.582,0.583,297646000.0,173229972,173229972,2026-08-04,2026-08-04 16:11:41+08:00
511830,货币ETF华泰柏瑞,100.0,,0.0,0.002,0.0,98.0,981195.0,99.998,100.006,99.995,99.998,0.01,3.11,0.79,95.97,29.0,69.0,140000.0,14.27,491200.0,50.06,-351200.0,-35.79,60002.0,6.12,-200002.0,-20.38,-5.0,100.0,100.005,315600.0,31560000,31560000,2026-08-04,2026-08-04 16:11:46+08:00
511810,货币ETF南方,100.002,,0.0,0.0,0.0,1829.0,18293820.0,100.002,100.005,100.0,100.002,0.01,5.0,1.73,-19.33,1351.0,478.0,772718.0,4.22,1202731.0,6.57,-430013.0,-2.35,-773018.0,-4.23,299.0,0.0,5.0,100.001,100.003,3661600.0,366167323,366167323,2026-08-04,2026-08-04 16:11:55+08:00
511820,鹏华添利ETF,100.002,,0.0,0.0,0.0,2.0,20000.0,100.002,100.002,100.002,100.002,0.0,0.03,0.01,2.36,2.0,,-20000.0,-100.0,-20000.0,-100.0,0.0,0.0,0.0,0.0,20000.0,100.0,2.0,99.997,100.005,613200.0,61321226,61321226,2026-08-04,2026-08-04 16:11:37+08:00
511850,招商财富宝ETF,100.002,,0.0,-0.003,0.0,2848.0,28483385.0,100.003,100.005,100.002,100.005,0.0,3.22,0.29,-8.68,906.0,1942.0,502206.0,1.76,82198.0,0.29,420008.0,1.47,129610.0,0.46,-631816.0,-2.22,-6.0,100.002,100.004,8843900.0,884407688,884407688,2026-08-04,2026-08-04 16:11:59+08:00
159639,碳中和ETF南方,0.959,0.9605,0.16,0.0,0.0,37365.0,3579032.171,0.959,0.961,0.953,0.959,0.83,1.84,0.8,-9.18,18334.0,19031.0,13113.0,0.37,0.0,0.0,13113.0,0.37,37109.0,1.04,-50222.0,-1.4,1700.0,0.959,0.961,203290171.0,194955274,194955274,2026-08-04,2026-08-04 15:34:21+08:00
159005,快钱ETF汇添富,99.999,,0.0,0.0,0.0,175.0,1750190.098,99.999,100.0,99.999,99.999,0.0,1.53,0.32,50.21,77.0,98.0,360193.0,20.58,320196.0,18.29,39997.0,2.29,-395095.0,-22.57,34901.0,1.99,2.0,99.95,99.999,1141895.0,114188358,114188358,2026-08-04,2026-08-04 15:34:54+08:00
159003,招商快线ETF,99.998,,0.0,-0.001,0.0,1174.0,11740078.598,100.0,100.0,99.998,99.999,0.0,6.18,0.6,-25.01,220.0,954.0,-1510090.0,-12.86,-1049799.0,-8.94,-460291.0,-3.92,1560288.0,13.29,-50198.0,-0.43,-3.0,99.998,99.999,1900334.0,190029599,190029599,2026-08-04,2026-08-04 15:34:51+08:00
511980,货币ETF汇添富,100.046,,-0.05,0.001,0.0,16.0,160673.0,100.046,100.047,100.045,100.045,0.0,0.67,0.4,27.16,1.0,15.0,0.0,0.0,0.0,0.0,0.0,0.0,-300.0,-0.19,300.0,0.19,-1.0,100.005,100.051,240900.0,24101081,24101081,2026-08-04,2026-08-04 16:11:38+08:00
511970,国寿货币ETF,100.0,,0.0,-0.002,0.0,464.0,4640047.0,100.002,100.002,100.0,100.002,0.0,11.18,7.12,-48.09,370.0,94.0,0.0,0.0,0.0,0.0,0.0,0.0,1210011.0,26.08,-1210011.0,-26.08,-1.0,100.0,100.004,415200.0,41520000,41520000,2026-08-04,2026-08-04 16:11:34+08:00
511990,华宝添益ETF,99.994,,0.01,-0.001,0.0,819998.0,8199551457.0,99.996,99.997,99.992,99.995,0.01,9.54,0.68,-68.78,308490.0,511507.0,-150848688.0,-1.84,-278322944.0,-3.39,127474256.0,1.55,128766731.0,1.57,22081842.0,0.27,-5180.0,99.994,99.995,859975296.0,85992369748,85992369748,2026-08-04,2026-08-04 16:11:48+08:00
512000,券商ETF华宝,0.527,0.5268,-0.04,0.0,0.0,14276798.0,753354930.0,0.529,0.531,0.526,0.527,0.95,1.89,0.78,-20.66,7138431.0,7138367.0,-59967711.0,-7.96,-84648880.0,-11.24,24681169.0,3.28,48025039.0,6.37,11942665.0,1.59,-72889.0,0.527,0.528,75712237568.0,39900349198,39900349198,2026-08-04,2026-08-04 16:11:36+08:00
511950,添利货币ETF广发,100.0,,0.0,0.0,0.0,6.0,60101.0,100.003,100.003,99.999,100.0,0.0,0.18,0.15,-78.73,3.0,3.0,0.0,0.0,0.0,0.0,0.0,0.0,-29900.0,-49.75,29901.0,49.75,0.0,99.902,100.003,328100.0,32810000,32810000,2026-08-04,2026-08-04 16:11:45+08:00
511960,货币ETF嘉实,100.0,,0.0,0.0,0.0,69.0,689993.0,99.999,100.0,99.999,100.0,0.0,2.57,0.32,-0.95,4.0,65.0,-239997.0,-34.78,-20000.0,-2.9,-219997.0,-31.88,79999.0,11.59,159999.0,23.19,2.0,99.997,100.003,269000.0,26900000,26900000,2026-08-04,2026-08-04 16:11:58+08:00
511900,富国货币ETF,100.001,,0.0,-0.001,0.0,419.0,4190084.0,99.998,100.003,99.998,100.002,0.01,2.23,0.59,-1.34,138.0,281.0,370006.0,8.83,1180014.0,28.16,-810008.0,-19.33,-350005.0,-8.35,-20000.0,-0.48,-30.0,100.001,100.002,1876400.0,187641876,187641876,2026-08-04,2026-08-04 16:11:44+08:00
511910,融通货币ETF,100.004,,0.0,0.004,0.0,2.0,20001.0,100.003,100.004,100.003,100.0,0.0,0.24,0.2,15.15,2.0,,0.0,0.0,0.0,0.0,0.0,0.0,0.0,0.0,0.0,0.0,2.0,99.999,100.005,82800.0,8280331,8280331,2026-08-04,2026-08-04 16:11:37+08:00
511600,华安日日鑫ETF,100.001,,0.0,0.001,0.0,1670.0,16697394.0,100.0,100.009,99.0,100.0,1.01,18.91,5.38,-11.51,1044.0,626.0,-318682.0,-1.91,-2106874.0,-12.62,1788192.0,10.71,248978.0,1.49,69703.0,0.42,14.0,100.0,100.004,883100.0,88310883,88310883,2026-08-04,2026-08-04 16:11:45+08:00
511620,货币ETF国泰,100.005,,-0.01,0.003,0.0,2772.0,27724810.0,100.002,100.007,100.001,100.002,0.01,6.61,1.47,49.25,1652.0,1120.0,3818735.0,13.77,11833961.0,42.68,-8015226.0,-28.91,-3139407.0,-11.32,-679328.0,-2.45,-35.0,100.004,100.005,4197200.0,419740986,419740986,2026-08-04,2026-08-04 16:11:55+08:00
515850,证券ETF富国,1.375,1.3717,-0.24,0.0,0.0,385797.0,53040393.0,1.374,1.383,1.367,1.375,1.16,9.05,0.89,18.01,181163.0,204634.0,-4405829.0,-8.31,3080216.0,5.81,-7486045.0,-14.11,1777313.0,3.35,2628517.0,4.96,-6321.0,1.374,1.375,426291008.0,586150136,586150136,2026-08-04,2026-08-04 16:11:37+08:00
515760,浙江国资ETF华夏,1.363,1.3642,0.09,0.0,0.0,15892.0,2165634.0,1.364,1.365,1.358,1.363,0.51,1.66,0.65,1.31,6894.0,8998.0,335760.0,15.5,0.0,0.0,335760.0,15.5,-128350.0,-5.93,-207410.0,-9.58,-36.0,1.364,1.367,95888100.0,130695480,130695480,2026-08-04,2026-08-04 16:11:39+08:00
515460,红利质量ETF南方,0.92,0.9194,-0.07,0.0,0.0,167706.0,15411364.0,0.918,0.922,0.914,0.92,0.87,5.86,1.16,7.55,89128.0,78578.0,208816.0,1.35,548558.0,3.56,-339742.0,-2.2,-130600.0,-0.85,-78214.0,-0.51,2747.0,0.919,0.921,286091008.0,263203727,263203727,2026-08-04,2026-08-04 16:11:54+08:00
159797,医疗器械ETF汇添富,0.67,0.6705,0.07,0.0,0.0,50429.0,3382576.6,0.673,0.675,0.668,0.67,1.04,1.23,0.67,-11.38,24483.0,25946.0,495.0,0.01,69270.0,2.05,-68775.0,-2.03,-95786.0,-2.83,95289.0,2.82,775.0,0.669,0.67,408989248.0,274022796,274022796,2026-08-04,2026-08-04 15:34:30+08:00
511800,易方达货币ETF,100.006,,-0.01,0.001,0.0,353.0,3530154.0,100.006,100.01,100.001,100.005,0.01,2.19,1.4,9.59,270.0,83.0,777625.0,22.03,727623.0,20.61,50002.0,1.42,-631823.0,-17.9,-145803.0,-4.13,-6.0,100.007,100.009,1611300.0,161139668,161139668,2026-08-04,2026-08-04 16:11:51+08:00
511770,金鹰增益货币ETF,100.003,,0.0,0.001,0.0,26.0,260406.0,100.002,100.003,100.002,100.002,0.0,0.65,2.36,-0.01,12.0,14.0,20399.0,7.83,20399.0,7.83,0.0,0.0,-399.0,-0.15,-20000.0,-7.68,10.0,100.002,100.003,403600.0,40361211,40361211,2026-08-04,2026-08-04 16:11:55+08:00
511660,货币ETF建信,100.002,,0.0,0.0,0.0,41549.0,415490483.0,100.0,100.003,99.998,100.002,0.01,5.57,0.95,-12.68,19645.0,21904.0,-6174689.0,-1.49,-48259936.0,-11.62,42085247.0,10.13,4283889.0,1.03,1890795.0,0.46,-37.0,100.002,100.003,74576700.0,7457819153,7457819153,2026-08-04,2026-08-04 16:11:49+08:00
511670,华泰天天金ETF,100.0,,0.0,0.0,0.0,19.0,190000.0,100.0,100.0,100.0,100.0,0.0,1.39,2.43,26.67,19.0,,0.0,0.0,0.0,0.0,0.0,0.0,-30000.0,-15.79,30000.0,15.79,10.0,98.595,100.0,137000.0,13700000,13700000,2026-08-04,2026-08-04 16:11:43+08:00
511690,交易货币ETF大成,100.003,,0.0,0.0,0.0,665.0,6651707.0,100.002,100.005,100.002,100.003,0.0,1.1,0.82,-0.83,156.0,509.0,110095.0,1.66,-1129740.0,-16.98,1239835.0,18.64,-39995.0,-0.6,-70101.0,-1.05,-101.0,100.003,100.005,6023500.0,602368071,602368071,2026-08-04,2026-08-04 16:11:48+08:00
511700,货币ETF平安,100.006,,-0.01,0.004,0.0,13495.0,134953583.0,100.002,100.008,100.001,100.002,0.01,8.13,1.29,-37.35,10358.0,3136.0,14414256.0,10.68,-24182938.0,-17.92,38597194.0,28.6,-11454941.0,-8.49,-2959315.0,-2.19,-23.0,100.006,100.007,16589000.0,1658999534,1658999534,2026-08-04,2026-08-04 16:11:42+08:00
511650,货币ETF华夏,100.003,,0.0,-0.001,0.0,334.0,3340102.0,100.003,100.004,100.003,100.004,0.0,2.75,0.74,-13.61,63.0,271.0,110302.0,3.3,550915.0,16.49,-440613.0,-13.19,-110002.0,-3.29,-299.0,-0.01,20.0,100.002,100.003,1215900.0,121593648,121593648,2026-08-04,2026-08-04 16:11:42+08:00
515110,一带一路ETF易方达,1.617,1.6133,-0.23,0.0,0.0,40672.0,6572612.0,1.605,1.622,1.605,1.617,1.05,1.87,0.71,8.89,20593.0,20079.0,12247.0,0.19,242026.0,3.68,-229779.0,-3.5,-28312.0,-0.43,16065.0,0.24,-100.0,1.612,1.617,217295000.0,351366015,351366015,2026-08-04,2026-08-04 16:11:45+08:00
511920,货币ETF广发,100.004,,0.0,0.0,0.0,27.0,270099.0,99.997,100.004,99.997,100.004,0.01,0.84,0.18,5.54,20.0,7.0,0.0,0.0,0.0,0.0,0.0,0.0,70102.0,25.95,-70103.0,-25.95,2.0,100.0,100.004,322300.0,32231289,32231289,2026-08-04,2026-08-04 16:11:48+08:00
511930,货币ETF国联,100.001,,0.0,0.002,0.0,4.0,40400.0,99.998,100.001,99.998,99.999,0.0,0.21,0.09,25.07,1.0,3.0,0.0,0.0,0.0,0.0,0.0,0.0,9999.0,24.75,-10000.0,-24.75,-1.0,99.999,100.006,190700.0,19070191,19070191,2026-08-04,2026-08-04 16:11:35+08:00
513330,恒生互联网ETF华夏,0.411,0.4118,0.19,0.0,0.0,61188689.0,2516900981.0,0.413,0.418,0.407,0.411,2.68,8.99,0.87,-5.15,30709416.0,30479273.0,-27765728.0,-1.1,-41169088.0,-1.64,13403360.0,0.53,19423336.0,0.77,8342395.0,0.33,-370191.0,0.41,0.411,68037479936.0,27963404254,27963404254,2026-08-04,2026-08-04 16:11:43+08:00
560650,核心50ETF民生加银,1.068,,,0.0,0.0,,,,,,1.068,0.0,0.0,,0.0,,,,,,,,,,,,,,,,7919200.0,8457706,8457706,2026-08-04,2026-08-04 16:11:46+08:00
516790,医疗ETF华泰柏瑞,0.515,0.5149,-0.02,0.0,0.0,66653.0,3437248.0,0.515,0.52,0.514,0.515,1.17,3.36,0.74,3.61,38701.0,27952.0,-75586.0,-2.2,17991.0,0.52,-93577.0,-2.72,33868.0,0.99,41717.0,1.21,-421.0,0.515,0.516,198282200.0,102115333,102115333,2026-08-04,2026-08-04 16:11:41+08:00
159641,碳中和ETF招商,0.999,0.9983,-0.07,0.0,0.0,7943.0,791584.8,0.999,1.0,0.992,0.999,0.8,0.89,0.19,-3.39,4820.0,3123.0,-16855.0,-2.13,-2495.0,-0.32,-14360.0,-1.81,-22213.0,-2.81,39069.0,4.94,10.0,0.997,1.003,89719131.0,89629412,89629412,2026-08-04,2026-08-04 15:34:06+08:00
159898,医疗器械ETF招商,0.488,0.4873,-0.14,0.0,0.0,162391.0,7919664.6,0.49,0.491,0.486,0.488,1.02,1.64,0.56,1.92,71047.0,91344.0,-34821.0,-0.44,384808.0,4.86,-419629.0,-5.3,52822.0,0.67,-17999.0,-0.23,101.0,0.487,0.488,990098832.0,483168230,483168230,2026-08-04,2026-08-04 15:34:12+08:00
513770,港股互联网ETF华宝,0.388,0.3886,0.15,0.0,0.0,16885738.0,656021892.0,0.39,0.395,0.385,0.388,2.58,11.21,0.72,-15.82,7964068.0,8921670.0,-7418132.0,-1.13,-2463664.0,-0.38,-4954468.0,-0.76,4973196.0,0.76,2444952.0,0.37,-88934.0,0.388,0.389,15057137920.0,5842169513,5842169513,2026-08-04,2026-08-04 16:12:00+08:00
530800,上证180ETF银华,1.192,1.1921,0.01,0.0,0.0,26358.0,3142832.0,1.193,1.194,1.191,1.192,0.25,14.48,1.32,10.85,17225.0,9133.0,-60404.0,-1.92,-242635.0,-7.72,182231.0,5.8,8634.0,0.27,51769.0,1.65,-595.0,1.19,1.195,18201800.0,21696546,21696546,2026-08-04,2026-08-04 16:11:58+08:00
530280,上证180ETF平安,1.192,1.1892,-0.24,0.0,0.0,2239.0,266266.0,1.192,1.192,1.188,1.192,0.34,0.75,0.37,21.74,10.0,2229.0,21561.0,8.1,0.0,0.0,21561.0,8.1,0.0,0.0,-21560.0,-8.1,-28.0,1.19,1.192,29934000.0,35681328,35681328,2026-08-04,2026-08-04 16:11:51+08:00
560060,碳中和ETF汇添富,0.926,0.9257,-0.03,0.0,0.0,1314.0,121534.0,0.914,0.928,0.914,0.926,1.51,0.17,0.15,5.97,767.0,547.0,1275.0,1.05,0.0,0.0,1275.0,1.05,4648.0,3.82,-5924.0,-4.87,20.0,0.927,0.928,76090000.0,70459340,70459340,2026-08-04,2026-08-04 16:11:52+08:00
560370,红利质量ETF易方达,0.91,0.909,-0.11,0.0,0.0,18023.0,1635985.0,0.909,0.911,0.903,0.91,0.88,1.52,0.39,12.49,5875.0,12148.0,146177.0,8.94,230330.0,14.08,-84153.0,-5.14,-189069.0,-11.56,42890.0,2.62,-10.0,0.908,0.91,118584000.0,107911440,107911440,2026-08-04,2026-08-04 16:11:48+08:00
159883,医疗器械ETF永赢,0.438,0.4375,-0.11,0.0,0.0,1664622.0,72893582.9,0.438,0.441,0.436,0.438,1.14,1.77,0.88,4.8,651141.0,1013481.0,-3947422.0,-5.42,-6576683.0,-9.02,2629261.0,3.61,2879428.0,3.95,1067995.0,1.47,7742.0,0.437,0.438,9412037888.0,4122472595,4122472595,2026-08-04,2026-08-04 15:34:24+08:00
520770,恒指港股通ETF建信,0.956,0.9539,-0.22,0.0,0.0,134976.0,13026585.0,0.998,1.009,0.954,0.956,5.75,6.3,3.68,-23.4,64767.0,70209.0,-1216231.0,-9.34,670870.0,5.15,-1887101.0,-14.49,786741.0,6.04,429490.0,3.3,-56.0,0.955,0.956,214373800.0,204941353,204941353,2026-08-04,2026-08-04 16:12:00+08:00
561430,红利质量ETF博时,1.057,1.0598,0.26,0.0,0.0,33154.0,3508095.0,1.057,1.06,1.054,1.057,0.57,6.0,0.64,44.87,11471.0,21682.0,694579.0,19.8,1406178.0,40.08,-711599.0,-20.28,-618272.0,-17.62,-76306.0,-2.18,-11.0,1.056,1.057,55223200.0,58370922,58370922,2026-08-04,2026-08-04 16:11:43+08:00
159202,恒生互联网ETF万家,0.889,0.8852,-0.43,0.0,0.0,2758159.0,244565614.082,0.894,0.905,0.88,0.889,2.81,22.77,0.93,2.25,1314826.0,1443333.0,-689451.0,-0.28,868063.0,0.35,-1557514.0,-0.64,-1439475.0,-0.59,2128926.0,0.87,6446.0,0.888,0.889,1211401904.0,1076936293,1076936293,2026-08-04,2026-08-04 15:34:12+08:00
516610,医疗设备ETF大成,0.428,0.4289,0.21,0.0,0.0,94152.0,4035521.0,0.427,0.432,0.427,0.428,1.17,3.75,0.74,-18.29,42342.0,51810.0,-108810.0,-2.7,131962.0,3.27,-240772.0,-5.97,-27964.0,-0.69,136775.0,3.39,-5572.0,0.427,0.428,250974800.0,107417214,107417214,2026-08-04,2026-08-04 16:11:44+08:00
510190,上证50ETF华安,4.268,4.2598,-0.19,0.0,0.0,1634.0,696302.0,4.286,4.288,4.25,4.268,0.89,0.69,0.51,35.38,759.0,875.0,-187944.0,-26.99,0.0,0.0,-187944.0,-26.99,187490.0,26.93,454.0,0.07,12.0,4.259,4.268,23650800.0,100941614,100941614,2026-08-04,2026-08-04 16:11:35+08:00
516570,化工行业ETF易方达,1.0,0.9996,-0.04,0.0,0.0,303662.0,30333787.0,1.0,1.003,0.988,1.0,1.5,2.62,1.02,-1.72,154703.0,148959.0,-783995.0,-2.58,-1118757.0,-3.69,334762.0,1.1,-463955.0,-1.53,1247950.0,4.11,-25.0,1.0,1.001,1159357600.0,1159357600,1159357600,2026-08-04,2026-08-04 16:11:39+08:00
511880,银华日利ETF,100.673,,0.0,-0.014,-0.01,1595747.0,16064665831.0,100.683,100.683,100.661,100.687,0.02,17.01,0.87,-37.33,676564.0,919183.0,57969648.0,0.36,725262080.0,4.51,-667292432.0,-4.15,-83149936.0,-0.52,25180362.0,0.16,-15841.0,100.673,100.674,937955200.0,94426763850,94426763850,2026-08-04,2026-08-04 16:11:39+08:00
159910,基本面120ETF嘉实,2.383,2.3763,-0.28,-0.001,-0.04,2918.0,694607.1,2.384,2.385,2.374,2.384,0.46,0.34,0.72,9.0,1375.0,1543.0,-238300.0,-34.31,0.0,0.0,-238300.0,-34.31,278385.0,40.08,-40085.0,-5.77,68.0,2.365,2.383,84906143.0,202331339,202331339,2026-08-04,2026-08-04 15:34:39+08:00
518800,黄金ETF国泰,8.815,8.8241,0.1,-0.005,-0.06,402729.0,355142612.0,8.801,8.83,8.798,8.82,0.36,1.12,0.91,-26.72,208872.0,193857.0,-11952429.0,-3.37,-13188964.0,-3.71,1236535.0,0.35,4139205.0,1.17,7813225.0,2.2,-616.0,8.815,8.816,3611379200.0,31834307648,31834307648,2026-08-04,2026-08-04 16:11:41+08:00
159934,黄金ETF易方达,8.788,8.79,0.02,-0.006,-0.07,491893.0,432279273.406,8.78,8.8,8.768,8.794,0.36,1.28,0.76,-3.6,221064.0,270829.0,-21419655.0,-4.96,24180540.0,5.59,-45600195.0,-10.55,7206093.0,1.67,14213562.0,3.29,-4019.0,8.788,8.789,3844808992.0,33788181422,33788181422,2026-08-04,2026-08-04 15:34:33+08:00
560090,证券ETF汇添富,1.184,1.1822,-0.15,-0.001,-0.08,700347.0,82915010.0,1.188,1.192,1.18,1.185,1.01,2.99,0.81,23.0,323395.0,376952.0,-9853883.0,-11.88,-6576148.0,-7.93,-3277735.0,-3.95,5790394.0,6.98,4063489.0,4.9,-5306.0,1.183,1.184,2339365008.0,2769808169,2769808169,2026-08-04,2026-08-04 16:11:56+08:00
159993,证券ETF鹏华,1.189,1.1874,-0.13,-0.001,-0.08,478862.0,56911909.857,1.189,1.197,1.184,1.19,1.09,1.24,0.76,45.46,239178.0,239684.0,-9626117.0,-16.91,-13471397.0,-23.67,3845280.0,6.76,3736000.0,6.56,5890119.0,10.35,-1025.0,1.189,1.19,3851197984.0,4579074403,4579074403,2026-08-04,2026-08-04 15:34:48+08:00
518600,金ETF广发,8.763,8.7707,0.09,-0.007,-0.08,131121.0,114912879.0,8.747,8.777,8.746,8.77,0.35,1.79,0.89,-39.92,66255.0,64866.0,-3111181.0,-2.71,-9650608.0,-8.4,6539427.0,5.69,-386223.0,-0.34,3497403.0,3.04,-620.0,8.761,8.763,731116304.0,6406772172,6406772172,2026-08-04,2026-08-04 16:11:52+08:00
510600,上证50ETF申万菱信,3.835,3.8257,-0.24,-0.003,-0.08,7743.0,2966613.0,3.839,3.848,3.82,3.838,0.73,5.69,1.24,-2.86,3128.0,4615.0,319323.0,10.76,0.0,0.0,319323.0,10.76,-537566.0,-18.12,218243.0,7.36,200.0,3.83,3.836,13615100.0,52213909,52213909,2026-08-04,2026-08-04 16:11:48+08:00
159834,金ETF南方,8.779,8.7876,0.1,-0.007,-0.08,74571.0,65517894.4,8.777,8.798,8.764,8.786,0.39,3.64,0.99,21.08,37677.0,36894.0,-1904558.0,-2.91,0.0,0.0,-1904558.0,-2.91,1944790.0,2.97,-40232.0,-0.06,-60.0,8.779,8.78,205061376.0,1800233820,1800233820,2026-08-04,2026-08-04 15:34:48+08:00
518850,黄金ETF华夏,8.492,8.5013,0.11,-0.007,-0.08,221785.0,188392087.0,8.485,8.507,8.476,8.499,0.36,1.24,0.7,-2.86,100937.0,120848.0,-11078929.0,-5.88,-1642017.0,-0.87,-9436912.0,-5.01,10872496.0,5.77,206432.0,0.11,-496.0,8.492,8.493,1788678704.0,15189459554,15189459554,2026-08-04,2026-08-04 16:11:46+08:00
518890,上海金ETF中银,8.424,8.4317,0.09,-0.008,-0.09,29527.0,24878827.0,8.416,8.441,8.404,8.432,0.44,0.75,0.92,-22.3,14935.0,14592.0,-1174607.0,-4.72,0.0,0.0,-1174607.0,-4.72,661266.0,2.66,513341.0,2.06,-5.0,8.424,8.429,392654800.0,3307724035,3307724035,2026-08-04,2026-08-04 16:11:51+08:00
518680,金ETF富国,8.805,8.8138,0.1,-0.008,-0.09,83109.0,73204060.0,8.795,8.82,8.79,8.813,0.34,1.04,0.56,-42.68,42185.0,40924.0,975116.0,1.33,-1126110.0,-1.54,2101226.0,2.87,-2178073.0,-2.98,1202957.0,1.64,-123.0,8.805,8.809,798769504.0,7033165483,7033165483,2026-08-04,2026-08-04 16:11:41+08:00
512570,证券ETF易方达,1.11,1.1082,-0.16,-0.001,-0.09,1402015.0,155652590.0,1.114,1.118,1.107,1.111,0.99,3.48,0.99,10.39,632336.0,769679.0,-25492873.0,-16.38,-28046328.0,-18.02,2553455.0,1.64,15476595.0,9.94,10016277.0,6.44,-3808.0,1.11,1.111,4033806096.0,4477524767,4477524767,2026-08-04,2026-08-04 16:11:50+08:00
512880,证券ETF国泰,1.104,1.1018,-0.2,-0.001,-0.09,15145331.0,1671614612.0,1.107,1.11,1.1,1.105,0.9,2.66,0.87,29.51,6493819.0,8651512.0,-259768752.0,-15.54,-335368976.0,-20.06,75600224.0,4.52,175207521.0,10.48,84561219.0,5.06,-156822.0,1.103,1.104,57029291520.0,62960337838,62960337838,2026-08-04,2026-08-04 16:11:54+08:00
512900,证券ETF南方,1.091,1.0902,-0.07,-0.001,-0.09,881762.0,96363509.0,1.095,1.099,1.088,1.092,1.01,1.18,1.53,-26.76,570067.0,311695.0,-23484946.0,-24.37,-13600360.0,-14.11,-9884586.0,-10.26,19049014.0,19.77,4435932.0,4.6,-410.0,1.091,1.092,7503406080.0,8186216033,8186216033,2026-08-04,2026-08-04 16:11:54+08:00
560550,碳中和ETF广发,0.966,0.9671,0.11,-0.001,-0.1,24724.0,2381346.0,0.967,0.969,0.959,0.967,1.03,1.94,3.64,11.2,5059.0,19665.0,-49893.0,-2.1,-149397.0,-6.27,99504.0,4.18,141980.0,5.96,-92088.0,-3.87,29.0,0.965,0.967,127597400.0,123259088,123259088,2026-08-04,2026-08-04 16:11:35+08:00
560250,红利质量ETF富国,0.999,1.0007,0.17,-0.001,-0.1,55639.0,5559967.0,0.993,1.003,0.993,1.0,1.0,2.43,0.39,15.35,38467.0,17172.0,866741.0,15.59,1301921.0,23.42,-435180.0,-7.83,-898622.0,-16.16,31880.0,0.57,44.0,0.997,0.999,229333000.0,229103667,229103667,2026-08-04,2026-08-04 16:11:59+08:00
561190,碳中和ETF富国,0.967,0.9671,0.01,-0.001,-0.1,17443.0,1686396.0,0.965,0.969,0.962,0.968,0.72,0.89,0.6,-2.57,5603.0,11840.0,-256113.0,-15.19,37283.0,2.21,-293396.0,-17.4,245184.0,14.54,10929.0,0.65,600.0,0.967,0.969,196318000.0,189839506,189839506,2026-08-04,2026-08-04 16:11:59+08:00
560400,证券ETF华泰柏瑞,1.0,0.999,-0.1,-0.001,-0.1,254636.0,25459381.0,1.002,1.007,0.997,1.001,1.0,13.23,1.04,15.76,110296.0,144340.0,-1892789.0,-7.43,-1687234.0,-6.63,-205555.0,-0.81,1026812.0,4.03,865977.0,3.4,-345.0,1.0,1.001,192493000.0,192493000,192493000,2026-08-04,2026-08-04 16:11:58+08:00
510100,上证50ETF易方达,2.934,2.935,0.03,-0.003,-0.1,1090070.0,320037780.0,2.94,2.949,2.924,2.937,0.85,10.52,0.67,-13.95,483419.0,606651.0,-11273289.0,-3.52,-1689323.0,-0.53,-9583966.0,-2.99,5772468.0,1.8,5500822.0,1.72,-1907.0,2.934,2.935,1036406800.0,3040817551,3040817551,2026-08-04,2026-08-04 16:11:53+08:00
159328,家电ETF易方达,1.036,1.0356,-0.04,-0.001,-0.1,10597.0,1095872.5,1.033,1.037,1.03,1.037,0.68,1.1,0.34,-18.7,2040.0,8557.0,400182.0,36.52,0.0,0.0,400182.0,36.52,-377624.0,-34.46,-22559.0,-2.06,2.0,1.031,1.037,96556700.0,100032741,100032741,2026-08-04,2026-08-04 15:34:27+08:00
159841,证券ETF天弘,0.999,0.9988,-0.02,-0.001,-0.1,1661148.0,166191949.5,1.003,1.007,0.997,1.0,1.0,1.38,0.7,44.02,750925.0,910223.0,-27657206.0,-16.64,-28234499.0,-16.99,577293.0,0.35,16813858.0,10.12,10843349.0,6.52,-16089.0,0.999,1.0,12022638592.0,12010615953,12010615953,2026-08-04,2026-08-04 15:34:03+08:00
159830,金ETF天弘,8.781,8.7854,0.05,-0.01,-0.11,30036.0,26381244.3,8.774,8.795,8.765,8.791,0.34,0.83,0.74,-15.03,13670.0,16366.0,1042008.0,3.95,0.0,0.0,1042008.0,3.95,-1379715.0,-5.23,337707.0,1.28,46.0,8.78,8.785,362914064.0,3186748396,3186748396,2026-08-04,2026-08-04 15:34:03+08:00
518880,黄金ETF华安,8.408,8.4175,0.11,-0.009,-0.11,2442897.0,2054825165.0,8.394,8.425,8.391,8.417,0.4,2.23,0.81,46.3,1157081.0,1285816.0,-61898304.0,-3.01,-36664096.0,-1.78,-25234208.0,-1.23,25980176.0,1.26,35918156.0,1.75,-11532.0,8.408,8.409,10975840768.0,92284869177,92284869177,2026-08-04,2026-08-04 16:11:49+08:00
159937,黄金ETF博时,8.386,8.3948,0.1,-0.009,-0.11,379591.0,318572212.6,8.382,8.404,8.371,8.395,0.39,0.8,0.77,65.12,186353.0,193238.0,-5614750.0,-1.76,-4658174.0,-1.46,-956576.0,-0.3,668993.0,0.21,4945758.0,1.55,-746.0,8.386,8.387,4752721920.0,39856326021,39856326021,2026-08-04,2026-08-04 15:34:36+08:00
513090,香港证券ETF易方达,1.829,1.8266,-0.13,-0.002,-0.11,15595697.0,2854584537.0,1.832,1.843,1.825,1.831,0.98,15.34,0.74,-50.51,7184891.0,8410806.0,-115353456.0,-4.04,-110328160.0,-3.86,-5025296.0,-0.18,52035200.0,1.82,63318247.0,2.22,-177896.0,1.828,1.829,10167987968.0,18597249993,18597249993,2026-08-04,2026-08-04 16:11:48+08:00
159260,证券ETF博时,0.871,0.8701,-0.1,-0.001,-0.11,322131.0,28011363.5,0.872,0.877,0.868,0.872,1.03,2.81,2.82,7.52,44748.0,277383.0,-1818210.0,-6.49,-2451784.0,-8.75,633574.0,2.26,751046.0,2.68,1067164.0,3.81,640.0,0.87,0.871,1145713584.0,997916532,997916532,2026-08-04,2026-08-04 15:34:12+08:00
159605,中概互联ETF广发,0.867,0.875,0.91,-0.001,-0.12,4927317.0,428126973.879,0.873,0.883,0.863,0.868,2.3,12.05,0.94,-42.91,2318071.0,2609246.0,-7072038.0,-1.65,-23099403.0,-5.4,16027365.0,3.74,3187759.0,0.74,3884278.0,0.91,-15511.0,0.867,0.868,4087486160.0,3543850501,3543850501,2026-08-04,2026-08-04 15:34:48+08:00
518660,黄金ETF工银,8.434,8.4432,0.11,-0.01,-0.12,92087.0,77699261.0,8.425,8.449,8.418,8.444,0.37,0.97,0.45,-7.17,42486.0,49601.0,-2115033.0,-2.72,-1910048.0,-2.46,-204985.0,-0.26,123955.0,0.16,1991079.0,2.56,-58.0,8.434,8.436,949352704.0,8006840706,8006840706,2026-08-04,2026-08-04 16:11:59+08:00
159960,恒生中国企业ETF平安,0.857,0.8568,-0.02,-0.001,-0.12,35437.0,3039640.9,0.861,0.869,0.854,0.858,1.75,6.38,0.37,11.6,18655.0,16782.0,-95065.0,-3.13,0.0,0.0,-95065.0,-3.13,127354.0,4.19,-32288.0,-1.06,200.0,0.856,0.857,55573960.0,47626884,47626884,2026-08-04,2026-08-04 15:34:09+08:00
159607,中概互联网ETF嘉实,0.865,0.8744,1.08,-0.001,-0.12,2519108.0,217838016.628,0.87,0.879,0.859,0.866,2.31,21.42,1.06,-24.7,1257423.0,1261685.0,-4996434.0,-2.29,-8027354.0,-3.69,3030920.0,1.39,3774859.0,1.73,1221574.0,0.56,6179.0,0.864,0.865,1175829136.0,1017092203,1017092203,2026-08-04,2026-08-04 15:34:09+08:00
159708,红利ETF西部利得,0.818,0.8191,0.13,-0.001,-0.12,59275.0,4852652.1,0.818,0.822,0.814,0.819,0.98,3.21,0.45,3.35,26543.0,32732.0,155527.0,3.2,-225444.0,-4.65,380971.0,7.85,-195754.0,-4.03,40227.0,0.83,-3.0,0.818,0.82,184528306.0,150944154,150944154,2026-08-04,2026-08-04 15:34:15+08:00
518860,上海金ETF建信,8.425,8.4333,0.1,-0.011,-0.13,24281.0,20467307.0,8.436,8.441,8.406,8.436,0.41,0.51,1.02,-68.58,12987.0,11294.0,-466849.0,-2.28,20240.0,0.1,-487089.0,-2.38,28853.0,0.14,437995.0,2.14,-39.0,8.428,8.434,472659808.0,3982158882,3982158882,2026-08-04,2026-08-04 16:11:56+08:00
520910,港股通互联网ETF华夏,0.692,0.6953,0.47,-0.001,-0.14,848492.0,58802932.0,0.698,0.707,0.687,0.693,2.89,11.29,1.05,0.62,407187.0,441305.0,-540329.0,-0.92,1442807.0,2.45,-1983136.0,-3.37,-1845.0,0.0,542174.0,0.92,-302.0,0.692,0.694,751445008.0,519999946,519999946,2026-08-04,2026-08-04 16:11:34+08:00
510020,超大盘ETF博时,3.911,3.9176,0.17,-0.006,-0.15,5030.0,1968193.0,3.917,3.933,3.9,3.917,0.84,1.37,0.33,-19.25,2580.0,2450.0,217211.0,11.04,201385.0,10.23,15826.0,0.8,-283357.0,-14.4,66144.0,3.36,-100.0,3.913,3.92,36848000.0,144112528,144112528,2026-08-04,2026-08-04 16:11:51+08:00
520650,港股通互联网ETF南方,0.656,0.6575,0.23,-0.001,-0.15,5733136.0,377155964.0,0.66,0.67,0.65,0.657,3.04,25.01,2.35,-16.13,2491799.0,3241337.0,-46494208.0,-12.33,-52199414.0,-13.84,5705206.0,1.51,34170592.0,9.06,12323616.0,3.27,-3580.0,0.656,0.657,2292755008.0,1504047285,1504047285,2026-08-04,2026-08-04 16:11:59+08:00
562300,碳中和ETF银华,0.678,0.6781,0.01,-0.001,-0.15,44046.0,2992483.0,0.679,0.683,0.675,0.679,1.18,5.61,3.1,12.45,29687.0,14359.0,257531.0,8.61,1550811.0,51.82,-1293280.0,-43.22,-193749.0,-6.47,-63784.0,-2.13,-140.0,0.678,0.68,78495000.0,53219610,53219610,2026-08-04,2026-08-04 16:11:50+08:00
515010,证券ETF华夏,1.268,1.2673,-0.06,-0.002,-0.16,784741.0,99784441.0,1.276,1.277,1.265,1.27,0.94,3.72,1.64,-1.94,358825.0,425916.0,-12416220.0,-12.44,-10098137.0,-10.12,-2318083.0,-2.32,8410150.0,8.43,4006070.0,4.01,-2592.0,1.268,1.269,2107271600.0,2672020389,2672020389,2026-08-04,2026-08-04 16:11:52+08:00
562850,央企能源ETF嘉实,1.275,1.2752,0.02,-0.002,-0.16,40061.0,5112319.0,1.288,1.288,1.269,1.277,1.49,2.04,0.55,10.36,16585.0,23476.0,332672.0,6.51,1280000.0,25.04,-947328.0,-18.53,-334441.0,-6.54,1769.0,0.03,-4.0,1.273,1.275,195981500.0,249876413,249876413,2026-08-04,2026-08-04 16:11:33+08:00
530080,上证180ETF天弘,1.218,1.2213,0.27,-0.002,-0.16,43061.0,5248367.0,1.22,1.224,1.215,1.22,0.74,13.93,0.68,8.56,12707.0,30354.0,19163.0,0.37,245100.0,4.67,-225937.0,-4.3,-4343.0,-0.08,-14819.0,-0.28,-1643.0,1.218,1.22,30917000.0,37656906,37656906,2026-08-04,2026-08-04 16:11:44+08:00
510040,上证180ETF鹏华,1.151,1.1512,0.02,-0.002,-0.17,20868.0,2402190.0,1.163,1.163,1.148,1.153,1.3,6.42,0.66,0.79,10604.0,10264.0,31637.0,1.32,0.0,0.0,31637.0,1.32,-11126.0,-0.46,-20512.0,-0.85,-268.0,1.15,1.155,32480000.0,37384480,37384480,2026-08-04,2026-08-04 16:11:41+08:00
513050,中概互联网ETF易方达,1.178,1.1896,0.98,-0.002,-0.17,35193641.0,4155241352.0,1.189,1.201,1.171,1.18,2.54,10.44,1.25,-43.15,16779813.0,18413828.0,-38525360.0,-0.93,-21303808.0,-0.51,-17221552.0,-0.41,-15229600.0,-0.37,53754960.0,1.29,-96931.0,1.178,1.179,33725432832.0,39728559876,39728559876,2026-08-04,2026-08-04 16:11:52+08:00
159812,黄金ETF前海开源,8.375,8.3815,0.08,-0.015,-0.18,6808.0,5705617.3,8.351,8.39,8.351,8.39,0.46,0.41,0.46,-4.27,4172.0,2636.0,-763821.0,-13.39,0.0,0.0,-763821.0,-13.39,794898.0,13.93,-31077.0,-0.54,-4.0,8.375,8.384,168013149.0,1407110123,1407110123,2026-08-04,2026-08-04 15:34:36+08:00
516980,证券先锋ETF华富,1.085,1.0847,-0.03,-0.002,-0.18,34226.0,3713045.0,1.087,1.093,1.082,1.087,1.01,5.61,0.85,18.32,10635.0,23591.0,548545.0,14.77,0.0,0.0,548545.0,14.77,-662287.0,-17.84,113742.0,3.06,-63.0,1.084,1.085,61016000.0,66202360,66202360,2026-08-04,2026-08-04 16:11:44+08:00
516200,证券ETF华安,1.055,1.0534,-0.15,-0.002,-0.19,78620.0,8295981.0,1.061,1.062,1.052,1.057,0.95,1.79,0.77,-5.74,36560.0,42060.0,-1318193.0,-15.89,-627525.0,-7.56,-690668.0,-8.33,615603.0,7.42,702590.0,8.47,-500.0,1.055,1.056,439604000.0,463782220,463782220,2026-08-04,2026-08-04 16:11:45+08:00
510710,上证50ETF博时,4.239,4.2418,0.07,-0.008,-0.19,7643.0,3242562.0,4.254,4.257,4.23,4.247,0.64,0.72,0.36,-59.55,4705.0,2938.0,-643135.0,-19.83,0.0,0.0,-643135.0,-19.83,554641.0,17.11,88494.0,2.73,-64.0,4.239,4.253,106118900.0,449838017,449838017,2026-08-04,2026-08-04 16:11:35+08:00
159842,券商ETF银华,1.049,1.0486,-0.04,-0.002,-0.19,3131130.0,328557755.456,1.054,1.057,1.046,1.051,1.05,3.25,1.18,2.54,1401086.0,1730044.0,-29361917.0,-8.94,-40158802.0,-12.22,10796885.0,3.29,15106144.0,4.6,14255772.0,4.34,-10976.0,1.049,1.05,9636250624.0,10108426905,10108426905,2026-08-04,2026-08-04 15:34:45+08:00
530000,上证50ETF天弘,1.364,1.3651,0.08,-0.003,-0.22,33595.0,4585481.0,1.37,1.374,1.361,1.367,0.95,0.33,0.12,22.94,13176.0,20419.0,302648.0,6.6,0.0,0.0,302648.0,6.6,-625214.0,-13.63,322565.0,7.03,-5.0,1.364,1.365,1008029408.0,1374952113,1374952113,2026-08-04,2026-08-04 16:11:47+08:00
520960,恒指港股通ETF嘉实,0.928,0.9271,-0.1,-0.002,-0.22,29662.0,2751024.0,0.936,0.936,0.925,0.93,1.18,4.89,0.77,-2.27,20214.0,9448.0,48513.0,1.76,-546047.0,-19.85,594560.0,21.61,-94611.0,-3.44,46098.0,1.68,1.0,0.925,0.928,60603400.0,56239955,56239955,2026-08-04,2026-08-04 16:11:51+08:00
561760,油气ETF博时,1.295,1.3016,0.51,-0.003,-0.23,88247.0,11511901.0,1.297,1.313,1.295,1.298,1.39,5.25,1.45,-28.4,46502.0,41745.0,2508122.0,21.79,2001645.0,17.39,506477.0,4.4,-1773640.0,-15.41,-734480.0,-6.38,-2403.0,1.295,1.299,168195000.0,217812525,217812525,2026-08-04,2026-08-04 16:11:32+08:00
510050,上证50ETF华夏,2.983,2.985,0.07,-0.007,-0.23,5244435.0,1565599363.0,2.999,3.0,2.975,2.99,0.84,6.83,0.68,-25.22,2389298.0,2855137.0,-218509824.0,-13.96,-46591536.0,-2.98,-171918288.0,-10.98,173156737.0,11.06,45353084.0,2.9,-59527.0,2.983,2.984,7677666816.0,22902480112,22902480112,2026-08-04,2026-08-04 16:11:51+08:00
159692,证券ETF东财,1.232,1.2296,-0.2,-0.003,-0.24,644626.0,79410212.9,1.236,1.24,1.228,1.235,0.97,4.25,0.76,50.52,249205.0,395421.0,-22077719.0,-27.8,-23741787.0,-29.9,1664068.0,2.1,12560983.0,15.82,9516736.0,11.98,-6047.0,1.232,1.233,1517455968.0,1869505753,1869505753,2026-08-04,2026-08-04 15:34:57+08:00
515730,家居家电ETF永赢,0.833,0.8349,0.23,-0.002,-0.24,8600.0,716331.0,0.835,0.846,0.831,0.835,1.8,2.21,0.54,-0.15,4566.0,4034.0,152962.0,21.35,0.0,0.0,152962.0,21.35,-154550.0,-21.58,1589.0,0.22,-2500.0,0.832,0.835,38892000.0,32397036,32397036,2026-08-04,2026-08-04 16:11:36+08:00
510200,上证券商ETF汇安,1.195,1.1954,0.03,-0.003,-0.25,19161.0,2294463.0,1.197,1.208,1.193,1.198,1.25,1.25,0.6,-1.4,8408.0,10753.0,-26025.0,-1.13,0.0,0.0,-26025.0,-1.13,-147141.0,-6.41,173166.0,7.55,-251.0,1.194,1.195,153885500.0,183893173,183893173,2026-08-04,2026-08-04 16:11:51+08:00
530050,上证50ETF东财,1.171,1.1678,-0.27,-0.003,-0.26,53433.0,6249408.0,1.174,1.176,1.164,1.174,1.02,3.79,1.08,41.43,17281.0,36152.0,-432578.0,-6.92,-1212256.0,-19.4,779678.0,12.48,-30699.0,-0.49,463277.0,7.41,-2272.0,1.17,1.171,140813000.0,164892023,164892023,2026-08-04,2026-08-04 16:11:33+08:00
513990,港股通ETF招商,1.135,1.1429,0.69,-0.003,-0.26,81921.0,9325576.0,1.14,1.15,1.134,1.138,1.41,16.06,0.82,14.36,29164.0,52757.0,17792.0,0.19,1051105.0,11.27,-1033313.0,-11.08,-6933.0,-0.07,-10859.0,-0.12,-70.0,1.135,1.136,51000000.0,57885000,57885000,2026-08-04,2026-08-04 16:11:54+08:00
159322,黄金股ETF平安,1.505,1.501,-0.27,-0.004,-0.27,58354.0,8765348.5,1.499,1.517,1.492,1.509,1.66,4.93,0.79,26.44,27643.0,30711.0,-244920.0,-2.79,0.0,0.0,-244920.0,-2.79,13450.0,0.15,231470.0,2.64,229.0,1.503,1.505,118411691.0,178209595,178209595,2026-08-04,2026-08-04 15:34:03+08:00
513900,港股通100ETF华安,1.021,1.0271,0.59,-0.003,-0.29,51571.0,5266392.0,1.027,1.031,1.018,1.024,1.27,5.11,0.57,-9.05,14531.0,37040.0,-43333.0,-0.82,1020000.0,19.37,-1063333.0,-20.19,32577.0,0.62,10756.0,0.2,-10.0,1.02,1.021,100978000.0,103098538,103098538,2026-08-04,2026-08-04 16:11:45+08:00
159365,恒指港股通ETF富国,1.018,1.017,-0.1,-0.003,-0.29,12189.0,1238611.3,1.028,1.03,1.013,1.021,1.67,2.38,0.54,18.65,4159.0,8030.0,71044.0,5.74,0.0,0.0,71044.0,5.74,-77010.0,-6.22,5965.0,0.48,41.0,1.017,1.018,51162398.0,52083321,52083321,2026-08-04,2026-08-04 15:34:03+08:00
510800,上证50ETF建信,1.379,1.3768,-0.16,-0.004,-0.29,22421.0,3094036.0,1.386,1.392,1.376,1.383,1.16,1.24,0.92,22.13,8607.0,13814.0,-696355.0,-22.51,-500157.0,-16.17,-196198.0,-6.34,145767.0,4.71,550589.0,17.8,-175.0,1.378,1.379,180576000.0,249014304,249014304,2026-08-04,2026-08-04 16:11:40+08:00
515560,证券ETF建信,1.011,1.011,0.0,-0.003,-0.3,100874.0,10208704.0,1.018,1.018,1.01,1.014,0.79,5.23,0.86,-1.8,41600.0,59274.0,-288341.0,-2.82,0.0,0.0,-288341.0,-2.82,108786.0,1.07,179556.0,1.76,-13.0,1.01,1.011,192883300.0,195005016,195005016,2026-08-04,2026-08-04 16:11:37+08:00
159930,能源ETF汇添富,1.643,1.6449,0.12,-0.005,-0.3,935390.0,153480694.1,1.645,1.649,1.628,1.648,1.27,15.2,1.18,60.27,359452.0,575938.0,16228032.0,10.57,26821799.0,17.48,-10593767.0,-6.9,2585069.0,1.68,-18813102.0,-12.26,291.0,1.642,1.643,615398144.0,1011099151,1011099151,2026-08-04,2026-08-04 15:34:33+08:00
516730,证券ETF浦银,1.001,1.002,0.1,-0.003,-0.3,13905.0,1393881.0,1.009,1.01,1.0,1.004,1.0,0.58,0.35,2.17,8752.0,5153.0,-181482.0,-13.02,-216631.0,-15.54,35149.0,2.52,61541.0,4.42,119941.0,8.6,-2.0,1.0,1.002,239380800.0,239620181,239620181,2026-08-04,2026-08-04 16:12:01+08:00
560080,中药ETF汇添富,1.007,1.0069,-0.01,-0.003,-0.3,842491.0,84980797.0,1.013,1.017,1.005,1.01,1.19,3.3,1.28,-5.44,235064.0,607427.0,2984801.0,3.51,3005604.0,3.54,-20803.0,-0.02,-2701103.0,-3.18,-283698.0,-0.33,-4344.0,1.007,1.008,2549765008.0,2567613363,2567613363,2026-08-04,2026-08-04 16:11:38+08:00
159271,恒生ETF鹏华,0.976,0.9794,0.35,-0.003,-0.31,206842.0,20209155.6,0.982,0.988,0.974,0.979,1.43,5.65,1.02,-22.35,108482.0,98360.0,8928660.0,44.18,2944661.0,14.57,5983999.0,29.61,-8973152.0,-44.4,44492.0,0.22,51.0,0.975,0.976,366386736.0,357593454,357593454,2026-08-04,2026-08-04 15:34:42+08:00
562990,碳中和ETF易方达,0.969,0.9699,0.09,-0.003,-0.31,33428.0,3238566.0,0.972,0.972,0.964,0.972,0.82,0.87,0.58,-4.92,20602.0,12826.0,304021.0,9.39,2209.0,0.07,301812.0,9.32,-346310.0,-10.69,42289.0,1.31,-20.0,0.969,0.971,384756000.0,372828564,372828564,2026-08-04,2026-08-04 16:11:45+08:00
159822,新经济ETF银华,0.618,0.6217,0.6,-0.002,-0.32,98841.0,6122761.719,0.621,0.626,0.617,0.62,1.45,3.16,0.82,-48.29,38126.0,60715.0,-118222.0,-1.93,275591.0,4.5,-393813.0,-6.43,39600.0,0.65,78623.0,1.28,111.0,0.617,0.618,313234320.0,193578810,193578810,2026-08-04,2026-08-04 15:34:51+08:00
510680,上证50ETF万家,3.146,3.1387,-0.23,-0.01,-0.32,16108.0,5072397.0,3.158,3.169,3.14,3.156,0.92,7.63,1.59,-35.75,7118.0,8990.0,-1409985.0,-27.8,0.0,0.0,-1409985.0,-27.8,1234866.0,24.34,175120.0,3.45,-77.0,3.146,3.147,21124700.0,66458306,66458306,2026-08-04,2026-08-04 16:11:56+08:00
515990,一带一路ETF汇添富,1.499,1.4993,0.02,-0.005,-0.33,9329.0,1399678.0,1.503,1.503,1.495,1.504,0.53,1.75,0.98,10.96,3863.0,5466.0,40174.0,2.87,277700.0,19.84,-237526.0,-16.97,0.0,0.0,-40174.0,-2.87,3.0,1.497,1.503,53350200.0,79971950,79971950,2026-08-04,2026-08-04 16:11:33+08:00
512430,家居家电ETF华泰柏瑞,0.893,0.8958,0.31,-0.003,-0.33,9750.0,872167.0,0.891,0.898,0.891,0.896,0.78,3.17,0.39,11.33,280.0,9470.0,120006.0,13.76,-268500.0,-30.79,388506.0,44.54,-114632.0,-13.14,-5373.0,-0.62,-187.0,0.893,0.896,30720000.0,27432960,27432960,2026-08-04,2026-08-04 16:11:32+08:00
562390,中药ETF银华,0.917,0.9163,-0.08,-0.003,-0.33,18452.0,1696191.0,0.921,0.927,0.915,0.92,1.3,2.21,0.48,-5.23,6830.0,11622.0,243347.0,14.35,128944.0,7.6,114403.0,6.74,-204036.0,-12.03,-39311.0,-2.32,-194.0,0.916,0.917,83429000.0,76504393,76504393,2026-08-04,2026-08-04 16:11:35+08:00
560710,船舶ETF富国,0.885,0.8841,-0.1,-0.003,-0.34,763410.0,67366438.0,0.89,0.891,0.876,0.888,1.69,3.87,0.97,43.3,286104.0,477307.0,-3449089.0,-5.12,-11681952.0,-17.34,8232863.0,12.22,1877426.0,2.79,1571662.0,2.33,-11480.0,0.885,0.886,1972580000.0,1745733300,1745733300,2026-08-04,2026-08-04 16:11:46+08:00
159848,证券ETF国联安,0.877,0.8776,0.07,-0.003,-0.34,18695.0,1644702.9,0.883,0.885,0.877,0.88,0.91,1.25,0.71,37.94,9186.0,9509.0,-272413.0,-16.56,-22540.0,-1.37,-249873.0,-15.19,128430.0,7.81,143983.0,8.75,-10.0,0.877,0.878,149811239.0,131384457,131384457,2026-08-04,2026-08-04 15:34:06+08:00
515220,煤炭ETF国泰,1.172,1.1719,-0.01,-0.004,-0.34,8155122.0,951005669.0,1.174,1.178,1.154,1.176,2.04,7.03,1.46,-4.7,2691197.0,5463925.0,135301536.0,14.23,208247968.0,21.9,-72946432.0,-7.67,-108771019.0,-11.44,-26530518.0,-2.79,-30479.0,1.172,1.173,11604676864.0,13600681285,13600681285,2026-08-04,2026-08-04 16:11:37+08:00
516970,基建ETF广发,1.103,1.1018,-0.11,-0.004,-0.36,290311.0,31971565.0,1.105,1.11,1.096,1.107,1.26,2.47,0.62,-5.48,136469.0,153842.0,984103.0,3.08,251341.0,0.79,732762.0,2.29,-792317.0,-2.48,-191786.0,-0.6,-303.0,1.102,1.103,1174042496.0,1294968873,1294968873,2026-08-04,2026-08-04 16:11:36+08:00
159688,恒生互联网ETF华安,0.833,0.8361,0.37,-0.003,-0.36,2082359.0,173829871.3,0.842,0.85,0.828,0.836,2.63,15.59,1.07,-48.56,995670.0,1086689.0,-2833494.0,-1.63,-9590142.0,-5.52,6756648.0,3.89,-160286.0,-0.09,2993779.0,1.72,-3748.0,0.833,0.834,1335778480.0,1112703474,1112703474,2026-08-04,2026-08-04 15:34:54+08:00
563060,央企50ETF易方达,1.065,1.0671,0.2,-0.004,-0.37,50682.0,5400925.0,1.07,1.07,1.064,1.069,0.56,2.61,2.8,15.33,32534.0,18148.0,300714.0,5.57,2710625.0,50.19,-2409911.0,-44.62,-268447.0,-4.97,-32267.0,-0.6,2880.0,1.065,1.068,194527000.0,207171255,207171255,2026-08-04,2026-08-04 16:11:52+08:00
513800,日本东证指数ETF南方,1.829,1.8303,0.07,-0.007,-0.38,711490.0,129935097.0,1.83,1.834,1.818,1.836,0.87,7.05,1.01,24.82,388836.0,322654.0,-7489018.0,-5.76,-1239875.0,-0.95,-6249143.0,-4.81,-5200394.0,-4.0,12689413.0,9.77,-6817.0,1.828,1.829,1009444400.0,1846273808,1846273808,2026-08-04,2026-08-04 16:11:49+08:00
159008,证券ETF景顺,1.029,1.0289,-0.01,-0.004,-0.39,57865.0,5963286.092,1.033,1.038,1.028,1.033,0.97,4.89,0.84,-15.41,34802.0,23063.0,163338.0,2.74,-1323659.0,-22.2,1486997.0,24.94,-250912.0,-4.21,87574.0,1.47,-322.0,1.029,1.03,118284531.0,121714782,121714782,2026-08-04,2026-08-04 15:34:54+08:00
516560,养老ETF华宝,0.763,0.7613,-0.22,-0.003,-0.39,54656.0,4170415.0,0.763,0.769,0.76,0.766,1.17,2.56,0.92,4.11,21279.0,33377.0,281434.0,6.75,381500.0,9.15,-100066.0,-2.4,-253996.0,-6.09,-27438.0,-0.66,-355.0,0.761,0.763,213758000.0,163097354,163097354,2026-08-04,2026-08-04 16:11:56+08:00
159016,证券ETF广发,1.025,1.0242,-0.08,-0.004,-0.39,320382.0,32895932.325,1.029,1.035,1.023,1.029,1.17,8.84,0.97,68.97,151396.0,168986.0,-5677743.0,-17.26,-8626490.0,-26.22,2948747.0,8.96,1453901.0,4.42,4223842.0,12.84,5704.0,1.024,1.025,362540160.0,371603664,371603664,2026-08-04,2026-08-04 15:34:51+08:00
159687,亚太精选ETF南方,1.796,1.7953,-0.04,-0.007,-0.39,2093878.0,375353692.635,1.8,1.803,1.783,1.803,1.11,12.94,1.02,-46.57,986608.0,1107270.0,-27566066.0,-7.34,-51314872.0,-13.67,23748806.0,6.33,13792628.0,3.67,13773438.0,3.67,-10181.0,1.796,1.797,1618428656.0,2906697866,2906697866,2026-08-04,2026-08-04 15:34:51+08:00
515150,一带一路ETF富国,1.529,1.5296,0.04,-0.006,-0.39,31240.0,4778708.0,1.535,1.535,1.525,1.535,0.65,0.79,2.24,-23.43,10370.0,20870.0,617904.0,12.93,1152832.0,24.12,-534928.0,-11.19,-535961.0,-11.22,-81944.0,-1.71,-1.0,1.529,1.534,397703200.0,608088193,608088193,2026-08-04,2026-08-04 16:11:52+08:00
513660,恒生ETF华夏,1.528,1.5276,-0.03,-0.006,-0.39,685028.0,104845465.0,1.539,1.549,1.524,1.534,1.63,3.33,0.63,-38.82,351314.0,333714.0,-9407007.0,-8.97,-3553845.0,-3.39,-5853162.0,-5.58,5397547.0,5.15,4009460.0,3.82,-3978.0,1.527,1.528,2058000208.0,3144624318,3144624318,2026-08-04,2026-08-04 16:11:59+08:00
561790,央企能源ETF博时,1.27,1.2701,0.01,-0.005,-0.39,4559.0,579902.0,1.275,1.284,1.266,1.275,1.41,0.78,0.46,15.65,423.0,4136.0,141482.0,24.4,0.0,0.0,141482.0,24.4,-152500.0,-26.3,11018.0,1.9,173.0,1.27,1.273,58734000.0,74592180,74592180,2026-08-04,2026-08-04 16:11:32+08:00
526070,恒指港股通ETF博时,1.005,1.0083,0.33,-0.004,-0.4,48618.0,4904412.0,1.025,1.029,1.005,1.009,2.38,7.92,0.45,36.94,30050.0,18568.0,657972.0,13.42,0.0,0.0,657972.0,13.42,-635853.0,-12.96,-22119.0,-0.45,-2196.0,1.005,1.007,61377000.0,61683885,61683885,2026-08-04,2026-08-04 16:11:41+08:00
510950,上证50ETF广发,0.98,0.9744,-0.57,-0.004,-0.41,131352.0,12861338.0,0.98,0.984,0.977,0.984,0.71,8.62,0.7,-8.39,51730.0,79622.0,-2454869.0,-19.09,-1193040.0,-9.28,-1261829.0,-9.81,1308104.0,10.17,1146765.0,8.92,-1197.0,0.979,0.98,152320800.0,149274384,149274384,2026-08-04,2026-08-04 16:12:01+08:00
159312,恒指港股通ETF广发,1.201,1.2032,0.18,-0.005,-0.41,21940.0,2639124.3,1.207,1.219,1.199,1.206,1.66,6.6,1.09,2.3,9383.0,12557.0,-190388.0,-7.21,0.0,0.0,-190388.0,-7.21,186276.0,7.06,4113.0,0.16,-150.0,1.201,1.202,33224353.0,39902448,39902448,2026-08-04,2026-08-04 15:34:00+08:00
520820,恒指港股通ETF汇添富,0.943,0.9445,0.16,-0.004,-0.42,11063.0,1046596.0,0.953,0.956,0.942,0.947,1.48,1.74,0.77,1.52,7869.0,3194.0,31043.0,2.97,0.0,0.0,31043.0,2.97,-1720.0,-0.16,-29322.0,-2.8,16.0,0.943,0.944,63682000.0,60052126,60052126,2026-08-04,2026-08-04 16:11:33+08:00
159321,黄金股ETF华安,1.433,1.4284,-0.32,-0.006,-0.42,206621.0,29545038.2,1.439,1.442,1.418,1.439,1.67,5.65,0.75,-22.94,94247.0,112374.0,-1838602.0,-6.22,98346.0,0.33,-1936948.0,-6.56,-249020.0,-0.84,2087621.0,7.07,-874.0,1.433,1.434,365400400.0,523618773,523618773,2026-08-04,2026-08-04 15:34:24+08:00
159233,自由现金流ETF平安,1.195,1.1934,-0.13,-0.005,-0.42,561224.0,66915705.1,1.203,1.203,1.187,1.2,1.33,8.06,1.39,5.47,232928.0,328296.0,40331265.0,60.27,31564671.0,47.17,8766594.0,13.1,-1331632.0,-1.99,-38999634.0,-58.28,926.0,1.191,1.196,696623424.0,832464992,832464992,2026-08-04,2026-08-04 15:34:51+08:00
563770,全指现金流ETF招商,1.188,1.1877,-0.03,-0.005,-0.42,96400.0,11462183.0,1.2,1.2,1.183,1.193,1.42,33.46,1.08,4.83,42758.0,53642.0,89218.0,0.78,0.0,0.0,89218.0,0.78,-95515.0,-0.83,6297.0,0.05,1.0,1.187,1.189,28807000.0,34222716,34222716,2026-08-04,2026-08-04 16:11:47+08:00
513360,教育ETF博时,0.469,0.4669,-0.45,-0.002,-0.42,2278553.0,106886650.0,0.468,0.473,0.466,0.471,1.49,33.25,0.61,-43.34,1110114.0,1168439.0,2256993.0,2.11,5633089.0,5.27,-3376096.0,-3.16,-1903567.0,-1.78,-353426.0,-0.33,-12250.0,0.469,0.47,685213904.0,321365321,321365321,2026-08-04,2026-08-04 16:11:56+08:00
562870,证券ETF嘉实,0.935,0.934,-0.11,-0.004,-0.43,109348.0,10230504.0,0.94,0.942,0.933,0.939,0.96,1.9,0.88,25.87,56806.0,52542.0,-1409832.0,-13.78,-1744135.0,-17.05,334303.0,3.27,459730.0,4.49,950102.0,9.29,-684.0,0.934,0.935,574505200.0,537162362,537162362,2026-08-04,2026-08-04 16:11:47+08:00
560160,食品ETF易方达,0.926,0.9261,0.01,-0.004,-0.43,47328.0,4380785.0,0.933,0.933,0.922,0.93,1.18,3.86,0.58,-21.4,16634.0,30694.0,818115.0,18.68,0.0,0.0,818115.0,18.68,-683759.0,-15.61,-134356.0,-3.07,-130.0,0.924,0.926,122706000.0,113625756,113625756,2026-08-04,2026-08-04 16:11:51+08:00
159562,黄金股ETF华夏,2.03,2.0251,-0.24,-0.009,-0.44,855305.0,173517224.299,2.027,2.046,2.011,2.039,1.72,3.89,1.13,78.54,404875.0,450430.0,-26350484.0,-15.19,-26191699.0,-15.09,-158785.0,-0.09,21140875.0,12.18,5209608.0,3.0,-5432.0,2.03,2.031,2198130512.0,4462204939,4462204939,2026-08-04,2026-08-04 15:34:45+08:00
563580,自由现金流800ETF万家,1.127,1.1245,-0.22,-0.005,-0.44,63974.0,7177998.0,1.144,1.144,1.117,1.132,2.39,2.53,1.07,0.88,34795.0,29179.0,-1329938.0,-18.53,-74014.0,-1.03,-1255924.0,-17.5,900180.0,12.54,429758.0,5.99,-142.0,1.124,1.127,252648000.0,284734296,284734296,2026-08-04,2026-08-04 16:11:56+08:00
513210,恒生ETF易方达,1.535,1.5368,0.12,-0.007,-0.45,48288.0,7424234.0,1.545,1.553,1.532,1.542,1.36,10.74,0.94,-9.84,19380.0,28908.0,-60735.0,-0.82,0.0,0.0,-60735.0,-0.82,-286660.0,-3.86,347397.0,4.68,-518.0,1.535,1.536,44942000.0,68985970,68985970,2026-08-04,2026-08-04 16:11:37+08:00
159502,标普生物科技ETF嘉实,1.477,1.4777,0.05,-0.007,-0.47,1226175.0,180976559.1,1.483,1.483,1.473,1.484,0.67,11.1,0.96,-12.44,475125.0,751050.0,-38158012.0,-21.08,-8842725.0,-4.89,-29315287.0,-16.2,25082420.0,13.86,13075592.0,7.23,20874.0,1.476,1.477,1104323024.0,1631085106,1631085106,2026-08-04,2026-08-04 15:34:00+08:00
159916,基本面ETF建信,5.129,5.1367,0.15,-0.026,-0.5,503.0,259314.1,5.19,5.199,5.117,5.155,1.59,0.12,0.49,10.18,116.0,387.0,23053.0,8.89,0.0,0.0,23053.0,8.89,99014.0,38.18,-122068.0,-47.07,-3.0,5.129,5.133,42566039.0,218321214,218321214,2026-08-04,2026-08-04 15:34:51+08:00
159691,港股红利ETF工银,1.191,1.1941,0.26,-0.006,-0.5,1810764.0,215774276.369,1.2,1.205,1.188,1.197,1.42,4.72,0.98,-23.71,730650.0,1080114.0,30778596.0,14.26,6470391.0,3.0,24308205.0,11.27,-22210013.0,-10.29,-8568583.0,-3.97,823.0,1.19,1.191,3838301392.0,4571416958,4571416958,2026-08-04,2026-08-04 15:34:12+08:00
561510,中药ETF华泰柏瑞,0.986,0.9866,0.06,-0.005,-0.5,29662.0,2935486.0,0.991,1.0,0.985,0.991,1.51,4.35,1.02,20.89,11295.0,18367.0,246288.0,8.39,-62660.0,-2.13,308948.0,10.52,-296592.0,-10.1,50303.0,1.71,-170.0,0.986,0.987,68206000.0,67251116,67251116,2026-08-04,2026-08-04 16:11:55+08:00
159936,可选消费ETF广发,1.934,1.927,-0.36,-0.01,-0.51,23202.0,4473907.5,1.93,1.934,1.92,1.944,0.72,2.15,1.72,-98.98,13318.0,9884.0,-557158.0,-12.45,0.0,0.0,-557158.0,-12.45,-2138040.0,-47.79,2695198.0,60.24,83.0,1.93,1.934,108156094.0,209173886,209173886,2026-08-04,2026-08-04 15:34:36+08:00
561700,电力ETF博时,1.137,1.1353,-0.15,-0.006,-0.52,74333.0,8447168.0,1.143,1.152,1.133,1.143,1.66,1.96,0.67,21.71,23313.0,51020.0,201660.0,2.39,298124.0,3.53,-96464.0,-1.14,-708664.0,-8.39,507004.0,6.0,-341.0,1.137,1.138,378313600.0,430142563,430142563,2026-08-04,2026-08-04 16:11:55+08:00
159891,医疗ETF建信,0.383,0.3828,-0.05,-0.002,-0.52,212247.0,8133637.1,0.384,0.386,0.382,0.385,1.04,5.91,0.61,1.57,95778.0,116469.0,-627533.0,-7.72,-1044441.0,-12.84,416908.0,5.13,473856.0,5.83,153677.0,1.89,237.0,0.382,0.383,359024832.0,137506511,137506511,2026-08-04,2026-08-04 15:34:24+08:00
159315,黄金股ETF工银,1.526,1.5229,-0.2,-0.008,-0.52,80792.0,12317236.3,1.522,1.538,1.513,1.534,1.63,4.38,0.62,48.13,37132.0,43660.0,50541.0,0.41,-1989.0,-0.02,52530.0,0.43,-637055.0,-5.17,586514.0,4.76,-533.0,1.526,1.527,184589621.0,281683762,281683762,2026-08-04,2026-08-04 15:34:39+08:00
159647,中药ETF鹏华,0.934,0.9355,0.16,-0.005,-0.53,210582.0,19771393.552,0.937,0.946,0.934,0.939,1.28,1.39,0.64,19.62,108193.0,102389.0,592560.0,3.0,-87600.0,-0.44,680160.0,3.44,-584170.0,-2.95,-8390.0,-0.04,-636.0,0.934,0.935,1515461760.0,1415441284,1415441284,2026-08-04,2026-08-04 15:34:24+08:00
159954,恒生中国企业ETF南方,0.938,0.9358,-0.24,-0.005,-0.53,47836.0,4504617.5,0.942,0.952,0.934,0.943,1.91,2.47,0.77,5.63,25413.0,22423.0,1107249.0,24.58,-548340.0,-12.17,1655589.0,36.75,-877320.0,-19.48,-229928.0,-5.1,22.0,0.936,0.938,193605083.0,181601568,181601568,2026-08-04,2026-08-04 15:34:06+08:00
560320,食品ETF富国,0.932,0.9341,0.22,-0.005,-0.53,18380.0,1716028.0,0.937,0.946,0.931,0.937,1.6,1.34,0.22,0.09,1722.0,16658.0,785655.0,45.78,0.0,0.0,785655.0,45.78,-698029.0,-40.68,-87626.0,-5.11,-500.0,0.931,0.935,137332000.0,127993424,127993424,2026-08-04,2026-08-04 16:11:33+08:00
159151,食品ETF华夏,0.922,0.9198,-0.24,-0.005,-0.54,133513.0,12287698.262,0.92,0.928,0.917,0.927,1.19,6.47,0.69,-26.4,63297.0,70216.0,173983.0,1.42,-200653.0,-1.63,374636.0,3.05,-153453.0,-1.25,-20530.0,-0.17,183.0,0.92,0.922,206251063.0,190163480,190163480,2026-08-04,2026-08-04 15:34:42+08:00
560130,食品ETF鹏华,0.918,0.9188,0.09,-0.005,-0.54,1527.0,140030.0,0.921,0.921,0.915,0.923,0.65,0.22,0.25,23.3,582.0,945.0,2204.0,1.57,0.0,0.0,2204.0,1.57,3755.0,2.68,-5961.0,-4.26,100.0,0.915,0.918,70776200.0,64972552,64972552,2026-08-04,2026-08-04 16:11:33+08:00
561260,能源ETF工银,1.259,1.2587,-0.02,-0.007,-0.55,18359.0,2309135.0,1.263,1.276,1.241,1.266,2.76,6.88,0.35,32.82,6647.0,11712.0,152549.0,6.61,0.0,0.0,152549.0,6.61,-52919.0,-2.29,-99631.0,-4.31,-35.0,1.258,1.259,26695200.0,33609257,33609257,2026-08-04,2026-08-04 16:11:38+08:00
563990,800现金流ETF富国,1.246,1.2476,0.13,-0.007,-0.56,78904.0,9846653.0,1.254,1.254,1.24,1.253,1.12,2.59,0.43,2.03,23585.0,55319.0,4062356.0,41.26,3195129.0,32.45,867227.0,8.81,-4721142.0,-47.95,658784.0,6.69,-2.0,1.248,1.25,304573008.0,379497968,379497968,2026-08-04,2026-08-04 16:11:55+08:00
159235,中证现金流ETF大成,1.224,1.2231,-0.07,-0.007,-0.57,411339.0,50299472.098,1.23,1.233,1.217,1.231,1.3,1.82,0.62,-38.6,191521.0,219818.0,281374.0,0.56,-1263995.0,-2.51,1545369.0,3.07,-638081.0,-1.27,356707.0,0.71,79.0,1.223,1.224,2263729552.0,2770804972,2770804972,2026-08-04,2026-08-04 15:34:33+08:00
520680,港股通汽车ETF南方,0.855,0.8547,-0.04,-0.005,-0.58,61791.0,5273361.0,0.86,0.868,0.85,0.86,2.09,9.31,0.72,4.93,29510.0,32281.0,219850.0,4.17,0.0,0.0,219850.0,4.17,-221137.0,-4.19,1286.0,0.02,-20.0,0.854,0.855,66369000.0,56745495,56745495,2026-08-04,2026-08-04 16:11:37+08:00
515840,食品ETF南方,1.026,1.0287,0.26,-0.006,-0.58,98019.0,10086396.0,1.032,1.038,1.022,1.032,1.55,14.76,0.39,8.19,42261.0,55758.0,1678517.0,16.64,3218633.0,31.91,-1540116.0,-15.27,-1393217.0,-13.81,-285301.0,-2.83,-10.0,1.026,1.027,66426400.0,68153486,68153486,2026-08-04,2026-08-04 16:11:37+08:00
159336,央企红利ETF融通,1.19,1.1912,0.1,-0.007,-0.58,50783.0,6042710.0,1.2,1.2,1.186,1.197,1.17,1.03,1.03,-65.23,26309.0,24474.0,715589.0,11.84,950217.0,15.73,-234628.0,-3.88,-578172.0,-9.57,-137418.0,-2.27,1.0,1.187,1.19,492905088.0,586557055,586557055,2026-08-04,2026-08-04 15:34:57+08:00
517520,黄金股ETF永赢,1.865,1.8652,0.01,-0.011,-0.59,2623038.0,489441170.0,1.87,1.883,1.85,1.876,1.76,3.75,0.9,11.01,1155811.0,1467227.0,-90891361.0,-18.57,-89771387.0,-18.34,-1119974.0,-0.23,56904392.0,11.63,33986969.0,6.94,-17565.0,1.865,1.866,6994904064.0,13045496079,13045496079,2026-08-04,2026-08-04 16:11:54+08:00
561080,全指现金流ETF华安,1.188,1.19,0.17,-0.007,-0.59,9688.0,1153501.0,1.199,1.199,1.186,1.195,1.09,3.84,0.41,0.43,3401.0,6287.0,-25346.0,-2.2,0.0,0.0,-25346.0,-2.2,19957.0,1.73,5389.0,0.47,-1.0,1.191,1.192,25250000.0,29997000,29997000,2026-08-04,2026-08-04 16:11:42+08:00
561170,绿色电力ETF富国,1.179,1.1757,-0.28,-0.007,-0.59,292298.0,34418419.0,1.191,1.192,1.174,1.186,1.52,4.74,0.78,-6.65,108020.0,184278.0,-1309565.0,-3.8,2612598.0,7.59,-3922163.0,-11.4,-782703.0,-2.27,2092267.0,6.08,-1763.0,1.178,1.179,616532704.0,726892058,726892058,2026-08-04,2026-08-04 16:11:43+08:00
562960,绿色电力ETF易方达,1.174,1.1719,-0.18,-0.007,-0.59,302696.0,35540708.0,1.184,1.19,1.17,1.181,1.69,2.26,0.82,19.97,121002.0,181694.0,-3512311.0,-9.88,95482.0,0.27,-3607793.0,-10.15,1355273.0,3.81,2157039.0,6.07,-3476.0,1.173,1.174,1337391008.0,1570097043,1570097043,2026-08-04,2026-08-04 16:11:38+08:00
159920,恒生ETF华夏,1.526,1.5244,-0.1,-0.009,-0.59,2621015.0,401121112.8,1.537,1.547,1.523,1.535,1.56,4.05,0.82,-13.37,1204364.0,1416651.0,-18555412.0,-4.63,-37847678.0,-9.44,19292266.0,4.81,12901724.0,3.22,5653688.0,1.41,19979.0,1.525,1.526,6467559168.0,9869495290,9869495290,2026-08-04,2026-08-04 15:34:30+08:00
563760,全指现金流ETF中银,1.169,1.17,0.09,-0.007,-0.6,601328.0,70271963.0,1.177,1.177,1.164,1.176,1.11,8.15,0.81,6.23,312026.0,289302.0,331364.0,0.47,713597.0,1.02,-382233.0,-0.54,-430388.0,-0.61,99024.0,0.14,6000.0,1.168,1.169,737913200.0,862620531,862620531,2026-08-04,2026-08-04 16:11:53+08:00
561560,电力ETF华泰柏瑞,1.306,1.3051,-0.07,-0.008,-0.61,506399.0,66213336.0,1.311,1.324,1.302,1.314,1.67,2.23,0.89,19.31,215051.0,291348.0,-6520006.0,-9.85,-648556.0,-0.98,-5871450.0,-8.87,331417.0,0.5,6188589.0,9.35,-3163.0,1.306,1.307,2274124208.0,2970006216,2970006216,2026-08-04,2026-08-04 16:11:41+08:00
560580,电力ETF南方,1.136,1.1339,-0.19,-0.007,-0.61,134251.0,15269264.0,1.148,1.148,1.132,1.143,1.4,2.6,0.96,43.0,50212.0,84039.0,266451.0,1.75,5261871.0,34.46,-4995420.0,-32.72,-952054.0,-6.24,685602.0,4.49,-1227.0,1.135,1.136,517003008.0,587315417,587315417,2026-08-04,2026-08-04 16:11:55+08:00
560450,电力ETF天弘,0.968,0.9656,-0.25,-0.006,-0.62,163973.0,15856199.0,0.977,0.98,0.964,0.974,1.64,6.24,1.11,2.82,59134.0,104839.0,-1451429.0,-9.15,385509.0,2.43,-1836938.0,-11.58,409740.0,2.58,1041688.0,6.57,-312.0,0.968,0.969,262569000.0,254166792,254166792,2026-08-04,2026-08-04 16:11:33+08:00
563850,食品ETF广发,0.951,0.9526,0.17,-0.006,-0.63,50806.0,4849656.0,0.954,0.96,0.951,0.957,0.94,4.31,1.31,9.85,22083.0,28723.0,-1276115.0,-26.31,0.0,0.0,-1276115.0,-26.31,1445726.0,29.81,-169611.0,-3.5,-3.0,0.951,0.953,117881700.0,112105497,112105497,2026-08-04,2026-08-04 16:12:01+08:00
560460,电力ETF平安,0.929,0.9288,-0.02,-0.006,-0.64,73826.0,6870801.0,0.936,0.941,0.927,0.935,1.5,2.5,0.94,10.99,29183.0,44643.0,-29948.0,-0.44,281000.0,4.09,-310948.0,-4.53,-571574.0,-8.32,601522.0,8.75,-1607.0,0.928,0.929,295037008.0,274089380,274089380,2026-08-04,2026-08-04 16:11:36+08:00
159625,绿色电力ETF嘉实,1.244,1.2437,-0.02,-0.008,-0.64,488690.0,60959160.7,1.255,1.259,1.241,1.252,1.44,2.23,0.97,13.06,208781.0,279909.0,-20568983.0,-33.74,-3599123.0,-5.9,-16969860.0,-27.84,-2324047.0,-3.81,22893030.0,37.55,2282.0,1.243,1.244,2187313776.0,2721018337,2721018337,2026-08-04,2026-08-04 15:34:09+08:00
560830,电力ETF华夏,0.93,0.9282,-0.19,-0.006,-0.64,218974.0,20342680.0,0.94,0.941,0.926,0.936,1.6,2.94,1.03,14.68,79737.0,139237.0,-3103884.0,-15.26,-2350121.0,-11.55,-753763.0,-3.71,867652.0,4.27,2236233.0,10.99,-788.0,0.929,0.93,746019008.0,693797677,693797677,2026-08-04,2026-08-04 16:11:38+08:00
159788,港股通100ETF易方达,1.233,1.2359,0.23,-0.008,-0.64,92543.0,11439806.4,1.254,1.256,1.232,1.241,1.93,13.14,1.03,-26.7,44818.0,47725.0,-830249.0,-7.26,0.0,0.0,-830249.0,-7.26,953503.0,8.33,-123254.0,-1.08,-1.0,1.233,1.237,70424965.0,86833982,86833982,2026-08-04,2026-08-04 15:34:21+08:00
560480,电力ETF招商,0.925,0.9236,-0.15,-0.006,-0.64,114590.0,10593487.0,0.932,0.936,0.922,0.931,1.5,7.7,1.18,31.92,58421.0,56169.0,-1207844.0,-11.4,41118.0,0.39,-1248962.0,-11.79,209336.0,1.98,998507.0,9.43,-1214.0,0.925,0.926,148803000.0,137642775,137642775,2026-08-04,2026-08-04 16:11:49+08:00
560930,电力ETF易方达,0.912,0.9108,-0.13,-0.006,-0.65,118637.0,10820605.0,0.921,0.923,0.908,0.918,1.63,5.12,0.95,26.11,38814.0,79823.0,-423971.0,-3.92,949158.0,8.77,-1373129.0,-12.69,-430452.0,-3.98,854423.0,7.9,-676.0,0.912,0.913,231524000.0,211149888,211149888,2026-08-04,2026-08-04 16:11:52+08:00
159236,自由现金流ETF工银,1.2,1.2013,0.11,-0.008,-0.66,31269.0,3758442.8,1.207,1.207,1.197,1.208,0.83,7.49,0.76,-31.83,14579.0,16690.0,-180026.0,-4.79,0.0,0.0,-180026.0,-4.79,238019.0,6.33,-57992.0,-1.54,-5.0,1.199,1.2,41722161.0,50066593,50066593,2026-08-04,2026-08-04 15:34:45+08:00
510090,责任ETF建信,2.507,2.5008,-0.25,-0.017,-0.67,1114.0,279726.0,2.521,2.521,2.501,2.524,0.79,0.41,0.19,44.84,1022.0,92.0,-197631.0,-70.65,0.0,0.0,-197631.0,-70.65,68883.0,24.63,128747.0,46.03,-64.0,2.499,2.507,27081100.0,67892318,67892318,2026-08-04,2026-08-04 16:11:42+08:00
159158,电力ETF景顺,1.032,1.0308,-0.12,-0.007,-0.67,301671.0,31155066.68,1.048,1.051,1.028,1.039,2.21,2.91,0.99,77.49,120495.0,181176.0,-1232364.0,-3.96,-1638116.0,-5.26,405752.0,1.3,-83361.0,-0.27,1315724.0,4.22,-1483.0,1.032,1.033,1037535344.0,1070736475,1070736475,2026-08-04,2026-08-04 15:34:57+08:00
513600,恒生指数ETF南方,2.823,2.8197,-0.12,-0.019,-0.67,480354.0,135992900.0,2.848,2.865,2.82,2.842,1.58,7.38,0.88,-34.05,206388.0,273966.0,-2964675.0,-2.18,-978182.0,-0.72,-1986493.0,-1.46,-2623220.0,-1.93,5587895.0,4.11,-2255.0,2.823,2.824,650829504.0,1837291690,1837291690,2026-08-04,2026-08-04 16:11:57+08:00
512200,房地产ETF南方,1.186,1.1859,-0.01,-0.008,-0.67,635830.0,75296514.0,1.192,1.194,1.178,1.194,1.34,2.28,0.58,-3.86,257811.0,378019.0,-2518724.0,-3.35,-6577366.0,-8.74,4058642.0,5.39,374690.0,0.5,2144034.0,2.85,-1418.0,1.185,1.186,2794847904.0,3314689614,3314689614,2026-08-04,2026-08-04 16:11:59+08:00
159965,央视50ETF国联,1.637,1.6347,-0.14,-0.011,-0.67,3694.0,605687.9,1.643,1.644,1.636,1.648,0.49,1.58,1.86,-16.17,1411.0,2283.0,10987.0,1.81,0.0,0.0,10987.0,1.81,-66995.0,-11.06,56008.0,9.25,207.0,1.636,1.644,23426953.0,38349922,38349922,2026-08-04,2026-08-04 15:34:36+08:00
520940,港股通恒生ETF华安,1.02,1.0199,-0.01,-0.007,-0.68,85315.0,8706353.0,1.028,1.032,1.018,1.027,1.36,38.26,0.93,14.9,47103.0,38212.0,-240430.0,-2.76,521578.0,5.99,-762008.0,-8.75,214315.0,2.46,26114.0,0.3,49.0,1.017,1.021,22297000.0,22742940,22742940,2026-08-04,2026-08-04 16:11:33+08:00
517400,黄金股ETF国泰,1.471,1.4716,0.04,-0.01,-0.68,963260.0,141880085.0,1.47,1.485,1.46,1.481,1.69,10.09,1.87,24.18,817816.0,145444.0,3614142.0,2.55,-73593904.0,-51.87,77208046.0,54.42,-4936556.0,-3.48,1322414.0,0.93,-6573.0,1.47,1.471,954792000.0,1404499032,1404499032,2026-08-04,2026-08-04 16:11:48+08:00
561870,现金流全指ETF华富,1.177,1.1776,0.05,-0.008,-0.68,7855.0,924598.0,1.18,1.18,1.173,1.185,0.59,0.74,0.28,-2.45,3533.0,4322.0,-102519.0,-11.09,0.0,0.0,-102519.0,-11.09,69642.0,7.53,32877.0,3.56,200.0,1.176,1.177,106765000.0,125662405,125662405,2026-08-04,2026-08-04 16:11:38+08:00
520950,港股通50ETF摩根,0.861,0.8647,0.43,-0.006,-0.69,437351.0,37821315.0,0.872,0.877,0.861,0.867,1.85,13.16,1.7,1.29,215748.0,221603.0,-211764.0,-0.56,-8660.0,-0.02,-203104.0,-0.54,118711.0,0.31,93053.0,0.25,-2348.0,0.861,0.864,332421008.0,286214488,286214488,2026-08-04,2026-08-04 16:11:58+08:00
520780,港股通汽车ETF华宝,0.86,0.8588,-0.14,-0.006,-0.69,128037.0,10998650.0,0.873,0.88,0.854,0.866,3.0,32.45,0.47,0.42,62098.0,65939.0,156412.0,1.42,-521.0,0.0,156933.0,1.43,-338084.0,-3.07,181672.0,1.65,-323.0,0.858,0.86,39460000.0,33935600,33935600,2026-08-04,2026-08-04 16:11:45+08:00
513550,港股通50ETF华泰柏瑞,1.154,1.1518,-0.19,-0.008,-0.69,496757.0,57441108.0,1.166,1.171,1.152,1.162,1.64,2.97,0.98,-57.21,256632.0,240125.0,457505.0,0.8,1102114.0,1.92,-644609.0,-1.12,2861330.0,4.98,-3318834.0,-5.78,-354.0,1.153,1.154,1672992000.0,1930632768,1930632768,2026-08-04,2026-08-04 16:11:34+08:00
159669,绿色电力ETF国泰,1.147,1.1461,-0.08,-0.008,-0.69,66686.0,7648880.575,1.157,1.161,1.142,1.155,1.65,3.23,1.57,67.05,28187.0,38499.0,-450624.0,-5.89,295653.0,3.87,-746277.0,-9.76,52833.0,0.69,397792.0,5.2,-622.0,1.147,1.148,206254781.0,236574234,236574234,2026-08-04,2026-08-04 15:34:24+08:00
515060,房地产ETF华夏,0.57,0.5693,-0.12,-0.004,-0.7,573677.0,32620514.0,0.574,0.574,0.565,0.574,1.57,6.02,0.7,-0.79,277810.0,295867.0,510838.0,1.57,-77591.0,-0.24,588429.0,1.8,-688834.0,-2.11,177998.0,0.55,-1410.0,0.569,0.57,952478096.0,542912515,542912515,2026-08-04,2026-08-04 16:11:59+08:00
562350,电力ETF银华,1.132,1.1309,-0.1,-0.008,-0.7,158771.0,17968208.0,1.141,1.145,1.127,1.14,1.58,10.84,0.91,-9.94,64442.0,94329.0,-882164.0,-4.91,-2179291.0,-12.13,1297127.0,7.22,-267315.0,-1.49,1149480.0,6.4,-878.0,1.132,1.133,146410900.0,165737139,165737139,2026-08-04,2026-08-04 16:11:49+08:00
562530,中证1000价值ETF华夏,1.279,1.2762,-0.22,-0.009,-0.7,158315.0,20299766.0,1.288,1.314,1.275,1.288,3.03,9.3,0.94,8.23,43994.0,114321.0,-68224.0,-0.34,2690430.0,13.25,-2758654.0,-13.59,-294143.0,-1.45,362368.0,1.79,-4232.0,1.278,1.279,170144000.0,217614176,217614176,2026-08-04,2026-08-04 16:11:38+08:00
560270,电力ETF工银,0.976,0.976,0.0,-0.007,-0.71,96970.0,9466149.0,0.983,0.99,0.973,0.983,1.73,5.62,0.91,31.36,33478.0,63492.0,-351720.0,-3.72,-822835.0,-8.69,471115.0,4.98,68596.0,0.72,283123.0,2.99,-329.0,0.976,0.977,172439000.0,168300464,168300464,2026-08-04,2026-08-04 16:11:33+08:00
159126,港股通50ETF南方,0.964,0.9655,0.16,-0.007,-0.72,115882.0,11187154.982,0.975,0.979,0.962,0.971,1.75,4.7,0.88,-33.26,53172.0,62710.0,995036.0,8.89,656201.0,5.87,338835.0,3.03,-23851.0,-0.21,-971185.0,-8.68,-230.0,0.964,0.968,246616546.0,237738350,237738350,2026-08-04,2026-08-04 15:34:54+08:00
516370,电力ETF汇添富,0.95,0.9485,-0.16,-0.007,-0.73,182726.0,17345893.0,0.956,0.962,0.946,0.957,1.67,5.92,1.04,19.06,63610.0,119116.0,-1626699.0,-9.38,943904.0,5.44,-2570603.0,-14.82,647160.0,3.73,979539.0,5.65,-1906.0,0.949,0.95,308408000.0,292987600,292987600,2026-08-04,2026-08-04 16:11:49+08:00
562580,可选消费ETF华夏,1.082,1.0808,-0.11,-0.008,-0.73,29736.0,3212440.0,1.084,1.117,1.07,1.09,4.31,7.88,0.63,-12.1,11401.0,18335.0,-197504.0,-6.15,214.0,0.01,-197718.0,-6.15,173572.0,5.4,23932.0,0.74,-10.0,1.082,1.084,37723300.0,40816611,40816611,2026-08-04,2026-08-04 16:11:52+08:00
159711,港股通50ETF华夏,1.363,1.3635,0.04,-0.01,-0.73,151988.0,20752033.2,1.379,1.381,1.361,1.373,1.46,49.89,0.76,56.62,77543.0,74445.0,780307.0,3.76,-265556.0,-1.28,1045863.0,5.04,-593722.0,-2.86,-186585.0,-0.9,138.0,1.363,1.364,30465157.0,41524009,41524009,2026-08-04,2026-08-04 15:34:06+08:00
563390,全指现金流ETF华泰柏瑞,1.217,1.2181,0.09,-0.009,-0.73,230413.0,28078818.0,1.226,1.226,1.212,1.226,1.14,1.1,0.5,5.04,120146.0,110267.0,-510261.0,-1.82,-1771814.0,-6.31,1261553.0,4.49,498526.0,1.78,11737.0,0.04,-5.0,1.217,1.219,2090844000.0,2544557148,2544557148,2026-08-04,2026-08-04 16:11:55+08:00
159030,粮食ETF华夏,0.821,0.8193,-0.21,-0.006,-0.73,47962.0,3932119.618,0.822,0.827,0.815,0.827,1.45,1.66,0.84,45.96,15985.0,31977.0,-130648.0,-3.32,-127222.0,-3.24,-3426.0,-0.09,-169493.0,-4.31,300143.0,7.63,-173.0,0.821,0.822,288468176.0,236832372,236832372,2026-08-04,2026-08-04 15:34:57+08:00
563960,300质量ETF兴全,0.955,0.9533,-0.18,-0.007,-0.73,52154.0,4979919.0,0.962,0.962,0.952,0.962,1.04,1.26,1.4,-44.26,28186.0,23968.0,-273807.0,-5.5,715199.0,14.36,-989006.0,-19.86,235972.0,4.74,37834.0,0.76,11.0,0.953,0.955,415512000.0,396813960,396813960,2026-08-04,2026-08-04 16:11:40+08:00
516460,现金流ETF800鹏华,1.227,1.2287,0.14,-0.009,-0.73,16679.0,2048965.0,1.235,1.235,1.222,1.236,1.05,0.38,0.4,14.84,11357.0,5322.0,219327.0,10.7,122454.0,5.98,96873.0,4.73,-200254.0,-9.77,-19074.0,-0.93,-1.0,1.227,1.229,440693008.0,540730321,540730321,2026-08-04,2026-08-04 16:11:46+08:00
563780,现金流全指ETF方正富邦,1.214,1.2146,0.05,-0.009,-0.74,24136.0,2931888.0,1.225,1.225,1.21,1.223,1.23,0.68,0.45,-7.97,5757.0,18379.0,-236533.0,-8.07,0.0,0.0,-236533.0,-8.07,21600.0,0.74,214933.0,7.33,-677.0,1.213,1.214,357027104.0,433430904,433430904,2026-08-04,2026-08-04 16:11:59+08:00
159046,绿电ETF天弘,0.943,0.9435,0.05,-0.007,-0.74,59841.0,5647144.949,0.952,0.955,0.941,0.95,1.47,1.45,0.64,9.73,24050.0,35791.0,-186585.0,-3.3,-176589.0,-3.13,-9996.0,-0.18,-53037.0,-0.94,239622.0,4.24,50.0,0.942,0.943,411976848.0,388494168,388494168,2026-08-04,2026-08-04 15:34:09+08:00
563620,全指现金流ETF兴业,1.08,1.0807,0.06,-0.008,-0.74,7612.0,822743.0,1.084,1.084,1.077,1.088,0.64,1.41,0.28,-3.96,3370.0,4242.0,117425.0,14.27,0.0,0.0,117425.0,14.27,-27494.0,-3.34,-89932.0,-10.93,2.0,1.078,1.08,54049000.0,58372920,58372920,2026-08-04,2026-08-04 16:11:32+08:00
159318,恒指港股通ETF银华,1.328,1.3322,0.32,-0.01,-0.75,4515.0,602328.0,1.338,1.35,1.327,1.338,1.72,2.89,0.56,-15.16,1606.0,2909.0,-96238.0,-15.98,0.0,0.0,-96238.0,-15.98,121618.0,20.19,-25380.0,-4.21,-64.0,1.328,1.329,15601647.0,20718987,20718987,2026-08-04,2026-08-04 15:34:42+08:00
159232,自由现金流ETF南方,1.195,1.1968,0.15,-0.009,-0.75,1570323.0,187869688.892,1.205,1.208,1.192,1.204,1.33,7.29,1.01,47.65,800948.0,769375.0,-2514624.0,-1.34,-6314867.0,-3.36,3800243.0,2.02,1736215.0,0.92,778409.0,0.41,-3515.0,1.195,1.196,2154948560.0,2575163529,2575163529,2026-08-04,2026-08-04 15:34:30+08:00
520600,港股通汽车ETF广发,1.062,1.0604,-0.15,-0.008,-0.75,1517944.0,161257549.0,1.075,1.077,1.056,1.07,1.96,46.02,0.75,15.77,762933.0,755011.0,-3869940.0,-2.4,-3573033.0,-2.22,-296907.0,-0.18,1611639.0,1.0,2258301.0,1.4,-8422.0,1.061,1.062,329868000.0,350319816,350319816,2026-08-04,2026-08-04 16:11:36+08:00
159616,农牧ETF建信,0.788,0.7881,0.01,-0.006,-0.76,188261.0,14817544.9,0.792,0.793,0.783,0.794,1.26,27.46,1.02,-31.31,85283.0,102978.0,99823.0,0.67,0.0,0.0,99823.0,0.67,-60202.0,-0.41,-39621.0,-0.27,202.0,0.787,0.788,68561112.0,54026156,54026156,2026-08-04,2026-08-04 15:34:54+08:00
513290,纳指生物科技ETF汇添富,1.569,1.572,0.19,-0.012,-0.76,869433.0,136439822.0,1.574,1.574,1.563,1.581,0.7,8.48,1.72,33.9,319322.0,550111.0,1408324.0,1.03,1286864.0,0.94,121460.0,0.09,5226382.0,3.83,-6634706.0,-4.86,-9123.0,1.568,1.569,1025072096.0,1608338119,1608338119,2026-08-04,2026-08-04 16:11:33+08:00
159146,电力ETF华宝,1.041,1.0412,0.02,-0.008,-0.76,241684.0,25185937.339,1.057,1.057,1.038,1.049,1.81,3.23,0.96,60.04,103936.0,137748.0,-2685621.0,-10.66,-1638058.0,-6.5,-1047563.0,-4.16,1018486.0,4.04,1667135.0,6.62,-1486.0,1.041,1.042,748440848.0,779126923,779126923,2026-08-04,2026-08-04 15:34:42+08:00
515630,证券保险ETF鹏华,1.281,1.2806,-0.03,-0.01,-0.77,281570.0,36193632.0,1.288,1.296,1.279,1.291,1.32,2.62,0.58,16.67,125327.0,156243.0,-3675270.0,-10.15,3341668.0,9.23,-7016938.0,-19.39,-261646.0,-0.72,3936916.0,10.88,-1289.0,1.28,1.281,1076217696.0,1378634869,1378634869,2026-08-04,2026-08-04 16:11:33+08:00
159712,港股通50ETF国泰,1.268,1.2693,0.1,-0.01,-0.78,173108.0,21978373.1,1.284,1.288,1.267,1.278,1.64,18.07,1.61,-19.82,87127.0,85981.0,-83082.0,-0.38,0.0,0.0,-83082.0,-0.38,-61443.0,-0.28,144525.0,0.66,-138.0,1.268,1.269,95778813.0,121447535,121447535,2026-08-04,2026-08-04 15:34:45+08:00
516530,物流ETF银华,0.998,0.9955,-0.25,-0.008,-0.8,3481.0,347422.0,1.006,1.006,0.994,1.006,1.19,1.96,0.44,24.82,671.0,2810.0,146738.0,42.24,24097.0,6.94,122641.0,35.3,-29173.0,-8.4,-117566.0,-33.84,-116.0,0.998,1.0,17802300.0,17766695,17766695,2026-08-04,2026-08-04 16:11:48+08:00
159210,港股通汽车ETF汇添富,0.871,0.87,-0.11,-0.007,-0.8,208742.0,18180794.0,0.88,0.883,0.866,0.878,1.94,60.42,0.59,1.47,91436.0,117306.0,-76306.0,-0.42,0.0,0.0,-76306.0,-0.42,31760.0,0.17,44546.0,0.25,1313.0,0.87,0.871,34549802.0,30092878,30092878,2026-08-04,2026-08-04 15:34:18+08:00
510810,上海国企ETF汇添富,0.843,0.8455,0.3,-0.007,-0.82,87371.0,7384501.0,0.85,0.853,0.843,0.85,1.18,0.15,0.78,7.06,36939.0,50432.0,-411451.0,-5.57,-152443.0,-2.06,-259008.0,-3.51,336825.0,4.56,74627.0,1.01,-2.0,0.844,0.845,5969293824.0,5032114694,5032114694,2026-08-04,2026-08-04 16:11:48+08:00
512040,价值ETF富国,1.216,1.2165,0.04,-0.01,-0.82,1367940.0,166606149.0,1.224,1.227,1.212,1.226,1.22,3.37,0.69,23.46,719037.0,648903.0,-22127999.0,-13.28,-10239270.0,-6.15,-11888729.0,-7.14,10584616.0,6.35,11543384.0,6.93,-6640.0,1.216,1.217,4061715904.0,4939046539,4939046539,2026-08-04,2026-08-04 16:11:40+08:00
159061,绿色电力ETF南方,0.954,0.9552,0.13,-0.008,-0.83,40878.0,3906952.839,0.962,0.969,0.953,0.962,1.66,1.92,0.65,73.22,12409.0,28469.0,66824.0,1.71,643279.0,16.46,-576455.0,-14.75,-200785.0,-5.14,133961.0,3.43,-100.0,0.954,0.955,212440230.0,202667979,202667979,2026-08-04,2026-08-04 15:34:24+08:00
563680,800现金流ETF汇添富,1.199,1.2004,0.12,-0.01,-0.83,15441.0,1852043.0,1.213,1.213,1.194,1.209,1.57,1.39,0.62,2.16,7671.0,7770.0,161939.0,8.74,0.0,0.0,161939.0,8.74,-158927.0,-8.58,-3011.0,-0.16,-1.0,1.2,1.203,110959000.0,133039841,133039841,2026-08-04,2026-08-04 16:11:35+08:00
159109,恒生50ETF景顺,0.838,0.8417,0.44,-0.007,-0.83,192267.0,16163931.7,0.845,0.852,0.837,0.845,1.78,2.91,0.81,9.57,76718.0,115549.0,2818719.0,17.44,723628.0,4.48,2095091.0,12.96,302903.0,1.87,-3121622.0,-19.31,314.0,0.837,0.838,661163856.0,554055311,554055311,2026-08-04,2026-08-04 15:34:33+08:00
516550,农业ETF嘉实,0.706,0.704,-0.28,-0.006,-0.84,69655.0,4910037.0,0.711,0.711,0.7,0.712,1.54,2.83,0.89,-3.91,25973.0,43682.0,161068.0,3.28,1061847.0,21.63,-900779.0,-18.35,-237444.0,-4.84,76376.0,1.56,-6.0,0.705,0.706,246414400.0,173968566,173968566,2026-08-04,2026-08-04 16:11:44+08:00
159787,建材ETF易方达,0.591,0.5913,0.05,-0.005,-0.84,36362.0,2148390.3,0.594,0.599,0.588,0.596,1.85,2.63,0.75,1.17,14824.0,21538.0,-137212.0,-6.39,20577.0,0.96,-157789.0,-7.34,67144.0,3.13,70069.0,3.26,10.0,0.59,0.591,138021633.0,81570785,81570785,2026-08-04,2026-08-04 15:34:33+08:00
512140,电力ETF华安,0.946,0.9453,-0.07,-0.008,-0.84,143044.0,13525750.0,0.954,0.963,0.943,0.954,2.1,8.88,1.17,13.61,65791.0,77253.0,-1901807.0,-14.06,-852461.0,-6.3,-1049346.0,-7.76,832730.0,6.16,1069076.0,7.9,-945.0,0.945,0.946,161049000.0,152352354,152352354,2026-08-04,2026-08-04 16:12:01+08:00
513750,港股通非银ETF广发,1.538,1.5468,0.57,-0.013,-0.84,4468391.0,690678372.0,1.555,1.571,1.535,1.551,2.32,4.61,1.18,1.58,2053032.0,2415359.0,87221948.0,12.63,45538156.0,6.59,41683792.0,6.04,-88636546.0,-12.83,1414595.0,0.2,-13950.0,1.537,1.538,9690338048.0,14903739918,14903739918,2026-08-04,2026-08-04 16:11:36+08:00
563830,全指现金流ETF博时,1.168,1.1704,0.21,-0.01,-0.85,11.0,1290.0,1.175,1.177,1.167,1.178,0.85,0.0,,17.31,3.0,8.0,-351.0,-27.21,0.0,0.0,-351.0,-27.21,233.0,18.06,118.0,9.15,-2.0,1.167,1.174,148896000.0,173910528,173910528,2026-08-04,2026-08-04 16:11:49+08:00
159067,绿色电力ETF鹏华,1.048,1.0515,0.33,-0.009,-0.85,13446.0,1412881.925,1.09,1.091,1.047,1.057,4.16,3.13,0.17,-3.24,7820.0,5626.0,-187079.0,-13.24,0.0,0.0,-187079.0,-13.24,144957.0,10.26,42123.0,2.98,-297.0,1.048,1.049,42908737.0,44968356,44968356,2026-08-04,2026-08-04 15:34:27+08:00
159642,碳中和ETF大成,0.937,0.946,0.95,-0.008,-0.85,892.0,84184.3,0.942,0.946,0.937,0.945,0.95,0.4,0.87,76.11,615.0,277.0,-42039.0,-49.94,0.0,0.0,-42039.0,-49.94,37248.0,44.25,4791.0,5.69,-26.0,0.937,0.95,22439923.0,21026208,21026208,2026-08-04,2026-08-04 15:34:21+08:00
516750,建材ETF富国,0.582,0.5814,-0.1,-0.005,-0.85,238684.0,13866600.0,0.588,0.588,0.579,0.587,1.53,15.79,1.78,24.98,48586.0,190098.0,-759119.0,-5.47,-6820435.0,-49.19,6061316.0,43.71,442962.0,3.19,316157.0,2.28,-3241.0,0.581,0.582,151167300.0,87979369,87979369,2026-08-04,2026-08-04 16:11:49+08:00
562550,绿电ETF华夏,1.172,1.1698,-0.19,-0.01,-0.85,1094275.0,128256862.0,1.183,1.188,1.168,1.182,1.69,6.52,1.24,13.42,580753.0,513522.0,-11141382.0,-8.69,-2030231.0,-1.58,-9111151.0,-7.1,1939882.0,1.51,9201500.0,7.17,-5398.0,1.171,1.172,1678919296.0,1967693415,1967693415,2026-08-04,2026-08-04 16:11:45+08:00
159028,港股汽车ETF天弘,0.8,0.8014,0.17,-0.007,-0.87,64335.0,5140779.378,0.814,0.814,0.794,0.807,2.48,5.09,0.46,-16.67,27492.0,36843.0,-115684.0,-2.25,798072.0,15.52,-913756.0,-17.77,-248295.0,-4.83,363978.0,7.08,53.0,0.799,0.8,126449016.0,101159213,101159213,2026-08-04,2026-08-04 15:34:12+08:00
560070,央企红利ETF汇添富,1.141,1.1411,0.01,-0.01,-0.87,11521.0,1316598.0,1.141,1.153,1.14,1.151,1.13,1.35,0.65,2.19,4158.0,7363.0,-15240.0,-1.16,12418.0,0.94,-27658.0,-2.1,25403.0,1.93,-10163.0,-0.77,-2.0,1.14,1.143,85362300.0,97398384,97398384,2026-08-04,2026-08-04 16:11:41+08:00
516760,养殖ETF平安,0.57,0.5681,-0.33,-0.005,-0.87,118891.0,6767130.0,0.573,0.575,0.566,0.575,1.57,3.8,1.77,15.54,37720.0,81171.0,-882901.0,-13.05,-162503.0,-2.4,-720398.0,-10.65,424432.0,6.27,458469.0,6.77,-879.0,0.567,0.57,313215104.0,178532609,178532609,2026-08-04,2026-08-04 16:11:50+08:00
159237,港股汽车ETF工银,0.902,0.9045,0.28,-0.008,-0.88,165926.0,14998130.5,0.916,0.916,0.898,0.91,1.98,32.32,0.55,40.87,90864.0,75062.0,1001303.0,6.68,208695.0,1.39,792608.0,5.28,-1105275.0,-7.37,103973.0,0.69,338.0,0.901,0.902,51334226.0,46303472,46303472,2026-08-04,2026-08-04 15:34:54+08:00
517880,品牌消费ETF华泰柏瑞,0.777,0.7793,0.3,-0.007,-0.89,32285.0,2505864.0,0.785,0.785,0.77,0.784,1.91,6.05,0.6,8.94,11526.0,20759.0,301678.0,12.04,0.0,0.0,301678.0,12.04,-284419.0,-11.35,-17259.0,-0.69,-551.0,0.777,0.778,53337100.0,41442927,41442927,2026-08-04,2026-08-04 16:11:34+08:00
520720,港股汽车ETF国泰,0.782,0.782,0.0,-0.007,-0.89,274862.0,21502383.0,0.791,0.793,0.778,0.789,1.9,22.0,0.94,11.26,131958.0,142904.0,46384.0,0.22,1735062.0,8.07,-1688678.0,-7.85,-99427.0,-0.46,53043.0,0.25,-1638.0,0.781,0.782,124942000.0,97704644,97704644,2026-08-04,2026-08-04 16:11:36+08:00
159038,粮食ETF易方达,0.879,0.8801,0.12,-0.008,-0.9,47553.0,4180805.992,0.886,0.886,0.876,0.887,1.13,2.73,0.47,14.8,16356.0,31197.0,95616.0,2.29,80469.0,1.92,15147.0,0.36,-228194.0,-5.46,132577.0,3.17,-41.0,0.879,0.88,174026939.0,152969679,152969679,2026-08-04,2026-08-04 15:34:09+08:00
560120,中证500现金流ETF华夏,1.218,1.2207,0.22,-0.011,-0.9,149144.0,18208931.0,1.24,1.24,1.212,1.229,2.28,2.54,0.9,8.79,59965.0,89179.0,846988.0,4.65,0.0,0.0,846988.0,4.65,-1052665.0,-5.78,205677.0,1.13,-301.0,1.218,1.22,586689008.0,714587212,714587212,2026-08-04,2026-08-04 16:11:52+08:00
159119,800现金流ETF招商,0.978,0.9797,0.17,-0.009,-0.91,56554.0,5534408.481,0.988,0.99,0.973,0.987,1.72,3.47,0.7,12.08,20386.0,36168.0,-125683.0,-2.27,258733.0,4.67,-384416.0,-6.95,67904.0,1.23,57778.0,1.04,8.0,0.977,0.978,163054229.0,159467036,159467036,2026-08-04,2026-08-04 15:34:27+08:00
159063,粮食ETF南方,0.981,0.9814,0.04,-0.009,-0.91,36988.0,3628139.004,0.981,0.996,0.978,0.99,1.82,5.61,0.53,-41.9,11764.0,25224.0,197435.0,5.44,508775.0,14.02,-311340.0,-8.58,-167055.0,-4.6,-30379.0,-0.84,8.0,0.978,0.981,65986647.0,64732901,64732901,2026-08-04,2026-08-04 15:34:24+08:00
515970,工程机械ETF华夏,0.867,0.8636,-0.39,-0.008,-0.91,740567.0,63945105.0,0.877,0.88,0.859,0.875,2.4,10.47,0.63,3.93,395744.0,344823.0,-54036.0,-0.08,1873096.0,2.93,-1927132.0,-3.01,-471487.0,-0.74,525523.0,0.82,-1074.0,0.865,0.867,707088000.0,613045296,613045296,2026-08-04,2026-08-04 16:11:38+08:00
159323,港股通汽车ETF华夏,1.092,1.0915,-0.05,-0.01,-0.91,1277837.0,139610575.6,1.109,1.111,1.086,1.102,2.27,131.6,0.67,25.12,630999.0,646838.0,2416941.0,1.73,-839903.0,-0.6,3256844.0,2.33,-2841991.0,-2.04,425049.0,0.3,1344.0,1.091,1.092,97097378.0,106030337,106030337,2026-08-04,2026-08-04 15:34:06+08:00
520520,恒生消费ETF华泰柏瑞,0.972,0.9731,0.11,-0.009,-0.92,59081.0,5749571.0,0.983,0.983,0.971,0.981,1.22,10.82,1.25,-2.28,18808.0,40273.0,-141057.0,-2.45,0.0,0.0,-141057.0,-2.45,-85881.0,-1.49,226937.0,3.95,-58.0,0.972,0.974,54606000.0,53077032,53077032,2026-08-04,2026-08-04 16:11:55+08:00
159611,电力ETF广发,1.076,1.0758,-0.02,-0.01,-0.92,4730758.0,510045882.074,1.087,1.09,1.073,1.086,1.57,4.66,0.97,69.66,2392354.0,2338403.0,-62530323.0,-12.26,-74918252.0,-14.69,12387929.0,2.43,32118156.0,6.3,30412167.0,5.96,-109828.0,1.076,1.077,10161562880.0,10933841659,10933841659,2026-08-04,2026-08-04 15:34:54+08:00
159060,粮食ETF浦银,0.963,0.9654,0.25,-0.009,-0.93,4837.0,465488.0,0.97,0.97,0.961,0.972,0.93,0.69,0.27,-80.52,62.0,4775.0,209956.0,45.1,0.0,0.0,209956.0,45.1,-187914.0,-40.37,-22041.0,-4.74,-211.0,0.961,0.978,70483423.0,67875536,67875536,2026-08-04,2026-08-04 15:34:06+08:00
159865,养殖ETF国泰,0.531,0.5303,-0.13,-0.005,-0.93,3287682.0,174563975.428,0.537,0.537,0.529,0.536,1.49,2.77,1.1,22.21,1132955.0,2154728.0,-18177209.0,-10.41,-11119286.0,-6.37,-7057923.0,-4.04,10833149.0,6.21,7344059.0,4.21,36810.0,0.53,0.531,11860455680.0,6297901966,6297901966,2026-08-04,2026-08-04 15:34:00+08:00
159166,现金流ETF长城,0.851,0.8506,-0.05,-0.008,-0.93,17330.0,1475599.4,0.867,0.867,0.848,0.859,2.21,0.3,1.15,-58.72,5428.0,11902.0,-75468.0,-5.11,-54805.0,-3.71,-20663.0,-1.4,13752.0,0.93,61715.0,4.18,121.0,0.851,0.852,582816064.0,495976470,495976470,2026-08-04,2026-08-04 15:34:33+08:00
516950,基建ETF银华,1.058,1.0561,-0.18,-0.01,-0.94,70024.0,7397103.0,1.069,1.071,1.052,1.068,1.78,6.26,0.99,-14.76,30357.0,39667.0,80927.0,1.09,0.0,0.0,80927.0,1.09,35541.0,0.48,-116468.0,-1.57,-200.0,1.058,1.059,111821000.0,118306618,118306618,2026-08-04,2026-08-04 16:11:45+08:00
159072,粮食ETF景顺,1.054,1.0563,0.22,-0.01,-0.94,38925.0,4102297.344,1.064,1.064,1.049,1.064,1.41,7.74,0.33,-25.25,15767.0,23158.0,395461.0,9.64,443110.0,10.8,-47649.0,-1.16,-436769.0,-10.65,41306.0,1.01,1229.0,1.054,1.057,50285157.0,53000555,53000555,2026-08-04,2026-08-04 15:34:36+08:00
159059,电力ETF大成,1.054,1.055,0.09,-0.01,-0.94,85505.0,9025590.265,1.066,1.07,1.052,1.064,1.69,12.99,0.86,82.48,40244.0,45261.0,-205601.0,-2.28,-1060765.0,-11.75,855164.0,9.47,119247.0,1.32,86353.0,0.96,-100.0,1.054,1.057,65830063.0,69384886,69384886,2026-08-04,2026-08-04 15:34:21+08:00
159192,家电ETF汇添富,0.951,0.9525,0.16,-0.009,-0.94,1402.0,133007.9,0.951,0.953,0.948,0.96,0.52,0.83,0.09,-1.66,1376.0,26.0,-17345.0,-13.04,0.0,0.0,-17345.0,-13.04,0.0,0.0,17345.0,13.04,-4.0,0.948,0.956,16987065.0,16154699,16154699,2026-08-04,2026-08-04 15:34:12+08:00
562330,中证500价值ETF银华,1.251,1.2466,-0.35,-0.012,-0.95,20212.0,2522774.0,1.25,1.254,1.242,1.263,0.95,18.34,1.27,22.05,8342.0,11870.0,239996.0,9.51,0.0,0.0,239996.0,9.51,-193281.0,-7.66,-46715.0,-1.85,64.0,1.248,1.255,11018900.0,13784644,13784644,2026-08-04,2026-08-04 16:11:34+08:00
560420,食品ETF前海开源,0.929,0.933,0.43,-0.009,-0.96,7756.0,723147.0,0.938,0.938,0.929,0.938,0.96,0.56,0.3,23.52,746.0,7010.0,69387.0,9.6,0.0,0.0,69387.0,9.6,-62656.0,-8.66,-6732.0,-0.93,-10.0,0.929,0.933,138780200.0,128926806,128926806,2026-08-04,2026-08-04 16:11:45+08:00
159033,粮食ETF国泰,0.931,0.9314,0.04,-0.009,-0.96,179542.0,16702972.704,0.94,0.94,0.926,0.94,1.49,9.85,0.92,4.24,87201.0,92341.0,263634.0,1.58,560018.0,3.35,-296384.0,-1.77,-390179.0,-2.34,126544.0,0.76,-7.0,0.931,0.933,182323473.0,169743153,169743153,2026-08-04,2026-08-04 15:34:03+08:00
159138,工程机械ETF易方达,0.933,0.9299,-0.33,-0.009,-0.96,162533.0,15109947.3,0.943,0.943,0.923,0.942,2.12,5.18,1.52,-50.55,81435.0,81098.0,56429.0,0.37,-650704.0,-4.31,707133.0,4.68,-240645.0,-1.59,184216.0,1.22,-51.0,0.933,0.934,313767920.0,292745469,292745469,2026-08-04,2026-08-04 15:34:06+08:00
159587,粮食ETF广发,1.126,1.1265,0.04,-0.011,-0.97,108452.0,12230803.2,1.136,1.136,1.119,1.137,1.5,6.98,0.87,22.35,38145.0,70307.0,-619564.0,-5.07,-293446.0,-2.4,-326118.0,-2.67,-849425.0,-6.94,1468989.0,12.01,-408.0,1.126,1.127,155447031.0,175033357,175033357,2026-08-04,2026-08-04 15:34:15+08:00
510160,产业升级ETF南方,0.906,0.9039,-0.23,-0.009,-0.98,3926.0,355613.0,0.917,0.917,0.903,0.915,1.53,0.2,1.13,15.48,303.0,3623.0,30912.0,8.69,0.0,0.0,30912.0,8.69,18100.0,5.09,-49012.0,-13.78,-175.0,0.903,0.906,192057400.0,174004004,174004004,2026-08-04,2026-08-04 16:11:36+08:00
520730,港股通汽车ETF万家,0.804,0.8048,0.1,-0.008,-0.99,21187.0,1702380.0,0.822,0.822,0.799,0.812,2.83,1.73,0.48,-1.1,11397.0,9790.0,-287512.0,-16.89,0.0,0.0,-287512.0,-16.89,193311.0,11.36,94201.0,5.53,139.0,0.803,0.805,122394400.0,98405098,98405098,2026-08-04,2026-08-04 16:11:51+08:00
159229,自由现金流ETF广发,1.204,1.2076,0.3,-0.012,-0.99,60065.0,7240318.7,1.21,1.212,1.2,1.216,0.99,3.94,0.6,9.86,19466.0,40599.0,1058742.0,14.62,135579.0,1.87,923163.0,12.75,-1030974.0,-14.24,-27767.0,-0.38,-20.0,1.204,1.205,152556022.0,183677450,183677450,2026-08-04,2026-08-04 15:34:48+08:00
159301,公用事业ETF华夏,0.992,0.9906,-0.14,-0.01,-1.0,273771.0,27107856.8,1.002,1.006,0.987,1.002,1.9,20.99,1.72,-24.87,81938.0,191833.0,7893615.0,29.12,7135182.0,26.32,758433.0,2.8,-235066.0,-0.87,-7658550.0,-28.25,-66.0,0.992,0.993,130458357.0,129414690,129414690,2026-08-04,2026-08-04 15:34:15+08:00
520660,港股通央企红利ETF南方,0.968,0.9688,0.08,-0.01,-1.02,325359.0,31556825.0,0.978,0.98,0.966,0.978,1.43,1.31,0.49,-1.49,163055.0,162304.0,-1394491.0,-4.42,-1446349.0,-4.58,51858.0,0.16,1310277.0,4.15,84212.0,0.27,-129.0,0.966,0.968,2475485504.0,2396269968,2396269968,2026-08-04,2026-08-04 16:11:51+08:00
560700,央企红利ETF广发,1.165,1.1635,-0.13,-0.012,-1.02,106229.0,12383748.0,1.176,1.177,1.162,1.177,1.27,2.31,1.73,13.0,49804.0,56425.0,681992.0,5.51,124607.0,1.01,557385.0,4.5,382268.0,3.09,-1064260.0,-8.59,-177.0,1.162,1.165,459036896.0,534777984,534777984,2026-08-04,2026-08-04 16:11:43+08:00
513170,恒生央企ETF鹏华,1.55,1.5512,0.08,-0.016,-1.02,33596.0,5225613.0,1.566,1.57,1.549,1.566,1.34,1.66,0.96,32.48,6452.0,27144.0,-119022.0,-2.28,0.0,0.0,-119022.0,-2.28,-124859.0,-2.39,243881.0,4.67,-83.0,1.55,1.551,202573000.0,313988150,313988150,2026-08-04,2026-08-04 16:11:49+08:00
159161,工程机械ETF东财,0.969,0.9676,-0.14,-0.01,-1.02,13500.0,1301922.039,0.977,0.983,0.96,0.979,2.35,1.84,0.96,96.22,6928.0,6572.0,-62686.0,-4.81,0.0,0.0,-62686.0,-4.81,-113999.0,-8.76,176686.0,13.57,-29.0,0.969,0.97,73331260.0,71057991,71057991,2026-08-04,2026-08-04 15:34:27+08:00
159186,港股通汽车ETF鹏华,0.772,0.7728,0.1,-0.008,-1.03,20360.0,1572961.1,0.784,0.784,0.768,0.78,2.05,2.52,0.39,-62.08,5181.0,15179.0,-111114.0,-7.06,0.0,0.0,-111114.0,-7.06,125363.0,7.97,-14249.0,-0.91,26.0,0.77,0.772,80869245.0,62431057,62431057,2026-08-04,2026-08-04 15:34:24+08:00
159222,自由现金流ETF易方达,1.252,1.2514,-0.05,-0.013,-1.03,538065.0,67468533.7,1.267,1.27,1.249,1.265,1.66,3.0,0.53,54.41,199986.0,338079.0,6018863.0,8.92,3031866.0,4.49,2986997.0,4.43,-5593817.0,-8.29,-425047.0,-0.63,1186.0,1.251,1.252,1793370400.0,2245299741,2245299741,2026-08-04,2026-08-04 15:34:54+08:00
159619,基建ETF国泰,0.96,0.9579,-0.22,-0.01,-1.03,20158.0,1933053.8,0.976,0.976,0.955,0.97,2.16,2.58,0.56,20.69,6311.0,13847.0,-52414.0,-2.71,240846.0,12.46,-293260.0,-15.17,-14279.0,-0.74,66692.0,3.45,52.0,0.956,0.96,77981007.0,74861767,74861767,2026-08-04,2026-08-04 15:34:15+08:00
510900,恒生中国企业ETF易方达,1.059,1.0607,0.16,-0.011,-1.03,1764815.0,187384398.0,1.071,1.077,1.057,1.07,1.87,5.12,1.01,-42.86,743072.0,1021743.0,22574306.0,12.05,20825712.0,11.11,1748594.0,0.93,-25050848.0,-13.37,2476544.0,1.32,-1448.0,1.058,1.059,3444021904.0,3647219196,3647219196,2026-08-04,2026-08-04 16:11:40+08:00
561960,央企回报ETF招商,1.237,1.2387,0.14,-0.013,-1.04,2093.0,259556.0,1.245,1.245,1.237,1.25,0.64,0.37,0.46,4.35,850.0,1243.0,-9003.0,-3.47,-28465.0,-10.97,19462.0,7.5,46026.0,17.73,-37023.0,-14.26,-1.0,1.237,1.241,57185200.0,70738092,70738092,2026-08-04,2026-08-04 16:11:44+08:00
159850,恒生国企ETF华夏,0.829,0.8319,0.35,-0.009,-1.07,100236.0,8328345.4,0.839,0.843,0.827,0.838,1.91,2.0,0.69,-8.47,46919.0,53317.0,1359891.0,16.33,149520.0,1.8,1210371.0,14.53,-1292015.0,-15.51,-67876.0,-0.82,-299.0,0.829,0.83,501706496.0,415914685,415914685,2026-08-04,2026-08-04 15:34:54+08:00
520620,恒生消费ETF嘉实,0.83,0.8316,0.19,-0.009,-1.07,58617.0,4868197.0,0.839,0.84,0.827,0.839,1.55,1.91,0.87,-2.48,24587.0,34030.0,7836.0,0.16,-217902.0,-4.48,225738.0,4.64,-97854.0,-2.01,90017.0,1.85,-300.0,0.829,0.83,306409008.0,254319477,254319477,2026-08-04,2026-08-04 16:11:44+08:00
561020,N食品ETF招商,1.012,1.0154,0.33,-0.011,-1.08,1228719.0,124958970.0,1.018,1.023,1.01,1.023,1.27,60.52,,-51.43,515285.0,713434.0,17424172.0,13.94,32406033.0,25.93,-14981861.0,-11.99,-14980611.0,-11.99,-2443562.0,-1.96,-2633.0,1.012,1.013,203022206.0,205458472,205458472,2026-08-04,2026-08-04 16:11:46+08:00
159519,港股国企ETF国泰,1.746,1.7437,-0.13,-0.019,-1.08,43580.0,7638048.5,1.766,1.773,1.744,1.765,1.64,7.37,0.41,4.96,19495.0,24085.0,-133185.0,-1.74,0.0,0.0,-133185.0,-1.74,66746.0,0.87,66440.0,0.87,-100.0,1.746,1.747,59157854.0,103289613,103289613,2026-08-04,2026-08-04 15:34:12+08:00
159031,粮食ETF博时,0.91,0.9116,0.18,-0.01,-1.09,36907.0,3355691.118,0.918,0.918,0.906,0.92,1.3,0.72,2.14,58.95,14111.0,22796.0,-164157.0,-4.89,-381179.0,-11.36,217022.0,6.47,167734.0,5.0,-3576.0,-0.11,493.0,0.91,0.917,510028624.0,464126048,464126048,2026-08-04,2026-08-04 15:34:00+08:00
159245,港股通消费ETF富国,0.807,0.806,-0.12,-0.009,-1.1,32616.0,2639699.5,0.817,0.818,0.805,0.816,1.59,4.52,0.53,43.94,12865.0,19751.0,-31323.0,-1.19,0.0,0.0,-31323.0,-1.19,-82592.0,-3.13,113915.0,4.32,-125.0,0.807,0.808,72113296.0,58195430,58195430,2026-08-04,2026-08-04 15:34:42+08:00
512070,证券保险ETF易方达,0.804,0.8022,-0.22,-0.009,-1.11,6079500.0,489472653.0,0.811,0.814,0.801,0.813,1.6,3.21,1.06,39.44,1751390.0,4328110.0,-54480882.0,-11.13,-3655958.0,-0.75,-50824924.0,-10.38,28003303.0,5.72,26477580.0,5.41,-34717.0,0.803,0.804,18943479808.0,15230557766,15230557766,2026-08-04,2026-08-04 16:11:49+08:00
560620,公用事业ETF万家,0.978,0.9764,-0.16,-0.011,-1.11,3072.0,300639.0,0.993,0.993,0.976,0.989,1.72,1.14,0.75,21.81,1161.0,1911.0,89282.0,29.7,0.0,0.0,89282.0,29.7,-161127.0,-53.59,71845.0,23.9,62.0,0.978,0.979,26867000.0,26275926,26275926,2026-08-04,2026-08-04 16:11:44+08:00
159221,现金流ETF嘉实,1.16,1.1597,-0.03,-0.013,-1.11,717113.0,83266539.926,1.174,1.175,1.157,1.173,1.53,5.75,2.19,16.07,157473.0,559640.0,61443817.0,73.79,42437422.0,50.97,19006395.0,22.83,-8545410.0,-10.26,-52898407.0,-63.53,9.0,1.159,1.16,1248013232.0,1447695349,1447695349,2026-08-04,2026-08-04 15:34:51+08:00
516250,工程机械ETF富国,0.976,0.9735,-0.26,-0.011,-1.11,82667.0,8059661.0,0.995,0.995,0.968,0.987,2.74,7.01,0.83,-0.5,42845.0,39822.0,-449106.0,-5.57,1229926.0,15.26,-1679032.0,-20.83,307204.0,3.81,141901.0,1.76,-52.0,0.974,0.976,117878000.0,115048928,115048928,2026-08-04,2026-08-04 16:11:51+08:00
159745,建材ETF国泰,0.532,0.5326,0.11,-0.006,-1.12,760130.0,40479694.7,0.535,0.538,0.529,0.538,1.67,5.83,0.81,16.24,418257.0,341873.0,-5325944.0,-13.16,-4579521.0,-11.31,-746423.0,-1.84,2472106.0,6.11,2853838.0,7.05,10064.0,0.531,0.532,1304688272.0,694094161,694094161,2026-08-04,2026-08-04 15:34:33+08:00
159225,现金流ETF银华,1.227,1.2281,0.09,-0.014,-1.13,15002.0,1843351.828,1.241,1.245,1.227,1.241,1.45,0.54,0.36,-25.13,4807.0,10195.0,301326.0,16.35,83560.0,4.53,217766.0,11.81,-240137.0,-13.03,-61188.0,-3.32,-210.0,1.228,1.232,275744800.0,338338870,338338870,2026-08-04,2026-08-04 15:34:30+08:00
563180,高股息ETF银华,1.141,1.1393,-0.15,-0.013,-1.13,52819.0,6021769.0,1.155,1.155,1.137,1.154,1.56,4.66,0.87,0.04,18928.0,33891.0,669011.0,11.11,784689.0,13.03,-115678.0,-1.92,-571647.0,-9.49,-97364.0,-1.62,-101.0,1.138,1.141,113420000.0,129412220,129412220,2026-08-04,2026-08-04 16:11:32+08:00
159617,中证500价值ETF华夏,1.386,1.3861,0.01,-0.016,-1.14,18568.0,2578991.1,1.405,1.407,1.382,1.402,1.78,6.1,0.74,-62.06,3978.0,14590.0,172618.0,6.69,0.0,0.0,172618.0,6.69,-249624.0,-9.68,77007.0,2.99,39.0,1.386,1.392,30418382.0,42159877,42159877,2026-08-04,2026-08-04 15:34:57+08:00
159736,食品饮料ETF天弘,0.602,0.6018,-0.03,-0.007,-1.15,425495.0,25680919.9,0.609,0.609,0.601,0.609,1.31,0.57,0.74,18.78,175881.0,249614.0,27915.0,0.11,1915605.0,7.46,-1887690.0,-7.35,-804205.0,-3.13,776291.0,3.02,-2467.0,0.602,0.603,7522394368.0,4528481410,4528481410,2026-08-04,2026-08-04 15:34:57+08:00
159121,港股通汽车ETF易方达,0.77,0.769,-0.13,-0.009,-1.16,601859.0,46375310.7,0.782,0.783,0.766,0.779,2.18,39.21,0.49,1.95,297605.0,304254.0,-207282.0,-0.45,36148.0,0.08,-243430.0,-0.52,-865037.0,-1.87,1072318.0,2.31,10524.0,0.769,0.77,153481127.0,118180468,118180468,2026-08-04,2026-08-04 15:34:33+08:00
159165,养殖ETF永赢,0.85,0.847,-0.35,-0.01,-1.16,58039.0,4921952.4,0.86,0.86,0.845,0.86,1.74,5.07,0.71,-42.43,22912.0,35127.0,-365954.0,-7.44,474574.0,9.64,-840528.0,-17.08,216400.0,4.4,149553.0,3.04,49.0,0.847,0.85,114571257.0,97385568,97385568,2026-08-04,2026-08-04 15:34:48+08:00
159220,港股通红利低波ETF华宝,0.589,0.5889,-0.02,-0.007,-1.17,227368.0,13476560.4,0.597,0.601,0.588,0.596,2.18,4.63,0.49,-34.01,80207.0,147161.0,-393421.0,-2.92,-971795.0,-7.21,578374.0,4.29,200630.0,1.49,192791.0,1.43,-202.0,0.589,0.59,491569520.0,289534447,289534447,2026-08-04,2026-08-04 15:34:36+08:00
159276,现金流ETF汇添富,1.09,1.091,0.09,-0.013,-1.18,35629.0,3893496.8,1.105,1.105,1.089,1.103,1.45,0.95,0.64,-1.52,12735.0,22894.0,55227.0,1.42,-221738.0,-5.7,276965.0,7.11,-42344.0,-1.09,-12883.0,-0.33,-1.0,1.089,1.093,376696656.0,410599355,410599355,2026-08-04,2026-08-04 15:34:09+08:00
513970,恒生消费ETF景顺,0.838,0.8369,-0.13,-0.01,-1.18,507199.0,42565070.0,0.845,0.848,0.837,0.848,1.3,3.45,0.66,-35.9,204162.0,303037.0,-2467202.0,-5.8,-1681506.0,-3.95,-785696.0,-1.85,91795.0,0.22,2375408.0,5.58,-6195.0,0.838,0.839,1470041008.0,1231894365,1231894365,2026-08-04,2026-08-04 16:11:48+08:00
510010,180治理ETF交银,1.749,1.7442,-0.28,-0.021,-1.19,43.0,7538.0,1.787,1.787,1.738,1.77,2.77,0.0,0.09,-0.48,33.0,10.0,-1581.0,-20.97,0.0,0.0,-1581.0,-20.97,0.0,0.0,1581.0,20.97,-21.0,1.748,1.749,130524400.0,228287176,228287176,2026-08-04,2026-08-04 16:11:55+08:00
159589,红利ETF广发,1.082,1.0806,-0.13,-0.013,-1.19,118332.0,12811707.5,1.096,1.096,1.075,1.095,1.92,4.49,0.81,38.56,41902.0,76430.0,553212.0,4.32,585456.0,4.57,-32244.0,-0.25,-810428.0,-6.33,257216.0,2.01,230.0,1.081,1.082,263590005.0,285204385,285204385,2026-08-04,2026-08-04 15:34:00+08:00
159766,旅游ETF富国,0.574,0.5727,-0.23,-0.007,-1.2,2574735.0,147973561.228,0.581,0.583,0.572,0.581,1.89,4.74,0.75,30.16,1146840.0,1427895.0,-18770968.0,-12.69,-22363633.0,-15.11,3592665.0,2.43,11461524.0,7.75,7309445.0,4.94,-17582.0,0.574,0.575,5431140864.0,3117474856,3117474856,2026-08-04,2026-08-04 15:34:12+08:00
159699,恒生消费ETF广发,0.906,0.9075,0.17,-0.011,-1.2,216204.0,19659342.5,0.918,0.918,0.906,0.917,1.31,4.24,0.61,-53.5,76005.0,140199.0,-1595260.0,-8.11,134268.0,0.68,-1729528.0,-8.8,730163.0,3.71,865096.0,4.4,-451.0,0.906,0.908,510164256.0,462208816,462208816,2026-08-04,2026-08-04 15:34:45+08:00
520900,港股通红利ETF广发,0.981,0.9835,0.25,-0.012,-1.21,615736.0,60578265.0,0.993,0.995,0.981,0.993,1.41,3.87,0.76,-18.12,288927.0,326809.0,-6288588.0,-10.38,-2122397.0,-3.5,-4166191.0,-6.88,5518619.0,9.11,769969.0,1.27,-100.0,0.981,0.982,1589175008.0,1558980683,1558980683,2026-08-04,2026-08-04 16:11:52+08:00
159239,港股通汽车ETF富国,0.809,0.8078,-0.15,-0.01,-1.22,145513.0,11774753.3,0.831,0.831,0.804,0.819,3.3,19.2,0.6,-15.87,62340.0,83173.0,-1353975.0,-11.5,80.0,0.0,-1354055.0,-11.5,552784.0,4.69,801191.0,6.8,33.0,0.808,0.809,75780753.0,61306629,61306629,2026-08-04,2026-08-04 15:34:36+08:00
159223,现金流ETF永赢,1.128,1.1294,0.12,-0.014,-1.23,56588.0,6417269.9,1.143,1.143,1.128,1.142,1.31,3.0,0.69,-66.82,29201.0,27387.0,128092.0,2.0,0.0,0.0,128092.0,2.0,-72761.0,-1.13,-55330.0,-0.86,-112.0,1.128,1.13,188844755.0,213016884,213016884,2026-08-04,2026-08-04 15:34:39+08:00
159862,食品饮料ETF银华,0.561,0.5599,-0.2,-0.007,-1.23,79763.0,4480043.0,0.565,0.567,0.559,0.568,1.41,2.57,0.67,-16.35,33800.0,45963.0,154765.0,3.45,-104858.0,-2.34,259623.0,5.8,-411417.0,-9.18,256653.0,5.73,256.0,0.56,0.561,310500624.0,174190850,174190850,2026-08-04,2026-08-04 15:34:21+08:00
560190,公用事业ETF鹏华,1.043,1.0417,-0.12,-0.013,-1.23,3322.0,346666.0,1.055,1.055,1.04,1.056,1.42,1.72,0.76,13.2,1397.0,1925.0,73284.0,21.14,43594.0,12.58,29690.0,8.56,-87632.0,-25.28,14347.0,4.14,77.0,1.042,1.043,19334000.0,20165362,20165362,2026-08-04,2026-08-04 16:11:32+08:00
159843,食品饮料ETF招商,0.557,0.5555,-0.27,-0.007,-1.24,157827.0,8799880.3,0.561,0.564,0.555,0.564,1.6,2.57,0.71,23.72,72082.0,85745.0,-435592.0,-4.95,1173081.0,13.33,-1608673.0,-18.28,115294.0,1.31,320298.0,3.64,-711.0,0.557,0.558,614955136.0,342530011,342530011,2026-08-04,2026-08-04 15:34:15+08:00
159698,粮食ETF鹏华,0.874,0.8737,-0.03,-0.011,-1.24,475811.0,41570228.499,0.881,0.882,0.869,0.885,1.47,4.4,0.96,28.85,208516.0,267295.0,-3112618.0,-7.49,-4797338.0,-11.54,1684720.0,4.05,530123.0,1.28,2582496.0,6.21,-2939.0,0.874,0.875,1081944384.0,945619392,945619392,2026-08-04,2026-08-04 15:34:42+08:00
159726,港股通高股息ETF华夏,1.35,1.3525,0.18,-0.017,-1.24,139832.0,18934555.3,1.371,1.373,1.348,1.367,1.83,4.87,0.88,-50.51,92347.0,47485.0,1420513.0,7.5,-3778624.0,-19.96,5199137.0,27.46,-2480950.0,-13.1,1060439.0,5.6,142.0,1.349,1.35,286911376.0,387330358,387330358,2026-08-04,2026-08-04 15:34:12+08:00
159159,公用事业ETF国投瑞银,1.035,1.0376,0.25,-0.013,-1.24,34188.0,3553865.015,1.049,1.053,1.035,1.048,1.72,2.73,0.36,25.28,10370.0,23818.0,225929.0,6.36,-969163.0,-27.27,1195092.0,33.63,-303205.0,-8.53,77278.0,2.17,-39.0,1.035,1.037,125318582.0,129704732,129704732,2026-08-04,2026-08-04 15:34:24+08:00
510270,国企ETF中银,1.506,1.5079,0.13,-0.019,-1.25,1612.0,243358.0,1.515,1.515,1.506,1.525,0.59,0.96,0.16,6.62,10.0,1602.0,36487.0,14.99,0.0,0.0,36487.0,14.99,-39763.0,-16.34,3276.0,1.35,-80.0,1.506,1.511,16832100.0,25349143,25349143,2026-08-04,2026-08-04 16:11:37+08:00
513590,港股通消费ETF鹏华,0.792,0.7909,-0.14,-0.01,-1.25,42795.0,3402710.0,0.799,0.805,0.792,0.802,1.62,3.05,0.63,24.78,16755.0,26040.0,-133503.0,-3.92,0.0,0.0,-133503.0,-3.92,27943.0,0.82,105560.0,3.1,-1074.0,0.791,0.792,140118900.0,110974169,110974169,2026-08-04,2026-08-04 16:11:34+08:00
159065,工程机械ETF景顺,0.95,0.9515,0.16,-0.012,-1.25,22054.0,2096009.52,0.956,0.956,0.945,0.962,1.14,1.85,0.65,-11.61,9682.0,12372.0,-75098.0,-3.58,134472.0,6.42,-209570.0,-10.0,27746.0,1.32,47352.0,2.26,-1.0,0.95,0.952,119350818.0,113383277,113383277,2026-08-04,2026-08-04 15:34:21+08:00
159635,基建ETF华夏,1.017,1.017,0.0,-0.013,-1.26,281794.0,28676839.232,1.029,1.03,1.014,1.03,1.55,21.54,0.93,-83.55,127711.0,154083.0,-468749.0,-1.63,1327101.0,4.63,-1795850.0,-6.26,-157704.0,-0.55,626452.0,2.18,32.0,1.018,1.019,130846980.0,133071379,133071379,2026-08-04,2026-08-04 15:34:15+08:00
515210,钢铁ETF国泰,1.178,1.1771,-0.08,-0.015,-1.26,981218.0,115712668.0,1.187,1.194,1.172,1.193,1.84,9.31,1.08,31.11,611700.0,369518.0,-13612217.0,-11.76,-1653228.0,-1.43,-11958989.0,-10.34,4259080.0,3.68,9353137.0,8.08,-5583.0,1.177,1.178,1053726096.0,1241289341,1241289341,2026-08-04,2026-08-04 16:11:55+08:00
510720,红利国企ETF国泰,1.011,1.0124,0.14,-0.013,-1.27,1496154.0,151338386.0,1.022,1.024,1.005,1.024,1.86,6.4,0.93,-4.79,469230.0,1026924.0,-10917098.0,-7.21,-5624104.0,-3.72,-5292994.0,-3.5,1558171.0,1.03,9358928.0,6.18,-5956.0,1.01,1.011,2338766000.0,2364492426,2364492426,2026-08-04,2026-08-04 16:11:34+08:00
159079,价值ETF兴全,1.003,1.0041,0.11,-0.013,-1.28,285910.0,28791981.385,1.016,1.016,1.001,1.016,1.48,17.24,0.26,-53.43,72321.0,213590.0,2763140.0,9.6,9868100.0,34.27,-7104960.0,-24.68,-2462750.0,-8.55,-300390.0,-1.04,-704.0,1.003,1.004,165806830.0,166304250,166304250,2026-08-04,2026-08-04 15:34:24+08:00
561420,300现金流ETF汇添富,1.081,1.0815,0.05,-0.014,-1.28,198404.0,21560049.0,1.098,1.098,1.079,1.095,1.74,1.86,1.58,-2.3,50274.0,148130.0,161499.0,0.75,171770.0,0.8,-10271.0,-0.05,-128100.0,-0.59,-33398.0,-0.15,-146.0,1.08,1.081,1065237008.0,1151521206,1151521206,2026-08-04,2026-08-04 16:11:56+08:00
516910,物流ETF富国,1.156,1.1567,0.06,-0.015,-1.28,169048.0,19609981.0,1.168,1.171,1.155,1.171,1.37,21.63,1.07,44.23,77190.0,91858.0,2169351.0,11.06,1012171.0,5.16,1157180.0,5.9,-1893784.0,-9.66,-275567.0,-1.41,-1222.0,1.155,1.156,78141800.0,90331921,90331921,2026-08-04,2026-08-04 16:11:47+08:00
159735,港股消费ETF银华,0.686,0.6853,-0.1,-0.009,-1.29,273683.0,18824002.7,0.695,0.697,0.684,0.695,1.87,4.29,0.37,-47.9,102590.0,171093.0,-3004104.0,-15.96,-2192371.0,-11.65,-811733.0,-4.31,1936358.0,10.29,1067746.0,5.67,-3792.0,0.686,0.687,637561376.0,437367104,437367104,2026-08-04,2026-08-04 15:34:54+08:00
520560,香港大盘30ETF华宝,0.842,0.8429,0.11,-0.011,-1.29,405867.0,34269616.0,0.853,0.859,0.84,0.853,2.23,6.34,2.57,-2.32,206926.0,198941.0,-916239.0,-2.67,-17501028.0,-51.07,16584789.0,48.4,304553.0,0.89,611685.0,1.78,-445.0,0.841,0.842,640419008.0,539232805,539232805,2026-08-04,2026-08-04 16:11:44+08:00
516110,汽车ETF国泰,1.144,1.1438,-0.02,-0.015,-1.29,343705.0,39336605.0,1.157,1.159,1.139,1.159,1.73,12.47,0.88,-18.61,165005.0,178700.0,-2050762.0,-5.21,4412697.0,11.22,-6463459.0,-16.43,1213346.0,3.08,837415.0,2.13,-713.0,1.143,1.144,275623104.0,315312831,315312831,2026-08-04,2026-08-04 16:12:01+08:00
159331,红利港股ETF国泰,1.288,1.2838,-0.33,-0.017,-1.3,64321.0,8311779.0,1.303,1.312,1.285,1.305,2.07,4.21,0.76,-61.07,25682.0,38639.0,430239.0,5.18,0.0,0.0,430239.0,5.18,-704801.0,-8.48,274563.0,3.3,68.0,1.286,1.288,152694179.0,196670103,196670103,2026-08-04,2026-08-04 15:34:45+08:00
513070,港股通消费ETF易方达,1.129,1.1273,-0.15,-0.015,-1.31,1059269.0,119818255.0,1.143,1.146,1.127,1.144,1.66,8.06,0.71,-8.22,462293.0,596977.0,-4980441.0,-4.16,-1508014.0,-1.26,-3472427.0,-2.9,1865984.0,1.56,3114458.0,2.6,-4289.0,1.128,1.129,1314760800.0,1484364943,1484364943,2026-08-04,2026-08-04 16:11:59+08:00
561030,工程机械ETF华泰柏瑞,0.898,0.8984,0.04,-0.012,-1.32,17183.0,1543544.0,0.907,0.907,0.893,0.91,1.54,0.9,0.31,0.02,6048.0,11135.0,-303764.0,-19.68,0.0,0.0,-303764.0,-19.68,169533.0,10.98,134230.0,8.7,1.0,0.898,0.901,191550000.0,172011900,172011900,2026-08-04,2026-08-04 16:11:35+08:00
159275,农牧渔ETF华宝,0.821,0.8213,0.04,-0.011,-1.32,108471.0,8910050.7,0.832,0.832,0.819,0.832,1.56,4.18,1.15,14.37,41312.0,67159.0,-212238.0,-2.38,175906.0,1.97,-388144.0,-4.36,152793.0,1.71,59445.0,0.67,90.0,0.819,0.821,259302909.0,212887688,212887688,2026-08-04,2026-08-04 15:34:30+08:00
560280,工程机械ETF广发,1.554,1.5521,-0.12,-0.021,-1.33,906673.0,140695704.0,1.575,1.578,1.541,1.575,2.35,4.34,0.8,-15.48,429769.0,476904.0,27643663.0,19.65,24237706.0,17.23,3405957.0,2.42,-9037558.0,-6.42,-18606104.0,-13.22,-3035.0,1.554,1.555,2089752000.0,3247474608,3247474608,2026-08-04,2026-08-04 16:11:52+08:00
159510,沪深300价值ETF华夏,1.265,1.2661,0.09,-0.017,-1.33,48425.0,6134032.3,1.283,1.283,1.263,1.282,1.56,7.01,0.86,23.79,18399.0,30026.0,-318509.0,-5.19,0.0,0.0,-318509.0,-5.19,94723.0,1.54,223786.0,3.65,-110.0,1.265,1.266,69128342.0,87447353,87447353,2026-08-04,2026-08-04 15:34:24+08:00
159143,港股通央企红利ETF平安,0.958,0.9597,0.18,-0.013,-1.34,13947.0,1345083.9,0.973,0.978,0.958,0.971,2.06,2.47,0.52,-17.65,1353.0,12594.0,162671.0,12.09,0.0,0.0,162671.0,12.09,-208487.0,-15.5,45816.0,3.41,-49.0,0.958,0.962,56554456.0,54179169,54179169,2026-08-04,2026-08-04 15:34:06+08:00
159201,自由现金流ETF华夏,1.169,1.1707,0.15,-0.016,-1.35,4134302.0,484913549.5,1.184,1.187,1.168,1.185,1.6,2.76,1.14,20.66,1605562.0,2528740.0,-18533230.0,-3.82,51052266.0,10.53,-69585496.0,-14.35,5870551.0,1.21,12662679.0,2.61,-11420.0,1.169,1.17,14969275904.0,17499083532,17499083532,2026-08-04,2026-08-04 15:34:33+08:00
512450,畜牧养殖ETF广发,0.878,0.8768,-0.14,-0.012,-1.35,42058.0,3691955.0,0.894,0.894,0.875,0.89,2.13,3.71,1.08,27.17,12260.0,29798.0,-575670.0,-15.59,-674520.0,-18.27,98850.0,2.68,-12635.0,-0.34,588305.0,15.93,-99.0,0.878,0.879,113367000.0,99536226,99536226,2026-08-04,2026-08-04 16:11:53+08:00
516900,食品饮料ETF华安,0.509,0.5083,-0.14,-0.007,-1.36,115274.0,5872785.0,0.514,0.516,0.507,0.516,1.74,3.94,0.39,10.01,24532.0,90742.0,653451.0,11.13,1066705.0,18.16,-413254.0,-7.04,-770224.0,-13.12,116773.0,1.99,-848.0,0.509,0.51,292229008.0,148744565,148744565,2026-08-04,2026-08-04 16:11:36+08:00
159285,港股通消费ETF华安,0.795,0.7961,0.14,-0.011,-1.36,92665.0,7389855.166,0.81,0.81,0.795,0.806,1.86,3.73,0.63,-19.54,36809.0,55856.0,-527889.0,-7.14,-402684.0,-5.45,-125205.0,-1.69,448530.0,6.07,79358.0,1.07,-1960.0,0.796,0.797,248486680.0,197546911,197546911,2026-08-04,2026-08-04 15:34:12+08:00
563900,300自由现金流ETF摩根,1.156,1.1567,0.06,-0.016,-1.37,192528.0,22314956.0,1.17,1.173,1.155,1.172,1.54,3.95,0.72,-3.69,76204.0,116324.0,206643.0,0.93,480546.0,2.15,-273903.0,-1.23,-470791.0,-2.11,264147.0,1.18,-20.0,1.155,1.156,486965696.0,562932345,562932345,2026-08-04,2026-08-04 16:11:52+08:00
159825,农业ETF富国,0.718,0.7162,-0.25,-0.01,-1.37,735278.0,52780461.1,0.724,0.727,0.714,0.728,1.79,3.19,0.87,65.86,295408.0,439870.0,-7130919.0,-13.51,-5238491.0,-9.93,-1892428.0,-3.59,3030792.0,5.74,4100128.0,7.77,-3825.0,0.718,0.719,2304077408.0,1654327579,1654327579,2026-08-04,2026-08-04 15:34:45+08:00
513810,港股国企ETF华夏,1.713,1.717,0.23,-0.024,-1.38,113484.0,19518886.0,1.73,1.745,1.712,1.737,1.9,27.03,0.93,19.34,50673.0,62811.0,-1326655.0,-6.8,0.0,0.0,-1326655.0,-6.8,1362623.0,6.98,-35968.0,-0.18,-6.0,1.713,1.716,41992000.0,71932296,71932296,2026-08-04,2026-08-04 16:11:35+08:00
159173,农牧ETF南方,0.849,0.8484,-0.07,-0.012,-1.39,64419.0,5471864.2,0.861,0.861,0.847,0.861,1.63,12.05,0.93,28.41,31590.0,32829.0,293100.0,5.36,-463121.0,-8.46,756221.0,13.82,-277471.0,-5.07,-15627.0,-0.29,200.0,0.848,0.849,53455388.0,45383624,45383624,2026-08-04,2026-08-04 15:34:57+08:00
159827,农业ETF银华,0.776,0.7734,-0.34,-0.011,-1.4,28041.0,2169268.2,0.787,0.787,0.771,0.787,2.03,3.02,0.58,91.31,13635.0,14406.0,137461.0,6.34,-4644.0,-0.21,142105.0,6.55,-215656.0,-9.94,78195.0,3.6,-103.0,0.776,0.777,92716463.0,71947975,71947975,2026-08-04,2026-08-04 15:34:54+08:00
159515,国企红利ETF鹏扬,1.192,1.1906,-0.12,-0.017,-1.41,15943.0,1898741.9,1.21,1.21,1.186,1.209,1.99,3.54,0.57,-36.98,10076.0,5867.0,-543229.0,-28.61,0.0,0.0,-543229.0,-28.61,447445.0,23.57,95784.0,5.04,133.0,1.189,1.192,45086631.0,53743264,53743264,2026-08-04,2026-08-04 15:34:57+08:00
159581,红利ETF万家,1.049,1.0489,-0.01,-0.015,-1.41,242514.0,25512176.9,1.065,1.066,1.045,1.064,1.97,1.76,0.83,21.34,83364.0,159150.0,-2292868.0,-8.99,-1273274.0,-4.99,-1019594.0,-4.0,123187.0,0.48,2169681.0,8.5,342.0,1.048,1.049,1379225712.0,1446807772,1446807772,2026-08-04,2026-08-04 15:34:12+08:00
513830,港股通高股息ETF嘉实,1.187,1.1876,0.05,-0.017,-1.41,8013.0,956208.0,1.21,1.211,1.185,1.204,2.16,1.45,0.31,-10.25,2744.0,5269.0,300092.0,31.38,0.0,0.0,300092.0,31.38,-141041.0,-14.75,-159052.0,-16.63,200.0,1.186,1.187,55311000.0,65654157,65654157,2026-08-04,2026-08-04 16:11:45+08:00
516130,消费龙头ETF华宝,0.696,0.6942,-0.26,-0.01,-1.42,185083.0,12897907.0,0.701,0.71,0.693,0.706,2.41,1.19,0.83,12.71,65817.0,119266.0,-1091849.0,-8.47,-943962.0,-7.32,-147887.0,-1.15,559814.0,4.34,532035.0,4.12,-1807.0,0.695,0.696,1548890000.0,1078027440,1078027440,2026-08-04,2026-08-04 16:11:52+08:00
159525,红利低波ETF富国,1.099,1.0984,-0.05,-0.016,-1.43,289725.0,31942742.5,1.119,1.12,1.097,1.115,2.06,6.2,1.51,59.62,79836.0,209889.0,12735348.0,39.87,14685929.0,45.98,-1950581.0,-6.11,-10694686.0,-33.48,-2040661.0,-6.39,950.0,1.098,1.099,467243744.0,513500875,513500875,2026-08-04,2026-08-04 15:34:48+08:00
159118,港股通红利低波ETF华夏,0.966,0.969,0.31,-0.014,-1.43,41644.0,4034124.187,0.98,0.98,0.965,0.98,1.53,5.89,1.06,-6.64,12128.0,29516.0,143867.0,3.57,0.0,0.0,143867.0,3.57,-81282.0,-2.01,-62586.0,-1.55,-300.0,0.966,0.967,70677020.0,68274001,68274001,2026-08-04,2026-08-04 15:34:42+08:00
159265,港股消费ETF鹏华,0.828,0.8282,0.02,-0.012,-1.43,97691.0,8107358.4,0.837,0.843,0.826,0.84,2.02,5.49,0.43,7.03,31250.0,66441.0,-1349610.0,-16.65,0.0,0.0,-1349610.0,-16.65,601400.0,7.42,748210.0,9.23,-700.0,0.828,0.829,177950894.0,147343340,147343340,2026-08-04,2026-08-04 15:34:21+08:00
159266,港股央企红利ETF永赢,0.963,0.9622,-0.08,-0.014,-1.43,119078.0,11500275.3,0.977,0.981,0.961,0.977,2.05,3.35,0.76,-31.55,52293.0,66785.0,282444.0,2.46,-1079.0,-0.01,283523.0,2.47,-152252.0,-1.32,-130192.0,-1.13,1.0,0.961,0.963,355710096.0,342548822,342548822,2026-08-04,2026-08-04 15:34:00+08:00
560020,红利ETF汇添富,1.1,1.0971,-0.26,-0.016,-1.43,38488.0,4232749.0,1.109,1.113,1.095,1.116,1.61,2.78,0.83,4.39,17841.0,20647.0,-128327.0,-3.03,-898967.0,-21.24,770640.0,18.21,-156326.0,-3.69,284653.0,6.73,-190.0,1.097,1.1,138562000.0,152418200,152418200,2026-08-04,2026-08-04 16:11:39+08:00
159177,工程机械ETF鹏华,0.965,0.9677,0.28,-0.014,-1.43,66552.0,6425222.2,0.976,0.976,0.961,0.979,1.53,13.41,0.68,-29.64,29445.0,37107.0,353374.0,5.5,0.0,0.0,353374.0,5.5,-332138.0,-5.17,-21237.0,-0.33,-156.0,0.966,0.967,49619279.0,47882604,47882604,2026-08-04,2026-08-04 15:34:00+08:00
515170,食品饮料ETF华夏,0.479,0.4792,0.04,-0.007,-1.44,1947147.0,93690251.0,0.486,0.487,0.478,0.486,1.85,2.18,0.62,-4.28,711223.0,1235924.0,-2920254.0,-3.12,5089420.0,5.43,-8009674.0,-8.55,-20370.0,-0.02,2940624.0,3.14,-19093.0,0.479,0.48,8914757888.0,4270169028,4270169028,2026-08-04,2026-08-04 16:11:52+08:00
520990,港股央企红利ETF景顺,0.959,0.9636,0.48,-0.014,-1.44,1374270.0,132118073.0,0.974,0.974,0.958,0.973,1.64,3.74,1.3,-7.93,478905.0,895365.0,21922275.0,16.59,-2974236.0,-2.25,24896511.0,18.84,-22054104.0,-16.69,131829.0,0.1,-2824.0,0.958,0.959,3675470496.0,3524776206,3524776206,2026-08-04,2026-08-04 16:11:41+08:00
513230,港股通消费ETF华夏,0.89,0.8901,0.01,-0.013,-1.44,204836.0,18295516.0,0.904,0.908,0.89,0.903,1.99,6.37,0.48,-5.49,80510.0,124326.0,-345146.0,-1.89,-592504.0,-3.24,247358.0,1.35,68884.0,0.38,276261.0,1.51,-380.0,0.89,0.891,321422704.0,286066207,286066207,2026-08-04,2026-08-04 16:11:38+08:00
562080,300现金流ETF华宝,0.615,0.614,-0.16,-0.009,-1.44,293896.0,18132493.0,0.626,0.629,0.613,0.624,2.56,4.63,0.63,0.11,145378.0,148518.0,-54040.0,-0.3,984052.0,5.43,-1038092.0,-5.73,-407630.0,-2.25,461671.0,2.55,1664.0,0.615,0.616,634757200.0,390375678,390375678,2026-08-04,2026-08-04 16:11:52+08:00
510060,央企ETF工银,2.606,2.6072,0.05,-0.038,-1.44,1833.0,478167.0,2.622,2.628,2.6,2.644,1.06,0.52,1.28,6.75,621.0,1212.0,158542.0,33.16,0.0,0.0,158542.0,33.16,-82189.0,-17.19,-76353.0,-15.97,-63.0,2.604,2.606,34959200.0,91103675,91103675,2026-08-04,2026-08-04 16:11:52+08:00
159027,畜牧养殖ETF大成,0.886,0.8877,0.19,-0.013,-1.45,63458.0,5636845.791,0.897,0.899,0.885,0.899,1.56,5.36,1.0,-24.71,27309.0,36149.0,89182.0,1.58,892025.0,15.82,-802843.0,-14.24,-91931.0,-1.63,2748.0,0.05,-14.0,0.886,0.887,118472283.0,104966443,104966443,2026-08-04,2026-08-04 15:34:57+08:00
520610,港股红利低波ETF银华,0.949,0.9474,-0.17,-0.014,-1.45,149860.0,14281273.0,0.968,0.968,0.948,0.963,2.08,5.43,1.64,-10.29,71937.0,77923.0,-2228251.0,-15.6,-1244812.0,-8.72,-983439.0,-6.89,-444476.0,-3.11,2672727.0,18.71,-2108.0,0.949,0.95,275963008.0,261888895,261888895,2026-08-04,2026-08-04 16:11:49+08:00
159172,养殖ETF汇添富,0.816,0.8149,-0.13,-0.012,-1.45,108702.0,8887757.734,0.83,0.83,0.813,0.828,2.05,2.69,0.65,60.6,51496.0,57206.0,-1602468.0,-18.03,-277220.0,-3.12,-1325248.0,-14.91,566609.0,6.38,1035858.0,11.65,81.0,0.815,0.816,404829296.0,330340706,330340706,2026-08-04,2026-08-04 15:34:54+08:00
512620,农业ETF天弘,0.875,0.8718,-0.37,-0.013,-1.46,105027.0,9180403.0,0.888,0.888,0.871,0.888,1.91,0.73,1.03,-0.6,75631.0,29396.0,-4154662.0,-45.26,-3773503.0,-41.1,-381159.0,-4.15,3450088.0,37.58,704573.0,7.67,-789.0,0.874,0.875,1430666000.0,1251832750,1251832750,2026-08-04,2026-08-04 16:11:33+08:00
515080,中证红利ETF招商,1.548,1.5469,-0.07,-0.023,-1.46,3337552.0,517333530.0,1.57,1.571,1.543,1.571,1.78,4.32,1.25,-2.91,1030816.0,2306736.0,-37142371.0,-7.18,-1179366.0,-0.23,-35963005.0,-6.95,2273833.0,0.44,34868539.0,6.74,-12601.0,1.547,1.548,7724148992.0,11956982640,11956982640,2026-08-04,2026-08-04 16:11:36+08:00
510880,红利ETF华泰柏瑞,3.237,3.2355,-0.05,-0.048,-1.46,2629161.0,851481257.0,3.28,3.284,3.222,3.285,1.89,3.82,0.82,-0.65,1074051.0,1555110.0,56432983.0,6.63,151819830.0,17.83,-95386847.0,-11.2,-75462412.0,-8.86,19029434.0,2.23,-22647.0,3.237,3.238,6876675584.0,22259798865,22259798865,2026-08-04,2026-08-04 16:11:54+08:00
159281,港股央企红利ETF天弘,0.946,0.9504,0.46,-0.014,-1.46,355601.0,33781888.864,0.96,0.964,0.944,0.96,2.08,14.21,0.72,-66.51,156748.0,198853.0,134113.0,0.4,1237151.0,3.66,-1103038.0,-3.27,-446452.0,-1.32,312338.0,0.92,-18.0,0.946,0.947,250233059.0,236720474,236720474,2026-08-04,2026-08-04 15:34:09+08:00
562900,农业ETF易方达,0.675,0.6738,-0.18,-0.01,-1.46,166566.0,11282480.0,0.684,0.684,0.673,0.685,1.61,7.51,1.05,8.59,75726.0,90840.0,-833627.0,-7.39,-254259.0,-2.25,-579368.0,-5.14,262250.0,2.32,571378.0,5.06,-889.0,0.674,0.675,221706300.0,149651753,149651753,2026-08-04,2026-08-04 16:11:43+08:00
561470,畜牧养殖ETF天弘,1.006,1.0074,0.14,-0.015,-1.47,34730.0,3502977.0,1.013,1.018,1.005,1.021,1.27,5.7,1.01,2.0,18617.0,16113.0,-549451.0,-15.69,0.0,0.0,-549451.0,-15.69,576389.0,16.45,-26937.0,-0.77,2000.0,1.006,1.008,60936000.0,61301616,61301616,2026-08-04,2026-08-04 16:11:47+08:00
515180,红利ETF易方达,1.403,1.4015,-0.11,-0.021,-1.47,5260102.0,738133878.0,1.422,1.423,1.397,1.424,1.83,3.89,1.63,35.71,1624703.0,3635399.0,6205032.0,0.84,26699408.0,3.62,-20494376.0,-2.78,-10512444.0,-1.42,4307412.0,0.58,-14528.0,1.402,1.403,13533637120.0,18987692879,18987692879,2026-08-04,2026-08-04 16:11:48+08:00
159520,消费龙头ETF工银,0.939,0.9387,-0.03,-0.014,-1.47,70035.0,6582022.5,0.952,0.952,0.936,0.953,1.68,4.46,0.61,-7.01,30611.0,39424.0,575097.0,8.74,225522.0,3.43,349575.0,5.31,-761814.0,-11.57,186716.0,2.84,5.0,0.938,0.939,157177649.0,147589812,147589812,2026-08-04,2026-08-04 15:34:03+08:00
159545,恒生红利低波ETF易方达,1.321,1.3219,0.07,-0.02,-1.49,901629.0,119470829.481,1.34,1.346,1.319,1.341,2.01,1.68,0.58,-25.6,364066.0,537563.0,2154808.0,1.8,5640120.0,4.72,-3485312.0,-2.92,-3458117.0,-2.89,1303309.0,1.09,9049.0,1.32,1.321,5356603648.0,7076073419,7076073419,2026-08-04,2026-08-04 15:34:00+08:00
516670,畜牧养殖ETF招商,0.595,0.5947,-0.05,-0.009,-1.49,528478.0,31559799.0,0.601,0.603,0.594,0.604,1.49,1.59,1.02,19.07,220896.0,307582.0,-3061161.0,-9.7,-3817479.0,-12.1,756318.0,2.4,990583.0,3.14,2070580.0,6.56,-10477.0,0.595,0.596,3322266304.0,1976748451,1976748451,2026-08-04,2026-08-04 16:11:57+08:00
561400,畜牧养殖ETF鑫元,0.986,0.9877,0.17,-0.015,-1.5,142218.0,14057551.0,0.993,1.001,0.983,1.001,1.8,11.7,0.13,-13.75,82873.0,59346.0,389958.0,2.77,22153.0,0.16,367805.0,2.62,-507191.0,-3.61,117232.0,0.83,-1030.0,0.986,0.987,121519000.0,119817734,119817734,2026-08-04,2026-08-04 16:11:48+08:00
515890,红利ETF博时,1.44,1.4402,0.01,-0.022,-1.5,32123.0,4632774.0,1.459,1.461,1.436,1.462,1.71,0.94,0.77,-4.31,10646.0,21477.0,563524.0,12.16,858310.0,18.53,-294786.0,-6.36,-942408.0,-20.34,378884.0,8.18,-80.0,1.44,1.444,343443904.0,494559222,494559222,2026-08-04,2026-08-04 16:11:44+08:00
159085,价值ETF永赢,1.036,1.0389,0.28,-0.016,-1.52,39359.0,4089322.791,1.049,1.05,1.035,1.052,1.43,5.92,0.45,80.6,7948.0,31411.0,636444.0,15.56,412281.0,10.08,224163.0,5.48,-511665.0,-12.51,-124779.0,-3.05,510.0,1.036,1.04,66535454.0,68930730,68930730,2026-08-04,2026-08-04 15:34:36+08:00
560210,农牧渔ETF景顺,0.78,0.7797,-0.04,-0.012,-1.52,65415.0,5113044.0,0.787,0.79,0.778,0.792,1.52,1.23,0.89,8.23,18494.0,46921.0,-220309.0,-4.31,-805139.0,-15.75,584830.0,11.44,-119292.0,-2.33,339600.0,6.64,-32.0,0.779,0.78,531522000.0,414587160,414587160,2026-08-04,2026-08-04 16:11:53+08:00
159011,养殖ETF华安,1.035,1.0367,0.16,-0.016,-1.52,36528.0,3796978.0,1.051,1.051,1.035,1.051,1.52,10.29,0.7,83.33,16274.0,20254.0,71425.0,1.88,0.0,0.0,71425.0,1.88,-138825.0,-3.66,67400.0,1.78,-1.0,1.035,1.038,35505168.0,36747849,36747849,2026-08-04,2026-08-04 15:34:51+08:00
560030,800价值ETF汇添富,1.295,1.2967,0.13,-0.02,-1.52,623.0,80793.0,1.302,1.302,1.294,1.315,0.61,0.25,0.12,11.26,111.0,512.0,9511.0,11.77,0.0,0.0,9511.0,11.77,-6480.0,-8.02,-3031.0,-3.75,-1.0,1.295,1.3,24432000.0,31639440,31639440,2026-08-04,2026-08-04 16:11:57+08:00
562510,旅游ETF华夏,0.582,0.5817,-0.05,-0.009,-1.52,749236.0,43728395.0,0.592,0.592,0.58,0.591,2.03,7.09,0.9,6.5,221626.0,527610.0,-3157184.0,-7.22,-2640834.0,-6.04,-516350.0,-1.18,1070379.0,2.45,2086805.0,4.77,-1123.0,0.582,0.583,1057095008.0,615229295,615229295,2026-08-04,2026-08-04 16:11:36+08:00
561580,央企红利ETF华泰柏瑞,1.224,1.2225,-0.12,-0.019,-1.53,1046496.0,128426622.0,1.24,1.242,1.221,1.243,1.69,4.66,1.08,37.34,332492.0,714004.0,-977402.0,-0.76,-3195432.0,-2.49,2218030.0,1.73,3610103.0,2.81,-2632701.0,-2.05,-5100.0,1.224,1.225,2246370704.0,2749557742,2749557742,2026-08-04,2026-08-04 16:11:41+08:00
159070,工程机械ETF嘉实,0.962,0.9653,0.34,-0.015,-1.54,47372.0,4567233.581,0.972,0.972,0.96,0.977,1.23,4.22,0.92,9.78,19766.0,27606.0,223438.0,4.89,437340.0,9.58,-213902.0,-4.68,-381588.0,-8.35,158151.0,3.46,-100.0,0.963,0.966,112366883.0,108096941,108096941,2026-08-04,2026-08-04 15:34:30+08:00
159719,国企ETF平安,1.602,1.6007,-0.08,-0.025,-1.54,42795.0,6851272.2,1.617,1.621,1.597,1.627,1.48,15.74,1.89,-14.16,24640.0,18155.0,1039468.0,15.17,1600419.0,23.36,-560951.0,-8.19,-1160099.0,-16.93,120630.0,1.76,-3.0,1.602,1.608,27195986.0,43567970,43567970,2026-08-04,2026-08-04 15:34:00+08:00
510630,消费ETF华夏,0.831,0.8302,-0.1,-0.013,-1.54,986626.0,82106723.0,0.837,0.843,0.829,0.844,1.66,15.48,1.21,-1.02,285268.0,701358.0,2049829.0,2.5,9213227.0,11.22,-7163398.0,-8.72,-3514163.0,-4.28,1464334.0,1.78,-2326.0,0.83,0.831,637361504.0,529647410,529647410,2026-08-04,2026-08-04 16:11:36+08:00
515710,食品饮料ETF华宝,0.512,0.5122,0.04,-0.008,-1.54,528548.0,27182054.0,0.52,0.52,0.511,0.52,1.73,2.24,0.83,12.38,254239.0,274309.0,-1587234.0,-5.84,1861223.0,6.85,-3448457.0,-12.69,811988.0,2.99,775247.0,2.85,-2087.0,0.511,0.512,2363599808.0,1210163102,1210163102,2026-08-04,2026-08-04 16:11:46+08:00
159940,金融地产ETF广发,1.207,1.2072,0.02,-0.019,-1.55,52769.0,6384813.2,1.226,1.226,1.205,1.226,1.71,1.75,0.17,-78.84,5333.0,47436.0,381843.0,5.98,3338944.0,52.3,-2957101.0,-46.31,-394592.0,-6.18,12748.0,0.2,2.0,1.206,1.208,301059984.0,363379401,363379401,2026-08-04,2026-08-04 15:34:00+08:00
520890,港股通红利低波ETF华泰柏瑞,1.328,1.3287,0.05,-0.021,-1.56,114612.0,15303186.0,1.351,1.351,1.327,1.349,1.78,15.08,0.56,9.56,52234.0,62378.0,726660.0,4.75,0.0,0.0,726660.0,4.75,-650968.0,-4.25,-75692.0,-0.49,-26.0,1.328,1.329,76008000.0,100938624,100938624,2026-08-04,2026-08-04 16:11:50+08:00
512690,酒ETF鹏华,0.441,0.441,0.0,-0.007,-1.56,15060182.0,666472927.0,0.446,0.448,0.44,0.448,1.79,4.58,0.78,8.85,5527558.0,9532624.0,-38334828.0,-5.75,1425632.0,0.21,-39760460.0,-5.97,19595010.0,2.94,18739819.0,2.81,-263073.0,0.44,0.441,32879950336.0,14500058098,14500058098,2026-08-04,2026-08-04 16:11:49+08:00
159399,现金流ETF国泰,1.01,1.011,0.1,-0.016,-1.56,1384728.0,140536134.789,1.026,1.028,1.009,1.026,1.85,2.95,0.66,32.7,545435.0,839293.0,-5559515.0,-3.96,-3150553.0,-2.24,-2408962.0,-1.71,941830.0,0.67,4617685.0,3.29,-3776.0,1.01,1.011,4700194816.0,4747196764,4747196764,2026-08-04,2026-08-04 15:34:33+08:00
159117,港股通红利低波ETF鹏华,1.012,1.0134,0.14,-0.016,-1.56,39242.0,3988479.172,1.028,1.028,1.011,1.028,1.65,6.39,1.08,-0.5,22469.0,16773.0,519225.0,13.02,0.0,0.0,519225.0,13.02,-600880.0,-15.07,81656.0,2.05,100.0,1.01,1.012,61401153.0,62137967,62137967,2026-08-04,2026-08-04 15:34:24+08:00
513530,港股通红利ETF华泰柏瑞,1.58,1.5821,0.13,-0.025,-1.56,1605104.0,255231463.0,1.606,1.611,1.579,1.605,1.99,5.94,0.93,-63.68,639851.0,965253.0,-28303743.0,-11.09,-14163497.0,-5.55,-14140246.0,-5.54,4710758.0,1.85,23592985.0,9.24,-5746.0,1.579,1.58,2700438704.0,4266693152,4266693152,2026-08-04,2026-08-04 16:11:41+08:00
530880,红利国企ETF银河,1.063,1.0647,0.16,-0.017,-1.57,17544.0,1867254.0,1.074,1.075,1.057,1.08,1.67,4.24,0.85,10.41,10442.0,7102.0,151251.0,8.1,0.0,0.0,151251.0,8.1,-147614.0,-7.91,-3638.0,-0.19,388.0,1.063,1.064,41336000.0,43940168,43940168,2026-08-04,2026-08-04 16:12:00+08:00
513690,港股红利ETF博时,1.123,1.1295,0.58,-0.018,-1.58,2540299.0,286479086.0,1.143,1.145,1.122,1.141,2.02,6.87,0.92,-15.22,830771.0,1709528.0,44785257.0,15.63,19616722.0,6.85,25168535.0,8.79,-40094593.0,-14.0,-4690664.0,-1.64,-1857.0,1.123,1.124,3695979904.0,4150585432,4150585432,2026-08-04,2026-08-04 16:11:47+08:00
159037,价值ETF鹏华,0.999,1.0026,0.36,-0.016,-1.58,28836.0,2884929.522,1.007,1.035,0.999,1.015,3.55,2.97,0.23,-40.89,6976.0,21859.0,519406.0,18.0,-530828.0,-18.4,1050234.0,36.4,-557038.0,-19.31,37633.0,1.3,-550.0,0.999,1.001,97249832.0,97152582,97152582,2026-08-04,2026-08-04 15:34:06+08:00
513920,港股通央企红利ETF华安,1.553,1.5583,0.34,-0.025,-1.58,763298.0,118990792.0,1.578,1.585,1.551,1.578,2.15,2.81,0.85,-8.77,310372.0,452926.0,14138140.0,11.88,7683813.0,6.46,6454327.0,5.42,-3175624.0,-2.67,-10962515.0,-9.21,-6494.0,1.552,1.553,2718231008.0,4221412755,4221412755,2026-08-04,2026-08-04 16:11:33+08:00
159928,消费ETF汇添富,0.679,0.6786,-0.06,-0.011,-1.59,6833281.0,465333176.938,0.69,0.69,0.678,0.69,1.74,2.93,1.01,24.96,2342766.0,4490515.0,-14289098.0,-3.07,-775719.0,-0.17,-13513379.0,-2.9,8074624.0,1.74,6214473.0,1.34,54335.0,0.678,0.679,23340628992.0,15848287086,15848287086,2026-08-04,2026-08-04 15:34:18+08:00
159542,工程机械ETF大成,1.361,1.3652,0.31,-0.022,-1.59,5195.0,709644.3,1.384,1.384,1.356,1.383,2.02,3.04,0.15,41.77,1821.0,3374.0,-40713.0,-5.74,-221282.0,-31.18,180569.0,25.45,-192222.0,-27.09,232934.0,32.82,-1.0,1.362,1.366,17092850.0,23263369,23263369,2026-08-04,2026-08-04 15:34:57+08:00
562060,标普A股红利ETF华宝,0.619,0.6183,-0.11,-0.01,-1.59,597687.0,37130638.0,0.63,0.63,0.618,0.629,1.91,1.1,0.75,1.07,248829.0,348858.0,500752.0,1.35,3025123.0,8.15,-2524371.0,-6.8,-1112163.0,-3.0,611412.0,1.65,-722.0,0.618,0.619,5452792576.0,3375278605,3375278605,2026-08-04,2026-08-04 16:11:46+08:00
159798,消费ETF易方达,0.868,0.8674,-0.07,-0.014,-1.59,289634.0,25195073.6,0.883,0.883,0.866,0.882,1.93,14.46,0.76,46.14,110921.0,178713.0,903921.0,3.59,6462363.0,25.65,-5558442.0,-22.06,-1402209.0,-5.57,498289.0,1.98,-1427.0,0.868,0.869,200245390.0,173812999,173812999,2026-08-04,2026-08-04 15:34:39+08:00
159302,港股高股息ETF银华,1.301,1.3045,0.27,-0.021,-1.59,78908.0,10316162.4,1.33,1.33,1.301,1.322,2.19,13.65,1.36,-5.52,42476.0,36432.0,-357023.0,-3.46,0.0,0.0,-357023.0,-3.46,469324.0,4.55,-112299.0,-1.09,-1.0,1.301,1.304,57797609.0,75194689,75194689,2026-08-04,2026-08-04 15:34:42+08:00
159007,养殖ETF华泰柏瑞,0.861,0.8612,0.02,-0.014,-1.6,190552.0,16429725.3,0.872,0.875,0.86,0.875,1.71,9.89,1.08,60.43,85959.0,104593.0,-135857.0,-0.83,-401554.0,-2.44,265697.0,1.62,-3485.0,-0.02,139342.0,0.85,-42.0,0.861,0.862,192603274.0,165831419,165831419,2026-08-04,2026-08-04 15:34:51+08:00
159277,港股通红利ETF富国,0.981,0.9783,-0.28,-0.016,-1.6,86080.0,8449651.668,0.997,0.999,0.977,0.997,2.21,21.76,1.52,-9.37,46941.0,39139.0,3665.0,0.04,977973.0,11.57,-974308.0,-11.53,40685.0,0.48,-44351.0,-0.52,-87.0,0.981,0.982,39557011.0,38805428,38805428,2026-08-04,2026-08-04 15:34:06+08:00
517550,沪港深消费龙头ETF招商,0.672,0.6755,0.52,-0.011,-1.61,50898.0,3427111.0,0.683,0.683,0.671,0.683,1.76,5.99,0.69,-2.66,20500.0,30398.0,215567.0,6.29,0.0,0.0,215567.0,6.29,-241295.0,-7.04,25728.0,0.75,-2986.0,0.672,0.673,84917400.0,57064493,57064493,2026-08-04,2026-08-04 16:11:41+08:00
560330,沪深300价值ETF申万菱信,1.226,1.2244,-0.13,-0.02,-1.61,17391.0,2134389.0,1.24,1.242,1.223,1.246,1.52,10.15,3.16,10.11,2002.0,15389.0,985672.0,46.18,0.0,0.0,985672.0,46.18,-718269.0,-33.65,-267402.0,-12.53,10.0,1.223,1.226,17130000.0,21001380,21001380,2026-08-04,2026-08-04 16:11:44+08:00
513140,港股通金融ETF华泰柏瑞,1.706,1.7043,-0.1,-0.028,-1.61,354351.0,60826326.0,1.726,1.746,1.703,1.734,2.48,43.02,0.94,-22.83,153193.0,201158.0,876397.0,1.44,-2455771.0,-4.04,3332168.0,5.48,-894163.0,-1.47,17766.0,0.03,-317.0,1.705,1.706,82368000.0,140519808,140519808,2026-08-04,2026-08-04 16:11:34+08:00
563700,红利价值ETF易方达,1.04,1.0384,-0.15,-0.017,-1.61,76300.0,7938886.0,1.055,1.055,1.038,1.057,1.61,1.9,1.32,2.15,19176.0,57124.0,2246806.0,28.3,2267394.0,28.56,-20588.0,-0.26,-821233.0,-10.34,-1425573.0,-17.96,-152.0,1.038,1.04,401150000.0,417196000,417196000,2026-08-04,2026-08-04 16:11:39+08:00
520550,港股红利低波ETF招商,1.098,1.0973,-0.06,-0.018,-1.61,604003.0,66604817.0,1.119,1.119,1.098,1.116,1.88,5.29,0.95,-58.43,214664.0,389339.0,-2185790.0,-3.28,-2229328.0,-3.35,43538.0,0.07,-2106093.0,-3.16,4291882.0,6.44,-1939.0,1.098,1.099,1142024000.0,1253942352,1253942352,2026-08-04,2026-08-04 16:11:51+08:00
516440,工程机械ETF南方,0.968,0.9708,0.29,-0.016,-1.63,73934.0,7200420.0,0.984,0.987,0.965,0.984,2.24,4.86,0.69,-0.19,28925.0,45009.0,-463909.0,-6.44,-1464058.0,-20.33,1000149.0,13.89,250414.0,3.48,213496.0,2.97,2230.0,0.97,0.974,152126600.0,147258549,147258549,2026-08-04,2026-08-04 16:11:39+08:00
517180,中国国企ETF南方,1.506,1.5058,-0.01,-0.025,-1.63,78205.0,11795356.0,1.532,1.532,1.501,1.531,2.02,7.28,0.96,17.07,34517.0,43688.0,1303017.0,11.05,0.0,0.0,1303017.0,11.05,-633984.0,-5.37,-669034.0,-5.67,-287.0,1.503,1.506,107496300.0,161889428,161889428,2026-08-04,2026-08-04 16:11:46+08:00
159332,央企红利ETF富国,1.196,1.1952,-0.07,-0.02,-1.64,56890.0,6811465.8,1.215,1.215,1.193,1.216,1.81,5.83,1.18,84.1,29455.0,27435.0,-1317597.0,-19.34,-360200.0,-5.29,-957397.0,-14.06,1346391.0,19.77,-28795.0,-0.42,18.0,1.195,1.197,97521477.0,116635686,116635686,2026-08-04,2026-08-04 15:34:54+08:00
159867,养殖ETF鹏华,0.54,0.539,-0.19,-0.009,-1.64,511423.0,27640344.7,0.546,0.547,0.538,0.549,1.64,3.03,1.02,36.33,195848.0,315575.0,-4574095.0,-16.55,-2508543.0,-9.08,-2065552.0,-7.47,2826093.0,10.22,1748002.0,6.32,1482.0,0.539,0.54,1688643600.0,911867544,911867544,2026-08-04,2026-08-04 15:34:03+08:00
513910,港股通央企红利ETF华夏,1.537,1.5436,0.43,-0.026,-1.66,776205.0,119897579.0,1.564,1.57,1.536,1.563,2.18,3.62,0.64,53.89,288873.0,487332.0,5813530.0,4.85,-2433415.0,-2.03,8246945.0,6.88,-3395393.0,-2.83,-2418139.0,-2.02,-2006.0,1.536,1.537,2142276000.0,3292678212,3292678212,2026-08-04,2026-08-04 16:11:54+08:00
159127,港股通红利ETF南方,0.946,0.9483,0.24,-0.016,-1.66,89031.0,8469525.639,0.963,0.966,0.945,0.962,2.18,5.32,0.61,33.71,32056.0,56975.0,529433.0,6.25,947785.0,11.19,-418352.0,-4.94,-502542.0,-5.93,-26891.0,-0.32,168.0,0.945,0.946,167344268.0,158307678,158307678,2026-08-04,2026-08-04 15:34:57+08:00
159042,价值ETF汇添富,1.002,1.004,0.2,-0.017,-1.67,73618.0,7412572.345,1.017,1.02,1.002,1.019,1.77,5.81,0.43,-57.54,27926.0,45692.0,593529.0,8.01,1947818.0,26.28,-1354289.0,-18.27,-628661.0,-8.48,35131.0,0.47,-261.0,1.002,1.003,126801105.0,127054707,127054707,2026-08-04,2026-08-04 15:34:15+08:00
560520,红利低波100ETF大成,1.122,1.1191,-0.26,-0.019,-1.67,7078.0,793708.0,1.13,1.13,1.12,1.141,0.88,1.11,1.53,3.68,510.0,6568.0,-37753.0,-4.76,0.0,0.0,-37753.0,-4.76,11500.0,1.45,26253.0,3.31,-87.0,1.119,1.122,63751000.0,71528622,71528622,2026-08-04,2026-08-04 16:11:42+08:00
560920,工程机械ETF招商,0.998,1.0008,0.28,-0.017,-1.67,52862.0,5283532.0,1.013,1.013,0.993,1.015,1.97,10.09,1.05,-33.84,26369.0,26493.0,-71909.0,-1.36,-465084.0,-8.8,393175.0,7.44,60102.0,1.14,11806.0,0.22,-500.0,1.0,1.003,52373300.0,52268553,52268553,2026-08-04,2026-08-04 16:11:59+08:00
159689,消费ETF南方,0.648,0.6469,-0.17,-0.011,-1.67,71764.0,4657543.2,0.658,0.659,0.646,0.659,1.97,8.14,0.85,63.0,26711.0,45053.0,-454718.0,-9.76,38496.0,0.83,-493214.0,-10.59,222414.0,4.78,232303.0,4.99,200.0,0.647,0.648,88147787.0,57119766,57119766,2026-08-04,2026-08-04 15:34:57+08:00
159333,港股央企红利ETF万家,1.342,1.3481,0.45,-0.023,-1.68,85200.0,11505031.2,1.37,1.372,1.342,1.365,2.2,3.96,1.15,-17.69,35396.0,49804.0,-187439.0,-1.63,-1352457.0,-11.76,1165018.0,10.13,-134615.0,-1.17,322054.0,2.8,-183.0,1.342,1.343,214952835.0,288466705,288466705,2026-08-04,2026-08-04 15:34:48+08:00
159041,农业ETF鹏华,0.995,0.9979,0.29,-0.017,-1.68,34705.0,3465987.979,1.012,1.012,0.995,1.012,1.68,3.52,0.31,22.27,17271.0,17434.0,-237453.0,-6.85,589410.0,17.01,-826863.0,-23.86,46574.0,1.34,190878.0,5.51,-284.0,0.995,0.996,98471832.0,97979473,97979473,2026-08-04,2026-08-04 15:34:12+08:00
159670,消费50ETF国联安,0.877,0.8773,0.03,-0.015,-1.68,22661.0,1993943.9,0.887,0.89,0.876,0.892,1.57,4.07,0.38,27.39,10260.0,12401.0,217514.0,10.91,0.0,0.0,217514.0,10.91,-256496.0,-12.86,38982.0,1.96,-50.0,0.877,0.878,55706921.0,48854970,48854970,2026-08-04,2026-08-04 15:34:48+08:00
513820,港股通红利ETF汇添富,1.223,1.229,0.49,-0.021,-1.69,599380.0,73799245.0,1.245,1.249,1.223,1.244,2.09,3.27,0.74,-18.6,218456.0,380924.0,13093227.0,17.74,-373877.0,-0.51,13467104.0,18.25,-12674217.0,-17.17,-419009.0,-0.57,-1528.0,1.223,1.224,1835169008.0,2244411697,2244411697,2026-08-04,2026-08-04 16:11:35+08:00
159307,红利低波100ETF博时,1.046,1.0459,-0.01,-0.018,-1.69,1129916.0,118594500.6,1.062,1.065,1.045,1.064,1.88,1.58,0.95,32.49,419728.0,710188.0,-29702251.0,-25.05,-4945429.0,-4.17,-24756822.0,-20.88,16376934.0,13.81,13325318.0,11.24,-3070.0,1.046,1.047,7141903616.0,7470431182,7470431182,2026-08-04,2026-08-04 15:34:36+08:00
512600,消费ETF嘉实,0.583,0.5821,-0.15,-0.01,-1.69,626235.0,36788349.0,0.591,0.593,0.581,0.593,2.02,3.64,1.45,21.79,381899.0,244336.0,249291.0,0.68,4575076.0,12.44,-4325785.0,-11.76,-897078.0,-2.44,647786.0,1.76,-4001.0,0.582,0.583,1722056096.0,1003958704,1003958704,2026-08-04,2026-08-04 16:11:39+08:00
159023,养殖ETF万家,1.042,1.0423,0.03,-0.018,-1.7,36126.0,3773220.06,1.06,1.06,1.04,1.06,1.89,9.08,0.66,24.83,20631.0,15495.0,-5618.0,-0.15,0.0,0.0,-5618.0,-0.15,-36269.0,-0.96,41888.0,1.11,-1.0,1.042,1.044,39777943.0,41448617,41448617,2026-08-04,2026-08-04 15:34:09+08:00
513950,恒生红利ETF富国,1.271,1.2709,-0.01,-0.022,-1.7,329682.0,42104316.0,1.293,1.295,1.27,1.293,1.93,1.3,1.07,-18.87,132908.0,196774.0,-6569188.0,-15.6,-3688526.0,-8.76,-2880662.0,-6.84,1037951.0,2.47,5531237.0,13.14,-993.0,1.27,1.271,2528619008.0,3213874759,3213874759,2026-08-04,2026-08-04 16:11:40+08:00
159549,红利低波ETF天弘,1.21,1.2089,-0.09,-0.021,-1.71,125650.0,15237679.5,1.231,1.231,1.208,1.231,1.87,0.25,0.94,-42.37,49706.0,75944.0,-3294229.0,-21.62,-3461180.0,-22.71,166951.0,1.1,1317826.0,8.65,1976403.0,12.97,-180.0,1.21,1.211,5048523776.0,6108713769,6108713769,2026-08-04,2026-08-04 15:34:57+08:00
560680,消费ETF广发,0.747,0.745,-0.27,-0.013,-1.71,256799.0,19187286.0,0.754,0.759,0.744,0.76,1.97,7.24,0.82,13.46,88635.0,168164.0,-1756589.0,-9.15,228329.0,1.19,-1984918.0,-10.34,416126.0,2.17,1340464.0,6.99,-2148.0,0.746,0.747,354725600.0,264980023,264980023,2026-08-04,2026-08-04 16:11:57+08:00
515480,红利低波100ETF南方,1.086,1.0832,-0.26,-0.019,-1.72,41531.0,4513043.0,1.105,1.105,1.084,1.105,1.9,14.65,0.61,7.06,13790.0,27740.0,-377489.0,-8.36,0.0,0.0,-377489.0,-8.36,178442.0,3.95,199047.0,4.41,-69.0,1.084,1.086,28340700.0,30778000,30778000,2026-08-04,2026-08-04 16:11:53+08:00
513630,港股低波红利ETF摩根,1.587,1.5947,0.48,-0.028,-1.73,2348996.0,374589965.0,1.615,1.62,1.585,1.615,2.17,3.0,0.61,-32.32,801328.0,1547668.0,21190712.0,5.66,24616468.0,6.57,-3425756.0,-0.91,-19343197.0,-5.16,-1847514.0,-0.49,-3217.0,1.587,1.588,7822359040.0,12414083796,12414083796,2026-08-04,2026-08-04 16:11:33+08:00
517090,央企共赢ETF国泰,1.592,1.591,-0.06,-0.028,-1.73,36389.0,5818847.0,1.62,1.62,1.589,1.62,1.91,6.38,1.16,63.68,16968.0,19421.0,123861.0,2.13,0.0,0.0,123861.0,2.13,-40308.0,-0.69,-83552.0,-1.44,-189.0,1.591,1.592,57075000.0,90863400,90863400,2026-08-04,2026-08-04 16:12:00+08:00
516810,农业ETF华夏,0.737,0.7367,-0.04,-0.013,-1.73,784170.0,57842874.0,0.743,0.748,0.735,0.75,1.73,14.89,0.77,5.89,388760.0,395410.0,-1942248.0,-3.36,-77049.0,-0.13,-1865199.0,-3.22,559299.0,0.97,1382949.0,2.39,-2752.0,0.737,0.738,526478896.0,388014946,388014946,2026-08-04,2026-08-04 16:11:53+08:00
560570,A500红利ETF国联安,1.02,1.0177,-0.23,-0.018,-1.73,434088.0,44298427.0,1.033,1.037,1.017,1.038,1.93,3.39,1.92,1.53,158690.0,275398.0,951922.0,2.15,-9194423.0,-20.76,10146345.0,22.9,-1806124.0,-4.08,854201.0,1.93,-355.0,1.017,1.02,1279541200.0,1305132024,1305132024,2026-08-04,2026-08-04 16:11:45+08:00
159268,港股通消费ETF汇添富,0.797,0.7996,0.33,-0.014,-1.73,952281.0,76106889.3,0.814,0.815,0.795,0.811,2.47,21.89,2.2,-35.93,351199.0,601082.0,-4278538.0,-5.62,-20745663.0,-27.26,16467125.0,21.64,3010324.0,3.96,1268212.0,1.67,-548.0,0.797,0.798,435055024.0,346738854,346738854,2026-08-04,2026-08-04 15:34:03+08:00
159931,金融地产ETF汇添富,1.852,1.8563,0.23,-0.033,-1.75,1209.0,224875.2,1.881,1.883,1.852,1.885,1.64,0.68,0.34,10.16,14.0,1195.0,10748.0,4.78,0.0,0.0,10748.0,4.78,121858.0,54.19,-132606.0,-58.97,-1.0,1.852,1.859,17828511.0,33018402,33018402,2026-08-04,2026-08-04 15:34:21+08:00
159207,高股息ETF广发,1.171,1.173,0.17,-0.021,-1.76,1509261.0,177665664.1,1.19,1.195,1.171,1.192,2.01,7.3,1.3,-12.7,499431.0,1009830.0,49096264.0,27.63,61973507.0,34.88,-12877243.0,-7.25,-43265171.0,-24.35,-5831093.0,-3.28,-2432.0,1.171,1.172,2067983344.0,2421608496,2421608496,2026-08-04,2026-08-04 15:34:21+08:00
561320,交运ETF国泰,0.949,0.9507,0.18,-0.017,-1.76,38769.0,3692278.0,0.969,0.969,0.948,0.966,2.17,7.55,0.7,-18.16,9815.0,28954.0,653074.0,17.69,889959.0,24.1,-236885.0,-6.42,-443827.0,-12.02,-209247.0,-5.67,-10.0,0.949,0.95,51369000.0,48749181,48749181,2026-08-04,2026-08-04 16:11:37+08:00
560720,红利低波100ETF工银,1.002,1.0026,0.06,-0.018,-1.76,64681.0,6503442.0,1.016,1.016,1.001,1.02,1.47,5.96,0.42,28.14,30964.0,33717.0,1139016.0,17.51,621090.0,9.55,517926.0,7.96,-1073950.0,-16.51,-65066.0,-1.0,266.0,1.002,1.003,108548000.0,108765096,108765096,2026-08-04,2026-08-04 16:11:44+08:00
159188,红利100ETF景顺,0.944,0.945,0.11,-0.017,-1.77,7722.0,730682.2,0.961,0.961,0.943,0.961,1.87,1.09,0.6,-11.93,2396.0,5326.0,17352.0,2.37,38159.0,5.22,-20807.0,-2.85,-101097.0,-13.84,83745.0,11.46,40.0,0.943,0.944,70601882.0,66648177,66648177,2026-08-04,2026-08-04 15:34:12+08:00
563590,A500红利低波动ETF国寿,0.998,0.9965,-0.15,-0.018,-1.77,30737.0,3063856.0,1.011,1.011,0.995,1.016,1.57,4.66,3.38,32.04,2960.0,27777.0,2979138.0,97.23,1003320.0,32.75,1975818.0,64.49,-2986640.0,-97.48,7502.0,0.24,12.0,0.996,1.0,65944400.0,65812511,65812511,2026-08-04,2026-08-04 16:11:48+08:00
563890,国企红利ETF创金合信,1.054,1.0538,-0.02,-0.019,-1.77,5400.0,569182.0,1.066,1.069,1.052,1.073,1.58,2.13,1.0,19.43,2280.0,3120.0,19009.0,3.34,0.0,0.0,19009.0,3.34,-25173.0,-4.42,6163.0,1.08,10.0,1.053,1.058,25336000.0,26704144,26704144,2026-08-04,2026-08-04 16:11:47+08:00
562320,沪深300价值ETF银华,1.323,1.3246,0.12,-0.024,-1.78,85031.0,11281997.0,1.341,1.341,1.321,1.347,1.48,13.23,1.19,-13.89,30828.0,54203.0,4075446.0,36.12,0.0,0.0,4075446.0,36.12,-4148006.0,-36.77,72560.0,0.64,-64.0,1.323,1.324,64295500.0,85062947,85062947,2026-08-04,2026-08-04 16:11:43+08:00
159263,价值ETF易方达,1.149,1.1508,0.16,-0.021,-1.79,3414683.0,393318977.326,1.17,1.17,1.148,1.17,1.88,5.8,1.24,-11.52,1145484.0,2269199.0,-3558701.0,-0.9,86245061.0,21.93,-89803762.0,-22.83,-3756097.0,-0.95,7314798.0,1.86,7283.0,1.148,1.149,5892105216.0,6770028893,6770028893,2026-08-04,2026-08-04 15:34:18+08:00
561060,国企红利ETF华安,1.152,1.1532,0.1,-0.021,-1.79,13124.0,1513568.0,1.166,1.166,1.151,1.173,1.28,2.41,0.92,0.46,6628.0,6496.0,55704.0,3.68,576145.0,38.07,-520441.0,-34.39,-14926.0,-0.99,-40778.0,-2.69,-15.0,1.152,1.156,54565000.0,62858880,62858880,2026-08-04,2026-08-04 16:11:51+08:00
159666,交通运输ETF华夏,0.984,0.9854,0.14,-0.018,-1.8,199618.0,19719248.5,0.996,1.0,0.984,1.002,1.6,17.23,0.82,73.08,88968.0,110650.0,555822.0,2.82,1973000.0,10.01,-1417178.0,-7.19,376499.0,1.91,-932322.0,-4.73,-108.0,0.984,0.985,115832905.0,113979579,113979579,2026-08-04,2026-08-04 15:34:21+08:00
515300,300红利低波ETF嘉实,1.312,1.3112,-0.06,-0.024,-1.8,986617.0,129714737.0,1.332,1.335,1.31,1.336,1.87,2.61,1.03,-36.31,337373.0,649244.0,-8989610.0,-6.93,24214242.0,18.67,-33203852.0,-25.6,4556626.0,3.51,4432983.0,3.42,-203.0,1.312,1.313,3780175200.0,4959589862,4959589862,2026-08-04,2026-08-04 16:11:47+08:00
515650,消费50ETF富国,1.081,1.0813,0.03,-0.02,-1.82,2127452.0,230475493.0,1.096,1.1,1.078,1.101,2.0,6.47,1.76,14.21,721160.0,1406293.0,53080703.0,23.03,66327981.0,28.78,-13247278.0,-5.75,-29054616.0,-12.61,-24026087.0,-10.42,-2012.0,1.081,1.082,3287184000.0,3553445904,3553445904,2026-08-04,2026-08-04 16:11:54+08:00
563510,A500红利低波ETF易方达,1.017,1.0153,-0.17,-0.019,-1.83,129830.0,13227230.0,1.035,1.036,1.015,1.036,2.03,4.13,0.98,24.95,49870.0,79960.0,303960.0,2.3,1073109.0,8.11,-769149.0,-5.81,-664929.0,-5.03,360969.0,2.73,-610.0,1.017,1.018,314537008.0,319884137,319884137,2026-08-04,2026-08-04 16:11:33+08:00
159672,消费ETF博时,0.643,0.6427,-0.05,-0.012,-1.83,92006.0,5942120.8,0.654,0.654,0.642,0.655,1.83,7.08,1.03,39.19,30014.0,61992.0,-143695.0,-2.42,-48107.0,-0.81,-95588.0,-1.61,-71502.0,-1.2,215197.0,3.62,-473.0,0.643,0.645,129887409.0,83517604,83517604,2026-08-04,2026-08-04 15:34:54+08:00
159569,港股红利低波ETF景顺,1.382,1.3803,-0.12,-0.026,-1.85,371813.0,51633358.122,1.405,1.411,1.38,1.408,2.2,9.99,0.76,34.58,153856.0,217957.0,-2103665.0,-4.07,-2940932.0,-5.7,837267.0,1.62,1413792.0,2.74,689873.0,1.34,564.0,1.381,1.382,372147248.0,514307497,514307497,2026-08-04,2026-08-04 15:34:39+08:00
515100,红利低波100ETF景顺,1.436,1.4351,-0.06,-0.027,-1.85,1031099.0,148620282.0,1.46,1.462,1.435,1.463,1.85,2.51,0.82,0.95,454486.0,576613.0,-8190801.0,-5.51,1450982.0,0.98,-9641783.0,-6.49,-1854433.0,-1.25,10045234.0,6.76,-1949.0,1.435,1.436,4114941504.0,5909056000,5909056000,2026-08-04,2026-08-04 16:11:40+08:00
159512,汽车ETF广发,1.109,1.1069,-0.19,-0.021,-1.86,225946.0,25069384.3,1.129,1.129,1.103,1.13,2.3,22.31,0.86,68.31,86288.0,139658.0,2226286.0,8.88,3653756.0,14.57,-1427470.0,-5.69,-2594757.0,-10.35,368472.0,1.47,-2016.0,1.109,1.11,101264855.0,112302724,112302724,2026-08-04,2026-08-04 15:34:54+08:00
159355,800红利低波ETF华宝,1.052,1.0553,0.31,-0.02,-1.87,42096.0,4467246.6,1.071,1.071,1.052,1.072,1.77,4.04,0.76,-39.36,6589.0,35507.0,478706.0,10.72,1073985.0,24.04,-595279.0,-13.33,-257601.0,-5.77,-221106.0,-4.95,305.0,1.051,1.052,104234277.0,109654459,109654459,2026-08-04,2026-08-04 15:34:18+08:00
159662,交运ETF南方,0.992,0.9936,0.16,-0.019,-1.88,118141.0,11807847.4,1.01,1.01,0.991,1.011,1.88,13.11,1.41,14.45,66545.0,51596.0,345225.0,2.92,1115271.0,9.45,-770046.0,-6.52,-259348.0,-2.2,-85877.0,-0.73,-553.0,0.992,0.993,90113946.0,89393034,89393034,2026-08-04,2026-08-04 15:34:27+08:00
159228,红利低波ETF长城,1.045,1.045,0.0,-0.02,-1.88,23145.0,2425489.692,1.063,1.063,1.044,1.065,1.78,2.1,1.83,-15.12,1249.0,21896.0,-46722.0,-1.93,-360307.0,-14.86,313585.0,12.93,45363.0,1.87,1360.0,0.06,151.0,1.045,1.046,110212692.0,115172263,115172263,2026-08-04,2026-08-04 15:34:45+08:00
563980,800红利低波ETF鑫元,0.985,0.9857,0.07,-0.019,-1.89,49670.0,4907766.0,0.996,1.002,0.985,1.004,1.69,2.59,0.58,20.01,26552.0,23118.0,456519.0,9.3,0.0,0.0,456519.0,9.3,-477791.0,-9.74,21272.0,0.43,-2.0,0.985,0.989,191967000.0,189087495,189087495,2026-08-04,2026-08-04 16:11:37+08:00
512640,金融地产ETF嘉实,2.376,2.3751,-0.04,-0.046,-1.9,23782.0,5662197.0,2.398,2.409,2.375,2.422,1.4,10.94,1.67,0.25,9815.0,13967.0,96589.0,1.71,0.0,0.0,96589.0,1.71,-90015.0,-1.59,-6573.0,-0.12,1.0,2.372,2.382,21740900.0,51656378,51656378,2026-08-04,2026-08-04 16:11:32+08:00
512750,基本面50ETF嘉实,1.444,1.4452,0.08,-0.028,-1.9,15805.0,2294827.0,1.474,1.474,1.443,1.472,2.11,3.33,0.34,13.42,6413.0,9392.0,360077.0,15.69,0.0,0.0,360077.0,15.69,-123696.0,-5.39,-236381.0,-10.3,-110.0,1.443,1.444,47454900.0,68524876,68524876,2026-08-04,2026-08-04 16:11:46+08:00
561680,A500红利低波ETF平安,1.01,1.0106,0.06,-0.02,-1.94,8462.0,857265.0,1.022,1.025,1.009,1.03,1.55,1.36,0.24,42.69,1633.0,6829.0,62614.0,7.3,0.0,0.0,62614.0,7.3,-68162.0,-7.95,5548.0,0.65,-10.0,1.009,1.01,62169000.0,62790690,62790690,2026-08-04,2026-08-04 16:11:41+08:00
159391,大盘价值ETF博时,1.098,1.0989,0.08,-0.022,-1.96,2989.0,329303.7,1.112,1.112,1.098,1.12,1.25,0.34,0.19,-3.93,326.0,2663.0,112094.0,34.04,0.0,0.0,112094.0,34.04,-32073.0,-9.74,-80022.0,-24.3,-1.0,1.097,1.105,89076398.0,97805885,97805885,2026-08-04,2026-08-04 15:34:39+08:00
516840,汽车ETF南方,0.798,0.7989,0.11,-0.016,-1.97,135211.0,10807910.0,0.818,0.818,0.795,0.814,2.83,9.85,1.12,21.8,60435.0,74776.0,648949.0,6.0,120504.0,1.11,528445.0,4.89,-672329.0,-6.22,23380.0,0.22,-319.0,0.798,0.799,137277000.0,109547046,109547046,2026-08-04,2026-08-04 16:11:48+08:00
560730,红利低波ETF国泰海通,1.038,1.0375,-0.05,-0.021,-1.98,34926.0,3644403.0,1.059,1.064,1.038,1.059,2.46,3.18,0.46,6.83,20404.0,14522.0,-14022.0,-0.38,624152.0,17.13,-638174.0,-17.51,-101532.0,-2.79,115554.0,3.17,-32.0,1.038,1.041,109836300.0,114010079,114010079,2026-08-04,2026-08-04 16:11:58+08:00
159933,金融地产ETF国投瑞银,2.891,2.8877,-0.11,-0.059,-2.0,42.0,12169.8,2.916,2.945,2.891,2.95,1.83,0.01,0.07,14.73,8.0,34.0,-9552.0,-78.49,0.0,0.0,-9552.0,-78.49,-581.0,-4.77,10133.0,83.26,-11.0,2.891,2.893,36378943.0,105171524,105171524,2026-08-04,2026-08-04 15:34:30+08:00
512130,全指现金流ETF鹏华,1.173,1.1725,-0.04,-0.024,-2.01,5799.0,681073.0,1.186,1.187,1.17,1.197,1.42,3.89,1.0,21.62,3329.0,2470.0,-31992.0,-4.7,0.0,0.0,-31992.0,-4.7,-11008.0,-1.62,43000.0,6.31,-1.0,1.173,1.177,14895000.0,17471835,17471835,2026-08-04,2026-08-04 16:11:48+08:00
563020,红利低波ETF易方达,1.172,1.1712,-0.07,-0.024,-2.01,3351976.0,394467834.0,1.193,1.195,1.171,1.196,2.01,3.0,1.09,11.36,1179027.0,2172949.0,-31756970.0,-8.05,-22087643.0,-5.6,-9669327.0,-2.45,4647776.0,1.18,27109193.0,6.87,-14588.0,1.171,1.172,11156910080.0,13075898614,13075898614,2026-08-04,2026-08-04 16:11:40+08:00
510230,金融ETF国泰,1.312,1.3104,-0.12,-0.027,-2.02,435844.0,57395380.0,1.338,1.338,1.31,1.339,2.09,6.95,0.67,-15.59,187584.0,248260.0,-2769719.0,-4.83,-2199022.0,-3.83,-570697.0,-0.99,1253283.0,2.18,1516436.0,2.64,-941.0,1.311,1.312,626808000.0,822372096,822372096,2026-08-04,2026-08-04 16:11:33+08:00
563690,红利低波ETF永赢,1.018,1.0179,-0.01,-0.021,-2.02,18837.0,1924557.0,1.03,1.031,1.018,1.039,1.25,5.25,0.73,20.35,7709.0,11128.0,201942.0,10.49,0.0,0.0,201942.0,10.49,-225423.0,-11.71,23481.0,1.22,-1.0,1.018,1.023,35882000.0,36527876,36527876,2026-08-04,2026-08-04 16:11:35+08:00
520810,港股通红利ETF易方达,1.016,1.0177,0.17,-0.021,-2.03,81494.0,8334454.0,1.04,1.04,1.016,1.037,2.31,2.87,1.56,14.97,34341.0,47153.0,199423.0,2.39,-1038002.0,-12.45,1237425.0,14.85,481081.0,5.77,-680503.0,-8.16,-289.0,1.016,1.018,284360000.0,288909760,288909760,2026-08-04,2026-08-04 16:11:47+08:00
159547,红利低波ETF华夏,1.205,1.2069,0.16,-0.025,-2.03,2143078.0,259040906.3,1.228,1.23,1.204,1.23,2.11,13.1,1.79,-30.46,488872.0,1654206.0,12177286.0,4.7,100081942.0,38.64,-87904656.0,-33.93,-14213332.0,-5.49,2036045.0,0.79,-1153.0,1.205,1.206,1635786080.0,1971122226,1971122226,2026-08-04,2026-08-04 15:34:36+08:00
159091,港股通金融ETF易方达,1.054,1.0555,0.14,-0.022,-2.04,84646.0,8989906.624,1.075,1.082,1.051,1.076,2.88,17.5,0.62,-75.97,39483.0,45163.0,-206791.0,-2.3,0.0,0.0,-206791.0,-2.3,216569.0,2.41,-9778.0,-0.11,1318.0,1.053,1.054,48374196.0,50986403,50986403,2026-08-04,2026-08-04 15:34:42+08:00
159707,地产ETF华宝,0.479,0.4785,-0.1,-0.01,-2.04,1172487.0,56300723.4,0.486,0.489,0.478,0.489,2.25,9.34,0.83,63.95,502755.0,669732.0,-6612571.0,-11.75,-7659871.0,-13.61,1047300.0,1.86,5838588.0,10.37,773982.0,1.37,2089.0,0.478,0.479,1255548208.0,601407592,601407592,2026-08-04,2026-08-04 15:34:03+08:00
560670,银行ETF华泰柏瑞,1.053,1.0493,-0.35,-0.022,-2.05,163157.0,17229332.0,1.067,1.074,1.049,1.075,2.33,27.2,0.82,-61.26,79619.0,83538.0,717537.0,4.16,1586000.0,9.21,-868463.0,-5.04,-1355106.0,-7.87,637569.0,3.7,-559.0,1.053,1.054,59974000.0,63152622,63152622,2026-08-04,2026-08-04 16:11:56+08:00
159768,房地产ETF银华,0.43,0.4291,-0.21,-0.009,-2.05,647923.0,27931475.5,0.437,0.438,0.429,0.439,2.05,8.11,0.73,31.44,257260.0,390663.0,-3289420.0,-11.78,-3278673.0,-11.74,-10747.0,-0.04,2387878.0,8.55,901543.0,3.23,4588.0,0.429,0.43,798450304.0,343333631,343333631,2026-08-04,2026-08-04 15:34:18+08:00
517900,银行AH优选ETF招商,1.525,1.5199,-0.34,-0.032,-2.06,429748.0,65817233.0,1.561,1.561,1.52,1.557,2.63,9.77,1.71,-56.36,156945.0,272803.0,1891475.0,2.87,-16573419.0,-25.18,18464894.0,28.05,-1533607.0,-2.33,-357868.0,-0.54,-98.0,1.524,1.525,439993504.0,670990094,670990094,2026-08-04,2026-08-04 16:11:39+08:00
159021,大盘价值ETF华夏,0.996,0.9974,0.14,-0.021,-2.06,37801.0,3779969.271,1.013,1.013,0.994,1.017,1.87,3.32,0.21,-51.36,11540.0,26260.0,341612.0,9.04,0.0,0.0,341612.0,9.04,-340623.0,-9.01,-989.0,-0.03,261.0,0.995,0.996,113907712.0,113452081,113452081,2026-08-04,2026-08-04 15:34:09+08:00
512530,沪深300红利ETF建信,1.608,1.6098,0.11,-0.034,-2.07,60405.0,9758028.0,1.634,1.645,1.607,1.642,2.31,5.95,1.18,-19.68,32288.0,28117.0,1115473.0,11.43,4227.0,0.04,1111246.0,11.39,-830776.0,-8.51,-284697.0,-2.92,-36.0,1.608,1.609,101502000.0,163215216,163215216,2026-08-04,2026-08-04 16:11:49+08:00
560150,红利低波ETF泰康,1.127,1.1266,-0.04,-0.024,-2.09,58399.0,6629847.0,1.15,1.15,1.126,1.151,2.09,0.86,1.14,-0.53,31210.0,27189.0,-61220.0,-0.92,0.0,0.0,-61220.0,-0.92,-229192.0,-3.46,290414.0,4.38,-8.0,1.127,1.128,682279296.0,768928767,768928767,2026-08-04,2026-08-04 16:11:59+08:00
510650,金融地产ETF华夏,2.896,2.8879,-0.28,-0.062,-2.1,8260.0,2391837.0,2.938,2.939,2.89,2.958,1.66,7.21,1.73,-72.54,1448.0,6812.0,581980.0,24.33,0.0,0.0,581980.0,24.33,-672693.0,-28.12,90713.0,3.79,-694.0,2.896,2.899,11452500.0,33166440,33166440,2026-08-04,2026-08-04 16:11:42+08:00
159296,A500红利低波ETF华宝,1.021,1.0228,0.18,-0.022,-2.11,50297.0,5166997.499,1.039,1.041,1.021,1.043,1.92,10.05,0.95,-75.46,25012.0,25285.0,12359.0,0.24,-346450.0,-6.71,358809.0,6.94,7552.0,0.15,-19911.0,-0.39,-25.0,1.022,1.025,50042941.0,51093843,51093843,2026-08-04,2026-08-04 15:34:36+08:00
510030,价值ETF华宝,1.053,1.0516,-0.13,-0.023,-2.14,51926.0,5482387.0,1.07,1.071,1.051,1.076,1.86,3.36,0.98,1.08,25229.0,26697.0,-20637.0,-0.38,-526000.0,-9.59,505363.0,9.22,-88908.0,-1.62,109546.0,2.0,-106.0,1.052,1.053,154729800.0,162930479,162930479,2026-08-04,2026-08-04 16:11:47+08:00
515450,红利低波50ETF南方,1.422,1.4205,-0.11,-0.032,-2.2,1559800.0,223189492.0,1.446,1.451,1.421,1.454,2.06,1.14,0.82,7.57,595610.0,964190.0,-52478943.0,-23.51,-4259181.0,-1.91,-48219762.0,-21.6,21623677.0,9.69,30855265.0,13.82,-6431.0,1.422,1.423,13708335104.0,19493252518,19493252518,2026-08-04,2026-08-04 16:12:00+08:00
512890,红利低波ETF华泰柏瑞,1.176,1.1799,0.33,-0.027,-2.24,11447703.0,1353642179.0,1.2,1.2,1.176,1.203,2.0,3.97,1.34,8.15,3742836.0,7704867.0,-52414928.0,-3.87,-41580448.0,-3.07,-10834480.0,-0.8,603201.0,0.04,51811734.0,3.83,-58923.0,1.176,1.177,28845110784.0,33921850282,33921850282,2026-08-04,2026-08-04 16:11:59+08:00
513190,港股通金融ETF华夏,1.778,1.7835,0.31,-0.042,-2.31,2839793.0,508733472.0,1.822,1.831,1.776,1.82,3.02,25.89,1.16,-10.87,1357807.0,1481986.0,46485667.0,9.14,-6843088.0,-1.35,53328755.0,10.48,-25597377.0,-5.03,-20888293.0,-4.11,-3093.0,1.777,1.778,1096936000.0,1950352208,1950352208,2026-08-04,2026-08-04 16:11:56+08:00
512820,银行ETF汇添富,1.425,1.4228,-0.15,-0.034,-2.33,679356.0,97211229.0,1.45,1.454,1.422,1.459,2.19,17.01,0.78,8.75,295470.0,383886.0,1690442.0,1.74,769759.0,0.79,920683.0,0.95,-3229360.0,-3.32,1538918.0,1.58,-1024.0,1.424,1.425,399401904.0,569147713,569147713,2026-08-04,2026-08-04 16:11:36+08:00
512730,银行ETF鹏华,1.664,1.6624,-0.1,-0.041,-2.4,38999.0,6514493.0,1.688,1.694,1.663,1.705,1.82,6.04,0.65,-15.43,10805.0,28194.0,-464931.0,-7.14,168274.0,2.58,-633205.0,-9.72,25738.0,0.4,439193.0,6.74,-30.0,1.664,1.666,64583900.0,107467610,107467610,2026-08-04,2026-08-04 16:12:01+08:00
512800,银行ETF华宝,0.811,0.8107,-0.04,-0.02,-2.41,17477870.0,1422932169.0,0.829,0.829,0.81,0.831,2.29,13.48,1.13,1.74,4491963.0,12985907.0,143866867.0,10.11,294072048.0,20.67,-150205181.0,-10.56,-118996145.0,-8.36,-24870726.0,-1.75,-105123.0,0.811,0.812,12965079808.0,10514679724,10514679724,2026-08-04,2026-08-04 16:11:59+08:00
516210,银行ETF华安,1.382,1.3812,-0.06,-0.035,-2.47,117531.0,16294420.0,1.413,1.413,1.381,1.417,2.26,14.07,1.09,-26.3,52900.0,64631.0,805343.0,4.94,1031456.0,6.33,-226113.0,-1.39,-870345.0,-5.34,65000.0,0.4,-121.0,1.382,1.383,83531000.0,115439842,115439842,2026-08-04,2026-08-04 16:11:42+08:00
516310,银行ETF易方达,1.345,1.3432,-0.13,-0.034,-2.47,1178280.0,159067262.0,1.372,1.373,1.343,1.379,2.18,6.55,0.69,-16.09,466413.0,711867.0,-7716510.0,-4.85,-6145401.0,-3.86,-1571109.0,-0.99,2646461.0,1.66,5070048.0,3.19,-7101.0,1.345,1.346,1799958496.0,2420944177,2420944177,2026-08-04,2026-08-04 16:11:35+08:00
512700,银行ETF南方,1.496,1.4954,-0.04,-0.038,-2.48,584802.0,87988119.0,1.529,1.529,1.495,1.534,2.22,7.89,0.84,-25.25,237735.0,347067.0,3633696.0,4.13,4812603.0,5.47,-1178907.0,-1.34,-4575727.0,-5.2,942030.0,1.07,-5070.0,1.496,1.497,741081008.0,1108657188,1108657188,2026-08-04,2026-08-04 16:11:39+08:00
561450,红利低波50ETF华泰柏瑞,0.976,0.9776,0.16,-0.025,-2.5,119578.0,11744159.0,0.999,0.999,0.975,1.001,2.4,7.2,0.09,4.26,53887.0,65691.0,-4165752.0,-35.47,-780358.0,-6.64,-3385394.0,-28.83,2020705.0,17.21,2145047.0,18.26,-3042.0,0.975,0.976,166124300.0,162137317,162137317,2026-08-04,2026-08-04 16:11:33+08:00
159887,银行ETF富国,1.324,1.3239,-0.01,-0.034,-2.5,951498.0,126449208.545,1.349,1.35,1.321,1.358,2.14,16.78,1.0,57.33,379979.0,571519.0,-1213520.0,-0.96,5725460.0,4.53,-6938980.0,-5.49,-4457244.0,-3.52,5670764.0,4.48,-6358.0,1.324,1.325,567015952.0,750729120,750729120,2026-08-04,2026-08-04 15:34:18+08:00
512410,银行ETF广发,1.084,1.0828,-0.11,-0.028,-2.52,259972.0,28271286.0,1.106,1.111,1.082,1.112,2.61,28.89,1.42,27.49,122053.0,137918.0,-3799109.0,-13.44,-3396542.0,-12.01,-402567.0,-1.42,1248718.0,4.42,2550391.0,9.02,-2106.0,1.084,1.085,89971700.0,97529323,97529323,2026-08-04,2026-08-04 16:11:42+08:00
515020,银行ETF华夏,1.736,1.7349,-0.06,-0.045,-2.53,636531.0,110965036.0,1.768,1.772,1.735,1.781,2.08,14.77,0.7,41.4,276715.0,359816.0,1139290.0,1.03,2280088.0,2.05,-1140798.0,-1.03,-3614366.0,-3.26,2475077.0,2.23,-1809.0,1.736,1.737,430845296.0,747947434,747947434,2026-08-04,2026-08-04 16:11:40+08:00
515290,银行ETF天弘,1.457,1.4557,-0.09,-0.038,-2.54,447334.0,65436297.0,1.486,1.489,1.455,1.495,2.27,1.58,0.35,-13.24,183260.0,264074.0,-2063073.0,-3.15,-4725664.0,-7.22,2662591.0,4.07,-3026667.0,-4.63,5089740.0,7.78,-2364.0,1.457,1.458,2839372896.0,4136966309,4136966309,2026-08-04,2026-08-04 16:11:38+08:00
159253,银行ETF博时,0.967,0.9694,0.25,-0.026,-2.62,68038.0,6609744.151,0.992,0.992,0.967,0.993,2.52,1.22,0.53,8.64,25095.0,42943.0,312125.0,4.72,808581.0,12.23,-496456.0,-7.51,-562094.0,-8.5,249969.0,3.78,-930.0,0.967,0.969,556404976.0,538043612,538043612,2026-08-04,2026-08-04 15:34:09+08:00
159020,养殖ETF易方达,0.894,0.8911,-0.33,-0.031,-3.35,135314.0,12092679.8,0.906,0.924,0.89,0.925,3.68,9.98,2.45,67.5,73069.0,62245.0,-3662852.0,-30.29,-4079406.0,-33.73,416554.0,3.44,1653022.0,13.67,2009830.0,16.62,3619.0,0.893,0.894,135567082.0,121196971,121196971,2026-08-04,2026-08-04 15:34:54+08:00
