代码,名称,最新价,IOPV实时估值,基金折价率,涨跌额,涨跌幅,成交量,成交额,开盘价,最高价,最低价,昨收,振幅,换手率,量比,委比,外盘,内盘,主力净流入-净额,主力净流入-净占比,超大单净流入-净额,超大单净流入-净占比,大单净流入-净额,大单净流入-净占比,中单净流入-净额,中单净流入-净占比,小单净流入-净额,小单净流入-净占比,现手,买一,卖一,最新份额,流通市值,总市值,数据日期,更新时间
563700,红利价值ETF易方达,1.082,1.0801,-0.18,0.023,2.17,135907,14607983.0,1.06,1.084,1.06,1.059,2.27,3.56,2.93,15.4,68942.0,66965.0,1268629.0,8.68,3462759.0,23.7,-2194130.0,-15.02,-708854.0,-4.85,-559774.0,-3.83,-6,1.081,1.083,382150000.0,413486300,413486300,2026-08-24,2026-08-24 13:39:32+08:00
515220,煤炭ETF国泰,1.303,1.3035,0.04,0.026,2.04,4787474,622296942.0,1.28,1.314,1.279,1.277,2.74,4.34,1.27,15.58,2516841.0,2270632.0,60686655.0,9.75,67285877.0,10.81,-6599222.0,-1.06,-39323599.0,-6.32,-21380660.0,-3.44,-603,1.303,1.304,11036676864.0,14380789954,14380789954,2026-08-24,2026-08-24 13:39:44+08:00
513290,纳指生物科技ETF汇添富,1.84,1.7796,-3.39,0.036,2.0,2721405,497533912.0,1.81,1.861,1.796,1.804,3.6,26.39,2.71,43.69,1356202.0,1365203.0,29688964.0,5.97,786389.0,0.16,28902575.0,5.81,-11238087.0,-2.26,-18450878.0,-3.71,1198,1.839,1.84,1031072096.0,1897172657,1897172657,2026-08-24,2026-08-24 13:39:46+08:00
520870,巴西ETF易方达,1.068,1.059,-0.85,0.02,1.91,871765,93007603.0,1.06,1.071,1.06,1.048,1.05,17.14,3.27,-2.7,455515.0,416250.0,3555048.0,3.82,-2084182.0,-2.24,5639230.0,6.06,-846122.0,-0.91,-2708925.0,-2.91,-127,1.068,1.069,508477200.0,543053650,543053650,2026-08-24,2026-08-24 13:39:40+08:00
159100,巴西ETF华夏,1.072,1.0621,-0.93,0.02,1.9,676460,72481910.335,1.063,1.078,1.062,1.052,1.52,14.45,3.87,31.37,371313.0,305147.0,374902.0,0.52,2423508.0,3.34,-2048606.0,-2.83,3924210.0,5.41,-4299114.0,-5.93,-1117,1.072,1.073,468046928.0,501746307,501746307,2026-08-24,2026-08-24 13:40:03+08:00
159830,金ETF天弘,9.955,9.9596,0.05,0.162,1.65,113081,112664729.4,9.951,10.007,9.896,9.793,1.13,3.21,2.3,-0.05,52498.0,60583.0,-4285876.0,-3.8,-2311775.0,-2.05,-1974101.0,-1.75,3971667.0,3.53,314209.0,0.28,-91,9.953,9.956,352414064.0,3508282007,3508282007,2026-08-24,2026-08-24 13:39:51+08:00
518890,上海金ETF中银,9.552,9.5609,0.09,0.154,1.64,74994,71598196.0,9.51,9.597,9.466,9.398,1.39,1.96,1.55,-5.19,41848.0,33146.0,-3181337.0,-4.44,2064687.0,2.88,-5246024.0,-7.33,2522516.0,3.52,658821.0,0.92,2,9.546,9.55,382454800.0,3653208250,3653208250,2026-08-24,2026-08-24 13:39:39+08:00
159831,金ETF嘉实,9.624,9.6336,0.1,0.154,1.63,191153,184055270.4,9.601,9.671,9.553,9.47,1.25,8.37,1.87,14.69,87176.0,103977.0,-487171.0,-0.26,-4968730.0,-2.7,4481559.0,2.43,-5582719.0,-3.03,6069890.0,3.3,33,9.622,9.624,228356243.0,2197700483,2197700483,2026-08-24,2026-08-24 13:39:51+08:00
159937,黄金ETF博时,9.51,9.5227,0.13,0.152,1.62,882639,839525941.9,9.49,9.556,9.452,9.358,1.11,1.86,1.55,9.46,440207.0,442432.0,-37564102.0,-4.48,-31490726.0,-3.75,-6073376.0,-0.72,29185638.0,3.48,8378470.0,1.0,-128,9.509,9.51,4732721920.0,45008185459,45008185459,2026-08-24,2026-08-24 13:39:51+08:00
518600,金ETF广发,9.934,9.9382,0.04,0.158,1.62,407657,405162545.0,9.895,9.982,9.877,9.776,1.07,5.16,1.82,-3.07,200835.0,206822.0,-27807969.0,-6.86,-952428.0,-0.24,-26855541.0,-6.63,14548672.0,3.59,13259298.0,3.27,-402,9.932,9.933,789616304.0,7844048364,7844048364,2026-08-24,2026-08-24 13:39:40+08:00
518860,上海金ETF建信,9.552,9.5605,0.09,0.15,1.6,62591,59802241.0,9.55,9.6,9.494,9.402,1.13,1.34,1.73,2.24,30520.0,32071.0,-650291.0,-1.09,0.0,0.0,-650291.0,-1.09,1486661.0,2.49,-836370.0,-1.4,-6,9.552,9.555,468459808.0,4474728086,4474728086,2026-08-24,2026-08-24 13:39:39+08:00
518660,黄金ETF工银,9.566,9.5752,0.1,0.151,1.6,293699,280957987.0,9.53,9.612,9.51,9.415,1.08,3.08,1.45,47.54,137549.0,156150.0,-14306744.0,-5.09,-12071867.0,-4.3,-2234877.0,-0.8,11874448.0,4.23,2432296.0,0.87,28,9.564,9.566,954152704.0,9127424766,9127424766,2026-08-24,2026-08-24 13:39:40+08:00
510650,金融地产ETF华夏,2.915,2.914,-0.03,0.046,1.6,1806,526218.0,2.875,2.918,2.875,2.869,1.5,1.51,0.48,0.31,1402.0,404.0,-108325.0,-20.59,0.0,0.0,-108325.0,-20.59,34011.0,6.46,74314.0,14.12,-60,2.913,2.915,11952500.0,34841538,34841538,2026-08-24,2026-08-24 13:39:50+08:00
518800,黄金ETF国泰,9.995,9.9979,0.03,0.157,1.6,653342,653176294.0,9.989,10.045,9.939,9.838,1.08,1.77,1.26,-13.05,315865.0,337478.0,-16872273.0,-2.58,-15093985.0,-2.31,-1778288.0,-0.27,5980087.0,0.92,10892179.0,1.67,-9,9.995,9.996,3697279200.0,36954305604,36954305604,2026-08-24,2026-08-24 13:39:39+08:00
159934,黄金ETF易方达,9.962,9.9634,0.01,0.156,1.59,1391131,1385798422.168,9.914,10.011,9.902,9.806,1.11,3.6,2.02,-9.53,637748.0,753383.0,-81176416.0,-5.86,-15505776.0,-1.12,-65670640.0,-4.74,43066928.0,3.11,38109494.0,2.75,-157,9.962,9.963,3866908992.0,38522147378,38522147378,2026-08-24,2026-08-24 13:39:51+08:00
518680,金ETF富国,9.985,9.9878,0.03,0.156,1.59,725809,724761028.0,9.955,10.032,9.921,9.829,1.13,9.06,6.13,-22.73,457865.0,267944.0,-27823734.0,-3.84,40703130.0,5.62,-68526864.0,-9.46,1866491.0,0.26,25957242.0,3.58,4,9.983,9.984,801069504.0,7998678997,7998678997,2026-08-24,2026-08-24 13:39:39+08:00
518850,黄金ETF华夏,9.63,9.6396,0.1,0.15,1.58,686501,661361866.0,9.592,9.68,9.575,9.48,1.11,3.71,1.93,5.38,335860.0,350641.0,-50424319.0,-7.62,-24361567.0,-3.68,-26062752.0,-3.94,35804068.0,5.41,14619293.0,2.21,-37,9.629,9.631,1852878704.0,17843221920,17843221920,2026-08-24,2026-08-24 13:39:38+08:00
518880,黄金ETF华安,9.536,9.5452,0.1,0.148,1.58,6700975,6389806084.0,9.488,9.582,9.48,9.388,1.09,5.82,1.95,-1.84,3311084.0,3389891.0,-441594208.0,-6.91,-521082464.0,-8.15,79488256.0,1.24,309855104.0,4.85,131729552.0,2.06,-260,9.536,9.537,11516840704.0,109824592953,109824592953,2026-08-24,2026-08-24 13:39:40+08:00
159812,黄金ETF前海开源,9.493,9.5081,0.16,0.148,1.58,42194,40062164.0,9.445,9.541,9.44,9.345,1.08,2.59,1.76,-19.1,19249.0,22945.0,-178379.0,-0.45,-1488639.0,-3.72,1310260.0,3.27,-572988.0,-1.43,751367.0,1.88,19,9.491,9.498,162913149.0,1546534523,1546534523,2026-08-24,2026-08-24 13:39:36+08:00
159253,银行ETF博时,0.989,0.9886,-0.04,0.015,1.54,64546,6347121.17,0.972,0.99,0.97,0.974,2.05,1.18,1.19,3.05,38729.0,25817.0,836284.0,13.18,758507.0,11.95,77777.0,1.23,-756386.0,-11.92,-79898.0,-1.26,927,0.988,0.99,547104976.0,541086821,541086821,2026-08-24,2026-08-24 13:40:00+08:00
512530,沪深300红利ETF建信,1.652,1.6531,0.07,0.025,1.54,29500,4858366.0,1.628,1.653,1.627,1.627,1.6,3.03,0.76,-6.01,15878.0,13622.0,712511.0,14.67,0.0,0.0,712511.0,14.67,-542763.0,-11.17,-169749.0,-3.49,86,1.651,1.652,97502000.0,161073304,161073304,2026-08-24,2026-08-24 13:39:46+08:00
159834,金ETF南方,9.956,9.9628,0.07,0.15,1.53,293383,292177267.9,9.958,10.008,9.9,9.806,1.1,13.27,2.64,17.87,142433.0,150950.0,-11127556.0,-3.81,-7294616.0,-2.5,-3832940.0,-1.31,5259897.0,1.8,5867659.0,2.01,-5,9.956,9.96,221161376.0,2201882659,2201882659,2026-08-24,2026-08-24 13:39:51+08:00
510030,价值ETF华宝,1.067,1.0676,0.06,0.015,1.43,25365,2699276.0,1.054,1.068,1.054,1.052,1.33,1.7,1.53,-0.65,10943.0,14422.0,181411.0,6.72,0.0,0.0,181411.0,6.72,-134648.0,-4.99,-46764.0,-1.73,-42,1.066,1.067,149229800.0,159228197,159228197,2026-08-24,2026-08-24 13:39:49+08:00
510880,红利ETF华泰柏瑞,3.434,3.4338,-0.01,0.047,1.39,2008122,688020530.0,3.388,3.447,3.388,3.387,1.74,3.36,1.91,-37.84,1295910.0,712211.0,187943006.0,27.32,177654811.0,25.82,10288195.0,1.5,-103747590.0,-15.08,-84195412.0,-12.24,-114,3.434,3.435,5971675648.0,20506734175,20506734175,2026-08-24,2026-08-24 13:39:50+08:00
515290,银行ETF天弘,1.487,1.4861,-0.06,0.02,1.36,363615,53809700.0,1.46,1.49,1.46,1.467,2.04,1.36,0.77,23.33,185984.0,177631.0,11297357.0,21.0,5657639.0,10.51,5639718.0,10.48,-11124171.0,-20.67,-173185.0,-0.32,188,1.486,1.487,2667472896.0,3966532196,3966532196,2026-08-24,2026-08-24 13:39:45+08:00
159887,银行ETF富国,1.352,1.3537,0.13,0.018,1.35,674879,90844079.993,1.331,1.355,1.329,1.334,1.95,11.13,1.06,-0.81,403728.0,271151.0,2151943.0,2.37,7869697.0,8.66,-5717754.0,-6.29,3089173.0,3.4,-5241116.0,-5.77,-106,1.352,1.353,606615952.0,820144767,820144767,2026-08-24,2026-08-24 13:39:51+08:00
513650,标普500ETF南方,2.033,1.875,-8.43,0.027,1.35,1550653,312802328.0,2.011,2.033,2.004,2.006,1.45,3.56,1.43,-3.73,835749.0,714904.0,-36180954.0,-11.57,-18469745.0,-5.9,-17711209.0,-5.66,10085179.0,3.22,26093742.0,8.34,110,2.032,2.033,4351734016.0,8847075255,8847075255,2026-08-24,2026-08-24 13:39:44+08:00
512800,银行ETF华宝,0.826,0.8272,0.15,0.011,1.35,8484571,699227631.0,0.815,0.829,0.813,0.815,1.96,6.74,1.03,8.09,5349790.0,3134781.0,16262658.0,2.33,14334240.0,2.05,1928418.0,0.28,-9268305.0,-1.33,-6994346.0,-1.0,-1785,0.826,0.827,12583479808.0,10393954321,10393954321,2026-08-24,2026-08-24 13:39:46+08:00
159502,标普生物科技ETF嘉实,1.667,1.6586,-0.51,0.022,1.34,1938730,322991294.703,1.656,1.68,1.651,1.645,1.76,17.34,1.75,-0.23,1038378.0,900352.0,20746325.0,6.42,-8803565.0,-2.73,29549890.0,9.15,-29810389.0,-9.23,9064064.0,2.81,1257,1.666,1.667,1118323024.0,1864244481,1864244481,2026-08-24,2026-08-24 13:39:57+08:00
512730,银行ETF鹏华,1.695,1.6967,0.1,0.022,1.32,24427,4121289.0,1.667,1.698,1.653,1.673,2.69,4.48,0.97,1.62,10767.0,13660.0,645460.0,15.66,1030262.0,25.0,-384802.0,-9.34,-118819.0,-2.88,-526641.0,-12.78,-1,1.695,1.696,54583900.0,92519711,92519711,2026-08-24,2026-08-24 13:39:48+08:00
515020,银行ETF华夏,1.771,1.7718,0.05,0.023,1.32,665294,117434991.0,1.742,1.776,1.742,1.748,1.95,16.31,1.11,-3.06,388646.0,276648.0,6699155.0,5.7,8170194.0,6.96,-1471039.0,-1.25,-5754706.0,-4.9,-944449.0,-0.8,-1,1.772,1.773,407845296.0,722294019,722294019,2026-08-24,2026-08-24 13:39:45+08:00
510230,金融ETF国泰,1.321,1.3219,0.07,0.017,1.3,460163,60610210.0,1.306,1.324,1.3,1.304,1.84,7.42,1.12,1.84,284273.0,175890.0,5637845.0,9.3,1674941.0,2.76,3962904.0,6.54,-2187456.0,-3.61,-3450389.0,-5.69,-118,1.321,1.323,619808000.0,818766368,818766368,2026-08-24,2026-08-24 13:39:48+08:00
512070,证券保险ETF易方达,0.788,0.7883,0.04,0.01,1.29,5165722,406595051.0,0.778,0.793,0.777,0.778,2.06,3.02,1.06,40.69,2911876.0,2253846.0,62087274.0,15.27,71190849.0,17.51,-9103575.0,-2.24,-37941436.0,-9.33,-24144262.0,-5.94,-660,0.788,0.789,17112479744.0,13484634038,13484634038,2026-08-24,2026-08-24 13:39:46+08:00
516210,银行ETF华安,1.409,1.4103,0.09,0.018,1.29,39173,5493771.0,1.391,1.413,1.384,1.391,2.08,4.81,0.62,1.84,19946.0,19227.0,310326.0,5.65,660758.0,12.03,-350432.0,-6.38,-144761.0,-2.64,-165567.0,-3.01,-1,1.409,1.41,81431000.0,114736279,114736279,2026-08-24,2026-08-24 13:39:44+08:00
512700,银行ETF南方,1.526,1.5262,0.01,0.019,1.26,597075,90729140.0,1.501,1.529,1.501,1.507,1.86,8.9,1.2,11.92,319372.0,277703.0,3093226.0,3.41,741408.0,0.82,2351818.0,2.59,-351169.0,-0.39,-2742056.0,-3.02,3,1.526,1.527,670581008.0,1023306618,1023306618,2026-08-24,2026-08-24 13:39:46+08:00
563890,国企红利ETF创金合信,1.074,1.0724,-0.15,0.013,1.23,676,72472.0,1.067,1.074,1.067,1.061,0.66,0.3,0.22,-6.04,527.0,149.0,56276.0,77.65,0.0,0.0,56276.0,77.65,-26775.0,-36.95,-29501.0,-40.71,1,1.07,1.074,22836000.0,24525864,24525864,2026-08-24,2026-08-24 13:39:07+08:00
515890,红利ETF博时,1.493,1.4915,-0.1,0.018,1.22,84372,12590806.0,1.476,1.496,1.476,1.475,1.36,2.42,3.63,-33.98,72501.0,11871.0,-8149660.0,-64.86,-5347687.0,-42.56,-2801973.0,-22.3,8580341.0,68.29,-430681.0,-3.43,170,1.492,1.493,348443904.0,520226749,520226749,2026-08-24,2026-08-24 13:39:42+08:00
159329,沙特ETF南方,0.919,0.9079,-1.22,0.011,1.21,303154,27785236.9,0.913,0.92,0.912,0.908,0.88,2.54,2.0,-2.49,222468.0,80686.0,7323494.0,26.36,1902828.0,6.85,5420666.0,19.51,-4463932.0,-16.07,-2859562.0,-10.29,-1,0.919,0.92,1192689184.0,1096081360,1096081360,2026-08-24,2026-08-24 13:40:00+08:00
159391,大盘价值ETF博时,1.113,1.1122,-0.07,0.013,1.18,487,54095.3,1.105,1.113,1.105,1.1,0.73,0.06,0.06,0.25,424.0,63.0,-37595.0,-69.5,0.0,0.0,-37595.0,-69.5,22220.0,41.08,15375.0,28.42,167,1.11,1.112,85076398.0,94690031,94690031,2026-08-24,2026-08-24 13:40:00+08:00
512820,银行ETF汇添富,1.452,1.4528,0.06,0.017,1.18,599753,86800150.0,1.429,1.455,1.428,1.435,1.88,14.41,1.0,0.05,390663.0,209090.0,2982336.0,3.44,-2143885.0,-2.47,5126221.0,5.91,-117734.0,-0.14,-2864601.0,-3.3,-1,1.452,1.453,416201904.0,604325165,604325165,2026-08-24,2026-08-24 13:39:46+08:00
516310,银行ETF易方达,1.369,1.3701,0.08,0.016,1.18,823714,112306632.0,1.351,1.372,1.347,1.353,1.85,4.89,0.76,10.59,536889.0,286825.0,12926288.0,11.51,-7652451.0,-6.81,20578739.0,18.32,-8811873.0,-7.85,-4114415.0,-3.66,-38,1.369,1.37,1684458496.0,2306023681,2306023681,2026-08-24,2026-08-24 13:39:42+08:00
560020,红利ETF汇添富,1.134,1.1345,0.04,0.013,1.16,33484,3792911.0,1.12,1.138,1.12,1.121,1.61,2.47,1.89,-1.92,19985.0,13499.0,149149.0,3.93,259379.0,6.84,-110230.0,-2.91,-107737.0,-2.84,-41411.0,-1.09,-489,1.134,1.135,135562000.0,153727308,153727308,2026-08-24,2026-08-24 13:39:37+08:00
515300,300红利低波ETF嘉实,1.306,1.3056,-0.03,0.015,1.16,495358,64500243.0,1.29,1.307,1.287,1.291,1.55,1.46,0.87,4.24,250374.0,244984.0,6531345.0,10.13,7212604.0,11.18,-681259.0,-1.06,-7204957.0,-11.17,673613.0,1.04,662,1.305,1.306,3400175200.0,4440628811,4440628811,2026-08-24,2026-08-24 13:39:43+08:00
512640,金融地产ETF嘉实,2.382,2.3817,-0.01,0.027,1.15,4692,1115691.0,2.355,2.39,2.344,2.355,1.95,2.32,0.62,19.9,210.0,4482.0,-89138.0,-7.99,0.0,0.0,-89138.0,-7.99,93425.0,8.37,-4287.0,-0.38,10,2.379,2.381,20240900.0,48213824,48213824,2026-08-24,2026-08-24 13:39:45+08:00
560670,银行ETF华泰柏瑞,1.069,1.0706,0.15,0.012,1.14,101019,10766134.0,1.053,1.072,1.051,1.057,1.99,17.73,0.84,-0.87,53033.0,47986.0,559787.0,5.2,574666.0,5.34,-14879.0,-0.14,-177907.0,-1.65,-381881.0,-3.55,1170,1.069,1.07,56974000.0,60905206,60905206,2026-08-24,2026-08-24 13:39:37+08:00
510720,红利国企ETF国泰,1.075,1.0753,0.03,0.012,1.13,1224631,131442312.0,1.063,1.081,1.063,1.063,1.69,7.03,1.51,-7.6,872594.0,352037.0,34843157.0,26.51,43474071.0,33.07,-8630914.0,-6.57,-19547234.0,-14.87,-15295923.0,-11.64,-199,1.075,1.076,1741766000.0,1872398450,1872398450,2026-08-24,2026-08-24 13:39:49+08:00
561060,国企红利ETF华安,1.175,1.1751,0.01,0.013,1.12,2092,244675.0,1.162,1.178,1.157,1.162,1.81,0.38,0.28,-4.3,744.0,1348.0,119557.0,48.86,0.0,0.0,119557.0,48.86,2933.0,1.2,-122491.0,-50.06,-24,1.174,1.175,54565000.0,64113875,64113875,2026-08-24,2026-08-24 13:39:39+08:00
515180,红利ETF易方达,1.449,1.4497,0.05,0.016,1.12,2273176,329202350.0,1.43,1.455,1.43,1.433,1.74,1.78,1.73,-4.65,1386875.0,886301.0,52466733.0,15.94,84098932.0,25.55,-31632199.0,-9.61,-23328904.0,-7.09,-29137828.0,-8.85,-171,1.449,1.45,12748636928.0,18472774909,18472774909,2026-08-24,2026-08-24 13:39:44+08:00
159655,标普500ETF华夏,2.025,1.8773,-7.87,0.022,1.1,575285,115738632.9,2.008,2.026,2.003,2.003,1.15,2.66,0.99,13.84,318955.0,256330.0,-2058550.0,-1.78,-4113036.0,-3.55,2054486.0,1.78,-7156829.0,-6.18,9215378.0,7.96,57,2.024,2.025,2162143040.0,4378339656,4378339656,2026-08-24,2026-08-24 13:39:54+08:00
159063,粮食ETF南方,1.016,1.0145,-0.15,0.011,1.09,197079,20034207.412,1.0,1.028,0.999,1.005,2.89,33.41,1.15,-16.05,82800.0,114279.0,301143.0,1.5,-2629012.0,-13.12,2930155.0,14.63,-101021.0,-0.5,-200121.0,-1.0,-20,1.016,1.017,58986647.0,59930433,59930433,2026-08-24,2026-08-24 13:40:03+08:00
159940,金融地产ETF广发,1.21,1.2108,0.07,0.013,1.09,10384,1251134.8,1.197,1.213,1.197,1.197,1.34,0.36,1.62,28.73,7465.0,2919.0,289857.0,23.17,2759.0,0.22,287098.0,22.95,-156987.0,-12.55,-132870.0,-10.62,-1,1.209,1.211,287059984.0,347342581,347342581,2026-08-24,2026-08-24 13:39:51+08:00
159589,红利ETF广发,1.113,1.1144,0.13,0.012,1.09,54342,6041512.1,1.101,1.118,1.101,1.101,1.54,2.23,0.76,2.29,35047.0,19295.0,677011.0,11.21,-325899.0,-5.39,1002910.0,16.6,-76703.0,-1.27,-600308.0,-9.94,-39,1.113,1.114,243590005.0,271115676,271115676,2026-08-24,2026-08-24 13:39:54+08:00
159933,金融地产ETF国投瑞银,2.895,2.9029,0.27,0.031,1.08,377,109074.7,2.868,2.903,2.868,2.864,1.22,0.1,0.45,-0.03,188.0,189.0,-90608.0,-83.07,0.0,0.0,-90608.0,-83.07,14427.0,13.23,76180.0,69.84,-18,2.894,2.898,36378943.0,105317040,105317040,2026-08-24,2026-08-24 13:39:51+08:00
515080,中证红利ETF招商,1.599,1.6,0.06,0.017,1.07,2797816,446878097.0,1.582,1.605,1.58,1.582,1.58,3.88,1.8,-13.55,1717857.0,1079959.0,121002201.0,27.08,150021235.0,33.57,-29019034.0,-6.49,-74564109.0,-16.69,-46438093.0,-10.39,-272,1.599,1.6,7216148992.0,11538622238,11538622238,2026-08-24,2026-08-24 13:39:43+08:00
159581,红利ETF万家,1.079,1.0804,0.13,0.011,1.03,241441,26026645.9,1.067,1.083,1.067,1.068,1.5,1.86,1.8,2.02,146103.0,95338.0,5678405.0,21.82,5949352.0,22.86,-270947.0,-1.04,-2811645.0,-10.8,-2866760.0,-11.01,-10,1.079,1.08,1295225712.0,1397548543,1397548543,2026-08-24,2026-08-24 13:39:54+08:00
159518,标普油气ETF嘉实,1.276,1.2793,0.26,0.013,1.03,1969295,250508148.6,1.263,1.281,1.26,1.263,1.66,11.86,0.9,3.88,1197439.0,771856.0,10606797.0,4.23,8124701.0,3.24,2482096.0,0.99,-7283559.0,-2.91,-3323238.0,-1.33,550,1.275,1.276,1660325376.0,2118575180,2118575180,2026-08-24,2026-08-24 13:40:00+08:00
159332,央企红利ETF富国,1.226,1.2257,-0.02,0.012,0.99,16529,2026864.356,1.22,1.23,1.216,1.214,1.15,1.85,1.77,6.96,6654.0,9875.0,396439.0,19.56,553155.0,27.29,-156716.0,-7.73,-207112.0,-10.22,-189328.0,-9.34,-969,1.224,1.226,89521477.0,109753331,109753331,2026-08-24,2026-08-24 13:39:54+08:00
530880,红利国企ETF银河,1.131,1.1312,0.02,0.011,0.98,8010,905524.0,1.12,1.137,1.119,1.12,1.61,2.09,1.17,2.2,5353.0,2657.0,125479.0,13.86,0.0,0.0,125479.0,13.86,-3993.0,-0.44,-121486.0,-13.42,-7,1.13,1.132,38336000.0,43358016,43358016,2026-08-24,2026-08-24 13:39:35+08:00
159985,豆粕ETF华夏,2.184,2.131,-2.49,0.021,0.97,843621,184056825.4,2.168,2.191,2.168,2.163,1.06,5.43,0.71,27.82,507388.0,336233.0,-4818000.0,-2.62,3184132.0,1.73,-8002132.0,-4.35,8588429.0,4.67,-3770431.0,-2.05,100,2.183,2.184,1554724064.0,3395517356,3395517356,2026-08-24,2026-08-24 13:39:48+08:00
159263,价值ETF易方达,1.154,1.1525,-0.13,0.011,0.96,1748162,201101698.695,1.141,1.156,1.14,1.143,1.4,2.92,1.22,-6.57,990567.0,757595.0,20030876.0,9.96,39906964.0,19.84,-19876088.0,-9.88,-17835947.0,-8.87,-2194930.0,-1.09,1435,1.153,1.154,5992105216.0,6914889419,6914889419,2026-08-24,2026-08-24 13:40:00+08:00
512890,红利低波ETF华泰柏瑞,1.187,1.188,0.08,0.011,0.94,5292784,626392748.0,1.172,1.19,1.171,1.176,1.62,1.89,1.25,-5.26,3265727.0,2027057.0,87167019.0,13.92,148505000.0,23.71,-61337981.0,-9.79,-57096233.0,-9.12,-30233641.0,-4.83,307,1.186,1.187,28066110720.0,33314473425,33314473425,2026-08-24,2026-08-24 13:39:46+08:00
563020,红利低波ETF易方达,1.179,1.1794,0.03,0.011,0.94,2185627,257245728.0,1.165,1.182,1.164,1.168,1.54,2.0,1.37,32.39,1120145.0,1065482.0,59456572.0,23.11,71793888.0,27.91,-12337316.0,-4.8,-46013636.0,-17.89,-13442936.0,-5.23,84,1.178,1.179,10926909952.0,12882826833,12882826833,2026-08-24,2026-08-24 13:39:35+08:00
561450,红利低波50ETF华泰柏瑞,0.969,0.9689,-0.01,0.009,0.94,65106,6306832.0,0.96,0.971,0.959,0.96,1.25,7.35,1.97,12.3,48948.0,16158.0,621315.0,9.85,-824722.0,-13.08,1446037.0,22.93,-427094.0,-6.77,-194220.0,-3.08,-4116,0.969,0.97,88624300.0,85876947,85876947,2026-08-24,2026-08-24 13:39:34+08:00
512410,银行ETF广发,1.101,1.1033,0.21,0.01,0.92,115612,12684016.0,1.085,1.105,1.082,1.091,2.11,19.98,0.76,1.56,61457.0,54155.0,2500346.0,19.71,1623161.0,12.8,877185.0,6.92,-2357275.0,-18.58,-143071.0,-1.13,-130,1.101,1.103,57871700.0,63716742,63716742,2026-08-24,2026-08-24 13:39:35+08:00
159515,国企红利ETF鹏扬,1.209,1.2097,0.06,0.011,0.92,5952,718729.3,1.199,1.212,1.199,1.198,1.09,1.78,0.58,3.37,2549.0,3403.0,91581.0,12.74,16231.0,2.26,75350.0,10.48,6140.0,0.85,-97721.0,-13.6,-2,1.208,1.209,33386631.0,40364437,40364437,2026-08-24,2026-08-24 13:39:54+08:00
560570,A500红利ETF国联安,0.999,0.9975,-0.15,0.009,0.91,164087,16356211.0,0.992,1.0,0.986,0.99,1.41,1.41,0.91,3.02,105718.0,58369.0,-1579445.0,-9.66,84338.0,0.52,-1663783.0,-10.17,1161371.0,7.1,418075.0,2.56,90,0.998,0.999,1160541200.0,1159380659,1159380659,2026-08-24,2026-08-24 13:39:38+08:00
159547,红利低波ETF华夏,1.214,1.2138,-0.02,0.011,0.91,840649,101839097.0,1.199,1.216,1.197,1.203,1.58,6.59,1.08,20.74,464590.0,376059.0,1640157.0,1.61,6230574.0,6.12,-4590417.0,-4.51,-2155068.0,-2.12,514911.0,0.51,47,1.213,1.214,1275286080.0,1548197301,1548197301,2026-08-24,2026-08-24 13:39:57+08:00
159079,价值ETF兴全,1.005,1.0058,0.08,0.009,0.9,86686,8707398.771,0.996,1.007,0.995,0.996,1.2,7.97,1.9,-20.38,43316.0,43371.0,1859536.0,21.36,2200165.0,25.27,-340629.0,-3.91,-1583456.0,-18.19,-276080.0,-3.17,-500,1.004,1.005,108806830.0,109350864,109350864,2026-08-24,2026-08-24 13:39:57+08:00
159021,大盘价值ETF华夏,1.008,1.009,0.1,0.009,0.9,43072,4337048.214,0.995,1.009,0.995,0.999,1.4,4.44,2.48,-35.45,21458.0,21614.0,-375084.0,-8.65,-1008146.0,-23.24,633062.0,14.6,-457968.0,-10.56,833051.0,19.21,342,1.007,1.008,96907712.0,97682974,97682974,2026-08-24,2026-08-24 13:40:00+08:00
520830,沙特ETF华泰柏瑞,0.906,0.8963,-1.08,0.008,0.89,204461,18514137.0,0.902,0.907,0.902,0.898,0.56,1.83,2.73,6.56,106699.0,97762.0,5369753.0,29.0,2597504.0,14.03,2772249.0,14.97,-3546515.0,-19.16,-1830667.0,-9.89,82,0.905,0.906,1120119008.0,1014827821,1014827821,2026-08-24,2026-08-24 13:39:39+08:00
560150,红利低波ETF泰康,1.136,1.1362,0.02,0.01,0.89,34223,3880732.0,1.123,1.138,1.122,1.126,1.42,0.5,0.86,3.46,14760.0,19463.0,995992.0,25.67,0.0,0.0,995992.0,25.67,-310345.0,-8.0,-685647.0,-17.67,-102,1.135,1.136,684279296.0,777341280,777341280,2026-08-24,2026-08-24 13:39:34+08:00
563690,红利低波ETF永赢,1.026,1.0254,-0.06,0.009,0.88,14836,1521878.0,1.018,1.027,1.018,1.017,0.88,4.25,1.05,-7.01,6513.0,8323.0,168941.0,11.1,0.0,0.0,168941.0,11.1,-66645.0,-4.38,-102296.0,-6.72,-109,1.026,1.027,34882000.0,35788932,35788932,2026-08-24,2026-08-24 13:39:33+08:00
159355,800红利低波ETF华宝,1.043,1.0425,-0.05,0.009,0.87,6197,644572.5,1.034,1.043,1.034,1.034,0.87,0.72,1.46,28.24,3736.0,2461.0,80280.0,12.45,93060.0,14.44,-12780.0,-1.98,-53907.0,-8.36,-26373.0,-4.09,1744,1.041,1.043,86234277.0,89942351,89942351,2026-08-24,2026-08-24 13:39:54+08:00
159587,粮食ETF广发,1.166,1.1653,-0.06,0.01,0.87,473573,55223864.8,1.15,1.181,1.148,1.156,2.85,18.39,0.87,5.88,272601.0,200972.0,617342.0,1.12,142285.0,0.26,475057.0,0.86,9567.0,0.02,-626909.0,-1.14,4,1.165,1.166,257447031.0,300183238,300183238,2026-08-24,2026-08-24 13:39:54+08:00
159085,价值ETF永赢,1.039,1.0394,0.04,0.009,0.87,5374,557819.491,1.03,1.04,1.03,1.03,0.97,1.56,0.33,-3.28,1920.0,3454.0,191878.0,34.4,0.0,0.0,191878.0,34.4,-147853.0,-26.51,-44024.0,-7.89,-6,1.039,1.04,34535454.0,35882337,35882337,2026-08-24,2026-08-24 13:39:57+08:00
159931,金融地产ETF汇添富,1.858,1.8605,0.13,0.016,0.87,732,135226.3,1.835,1.863,1.835,1.842,1.52,0.41,1.13,-5.48,115.0,617.0,87220.0,64.5,0.0,0.0,87220.0,64.5,-73907.0,-54.65,-13314.0,-9.85,-4,1.857,1.862,17828511.0,33125373,33125373,2026-08-24,2026-08-24 13:39:51+08:00
563180,高股息ETF银华,1.166,1.1672,0.1,0.01,0.87,20670,2406265.0,1.156,1.171,1.156,1.156,1.3,2.04,0.89,-1.76,11668.0,9002.0,432911.0,17.99,55306.0,2.3,377605.0,15.69,-195840.0,-8.14,-237072.0,-9.85,-2,1.166,1.167,101420000.0,118255720,118255720,2026-08-24,2026-08-24 13:39:33+08:00
159033,粮食ETF国泰,0.962,0.9621,0.01,0.008,0.84,255439,24612743.042,0.95,0.975,0.948,0.954,2.83,19.45,0.84,4.42,125989.0,129450.0,235395.0,0.96,-1876883.0,-7.63,2112278.0,8.58,-207725.0,-0.84,-27671.0,-0.11,31,0.961,0.962,131323473.0,126333181,126333181,2026-08-24,2026-08-24 13:40:03+08:00
563980,800红利低波ETF鑫元,0.975,0.9748,-0.02,0.008,0.83,40242,3918168.0,0.966,0.976,0.965,0.967,1.14,2.13,1.19,9.3,17960.0,22282.0,67565.0,1.72,0.0,0.0,67565.0,1.72,-42603.0,-1.09,-24963.0,-0.64,-1880,0.974,0.975,188967000.0,184242825,184242825,2026-08-24,2026-08-24 13:39:26+08:00
512750,基本面50ETF嘉实,1.45,1.4511,0.08,0.012,0.83,17156,2485034.0,1.437,1.453,1.437,1.438,1.11,3.69,1.23,-0.05,5805.0,11351.0,-67912.0,-2.73,0.0,0.0,-67912.0,-2.73,0.0,0.0,67912.0,2.73,-86,1.449,1.452,46554900.0,67504605,67504605,2026-08-24,2026-08-24 13:39:48+08:00
560520,红利低波100ETF大成,1.096,1.0947,-0.12,0.009,0.83,5119,561198.0,1.087,1.097,1.087,1.087,0.92,1.05,1.37,-1.21,466.0,4653.0,-23999.0,-4.28,0.0,0.0,-23999.0,-4.28,33019.0,5.88,-9021.0,-1.61,-2280,1.095,1.096,48751000.0,53431096,53431096,2026-08-24,2026-08-24 13:39:32+08:00
159525,红利低波ETF富国,1.106,1.1073,0.12,0.009,0.82,170291,18792012.1,1.097,1.109,1.092,1.097,1.55,3.74,1.25,-29.47,101488.0,68803.0,-291769.0,-1.55,-1177788.0,-6.27,886019.0,4.71,1037313.0,5.52,-745545.0,-3.97,-33,1.106,1.107,455743744.0,504052581,504052581,2026-08-24,2026-08-24 13:39:57+08:00
561580,央企红利ETF华泰柏瑞,1.252,1.2527,0.06,0.01,0.81,580332,72636400.0,1.239,1.257,1.239,1.242,1.45,2.87,1.35,-0.4,390727.0,189605.0,22860190.0,31.47,18831025.0,25.93,4029165.0,5.55,-12734174.0,-17.53,-10126015.0,-13.94,32,1.251,1.252,2025370704.0,2535764121,2535764121,2026-08-24,2026-08-24 13:39:36+08:00
560330,沪深300价值ETF申万菱信,1.237,1.235,-0.16,0.01,0.81,969,119447.0,1.227,1.239,1.227,1.227,0.98,0.57,0.34,4.62,682.0,287.0,-26190.0,-21.93,0.0,0.0,-26190.0,-21.93,1350.0,1.13,24839.0,20.79,-1,1.234,1.237,17130000.0,21189810,21189810,2026-08-24,2026-08-24 13:39:16+08:00
561680,A500红利低波ETF平安,0.993,0.9925,-0.05,0.008,0.81,5943,588842.0,0.987,0.994,0.987,0.985,0.71,1.02,0.69,0.35,3017.0,2926.0,-212336.0,-36.06,0.0,0.0,-212336.0,-36.06,201929.0,34.29,10408.0,1.77,-5,0.991,0.993,58169000.0,57761817,57761817,2026-08-24,2026-08-24 13:39:31+08:00
562550,绿电ETF华夏,1.121,1.1202,-0.07,0.009,0.81,498105,55841500.0,1.117,1.124,1.117,1.112,0.63,3.2,1.03,-10.82,259516.0,238589.0,2087121.0,3.74,3082616.0,5.52,-995495.0,-1.78,-1350583.0,-2.42,-736538.0,-1.32,20,1.12,1.121,1555919296.0,1744185531,1744185531,2026-08-24,2026-08-24 13:39:34+08:00
159073,粮食ETF汇添富,1.002,1.0048,0.28,0.008,0.8,160787,16089655.335,0.992,1.011,0.986,0.994,2.52,9.23,0.22,22.16,100905.0,59882.0,-750409.0,-4.66,-1425632.0,-8.86,675223.0,4.2,952941.0,5.92,-202531.0,-1.26,380,1.001,1.002,174173864.0,174522212,174522212,2026-08-24,2026-08-24 13:40:03+08:00
159098,价值ETF招商,1.004,1.0057,0.17,0.008,0.8,175683,17647828.439,0.994,1.008,0.994,0.996,1.41,10.53,2.48,-18.38,103623.0,72060.0,3792010.0,21.49,7573883.0,42.92,-3781873.0,-21.43,-3085911.0,-17.49,-706098.0,-4.0,-1000,1.003,1.004,166891589.0,167559155,167559155,2026-08-24,2026-08-24 13:40:03+08:00
159042,价值ETF汇添富,1.004,1.0045,0.05,0.008,0.8,57712,5789681.014,0.998,1.005,0.998,0.996,0.7,5.56,4.14,7.39,39743.0,17969.0,428539.0,7.4,342169.0,5.91,86370.0,1.49,-405971.0,-7.01,-22569.0,-0.39,400,1.003,1.004,103801105.0,104216309,104216309,2026-08-24,2026-08-24 13:40:03+08:00
515450,红利低波50ETF南方,1.409,1.4094,0.03,0.011,0.79,975797,137099106.0,1.395,1.411,1.394,1.398,1.22,0.69,0.84,47.93,563606.0,412191.0,30247392.0,22.06,22711798.0,16.57,7535594.0,5.5,-17502914.0,-12.77,-12744479.0,-9.3,-58,1.409,1.41,14165835008.0,19959661526,19959661526,2026-08-24,2026-08-24 13:39:44+08:00
159698,粮食ETF鹏华,0.904,0.9031,-0.1,0.007,0.78,1043466,94310301.9,0.892,0.916,0.891,0.897,2.79,7.22,0.68,47.22,591682.0,451784.0,-2145259.0,-2.27,-4859604.0,-5.15,2714345.0,2.88,776813.0,0.82,1368447.0,1.45,50,0.903,0.904,1444444384.0,1305777723,1305777723,2026-08-24,2026-08-24 13:39:51+08:00
159038,粮食ETF易方达,0.91,0.9092,-0.09,0.007,0.78,206511,18797702.907,0.903,0.922,0.897,0.903,2.77,9.93,0.6,1.25,114181.0,92330.0,378633.0,2.01,1199217.0,6.38,-820584.0,-4.37,-279839.0,-1.49,-98794.0,-0.53,-6,0.91,0.911,208026939.0,189304514,189304514,2026-08-24,2026-08-24 13:40:03+08:00
517900,银行AH优选ETF招商,1.551,1.55,-0.06,0.012,0.78,129157,19985733.0,1.54,1.553,1.533,1.539,1.3,3.19,0.8,-7.44,72778.0,56379.0,2460403.0,12.31,-1571890.0,-7.87,4032293.0,20.18,-293318.0,-1.47,-2167085.0,-10.84,74,1.55,1.551,404993504.0,628144925,628144925,2026-08-24,2026-08-24 13:39:41+08:00
515210,钢铁ETF国泰,1.17,1.1693,-0.06,0.009,0.78,563655,66125356.0,1.159,1.178,1.159,1.161,1.64,6.07,1.66,13.61,296240.0,267415.0,1537096.0,2.32,11152748.0,16.87,-9615652.0,-14.54,-829482.0,-1.25,-707615.0,-1.07,97,1.169,1.17,928226096.0,1086024532,1086024532,2026-08-24,2026-08-24 13:39:44+08:00
560730,红利低波ETF国泰海通,1.043,1.0454,0.23,0.008,0.77,40141,4189638.0,1.033,1.047,1.031,1.035,1.55,4.23,1.41,-1.33,29857.0,10284.0,880046.0,21.01,756650.0,18.06,123396.0,2.95,-609420.0,-14.55,-270627.0,-6.46,-100,1.043,1.045,94836300.0,98914261,98914261,2026-08-24,2026-08-24 13:39:38+08:00
515650,消费50ETF富国,1.066,1.0652,-0.08,0.008,0.76,520850,55307283.0,1.058,1.068,1.054,1.058,1.32,1.71,1.19,-1.49,226440.0,294410.0,-11498735.0,-20.79,4564252.0,8.25,-16062987.0,-29.04,6116456.0,11.06,5382279.0,9.73,174,1.065,1.066,3045184000.0,3246166144,3246166144,2026-08-24,2026-08-24 13:39:43+08:00
560620,公用事业ETF万家,0.944,0.9439,-0.01,0.007,0.75,2901,273553.0,0.938,0.945,0.938,0.937,0.75,1.06,0.66,9.27,1677.0,1224.0,18927.0,6.92,0.0,0.0,18927.0,6.92,-16672.0,-6.09,-2256.0,-0.82,200,0.943,0.944,27367000.0,25834448,25834448,2026-08-24,2026-08-24 13:39:30+08:00
520610,港股红利低波ETF银华,0.955,0.9499,-0.54,0.007,0.74,377674,36076743.0,0.952,0.963,0.948,0.948,1.58,11.48,10.78,-17.06,258403.0,119271.0,-10693980.0,-29.64,-11093360.0,-30.75,399380.0,1.11,7186307.0,19.92,3507672.0,9.72,1518,0.954,0.955,328963008.0,314159673,314159673,2026-08-24,2026-08-24 13:39:39+08:00
516130,消费龙头ETF华宝,0.683,0.6832,0.03,0.005,0.74,365504,24905247.0,0.677,0.684,0.676,0.678,1.18,2.33,3.99,3.09,315622.0,49882.0,-11183576.0,-44.9,-12540323.0,-50.35,1356747.0,5.45,9571761.0,38.43,1611817.0,6.47,230,0.682,0.683,1568890000.0,1071551870,1071551870,2026-08-24,2026-08-24 13:39:42+08:00
512690,酒ETF鹏华,0.422,0.423,0.24,0.003,0.72,7151865,302102285.0,0.419,0.425,0.418,0.419,1.67,2.21,1.04,3.3,4261584.0,2890281.0,21757715.0,7.2,41653589.0,13.79,-19895874.0,-6.59,-17806026.0,-5.89,-3951690.0,-1.31,-170,0.422,0.423,32307550208.0,13633786188,13633786188,2026-08-24,2026-08-24 13:39:48+08:00
562960,绿色电力ETF易方达,1.123,1.1233,0.03,0.008,0.72,166794,18741192.0,1.116,1.126,1.116,1.115,0.9,1.33,0.82,18.07,93719.0,73075.0,1399626.0,7.47,483226.0,2.58,916400.0,4.89,-757524.0,-4.04,-642102.0,-3.43,1097,1.123,1.124,1256391008.0,1410927102,1410927102,2026-08-24,2026-08-24 13:39:34+08:00
560720,红利低波100ETF工银,0.981,0.9818,0.08,0.007,0.72,23466,2295123.0,0.974,0.982,0.974,0.974,0.82,2.31,0.81,7.1,16298.0,7168.0,347519.0,15.14,0.0,0.0,347519.0,15.14,-287360.0,-12.52,-60159.0,-2.62,50,0.98,0.981,101548000.0,99618588,99618588,2026-08-24,2026-08-24 13:39:37+08:00
159030,粮食ETF华夏,0.848,0.8489,0.11,0.006,0.71,208176,17652482.896,0.838,0.861,0.836,0.842,2.97,5.86,0.6,7.97,111354.0,96822.0,138709.0,0.79,-2168123.0,-12.28,2306832.0,13.07,85030.0,0.48,-223739.0,-1.27,-286,0.848,0.85,354968176.0,301013013,301013013,2026-08-24,2026-08-24 13:40:03+08:00
159067,绿色电力ETF鹏华,1.004,1.0043,0.03,0.007,0.7,3111,312754.704,0.998,1.007,0.998,0.997,0.9,1.49,0.61,-12.24,2360.0,751.0,71531.0,22.87,0.0,0.0,71531.0,22.87,-57101.0,-18.26,-14430.0,-4.61,-1,1.003,1.005,20908737.0,20992372,20992372,2026-08-24,2026-08-24 13:40:03+08:00
159670,消费50ETF国联安,0.865,0.866,0.12,0.006,0.7,28905,2494033.8,0.857,0.867,0.857,0.859,1.16,5.19,1.23,-4.71,14747.0,14158.0,160660.0,6.44,129150.0,5.18,31510.0,1.26,-80684.0,-3.24,-79975.0,-3.21,1500,0.865,0.866,55706921.0,48186487,48186487,2026-08-24,2026-08-24 13:39:54+08:00
563510,A500红利低波ETF易方达,1.002,1.0024,0.04,0.007,0.7,43002,4300504.0,0.995,1.003,0.992,0.995,1.11,1.46,0.66,-9.25,28254.0,14748.0,607090.0,14.12,1671781.0,38.87,-1064691.0,-24.76,-492974.0,-11.46,-114116.0,-2.65,1,1.001,1.002,294537008.0,295126082,295126082,2026-08-24,2026-08-24 13:39:31+08:00
159037,价值ETF鹏华,1.002,1.003,0.1,0.007,0.7,28843,2890872.997,0.994,1.003,0.994,0.995,0.9,3.78,2.99,-25.25,22852.0,5991.0,191059.0,6.61,1673853.0,57.9,-1482794.0,-51.29,-195979.0,-6.78,4920.0,0.17,-1199,1.0,1.002,76249832.0,76402332,76402332,2026-08-24,2026-08-24 13:39:57+08:00
560460,电力ETF平安,0.89,0.8908,0.09,0.006,0.68,28824,2567920.0,0.886,0.893,0.882,0.884,1.24,0.99,1.12,-10.06,17990.0,10834.0,545425.0,21.24,445893.0,17.36,99532.0,3.88,-326239.0,-12.7,-219187.0,-8.54,84,0.889,0.89,292037008.0,259912937,259912937,2026-08-24,2026-08-24 13:39:28+08:00
516370,电力ETF汇添富,0.907,0.9078,0.09,0.006,0.67,88210,8003453.0,0.901,0.909,0.901,0.901,0.89,2.86,1.11,-5.24,57318.0,30892.0,611056.0,7.63,1493022.0,18.65,-881966.0,-11.02,-214029.0,-2.67,-397028.0,-4.96,-100,0.906,0.907,308408000.0,279726056,279726056,2026-08-24,2026-08-24 13:39:42+08:00
515480,红利低波100ETF南方,1.061,1.0603,-0.07,0.007,0.66,20884,2212929.0,1.05,1.061,1.05,1.054,1.04,8.24,0.71,4.58,12373.0,8511.0,323702.0,14.63,584060.0,26.39,-260358.0,-11.77,-295816.0,-13.37,-27885.0,-1.26,-3980,1.06,1.061,25340700.0,26886483,26886483,2026-08-24,2026-08-24 13:39:43+08:00
159061,绿色电力ETF南方,0.913,0.9123,-0.08,0.006,0.66,52591,4801033.12,0.907,0.916,0.907,0.907,0.99,2.39,1.56,-10.73,24344.0,28247.0,-49349.0,-1.03,-456000.0,-9.5,406651.0,8.47,-5672.0,-0.12,55021.0,1.15,-8,0.912,0.913,219640230.0,200531530,200531530,2026-08-24,2026-08-24 13:40:03+08:00
159520,消费龙头ETF工银,0.92,0.9195,-0.05,0.006,0.66,72547,6657870.0,0.913,0.922,0.913,0.914,0.98,4.71,1.35,9.5,35516.0,37031.0,-201684.0,-3.03,32431.0,0.49,-234115.0,-3.52,202232.0,3.04,-548.0,-0.01,-10,0.919,0.92,154177649.0,141843437,141843437,2026-08-24,2026-08-24 13:40:00+08:00
562350,电力ETF银华,1.081,1.0823,0.12,0.007,0.65,77992,8440659.0,1.076,1.085,1.076,1.074,0.84,5.63,1.07,-7.15,38840.0,39152.0,395550.0,4.69,-597826.0,-7.08,993376.0,11.77,-40141.0,-0.48,-355410.0,-4.21,-2000,1.081,1.082,138410900.0,149622183,149622183,2026-08-24,2026-08-24 13:39:36+08:00
515170,食品饮料ETF华夏,0.465,0.4646,-0.09,0.003,0.65,997854,46281823.0,0.463,0.466,0.461,0.462,1.08,1.16,0.89,22.28,448695.0,549159.0,2066750.0,4.47,579858.0,1.25,1486892.0,3.21,-1025472.0,-2.22,-1041277.0,-2.25,9,0.464,0.465,8605757952.0,4001677448,4001677448,2026-08-24,2026-08-24 13:39:43+08:00
561700,电力ETF博时,1.088,1.0891,0.1,0.007,0.65,27553,3002821.0,1.083,1.093,1.082,1.081,1.02,0.78,0.63,-2.07,11175.0,16378.0,421817.0,14.05,1090108.0,36.3,-668291.0,-22.26,-362473.0,-12.07,-59346.0,-1.98,-17,1.088,1.089,353313600.0,384405197,384405197,2026-08-24,2026-08-24 13:39:36+08:00
515630,证券保险ETF鹏华,1.251,1.2517,0.06,0.008,0.64,212087,26512879.0,1.239,1.259,1.239,1.243,1.61,2.2,0.7,10.37,107605.0,104482.0,1902801.0,7.18,2646780.0,9.98,-743979.0,-2.81,-1069884.0,-4.04,-832917.0,-3.14,1,1.25,1.251,962717696.0,1204359838,1204359838,2026-08-24,2026-08-24 13:39:44+08:00
515100,红利低波100ETF景顺,1.406,1.4066,0.04,0.009,0.64,479411,67235497.0,1.392,1.408,1.392,1.397,1.15,1.3,0.93,-8.79,253289.0,226122.0,16435164.0,24.44,11011167.0,16.38,5423997.0,8.07,-14928155.0,-22.2,-1507010.0,-2.24,-7,1.406,1.407,3682691504.0,5177864255,5177864255,2026-08-24,2026-08-24 13:39:44+08:00
159031,粮食ETF博时,0.942,0.9419,-0.01,0.006,0.64,39079,3681118.013,0.935,0.954,0.926,0.936,2.99,0.71,0.37,-0.52,15539.0,23540.0,68485.0,1.86,904312.0,24.57,-835827.0,-22.71,-70432.0,-1.91,1947.0,0.05,-96,0.942,0.944,552028624.0,520010964,520010964,2026-08-24,2026-08-24 13:40:03+08:00
159719,国企ETF平安,1.602,1.6065,0.28,0.01,0.63,11692,1872740.7,1.591,1.605,1.59,1.592,0.94,4.46,1.02,7.62,4564.0,7128.0,386482.0,20.64,0.0,0.0,386482.0,20.64,-366697.0,-19.58,-19785.0,-1.06,2,1.602,1.603,26195986.0,41965970,41965970,2026-08-24,2026-08-24 13:39:51+08:00
561170,绿色电力ETF富国,1.126,1.1271,0.1,0.007,0.63,266230,30008428.0,1.125,1.13,1.124,1.119,0.54,4.86,1.18,5.01,132503.0,133727.0,1583874.0,5.28,-183310.0,-0.61,1767184.0,5.89,-1599110.0,-5.33,15235.0,0.05,-865,1.126,1.127,547532704.0,616521825,616521825,2026-08-24,2026-08-24 13:39:38+08:00
563590,A500红利低波动ETF国寿,0.979,0.9787,-0.03,0.006,0.62,575,56178.0,0.977,0.979,0.977,0.973,0.21,0.09,0.35,-1.33,4.0,571.0,54614.0,97.22,0.0,0.0,54614.0,97.22,-47189.0,-84.0,-7425.0,-13.22,1,0.977,0.981,61944400.0,60643568,60643568,2026-08-24,2026-08-24 13:39:08+08:00
159158,电力ETF景顺,0.987,0.987,0.0,0.006,0.61,206382,20374053.6,0.982,0.99,0.982,0.981,0.82,2.29,1.13,-3.92,106759.0,99623.0,1861990.0,9.14,1752195.0,8.6,109795.0,0.54,-1429152.0,-7.01,-432838.0,-2.12,2,0.986,0.987,901035344.0,889321885,889321885,2026-08-24,2026-08-24 13:39:57+08:00
159083,红利低波100ETF嘉实,0.996,0.9955,-0.05,0.006,0.61,46337,4602654.869,0.99,0.996,0.985,0.99,1.11,1.9,0.82,-18.96,31651.0,14686.0,698065.0,15.17,2374673.0,51.59,-1676608.0,-36.43,-521475.0,-11.33,-176590.0,-3.84,559,0.994,0.995,244370472.0,243392990,243392990,2026-08-24,2026-08-24 13:39:54+08:00
159146,电力ETF华宝,0.996,0.9963,0.03,0.006,0.61,190484,18979127.4,0.989,0.999,0.989,0.99,1.01,2.6,1.27,-0.9,110260.0,80224.0,1787530.0,9.42,590263.0,3.11,1197267.0,6.31,-1300928.0,-6.85,-486601.0,-2.56,24,0.995,0.996,732940848.0,730009085,730009085,2026-08-24,2026-08-24 13:40:00+08:00
159059,电力ETF大成,1.009,1.0087,-0.03,0.006,0.6,62805,6338210.087,1.004,1.012,1.004,1.003,0.8,10.68,1.17,12.67,27263.0,35542.0,173756.0,2.74,0.0,0.0,173756.0,2.74,-141357.0,-2.23,-32397.0,-0.51,-99,1.008,1.009,58830063.0,59359534,59359534,2026-08-24,2026-08-24 13:39:54+08:00
562320,沪深300价值ETF银华,1.334,1.3354,0.1,0.008,0.6,19796,2639782.0,1.324,1.338,1.324,1.326,1.06,3.4,0.65,-1.73,8373.0,11423.0,-19155.0,-0.73,0.0,0.0,-19155.0,-0.73,54309.0,2.06,-35155.0,-1.33,2,1.333,1.335,58295500.0,77766197,77766197,2026-08-24,2026-08-24 13:39:35+08:00
513350,标普油气ETF富国,1.344,1.3423,-0.13,0.008,0.6,3946530,530006402.0,1.331,1.352,1.326,1.336,1.95,47.11,0.8,10.8,2148885.0,1797645.0,28577745.0,5.39,19781171.0,3.73,8796574.0,1.66,-21867266.0,-4.13,-6710481.0,-1.27,-166,1.344,1.345,837746000.0,1125930624,1125930624,2026-08-24,2026-08-24 13:39:45+08:00
520990,港股央企红利ETF景顺,1.006,1.0011,-0.49,0.006,0.6,527952,52975330.0,0.995,1.006,0.995,1.0,1.1,1.59,0.87,14.72,306122.0,221830.0,-452524.0,-0.85,2160008.0,4.08,-2612532.0,-4.93,3072577.0,5.8,-2620053.0,-4.95,100,1.005,1.006,3325470496.0,3345423319,3345423319,2026-08-24,2026-08-24 13:39:39+08:00
159549,红利低波ETF天弘,1.184,1.1837,-0.03,0.007,0.59,20220,2391311.4,1.175,1.187,1.173,1.177,1.19,0.04,0.5,10.7,15711.0,4509.0,-329922.0,-13.8,-387412.0,-16.2,57490.0,2.4,39238.0,1.64,290683.0,12.16,-1,1.184,1.185,4840523776.0,5731180151,5731180151,2026-08-24,2026-08-24 13:40:00+08:00
159625,绿色电力ETF嘉实,1.188,1.1884,0.03,0.007,0.59,150954,17947579.4,1.183,1.192,1.183,1.181,0.76,0.75,0.93,-10.36,81492.0,69462.0,579188.0,3.23,-32106.0,-0.18,611294.0,3.41,-606819.0,-3.38,27633.0,0.15,177,1.187,1.188,2018113776.0,2397519166,2397519166,2026-08-24,2026-08-24 13:39:54+08:00
159611,电力ETF广发,1.03,1.0293,-0.07,0.006,0.59,2128885,219399098.807,1.025,1.034,1.025,1.024,0.88,2.23,0.9,-24.61,1276275.0,852611.0,16981263.0,7.74,30674606.0,13.98,-13693343.0,-6.24,-7069106.0,-3.22,-9912156.0,-4.52,-910,1.03,1.031,9525562880.0,9811329766,9811329766,2026-08-24,2026-08-24 13:39:54+08:00
159798,消费ETF易方达,0.855,0.8554,0.05,0.005,0.59,143457,12256985.3,0.845,0.857,0.843,0.85,1.65,8.23,1.54,-9.83,102232.0,41225.0,-2246589.0,-18.33,-925104.0,-7.55,-1321485.0,-10.78,2514700.0,20.52,-268111.0,-2.19,-15,0.855,0.856,174245390.0,148979808,148979808,2026-08-24,2026-08-24 13:39:51+08:00
159307,红利低波100ETF博时,1.025,1.0244,-0.06,0.006,0.59,625985,63892494.4,1.016,1.026,1.015,1.019,1.08,0.87,1.12,-10.03,381430.0,244555.0,7235090.0,11.32,4924306.0,7.71,2310784.0,3.62,-6096729.0,-9.54,-1138360.0,-1.78,82,1.024,1.025,7155903488.0,7334801075,7334801075,2026-08-24,2026-08-24 13:40:00+08:00
560830,电力ETF华夏,0.889,0.8896,0.07,0.005,0.57,108847,9683464.0,0.885,0.892,0.885,0.884,0.79,1.51,0.89,-10.87,57179.0,51668.0,556428.0,5.75,1311626.0,13.55,-755198.0,-7.8,-293736.0,-3.03,-262692.0,-2.71,-300,0.889,0.89,722019008.0,641874898,641874898,2026-08-24,2026-08-24 13:39:36+08:00
560480,电力ETF招商,0.884,0.8842,0.02,0.005,0.57,36851,3257706.0,0.88,0.887,0.879,0.879,0.91,2.54,0.82,-0.95,20207.0,16644.0,876183.0,26.9,0.0,0.0,876183.0,26.9,-445483.0,-13.67,-430700.0,-13.22,4,0.883,0.884,145303000.0,128447852,128447852,2026-08-24,2026-08-24 13:39:36+08:00
159691,港股红利ETF工银,1.233,1.23,-0.24,0.007,0.57,968177,118905482.9,1.227,1.234,1.223,1.226,0.9,2.68,1.4,9.2,549902.0,418275.0,2222760.0,1.87,-4808043.0,-4.04,7030803.0,5.91,-821896.0,-0.69,-1400865.0,-1.18,786,1.232,1.233,3616301392.0,4458899616,4458899616,2026-08-24,2026-08-24 13:39:54+08:00
512140,电力ETF华安,0.905,0.905,0.0,0.005,0.56,50480,4570498.0,0.903,0.908,0.903,0.9,0.56,3.48,0.75,0.07,21118.0,29362.0,-84655.0,-1.85,0.0,0.0,-84655.0,-1.85,236349.0,5.17,-151696.0,-3.32,3000,0.904,0.905,145049000.0,131269345,131269345,2026-08-24,2026-08-24 13:39:26+08:00
159046,绿电ETF天弘,0.903,0.9026,-0.04,0.005,0.56,118515,10720960.2,0.9,0.906,0.9,0.898,0.67,2.59,1.38,24.76,33653.0,84862.0,201830.0,1.88,3752430.0,35.0,-3550600.0,-33.12,-314147.0,-2.93,112318.0,1.05,-1500,0.903,0.904,457476848.0,413101594,413101594,2026-08-24,2026-08-24 13:40:03+08:00
561560,电力ETF华泰柏瑞,1.249,1.2504,0.11,0.007,0.56,297986,37250046.0,1.241,1.254,1.241,1.242,1.05,1.51,0.87,17.4,167297.0,130689.0,4021861.0,10.8,-515476.0,-1.38,4537337.0,12.18,-2993261.0,-8.04,-1028600.0,-2.76,-135,1.249,1.25,1968624208.0,2458811636,2458811636,2026-08-24,2026-08-24 13:39:36+08:00
560580,电力ETF南方,1.086,1.0868,0.07,0.006,0.56,58493,6347206.0,1.08,1.089,1.074,1.08,1.39,1.27,0.8,-14.36,42970.0,15523.0,-288580.0,-4.55,-585686.0,-9.23,297106.0,4.68,508162.0,8.01,-219584.0,-3.46,-72,1.085,1.087,462003008.0,501735267,501735267,2026-08-24,2026-08-24 13:39:38+08:00
159669,绿色电力ETF国泰,1.094,1.0943,0.03,0.006,0.55,16367,1792903.1,1.092,1.099,1.092,1.088,0.64,0.81,0.74,6.96,10436.0,5931.0,-78160.0,-4.36,0.0,0.0,-78160.0,-4.36,102741.0,5.73,-24580.0,-1.37,-221,1.093,1.095,201754781.0,220719730,220719730,2026-08-24,2026-08-24 13:39:54+08:00
560450,电力ETF天弘,0.926,0.926,0.0,0.005,0.54,68261,6326595.0,0.921,0.929,0.921,0.921,0.87,2.7,0.76,3.17,30209.0,38052.0,147911.0,2.34,0.0,0.0,147911.0,2.34,-88122.0,-1.39,-59789.0,-0.95,300,0.925,0.926,252569000.0,233878894,233878894,2026-08-24,2026-08-24 13:39:37+08:00
560270,电力ETF工银,0.934,0.9339,-0.01,0.005,0.54,59974,5606026.0,0.928,0.938,0.928,0.929,1.08,3.58,1.02,11.0,42897.0,17077.0,130061.0,2.32,0.0,0.0,130061.0,2.32,-89291.0,-1.59,-40771.0,-0.73,6000,0.933,0.934,167439000.0,156388026,156388026,2026-08-24,2026-08-24 13:39:37+08:00
560030,800价值ETF汇添富,1.299,1.2997,0.05,0.007,0.54,988,127933.0,1.292,1.3,1.292,1.292,0.62,0.42,0.21,0.16,32.0,956.0,124425.0,97.26,0.0,0.0,124425.0,97.26,0.0,0.0,-124426.0,-97.26,-2,1.297,1.301,23432000.0,30438168,30438168,2026-08-24,2026-08-24 13:39:35+08:00
517180,中国国企ETF南方,1.511,1.5119,0.06,0.008,0.53,42421,6410959.0,1.489,1.517,1.481,1.503,2.4,4.22,1.32,5.25,23004.0,19417.0,224947.0,3.51,0.0,0.0,224947.0,3.51,-187623.0,-2.93,-37324.0,-0.58,4,1.511,1.512,100496300.0,151849909,151849909,2026-08-24,2026-08-24 13:39:39+08:00
159060,粮食ETF浦银,0.992,0.997,0.5,0.005,0.51,41969,4175093.0,0.981,1.005,0.979,0.987,2.63,9.43,0.45,33.26,35214.0,6755.0,-304190.0,-7.29,-1249869.0,-29.94,945679.0,22.65,242755.0,5.81,61435.0,1.47,-6,0.992,0.994,44483423.0,44127556,44127556,2026-08-24,2026-08-24 13:40:03+08:00
513690,港股红利ETF博时,1.179,1.178,-0.08,0.006,0.51,984945,115932405.0,1.173,1.18,1.17,1.173,0.85,3.13,1.41,7.86,533943.0,451002.0,653674.0,0.56,10296435.0,8.88,-9642761.0,-8.32,47737.0,0.04,-701410.0,-0.61,919,1.178,1.179,3148479904.0,3712057807,3712057807,2026-08-24,2026-08-24 13:39:43+08:00
520900,港股通红利ETF广发,1.009,1.0117,0.27,0.005,0.5,363186,36641879.0,1.006,1.012,1.006,1.004,0.6,2.35,0.99,10.89,163435.0,199751.0,5623733.0,15.35,1318438.0,3.6,4305295.0,11.75,-1197219.0,-3.27,-4426513.0,-12.08,-45,1.009,1.01,1546675008.0,1560595083,1560595083,2026-08-24,2026-08-24 13:39:36+08:00
159159,公用事业ETF国投瑞银,1.003,1.0029,-0.01,0.005,0.5,13401,1344197.5,0.997,1.004,0.997,0.998,0.7,1.1,0.93,12.52,5627.0,7774.0,109946.0,8.18,0.0,0.0,109946.0,8.18,-73709.0,-5.48,-36237.0,-2.7,-276,1.002,1.003,121318582.0,121682538,121682538,2026-08-24,2026-08-24 13:39:54+08:00
159228,红利低波ETF长城,1.023,1.0219,-0.11,0.005,0.49,6381,651817.3,1.016,1.024,1.015,1.018,0.88,0.58,1.48,35.75,2700.0,3681.0,-11697.0,-1.79,-14763.0,-2.26,3066.0,0.47,95517.0,14.65,-83821.0,-12.86,587,1.022,1.023,109212692.0,111724584,111724584,2026-08-24,2026-08-24 13:39:54+08:00
513030,德国ETF华安,1.895,1.8817,-0.71,0.009,0.48,529419,100436006.0,1.895,1.906,1.894,1.886,0.64,5.24,0.4,16.34,196555.0,332864.0,18003239.0,17.93,23785791.0,23.68,-5782552.0,-5.76,-14905066.0,-14.84,-3098363.0,-3.08,1024,1.894,1.895,1010779008.0,1915426220,1915426220,2026-08-24,2026-08-24 13:39:43+08:00
560930,电力ETF易方达,0.871,0.8719,0.1,0.004,0.46,41799,3644857.0,0.867,0.875,0.867,0.867,0.92,1.94,0.87,-5.1,21999.0,19800.0,1293758.0,35.5,189323.0,5.19,1104435.0,30.3,-1032727.0,-28.33,-261032.0,-7.16,-40,0.871,0.872,215524000.0,187721404,187721404,2026-08-24,2026-08-24 13:39:36+08:00
159301,公用事业ETF华夏,0.957,0.9571,0.01,0.004,0.42,125184,11984531.3,0.955,0.959,0.953,0.953,0.63,10.26,0.78,22.59,69730.0,55454.0,-128051.0,-1.07,-616410.0,-5.14,488359.0,4.07,40231.0,0.34,87820.0,0.73,-1600,0.957,0.958,121958357.0,116714148,116714148,2026-08-24,2026-08-24 13:40:00+08:00
159143,港股通央企红利ETF平安,0.963,0.9648,0.19,0.004,0.42,18301,1761312.0,0.963,0.968,0.961,0.959,0.73,3.29,1.29,-1.17,8912.0,9389.0,152534.0,8.66,0.0,0.0,152534.0,8.66,-80450.0,-4.57,-72084.0,-4.09,180,0.962,0.963,55554456.0,53498941,53498941,2026-08-24,2026-08-24 13:39:51+08:00
516900,食品饮料ETF华安,0.492,0.4928,0.16,0.002,0.41,30507,1500237.0,0.489,0.494,0.488,0.49,1.22,1.08,0.43,2.08,22500.0,8007.0,416660.0,27.77,170926.0,11.39,245734.0,16.38,-380768.0,-25.38,-35892.0,-2.39,-130,0.492,0.493,281729008.0,138610672,138610672,2026-08-24,2026-08-24 13:39:26+08:00
520660,港股通央企红利ETF南方,1.003,1.0067,0.37,0.004,0.4,588341,59082140.0,1.0,1.007,1.0,0.999,0.7,2.56,1.56,3.89,284036.0,304305.0,5916460.0,10.01,-1475851.0,-2.5,7392311.0,12.51,-500564.0,-0.85,-5415895.0,-9.17,-28,1.003,1.004,2300485504.0,2307386961,2307386961,2026-08-24,2026-08-24 13:39:38+08:00
515710,食品饮料ETF华宝,0.497,0.4972,0.04,0.002,0.4,229794,11392530.0,0.496,0.498,0.493,0.495,1.01,0.99,0.86,29.61,125104.0,104690.0,1311479.0,11.51,834257.0,7.32,477222.0,4.19,-1011393.0,-8.88,-300086.0,-2.63,2,0.496,0.497,2321599808.0,1153835105,1153835105,2026-08-24,2026-08-24 13:39:45+08:00
159296,A500红利低波ETF华宝,1.004,1.0043,0.03,0.004,0.4,7200,719372.9,0.995,1.004,0.994,1.0,1.0,1.6,0.52,10.68,6057.0,1143.0,96401.0,13.4,0.0,0.0,96401.0,13.4,-66946.0,-9.31,-29456.0,-4.09,34,1.003,1.004,45042941.0,45223113,45223113,2026-08-24,2026-08-24 13:39:54+08:00
513190,港股通金融ETF华夏,1.807,1.8058,-0.07,0.007,0.39,1820620,328606044.0,1.798,1.812,1.795,1.8,0.94,18.26,1.22,25.92,954638.0,865982.0,2331009.0,0.71,7439576.0,2.26,-5108567.0,-1.55,1493285.0,0.45,-3824294.0,-1.16,-30,1.807,1.808,996936000.0,1801463352,1801463352,2026-08-24,2026-08-24 13:39:45+08:00
159862,食品饮料ETF银华,0.543,0.5433,0.06,0.002,0.37,16154,876274.9,0.544,0.545,0.54,0.541,0.92,0.53,0.69,2.97,4770.0,11384.0,36308.0,4.14,131956.0,15.06,-95648.0,-10.92,17284.0,1.97,-53593.0,-6.12,-16,0.542,0.544,307500624.0,166972839,166972839,2026-08-24,2026-08-24 13:39:42+08:00
510630,消费ETF华夏,0.812,0.812,0.0,0.003,0.37,371723,30120703.0,0.809,0.815,0.805,0.809,1.24,6.69,1.25,-0.63,193853.0,177870.0,969353.0,3.22,-215815.0,-0.72,1185168.0,3.93,-642160.0,-2.13,-327193.0,-1.09,156,0.811,0.812,555361504.0,450953541,450953541,2026-08-24,2026-08-24 13:39:50+08:00
159333,港股央企红利ETF万家,1.37,1.3738,0.28,0.005,0.37,44948,6156270.0,1.361,1.372,1.361,1.365,0.81,2.19,0.85,-7.98,21042.0,23906.0,143024.0,2.32,0.0,0.0,143024.0,2.32,149765.0,2.43,-292789.0,-4.76,162,1.369,1.371,204952835.0,280785384,280785384,2026-08-24,2026-08-24 13:39:57+08:00
513500,标普500ETF博时,2.682,2.4606,-9.0,0.01,0.37,653247,175039136.0,2.683,2.695,2.672,2.672,0.86,0.64,0.58,-1.96,326071.0,327176.0,-16079975.0,-9.19,-4500971.0,-2.57,-11579004.0,-6.62,8481846.0,4.85,7598130.0,4.34,3492,2.682,2.683,10207638528.0,27376886532,27376886532,2026-08-24,2026-08-24 13:39:43+08:00
159072,粮食ETF景顺,1.091,1.0889,-0.19,0.004,0.37,73660,8037694.807,1.084,1.105,1.074,1.087,2.85,18.28,0.48,-30.09,44927.0,28733.0,896507.0,11.15,-367066.0,-4.57,1263573.0,15.72,-768041.0,-9.56,-128466.0,-1.6,112,1.09,1.092,40285157.0,43951106,43951106,2026-08-24,2026-08-24 13:40:03+08:00
159091,港股通金融ETF易方达,1.071,1.0686,-0.22,0.004,0.37,24872,2661051.476,1.063,1.073,1.063,1.067,0.94,8.77,0.75,-0.55,14420.0,10452.0,-60404.0,-2.27,0.0,0.0,-60404.0,-2.27,65268.0,2.45,-4864.0,-0.18,30,1.07,1.071,28374196.0,30388764,30388764,2026-08-24,2026-08-24 13:39:54+08:00
159843,食品饮料ETF招商,0.54,0.5399,-0.02,0.002,0.37,67944,3664202.0,0.538,0.542,0.536,0.538,1.12,1.12,0.83,3.08,34375.0,33569.0,437770.0,11.95,-441781.0,-12.06,879551.0,24.0,-403808.0,-11.02,-33963.0,-0.93,3296,0.539,0.54,608955136.0,328835773,328835773,2026-08-24,2026-08-24 13:39:27+08:00
510200,上证券商ETF汇安,1.162,1.162,0.0,0.004,0.35,24056,2799085.0,1.154,1.168,1.154,1.158,1.21,1.55,1.31,-13.26,18077.0,5979.0,-282620.0,-10.1,0.0,0.0,-282620.0,-10.1,374432.0,13.38,-91812.0,-3.28,-1000,1.16,1.162,155385500.0,180557951,180557951,2026-08-24,2026-08-24 13:39:42+08:00
159612,标普500ETF国泰,2.071,1.9308,-7.26,0.007,0.34,198201,40891033.52,2.064,2.071,2.058,2.064,0.63,4.45,1.53,-27.26,100658.0,97543.0,-4822805.0,-11.79,-4430539.0,-10.83,-392266.0,-0.96,3197840.0,7.82,1624965.0,3.97,82,2.07,2.071,444898656.0,921385117,921385117,2026-08-24,2026-08-24 13:39:48+08:00
560070,央企红利ETF汇添富,1.175,1.1732,-0.15,0.004,0.34,9231,1087734.0,1.169,1.182,1.169,1.171,1.11,1.11,0.84,2.41,5370.0,3861.0,-89066.0,-8.19,-91872.0,-8.45,2806.0,0.26,199046.0,18.3,-109979.0,-10.11,10,1.172,1.174,83362300.0,97950703,97950703,2026-08-24,2026-08-24 13:39:36+08:00
562060,标普A股红利ETF华宝,0.611,0.6104,-0.1,0.002,0.33,447039,27321247.0,0.609,0.613,0.607,0.609,0.99,0.87,1.13,-3.12,265002.0,182037.0,1766544.0,6.47,2563156.0,9.38,-796612.0,-2.92,-1880430.0,-6.88,113886.0,0.42,163,0.61,0.611,5127792640.0,3133081303,3133081303,2026-08-24,2026-08-24 13:39:36+08:00
510270,国企ETF中银,1.543,1.5414,-0.1,0.005,0.33,2300,355216.0,1.542,1.552,1.542,1.538,0.65,1.45,0.4,10.38,152.0,2148.0,73769.0,20.77,-15155.0,-4.27,88924.0,25.03,-38300.0,-10.78,-35469.0,-9.99,-32,1.54,1.541,15832100.0,24428930,24428930,2026-08-24,2026-08-24 13:39:50+08:00
159672,消费ETF博时,0.625,0.6229,-0.34,0.002,0.32,65598,4099530.7,0.623,0.627,0.621,0.623,0.96,5.01,1.8,-7.22,36294.0,29304.0,89605.0,2.19,416914.0,10.17,-327309.0,-7.98,-24236.0,-0.59,-65368.0,-1.59,1,0.624,0.625,130887409.0,81804631,81804631,2026-08-24,2026-08-24 13:39:48+08:00
516730,证券ETF浦银,0.973,0.9713,-0.18,0.003,0.31,27901,2711126.0,0.97,0.978,0.967,0.97,1.13,1.22,1.44,-8.06,10829.0,17072.0,601994.0,22.2,93111.0,3.43,508883.0,18.77,-540516.0,-19.94,-61479.0,-2.27,108,0.971,0.972,228380800.0,222214518,222214518,2026-08-24,2026-08-24 13:39:39+08:00
159266,港股央企红利ETF永赢,0.98,0.9835,0.36,0.003,0.31,48777,4780289.6,0.978,0.982,0.978,0.977,0.41,1.39,0.75,-3.02,31711.0,17066.0,151305.0,3.17,-868298.0,-18.16,1019603.0,21.33,-101580.0,-2.12,-49725.0,-1.04,-1680,0.98,0.981,351710096.0,344675894,344675894,2026-08-24,2026-08-24 13:39:45+08:00
159058,证券ETF大成,0.97,0.9705,0.05,0.003,0.31,39185,3804262.51,0.968,0.976,0.966,0.967,1.03,3.18,0.9,1.11,16100.0,23085.0,189397.0,4.98,2234812.0,58.74,-2045415.0,-53.77,-49036.0,-1.29,-140360.0,-3.69,2,0.97,0.971,123331247.0,119631310,119631310,2026-08-24,2026-08-24 13:39:54+08:00
560400,证券ETF华泰柏瑞,0.967,0.9671,0.01,0.003,0.31,192376,18611900.0,0.964,0.973,0.962,0.964,1.14,10.66,1.36,1.93,111345.0,81031.0,389385.0,2.09,439592.0,2.36,-50207.0,-0.27,-116425.0,-0.63,-272960.0,-1.47,-5,0.967,0.968,180493000.0,174536731,174536731,2026-08-24,2026-08-24 13:39:38+08:00
560190,公用事业ETF鹏华,1.007,1.0072,0.02,0.003,0.3,11755,1187200.0,1.005,1.014,0.995,1.004,1.89,6.41,6.45,14.2,9506.0,2249.0,-924630.0,-77.88,5538.0,0.47,-930168.0,-78.35,127760.0,10.76,796868.0,67.12,-30,1.007,1.012,18334000.0,18462338,18462338,2026-08-24,2026-08-24 13:39:36+08:00
159008,证券ETF景顺,0.996,0.9952,-0.08,0.003,0.3,28316,2824604.896,0.994,1.003,0.992,0.993,1.11,2.46,0.78,-3.31,20107.0,8209.0,77253.0,2.74,4378.0,0.15,72875.0,2.58,95902.0,3.4,-173155.0,-6.13,6,0.995,0.996,115284531.0,114823393,114823393,2026-08-24,2026-08-24 13:39:57+08:00
159561,德国ETF嘉实,1.372,1.3776,0.41,0.004,0.29,309021,42439064.14,1.374,1.376,1.372,1.368,0.29,2.34,0.68,-16.51,173630.0,135391.0,918112.0,2.16,6774207.0,15.96,-5856095.0,-13.8,-957328.0,-2.26,39216.0,0.09,-74,1.372,1.373,1318499488.0,1808981298,1808981298,2026-08-24,2026-08-24 13:39:57+08:00
516530,物流ETF银华,1.027,1.0268,-0.02,0.003,0.29,3090,318022.0,1.023,1.035,1.019,1.024,1.56,1.74,0.52,-6.76,852.0,2238.0,2721.0,0.86,308.0,0.1,2413.0,0.76,11498.0,3.62,-14218.0,-4.47,10,1.026,1.028,17802300.0,18282962,18282962,2026-08-24,2026-08-24 13:39:44+08:00
516200,证券ETF华安,1.02,1.0196,-0.04,0.003,0.29,62602,6390458.0,1.017,1.027,1.016,1.017,1.08,1.38,0.88,7.43,30192.0,32410.0,262971.0,4.12,218166.0,3.41,44805.0,0.7,-183122.0,-2.87,-79849.0,-1.25,30,1.019,1.02,452604000.0,461656080,461656080,2026-08-24,2026-08-24 13:39:44+08:00
513920,港股通央企红利ETF华安,1.569,1.5679,-0.07,0.004,0.26,335229,52614133.0,1.565,1.572,1.564,1.565,0.51,1.3,1.04,-1.95,168564.0,166665.0,630118.0,1.2,11152704.0,21.2,-10522586.0,-20.0,146125.0,0.28,-776244.0,-1.48,3,1.568,1.569,2586231008.0,4057796452,4057796452,2026-08-24,2026-08-24 13:39:40+08:00
513750,港股通非银ETF广发,1.521,1.5237,0.18,0.004,0.26,3069055,467280441.0,1.513,1.531,1.511,1.517,1.32,3.77,1.03,-24.92,1361947.0,1707108.0,7839745.0,1.68,48208884.0,10.32,-40369139.0,-8.64,-5714480.0,-1.22,-2125264.0,-0.45,-86,1.521,1.522,8143837952.0,12386777525,12386777525,2026-08-24,2026-08-24 13:39:43+08:00
513400,道琼斯ETF鹏华,1.329,1.313,-1.22,0.003,0.23,1010893,134536576.0,1.334,1.335,1.328,1.326,0.53,3.81,0.8,9.81,445681.0,565212.0,4864495.0,3.62,-961144.0,-0.71,5825639.0,4.33,-3199999.0,-2.38,-1664496.0,-1.24,-16,1.329,1.33,2652062000.0,3524590398,3524590398,2026-08-24,2026-08-24 13:39:44+08:00
510060,央企ETF工银,2.619,2.6221,0.12,0.006,0.23,269,70485.0,2.616,2.625,2.616,2.613,0.34,0.07,0.22,-13.01,201.0,68.0,3407.0,4.83,0.0,0.0,3407.0,4.83,0.0,0.0,-3408.0,-4.84,41,2.615,2.624,35959200.0,94177145,94177145,2026-08-24,2026-08-24 13:39:39+08:00
510160,产业升级ETF南方,0.9,0.9011,0.12,0.002,0.22,433,39033.0,0.899,0.904,0.898,0.898,0.67,0.02,0.15,-0.09,17.0,416.0,30478.0,78.08,0.0,0.0,30478.0,78.08,-18020.0,-46.17,-12458.0,-31.92,-100,0.899,0.901,192057400.0,172851660,172851660,2026-08-24,2026-08-24 13:39:22+08:00
562870,证券ETF嘉实,0.905,0.9052,0.02,0.002,0.22,61869,5609041.0,0.906,0.91,0.9,0.903,1.11,1.02,0.97,7.43,30048.0,31821.0,422580.0,7.53,862509.0,15.38,-439929.0,-7.84,-359794.0,-6.41,-62786.0,-1.12,-128,0.904,0.905,604005200.0,546624706,546624706,2026-08-24,2026-08-24 13:39:37+08:00
159569,港股红利低波ETF景顺,1.431,1.434,0.21,0.003,0.21,375419,53733020.0,1.426,1.436,1.423,1.428,0.91,10.28,0.88,4.65,184281.0,191138.0,216845.0,0.4,-250962.0,-0.47,467807.0,0.87,769279.0,1.43,-986125.0,-1.84,-1000,1.431,1.432,365147248.0,522525712,522525712,2026-08-24,2026-08-24 13:39:57+08:00
159281,港股央企红利ETF天弘,0.965,0.9744,0.96,0.002,0.21,183679,17742298.6,0.964,0.969,0.964,0.963,0.52,7.46,1.04,-6.36,87098.0,96581.0,438167.0,2.47,764937.0,4.31,-326770.0,-1.84,-358793.0,-2.02,-79374.0,-0.45,-117,0.965,0.966,246233059.0,237614902,237614902,2026-08-24,2026-08-24 13:40:00+08:00
159188,红利100ETF景顺,0.941,0.941,0.0,0.002,0.21,3662,344540.323,0.939,0.946,0.939,0.939,0.75,0.55,1.51,5.39,270.0,3392.0,285151.0,82.76,-12154.0,-3.53,297305.0,86.29,-292259.0,-84.83,7108.0,2.06,-629,0.94,0.942,66601882.0,62672371,62672371,2026-08-24,2026-08-24 13:39:54+08:00
560250,红利质量ETF富国,0.992,0.9926,0.06,0.002,0.2,25783,2563312.0,0.996,0.998,0.992,0.99,0.61,1.64,1.47,8.88,12732.0,13051.0,-24413.0,-0.95,1298891.0,50.67,-1323304.0,-51.62,581.0,0.02,23831.0,0.93,-32,0.991,0.993,157333000.0,156074336,156074336,2026-08-24,2026-08-24 13:39:30+08:00
159399,现金流ETF国泰,1.012,1.0115,-0.05,0.002,0.2,851274,86199654.39,1.009,1.016,1.007,1.01,0.89,1.92,0.96,-4.24,417683.0,433591.0,-182632.0,-0.21,4054414.0,4.7,-4237046.0,-4.92,309823.0,0.36,-127192.0,-0.15,103,1.011,1.012,4433194752.0,4486393089,4486393089,2026-08-24,2026-08-24 13:39:54+08:00
515560,证券ETF建信,0.978,0.9785,0.05,0.002,0.2,132162,12924313.0,0.977,0.984,0.974,0.976,1.02,6.68,1.58,27.1,61795.0,70367.0,193161.0,1.49,26971.0,0.21,166190.0,1.29,-171864.0,-1.33,-21297.0,-0.16,-1007,0.977,0.979,197883300.0,193529867,193529867,2026-08-24,2026-08-24 13:39:39+08:00
159842,券商ETF银华,1.014,1.0147,0.07,0.002,0.2,2436339,247392311.06,1.013,1.022,1.009,1.012,1.28,2.63,1.37,45.49,1205002.0,1231337.0,24736325.0,10.0,19559898.0,7.91,5176427.0,2.09,-22456467.0,-9.08,-2279857.0,-0.92,360,1.013,1.014,9259250688.0,9388880198,9388880198,2026-08-24,2026-08-24 13:39:51+08:00
159662,交运ETF南方,0.983,0.9845,0.15,0.002,0.2,19420,1909889.2,0.981,0.987,0.981,0.981,0.61,2.37,0.57,1.68,11634.0,7786.0,263851.0,13.81,5514.0,0.29,258337.0,13.53,-161165.0,-8.44,-102686.0,-5.38,-50,0.983,0.984,82113946.0,80718009,80718009,2026-08-24,2026-08-24 13:39:54+08:00
512000,券商ETF华宝,0.509,0.5096,0.12,0.001,0.2,17200393,877178785.0,0.508,0.513,0.507,0.508,1.18,2.29,1.36,8.93,9287550.0,7912843.0,10526974.0,1.2,12803840.0,1.46,-2276866.0,-0.26,-10277307.0,-1.17,-249659.0,-0.03,-200,0.509,0.51,75111034880.0,38231516754,38231516754,2026-08-24,2026-08-24 13:39:50+08:00
516980,证券先锋ETF华富,1.047,1.0476,0.06,0.002,0.19,14374,1507669.0,1.045,1.054,1.041,1.045,1.24,2.42,1.46,13.73,11025.0,3349.0,197567.0,13.1,-120320.0,-7.98,317887.0,21.08,-255306.0,-16.93,57740.0,3.83,-5,1.046,1.047,59516000.0,62313252,62313252,2026-08-24,2026-08-24 13:39:42+08:00
512900,证券ETF南方,1.054,1.0547,0.07,0.002,0.19,474855,50129647.0,1.052,1.062,1.049,1.052,1.24,0.63,1.06,8.36,235675.0,239180.0,6192971.0,12.35,3704545.0,7.39,2488426.0,4.96,-1838378.0,-3.67,-4354592.0,-8.69,-125,1.054,1.055,7500406016.0,7905427941,7905427941,2026-08-24,2026-08-24 13:39:47+08:00
512880,证券ETF国泰,1.065,1.0657,0.07,0.002,0.19,10903519,1163731708.0,1.063,1.073,1.061,1.063,1.13,1.85,1.05,6.66,5642293.0,5261227.0,87850832.0,7.55,113075376.0,9.72,-25224544.0,-2.17,-63739714.0,-5.48,-24069573.0,-2.07,-1637,1.065,1.066,58913291520.0,62742655469,62742655469,2026-08-24,2026-08-24 13:39:47+08:00
159207,高股息ETF广发,1.143,1.1439,0.08,0.002,0.18,604162,68997311.6,1.14,1.146,1.136,1.141,0.88,2.75,0.74,-14.32,330528.0,273634.0,670190.0,0.97,2492738.0,3.61,-1822548.0,-2.64,61644.0,0.09,-731834.0,-1.06,-1,1.143,1.144,2194483344.0,2508294462,2508294462,2026-08-24,2026-08-24 13:39:57+08:00
563830,全指现金流ETF博时,1.167,1.1675,0.04,0.002,0.17,12366,1443479.0,1.171,1.174,1.166,1.165,0.69,0.9,0.48,1.2,414.0,11952.0,273403.0,18.94,0.0,0.0,273403.0,18.94,-274572.0,-19.02,1171.0,0.08,-2000,1.166,1.167,137896000.0,160924632,160924632,2026-08-24,2026-08-24 13:39:33+08:00
512130,全指现金流ETF鹏华,1.17,1.1692,-0.07,0.002,0.17,7240,848482.0,1.18,1.18,1.17,1.168,0.86,5.21,0.79,-7.54,3627.0,3613.0,-173527.0,-20.45,0.0,0.0,-173527.0,-20.45,100914.0,11.89,72613.0,8.56,-3310,1.168,1.169,13895000.0,16257150,16257150,2026-08-24,2026-08-24 13:39:38+08:00
515010,证券ETF华夏,1.226,1.2267,0.06,0.002,0.16,362547,44537469.0,1.227,1.236,1.221,1.224,1.23,1.76,1.12,-4.45,190485.0,172062.0,1009311.0,2.27,414659.0,0.93,594652.0,1.34,-627958.0,-1.41,-381354.0,-0.86,-207,1.226,1.227,2060771600.0,2526505982,2526505982,2026-08-24,2026-08-24 13:39:42+08:00
159689,消费ETF南方,0.628,0.6287,0.11,0.001,0.16,50326,3160844.8,0.626,0.63,0.624,0.627,0.96,5.58,2.5,11.37,21080.0,29246.0,110628.0,3.5,-312496.0,-9.89,423124.0,13.39,-115779.0,-3.66,5152.0,0.16,-50,0.628,0.629,90147787.0,56612810,56612810,2026-08-24,2026-08-24 13:39:54+08:00
562850,央企能源ETF嘉实,1.252,1.2537,0.14,0.002,0.16,56094,7049123.0,1.251,1.259,1.25,1.25,0.72,2.94,1.25,6.68,35983.0,20111.0,-868568.0,-12.32,0.0,0.0,-868568.0,-12.32,735472.0,10.43,133097.0,1.89,-590,1.251,1.253,190981500.0,239108838,239108838,2026-08-24,2026-08-24 13:39:34+08:00
510090,责任ETF建信,2.545,2.5399,-0.2,0.004,0.16,1054,268116.0,2.541,2.549,2.537,2.541,0.47,0.44,2.18,-0.85,972.0,82.0,2805.0,1.05,0.0,0.0,2805.0,1.05,0.0,0.0,-2805.0,-1.05,-14,2.537,2.541,24081100.0,61286400,61286400,2026-08-24,2026-08-24 13:39:28+08:00
159928,消费ETF汇添富,0.66,0.6603,0.05,0.001,0.15,3561510,234937213.0,0.658,0.663,0.655,0.659,1.21,1.54,1.14,4.25,2011967.0,1549543.0,6326166.0,2.69,6522320.0,2.78,-196154.0,-0.08,-7005214.0,-2.98,679048.0,0.29,-46,0.66,0.661,23060628992.0,15220015135,15220015135,2026-08-24,2026-08-24 13:39:51+08:00
515850,证券ETF富国,1.329,1.3291,0.01,0.002,0.15,407990,54285302.0,1.328,1.338,1.323,1.327,1.13,8.44,1.09,0.68,210199.0,197791.0,570049.0,1.05,6022166.0,11.09,-5452117.0,-10.04,43912.0,0.08,-613961.0,-1.13,1023,1.329,1.33,483291008.0,642293750,642293750,2026-08-24,2026-08-24 13:39:42+08:00
159331,红利港股ETF国泰,1.326,1.3297,0.28,0.002,0.15,40597,5379131.816,1.324,1.329,1.322,1.324,0.53,2.69,1.13,-17.6,25952.0,14645.0,-315878.0,-5.87,-1124234.0,-20.9,808356.0,15.03,188578.0,3.51,127300.0,2.37,1,1.325,1.326,150694179.0,199820481,199820481,2026-08-24,2026-08-24 13:40:00+08:00
159945,能源ETF广发,1.403,1.4049,0.14,0.002,0.14,32693,4578853.6,1.399,1.411,1.39,1.401,1.5,5.1,1.12,17.53,12612.0,20081.0,606899.0,13.25,0.0,0.0,606899.0,13.25,-550934.0,-12.03,-55965.0,-1.22,160,1.402,1.403,64072327.0,89893475,89893475,2026-08-24,2026-08-24 13:39:51+08:00
513910,港股通央企红利ETF华夏,1.579,1.5769,-0.13,0.002,0.13,507273,80234125.0,1.577,1.588,1.577,1.577,0.7,2.55,1.13,-10.96,228027.0,279246.0,3428981.0,4.27,-4107374.0,-5.12,7536355.0,9.39,-39698.0,-0.05,-3389282.0,-4.22,-93,1.579,1.58,1988276000.0,3139487804,3139487804,2026-08-24,2026-08-24 13:39:44+08:00
517090,央企共赢ETF国泰,1.595,1.5972,0.14,0.002,0.13,28710,4579794.0,1.584,1.597,1.583,1.593,0.88,5.21,1.88,3.2,18482.0,10228.0,896089.0,19.57,0.0,0.0,896089.0,19.57,-944198.0,-20.62,48110.0,1.05,667,1.595,1.596,55075000.0,87844625,87844625,2026-08-24,2026-08-24 13:39:41+08:00
159268,港股通消费ETF汇添富,0.791,0.7926,0.2,0.001,0.13,74604,5898788.4,0.791,0.794,0.787,0.79,0.89,1.88,0.42,-7.58,36055.0,38549.0,588626.0,9.98,0.0,0.0,588626.0,9.98,-596591.0,-10.11,7965.0,0.14,10,0.79,0.791,397055024.0,314070524,314070524,2026-08-24,2026-08-24 13:39:54+08:00
159166,现金流ETF长城,0.858,0.8583,0.03,0.001,0.12,2148,184771.0,0.857,0.862,0.857,0.857,0.58,0.04,0.28,7.46,172.0,1976.0,61620.0,33.35,0.0,0.0,61620.0,33.35,-27070.0,-14.65,-34550.0,-18.7,-100,0.857,0.859,566816064.0,486328183,486328183,2026-08-24,2026-08-24 13:40:00+08:00
510010,180治理ETF交银,1.756,1.7574,0.08,0.002,0.11,406,71604.0,1.762,1.766,1.749,1.754,0.97,0.03,5.82,0.68,357.0,49.0,-44400.0,-62.01,0.0,0.0,-44400.0,-62.01,52980.0,73.99,-8581.0,-11.98,-1,1.756,1.762,130524400.0,229200846,229200846,2026-08-24,2026-08-24 13:39:42+08:00
515460,红利质量ETF南方,0.913,0.9141,0.12,0.001,0.11,135078,12352302.0,0.917,0.919,0.912,0.912,0.77,4.84,1.18,7.24,50184.0,84894.0,83152.0,0.67,-629564.0,-5.1,712716.0,5.77,11000.0,0.09,-94152.0,-0.76,25,0.912,0.913,279091008.0,254810090,254810090,2026-08-24,2026-08-24 13:39:44+08:00
561320,交运ETF国泰,0.951,0.9515,0.05,0.001,0.11,10856,1033060.0,0.95,0.954,0.945,0.95,0.95,3.16,1.34,-3.32,1272.0,9584.0,-83676.0,-8.1,0.0,0.0,-83676.0,-8.1,89438.0,8.66,-5763.0,-0.56,2630,0.95,0.951,34369000.0,32684919,32684919,2026-08-24,2026-08-24 13:39:36+08:00
561630,红利质量ETF华泰柏瑞,1.038,1.0394,0.13,0.001,0.1,28539,2966130.0,1.036,1.044,1.035,1.037,0.87,6.22,0.91,-4.27,20492.0,8047.0,169555.0,5.72,823319.0,27.76,-653764.0,-22.04,-42572.0,-1.44,-126982.0,-4.28,-200,1.038,1.039,45898000.0,47642124,47642124,2026-08-24,2026-08-24 13:39:36+08:00
561490,红利质量ETF财通,1.018,1.0185,0.05,0.001,0.1,75058,7640805.0,1.017,1.023,1.015,1.017,0.79,7.77,1.06,40.39,45733.0,29325.0,443329.0,5.8,1805269.0,23.63,-1361940.0,-17.83,-373889.0,-4.89,-69440.0,-0.91,16,1.017,1.018,96631300.0,98370663,98370663,2026-08-24,2026-08-24 13:39:36+08:00
159841,证券ETF天弘,0.966,0.9662,0.02,0.001,0.1,1576094,152459721.5,0.964,0.973,0.961,0.965,1.24,1.27,0.95,13.09,821342.0,754752.0,9834449.0,6.45,26022276.0,17.07,-16187827.0,-10.62,-7893310.0,-5.18,-1941140.0,-1.27,72,0.965,0.966,12398838528.0,11977278018,11977278018,2026-08-24,2026-08-24 13:39:51+08:00
159666,交通运输ETF华夏,0.984,0.9833,-0.07,0.001,0.1,111822,10996404.812,0.976,0.987,0.976,0.983,1.12,8.29,0.76,-0.24,67881.0,43941.0,406321.0,3.7,166131.0,1.51,240190.0,2.18,-561177.0,-5.1,154856.0,1.41,10,0.983,0.984,134832905.0,132675579,132675579,2026-08-24,2026-08-24 13:39:54+08:00
520810,港股通红利ETF易方达,1.049,1.0509,0.18,0.001,0.1,12014,1259423.0,1.048,1.053,1.045,1.048,0.76,0.42,0.27,1.27,6247.0,5767.0,19863.0,1.58,0.0,0.0,19863.0,1.58,-54333.0,-4.31,34471.0,2.74,-50,1.049,1.05,284360000.0,298293640,298293640,2026-08-24,2026-08-24 13:39:37+08:00
159277,港股通红利ETF富国,1.013,1.0154,0.24,0.001,0.1,21398,2166715.1,1.006,1.014,1.006,1.012,0.79,5.41,0.7,0.78,10275.0,11123.0,349471.0,16.13,0.0,0.0,349471.0,16.13,-324210.0,-14.96,-25260.0,-1.17,-3000,1.013,1.014,39557011.0,40071252,40071252,2026-08-24,2026-08-24 13:40:00+08:00
512570,证券ETF易方达,1.072,1.0722,0.02,0.001,0.09,1183871,127037911.0,1.071,1.079,1.067,1.071,1.12,2.82,1.17,7.24,663104.0,520767.0,2866664.0,2.26,7403855.0,5.83,-4537191.0,-3.57,-2332858.0,-1.84,-533806.0,-0.42,9,1.071,1.072,4199806096.0,4502192135,4502192135,2026-08-24,2026-08-24 13:39:46+08:00
560090,证券ETF汇添富,1.144,1.1444,0.03,0.001,0.09,694041,79512961.0,1.141,1.152,1.138,1.143,1.22,2.88,1.29,7.4,383502.0,310539.0,3727546.0,4.69,8586681.0,10.8,-4859135.0,-6.11,-2910743.0,-3.66,-816802.0,-1.03,3580,1.143,1.144,2412865008.0,2760317569,2760317569,2026-08-24,2026-08-24 13:39:37+08:00
159529,标普消费ETF景顺,1.297,1.2838,-1.03,0.001,0.08,115126,14929817.6,1.3,1.302,1.293,1.296,0.69,1.42,0.46,-15.22,41929.0,73197.0,-865563.0,-5.8,-1583242.0,-10.6,717679.0,4.81,743382.0,4.98,122182.0,0.82,-17,1.297,1.298,811536784.0,1052563209,1052563209,2026-08-24,2026-08-24 13:39:57+08:00
516910,物流ETF富国,1.194,1.1931,-0.08,0.001,0.08,93662,11230073.0,1.193,1.204,1.192,1.193,1.01,15.7,1.08,1.44,46789.0,46873.0,-2053561.0,-18.29,-565517.0,-5.04,-1488044.0,-13.25,1323239.0,11.78,730321.0,6.5,10,1.192,1.194,59641800.0,71212309,71212309,2026-08-24,2026-08-24 13:39:44+08:00
159692,证券ETF东财,1.192,1.1922,0.02,0.001,0.08,400172,47750435.2,1.192,1.2,1.186,1.191,1.18,2.57,0.87,-35.51,203334.0,196838.0,2480944.0,5.2,2605804.0,5.46,-124860.0,-0.26,-227292.0,-0.48,-2253653.0,-4.72,5,1.191,1.192,1558455968.0,1857679514,1857679514,2026-08-24,2026-08-24 13:39:54+08:00
516460,现金流ETF800鹏华,1.232,1.2313,-0.06,0.001,0.08,33862,4178079.0,1.232,1.239,1.231,1.231,0.65,0.8,1.22,10.31,12124.0,21738.0,5955.0,0.14,870686.0,20.84,-864731.0,-20.7,24640.0,0.59,-30596.0,-0.73,2000,1.23,1.231,423693008.0,521989786,521989786,2026-08-24,2026-08-24 13:39:45+08:00
159965,央视50ETF国联,1.616,1.6122,-0.24,0.001,0.06,2323,375071.7,1.618,1.618,1.612,1.615,0.37,1.08,1.85,4.42,761.0,1562.0,-79344.0,-21.15,0.0,0.0,-79344.0,-21.15,86266.0,23.0,-6923.0,-1.85,4,1.611,1.614,21426953.0,34625956,34625956,2026-08-24,2026-08-24 13:39:51+08:00
513800,日本东证指数ETF南方,1.862,1.8619,-0.01,0.001,0.05,353395,65842779.0,1.872,1.872,1.858,1.861,0.75,3.41,1.69,-13.43,127316.0,226079.0,-1008273.0,-1.53,-930500.0,-1.41,-77773.0,-0.12,4420229.0,6.71,-3411956.0,-5.18,-18,1.862,1.863,1037444400.0,1931721473,1931721473,2026-08-24,2026-08-24 13:39:36+08:00
511880,银华日利ETF,100.737,,-0.01,0.006,0.01,898671,9052358226.0,100.729,100.737,100.725,100.731,0.01,8.59,0.85,37.96,483750.0,414920.0,31977648.0,0.35,10415104.0,0.12,21562544.0,0.24,-26405312.0,-0.29,-5572439.0,-0.06,94,100.736,100.737,1045992304.0,105370126728,105370126728,2026-08-24,2026-08-24 13:39:49+08:00
511950,添利货币ETF广发,100.003,,0.0,-0.002,0.0,10,100000.0,99.998,100.004,99.997,100.005,0.01,0.31,1.13,33.33,4.0,6.0,0.0,0.0,0.0,0.0,0.0,0.0,-40001.0,-40.0,40000.0,40.0,3,99.999,100.002,322200.0,32220967,32220967,2026-08-24,2026-08-24 13:39:32+08:00
159005,快钱ETF汇添富,100.0,,0.0,0.0,0.0,721,7206495.7,99.999,100.001,99.999,100.0,0.0,6.36,1.58,19.11,333.0,388.0,1506500.0,20.9,3516500.0,48.8,-2010000.0,-27.89,-1330001.0,-18.46,-176500.0,-2.45,-2,100.0,100.001,1133790.0,113379000,113379000,2026-08-24,2026-08-24 13:39:54+08:00
159220,港股通红利低波ETF华宝,0.587,0.5869,-0.02,0.0,0.0,262263,15403861.6,0.586,0.589,0.586,0.587,0.51,5.38,1.41,-5.16,142476.0,119787.0,273178.0,1.77,114229.0,0.74,158949.0,1.03,-204416.0,-1.33,-68762.0,-0.45,10,0.586,0.587,487569520.0,286203308,286203308,2026-08-24,2026-08-24 13:39:39+08:00
561420,300现金流ETF汇添富,1.097,1.0957,-0.12,0.0,0.0,47482,5215998.0,1.095,1.103,1.095,1.097,0.73,0.47,1.11,19.52,22111.0,25371.0,131598.0,2.52,932036.0,17.87,-800438.0,-15.35,-109635.0,-2.1,-21963.0,-0.42,-1880,1.094,1.096,1019237008.0,1118102998,1118102998,2026-08-24,2026-08-24 13:39:34+08:00
516950,基建ETF银华,1.026,1.0242,-0.18,0.0,0.0,43805,4500298.0,1.026,1.032,1.024,1.026,0.78,4.03,0.9,-1.0,23141.0,20664.0,-616710.0,-13.7,-70889.0,-1.58,-545821.0,-12.13,-120159.0,-2.67,736870.0,16.37,71,1.024,1.026,108821000.0,111650346,111650346,2026-08-24,2026-08-24 13:39:43+08:00
159201,自由现金流ETF华夏,1.179,1.1794,0.03,0.0,0.0,1368261,161756480.4,1.176,1.188,1.175,1.179,1.1,0.99,1.05,48.71,687141.0,681120.0,11646193.0,7.2,18276815.0,11.3,-6630622.0,-4.1,-6126250.0,-3.79,-5519943.0,-3.41,71,1.178,1.179,13820275968.0,16294105366,16294105366,2026-08-24,2026-08-24 13:40:00+08:00
159118,港股通红利低波ETF华夏,0.97,0.9707,0.07,0.0,0.0,23330,2265487.6,0.972,0.973,0.969,0.97,0.41,3.35,1.29,2.26,10771.0,12559.0,-78072.0,-3.45,0.0,0.0,-78072.0,-3.45,16626.0,0.73,61445.0,2.71,-100,0.97,0.971,69677020.0,67586709,67586709,2026-08-24,2026-08-24 13:40:00+08:00
513630,港股低波红利ETF摩根,1.603,1.597,-0.38,0.0,0.0,1120498,179998019.0,1.602,1.612,1.601,1.603,0.69,1.51,1.16,-1.72,528429.0,592069.0,-9800220.0,-5.44,1757610.0,0.98,-11557830.0,-6.42,4510357.0,2.51,5290823.0,2.94,1000,1.602,1.603,7442359040.0,11930101541,11930101541,2026-08-24,2026-08-24 13:39:45+08:00
513530,港股通红利ETF华泰柏瑞,1.626,1.631,0.31,0.0,0.0,1407307,228911174.0,1.625,1.632,1.619,1.626,0.8,4.98,1.25,-16.56,689842.0,717465.0,7619244.0,3.33,1243124.0,0.54,6376120.0,2.79,-3591902.0,-1.57,-4027341.0,-1.76,-382,1.626,1.627,2825938704.0,4594976333,4594976333,2026-08-24,2026-08-24 13:39:43+08:00
159016,证券ETF广发,0.995,0.9935,-0.15,0.0,0.0,182008,18126103.4,0.992,1.001,0.989,0.995,1.21,4.74,1.09,-20.66,92843.0,89165.0,25034.0,0.14,948925.0,5.24,-923891.0,-5.1,-585618.0,-3.23,560585.0,3.09,10,0.994,0.995,384040160.0,382119959,382119959,2026-08-24,2026-08-24 13:40:03+08:00
159993,证券ETF鹏华,1.151,1.1518,0.07,0.0,0.0,510221,58940939.2,1.152,1.163,1.146,1.151,1.48,1.54,1.18,32.34,255044.0,255177.0,4553814.0,7.73,8138636.0,13.81,-3584822.0,-6.08,-957342.0,-1.62,-3596471.0,-6.1,146,1.15,1.151,3315197984.0,3815792880,3815792880,2026-08-24,2026-08-24 13:39:48+08:00
159726,港股通高股息ETF华夏,1.371,1.375,0.29,0.0,0.0,21095,2894589.1,1.378,1.381,1.369,1.371,0.88,0.82,0.46,10.91,9266.0,11829.0,866435.0,29.93,-24029.0,-0.83,890464.0,30.76,-265072.0,-9.16,-601362.0,-20.78,425,1.37,1.372,257911380.0,353596502,353596502,2026-08-24,2026-08-24 13:39:51+08:00
159642,碳中和ETF大成,0.942,0.9407,-0.14,0.0,0.0,249,23630.0,0.954,0.956,0.942,0.942,1.49,0.11,1.1,-2.03,117.0,132.0,-15038.0,-63.64,0.0,0.0,-15038.0,-63.64,0.0,0.0,15039.0,63.64,-101,0.939,0.941,22439923.0,21138407,21138407,2026-08-24,2026-08-24 13:39:54+08:00
513070,港股通消费ETF易方达,1.117,1.1151,-0.17,0.0,0.0,749623,83660709.0,1.117,1.12,1.11,1.117,0.9,5.61,1.36,-0.07,357610.0,392013.0,19258851.0,23.02,-5465049.0,-6.53,24723900.0,29.55,-552965.0,-0.66,-18705885.0,-22.36,2400,1.116,1.117,1336760800.0,1493161814,1493161814,2026-08-24,2026-08-24 13:39:46+08:00
563900,300自由现金流ETF摩根,1.172,1.1718,-0.02,0.0,0.0,188941,22205172.0,1.172,1.18,1.171,1.172,0.77,4.01,1.23,12.57,98128.0,90813.0,-651988.0,-2.94,957087.0,4.31,-1609075.0,-7.25,37850.0,0.17,614138.0,2.77,82,1.17,1.172,470965696.0,551971796,551971796,2026-08-24,2026-08-24 13:39:33+08:00
511670,华泰天天金ETF,100.0,,0.0,-0.004,0.0,4,40000.0,100.001,100.001,100.0,100.004,0.0,0.3,0.17,-9.4,3.0,1.0,0.0,0.0,0.0,0.0,0.0,0.0,-30000.0,-75.0,30000.0,75.0,2,99.999,100.0,133100.0,13310000,13310000,2026-08-24,2026-08-24 13:39:35+08:00
563620,全指现金流ETF兴业,1.078,1.0776,-0.04,0.0,0.0,25955,2806082.0,1.084,1.088,1.078,1.078,0.93,5.08,1.4,3.65,8634.0,17321.0,51293.0,1.83,249942.0,8.91,-198649.0,-7.08,-17828.0,-0.64,-33467.0,-1.19,-67,1.077,1.079,51049000.0,55030822,55030822,2026-08-24,2026-08-24 13:39:33+08:00
511650,货币ETF华夏,100.003,,0.0,-0.001,0.0,308,3080047.0,99.998,100.003,99.998,100.004,0.01,2.56,0.62,5.61,172.0,136.0,-90003.0,-2.92,300005.0,9.74,-390008.0,-12.66,120003.0,3.9,-29999.0,-0.97,2,100.001,100.003,1204500.0,120453614,120453614,2026-08-24,2026-08-24 13:39:34+08:00
561260,能源ETF工银,1.237,1.2388,0.15,0.0,0.0,30659,3803449.0,1.218,1.243,1.218,1.237,2.02,12.83,1.04,4.06,15873.0,14786.0,55190.0,1.45,0.0,0.0,55190.0,1.45,-66986.0,-1.76,11795.0,0.31,-1,1.237,1.238,23895200.0,29558362,29558362,2026-08-24,2026-08-24 13:39:36+08:00
159260,证券ETF博时,0.842,0.8425,0.06,0.0,0.0,54379,4593555.4,0.842,0.849,0.838,0.842,1.31,0.53,0.35,-4.77,27860.0,26519.0,2476.0,0.05,14217.0,0.31,-11741.0,-0.26,-15695.0,-0.34,13218.0,0.29,-866,0.841,0.843,1035213584.0,871649838,871649838,2026-08-24,2026-08-24 13:39:54+08:00
561960,央企回报ETF招商,1.272,1.2724,0.03,0.0,0.0,4319,550841.0,1.276,1.28,1.272,1.272,0.63,0.75,1.79,5.97,3477.0,842.0,215193.0,39.07,-127.0,-0.02,215320.0,39.09,-205862.0,-37.37,-9330.0,-1.69,-1574,1.27,1.272,57385200.0,72993974,72993974,2026-08-24,2026-08-24 13:39:36+08:00
513080,法国ETF华安,1.789,1.7944,0.3,0.0,0.0,152534,27321972.0,1.794,1.795,1.789,1.789,0.34,2.33,0.79,-25.69,64335.0,88199.0,-3051881.0,-11.17,-443841.0,-1.62,-2608040.0,-9.55,2484212.0,9.09,567668.0,2.08,-51,1.789,1.79,653916000.0,1169855724,1169855724,2026-08-24,2026-08-24 13:39:42+08:00
511920,货币ETF广发,100.005,,-0.01,0.0,0.0,0,200.0,100.0,100.005,100.0,100.005,0.01,0.0,,31.84,0.0,,0.0,0.0,0.0,0.0,0.0,0.0,0.0,0.0,0.0,0.0,0,99.999,100.001,318000.0,31801590,31801590,2026-08-24,2026-08-24 13:39:38+08:00
562080,300现金流ETF华宝,0.623,0.6233,0.05,0.0,0.0,584595,36518365.0,0.625,0.628,0.62,0.623,1.28,9.73,1.77,-12.05,230142.0,354453.0,1809908.0,4.96,2865115.0,7.85,-1055207.0,-2.89,100545.0,0.28,-1910452.0,-5.23,335,0.622,0.623,600757200.0,374271736,374271736,2026-08-24,2026-08-24 13:39:33+08:00
560680,消费ETF广发,0.724,0.7253,0.18,0.0,0.0,140673,10173949.0,0.724,0.728,0.72,0.724,1.1,4.14,1.13,-6.28,65192.0,75481.0,784244.0,7.71,61488.0,0.6,722756.0,7.1,-694596.0,-6.83,-89647.0,-0.88,-5,0.724,0.725,339725600.0,245961334,245961334,2026-08-24,2026-08-24 13:39:34+08:00
159003,招商快线ETF,100.0,,0.0,0.0,0.0,4468,44680727.424,99.999,100.001,99.999,100.0,0.0,21.85,1.75,9.56,2968.0,1500.0,1771988.0,3.97,2639016.0,5.91,-867028.0,-1.94,-1329390.0,-2.98,-442599.0,-0.99,-10,100.0,100.001,2045097.0,204509700,204509700,2026-08-24,2026-08-24 13:39:30+08:00
159001,货币ETF易方达,100.0,,0.0,0.0,0.0,32133,321325010.334,100.0,100.0,99.999,100.0,0.0,10.33,0.59,6.3,16225.0,15908.0,-2671841.0,-0.83,-17098907.0,-5.32,14427066.0,4.49,2289987.0,0.71,381854.0,0.12,3,99.999,100.0,31091972.0,3109197200,3109197200,2026-08-24,2026-08-24 13:40:03+08:00
511820,鹏华添利ETF,100.001,,0.0,-0.004,0.0,45,450000.0,100.0,100.001,100.0,100.005,0.0,0.74,0.41,22.76,,45.0,30000.0,6.67,430000.0,95.56,-400000.0,-88.89,-20000.0,-4.44,-10000.0,-2.22,-2,100.0,100.001,611600.0,61160612,61160612,2026-08-24,2026-08-24 13:39:23+08:00
511800,易方达货币ETF,100.019,,-0.02,0.0,0.0,368,3682830.0,100.005,100.028,100.005,100.019,0.02,2.21,1.89,-9.17,188.0,180.0,1602316.0,43.51,1382278.0,37.53,220038.0,5.97,-1200566.0,-32.6,-401749.0,-10.91,20,100.015,100.019,1666000.0,166631654,166631654,2026-08-24,2026-08-24 13:39:38+08:00
513830,港股通高股息ETF嘉实,1.227,1.2321,0.41,0.0,0.0,23136,2838466.0,1.224,1.233,1.224,1.227,0.73,4.18,1.9,3.14,4712.0,18424.0,-261726.0,-9.22,0.0,0.0,-261726.0,-9.22,393246.0,13.85,-131520.0,-4.63,-36,1.227,1.229,55311000.0,67866597,67866597,2026-08-24,2026-08-24 13:39:32+08:00
563680,800现金流ETF汇添富,1.197,1.1986,0.13,0.0,0.0,34573,4156352.0,1.201,1.206,1.197,1.197,0.75,3.26,1.41,8.88,9604.0,24969.0,-116608.0,-2.81,482400.0,11.61,-599008.0,-14.41,154523.0,3.72,-37915.0,-0.91,-1670,1.197,1.198,105959000.0,126832923,126832923,2026-08-24,2026-08-24 13:39:33+08:00
159848,证券ETF国联安,0.849,0.8493,0.04,0.0,0.0,13474,1145087.9,0.85,0.854,0.846,0.849,0.94,0.85,0.65,27.95,5418.0,8056.0,150703.0,13.16,25130.0,2.19,125573.0,10.97,-140871.0,-12.3,-9833.0,-0.86,-3146,0.849,0.85,158811239.0,134830742,134830742,2026-08-24,2026-08-24 13:39:51+08:00
159233,自由现金流ETF平安,1.194,1.1936,-0.03,0.0,0.0,218152,26102013.6,1.2,1.201,1.192,1.194,0.75,3.49,1.13,-3.34,85166.0,132986.0,253831.0,0.97,129127.0,0.49,124704.0,0.48,14294.0,0.05,-268125.0,-1.03,-2531,1.193,1.194,625623424.0,746994368,746994368,2026-08-24,2026-08-24 13:40:00+08:00
159222,自由现金流ETF易方达,1.263,1.2628,-0.02,0.0,0.0,586799,74242886.3,1.262,1.27,1.26,1.263,0.79,3.31,1.37,-8.91,323565.0,263234.0,-1328562.0,-1.79,-3015134.0,-4.06,1686572.0,2.27,1614204.0,2.17,-285643.0,-0.38,14,1.263,1.264,1771370400.0,2237240815,2237240815,2026-08-24,2026-08-24 13:40:00+08:00
159235,中证现金流ETF大成,1.224,1.2214,-0.21,0.0,0.0,484680,59396534.8,1.227,1.23,1.222,1.224,0.65,2.52,1.69,-22.98,196618.0,288062.0,-10879321.0,-18.32,-2824125.0,-4.75,-8055196.0,-13.56,5955755.0,10.03,4923565.0,8.29,65,1.222,1.224,1925729552.0,2357092972,2357092972,2026-08-24,2026-08-24 13:40:00+08:00
159232,自由现金流ETF南方,1.196,1.1958,-0.02,0.0,0.0,1318424,158006736.8,1.194,1.203,1.194,1.196,0.75,6.21,1.4,-24.99,637819.0,680605.0,-13562926.0,-8.58,-8600349.0,-5.44,-4962577.0,-3.14,7952660.0,5.03,5610267.0,3.55,-174,1.196,1.197,2122948560.0,2539046478,2539046478,2026-08-24,2026-08-24 13:40:00+08:00
159127,港股通红利ETF南方,0.982,0.9849,0.29,0.0,0.0,63773,6261987.7,0.976,0.986,0.976,0.982,1.02,4.03,1.45,-13.37,35685.0,28088.0,246819.0,3.94,-396532.0,-6.33,643351.0,10.27,-207040.0,-3.31,-39779.0,-0.64,-1300,0.982,0.983,158344268.0,155494071,155494071,2026-08-24,2026-08-24 13:39:54+08:00
159117,港股通红利低波ETF鹏华,1.018,1.0176,-0.04,0.0,0.0,18701,1904046.6,1.02,1.021,1.017,1.018,0.39,3.05,0.97,-19.13,7864.0,10837.0,-118588.0,-6.23,0.0,0.0,-118588.0,-6.23,128748.0,6.76,-10159.0,-0.53,5,1.016,1.018,61401153.0,62506374,62506374,2026-08-24,2026-08-24 13:39:57+08:00
159223,现金流ETF永赢,1.136,1.1376,0.14,0.0,0.0,54631,6220831.175,1.136,1.143,1.135,1.136,0.7,3.02,1.45,33.17,27265.0,27366.0,228521.0,3.67,47071.0,0.76,181450.0,2.92,-203688.0,-3.27,-24834.0,-0.4,31,1.135,1.138,180844755.0,205439642,205439642,2026-08-24,2026-08-24 13:40:00+08:00
511960,货币ETF嘉实,100.0,,0.0,-0.003,0.0,118,1180041.0,100.003,100.004,100.0,100.003,0.0,4.52,0.8,-1.52,115.0,3.0,-90000.0,-7.63,-90000.0,-7.63,0.0,0.0,100000.0,8.47,-10000.0,-0.85,2,100.0,100.001,260900.0,26090000,26090000,2026-08-24,2026-08-24 13:39:44+08:00
510810,上海国企ETF汇添富,0.83,0.8305,0.06,0.0,0.0,56820,4726578.0,0.83,0.834,0.83,0.83,0.48,0.1,1.54,-1.19,14942.0,41878.0,-204809.0,-4.33,-621807.0,-13.16,416998.0,8.82,166532.0,3.52,38278.0,0.81,-1,0.83,0.831,5964093696.0,4950197768,4950197768,2026-08-24,2026-08-24 13:39:44+08:00
511980,货币ETF汇添富,100.043,,-0.04,0.0,0.0,7,70033.0,100.054,100.054,100.043,100.043,0.01,0.29,1.06,27.24,2.0,5.0,0.0,0.0,0.0,0.0,0.0,0.0,0.0,0.0,0.0,0.0,-1,100.043,100.052,241000.0,24110363,24110363,2026-08-24,2026-08-24 13:39:28+08:00
159276,现金流ETF汇添富,1.099,1.0996,0.05,0.0,0.0,10785,1188061.8,1.098,1.105,1.098,1.099,0.64,0.19,0.04,15.06,6634.0,4151.0,-97176.0,-8.18,165931.0,13.97,-263107.0,-22.15,110130.0,9.27,-12955.0,-1.09,-10,1.098,1.1,558696656.0,614007625,614007625,2026-08-24,2026-08-24 13:40:00+08:00
560370,红利质量ETF易方达,0.898,0.8992,0.13,0.0,0.0,8958,806971.0,0.9,0.904,0.897,0.898,0.78,0.5,0.87,7.48,3425.0,5533.0,4191.0,0.52,0.0,0.0,4191.0,0.52,-39703.0,-4.92,35513.0,4.4,25,0.898,0.899,178584000.0,160368432,160368432,2026-08-24,2026-08-24 13:39:38+08:00
511770,金鹰增益货币ETF,100.002,,0.0,-0.001,0.0,19,190104.0,100.002,100.002,100.002,100.003,0.0,0.47,0.42,-1.72,,19.0,190103.0,100.0,190103.0,100.0,0.0,0.0,-170103.0,-89.48,-20000.0,-10.52,-10,100.002,100.003,403900.0,40390808,40390808,2026-08-24,2026-08-24 13:39:41+08:00
159225,现金流ETF银华,1.239,1.2393,0.02,0.0,0.0,3985,494168.6,1.238,1.243,1.238,1.239,0.4,0.15,0.2,-0.78,2663.0,1322.0,-21774.0,-4.41,32683.0,6.61,-54457.0,-11.02,21148.0,4.28,626.0,0.13,-200,1.237,1.239,264744804.0,328018812,328018812,2026-08-24,2026-08-24 13:39:57+08:00
511600,华安日日鑫ETF,99.999,,0.0,-0.004,0.0,261,2605792.0,99.998,100.0,99.997,100.003,0.0,3.33,0.9,-26.31,250.0,11.0,-99900.0,-3.83,809996.0,31.08,-909896.0,-34.92,-55300.0,-2.12,155199.0,5.96,4,99.999,100.0,782400.0,78239218,78239218,2026-08-24,2026-08-24 13:39:41+08:00
511930,货币ETF国联,99.998,,0.0,-0.006,-0.01,10,99999.0,99.999,99.999,99.998,100.004,0.0,0.53,2.78,33.3,2.0,8.0,0.0,0.0,0.0,0.0,0.0,0.0,-49999.0,-50.0,49999.0,50.0,-2,99.998,100.0,187600.0,18759625,18759625,2026-08-24,2026-08-24 13:39:27+08:00
511830,货币ETF华泰柏瑞,100.0,,0.0,-0.006,-0.01,13,129999.0,100.0,100.0,99.998,100.006,0.0,0.41,0.34,38.46,3.0,10.0,0.0,0.0,0.0,0.0,0.0,0.0,-40001.0,-30.77,40000.0,30.77,3,99.999,100.004,313500.0,31350000,31350000,2026-08-24,2026-08-24 13:39:36+08:00
511850,招商财富宝ETF,100.011,,-0.01,-0.005,-0.01,11682,116819958.0,100.01,100.011,99.997,100.016,0.01,13.2,4.01,10.3,5578.0,6104.0,3538037.0,3.03,17142160.0,14.67,-13604123.0,-11.65,-3035897.0,-2.6,-502138.0,-0.43,35,100.009,100.011,8848600.0,884957335,884957335,2026-08-24,2026-08-24 13:39:50+08:00
511810,货币ETF南方,100.003,,0.0,-0.006,-0.01,375,3747612.0,100.001,100.004,100.001,100.009,0.0,1.03,0.71,16.21,109.0,266.0,1155230.0,30.83,470005.0,12.54,685225.0,18.28,-712918.0,-19.02,-442312.0,-11.8,-1,100.003,100.004,3643500.0,364360931,364360931,2026-08-24,2026-08-24 13:39:41+08:00
511700,货币ETF平安,100.007,,-0.01,-0.008,-0.01,4823,48228835.0,100.006,100.007,100.003,100.015,0.0,2.72,0.9,6.6,2135.0,2688.0,2062258.0,4.28,-3111003.0,-6.45,5173261.0,10.73,-1224109.0,-2.54,-838148.0,-1.74,81,100.007,100.008,17706700.0,1770793947,1770793947,2026-08-24,2026-08-24 13:39:49+08:00
511990,华宝添益ETF,100.0,,0.0,-0.007,-0.01,464167,4641624862.0,99.998,100.001,99.998,100.007,0.0,5.43,0.77,31.95,199056.0,265111.0,8819664.0,0.19,-6255616.0,-0.13,15075280.0,0.32,-9865301.0,-0.21,1045618.0,0.02,-9,100.0,100.001,855363008.0,85536300800,85536300800,2026-08-24,2026-08-24 13:39:48+08:00
511660,货币ETF建信,100.023,,-0.02,-0.01,-0.01,11353,113551384.0,100.027,100.027,100.009,100.033,0.02,1.52,0.5,10.5,5791.0,5563.0,4455056.0,3.92,13757394.0,12.12,-9302338.0,-8.19,-3791511.0,-3.34,-663545.0,-0.58,-1,100.023,100.024,74831900.0,7484911134,7484911134,2026-08-24,2026-08-24 13:39:51+08:00
511620,货币ETF国泰,100.005,,-0.01,-0.011,-0.01,1238,12381005.0,100.007,100.007,100.004,100.016,0.0,2.89,1.08,20.57,409.0,829.0,655324.0,5.29,3451341.0,27.88,-2796017.0,-22.58,-662625.0,-5.35,7302.0,0.06,1,100.004,100.005,4285400.0,428561427,428561427,2026-08-24,2026-08-24 13:39:51+08:00
511690,交易货币ETF大成,100.001,,0.0,-0.009,-0.01,1535,15350425.0,100.002,100.003,100.001,100.01,0.0,2.54,1.9,-0.52,810.0,725.0,460000.0,3.0,-268118.0,-1.75,728118.0,4.74,20008.0,0.13,-480009.0,-3.13,-10,100.001,100.002,6046000.0,604606046,604606046,2026-08-24,2026-08-24 13:39:38+08:00
511970,国寿货币ETF,99.998,,0.0,-0.01,-0.01,2,20000.0,99.997,99.998,99.997,100.008,0.0,0.05,0.03,10.53,,2.0,0.0,0.0,0.0,0.0,0.0,0.0,9999.0,49.99,-10000.0,-50.0,-1,100.0,100.004,410400.0,41039179,41039179,2026-08-24,2026-08-24 13:39:50+08:00
511860,货币ETF博时,99.999,,0.0,-0.005,-0.01,102,1020596.0,100.0,100.0,99.999,100.004,0.0,2.29,0.21,-4.69,62.0,40.0,270597.0,26.51,0.0,0.0,270597.0,26.51,-270597.0,-26.51,0.0,0.0,-10,99.999,100.0,446100.0,44609554,44609554,2026-08-24,2026-08-24 13:39:49+08:00
511910,融通货币ETF,99.998,,0.0,-0.01,-0.01,6,60000.0,100.001,100.001,99.998,100.008,0.0,0.76,0.75,42.82,4.0,2.0,0.0,0.0,0.0,0.0,0.0,0.0,-40000.0,-66.67,40001.0,66.67,-1,99.998,100.001,78500.0,7849843,7849843,2026-08-24,2026-08-24 13:39:33+08:00
511900,富国货币ETF,99.999,,0.0,-0.006,-0.01,1740,17399913.0,99.998,100.0,99.998,100.005,0.0,9.48,2.11,-26.05,1169.0,571.0,-19700.0,-0.11,-1499677.0,-8.62,1479977.0,8.51,-20000.0,-0.11,39701.0,0.23,1,99.998,99.999,1836100.0,183608164,183608164,2026-08-24,2026-08-24 13:39:37+08:00
520890,港股通红利低波ETF华泰柏瑞,1.343,1.344,0.07,-0.001,-0.07,85109,11435263.0,1.345,1.351,1.341,1.344,0.74,10.51,0.79,-8.87,48281.0,36828.0,287618.0,2.52,729383.0,6.38,-441765.0,-3.86,-212925.0,-1.86,-74693.0,-0.65,500,1.342,1.343,81008000.0,108793744,108793744,2026-08-24,2026-08-24 13:39:35+08:00
159302,港股高股息ETF银华,1.351,1.354,0.22,-0.001,-0.07,25556,3449145.8,1.335,1.355,1.335,1.352,1.48,4.84,0.72,-1.75,14545.0,11011.0,121542.0,3.52,0.0,0.0,121542.0,3.52,-3222.0,-0.09,-118321.0,-3.43,-7,1.351,1.352,52797609.0,71329570,71329570,2026-08-24,2026-08-24 13:39:54+08:00
563780,现金流全指ETF方正富邦,1.217,1.2171,0.01,-0.001,-0.08,23795,2904260.0,1.218,1.223,1.217,1.218,0.49,0.95,1.49,13.64,10209.0,13586.0,-309349.0,-10.65,0.0,0.0,-309349.0,-10.65,225855.0,7.78,83494.0,2.87,-48,1.216,1.217,250027100.0,304282981,304282981,2026-08-24,2026-08-24 13:39:33+08:00
563390,全指现金流ETF华泰柏瑞,1.218,1.2172,-0.07,-0.001,-0.08,150402,18348827.0,1.219,1.225,1.217,1.219,0.66,0.68,0.31,3.81,70516.0,79886.0,1024360.0,5.58,606684.0,3.31,417676.0,2.28,-724066.0,-3.95,-300295.0,-1.64,500,1.216,1.217,2224344000.0,2709250992,2709250992,2026-08-24,2026-08-24 13:39:31+08:00
560700,央企红利ETF广发,1.199,1.2,0.08,-0.001,-0.08,60176,7245764.0,1.2,1.209,1.197,1.2,1.0,1.33,1.38,26.43,24772.0,35404.0,266264.0,3.67,0.0,0.0,266264.0,3.67,-189990.0,-2.62,-76275.0,-1.05,-1,1.198,1.2,451536896.0,541392738,541392738,2026-08-24,2026-08-24 13:39:38+08:00
513820,港股通红利ETF汇添富,1.273,1.2747,0.13,-0.001,-0.08,355046,45209479.0,1.277,1.279,1.27,1.274,0.71,2.08,0.85,-18.6,157652.0,197394.0,1808104.0,4.0,1281151.0,2.83,526953.0,1.17,-421949.0,-0.93,-1386155.0,-3.07,8,1.272,1.273,1706169008.0,2171953147,2171953147,2026-08-24,2026-08-24 13:39:40+08:00
159980,有色ETF大成,2.146,2.1473,0.06,-0.002,-0.09,1346232,289113706.5,2.151,2.152,2.143,2.148,0.42,4.54,1.3,10.44,618013.0,728219.0,-10886860.0,-3.77,12698883.0,4.39,-23585743.0,-8.16,3961449.0,1.37,6925410.0,2.4,-1,2.146,2.147,2966824784.0,6366805986,6366805986,2026-08-24,2026-08-24 13:39:48+08:00
520550,港股红利低波ETF招商,1.109,1.1063,-0.24,-0.001,-0.09,131205,14565571.0,1.108,1.113,1.108,1.11,0.45,1.14,0.61,-40.94,67406.0,63799.0,-277301.0,-1.9,-1141109.0,-7.83,863808.0,5.93,205983.0,1.41,71316.0,0.49,-100,1.109,1.11,1150524000.0,1275931116,1275931116,2026-08-24,2026-08-24 13:39:41+08:00
563580,自由现金流800ETF万家,1.127,1.1281,0.1,-0.001,-0.09,56814,6423131.0,1.121,1.136,1.118,1.128,1.6,2.31,1.31,19.35,22735.0,34079.0,306498.0,4.77,453867.0,7.07,-147369.0,-2.29,-436326.0,-6.79,129827.0,2.02,20,1.126,1.127,245648000.0,276845296,276845296,2026-08-24,2026-08-24 13:39:16+08:00
563760,全指现金流ETF中银,1.171,1.1704,-0.05,-0.001,-0.09,799408,93793024.0,1.182,1.182,1.17,1.172,1.02,10.52,1.54,-4.75,330932.0,468476.0,-10859582.0,-11.58,-12367725.0,-13.19,1508143.0,1.61,6314807.0,6.73,4544776.0,4.85,68,1.17,1.171,759913200.0,889858357,889858357,2026-08-24,2026-08-24 13:39:31+08:00
159119,800现金流ETF招商,0.977,0.9769,-0.01,-0.001,-0.1,53310,5224559.1,0.978,0.984,0.977,0.978,0.72,3.46,1.2,12.12,20922.0,32388.0,123468.0,2.36,-20624.0,-0.39,144092.0,2.76,-155604.0,-2.98,32138.0,0.62,-30,0.977,0.978,154054229.0,150510982,150510982,2026-08-24,2026-08-24 13:39:51+08:00
513230,港股通消费ETF华夏,0.88,0.8801,0.01,-0.001,-0.11,86527,7612794.0,0.881,0.884,0.876,0.881,0.91,2.63,0.68,2.9,34530.0,51997.0,388617.0,5.1,19094.0,0.25,369523.0,4.85,-461810.0,-6.07,73193.0,0.96,201,0.879,0.88,328422704.0,289011980,289011980,2026-08-24,2026-08-24 13:39:40+08:00
517400,黄金股ETF国泰,1.789,1.7779,-0.62,-0.002,-0.11,1533506,279187471.0,1.815,1.869,1.776,1.791,5.19,16.76,2.94,-24.59,688246.0,845261.0,-85451485.0,-30.61,-5127016.0,-1.84,-80324469.0,-28.77,44350871.0,15.89,41100614.0,14.72,25,1.785,1.789,914792000.0,1636562888,1636562888,2026-08-24,2026-08-24 13:39:38+08:00
159265,港股消费ETF鹏华,0.821,0.8212,0.02,-0.001,-0.12,85773,7041450.0,0.82,0.823,0.817,0.822,0.73,4.82,1.12,3.83,33891.0,51882.0,337240.0,4.79,-986.0,-0.01,338226.0,4.8,-333473.0,-4.74,-3766.0,-0.05,1590,0.82,0.821,177950894.0,146097684,146097684,2026-08-24,2026-08-24 13:40:00+08:00
513950,恒生红利ETF富国,1.264,1.2663,0.18,-0.002,-0.16,162147,20523586.0,1.266,1.268,1.264,1.266,0.32,0.65,0.96,-2.22,83450.0,78697.0,-478118.0,-2.33,-759726.0,-3.7,281608.0,1.37,401626.0,1.96,76493.0,0.37,2916,1.263,1.265,2492619008.0,3150670426,3150670426,2026-08-24,2026-08-24 13:39:44+08:00
159510,沪深300价值ETF华夏,1.25,1.252,0.16,-0.002,-0.16,9613,1205197.7,1.253,1.257,1.25,1.252,0.56,1.45,0.54,8.35,2384.0,7229.0,121440.0,10.08,0.0,0.0,121440.0,10.08,-140387.0,-11.65,18947.0,1.57,-29,1.25,1.252,66128342.0,82660428,82660428,2026-08-24,2026-08-24 13:40:00+08:00
159209,红利质量ETF招商,1.142,1.1429,0.08,-0.002,-0.17,673461,77130124.7,1.145,1.15,1.141,1.144,0.79,3.08,1.32,19.0,366995.0,306466.0,3381724.0,4.38,2967977.0,3.85,413747.0,0.54,3201405.0,4.15,-6583130.0,-8.54,-72,1.142,1.143,2186635056.0,2497137234,2497137234,2026-08-24,2026-08-24 13:40:00+08:00
560120,中证500现金流ETF华夏,1.208,1.2083,0.02,-0.002,-0.17,149053,18022330.0,1.214,1.214,1.205,1.21,0.74,2.57,1.39,9.37,78759.0,70294.0,390095.0,2.16,-433660.0,-2.41,823755.0,4.57,-124591.0,-0.69,-265503.0,-1.47,-25,1.208,1.209,580689008.0,701472322,701472322,2026-08-24,2026-08-24 13:39:36+08:00
563770,全指现金流ETF招商,1.184,1.1842,0.02,-0.002,-0.17,49165,5834126.0,1.195,1.195,1.175,1.186,1.69,18.0,1.26,14.44,26833.0,22332.0,644829.0,11.05,1182953.0,20.28,-538124.0,-9.22,-585584.0,-10.04,-59245.0,-1.02,-4,1.184,1.186,27307000.0,32331488,32331488,2026-08-24,2026-08-24 13:39:34+08:00
159321,黄金股ETF华安,1.735,1.7258,-0.53,-0.003,-0.17,620715,109445175.5,1.761,1.809,1.728,1.738,4.66,15.96,2.09,-24.24,274188.0,346527.0,-10872069.0,-9.93,589097.0,0.54,-11461166.0,-10.47,-1428937.0,-1.31,12301006.0,11.24,1,1.734,1.735,388900400.0,674742194,674742194,2026-08-24,2026-08-24 13:39:57+08:00
159221,现金流ETF嘉实,1.17,1.171,0.09,-0.002,-0.17,177803,20858085.8,1.172,1.177,1.168,1.172,0.77,1.56,0.81,9.91,75114.0,102689.0,255558.0,1.23,1913999.0,9.18,-1658441.0,-7.95,-369776.0,-1.77,114220.0,0.55,5,1.169,1.171,1140013232.0,1333815481,1333815481,2026-08-24,2026-08-24 13:40:00+08:00
561080,全指现金流ETF华安,1.185,1.1864,0.12,-0.002,-0.17,8000,949678.0,1.191,1.193,1.185,1.187,0.67,3.3,0.77,13.28,2862.0,5138.0,67667.0,7.13,0.0,0.0,67667.0,7.13,4399.0,0.46,-72066.0,-7.59,-2204,1.185,1.186,24250000.0,28736250,28736250,2026-08-24,2026-08-24 13:39:38+08:00
512600,消费ETF嘉实,0.567,0.5696,0.46,-0.001,-0.18,244727,13871976.0,0.568,0.57,0.564,0.568,1.06,1.42,1.21,-0.52,96076.0,148651.0,966704.0,6.97,-777841.0,-5.61,1744545.0,12.58,-1023261.0,-7.38,56558.0,0.41,-287,0.567,0.568,1720756096.0,975668706,975668706,2026-08-24,2026-08-24 13:39:35+08:00
561430,红利质量ETF博时,1.045,1.0466,0.15,-0.002,-0.19,9096,954770.0,1.047,1.052,1.045,1.047,0.67,2.26,0.9,-5.03,2557.0,6539.0,82167.0,8.61,0.0,0.0,82167.0,8.61,-105902.0,-11.09,23736.0,2.49,-510,1.045,1.046,40223200.0,42033244,42033244,2026-08-24,2026-08-24 13:39:33+08:00
563960,300质量ETF兴全,0.961,0.9619,0.09,-0.002,-0.21,22555,2172212.0,0.963,0.966,0.961,0.963,0.52,0.62,1.52,-2.17,8547.0,14008.0,-51907.0,-2.39,0.0,0.0,-51907.0,-2.39,-10711.0,-0.49,62618.0,2.88,-2,0.961,0.962,361512000.0,347413032,347413032,2026-08-24,2026-08-24 13:39:32+08:00
520520,恒生消费ETF华泰柏瑞,0.97,0.9718,0.19,-0.002,-0.21,4524,438698.0,0.972,0.973,0.966,0.972,0.72,0.83,0.29,-11.06,1050.0,3474.0,40487.0,9.23,0.0,0.0,40487.0,9.23,-50416.0,-11.49,9929.0,2.26,-1,0.97,0.971,54606000.0,52967820,52967820,2026-08-24,2026-08-24 13:39:41+08:00
159619,基建ETF国泰,0.928,0.9286,0.06,-0.002,-0.22,29737,2769128.7,0.93,0.934,0.928,0.93,0.65,3.91,1.35,30.49,14170.0,15567.0,-101787.0,-3.68,0.0,0.0,-101787.0,-3.68,82989.0,3.0,18797.0,0.68,-6,0.927,0.929,75981007.0,70510374,70510374,2026-08-24,2026-08-24 13:39:54+08:00
159930,能源ETF汇添富,1.756,1.7561,0.01,-0.004,-0.23,300806,52832722.4,1.749,1.767,1.739,1.76,1.59,5.77,0.93,2.77,156623.0,144183.0,1199479.0,2.27,-324458.0,-0.61,1523937.0,2.88,2351693.0,4.45,-3551173.0,-6.72,-31,1.756,1.757,520898144.0,914697141,914697141,2026-08-24,2026-08-24 13:39:51+08:00
561790,央企能源ETF博时,1.248,1.2485,0.04,-0.003,-0.24,22936,2866694.0,1.249,1.252,1.247,1.251,0.4,3.97,2.03,6.11,10850.0,12086.0,32415.0,1.13,0.0,0.0,32415.0,1.13,-17736.0,-0.62,-14679.0,-0.51,30,1.247,1.248,57834000.0,72176832,72176832,2026-08-24,2026-08-24 13:39:36+08:00
513140,港股通金融ETF华泰柏瑞,1.697,1.7014,0.26,-0.004,-0.24,115542,19611089.0,1.701,1.704,1.693,1.701,0.65,14.65,0.79,7.6,50475.0,65067.0,578998.0,2.95,-26025.0,-0.13,605023.0,3.09,609709.0,3.11,-1188706.0,-6.06,-1042,1.697,1.698,78868000.0,133838996,133838996,2026-08-24,2026-08-24 13:39:47+08:00
563990,800现金流ETF富国,1.251,1.2513,0.02,-0.003,-0.24,73571,9220667.0,1.246,1.26,1.246,1.254,1.12,2.43,1.4,5.81,25341.0,48230.0,2289431.0,24.83,112309.0,1.22,2177122.0,23.61,-1497556.0,-16.24,-791874.0,-8.59,147,1.249,1.251,302573008.0,378518833,378518833,2026-08-24,2026-08-24 13:39:33+08:00
159981,能源化工ETF建信,1.579,1.5795,0.03,-0.004,-0.25,1722046,270601845.7,1.569,1.586,1.554,1.583,2.02,9.91,1.21,13.62,1011377.0,710669.0,-16741172.0,-6.19,-18313317.0,-6.77,1572145.0,0.58,13214345.0,4.88,3526827.0,1.3,-483,1.579,1.58,1737536960.0,2743570860,2743570860,2026-08-24,2026-08-24 13:39:48+08:00
561870,现金流全指ETF华富,1.174,1.1741,0.01,-0.003,-0.25,275,32362.0,1.179,1.179,1.172,1.177,0.59,0.03,0.02,-0.33,200.0,75.0,-10483.0,-32.39,0.0,0.0,-10483.0,-32.39,5860.0,18.11,4623.0,14.29,-9,1.172,1.174,93765000.0,110080110,110080110,2026-08-24,2026-08-24 13:39:30+08:00
159236,自由现金流ETF工银,1.197,1.1979,0.08,-0.003,-0.25,18311,2197103.6,1.196,1.204,1.196,1.2,0.67,4.5,1.07,2.28,7916.0,10395.0,-18459.0,-0.84,810311.0,36.88,-828770.0,-37.72,73093.0,3.33,-54635.0,-2.49,-1,1.196,1.198,40722161.0,48744427,48744427,2026-08-24,2026-08-24 13:40:00+08:00
159229,自由现金流ETF广发,1.207,1.2078,0.07,-0.003,-0.25,29352,3553351.8,1.21,1.216,1.204,1.21,0.99,2.0,1.21,24.02,8829.0,20523.0,75786.0,2.13,460189.0,12.95,-384403.0,-10.82,-30947.0,-0.87,-44839.0,-1.26,1169,1.207,1.208,146556022.0,176893119,176893119,2026-08-24,2026-08-24 13:39:54+08:00
513590,港股通消费ETF鹏华,0.783,0.7827,-0.04,-0.002,-0.25,13775,1079341.0,0.788,0.788,0.78,0.785,1.02,0.99,0.59,0.87,4605.0,9170.0,-38188.0,-3.54,0.0,0.0,-38188.0,-3.54,-120443.0,-11.16,158631.0,14.7,-274,0.783,0.784,139518900.0,109243299,109243299,2026-08-24,2026-08-24 13:39:41+08:00
513730,东南亚科技ETF华泰柏瑞,1.158,1.1806,1.91,-0.003,-0.26,102248,11900159.0,1.165,1.167,1.158,1.161,0.78,1.27,1.28,10.87,41460.0,60788.0,-602189.0,-5.06,-2231727.0,-18.75,1629538.0,13.69,98885.0,0.83,503305.0,4.23,-20,1.158,1.16,802355008.0,929127099,929127099,2026-08-24,2026-08-24 13:39:42+08:00
513090,香港证券ETF易方达,1.822,1.8238,0.1,-0.005,-0.27,10300656,1884487266.0,1.82,1.838,1.82,1.827,0.99,10.08,1.17,22.18,5181768.0,5118888.0,-15974048.0,-0.85,-39975264.0,-2.12,24001216.0,1.27,13126368.0,0.7,2838572.0,0.15,272,1.821,1.822,10220487936.0,18621729019,18621729019,2026-08-24,2026-08-24 13:39:47+08:00
159617,中证500价值ETF华夏,1.352,1.3513,-0.05,-0.004,-0.29,16102,2178684.3,1.352,1.359,1.349,1.356,0.74,5.29,1.31,10.51,7835.0,8267.0,-128101.0,-5.88,0.0,0.0,-128101.0,-5.88,-58309.0,-2.68,186411.0,8.56,1000,1.349,1.351,30418382.0,41125652,41125652,2026-08-24,2026-08-24 13:39:54+08:00
159735,港股消费ETF银华,0.676,0.6781,0.31,-0.002,-0.29,111058,7510812.6,0.677,0.679,0.673,0.678,0.88,1.77,0.66,-1.16,45345.0,65713.0,-691792.0,-9.21,-545563.0,-7.26,-146229.0,-1.95,743562.0,9.9,-51768.0,-0.69,-22,0.676,0.677,627561376.0,424231490,424231490,2026-08-24,2026-08-24 13:39:51+08:00
510600,上证50ETF申万菱信,3.818,3.8155,-0.07,-0.012,-0.31,10379,3971064.0,3.826,3.843,3.812,3.83,0.81,7.79,2.64,-13.36,159.0,10220.0,775151.0,19.52,-640995.0,-16.14,1416146.0,35.66,-1075705.0,-27.09,300556.0,7.57,-1,3.813,3.816,13315100.0,50837052,50837052,2026-08-24,2026-08-24 13:39:50+08:00
159315,黄金股ETF工银,1.847,1.8446,-0.13,-0.006,-0.32,275403,51719234.1,1.878,1.929,1.84,1.853,4.8,15.17,2.08,-13.58,128636.0,146767.0,-4597357.0,-8.89,-1381907.0,-2.67,-3215450.0,-6.22,-1665017.0,-3.22,6262374.0,12.11,17,1.845,1.847,181589621.0,335396030,335396030,2026-08-24,2026-08-24 13:40:00+08:00
560820,中证A50ETF新华,1.208,1.2025,-0.46,-0.004,-0.33,1187,143354.0,1.212,1.212,1.2,1.212,0.99,0.29,12.16,-2.3,1168.0,19.0,1089.0,0.76,0.0,0.0,1089.0,0.76,5640.0,3.93,-6728.0,-4.69,-1,1.2,1.203,40926000.0,49438608,49438608,2026-08-24,2026-08-24 13:39:37+08:00
159699,恒生消费ETF广发,0.905,0.9064,0.15,-0.003,-0.33,53914,4878036.9,0.907,0.908,0.901,0.908,0.77,1.09,0.52,13.74,29444.0,24470.0,357505.0,7.33,-19233.0,-0.39,376738.0,7.72,-231771.0,-4.75,-125735.0,-2.58,3,0.905,0.906,492664256.0,445861152,445861152,2026-08-24,2026-08-24 13:39:45+08:00
159336,央企红利ETF融通,1.215,1.2154,0.03,-0.004,-0.33,7541,921862.0,1.221,1.229,1.214,1.219,1.23,0.24,0.26,1.8,1932.0,5609.0,161094.0,17.47,0.0,0.0,161094.0,17.47,-169295.0,-18.36,8201.0,0.89,47,1.213,1.215,307905088.0,374104682,374104682,2026-08-24,2026-08-24 13:40:00+08:00
512620,农业ETF天弘,0.874,0.8744,0.05,-0.003,-0.34,50711,4437784.0,0.877,0.879,0.869,0.877,1.14,0.35,0.53,-8.6,18804.0,31907.0,796066.0,17.94,192575.0,4.34,603491.0,13.6,-657465.0,-14.82,-138600.0,-3.12,-12,0.874,0.875,1429666000.0,1249528084,1249528084,2026-08-24,2026-08-24 13:39:46+08:00
159736,食品饮料ETF天弘,0.586,0.5866,0.1,-0.002,-0.34,244674,14326809.2,0.586,0.588,0.583,0.588,0.85,0.33,1.18,4.38,95302.0,149372.0,-3104980.0,-21.67,-2254488.0,-15.74,-850492.0,-5.94,3052602.0,21.31,52380.0,0.37,-3000,0.585,0.586,7508394496.0,4399919175,4399919175,2026-08-24,2026-08-24 13:39:48+08:00
516110,汽车ETF国泰,1.102,1.1029,0.08,-0.004,-0.36,116879,12907513.0,1.106,1.11,1.101,1.106,0.81,5.45,1.08,11.02,74421.0,42458.0,553453.0,4.29,1857474.0,14.39,-1304021.0,-10.1,-490602.0,-3.8,-62852.0,-0.49,2270,1.101,1.102,214623100.0,236514656,236514656,2026-08-24,2026-08-24 13:39:36+08:00
159766,旅游ETF富国,0.552,0.5511,-0.16,-0.002,-0.36,1370801,75756675.4,0.553,0.557,0.55,0.554,1.26,2.54,1.05,33.78,558470.0,812331.0,-10804593.0,-14.26,-4609581.0,-6.08,-6195012.0,-8.18,8090516.0,10.68,2714078.0,3.58,652,0.551,0.552,5400141056.0,2980877863,2980877863,2026-08-24,2026-08-24 13:39:51+08:00
513970,恒生消费ETF景顺,0.833,0.8362,0.38,-0.003,-0.36,314170,26162907.0,0.835,0.838,0.829,0.836,1.08,2.17,1.03,16.95,126936.0,187234.0,624540.0,2.39,-329973.0,-1.26,954513.0,3.65,-220663.0,-0.84,-403878.0,-1.54,-100,0.833,0.834,1450041008.0,1207884160,1207884160,2026-08-24,2026-08-24 13:39:38+08:00
159245,港股通消费ETF富国,0.798,0.7988,0.1,-0.003,-0.37,10806,862218.3,0.805,0.805,0.795,0.801,1.25,1.48,0.53,-3.35,2928.0,7878.0,356498.0,41.35,0.0,0.0,356498.0,41.35,-349272.0,-40.51,-7226.0,-0.84,-18,0.797,0.799,73113296.0,58344410,58344410,2026-08-24,2026-08-24 13:40:00+08:00
562580,可选消费ETF华夏,1.063,1.0641,0.1,-0.004,-0.37,11417,1216242.0,1.063,1.069,1.062,1.067,0.66,3.03,0.76,-3.19,2631.0,8786.0,423661.0,34.83,0.0,0.0,423661.0,34.83,-367879.0,-30.25,-55783.0,-4.59,-2000,1.062,1.064,37723300.0,40099868,40099868,2026-08-24,2026-08-24 13:39:09+08:00
159285,港股通消费ETF华安,0.789,0.7894,0.05,-0.003,-0.38,64565,5090003.7,0.792,0.796,0.786,0.792,1.26,2.6,1.07,-1.47,32777.0,31788.0,234520.0,4.61,-225165.0,-4.42,459685.0,9.03,-200184.0,-3.93,-34335.0,-0.67,2660,0.788,0.789,248486680.0,196055991,196055991,2026-08-24,2026-08-24 13:40:00+08:00
159635,基建ETF华夏,0.985,0.986,0.1,-0.004,-0.4,238107,23522014.5,0.99,0.992,0.985,0.989,0.71,18.2,1.31,13.53,115221.0,122886.0,89653.0,0.38,-578435.0,-2.46,668088.0,2.84,-136260.0,-0.58,46607.0,0.2,1800,0.985,0.986,130846980.0,128884275,128884275,2026-08-24,2026-08-24 13:39:54+08:00
159974,央企创新ETF富国,1.757,1.751,-0.34,-0.007,-0.4,13410,2357775.7,1.763,1.763,1.756,1.764,0.4,3.4,4.16,56.41,1715.0,11695.0,84710.0,3.59,4919.0,0.21,79791.0,3.38,-81022.0,-3.44,-3688.0,-0.16,2,1.748,1.753,39432422.0,69282765,69282765,2026-08-24,2026-08-24 13:39:51+08:00
159041,农业ETF鹏华,0.999,0.9993,0.03,-0.004,-0.4,3869,386792.994,1.003,1.003,0.994,1.003,0.9,0.57,0.1,-17.49,2017.0,1852.0,-159689.0,-41.29,0.0,0.0,-159689.0,-41.29,110169.0,28.48,49521.0,12.8,10,0.998,0.999,67471832.0,67404360,67404360,2026-08-24,2026-08-24 13:39:54+08:00
563280,A50增强ETF富国,1.415,1.4102,-0.34,-0.006,-0.42,454,64720.0,1.431,1.431,1.415,1.421,1.13,0.68,0.27,0.1,100.0,354.0,23700.0,36.62,0.0,0.0,23700.0,36.62,0.0,0.0,-23701.0,-36.62,-1,1.409,1.413,6706600.0,9489839,9489839,2026-08-24,2026-08-24 13:39:31+08:00
520580,新兴亚洲ETF招商,0.953,0.9584,0.56,-0.004,-0.42,27241,2606700.0,0.954,0.959,0.953,0.957,0.63,0.94,1.13,-8.54,13592.0,13649.0,-351496.0,-13.48,-866578.0,-33.24,515082.0,19.76,-163129.0,-6.26,514625.0,19.74,-3,0.953,0.954,290983904.0,277307661,277307661,2026-08-24,2026-08-24 13:39:41+08:00
562900,农业ETF易方达,0.679,0.6789,-0.01,-0.003,-0.44,114937,7784397.0,0.679,0.682,0.672,0.682,1.47,4.81,0.61,7.33,35770.0,79167.0,651414.0,8.37,-30194.0,-0.39,681608.0,8.76,-538230.0,-6.91,-113183.0,-1.45,-10,0.679,0.68,238706300.0,162081578,162081578,2026-08-24,2026-08-24 13:39:35+08:00
513170,恒生央企ETF鹏华,1.591,1.5965,0.34,-0.007,-0.44,14327,2288440.0,1.62,1.62,1.59,1.598,1.88,0.73,0.75,17.05,3966.0,10361.0,542524.0,23.71,0.0,0.0,542524.0,23.71,-357683.0,-15.63,-184840.0,-8.08,-8,1.591,1.594,196573000.0,312747643,312747643,2026-08-24,2026-08-24 13:39:39+08:00
159545,恒生红利低波ETF易方达,1.328,1.3232,-0.36,-0.006,-0.45,449083,59748661.69,1.332,1.336,1.326,1.334,0.75,0.85,0.87,-25.33,184361.0,264722.0,3598151.0,6.02,1712233.0,2.87,1885918.0,3.16,-2757980.0,-4.62,-840171.0,-1.41,60,1.327,1.328,5296003584.0,7033092760,7033092760,2026-08-24,2026-08-24 13:39:57+08:00
510990,180ESGETF工银,1.05,1.0467,-0.32,-0.005,-0.47,49363,5200576.0,1.054,1.055,1.049,1.055,0.57,12.67,1.61,8.36,22913.0,26450.0,79245.0,1.52,-724820.0,-13.94,804065.0,15.46,-123378.0,-2.37,44133.0,0.85,1,1.044,1.046,38948600.0,40896030,40896030,2026-08-24,2026-08-24 13:39:49+08:00
562330,中证500价值ETF银华,1.232,1.2348,0.23,-0.006,-0.48,9295,1151523.0,1.24,1.242,1.231,1.238,0.89,8.44,0.73,0.11,5074.0,4221.0,-385730.0,-33.5,0.0,0.0,-385730.0,-33.5,183393.0,15.93,202336.0,17.57,16,1.231,1.232,11018900.0,13575285,13575285,2026-08-24,2026-08-24 13:39:34+08:00
512040,价值ETF富国,1.211,1.2111,0.01,-0.006,-0.49,1164381,141473980.0,1.218,1.22,1.21,1.217,0.82,2.66,0.95,11.67,390910.0,773471.0,2283768.0,1.61,941474.0,0.67,1342294.0,0.95,-68636.0,-0.05,-2215132.0,-1.57,197,1.21,1.211,4379715840.0,5303835882,5303835882,2026-08-24,2026-08-24 13:39:48+08:00
159519,港股国企ETF国泰,1.784,1.787,0.17,-0.009,-0.5,65631,11731672.372,1.79,1.795,1.782,1.793,0.73,11.28,0.72,17.45,30860.0,34771.0,922123.0,7.86,0.0,0.0,922123.0,7.86,928897.0,7.92,-1851021.0,-15.78,108,1.783,1.784,58157854.0,103753612,103753612,2026-08-24,2026-08-24 13:39:57+08:00
513810,港股国企ETF华夏,1.751,1.7574,0.36,-0.009,-0.51,50125,8792779.0,1.754,1.763,1.75,1.76,0.74,11.94,0.58,8.74,19278.0,30847.0,435915.0,4.96,0.0,0.0,435915.0,4.96,656863.0,7.47,-1092779.0,-12.43,-267,1.751,1.752,41992000.0,73527992,73527992,2026-08-24,2026-08-24 13:39:33+08:00
159936,可选消费ETF广发,1.896,1.8998,0.2,-0.01,-0.52,1903,362113.8,1.906,1.908,1.895,1.906,0.68,0.18,0.49,1.12,1050.0,853.0,190.0,0.05,0.0,0.0,190.0,0.05,70803.0,19.55,-70994.0,-19.61,-23,1.896,1.899,108156094.0,205063954,205063954,2026-08-24,2026-08-24 13:39:51+08:00
562510,旅游ETF华夏,0.56,0.5612,0.21,-0.003,-0.53,398392,22406421.0,0.563,0.566,0.559,0.563,1.24,3.73,1.08,20.61,191398.0,206994.0,69500.0,0.31,306334.0,1.37,-236834.0,-1.06,-483329.0,-2.16,413827.0,1.85,-150,0.56,0.561,1068095008.0,598133204,598133204,2026-08-24,2026-08-24 13:39:35+08:00
159501,纳指ETF嘉实,2.064,1.8609,-10.91,-0.011,-0.53,166565,34483477.1,2.074,2.082,2.061,2.075,1.01,0.25,0.56,-22.66,64507.0,102058.0,-7807933.0,-22.64,-758605.0,-2.2,-7049328.0,-20.44,949325.0,2.75,6858607.0,19.89,3,2.063,2.064,6767986688.0,13969124524,13969124524,2026-08-24,2026-08-24 13:40:00+08:00
516970,基建ETF广发,1.09,1.0901,0.01,-0.006,-0.55,264419,28951373.0,1.099,1.103,1.089,1.096,1.28,2.32,1.27,-3.1,114530.0,149889.0,3286131.0,11.35,8083128.0,27.92,-4796997.0,-16.57,-1985521.0,-6.86,-1300611.0,-4.49,-77,1.09,1.091,1140042496.0,1242646321,1242646321,2026-08-24,2026-08-24 13:39:43+08:00
159322,黄金股ETF平安,1.815,1.8117,-0.18,-0.01,-0.55,202122,37252089.44,1.863,1.891,1.804,1.825,4.77,17.82,2.27,29.43,103415.0,98707.0,-3844674.0,-10.32,-4347733.0,-11.67,503059.0,1.35,762967.0,2.05,3081708.0,8.27,-50,1.815,1.818,113411691.0,205842219,205842219,2026-08-24,2026-08-24 13:40:00+08:00
159916,基本面ETF建信,5.106,5.1058,0.0,-0.03,-0.58,23,11748.4,5.105,5.132,5.105,5.136,0.53,0.01,0.29,-1.13,4.0,19.0,0.0,0.0,0.0,0.0,0.0,0.0,-1022.0,-8.7,1022.0,8.7,-4,5.1,5.105,42566039.0,217342195,217342195,2026-08-24,2026-08-24 13:39:51+08:00
510800,上证50ETF建信,1.379,1.3795,0.04,-0.008,-0.58,8082,1118350.0,1.397,1.397,1.378,1.387,1.37,0.46,0.62,11.85,2416.0,5666.0,185713.0,16.61,4287.0,0.38,181426.0,16.22,-211018.0,-18.87,25304.0,2.26,30,1.378,1.379,174576000.0,240740304,240740304,2026-08-24,2026-08-24 13:39:45+08:00
159173,农牧ETF南方,0.86,0.8597,-0.03,-0.005,-0.58,31486,2708157.5,0.857,0.865,0.852,0.865,1.5,6.37,0.59,1.39,8982.0,22504.0,-55455.0,-2.05,676758.0,24.99,-732213.0,-27.04,-17096.0,-0.63,72550.0,2.68,-1000,0.86,0.861,49455388.0,42531634,42531634,2026-08-24,2026-08-24 13:39:54+08:00
520620,恒生消费ETF嘉实,0.828,0.8309,0.35,-0.005,-0.6,58141,4806473.0,0.829,0.831,0.824,0.833,0.84,1.95,3.0,2.98,8868.0,49273.0,2995615.0,62.32,329.0,0.01,2995286.0,62.32,-2005010.0,-41.71,-990605.0,-20.61,-29,0.828,0.829,297409008.0,246254659,246254659,2026-08-24,2026-08-24 13:39:40+08:00
530050,上证50ETF东财,1.169,1.1695,0.04,-0.007,-0.6,41827,4903029.0,1.173,1.176,1.167,1.176,0.77,3.17,1.29,2.65,20490.0,21337.0,64868.0,1.32,0.0,0.0,64868.0,1.32,-416977.0,-8.5,352109.0,7.18,52,1.168,1.169,131813000.0,154089397,154089397,2026-08-24,2026-08-24 13:39:40+08:00
159866,日经ETF工银,1.664,1.6215,-2.62,-0.01,-0.6,640947,107024920.6,1.676,1.677,1.661,1.674,0.96,5.85,0.65,22.45,269832.0,371115.0,-17815731.0,-16.65,-8324689.0,-7.78,-9491042.0,-8.87,11047692.0,10.32,6768039.0,6.32,675,1.663,1.664,1094979376.0,1822045682,1822045682,2026-08-24,2026-08-24 13:39:51+08:00
510950,上证50ETF广发,0.979,0.9828,0.39,-0.006,-0.61,79221,7777034.0,0.984,0.987,0.978,0.985,0.91,6.86,0.68,19.48,21500.0,57721.0,-993702.0,-12.78,-1311629.0,-16.87,317927.0,4.09,690309.0,8.88,303394.0,3.9,500,0.978,0.979,115420800.0,112996963,112996963,2026-08-24,2026-08-24 13:39:46+08:00
513880,日经225ETF华安,2.121,2.031,-4.43,-0.013,-0.61,450805,96014535.0,2.134,2.142,2.117,2.134,1.17,3.45,0.62,23.33,199229.0,251576.0,-2687034.0,-2.8,-4567976.0,-4.76,1880942.0,1.96,2066826.0,2.15,628058.0,0.65,-8,2.12,2.121,1306970000.0,2772083370,2772083370,2026-08-24,2026-08-24 13:39:43+08:00
510680,上证50ETF万家,3.136,3.151,0.48,-0.02,-0.63,3001,944100.0,3.15,3.161,3.136,3.156,0.79,1.53,0.27,-25.26,1162.0,1839.0,-269754.0,-28.57,0.0,0.0,-269754.0,-28.57,119532.0,12.66,150221.0,15.91,10,3.135,3.136,19624700.0,61543059,61543059,2026-08-24,2026-08-24 13:39:49+08:00
560210,农牧渔ETF景顺,0.792,0.7921,0.01,-0.005,-0.63,89045,7037338.0,0.796,0.797,0.786,0.797,1.38,1.69,1.03,4.8,39648.0,49397.0,-194467.0,-2.76,-924886.0,-13.14,730419.0,10.38,31244.0,0.44,163223.0,2.32,-40,0.792,0.793,525522000.0,416213424,416213424,2026-08-24,2026-08-24 13:39:19+08:00
510170,大宗商品ETF国联安,1.399,1.4001,0.08,-0.009,-0.64,105624,14918325.0,1.421,1.426,1.398,1.408,1.99,3.12,1.39,26.18,43359.0,62265.0,195984.0,1.31,978879.0,6.56,-782895.0,-5.25,421356.0,2.82,-617340.0,-4.14,500,1.398,1.4,338914800.0,474141805,474141805,2026-08-24,2026-08-24 13:39:41+08:00
159827,农业ETF银华,0.774,0.7747,0.09,-0.005,-0.64,10852,840570.7,0.778,0.784,0.771,0.779,1.67,1.2,0.41,9.73,3526.0,7326.0,19629.0,2.34,-8901.0,-1.06,28530.0,3.39,40578.0,4.83,-60206.0,-7.16,-200,0.774,0.775,90716463.0,70214542,70214542,2026-08-24,2026-08-24 13:39:51+08:00
563060,央企50ETF易方达,1.075,1.075,0.0,-0.007,-0.65,2765,299038.0,1.082,1.085,1.075,1.082,0.92,0.15,0.12,-3.12,353.0,2412.0,-27557.0,-9.22,240095.0,80.29,-267652.0,-89.5,23868.0,7.98,3689.0,1.23,-4,1.075,1.077,189527000.0,203741525,203741525,2026-08-24,2026-08-24 13:39:27+08:00
513520,日经ETF华夏,2.253,2.1698,-3.83,-0.015,-0.66,449192,101708504.0,2.273,2.276,2.249,2.268,1.19,4.18,0.54,-12.53,185161.0,264031.0,-7315564.0,-7.19,604259.0,0.59,-7919823.0,-7.79,4160207.0,4.09,3155357.0,3.1,300,2.252,2.253,1073887200.0,2419467862,2419467862,2026-08-24,2026-08-24 13:39:45+08:00
515990,一带一路ETF汇添富,1.516,1.5148,-0.08,-0.01,-0.66,202,30807.0,1.529,1.529,1.516,1.526,0.85,0.04,0.02,-0.06,1.0,201.0,-26549.0,-86.18,-7590.0,-24.64,-18959.0,-61.54,0.0,0.0,26550.0,86.18,-19,1.512,1.516,52350200.0,79362903,79362903,2026-08-24,2026-08-24 13:39:19+08:00
159032,工业有色ETF易方达,0.898,0.8971,-0.1,-0.006,-0.66,197609,17946413.8,0.913,0.918,0.893,0.904,2.77,7.72,1.74,33.53,77941.0,119668.0,-175226.0,-0.98,956021.0,5.33,-1131247.0,-6.3,-666149.0,-3.71,841376.0,4.69,55,0.897,0.898,255845019.0,229748827,229748827,2026-08-24,2026-08-24 13:39:54+08:00
159049,有色ETF工银,1.039,1.0387,-0.03,-0.007,-0.67,97529,10303980.307,1.049,1.07,1.037,1.046,3.15,23.18,2.07,-1.02,52992.0,44537.0,457462.0,4.44,1342443.0,13.03,-884981.0,-8.59,-508101.0,-4.93,50639.0,0.49,10,1.037,1.039,42073319.0,43714178,43714178,2026-08-24,2026-08-24 13:39:57+08:00
516810,农业ETF华夏,0.739,0.7398,0.11,-0.005,-0.67,797356,59039824.0,0.74,0.743,0.734,0.744,1.21,14.89,1.0,9.19,344234.0,453122.0,2047373.0,3.47,3978835.0,6.74,-1931462.0,-3.27,-1921222.0,-3.25,-126151.0,-0.21,3000,0.738,0.739,535478896.0,395718904,395718904,2026-08-24,2026-08-24 13:39:44+08:00
517880,品牌消费ETF华泰柏瑞,0.745,0.7494,0.59,-0.005,-0.67,66451,4949635.0,0.746,0.747,0.742,0.75,0.67,12.94,2.04,-1.14,24942.0,41509.0,328003.0,6.63,-367062.0,-7.42,695065.0,14.04,-348784.0,-7.05,20781.0,0.42,-451,0.745,0.746,51337100.0,38246140,38246140,2026-08-24,2026-08-24 13:39:32+08:00
159011,养殖ETF华安,1.032,1.0312,-0.08,-0.007,-0.67,34182,3529164.4,1.038,1.038,1.024,1.039,1.35,11.99,1.26,7.75,16158.0,18024.0,164346.0,4.66,0.0,0.0,164346.0,4.66,-224031.0,-6.35,59686.0,1.69,1454,1.031,1.032,28505168.0,29417333,29417333,2026-08-24,2026-08-24 13:39:54+08:00
159168,有色ETF富国,0.878,0.8779,-0.01,-0.006,-0.68,328501,29218373.925,0.896,0.899,0.876,0.884,2.6,6.15,1.44,67.24,161218.0,167283.0,-1855852.0,-6.35,408061.0,1.4,-2263913.0,-7.75,224975.0,0.77,1630875.0,5.58,20,0.878,0.879,534455056.0,469251539,469251539,2026-08-24,2026-08-24 13:40:00+08:00
159730,家电ETF博时,1.011,1.0117,0.07,-0.007,-0.69,5671,575499.6,1.016,1.018,1.008,1.018,0.98,1.33,1.53,0.89,404.0,5267.0,13331.0,2.32,0.0,0.0,13331.0,2.32,-48624.0,-8.45,35293.0,6.13,-212,1.011,1.012,42571340.0,43039625,43039625,2026-08-24,2026-08-24 13:39:51+08:00
516750,建材ETF富国,0.572,0.5721,0.02,-0.004,-0.69,43861,2526348.0,0.574,0.579,0.571,0.576,1.39,3.14,0.47,4.57,23990.0,19871.0,158237.0,6.26,-9500.0,-0.38,167737.0,6.64,-192715.0,-7.63,34479.0,1.36,20,0.572,0.573,139667300.0,79889696,79889696,2026-08-24,2026-08-24 13:39:45+08:00
159562,黄金股ETF华夏,2.452,2.4504,-0.07,-0.017,-0.69,1571043,392648508.843,2.501,2.565,2.447,2.469,4.78,6.24,1.38,-4.82,712206.0,858837.0,-35051938.0,-8.93,-15542295.0,-3.96,-19509643.0,-4.97,14485893.0,3.69,20566045.0,5.24,1773,2.451,2.453,2517130512.0,6172004015,6172004015,2026-08-24,2026-08-24 13:39:57+08:00
512240,A50ETF鹏华,1.156,1.1515,-0.39,-0.008,-0.69,36014,4178111.0,1.167,1.167,1.154,1.164,1.12,16.61,2.06,-13.08,12742.0,23272.0,-147468.0,-3.53,809200.0,19.37,-956668.0,-22.9,27259.0,0.65,120208.0,2.88,-819,1.153,1.155,21686000.0,25069016,25069016,2026-08-24,2026-08-24 13:39:29+08:00
517520,黄金股ETF永赢,2.257,2.2558,-0.05,-0.016,-0.7,5849844,1342938719.0,2.314,2.358,2.25,2.273,4.75,7.94,1.73,40.11,2943026.0,2906818.0,53254560.0,3.97,113947792.0,8.49,-60693232.0,-4.52,17840341.0,1.33,-71108677.0,-5.3,-374,2.256,2.257,7364903936.0,16622588184,16622588184,2026-08-24,2026-08-24 13:39:41+08:00
159905,红利ETF工银,1.676,1.6763,0.02,-0.012,-0.71,217498,36563957.2,1.69,1.69,1.675,1.688,0.89,2.14,1.73,35.02,121127.0,96371.0,1324197.0,3.62,-6972312.0,-19.07,8296509.0,22.69,-1574095.0,-4.31,249898.0,0.68,-4,1.675,1.677,1015943952.0,1702722064,1702722064,2026-08-24,2026-08-24 13:39:51+08:00
562530,中证1000价值ETF华夏,1.234,1.237,0.24,-0.009,-0.72,53917,6680977.0,1.243,1.244,1.234,1.243,0.8,2.9,0.94,-1.0,28875.0,25042.0,505731.0,7.57,124300.0,1.86,381431.0,5.71,-479170.0,-7.17,-26561.0,-0.4,1767,1.235,1.236,186144000.0,229701696,229701696,2026-08-24,2026-08-24 13:39:27+08:00
515730,家居家电ETF永赢,0.832,0.8287,-0.4,-0.006,-0.72,15707,1304455.0,0.84,0.84,0.828,0.838,1.43,4.26,1.28,-6.38,7880.0,7827.0,-123727.0,-9.48,-289800.0,-22.22,166073.0,12.73,50065.0,3.84,73661.0,5.65,129,0.829,0.83,36892000.0,30694144,30694144,2026-08-24,2026-08-24 13:39:43+08:00
515680,央企创新ETF嘉实,1.654,1.6502,-0.23,-0.012,-0.72,5813,965810.0,1.666,1.667,1.65,1.666,1.02,0.05,0.44,-20.97,1241.0,4572.0,141079.0,14.61,0.0,0.0,141079.0,14.61,-119082.0,-12.33,-21997.0,-2.28,-1300,1.649,1.651,1099264704.0,1818183820,1818183820,2026-08-24,2026-08-24 13:39:45+08:00
560970,工业有色ETF平安,0.949,0.9487,-0.03,-0.007,-0.73,25799,2464451.0,0.965,0.975,0.947,0.956,2.93,3.84,3.73,13.78,5535.0,20264.0,-14948.0,-0.61,-764604.0,-31.03,749656.0,30.42,-35585.0,-1.44,50533.0,2.05,7,0.948,0.949,67138000.0,63713962,63713962,2026-08-24,2026-08-24 13:39:34+08:00
562300,碳中和ETF银华,0.676,0.676,0.0,-0.005,-0.73,807,55083.0,0.685,0.685,0.676,0.681,1.32,0.14,0.07,-2.52,,807.0,53582.0,97.28,0.0,0.0,53582.0,97.28,-40766.0,-74.01,-12816.0,-23.27,-20,0.675,0.676,58495000.0,39542620,39542620,2026-08-24,2026-08-24 13:39:37+08:00
530000,上证50ETF天弘,1.363,1.3645,0.11,-0.01,-0.73,19950,2731297.0,1.373,1.374,1.363,1.373,0.8,0.2,0.78,-8.33,10400.0,9550.0,262315.0,9.6,-689110.0,-25.23,951425.0,34.83,-226824.0,-8.3,-35491.0,-1.3,-1,1.362,1.364,975029408.0,1328965083,1328965083,2026-08-24,2026-08-24 13:39:38+08:00
516650,有色金属ETF华夏,1.888,1.8868,-0.06,-0.014,-0.74,1270451,243358793.0,1.925,1.941,1.881,1.902,3.15,2.42,1.83,25.8,688128.0,582323.0,-5157706.0,-2.12,-18405457.0,-7.56,13247751.0,5.44,5229046.0,2.15,-71341.0,-0.03,200,1.886,1.888,5244464896.0,9901549724,9901549724,2026-08-24,2026-08-24 13:39:43+08:00
510050,上证50ETF华夏,2.971,2.9701,-0.03,-0.022,-0.74,5308281,1583699845.0,2.991,2.997,2.97,2.993,0.9,7.25,1.54,-4.49,2395361.0,2912920.0,-63457600.0,-4.01,12493632.0,0.79,-75951232.0,-4.8,-51456885.0,-3.25,114914794.0,7.26,123,2.97,2.971,7325766912.0,21764853496,21764853496,2026-08-24,2026-08-24 13:39:50+08:00
560560,碳中和ETF泰康,0.675,0.6759,0.13,-0.005,-0.74,3395,229305.0,0.68,0.684,0.675,0.68,1.32,0.47,0.55,14.5,14.0,3381.0,19909.0,8.68,0.0,0.0,19909.0,8.68,-13296.0,-5.8,-6614.0,-2.88,-2970,0.675,0.676,72190100.0,48728318,48728318,2026-08-24,2026-08-24 13:39:37+08:00
159708,红利ETF西部利得,0.81,0.8102,0.02,-0.006,-0.74,143073,11610364.3,0.817,0.817,0.81,0.816,0.86,7.97,1.9,-1.32,67282.0,75791.0,-74339.0,-0.64,-176678.0,-1.52,102339.0,0.88,83917.0,0.72,-9579.0,-0.08,311,0.809,0.81,179528306.0,145417928,145417928,2026-08-24,2026-08-24 13:39:51+08:00
515040,工业有色ETF华夏,1.064,1.0636,-0.04,-0.008,-0.75,40609,4387412.0,1.082,1.095,1.061,1.072,3.17,6.96,0.94,2.29,15483.0,25126.0,-409457.0,-9.33,-180286.0,-4.11,-229171.0,-5.22,-27706.0,-0.63,437162.0,9.96,25,1.064,1.065,58319600.0,62052054,62052054,2026-08-24,2026-08-24 13:39:42+08:00
510190,上证50ETF华安,4.243,4.2441,0.03,-0.032,-0.75,1080,460663.0,4.264,4.273,4.243,4.275,0.7,0.46,0.76,6.89,703.0,377.0,100046.0,21.72,0.0,0.0,100046.0,21.72,-5791.0,-1.26,-94256.0,-20.46,-6,4.243,4.246,23650800.0,100350344,100350344,2026-08-24,2026-08-24 13:39:46+08:00
560470,有色ETF易方达,0.923,0.9218,-0.13,-0.007,-0.75,107588,10050571.0,0.936,0.947,0.92,0.93,2.9,3.47,1.19,0.72,48175.0,59413.0,-157157.0,-1.56,458446.0,4.56,-615603.0,-6.13,-897602.0,-8.93,1054760.0,10.49,8,0.92,0.923,310340000.0,286443820,286443820,2026-08-24,2026-08-24 13:39:38+08:00
159865,养殖ETF国泰,0.526,0.5249,-0.21,-0.004,-0.75,2557223,134415065.7,0.529,0.529,0.522,0.53,1.32,2.1,0.9,57.89,1118465.0,1438758.0,-12997525.0,-9.67,-8757801.0,-6.52,-4239724.0,-3.15,6792372.0,5.05,6205155.0,4.62,20,0.525,0.526,12205455616.0,6420069654,6420069654,2026-08-24,2026-08-24 13:39:51+08:00
159745,建材ETF国泰,0.524,0.5247,0.13,-0.004,-0.76,519184,27385970.6,0.525,0.531,0.524,0.528,1.33,3.95,0.95,49.76,202747.0,316437.0,1219339.0,4.45,-1534239.0,-5.6,2753578.0,10.05,-1364733.0,-4.98,145393.0,0.53,-213,0.524,0.525,1315688272.0,689420655,689420655,2026-08-24,2026-08-24 13:39:51+08:00
159910,基本面120ETF嘉实,2.354,2.3537,-0.01,-0.018,-0.76,1203,284362.4,2.373,2.374,2.354,2.372,0.84,0.15,1.13,3.21,102.0,1101.0,0.0,0.0,0.0,0.0,0.0,0.0,-542.0,-0.19,542.0,0.19,-500,2.349,2.351,82906143.0,195161061,195161061,2026-08-24,2026-08-24 13:39:51+08:00
561750,A50ETF博时,1.17,1.1642,-0.5,-0.009,-0.76,32192,3766764.0,1.173,1.173,1.169,1.179,0.34,5.11,3.89,12.23,20209.0,11983.0,-144798.0,-3.84,585351.0,15.54,-730149.0,-19.38,46548.0,1.24,98250.0,2.61,-2,1.168,1.169,62996000.0,73705320,73705320,2026-08-24,2026-08-24 13:39:28+08:00
159163,有色ETF泰康,0.783,0.7822,-0.1,-0.006,-0.76,62546,4974181.725,0.799,0.805,0.78,0.789,3.17,2.34,1.3,60.6,27446.0,35100.0,391201.0,7.86,-75364.0,-1.52,466565.0,9.38,-435781.0,-8.76,44579.0,0.9,2,0.781,0.783,266807013.0,208909891,208909891,2026-08-24,2026-08-24 13:40:00+08:00
510710,上证50ETF博时,4.24,4.2431,0.07,-0.033,-0.77,13353,5685744.0,4.265,4.277,4.24,4.273,0.87,1.31,1.15,0.22,7940.0,5413.0,123973.0,2.18,-3396484.0,-59.74,3520457.0,61.92,-175612.0,-3.09,51640.0,0.91,-50,4.235,4.241,101618900.0,430864136,430864136,2026-08-24,2026-08-24 13:39:48+08:00
512400,有色金属ETF南方,1.931,1.93,-0.05,-0.015,-0.77,6040940,1183524026.0,1.973,1.984,1.926,1.946,2.98,4.55,1.53,23.35,2685731.0,3355209.0,-213541080.0,-18.04,-94207608.0,-7.96,-119333472.0,-10.08,23253691.0,1.96,190440320.0,16.09,-292,1.931,1.932,13282039040.0,25647617386,25647617386,2026-08-24,2026-08-24 13:39:46+08:00
512260,中证500低波动ETF华安,1.899,1.897,-0.11,-0.015,-0.78,1144,218108.0,1.925,1.925,1.899,1.914,1.36,0.58,0.3,0.09,410.0,734.0,-71792.0,-32.92,0.0,0.0,-71792.0,-32.92,-381.0,-0.17,72172.0,33.09,10,1.895,1.897,19697700.0,37405932,37405932,2026-08-24,2026-08-24 13:39:48+08:00
510140,上证综指ETF华夏,1.013,1.0145,0.15,-0.008,-0.78,62129,6321511.0,1.019,1.023,1.012,1.021,1.08,7.74,1.11,-2.78,18785.0,43343.0,-1243073.0,-19.66,-1488985.0,-23.55,245912.0,3.89,468998.0,7.42,774076.0,12.25,50,1.012,1.013,80230500.0,81273497,81273497,2026-08-24,2026-08-24 13:39:50+08:00
562810,上证指数增强ETF嘉实,1.144,1.1433,-0.06,-0.009,-0.78,34626,3981026.0,1.154,1.156,1.143,1.153,1.13,6.54,0.94,-2.13,12115.0,22511.0,-139862.0,-3.51,592765.0,14.89,-732627.0,-18.4,-75279.0,-1.89,215141.0,5.4,100,1.142,1.144,52951000.0,60575944,60575944,2026-08-24,2026-08-24 13:39:16+08:00
515110,一带一路ETF易方达,1.632,1.6329,0.06,-0.013,-0.79,47400,7793008.0,1.645,1.65,1.632,1.645,1.09,2.19,1.17,4.49,26515.0,20885.0,91171.0,1.17,269787.0,3.46,-178616.0,-2.29,-98572.0,-1.26,7400.0,0.09,-8,1.63,1.632,216295000.0,352993440,352993440,2026-08-24,2026-08-24 13:39:41+08:00
562010,绿色能源ETF华宝,0.884,0.8823,-0.19,-0.007,-0.79,1098,97516.0,0.897,0.898,0.881,0.891,1.91,0.6,0.44,-0.02,404.0,694.0,-63967.0,-65.6,0.0,0.0,-63967.0,-65.6,29670.0,30.43,34297.0,35.17,30,0.881,0.883,18298700.0,16176051,16176051,2026-08-24,2026-08-24 13:39:16+08:00
561470,畜牧养殖ETF天弘,1.003,1.0039,0.09,-0.008,-0.79,18307,1837049.0,1.008,1.008,0.998,1.011,0.99,3.67,0.98,15.25,6718.0,11589.0,-486779.0,-26.5,0.0,0.0,-486779.0,-26.5,370232.0,20.15,116547.0,6.34,-41,1.003,1.004,49936000.0,50085808,50085808,2026-08-24,2026-08-24 13:39:37+08:00
561020,食品ETF招商,1.007,1.0057,-0.13,-0.008,-0.79,6571,661852.0,1.012,1.025,1.003,1.015,2.17,1.93,0.23,15.09,3213.0,3358.0,-145289.0,-21.95,0.0,0.0,-145289.0,-21.95,85641.0,12.94,59648.0,9.01,50,1.006,1.007,34022200.0,34260355,34260355,2026-08-24,2026-08-24 13:39:36+08:00
516660,新能源车ETF华安,0.989,0.9863,-0.27,-0.008,-0.8,2039,203750.0,0.996,1.013,0.987,0.997,2.61,0.13,0.22,0.31,918.0,1121.0,-122484.0,-60.11,-3663.0,-1.8,-118821.0,-58.32,82785.0,40.63,39698.0,19.48,-1,0.986,0.988,154689000.0,152987421,152987421,2026-08-24,2026-08-24 13:39:29+08:00
516840,汽车ETF南方,0.742,0.7417,-0.04,-0.006,-0.8,61595,4580346.0,0.754,0.754,0.741,0.748,1.74,4.55,1.43,-6.14,29482.0,32113.0,-188391.0,-4.11,18814.0,0.41,-207205.0,-4.52,196064.0,4.28,-7674.0,-0.17,784,0.741,0.742,135277000.0,100375534,100375534,2026-08-24,2026-08-24 13:39:44+08:00
560290,有色ETF景顺,0.843,0.8432,0.02,-0.007,-0.82,107594,9217056.0,0.86,0.867,0.84,0.85,3.18,2.9,2.2,31.02,33750.0,73844.0,1020802.0,11.08,1877926.0,20.37,-857124.0,-9.3,-609877.0,-6.62,-410926.0,-4.46,-16,0.843,0.844,370694000.0,312495042,312495042,2026-08-24,2026-08-24 13:39:30+08:00
510910,上证指数ETF南方,0.97,0.9697,-0.03,-0.008,-0.82,153229,14917134.0,0.977,0.979,0.969,0.978,1.02,9.08,0.57,32.65,66871.0,86358.0,-3570897.0,-23.94,-2278316.0,-15.27,-1292581.0,-8.67,1570641.0,10.53,2000256.0,13.41,1,0.969,0.97,168796000.0,163732120,163732120,2026-08-24,2026-08-24 13:39:49+08:00
159632,纳斯达克ETF华安,2.416,2.2504,-7.36,-0.02,-0.82,578759,140417090.6,2.44,2.44,2.411,2.436,1.19,1.17,0.74,8.24,243348.0,335411.0,-23862135.0,-16.99,-16142275.0,-11.5,-7719860.0,-5.5,5377713.0,3.83,18484422.0,13.16,73,2.415,2.416,4962720768.0,11989933375,11989933375,2026-08-24,2026-08-24 13:39:54+08:00
159157,有色金属ETF天弘,0.845,0.8447,-0.04,-0.007,-0.82,1406285,120377414.292,0.862,0.865,0.843,0.852,2.58,1.76,1.73,5.26,535615.0,870670.0,-3115477.0,-2.59,-19902076.0,-16.53,16786599.0,13.94,2743488.0,2.28,371989.0,0.31,-100,0.845,0.846,7974758656.0,6738671064,6738671064,2026-08-24,2026-08-24 13:40:00+08:00
515150,一带一路ETF富国,1.549,1.5489,-0.01,-0.013,-0.83,14323,2227176.0,1.564,1.565,1.545,1.562,1.28,0.36,1.33,-0.66,4748.0,9575.0,514354.0,23.09,-35741.0,-1.6,550095.0,24.7,9631.0,0.43,-523985.0,-23.53,-11,1.546,1.549,398703200.0,617591257,617591257,2026-08-24,2026-08-24 13:39:42+08:00
159275,农牧渔ETF华宝,0.834,0.8329,-0.13,-0.007,-0.83,60646,5051178.758,0.841,0.841,0.826,0.841,1.78,2.39,0.76,-6.27,24691.0,35955.0,-102158.0,-2.02,415999.0,8.24,-518157.0,-10.26,71786.0,1.42,30371.0,0.6,1,0.833,0.834,253302909.0,211254626,211254626,2026-08-24,2026-08-24 13:40:00+08:00
513000,日经225ETF易方达,2.259,2.1892,-3.19,-0.019,-0.83,359934,81735133.0,2.28,2.282,2.254,2.278,1.23,3.6,0.79,-1.72,134542.0,225392.0,-9724131.0,-11.9,-2481791.0,-3.04,-7242340.0,-8.86,8536074.0,10.44,1188057.0,1.45,-28,2.258,2.259,999411408.0,2257670371,2257670371,2026-08-24,2026-08-24 13:39:48+08:00
530800,上证180ETF银华,1.189,1.1874,-0.13,-0.01,-0.83,2319,277051.0,1.198,1.198,1.187,1.199,0.92,1.27,0.29,7.49,1045.0,1274.0,32679.0,11.8,0.0,0.0,32679.0,11.8,-31972.0,-11.54,-707.0,-0.26,2,1.184,1.186,18201800.0,21641940,21641940,2026-08-24,2026-08-24 13:39:24+08:00
159162,工业有色ETF鹏华,0.839,0.8401,0.13,-0.007,-0.83,59980,5114404.0,0.856,0.86,0.839,0.846,2.48,1.37,0.98,53.88,28630.0,31350.0,-522402.0,-10.21,388897.0,7.6,-911299.0,-17.82,373623.0,7.31,148779.0,2.91,-100,0.839,0.841,438939840.0,368270526,368270526,2026-08-24,2026-08-24 13:40:00+08:00
516670,畜牧养殖ETF招商,0.592,0.5911,-0.15,-0.005,-0.84,620919,36736454.0,0.595,0.595,0.587,0.597,1.34,1.81,1.36,17.34,291660.0,329259.0,-3037086.0,-8.27,-12820438.0,-34.9,9783352.0,26.63,1765175.0,4.8,1271910.0,3.46,1899,0.591,0.592,3428266304.0,2029533652,2029533652,2026-08-24,2026-08-24 13:39:44+08:00
510850,上证50ETF工银,3.523,3.5119,-0.32,-0.03,-0.84,20611,7287188.0,3.549,3.554,3.523,3.553,0.87,4.47,0.72,11.65,12762.0,7849.0,-922466.0,-12.66,-4449924.0,-61.07,3527458.0,48.41,849461.0,11.66,73004.0,1.0,7,3.517,3.523,46098900.0,162406425,162406425,2026-08-24,2026-08-24 13:39:49+08:00
159881,有色金属ETF国泰,0.938,0.9375,-0.05,-0.008,-0.85,158105,15071142.5,0.956,0.964,0.936,0.946,2.96,7.77,1.51,3.46,66059.0,92046.0,-37157.0,-0.25,1605971.0,10.66,-1643128.0,-10.9,-284048.0,-1.88,321205.0,2.13,110,0.938,0.939,203499166.0,190882218,190882218,2026-08-24,2026-08-24 13:39:48+08:00
510100,上证50ETF易方达,2.926,2.9266,0.02,-0.025,-0.85,721580,212001108.0,2.96,2.96,2.925,2.951,1.19,7.68,1.2,-18.71,317051.0,404529.0,-5272246.0,-2.49,-28297129.0,-13.35,23024883.0,10.86,-351413.0,-0.17,5623659.0,2.65,2,2.925,2.926,940106800.0,2750752497,2750752497,2026-08-24,2026-08-24 13:39:49+08:00
159787,建材ETF易方达,0.581,0.5818,0.14,-0.005,-0.85,35185,2054359.2,0.586,0.589,0.581,0.586,1.37,2.62,1.24,21.73,21323.0,13862.0,-232973.0,-11.34,-476516.0,-23.2,243543.0,11.85,243527.0,11.85,-10556.0,-0.51,3443,0.581,0.582,134521633.0,78157069,78157069,2026-08-24,2026-08-24 13:39:51+08:00
159659,纳斯达克100ETF招商,2.311,2.14,-7.99,-0.02,-0.86,416560,96646216.8,2.333,2.336,2.309,2.331,1.16,0.92,0.77,-10.01,161508.0,255052.0,-21119754.0,-21.86,-13629493.0,-14.1,-7490261.0,-7.75,7816702.0,8.09,13303052.0,13.77,57,2.31,2.311,4549744128.0,10514458680,10514458680,2026-08-24,2026-08-24 13:39:54+08:00
159171,工业有色ETF博时,0.808,0.808,0.0,-0.007,-0.86,28135,2308184.7,0.824,0.827,0.807,0.815,2.45,1.29,1.13,66.2,14474.0,13661.0,133673.0,5.79,348838.0,15.11,-215165.0,-9.32,-134051.0,-5.81,377.0,0.02,1,0.808,0.809,217532934.0,175766611,175766611,2026-08-24,2026-08-24 13:40:00+08:00
560860,工业有色ETF万家,1.617,1.6172,0.01,-0.014,-0.86,1268013,208010193.0,1.652,1.659,1.613,1.631,2.82,2.24,1.21,59.53,700735.0,567277.0,5479911.0,2.63,-581113.0,-0.28,6061024.0,2.91,-3163614.0,-1.52,-2317105.0,-1.11,14,1.616,1.617,5666233088.0,9162298903,9162298903,2026-08-24,2026-08-24 13:39:38+08:00
560420,食品ETF前海开源,0.924,0.9245,0.05,-0.008,-0.86,5069,468705.0,0.924,0.927,0.921,0.932,0.64,0.38,0.45,13.54,2581.0,2488.0,-54481.0,-11.62,0.0,0.0,-54481.0,-11.62,-50619.0,-10.8,105100.0,22.42,-30,0.922,0.924,132780200.0,122688905,122688905,2026-08-24,2026-08-24 13:39:38+08:00
159182,家电ETF南方,0.916,0.9126,-0.37,-0.008,-0.87,881,80813.0,0.921,0.921,0.915,0.924,0.65,0.24,1.25,0.21,352.0,529.0,36430.0,45.08,0.0,0.0,36430.0,45.08,-19898.0,-24.62,-16532.0,-20.46,2,0.91,0.912,36485663.0,33420867,33420867,2026-08-24,2026-08-24 13:39:51+08:00
560130,食品ETF鹏华,0.911,0.91,-0.11,-0.008,-0.87,3254,296648.0,0.914,0.914,0.906,0.919,0.87,0.47,2.22,5.15,238.0,3016.0,17582.0,5.93,0.0,0.0,17582.0,5.93,-20613.0,-6.95,3030.0,1.02,91,0.91,0.911,69776200.0,63566118,63566118,2026-08-24,2026-08-24 13:39:25+08:00
513390,纳指100ETF博时,2.388,2.224,-7.37,-0.021,-0.87,305937,73392655.0,2.411,2.412,2.385,2.409,1.12,1.43,0.8,-29.26,128687.0,177249.0,-10325385.0,-14.07,918732.0,1.25,-11244117.0,-15.32,3405641.0,4.64,6919744.0,9.43,292,2.388,2.389,2138379104.0,5106449300,5106449300,2026-08-24,2026-08-24 13:39:45+08:00
513850,美国50ETF易方达,1.797,1.7327,-3.71,-0.016,-0.88,288169,52068983.0,1.814,1.82,1.795,1.813,1.38,2.33,1.07,-15.34,94826.0,193343.0,1440841.0,2.77,-2166901.0,-4.16,3607742.0,6.93,-400206.0,-0.77,-1040635.0,-2.0,3,1.796,1.797,1237892608.0,2224493017,2224493017,2026-08-24,2026-08-24 13:39:43+08:00
159876,有色ETF华宝,1.0,1.0014,0.14,-0.009,-0.89,773809,78628187.4,1.021,1.028,0.998,1.009,2.97,4.47,1.17,32.09,372628.0,401181.0,7030811.0,8.94,-391744.0,-0.5,7422555.0,9.44,-2292181.0,-2.92,-4738629.0,-6.03,-48,1.0,1.001,1731577024.0,1731577024,1731577024,2026-08-24,2026-08-24 13:39:51+08:00
159020,养殖ETF易方达,0.889,0.8884,-0.07,-0.008,-0.89,34004,3020064.7,0.893,0.893,0.883,0.897,1.11,2.53,0.65,10.13,13362.0,20642.0,-519416.0,-17.2,-450482.0,-14.92,-68934.0,-2.28,357051.0,11.82,162366.0,5.38,-12,0.888,0.889,134567082.0,119630136,119630136,2026-08-24,2026-08-24 13:40:03+08:00
159652,有色ETF汇添富,1.669,1.6692,0.01,-0.015,-0.89,921670,156114993.9,1.705,1.716,1.665,1.684,3.03,5.12,1.46,49.21,415100.0,506570.0,1453914.0,0.93,1369646.0,0.88,84268.0,0.05,2510729.0,1.61,-3964644.0,-2.54,-41,1.669,1.67,1801320288.0,3006403561,3006403561,2026-08-24,2026-08-24 13:39:54+08:00
513110,纳指ETF华泰柏瑞,2.443,2.2753,-7.37,-0.022,-0.89,304666,74816471.0,2.468,2.479,2.44,2.465,1.58,1.39,0.57,45.11,134465.0,170201.0,-17900330.0,-23.93,-2321533.0,-3.1,-15578797.0,-20.82,5351746.0,7.15,12548585.0,16.77,20,2.442,2.443,2195435008.0,5363447725,5363447725,2026-08-24,2026-08-24 13:39:47+08:00
510210,上证指数ETF富国,0.989,0.9896,0.06,-0.009,-0.9,7062611,701955665.0,0.999,1.0,0.988,0.998,1.2,4.52,1.03,43.2,2273614.0,4788997.0,-126664343.0,-18.04,-144600384.0,-20.6,17936041.0,2.56,79696199.0,11.35,46963188.0,6.69,4536,0.988,0.989,15617192704.0,15445403584,15445403584,2026-08-24,2026-08-24 13:39:51+08:00
159577,美国50ETF汇添富,1.609,1.557,-3.34,-0.015,-0.92,301224,48786446.0,1.625,1.631,1.609,1.624,1.35,3.78,1.2,-43.51,100529.0,200695.0,-459160.0,-0.94,-4496832.0,-9.22,4037672.0,8.28,3063975.0,6.28,-2604815.0,-5.34,-121,1.609,1.61,796665792.0,1281835259,1281835259,2026-08-24,2026-08-24 13:39:54+08:00
159867,养殖ETF鹏华,0.536,0.5349,-0.21,-0.005,-0.92,499807,26782831.6,0.539,0.539,0.532,0.541,1.29,3.11,1.03,32.7,331122.0,168685.0,-2211256.0,-8.26,-7057989.0,-26.35,4846733.0,18.1,1173918.0,4.38,1037338.0,3.87,1,0.535,0.536,1605643600.0,860624970,860624970,2026-08-24,2026-08-24 13:39:51+08:00
159007,养殖ETF华泰柏瑞,0.858,0.8589,0.1,-0.008,-0.92,166489,14291972.0,0.862,0.862,0.853,0.866,1.04,8.73,1.36,6.05,66119.0,100370.0,223343.0,1.56,-220966.0,-1.55,444309.0,3.11,-381305.0,-2.67,157961.0,1.11,-23,0.858,0.859,190603274.0,163537609,163537609,2026-08-24,2026-08-24 13:40:03+08:00
515090,可持续发展ETF博时,1.38,1.3767,-0.24,-0.013,-0.93,17589,2439702.0,1.391,1.391,1.38,1.393,0.79,16.28,2.1,-7.97,5452.0,12137.0,511383.0,20.96,804460.0,32.97,-293077.0,-12.01,-329488.0,-13.51,-181895.0,-7.46,-200,1.379,1.38,10801700.0,14906346,14906346,2026-08-24,2026-08-24 13:39:17+08:00
560490,工业有色ETF华泰柏瑞,0.962,0.963,0.1,-0.009,-0.93,98689,9617788.0,0.985,0.987,0.961,0.971,2.68,8.47,1.41,0.53,34839.0,63850.0,905363.0,9.41,428611.0,4.46,476752.0,4.96,-959775.0,-9.98,54411.0,0.57,-6,0.962,0.963,116482000.0,112055684,112055684,2026-08-24,2026-08-24 13:39:37+08:00
561190,碳中和ETF富国,0.963,0.9636,0.06,-0.009,-0.93,33192,3208093.0,0.972,0.979,0.962,0.972,1.75,1.71,1.99,2.07,7834.0,25358.0,102074.0,3.18,128201.0,4.0,-26127.0,-0.81,11054.0,0.34,-113128.0,-3.53,26,0.962,0.963,194318000.0,187128234,187128234,2026-08-24,2026-08-24 13:39:37+08:00
513300,纳斯达克ETF华夏,2.639,2.4522,-7.62,-0.025,-0.94,871437,231137124.0,2.665,2.671,2.635,2.664,1.35,1.64,1.0,22.85,355428.0,516009.0,-32534997.0,-14.08,-20870506.0,-9.03,-11664491.0,-5.05,13428721.0,5.81,19106276.0,8.27,-1143,2.638,2.639,5310671104.0,14014861043,14014861043,2026-08-24,2026-08-24 13:39:45+08:00
159640,碳中和龙头ETF工银,0.936,0.9348,-0.13,-0.009,-0.95,13411,1259458.1,0.94,0.948,0.936,0.945,1.27,2.24,1.09,-0.59,4680.0,8731.0,-175.0,-0.01,0.0,0.0,-175.0,-0.01,566.0,0.04,-391.0,-0.03,1200,0.934,0.935,59845198.0,56015105,56015105,2026-08-24,2026-08-24 13:39:54+08:00
159192,家电ETF汇添富,0.941,0.9409,-0.01,-0.009,-0.95,10547,997337.3,0.946,0.947,0.94,0.95,0.74,6.21,3.37,0.0,2138.0,8409.0,38327.0,3.84,0.0,0.0,38327.0,3.84,-28260.0,-2.83,-10067.0,-1.01,-50,0.941,0.942,16987065.0,15984828,15984828,2026-08-24,2026-08-24 13:39:54+08:00
159029,有色ETF广发,0.939,0.9399,0.1,-0.009,-0.95,232590,22207279.516,0.959,0.967,0.937,0.948,3.16,7.48,1.87,21.72,96855.0,135734.0,1932250.0,8.7,2399513.0,10.81,-467263.0,-2.1,-1550434.0,-6.98,-381816.0,-1.72,-21,0.939,0.94,311127712.0,292148922,292148922,2026-08-24,2026-08-24 13:40:03+08:00
510410,资源ETF博时,1.971,1.975,0.2,-0.019,-0.95,78887,15755897.0,2.007,2.013,1.97,1.99,2.16,1.81,1.52,18.89,37427.0,41460.0,1346701.0,8.55,911317.0,5.78,435384.0,2.76,-1205503.0,-7.65,-141198.0,-0.9,66,1.97,1.973,435258400.0,857894306,857894306,2026-08-24,2026-08-24 13:39:49+08:00
159062,稀有金属ETF南方,0.834,0.8337,-0.04,-0.008,-0.95,130355,11105980.417,0.848,0.866,0.834,0.842,3.8,11.67,1.98,20.94,73195.0,57160.0,-871387.0,-7.85,354342.0,3.19,-1225729.0,-11.04,373746.0,3.37,497640.0,4.48,100,0.834,0.835,111701256.0,93158848,93158848,2026-08-24,2026-08-24 13:40:00+08:00
159513,纳斯达克100ETF大成,1.775,1.655,-7.25,-0.017,-0.95,560382,99981470.863,1.798,1.798,1.773,1.792,1.4,1.24,0.86,-12.18,213726.0,346656.0,-9781485.0,-9.78,-2990225.0,-2.99,-6791260.0,-6.79,3621897.0,3.62,6159587.0,6.16,30,1.774,1.775,4519549184.0,8022199802,8022199802,2026-08-24,2026-08-24 13:39:57+08:00
159592,A50ETF银华,1.347,1.3491,0.16,-0.013,-0.96,95889,12998458.2,1.36,1.362,1.346,1.36,1.18,1.61,0.96,6.35,36718.0,59171.0,448921.0,3.45,-1049184.0,-8.07,1498105.0,11.53,-390440.0,-3.0,-58479.0,-0.45,5,1.346,1.348,596310464.0,803230195,803230195,2026-08-24,2026-08-24 13:39:54+08:00
159023,养殖ETF万家,1.037,1.037,0.0,-0.01,-0.96,28822,2990148.0,1.045,1.045,1.03,1.047,1.43,7.63,0.79,-16.29,12380.0,16442.0,-89649.0,-3.0,0.0,0.0,-89649.0,-3.0,18278.0,0.61,71371.0,2.39,-57,1.036,1.037,37777943.0,39175727,39175727,2026-08-24,2026-08-24 13:39:51+08:00
513100,纳指ETF国泰,2.174,1.9817,-9.7,-0.021,-0.96,613435,133887641.0,2.19,2.191,2.172,2.195,0.87,0.65,0.71,-64.52,263336.0,350099.0,-37392175.0,-27.93,-21150544.0,-15.8,-16241631.0,-12.13,11327985.0,8.46,26064190.0,19.47,6,2.173,2.174,9465110528.0,20577150288,20577150288,2026-08-24,2026-08-24 13:39:47+08:00
159512,汽车ETF广发,1.027,1.0276,0.06,-0.01,-0.96,44153,4549763.2,1.037,1.04,1.026,1.037,1.35,4.28,0.46,-9.02,22400.0,21753.0,-1094783.0,-24.06,-15269.0,-0.34,-1079514.0,-23.73,599556.0,13.18,495228.0,10.88,-402,1.027,1.028,103264855.0,106053006,106053006,2026-08-24,2026-08-24 13:39:54+08:00
560320,食品ETF富国,0.924,0.925,0.11,-0.009,-0.96,15392,1424871.0,0.942,0.942,0.923,0.933,2.04,1.24,0.46,4.6,4259.0,11133.0,-24291.0,-1.7,0.0,0.0,-24291.0,-1.7,13136.0,0.92,11155.0,0.78,-1,0.924,0.925,124332000.0,114882768,114882768,2026-08-24,2026-08-24 13:39:28+08:00
560160,食品ETF易方达,0.917,0.9174,0.04,-0.009,-0.97,8920,819803.0,0.928,0.928,0.915,0.926,1.4,0.79,0.38,6.11,3109.0,5811.0,-233108.0,-28.43,0.0,0.0,-233108.0,-28.43,227461.0,27.75,5648.0,0.69,-102,0.917,0.918,112706000.0,103351402,103351402,2026-08-24,2026-08-24 13:39:38+08:00
159136,A50ETF广发,1.017,1.02,0.29,-0.01,-0.97,9614,984313.2,1.031,1.031,1.017,1.027,1.36,0.88,1.06,-5.02,3659.0,5955.0,-278211.0,-28.26,0.0,0.0,-278211.0,-28.26,249890.0,25.39,28321.0,2.88,1,1.016,1.017,109414074.0,111274113,111274113,2026-08-24,2026-08-24 13:39:54+08:00
159825,农业ETF富国,0.717,0.7178,0.11,-0.007,-0.97,1017749,73146816.516,0.721,0.722,0.713,0.724,1.24,4.08,0.77,52.61,504516.0,513233.0,1358867.0,1.86,-5278646.0,-7.22,6637513.0,9.07,-2604349.0,-3.56,1245480.0,1.7,-5,0.717,0.718,2493077408.0,1787536502,1787536502,2026-08-24,2026-08-24 13:39:51+08:00
530080,上证180ETF天弘,1.215,1.2141,-0.07,-0.012,-0.98,46465,5682169.0,1.226,1.228,1.215,1.227,1.06,16.07,1.35,-7.51,28371.0,18094.0,-1400693.0,-24.65,-888994.0,-15.65,-511699.0,-9.01,1333309.0,23.46,67383.0,1.19,794,1.21,1.214,28917000.0,35134155,35134155,2026-08-24,2026-08-24 13:39:39+08:00
159172,养殖ETF汇添富,0.812,0.8118,-0.02,-0.008,-0.98,70861,5755270.021,0.82,0.82,0.807,0.82,1.59,1.79,0.75,19.45,21708.0,49153.0,-279197.0,-4.85,-271650.0,-4.72,-7547.0,-0.13,-70984.0,-1.23,350181.0,6.08,-80,0.811,0.813,394829296.0,320601388,320601388,2026-08-24,2026-08-24 13:40:00+08:00
159660,纳指ETF汇添富,2.331,2.1651,-7.66,-0.023,-0.98,262091,61351138.0,2.356,2.357,2.327,2.354,1.27,1.16,0.91,-1.13,109853.0,152238.0,-13371620.0,-21.83,-6646736.0,-10.85,-6724884.0,-10.98,6783181.0,11.08,6588440.0,10.76,-450,2.331,2.332,2253151360.0,5252095820,5252095820,2026-08-24,2026-08-24 13:39:51+08:00
563350,A50ETF华泰柏瑞,1.416,1.4172,0.08,-0.014,-0.98,75874,10809986.0,1.43,1.431,1.414,1.43,1.19,4.46,1.4,31.58,46302.0,29572.0,499534.0,4.62,1007411.0,9.32,-507877.0,-4.7,-347856.0,-3.22,-151679.0,-1.4,50,1.414,1.416,169997600.0,240716602,240716602,2026-08-24,2026-08-24 13:39:31+08:00
159790,碳中和ETF华夏,0.708,0.7089,0.13,-0.007,-0.98,119315,8518878.009,0.712,0.722,0.708,0.715,1.96,0.78,0.52,30.35,56507.0,62808.0,-861030.0,-10.11,492094.0,5.78,-1353124.0,-15.88,389801.0,4.58,471229.0,5.53,24,0.708,0.709,1539528480.0,1089986164,1089986164,2026-08-24,2026-08-24 13:39:51+08:00
510130,上证中盘ETF易方达,7.27,7.2703,0.0,-0.073,-0.99,1462,1067759.0,7.341,7.341,7.27,7.343,0.97,0.46,0.53,6.69,146.0,1316.0,254646.0,23.85,0.0,0.0,254646.0,23.85,-287613.0,-26.94,32967.0,3.09,-2,7.258,7.27,31485100.0,228896677,228896677,2026-08-24,2026-08-24 13:39:48+08:00
530280,上证180ETF平安,1.187,1.188,0.08,-0.012,-1.0,1250,148889.0,1.192,1.195,1.187,1.199,0.67,0.42,0.6,-6.64,225.0,1025.0,129959.0,87.29,0.0,0.0,129959.0,87.29,-141749.0,-95.2,11791.0,7.92,-1,1.185,1.186,29934000.0,35531658,35531658,2026-08-24,2026-08-24 13:39:38+08:00
516550,农业ETF嘉实,0.696,0.6981,0.3,-0.007,-1.0,47365,3308778.0,0.704,0.705,0.695,0.703,1.42,1.8,0.61,15.36,21090.0,26275.0,125684.0,3.8,19163.0,0.58,106521.0,3.22,-163288.0,-4.93,37604.0,1.14,-678,0.696,0.697,262414400.0,182640422,182640422,2026-08-24,2026-08-24 13:39:43+08:00
159976,湾创ETF工银,1.283,1.2829,-0.01,-0.013,-1.0,109,13990.6,1.291,1.291,1.283,1.296,0.62,0.02,0.18,0.13,101.0,8.0,12057.0,86.18,0.0,0.0,12057.0,86.18,0.0,0.0,-12058.0,-86.19,99,1.279,1.282,63885872.0,81965574,81965574,2026-08-24,2026-08-24 13:39:48+08:00
530180,上证180ETF易方达,1.183,1.1854,0.2,-0.012,-1.0,51282,6102079.0,1.196,1.196,1.183,1.195,1.09,8.55,1.39,9.71,18075.0,33207.0,496126.0,8.13,0.0,0.0,496126.0,8.13,-500004.0,-8.19,3878.0,0.06,-1,1.181,1.182,59952000.0,70923216,70923216,2026-08-24,2026-08-24 13:39:39+08:00
512180,MSCIA股ETF建信,1.683,1.6803,-0.16,-0.017,-1.0,324,54782.0,1.691,1.691,1.683,1.7,0.47,0.07,0.35,-1.11,,324.0,53773.0,98.16,0.0,0.0,53773.0,98.16,-52590.0,-96.0,-1183.0,-2.16,-3,1.68,1.684,48048000.0,80864784,80864784,2026-08-24,2026-08-24 13:39:41+08:00
159027,畜牧养殖ETF大成,0.883,0.8842,0.14,-0.009,-1.01,13949,1231417.8,0.892,0.892,0.878,0.892,1.57,1.22,0.28,0.9,3085.0,10864.0,293897.0,23.87,-75077.0,-6.1,368974.0,29.96,-320499.0,-26.03,26603.0,2.16,-900,0.883,0.884,114472283.0,101079026,101079026,2026-08-24,2026-08-24 13:40:03+08:00
561330,矿业ETF国泰,0.983,0.983,0.0,-0.01,-1.01,914586,91577418.0,1.016,1.017,0.98,0.993,3.73,5.06,1.77,21.95,424649.0,489937.0,-1385228.0,-1.51,-5407344.0,-5.9,4022116.0,4.39,2544617.0,2.78,-1159388.0,-1.27,-12,0.983,0.985,1807392096.0,1776666430,1776666430,2026-08-24,2026-08-24 13:39:36+08:00
159595,中证A50ETF大成,1.367,1.3711,0.3,-0.014,-1.01,495706,68257393.9,1.381,1.384,1.367,1.381,1.23,5.41,1.02,9.58,259753.0,235953.0,3414842.0,5.0,9547842.0,13.99,-6133000.0,-8.99,-2955810.0,-4.33,-459032.0,-0.67,-253,1.367,1.368,916113248.0,1252326810,1252326810,2026-08-24,2026-08-24 13:39:54+08:00
530060,上证指数ETF易方达,0.982,0.9824,0.04,-0.01,-1.01,414935,40935086.0,0.99,0.992,0.981,0.992,1.11,4.49,0.97,5.12,116768.0,298167.0,-10369290.0,-25.33,-9072893.0,-22.16,-1296397.0,-3.17,5539536.0,13.53,4829754.0,11.8,100,0.981,0.982,924193008.0,907557534,907557534,2026-08-24,2026-08-24 13:39:40+08:00
159871,有色ETF银华,0.98,0.981,0.1,-0.01,-1.01,432795,43119876.1,0.999,1.008,0.977,0.99,3.13,3.73,1.68,56.37,195927.0,236868.0,-892850.0,-2.07,2322169.0,5.39,-3215019.0,-7.46,2224934.0,5.16,-1332084.0,-3.09,-13,0.98,0.981,1159232512.0,1136047862,1136047862,2026-08-24,2026-08-24 13:39:48+08:00
512450,畜牧养殖ETF广发,0.875,0.8751,0.01,-0.009,-1.02,20677,1808198.0,0.881,0.887,0.87,0.884,1.92,1.88,0.91,34.89,8793.0,11884.0,203795.0,11.27,-440203.0,-24.34,643998.0,35.62,-234695.0,-12.98,30900.0,1.71,200,0.874,0.875,109867000.0,96133625,96133625,2026-08-24,2026-08-24 13:39:43+08:00
513870,纳指ETF富国,2.033,1.8868,-7.75,-0.021,-1.02,288665,58973663.0,2.055,2.056,2.03,2.054,1.27,2.11,1.14,12.51,105301.0,183364.0,-3587825.0,-6.08,-440710.0,-0.75,-3147115.0,-5.34,-1247508.0,-2.12,4835334.0,8.2,26,2.032,2.033,1370671008.0,2786574159,2786574159,2026-08-24,2026-08-24 13:39:45+08:00
159616,农牧ETF建信,0.777,0.778,0.13,-0.008,-1.02,119366,9295869.2,0.786,0.786,0.777,0.785,1.15,17.41,1.15,-2.55,60934.0,58432.0,-203493.0,-2.19,212160.0,2.28,-415653.0,-4.47,224245.0,2.41,-20754.0,-0.22,-1000,0.777,0.778,68561112.0,53271984,53271984,2026-08-24,2026-08-24 13:39:54+08:00
562990,碳中和ETF易方达,0.966,0.9668,0.08,-0.01,-1.02,36648,3562100.0,0.976,0.982,0.966,0.976,1.64,0.97,1.0,4.27,14869.0,21779.0,66284.0,1.86,0.0,0.0,66284.0,1.86,-24229.0,-0.68,-42055.0,-1.18,39,0.965,0.967,377756000.0,364912296,364912296,2026-08-24,2026-08-24 13:39:35+08:00
515760,浙江国资ETF华夏,1.344,1.3426,-0.1,-0.014,-1.03,26159,3534053.0,1.358,1.358,1.344,1.358,1.03,2.74,1.84,5.13,7950.0,18209.0,197688.0,5.59,0.0,0.0,197688.0,5.59,-217656.0,-6.16,19968.0,0.57,-16,1.341,1.343,95388100.0,128201606,128201606,2026-08-24,2026-08-24 13:39:43+08:00
515600,央企创新ETF广发,1.641,1.641,0.0,-0.017,-1.03,14020,2311675.0,1.657,1.657,1.641,1.658,0.97,0.14,1.7,-23.95,164.0,13856.0,19790.0,0.86,0.0,0.0,19790.0,0.86,54203.0,2.34,-73993.0,-3.2,-4,1.64,1.642,1037797408.0,1703025547,1703025547,2026-08-24,2026-08-24 13:39:43+08:00
530580,上证180ETF南方,1.153,1.1551,0.18,-0.012,-1.03,190122,22019406.0,1.166,1.166,1.153,1.165,1.12,32.14,1.71,8.99,102254.0,87868.0,963655.0,4.38,1383437.0,6.28,-419782.0,-1.91,-885165.0,-4.02,-78491.0,-0.36,6788,1.153,1.154,59149000.0,68198797,68198797,2026-08-24,2026-08-24 13:39:40+08:00
159621,ESGETF国泰,1.15,1.1494,-0.05,-0.012,-1.03,22236,2578358.4,1.162,1.163,1.15,1.162,1.12,15.4,1.02,-0.01,13628.0,8608.0,-619766.0,-24.04,0.0,0.0,-619766.0,-24.04,479503.0,18.6,140262.0,5.44,-1,1.149,1.15,14434717.0,16599925,16599925,2026-08-24,2026-08-24 13:39:54+08:00
512940,有色ETF华安,0.858,0.8592,0.14,-0.009,-1.04,493451,42887573.0,0.88,0.884,0.857,0.867,3.11,2.28,1.32,9.76,216934.0,276517.0,-556473.0,-1.3,-1687005.0,-3.93,1130532.0,2.64,694457.0,1.62,-137986.0,-0.32,-39,0.858,0.859,2161705008.0,1854742897,1854742897,2026-08-24,2026-08-24 13:39:46+08:00
561120,家电ETF富国,1.239,1.2364,-0.21,-0.013,-1.04,77045,9547590.0,1.248,1.248,1.233,1.252,1.2,27.36,1.62,19.24,45305.0,31740.0,-22009.0,-0.23,0.0,0.0,-22009.0,-0.23,41516.0,0.43,-19506.0,-0.2,1700,1.234,1.235,28159900.0,34890116,34890116,2026-08-24,2026-08-24 13:39:27+08:00
159696,纳指ETF易方达,2.001,1.8442,-8.5,-0.021,-1.04,205613,41279544.9,2.019,2.019,1.999,2.022,0.99,0.73,0.75,15.04,85671.0,119942.0,-16621974.0,-40.27,-6008922.0,-14.56,-10613052.0,-25.71,7385693.0,17.89,9236281.0,22.37,346,2.0,2.001,2802824032.0,5608450888,5608450888,2026-08-24,2026-08-24 13:39:54+08:00
159639,碳中和ETF南方,0.956,0.9562,0.02,-0.01,-1.04,30639,2947125.2,0.966,0.972,0.955,0.966,1.76,1.51,0.91,1.09,11244.0,19395.0,-186444.0,-6.33,0.0,0.0,-186444.0,-6.33,227455.0,7.72,-41010.0,-1.39,2,0.955,0.957,203290171.0,194345403,194345403,2026-08-24,2026-08-24 13:39:54+08:00
517550,沪港深消费龙头ETF招商,0.66,0.6649,0.74,-0.007,-1.05,58573,3864051.0,0.669,0.669,0.658,0.667,1.65,7.02,1.12,-1.79,44709.0,13864.0,87660.0,2.27,894403.0,23.15,-806743.0,-20.88,-44307.0,-1.15,-43354.0,-1.12,-39,0.66,0.661,83417400.0,55055484,55055484,2026-08-24,2026-08-24 13:39:31+08:00
516760,养殖ETF平安,0.566,0.565,-0.18,-0.006,-1.05,50799,2867849.0,0.572,0.572,0.561,0.572,1.92,1.62,0.78,4.37,17935.0,32864.0,-806826.0,-28.13,-120441.0,-4.2,-686385.0,-23.93,592704.0,20.67,214122.0,7.47,1,0.564,0.566,314215104.0,177845749,177845749,2026-08-24,2026-08-24 13:39:44+08:00
159596,A50ETF华宝,0.651,0.6513,0.05,-0.007,-1.06,252388,16541012.4,0.658,0.659,0.651,0.658,1.22,4.87,1.14,47.11,107021.0,145367.0,1915295.0,11.58,3454237.0,20.88,-1538942.0,-9.3,-1876171.0,-11.34,-39124.0,-0.24,-300,0.651,0.652,518683040.0,337662659,337662659,2026-08-24,2026-08-24 13:39:54+08:00
159055,稀有金属ETF富国,0.932,0.9304,-0.17,-0.01,-1.06,104041,9885640.0,0.96,0.964,0.93,0.942,3.61,8.65,1.59,25.16,33105.0,70936.0,72734.0,0.74,228551.0,2.31,-155817.0,-1.58,-341298.0,-3.45,268564.0,2.72,100,0.931,0.932,120293952.0,112113963,112113963,2026-08-24,2026-08-24 13:39:54+08:00
560870,工业有色ETF中银,0.927,0.9298,0.3,-0.01,-1.07,79354,7482987.0,0.938,0.952,0.927,0.937,2.67,8.32,1.08,4.59,43082.0,36272.0,614544.0,8.21,1889035.0,25.24,-1274491.0,-17.03,-550014.0,-7.35,-64529.0,-0.86,-1438,0.929,0.93,95351900.0,88391211,88391211,2026-08-24,2026-08-24 13:39:29+08:00
515840,食品ETF南方,1.018,1.0192,0.12,-0.011,-1.07,30414,3099772.0,1.024,1.024,1.016,1.029,0.78,7.91,0.66,-24.47,15033.0,15381.0,123010.0,3.97,247005.0,7.97,-123995.0,-4.0,-149259.0,-4.82,26248.0,0.85,-2400,1.018,1.019,38426400.0,39118075,39118075,2026-08-24,2026-08-24 13:39:42+08:00
562890,A50ETF嘉实,1.38,1.3781,-0.14,-0.015,-1.08,33986,4713541.0,1.392,1.395,1.38,1.395,1.08,1.28,0.38,10.79,20127.0,13859.0,73830.0,1.57,789721.0,16.75,-715891.0,-15.19,-53572.0,-1.14,-20258.0,-0.43,-25,1.378,1.38,266051000.0,367150380,367150380,2026-08-24,2026-08-24 13:39:35+08:00
563080,中证A50ETF易方达,1.377,1.3797,0.2,-0.015,-1.08,302791,41950020.0,1.392,1.394,1.376,1.392,1.29,2.77,1.43,-13.43,129189.0,173602.0,-14359414.0,-34.23,-9105821.0,-21.71,-5253593.0,-12.52,8418004.0,20.07,5941410.0,14.16,2,1.376,1.377,1092588400.0,1504494227,1504494227,2026-08-24,2026-08-24 13:39:34+08:00
510980,上证指数ETF汇添富,1.377,1.3767,-0.02,-0.015,-1.08,644120,89108259.0,1.392,1.392,1.376,1.392,1.15,8.69,1.14,10.17,214675.0,429445.0,-33669274.0,-37.8,-27478475.0,-30.85,-6190799.0,-6.95,16865058.0,18.93,16804217.0,18.86,209,1.376,1.377,740798000.0,1020078846,1020078846,2026-08-24,2026-08-24 13:39:50+08:00
159872,智能网联汽车ETF鹏华,0.816,0.8151,-0.11,-0.009,-1.09,809,66370.4,0.828,0.831,0.816,0.825,1.82,0.14,0.12,13.0,39.0,770.0,-21528.0,-32.44,-19757.0,-29.77,-1771.0,-2.67,16380.0,24.68,5148.0,7.76,-4,0.815,0.817,58799732.0,47980581,47980581,2026-08-24,2026-08-24 13:39:45+08:00
159578,深证主板50ETF南方,1.175,1.173,-0.17,-0.013,-1.09,1176,138753.7,1.185,1.185,1.175,1.188,0.84,0.59,1.35,-3.21,565.0,611.0,-113908.0,-82.09,0.0,0.0,-113908.0,-82.09,86612.0,62.42,27295.0,19.67,2,1.172,1.175,19998831.0,23498626,23498626,2026-08-24,2026-08-24 13:39:51+08:00
560350,中证A50ETF摩根,1.267,1.2694,0.19,-0.014,-1.09,168385,21495989.0,1.281,1.283,1.267,1.281,1.25,2.01,1.18,15.86,87134.0,81251.0,1151592.0,5.36,3916778.0,18.22,-2765186.0,-12.86,214334.0,1.0,-1365925.0,-6.35,-123,1.267,1.268,837532096.0,1061153166,1061153166,2026-08-24,2026-08-24 13:39:38+08:00
159941,纳指ETF广发,1.617,1.4838,-8.98,-0.018,-1.1,4122122,668978286.22,1.628,1.632,1.614,1.635,1.1,1.83,0.91,14.47,1498853.0,2623269.0,-51686945.0,-7.73,-113528976.0,-16.97,61842031.0,9.25,18355455.0,2.74,33331486.0,4.98,966,1.616,1.617,22533210112.0,36436200751,36436200751,2026-08-24,2026-08-24 13:39:51+08:00
159641,碳中和ETF招商,0.992,0.9924,0.04,-0.011,-1.1,19176,1910057.4,0.999,1.008,0.992,1.003,1.6,2.21,1.3,26.59,12163.0,7013.0,-69166.0,-3.62,-357344.0,-18.71,288178.0,15.09,90950.0,4.76,-21782.0,-1.14,-1008,0.991,0.993,86719131.0,86025378,86025378,2026-08-24,2026-08-24 13:39:54+08:00
560810,央企ESGETF融通,1.256,1.2553,-0.06,-0.014,-1.1,1286,162146.0,1.272,1.272,1.256,1.27,1.26,0.07,0.52,-3.86,403.0,883.0,-38446.0,-23.71,0.0,0.0,-38446.0,-23.71,-25113.0,-15.49,63560.0,39.2,-258,1.255,1.257,181116000.0,227481696,227481696,2026-08-24,2026-08-24 13:39:36+08:00
515900,央企创新ETF博时,1.62,1.6228,0.17,-0.018,-1.1,62696,10193577.0,1.636,1.641,1.474,1.638,10.2,0.28,2.74,16.53,27417.0,35279.0,5949217.0,58.36,3167951.0,31.08,2781266.0,27.28,-3369890.0,-33.06,-2579327.0,-25.3,-89,1.62,1.621,2236846496.0,3623691324,3623691324,2026-08-24,2026-08-24 13:39:44+08:00
510020,超大盘ETF博时,3.855,3.8564,0.04,-0.043,-1.1,2051,793902.0,3.896,3.901,3.855,3.898,1.18,0.59,0.29,8.28,735.0,1316.0,-364443.0,-45.91,0.0,0.0,-364443.0,-45.91,164812.0,20.76,199630.0,25.15,-63,3.853,3.855,34848000.0,134339040,134339040,2026-08-24,2026-08-24 13:39:51+08:00
159043,食品ETF华安,0.984,0.9847,0.07,-0.011,-1.11,320512,31667795.536,0.988,0.991,0.981,0.995,1.01,15.96,,54.94,128284.0,192227.0,4924161.0,15.55,13747661.0,43.41,-8823500.0,-27.86,-4344798.0,-13.72,-579361.0,-1.83,-2000,0.984,0.985,200770695.0,197558364,197558364,2026-08-24,2026-08-24 13:39:54+08:00
512430,家居家电ETF华泰柏瑞,0.887,0.8875,0.06,-0.01,-1.11,9271,823729.0,0.892,0.892,0.887,0.897,0.56,3.23,0.78,0.39,4554.0,4717.0,11171.0,1.36,0.0,0.0,11171.0,1.36,0.0,0.0,-11171.0,-1.36,-100,0.885,0.887,28720000.0,25474640,25474640,2026-08-24,2026-08-24 13:39:42+08:00
159885,碳中和ETF鹏华,0.715,0.7175,0.35,-0.008,-1.11,5855,425201.6,0.728,0.734,0.715,0.723,2.63,0.24,1.56,-0.24,2620.0,3235.0,49635.0,11.67,0.0,0.0,49635.0,11.67,-96058.0,-22.59,46423.0,10.92,-1,0.715,0.717,246467316.0,176224131,176224131,2026-08-24,2026-08-24 13:39:51+08:00
159720,智能车ETF泰康,0.713,0.7135,0.07,-0.008,-1.11,10928,783945.0,0.72,0.728,0.713,0.721,2.08,2.39,1.15,5.27,6247.0,4681.0,65982.0,8.42,0.0,0.0,65982.0,8.42,-76462.0,-9.75,10480.0,1.34,20,0.712,0.713,45812357.0,32664211,32664211,2026-08-24,2026-08-24 13:39:51+08:00
561230,中证A50ETF工银,1.332,1.3352,0.24,-0.015,-1.11,103241,13852033.0,1.347,1.349,1.331,1.347,1.34,2.29,1.08,35.35,42940.0,60301.0,-1011.0,-0.01,912109.0,6.59,-913120.0,-6.59,36979.0,0.27,-35968.0,-0.26,-37,1.332,1.334,450477808.0,600036440,600036440,2026-08-24,2026-08-24 13:39:35+08:00
510040,上证180ETF鹏华,1.147,1.1488,0.16,-0.013,-1.12,14042,1619902.0,1.171,1.171,1.147,1.16,2.07,4.93,0.93,-3.97,637.0,13405.0,631671.0,38.99,0.0,0.0,631671.0,38.99,-527191.0,-32.54,-104479.0,-6.45,-40,1.146,1.147,28480000.0,32666560,32666560,2026-08-24,2026-08-24 13:39:33+08:00
561050,稀有金属ETF易方达,0.882,0.8835,0.17,-0.01,-1.12,96892,8717406.0,0.896,0.915,0.881,0.892,3.81,4.17,0.81,10.21,41147.0,55745.0,-814283.0,-9.34,0.0,0.0,-814283.0,-9.34,223598.0,2.56,590686.0,6.78,97,0.882,0.883,232250000.0,204844500,204844500,2026-08-24,2026-08-24 13:39:36+08:00
159690,有色矿业ETF招商,2.006,2.007,0.05,-0.023,-1.13,137249,27973882.0,2.051,2.068,2.001,2.029,3.3,4.95,1.46,62.81,62726.0,74523.0,1765138.0,6.31,1100612.0,3.93,664526.0,2.38,-170545.0,-0.61,-1594594.0,-5.7,-8,2.006,2.007,277163984.0,555990952,555990952,2026-08-24,2026-08-24 13:39:54+08:00
510760,上证指数ETF国泰,1.313,1.3137,0.05,-0.015,-1.13,1419433,187271543.0,1.327,1.328,1.311,1.328,1.28,4.21,1.18,0.74,530380.0,889053.0,-42741640.0,-22.83,-51589475.0,-27.55,8847835.0,4.73,24129124.0,12.89,18612516.0,9.94,200,1.312,1.313,3374503696.0,4430723353,4430723353,2026-08-24,2026-08-24 13:39:50+08:00
560550,碳中和ETF广发,0.961,0.9618,0.08,-0.011,-1.13,3146,303230.0,0.975,0.977,0.961,0.972,1.65,0.25,0.38,-2.9,322.0,2824.0,-13675.0,-4.51,0.0,0.0,-13675.0,-4.51,-10820.0,-3.57,24496.0,8.08,-6,0.961,0.963,125597400.0,120699101,120699101,2026-08-24,2026-08-24 13:39:39+08:00
159775,电池ETF建信,0.79,0.7897,-0.04,-0.009,-1.13,188678,15080607.4,0.796,0.809,0.79,0.799,2.38,2.8,1.09,-4.69,81572.0,107106.0,16254.0,0.11,562371.0,3.73,-546117.0,-3.62,-68260.0,-0.45,52005.0,0.34,-32,0.789,0.79,674648960.0,532972678,532972678,2026-08-24,2026-08-24 13:39:51+08:00
512390,中国低波ETF平安,1.22,1.2194,-0.05,-0.014,-1.13,40,4887.0,1.227,1.227,1.22,1.234,0.57,0.03,0.25,0.28,11.0,29.0,-4642.0,-94.99,0.0,0.0,-4642.0,-94.99,0.0,0.0,4642.0,94.99,1,1.219,1.22,15682000.0,19132040,19132040,2026-08-24,2026-08-24 13:39:43+08:00
530300,上证180ETF华泰柏瑞,1.22,1.2217,0.14,-0.014,-1.13,21667,2661148.0,1.235,1.235,1.22,1.234,1.22,6.44,1.31,-12.1,10980.0,10687.0,-527021.0,-19.8,0.0,0.0,-527021.0,-19.8,521976.0,19.61,5045.0,0.19,-1,1.218,1.22,33643000.0,41044460,41044460,2026-08-24,2026-08-24 13:39:38+08:00
159183,新能源车ETF招商,0.866,0.8642,-0.21,-0.01,-1.14,43722,3832765.25,0.879,0.887,0.866,0.876,2.4,9.43,1.33,51.92,14742.0,28980.0,-58654.0,-1.53,164897.0,4.3,-223551.0,-5.83,117040.0,3.05,-58387.0,-1.52,-291,0.864,0.866,46387793.0,40171829,40171829,2026-08-24,2026-08-24 13:40:00+08:00
512030,中证A50增强ETF易方达,1.124,1.1235,-0.04,-0.013,-1.14,19131,2161409.0,1.141,1.141,1.124,1.137,1.5,4.23,1.4,1.58,6976.0,12155.0,89258.0,4.13,0.0,0.0,89258.0,4.13,24552.0,1.14,-113809.0,-5.27,-200,1.124,1.126,45240000.0,50849760,50849760,2026-08-24,2026-08-24 13:39:46+08:00
512250,A50ETF招商,1.212,1.2115,-0.04,-0.014,-1.14,934,113692.0,1.223,1.223,1.212,1.226,0.9,0.08,0.3,0.13,508.0,426.0,-99183.0,-87.24,0.0,0.0,-99183.0,-87.24,36450.0,32.06,62732.0,55.18,18,1.21,1.212,119600100.0,144955321,144955321,2026-08-24,2026-08-24 13:39:48+08:00
515700,新能源车ETF平安,2.175,2.178,0.14,-0.025,-1.14,151015,33228723.0,2.202,2.235,2.174,2.2,2.77,2.21,0.95,-13.59,64545.0,86470.0,-191142.0,-0.58,3757128.0,11.31,-3948270.0,-11.88,83111.0,0.25,108030.0,0.33,2,2.175,2.177,683510208.0,1486634702,1486634702,2026-08-24,2026-08-24 13:39:44+08:00
562800,稀有金属ETF嘉实,0.951,0.9511,0.01,-0.011,-1.14,2257769,218896547.0,0.971,0.987,0.95,0.962,3.85,3.99,1.41,39.46,1070852.0,1186917.0,9843848.0,4.5,-1226464.0,-0.56,11070312.0,5.06,-5052373.0,-2.31,-4791474.0,-2.19,-10,0.951,0.952,5653345024.0,5376331118,5376331118,2026-08-24,2026-08-24 13:39:34+08:00
159758,红利质量ETF华夏,1.117,1.1169,-0.01,-0.013,-1.15,305849,34402996.2,1.125,1.132,1.116,1.13,1.42,2.31,1.3,3.12,139204.0,166645.0,-376758.0,-1.1,-3531589.0,-10.27,3154831.0,9.17,310485.0,0.9,66274.0,0.19,27,1.115,1.117,1326290784.0,1481466806,1481466806,2026-08-24,2026-08-24 13:39:51+08:00
516600,消费服务ETF工银,0.601,0.6011,0.02,-0.007,-1.15,8361,505899.0,0.611,0.611,0.601,0.608,1.64,0.74,0.6,1.04,7684.0,677.0,-119693.0,-23.66,-243702.0,-48.17,124009.0,24.51,73791.0,14.59,45902.0,9.07,-42,0.6,0.601,113332100.0,68112592,68112592,2026-08-24,2026-08-24 13:39:39+08:00
159591,A50ETF富国,1.376,1.3756,-0.03,-0.016,-1.15,120703,16731313.5,1.392,1.392,1.376,1.392,1.15,3.68,1.05,32.32,57052.0,63651.0,2323970.0,13.89,5682020.0,33.96,-3358050.0,-20.07,-2537026.0,-15.16,213057.0,1.27,-10,1.376,1.377,327905680.0,451198216,451198216,2026-08-24,2026-08-24 13:39:54+08:00
563850,食品ETF广发,0.942,0.9431,0.12,-0.011,-1.15,7886,744891.0,0.952,0.952,0.942,0.953,1.05,0.67,0.47,3.36,3727.0,4159.0,-126776.0,-17.02,0.0,0.0,-126776.0,-17.02,109080.0,14.64,17696.0,2.38,-93,0.942,0.944,118481700.0,111609761,111609761,2026-08-24,2026-08-24 13:39:23+08:00
159767,电池龙头ETF兴银,0.775,0.7747,-0.04,-0.009,-1.15,23355,1831204.7,0.789,0.793,0.775,0.784,2.3,0.97,0.8,28.12,10803.0,12552.0,-298847.0,-16.32,-61223.0,-3.34,-237624.0,-12.98,108082.0,5.9,190765.0,10.42,500,0.774,0.775,239873672.0,185902096,185902096,2026-08-24,2026-08-24 13:39:51+08:00
561800,稀有金属ETF华富,1.026,1.0275,0.15,-0.012,-1.16,143758,15062988.0,1.055,1.063,1.024,1.038,3.76,6.99,1.27,15.88,69658.0,74100.0,-362561.0,-2.41,104304.0,0.69,-466865.0,-3.1,-520644.0,-3.46,883205.0,5.86,-1,1.026,1.027,205577200.0,210922207,210922207,2026-08-24,2026-08-24 13:39:36+08:00
515030,新能源车ETF华夏,1.625,1.6272,0.14,-0.019,-1.16,704729,115874816.0,1.645,1.668,1.623,1.644,2.74,4.65,1.3,36.56,359878.0,344851.0,10403372.0,8.98,5498543.0,4.75,4904829.0,4.23,-5193475.0,-4.48,-5209897.0,-4.5,-18,1.625,1.626,1514384000.0,2460874000,2460874000,2026-08-24,2026-08-24 13:39:45+08:00
512580,环保ETF广发,1.186,1.1902,0.35,-0.014,-1.17,30655,3685006.0,1.2,1.212,1.186,1.2,2.17,0.54,0.9,20.58,11487.0,19168.0,179304.0,4.87,398848.0,10.82,-219544.0,-5.96,-199096.0,-5.4,19792.0,0.54,-43,1.187,1.188,565471696.0,670649431,670649431,2026-08-24,2026-08-24 13:39:46+08:00
159556,中证2000增强ETF平安,1.186,1.1843,-0.14,-0.014,-1.17,8811,1050563.4,1.229,1.229,1.183,1.2,3.83,5.66,1.04,-3.38,4516.0,4295.0,-99085.0,-9.43,0.0,0.0,-99085.0,-9.43,47860.0,4.56,51225.0,4.88,-17,1.18,1.182,15556089.0,18449522,18449522,2026-08-24,2026-08-24 13:39:51+08:00
159608,稀有金属ETF广发,1.097,1.0974,0.04,-0.013,-1.17,894672,99821886.3,1.121,1.138,1.094,1.11,3.96,2.58,1.24,20.41,404951.0,489721.0,7956883.0,7.97,6703545.0,6.72,1253338.0,1.26,-5315262.0,-5.32,-2641620.0,-2.65,99,1.096,1.097,3462410064.0,3798263840,3798263840,2026-08-24,2026-08-24 13:39:54+08:00
560060,碳中和ETF汇添富,0.921,0.9204,-0.07,-0.011,-1.18,1035,95378.0,0.932,0.941,0.921,0.932,2.15,0.14,0.2,-0.02,43.0,992.0,92953.0,97.46,0.0,0.0,92953.0,97.46,-89315.0,-93.64,-3638.0,-3.81,-990,0.919,0.921,76090000.0,70078890,70078890,2026-08-24,2026-08-24 13:39:36+08:00
159913,深价值ETF交银,2.419,2.4174,-0.07,-0.029,-1.18,440,106796.6,2.433,2.433,2.418,2.448,0.61,0.2,1.17,3.12,177.0,263.0,0.0,0.0,0.0,0.0,0.0,0.0,24093.0,22.56,-24093.0,-22.56,-20,2.413,2.418,22329693.0,54015527,54015527,2026-08-24,2026-08-24 13:39:48+08:00
159824,新能源车ETF博时,1.089,1.0902,0.11,-0.013,-1.18,4833,533070.3,1.105,1.115,1.089,1.102,2.36,0.59,0.21,25.25,2038.0,2795.0,-5323.0,-1.0,3428.0,0.64,-8751.0,-1.64,22553.0,4.23,-17231.0,-3.23,-448,1.089,1.09,82135070.0,89445091,89445091,2026-08-24,2026-08-24 13:39:51+08:00
561390,稀有金属ETF平安,0.995,0.998,0.3,-0.012,-1.19,48981,4985641.0,1.032,1.032,0.995,1.007,3.67,5.26,0.16,22.58,24632.0,24349.0,198458.0,3.98,2792985.0,56.02,-2594527.0,-52.04,-272195.0,-5.46,73737.0,1.48,-14,0.996,0.998,93128100.0,92662460,92662460,2026-08-24,2026-08-24 13:39:33+08:00
516070,低碳ETF易方达,0.582,0.5841,0.36,-0.007,-1.19,23047,1353166.0,0.589,0.593,0.582,0.589,1.87,0.79,0.68,6.58,5655.0,17392.0,60360.0,4.46,280775.0,20.75,-220415.0,-16.29,-34447.0,-2.55,-25914.0,-1.92,-10,0.582,0.584,291646000.0,169737972,169737972,2026-08-24,2026-08-24 13:39:37+08:00
159053,稀有金属ETF华夏,0.916,0.9169,0.1,-0.011,-1.19,191728,17964595.42,0.939,0.95,0.915,0.927,3.78,11.75,1.49,28.09,85265.0,106463.0,250119.0,1.39,878698.0,4.89,-628579.0,-3.5,-1034298.0,-5.76,784179.0,4.37,104,0.916,0.918,163198132.0,149489489,149489489,2026-08-24,2026-08-24 13:40:03+08:00
159880,有色ETF鹏华,0.984,0.984,0.0,-0.012,-1.2,328570,32855658.2,1.007,1.012,0.981,0.996,3.11,2.57,1.33,50.62,156858.0,171712.0,1696770.0,5.16,697934.0,2.12,998836.0,3.04,-2047481.0,-6.23,350709.0,1.07,-52,0.984,0.985,1279103040.0,1258637391,1258637391,2026-08-24,2026-08-24 13:39:51+08:00
159996,家电ETF国泰,1.401,1.4007,-0.02,-0.017,-1.2,517535,72845646.1,1.418,1.418,1.399,1.418,1.34,11.39,1.24,2.75,162010.0,355525.0,5248921.0,7.21,12249191.0,16.82,-7000270.0,-9.61,-1726394.0,-2.37,-3522527.0,-4.84,30,1.4,1.401,454554848.0,636831342,636831342,2026-08-24,2026-08-24 13:39:48+08:00
159687,亚太精选ETF南方,1.812,1.8207,0.48,-0.022,-1.2,389344,70832655.5,1.829,1.829,1.811,1.834,0.98,2.38,0.76,18.0,139272.0,250072.0,-4276958.0,-6.04,-2637910.0,-3.72,-1639048.0,-2.31,1725067.0,2.44,2551892.0,3.6,-28,1.812,1.813,1633228656.0,2959410325,2959410325,2026-08-24,2026-08-24 13:39:54+08:00
159637,新能源车ETF东财,0.815,0.8166,0.2,-0.01,-1.21,71687,5929394.6,0.826,0.838,0.815,0.825,2.79,1.16,0.84,28.71,35712.0,35975.0,-409350.0,-6.9,-15027.0,-0.25,-394323.0,-6.65,6402.0,0.11,402947.0,6.8,-2,0.815,0.816,617768096.0,503480998,503480998,2026-08-24,2026-08-24 13:39:54+08:00
563670,金融科技ETF鹏华,0.652,0.6511,-0.14,-0.008,-1.21,4133,270164.0,0.652,0.661,0.649,0.66,1.82,0.23,0.37,-18.54,2266.0,1867.0,89357.0,33.08,0.0,0.0,89357.0,33.08,-52897.0,-19.58,-36462.0,-13.5,153,0.65,0.652,181987000.0,118655524,118655524,2026-08-24,2026-08-24 13:39:28+08:00
510670,上证180ETF华夏,0.981,0.9828,0.18,-0.012,-1.21,6339,624346.0,0.993,0.993,0.981,0.993,1.21,0.36,0.65,3.63,1980.0,4359.0,133540.0,21.39,0.0,0.0,133540.0,21.39,-181324.0,-29.04,47784.0,7.65,-100,0.979,0.983,177993000.0,174611133,174611133,2026-08-24,2026-08-24 13:39:50+08:00
159156,电池ETF万家,0.889,0.8891,0.01,-0.011,-1.22,29367,2643147.4,0.903,0.912,0.889,0.9,2.56,1.38,1.08,51.44,14060.0,15307.0,-226300.0,-8.56,234815.0,8.88,-461115.0,-17.45,15750.0,0.6,210550.0,7.97,150,0.888,0.889,212461253.0,188878054,188878054,2026-08-24,2026-08-24 13:40:00+08:00
159593,中证A50ETF平安,1.361,1.3607,-0.02,-0.017,-1.23,407035,55728289.1,1.378,1.379,1.36,1.378,1.38,2.19,1.31,71.65,242335.0,164700.0,10214578.0,18.33,8527193.0,15.3,1687385.0,3.03,-3443783.0,-6.18,-6770795.0,-12.15,70,1.36,1.361,1862196048.0,2534448821,2534448821,2026-08-24,2026-08-24 13:39:54+08:00
517330,长江保护ETF易方达,0.963,0.9609,-0.22,-0.012,-1.23,119,11527.0,0.983,0.983,0.959,0.975,2.46,0.0,0.03,1.06,42.0,77.0,-5920.0,-51.36,0.0,0.0,-5920.0,-51.36,0.0,0.0,5920.0,51.36,1,0.957,0.959,1809169008.0,1742229755,1742229755,2026-08-24,2026-08-24 13:39:35+08:00
516770,游戏ETF华泰柏瑞,1.111,1.1118,0.07,-0.014,-1.24,161978,18085886.0,1.126,1.13,1.105,1.125,2.22,6.07,0.58,8.68,69467.0,92511.0,-169871.0,-0.94,1263826.0,6.99,-1433697.0,-7.93,-1060923.0,-5.87,1230794.0,6.81,296,1.11,1.112,267048000.0,296690328,296690328,2026-08-24,2026-08-24 13:39:42+08:00
159328,家电ETF易方达,1.028,1.0282,0.02,-0.013,-1.25,23703,2446701.7,1.041,1.041,1.025,1.041,1.54,2.59,0.87,-12.91,6050.0,17653.0,-254612.0,-10.41,0.0,0.0,-254612.0,-10.41,244301.0,9.98,10311.0,0.42,65,1.026,1.028,91556700.0,94120288,94120288,2026-08-24,2026-08-24 13:40:00+08:00
159671,稀有金属ETF工银,1.346,1.3459,-0.01,-0.017,-1.25,331092,45388033.6,1.377,1.397,1.344,1.363,3.89,3.72,1.73,5.19,191226.0,139866.0,-5200741.0,-11.46,-1462670.0,-3.22,-3738071.0,-8.24,2287008.0,5.04,2913734.0,6.42,-43,1.345,1.347,889551744.0,1197336647,1197336647,2026-08-24,2026-08-24 13:39:54+08:00
159806,新能源车ETF国泰,0.711,0.7114,0.06,-0.009,-1.25,150456,10827348.7,0.721,0.73,0.711,0.72,2.64,1.8,0.96,63.42,69798.0,80658.0,-203348.0,-1.88,-1937794.0,-17.9,1734446.0,16.02,-74492.0,-0.69,277840.0,2.57,1,0.71,0.711,837089440.0,595170592,595170592,2026-08-24,2026-08-24 13:39:51+08:00
159861,碳中和50ETF国泰,1.03,1.0317,0.16,-0.013,-1.25,12535,1300253.5,1.037,1.054,1.03,1.043,2.3,1.29,0.61,5.61,5655.0,6880.0,-138771.0,-10.67,0.0,0.0,-138771.0,-10.67,114092.0,8.77,24679.0,1.9,-140,1.03,1.032,97117535.0,100031061,100031061,2026-08-24,2026-08-24 13:39:51+08:00
516380,智能电动车ETF华宝,0.868,0.8649,-0.36,-0.011,-1.25,892,77633.0,0.879,0.884,0.867,0.879,1.93,0.11,0.2,2.78,107.0,785.0,19848.0,25.57,176.0,0.23,19672.0,25.34,14471.0,18.64,-34320.0,-44.21,30,0.865,0.867,83449300.0,72433992,72433992,2026-08-24,2026-08-24 13:39:41+08:00
159757,电池ETF景顺,0.792,0.7928,0.1,-0.01,-1.25,159751,12844359.0,0.801,0.812,0.791,0.802,2.62,6.58,1.9,21.01,113593.0,46158.0,-2251299.0,-17.53,-4960905.0,-38.62,2709606.0,21.1,1803573.0,14.04,447726.0,3.49,-1,0.792,0.793,242931891.0,192402058,192402058,2026-08-24,2026-08-24 13:39:51+08:00
516390,新能源车ETF汇添富,0.866,0.8675,0.17,-0.011,-1.25,25014,2188338.0,0.876,0.89,0.865,0.877,2.85,1.37,0.81,2.9,4854.0,20160.0,803515.0,36.72,-1770.0,-0.08,805285.0,36.8,-242124.0,-11.06,-561391.0,-25.65,-32,0.866,0.867,182761000.0,158271026,158271026,2026-08-24,2026-08-24 13:39:43+08:00
159755,电池ETF广发,0.95,0.9514,0.15,-0.012,-1.25,3046369,292366906.7,0.965,0.976,0.949,0.962,2.81,3.69,1.2,81.46,1085847.0,1960522.0,-16113870.0,-5.51,7176973.0,2.45,-23290843.0,-7.97,10193938.0,3.49,5919932.0,2.02,-30,0.95,0.951,8250646784.0,7838114445,7838114445,2026-08-24,2026-08-24 13:39:51+08:00
516100,金融科技ETF华夏,1.009,1.0083,-0.07,-0.013,-1.27,146226,14854417.0,1.022,1.029,1.006,1.022,2.25,1.3,0.78,27.13,53822.0,92404.0,-146146.0,-0.98,-424822.0,-2.86,278676.0,1.88,349533.0,2.35,-203386.0,-1.37,533,1.006,1.008,1120759696.0,1130846533,1130846533,2026-08-24,2026-08-24 13:39:42+08:00
159165,养殖ETF永赢,0.843,0.8431,0.01,-0.011,-1.29,44804,3775239.2,0.854,0.854,0.837,0.854,1.99,4.05,0.69,19.47,10008.0,34796.0,-414410.0,-10.98,0.0,0.0,-414410.0,-10.98,173274.0,4.59,241135.0,6.39,840,0.842,0.843,110571257.0,93211570,93211570,2026-08-24,2026-08-24 13:39:51+08:00
159528,国企改革ETF富国,1.226,1.2248,-0.1,-0.016,-1.29,1522,190603.1,1.248,1.265,1.226,1.242,3.14,2.08,0.68,-16.05,246.0,1276.0,-120328.0,-63.13,0.0,0.0,-120328.0,-63.13,85964.0,45.1,34363.0,18.03,-7,1.224,1.226,7320773.0,8975268,8975268,2026-08-24,2026-08-24 13:40:00+08:00
159752,新能源ETF申万菱信,0.608,0.6071,-0.15,-0.008,-1.3,25732,1581576.1,0.618,0.624,0.607,0.616,2.76,0.63,0.58,32.29,9493.0,16239.0,46052.0,2.91,165176.0,10.44,-119124.0,-7.53,-107634.0,-6.81,61583.0,3.89,2,0.606,0.607,409958912.0,249255018,249255018,2026-08-24,2026-08-24 13:39:51+08:00
159869,游戏ETF华夏,1.059,1.0587,-0.03,-0.014,-1.3,2010509,213685852.7,1.075,1.078,1.052,1.073,2.42,2.5,0.65,6.76,942521.0,1067988.0,-8088656.0,-3.79,-5877303.0,-2.75,-2211353.0,-1.03,2904767.0,1.36,5183890.0,2.43,30,1.057,1.059,8050082048.0,8525036889,8525036889,2026-08-24,2026-08-24 13:39:51+08:00
159851,金融科技ETF华宝,0.602,0.6016,-0.07,-0.008,-1.31,1976628,119615010.4,0.607,0.615,0.6,0.61,2.46,2.0,0.87,23.47,671082.0,1305546.0,-4246935.0,-3.55,3575485.0,2.99,-7822420.0,-6.55,1429856.0,1.2,2817079.0,2.36,-1787,0.602,0.603,9862904064.0,5937468247,5937468247,2026-08-24,2026-08-24 13:39:51+08:00
159299,金融科技ETF易方达,0.679,0.6782,-0.12,-0.009,-1.31,191755,13077138.4,0.688,0.693,0.676,0.688,2.47,2.86,1.08,38.66,67330.0,124425.0,-212218.0,-1.62,934486.0,7.15,-1146704.0,-8.77,-39143.0,-0.3,251360.0,1.92,500,0.678,0.679,669472976.0,454572151,454572151,2026-08-24,2026-08-24 13:40:00+08:00
561400,畜牧养殖ETF鑫元,0.983,0.9849,0.19,-0.013,-1.31,19460,1915415.0,1.005,1.005,0.98,0.996,2.51,3.51,0.46,9.65,4408.0,15052.0,-217183.0,-11.34,-983536.0,-51.35,766353.0,40.01,139842.0,7.3,77342.0,4.04,-54,0.983,0.984,55519000.0,54575177,54575177,2026-08-24,2026-08-24 13:39:17+08:00
159176,家电ETF华宝,0.977,0.9764,-0.06,-0.013,-1.31,68158,6685534.0,0.985,0.986,0.975,0.99,1.11,29.25,1.3,8.53,19236.0,48922.0,68245.0,1.02,0.0,0.0,68245.0,1.02,-48325.0,-0.72,-19920.0,-0.3,-137,0.975,0.976,23303341.0,22767364,22767364,2026-08-24,2026-08-24 13:39:57+08:00
516010,游戏ETF国泰,1.049,1.0503,0.12,-0.014,-1.32,502406,52938453.0,1.064,1.069,1.043,1.063,2.45,2.08,0.81,16.62,258694.0,243712.0,5183822.0,9.79,1637958.0,3.09,3545864.0,6.7,-3730576.0,-7.05,-1453247.0,-2.75,-45,1.049,1.05,2418693008.0,2537208965,2537208965,2026-08-24,2026-08-24 13:39:44+08:00
510180,上证180ETF华安,3.901,3.9074,0.16,-0.052,-1.32,116733,45854550.0,3.956,3.956,3.9,3.953,1.42,0.26,1.14,-18.94,45398.0,71335.0,-4233103.0,-9.23,3166547.0,6.91,-7399650.0,-16.14,-410600.0,-0.9,4643703.0,10.13,12,3.9,3.901,4418057728.0,17234843197,17234843197,2026-08-24,2026-08-24 13:39:48+08:00
512190,浙商之江凤凰ETF,2.899,2.8947,-0.15,-0.039,-1.33,15580,4538177.0,2.945,2.946,2.899,2.938,1.6,0.78,1.03,34.83,3116.0,12464.0,-416582.0,-9.18,-2055200.0,-45.29,1638618.0,36.11,518519.0,11.43,-101938.0,-2.25,-71,2.896,2.903,198718400.0,576084642,576084642,2026-08-24,2026-08-24 13:39:40+08:00
159217,港股通创新药ETF工银,1.187,1.1858,-0.1,-0.016,-1.33,3426662,407590601.2,1.208,1.22,1.174,1.203,3.82,5.75,0.69,7.48,1623048.0,1803614.0,-23014179.0,-5.65,-6723380.0,-1.65,-16290799.0,-4.0,5942502.0,1.46,17071677.0,4.19,1468,1.186,1.187,5959157504.0,7073519957,7073519957,2026-08-24,2026-08-24 13:40:00+08:00
563930,上证增强ETF招商,1.042,1.0445,0.24,-0.014,-1.33,29872,3126468.0,1.055,1.056,1.041,1.056,1.42,8.64,1.37,55.19,8955.0,20917.0,-215166.0,-6.88,-1229925.0,-39.34,1014759.0,32.46,165278.0,5.29,49887.0,1.6,1000,1.042,1.043,34592000.0,36044864,36044864,2026-08-24,2026-08-24 13:39:25+08:00
159390,中证A50ETF国联,1.243,1.2416,-0.11,-0.017,-1.35,36472,4559521.1,1.263,1.263,1.243,1.26,1.59,3.34,0.7,-0.23,19150.0,17322.0,-996285.0,-21.85,0.0,0.0,-996285.0,-21.85,710921.0,15.59,285364.0,6.26,-200,1.243,1.244,109268771.0,135821082,135821082,2026-08-24,2026-08-24 13:39:57+08:00
515770,MSCI中国A股ETF摩根,1.39,1.3888,-0.09,-0.019,-1.35,4240,593217.0,1.398,1.401,1.39,1.409,0.78,1.07,3.14,0.04,30.0,4210.0,-24787.0,-4.18,0.0,0.0,-24787.0,-4.18,0.0,0.0,24787.0,4.18,-3,1.388,1.389,39727300.0,55220947,55220947,2026-08-24,2026-08-24 13:39:44+08:00
159086,金融科技ETF广发,1.02,1.0195,-0.05,-0.014,-1.35,36764,3780658.863,1.034,1.118,1.016,1.034,9.86,11.35,1.03,41.31,14210.0,22554.0,160630.0,4.25,672484.0,17.79,-511854.0,-13.54,-174491.0,-4.62,13861.0,0.37,-350,1.02,1.021,32399823.0,33047819,33047819,2026-08-24,2026-08-24 13:39:54+08:00
159570,港股通创新药ETF汇添富,1.46,1.4612,0.08,-0.02,-1.35,9663259,1415080404.2,1.487,1.5,1.446,1.48,3.65,5.84,0.84,41.44,4412485.0,5250774.0,11147690.0,0.79,18114858.0,1.28,-6967168.0,-0.49,-31676494.0,-2.24,20528806.0,1.45,342,1.459,1.46,16550597120.0,24163871795,24163871795,2026-08-24,2026-08-24 13:39:57+08:00
515640,家电ETF华夏,0.94,0.9409,0.1,-0.013,-1.36,1381,130913.0,0.943,0.962,0.94,0.953,2.31,0.81,0.68,-12.43,126.0,1255.0,-29659.0,-22.66,0.0,0.0,-29659.0,-22.66,57101.0,43.62,-27441.0,-20.96,-411,0.939,0.941,17050000.0,16027000,16027000,2026-08-24,2026-08-24 13:39:36+08:00
530680,上证180ETF兴业,1.151,1.1538,0.24,-0.016,-1.37,13416,1554959.0,1.161,1.163,1.151,1.167,1.03,1.23,0.57,11.5,4855.0,8561.0,726794.0,46.74,0.0,0.0,726794.0,46.74,-656991.0,-42.25,-69803.0,-4.49,3,1.15,1.152,108891900.0,125334577,125334577,2026-08-24,2026-08-24 13:39:41+08:00
159026,石油ETF南方,0.928,0.9265,-0.16,-0.013,-1.38,62815,5828125.0,0.937,0.937,0.927,0.941,1.06,13.8,1.15,22.48,33805.0,29010.0,177498.0,3.05,0.0,0.0,177498.0,3.05,-109054.0,-1.87,-68443.0,-1.17,189,0.925,0.927,45513446.0,42236478,42236478,2026-08-24,2026-08-24 13:40:03+08:00
159203,大盘成长ETF博时,1.356,1.3407,-1.14,-0.019,-1.38,4195,573106.6,1.375,1.375,1.356,1.375,1.38,4.28,1.0,-97.47,1596.0,2599.0,71499.0,12.48,0.0,0.0,71499.0,12.48,-40122.0,-7.0,-31377.0,-5.47,1,1.355,1.356,9791913.0,13277834,13277834,2026-08-24,2026-08-24 13:40:00+08:00
159149,创业板新能源ETF工银,0.855,0.8549,-0.01,-0.012,-1.38,37630,3257125.1,0.869,0.879,0.854,0.867,2.88,7.17,0.77,17.15,22255.0,15375.0,189265.0,5.81,32917.0,1.01,156348.0,4.8,-209717.0,-6.44,20452.0,0.63,1280,0.854,0.855,52515298.0,44900580,44900580,2026-08-24,2026-08-24 13:39:54+08:00
159103,金融科技ETF汇添富,0.641,0.6405,-0.08,-0.009,-1.38,42801,2759241.858,0.65,0.654,0.639,0.65,2.31,1.32,0.59,45.31,21833.0,20968.0,-149818.0,-5.43,300449.0,10.89,-450267.0,-16.32,-184021.0,-6.67,333839.0,12.1,1,0.64,0.641,323406768.0,207303738,207303738,2026-08-24,2026-08-24 13:39:57+08:00
560880,家电ETF广发,1.49,1.4937,0.25,-0.021,-1.39,138869,20802850.0,1.511,1.511,1.49,1.511,1.39,6.9,2.03,-4.14,86554.0,52315.0,-559048.0,-2.69,2248500.0,10.81,-2807548.0,-13.5,725503.0,3.49,-166455.0,-0.8,-10,1.49,1.492,201232000.0,299835680,299835680,2026-08-24,2026-08-24 13:39:38+08:00
563570,金融科技ETF兴业,0.708,0.7074,-0.08,-0.01,-1.39,172185,12233071.0,0.717,0.722,0.706,0.718,2.23,16.19,1.37,0.56,48343.0,123842.0,241825.0,1.98,1271994.0,10.4,-1030169.0,-8.42,-283518.0,-2.32,41694.0,0.34,-1,0.707,0.708,106374000.0,75312792,75312792,2026-08-24,2026-08-24 13:39:32+08:00
159567,港股创新药ETF银华,0.706,0.7065,0.07,-0.01,-1.4,12206401,865045859.964,0.719,0.726,0.7,0.716,3.63,11.48,1.12,6.07,5268278.0,6938123.0,-3506512.0,-0.41,-36185984.0,-4.18,32679472.0,3.78,6360135.0,0.74,-2853622.0,-0.33,29,0.705,0.706,10628729856.0,7503883278,7503883278,2026-08-24,2026-08-24 13:39:57+08:00
510150,消费ETF招商,0.494,0.4952,0.24,-0.007,-1.4,582432,28924871.0,0.499,0.501,0.494,0.501,1.4,2.07,1.31,61.69,270318.0,312114.0,-319505.0,-1.1,-386897.0,-1.34,67392.0,0.23,-302411.0,-1.05,621915.0,2.15,-80,0.494,0.495,2811178608.0,1388722232,1388722232,2026-08-24,2026-08-24 13:39:49+08:00
159840,锂电池ETF工银,0.768,0.7683,0.04,-0.011,-1.41,637116,49417973.1,0.779,0.788,0.767,0.779,2.7,3.22,1.15,20.96,346626.0,290490.0,3222135.0,6.52,5242199.0,10.61,-2020064.0,-4.09,-2902610.0,-5.87,-319525.0,-0.65,10,0.767,0.768,1981574848.0,1521849483,1521849483,2026-08-24,2026-08-24 13:39:51+08:00
512970,大湾区ETF平安,1.463,1.4585,-0.31,-0.021,-1.42,2113,309784.0,1.484,1.484,1.463,1.484,1.42,3.53,0.43,-3.59,441.0,1672.0,90965.0,29.36,0.0,0.0,90965.0,29.36,-73550.0,-23.74,-17415.0,-5.62,-1368,1.46,1.461,5987600.0,8759859,8759859,2026-08-24,2026-08-24 13:39:41+08:00
562070,沪深300指增ETF华宝,1.04,1.0401,0.01,-0.015,-1.42,25750,2698848.0,1.046,1.054,1.04,1.055,1.33,0.47,0.38,-0.36,8363.0,17387.0,-425311.0,-15.76,0.0,0.0,-425311.0,-15.76,139145.0,5.16,286166.0,10.6,5,1.039,1.04,552542000.0,574643680,574643680,2026-08-24,2026-08-24 13:39:36+08:00
159199,石油ETF平安,0.899,0.8988,-0.02,-0.013,-1.43,3604,325316.2,0.908,0.909,0.891,0.912,1.97,0.54,0.56,7.81,1105.0,2499.0,185847.0,57.13,0.0,0.0,185847.0,57.13,-190377.0,-58.52,4530.0,1.39,301,0.897,0.899,66154938.0,59473289,59473289,2026-08-24,2026-08-24 13:40:00+08:00
159286,港股通创新药ETF鹏华,0.755,0.7562,0.16,-0.011,-1.44,738109,55932286.8,0.77,0.777,0.749,0.766,3.66,9.82,0.8,-24.72,300915.0,437194.0,-1831455.0,-3.27,-596193.0,-1.07,-1235262.0,-2.21,336623.0,0.6,1494831.0,2.67,113,0.754,0.755,751785408.0,567597983,567597983,2026-08-24,2026-08-24 13:39:57+08:00
159316,港股通创新药ETF易方达,1.16,1.1618,0.15,-0.017,-1.44,4900298,569782388.9,1.179,1.191,1.15,1.177,3.48,8.88,0.86,-7.21,2287422.0,2612876.0,-18127195.0,-3.18,-10700923.0,-1.88,-7426272.0,-1.3,9861304.0,1.73,8265883.0,1.45,50,1.159,1.16,5517336064.0,6400109834,6400109834,2026-08-24,2026-08-24 13:39:57+08:00
561250,稀有金属ETF鹏华,1.025,1.0355,1.01,-0.015,-1.44,54955,5781454.0,1.047,1.064,1.025,1.04,3.75,4.96,1.07,8.55,30459.0,24496.0,-51129.0,-0.88,-184054.0,-3.18,132925.0,2.3,-60225.0,-1.04,111354.0,1.93,-17,1.025,1.031,110752200.0,113521005,113521005,2026-08-24,2026-08-24 13:39:29+08:00
512160,MSCI中国A股ETF南方,1.506,1.5072,0.08,-0.022,-1.44,8039,1215938.0,1.528,1.528,1.506,1.528,1.44,0.66,1.04,12.23,2659.0,5380.0,-11291.0,-0.93,0.0,0.0,-11291.0,-0.93,-45450.0,-3.74,56741.0,4.67,-1680,1.505,1.506,121777800.0,183397367,183397367,2026-08-24,2026-08-24 13:39:46+08:00
560710,船舶ETF富国,0.885,0.8874,0.27,-0.013,-1.45,163511,14584268.0,0.893,0.901,0.885,0.898,1.78,0.91,0.46,5.46,58603.0,104908.0,-739785.0,-5.07,914617.0,6.27,-1654402.0,-11.34,180682.0,1.24,559103.0,3.83,-7,0.885,0.887,1789580000.0,1583778300,1583778300,2026-08-24,2026-08-24 13:39:36+08:00
159791,300ESGETF华夏,1.091,1.0926,0.15,-0.016,-1.45,12379,1359676.0,1.107,1.107,1.091,1.107,1.45,3.98,0.6,0.03,5000.0,7379.0,107737.0,7.92,0.0,0.0,107737.0,7.92,-105859.0,-7.79,-1878.0,-0.14,-1000,1.091,1.092,31083347.0,33911932,33911932,2026-08-24,2026-08-24 13:39:48+08:00
159297,港股通创新药ETF南方,0.74,0.7393,-0.09,-0.011,-1.46,2452896,182210099.6,0.751,0.762,0.732,0.751,3.99,6.4,1.0,0.29,1168034.0,1284862.0,-4743889.0,-2.6,8266954.0,4.54,-13010843.0,-7.14,2594398.0,1.42,2149491.0,1.18,-3936,0.739,0.74,3835418640.0,2838209794,2838209794,2026-08-24,2026-08-24 13:40:00+08:00
515720,金融科技ETF富国,0.677,0.6763,-0.1,-0.01,-1.46,66465,4522305.0,0.682,0.691,0.674,0.687,2.47,1.47,0.75,20.95,25667.0,40798.0,39608.0,0.88,-4203.0,-0.09,43811.0,0.97,-61892.0,-1.37,22285.0,0.49,1,0.676,0.677,451611008.0,305740652,305740652,2026-08-24,2026-08-24 13:39:40+08:00
520690,港股创新药ETF博时,0.743,0.7437,0.09,-0.011,-1.46,832209,62192993.0,0.759,0.765,0.737,0.754,3.71,12.91,0.76,-18.11,360122.0,472087.0,-4494504.0,-7.23,-4076563.0,-6.55,-417941.0,-0.67,2948613.0,4.74,1545891.0,2.49,2059,0.741,0.743,644454000.0,478829322,478829322,2026-08-24,2026-08-24 13:39:35+08:00
516720,ESGETF浦银,1.141,1.1409,-0.01,-0.017,-1.47,15,1713.0,1.151,1.151,1.141,1.158,0.86,0.01,0.15,0.05,1.0,14.0,-343.0,-20.02,0.0,0.0,-343.0,-20.02,0.0,0.0,344.0,20.08,-2,1.141,1.142,12337800.0,14077430,14077430,2026-08-24,2026-08-24 13:39:41+08:00
512550,富时A50ETF嘉实,1.803,1.8035,0.03,-0.027,-1.48,39700,7187279.0,1.824,1.829,1.802,1.83,1.48,3.61,1.84,2.25,17482.0,22218.0,-970690.0,-13.51,-1804295.0,-25.1,833605.0,11.6,823663.0,11.46,147026.0,2.05,10,1.802,1.803,109906000.0,198160518,198160518,2026-08-24,2026-08-24 13:39:45+08:00
159959,央企ETF银华,1.603,1.603,0.0,-0.024,-1.48,2136,345162.2,1.63,1.63,1.603,1.627,1.66,0.01,1.23,76.03,1993.0,143.0,115578.0,33.49,267615.0,77.53,-152037.0,-44.05,-120728.0,-34.98,5150.0,1.49,-1,1.6,1.601,1827891776.0,2930110517,2930110517,2026-08-24,2026-08-24 13:39:51+08:00
512380,MSCI中国ETF银华,1.586,1.5859,-0.01,-0.024,-1.49,5793,924936.0,1.608,1.608,1.586,1.61,1.37,0.76,0.39,-26.95,2816.0,2977.0,11886.0,1.29,218612.0,23.64,-206726.0,-22.35,49342.0,5.33,-61227.0,-6.62,1,1.584,1.586,75805600.0,120227682,120227682,2026-08-24,2026-08-24 13:39:47+08:00
159076,创业板新能源ETF华宝,0.852,0.8514,-0.07,-0.013,-1.5,119339,10313125.861,0.873,0.879,0.851,0.865,3.24,4.73,1.09,2.84,43528.0,75811.0,577625.0,5.6,0.0,0.0,577625.0,5.6,-464583.0,-4.5,-113041.0,-1.1,10,0.85,0.851,252373015.0,215021809,215021809,2026-08-24,2026-08-24 13:40:00+08:00
515350,沪深300ETF民生加银,6.179,6.1812,0.04,-0.094,-1.5,9870,6152629.0,6.272,6.272,6.179,6.273,1.48,8.44,1.68,31.61,3548.0,6322.0,552517.0,8.98,-627200.0,-10.19,1179717.0,19.17,-554344.0,-9.01,1827.0,0.03,-1,6.165,6.172,11699200.0,72289357,72289357,2026-08-24,2026-08-24 13:39:43+08:00
516850,新能源ETF华夏,0.917,0.9183,0.14,-0.014,-1.5,101051,9382009.0,0.933,0.943,0.916,0.931,2.9,7.21,1.09,13.2,47579.0,53472.0,-129210.0,-1.38,4415.0,0.05,-133625.0,-1.42,35305.0,0.38,93905.0,1.0,32,0.917,0.918,140237000.0,128597329,128597329,2026-08-24,2026-08-24 13:39:40+08:00
512460,电池ETF华夏,0.855,0.8543,-0.08,-0.013,-1.5,113227,9786644.0,0.874,0.882,0.853,0.868,3.34,3.91,0.96,15.47,55560.0,57667.0,-770020.0,-7.87,-954796.0,-9.76,184776.0,1.89,490576.0,5.01,279444.0,2.86,1,0.854,0.855,289823008.0,247798672,247798672,2026-08-24,2026-08-24 13:39:47+08:00
512360,MSCIA股ETF平安,1.77,1.7669,-0.18,-0.027,-1.5,105,18725.0,1.793,1.793,1.77,1.797,1.28,0.04,0.23,-1.36,38.0,67.0,-8008.0,-42.77,0.0,0.0,-8008.0,-42.77,0.0,0.0,8009.0,42.77,-1,1.766,1.767,27337700.0,48387729,48387729,2026-08-24,2026-08-24 13:39:39+08:00
560180,沪深300ESGETF南方,1.181,1.1816,0.05,-0.018,-1.5,9633,1144401.0,1.192,1.193,1.181,1.199,1.0,6.17,0.5,1.61,3810.0,5823.0,-26443.0,-2.31,0.0,0.0,-26443.0,-2.31,0.0,0.0,26443.0,2.31,-51,1.179,1.181,15603000.0,18427143,18427143,2026-08-24,2026-08-24 13:39:36+08:00
159151,食品ETF华夏,0.911,0.9118,0.09,-0.014,-1.51,64788,5923087.978,0.916,0.921,0.91,0.925,1.19,3.42,0.61,0.21,29010.0,35778.0,-439224.0,-7.42,-894565.0,-15.1,455341.0,7.69,74147.0,1.25,365076.0,6.16,-75,0.911,0.912,189451063.0,172589918,172589918,2026-08-24,2026-08-24 13:39:54+08:00
520880,港股通创新药ETF华宝,0.458,0.4588,0.17,-0.007,-1.51,5990560,275687352.0,0.466,0.47,0.454,0.465,3.44,12.42,0.85,-9.24,2439775.0,3550785.0,-14776273.0,-5.36,-28425853.0,-10.31,13649580.0,4.95,11341026.0,4.11,3435248.0,1.25,100,0.457,0.458,4823618048.0,2209217066,2209217066,2026-08-24,2026-08-24 13:39:39+08:00
159187,创业板新能源ETF景顺,0.85,0.8503,0.04,-0.013,-1.51,12091,1043794.754,0.866,0.876,0.85,0.863,3.01,2.27,0.4,30.6,8077.0,4014.0,360983.0,34.58,256676.0,24.59,104307.0,9.99,-304636.0,-29.19,-56348.0,-5.4,-34,0.85,0.851,53176266.0,45199826,45199826,2026-08-24,2026-08-24 13:40:00+08:00
512150,富时A50ETF汇安,1.888,1.8863,-0.09,-0.029,-1.51,1989,377525.0,1.905,1.905,1.888,1.917,0.89,1.1,1.35,0.37,864.0,1125.0,-371257.0,-98.34,0.0,0.0,-371257.0,-98.34,126996.0,33.64,244260.0,64.7,-81,1.882,1.887,18073400.0,34122579,34122579,2026-08-24,2026-08-24 13:39:40+08:00
516860,金融科技ETF博时,1.035,1.0365,0.14,-0.016,-1.52,292634,30560701.0,1.046,1.059,1.033,1.051,2.47,2.54,1.04,51.34,120542.0,172092.0,-428830.0,-1.4,596645.0,1.95,-1025475.0,-3.36,793308.0,2.6,-364478.0,-1.19,-1,1.036,1.037,1151522000.0,1191825270,1191825270,2026-08-24,2026-08-24 13:39:40+08:00
159630,A100ETF汇添富,1.357,1.3548,-0.16,-0.021,-1.52,3070,419459.3,1.376,1.376,1.357,1.378,1.38,2.03,2.16,34.28,802.0,2268.0,-161420.0,-38.48,0.0,0.0,-161420.0,-38.48,199773.0,47.63,-38353.0,-9.14,-395,1.352,1.354,15113744.0,20509351,20509351,2026-08-24,2026-08-24 13:39:54+08:00
561900,沪深300ESGETF招商,0.971,0.9713,0.03,-0.015,-1.52,4461,437384.0,0.983,0.984,0.971,0.986,1.32,1.69,0.2,0.34,179.0,4282.0,-2517.0,-0.58,0.0,0.0,-2517.0,-0.58,0.0,0.0,2517.0,0.58,10,0.97,0.971,26334400.0,25570702,25570702,2026-08-24,2026-08-24 13:39:35+08:00
159195,石油ETF华安,0.903,0.9029,-0.01,-0.014,-1.53,140797,12768896.0,0.913,0.917,0.901,0.917,1.74,18.41,1.5,4.67,72952.0,67845.0,135808.0,1.06,0.0,0.0,135808.0,1.06,-206623.0,-1.62,70815.0,0.55,1661,0.902,0.903,76490164.0,69070618,69070618,2026-08-24,2026-08-24 13:40:00+08:00
159197,石油ETF招商,0.902,0.9024,0.04,-0.014,-1.53,41507,3761501.4,0.912,0.916,0.902,0.916,1.53,9.57,0.71,9.3,25385.0,16122.0,343967.0,9.14,0.0,0.0,343967.0,9.14,-318981.0,-8.48,-24985.0,-0.66,8,0.901,0.902,43388290.0,39136238,39136238,2026-08-24,2026-08-24 13:40:00+08:00
516590,智能汽车ETF易方达,1.091,1.0915,0.05,-0.017,-1.53,16149,1780603.0,1.108,1.11,1.091,1.108,1.71,3.1,1.87,0.73,8961.0,7188.0,-196734.0,-11.05,332.0,0.02,-197066.0,-11.07,162800.0,9.14,33933.0,1.91,-2000,1.091,1.092,52015000.0,56748365,56748365,2026-08-24,2026-08-24 13:39:43+08:00
516830,沪深300ESGETF富国,1.022,1.0205,-0.15,-0.016,-1.54,54919,5643909.0,1.038,1.038,1.022,1.038,1.54,6.3,1.58,1.97,29542.0,25377.0,2060.0,0.04,586118.0,10.38,-584058.0,-10.35,-104607.0,-1.85,102547.0,1.82,-121,1.02,1.021,87176900.0,89094792,89094792,2026-08-24,2026-08-24 13:39:42+08:00
159602,中国A50ETF南方,1.082,1.0853,0.3,-0.017,-1.55,89721,9784124.866,1.1,1.1,1.082,1.099,1.64,2.22,1.85,15.04,51870.0,37851.0,-120114.0,-1.23,2005026.0,20.49,-2125140.0,-21.72,167296.0,1.71,-47182.0,-0.48,-120,1.081,1.083,404542944.0,437715465,437715465,2026-08-24,2026-08-24 13:39:54+08:00
159565,汽车零部件ETF易方达,1.27,1.2703,0.02,-0.02,-1.55,159084,20432432.3,1.29,1.302,1.268,1.29,2.64,11.39,1.13,50.49,71576.0,87508.0,-224232.0,-1.1,1162033.0,5.69,-1386265.0,-6.78,441607.0,2.16,-217377.0,-1.06,-20,1.269,1.27,139627231.0,177326583,177326583,2026-08-24,2026-08-24 13:39:54+08:00
560910,电池ETF华泰柏瑞,0.763,0.7619,-0.14,-0.012,-1.55,122470,9473694.0,0.775,0.787,0.762,0.775,3.23,6.29,1.49,11.86,57283.0,65187.0,734510.0,7.75,812113.0,8.57,-77603.0,-0.82,-794236.0,-8.38,59725.0,0.63,33,0.763,0.764,194721000.0,148572123,148572123,2026-08-24,2026-08-24 13:39:37+08:00
159189,石油ETF华夏,0.889,0.8901,0.12,-0.014,-1.55,113587,10141259.2,0.9,0.902,0.889,0.903,1.44,10.32,1.07,16.53,52338.0,61249.0,517949.0,5.11,0.0,0.0,517949.0,5.11,-467988.0,-4.61,-49961.0,-0.49,-6,0.888,0.89,110083187.0,97863953,97863953,2026-08-24,2026-08-24 13:40:00+08:00
563630,A500增强ETF国联安,1.262,1.2607,-0.1,-0.02,-1.56,13231,1672920.0,1.28,1.283,1.262,1.282,1.64,3.49,0.6,0.62,10674.0,2557.0,66.0,0.0,0.0,0.0,66.0,0.0,-316.0,-0.02,251.0,0.02,-100,1.26,1.261,37947100.0,47889240,47889240,2026-08-24,2026-08-24 13:39:33+08:00
512060,A100ETF天弘,1.199,1.1971,-0.16,-0.019,-1.56,27647,3341289.0,1.217,1.218,1.199,1.218,1.56,25.3,2.38,-3.21,14408.0,13239.0,-268562.0,-8.04,0.0,0.0,-268562.0,-8.04,230811.0,6.91,37751.0,1.13,-101,1.196,1.198,10928000.0,13102672,13102672,2026-08-24,2026-08-24 13:39:48+08:00
516960,机械ETF国泰,0.882,0.8821,0.01,-0.014,-1.56,6729,601384.0,0.897,0.902,0.881,0.896,2.34,4.19,7.8,-0.23,1893.0,4836.0,6382.0,1.06,-213990.0,-35.58,220372.0,36.64,2511.0,0.42,-8893.0,-1.48,7,0.88,0.882,16051100.0,14157070,14157070,2026-08-24,2026-08-24 13:39:20+08:00
159045,稀有金属ETF大成,0.816,0.8186,0.32,-0.013,-1.57,50803,4235299.7,0.835,0.848,0.816,0.829,3.86,3.02,0.76,8.35,14655.0,36148.0,193762.0,4.57,0.0,0.0,193762.0,4.57,-215085.0,-5.08,21324.0,0.5,-128,0.817,0.818,168330213.0,137357454,137357454,2026-08-24,2026-08-24 13:39:54+08:00
516160,新能源ETF南方,2.493,2.4954,0.1,-0.04,-1.58,419192,106098427.0,2.533,2.565,2.491,2.533,2.92,2.72,1.2,-33.99,198427.0,220765.0,-76522.0,-0.07,-1983048.0,-1.87,1906526.0,1.8,1807052.0,1.7,-1730530.0,-1.63,-32,2.493,2.494,1542142000.0,3844560006,3844560006,2026-08-24,2026-08-24 13:39:42+08:00
510320,沪深300ETF中金,1.237,1.2369,-0.01,-0.02,-1.59,148265,18508981.0,1.259,1.262,1.237,1.257,1.99,2.37,1.18,-1.01,60974.0,87291.0,-624303.0,-3.37,0.0,0.0,-624303.0,-3.37,197780.0,1.07,426522.0,2.3,-33,1.237,1.238,625068496.0,773209730,773209730,2026-08-24,2026-08-24 13:39:49+08:00
516090,新能源ETF易方达,0.494,0.4952,0.24,-0.008,-1.59,595449,29855835.0,0.502,0.509,0.494,0.502,2.99,3.55,1.13,29.33,260003.0,335446.0,-712874.0,-2.39,68651.0,0.23,-781525.0,-2.62,1350673.0,4.52,-637800.0,-2.14,-151,0.494,0.495,1678844800.0,829349331,829349331,2026-08-24,2026-08-24 13:39:44+08:00
159019,石油ETF华宝,0.928,0.9283,0.03,-0.015,-1.59,158648,14771127.4,0.935,0.937,0.927,0.943,1.06,32.83,1.25,-2.58,77062.0,81586.0,316289.0,2.14,0.0,0.0,316289.0,2.14,-334955.0,-2.27,18666.0,0.13,1617,0.927,0.928,48327711.0,44848116,44848116,2026-08-24,2026-08-24 13:40:03+08:00
520500,恒生创新药ETF华泰柏瑞,1.425,1.4276,0.18,-0.023,-1.59,5726548,821189373.0,1.456,1.473,1.415,1.448,4.01,29.35,0.71,-7.65,2729013.0,2997535.0,-31734780.0,-3.86,-25799596.0,-3.14,-5935184.0,-0.72,12999678.0,1.58,18735096.0,2.28,42,1.424,1.425,1951305008.0,2780609636,2780609636,2026-08-24,2026-08-24 13:39:40+08:00
561510,中药ETF华泰柏瑞,0.924,0.9239,-0.01,-0.015,-1.6,13222,1226425.0,0.939,0.946,0.919,0.939,2.88,2.06,0.77,6.06,6502.0,6720.0,-366045.0,-29.85,-285335.0,-23.27,-80710.0,-6.58,266044.0,21.69,100001.0,8.15,-1001,0.923,0.924,64206000.0,59326344,59326344,2026-08-24,2026-08-24 13:39:21+08:00
515390,沪深300ETF华安,1.342,1.3419,-0.01,-0.022,-1.61,690135,93434844.0,1.364,1.368,1.34,1.364,2.05,3.85,1.08,-12.62,322835.0,367300.0,-6332033.0,-6.78,1290561.0,1.38,-7622594.0,-8.16,3546559.0,3.8,2785474.0,2.98,18,1.341,1.342,1790683008.0,2403096597,2403096597,2026-08-24,2026-08-24 13:39:45+08:00
159715,稀土ETF易方达,1.159,1.1592,0.02,-0.019,-1.61,291923,34348551.6,1.189,1.196,1.157,1.178,3.31,5.7,0.89,34.15,141728.0,150195.0,-376449.0,-1.1,-1456400.0,-4.24,1079951.0,3.14,-393406.0,-1.15,769856.0,2.24,1,1.158,1.159,512030272.0,593443085,593443085,2026-08-24,2026-08-24 13:39:51+08:00
159160,电池ETF东财,0.845,0.8459,0.11,-0.014,-1.63,130487,11187983.6,0.86,0.873,0.844,0.859,3.38,6.05,1.19,1.8,67330.0,63157.0,-1273125.0,-11.38,-114883.0,-1.03,-1158242.0,-10.35,67404.0,0.6,1205721.0,10.78,11,0.845,0.846,215819254.0,182367270,182367270,2026-08-24,2026-08-24 13:40:00+08:00
159697,石油ETF鹏华,1.324,1.3259,0.14,-0.022,-1.63,258529,34441487.5,1.34,1.345,1.323,1.346,1.63,2.47,0.81,18.86,114418.0,144111.0,-850641.0,-2.47,-1371681.0,-3.98,521040.0,1.51,2535876.0,7.36,-1685236.0,-4.89,-38,1.324,1.325,1045022000.0,1383609128,1383609128,2026-08-24,2026-08-24 13:39:54+08:00
159261,创业板新能源ETF鹏华,1.387,1.3844,-0.19,-0.023,-1.63,16095,2266792.9,1.419,1.427,1.387,1.41,2.84,3.37,0.62,7.74,6741.0,9354.0,-64193.0,-2.83,702500.0,30.99,-766693.0,-33.82,123338.0,5.44,-59145.0,-2.61,1000,1.384,1.385,47814904.0,66319272,66319272,2026-08-24,2026-08-24 13:39:57+08:00
159713,稀土ETF富国,1.256,1.2561,0.01,-0.021,-1.64,362955,46416690.5,1.283,1.298,1.254,1.277,3.45,7.01,1.28,7.04,204724.0,158231.0,-4707308.0,-10.14,-5894470.0,-12.7,1187162.0,2.56,2849287.0,6.14,1858021.0,4.0,5,1.255,1.256,517755056.0,650300350,650300350,2026-08-24,2026-08-24 13:39:51+08:00
515330,沪深300ETF天弘,1.323,1.3236,0.05,-0.022,-1.64,62477,8326015.0,1.345,1.345,1.322,1.345,1.71,0.1,0.51,-11.48,24078.0,38399.0,-1998201.0,-24.01,140586.0,1.69,-2138787.0,-25.7,716777.0,8.61,1281423.0,15.4,-20,1.322,1.323,6164709632.0,8155910843,8155910843,2026-08-24,2026-08-24 13:39:45+08:00
516780,稀土ETF华泰柏瑞,0.839,0.8401,0.13,-0.014,-1.64,637673,54473675.0,0.856,0.868,0.838,0.853,3.52,2.62,0.74,16.35,351246.0,286427.0,-1848903.0,-3.39,-505583.0,-0.93,-1343320.0,-2.47,-93922.0,-0.17,1942825.0,3.57,-234,0.839,0.84,2431099696.0,2039692645,2039692645,2026-08-24,2026-08-24 13:39:41+08:00
512710,军工龙头ETF富国,0.597,0.5965,-0.08,-0.01,-1.65,2471035,148935954.0,0.605,0.609,0.596,0.607,2.14,2.11,0.86,11.98,951543.0,1519492.0,-19161369.0,-12.87,-27055414.0,-18.17,7894045.0,5.3,11481376.0,7.71,7679994.0,5.16,100,0.596,0.597,11711658496.0,6991860122,6991860122,2026-08-24,2026-08-24 13:39:46+08:00
515310,沪深300ETF汇添富,1.367,1.3696,0.19,-0.023,-1.65,167451,23086850.0,1.391,1.391,1.367,1.39,1.73,5.1,1.03,-13.24,85215.0,82236.0,-4805216.0,-20.81,-2450712.0,-10.62,-2354504.0,-10.2,2428007.0,10.52,2377210.0,10.3,-348,1.367,1.368,328611200.0,449211510,449211510,2026-08-24,2026-08-24 13:39:44+08:00
159393,沪深300ETF万家,4.882,4.8928,0.22,-0.082,-1.65,27725,13644362.0,4.963,4.98,4.88,4.964,2.01,3.03,0.86,-39.13,15134.0,12591.0,-2567428.0,-18.82,-1708167.0,-12.52,-859261.0,-6.3,464429.0,3.4,2102999.0,15.41,1,4.881,4.883,91546342.0,446929242,446929242,2026-08-24,2026-08-24 13:39:57+08:00
159122,创业板新能源ETF富国,0.893,0.8943,0.15,-0.015,-1.65,21388,1932727.7,0.91,0.923,0.893,0.908,3.3,3.18,1.35,-5.15,8762.0,12626.0,-69558.0,-3.6,227216.0,11.76,-296774.0,-15.36,53484.0,2.77,16072.0,0.83,-1218,0.894,0.895,67160935.0,59974715,59974715,2026-08-24,2026-08-24 13:39:57+08:00
512950,央企改革ETF华夏,1.479,1.4827,0.25,-0.025,-1.66,35206,5249152.0,1.504,1.505,1.479,1.504,1.73,0.09,0.63,1.22,8935.0,26271.0,627860.0,11.96,225001.0,4.29,402859.0,7.67,-677185.0,-12.9,49324.0,0.94,100,1.479,1.48,4042551008.0,5978932941,5978932941,2026-08-24,2026-08-24 13:39:46+08:00
563520,沪深300ETF永赢,1.184,1.1836,-0.03,-0.02,-1.66,208339,24951125.0,1.208,1.208,1.184,1.204,1.99,5.13,2.07,-11.01,112250.0,96089.0,-5262242.0,-21.09,-1521706.0,-6.1,-3740536.0,-14.99,4842286.0,19.41,419957.0,1.68,1,1.183,1.185,406065008.0,480780969,480780969,2026-08-24,2026-08-24 13:39:34+08:00
159208,航空航天ETF万家,1.007,1.006,-0.1,-0.017,-1.66,72631,7374412.2,1.024,1.028,1.006,1.024,2.15,2.13,0.73,59.47,31300.0,41331.0,-350109.0,-4.75,-110255.0,-1.5,-239854.0,-3.25,161401.0,2.19,188707.0,2.56,50,1.006,1.007,341462784.0,343853023,343853023,2026-08-24,2026-08-24 13:40:00+08:00
159376,A500ETF浦银,1.304,1.3026,-0.11,-0.022,-1.66,42846,5661900.1,1.324,1.326,1.304,1.326,1.66,8.76,1.94,8.03,3309.0,39537.0,603926.0,10.67,-292339.0,-5.16,896265.0,15.83,-611423.0,-10.8,7497.0,0.13,-2,1.302,1.304,48922317.0,63794701,63794701,2026-08-24,2026-08-24 13:39:54+08:00
159875,新能源ETF嘉实,0.591,0.5921,0.19,-0.01,-1.66,979991,58577887.1,0.599,0.609,0.59,0.601,3.16,3.81,1.37,86.02,508151.0,471840.0,-3852249.0,-6.58,-11381615.0,-19.43,7529366.0,12.85,3174739.0,5.42,677511.0,1.16,1,0.59,0.591,2571162896.0,1519557272,1519557272,2026-08-24,2026-08-24 13:39:51+08:00
520940,港股通恒生ETF华安,1.006,1.0067,0.07,-0.017,-1.66,47399,4775089.0,1.016,1.016,1.005,1.023,1.08,21.26,1.12,7.47,26993.0,20406.0,124417.0,2.61,0.0,0.0,124417.0,2.61,-149936.0,-3.14,25518.0,0.53,2200,1.005,1.006,22297000.0,22430782,22430782,2026-08-24,2026-08-24 13:39:22+08:00
510300,沪深300ETF华泰柏瑞,4.602,4.6055,0.08,-0.078,-1.67,6448250,2990582587.0,4.678,4.692,4.6,4.68,1.97,2.75,1.07,26.52,2108277.0,4339973.0,-508773616.0,-17.01,-605622912.0,-20.25,96849296.0,3.24,142811536.0,4.78,365939078.0,12.24,568,4.601,4.602,23481487616.0,108061806009,108061806009,2026-08-24,2026-08-24 13:39:50+08:00
510350,沪深300ETF工银,4.842,4.842,0.0,-0.082,-1.67,35603,17438989.0,4.942,4.942,4.84,4.924,2.07,0.53,1.6,-35.7,17894.0,17709.0,-1953313.0,-11.2,1747388.0,10.02,-3700701.0,-21.22,1276352.0,7.32,676961.0,3.88,-2,4.837,4.843,676014704.0,3273263197,3273263197,2026-08-24,2026-08-24 13:39:49+08:00
159181,石油ETF易方达,0.885,0.8863,0.15,-0.015,-1.67,38287,3408147.0,0.895,0.897,0.884,0.9,1.44,2.94,0.8,9.69,15559.0,22728.0,309324.0,9.08,0.0,0.0,309324.0,9.08,-327903.0,-9.62,18579.0,0.55,-1,0.885,0.886,130405335.0,115408721,115408721,2026-08-24,2026-08-24 13:40:00+08:00
159300,沪深300ETF富国,4.934,4.937,0.06,-0.084,-1.67,174150,86681287.3,5.018,5.032,4.93,5.018,2.03,4.84,1.84,-77.38,93674.0,80476.0,-20464198.0,-23.61,-17328551.0,-19.99,-3135647.0,-3.62,13425084.0,15.49,7039114.0,8.12,50,4.932,4.934,360058096.0,1776526646,1776526646,2026-08-24,2026-08-24 13:40:00+08:00
159306,汽车零部件ETF平安,1.121,1.1211,0.01,-0.019,-1.67,5696,650188.7,1.14,1.148,1.121,1.14,2.37,2.56,0.63,42.73,1297.0,4399.0,-144333.0,-22.2,4898.0,0.75,-149231.0,-22.95,292548.0,44.99,-148214.0,-22.8,-45,1.121,1.123,22244616.0,24936215,24936215,2026-08-24,2026-08-24 13:40:00+08:00
517000,沪港深500ETF银华,0.999,1.0025,0.35,-0.017,-1.67,4642,464859.0,1.012,1.012,0.999,1.016,1.28,0.38,0.79,14.86,568.0,4074.0,89167.0,19.18,0.0,0.0,89167.0,19.18,-173094.0,-37.24,83927.0,18.05,100,0.998,0.999,122793000.0,122670207,122670207,2026-08-24,2026-08-24 13:39:37+08:00
563000,中国A50ETF易方达,1.119,1.1186,-0.04,-0.019,-1.67,124001,13978531.0,1.142,1.142,1.119,1.138,2.02,0.79,1.0,20.41,65399.0,58602.0,-992920.0,-7.1,565500.0,4.05,-1558420.0,-11.15,556705.0,3.98,436214.0,3.12,5,1.118,1.12,1565951104.0,1752299285,1752299285,2026-08-24,2026-08-24 13:39:36+08:00
560080,中药ETF汇添富,0.942,0.9419,-0.01,-0.016,-1.67,505255,47685588.0,0.95,0.955,0.936,0.958,1.98,2.28,1.22,6.27,244354.0,260901.0,-6539837.0,-13.71,-3334276.0,-6.99,-3205561.0,-6.72,2163770.0,4.54,4376068.0,9.18,12,0.941,0.942,2217765008.0,2089134638,2089134638,2026-08-24,2026-08-24 13:39:34+08:00
515130,沪深300ETF博时,1.522,1.5253,0.22,-0.026,-1.68,43226,6622575.0,1.549,1.55,1.522,1.548,1.81,4.58,1.07,3.4,10754.0,32472.0,-290697.0,-4.39,291193.0,4.4,-581890.0,-8.79,-287313.0,-4.34,578010.0,8.73,5,1.521,1.522,94463200.0,143772990,143772990,2026-08-24,2026-08-24 13:39:43+08:00
526070,恒指港股通ETF博时,0.994,0.9957,0.17,-0.017,-1.68,35340,3520326.0,1.008,1.008,0.994,1.011,1.38,6.75,0.61,10.73,9131.0,26209.0,-244373.0,-6.94,0.0,0.0,-244373.0,-6.94,155876.0,4.43,88498.0,2.51,2200,0.993,0.995,52377000.0,52062738,52062738,2026-08-24,2026-08-24 13:39:31+08:00
561200,中证A100ETF工银,1.46,1.4532,-0.47,-0.025,-1.68,19010,2780675.0,1.48,1.48,1.457,1.485,1.55,6.04,1.96,3.29,11275.0,7735.0,-75900.0,-2.73,402132.0,14.46,-478032.0,-17.19,-39401.0,-1.42,115302.0,4.15,1999,1.453,1.455,31470500.0,45946930,45946930,2026-08-24,2026-08-24 13:39:37+08:00
516580,新能源ETF博时,0.586,0.587,0.17,-0.01,-1.68,22955,1366890.0,0.596,0.603,0.586,0.596,2.85,1.56,0.54,0.45,15999.0,6956.0,-139951.0,-10.24,378631.0,27.7,-518582.0,-37.94,138168.0,10.11,1783.0,0.13,-11,0.586,0.588,147124100.0,86214723,86214723,2026-08-24,2026-08-24 13:39:27+08:00
159850,恒生国企ETF华夏,0.816,0.8192,0.39,-0.014,-1.69,60743,4966015.6,0.825,0.825,0.813,0.83,1.45,1.33,0.48,10.08,37672.0,23071.0,-26776.0,-0.54,-26976.0,-0.54,200.0,0.0,-62530.0,-1.26,89307.0,1.8,-5,0.816,0.817,455706496.0,371856501,371856501,2026-08-24,2026-08-24 13:39:30+08:00
512520,MSCI中国ETF华泰柏瑞,1.45,1.4524,0.17,-0.025,-1.69,3730,547922.0,1.47,1.47,1.444,1.475,1.76,0.83,1.58,-19.03,89.0,3641.0,-6111.0,-1.12,0.0,0.0,-6111.0,-1.12,9990.0,1.82,-3878.0,-0.71,-1,1.446,1.449,45056400.0,65331780,65331780,2026-08-24,2026-08-24 13:39:46+08:00
159009,创业板新能源ETF易方达,0.873,0.8733,0.03,-0.015,-1.69,11019,975028.2,0.899,0.899,0.873,0.888,2.93,1.86,0.96,26.83,4836.0,6183.0,148926.0,15.27,315662.0,32.37,-166736.0,-17.1,-137790.0,-14.13,-11136.0,-1.14,-44,0.873,0.874,59392703.0,51849830,51849830,2026-08-24,2026-08-24 13:40:00+08:00
159919,沪深300ETF嘉实,4.805,4.8067,0.04,-0.083,-1.7,1761925,853139947.6,4.886,4.889,4.803,4.888,1.76,2.83,1.77,-70.92,673554.0,1088371.0,-56083760.0,-6.57,-97521440.0,-11.43,41437680.0,4.86,29252011.0,3.43,26831756.0,3.15,-355,4.805,4.806,6221016576.0,29891984648,29891984648,2026-08-24,2026-08-24 13:39:51+08:00
159944,材料ETF广发,1.501,1.5036,0.17,-0.026,-1.7,19270,2929766.0,1.528,1.541,1.501,1.527,2.62,6.1,0.7,16.04,9266.0,10004.0,713043.0,24.34,0.0,0.0,713043.0,24.34,-648226.0,-22.13,-64817.0,-2.21,-48,1.501,1.503,31608342.0,47444121,47444121,2026-08-24,2026-08-24 13:39:51+08:00
159717,ESGETF鹏华,1.038,1.0378,-0.02,-0.018,-1.7,6172,642534.8,1.051,1.051,1.038,1.056,1.23,2.43,0.27,-5.94,3001.0,3171.0,-112119.0,-17.45,0.0,0.0,-112119.0,-17.45,115809.0,18.02,-3690.0,-0.57,-2,1.036,1.037,25373183.0,26337364,26337364,2026-08-24,2026-08-24 13:39:45+08:00
560050,中国A50ETF汇添富,1.091,1.0901,-0.08,-0.019,-1.71,492176,54120800.0,1.11,1.11,1.09,1.11,1.8,2.27,0.86,7.24,236767.0,255410.0,-1735841.0,-3.21,1290445.0,2.38,-3026286.0,-5.59,589024.0,1.09,1146817.0,2.12,6625,1.09,1.091,2169934400.0,2367398430,2367398430,2026-08-24,2026-08-24 13:39:38+08:00
159155,电池ETF大成,0.861,0.8622,0.14,-0.015,-1.71,217092,19070783.5,0.877,0.889,0.861,0.876,3.2,4.43,0.98,10.44,79227.0,137865.0,696495.0,3.65,1595990.0,8.37,-899495.0,-4.72,-225481.0,-1.18,-471013.0,-2.47,-75,0.861,0.862,489513296.0,421470948,421470948,2026-08-24,2026-08-24 13:39:51+08:00
512990,MSCIA股ETF华夏,2.013,2.0148,0.09,-0.035,-1.71,21282,4303176.0,2.038,2.038,2.013,2.048,1.22,2.15,0.87,0.16,12670.0,8612.0,-780435.0,-18.14,0.0,0.0,-780435.0,-18.14,749352.0,17.41,31083.0,0.72,-3,2.012,2.013,99015400.0,199318000,199318000,2026-08-24,2026-08-24 13:39:44+08:00
159673,沪深300ETF鹏华,1.268,1.2715,0.28,-0.022,-1.71,357817,45751011.3,1.289,1.291,1.267,1.29,1.86,2.02,1.22,0.07,201788.0,156029.0,-1994097.0,-4.36,1911537.0,4.18,-3905634.0,-8.54,400760.0,0.88,1593338.0,3.48,30,1.267,1.268,1767528384.0,2241225991,2241225991,2026-08-24,2026-08-24 13:39:54+08:00
510330,沪深300ETF华夏,4.797,4.8053,0.17,-0.084,-1.72,845942,409097773.0,4.882,4.885,4.795,4.881,1.84,1.01,0.92,-58.81,269309.0,576633.0,-34369496.0,-8.4,-30796510.0,-7.53,-3572986.0,-0.87,15759830.0,3.85,18609665.0,4.55,1,4.796,4.797,8378349824.0,40190944106,40190944106,2026-08-24,2026-08-24 13:39:51+08:00
512910,A100ETF广发,1.311,1.3118,0.06,-0.023,-1.72,45919,6070910.0,1.337,1.337,1.311,1.334,1.95,3.5,1.04,2.65,20435.0,25484.0,441881.0,7.28,0.0,0.0,441881.0,7.28,-497042.0,-8.19,55161.0,0.91,2,1.309,1.31,131128800.0,171909857,171909857,2026-08-24,2026-08-24 13:39:46+08:00
561930,沪深300ETF招商,1.547,1.5499,0.19,-0.027,-1.72,35708,5558844.0,1.578,1.578,1.547,1.574,1.97,2.11,0.69,2.21,22710.0,12998.0,-197110.0,-3.55,-1747893.0,-31.44,1550783.0,27.9,-246696.0,-4.44,443806.0,7.98,-2,1.547,1.548,169260600.0,261846148,261846148,2026-08-24,2026-08-24 13:39:36+08:00
512960,央企结构调整ETF博时,1.431,1.4324,0.1,-0.025,-1.72,3627,521421.0,1.451,1.451,1.431,1.456,1.37,0.01,0.2,3.81,39.0,3588.0,7136.0,1.37,0.0,0.0,7136.0,1.37,0.0,0.0,-7135.0,-1.37,-6,1.431,1.433,3856657296.0,5518876591,5518876591,2026-08-24,2026-08-24 13:39:46+08:00
159796,电池ETF汇添富,0.856,0.8567,0.08,-0.015,-1.72,1940309,168713281.7,0.869,0.884,0.855,0.871,3.33,3.06,1.12,29.96,1149108.0,791201.0,3337886.0,1.98,-4370199.0,-2.59,7708085.0,4.57,-145016.0,-0.09,-3192869.0,-1.89,-90,0.856,0.857,6334467584.0,5422304252,5422304252,2026-08-24,2026-08-24 13:39:51+08:00
520960,恒指港股通ETF嘉实,0.915,0.9161,0.12,-0.016,-1.72,11896,1088623.0,0.918,0.923,0.914,0.931,0.97,2.4,1.21,-2.35,3168.0,8728.0,-11977.0,-1.1,0.0,0.0,-11977.0,-1.1,112.0,0.01,11865.0,1.09,2500,0.914,0.916,49603400.0,45387111,45387111,2026-08-24,2026-08-24 13:39:41+08:00
588960,科创新能源ETF富国,1.144,1.1432,-0.07,-0.02,-1.72,56953,6607326.0,1.167,1.188,1.141,1.164,4.04,3.99,1.27,20.09,23024.0,33929.0,396266.0,6.0,831049.0,12.59,-434783.0,-6.59,-362694.0,-5.49,-33572.0,-0.51,50,1.142,1.144,142579800.0,163111291,163111291,2026-08-24,2026-08-24 13:39:28+08:00
159065,工程机械ETF景顺,0.912,0.9096,-0.26,-0.016,-1.72,5705,523142.654,0.927,0.927,0.912,0.928,1.62,0.52,0.5,0.68,3329.0,2376.0,-76803.0,-14.68,-556.0,-0.11,-76247.0,-14.57,64694.0,12.37,12110.0,2.31,-100,0.91,0.911,109350818.0,99727946,99727946,2026-08-24,2026-08-24 13:39:51+08:00
159925,沪深300ETF南方,4.673,4.6777,0.1,-0.082,-1.72,161642,76294695.424,4.755,4.756,4.671,4.755,1.79,2.65,1.09,20.82,100467.0,61176.0,-10279292.0,-13.47,-774523.0,-1.02,-9504769.0,-12.46,4480159.0,5.87,5799132.0,7.6,3,4.672,4.673,609620864.0,2848758297,2848758297,2026-08-24,2026-08-24 13:39:51+08:00
159018,石油ETF广发,0.907,0.9081,0.12,-0.016,-1.73,31094,2826724.124,0.92,0.922,0.905,0.923,1.84,11.56,0.81,-0.78,14335.0,16759.0,305796.0,10.82,0.0,0.0,305796.0,10.82,-199811.0,-7.07,-105984.0,-3.75,-3,0.907,0.908,26904203.0,24402112,24402112,2026-08-24,2026-08-24 13:40:03+08:00
159588,石油ETF景顺,1.253,1.2544,0.11,-0.022,-1.73,88994,11209957.2,1.268,1.275,1.252,1.275,1.8,2.06,0.8,42.19,36668.0,52326.0,-19295.0,-0.17,0.0,0.0,-19295.0,-0.17,249350.0,2.22,-230055.0,-2.05,-18,1.253,1.254,431284864.0,540399935,540399935,2026-08-24,2026-08-24 13:39:54+08:00
510370,沪深300ETF兴业,1.02,1.0208,0.08,-0.018,-1.73,10999,1126558.0,1.038,1.038,1.02,1.038,1.73,1.26,0.8,-1.36,3340.0,7659.0,-124650.0,-11.06,-159233.0,-14.13,34583.0,3.07,113429.0,10.07,11221.0,1.0,2,1.019,1.02,87258100.0,89003262,89003262,2026-08-24,2026-08-24 13:39:50+08:00
159330,沪深300ETF东财,1.423,1.4254,0.17,-0.025,-1.73,159999,22941275.5,1.447,1.451,1.422,1.448,2.0,3.81,1.08,-11.08,43567.0,116432.0,-7083941.0,-30.88,-4528357.0,-19.74,-2555584.0,-11.14,350742.0,1.53,6733199.0,29.35,-1,1.422,1.423,419801008.0,597376834,597376834,2026-08-24,2026-08-24 13:40:00+08:00
510360,沪深300ETF广发,1.76,1.7607,0.04,-0.031,-1.73,242774,43042689.0,1.789,1.791,1.759,1.791,1.79,1.37,0.95,-26.49,90305.0,152469.0,-7332736.0,-17.04,-1213743.0,-2.82,-6118993.0,-14.22,253694.0,0.59,7079042.0,16.45,-77,1.759,1.76,1772381200.0,3119390912,3119390912,2026-08-24,2026-08-24 13:39:51+08:00
159506,港股通创新药医疗ETF富国,1.298,1.2967,-0.1,-0.023,-1.74,2907358,378245401.1,1.329,1.338,1.283,1.321,4.16,11.57,0.85,-18.04,1384066.0,1523292.0,-5633883.0,-1.49,-3363337.0,-0.89,-2270546.0,-0.6,1228961.0,0.32,4404920.0,1.16,339,1.297,1.298,2512536976.0,3261272995,3261272995,2026-08-24,2026-08-24 13:40:00+08:00
560410,电池ETF鹏华,0.849,0.8503,0.15,-0.015,-1.74,10722,924837.0,0.863,0.881,0.849,0.864,3.7,1.79,1.39,0.96,3299.0,7423.0,171281.0,18.52,145185.0,15.7,26096.0,2.82,-260174.0,-28.13,88895.0,9.61,67,0.848,0.85,59786100.0,50758399,50758399,2026-08-24,2026-08-24 13:39:30+08:00
588830,科创新能源ETF鹏华,1.239,1.2393,0.02,-0.022,-1.74,422202,53558803.0,1.259,1.289,1.237,1.261,4.12,6.24,0.88,23.31,218924.0,203278.0,3803769.0,7.1,244426.0,0.46,3559343.0,6.65,-2627937.0,-4.91,-1175833.0,-2.2,396,1.238,1.24,676847904.0,838614553,838614553,2026-08-24,2026-08-24 13:39:29+08:00
561910,电池ETF招商,0.733,0.7321,-0.12,-0.013,-1.74,771363,57343266.0,0.744,0.757,0.731,0.746,3.49,1.67,0.97,26.91,331401.0,439962.0,-5490469.0,-9.57,-1665377.0,-2.9,-3825092.0,-6.67,3117735.0,5.44,2372733.0,4.14,50,0.732,0.733,4630076672.0,3393846201,3393846201,2026-08-24,2026-08-24 13:39:36+08:00
159387,创业板新能源ETF国泰,0.734,0.7342,0.03,-0.013,-1.74,2972656,221171675.0,0.747,0.758,0.733,0.747,3.35,19.85,1.16,13.57,1581905.0,1390751.0,-3267283.0,-1.48,-28032199.0,-12.67,24764916.0,11.2,3946138.0,1.78,-678856.0,-0.31,10001,0.734,0.735,1497189648.0,1098937202,1098937202,2026-08-24,2026-08-24 13:40:00+08:00
520730,港股通汽车ETF万家,0.79,0.7906,0.08,-0.014,-1.74,10135,805125.0,0.804,0.804,0.788,0.804,1.99,0.86,0.55,4.49,5163.0,4972.0,580.0,0.07,0.0,0.0,580.0,0.07,-51754.0,-6.43,51174.0,6.36,-25,0.789,0.79,118394400.0,93531576,93531576,2026-08-24,2026-08-24 13:39:41+08:00
513360,教育ETF博时,0.453,0.4636,2.29,-0.008,-1.74,467068,21298844.0,0.461,0.461,0.453,0.461,1.74,7.49,0.51,-15.67,125176.0,341892.0,-742121.0,-3.48,-2501954.0,-11.75,1759833.0,8.26,769536.0,3.61,-27415.0,-0.13,-430,0.453,0.454,623713904.0,282542399,282542399,2026-08-24,2026-08-24 13:39:44+08:00
561000,沪深300增强ETF华安,1.289,1.2913,0.18,-0.023,-1.75,31609,4116005.0,1.312,1.314,1.289,1.312,1.91,6.03,0.83,7.02,8885.0,22724.0,-66863.0,-1.62,0.0,0.0,-66863.0,-1.62,85032.0,2.07,-18169.0,-0.44,-127,1.29,1.291,52420000.0,67569380,67569380,2026-08-24,2026-08-24 13:39:36+08:00
563660,A500ETF银河,1.235,1.231,-0.32,-0.022,-1.75,18919,2348660.0,1.246,1.25,1.233,1.257,1.35,3.0,1.68,-0.92,7466.0,11453.0,-124404.0,-5.3,0.0,0.0,-124404.0,-5.3,134514.0,5.73,-10109.0,-0.43,406,1.228,1.23,63085200.0,77910222,77910222,2026-08-24,2026-08-24 13:39:33+08:00
159800,中证800ETF鹏华,1.407,1.4045,-0.18,-0.025,-1.75,4740,669446.9,1.429,1.429,1.407,1.432,1.54,1.77,2.38,-8.79,1027.0,3713.0,-237171.0,-35.43,0.0,0.0,-237171.0,-35.43,195892.0,29.26,41280.0,6.17,730,1.403,1.405,26736802.0,37618680,37618680,2026-08-24,2026-08-24 13:39:51+08:00
159627,A100ETF华夏,1.289,1.2891,0.01,-0.023,-1.75,52801,6850331.3,1.312,1.312,1.289,1.312,1.75,27.62,1.45,1.73,22954.0,29847.0,643792.0,9.4,0.0,0.0,643792.0,9.4,-670496.0,-9.79,26703.0,0.39,-364,1.287,1.288,19116776.0,24641524,24641524,2026-08-24,2026-08-24 13:39:54+08:00
159601,A50ETF华夏,1.116,1.1172,0.11,-0.02,-1.76,449837,50556830.5,1.134,1.135,1.115,1.136,1.76,3.19,0.93,8.52,209968.0,239869.0,-3137346.0,-6.21,962991.0,1.9,-4100337.0,-8.11,1673648.0,3.31,1463697.0,2.9,1500,1.115,1.116,1411588080.0,1575332297,1575332297,2026-08-24,2026-08-24 13:39:54+08:00
561990,沪深300增强ETF招商,1.005,1.0039,-0.11,-0.018,-1.76,136959,13859111.0,1.023,1.023,1.004,1.023,1.86,4.21,1.0,7.77,29518.0,107441.0,394447.0,2.85,0.0,0.0,394447.0,2.85,-761495.0,-5.49,367049.0,2.65,300,1.004,1.005,325649200.0,327277446,327277446,2026-08-24,2026-08-24 13:39:36+08:00
562700,汽车零部件ETF华夏,1.172,1.1736,0.14,-0.021,-1.76,142446,16874614.0,1.188,1.202,1.171,1.193,2.6,13.86,1.37,16.75,51680.0,90766.0,230375.0,1.37,-3252499.0,-19.27,3482874.0,20.64,-590420.0,-3.5,360045.0,2.13,-67,1.172,1.173,102750000.0,120423000,120423000,2026-08-24,2026-08-24 13:39:36+08:00
159126,港股通50ETF南方,0.943,0.9427,-0.03,-0.017,-1.77,50539,4765762.398,0.959,0.959,0.941,0.96,1.88,2.22,1.31,-5.94,18294.0,32245.0,-4756.0,-0.1,123357.0,2.59,-128113.0,-2.69,-103.0,0.0,4858.0,0.1,200,0.942,0.943,227616546.0,214642403,214642403,2026-08-24,2026-08-24 13:39:54+08:00
159368,创业板新能源ETF华夏,0.665,0.6655,0.08,-0.012,-1.77,2279540,153763924.7,0.676,0.687,0.664,0.677,3.4,21.91,1.35,5.9,1118961.0,1160579.0,-1133779.0,-0.74,-15839913.0,-10.3,14706134.0,9.56,-333335.0,-0.22,1467115.0,0.95,-18,0.665,0.666,1040579680.0,691985487,691985487,2026-08-24,2026-08-24 13:40:00+08:00
520770,恒指港股通ETF建信,0.944,0.9425,-0.16,-0.017,-1.77,12390,1172406.0,0.952,0.952,0.943,0.961,0.94,0.58,0.33,-22.04,1849.0,10541.0,120973.0,10.32,0.0,0.0,120973.0,10.32,8514.0,0.73,-129486.0,-11.04,-5,0.944,0.945,213373800.0,201424867,201424867,2026-08-24,2026-08-24 13:39:40+08:00
159920,恒生ETF华夏,1.497,1.4987,0.11,-0.027,-1.77,1421224,213387751.8,1.513,1.516,1.494,1.524,1.44,2.46,1.35,3.83,547523.0,873701.0,-16311891.0,-7.64,5321002.0,2.49,-21632893.0,-10.14,10919160.0,5.12,5392731.0,2.53,14,1.496,1.497,5779559168.0,8652000074,8652000074,2026-08-24,2026-08-24 13:39:51+08:00
159365,恒指港股通ETF富国,1.001,1.0035,0.25,-0.018,-1.77,5930,595243.8,1.019,1.019,1.001,1.019,1.77,1.28,0.79,26.65,2831.0,3099.0,-107220.0,-18.01,0.0,0.0,-107220.0,-18.01,110890.0,18.63,-3671.0,-0.62,-126,1.0,1.002,46162398.0,46208560,46208560,2026-08-24,2026-08-24 13:39:57+08:00
510310,沪深300ETF易方达,4.469,4.4728,0.08,-0.081,-1.78,1167754,525772066.0,4.545,4.548,4.467,4.55,1.78,1.02,0.98,-70.98,362141.0,805613.0,-113710937.0,-21.63,-106714848.0,-20.3,-6996089.0,-1.33,57700341.0,10.97,56008364.0,10.65,81,4.468,4.469,11458544128.0,51208233708,51208233708,2026-08-24,2026-08-24 13:39:48+08:00
515380,沪深300ETF泰康,5.345,5.352,0.13,-0.097,-1.78,23164,12510261.0,5.443,5.443,5.345,5.442,1.8,0.35,1.39,-0.34,10680.0,12484.0,-302111.0,-2.41,3379235.0,27.01,-3681346.0,-29.43,50984.0,0.41,251127.0,2.01,-9,5.344,5.349,663399808.0,3545871974,3545871974,2026-08-24,2026-08-24 13:39:44+08:00
515660,沪深300ETF国联安,5.751,5.773,0.38,-0.105,-1.79,5266,3082265.0,5.86,5.86,5.751,5.856,1.86,0.12,3.31,1.32,307.0,4959.0,-90755.0,-2.94,302965.0,9.83,-393720.0,-12.77,78606.0,2.55,12149.0,0.39,-3,5.751,5.762,432694208.0,2488424390,2488424390,2026-08-24,2026-08-24 13:39:42+08:00
510900,恒生中国企业ETF易方达,1.043,1.045,0.19,-0.019,-1.79,664803,69486670.0,1.053,1.054,1.04,1.062,1.32,2.05,0.89,10.8,317626.0,347177.0,-2752710.0,-3.96,-8659333.0,-12.46,5906623.0,8.5,2355327.0,3.39,397383.0,0.57,306,1.042,1.043,3238021904.0,3377256846,3377256846,2026-08-24,2026-08-24 13:39:50+08:00
510380,沪深300ETF国寿,1.368,1.3733,0.39,-0.025,-1.79,17893,2461687.0,1.393,1.393,1.368,1.393,1.79,0.12,1.63,25.75,4546.0,13347.0,1401227.0,56.92,779948.0,31.68,621279.0,25.24,-308898.0,-12.55,-1092329.0,-44.37,135,1.368,1.373,1467802400.0,2007953683,2007953683,2026-08-24,2026-08-24 13:39:43+08:00
159257,航空ETF汇添富,0.818,0.8186,0.07,-0.015,-1.8,14708,1215341.2,0.83,0.835,0.818,0.833,2.04,0.98,0.26,7.07,4720.0,9988.0,-75472.0,-6.21,0.0,0.0,-75472.0,-6.21,-39798.0,-3.27,115270.0,9.48,-262,0.818,0.819,149416949.0,122223064,122223064,2026-08-24,2026-08-24 13:40:00+08:00
512090,MSCIA股ETF易方达,1.964,1.9664,0.12,-0.036,-1.8,537086,106098813.0,2.0,2.0,1.963,2.0,1.85,15.02,1.51,-8.38,264830.0,272256.0,363617.0,0.34,-3501903.0,-3.3,3865520.0,3.64,2430.0,0.0,-366047.0,-0.35,1200,1.963,1.964,357592304.0,702311285,702311285,2026-08-24,2026-08-24 13:39:45+08:00
159647,中药ETF鹏华,0.874,0.8746,0.07,-0.016,-1.8,178938,15670448.1,0.886,0.887,0.869,0.89,2.02,1.75,0.98,60.6,70946.0,107992.0,-2398620.0,-15.31,-304079.0,-1.94,-2094541.0,-13.37,361613.0,2.31,2037007.0,13.0,1,0.873,0.874,1023961760.0,894942578,894942578,2026-08-24,2026-08-24 13:39:51+08:00
159509,纳指科技ETF景顺,2.732,2.2284,-22.6,-0.05,-1.8,1506051,413760294.324,2.763,2.768,2.728,2.782,1.44,2.27,0.95,-12.34,633959.0,872091.0,-68471802.0,-16.59,-54277351.0,-13.15,-14194451.0,-3.44,26626704.0,6.45,41845099.0,10.14,-3782,2.733,2.734,6621564160.0,18090113285,18090113285,2026-08-24,2026-08-24 13:39:57+08:00
561180,A100ETF富国,1.305,1.3046,-0.03,-0.024,-1.81,14552,1910333.0,1.323,1.323,1.305,1.329,1.35,2.93,1.76,5.18,9431.0,5121.0,32079.0,1.68,0.0,0.0,32079.0,1.68,-31248.0,-1.64,-832.0,-0.04,960,1.302,1.303,49609600.0,64740528,64740528,2026-08-24,2026-08-24 13:39:34+08:00
515550,中证500ETF国联,1.738,1.7414,0.2,-0.032,-1.81,7128,1246864.0,1.762,1.762,1.738,1.77,1.36,3.5,0.58,-44.7,1093.0,6035.0,699625.0,56.11,0.0,0.0,699625.0,56.11,-438350.0,-35.16,-261274.0,-20.95,-5,1.735,1.739,20345700.0,35360827,35360827,2026-08-24,2026-08-24 13:39:43+08:00
159017,石油ETF工银,0.923,0.9239,0.1,-0.017,-1.81,57916,5363729.526,0.936,0.936,0.923,0.94,1.38,3.8,1.31,7.21,27038.0,30878.0,95466.0,1.78,0.0,0.0,95466.0,1.78,-77458.0,-1.44,-18008.0,-0.34,-10,0.923,0.925,152256813.0,140533038,140533038,2026-08-24,2026-08-24 13:40:03+08:00
159378,通用航空ETF永赢,0.976,0.9758,-0.02,-0.018,-1.81,81501,8039011.0,0.989,0.996,0.975,0.994,2.11,1.46,0.48,10.24,36567.0,44934.0,-71420.0,-0.89,1883.0,0.02,-73303.0,-0.91,-116295.0,-1.45,187715.0,2.34,10,0.975,0.976,558271072.0,544872566,544872566,2026-08-24,2026-08-24 13:40:00+08:00
159954,恒生中国企业ETF南方,0.922,0.9217,-0.03,-0.017,-1.81,8196,759155.1,0.935,0.935,0.92,0.939,1.6,0.44,0.68,3.31,819.0,7377.0,-69588.0,-9.17,0.0,0.0,-69588.0,-9.17,54370.0,7.16,15217.0,2.0,-3,0.922,0.923,186105083.0,171588887,171588887,2026-08-24,2026-08-24 13:39:51+08:00
562880,电池ETF嘉实,0.757,0.7574,0.05,-0.014,-1.82,225225,17388252.0,0.768,0.782,0.755,0.771,3.5,2.55,0.93,16.48,125060.0,100165.0,-125379.0,-0.72,-263097.0,-1.51,137718.0,0.79,-324188.0,-1.86,449567.0,2.59,100,0.756,0.757,884899600.0,669868997,669868997,2026-08-24,2026-08-24 13:39:35+08:00
159822,新经济ETF银华,0.592,0.6078,2.6,-0.011,-1.82,66170,3929225.6,0.602,0.603,0.591,0.603,1.99,2.24,1.14,10.58,13916.0,52254.0,-1991811.0,-50.69,-442327.0,-11.26,-1549484.0,-39.43,1540721.0,39.21,451090.0,11.48,1,0.591,0.592,295634320.0,175015517,175015517,2026-08-24,2026-08-24 13:38:54+08:00
159147,电池ETF南方,0.86,0.8616,0.19,-0.016,-1.83,387732,34029945.5,0.882,0.888,0.86,0.876,3.2,1.87,1.48,18.23,178412.0,209320.0,424757.0,1.25,-722020.0,-2.12,1146777.0,3.37,-306857.0,-0.9,-117899.0,-0.35,-61,0.86,0.861,2069409552.0,1779692215,1779692215,2026-08-24,2026-08-24 13:39:57+08:00
159175,电池ETF易方达,0.913,0.915,0.22,-0.017,-1.83,180926,16792437.641,0.928,0.944,0.913,0.93,3.33,3.71,1.25,18.55,86754.0,94172.0,-1352166.0,-8.05,-83788.0,-0.5,-1268378.0,-7.55,411612.0,2.45,940553.0,5.6,57,0.913,0.914,487270384.0,444877861,444877861,2026-08-24,2026-08-24 13:40:00+08:00
560230,光伏ETF富国,0.751,0.7506,-0.05,-0.014,-1.83,12309,937831.0,0.764,0.772,0.75,0.765,2.88,1.47,0.87,-5.91,7972.0,4337.0,-310077.0,-33.06,-8828.0,-0.94,-301249.0,-32.12,254405.0,27.13,55673.0,5.94,5,0.75,0.751,83889000.0,63000639,63000639,2026-08-24,2026-08-24 13:39:36+08:00
563150,油气ETF银华,1.34,1.3414,0.1,-0.025,-1.83,15108,2039204.0,1.359,1.359,1.34,1.365,1.39,4.52,1.31,14.84,6297.0,8811.0,263111.0,12.9,0.0,0.0,263111.0,12.9,-126360.0,-6.2,-136751.0,-6.71,-40,1.341,1.342,33399000.0,44754660,44754660,2026-08-24,2026-08-24 13:39:32+08:00
159923,中证A100ETF大成,2.148,2.1468,-0.06,-0.04,-1.83,14697,3181917.8,2.182,2.182,2.148,2.188,1.55,13.02,0.75,0.02,5531.0,9166.0,274646.0,8.63,0.0,0.0,274646.0,8.63,-358563.0,-11.27,83917.0,2.64,118,2.146,2.148,11285812.0,24241924,24241924,2026-08-24,2026-08-24 13:39:48+08:00
516570,化工行业ETF易方达,1.019,1.0204,0.14,-0.019,-1.83,240611,24707137.0,1.034,1.043,1.018,1.038,2.41,2.13,1.28,23.62,96165.0,144446.0,933960.0,3.78,1564585.0,6.33,-630625.0,-2.55,442786.0,1.79,-1376745.0,-5.57,-36,1.019,1.02,1127357600.0,1148777394,1148777394,2026-08-24,2026-08-24 13:39:40+08:00
159768,房地产ETF银华,0.429,0.4287,-0.07,-0.008,-1.83,430678,18584067.1,0.435,0.437,0.428,0.437,2.06,5.26,0.82,15.1,164452.0,266226.0,-248706.0,-1.34,-140859.0,-0.76,-107847.0,-0.58,-3727.0,-0.02,252433.0,1.36,1,0.428,0.429,818950304.0,351329680,351329680,2026-08-24,2026-08-24 13:39:51+08:00
159653,ESG300ETF国联安,1.174,1.1748,0.07,-0.022,-1.84,101,11914.9,1.19,1.19,1.174,1.196,1.34,0.02,1.01,-0.27,21.0,80.0,10615.0,89.09,0.0,0.0,10615.0,89.09,0.0,0.0,-10615.0,-89.09,-2,1.172,1.175,52972068.0,62189208,62189208,2026-08-24,2026-08-24 13:39:54+08:00
515160,MSCI中国ETF招商,1.599,1.6016,0.16,-0.03,-1.84,16125,2590301.0,1.645,1.645,1.599,1.629,2.82,0.66,1.17,0.05,8998.0,7127.0,35644.0,1.38,0.0,0.0,35644.0,1.38,-55613.0,-2.15,19969.0,0.77,1,1.598,1.599,243955100.0,390084205,390084205,2026-08-24,2026-08-24 13:39:42+08:00
516270,新能源ETF华安,0.585,0.5863,0.22,-0.011,-1.85,132681,7888505.0,0.593,0.602,0.585,0.596,2.85,4.76,1.33,-3.56,54369.0,78312.0,399446.0,5.06,546658.0,6.93,-147212.0,-1.87,-447553.0,-5.67,48108.0,0.61,-10,0.586,0.587,278909008.0,163161770,163161770,2026-08-24,2026-08-24 13:39:39+08:00
159392,航空ETF富国,0.902,0.9017,-0.03,-0.017,-1.85,17307,1576416.0,0.912,0.919,0.902,0.919,1.85,0.93,0.47,18.62,9737.0,7570.0,-198876.0,-12.62,49464.0,3.14,-248340.0,-15.75,28086.0,1.78,170790.0,10.83,3,0.901,0.902,186285500.0,168029521,168029521,2026-08-24,2026-08-24 13:39:54+08:00
563380,航空航天ETF华泰柏瑞,0.904,0.9049,0.1,-0.017,-1.85,296103,27060008.0,0.919,0.925,0.903,0.921,2.39,3.23,0.86,16.54,113567.0,182536.0,-177298.0,-0.66,1728917.0,6.39,-1906215.0,-7.04,-358477.0,-1.32,535777.0,1.98,10,0.904,0.905,916950000.0,828922800,828922800,2026-08-24,2026-08-24 13:39:32+08:00
159788,港股通100ETF易方达,1.22,1.2208,0.07,-0.023,-1.85,58307,7128997.4,1.24,1.24,1.217,1.243,1.85,8.28,1.49,16.33,25552.0,32755.0,-300835.0,-4.22,0.0,0.0,-300835.0,-4.22,228193.0,3.2,72642.0,1.02,-3,1.219,1.22,70424965.0,85918457,85918457,2026-08-24,2026-08-24 13:39:51+08:00
159231,通用航空ETF华宝,0.474,0.4731,-0.19,-0.009,-1.86,75404,3607036.1,0.483,0.483,0.473,0.483,2.07,2.22,0.64,55.98,36030.0,39374.0,-192650.0,-5.34,-314692.0,-8.72,122042.0,3.38,44740.0,1.24,147910.0,4.1,100,0.473,0.474,340091856.0,161203540,161203540,2026-08-24,2026-08-24 13:40:00+08:00
159190,创业板新能源ETF天弘,0.845,0.8461,0.13,-0.016,-1.86,155444,13373870.6,0.868,0.871,0.845,0.861,3.02,21.57,1.45,19.34,60290.0,95154.0,389169.0,2.91,1262612.0,9.44,-873443.0,-6.53,-266036.0,-1.99,-123132.0,-0.92,-2,0.846,0.847,72069299.0,60898558,60898558,2026-08-24,2026-08-24 13:40:00+08:00
561160,电池ETF富国,0.738,0.7389,0.12,-0.014,-1.86,434920,32616741.0,0.751,0.762,0.737,0.752,3.32,1.91,1.2,16.82,210468.0,224452.0,-2901983.0,-8.9,-3275672.0,-10.04,373689.0,1.15,1979784.0,6.07,919981.0,2.82,-61,0.738,0.739,2280835008.0,1683256236,1683256236,2026-08-24,2026-08-24 13:39:38+08:00
515360,沪深300ETF方正富邦,6.68,6.6896,0.14,-0.127,-1.87,882,594445.0,6.807,6.81,6.672,6.807,2.03,0.23,0.59,5.26,436.0,446.0,-120789.0,-20.32,0.0,0.0,-120789.0,-20.32,141081.0,23.73,-20293.0,-3.41,6,6.671,6.68,37779300.0,252365724,252365724,2026-08-24,2026-08-24 13:39:43+08:00
517160,长江保护ETF南方,0.946,0.947,0.11,-0.018,-1.87,138,13255.0,0.964,0.964,0.946,0.964,1.87,0.0,0.11,-9.1,25.0,113.0,-13062.0,-98.54,0.0,0.0,-13062.0,-98.54,0.0,0.0,13062.0,98.54,2,0.945,0.946,1828777504.0,1730023519,1730023519,2026-08-24,2026-08-24 13:39:24+08:00
517170,沪港深500ETF华夏,0.995,0.9979,0.29,-0.019,-1.87,2929,291773.0,1.014,1.014,0.995,1.014,1.87,1.82,0.57,-2.49,2669.0,260.0,-43023.0,-14.75,0.0,0.0,-43023.0,-14.75,0.0,0.0,43023.0,14.75,2500,0.991,0.993,16131800.0,16051141,16051141,2026-08-24,2026-08-24 13:39:41+08:00
159057,医疗器械ETF鹏华,0.998,0.9965,-0.15,-0.019,-1.87,14192,1421600.72,1.013,1.013,0.995,1.017,1.77,4.21,0.86,5.07,9755.0,4437.0,-174748.0,-12.29,0.0,0.0,-174748.0,-12.29,95072.0,6.69,79678.0,5.6,200,0.994,0.996,33715334.0,33647903,33647903,2026-08-24,2026-08-24 13:39:54+08:00
159123,光伏ETF嘉实,0.893,0.8941,0.12,-0.017,-1.87,72858,6617131.1,0.911,0.921,0.893,0.91,3.08,1.89,1.91,59.42,30712.0,42146.0,355072.0,5.37,-661480.0,-10.0,1016552.0,15.36,-386431.0,-5.84,31359.0,0.47,9,0.893,0.894,385047024.0,343846992,343846992,2026-08-24,2026-08-24 13:40:00+08:00
517300,沪港深300ETF国寿,0.94,0.9421,0.22,-0.018,-1.88,24617,2323140.0,0.95,0.953,0.939,0.958,1.46,0.24,1.79,5.0,8136.0,16481.0,-649148.0,-27.94,-1339164.0,-57.64,690016.0,29.7,400755.0,17.25,248393.0,10.69,7,0.939,0.94,1005434496.0,945108426,945108426,2026-08-24,2026-08-24 13:39:38+08:00
510390,沪深300ETF平安,5.212,5.2206,0.16,-0.1,-1.88,3182,1670447.0,5.292,5.312,5.212,5.312,1.88,0.23,0.37,5.94,559.0,2623.0,385563.0,23.08,0.0,0.0,385563.0,23.08,-333324.0,-19.95,-52239.0,-3.13,172,5.209,5.216,135650000.0,707007800,707007800,2026-08-24,2026-08-24 13:39:50+08:00
562340,中证500成长ETF银华,1.408,1.4064,-0.11,-0.027,-1.88,2103,298560.0,1.435,1.435,1.408,1.435,1.88,2.58,1.36,-2.07,5.0,2098.0,32664.0,10.94,0.0,0.0,32664.0,10.94,28160.0,9.43,-60824.0,-20.37,-212,1.405,1.406,8144300.0,11467174,11467174,2026-08-24,2026-08-24 13:39:36+08:00
159148,石油ETF富国,0.986,0.9878,0.18,-0.019,-1.89,89519,8872575.3,0.993,1.001,0.985,1.005,1.59,3.72,0.73,54.13,36697.0,52822.0,173742.0,1.96,573375.0,6.46,-399633.0,-4.5,-39463.0,-0.44,-134280.0,-1.51,-1,0.986,0.987,240466601.0,237100069,237100069,2026-08-24,2026-08-24 13:40:00+08:00
159731,石化ETF华夏,0.932,0.9339,0.2,-0.018,-1.89,371760,34896458.6,0.95,0.954,0.931,0.95,2.42,5.11,1.06,35.4,171983.0,199777.0,4032904.0,11.56,5141027.0,14.73,-1108123.0,-3.18,-292401.0,-0.84,-3740502.0,-10.72,-8,0.932,0.933,727375808.0,677914253,677914253,2026-08-24,2026-08-24 13:39:51+08:00
517080,沪港深500ETF汇添富,0.988,0.9909,0.29,-0.019,-1.89,24014,2388554.0,1.008,1.008,0.988,1.007,1.99,1.39,3.02,12.93,7249.0,16765.0,-287424.0,-12.03,645450.0,27.02,-932874.0,-39.06,122929.0,5.15,164495.0,6.89,-235,0.988,0.989,173166000.0,171088008,171088008,2026-08-24,2026-08-24 13:39:41+08:00
516440,工程机械ETF南方,0.932,0.9317,-0.03,-0.018,-1.89,70836,6660810.0,0.948,0.948,0.932,0.95,1.68,4.97,1.27,-23.64,29326.0,41510.0,-116975.0,-1.76,-520159.0,-7.81,403184.0,6.05,102905.0,1.54,14071.0,0.21,-552,0.931,0.932,142626600.0,132927991,132927991,2026-08-24,2026-08-24 13:39:40+08:00
159070,工程机械ETF嘉实,0.927,0.9267,-0.03,-0.018,-1.9,15989,1497402.231,0.943,0.943,0.926,0.945,1.8,1.5,0.53,2.71,3674.0,12315.0,-65316.0,-4.36,42491.0,2.84,-107807.0,-7.2,-28336.0,-1.89,93653.0,6.25,20,0.925,0.926,106366883.0,98602101,98602101,2026-08-24,2026-08-24 13:39:54+08:00
561770,A100ETF博时,1.241,1.2395,-0.12,-0.024,-1.9,5957,746344.0,1.261,1.261,1.241,1.265,1.58,1.59,1.09,4.43,3243.0,2714.0,132435.0,17.74,0.0,0.0,132435.0,17.74,-112107.0,-15.02,-20327.0,-2.72,-1,1.238,1.241,37550000.0,46599550,46599550,2026-08-24,2026-08-24 13:39:35+08:00
589960,科创新能源ETF易方达,0.875,0.8756,0.07,-0.017,-1.91,439056,39374224.0,0.894,0.911,0.874,0.892,4.15,25.78,1.72,12.71,253352.0,185704.0,-1562940.0,-3.97,-2591905.0,-6.58,1028965.0,2.61,1170636.0,2.97,392304.0,1.0,260,0.875,0.877,170316000.0,149026500,149026500,2026-08-24,2026-08-24 13:39:29+08:00
159631,A100ETF招商,1.235,1.2358,0.06,-0.024,-1.91,13726,1714594.9,1.257,1.258,1.235,1.259,1.83,3.49,1.01,7.27,2955.0,10771.0,-144952.0,-8.45,0.0,0.0,-144952.0,-8.45,79254.0,4.62,65698.0,3.83,-3,1.234,1.235,39332605.0,48575767,48575767,2026-08-24,2026-08-24 13:39:54+08:00
561570,油气ETF华泰柏瑞,1.383,1.3853,0.17,-0.027,-1.91,124308,17337471.0,1.405,1.411,1.383,1.41,1.99,16.77,1.08,27.62,58983.0,65325.0,1436523.0,8.29,701613.0,4.05,734910.0,4.24,-684827.0,-3.95,-751696.0,-4.34,-1,1.384,1.385,74147000.0,102545301,102545301,2026-08-24,2026-08-24 13:39:37+08:00
159312,恒指港股通ETF广发,1.184,1.1871,0.26,-0.023,-1.91,12130,1440296.7,1.206,1.206,1.183,1.207,1.91,3.76,1.26,6.79,5197.0,6933.0,-270893.0,-18.81,0.0,0.0,-270893.0,-18.81,316494.0,21.97,-45599.0,-3.17,-1,1.184,1.186,32224353.0,38153634,38153634,2026-08-24,2026-08-24 13:39:54+08:00
159305,储能电池ETF广发,0.821,0.8211,0.01,-0.016,-1.91,279832,23394423.7,0.837,0.847,0.819,0.837,3.35,2.34,0.92,16.1,110266.0,169566.0,93672.0,0.4,1044329.0,4.46,-950657.0,-4.06,-168764.0,-0.72,75093.0,0.32,5,0.82,0.821,1196640304.0,982441690,982441690,2026-08-24,2026-08-24 13:40:00+08:00
159161,工程机械ETF东财,0.925,0.925,0.0,-0.018,-1.91,2395,223092.1,0.944,0.951,0.925,0.943,2.76,0.35,0.54,-57.9,940.0,1455.0,-22206.0,-9.95,0.0,0.0,-22206.0,-9.95,-32985.0,-14.79,55192.0,24.74,-77,0.924,0.925,68331260.0,63206416,63206416,2026-08-24,2026-08-24 13:39:51+08:00
159230,通用航空ETF华夏,0.92,0.9204,0.04,-0.018,-1.92,101631,9424374.1,0.938,0.939,0.919,0.938,2.13,3.26,1.04,3.62,51221.0,50410.0,-189906.0,-2.02,-13195.0,-0.14,-176711.0,-1.88,452347.0,4.8,-262440.0,-2.78,-9,0.92,0.921,311304224.0,286399886,286399886,2026-08-24,2026-08-24 13:39:51+08:00
159863,光伏ETF鹏华,0.561,0.5606,-0.07,-0.011,-1.92,34691,1966512.9,0.569,0.577,0.56,0.572,2.97,1.19,0.86,69.35,15429.0,19262.0,-313704.0,-15.95,283044.0,14.39,-596748.0,-30.35,65368.0,3.32,248336.0,12.63,168,0.56,0.561,292729360.0,164221171,164221171,2026-08-24,2026-08-24 13:39:51+08:00
159267,航天ETF华安,0.816,0.8156,-0.05,-0.016,-1.92,789618,65070599.5,0.83,0.833,0.815,0.832,2.16,2.9,0.87,34.37,259361.0,530257.0,-553470.0,-0.85,7104196.0,10.92,-7657666.0,-11.77,-154716.0,-0.24,708186.0,1.09,-1029,0.816,0.817,2718506128.0,2218301000,2218301000,2026-08-24,2026-08-24 13:40:00+08:00
159069,创业板新能源ETF华泰柏瑞,1.017,1.0179,0.09,-0.02,-1.93,82086,8506270.0,1.031,1.043,1.017,1.037,2.51,18.33,1.05,-8.73,34162.0,47924.0,215920.0,2.54,1695262.0,19.93,-1479342.0,-17.39,-219593.0,-2.58,3672.0,0.04,-26,1.017,1.019,44770440.0,45531537,45531537,2026-08-24,2026-08-24 13:40:03+08:00
561030,工程机械ETF华泰柏瑞,0.866,0.8659,-0.01,-0.017,-1.93,77820,6798594.0,0.886,0.886,0.866,0.883,2.27,4.22,3.56,5.62,31262.0,46558.0,21364.0,0.31,-1180015.0,-17.36,1201379.0,17.67,-121241.0,-1.78,99878.0,1.47,-100,0.865,0.867,184550000.0,159820300,159820300,2026-08-24,2026-08-24 13:39:36+08:00
516880,光伏ETF银华,0.711,0.7115,0.07,-0.014,-1.93,138514,10002640.0,0.726,0.733,0.71,0.725,3.17,1.51,1.1,-12.24,70649.0,67865.0,432885.0,4.33,654300.0,6.54,-221415.0,-2.21,-641686.0,-6.42,208801.0,2.09,-5,0.711,0.712,915944096.0,651236252,651236252,2026-08-24,2026-08-24 13:39:42+08:00
563650,中证A500ETF兴业,1.265,1.2635,-0.12,-0.025,-1.94,68057,8697769.0,1.29,1.291,1.265,1.29,2.02,4.83,0.98,-0.57,33012.0,35045.0,875517.0,10.07,822642.0,9.46,52875.0,0.61,-859566.0,-9.88,-15951.0,-0.18,-21,1.263,1.264,140909000.0,178249885,178249885,2026-08-24,2026-08-24 13:39:34+08:00
159271,恒生ETF鹏华,0.96,0.9635,0.36,-0.019,-1.94,49188,4740634.9,0.974,0.98,0.96,0.979,2.04,1.88,1.12,29.12,7040.0,42148.0,1128474.0,23.8,2331708.0,49.19,-1203234.0,-25.38,-306719.0,-6.47,-821755.0,-17.33,-91,0.96,0.961,261386731.0,250931262,250931262,2026-08-24,2026-08-24 13:39:54+08:00
516150,稀土ETF嘉实,1.718,1.7179,-0.01,-0.034,-1.94,597515,104469748.0,1.754,1.776,1.715,1.752,3.48,1.56,0.89,42.44,305146.0,292369.0,3571255.0,3.42,-9494864.0,-9.09,13066119.0,12.51,-1818682.0,-1.74,-1752574.0,-1.68,30,1.717,1.718,3831077008.0,6581790300,6581790300,2026-08-24,2026-08-24 13:39:45+08:00
513660,恒生ETF华夏,1.505,1.5072,0.15,-0.03,-1.95,207384,31281279.0,1.525,1.525,1.503,1.535,1.43,1.14,0.67,-1.85,93819.0,113565.0,1482087.0,4.74,-3283895.0,-10.5,4765982.0,15.24,-2134853.0,-6.82,652766.0,2.09,-8,1.505,1.506,1814000208.0,2730070313,2730070313,2026-08-24,2026-08-24 13:39:43+08:00
560310,光伏ETF博时,0.756,0.7549,-0.15,-0.015,-1.95,32112,2442337.0,0.771,0.775,0.755,0.771,2.59,1.74,1.74,4.67,14900.0,17212.0,-143149.0,-5.86,-2056.0,-0.08,-141093.0,-5.78,101309.0,4.15,41841.0,1.71,1000,0.754,0.755,184122000.0,139196232,139196232,2026-08-24,2026-08-24 13:39:37+08:00
159855,影视ETF银华,0.703,0.7028,-0.03,-0.014,-1.95,70960,5027133.1,0.716,0.717,0.702,0.717,2.09,3.89,0.82,25.42,21893.0,49067.0,-437826.0,-8.71,263456.0,5.24,-701282.0,-13.95,-252669.0,-5.03,690495.0,13.74,2,0.702,0.703,182425236.0,128244941,128244941,2026-08-24,2026-08-24 13:39:51+08:00
159661,A100ETF嘉实,1.411,1.4106,-0.03,-0.028,-1.95,38078,5425684.3,1.438,1.438,1.411,1.439,1.88,14.0,1.24,-8.09,17823.0,20255.0,-35516.0,-0.65,0.0,0.0,-35516.0,-0.65,116319.0,2.14,-80804.0,-1.49,-33,1.409,1.41,27208213.0,38390789,38390789,2026-08-24,2026-08-24 13:39:54+08:00
517100,沪港深500ETF富国,1.005,1.0102,0.51,-0.02,-1.95,4149,419668.0,1.015,1.015,1.004,1.025,1.07,0.28,0.82,-3.91,2035.0,2114.0,-6018.0,-1.43,0.0,0.0,-6018.0,-1.43,-1215.0,-0.29,7233.0,1.72,2,1.004,1.005,148102100.0,148842611,148842611,2026-08-24,2026-08-24 13:39:35+08:00
159210,港股通汽车ETF汇添富,0.851,0.851,0.0,-0.017,-1.96,175150,15021771.2,0.869,0.87,0.851,0.868,2.19,50.69,1.28,-12.55,78134.0,97016.0,-698153.0,-4.65,0.0,0.0,-698153.0,-4.65,629544.0,4.19,68609.0,0.46,-72,0.851,0.852,34549802.0,29401882,29401882,2026-08-24,2026-08-24 13:39:54+08:00
561300,沪深300增强ETF国泰,1.049,1.0496,0.06,-0.021,-1.96,170505,18059814.0,1.069,1.07,1.049,1.07,1.96,3.67,0.72,8.98,56449.0,114056.0,136550.0,0.76,-1892851.0,-10.48,2029401.0,11.24,597870.0,3.31,-734420.0,-4.07,186,1.048,1.051,463965008.0,486699293,486699293,2026-08-24,2026-08-24 13:39:35+08:00
560380,A100ETF南方,1.251,1.2527,0.14,-0.025,-1.96,38350,4860312.0,1.27,1.274,1.251,1.276,1.8,2.72,0.67,-0.65,12285.0,26065.0,187567.0,3.86,-1103996.0,-22.71,1291563.0,26.57,-76775.0,-1.58,-110791.0,-2.28,-44,1.25,1.252,140861000.0,176217111,176217111,2026-08-24,2026-08-24 13:39:36+08:00
520950,港股通50ETF摩根,0.845,0.8444,-0.07,-0.017,-1.97,134921,11423727.0,0.86,0.86,0.842,0.862,2.09,4.15,0.75,-3.46,59501.0,75420.0,625517.0,5.48,-379340.0,-3.32,1004857.0,8.8,-854085.0,-7.48,228568.0,2.0,10,0.843,0.844,325421008.0,274980752,274980752,2026-08-24,2026-08-24 13:39:29+08:00
159052,新能源电池ETF嘉实,0.846,0.8475,0.18,-0.017,-1.97,31669,2715466.9,0.863,0.874,0.846,0.863,3.24,1.62,1.05,20.47,12383.0,19286.0,-33630.0,-1.24,-349118.0,-12.86,315488.0,11.62,-78296.0,-2.88,111926.0,4.12,-9,0.846,0.848,194926092.0,164907474,164907474,2026-08-24,2026-08-24 13:39:57+08:00
159864,光伏ETF国泰,0.546,0.546,0.0,-0.011,-1.97,188330,10427570.6,0.557,0.563,0.546,0.557,3.05,2.99,1.44,30.63,46950.0,141380.0,238531.0,2.29,816932.0,7.85,-578401.0,-5.56,-336189.0,-3.23,97659.0,0.94,500,0.545,0.547,629526832.0,343721650,343721650,2026-08-24,2026-08-24 13:39:51+08:00
563090,上证50增强ETF易方达,1.396,1.3963,0.02,-0.028,-1.97,43718,6159181.0,1.423,1.423,1.396,1.424,1.9,7.69,1.77,0.35,18898.0,24820.0,-858588.0,-13.94,-534961.0,-8.69,-323627.0,-5.25,443829.0,7.21,414760.0,6.73,-6,1.395,1.397,56848000.0,79359808,79359808,2026-08-24,2026-08-24 13:39:32+08:00
562000,A100ETF华宝,0.597,0.5976,0.1,-0.012,-1.97,62124,3737794.0,0.607,0.608,0.597,0.609,1.81,1.04,1.1,15.01,24804.0,37320.0,110593.0,2.96,-219473.0,-5.87,330066.0,8.83,-190069.0,-5.09,79476.0,2.13,167,0.596,0.597,596737904.0,356252529,356252529,2026-08-24,2026-08-24 13:39:37+08:00
159379,A500ETF融通,1.34,1.3375,-0.19,-0.027,-1.98,15000,2025767.2,1.362,1.362,1.34,1.367,1.61,0.94,0.75,13.52,4431.0,10569.0,-588770.0,-29.06,0.0,0.0,-588770.0,-29.06,514840.0,25.41,73930.0,3.65,-10,1.334,1.336,158821471.0,212820771,212820771,2026-08-24,2026-08-24 13:39:54+08:00
513600,恒生指数ETF南方,2.773,2.7758,0.1,-0.056,-1.98,356645,99056040.0,2.806,2.806,2.768,2.829,1.34,5.85,1.41,4.94,153375.0,203270.0,7716175.0,7.79,4212525.0,4.25,3503650.0,3.54,-10746192.0,-10.85,3030017.0,3.06,-5,2.773,2.774,609829504.0,1691057215,1691057215,2026-08-24,2026-08-24 13:39:44+08:00
560980,光伏龙头ETF广发,0.645,0.6459,0.14,-0.013,-1.98,199667,13092536.0,0.663,0.663,0.645,0.658,2.74,5.97,1.0,-3.04,81236.0,118431.0,-611762.0,-4.67,1260521.0,9.63,-1872283.0,-14.3,359273.0,2.74,252490.0,1.93,94,0.645,0.646,334522000.0,215766690,215766690,2026-08-24,2026-08-24 13:39:39+08:00
159241,航空航天ETF天弘,0.99,0.9892,-0.08,-0.02,-1.98,573907,57367222.7,1.005,1.01,0.989,1.01,2.08,4.15,0.91,46.87,234527.0,339380.0,-2958171.0,-5.16,794421.0,1.38,-3752592.0,-6.54,769001.0,1.34,2189171.0,3.82,1,0.989,0.99,1383074272.0,1369243529,1369243529,2026-08-24,2026-08-24 13:40:00+08:00
512370,A500增强ETF华夏,1.184,1.1881,0.35,-0.024,-1.99,10109,1206730.0,1.208,1.208,1.183,1.208,2.07,0.33,0.39,-19.77,1916.0,8193.0,151670.0,12.57,1543.0,0.13,150127.0,12.44,-79400.0,-6.58,-72269.0,-5.99,-13,1.184,1.185,302313008.0,357938601,357938601,2026-08-24,2026-08-24 13:39:48+08:00
512200,房地产ETF南方,1.184,1.1833,-0.06,-0.024,-1.99,530825,63367991.0,1.204,1.214,1.181,1.208,2.73,1.87,0.86,44.7,190857.0,339968.0,8254607.0,13.03,1317345.0,2.08,6937262.0,10.95,-1969231.0,-3.11,-6285376.0,-9.92,23,1.182,1.184,2834847904.0,3356459918,3356459918,2026-08-24,2026-08-24 13:39:47+08:00
159711,港股通50ETF华夏,1.332,1.3311,-0.07,-0.027,-1.99,689410,91902234.9,1.346,1.348,1.329,1.359,1.4,226.29,2.76,-2.92,337067.0,352343.0,6796447.0,7.4,0.0,0.0,6796447.0,7.4,-6198715.0,-6.74,-597732.0,-0.65,-24,1.332,1.333,30465157.0,40579589,40579589,2026-08-24,2026-08-24 13:39:51+08:00
512080,A500ETF中金,1.28,1.282,0.16,-0.026,-1.99,481118,62365796.0,1.307,1.307,1.28,1.306,2.07,6.15,2.0,-0.1,232761.0,248357.0,32297.0,0.05,-7339631.0,-11.77,7371928.0,11.82,-51771.0,-0.08,19474.0,0.03,-110,1.278,1.28,782186096.0,1001198203,1001198203,2026-08-24,2026-08-24 13:39:46+08:00
563600,A500增强ETF易方达,1.03,1.0277,-0.22,-0.021,-2.0,7475,779102.0,1.051,1.052,1.03,1.051,2.09,1.08,0.27,0.51,926.0,6549.0,-37006.0,-4.75,0.0,0.0,-37006.0,-4.75,-75064.0,-9.63,112071.0,14.38,100,1.028,1.03,69483000.0,71567490,71567490,2026-08-24,2026-08-24 13:39:17+08:00
512020,A500ETF鹏华,1.274,1.2732,-0.06,-0.026,-2.0,868242,111630135.0,1.305,1.305,1.272,1.3,2.54,7.6,1.78,-23.96,472673.0,395569.0,-640249.0,-0.57,1179953.0,1.06,-1820202.0,-1.63,-365062.0,-0.33,1005311.0,0.9,160,1.272,1.273,1142012704.0,1454924185,1454924185,2026-08-24,2026-08-24 13:39:49+08:00
159082,化工ETF华夏,0.979,0.9794,0.04,-0.02,-2.0,44358,4412192.229,1.0,1.007,0.979,0.999,2.8,3.23,0.11,1.51,24563.0,19794.0,447487.0,10.14,306790.0,6.95,140697.0,3.19,-576527.0,-13.07,129041.0,2.92,50,0.979,0.98,137531212.0,134643057,134643057,2026-08-24,2026-08-24 13:39:45+08:00
159686,A100ETF易方达,1.273,1.2751,0.16,-0.026,-2.0,70228,9030715.9,1.297,1.299,1.273,1.299,2.0,8.8,0.94,-5.04,30275.0,39953.0,-152722.0,-1.69,0.0,0.0,-152722.0,-1.69,33250.0,0.37,119472.0,1.32,3,1.272,1.273,79815386.0,101604986,101604986,2026-08-24,2026-08-24 13:39:54+08:00
513550,港股通50ETF华泰柏瑞,1.125,1.1255,0.04,-0.023,-2.0,392927,44324942.0,1.153,1.153,1.123,1.148,2.61,2.33,1.05,-8.34,178126.0,214801.0,-523957.0,-1.18,-9552906.0,-21.55,9028949.0,20.37,640797.0,1.45,-116841.0,-0.26,-50,1.125,1.126,1686992000.0,1897866000,1897866000,2026-08-24,2026-08-24 13:39:45+08:00
159071,新能源电池ETF华宝,0.835,0.8351,0.01,-0.017,-2.0,34483,2921817.4,0.852,0.86,0.833,0.852,3.17,2.88,0.48,8.99,16886.0,17597.0,32471.0,1.11,0.0,0.0,32471.0,1.11,-61373.0,-2.1,28903.0,0.99,8,0.834,0.835,119911738.0,100126301,100126301,2026-08-24,2026-08-24 13:40:00+08:00
563360,A500ETF华泰柏瑞,1.265,1.2675,0.2,-0.026,-2.01,25553452,3259042838.0,1.294,1.294,1.263,1.291,2.4,8.1,1.11,20.86,12277452.0,13276000.0,-175487728.0,-5.39,-173124096.0,-5.31,-2363632.0,-0.07,143213872.0,4.4,32273844.0,0.99,-6308,1.264,1.265,31537987328.0,39895553970,39895553970,2026-08-24,2026-08-24 13:39:33+08:00
159177,工程机械ETF鹏华,0.925,0.9248,-0.02,-0.019,-2.01,11520,1075873.9,0.941,0.942,0.925,0.944,1.8,2.42,0.21,10.6,1982.0,9538.0,54295.0,5.05,0.0,0.0,54295.0,5.05,-64798.0,-6.02,10504.0,0.98,100,0.924,0.925,47619279.0,44047833,44047833,2026-08-24,2026-08-24 13:39:54+08:00
159609,光伏ETF浦银,0.487,0.4876,0.12,-0.01,-2.01,131193,6476884.0,0.497,0.502,0.486,0.497,3.22,4.32,1.61,62.53,40364.0,90829.0,-5616.0,-0.09,-290120.0,-4.48,284504.0,4.39,-128857.0,-1.99,134473.0,2.08,1,0.487,0.488,303903408.0,148000960,148000960,2026-08-24,2026-08-24 13:39:54+08:00
158009,航空航天ETF南方,0.973,0.9733,0.03,-0.02,-2.01,20738,2035523.764,0.991,0.992,0.973,0.993,1.91,4.47,0.34,13.33,4874.0,15864.0,-503433.0,-24.73,0.0,0.0,-503433.0,-24.73,158165.0,7.77,345268.0,16.96,-1,0.973,0.974,46373819.0,45121726,45121726,2026-08-24,2026-08-24 13:39:57+08:00
517030,沪港深300ETF易方达,1.122,1.1274,0.48,-0.023,-2.01,4496,508812.0,1.149,1.149,1.122,1.145,2.36,0.53,1.16,-0.62,117.0,4379.0,-36323.0,-7.14,0.0,0.0,-36323.0,-7.14,34366.0,6.75,1956.0,0.38,-8,1.12,1.122,84040300.0,94293217,94293217,2026-08-24,2026-08-24 13:39:39+08:00
159566,储能电池ETF易方达,1.84,1.8394,-0.03,-0.038,-2.02,1268383,237076733.3,1.874,1.899,1.836,1.878,3.35,4.63,1.08,34.76,666974.0,601409.0,22661330.0,9.56,-1611737.0,-0.68,24273067.0,10.24,-5120755.0,-2.16,-17540576.0,-7.4,3,1.839,1.84,2737739776.0,5037441188,5037441188,2026-08-24,2026-08-24 13:39:57+08:00
159542,工程机械ETF大成,1.308,1.3064,-0.12,-0.027,-2.02,47496,6262050.0,1.331,1.335,1.308,1.335,2.02,30.46,2.67,-2.93,24322.0,23174.0,667276.0,10.66,-1658450.0,-26.48,2325726.0,37.14,-767029.0,-12.25,99754.0,1.59,15,1.305,1.308,15592850.0,20395448,20395448,2026-08-24,2026-08-24 13:39:54+08:00
513210,恒生ETF易方达,1.505,1.5113,0.42,-0.031,-2.02,25663,3875450.0,1.544,1.544,1.504,1.536,2.6,5.84,1.0,3.61,9966.0,15697.0,-1069049.0,-27.59,0.0,0.0,-1069049.0,-27.59,923403.0,23.83,145646.0,3.76,-5,1.506,1.508,43942000.0,66132710,66132710,2026-08-24,2026-08-24 13:39:47+08:00
159323,港股通汽车ETF华夏,1.069,1.068,-0.09,-0.022,-2.02,1360429,146188603.72,1.089,1.092,1.067,1.091,2.29,140.11,1.09,22.59,631779.0,728650.0,527349.0,0.36,2046519.0,1.4,-1519170.0,-1.04,-688043.0,-0.47,160693.0,0.11,14494,1.069,1.07,97097378.0,103797097,103797097,2026-08-24,2026-08-24 13:39:57+08:00
560590,中证1000增强ETF鹏华,1.407,1.4056,-0.1,-0.029,-2.02,7501,1063368.0,1.427,1.432,1.406,1.436,1.81,2.61,0.69,-2.41,364.0,7137.0,166495.0,15.66,0.0,0.0,166495.0,15.66,-108089.0,-10.16,-58405.0,-5.49,-100,1.407,1.408,28710000.0,40394970,40394970,2026-08-24,2026-08-24 13:39:35+08:00
560750,A500ETF申万菱信,1.312,1.3132,0.09,-0.027,-2.02,43699,5788155.0,1.336,1.336,1.312,1.339,1.79,5.56,0.9,0.86,11423.0,32276.0,797461.0,13.78,0.0,0.0,797461.0,13.78,-605478.0,-10.46,-191983.0,-3.32,300,1.309,1.312,78554800.0,103063898,103063898,2026-08-24,2026-08-24 13:39:36+08:00
159318,恒指港股通ETF银华,1.312,1.3147,0.21,-0.027,-2.02,3991,523857.1,1.318,1.337,1.311,1.339,1.94,2.73,1.08,33.36,1826.0,2165.0,-166523.0,-31.79,0.0,0.0,-166523.0,-31.79,168264.0,32.12,-1741.0,-0.33,-42,1.311,1.313,14601647.0,19157361,19157361,2026-08-24,2026-08-24 13:39:57+08:00
159077,电池ETF鑫元,0.965,0.9664,0.14,-0.02,-2.03,10590,1032148.801,0.985,0.994,0.965,0.985,2.94,2.57,0.33,-13.51,1208.0,9382.0,184086.0,17.84,0.0,0.0,184086.0,17.84,-223996.0,-21.7,39910.0,3.87,-1505,0.965,0.967,41242574.0,39799084,39799084,2026-08-24,2026-08-24 13:40:03+08:00
159255,通用航空ETF易方达,0.822,0.8214,-0.07,-0.017,-2.03,6876,569718.1,0.838,0.838,0.822,0.839,1.91,0.99,0.31,46.67,1743.0,5133.0,-165920.0,-29.12,-60.0,-0.01,-165860.0,-29.11,82665.0,14.51,83256.0,14.61,-331,0.821,0.822,69338868.0,56996549,56996549,2026-08-24,2026-08-24 13:39:51+08:00
159056,医疗器械ETF富国,1.009,1.01,0.1,-0.021,-2.04,18779,1901485.909,1.03,1.03,1.008,1.03,2.14,2.54,0.26,-5.44,5842.0,12937.0,-328583.0,-17.28,0.0,0.0,-328583.0,-17.28,295973.0,15.57,32610.0,1.71,-1007,1.008,1.009,73934358.0,74599767,74599767,2026-08-24,2026-08-24 13:40:03+08:00
159623,成渝经济圈ETF博时,0.961,0.9618,0.08,-0.02,-2.04,37597,3640391.8,0.98,0.983,0.96,0.981,2.34,0.12,0.67,25.2,8458.0,29139.0,216311.0,5.94,323424.0,8.88,-107113.0,-2.94,-103143.0,-2.83,-113166.0,-3.11,-1500,0.96,0.961,3091271696.0,2970712100,2970712100,2026-08-24,2026-08-24 13:39:54+08:00
159227,航空航天ETF华夏,0.962,0.9619,-0.01,-0.02,-2.04,1173149,114022136.4,0.975,0.982,0.961,0.982,2.14,2.4,0.77,20.04,417828.0,755321.0,479721.0,0.42,6390339.0,5.61,-5910618.0,-5.19,-5125122.0,-4.5,4645402.0,4.08,-332,0.962,0.963,4886911232.0,4701208605,4701208605,2026-08-24,2026-08-24 13:40:00+08:00
515810,中证800ETF易方达,1.683,1.6881,0.3,-0.035,-2.04,51856,8821059.0,1.715,1.718,1.683,1.718,2.04,1.92,0.9,16.94,19137.0,32719.0,1129665.0,12.81,-981855.0,-11.13,2111520.0,23.94,861644.0,9.77,-1991308.0,-22.57,10,1.682,1.684,269908800.0,454256510,454256510,2026-08-24,2026-08-24 13:39:42+08:00
560920,工程机械ETF招商,0.96,0.9582,-0.19,-0.02,-2.04,5588,539498.0,0.975,0.975,0.96,0.98,1.53,1.23,0.34,2.12,2623.0,2965.0,-84436.0,-15.65,5911.0,1.1,-90347.0,-16.75,96620.0,17.91,-12185.0,-2.26,-50,0.956,0.959,45373300.0,43558368,43558368,2026-08-24,2026-08-24 13:39:27+08:00
159358,中证A500ETF大成,1.296,1.2967,0.05,-0.027,-2.04,822091,107687384.1,1.323,1.324,1.294,1.323,2.27,9.46,1.59,-3.46,348975.0,473116.0,2429733.0,2.26,-3865401.0,-3.59,6295134.0,5.85,-2295892.0,-2.13,-133842.0,-0.12,4,1.295,1.296,869106416.0,1126361915,1126361915,2026-08-24,2026-08-24 13:40:00+08:00
159380,A500ETF东财,1.338,1.3346,-0.25,-0.028,-2.05,70320,9490760.6,1.365,1.367,1.337,1.366,2.2,4.63,1.36,8.71,21003.0,49317.0,-2209193.0,-23.28,-1386060.0,-14.61,-823133.0,-8.68,834137.0,8.79,1375056.0,14.49,20,1.337,1.338,151804337.0,203114203,203114203,2026-08-24,2026-08-24 13:39:54+08:00
159351,A500ETF嘉实,1.197,1.1977,0.06,-0.025,-2.05,2825174,341487366.9,1.224,1.224,1.196,1.222,2.29,3.93,1.02,-6.21,1398122.0,1427052.0,-9487234.0,-2.78,-2011364.0,-0.59,-7475870.0,-2.19,6324314.0,1.85,3162920.0,0.93,1,1.196,1.197,7187123456.0,8602986777,8602986777,2026-08-24,2026-08-24 13:40:00+08:00
159857,光伏ETF天弘,0.715,0.7146,-0.06,-0.015,-2.05,571609,41469638.6,0.729,0.737,0.714,0.73,3.15,2.58,0.96,26.04,235490.0,336119.0,-3052731.0,-7.36,560451.0,1.35,-3613182.0,-8.71,1340931.0,3.23,1711799.0,4.13,100,0.714,0.715,2214515728.0,1583378746,1583378746,2026-08-24,2026-08-24 13:39:51+08:00
159707,地产ETF华宝,0.477,0.478,0.21,-0.01,-2.05,771955,37132016.9,0.485,0.488,0.477,0.487,2.26,6.69,0.72,36.28,334089.0,437866.0,1942653.0,5.23,4541238.0,12.23,-2598585.0,-7.0,-1296479.0,-3.49,-646174.0,-1.74,-118,0.477,0.478,1153548208.0,550242495,550242495,2026-08-24,2026-08-24 13:39:51+08:00
159238,沪深300增强ETF景顺,1.285,1.2811,-0.3,-0.027,-2.06,48797,6307167.4,1.31,1.31,1.284,1.312,1.98,9.03,1.5,30.12,17942.0,30855.0,-755378.0,-11.98,-1287326.0,-20.41,531948.0,8.43,64054.0,1.02,691323.0,10.96,12,1.284,1.285,54016186.0,69410799,69410799,2026-08-24,2026-08-24 13:40:00+08:00
159889,智能汽车ETF国泰,0.857,0.8549,-0.25,-0.018,-2.06,22245,1944651.7,0.88,0.882,0.857,0.875,2.86,7.83,2.77,-20.0,16739.0,5506.0,-81782.0,-4.21,536379.0,27.58,-618161.0,-31.79,15146.0,0.78,66636.0,3.43,-1,0.856,0.857,28400796.0,24339482,24339482,2026-08-24,2026-08-24 13:39:51+08:00
159517,中证800增强ETF银华,1.332,1.3322,0.02,-0.028,-2.06,29232,3942501.8,1.36,1.36,1.332,1.36,2.06,33.44,1.11,17.4,13690.0,15542.0,-364732.0,-9.25,0.0,0.0,-364732.0,-9.25,386989.0,9.82,-22257.0,-0.56,2,1.332,1.333,8742624.0,11645175,11645175,2026-08-24,2026-08-24 13:39:54+08:00
563870,通用航空ETF鹏华,0.617,0.6164,-0.1,-0.013,-2.06,14144,879195.0,0.634,0.634,0.617,0.63,2.7,1.29,0.96,5.87,5065.0,9079.0,-473519.0,-53.86,0.0,0.0,-473519.0,-53.86,367313.0,41.78,106207.0,12.08,6,0.617,0.618,109303900.0,67440506,67440506,2026-08-24,2026-08-24 13:39:34+08:00
159886,机械ETF富国,0.903,0.9063,0.36,-0.019,-2.06,23656,2158877.2,0.925,0.926,0.903,0.922,2.49,3.49,0.94,0.05,8884.0,14772.0,-96684.0,-4.48,-7627.0,-0.35,-89057.0,-4.13,9109.0,0.42,87575.0,4.06,-5,0.903,0.904,67842555.0,61261827,61261827,2026-08-24,2026-08-24 13:39:51+08:00
561810,医疗器械ETF华泰柏瑞,0.992,0.9912,-0.08,-0.021,-2.07,41716,4153253.0,1.01,1.01,0.992,1.013,1.78,6.08,0.77,24.49,5639.0,36077.0,-959107.0,-23.09,620028.0,14.93,-1579135.0,-38.02,639113.0,15.39,319993.0,7.7,-1202,0.991,0.993,68638400.0,68089293,68089293,2026-08-24,2026-08-24 13:39:31+08:00
515060,房地产ETF华夏,0.569,0.5693,0.05,-0.012,-2.07,413080,23764743.0,0.581,0.584,0.568,0.581,2.75,4.36,0.89,-0.94,161250.0,251830.0,551082.0,2.34,2965271.0,12.6,-2414189.0,-10.26,-105505.0,-0.45,-445578.0,-1.89,-4000,0.569,0.57,946478096.0,538546037,538546037,2026-08-24,2026-08-24 13:39:43+08:00
530380,上证380ETF易方达,1.09,1.0933,0.3,-0.023,-2.07,10223,1128573.0,1.113,1.114,1.09,1.113,2.16,0.74,0.66,1.24,3116.0,7107.0,220742.0,19.56,0.0,0.0,220742.0,19.56,-258675.0,-22.92,37932.0,3.36,-609,1.089,1.091,138705000.0,151188450,151188450,2026-08-24,2026-08-24 13:39:38+08:00
561360,石油ETF国泰,1.466,1.4678,0.12,-0.031,-2.07,275019,40600881.0,1.49,1.493,1.465,1.497,1.87,2.08,0.77,35.12,104061.0,170958.0,1990740.0,4.9,1285574.0,3.17,705166.0,1.74,-971671.0,-2.39,-1019068.0,-2.51,-101,1.466,1.467,1321148000.0,1936802968,1936802968,2026-08-24,2026-08-24 13:39:34+08:00
159618,光伏ETF华安,0.658,0.6573,-0.11,-0.014,-2.08,14411,959774.6,0.672,0.677,0.658,0.672,2.83,1.94,0.97,68.86,3738.0,10673.0,-65627.0,-6.84,0.0,0.0,-65627.0,-6.84,-5033.0,-0.52,70660.0,7.36,-1800,0.657,0.658,74131407.0,48778466,48778466,2026-08-24,2026-08-24 13:39:54+08:00
520600,港股通汽车ETF广发,1.036,1.0379,0.18,-0.022,-2.08,758283,79111940.0,1.058,1.058,1.035,1.058,2.17,30.47,0.86,-10.97,340582.0,417701.0,-22524.0,-0.03,-2395164.0,-3.03,2372640.0,3.0,-915937.0,-1.16,938461.0,1.19,-2640,1.036,1.037,248868000.0,257827248,257827248,2026-08-24,2026-08-24 13:39:34+08:00
159240,A500增强ETF天弘,1.271,1.2703,-0.06,-0.027,-2.08,4673,596386.5,1.289,1.289,1.271,1.298,1.39,2.27,0.45,2.12,1223.0,3450.0,-112532.0,-18.87,0.0,0.0,-112532.0,-18.87,74663.0,12.52,37870.0,6.35,810,1.27,1.271,20619776.0,26207735,26207735,2026-08-24,2026-08-24 13:39:54+08:00
561130,国货ETF富国,1.037,1.0374,0.04,-0.022,-2.08,100926,10538933.0,1.054,1.054,1.037,1.059,1.61,12.02,1.32,3.74,35832.0,65094.0,222602.0,2.11,0.0,0.0,222602.0,2.11,-258244.0,-2.45,35642.0,0.34,1043,1.036,1.037,83935200.0,87040802,87040802,2026-08-24,2026-08-24 13:39:38+08:00
516290,光伏ETF汇添富,0.518,0.5181,0.02,-0.011,-2.08,156538,8237697.0,0.525,0.534,0.517,0.529,3.21,2.13,0.99,21.67,70690.0,85848.0,-141120.0,-1.71,57970.0,0.7,-199090.0,-2.42,-76735.0,-0.93,217855.0,2.64,18,0.517,0.518,735196896.0,380831992,380831992,2026-08-24,2026-08-24 13:39:44+08:00
159193,新能源电池ETF银华,0.796,0.7964,0.05,-0.017,-2.09,54326,4391331.3,0.815,0.821,0.796,0.813,3.08,2.44,0.83,16.85,21188.0,33138.0,96802.0,2.2,87923.0,2.0,8879.0,0.2,-198330.0,-4.52,101528.0,2.31,-2,0.797,0.798,223080335.0,177571947,177571947,2026-08-24,2026-08-24 13:40:00+08:00
159353,中证A500ETF景顺,1.217,1.217,0.0,-0.026,-2.09,1730570,212998381.782,1.243,1.245,1.216,1.243,2.33,4.02,1.59,-12.4,832670.0,897900.0,-2832508.0,-1.33,-5226121.0,-2.45,2393613.0,1.12,422308.0,0.2,2410200.0,1.13,28,1.216,1.217,4310161920.0,5245467057,5245467057,2026-08-24,2026-08-24 13:39:57+08:00
159728,在线消费ETF南方,0.751,0.75,-0.13,-0.016,-2.09,76036,5765446.2,0.765,0.768,0.75,0.767,2.35,16.04,1.64,41.66,34646.0,41390.0,-738214.0,-12.8,756000.0,13.11,-1494214.0,-25.92,672554.0,11.67,65659.0,1.14,34,0.75,0.751,47410129.0,35605007,35605007,2026-08-24,2026-08-24 13:39:51+08:00
516560,养老ETF华宝,0.749,0.7501,0.15,-0.016,-2.09,31608,2384589.0,0.763,0.763,0.748,0.765,1.96,1.53,1.32,-11.85,7814.0,23794.0,-244703.0,-10.26,-280520.0,-11.76,35817.0,1.5,-213263.0,-8.94,457966.0,19.21,6,0.748,0.749,206758000.0,154861742,154861742,2026-08-24,2026-08-24 13:39:42+08:00
562970,光伏ETF易方达,0.977,0.9773,0.03,-0.021,-2.1,114824,11395509.0,1.001,1.007,0.977,0.998,3.01,3.18,1.09,4.27,63451.0,51373.0,-776467.0,-6.81,-1489.0,-0.01,-774978.0,-6.8,519376.0,4.56,257093.0,2.26,195,0.977,0.978,361448000.0,353134696,353134696,2026-08-24,2026-08-24 13:39:34+08:00
561500,漂亮50ETF华泰柏瑞,0.791,0.7902,-0.1,-0.017,-2.1,20982,1672975.0,0.808,0.808,0.791,0.808,2.1,3.84,3.77,-0.85,7607.0,13375.0,101241.0,6.05,0.0,0.0,101241.0,6.05,-182764.0,-10.92,81522.0,4.87,61,0.79,0.791,54600300.0,43188837,43188837,2026-08-24,2026-08-24 13:39:16+08:00
159386,A500ETF永赢,1.261,1.2624,0.11,-0.027,-2.1,99110,12624854.3,1.287,1.287,1.261,1.288,2.02,16.28,1.4,5.95,42659.0,56451.0,1036318.0,8.21,-2046996.0,-16.21,3083314.0,24.42,-1126150.0,-8.92,89833.0,0.71,2,1.261,1.262,60869559.0,76756514,76756514,2026-08-24,2026-08-24 13:39:57+08:00
516250,工程机械ETF富国,0.933,0.9325,-0.05,-0.02,-2.1,7688,723267.0,0.95,0.95,0.933,0.953,1.78,0.97,0.1,6.7,4918.0,2770.0,-65359.0,-9.04,10173.0,1.41,-75532.0,-10.44,60577.0,8.38,4781.0,0.66,5,0.931,0.933,78878000.0,73593174,73593174,2026-08-24,2026-08-24 13:39:41+08:00
516620,影视ETF国泰,0.791,0.793,0.25,-0.017,-2.1,126376,10115510.0,0.805,0.811,0.791,0.808,2.48,6.61,0.71,13.53,43218.0,83158.0,-201547.0,-1.99,383850.0,3.79,-585397.0,-5.79,-190786.0,-1.89,392332.0,3.88,-27,0.792,0.793,191267500.0,151292593,151292593,2026-08-24,2026-08-24 13:39:42+08:00
515790,光伏ETF华泰柏瑞,0.834,0.8356,0.19,-0.018,-2.11,1320667,111793294.0,0.848,0.861,0.834,0.852,3.17,2.19,0.87,48.27,549951.0,770716.0,229132.0,0.21,1475897.0,1.32,-1246765.0,-1.12,-881354.0,-0.79,652222.0,0.58,-1700,0.834,0.835,6037494016.0,5035270009,5035270009,2026-08-24,2026-08-24 13:39:45+08:00
159087,化工ETF万家,1.02,1.0203,0.03,-0.022,-2.11,15820,1631255.371,1.041,1.051,1.02,1.042,2.98,3.6,0.52,9.76,6452.0,9368.0,-180582.0,-11.07,568521.0,34.85,-749103.0,-45.92,108929.0,6.68,71653.0,4.39,20,1.019,1.02,43992150.0,44871993,44871993,2026-08-24,2026-08-24 13:39:45+08:00
520820,恒指港股通ETF汇添富,0.928,0.9323,0.46,-0.02,-2.11,10299,963338.0,0.963,0.964,0.928,0.948,3.8,1.73,0.98,3.21,6336.0,3963.0,-225248.0,-23.38,0.0,0.0,-225248.0,-23.38,63435.0,6.58,161812.0,16.8,-91,0.929,0.931,59682000.0,55384896,55384896,2026-08-24,2026-08-24 13:39:25+08:00
517360,沪港深科技ETF华安,0.927,0.9306,0.39,-0.02,-2.11,688,63702.0,0.941,0.941,0.924,0.947,1.8,0.26,0.51,4.41,135.0,553.0,26597.0,41.75,0.0,0.0,26597.0,41.75,-43150.0,-67.74,16553.0,25.99,3,0.923,0.926,26583000.0,24642441,24642441,2026-08-24,2026-08-24 13:39:40+08:00
516180,光伏ETF平安,0.691,0.6908,-0.03,-0.015,-2.12,94184,6599307.0,0.707,0.71,0.691,0.706,2.69,6.28,1.29,12.47,56026.0,38158.0,126969.0,1.92,-229020.0,-3.47,355989.0,5.39,-173825.0,-2.63,46856.0,0.71,-69,0.69,0.691,149987000.0,103641017,103641017,2026-08-24,2026-08-24 13:39:38+08:00
159338,中证A500ETF国泰,1.198,1.1979,-0.01,-0.026,-2.12,21417975,2588114478.5,1.224,1.226,1.197,1.224,2.37,10.21,1.11,-13.76,10885725.0,10532250.0,-99772176.0,-3.86,-79356256.0,-3.07,-20415920.0,-0.79,51612668.0,1.99,48159511.0,1.86,30,1.197,1.198,20984086784.0,25138935967,25138935967,2026-08-24,2026-08-24 13:40:00+08:00
560530,中证A500ETF摩根,1.198,1.2008,0.23,-0.026,-2.12,1017687,123204957.0,1.224,1.225,1.198,1.224,2.21,2.64,1.71,-40.61,338845.0,678842.0,-2729222.0,-2.22,-10643790.0,-8.64,7914568.0,6.42,1078809.0,0.88,1650414.0,1.34,-160,1.198,1.199,3856623696.0,4620235188,4620235188,2026-08-24,2026-08-24 13:39:36+08:00
517010,沪港深500ETF易方达,1.109,1.1128,0.34,-0.024,-2.12,14545,1622792.0,1.165,1.167,1.109,1.133,5.12,1.86,1.22,-4.11,7413.0,7132.0,-152072.0,-9.37,0.0,0.0,-152072.0,-9.37,-99940.0,-6.16,252012.0,15.53,-104,1.108,1.11,78144200.0,86661918,86661918,2026-08-24,2026-08-24 13:39:20+08:00
515970,工程机械ETF华夏,0.832,0.8321,0.01,-0.018,-2.12,749457,62846253.0,0.85,0.852,0.831,0.85,2.47,10.52,1.2,-4.38,255846.0,493611.0,-11156259.0,-17.75,-10168239.0,-16.18,-988020.0,-1.57,7802730.0,12.42,3353529.0,5.34,93,0.831,0.832,712088000.0,592457216,592457216,2026-08-24,2026-08-24 13:39:42+08:00
159093,化工ETF汇添富,1.017,1.0171,0.01,-0.022,-2.12,57629,5915750.1,1.043,1.043,1.017,1.039,2.5,18.19,1.65,-33.62,28243.0,29386.0,-92303.0,-1.56,2137309.0,36.13,-2229612.0,-37.69,-293.0,0.0,92595.0,1.57,173,1.017,1.018,31681470.0,32220055,32220055,2026-08-24,2026-08-24 13:39:45+08:00
159335,央企科创ETF融通,1.475,1.475,0.0,-0.032,-2.12,7543,1123057.1,1.507,1.519,1.475,1.507,2.92,1.19,0.72,0.28,1562.0,5981.0,119605.0,10.65,0.0,0.0,119605.0,10.65,-417988.0,-37.22,298384.0,26.57,-4,1.475,1.478,63483689.0,93638441,93638441,2026-08-24,2026-08-24 13:39:57+08:00
159352,A500ETF南方,1.246,1.2469,0.07,-0.027,-2.12,26496719,3335892176.0,1.273,1.273,1.245,1.273,2.2,9.87,1.44,-1.87,12467299.0,14029420.0,-36946160.0,-1.11,-39262976.0,-1.18,2316816.0,0.07,22426328.0,0.67,14519833.0,0.44,60,1.245,1.246,26844101632.0,33447750633,33447750633,2026-08-24,2026-08-24 13:40:00+08:00
158005,工程机械ETF博时,0.97,0.9691,-0.09,-0.021,-2.12,339267,33260840.623,0.987,0.993,0.97,0.991,2.32,15.07,,76.2,147367.0,191900.0,7069801.0,21.26,13850696.0,41.64,-6780895.0,-20.39,-5369237.0,-16.14,-1700564.0,-5.11,-50,0.969,0.97,225061376.0,218309535,218309535,2026-08-24,2026-08-24 13:39:54+08:00
159051,医疗器械ETF易方达,1.01,1.0125,0.25,-0.022,-2.13,12090,1226542.624,1.028,1.03,1.008,1.032,2.13,1.34,0.49,-8.5,6118.0,5972.0,-116688.0,-9.51,-505500.0,-41.21,388812.0,31.7,34616.0,2.82,82072.0,6.69,-636,1.01,1.011,90117894.0,91019073,91019073,2026-08-24,2026-08-24 13:39:57+08:00
159078,A股ETF富国,0.919,0.9208,0.2,-0.02,-2.13,45651,4241531.552,0.939,0.94,0.919,0.939,2.24,2.58,0.9,10.06,6216.0,39435.0,-91263.0,-2.15,-25378.0,-0.6,-65885.0,-1.55,-23566.0,-0.56,114829.0,2.71,-2012,0.918,0.92,177262460.0,162904201,162904201,2026-08-24,2026-08-24 13:40:00+08:00
563800,A500ETF广发,1.197,1.1972,0.02,-0.026,-2.13,2982129,359578874.0,1.224,1.224,1.196,1.223,2.29,3.34,1.47,-14.68,1331834.0,1650295.0,-2923553.0,-0.81,-1858497.0,-0.52,-1065056.0,-0.3,1245251.0,0.35,1678302.0,0.47,20500,1.196,1.197,8935977984.0,10696365647,10696365647,2026-08-24,2026-08-24 13:39:32+08:00
159362,A500ETF工银,1.284,1.2873,0.26,-0.028,-2.13,428657,55691165.2,1.312,1.313,1.284,1.312,2.21,2.66,2.56,7.11,234647.0,194010.0,-7903105.0,-14.19,-15727868.0,-28.24,7824763.0,14.05,6638693.0,11.92,1264412.0,2.27,860,1.283,1.285,1613180192.0,2071323367,2071323367,2026-08-24,2026-08-24 13:39:54+08:00
561410,N光伏ETF工银,0.967,0.9685,0.15,-0.021,-2.13,163597,16099505.0,0.982,0.997,0.966,0.988,3.14,6.43,,91.14,56816.0,106781.0,4726442.0,29.36,6086115.0,37.8,-1359673.0,-8.45,-4146766.0,-25.76,-579676.0,-3.6,-200,0.967,0.968,254613258.0,246211020,246211020,2026-08-24,2026-08-24 13:39:28+08:00
159725,线上消费ETF工银,0.736,0.7359,-0.01,-0.016,-2.13,37163,2753849.1,0.752,0.754,0.733,0.752,2.79,2.94,0.72,28.12,14786.0,22377.0,-548424.0,-19.91,518525.0,18.83,-1066949.0,-38.74,275418.0,10.0,273007.0,9.91,100,0.735,0.736,126424924.0,93048744,93048744,2026-08-24,2026-08-24 13:39:51+08:00
159712,港股通50ETF国泰,1.238,1.2393,0.1,-0.027,-2.13,95512,11836029.7,1.25,1.25,1.235,1.265,1.19,11.27,1.53,-0.37,52736.0,42776.0,-414194.0,-3.5,-1242000.0,-10.49,827806.0,6.99,331017.0,2.8,83177.0,0.7,1000,1.237,1.238,84778813.0,104956170,104956170,2026-08-24,2026-08-24 13:39:51+08:00
159028,港股汽车ETF天弘,0.783,0.7906,0.96,-0.017,-2.13,96440,7626686.394,0.8,0.8,0.783,0.8,2.13,7.69,2.35,2.78,43110.0,53330.0,180979.0,2.37,0.0,0.0,180979.0,2.37,-138665.0,-1.82,-42313.0,-0.55,-19,0.783,0.784,125449016.0,98226580,98226580,2026-08-24,2026-08-24 13:39:54+08:00
159169,恒生生物科技ETF广发,1.005,1.0062,0.12,-0.022,-2.14,116229,11772350.022,1.03,1.043,0.995,1.027,4.67,8.62,0.57,-3.64,51072.0,65157.0,15334.0,0.13,11412.0,0.1,3922.0,0.03,32376.0,0.28,-47709.0,-0.41,-127,1.005,1.006,134874485.0,135548857,135548857,2026-08-24,2026-08-24 13:39:51+08:00
563880,A500ETF汇添富,1.237,1.238,0.08,-0.027,-2.14,574997,71747255.0,1.264,1.268,1.236,1.264,2.53,3.72,0.93,-2.75,253445.0,321552.0,1087104.0,1.52,5236639.0,7.3,-4149535.0,-5.78,-1805094.0,-2.52,717990.0,1.0,-809,1.237,1.238,1543996400.0,1909923547,1909923547,2026-08-24,2026-08-24 13:39:32+08:00
563860,中证A500ETF海富通,1.282,1.2843,0.18,-0.028,-2.14,179113,23186278.0,1.31,1.31,1.282,1.31,2.14,9.96,1.42,-0.52,63609.0,115504.0,2041087.0,8.8,110762.0,0.48,1930325.0,8.33,-1441036.0,-6.22,-600051.0,-2.59,-4680,1.282,1.284,179844300.0,230560393,230560393,2026-08-24,2026-08-24 13:39:33+08:00
510290,上证380ETF南方,2.607,2.6054,-0.06,-0.057,-2.14,13428,3545517.0,2.664,2.664,2.607,2.664,2.14,2.38,1.35,-0.09,5512.0,7916.0,171542.0,4.84,0.0,0.0,171542.0,4.84,-345839.0,-9.75,174297.0,4.92,5,2.605,2.607,56448900.0,147162282,147162282,2026-08-24,2026-08-24 13:39:38+08:00
512560,军工ETF易方达,0.683,0.6831,0.01,-0.015,-2.15,412721,28582210.0,0.695,0.701,0.682,0.698,2.72,4.28,0.81,15.49,172178.0,240543.0,-1804027.0,-6.31,-2707790.0,-9.47,903763.0,3.16,393221.0,1.38,1410806.0,4.94,50,0.682,0.683,965127008.0,659181746,659181746,2026-08-24,2026-08-24 13:39:46+08:00
159677,中证1000增强ETF银华,1.414,1.4153,0.09,-0.031,-2.15,47394,6808739.2,1.447,1.453,1.412,1.445,2.84,17.62,1.32,0.29,24979.0,22415.0,730117.0,10.72,0.0,0.0,730117.0,10.72,-698977.0,-10.27,-31139.0,-0.46,50,1.412,1.414,26904091.0,38042385,38042385,2026-08-24,2026-08-24 13:39:54+08:00
512420,工程机械ETF华安,0.951,0.9522,0.13,-0.021,-2.16,67243,6472599.0,0.976,0.976,0.951,0.972,2.57,8.59,2.31,0.27,34216.0,33027.0,-34431.0,-0.53,237144.0,3.66,-271575.0,-4.2,2243.0,0.03,32189.0,0.5,-100,0.951,0.952,78238900.0,74405194,74405194,2026-08-24,2026-08-24 13:39:45+08:00
562600,医疗器械ETF华夏,0.769,0.7724,0.44,-0.017,-2.16,203323,15739632.0,0.785,0.785,0.768,0.786,2.16,4.48,0.75,5.96,65804.0,137519.0,685234.0,4.35,618556.0,3.93,66678.0,0.42,-900187.0,-5.72,214953.0,1.37,1,0.769,0.77,453937408.0,349077867,349077867,2026-08-24,2026-08-24 13:39:34+08:00
159361,A500ETF易方达,1.221,1.2241,0.25,-0.027,-2.16,10157956,1252951126.212,1.248,1.249,1.22,1.248,2.32,4.47,1.33,-24.45,5034792.0,5123164.0,-17065110.0,-1.36,-2076992.0,-0.17,-14988118.0,-1.2,6497094.0,0.52,10568028.0,0.84,-681,1.221,1.222,22718090240.0,27738788183,27738788183,2026-08-24,2026-08-24 13:39:57+08:00
512810,军工ETF华宝,0.63,0.6294,-0.1,-0.014,-2.17,256974,16371122.0,0.644,0.646,0.629,0.644,2.64,2.56,0.85,34.64,95328.0,161646.0,-784509.0,-4.79,561170.0,3.43,-1345679.0,-8.22,-311898.0,-1.91,1096409.0,6.7,110,0.629,0.63,1005583504.0,633517608,633517608,2026-08-24,2026-08-24 13:39:46+08:00
512660,军工ETF国泰,1.083,1.0826,-0.04,-0.024,-2.17,1430717,156937496.0,1.104,1.111,1.082,1.107,2.62,2.43,0.84,21.67,559840.0,870877.0,-22826611.0,-14.55,-19140392.0,-12.2,-3686219.0,-2.35,10397074.0,6.63,12429537.0,7.92,100,1.082,1.083,5892080128.0,6381122779,6381122779,2026-08-24,2026-08-24 13:39:46+08:00
159357,A500ETF博时,1.264,1.2683,0.34,-0.028,-2.17,133328,17016945.101,1.291,1.292,1.264,1.292,2.17,1.1,0.73,-7.31,70077.0,63251.0,-158959.0,-0.93,753722.0,4.43,-912681.0,-5.36,-70752.0,-0.42,229711.0,1.35,-134,1.264,1.265,1213833840.0,1534285974,1534285974,2026-08-24,2026-08-24 13:39:57+08:00
561880,A100ETF华富,1.263,1.2629,-0.01,-0.028,-2.17,18867,2406242.0,1.291,1.291,1.263,1.291,2.17,2.35,1.91,-0.77,11753.0,7114.0,-480067.0,-19.95,-19395.0,-0.81,-460672.0,-19.14,297763.0,12.37,182306.0,7.58,1822,1.263,1.264,80389000.0,101531307,101531307,2026-08-24,2026-08-24 13:39:33+08:00
159960,恒生中国企业ETF平安,0.857,0.8677,1.23,-0.019,-2.17,619493,53391361.7,0.876,0.876,0.857,0.876,2.17,117.83,23.6,-23.34,232035.0,387458.0,-62552.0,-0.12,-4499468.0,-8.43,4436916.0,8.31,147487.0,0.28,-84936.0,-0.16,-189,0.856,0.857,52573960.0,45055884,45055884,2026-08-24,2026-08-24 13:39:36+08:00
562390,中药ETF银华,0.855,0.8569,0.22,-0.019,-2.17,18514,1589957.0,0.873,0.873,0.852,0.874,2.4,2.33,1.07,9.38,7345.0,11169.0,-299652.0,-18.85,-298956.0,-18.8,-696.0,-0.04,-54450.0,-3.42,354101.0,22.27,-188,0.855,0.857,79429000.0,67911795,67911795,2026-08-24,2026-08-24 13:39:24+08:00
561890,A股ETF易方达,0.993,0.9949,0.19,-0.022,-2.17,25564,2561178.0,1.022,1.022,0.993,1.015,2.86,5.54,0.4,28.57,5368.0,20196.0,-328938.0,-12.84,298800.0,11.67,-627738.0,-24.51,121919.0,4.76,207020.0,8.08,-3233,0.993,0.994,46112600.0,45789812,45789812,2026-08-24,2026-08-24 13:39:35+08:00
560950,中证500增强ETF汇添富,1.346,1.3452,-0.06,-0.03,-2.18,184,25055.0,1.378,1.378,1.346,1.376,2.33,0.12,0.03,0.07,77.0,107.0,-3845.0,-15.35,0.0,0.0,-3845.0,-15.35,800.0,3.19,3046.0,12.16,10,1.342,1.345,15483000.0,20840118,20840118,2026-08-24,2026-08-24 13:39:38+08:00
560510,中证A500ETF泰康,1.168,1.1707,0.23,-0.026,-2.18,361728,42661558.0,1.194,1.194,1.168,1.194,2.18,1.44,1.14,-23.13,175006.0,186722.0,-3802893.0,-8.91,1518913.0,3.56,-5321806.0,-12.47,1435414.0,3.36,2367479.0,5.55,3,1.167,1.169,2519026896.0,2942223415,2942223415,2026-08-24,2026-08-24 13:39:37+08:00
159359,A500ETF华安,1.255,1.2563,0.1,-0.028,-2.18,222156,28146772.3,1.283,1.283,1.255,1.283,2.18,3.24,1.09,-12.34,80953.0,141203.0,1945993.0,6.91,3507358.0,12.46,-1561365.0,-5.55,-2134011.0,-7.58,188019.0,0.67,2800,1.255,1.256,686140432.0,861106242,861106242,2026-08-24,2026-08-24 13:39:57+08:00
520700,港股通创新药ETF万家,1.617,1.6174,0.02,-0.036,-2.18,2299469,373607542.0,1.656,1.673,1.601,1.653,4.36,53.22,0.9,-8.08,1075720.0,1223749.0,-10646901.0,-2.85,-8138692.0,-2.18,-2508209.0,-0.67,6261470.0,1.68,4385431.0,1.17,1046,1.616,1.617,432076000.0,698666892,698666892,2026-08-24,2026-08-24 13:39:39+08:00
520720,港股汽车ETF国泰,0.763,0.765,0.26,-0.017,-2.18,162583,12509613.0,0.778,0.78,0.763,0.78,2.18,13.33,1.25,-12.07,70570.0,92013.0,-106786.0,-0.85,863992.0,6.91,-970778.0,-7.76,-3185.0,-0.03,109971.0,0.88,-2136,0.764,0.765,121942000.0,93041746,93041746,2026-08-24,2026-08-24 13:39:37+08:00
159226,中证A500增强ETF国泰,1.253,1.252,-0.08,-0.028,-2.19,84678,10710131.0,1.283,1.283,1.251,1.281,2.5,10.07,0.71,2.69,39532.0,45146.0,-766760.0,-7.16,0.0,0.0,-766760.0,-7.16,258229.0,2.41,508531.0,4.75,1,1.251,1.252,84094840.0,105370835,105370835,2026-08-24,2026-08-24 13:40:00+08:00
159186,港股通汽车ETF鹏华,0.76,0.7601,0.01,-0.017,-2.19,49948,3818364.4,0.776,0.776,0.759,0.777,2.19,5.89,1.64,7.18,21524.0,28424.0,-206149.0,-5.4,0.0,0.0,-206149.0,-5.4,227141.0,5.95,-20992.0,-0.55,3,0.759,0.761,84869245.0,64500626,64500626,2026-08-24,2026-08-24 13:39:57+08:00
159339,A500ETF银华,1.208,1.209,0.08,-0.027,-2.19,574441,70135088.1,1.234,1.236,1.208,1.235,2.27,2.94,1.21,15.69,314824.0,259617.0,-2090917.0,-2.98,-4502649.0,-6.42,2411732.0,3.44,613955.0,0.88,1476962.0,2.11,1,1.207,1.208,1952086848.0,2358120912,2358120912,2026-08-24,2026-08-24 13:40:00+08:00
516020,化工ETF华宝,0.848,0.848,0.0,-0.019,-2.19,882801,75762729.0,0.869,0.874,0.846,0.867,3.23,2.56,1.38,9.51,440947.0,441854.0,4546789.0,6.0,5502106.0,7.26,-955317.0,-1.26,-4034713.0,-5.33,-512076.0,-0.68,217,0.847,0.848,3452326208.0,2927572624,2927572624,2026-08-24,2026-08-24 13:39:42+08:00
515590,500等权ETF前海开源,1.876,1.8741,-0.1,-0.042,-2.19,8470,1603097.0,1.922,1.922,1.876,1.918,2.4,2.35,1.38,-4.54,4167.0,4303.0,-382638.0,-23.87,0.0,0.0,-382638.0,-23.87,212864.0,13.28,169774.0,10.59,-1600,1.875,1.878,36113700.0,67749301,67749301,2026-08-24,2026-08-24 13:39:43+08:00
561660,通用航空ETF平安,0.849,0.85,0.12,-0.019,-2.19,41705,3574228.0,0.864,0.87,0.849,0.868,2.42,5.98,1.46,3.25,19704.0,22001.0,248755.0,6.96,0.0,0.0,248755.0,6.96,-309007.0,-8.65,60252.0,1.69,-20,0.849,0.851,69710000.0,59183790,59183790,2026-08-24,2026-08-24 13:39:33+08:00
512870,杭州湾区ETF南华,1.423,1.4244,0.1,-0.032,-2.2,3019,436589.0,1.46,1.471,1.423,1.455,3.3,1.35,0.6,-0.45,1142.0,1877.0,12255.0,2.81,0.0,0.0,12255.0,2.81,-22252.0,-5.1,9997.0,2.29,-42,1.423,1.427,22410600.0,31890284,31890284,2026-08-24,2026-08-24 13:39:46+08:00
159360,A500ETF天弘,1.292,1.2953,0.25,-0.029,-2.2,209950,27449440.7,1.321,1.322,1.291,1.321,2.35,1.69,0.72,71.44,94259.0,115691.0,-525797.0,-1.92,-175064.0,-0.64,-350733.0,-1.28,894885.0,3.26,-369088.0,-1.34,-274,1.292,1.293,1241184528.0,1603610410,1603610410,2026-08-24,2026-08-24 13:39:54+08:00
159797,医疗器械ETF汇添富,0.666,0.6668,0.12,-0.015,-2.2,71195,4764619.5,0.679,0.68,0.665,0.681,2.2,1.83,1.21,13.57,29296.0,41899.0,-563177.0,-11.82,-566872.0,-11.9,3695.0,0.08,-145486.0,-3.05,708664.0,14.87,-175,0.666,0.667,388989248.0,259066839,259066839,2026-08-24,2026-08-24 13:39:51+08:00
159638,高端装备ETF嘉实,0.799,0.7989,-0.01,-0.018,-2.2,311870,25170012.678,0.812,0.818,0.797,0.817,2.57,2.13,0.95,34.31,102680.0,209190.0,1018559.0,4.05,2090875.0,8.31,-1072316.0,-4.26,-555852.0,-2.21,-462707.0,-1.84,1,0.798,0.799,1462341936.0,1168411207,1168411207,2026-08-24,2026-08-24 13:39:54+08:00
159138,工程机械ETF易方达,0.891,0.8913,0.03,-0.02,-2.2,38704,3473602.9,0.921,0.921,0.891,0.911,3.29,1.32,0.72,2.07,14690.0,24014.0,-360128.0,-10.37,0.0,0.0,-360128.0,-10.37,7447.0,0.21,352681.0,10.15,401,0.891,0.892,294267920.0,262192717,262192717,2026-08-24,2026-08-24 13:40:00+08:00
515370,光伏ETF华夏,0.797,0.7985,0.19,-0.018,-2.21,159905,12980571.0,0.814,0.822,0.797,0.815,3.07,1.67,1.13,13.5,48918.0,110987.0,233768.0,1.8,1798872.0,13.86,-1565104.0,-12.06,-271032.0,-2.09,37264.0,0.29,-20,0.797,0.799,959713008.0,764891267,764891267,2026-08-24,2026-08-24 13:39:42+08:00
159898,医疗器械ETF招商,0.487,0.4891,0.43,-0.011,-2.21,161640,7915340.9,0.497,0.501,0.486,0.498,3.01,1.8,0.62,35.39,58752.0,102888.0,-385494.0,-4.87,834420.0,10.54,-1219914.0,-15.41,617053.0,7.8,-231558.0,-2.93,50,0.486,0.487,896098832.0,436400131,436400131,2026-08-24,2026-08-24 13:39:51+08:00
563330,A股ETF华泰柏瑞,4.11,4.116,0.15,-0.093,-2.21,77340,32261451.0,4.198,4.21,4.11,4.203,2.38,20.76,1.17,1.81,34116.0,43224.0,4481497.0,13.89,3573406.0,11.08,908091.0,2.81,-3252822.0,-10.08,-1228676.0,-3.81,2,4.11,4.114,37260600.0,153141066,153141066,2026-08-24,2026-08-24 13:39:33+08:00
159215,A500ETF平安,1.284,1.2873,0.26,-0.029,-2.21,163871,21262708.8,1.312,1.314,1.284,1.313,2.28,1.67,1.47,-58.14,104231.0,59640.0,634471.0,2.98,-1640242.0,-7.71,2274713.0,10.7,-837620.0,-3.94,203150.0,0.96,367,1.284,1.285,979582800.0,1257784315,1257784315,2026-08-24,2026-08-24 13:39:57+08:00
512050,A500ETF华夏,1.192,1.1935,0.13,-0.027,-2.21,9775132,1178079580.0,1.218,1.22,1.191,1.219,2.38,5.97,1.07,-6.02,4356762.0,5418370.0,-19000680.0,-1.61,-28994976.0,-2.46,9994296.0,0.85,8892575.0,0.75,10108116.0,0.86,-400,1.192,1.193,16375992320.0,19520182845,19520182845,2026-08-24,2026-08-24 13:39:46+08:00
516220,化工ETF国泰,0.886,0.887,0.11,-0.02,-2.21,104514,9371221.0,0.908,0.913,0.886,0.906,2.98,3.94,1.37,21.02,62638.0,41876.0,-287622.0,-3.07,-380027.0,-4.06,92405.0,0.99,46019.0,0.49,241603.0,2.58,50,0.886,0.887,265170000.0,234940620,234940620,2026-08-24,2026-08-24 13:39:44+08:00
563550,A500增强ETF摩根,1.234,1.2332,-0.06,-0.028,-2.22,89359,11152146.0,1.262,1.264,1.234,1.262,2.38,10.82,1.29,0.02,41788.0,47571.0,-108012.0,-0.97,-856661.0,-7.68,748649.0,6.71,92357.0,0.83,15655.0,0.14,54,1.232,1.233,82559000.0,101877806,101877806,2026-08-24,2026-08-24 13:39:34+08:00
159239,港股通汽车ETF富国,0.794,0.7944,0.05,-0.018,-2.22,34037,2730134.0,0.811,0.812,0.794,0.812,2.22,3.83,0.53,6.4,13944.0,20093.0,-208439.0,-7.63,-16411.0,-0.6,-192028.0,-7.03,114279.0,4.19,94160.0,3.45,-12,0.794,0.795,88780753.0,70491918,70491918,2026-08-24,2026-08-24 13:39:54+08:00
159870,化工ETF鹏华,0.793,0.7935,0.06,-0.018,-2.22,3352452,268960980.318,0.811,0.818,0.792,0.811,3.21,2.01,1.5,42.92,1844957.0,1507495.0,-29719538.0,-11.05,-42793894.0,-15.91,13074356.0,4.86,19594230.0,7.29,10125307.0,3.76,-100,0.793,0.794,16691107072.0,13236047908,13236047908,2026-08-24,2026-08-24 13:39:51+08:00
516320,高端装备ETF华夏,0.922,0.9258,0.41,-0.021,-2.23,17398,1624821.0,0.943,0.947,0.922,0.943,2.65,1.94,0.45,3.03,3761.0,13637.0,167954.0,10.34,0.0,0.0,167954.0,10.34,-132929.0,-8.18,-35024.0,-2.16,16,0.922,0.923,89589300.0,82601335,82601335,2026-08-24,2026-08-24 13:39:41+08:00
159309,油气ETF汇添富,1.404,1.4071,0.22,-0.032,-2.23,266820,37720735.5,1.416,1.433,1.403,1.436,2.09,4.98,1.03,66.67,108246.0,158574.0,-194582.0,-0.52,3356424.0,8.9,-3551006.0,-9.41,-1127320.0,-2.99,1321901.0,3.5,-700,1.404,1.405,535371744.0,751661929,751661929,2026-08-24,2026-08-24 13:40:00+08:00
560280,工程机械ETF广发,1.491,1.4915,0.03,-0.034,-2.23,337646,50765204.0,1.523,1.526,1.49,1.525,2.36,2.1,0.5,14.75,123474.0,214172.0,-12357340.0,-24.34,-1082255.0,-2.13,-11275085.0,-22.21,6227531.0,12.27,6129808.0,12.07,53,1.49,1.491,1608252000.0,2397903732,2397903732,2026-08-24,2026-08-24 13:39:36+08:00
158006,化工ETF博时,1.005,1.0065,0.15,-0.023,-2.24,5724,580719.7,1.028,1.035,1.005,1.028,2.92,1.39,0.45,1.53,2234.0,3490.0,-88688.0,-15.27,-109549.0,-18.86,20861.0,3.59,-19908.0,-3.43,108597.0,18.7,-1,1.006,1.007,41046012.0,41251242,41251242,2026-08-24,2026-08-24 13:39:45+08:00
561760,油气ETF博时,1.354,1.3573,0.24,-0.031,-2.24,30926,4223816.0,1.372,1.376,1.354,1.385,1.59,2.0,0.87,5.96,13361.0,17565.0,849942.0,20.12,0.0,0.0,849942.0,20.12,-537712.0,-12.73,-312231.0,-7.39,-35,1.355,1.356,154695000.0,209457030,209457030,2026-08-24,2026-08-24 13:39:36+08:00
159283,通用航空ETF南方,0.824,0.8237,-0.04,-0.019,-2.25,38721,3240887.5,0.836,0.845,0.823,0.843,2.61,1.29,0.45,14.32,13897.0,24824.0,-219975.0,-6.79,0.0,0.0,-219975.0,-6.79,115458.0,3.56,104517.0,3.22,40,0.823,0.824,300437984.0,247560899,247560899,2026-08-24,2026-08-24 13:39:57+08:00
562910,高端制造ETF易方达,0.826,0.8277,0.21,-0.019,-2.25,55510,4641611.0,0.845,0.847,0.826,0.845,2.49,1.89,0.62,16.1,18050.0,37460.0,-281619.0,-6.07,-119092.0,-2.57,-162527.0,-3.5,-213425.0,-4.6,495045.0,10.67,30,0.825,0.826,294227296.0,243031746,243031746,2026-08-24,2026-08-24 13:39:33+08:00
515800,中证800ETF汇添富,1.262,1.2622,0.02,-0.029,-2.25,678567,86513942.0,1.289,1.29,1.26,1.291,2.32,1.68,1.6,66.78,303849.0,374718.0,3078609.0,3.56,19321200.0,22.34,-16242591.0,-18.78,-2672236.0,-3.09,-406374.0,-0.47,-103,1.262,1.263,4033937200.0,5090828746,5090828746,2026-08-24,2026-08-24 13:39:44+08:00
560610,A500ETF招商,1.169,1.1693,0.03,-0.027,-2.26,1013079,119249237.0,1.194,1.195,1.168,1.196,2.26,1.91,1.4,23.64,376151.0,636928.0,-6616067.0,-5.55,-2260921.0,-1.9,-4355146.0,-3.65,3168147.0,2.66,3447918.0,2.89,-11900,1.169,1.17,5290988288.0,6185165309,6185165309,2026-08-24,2026-08-24 13:39:36+08:00
516190,传媒ETF华夏,0.95,0.9514,0.15,-0.022,-2.26,72197,6919072.0,0.976,0.976,0.949,0.972,2.78,7.02,0.78,6.7,37246.0,34951.0,-97092.0,-1.4,-8496.0,-0.12,-88596.0,-1.28,-132249.0,-1.91,229340.0,3.31,-65,0.95,0.951,102818500.0,97677575,97677575,2026-08-24,2026-08-24 13:39:42+08:00
159718,港股医药ETF平安,0.903,0.9032,0.02,-0.021,-2.27,281966,25568146.8,0.924,0.93,0.897,0.924,3.57,15.34,1.11,23.51,128080.0,153886.0,354647.0,1.39,315657.0,1.23,38990.0,0.15,-1763605.0,-6.9,1408959.0,5.51,-88,0.902,0.904,183832634.0,166000869,166000869,2026-08-24,2026-08-24 13:39:51+08:00
563220,A500ETF富国,1.246,1.2489,0.23,-0.029,-2.27,1947046,245283811.0,1.275,1.275,1.245,1.275,2.35,2.95,1.61,18.94,800022.0,1147024.0,5192270.0,2.12,849187.0,0.35,4343083.0,1.77,-4370974.0,-1.78,-821297.0,-0.33,-3906,1.246,1.247,6611013632.0,8237322985,8237322985,2026-08-24,2026-08-24 13:39:32+08:00
512670,国防ETF鹏华,0.732,0.732,0.0,-0.017,-2.27,569006,42268931.0,0.746,0.751,0.731,0.749,2.67,2.59,0.72,26.03,173718.0,395288.0,-3081394.0,-7.29,-4331023.0,-10.25,1249629.0,2.96,1308803.0,3.1,1772589.0,4.19,-142,0.731,0.732,2194652608.0,1606485709,1606485709,2026-08-24,2026-08-24 13:39:45+08:00
159133,化工ETF天弘,1.078,1.079,0.09,-0.025,-2.27,201226,21981724.5,1.104,1.11,1.077,1.103,2.99,1.28,0.79,59.08,91644.0,109582.0,-836751.0,-3.81,520107.0,2.37,-1356858.0,-6.17,437355.0,1.99,399395.0,1.82,2,1.077,1.078,1577913344.0,1700990585,1700990585,2026-08-24,2026-08-24 13:39:48+08:00
513990,港股通ETF招商,1.112,1.1208,0.79,-0.026,-2.28,98193,10969930.0,1.139,1.139,1.111,1.138,2.46,22.32,1.26,6.01,40829.0,57364.0,-403631.0,-3.68,-445.0,0.0,-403186.0,-3.68,181206.0,1.65,222425.0,2.03,137,1.111,1.113,44000000.0,48928000,48928000,2026-08-24,2026-08-24 13:39:40+08:00
563300,中证2000ETF华泰柏瑞,1.374,1.3731,-0.07,-0.032,-2.28,3078111,427145322.0,1.404,1.414,1.37,1.406,3.13,7.25,0.93,75.66,1162111.0,1916001.0,6795301.0,1.59,56786253.0,13.29,-49990952.0,-11.7,-16114167.0,-3.77,9318867.0,2.18,70,1.373,1.374,4246174000.0,5834243076,5834243076,2026-08-24,2026-08-24 13:39:31+08:00
516230,光伏ETF招商,0.771,0.7717,0.09,-0.018,-2.28,86143,6724949.0,0.788,0.793,0.771,0.789,2.79,1.16,1.22,6.69,26767.0,59376.0,-18598.0,-0.28,781000.0,11.61,-799598.0,-11.89,-70655.0,-1.05,89254.0,1.33,-20,0.771,0.772,742921008.0,572792097,572792097,2026-08-24,2026-08-24 13:39:42+08:00
520760,恒生生物科技ETF摩根,0.982,0.9846,0.26,-0.023,-2.29,109482,10820125.0,1.007,1.015,0.974,1.005,4.08,8.02,0.65,6.26,59847.0,49635.0,1298578.0,12.0,-727071.0,-6.72,2025649.0,18.72,-1234171.0,-11.41,-64407.0,-0.6,-377,0.981,0.984,136466000.0,134009612,134009612,2026-08-24,2026-08-24 13:39:40+08:00
513700,港股通医药ETF鹏华,0.64,0.6398,-0.03,-0.015,-2.29,1552449,99947335.0,0.656,0.659,0.635,0.655,3.66,19.43,0.74,-4.69,712082.0,840367.0,-7600285.0,-7.6,-7916668.0,-7.92,316383.0,0.32,5628550.0,5.63,1971734.0,1.97,193,0.638,0.639,798846000.0,511261440,511261440,2026-08-24,2026-08-24 13:39:44+08:00
512680,军工ETF广发,1.109,1.1086,-0.04,-0.026,-2.29,231696,26040724.0,1.127,1.138,1.108,1.135,2.64,0.75,0.6,26.35,93198.0,138498.0,-2799043.0,-10.75,-392290.0,-1.51,-2406753.0,-9.24,1094828.0,4.2,1704216.0,6.54,60,1.108,1.109,3096130096.0,3433608276,3433608276,2026-08-24,2026-08-24 13:39:47+08:00
563320,通用航空ETF华泰柏瑞,0.807,0.8089,0.23,-0.019,-2.3,106467,8673477.0,0.824,0.829,0.807,0.826,2.66,4.61,0.74,10.13,39978.0,66489.0,-28737.0,-0.33,-1529415.0,-17.63,1500678.0,17.3,-101343.0,-1.17,130080.0,1.5,-11,0.807,0.808,230892000.0,186329844,186329844,2026-08-24,2026-08-24 13:39:34+08:00
516790,医疗ETF华泰柏瑞,0.509,0.5107,0.33,-0.012,-2.3,83374,4264426.0,0.52,0.52,0.509,0.521,2.11,4.5,1.61,17.21,40145.0,43229.0,-183828.0,-4.31,-416504.0,-9.77,232676.0,5.46,124344.0,2.92,59485.0,1.39,-189,0.509,0.51,185282200.0,94308640,94308640,2026-08-24,2026-08-24 13:39:42+08:00
159793,线上消费ETF平安,0.763,0.7591,-0.51,-0.018,-2.3,9786,748856.8,0.775,0.779,0.76,0.781,2.43,2.24,1.22,39.27,2542.0,7244.0,-388507.0,-51.88,0.0,0.0,-388507.0,-51.88,293265.0,39.16,95243.0,12.72,5,0.76,0.763,43758908.0,33388047,33388047,2026-08-24,2026-08-24 13:39:51+08:00
159356,A500ETF万家,1.272,1.2771,0.4,-0.03,-2.3,339342,43528017.5,1.302,1.302,1.272,1.302,2.3,4.51,1.69,79.26,185316.0,154026.0,-313483.0,-0.72,-2410045.0,-5.54,2096562.0,4.82,193240.0,0.44,120244.0,0.28,1000,1.272,1.273,752120640.0,956697454,956697454,2026-08-24,2026-08-24 13:39:57+08:00
516610,医疗设备ETF大成,0.423,0.4242,0.28,-0.01,-2.31,93409,3981745.0,0.432,0.433,0.422,0.433,2.54,3.98,1.12,19.5,18908.0,74501.0,-622810.0,-15.64,-85448.0,-2.15,-537362.0,-13.5,381818.0,9.59,240992.0,6.05,-200,0.423,0.424,234974800.0,99394340,99394340,2026-08-24,2026-08-24 13:39:34+08:00
561620,化工ETF华泰柏瑞,1.013,1.0143,0.13,-0.024,-2.31,15927,1621813.0,1.035,1.043,1.013,1.037,2.89,3.52,0.4,-7.78,8374.0,7553.0,167375.0,10.32,0.0,0.0,167375.0,10.32,-179839.0,-11.09,12464.0,0.77,-800,1.013,1.015,45227000.0,45814951,45814951,2026-08-24,2026-08-24 13:39:33+08:00
159892,恒生医药ETF华夏,0.8,0.8027,0.34,-0.019,-2.32,8078389,651169138.9,0.821,0.827,0.795,0.819,3.91,14.33,1.14,-3.65,3709830.0,4368559.0,-12701904.0,-1.95,-4708768.0,-0.72,-7993136.0,-1.23,4569925.0,0.7,8131982.0,1.25,-1,0.8,0.801,5639266048.0,4511412838,4511412838,2026-08-24,2026-08-24 13:39:51+08:00
560100,中证500增强ETF南方,1.308,1.3114,0.26,-0.031,-2.32,42161,5639169.0,1.343,1.343,1.308,1.339,2.61,7.26,0.76,20.33,13315.0,28846.0,158187.0,2.81,-144768.0,-2.57,302955.0,5.37,-182288.0,-3.23,24100.0,0.43,-8,1.308,1.311,58080300.0,75969032,75969032,2026-08-24,2026-08-24 13:39:38+08:00
159237,港股汽车ETF工银,0.885,0.885,0.0,-0.021,-2.32,152554,13624423.2,0.9,0.902,0.884,0.906,1.99,35.2,1.62,-12.55,66109.0,86445.0,397505.0,2.92,-47113.0,-0.35,444618.0,3.26,-341845.0,-2.51,-55660.0,-0.41,-3,0.885,0.886,43334226.0,38350790,38350790,2026-08-24,2026-08-24 13:39:51+08:00
159129,化工ETF嘉实,1.052,1.053,0.09,-0.025,-2.32,176604,18806042.7,1.079,1.085,1.051,1.077,3.16,1.51,1.52,67.5,65843.0,110761.0,908953.0,4.83,101288.0,0.54,807665.0,4.29,-544421.0,-2.89,-364532.0,-1.94,2,1.051,1.052,1165906592.0,1226533735,1226533735,2026-08-24,2026-08-24 13:39:57+08:00
159877,医疗ETF南方,0.505,0.5071,0.41,-0.012,-2.32,24930,1274144.0,0.517,0.517,0.504,0.517,2.51,1.0,0.31,1.32,7102.0,17828.0,73019.0,5.73,21956.0,1.72,51063.0,4.01,-119098.0,-9.35,46081.0,3.62,-340,0.504,0.506,248792292.0,125640107,125640107,2026-08-24,2026-08-24 13:39:51+08:00
159121,港股通汽车ETF易方达,0.754,0.7564,0.32,-0.018,-2.33,177060,13489235.88,0.77,0.771,0.754,0.772,2.2,12.17,0.77,16.62,62707.0,114352.0,-1590402.0,-11.79,464100.0,3.44,-2054502.0,-15.23,1262587.0,9.36,327816.0,2.43,-20,0.754,0.756,145481127.0,109692770,109692770,2026-08-24,2026-08-24 13:39:54+08:00
513780,港股创新药ETF景顺,1.677,1.6786,0.1,-0.04,-2.33,3022774,510030920.0,1.737,1.737,1.66,1.717,4.48,16.71,0.92,-6.74,1412932.0,1609842.0,-23397619.0,-4.59,-4006986.0,-0.79,-19390633.0,-3.8,12219547.0,2.4,11178072.0,2.19,100,1.676,1.677,1809157008.0,3033956302,3033956302,2026-08-24,2026-08-24 13:39:44+08:00
510560,中证500ETF国寿,1.921,1.9242,0.17,-0.046,-2.34,9353,1818270.0,1.972,1.974,1.921,1.967,2.69,1.79,3.74,2.48,2309.0,7044.0,561449.0,30.88,999427.0,54.97,-437978.0,-24.09,-496704.0,-27.32,-64746.0,-3.56,-638,1.92,1.929,52318700.0,100504223,100504223,2026-08-24,2026-08-24 13:39:27+08:00
159102,港股通生物科技ETF华安,0.832,0.8334,0.17,-0.02,-2.35,413494,34669986.67,0.851,0.859,0.825,0.852,3.99,6.18,0.7,-3.94,184759.0,228735.0,-1633532.0,-4.71,-1390417.0,-4.01,-243115.0,-0.7,451082.0,1.3,1182450.0,3.41,1,0.831,0.832,668622000.0,556293504,556293504,2026-08-24,2026-08-24 13:39:57+08:00
159776,港股医药ETF银华,1.204,1.2031,-0.07,-0.029,-2.35,108343,13115943.2,1.24,1.248,1.196,1.233,4.22,13.22,0.54,10.51,46565.0,61778.0,-60231.0,-0.46,-15971.0,-0.12,-44260.0,-0.34,40142.0,0.31,20089.0,0.15,53,1.203,1.205,81968765.0,98690393,98690393,2026-08-24,2026-08-24 13:39:51+08:00
561370,中证2000ETF国泰,1.365,1.3665,0.11,-0.033,-2.36,15766,2172657.0,1.398,1.405,1.365,1.398,2.86,4.87,1.52,-0.16,1537.0,14229.0,26446.0,1.22,0.0,0.0,26446.0,1.22,-31251.0,-1.44,4805.0,0.22,-100,1.363,1.367,32356000.0,44165940,44165940,2026-08-24,2026-08-24 13:39:19+08:00
513900,港股通100ETF华安,0.994,1.0013,0.73,-0.024,-2.36,91664,9125338.0,1.012,1.012,0.993,1.018,1.87,9.86,1.03,7.3,31632.0,60032.0,13592.0,0.15,0.0,0.0,13592.0,0.15,16484.0,0.18,-30075.0,-0.33,-1839,0.994,0.995,92978000.0,92420132,92420132,2026-08-24,2026-08-24 13:39:41+08:00
563500,A500ETF华宝,0.621,0.6212,0.03,-0.015,-2.36,211419,13273316.0,0.636,0.636,0.62,0.636,2.52,2.85,1.75,-22.24,96115.0,115304.0,-613112.0,-4.62,531256.0,4.0,-1144368.0,-8.62,521951.0,3.93,91161.0,0.69,1,0.62,0.622,741958704.0,460756355,460756355,2026-08-24,2026-08-24 13:39:33+08:00
159606,中证500成长ETF易方达,1.325,1.324,-0.08,-0.032,-2.36,107895,14440061.2,1.352,1.357,1.323,1.357,2.51,2.68,0.93,5.37,40610.0,67285.0,-283327.0,-1.96,927500.0,6.42,-1210827.0,-8.39,58041.0,0.4,225286.0,1.56,-969,1.324,1.325,402222832.0,532945252,532945252,2026-08-24,2026-08-24 13:39:54+08:00
562660,中证2000ETF华夏,1.819,1.8233,0.24,-0.044,-2.36,203552,37432697.0,1.849,1.873,1.818,1.863,2.95,6.27,1.08,0.63,105515.0,98037.0,2031541.0,5.43,425664.0,1.14,1605877.0,4.29,-545830.0,-1.46,-1485711.0,-3.97,819,1.82,1.821,324874000.0,590945806,590945806,2026-08-24,2026-08-24 13:39:35+08:00
560110,中证1000ETF汇添富,1.117,1.1158,-0.11,-0.027,-2.36,241203,27212557.0,1.137,1.148,1.114,1.144,2.97,6.61,1.27,-9.6,84584.0,156619.0,-2914044.0,-10.71,-96894.0,-0.36,-2817150.0,-10.35,1574640.0,5.79,1339404.0,4.92,5,1.116,1.117,364903504.0,407597214,407597214,2026-08-24,2026-08-24 13:39:36+08:00
513060,恒生医疗ETF博时,0.577,0.5786,0.28,-0.014,-2.37,7461244,433100459.0,0.592,0.595,0.573,0.591,3.72,8.56,0.96,-17.64,3204482.0,4256762.0,-17675090.0,-4.08,-16589723.0,-3.83,-1085367.0,-0.25,9990531.0,2.31,7684562.0,1.77,100,0.576,0.577,8717893376.0,5030224478,5030224478,2026-08-24,2026-08-24 13:39:47+08:00
159888,智能汽车ETF华夏,0.99,0.9901,0.01,-0.024,-2.37,136508,13678095.0,1.016,1.021,0.99,1.014,3.06,19.38,1.01,4.35,80121.0,56387.0,930905.0,6.81,2782614.0,20.34,-1851709.0,-13.54,-855504.0,-6.25,-75401.0,-0.55,100,0.99,0.991,70446068.0,69741607,69741607,2026-08-24,2026-08-24 13:39:51+08:00
159303,恒生医疗ETF大成,1.601,1.605,0.25,-0.039,-2.38,742764,119461132.2,1.643,1.652,1.591,1.64,3.72,100.38,1.48,5.89,363303.0,379461.0,-2041581.0,-1.71,-184511.0,-0.15,-1857070.0,-1.55,-338571.0,-0.28,2380153.0,1.99,10,1.6,1.601,73991693.0,118460700,118460700,2026-08-24,2026-08-24 13:40:00+08:00
159805,传媒ETF鹏华,1.105,1.1055,0.05,-0.027,-2.39,145579,16258548.7,1.132,1.133,1.103,1.132,2.65,5.91,0.64,13.41,76879.0,68700.0,1405871.0,8.65,-145012.0,-0.89,1550883.0,9.54,-1994671.0,-12.27,588799.0,3.62,1,1.104,1.105,246452480.0,272329990,272329990,2026-08-24,2026-08-24 13:39:51+08:00
563200,中证2000ETF富国,1.462,1.4661,0.28,-0.036,-2.4,68356,10115141.0,1.498,1.506,1.462,1.498,2.94,11.9,1.08,18.15,26608.0,41748.0,775615.0,7.67,0.0,0.0,775615.0,7.67,-1064764.0,-10.53,289148.0,2.86,-67,1.463,1.465,57458800.0,84004766,84004766,2026-08-24,2026-08-24 13:39:33+08:00
513280,恒生生物科技ETF汇添富,1.131,1.1337,0.24,-0.028,-2.42,651956,74226794.0,1.176,1.181,1.123,1.159,5.0,17.47,1.05,10.38,305818.0,346138.0,-3501132.0,-4.72,107342.0,0.14,-3608474.0,-4.86,-936161.0,-1.26,4437293.0,5.98,-6,1.131,1.132,373114496.0,421992495,421992495,2026-08-24,2026-08-24 13:39:47+08:00
515190,中证500ETF中银证券,1.61,1.6123,0.14,-0.04,-2.42,25498,4165394.0,1.653,1.653,1.61,1.65,2.61,0.87,3.56,3.32,12044.0,13454.0,-475649.0,-11.42,0.0,0.0,-475649.0,-11.42,299181.0,7.18,176468.0,4.24,-40,1.606,1.611,293466096.0,472480415,472480415,2026-08-24,2026-08-24 13:39:45+08:00
159270,创业板200ETF南方,1.084,1.0847,0.06,-0.027,-2.43,70082,7745438.2,1.113,1.133,1.084,1.111,4.41,7.9,1.04,1.33,32561.0,37521.0,-549393.0,-7.09,0.0,0.0,-549393.0,-7.09,526771.0,6.8,22621.0,0.29,-5,1.084,1.085,88763649.0,96219796,96219796,2026-08-24,2026-08-24 13:40:00+08:00
510570,中证500ETF兴业,1.206,1.2059,-0.01,-0.03,-2.43,27181,3313603.0,1.237,1.239,1.206,1.236,2.67,8.22,2.07,4.29,9805.0,17376.0,232990.0,7.03,0.0,0.0,232990.0,7.03,-236666.0,-7.14,3675.0,0.11,10,1.203,1.207,33060600.0,39871084,39871084,2026-08-24,2026-08-24 13:39:45+08:00
159795,智能汽车ETF汇添富,0.844,0.8445,0.06,-0.021,-2.43,12707,1084564.2,0.865,0.88,0.843,0.865,4.28,4.51,0.99,2.99,4932.0,7775.0,-51579.0,-4.76,0.0,0.0,-51579.0,-4.76,6323.0,0.58,45256.0,4.17,326,0.843,0.845,28169473.0,23775035,23775035,2026-08-24,2026-08-24 13:39:51+08:00
520780,港股通汽车ETF华宝,0.839,0.8402,0.14,-0.021,-2.44,180507,15264671.0,0.86,0.861,0.839,0.86,2.56,45.74,1.53,3.97,88423.0,92084.0,30174.0,0.2,161129.0,1.06,-130955.0,-0.86,89032.0,0.58,-119206.0,-0.78,-71,0.839,0.84,39460000.0,33106940,33106940,2026-08-24,2026-08-24 13:39:35+08:00
159035,软件ETF天弘,0.798,0.7962,-0.23,-0.02,-2.44,71983,5779387.4,0.819,0.819,0.797,0.818,2.69,1.22,0.67,11.75,21294.0,50689.0,-635064.0,-10.99,-664187.0,-11.49,29123.0,0.5,131036.0,2.27,504029.0,8.72,10,0.796,0.798,589859728.0,470708063,470708063,2026-08-24,2026-08-24 13:39:54+08:00
159249,A500增强ETF工银,1.361,1.3604,-0.04,-0.034,-2.44,103260,14188122.1,1.395,1.397,1.36,1.395,2.65,9.54,1.3,0.05,50943.0,52317.0,-3310646.0,-23.33,0.0,0.0,-3310646.0,-23.33,1531649.0,10.8,1778997.0,12.54,30,1.361,1.362,108191923.0,147249207,147249207,2026-08-24,2026-08-24 13:40:00+08:00
520680,港股通汽车ETF南方,0.835,0.8358,0.1,-0.021,-2.45,43637,3667905.0,0.853,0.853,0.834,0.856,2.22,6.11,0.8,6.11,23691.0,19946.0,158266.0,4.31,0.0,0.0,158266.0,4.31,-222827.0,-6.08,64561.0,1.76,-20,0.834,0.835,71369000.0,59593115,59593115,2026-08-24,2026-08-24 13:39:26+08:00
159532,中证2000ETF易方达,1.587,1.5895,0.16,-0.04,-2.46,149889,24017975.6,1.627,1.635,1.586,1.627,3.01,8.84,0.81,1.53,52167.0,97722.0,-1150308.0,-4.79,0.0,0.0,-1150308.0,-4.79,-3315747.0,-13.81,4466054.0,18.59,-56,1.588,1.589,169564791.0,269099323,269099323,2026-08-24,2026-08-24 13:39:57+08:00
159615,恒生生物科技ETF南方,1.148,1.1499,0.17,-0.029,-2.46,808083,93332062.8,1.183,1.2,1.139,1.177,5.18,22.63,0.97,-2.75,386903.0,421180.0,3033679.0,3.25,-1672359.0,-1.79,4706038.0,5.04,-6316369.0,-6.77,3282690.0,3.52,288,1.148,1.149,357054896.0,409899021,409899021,2026-08-24,2026-08-24 13:39:54+08:00
159883,医疗器械ETF永赢,0.434,0.4346,0.14,-0.011,-2.47,2044348,89457677.444,0.443,0.444,0.434,0.445,2.25,2.26,1.3,47.77,651752.0,1392596.0,-5411942.0,-6.05,-3556228.0,-3.98,-1855714.0,-2.07,4556862.0,5.09,855080.0,0.96,-134,0.434,0.435,9058037760.0,3931188388,3931188388,2026-08-24,2026-08-24 13:39:51+08:00
159516,半导体设备ETF国泰,0.711,0.7091,-0.27,-0.018,-2.47,37373352,2709453737.844,0.73,0.738,0.709,0.729,3.98,6.23,0.95,47.55,17322468.0,20050884.0,-127625296.0,-4.71,-239567504.0,-8.84,111942208.0,4.13,18609904.0,0.69,109015381.0,4.02,1531,0.71,0.711,59960359936.0,42631815914,42631815914,2026-08-24,2026-08-24 13:40:00+08:00
560010,中证1000ETF广发,3.083,3.0821,-0.03,-0.078,-2.47,1822588,568991386.0,3.158,3.173,3.078,3.161,3.01,9.74,0.73,-9.97,796125.0,1026463.0,-5767984.0,-1.01,-8763040.0,-1.54,2995056.0,0.53,-3094254.0,-0.54,8862232.0,1.56,-19,3.081,3.083,1870621696.0,5767126689,5767126689,2026-08-24,2026-08-24 13:39:37+08:00
516120,化工ETF富国,0.867,0.8671,0.01,-0.022,-2.47,672929,59045206.0,0.889,0.894,0.866,0.889,3.15,1.32,1.23,23.3,258537.0,414392.0,3184478.0,5.39,2975680.0,5.04,208798.0,0.35,-2075555.0,-3.52,-1108922.0,-1.88,-6,0.867,0.868,5117082112.0,4436510191,4436510191,2026-08-24,2026-08-24 13:39:43+08:00
512980,传媒ETF广发,0.789,0.7899,0.11,-0.02,-2.47,1481563,118054411.0,0.809,0.81,0.788,0.809,2.72,3.09,0.72,28.26,493816.0,987747.0,-11394965.0,-9.65,-9047754.0,-7.66,-2347211.0,-1.99,4160477.0,3.52,7234488.0,6.13,-20,0.789,0.79,4796924416.0,3784773364,3784773364,2026-08-24,2026-08-24 13:39:46+08:00
159105,恒生生物科技ETF易方达,0.945,0.9465,0.16,-0.024,-2.48,941718,89537912.5,0.969,0.976,0.937,0.969,4.02,50.83,0.91,0.72,438488.0,503230.0,867268.0,0.97,-2825298.0,-3.16,3692566.0,4.12,-848014.0,-0.95,-19253.0,-0.02,-486,0.944,0.945,185272984.0,175082970,175082970,2026-08-24,2026-08-24 13:39:57+08:00
510550,中证500ETF方正富邦,1.967,1.9665,-0.03,-0.05,-2.48,4008,799187.0,2.017,2.017,1.961,2.017,2.78,1.69,0.77,-1.09,1352.0,2656.0,-190480.0,-23.83,0.0,0.0,-190480.0,-23.83,-63151.0,-7.9,253630.0,31.74,5,1.961,1.968,23743300.0,46703071,46703071,2026-08-24,2026-08-24 13:39:50+08:00
588710,科创半导体设备ETF华泰柏瑞,1.019,1.0174,-0.16,-0.026,-2.49,10762796,1119202771.0,1.046,1.061,1.016,1.045,4.31,9.48,1.04,20.41,4896479.0,5866317.0,-20936896.0,-1.87,4735632.0,0.42,-25672528.0,-2.29,-7971543.0,-0.71,28941009.0,2.59,645,1.018,1.019,11358885120.0,11574703937,11574703937,2026-08-24,2026-08-24 13:39:28+08:00
520930,恒生生物科技ETF国泰,0.981,0.9827,0.17,-0.025,-2.49,230485,22730263.0,1.004,1.01,0.973,1.006,3.68,13.99,0.89,-6.06,113596.0,116889.0,-10521.0,-0.05,-605863.0,-2.67,595342.0,2.62,46326.0,0.2,-35805.0,-0.16,766,0.979,0.982,164733000.0,161603073,161603073,2026-08-24,2026-08-24 13:39:36+08:00
516300,中证1000ETF华泰柏瑞,3.117,3.1187,0.05,-0.08,-2.5,24024,7554286.0,3.199,3.214,3.112,3.197,3.19,5.59,0.65,11.89,5935.0,18089.0,-344841.0,-4.56,0.0,0.0,-344841.0,-4.56,-710863.0,-9.41,1055705.0,13.97,10,3.114,3.117,43012600.0,134070274,134070274,2026-08-24,2026-08-24 13:39:42+08:00
159109,恒生50ETF景顺,0.818,0.8208,0.34,-0.021,-2.5,130351,10681726.0,0.832,0.832,0.816,0.839,1.91,2.2,1.83,16.19,32592.0,97759.0,-340557.0,-3.19,-380081.0,-3.56,39524.0,0.37,370444.0,3.47,-29888.0,-0.28,-40,0.818,0.819,593163856.0,485208034,485208034,2026-08-24,2026-08-24 13:39:54+08:00
513930,恒生生物科技ETF华泰柏瑞,1.053,1.0533,0.03,-0.027,-2.5,504362,53255404.0,1.086,1.088,1.044,1.08,4.07,52.05,1.12,2.32,242935.0,261427.0,1456091.0,2.73,-1655361.0,-3.11,3111452.0,5.84,-1430683.0,-2.69,-25407.0,-0.05,5870,1.052,1.053,96908000.0,102044124,102044124,2026-08-24,2026-08-24 13:39:40+08:00
516520,智能驾驶ETF华泰柏瑞,1.016,1.0161,0.01,-0.026,-2.5,355708,36895634.0,1.04,1.05,1.015,1.042,3.36,4.41,1.08,9.9,136427.0,219281.0,-17771234.0,-48.17,-5935588.0,-16.09,-11835646.0,-32.08,-1776249.0,-4.81,19547484.0,52.98,672,1.016,1.017,805765504.0,818657752,818657752,2026-08-24,2026-08-24 13:39:39+08:00
512100,中证1000ETF南方,3.003,3.003,0.0,-0.077,-2.5,7617815,2314673649.0,3.075,3.09,2.999,3.08,2.95,11.59,0.98,-7.09,3506290.0,4111525.0,-36237728.0,-1.57,123511536.0,5.34,-159749264.0,-6.9,-46966837.0,-2.03,83225578.0,3.6,-1762,3.002,3.003,6571217664.0,19733366645,19733366645,2026-08-24,2026-08-24 13:39:46+08:00
159066,A股ETF建信,0.898,0.898,0.0,-0.023,-2.5,15051,1360461.2,0.921,0.921,0.898,0.921,2.5,0.71,0.36,9.86,3999.0,11052.0,-256396.0,-18.85,0.0,0.0,-256396.0,-18.85,149706.0,11.0,106690.0,7.84,-61,0.897,0.898,212733027.0,191034258,191034258,2026-08-24,2026-08-24 13:39:57+08:00
563010,电信ETF易方达,2.108,2.1064,-0.08,-0.054,-2.5,26834,5734527.0,2.162,2.162,2.105,2.162,2.64,2.85,0.8,-6.51,13083.0,13751.0,-1382340.0,-24.11,75312.0,1.31,-1457652.0,-25.42,611864.0,10.67,770476.0,13.44,-10,2.108,2.11,94189300.0,198551044,198551044,2026-08-24,2026-08-24 13:39:34+08:00
512650,长三角ETF汇添富,1.32,1.3212,0.09,-0.034,-2.51,11220,1505376.0,1.373,1.373,1.32,1.354,3.91,3.41,1.04,1.94,6012.0,5208.0,-5807.0,-0.39,0.0,0.0,-5807.0,-0.39,0.0,0.0,5808.0,0.39,-8,1.32,1.321,32941600.0,43482912,43482912,2026-08-24,2026-08-24 13:39:48+08:00
159590,软件ETF汇添富,0.856,0.8559,-0.01,-0.022,-2.51,382062,32987717.4,0.876,0.877,0.855,0.878,2.51,4.87,0.93,46.53,137822.0,244240.0,-5894140.0,-17.87,-4116846.0,-12.48,-1777294.0,-5.39,2310959.0,7.01,3583182.0,10.86,161,0.855,0.856,784361744.0,671413653,671413653,2026-08-24,2026-08-24 13:39:54+08:00
159557,恒生医疗ETF嘉实,1.468,1.4804,0.84,-0.038,-2.52,372289,54891122.0,1.509,1.518,1.459,1.506,3.92,29.11,0.82,11.55,174337.0,197952.0,-206875.0,-0.38,0.0,0.0,-206875.0,-0.38,83677.0,0.15,123198.0,0.22,-6,1.467,1.469,127894955.0,187749794,187749794,2026-08-24,2026-08-24 13:39:54+08:00
159838,医药50ETF博时,0.581,0.5782,-0.48,-0.015,-2.52,69863,4109412.6,0.591,0.612,0.58,0.596,5.37,3.11,1.24,38.02,26185.0,43678.0,-740019.0,-18.01,-426911.0,-10.39,-313108.0,-7.62,513337.0,12.49,226684.0,5.52,2,0.58,0.581,224763462.0,130587571,130587571,2026-08-24,2026-08-24 13:39:51+08:00
159068,软件ETF华夏,0.966,0.9671,0.11,-0.025,-2.52,30111,2930104.767,0.997,0.997,0.966,0.991,3.13,4.61,0.69,18.49,7493.0,22618.0,129284.0,4.41,173654.0,5.93,-44370.0,-1.51,-347458.0,-11.86,218173.0,7.45,339,0.965,0.967,65336570.0,63115127,63115127,2026-08-24,2026-08-24 13:39:54+08:00
561590,中证1000增强ETF华泰柏瑞,1.467,1.468,0.07,-0.038,-2.52,36186,5366994.0,1.506,1.515,1.467,1.505,3.19,3.57,1.02,-12.82,14593.0,21593.0,-524469.0,-9.77,0.0,0.0,-524469.0,-9.77,153200.0,2.85,371269.0,6.92,100,1.466,1.467,101499600.0,148899913,148899913,2026-08-24,2026-08-24 13:39:36+08:00
159629,中证1000ETF富国,3.095,3.0969,0.06,-0.08,-2.52,1977342,620135447.7,3.174,3.188,3.093,3.175,2.99,21.46,1.29,-16.57,903755.0,1073587.0,-32284804.0,-5.21,-77484831.0,-12.49,45200027.0,7.29,25929716.0,4.18,6355093.0,1.02,-147,3.095,3.098,921252656.0,2851276970,2851276970,2026-08-24,2026-08-24 13:39:54+08:00
159633,中证1000ETF易方达,3.169,3.1706,0.05,-0.082,-2.52,2792622,895531800.023,3.24,3.26,3.165,3.251,2.92,29.02,1.43,-12.88,1571232.0,1221391.0,-24072172.0,-2.69,-58497056.0,-6.53,34424884.0,3.84,18176397.0,2.03,5895774.0,0.66,200,3.168,3.17,962162656.0,3049093457,3049093457,2026-08-24,2026-08-24 13:39:54+08:00
560690,电信ETF鹏华,2.13,2.1332,0.15,-0.055,-2.52,8730,1881404.0,2.188,2.207,2.129,2.185,3.57,4.13,0.39,-34.49,3327.0,5403.0,350119.0,18.61,-16847.0,-0.9,366966.0,19.5,-311164.0,-16.54,-38954.0,-2.07,10,2.129,2.132,21139000.0,45026070,45026070,2026-08-24,2026-08-24 13:39:37+08:00
516820,医疗创新ETF平安,0.347,0.3439,-0.9,-0.009,-2.53,983195,34444463.0,0.356,0.356,0.346,0.356,2.81,2.16,0.78,34.4,322476.0,660719.0,-5811960.0,-16.87,-9091486.0,-26.39,3279526.0,9.52,4100206.0,11.9,1711753.0,4.97,10,0.346,0.347,4541415168.0,1575871063,1575871063,2026-08-24,2026-08-24 13:39:42+08:00
159552,中证2000增强ETF招商,2.189,2.186,-0.14,-0.057,-2.54,409462,90637534.233,2.233,2.26,2.185,2.246,3.34,6.74,0.76,-11.98,179637.0,229825.0,-4005510.0,-4.42,-2245360.0,-2.48,-1760150.0,-1.94,-1699536.0,-1.88,5705045.0,6.29,4,2.188,2.189,607790320.0,1330453010,1330453010,2026-08-24,2026-08-24 13:39:54+08:00
159521,国证2000ETF平安,1.227,1.228,0.08,-0.032,-2.54,8057,1005853.3,1.26,1.262,1.227,1.259,2.78,4.41,0.39,12.43,3120.0,4937.0,86940.0,8.64,0.0,0.0,86940.0,8.64,-77932.0,-7.75,-9008.0,-0.9,57,1.226,1.228,18274435.0,22422732,22422732,2026-08-24,2026-08-24 13:39:54+08:00
159907,国证2000ETF广发,1.038,1.0404,0.23,-0.027,-2.54,75607,7971385.8,1.063,1.068,1.037,1.065,2.91,4.37,1.68,1.38,29687.0,45920.0,-136100.0,-1.71,-118687.0,-1.49,-17413.0,-0.22,286664.0,3.6,-150564.0,-1.89,-6,1.038,1.039,173197694.0,179779206,179779206,2026-08-24,2026-08-24 13:39:51+08:00
159966,创业板价值ETF华夏,0.537,0.5367,-0.06,-0.014,-2.54,130783,7077082.0,0.551,0.552,0.536,0.551,2.9,2.04,1.21,19.26,69290.0,61493.0,-393655.0,-5.56,-671496.0,-9.49,277841.0,3.93,191771.0,2.71,201883.0,2.85,1,0.536,0.537,641999520.0,344753742,344753742,2026-08-24,2026-08-24 13:39:48+08:00
560790,软件ETF鹏华,0.802,0.8022,0.02,-0.021,-2.55,40325,3260968.0,0.823,0.825,0.802,0.823,2.79,1.77,0.87,13.4,11512.0,28813.0,-373227.0,-11.45,-576831.0,-17.69,203604.0,6.24,156508.0,4.8,216719.0,6.65,40,0.801,0.803,228455900.0,183221632,183221632,2026-08-24,2026-08-24 13:39:32+08:00
562520,中证1000成长ETF华夏,1.337,1.3415,0.34,-0.035,-2.55,54272,7372330.0,1.375,1.376,1.337,1.372,2.84,22.09,1.5,3.39,14694.0,39578.0,20219.0,0.27,0.0,0.0,20219.0,0.27,-189868.0,-2.58,169649.0,2.3,83,1.336,1.338,24568000.0,32847416,32847416,2026-08-24,2026-08-24 13:39:32+08:00
513120,港股创新药ETF广发,1.296,1.2979,0.15,-0.034,-2.56,39320300,5129865657.0,1.339,1.342,1.283,1.33,4.44,20.06,0.89,-4.78,17735281.0,21585019.0,-325545872.0,-6.35,-310579248.0,-6.06,-14966624.0,-0.29,191630352.0,3.74,133901386.0,2.61,5296,1.295,1.296,19602635520.0,25405015634,25405015634,2026-08-24,2026-08-24 13:39:47+08:00
512500,中证500ETF华夏,4.336,4.3473,0.26,-0.114,-2.56,1151806,505429227.0,4.45,4.456,4.334,4.45,2.74,6.32,1.35,-61.44,489601.0,662205.0,-16078709.0,-3.18,31159549.0,6.16,-47238258.0,-9.35,5062881.0,1.0,11015823.0,2.18,-1,4.335,4.336,1823208800.0,7905433357,7905433357,2026-08-24,2026-08-24 13:39:48+08:00
562930,软件ETF易方达,0.684,0.6847,0.1,-0.018,-2.56,566876,39124397.0,0.7,0.702,0.683,0.702,2.71,3.27,0.66,23.22,236735.0,330141.0,-8778306.0,-22.44,-8371537.0,-21.4,-406769.0,-1.04,4303974.0,11.0,4474332.0,11.44,-8,0.684,0.685,1731437008.0,1184302913,1184302913,2026-08-24,2026-08-24 13:39:36+08:00
561010,软件ETF华安,0.835,0.8364,0.17,-0.022,-2.57,100866,8501581.0,0.853,0.857,0.835,0.857,2.57,3.32,0.78,4.76,42838.0,58028.0,-582606.0,-6.85,-76186.0,-0.9,-506420.0,-5.96,200166.0,2.35,382442.0,4.5,297,0.834,0.836,303356000.0,253302260,253302260,2026-08-24,2026-08-24 13:39:37+08:00
159327,半导体设备ETF万家,1.139,1.1389,-0.01,-0.03,-2.57,1591865,185227495.5,1.169,1.184,1.137,1.169,4.02,5.47,1.03,58.15,832464.0,759401.0,-3899615.0,-2.11,-895731.0,-0.48,-3003884.0,-1.62,-1127181.0,-0.61,5026794.0,2.71,11,1.139,1.14,2911574096.0,3316282895,3316282895,2026-08-24,2026-08-24 13:40:00+08:00
159130,恒生生物科技ETF鹏华,0.946,0.949,0.32,-0.025,-2.57,88612,8416844.343,0.971,0.979,0.939,0.971,4.12,4.29,0.9,1.16,43424.0,45188.0,-49841.0,-0.59,-1746360.0,-20.75,1696519.0,20.16,-112324.0,-1.33,162165.0,1.93,849,0.946,0.947,206389466.0,195244435,195244435,2026-08-24,2026-08-24 13:39:51+08:00
159891,医疗ETF建信,0.378,0.3788,0.21,-0.01,-2.58,199031,7577029.8,0.388,0.389,0.377,0.388,3.09,5.77,0.96,13.41,63729.0,135302.0,-575366.0,-7.59,92893.0,1.23,-668259.0,-8.82,279357.0,3.69,296008.0,3.91,-1,0.378,0.379,345024832.0,130419386,130419386,2026-08-24,2026-08-24 13:39:51+08:00
159678,500增强ETF博时,1.51,1.515,0.33,-0.04,-2.58,31321,4767433.1,1.566,1.566,1.51,1.55,3.61,3.51,1.08,13.86,2926.0,28395.0,-277076.0,-5.81,0.0,0.0,-277076.0,-5.81,144835.0,3.04,132241.0,2.77,-647,1.509,1.511,89143694.0,134606978,134606978,2026-08-24,2026-08-24 13:39:54+08:00
561090,A500增强ETF华安,1.207,1.2029,-0.34,-0.032,-2.58,59206,7195638.0,1.239,1.239,1.204,1.239,2.82,2.78,0.6,-6.19,29886.0,29320.0,-875194.0,-12.16,1138940.0,15.83,-2014134.0,-27.99,419800.0,5.83,455394.0,6.33,14,1.206,1.207,212974000.0,257059618,257059618,2026-08-24,2026-08-24 13:39:38+08:00
159761,新材料ETF国泰,0.793,0.7935,0.06,-0.021,-2.58,39494,3180406.1,0.818,0.82,0.793,0.814,3.32,2.0,0.63,1.32,19447.0,20047.0,-401038.0,-12.61,0.0,0.0,-401038.0,-12.61,139156.0,4.38,261882.0,8.23,-96,0.792,0.793,197734117.0,156803155,156803155,2026-08-24,2026-08-24 13:39:51+08:00
159680,中证1000增强ETF招商,1.624,1.6251,0.07,-0.043,-2.58,452536,74272370.312,1.669,1.677,1.621,1.667,3.36,4.42,0.83,3.44,232795.0,219741.0,-7247280.0,-9.76,-3882050.0,-5.23,-3365230.0,-4.53,3708195.0,4.99,3539085.0,4.77,61,1.622,1.624,1023438080.0,1662063442,1662063442,2026-08-24,2026-08-24 13:39:54+08:00
560500,500质量成长ETF鹏扬,1.36,1.3634,0.25,-0.036,-2.58,16948,2340956.0,1.381,1.396,1.36,1.396,2.58,0.57,1.35,3.9,8155.0,8793.0,-431517.0,-18.43,0.0,0.0,-431517.0,-18.43,263243.0,11.25,168275.0,7.19,-30,1.361,1.362,296339008.0,403021051,403021051,2026-08-24,2026-08-24 13:39:38+08:00
520970,港股通创新药ETF嘉实,0.905,0.9044,-0.07,-0.024,-2.58,642179,58522645.0,0.933,0.938,0.897,0.929,4.41,5.15,0.59,26.39,266262.0,375917.0,2011187.0,3.44,2517859.0,4.31,-506672.0,-0.87,-1614010.0,-2.76,-397177.0,-0.68,748,0.904,0.905,1247358000.0,1128858990,1128858990,2026-08-24,2026-08-24 13:39:39+08:00
515250,智能汽车ETF富国,0.901,0.902,0.11,-0.024,-2.59,121381,11129917.0,0.922,0.931,0.901,0.925,3.24,3.56,0.96,14.01,63976.0,57405.0,310999.0,2.79,0.0,0.0,310999.0,2.79,-653913.0,-5.88,342914.0,3.08,-6,0.902,0.903,340944496.0,307190991,307190991,2026-08-24,2026-08-24 13:39:44+08:00
159132,恒生生物科技ETF富国,0.978,0.979,0.1,-0.026,-2.59,272003,26868583.672,1.004,1.012,0.971,1.004,4.08,21.94,0.81,-6.93,123055.0,148948.0,-2435114.0,-9.06,-1194920.0,-4.45,-1240194.0,-4.62,36128.0,0.13,2398987.0,8.93,56,0.978,0.979,123963558.0,121236360,121236360,2026-08-24,2026-08-24 13:39:57+08:00
159982,中证500ETF鹏华,2.061,2.0623,0.06,-0.055,-2.6,52237,10892173.7,2.114,2.12,2.06,2.116,2.84,2.66,0.85,-10.63,22932.0,29305.0,-1528131.0,-14.03,0.0,0.0,-1528131.0,-14.03,-1691238.0,-15.53,3219369.0,29.56,98,2.061,2.063,196211253.0,404391392,404391392,2026-08-24,2026-08-24 13:39:48+08:00
589020,科创半导体设备ETF鹏华,1.199,1.1989,-0.01,-0.032,-2.6,5978160,732623073.0,1.233,1.249,1.197,1.231,4.22,13.33,1.01,13.99,2948663.0,3029497.0,-18709838.0,-2.55,-4774062.0,-0.65,-13935776.0,-1.9,-11762228.0,-1.61,30470034.0,4.16,746,1.198,1.199,4484438016.0,5376841181,5376841181,2026-08-24,2026-08-24 13:39:28+08:00
560780,半导体设备ETF广发,1.048,1.0478,-0.02,-0.028,-2.6,6155842,658550807.0,1.076,1.088,1.046,1.076,3.9,4.78,1.03,46.7,2682825.0,3473017.0,-5703234.0,-0.87,32883047.0,4.99,-38586281.0,-5.86,-15289478.0,-2.32,20992716.0,3.19,15,1.047,1.048,12871488000.0,13489319424,13489319424,2026-08-24,2026-08-24 13:39:36+08:00
159036,软件开发ETF华宝,0.895,0.896,0.11,-0.024,-2.61,88789,8009921.604,0.919,0.919,0.894,0.919,2.72,3.09,0.7,49.53,17131.0,71658.0,389671.0,4.86,551878.0,6.89,-162207.0,-2.03,-786339.0,-9.82,396668.0,4.95,1,0.895,0.896,287740160.0,257527443,257527443,2026-08-24,2026-08-24 13:39:54+08:00
159337,中证500ETF东财,1.753,1.7529,-0.01,-0.047,-2.61,60608,10743373.2,1.795,1.805,1.752,1.8,2.94,2.17,0.78,0.79,26480.0,34128.0,-1913103.0,-17.81,0.0,0.0,-1913103.0,-17.81,-677705.0,-6.31,2590808.0,24.12,1,1.752,1.753,279710608.0,490332696,490332696,2026-08-24,2026-08-24 13:40:00+08:00
159558,半导体设备ETF易方达,1.115,1.1138,-0.11,-0.03,-2.62,10350682,1176474401.069,1.146,1.158,1.112,1.145,4.02,5.44,0.87,52.03,4626206.0,5724476.0,-67881536.0,-5.77,-56471072.0,-4.8,-11410464.0,-0.97,-6510720.0,-0.55,74392260.0,6.32,964,1.114,1.115,19013563904.0,21200123753,21200123753,2026-08-24,2026-08-24 13:40:00+08:00
520560,香港大盘30ETF华宝,0.818,0.8206,0.32,-0.022,-2.62,50062,4106319.0,0.834,0.834,0.816,0.84,2.14,0.82,1.22,-1.75,13585.0,36477.0,-656749.0,-15.99,55608.0,1.35,-712357.0,-17.35,484547.0,11.8,172202.0,4.19,-15,0.819,0.82,610419008.0,499322749,499322749,2026-08-24,2026-08-24 13:39:40+08:00
515230,软件ETF国泰,0.669,0.669,0.0,-0.018,-2.62,1905789,128559675.0,0.684,0.686,0.668,0.687,2.62,2.4,0.8,28.56,655705.0,1250084.0,-29805131.0,-23.18,-30983515.0,-24.1,1178384.0,0.92,17778089.0,13.83,12027042.0,9.36,-253,0.669,0.67,7934690816.0,5308308156,5308308156,2026-08-24,2026-08-24 13:39:45+08:00
562920,信息安全ETF易方达,0.892,0.8917,-0.03,-0.024,-2.62,40779,3669397.0,0.923,0.923,0.891,0.916,3.49,4.48,0.74,26.67,16595.0,24184.0,-461144.0,-12.57,0.0,0.0,-461144.0,-12.57,134922.0,3.68,326222.0,8.89,1000,0.891,0.892,91069000.0,81233548,81233548,2026-08-24,2026-08-24 13:39:36+08:00
560360,软件ETF万家,1.188,1.1877,-0.03,-0.032,-2.62,46223,5552530.0,1.218,1.22,1.188,1.22,2.62,2.07,1.09,8.17,15363.0,30860.0,-2766462.0,-49.82,-2325235.0,-41.88,-441227.0,-7.95,2102544.0,37.87,663919.0,11.96,10,1.187,1.188,223345000.0,265333860,265333860,2026-08-24,2026-08-24 13:39:36+08:00
159935,中证500ETF景顺,2.41,2.4172,0.3,-0.065,-2.63,5471,1329399.7,2.474,2.476,2.41,2.475,2.67,2.06,0.87,-9.24,1521.0,3950.0,-117533.0,-8.84,0.0,0.0,-117533.0,-8.84,72923.0,5.49,44611.0,3.36,10,2.407,2.412,26572956.0,64040824,64040824,2026-08-24,2026-08-24 13:39:51+08:00
510500,中证500ETF南方,7.659,7.6575,-0.02,-0.207,-2.63,2740098,2129007571.0,7.859,7.875,7.652,7.866,2.83,5.42,1.25,-84.57,975788.0,1764310.0,-8994592.0,-0.42,564772432.0,26.53,-573767024.0,-26.95,-125800296.0,-5.91,134787228.0,6.33,92,7.658,7.659,5050968576.0,38685368324,38685368324,2026-08-24,2026-08-24 13:39:48+08:00
159555,中证2000增强ETF银华,1.697,1.6989,0.11,-0.046,-2.64,12579,2157555.1,1.742,1.751,1.695,1.743,3.21,3.36,0.53,-37.92,7115.0,5464.0,-478122.0,-22.18,0.0,0.0,-478122.0,-22.18,-147811.0,-6.86,625932.0,29.04,14,1.695,1.697,37462705.0,63574210,63574210,2026-08-24,2026-08-24 13:39:54+08:00
517770,游戏传媒ETF浦银,0.844,0.8451,0.13,-0.023,-2.65,121969,10378722.0,0.868,0.869,0.842,0.867,3.11,7.26,2.47,18.77,33725.0,88244.0,-2578782.0,-24.85,-3204592.0,-30.88,625810.0,6.03,943150.0,9.09,1635633.0,15.76,34,0.843,0.844,167947800.0,141747943,141747943,2026-08-24,2026-08-24 13:39:30+08:00
159845,中证1000ETF华夏,3.083,3.0815,-0.05,-0.084,-2.65,4971486,1552658772.114,3.167,3.174,3.08,3.167,2.97,23.01,1.16,-4.38,2409588.0,2561898.0,-39728480.0,-2.56,-76861424.0,-4.95,37132944.0,2.39,24475935.0,1.58,15252540.0,0.98,41,3.082,3.083,2160425600.0,6660592125,6660592125,2026-08-24,2026-08-24 13:39:51+08:00
159523,沪深300成长ETF华夏,1.242,1.2365,-0.44,-0.034,-2.66,95511,12021594.1,1.276,1.276,1.241,1.276,2.74,13.94,1.98,19.06,48873.0,46638.0,-1503167.0,-12.5,-823772.0,-6.85,-679395.0,-5.65,851050.0,7.08,652118.0,5.42,3,1.241,1.242,68517348.0,85098546,85098546,2026-08-24,2026-08-24 13:39:54+08:00
159922,中证500ETF嘉实,3.109,3.106,-0.1,-0.085,-2.66,1237484,390302685.722,3.188,3.196,3.105,3.194,2.85,4.53,1.6,-51.56,535954.0,701530.0,63459241.0,16.26,34318436.0,8.79,29140805.0,7.47,-7096524.0,-1.82,-56362716.0,-14.44,3,3.108,3.109,2732676768.0,8495892072,8495892072,2026-08-24,2026-08-24 13:39:51+08:00
588170,科创半导体ETF华夏,0.985,0.9851,0.01,-0.027,-2.67,48068277,4838052320.0,1.015,1.026,0.984,1.012,4.15,10.95,1.0,57.2,22332113.0,25736164.0,-367728080.0,-7.61,-253861904.0,-5.25,-113866176.0,-2.36,102656848.0,2.12,265070272.0,5.48,-36270,0.984,0.985,43917446912.0,43258685208,43258685208,2026-08-24,2026-08-24 13:39:34+08:00
159852,软件ETF嘉实,0.657,0.6564,-0.09,-0.018,-2.67,5050149,334503044.219,0.672,0.674,0.656,0.675,2.67,3.62,0.85,30.58,1617242.0,3432907.0,-86559496.0,-25.88,-85844612.0,-25.66,-714884.0,-0.21,51348806.0,15.35,35210691.0,10.53,11,0.656,0.657,13942624000.0,9160303968,9160303968,2026-08-24,2026-08-24 13:39:51+08:00
560220,中证2000ETF广发,1.386,1.3857,-0.02,-0.038,-2.67,40667,5706904.0,1.41,1.424,1.384,1.424,2.81,6.38,0.84,1.48,18463.0,22204.0,-1041697.0,-18.25,0.0,0.0,-1041697.0,-18.25,682078.0,11.95,359620.0,6.3,1610,1.385,1.388,63717000.0,88311762,88311762,2026-08-24,2026-08-24 13:39:34+08:00
561280,中证1000增强ETF工银,1.558,1.5569,-0.07,-0.043,-2.69,46859,7381248.0,1.586,1.606,1.554,1.601,3.25,5.52,1.87,-1.83,22591.0,24268.0,-1933228.0,-26.19,0.0,0.0,-1933228.0,-26.19,1584272.0,21.46,348956.0,4.73,800,1.556,1.56,84847700.0,132192717,132192717,2026-08-24,2026-08-24 13:39:34+08:00
159902,中小100ETF华夏,4.484,4.4873,0.07,-0.124,-2.69,12953,5890250.5,4.605,4.622,4.484,4.608,2.99,1.71,0.75,-18.09,5815.0,7138.0,341717.0,5.8,0.0,0.0,341717.0,5.8,-985041.0,-16.72,643324.0,10.92,-300,4.485,4.488,75960849.0,340608447,340608447,2026-08-24,2026-08-24 13:39:51+08:00
515750,科技50ETF富国,1.989,1.9896,0.03,-0.055,-2.69,47990,9643230.0,2.044,2.049,1.985,2.044,3.13,1.82,1.22,1.82,26793.0,21197.0,-512071.0,-5.31,134837.0,1.4,-646908.0,-6.71,-432923.0,-4.49,944994.0,9.8,6,1.986,1.989,264140500.0,525375455,525375455,2026-08-24,2026-08-24 13:39:45+08:00
159543,国证2000ETF工银,1.448,1.4398,-0.57,-0.04,-2.69,11483,1676162.7,1.482,1.482,1.44,1.488,2.82,2.72,1.06,-1.05,4113.0,7370.0,-138759.0,-8.28,0.0,0.0,-138759.0,-8.28,134556.0,8.03,4203.0,0.25,1,1.447,1.448,42196551.0,61100606,61100606,2026-08-24,2026-08-24 13:40:00+08:00
159968,中证500ETF博时,10.022,10.0382,0.16,-0.278,-2.7,7755,7865106.6,10.287,10.295,10.02,10.3,2.67,1.2,0.88,28.01,3399.0,4356.0,1338639.0,17.02,0.0,0.0,1338639.0,17.02,-1678801.0,-21.34,340163.0,4.32,72,10.015,10.025,64495098.0,646369872,646369872,2026-08-24,2026-08-24 13:39:51+08:00
510510,中证500ETF广发,2.489,2.4883,-0.03,-0.069,-2.7,266627,67308398.0,2.553,2.559,2.486,2.558,2.85,3.22,1.74,-62.41,133630.0,132997.0,-14016735.0,-20.82,-12963791.0,-19.26,-1052944.0,-1.56,4749031.0,7.06,9267704.0,13.77,63,2.488,2.489,829038304.0,2063476339,2063476339,2026-08-24,2026-08-24 13:39:51+08:00
159899,软件ETF招商,0.684,0.6843,0.04,-0.019,-2.7,251916,17416851.4,0.702,0.702,0.683,0.703,2.7,2.61,0.92,56.3,70017.0,181899.0,530921.0,3.05,2023990.0,11.62,-1493069.0,-8.57,741988.0,4.26,-1272911.0,-7.31,-600,0.684,0.685,964977728.0,660044766,660044766,2026-08-24,2026-08-24 13:39:51+08:00
513200,港股通医药ETF易方达,1.076,1.077,0.09,-0.03,-2.71,1445421,156499778.0,1.11,1.114,1.068,1.106,4.16,16.14,1.07,6.58,810055.0,635366.0,-3118109.0,-1.99,-20882643.0,-13.34,17764534.0,11.35,2102790.0,1.34,1015320.0,0.65,-1,1.075,1.077,895282096.0,963323535,963323535,2026-08-24,2026-08-24 13:39:48+08:00
159500,中证500ETF富国,1.149,1.1494,0.03,-0.032,-2.71,129626,15034875.4,1.181,1.182,1.147,1.181,2.96,6.08,0.96,-56.41,56818.0,72808.0,-2127089.0,-14.15,-1104629.0,-7.35,-1022460.0,-6.8,554191.0,3.69,1572898.0,10.46,60,1.148,1.149,213338865.0,245126356,245126356,2026-08-24,2026-08-24 13:39:57+08:00
159820,中证500ETF天弘,1.328,1.3326,0.35,-0.037,-2.71,65863,8874160.1,1.368,1.368,1.328,1.365,2.93,0.49,1.28,8.72,25701.0,40162.0,-827330.0,-9.32,0.0,0.0,-827330.0,-9.32,405436.0,4.57,421893.0,4.75,10,1.328,1.33,1356408464.0,1801310440,1801310440,2026-08-24,2026-08-24 13:39:51+08:00
510530,中证500ETF工银,8.61,8.6106,0.01,-0.24,-2.71,3862,3368784.0,8.844,8.85,8.61,8.85,2.71,0.82,0.68,-5.91,2635.0,1227.0,-1551490.0,-46.05,0.0,0.0,-1551490.0,-46.05,1077523.0,31.99,473967.0,14.07,2,8.604,8.616,46979400.0,404492634,404492634,2026-08-24,2026-08-24 13:39:49+08:00
562590,半导体设备ETF华夏,1.004,1.0043,0.03,-0.028,-2.71,4391691,450749557.0,1.032,1.043,1.003,1.032,3.88,4.88,1.03,38.84,2212038.0,2179653.0,-14507509.0,-3.22,-25306959.0,-5.62,10799450.0,2.4,-2104317.0,-0.47,16611926.0,3.69,860,1.003,1.004,8992988928.0,9028960884,9028960884,2026-08-24,2026-08-24 13:39:37+08:00
512510,中证500ETF华泰柏瑞,2.296,2.3014,0.23,-0.064,-2.71,51087,11877848.0,2.36,2.365,2.295,2.36,2.97,1.18,1.06,-15.58,19223.0,31864.0,-2654013.0,-22.34,0.0,0.0,-2654013.0,-22.34,1108136.0,9.33,1545876.0,13.01,288,2.296,2.298,433429808.0,995154839,995154839,2026-08-24,2026-08-24 13:39:46+08:00
515530,中证500ETF泰康,4.22,4.2268,0.16,-0.118,-2.72,13046,5597522.0,4.295,4.301,4.22,4.338,1.87,10.66,3.05,4.62,7840.0,5206.0,339538.0,6.07,0.0,0.0,339538.0,6.07,-368087.0,-6.58,28549.0,0.51,-1,4.216,4.224,12242700.0,51664194,51664194,2026-08-24,2026-08-24 13:39:42+08:00
159703,新材料ETF天弘,0.893,0.8914,-0.18,-0.025,-2.72,13643,1238577.9,0.919,0.923,0.892,0.918,3.38,2.36,0.43,16.68,7296.0,6347.0,-34335.0,-2.77,517457.0,41.78,-551792.0,-44.55,12379.0,1.0,21955.0,1.77,5,0.891,0.893,57781591.0,51598961,51598961,2026-08-24,2026-08-24 13:39:51+08:00
510590,中证500ETF平安,8.308,8.3429,0.42,-0.232,-2.72,50892,42824682.0,8.538,8.551,8.306,8.54,2.87,4.16,23.89,48.72,15403.0,35489.0,28625973.0,66.84,27290558.0,63.73,1335415.0,3.12,-28904823.0,-67.5,278850.0,0.65,-115,8.308,8.315,122386100.0,1016783719,1016783719,2026-08-24,2026-08-24 13:39:48+08:00
561350,中证500ETF国泰,1.216,1.218,0.16,-0.034,-2.72,179600,22202563.0,1.239,1.262,1.216,1.25,3.68,24.37,1.16,-9.25,94415.0,85185.0,-1412676.0,-6.36,-477164.0,-2.15,-935512.0,-4.21,1381628.0,6.22,31048.0,0.14,1778,1.216,1.217,73700000.0,89619200,89619200,2026-08-24,2026-08-24 13:39:35+08:00
515910,质量ETF中金,0.676,0.6783,0.34,-0.019,-2.73,30080,2064554.0,0.695,0.7,0.676,0.695,3.45,1.32,1.17,3.7,10738.0,19342.0,-342232.0,-16.58,-826792.0,-40.05,484560.0,23.47,223149.0,10.81,119082.0,5.77,-200,0.676,0.678,227507000.0,153794732,153794732,2026-08-24,2026-08-24 13:39:41+08:00
159536,中证2000ETF汇添富,1.348,1.3465,-0.11,-0.038,-2.74,39741,5450244.2,1.383,1.39,1.348,1.386,3.03,8.78,0.57,33.5,14252.0,25489.0,-40199.0,-0.74,0.0,0.0,-40199.0,-0.74,-371193.0,-6.81,411392.0,7.55,-10,1.347,1.348,45261589.0,61012622,61012622,2026-08-24,2026-08-24 13:39:57+08:00
159679,中证1000增强ETF国泰,1.239,1.2407,0.14,-0.035,-2.75,36514,4580561.3,1.274,1.288,1.239,1.274,3.85,6.6,1.02,-7.99,15383.0,21131.0,-222523.0,-4.86,0.0,0.0,-222523.0,-4.86,-162850.0,-3.56,385374.0,8.41,-20,1.239,1.241,55289156.0,68503264,68503264,2026-08-24,2026-08-24 13:39:54+08:00
159553,中证2000增强ETF海富通,1.764,1.7664,0.14,-0.05,-2.76,3333,595669.9,1.818,1.818,1.764,1.814,2.98,2.17,0.7,0.04,1941.0,1392.0,167066.0,28.05,0.0,0.0,167066.0,28.05,-397197.0,-66.68,230132.0,38.63,-15,1.763,1.766,15326751.0,27036389,27036389,2026-08-24,2026-08-24 13:39:54+08:00
159531,中证2000ETF南方,1.405,1.4046,-0.03,-0.04,-2.77,1003147,142459396.483,1.441,1.45,1.401,1.445,3.39,10.49,1.06,10.55,400583.0,602564.0,-6364394.0,-4.47,2682065.0,1.88,-9046459.0,-6.35,3200821.0,2.25,3163572.0,2.22,52,1.404,1.405,956608400.0,1344034802,1344034802,2026-08-24,2026-08-24 13:40:00+08:00
560300,电信ETF汇添富,2.215,2.2124,-0.12,-0.063,-2.77,26208,5882890.0,2.276,2.276,2.215,2.278,2.68,9.43,4.73,9.75,21569.0,4639.0,-213377.0,-3.63,882063.0,14.99,-1095440.0,-18.62,62992.0,1.07,150386.0,2.56,-51,2.217,2.221,27803400.0,61584531,61584531,2026-08-24,2026-08-24 13:39:37+08:00
510580,中证500ETF易方达,4.03,4.0334,0.08,-0.115,-2.77,302161,123414160.0,4.146,4.147,4.028,4.145,2.87,2.71,1.28,-1.98,132745.0,169416.0,-13117289.0,-10.63,-4204262.0,-3.41,-8913027.0,-7.22,7274273.0,5.89,5843015.0,4.73,-30,4.029,4.031,1116568304.0,4499770265,4499770265,2026-08-24,2026-08-24 13:39:48+08:00
159873,医疗设备ETF天弘,0.519,0.5211,0.4,-0.015,-2.81,181528,9493878.5,0.533,0.533,0.518,0.534,2.81,3.92,1.1,53.04,54375.0,127153.0,-3365806.0,-35.45,-4751715.0,-50.05,1385909.0,14.6,2212357.0,23.3,1153450.0,12.15,984,0.518,0.519,462920000.0,240255480,240255480,2026-08-24,2026-08-24 13:39:51+08:00
563750,中证500ETF汇添富,1.072,1.0719,-0.01,-0.031,-2.81,143850,15691072.0,1.113,1.113,1.071,1.103,3.81,4.3,1.89,13.29,72601.0,71249.0,-2766308.0,-17.63,-4903824.0,-31.25,2137516.0,13.62,2352312.0,14.99,413996.0,2.64,-102,1.071,1.074,334737008.0,358838073,358838073,2026-08-24,2026-08-24 13:39:32+08:00
560390,电网设备ETF易方达,0.86,0.8594,-0.07,-0.025,-2.82,864432,75134263.0,0.885,0.886,0.858,0.885,3.16,4.26,1.03,23.45,301830.0,562602.0,-12627069.0,-16.81,-9172923.0,-12.21,-3454146.0,-4.6,4187471.0,5.57,8439598.0,11.23,50,0.859,0.86,2031258000.0,1746881880,1746881880,2026-08-24,2026-08-24 13:39:38+08:00
159505,国证2000ETF博时,1.552,1.5526,0.04,-0.045,-2.82,5899,923390.3,1.601,1.601,1.55,1.597,3.19,3.09,0.31,0.06,4522.0,1377.0,-716432.0,-77.59,0.0,0.0,-716432.0,-77.59,693948.0,75.15,22484.0,2.43,1,1.55,1.552,19104786.0,29650628,29650628,2026-08-24,2026-08-24 13:40:00+08:00
561550,中证500增强ETF华泰柏瑞,1.379,1.3777,-0.09,-0.04,-2.82,273250,38146091.0,1.414,1.422,1.377,1.419,3.17,2.14,0.87,2.63,115742.0,157508.0,-9925796.0,-26.04,1449802.0,3.8,-11375598.0,-29.84,6545834.0,17.17,3379962.0,8.87,168,1.377,1.379,1277989600.0,1762347658,1762347658,2026-08-24,2026-08-24 13:39:37+08:00
561780,1000增强ETF博时,1.517,1.519,0.13,-0.044,-2.82,16788,2572092.0,1.559,1.565,1.515,1.561,3.2,7.86,0.89,0.65,7762.0,9026.0,-240086.0,-9.33,0.0,0.0,-240086.0,-9.33,-14969.0,-0.58,255056.0,9.92,100,1.517,1.518,21355800.0,32396749,32396749,2026-08-24,2026-08-24 13:39:34+08:00
512010,医药ETF易方达,0.377,0.377,0.0,-0.011,-2.84,11266725,428650997.0,0.385,0.387,0.376,0.388,2.84,2.78,1.16,43.3,3661471.0,7605254.0,-44898292.0,-10.47,-74941839.0,-17.48,30043547.0,7.01,29670126.0,6.92,15228170.0,3.55,35,0.376,0.377,40538694912.0,15283087982,15283087982,2026-08-24,2026-08-24 13:39:51+08:00
516360,新材料ETF华宝,1.02,1.0227,0.26,-0.03,-2.86,12325,1273984.0,1.058,1.058,1.02,1.05,3.62,2.14,0.48,0.11,4922.0,7403.0,-372942.0,-29.27,16709.0,1.31,-389651.0,-30.59,348911.0,27.39,24030.0,1.89,-110,1.021,1.023,57551800.0,58702836,58702836,2026-08-24,2026-08-24 13:39:42+08:00
561950,中证500增强ETF招商,1.354,1.3568,0.21,-0.04,-2.87,41337,5675950.0,1.398,1.398,1.354,1.394,3.16,5.73,1.33,-4.76,15072.0,26265.0,-491472.0,-8.66,0.0,0.0,-491472.0,-8.66,486044.0,8.56,5426.0,0.1,247,1.354,1.356,72156000.0,97699224,97699224,2026-08-24,2026-08-24 13:39:35+08:00
517200,互联网ETF嘉实,0.576,0.5758,-0.03,-0.017,-2.87,19742,1139859.0,0.593,0.593,0.574,0.593,3.2,1.38,1.46,7.61,11443.0,8299.0,-142556.0,-12.51,0.0,0.0,-142556.0,-12.51,4442.0,0.39,138114.0,12.12,-136,0.574,0.577,142782000.0,82242432,82242432,2026-08-24,2026-08-24 13:39:13+08:00
159613,信息安全ETF嘉实,0.84,0.8406,0.07,-0.025,-2.89,47156,4000580.0,0.866,0.866,0.839,0.865,3.12,4.23,0.65,40.03,13712.0,33444.0,-507626.0,-12.69,0.0,0.0,-507626.0,-12.69,-63504.0,-1.59,571131.0,14.28,20,0.84,0.841,111590217.0,93735782,93735782,2026-08-24,2026-08-24 13:39:51+08:00
159350,深证50ETF富国,1.545,1.547,0.13,-0.046,-2.89,393302,61808594.8,1.59,1.594,1.544,1.591,3.14,31.72,1.55,13.58,195078.0,198224.0,-1982481.0,-3.21,1825606.0,2.95,-3808087.0,-6.16,894141.0,1.45,1088339.0,1.76,-318,1.544,1.545,124009642.0,191594897,191594897,2026-08-24,2026-08-24 13:40:00+08:00
563030,中证500增强ETF易方达,1.542,1.5476,0.36,-0.046,-2.9,21475,3352007.0,1.588,1.589,1.542,1.588,2.96,1.69,0.65,3.12,5060.0,16415.0,477525.0,14.25,0.0,0.0,477525.0,14.25,-85142.0,-2.54,-392384.0,-11.71,-16,1.543,1.548,127169000.0,196094598,196094598,2026-08-24,2026-08-24 13:39:26+08:00
517660,物联网ETF天弘,1.232,1.2284,-0.29,-0.037,-2.92,6091,756105.0,1.269,1.27,1.225,1.269,3.55,1.53,0.7,-8.07,2005.0,4086.0,-10765.0,-1.42,0.0,0.0,-10765.0,-1.42,0.0,0.0,10765.0,1.42,-2,1.223,1.225,39880700.0,49133022,49133022,2026-08-24,2026-08-24 13:39:41+08:00
159685,1000增强ETF天弘,1.426,1.4258,-0.01,-0.043,-2.93,11415,1650608.9,1.466,1.468,1.426,1.469,2.86,5.87,0.9,-15.75,3222.0,8193.0,-422439.0,-25.59,0.0,0.0,-422439.0,-25.59,420403.0,25.47,2036.0,0.12,1,1.425,1.427,19440067.0,27721536,27721536,2026-08-24,2026-08-24 13:39:51+08:00
159656,沪深300成长ETF万家,1.19,1.1914,0.12,-0.036,-2.94,74197,8957177.3,1.228,1.228,1.189,1.226,3.18,3.25,1.01,6.21,23452.0,50745.0,595947.0,6.65,0.0,0.0,595947.0,6.65,-286344.0,-3.2,-309604.0,-3.46,-1100,1.189,1.19,228238451.0,271603757,271603757,2026-08-24,2026-08-24 13:39:54+08:00
159970,深100ETF工银,1.021,1.0217,0.07,-0.031,-2.95,3935,408410.4,1.046,1.046,1.021,1.052,2.38,3.76,1.36,0.05,1320.0,2615.0,-40746.0,-9.98,0.0,0.0,-40746.0,-9.98,0.0,0.0,40747.0,9.98,-130,1.019,1.02,10468704.0,10688547,10688547,2026-08-24,2026-08-24 13:39:48+08:00
159943,深证成指ETF大成,1.513,1.5096,-0.23,-0.046,-2.95,195041,29840163.5,1.553,1.559,1.511,1.559,3.08,10.04,1.07,34.92,60421.0,134620.0,-6409534.0,-21.48,8558.0,0.03,-6418092.0,-21.51,-1487519.0,-4.98,7897052.0,26.46,-40,1.513,1.514,194229922.0,293869872,293869872,2026-08-24,2026-08-24 13:39:51+08:00
159535,中证2000ETF嘉实,1.441,1.4437,0.19,-0.044,-2.96,56066,8134089.3,1.481,1.488,1.441,1.485,3.16,21.58,1.18,0.75,14918.0,41148.0,-730629.0,-8.98,4386377.0,53.93,-5117006.0,-62.91,710176.0,8.73,20453.0,0.25,-6,1.443,1.444,25981088.0,37438748,37438748,2026-08-24,2026-08-24 13:39:57+08:00
159550,互联网ETF东财,0.785,0.7876,0.33,-0.024,-2.97,59332,4680425.2,0.804,0.808,0.784,0.809,2.97,3.03,1.3,-36.19,29058.0,30274.0,-1299744.0,-27.77,-281187.0,-6.01,-1018557.0,-21.76,593268.0,12.68,706475.0,15.09,20,0.784,0.785,195828785.0,153725596,153725596,2026-08-24,2026-08-24 13:40:00+08:00
517050,互联网ETF华泰柏瑞,0.653,0.657,0.61,-0.02,-2.97,25648,1683683.0,0.667,0.668,0.653,0.673,2.23,0.74,1.4,13.19,7803.0,17845.0,27714.0,1.65,167877.0,9.97,-140163.0,-8.32,-173223.0,-10.29,145509.0,8.64,-1,0.653,0.654,347605008.0,226986070,226986070,2026-08-24,2026-08-24 13:39:37+08:00
159586,计算机ETF南方,1.008,1.0094,0.14,-0.031,-2.98,56725,5775317.3,1.035,1.037,1.008,1.039,2.79,2.14,0.76,66.17,25054.0,31671.0,-696752.0,-12.06,-985053.0,-17.06,288301.0,4.99,58295.0,1.01,638457.0,11.05,1580,1.008,1.009,265525923.0,267650130,267650130,2026-08-24,2026-08-24 13:39:54+08:00
159763,新材料ETF建信,0.717,0.7203,0.46,-0.022,-2.98,24226,1771630.962,0.739,0.746,0.717,0.739,3.92,2.7,0.64,2.08,9979.0,14247.0,98960.0,5.59,0.0,0.0,98960.0,5.59,-52895.0,-2.99,-46064.0,-2.6,-1,0.718,0.719,89707747.0,64320455,64320455,2026-08-24,2026-08-24 13:39:51+08:00
159573,创业板200ETF华夏,1.402,1.4013,-0.05,-0.043,-2.98,95414,13533020.5,1.444,1.45,1.4,1.445,3.46,12.01,1.21,7.19,46572.0,48842.0,221926.0,1.64,0.0,0.0,221926.0,1.64,-524468.0,-3.88,302543.0,2.24,20,1.4,1.401,79456297.0,111397728,111397728,2026-08-24,2026-08-24 13:39:54+08:00
159975,深100ETF招商,0.748,0.7493,0.17,-0.023,-2.98,30303,2285596.7,0.767,0.767,0.748,0.771,2.46,6.13,1.54,17.72,11124.0,19179.0,-82355.0,-3.6,0.0,0.0,-82355.0,-3.6,-12862.0,-0.56,95216.0,4.17,-1500,0.748,0.749,49437760.0,36979444,36979444,2026-08-24,2026-08-24 13:39:48+08:00
526010,港股通医疗ETF汇添富,1.038,1.0411,0.3,-0.032,-2.99,56204,5891145.0,1.076,1.076,1.032,1.07,4.11,12.1,0.49,9.35,36794.0,19410.0,239782.0,4.07,-1614990.0,-27.41,1854772.0,31.48,-190326.0,-3.23,-49454.0,-0.84,570,1.037,1.039,46458000.0,48223404,48223404,2026-08-24,2026-08-24 13:39:34+08:00
159216,深证100ETF大成,1.456,1.452,-0.28,-0.045,-3.0,20815,3065428.074,1.493,1.498,1.456,1.501,2.8,18.84,0.9,6.59,7325.0,13490.0,-235747.0,-7.69,0.0,0.0,-235747.0,-7.69,217546.0,7.1,18202.0,0.59,1,1.453,1.454,11048250.0,16086252,16086252,2026-08-24,2026-08-24 13:39:57+08:00
159320,电网设备ETF广发,0.613,0.6127,-0.05,-0.019,-3.01,456115,28241697.5,0.63,0.63,0.611,0.632,3.01,2.56,0.77,10.09,162567.0,293548.0,-4236897.0,-15.0,-770322.0,-2.73,-3466575.0,-12.27,1602594.0,5.67,2634303.0,9.33,200,0.612,0.613,1784235520.0,1093736374,1093736374,2026-08-24,2026-08-24 13:40:00+08:00
516890,新材料ETF平安,0.771,0.7725,0.19,-0.024,-3.02,2272,177644.0,0.792,0.813,0.771,0.795,5.28,0.68,0.51,-6.88,346.0,1926.0,-15168.0,-8.54,0.0,0.0,-15168.0,-8.54,317.0,0.18,14850.0,8.36,-56,0.771,0.773,33311400.0,25683089,25683089,2026-08-24,2026-08-24 13:39:42+08:00
159760,医疗健康ETF泰康,0.579,0.5796,0.1,-0.018,-3.02,28842,1680802.1,0.599,0.602,0.579,0.597,3.85,2.18,1.56,-2.31,13172.0,15670.0,-106851.0,-6.36,0.0,0.0,-106851.0,-6.36,-5174.0,-0.31,112025.0,6.66,-171,0.578,0.579,132360223.0,76636569,76636569,2026-08-24,2026-08-24 13:39:51+08:00
159903,深成ETF南方,1.671,1.6685,-0.15,-0.052,-3.02,378853,64067509.229,1.717,1.724,1.669,1.723,3.19,8.57,1.19,23.26,132135.0,246718.0,-18279017.0,-28.53,-4760838.0,-7.43,-13518179.0,-21.1,4031706.0,6.29,14247312.0,22.24,-10,1.67,1.672,442154512.0,738840190,738840190,2026-08-24,2026-08-24 13:39:51+08:00
159326,电网设备ETF华夏,1.636,1.6361,0.01,-0.051,-3.02,2066167,341945265.112,1.682,1.683,1.633,1.687,2.96,1.67,0.67,47.35,837096.0,1229071.0,-50989934.0,-14.91,-3282893.0,-0.96,-47707041.0,-13.95,14742849.0,4.31,36247084.0,10.6,103,1.635,1.636,12343265536.0,20193582417,20193582417,2026-08-24,2026-08-24 13:40:00+08:00
159901,深证100ETF易方达,3.558,3.5626,0.13,-0.111,-3.03,967314,350245413.458,3.67,3.678,3.558,3.669,3.27,10.02,1.45,16.29,427115.0,540199.0,-1716024.0,-0.49,8176329.0,2.33,-9892353.0,-2.82,-5148101.0,-1.47,6864125.0,1.96,-62,3.559,3.562,965234928.0,3434305874,3434305874,2026-08-24,2026-08-24 13:39:51+08:00
159912,深300ETF汇添富,1.888,1.8892,0.06,-0.059,-3.03,11245,2152218.8,1.945,1.945,1.888,1.947,2.93,1.71,2.02,6.0,2204.0,9041.0,86524.0,4.02,0.0,0.0,86524.0,4.02,-96313.0,-4.48,9789.0,0.45,-11,1.888,1.892,65948991.0,124511695,124511695,2026-08-24,2026-08-24 13:39:48+08:00
159167,港股通医疗ETF工银,0.96,0.9618,0.19,-0.03,-3.03,364597,35410789.906,0.996,1.028,0.955,0.99,7.37,19.34,0.81,2.79,196656.0,167941.0,-2433859.0,-6.87,-3783965.0,-10.69,1350106.0,3.81,1667191.0,4.71,766668.0,2.17,-13,0.959,0.96,188549164.0,181007197,181007197,2026-08-24,2026-08-24 13:39:54+08:00
530100,上证580ETF易方达,1.115,1.1152,0.02,-0.035,-3.04,19290,2177649.0,1.138,1.149,1.114,1.15,3.04,1.6,0.97,3.76,5835.0,13455.0,-227887.0,-10.46,0.0,0.0,-227887.0,-10.46,100962.0,4.64,126925.0,5.83,97,1.114,1.116,120696000.0,134576040,134576040,2026-08-24,2026-08-24 13:39:34+08:00
515200,创新100ETF申万菱信,2.449,2.4349,-0.58,-0.077,-3.05,5958,1477507.0,2.53,2.571,2.449,2.526,4.83,1.53,1.14,-4.95,2300.0,3658.0,-145339.0,-9.84,0.0,0.0,-145339.0,-9.84,123837.0,8.38,21502.0,1.46,-20,2.438,2.442,38943200.0,95371897,95371897,2026-08-24,2026-08-24 13:39:28+08:00
159575,创业板200ETF银华,1.363,1.3608,-0.16,-0.043,-3.06,6001,822501.4,1.406,1.406,1.362,1.406,3.13,5.26,1.19,0.31,3042.0,2959.0,-166249.0,-20.21,0.0,0.0,-166249.0,-20.21,165648.0,20.14,602.0,0.07,18,1.358,1.359,11410425.0,15552409,15552409,2026-08-24,2026-08-24 13:39:54+08:00
159918,中创400ETF嘉实,2.404,2.4071,0.13,-0.076,-3.06,6965,1701815.1,2.455,2.46,2.402,2.48,2.34,2.28,0.85,2.34,2002.0,4963.0,0.0,0.0,0.0,0.0,0.0,0.0,73180.0,4.3,-73180.0,-4.3,1,2.403,2.405,30561264.0,73469279,73469279,2026-08-24,2026-08-24 13:39:51+08:00
159366,港股医疗ETF永赢,1.458,1.4509,-0.49,-0.046,-3.06,1017027,149783466.1,1.502,1.513,1.449,1.504,4.26,38.48,0.71,0.75,462620.0,554407.0,1606442.0,1.07,-1934528.0,-1.29,3540970.0,2.36,-585974.0,-0.39,-1020469.0,-0.68,18,1.457,1.458,264333072.0,385397619,385397619,2026-08-24,2026-08-24 13:39:57+08:00
159973,民企ETF弘毅远方,1.901,1.9024,0.07,-0.06,-3.06,2311,446244.6,1.966,1.966,1.901,1.961,3.31,0.12,0.58,0.08,1511.0,800.0,-78278.0,-17.54,0.0,0.0,-78278.0,-17.54,70984.0,15.91,7293.0,1.63,-1,1.9,1.903,199976423.0,380155180,380155180,2026-08-24,2026-08-24 13:39:51+08:00
159706,深证100ETF华安,0.917,0.916,-0.11,-0.029,-3.07,16872,1569511.1,0.946,0.956,0.917,0.946,4.12,4.18,0.58,10.22,7599.0,9273.0,-228780.0,-14.58,0.0,0.0,-228780.0,-14.58,188652.0,12.02,40126.0,2.56,-8,0.915,0.916,40386800.0,37034696,37034696,2026-08-24,2026-08-24 13:39:51+08:00
517950,沪深港科技50ETF交银,1.137,1.1401,0.27,-0.036,-3.07,46988,5383970.0,1.173,1.173,1.137,1.173,3.07,9.1,1.11,-8.63,21541.0,25447.0,52551.0,0.98,0.0,0.0,52551.0,0.98,21756.0,0.4,-74307.0,-1.38,-226,1.134,1.136,51623200.0,58695578,58695578,2026-08-24,2026-08-24 13:39:36+08:00
561380,电网设备ETF国泰,0.727,0.7267,-0.04,-0.023,-3.07,769482,56418988.0,0.747,0.747,0.725,0.75,2.93,1.13,1.08,81.16,214276.0,555206.0,-6619938.0,-11.73,-6714648.0,-11.9,94710.0,0.17,2167307.0,3.84,4452633.0,7.89,50,0.726,0.727,6823534080.0,4960709276,4960709276,2026-08-24,2026-08-24 13:39:34+08:00
513620,港股医疗ETF银华,1.102,1.1034,0.13,-0.035,-3.08,154394,17094854.0,1.137,1.148,1.097,1.137,4.49,26.07,0.74,31.89,79489.0,74905.0,751798.0,4.4,0.0,0.0,751798.0,4.4,-662280.0,-3.87,-89517.0,-0.52,-1700,1.099,1.101,59216000.0,65256032,65256032,2026-08-24,2026-08-24 13:39:32+08:00
159716,深证100ETF华宝,1.102,1.1035,0.14,-0.035,-3.08,42026,4711407.1,1.133,1.134,1.102,1.137,2.81,7.55,1.65,21.48,19863.0,22163.0,-9645.0,-0.2,0.0,0.0,-9645.0,-0.2,780.0,0.02,8866.0,0.19,-1500,1.102,1.104,55666732.0,61344739,61344739,2026-08-24,2026-08-24 13:39:51+08:00
158003,港股通医疗ETF嘉实,1.004,1.0091,0.51,-0.032,-3.09,268622,27265134.975,1.035,1.04,0.997,1.036,4.15,15.83,0.36,-32.15,164112.0,104509.0,-2818898.0,-10.34,-13199217.0,-48.41,10380319.0,38.07,2387214.0,8.76,431685.0,1.58,-5,1.004,1.007,169654396.0,170333014,170333014,2026-08-24,2026-08-24 13:39:57+08:00
159212,深100ETF南方,1.444,1.4415,-0.17,-0.046,-3.09,58220,8510284.5,1.487,1.487,1.444,1.49,2.89,8.18,0.86,-10.43,30457.0,27763.0,-795213.0,-9.34,0.0,0.0,-795213.0,-9.34,401536.0,4.72,393678.0,4.63,35,1.442,1.444,71204367.0,102819106,102819106,2026-08-24,2026-08-24 13:40:00+08:00
159137,港股通医疗ETF华宝,0.972,0.9724,0.04,-0.031,-3.09,514508,50302528.3,1.002,1.01,0.966,1.003,4.39,32.64,0.78,3.19,264349.0,250159.0,1179797.0,2.35,-2726416.0,-5.42,3906213.0,7.77,-1503217.0,-2.99,323420.0,0.64,9,0.97,0.972,157632607.0,153218894,153218894,2026-08-24,2026-08-24 13:39:57+08:00
589550,科创价值ETF华夏,1.287,1.2854,-0.12,-0.041,-3.09,19293,2512994.0,1.323,1.323,1.287,1.328,2.71,7.63,1.53,0.32,9219.0,10074.0,319641.0,12.72,0.0,0.0,319641.0,12.72,-234239.0,-9.32,-85402.0,-3.4,-1,1.284,1.285,25295500.0,32555309,32555309,2026-08-24,2026-08-24 13:39:28+08:00
515950,医药50ETF富国,0.938,0.9383,0.03,-0.03,-3.1,128866,12224917.0,0.966,0.977,0.937,0.968,4.13,2.43,1.3,14.9,44244.0,84622.0,-2616826.0,-21.41,-1929242.0,-15.78,-687584.0,-5.62,178904.0,1.46,2437923.0,19.94,2,0.937,0.938,530200608.0,497328170,497328170,2026-08-24,2026-08-24 13:39:43+08:00
159628,国证2000ETF万家,1.345,1.3488,0.28,-0.043,-3.1,472077,64337637.807,1.389,1.389,1.344,1.388,3.24,12.82,0.98,-7.64,195408.0,276669.0,1509852.0,2.35,-333170.0,-0.52,1843022.0,2.86,896860.0,1.39,-2406713.0,-3.74,-1393,1.345,1.347,368283248.0,495340969,495340969,2026-08-24,2026-08-24 13:39:54+08:00
159219,深证100ETF融通,1.345,1.3446,-0.03,-0.043,-3.1,5940,809611.7,1.376,1.379,1.345,1.388,2.45,7.08,0.56,24.69,2950.0,2990.0,-151200.0,-18.68,0.0,0.0,-151200.0,-18.68,79194.0,9.78,72007.0,8.89,50,1.344,1.346,8388018.0,11281884,11281884,2026-08-24,2026-08-24 13:39:57+08:00
159961,深100ETF方正富邦,2.182,2.1841,0.1,-0.07,-3.11,14297,3180769.4,2.261,2.261,2.182,2.252,3.51,1.44,1.42,-7.68,9219.0,5078.0,-420777.0,-13.23,0.0,0.0,-420777.0,-13.23,312925.0,9.84,107854.0,3.39,-20,2.181,2.184,99245196.0,216553018,216553018,2026-08-24,2026-08-24 13:39:51+08:00
517990,沪港深医药ETF招商,0.901,0.9067,0.63,-0.029,-3.12,42768,3908625.0,0.93,0.93,0.901,0.93,3.12,8.91,1.68,-12.87,14479.0,28289.0,-560008.0,-14.33,-698067.0,-17.86,138059.0,3.53,634087.0,16.22,-74078.0,-1.9,-143,0.901,0.903,47987900.0,43237098,43237098,2026-08-24,2026-08-24 13:39:33+08:00
159150,深证50ETF易方达,1.582,1.5865,0.28,-0.051,-3.12,72919,11729792.3,1.627,1.633,1.582,1.633,3.12,7.84,1.96,2.64,36328.0,36591.0,624774.0,5.33,-1126289.0,-9.6,1751063.0,14.93,-981131.0,-8.36,356357.0,3.04,1,1.582,1.583,92997623.0,147122240,147122240,2026-08-24,2026-08-24 13:39:57+08:00
159847,医疗ETF易方达,0.404,0.4042,0.05,-0.013,-3.12,567449,23217105.2,0.416,0.417,0.404,0.417,3.12,1.49,0.94,37.15,243932.0,323517.0,-3851796.0,-16.59,-1551764.0,-6.68,-2300032.0,-9.91,1685538.0,7.26,2166259.0,9.33,-590,0.404,0.405,3820825360.0,1543613445,1543613445,2026-08-24,2026-08-24 13:39:51+08:00
159610,中证500增强ETF景顺,1.24,1.2405,0.04,-0.04,-3.13,59355,7442801.815,1.28,1.28,1.24,1.28,3.13,3.65,1.67,3.98,23971.0,35384.0,-958554.0,-12.88,0.0,0.0,-958554.0,-12.88,591879.0,7.95,366675.0,4.93,-8,1.24,1.242,162568207.0,201584577,201584577,2026-08-24,2026-08-24 13:39:54+08:00
516710,新材料ETF华夏,0.744,0.7464,0.32,-0.024,-3.13,19179,1452991.0,0.763,0.769,0.744,0.768,3.26,2.51,0.67,16.69,8246.0,10933.0,-227453.0,-15.65,15020.0,1.03,-242473.0,-16.69,170011.0,11.7,57442.0,3.95,-8,0.745,0.746,76272000.0,56746368,56746368,2026-08-24,2026-08-24 13:39:36+08:00
159729,互联网ETF汇添富,0.68,0.683,0.44,-0.022,-3.13,5849,401076.0,0.694,0.694,0.68,0.702,1.99,0.88,1.03,-3.75,929.0,4920.0,5670.0,1.41,0.0,0.0,5670.0,1.41,-40598.0,-10.12,34927.0,8.71,-1,0.68,0.682,66760633.0,45397230,45397230,2026-08-24,2026-08-24 13:39:51+08:00
159211,深证100ETF富国,1.417,1.4186,0.11,-0.046,-3.14,41534,6002732.6,1.463,1.463,1.417,1.463,3.14,21.1,1.87,12.3,18523.0,23011.0,1024335.0,17.06,0.0,0.0,1024335.0,17.06,-1043538.0,-17.38,19203.0,0.32,20,1.417,1.418,19683294.0,27891228,27891228,2026-08-24,2026-08-24 13:39:57+08:00
512170,医疗ETF华宝,0.338,0.3375,-0.15,-0.011,-3.15,16148019,551726407.0,0.347,0.349,0.337,0.349,3.44,2.27,1.13,28.39,5052213.0,11095806.0,-72146591.0,-13.08,-101669936.0,-18.43,29523345.0,5.35,54822602.0,9.94,17328009.0,3.14,387,0.337,0.338,71252819968.0,24083453149,24083453149,2026-08-24,2026-08-24 13:39:48+08:00
562310,沪深300成长ETF银华,1.045,1.0479,0.28,-0.034,-3.15,132987,14095762.0,1.077,1.078,1.045,1.079,3.06,2.98,0.89,2.04,43201.0,89786.0,-685290.0,-4.86,0.0,0.0,-685290.0,-4.86,-31575.0,-0.22,716866.0,5.09,-7,1.045,1.046,446572304.0,466668058,466668058,2026-08-24,2026-08-24 13:39:34+08:00
515580,科技100ETF华泰柏瑞,1.351,1.3514,0.03,-0.044,-3.15,35948,4934947.0,1.382,1.4,1.351,1.395,3.51,1.18,1.5,13.72,18560.0,17388.0,-1869486.0,-37.88,-530580.0,-10.75,-1338906.0,-27.13,1288424.0,26.11,581062.0,11.77,-5,1.351,1.352,304031408.0,410746432,410746432,2026-08-24,2026-08-24 13:39:43+08:00
530530,上证580ETF华夏,1.105,1.104,-0.09,-0.036,-3.16,7572,847321.0,1.13,1.133,1.105,1.141,2.45,0.56,0.7,-1.84,2765.0,4807.0,-459907.0,-54.28,0.0,0.0,-459907.0,-54.28,103221.0,12.18,356686.0,42.1,-6,1.106,1.107,134460000.0,148578300,148578300,2026-08-24,2026-08-24 13:39:33+08:00
560260,医疗ETF广发,0.858,0.8586,0.07,-0.028,-3.16,65099,5653755.0,0.882,0.885,0.857,0.886,3.16,0.38,0.48,-1.64,18907.0,46192.0,377106.0,6.67,1044053.0,18.47,-666947.0,-11.8,-451119.0,-7.98,74013.0,1.31,2,0.857,0.858,1719664704.0,1475472316,1475472316,2026-08-24,2026-08-24 13:39:38+08:00
159179,港股通互联网ETF工银,0.82,0.82,0.0,-0.027,-3.19,177366,14563266.0,0.833,0.85,0.815,0.847,4.13,17.24,1.64,-0.92,88961.0,88405.0,-559298.0,-3.84,-472589.0,-3.25,-86709.0,-0.6,325326.0,2.23,233973.0,1.61,485,0.819,0.82,102903568.0,84380926,84380926,2026-08-24,2026-08-24 13:39:54+08:00
562030,信创ETF华宝,0.486,0.4812,-1.0,-0.016,-3.19,45389,2227966.0,0.502,0.502,0.485,0.502,3.39,3.22,1.33,46.07,10907.0,34482.0,-277315.0,-12.45,-668367.0,-30.0,391052.0,17.55,45855.0,2.06,231461.0,10.39,4,0.485,0.486,140973900.0,68513315,68513315,2026-08-24,2026-08-24 13:39:25+08:00
159792,港股通互联网ETF富国,0.572,0.5733,0.23,-0.019,-3.21,21261685,1218538458.932,0.582,0.582,0.568,0.591,2.37,3.17,1.04,13.01,7025492.0,14236192.0,64731969.0,5.31,61279584.0,5.03,3452385.0,0.28,-88188445.0,-7.24,23456478.0,1.92,668,0.571,0.572,67069855232.0,38363957193,38363957193,2026-08-24,2026-08-24 13:39:51+08:00
159620,中证500成长ETF华夏,1.236,1.2409,0.39,-0.041,-3.21,42847,5370632.6,1.281,1.281,1.236,1.277,3.52,14.7,1.4,-0.42,23269.0,19578.0,4216.0,0.08,0.0,0.0,4216.0,0.08,-35411.0,-0.66,31195.0,0.58,-30,1.236,1.238,29140934.0,36018194,36018194,2026-08-24,2026-08-24 13:39:54+08:00
159828,医疗ETF国泰,0.421,0.4212,0.05,-0.014,-3.22,1762883,74917537.8,0.433,0.434,0.42,0.435,3.22,3.8,1.54,60.64,936646.0,826237.0,-9212485.0,-12.3,-17981905.0,-24.0,8769420.0,11.71,6388290.0,8.53,2824195.0,3.77,-1373,0.42,0.421,4634439424.0,1951098998,1951098998,2026-08-24,2026-08-24 13:39:51+08:00
159856,互联网龙头ETF工银,0.571,0.5716,0.1,-0.019,-3.22,27934,1605284.2,0.588,0.588,0.571,0.59,2.88,0.8,1.42,5.11,6928.0,21006.0,-516411.0,-32.17,0.0,0.0,-516411.0,-32.17,278872.0,17.37,237539.0,14.8,-398,0.571,0.572,347372480.0,198349686,198349686,2026-08-24,2026-08-24 13:39:51+08:00
520850,港股通医疗ETF易方达,0.901,0.9034,0.27,-0.03,-3.22,304613,27742393.0,0.933,0.937,0.898,0.931,4.19,21.26,0.66,6.54,140340.0,164273.0,156893.0,0.57,302229.0,1.09,-145336.0,-0.52,-446683.0,-1.61,289790.0,1.04,-25,0.901,0.902,143249600.0,129067890,129067890,2026-08-24,2026-08-24 13:39:40+08:00
520630,港股通互联网ETF广发,0.659,0.6597,0.11,-0.022,-3.23,90761,6009077.0,0.671,0.671,0.655,0.681,2.35,1.51,0.48,4.75,38412.0,52349.0,-777629.0,-12.94,-318251.0,-5.3,-459378.0,-7.64,-15031.0,-0.25,792660.0,13.19,16,0.658,0.659,599610000.0,395142990,395142990,2026-08-24,2026-08-24 13:39:32+08:00
159743,湖北ETF博时,1.348,1.3471,-0.07,-0.045,-3.23,4775,652409.9,1.393,1.412,1.348,1.393,4.59,0.43,0.9,2.61,2624.0,2151.0,-69420.0,-10.64,0.0,0.0,-69420.0,-10.64,-87737.0,-13.45,157156.0,24.09,10,1.346,1.348,109941100.0,148200603,148200603,2026-08-24,2026-08-24 13:39:51+08:00
520910,港股通互联网ETF华夏,0.63,0.6287,-0.21,-0.021,-3.23,249815,15801457.0,0.638,0.643,0.627,0.651,2.46,3.32,0.72,-1.79,97660.0,152155.0,-1797394.0,-11.37,-321181.0,-2.03,-1476213.0,-9.34,1168463.0,7.39,628931.0,3.98,-3000,0.63,0.631,751445008.0,473410355,473410355,2026-08-24,2026-08-24 13:39:23+08:00
159576,深证100ETF广发,1.522,1.5229,0.06,-0.051,-3.24,40477,6253326.0,1.564,1.573,1.522,1.573,3.24,10.79,2.37,3.93,16595.0,23882.0,-295640.0,-4.73,0.0,0.0,-295640.0,-4.73,19603.0,0.31,276038.0,4.41,82,1.521,1.524,37509612.0,57089629,57089629,2026-08-24,2026-08-24 13:39:54+08:00
159582,半导体ETF博时,0.744,0.7439,-0.01,-0.025,-3.25,877242,66651077.17,0.769,0.775,0.743,0.769,4.16,8.55,0.82,86.92,421377.0,455865.0,-8224103.0,-12.34,-3534016.0,-5.3,-4690087.0,-7.04,1213730.0,1.82,7010373.0,10.52,614,0.743,0.744,1025608112.0,763052435,763052435,2026-08-24,2026-08-24 13:39:54+08:00
159040,港股通互联网ETF鹏华,1.072,1.0728,0.07,-0.036,-3.25,46752,5031342.0,1.05,1.1,1.05,1.108,4.51,13.18,1.23,0.08,23572.0,23180.0,-590781.0,-11.74,561360.0,11.16,-1152141.0,-22.9,546811.0,10.87,43969.0,0.87,100,1.07,1.072,35481087.0,38035725,38035725,2026-08-24,2026-08-24 13:39:54+08:00
159533,中证2000ETF博时,1.869,1.8658,-0.17,-0.063,-3.26,14701,2782111.7,1.914,1.925,1.866,1.932,3.05,10.17,0.71,0.24,8203.0,6498.0,-134445.0,-4.83,0.0,0.0,-134445.0,-4.83,-57228.0,-2.06,191673.0,6.89,1,1.867,1.868,14458785.0,27023469,27023469,2026-08-24,2026-08-24 13:39:54+08:00
159721,深证100ETF永赢,1.039,1.0401,0.11,-0.035,-3.26,12832,1338965.9,1.074,1.074,1.039,1.074,3.26,1.9,0.55,-15.76,6508.0,6324.0,-35919.0,-2.68,0.0,0.0,-35919.0,-2.68,-29785.0,-2.22,65705.0,4.91,-50,1.039,1.041,67431696.0,70061532,70061532,2026-08-24,2026-08-24 13:39:48+08:00
520650,港股通互联网ETF南方,0.593,0.5942,0.2,-0.02,-3.26,1067613,63497947.0,0.606,0.606,0.591,0.613,2.45,4.3,1.07,-15.07,498269.0,569344.0,-277429.0,-0.44,-627936.0,-0.99,350507.0,0.55,-156381.0,-0.25,433810.0,0.68,-80,0.593,0.594,2482255008.0,1471977220,1471977220,2026-08-24,2026-08-24 13:39:33+08:00
159571,创业板200ETF富国,1.391,1.3892,-0.13,-0.047,-3.27,1438,201651.8,1.441,1.441,1.391,1.438,3.48,0.8,0.37,1.69,696.0,742.0,-48527.0,-24.06,0.0,0.0,-48527.0,-24.06,39952.0,19.81,8576.0,4.25,-20,1.389,1.391,17981814.0,25012703,25012703,2026-08-24,2026-08-24 13:39:54+08:00
513560,香港科技ETF兴银,1.123,1.1207,-0.21,-0.038,-3.27,176770,20017136.0,1.15,1.15,1.122,1.161,2.41,3.33,1.34,23.63,69678.0,107092.0,-2244364.0,-11.21,985462.0,4.92,-3229826.0,-16.14,492543.0,2.46,1751821.0,8.75,875,1.122,1.124,531386000.0,596746478,596746478,2026-08-24,2026-08-24 13:39:44+08:00
515960,医药ETF嘉实,0.828,0.8294,0.17,-0.028,-3.27,41744,3503349.0,0.853,0.869,0.828,0.856,4.79,1.74,0.91,6.6,7947.0,33797.0,-207813.0,-5.93,-469560.0,-13.4,261747.0,7.47,134479.0,3.84,73334.0,2.09,-20,0.827,0.829,239991900.0,198713293,198713293,2026-08-24,2026-08-24 13:39:44+08:00
520920,恒生科技ETF天弘,0.679,0.6821,0.45,-0.023,-3.28,1966434,134303973.0,0.697,0.697,0.678,0.702,2.71,1.05,1.41,7.77,749368.0,1217066.0,-26107231.0,-19.44,-29079916.0,-21.65,2972685.0,2.21,15884076.0,11.83,10240173.0,7.62,76,0.678,0.679,18774019072.0,12747558950,12747558950,2026-08-24,2026-08-24 13:39:40+08:00
159751,港股通科技ETF鹏华,0.881,0.8789,-0.24,-0.03,-3.29,265497,23561804.1,0.903,0.904,0.879,0.911,2.74,3.0,1.21,30.02,83041.0,182456.0,-5457195.0,-23.16,661025.0,2.81,-6118220.0,-25.97,1719908.0,7.3,3737288.0,15.86,1,0.88,0.881,883629632.0,778477706,778477706,2026-08-24,2026-08-24 13:39:51+08:00
159106,民企300ETF前海开源,1.03,1.034,0.39,-0.035,-3.29,7247,756394.5,1.059,1.062,1.03,1.065,3.0,1.83,1.47,-7.36,1755.0,5492.0,-1005.0,-0.13,0.0,0.0,-1005.0,-0.13,-53709.0,-7.1,54713.0,7.23,9,1.028,1.03,39579488.0,40766873,40766873,2026-08-24,2026-08-24 13:39:54+08:00
159929,医药ETF汇添富,1.317,1.3183,0.1,-0.045,-3.3,492339,65564218.9,1.352,1.361,1.316,1.362,3.3,2.95,1.08,10.65,192175.0,300164.0,-4425055.0,-6.75,-22289.0,-0.03,-4402766.0,-6.72,-278533.0,-0.42,4703587.0,7.17,-460,1.317,1.318,1666704208.0,2195049442,2195049442,2026-08-24,2026-08-24 13:39:51+08:00
520570,恒生科技ETF南方,0.732,0.7297,-0.32,-0.025,-3.3,1147600,84317267.0,0.751,0.753,0.73,0.757,3.04,3.36,1.63,-13.77,473571.0,674029.0,-7629457.0,-9.05,-4554535.0,-5.4,-3074922.0,-3.65,4878088.0,5.79,2751368.0,3.26,50,0.731,0.732,3415876000.0,2500421232,2500421232,2026-08-24,2026-08-24 13:39:39+08:00
513770,港股互联网ETF华宝,0.351,0.3512,0.06,-0.012,-3.31,9525032,335012289.0,0.356,0.356,0.348,0.363,2.2,6.45,1.27,12.92,3307374.0,6217658.0,-27439870.0,-8.19,-51081131.0,-15.25,23641261.0,7.06,20151753.0,6.02,7288117.0,2.18,100,0.35,0.351,14760137984.0,5180808432,5180808432,2026-08-24,2026-08-24 13:39:42+08:00
159293,创业板综增强ETF建信,1.051,1.0533,0.22,-0.036,-3.31,36198,3848060.4,1.087,1.087,1.051,1.087,3.31,14.39,1.1,0.01,10699.0,25499.0,231541.0,6.02,0.0,0.0,231541.0,6.02,-254024.0,-6.6,22482.0,0.58,-200,1.051,1.052,25159397.0,26442526,26442526,2026-08-24,2026-08-24 13:40:00+08:00
159804,创中盘88ETF国寿,1.575,1.5743,-0.04,-0.054,-3.31,711,112645.3,1.61,1.61,1.575,1.629,2.15,0.45,1.01,-0.42,37.0,674.0,2377.0,2.11,0.0,0.0,2377.0,2.11,-1205.0,-1.07,-1173.0,-1.04,-20,1.573,1.576,15899676.0,25041990,25041990,2026-08-24,2026-08-24 13:39:51+08:00
159938,医药ETF广发,0.641,0.641,0.0,-0.022,-3.32,633775,41183324.8,0.659,0.663,0.64,0.663,3.47,0.88,1.09,41.23,215529.0,418246.0,-9214930.0,-22.38,-868314.0,-2.11,-8346616.0,-20.27,1903251.0,4.62,7311680.0,17.75,2136,0.64,0.641,7219567360.0,4627742678,4627742678,2026-08-24,2026-08-24 13:39:51+08:00
159256,创业板软件ETF华夏,0.785,0.7842,-0.1,-0.027,-3.33,571053,45280722.6,0.81,0.812,0.783,0.812,3.57,9.51,0.77,0.54,230215.0,340838.0,-5827315.0,-12.87,-3711347.0,-8.2,-2115968.0,-4.67,3242756.0,7.16,2584561.0,5.71,79,0.784,0.785,600183760.0,471144252,471144252,2026-08-24,2026-08-24 13:40:00+08:00
513180,恒生科技ETF华夏,0.578,0.5782,0.03,-0.02,-3.34,38418844,2234290690.0,0.592,0.593,0.577,0.598,2.68,5.52,1.58,1.47,14326196.0,24092648.0,-313959393.0,-14.05,-514274176.0,-23.02,200314783.0,8.97,208814873.0,9.35,105144520.0,4.71,340,0.577,0.578,69552758784.0,40201494577,40201494577,2026-08-24,2026-08-24 13:39:47+08:00
562500,机器人ETF华夏,0.926,0.9263,0.03,-0.032,-3.34,3709175,347748487.0,0.954,0.958,0.925,0.958,3.44,1.98,0.71,32.86,1177210.0,2531965.0,-63442862.0,-18.24,-55076200.0,-15.84,-8366662.0,-2.41,16522573.0,4.75,46920012.0,13.49,39,0.925,0.926,18764687360.0,17376100495,17376100495,2026-08-24,2026-08-24 13:39:35+08:00
159568,港股互联网ETF博时,1.126,1.1261,0.01,-0.039,-3.35,442129,49930823.5,1.145,1.146,1.12,1.165,2.23,11.76,0.87,-15.67,194455.0,247674.0,-2981529.0,-5.97,-419568.0,-0.84,-2561961.0,-5.13,586187.0,1.17,2395343.0,4.8,9,1.124,1.126,375857904.0,423216000,423216000,2026-08-24,2026-08-24 13:39:57+08:00
513040,港股通互联网ETF易方达,0.922,0.9213,-0.08,-0.032,-3.35,3988575,368435350.0,0.937,0.938,0.916,0.954,2.31,5.9,0.97,9.62,1820832.0,2167743.0,-22143174.0,-6.01,-3429917.0,-0.93,-18713257.0,-5.08,12819703.0,3.48,9323471.0,2.53,-8111,0.921,0.922,6764341248.0,6236722631,6236722631,2026-08-24,2026-08-24 13:39:48+08:00
520530,港股通科技ETF东财,0.809,0.8078,-0.15,-0.028,-3.35,226507,18474527.0,0.832,0.833,0.808,0.837,2.99,9.61,1.24,3.66,67616.0,158891.0,-6799376.0,-36.81,-1593900.0,-8.63,-5205476.0,-28.18,2658628.0,14.39,4140748.0,22.41,-13,0.809,0.81,235776000.0,190742784,190742784,2026-08-24,2026-08-24 13:39:40+08:00
513860,港股通科技ETF海富通,0.604,0.6062,0.36,-0.021,-3.36,999745,60633441.0,0.62,0.62,0.603,0.625,2.72,3.38,0.76,-21.07,355292.0,644453.0,-1618853.0,-2.67,-6341306.0,-10.46,4722453.0,7.79,1311655.0,2.16,307197.0,0.51,30,0.603,0.604,2954470608.0,1784500247,1784500247,2026-08-24,2026-08-24 13:39:38+08:00
510660,医药ETF华夏,2.473,2.4781,0.21,-0.086,-3.36,34703,8672953.0,2.542,2.555,2.472,2.559,3.24,6.63,0.89,7.97,13651.0,21052.0,1930380.0,22.26,0.0,0.0,1930380.0,22.26,-1992326.0,-22.97,61947.0,0.71,-606,2.472,2.474,52379700.0,129534998,129534998,2026-08-24,2026-08-24 13:39:48+08:00
513580,恒生科技ETF华安,0.575,0.5808,1.0,-0.02,-3.36,1212656,70171276.0,0.592,0.592,0.574,0.595,3.03,2.0,1.72,9.32,458666.0,753990.0,-10824353.0,-15.43,-13813427.0,-19.69,2989074.0,4.26,7303532.0,10.41,3520822.0,5.02,91,0.574,0.575,6064118016.0,3486867859,3486867859,2026-08-24,2026-08-24 13:39:43+08:00
512720,计算机ETF国泰,1.122,1.1218,-0.02,-0.039,-3.36,162424,18467174.0,1.155,1.161,1.12,1.161,3.53,4.44,0.87,15.97,84656.0,77768.0,-1181529.0,-6.4,9717.0,0.05,-1191246.0,-6.45,482854.0,2.61,698676.0,3.78,30,1.121,1.122,365453408.0,410038724,410038724,2026-08-24,2026-08-24 13:39:45+08:00
159526,机器人ETF嘉实,1.373,1.3743,0.09,-0.048,-3.38,131586,18321622.2,1.421,1.422,1.372,1.421,3.52,2.23,0.88,2.73,47340.0,84246.0,-341177.0,-1.86,-1900509.0,-10.37,1559332.0,8.51,-144678.0,-0.79,485856.0,2.65,-516,1.373,1.374,588962960.0,808646144,808646144,2026-08-24,2026-08-24 13:40:00+08:00
513130,恒生科技ETF华泰柏瑞,0.57,0.5698,-0.04,-0.02,-3.39,36262489,2081147790.0,0.583,0.584,0.569,0.59,2.54,6.47,1.57,8.62,11564708.0,24697781.0,-300337548.0,-14.43,-519811776.0,-24.98,219474228.0,10.55,206117331.0,9.9,94220219.0,4.53,100,0.569,0.57,56046347008.0,31946417795,31946417795,2026-08-24,2026-08-24 13:39:45+08:00
513220,中概互联ETF招商,0.938,0.9766,3.95,-0.033,-3.4,263188,24786789.0,0.959,0.959,0.934,0.971,2.57,5.07,1.39,-3.85,120095.0,143093.0,-1366533.0,-5.51,-4560353.0,-18.4,3193820.0,12.89,-500866.0,-2.02,1867398.0,7.53,100,0.937,0.939,519109408.0,486924625,486924625,2026-08-24,2026-08-24 13:39:43+08:00
159269,港股通科技ETF南方,0.851,0.85,-0.12,-0.03,-3.41,906019,77607147.1,0.865,0.875,0.851,0.881,2.72,4.77,1.17,-1.09,424599.0,481420.0,-1491954.0,-1.92,10044339.0,12.94,-11536293.0,-14.86,1259715.0,1.62,232239.0,0.3,-1530,0.851,0.852,1899311712.0,1616314267,1616314267,2026-08-24,2026-08-24 13:39:54+08:00
159770,机器人ETF天弘,0.96,0.9594,-0.06,-0.034,-3.42,984676,95667386.154,0.993,0.993,0.958,0.994,3.52,1.6,0.79,28.75,356540.0,628136.0,-8125691.0,-8.49,-7209821.0,-7.54,-915870.0,-0.96,455787.0,0.48,7669905.0,8.02,27,0.959,0.96,6154087680.0,5907924173,5907924173,2026-08-24,2026-08-24 13:39:51+08:00
513720,港股互联网ETF国泰,0.649,0.6492,0.03,-0.023,-3.42,96918,6328215.0,0.669,0.669,0.646,0.672,3.42,3.86,0.51,5.87,37375.0,59543.0,-296775.0,-4.69,327303.0,5.17,-624078.0,-9.86,-54896.0,-0.87,351672.0,5.56,176,0.648,0.649,250859000.0,162807491,162807491,2026-08-24,2026-08-24 13:39:33+08:00
159607,中概互联网ETF嘉实,0.791,0.8278,4.45,-0.028,-3.42,1119777,88862170.0,0.806,0.807,0.787,0.819,2.44,9.43,1.34,-6.74,442590.0,677187.0,-15317827.0,-17.24,-16083012.0,-18.1,765185.0,0.86,8896570.0,10.01,6421257.0,7.23,-379,0.791,0.792,1187829136.0,939572847,939572847,2026-08-24,2026-08-24 13:39:48+08:00
561980,半导体设备ETF招商,0.674,0.674,0.0,-0.024,-3.44,3716504,256431598.0,0.698,0.703,0.674,0.698,4.15,4.46,0.92,13.91,1509895.0,2206609.0,-21518910.0,-8.39,-10516861.0,-4.1,-11002049.0,-4.29,5982987.0,2.33,15535856.0,6.06,-5298,0.674,0.675,8340549888.0,5621530625,5621530625,2026-08-24,2026-08-24 13:39:34+08:00
517110,创新药ETF国泰,0.786,0.786,0.0,-0.028,-3.44,637691,50433742.0,0.815,0.818,0.781,0.814,4.55,4.62,1.22,6.16,256823.0,380868.0,-6140542.0,-12.18,-5914426.0,-11.73,-226116.0,-0.45,419035.0,0.83,5721507.0,11.35,100,0.785,0.786,1380098496.0,1084757418,1084757418,2026-08-24,2026-08-24 13:39:41+08:00
560770,机器人ETF招商,0.924,0.9243,0.03,-0.033,-3.45,211592,19763463.0,0.952,0.955,0.922,0.957,3.45,1.27,1.03,8.41,67465.0,144127.0,-1645550.0,-8.33,-1236565.0,-6.26,-408985.0,-2.07,278745.0,1.41,1366807.0,6.92,55,0.923,0.924,1668133008.0,1541354899,1541354899,2026-08-24,2026-08-24 13:39:37+08:00
159742,恒生科技ETF博时,0.587,0.5861,-0.15,-0.021,-3.45,1688662,99800498.4,0.602,0.602,0.585,0.608,2.8,2.69,1.3,0.68,592453.0,1096209.0,-23822398.0,-23.87,-25167920.0,-25.22,1345522.0,1.35,15915468.0,15.95,7906930.0,7.92,812,0.586,0.587,6279928320.0,3686317924,3686317924,2026-08-24,2026-08-24 13:39:48+08:00
512290,生物医药ETF国泰,1.034,1.0357,0.16,-0.037,-3.45,1321402,138421917.0,1.067,1.079,1.033,1.071,4.3,4.17,1.4,17.03,544200.0,777202.0,-22554367.0,-16.3,-16243650.0,-11.74,-6310717.0,-4.56,9799115.0,7.08,12769832.0,9.23,-901,1.033,1.034,3169820704.0,3277594608,3277594608,2026-08-24,2026-08-24 13:39:47+08:00
520510,港股通医疗ETF华夏,0.949,0.9514,0.25,-0.034,-3.46,2399036,228954851.0,0.98,0.985,0.945,0.983,4.07,96.07,1.09,14.76,1280736.0,1118300.0,-2209152.0,-0.97,4300475.0,1.88,-6509627.0,-2.85,440015.0,0.19,1769139.0,0.77,5765,0.948,0.949,249728000.0,236991872,236991872,2026-08-24,2026-08-24 13:39:39+08:00
588910,科创价值ETF建信,1.481,1.4842,0.22,-0.053,-3.46,60953,9171515.0,1.529,1.536,1.481,1.534,3.59,6.09,1.25,2.71,32549.0,28404.0,-1075933.0,-11.73,-1514000.0,-16.51,438067.0,4.78,510550.0,5.57,565382.0,6.16,-23,1.483,1.485,100049100.0,148172717,148172717,2026-08-24,2026-08-24 13:39:29+08:00
513260,恒生科技ETF汇添富,1.112,1.1114,-0.05,-0.04,-3.47,1690148,189064356.0,1.139,1.139,1.111,1.152,2.43,3.58,1.34,6.69,682753.0,1007395.0,-38615867.0,-20.42,-21236917.0,-11.23,-17378950.0,-9.19,20330597.0,10.75,18285270.0,9.67,-36,1.112,1.113,4718243072.0,5246686296,5246686296,2026-08-24,2026-08-24 13:39:47+08:00
159750,港股科技50ETF招商,0.86,0.8638,0.44,-0.031,-3.48,429687,37175296.7,0.885,0.885,0.859,0.891,2.92,3.44,1.17,1.68,165248.0,264439.0,-3293116.0,-8.86,3631539.0,9.77,-6924655.0,-18.63,2100914.0,5.65,1192202.0,3.21,-168,0.86,0.861,1249618256.0,1074671700,1074671700,2026-08-24,2026-08-24 13:39:51+08:00
516700,大数据ETF华宝,0.861,0.8602,-0.09,-0.031,-3.48,155450,13575260.0,0.895,0.895,0.86,0.892,3.92,8.2,1.15,3.02,52424.0,103026.0,-985182.0,-7.26,545044.0,4.01,-1530226.0,-11.27,-107958.0,-0.8,1093140.0,8.05,48,0.861,0.862,189622000.0,163264542,163264542,2026-08-24,2026-08-24 13:39:44+08:00
159075,工业互联网ETF华夏,0.887,0.8876,0.07,-0.032,-3.48,33904,3039743.058,0.919,0.919,0.887,0.919,3.48,1.88,1.06,62.2,6479.0,27425.0,-525172.0,-17.28,87885.0,2.89,-613057.0,-20.17,258095.0,8.49,267077.0,8.79,2,0.887,0.888,180197165.0,159834885,159834885,2026-08-24,2026-08-24 13:39:57+08:00
159778,工业互联网ETF鹏华,1.162,1.1619,-0.01,-0.042,-3.49,3562,418972.5,1.204,1.204,1.162,1.204,3.49,0.88,0.3,40.72,2840.0,722.0,-43441.0,-10.37,-21314.0,-5.09,-22127.0,-5.28,24040.0,5.74,19402.0,4.63,-3,1.161,1.163,40255382.0,46776754,46776754,2026-08-24,2026-08-24 13:39:51+08:00
513890,恒生科技ETF摩根,0.885,0.8844,-0.07,-0.032,-3.49,325069,28947021.0,0.91,0.91,0.883,0.917,2.94,3.62,1.57,16.31,110392.0,214677.0,-4190565.0,-14.48,-5012288.0,-17.32,821723.0,2.84,2195310.0,7.58,1995255.0,6.89,200,0.884,0.885,898128000.0,794843280,794843280,2026-08-24,2026-08-24 13:39:38+08:00
513380,恒生科技ETF广发,0.525,0.5242,-0.15,-0.019,-3.49,3131228,165530442.0,0.541,0.541,0.524,0.544,3.13,1.75,1.43,11.18,1166242.0,1964986.0,-27793733.0,-16.79,-37626549.0,-22.73,9832816.0,5.94,20390554.0,12.32,7403181.0,4.47,-490,0.525,0.526,17893784832.0,9394237037,9394237037,2026-08-24,2026-08-24 13:39:45+08:00
513320,港股通新经济ETF易方达,1.078,1.0783,0.03,-0.039,-3.49,91037,9846175.0,1.1,1.104,1.076,1.117,2.51,10.0,0.82,-5.41,44369.0,46668.0,-1515162.0,-15.39,0.0,0.0,-1515162.0,-15.39,1091561.0,11.09,423602.0,4.3,-1430,1.077,1.079,91010600.0,98109427,98109427,2026-08-24,2026-08-24 13:39:41+08:00
159048,机器人ETF大成,0.826,0.8257,-0.04,-0.03,-3.5,131805,11032751.0,0.855,0.856,0.825,0.856,3.62,6.6,0.77,8.16,55241.0,76564.0,542405.0,4.92,-282340.0,-2.56,824745.0,7.48,-1314530.0,-11.91,772126.0,7.0,3,0.826,0.827,199803897.0,165038019,165038019,2026-08-24,2026-08-24 13:40:03+08:00
159701,物联网ETF招商,1.213,1.2099,-0.26,-0.044,-3.5,220,27090.2,1.253,1.253,1.213,1.257,3.18,0.39,0.05,0.02,147.0,73.0,-25382.0,-93.69,0.0,0.0,-25382.0,-93.69,494.0,1.82,24888.0,91.87,-56,1.208,1.21,5705601.0,6920894,6920894,2026-08-24,2026-08-24 13:39:51+08:00
515400,大数据ETF富国,0.826,0.8268,0.1,-0.03,-3.5,745142,62286614.0,0.855,0.856,0.825,0.856,3.62,4.58,0.84,3.08,213349.0,531793.0,-10581458.0,-16.99,-9783772.0,-15.71,-797686.0,-1.28,3272553.0,5.25,7308906.0,11.73,-21,0.826,0.827,1625631408.0,1342771543,1342771543,2026-08-24,2026-08-24 13:39:44+08:00
520790,港股通互联网ETF兴业,0.825,0.8188,-0.76,-0.03,-3.51,61529,5079738.0,0.851,0.851,0.821,0.855,3.51,1.22,0.91,20.04,16218.0,45311.0,-599404.0,-11.8,-1074104.0,-21.14,474700.0,9.34,347822.0,6.85,251582.0,4.95,5,0.824,0.825,505075008.0,416686882,416686882,2026-08-24,2026-08-24 13:39:29+08:00
516000,大数据ETF华夏,0.907,0.9084,0.15,-0.033,-3.51,273212,25108312.0,0.941,0.941,0.907,0.94,3.62,6.14,0.99,13.96,112035.0,161177.0,-702193.0,-2.8,791075.0,3.15,-1493268.0,-5.95,-520545.0,-2.07,1222739.0,4.87,-130,0.907,0.908,444855008.0,403483492,403483492,2026-08-24,2026-08-24 13:39:43+08:00
159292,创业板综增强ETF华宝,1.155,1.1563,0.11,-0.042,-3.51,17639,2078837.235,1.192,1.192,1.155,1.197,3.09,1.01,0.88,0.23,7651.0,9988.0,378624.0,18.21,0.0,0.0,378624.0,18.21,-349541.0,-16.81,-29083.0,-1.4,-10,1.155,1.156,175189531.0,202343908,202343908,2026-08-24,2026-08-24 13:40:00+08:00
159605,中概互联ETF广发,0.796,0.8283,3.9,-0.029,-3.52,2099119,167757985.7,0.811,0.811,0.793,0.825,2.18,5.23,1.3,-14.86,914557.0,1184562.0,-33464955.0,-19.95,-29677460.0,-17.69,-3787495.0,-2.26,19211966.0,11.45,14252989.0,8.5,6,0.795,0.796,4012486160.0,3193938983,3193938983,2026-08-24,2026-08-24 13:39:54+08:00
159998,计算机ETF天弘,0.933,0.9334,0.04,-0.034,-3.52,500189,47379502.5,0.967,0.967,0.932,0.967,3.62,3.12,0.67,65.02,195738.0,304451.0,-139773.0,-0.3,-3511962.0,-7.41,3372189.0,7.12,-162286.0,-0.34,302058.0,0.64,300,0.932,0.933,1605455360.0,1497889851,1497889851,2026-08-24,2026-08-24 13:39:48+08:00
159107,创业板软件ETF富国,0.713,0.7135,0.07,-0.026,-3.52,549410,39709147.7,0.738,0.74,0.712,0.739,3.79,7.07,0.75,32.72,161629.0,387781.0,-5860605.0,-14.76,-5052463.0,-12.72,-808142.0,-2.04,2310410.0,5.82,3550194.0,8.94,193,0.712,0.713,776823008.0,553874805,553874805,2026-08-24,2026-08-24 13:40:00+08:00
159741,恒生科技ETF嘉实,0.573,0.5777,0.81,-0.021,-3.54,1098787,63374825.8,0.589,0.589,0.572,0.594,2.86,7.97,1.35,-3.05,355494.0,743293.0,-13532096.0,-21.35,-7320452.0,-11.55,-6211644.0,-9.8,9904463.0,15.63,3627633.0,5.72,21,0.572,0.573,1378796720.0,790050521,790050521,2026-08-24,2026-08-24 13:39:51+08:00
159013,工业互联网ETF大成,0.977,0.9759,-0.11,-0.036,-3.55,12546,1244798.5,1.014,1.014,0.976,1.013,3.75,3.09,0.72,71.13,4846.0,7700.0,-317670.0,-25.52,153318.0,12.32,-470988.0,-37.84,158413.0,12.73,159256.0,12.79,1,0.976,0.978,40578881.0,39645567,39645567,2026-08-24,2026-08-24 13:40:00+08:00
159213,机器人ETF汇添富,1.114,1.1159,0.17,-0.041,-3.55,190955,21590373.3,1.154,1.154,1.113,1.155,3.55,3.82,0.9,-3.9,68876.0,122079.0,102962.0,0.48,101622.0,0.47,1340.0,0.01,-1267740.0,-5.87,1164777.0,5.39,-30,1.115,1.116,499237568.0,556150651,556150651,2026-08-24,2026-08-24 13:40:00+08:00
159740,恒生科技ETF大成,0.571,0.5709,-0.02,-0.021,-3.55,11910002,684527131.7,0.586,0.586,0.57,0.592,2.7,4.67,1.34,16.41,4687178.0,7222824.0,-130247404.0,-19.03,-185792832.0,-27.14,55545428.0,8.11,91050488.0,13.3,39196906.0,5.73,100,0.57,0.571,25488120576.0,14553716849,14553716849,2026-08-24,2026-08-24 13:39:51+08:00
512120,医药ETF华安,0.46,0.4567,-0.72,-0.017,-3.56,178259,8278719.0,0.475,0.477,0.459,0.477,3.77,2.31,0.68,0.51,59987.0,118272.0,-580304.0,-7.01,-114280.0,-1.38,-466024.0,-5.63,-19906.0,-0.24,600210.0,7.25,80,0.459,0.46,773241904.0,355691276,355691276,2026-08-24,2026-08-24 13:39:46+08:00
513010,恒生科技ETF易方达,0.596,0.5963,0.05,-0.022,-3.56,11119178,667138203.0,0.611,0.611,0.595,0.618,2.59,2.5,1.55,-7.2,4494927.0,6624251.0,-123839248.0,-18.56,-185181296.0,-27.76,61342048.0,9.19,81683149.0,12.24,42156089.0,6.32,152,0.595,0.596,44430307072.0,26480463015,26480463015,2026-08-24,2026-08-24 13:39:46+08:00
515920,智能消费ETF博时,1.161,1.1642,0.27,-0.043,-3.57,56877,6740668.0,1.206,1.206,1.161,1.204,3.74,8.83,5.4,-30.44,40459.0,16418.0,-459994.0,-6.82,-2465352.0,-36.57,2005358.0,29.75,362088.0,5.37,97905.0,1.45,30,1.158,1.162,64405700.0,74775018,74775018,2026-08-24,2026-08-24 13:39:42+08:00
562360,机器人ETF银华,0.999,0.999,0.0,-0.037,-3.57,125892,12724410.0,1.035,1.035,0.998,1.036,3.57,4.19,0.93,15.21,49546.0,76346.0,-1226053.0,-9.64,333910.0,2.62,-1559963.0,-12.26,-263845.0,-2.07,1489898.0,11.71,-25,0.999,1.0,300474000.0,300173526,300173526,2026-08-24,2026-08-24 13:39:35+08:00
520860,港股通科技ETF富国,0.784,0.7833,-0.09,-0.029,-3.57,119802,9438170.0,0.814,0.814,0.783,0.813,3.81,3.54,0.89,10.47,51195.0,68607.0,-717219.0,-7.6,398000.0,4.22,-1115219.0,-11.82,400376.0,4.24,316843.0,3.36,-3680,0.783,0.784,338195008.0,265144886,265144886,2026-08-24,2026-08-24 13:39:40+08:00
159288,创业板综ETF银华,0.97,0.972,0.21,-0.036,-3.58,6968,686253.3,0.998,0.998,0.968,1.006,2.98,0.76,0.6,0.36,1769.0,5199.0,-10842.0,-1.58,0.0,0.0,-10842.0,-1.58,45303.0,6.6,-34461.0,-5.02,-4,0.97,0.971,92174931.0,89409683,89409683,2026-08-24,2026-08-24 13:40:00+08:00
159258,机器人ETF南方,1.047,1.0475,0.05,-0.039,-3.59,204800,21756857.4,1.082,1.085,1.046,1.086,3.59,1.53,0.87,34.73,69432.0,135368.0,-999838.0,-4.6,214681.0,0.99,-1214519.0,-5.58,383309.0,1.76,616529.0,2.83,243,1.047,1.048,1342265664.0,1405352150,1405352150,2026-08-24,2026-08-24 13:40:00+08:00
560630,机器人ETF万家,1.048,1.0483,0.03,-0.039,-3.59,70350,7477655.0,1.083,1.086,1.048,1.087,3.5,4.33,1.01,3.41,26520.0,43830.0,-682233.0,-9.12,158969.0,2.13,-841202.0,-11.25,344704.0,4.61,337530.0,4.51,-20,1.049,1.05,162394000.0,170188912,170188912,2026-08-24,2026-08-24 13:39:38+08:00
159291,创业板综增强ETF招商,1.154,1.1535,-0.04,-0.043,-3.59,7208,833272.2,1.192,1.199,1.153,1.197,3.84,4.13,0.69,2.94,5450.0,1758.0,72093.0,8.65,0.0,0.0,72093.0,8.65,-39400.0,-4.73,-32692.0,-3.92,1300,1.153,1.154,17457388.0,20145826,20145826,2026-08-24,2026-08-24 13:39:57+08:00
562050,药ETF华宝,0.91,0.9105,0.05,-0.034,-3.6,97581,8958729.0,0.934,0.947,0.91,0.944,3.92,9.81,1.71,7.18,60640.0,36941.0,-1643182.0,-18.34,104418.0,1.17,-1747600.0,-19.51,924174.0,10.32,719009.0,8.03,-1,0.91,0.911,99468000.0,90515880,90515880,2026-08-24,2026-08-24 13:39:35+08:00
159039,机器人ETF华安,0.803,0.8008,-0.27,-0.03,-3.6,405493,32875279.528,0.825,0.831,0.802,0.833,3.48,4.25,0.97,29.91,197434.0,208059.0,-2759682.0,-8.39,3678224.0,11.19,-6437906.0,-19.58,534921.0,1.63,2224761.0,6.77,100,0.802,0.803,954461424.0,766432523,766432523,2026-08-24,2026-08-24 13:40:03+08:00
159551,机器人ETF国泰,1.206,1.2054,-0.05,-0.045,-3.6,96280,11790105.7,1.248,1.25,1.205,1.251,3.6,3.11,0.76,4.94,41685.0,54595.0,1193773.0,10.13,-392432.0,-3.33,1586205.0,13.45,-1248894.0,-10.59,55121.0,0.47,227,1.206,1.207,309920928.0,373764639,373764639,2026-08-24,2026-08-24 13:39:57+08:00
520740,港股通互联网ETF华安,0.91,0.912,0.22,-0.034,-3.6,29357,2689012.0,0.94,0.94,0.906,0.944,3.6,6.11,0.67,18.02,11314.0,18043.0,-292207.0,-10.87,0.0,0.0,-292207.0,-10.87,14007.0,0.52,278201.0,10.35,-29,0.91,0.911,48012600.0,43691466,43691466,2026-08-24,2026-08-24 13:39:27+08:00
159530,机器人ETF易方达,1.282,1.2824,0.03,-0.048,-3.61,3950427,512713816.1,1.325,1.327,1.279,1.33,3.61,3.04,0.79,43.79,1541384.0,2409043.0,-35133641.0,-6.85,-3148281.0,-0.61,-31985360.0,-6.24,-20413051.0,-3.98,55546692.0,10.83,393,1.281,1.282,12991613184.0,16655248102,16655248102,2026-08-24,2026-08-24 13:39:57+08:00
588680,科创100增强ETF广发,2.54,2.5208,-0.76,-0.095,-3.61,5101,1314411.0,2.609,2.679,2.54,2.635,5.28,1.58,0.41,17.83,1642.0,3459.0,-83461.0,-6.35,0.0,0.0,-83461.0,-6.35,-98541.0,-7.5,182003.0,13.85,-185,2.538,2.539,32361000.0,82196940,82196940,2026-08-24,2026-08-24 13:39:16+08:00
159287,创业板综ETF博时,1.09,1.0903,0.03,-0.041,-3.63,38490,4268836.8,1.137,1.137,1.088,1.131,4.33,3.51,0.93,-6.74,15742.0,22748.0,-342207.0,-8.02,0.0,0.0,-342207.0,-8.02,-219347.0,-5.14,561554.0,13.15,2,1.089,1.09,109568753.0,119429941,119429941,2026-08-24,2026-08-24 13:39:51+08:00
159196,港股通信息技术ETF易方达,1.193,1.1901,-0.24,-0.045,-3.63,913164,110752255.2,1.246,1.248,1.189,1.238,4.77,41.04,0.72,13.21,400493.0,512671.0,-13856923.0,-12.51,478502.0,0.43,-14335425.0,-12.94,9426953.0,8.51,4429969.0,4.0,322,1.192,1.194,222530324.0,265478677,265478677,2026-08-24,2026-08-24 13:40:00+08:00
513330,恒生互联网ETF华夏,0.37,0.3688,-0.33,-0.014,-3.65,29117118,1085671276.0,0.379,0.379,0.369,0.384,2.6,4.24,1.2,0.44,8973828.0,20143290.0,-147397859.0,-13.58,-237117920.0,-21.84,89720061.0,8.26,106842090.0,9.84,40566861.0,3.74,-1762,0.37,0.371,68731482112.0,25430648381,25430648381,2026-08-24,2026-08-24 13:39:44+08:00
515860,科技ETF嘉实,2.03,2.0326,0.13,-0.077,-3.65,17217,3551100.0,2.125,2.125,2.03,2.107,4.51,1.69,0.68,-2.69,5850.0,11367.0,-155720.0,-4.39,3568.0,0.1,-159288.0,-4.49,-68917.0,-1.94,224637.0,6.33,-5,2.031,2.032,101878900.0,206814167,206814167,2026-08-24,2026-08-24 13:39:44+08:00
513980,港股科技ETF景顺,0.605,0.6047,-0.05,-0.023,-3.66,3170355,193076361.0,0.622,0.622,0.604,0.628,2.87,1.88,1.0,-1.42,1287119.0,1883236.0,1843958.0,0.96,-4157016.0,-2.15,6000974.0,3.11,-2705975.0,-1.4,862016.0,0.45,-170,0.605,0.606,16899204096.0,10224018478,10224018478,2026-08-24,2026-08-24 13:39:44+08:00
589280,科创增强ETF华宝,0.896,0.8916,-0.49,-0.034,-3.66,77512,6975898.0,0.93,0.93,0.894,0.93,3.87,5.03,1.09,8.19,32346.0,45166.0,-343640.0,-4.93,-427288.0,-6.13,83648.0,1.2,288694.0,4.14,54944.0,0.79,-15,0.895,0.896,154069000.0,138045824,138045824,2026-08-24,2026-08-24 13:39:26+08:00
159559,机器人ETF景顺,1.158,1.158,0.0,-0.044,-3.66,652720,76543751.3,1.196,1.2,1.156,1.202,3.66,3.21,0.93,25.33,229041.0,423679.0,2835309.0,3.7,3988005.0,5.21,-1152696.0,-1.51,-6605189.0,-8.63,3769880.0,4.93,-51,1.157,1.158,2032576624.0,2353723731,2353723731,2026-08-24,2026-08-24 13:40:00+08:00
159295,创业综指ETF西部利得,1.022,1.0015,-2.05,-0.039,-3.68,82306,8549096.6,1.061,1.061,1.011,1.061,4.71,10.98,1.52,23.85,53330.0,28976.0,456101.0,5.34,-695800.0,-8.14,1151901.0,13.47,-605850.0,-7.09,149749.0,1.75,10,1.011,1.02,74958239.0,76607320,76607320,2026-08-24,2026-08-24 13:40:00+08:00
517120,创新药ETF华泰柏瑞,0.755,0.7571,0.28,-0.029,-3.7,346509,26368526.0,0.768,0.785,0.75,0.784,4.46,5.92,1.36,25.61,131796.0,214713.0,-2352802.0,-8.92,-1025906.0,-3.89,-1326896.0,-5.03,-169216.0,-0.64,2522017.0,9.56,15,0.754,0.755,584966400.0,441649632,441649632,2026-08-24,2026-08-24 13:39:40+08:00
159278,机器人ETF鹏华,0.912,0.9121,0.01,-0.035,-3.7,1001543,92435472.0,0.942,0.944,0.91,0.947,3.59,4.69,0.82,18.09,331996.0,669547.0,-13253669.0,-14.34,-4511148.0,-4.88,-8742521.0,-9.46,3346839.0,3.62,9906830.0,10.72,500,0.911,0.912,2136545856.0,1948529821,1948529821,2026-08-24,2026-08-24 13:40:00+08:00
520590,恒生科技ETF鹏华,0.781,0.7805,-0.06,-0.03,-3.7,95784,7528558.0,0.806,0.806,0.779,0.811,3.33,4.88,1.24,14.05,32375.0,63409.0,-3048736.0,-40.5,-3290459.0,-43.71,241723.0,3.21,1986556.0,26.39,1062180.0,14.11,5,0.78,0.781,196235000.0,153259535,153259535,2026-08-24,2026-08-24 13:39:40+08:00
159676,创业板增强ETF富国,1.581,1.5761,-0.31,-0.061,-3.71,96615,15496719.384,1.642,1.647,1.577,1.642,4.26,8.01,1.01,9.82,38928.0,57687.0,-1133133.0,-7.31,0.0,0.0,-1133133.0,-7.31,-3248058.0,-20.96,4381190.0,28.27,20,1.578,1.581,120564183.0,190611973,190611973,2026-08-24,2026-08-24 13:39:54+08:00
513240,港股通信息技术ETF华安,0.987,0.9863,-0.07,-0.038,-3.71,510418,51063258.0,1.03,1.032,0.985,1.025,4.59,46.62,0.94,7.36,200737.0,309681.0,-4997558.0,-9.79,-1082424.0,-2.12,-3915134.0,-7.67,3099203.0,6.07,1898354.0,3.72,2566,0.987,0.988,109496000.0,108072552,108072552,2026-08-24,2026-08-24 13:39:47+08:00
589580,科创综指ETF兴银,1.507,1.5084,0.09,-0.058,-3.71,2201,333753.0,1.55,1.55,1.507,1.565,2.75,1.53,0.16,10.06,304.0,1897.0,56591.0,16.96,0.0,0.0,56591.0,16.96,0.0,0.0,-56591.0,-16.96,-1,1.506,1.507,14354800.0,21632684,21632684,2026-08-24,2026-08-24 13:39:21+08:00
159135,港股通科技ETF前海开源,0.778,0.7757,-0.3,-0.03,-3.71,97997,7677671.422,0.808,0.808,0.777,0.808,3.84,1.58,1.59,17.47,34781.0,63216.0,-1554787.0,-20.25,-906655.0,-11.81,-648132.0,-8.44,692545.0,9.02,862243.0,11.23,2,0.777,0.778,618466384.0,481166847,481166847,2026-08-24,2026-08-24 13:39:51+08:00
159131,港股通信息技术ETF华宝,0.935,0.9334,-0.17,-0.036,-3.71,9020808,855482617.49,0.976,0.977,0.931,0.971,4.74,38.68,0.87,17.13,4017914.0,5002894.0,-74732928.0,-8.74,-102064192.0,-11.93,27331264.0,3.19,46554928.0,5.44,28178007.0,3.29,1,0.934,0.935,2331919904.0,2180345110,2180345110,2026-08-24,2026-08-24 13:40:00+08:00
159128,港股科技ETF天弘,0.724,0.7231,-0.12,-0.028,-3.72,418704,30390062.742,0.751,0.751,0.722,0.752,3.86,2.21,0.92,1.24,168223.0,250481.0,-2517382.0,-8.28,1394455.0,4.59,-3911837.0,-12.87,1493770.0,4.92,1023611.0,3.37,4,0.723,0.724,1891760848.0,1369634854,1369634854,2026-08-24,2026-08-24 13:39:57+08:00
159747,香港科技ETF南方,1.164,1.1645,0.04,-0.045,-3.72,266558,31271947.5,1.192,1.196,1.163,1.209,2.73,8.5,1.57,21.88,112692.0,153866.0,-4981828.0,-15.93,-4809229.0,-15.38,-172599.0,-0.55,2923253.0,9.35,2058575.0,6.58,2000,1.164,1.165,313712272.0,365161085,365161085,2026-08-24,2026-08-24 13:39:51+08:00
159389,数字经济ETF嘉实,1.762,1.7618,-0.01,-0.068,-3.72,31821,5710966.6,1.83,1.834,1.76,1.83,4.04,2.37,0.75,0.32,15527.0,16294.0,7231.0,0.13,-92119.0,-1.61,99350.0,1.74,-71511.0,-1.25,64279.0,1.13,33,1.76,1.762,134093364.0,236272507,236272507,2026-08-24,2026-08-24 13:39:57+08:00
513150,港股通科技ETF华泰柏瑞,0.955,0.9549,-0.01,-0.037,-3.73,316277,30413728.0,0.98,0.985,0.955,0.992,3.02,31.45,1.07,15.07,134170.0,182107.0,-564665.0,-1.86,499318.0,1.64,-1063983.0,-3.5,95673.0,0.31,468991.0,1.54,200,0.955,0.956,100559800.0,96034609,96034609,2026-08-24,2026-08-24 13:39:45+08:00
588670,科创综指增强ETF嘉实,1.7,1.6955,-0.27,-0.066,-3.74,22812,3914202.0,1.76,1.771,1.7,1.766,4.02,6.37,2.74,0.01,8392.0,14420.0,-583549.0,-14.91,1024800.0,26.18,-1608349.0,-41.09,574174.0,14.67,9375.0,0.24,-667,1.696,1.701,35792000.0,60846400,60846400,2026-08-24,2026-08-24 13:39:29+08:00
159202,恒生互联网ETF万家,0.794,0.7915,-0.32,-0.031,-3.76,1495145,118953740.8,0.811,0.813,0.789,0.825,2.91,12.26,1.51,15.14,630471.0,864674.0,-15496292.0,-13.03,-12325070.0,-10.36,-3171222.0,-2.67,9690050.0,8.15,5806243.0,4.88,20,0.792,0.794,1219401904.0,968205112,968205112,2026-08-24,2026-08-24 13:40:00+08:00
588370,科创50增强ETF南方,1.69,1.6844,-0.33,-0.066,-3.76,43439,7459412.0,1.756,1.768,1.688,1.756,4.56,5.73,1.07,-16.78,21411.0,22028.0,-3179710.0,-42.63,0.0,0.0,-3179710.0,-42.63,1477288.0,19.81,1702422.0,22.82,3,1.689,1.69,75772000.0,128054680,128054680,2026-08-24,2026-08-24 13:39:31+08:00
159622,创新药ETF东财,1.175,1.1827,0.65,-0.046,-3.77,1058999,125637832.3,1.21,1.226,1.168,1.221,4.75,9.16,1.21,57.3,467270.0,591729.0,-14813262.0,-11.79,-7502174.0,-5.97,-7311088.0,-5.82,97643.0,0.08,14715618.0,11.71,-133,1.174,1.175,1156603232.0,1359008798,1359008798,2026-08-24,2026-08-24 13:39:54+08:00
159290,创业板综指增强ETF东财,1.119,1.1192,0.02,-0.044,-3.78,15314,1737054.9,1.161,1.162,1.118,1.163,3.78,3.4,0.78,15.5,8763.0,6551.0,-299520.0,-17.24,0.0,0.0,-299520.0,-17.24,-315582.0,-18.17,615102.0,35.41,-4,1.119,1.12,45100396.0,50467343,50467343,2026-08-24,2026-08-24 13:39:57+08:00
513020,港股科技ETF国泰,0.943,0.9447,0.18,-0.037,-3.78,852612,80920298.0,0.968,0.968,0.941,0.98,2.76,3.7,0.76,22.7,393522.0,459090.0,11579249.0,14.31,1407151.0,1.74,10172098.0,12.57,-3249498.0,-4.02,-8329751.0,-10.29,9,0.942,0.943,2304145408.0,2172809120,2172809120,2026-08-24,2026-08-24 13:39:47+08:00
159101,港股通科技ETF华夏,0.739,0.7374,-0.22,-0.029,-3.78,1371089,101813583.141,0.757,0.757,0.737,0.768,2.6,4.77,1.01,-14.89,520995.0,850094.0,-9327637.0,-9.16,-1127149.0,-1.11,-8200488.0,-8.05,5681359.0,5.58,3646278.0,3.58,90,0.738,0.739,2874311456.0,2124116166,2124116166,2026-08-24,2026-08-24 13:40:03+08:00
563790,卫星ETF鹏华,0.788,0.7881,0.01,-0.031,-3.79,478507,38291443.0,0.817,0.818,0.786,0.819,3.91,3.91,0.8,-2.22,118192.0,360315.0,-4861422.0,-12.7,-4357088.0,-11.38,-504334.0,-1.32,1767828.0,4.62,3093593.0,8.08,125,0.787,0.788,1223447008.0,964076242,964076242,2026-08-24,2026-08-24 13:39:33+08:00
159807,科技ETF易方达,0.888,0.8915,0.39,-0.035,-3.79,504164,45635782.7,0.921,0.923,0.887,0.923,3.9,5.63,1.66,-5.42,284843.0,219321.0,-4279206.0,-9.38,-10045970.0,-22.01,5766764.0,12.64,2021574.0,4.43,2257633.0,4.95,-42,0.888,0.889,895051424.0,794805665,794805665,2026-08-24,2026-08-24 13:39:51+08:00
159572,创业板200ETF易方达,1.393,1.394,0.07,-0.055,-3.8,97027,13694936.1,1.431,1.45,1.391,1.448,4.07,5.17,1.23,19.42,38530.0,58497.0,509676.0,3.72,0.0,0.0,509676.0,3.72,388698.0,2.84,-898373.0,-6.56,7,1.392,1.393,187749107.0,261534506,261534506,2026-08-24,2026-08-24 13:39:54+08:00
526050,港股通信息技术ETF招商,1.037,1.0366,-0.04,-0.041,-3.8,216144,22783583.0,1.091,1.091,1.035,1.078,5.19,40.3,0.71,25.34,90493.0,125651.0,-1927838.0,-8.46,-272366.0,-1.2,-1655472.0,-7.27,732317.0,3.21,1195521.0,5.25,251,1.036,1.038,53630000.0,55614310,55614310,2026-08-24,2026-08-24 13:39:39+08:00
159896,物联网ETF南方,1.24,1.2391,-0.07,-0.049,-3.8,31528,3984708.8,1.276,1.288,1.239,1.289,3.8,8.07,0.45,22.66,13540.0,17988.0,-205697.0,-5.16,659952.0,16.56,-865649.0,-21.72,166225.0,4.17,39474.0,0.99,41,1.237,1.238,39055960.0,48429390,48429390,2026-08-24,2026-08-24 13:39:51+08:00
159152,港股通科技ETF平安,0.758,0.7555,-0.33,-0.03,-3.81,315144,24047925.1,0.785,0.785,0.758,0.788,3.43,3.85,1.61,-14.35,128200.0,186944.0,-3295106.0,-13.7,541754.0,2.25,-3836860.0,-15.96,2201027.0,9.15,1094079.0,4.55,-410,0.758,0.759,818556096.0,620465521,620465521,2026-08-24,2026-08-24 13:39:57+08:00
516330,物联网ETF华泰柏瑞,1.509,1.509,0.0,-0.06,-3.82,564,86649.0,1.566,1.566,1.509,1.569,3.63,0.67,0.24,-0.22,362.0,202.0,-61783.0,-71.3,0.0,0.0,-61783.0,-71.3,0.0,0.0,61784.0,71.3,-30,1.508,1.511,8471300.0,12783192,12783192,2026-08-24,2026-08-24 13:39:43+08:00
561220,数字经济ETF工银,1.737,1.734,-0.17,-0.069,-3.82,19973,3540418.0,1.789,1.818,1.736,1.806,4.54,4.34,0.96,-9.0,9208.0,10765.0,-518627.0,-14.65,0.0,0.0,-518627.0,-14.65,393916.0,11.13,124711.0,3.52,39,1.731,1.734,46053000.0,79994061,79994061,2026-08-24,2026-08-24 13:39:36+08:00
562570,信创ETF华夏,1.311,1.3105,-0.04,-0.052,-3.82,52522,6993401.0,1.366,1.366,1.309,1.363,4.18,1.73,0.52,-8.04,26240.0,26282.0,-1462732.0,-20.92,-772630.0,-11.05,-690102.0,-9.87,216209.0,3.09,1246522.0,17.82,10,1.31,1.311,304281008.0,398912401,398912401,2026-08-24,2026-08-24 13:39:36+08:00
520670,港股通科技ETF嘉实,0.756,0.7553,-0.09,-0.03,-3.82,89545,6802815.0,0.784,0.784,0.755,0.786,3.69,4.19,1.49,-17.45,31745.0,57800.0,-762931.0,-11.21,-5768.0,-0.08,-757163.0,-11.13,496184.0,7.29,266748.0,3.92,5,0.755,0.756,213928100.0,161729644,161729644,2026-08-24,2026-08-24 13:39:27+08:00
588850,科创机械ETF嘉实,1.757,1.7592,0.13,-0.07,-3.83,119538,21454218.0,1.828,1.832,1.752,1.827,4.38,14.8,1.23,5.06,66429.0,53109.0,-1526077.0,-7.11,-1002964.0,-4.67,-523113.0,-2.44,1238816.0,5.77,287261.0,1.34,511,1.757,1.758,80779000.0,141928703,141928703,2026-08-24,2026-08-24 13:39:29+08:00
520710,港股通信息技术ETF广发,0.876,0.875,-0.11,-0.035,-3.84,328380,29172705.0,0.916,0.917,0.873,0.911,4.83,33.84,1.03,16.9,131404.0,196976.0,-4246676.0,-14.56,-427196.0,-1.46,-3819480.0,-13.09,2910507.0,9.98,1336168.0,4.58,20,0.875,0.876,97029000.0,84997404,84997404,2026-08-24,2026-08-24 13:39:40+08:00
159688,恒生互联网ETF华安,0.751,0.7501,-0.12,-0.03,-3.84,1002842,75652444.3,0.766,0.767,0.748,0.781,2.43,7.5,1.17,4.83,447002.0,555840.0,-7054037.0,-9.32,-3018188.0,-3.99,-4035849.0,-5.33,3468679.0,4.59,3585359.0,4.74,-1500,0.751,0.752,1337778480.0,1004671638,1004671638,2026-08-24,2026-08-24 13:39:54+08:00
159272,机器人ETF富国,0.774,0.7731,-0.12,-0.031,-3.85,1416794,111044540.517,0.8,0.802,0.773,0.805,3.6,3.74,0.86,55.16,446061.0,970733.0,-19102395.0,-17.2,-11542471.0,-10.39,-7559924.0,-6.81,8198200.0,7.38,10904193.0,9.82,-401,0.774,0.775,3788164688.0,2932039469,2932039469,2026-08-24,2026-08-24 13:40:00+08:00
159777,创科技ETF国联安,1.199,1.1997,0.06,-0.048,-3.85,23783,2892708.3,1.246,1.246,1.198,1.247,3.85,8.41,1.62,7.64,8954.0,14829.0,196479.0,6.79,0.0,0.0,196479.0,6.79,-232676.0,-8.04,36197.0,1.25,-100,1.197,1.199,28280565.0,33908397,33908397,2026-08-24,2026-08-24 13:39:51+08:00
512630,卫星ETF广发,1.048,1.0484,0.04,-0.042,-3.85,835297,88910795.0,1.084,1.089,1.046,1.09,3.94,4.81,0.8,2.12,307195.0,528102.0,-8705686.0,-9.79,-7295005.0,-8.21,-1410681.0,-1.59,644887.0,0.73,8060797.0,9.07,120,1.047,1.048,1736426000.0,1819774448,1819774448,2026-08-24,2026-08-24 13:39:46+08:00
589200,科创200ETF工银,1.321,1.3213,0.02,-0.053,-3.86,25212,3400720.0,1.375,1.38,1.32,1.374,4.37,11.2,1.36,1.44,10110.0,15102.0,153567.0,4.52,28444.0,0.84,125123.0,3.68,-149219.0,-4.39,-4348.0,-0.13,32,1.321,1.323,22507000.0,29731747,29731747,2026-08-24,2026-08-24 13:39:29+08:00
517850,张江ETF汇添富,1.246,1.2498,0.3,-0.05,-3.86,5859,737566.0,1.297,1.308,1.246,1.296,4.78,1.53,1.59,0.76,2315.0,3544.0,-91685.0,-12.43,0.0,0.0,-91685.0,-12.43,19366.0,2.63,72319.0,9.81,-11,1.245,1.247,38185200.0,47578759,47578759,2026-08-24,2026-08-24 13:39:41+08:00
563530,卫星ETF易方达,1.047,1.0477,0.07,-0.042,-3.86,722084,76940258.0,1.085,1.089,1.046,1.089,3.95,4.41,0.86,13.73,269646.0,452438.0,-2883696.0,-3.75,-1699220.0,-2.21,-1184476.0,-1.54,-2484190.0,-3.23,5367887.0,6.98,-350,1.047,1.048,1635748000.0,1712628156,1712628156,2026-08-24,2026-08-24 13:39:34+08:00
159198,港股通信息技术ETF富国,1.196,1.1955,-0.04,-0.048,-3.86,573240,69635435.5,1.25,1.253,1.193,1.244,4.82,64.16,0.81,-14.23,236654.0,336586.0,-6706715.0,-9.63,201807.0,0.29,-6908522.0,-9.92,3316045.0,4.76,3390670.0,4.87,-107,1.196,1.197,89344347.0,106855839,106855839,2026-08-24,2026-08-24 13:39:57+08:00
516930,生物科技ETF民生加银,0.497,0.497,0.0,-0.02,-3.87,11003,554069.0,0.513,0.519,0.497,0.517,4.26,1.04,1.26,0.13,7208.0,3795.0,-46249.0,-8.35,209668.0,37.84,-255917.0,-46.19,-17072.0,-3.08,63321.0,11.43,-705,0.496,0.497,106139600.0,52751381,52751381,2026-08-24,2026-08-24 13:39:37+08:00
560850,信创ETF汇添富,1.29,1.2914,0.11,-0.052,-3.87,22422,2939315.0,1.33,1.33,1.289,1.342,3.06,3.2,1.46,0.07,11325.0,11097.0,-414455.0,-14.1,0.0,0.0,-414455.0,-14.1,132228.0,4.5,282228.0,9.6,1,1.29,1.292,70164000.0,90511560,90511560,2026-08-24,2026-08-24 13:39:36+08:00
588140,科创200ETF广发,1.168,1.1685,0.04,-0.047,-3.87,61784,7336442.0,1.201,1.222,1.167,1.215,4.53,2.56,0.94,14.89,26247.0,35537.0,-864731.0,-11.79,-1457007.0,-19.86,592276.0,8.07,544780.0,7.43,319951.0,4.36,2,1.168,1.169,241751000.0,282365168,282365168,2026-08-24,2026-08-24 13:39:33+08:00
159050,机器人ETF广发,0.817,0.8177,0.09,-0.033,-3.88,229123,18980698.1,0.847,0.85,0.816,0.85,4.0,3.31,0.7,11.14,72901.0,156222.0,-1938181.0,-10.21,-641123.0,-3.38,-1297058.0,-6.83,-15490.0,-0.08,1953671.0,10.29,-11,0.817,0.818,691703616.0,565121854,565121854,2026-08-24,2026-08-24 13:40:03+08:00
159636,港股通科技30ETF工银,0.52,0.52,0.0,-0.021,-3.88,3790766,198076938.2,0.532,0.532,0.518,0.541,2.59,1.71,1.28,30.55,1475058.0,2315708.0,-11043054.0,-5.58,-21702664.0,-10.96,10659610.0,5.38,7429314.0,3.75,3613740.0,1.82,1362,0.519,0.52,22104501248.0,11494340649,11494340649,2026-08-24,2026-08-24 13:39:54+08:00
563230,卫星ETF富国,1.041,1.0423,0.12,-0.042,-3.88,1297386,137448373.0,1.075,1.082,1.04,1.083,3.88,3.7,0.7,22.82,511947.0,785439.0,-14136604.0,-10.29,-6723987.0,-4.9,-7412617.0,-5.4,1426286.0,1.04,12708339.0,9.25,-851,1.041,1.042,3509237008.0,3653115725,3653115725,2026-08-24,2026-08-24 13:39:32+08:00
159125,港股通科技ETF招商,0.714,0.7139,-0.01,-0.029,-3.9,300113,21470028.2,0.737,0.738,0.711,0.743,3.63,3.57,0.94,21.34,103962.0,196151.0,-2460202.0,-11.46,3834667.0,17.86,-6294869.0,-29.32,2070716.0,9.64,389485.0,1.81,2000,0.713,0.714,840245888.0,599935564,599935564,2026-08-24,2026-08-24 13:40:00+08:00
159895,物联网ETF易方达,1.33,1.3347,0.35,-0.054,-3.9,30706,4158607.6,1.39,1.41,1.33,1.384,5.78,4.14,1.09,0.0,17438.0,13268.0,-354435.0,-8.52,0.0,0.0,-354435.0,-8.52,314260.0,7.56,40175.0,0.97,-3,1.331,1.332,74241864.0,98741679,98741679,2026-08-24,2026-08-24 13:39:51+08:00
159218,卫星ETF招商,1.276,1.2772,0.09,-0.052,-3.92,531660,69098893.8,1.317,1.327,1.275,1.328,3.92,2.54,0.69,1.79,200560.0,331100.0,-6093930.0,-8.82,107726.0,0.16,-6201656.0,-8.98,153316.0,0.22,5940614.0,8.6,-60,1.276,1.278,2091616384.0,2668902506,2668902506,2026-08-24,2026-08-24 13:40:00+08:00
159541,创业板综ETF万家,1.493,1.4886,-0.3,-0.061,-3.93,79013,11891484.0,1.55,1.551,1.493,1.554,3.73,12.83,2.3,11.91,44564.0,34449.0,-511560.0,-4.3,909417.0,7.65,-1420977.0,-11.95,374721.0,3.15,136838.0,1.15,-1000,1.492,1.494,61593326.0,91958836,91958836,2026-08-24,2026-08-24 13:39:54+08:00
526000,港股通信息技术ETF华夏,1.147,1.1468,-0.02,-0.047,-3.94,2828128,328435498.0,1.202,1.202,1.144,1.194,4.86,159.65,1.06,-9.11,1361351.0,1466777.0,222633.0,0.07,7742295.0,2.36,-7519662.0,-2.29,-3624119.0,-1.1,3401486.0,1.04,10923,1.147,1.148,177142000.0,203181874,203181874,2026-08-24,2026-08-24 13:39:39+08:00
159709,物联网ETF工银,1.655,1.6501,-0.3,-0.068,-3.95,1203,202949.4,1.698,1.707,1.655,1.723,3.02,0.56,1.7,53.1,1078.0,125.0,-126.0,-0.06,0.0,0.0,-126.0,-0.06,0.0,0.0,126.0,0.06,1,1.652,1.656,21484060.0,35556119,35556119,2026-08-24,2026-08-24 13:39:51+08:00
513310,中韩半导体ETF华泰柏瑞,4.658,4.1797,-11.44,-0.192,-3.96,6443025,3021193403.0,4.723,4.746,4.652,4.85,1.94,26.77,0.46,-29.2,3083947.0,3359078.0,-188800560.0,-6.25,-113134096.0,-3.74,-75666464.0,-2.5,47586352.0,1.58,141240768.0,4.68,-2241,4.657,4.658,2406427008.0,11209137003,11209137003,2026-08-24,2026-08-24 13:39:44+08:00
589330,科创200ETF东财,0.848,0.8447,-0.39,-0.035,-3.96,35022,3026595.0,0.88,0.884,0.848,0.883,4.08,2.11,0.79,11.48,14788.0,20234.0,-87402.0,-2.89,0.0,0.0,-87402.0,-2.89,-215291.0,-7.11,302693.0,10.0,100,0.848,0.849,165902000.0,140684896,140684896,2026-08-24,2026-08-24 13:39:28+08:00
589050,科创综指ETF兴业,1.306,1.3078,0.14,-0.054,-3.97,35200,4700837.0,1.352,1.36,1.306,1.36,3.97,7.49,3.33,-1.11,10582.0,24618.0,114720.0,2.44,0.0,0.0,114720.0,2.44,-77645.0,-1.65,-37075.0,-0.79,-130,1.305,1.307,46968000.0,61340208,61340208,2026-08-24,2026-08-24 13:39:29+08:00
520840,港股通恒生科技ETF华安,0.749,0.7465,-0.33,-0.031,-3.97,556622,41974306.0,0.774,0.774,0.748,0.78,3.33,4.97,1.67,7.61,193736.0,362886.0,-12374876.0,-29.48,-11736610.0,-27.96,-638266.0,-1.52,8940733.0,21.3,3434142.0,8.18,7451,0.748,0.749,1119549008.0,838542207,838542207,2026-08-24,2026-08-24 13:39:33+08:00
560990,科技先锋ETF中金,1.113,1.1174,0.39,-0.046,-3.97,6660,756144.0,1.155,1.155,1.113,1.159,3.62,3.66,1.46,0.15,2076.0,4584.0,56592.0,7.48,0.0,0.0,56592.0,7.48,-26919.0,-3.56,-29672.0,-3.92,-50,1.112,1.114,18187100.0,20242242,20242242,2026-08-24,2026-08-24 13:39:37+08:00
159185,港股通信息技术ETF鹏华,1.062,1.0617,-0.03,-0.044,-3.98,885355,95412260.005,1.11,1.111,1.06,1.106,4.61,45.38,1.01,7.63,375588.0,509767.0,-4219562.0,-4.42,-2531911.0,-2.65,-1687651.0,-1.77,2742669.0,2.87,1476892.0,1.55,-75,1.062,1.063,195099035.0,207195175,207195175,2026-08-24,2026-08-24 13:40:00+08:00
520750,港股通信息ETF华富,0.868,0.8678,-0.02,-0.036,-3.98,122164,10817995.0,0.906,0.91,0.867,0.904,4.76,8.76,0.57,10.08,44514.0,77650.0,-1963560.0,-18.15,-494499.0,-4.57,-1469061.0,-13.58,1494047.0,13.81,469513.0,4.34,492,0.868,0.869,139384000.0,120985312,120985312,2026-08-24,2026-08-24 13:39:36+08:00
526030,港股通信息技术ETF汇添富,0.842,0.8418,-0.02,-0.035,-3.99,224802,19287882.0,0.881,0.884,0.84,0.877,5.02,14.74,1.15,2.42,94918.0,129884.0,-1300306.0,-6.74,-827841.0,-4.29,-472465.0,-2.45,538685.0,2.79,761622.0,3.95,2153,0.841,0.843,152465000.0,128375530,128375530,2026-08-24,2026-08-24 13:39:36+08:00
516510,云计算ETF易方达,1.607,1.6042,-0.17,-0.067,-4.0,754722,123265823.0,1.674,1.676,1.605,1.674,4.24,4.92,1.04,-26.32,341851.0,412871.0,3643497.0,2.96,11012401.0,8.94,-7368904.0,-5.98,-981658.0,-0.8,-2661840.0,-2.16,-618,1.606,1.607,1532890000.0,2463354230,2463354230,2026-08-24,2026-08-24 13:39:43+08:00
588270,科创200ETF易方达,1.627,1.6298,0.17,-0.068,-4.01,296856,49394251.0,1.695,1.708,1.625,1.695,4.9,10.15,2.69,17.7,166395.0,130461.0,1056978.0,2.14,-14930047.0,-30.23,15987025.0,32.37,-1673119.0,-3.39,616142.0,1.25,12,1.627,1.628,292410000.0,475751070,475751070,2026-08-24,2026-08-24 13:39:32+08:00
589220,科创200ETF国泰,0.978,0.9784,0.04,-0.041,-4.02,306001,30416105.0,1.015,1.026,0.978,1.019,4.71,9.58,1.19,14.33,149589.0,156412.0,-1296482.0,-4.26,-223103.0,-0.73,-1073379.0,-3.53,1044500.0,3.43,251983.0,0.83,-10,0.98,0.981,319495808.0,312466900,312466900,2026-08-24,2026-08-24 13:39:29+08:00
159251,港股通科技ETF万家,0.765,0.766,0.13,-0.032,-4.02,120400,9253513.6,0.783,0.783,0.763,0.797,2.51,4.92,0.61,-9.32,59046.0,61354.0,-1110106.0,-12.0,0.0,0.0,-1110106.0,-12.0,86619.0,0.94,1023486.0,11.06,-1400,0.765,0.766,244787744.0,187262624,187262624,2026-08-24,2026-08-24 13:40:00+08:00
159748,创新药ETF富国,0.833,0.8355,0.3,-0.035,-4.03,931426,78332292.4,0.861,0.868,0.829,0.868,4.49,6.19,1.22,38.89,394631.0,536795.0,-8331060.0,-10.64,-8155173.0,-10.41,-175887.0,-0.22,3011719.0,3.84,5319341.0,6.79,-3,0.833,0.834,1503692128.0,1252575543,1252575543,2026-08-24,2026-08-24 13:39:51+08:00
159262,港股通科技ETF广发,0.834,0.8327,-0.16,-0.035,-4.03,1869367,157142046.8,0.86,0.861,0.833,0.869,3.22,3.35,0.84,4.07,776286.0,1093081.0,-19819337.0,-12.61,-21546254.0,-13.71,1726917.0,1.1,11638950.0,7.41,8180387.0,5.21,4600,0.833,0.834,5576720384.0,4650984800,4650984800,2026-08-24,2026-08-24 13:40:00+08:00
159298,创业板50ETF大成,1.191,1.1879,-0.26,-0.05,-4.03,57949,7043721.9,1.241,1.243,1.188,1.241,4.43,3.68,1.28,-1.07,19993.0,37956.0,-1801050.0,-25.57,-633273.0,-8.99,-1167777.0,-16.58,716207.0,10.17,1084843.0,15.4,83,1.189,1.191,157281082.0,187321769,187321769,2026-08-24,2026-08-24 13:40:00+08:00
159563,创业板综ETF华夏,1.758,1.7584,0.02,-0.074,-4.04,15637,2785646.8,1.828,1.868,1.757,1.832,6.06,6.17,1.18,-7.09,8472.0,7165.0,-204788.0,-7.35,0.0,0.0,-204788.0,-7.35,-159392.0,-5.72,364180.0,13.07,-600,1.758,1.759,25360773.0,44584239,44584239,2026-08-24,2026-08-24 13:39:57+08:00
588520,科创增强ETF永赢,1.375,1.3755,0.04,-0.058,-4.05,2907,405506.0,1.428,1.428,1.375,1.433,3.7,2.24,0.44,-6.61,773.0,2134.0,-159891.0,-39.43,0.0,0.0,-159891.0,-39.43,-22819.0,-5.63,182709.0,45.06,-18,1.377,1.378,12957000.0,17815875,17815875,2026-08-24,2026-08-24 13:39:27+08:00
159645,疫苗ETF富国,0.616,0.6171,0.18,-0.026,-4.05,126925,7930887.7,0.638,0.645,0.615,0.642,4.67,13.72,0.89,-1.79,62693.0,64232.0,-456856.0,-5.76,-70151.0,-0.88,-386705.0,-4.88,484804.0,6.11,-27949.0,-0.35,70,0.615,0.617,92540740.0,57005096,57005096,2026-08-24,2026-08-24 13:39:51+08:00
588950,科创50ETF景顺,1.66,1.6575,-0.15,-0.07,-4.05,331721,56010384.0,1.73,1.731,1.656,1.73,4.34,4.98,0.84,13.77,110611.0,221110.0,-14155257.0,-25.27,-4339959.0,-7.75,-9815298.0,-17.52,-1481499.0,-2.65,15636755.0,27.92,13,1.658,1.66,665729696.0,1105111295,1105111295,2026-08-24,2026-08-24 13:39:28+08:00
588240,科创200ETF鹏华,1.601,1.6004,-0.04,-0.068,-4.07,404599,66260179.0,1.673,1.677,1.597,1.669,4.79,32.2,1.67,22.54,191982.0,212617.0,-1147423.0,-1.73,3725177.0,5.62,-4872600.0,-7.35,1105407.0,1.67,42016.0,0.06,34,1.6,1.601,125633000.0,201138433,201138433,2026-08-24,2026-08-24 13:39:32+08:00
159120,港股通科技ETF国联安,0.731,0.736,0.68,-0.031,-4.07,210744,15488520.2,0.753,0.754,0.731,0.762,3.02,13.95,2.39,18.25,46517.0,164227.0,-946685.0,-6.11,6617483.0,42.73,-7564168.0,-48.84,434744.0,2.81,511939.0,3.31,1000,0.731,0.732,151024466.0,110398885,110398885,2026-08-24,2026-08-24 13:39:54+08:00
159377,创业板医药ETF国泰,0.989,0.9882,-0.08,-0.042,-4.07,463950,46263608.8,1.021,1.03,0.987,1.031,4.17,34.08,1.58,60.09,249165.0,214785.0,-1781139.0,-3.85,708538.0,1.53,-2489677.0,-5.38,610354.0,1.32,1170785.0,2.53,1310,0.988,0.989,136129399.0,134631976,134631976,2026-08-24,2026-08-24 13:39:57+08:00
159890,云计算ETF招商,1.644,1.6413,-0.16,-0.07,-4.08,87071,14551145.4,1.714,1.716,1.643,1.714,4.26,3.7,0.82,-0.02,33385.0,53686.0,-1181417.0,-8.12,-787179.0,-5.41,-394238.0,-2.71,-1783677.0,-12.26,2965094.0,20.38,4,1.645,1.646,235590688.0,387311091,387311091,2026-08-24,2026-08-24 13:39:51+08:00
589460,科创200ETF华宝,0.94,0.9394,-0.06,-0.04,-4.08,121005,11548003.0,0.98,0.981,0.937,0.98,4.49,5.34,1.13,24.08,68619.0,52386.0,-391518.0,-3.39,117220.0,1.02,-508738.0,-4.41,-321504.0,-2.78,713022.0,6.17,4755,0.94,0.942,226630900.0,213033046,213033046,2026-08-24,2026-08-24 13:39:28+08:00
562380,央企科技ETF银华,1.2,1.2043,0.36,-0.051,-4.08,22452,2742427.0,1.252,1.252,1.199,1.251,4.24,3.13,0.63,34.04,7925.0,14527.0,-484743.0,-17.68,-535794.0,-19.54,51051.0,1.86,-172399.0,-6.29,657143.0,23.96,1,1.2,1.202,71628900.0,85954680,85954680,2026-08-24,2026-08-24 13:39:35+08:00
516630,云计算ETF华夏,1.57,1.5708,0.05,-0.067,-4.09,235071,37572341.0,1.64,1.64,1.568,1.637,4.4,4.74,0.9,-15.99,96034.0,139037.0,-6725611.0,-17.9,829656.0,2.21,-7555267.0,-20.11,631694.0,1.68,6093918.0,16.22,-3,1.57,1.571,496156000.0,778964920,778964920,2026-08-24,2026-08-24 13:39:44+08:00
588230,科创200ETF华泰柏瑞,1.735,1.7353,0.02,-0.074,-4.09,506423,89724171.0,1.807,1.814,1.73,1.809,4.64,6.73,1.06,5.94,254364.0,252059.0,-1376474.0,-1.53,-2170016.0,-2.42,793542.0,0.88,-1438617.0,-1.6,2815092.0,3.14,70,1.735,1.736,752939008.0,1306349179,1306349179,2026-08-24,2026-08-24 13:39:33+08:00
588160,科创新材料ETF南方,1.056,1.0555,-0.05,-0.045,-4.09,1727372,185694994.0,1.098,1.101,1.052,1.101,4.45,20.22,1.02,-0.63,579957.0,1147415.0,-2908486.0,-1.57,-11314776.0,-6.09,8406290.0,4.53,203548.0,0.11,2704939.0,1.46,140,1.054,1.056,854496000.0,902347776,902347776,2026-08-24,2026-08-24 13:39:33+08:00
159385,数字经济ETF富国,1.736,1.7374,0.08,-0.074,-4.09,17197,3059794.2,1.804,1.804,1.736,1.81,3.76,3.51,0.61,2.28,5162.0,12035.0,92986.0,3.04,-32807.0,-1.07,125793.0,4.11,-277847.0,-9.08,184862.0,6.04,-100,1.736,1.739,49002525.0,85068383,85068383,2026-08-24,2026-08-24 13:39:57+08:00
159010,港股通科技ETF博时,0.891,0.8901,-0.1,-0.038,-4.09,68160,6128952.5,0.921,0.929,0.891,0.929,4.09,3.48,1.27,22.98,25550.0,42610.0,-1467825.0,-23.95,54040.0,0.88,-1521865.0,-24.83,724239.0,11.82,743586.0,12.13,-544,0.891,0.892,196097611.0,174722971,174722971,2026-08-24,2026-08-24 13:39:54+08:00
588720,科创50ETF中银,1.614,1.6138,-0.01,-0.069,-4.1,49129,8046703.0,1.675,1.682,1.613,1.683,4.1,4.58,1.26,36.67,29002.0,20127.0,-862888.0,-10.72,-1573708.0,-19.56,710820.0,8.83,188904.0,2.35,673983.0,8.38,84,1.613,1.614,107241800.0,173088265,173088265,2026-08-24,2026-08-24 13:39:27+08:00
159180,软件ETF银华,0.982,0.9823,0.03,-0.042,-4.1,19234,1914566.944,1.024,1.029,0.98,1.024,4.79,5.47,0.66,10.16,7835.0,11399.0,-213801.0,-11.17,0.0,0.0,-213801.0,-11.17,72511.0,3.79,141292.0,7.38,-1,0.982,0.983,35155926.0,34523119,34523119,2026-08-24,2026-08-24 13:40:00+08:00
589630,科创综指ETF国泰,0.749,0.7501,0.15,-0.032,-4.1,193269,14733183.0,0.785,0.785,0.748,0.781,4.74,5.53,0.68,0.5,83084.0,110185.0,-533401.0,-3.62,1482756.0,10.06,-2016157.0,-13.68,285053.0,1.93,248349.0,1.69,100,0.748,0.749,349258000.0,261594242,261594242,2026-08-24,2026-08-24 13:39:28+08:00
159170,港股通互联网ETF永赢,0.839,0.8408,0.21,-0.036,-4.11,108138,9129427.5,0.86,0.874,0.838,0.875,4.11,2.71,0.56,-19.72,46930.0,61208.0,-313031.0,-3.43,-104435.0,-1.14,-208596.0,-2.28,-251754.0,-2.76,564785.0,6.19,5,0.838,0.839,399638352.0,335296577,335296577,2026-08-24,2026-08-24 13:40:00+08:00
516260,物联网ETF华夏,1.305,1.3068,0.14,-0.056,-4.11,7202,943856.0,1.343,1.347,1.305,1.361,3.09,1.64,1.17,-5.74,2018.0,5184.0,-52424.0,-5.55,0.0,0.0,-52424.0,-5.55,0.0,0.0,52424.0,5.55,-50,1.306,1.307,43882600.0,57266793,57266793,2026-08-24,2026-08-24 13:39:39+08:00
588820,科创200ETF华夏,1.86,1.8637,0.2,-0.08,-4.12,94819,18053851.0,1.94,1.952,1.859,1.94,4.79,6.14,1.13,17.68,43598.0,51221.0,943619.0,5.23,-4681.0,-0.03,948300.0,5.25,-979461.0,-5.43,35843.0,0.2,-25,1.862,1.864,154400000.0,287184000,287184000,2026-08-24,2026-08-24 13:39:28+08:00
159773,创业板科技ETF华泰柏瑞,1.278,1.2801,0.16,-0.055,-4.13,32469,4229755.9,1.333,1.333,1.278,1.333,4.13,1.78,0.94,16.9,12188.0,20281.0,-304157.0,-7.19,-221747.0,-5.24,-82410.0,-1.95,-93662.0,-2.21,397820.0,9.41,-3,1.279,1.28,181903120.0,232472187,232472187,2026-08-24,2026-08-24 13:39:51+08:00
517380,创新药ETF天弘,0.859,0.8651,0.71,-0.037,-4.13,1590506,138006765.0,0.895,0.896,0.855,0.896,4.58,5.04,1.36,2.15,696717.0,893789.0,-9455041.0,-6.86,-3147939.0,-2.28,-6307102.0,-4.57,5054670.0,3.67,4400370.0,3.19,-1619,0.859,0.86,3158326304.0,2713002295,2713002295,2026-08-24,2026-08-24 13:39:39+08:00
159015,恒生港股通科技ETF国联,0.879,0.8775,-0.17,-0.038,-4.14,56840,5032586.046,0.916,0.916,0.878,0.917,4.14,5.15,1.63,8.48,17474.0,39366.0,-822344.0,-16.34,0.0,0.0,-822344.0,-16.34,137987.0,2.74,684358.0,13.6,11,0.878,0.879,110352934.0,97000229,97000229,2026-08-24,2026-08-24 13:39:54+08:00
589500,科创综指ETF工银,1.527,1.5286,0.1,-0.066,-4.14,33731,5235546.0,1.593,1.596,1.526,1.593,4.39,4.21,1.07,8.32,19339.0,14392.0,458200.0,8.75,292790.0,5.59,165410.0,3.16,-490424.0,-9.37,32223.0,0.62,1,1.526,1.528,80064000.0,122257728,122257728,2026-08-24,2026-08-24 13:39:29+08:00
588080,科创50ETF易方达,1.622,1.6205,-0.09,-0.07,-4.14,7785544,1286481517.0,1.693,1.693,1.619,1.692,4.37,3.16,1.09,42.68,3227200.0,4558344.0,-231237040.0,-17.97,-212483776.0,-16.52,-18753264.0,-1.46,84029141.0,6.53,147209537.0,11.44,2941,1.621,1.622,24631628032.0,39952500668,39952500668,2026-08-24,2026-08-24 13:39:32+08:00
589180,科创新材料ETF汇添富,1.686,1.6868,0.05,-0.073,-4.15,161479,27802260.0,1.756,1.761,1.683,1.759,4.43,11.51,0.92,1.0,80065.0,81414.0,-263167.0,-0.95,0.0,0.0,-263167.0,-0.95,-1197123.0,-4.31,1460289.0,5.25,785,1.685,1.688,140318000.0,236576148,236576148,2026-08-24,2026-08-24 13:39:29+08:00
512330,信息科技ETF南方,1.798,1.8015,0.19,-0.078,-4.16,24913,4586107.0,1.88,1.88,1.798,1.876,4.37,0.7,0.83,10.61,14989.0,9924.0,456610.0,9.96,0.0,0.0,456610.0,9.96,-685919.0,-14.96,229308.0,5.0,-10,1.795,1.798,356688000.0,641325024,641325024,2026-08-24,2026-08-24 13:39:46+08:00
588180,科创50ETF国联安,1.036,1.036,0.0,-0.045,-4.16,221308,23406756.0,1.08,1.081,1.034,1.081,4.35,3.03,1.2,-7.52,69596.0,151712.0,-4613711.0,-19.71,-3119605.0,-13.33,-1494106.0,-6.38,1373373.0,5.87,3240338.0,13.84,30,1.035,1.036,731353696.0,757682429,757682429,2026-08-24,2026-08-24 13:39:32+08:00
562560,信息技术ETF华夏,2.163,2.1641,0.05,-0.094,-4.16,3914,867789.0,2.255,2.255,2.163,2.257,4.08,1.72,1.12,-16.55,1223.0,2691.0,-33046.0,-3.81,0.0,0.0,-33046.0,-3.81,44360.0,5.11,-11315.0,-1.3,20,2.16,2.163,22765500.0,49241777,49241777,2026-08-24,2026-08-24 13:39:36+08:00
159280,港股通互联网ETF汇添富,0.691,0.6908,-0.03,-0.03,-4.16,71063,4946752.1,0.713,0.713,0.691,0.721,3.05,7.13,1.32,14.72,25434.0,45629.0,-989850.0,-20.01,360379.0,7.29,-1350229.0,-27.3,441637.0,8.93,548212.0,11.08,-407,0.691,0.693,99717171.0,68904565,68904565,2026-08-24,2026-08-24 13:40:00+08:00
588870,科创50ETF汇添富,1.608,1.6058,-0.14,-0.07,-4.17,670798,109886038.0,1.679,1.68,1.606,1.678,4.41,8.77,1.29,-4.96,262682.0,408116.0,-32334747.0,-29.43,-7431347.0,-6.76,-24903400.0,-22.66,3672439.0,3.34,28662307.0,26.08,10,1.608,1.609,764552000.0,1229399616,1229399616,2026-08-24,2026-08-24 13:39:28+08:00
588150,科创50ETF南方,1.126,1.1253,-0.06,-0.049,-4.17,308412,35541718.0,1.175,1.175,1.123,1.175,4.43,7.96,1.24,21.04,118980.0,189432.0,-2764979.0,-7.78,1158506.0,3.26,-3923485.0,-11.04,226526.0,0.64,2538453.0,7.14,500,1.125,1.126,387432608.0,436249117,436249117,2026-08-24,2026-08-24 13:39:34+08:00
159849,生物科技ETF招商,0.504,0.5028,-0.24,-0.022,-4.18,34342,1758753.3,0.521,0.526,0.503,0.526,4.37,2.2,0.86,8.02,11420.0,22922.0,-438920.0,-24.96,-677361.0,-38.51,238441.0,13.56,99184.0,5.64,339736.0,19.32,10,0.503,0.504,156372396.0,78811688,78811688,2026-08-24,2026-08-24 13:39:51+08:00
588000,科创50ETF华夏,1.672,1.6722,0.01,-0.073,-4.18,30366414,5169214520.0,1.741,1.743,1.67,1.745,4.18,6.1,1.14,25.61,13792059.0,16574355.0,-1181729888.0,-22.87,-1333158832.0,-25.8,151428944.0,2.93,416800576.0,8.06,764944358.0,14.8,-6302,1.671,1.672,49766668288.0,83209869378,83209869378,2026-08-24,2026-08-24 13:39:32+08:00
589990,科创综指ETF华泰柏瑞,1.582,1.5852,0.2,-0.069,-4.18,38872,6267469.0,1.653,1.653,1.582,1.651,4.3,3.66,1.21,25.77,18692.0,20180.0,-891390.0,-14.22,0.0,0.0,-891390.0,-14.22,271542.0,4.33,619847.0,9.89,11,1.582,1.584,106090000.0,167834380,167834380,2026-08-24,2026-08-24 13:39:27+08:00
588050,科创50ETF工银,1.625,1.6242,-0.05,-0.071,-4.19,1395562,231345598.0,1.694,1.694,1.623,1.696,4.19,2.17,0.85,36.9,576072.0,819490.0,-37632567.0,-16.27,-25977778.0,-11.23,-11654789.0,-5.04,11693616.0,5.05,25938952.0,11.21,-318,1.624,1.625,6425241344.0,10441017184,10441017184,2026-08-24,2026-08-24 13:39:33+08:00
159205,创业板ETF东财,1.668,1.6661,-0.11,-0.073,-4.19,631804,107316014.299,1.741,1.744,1.665,1.741,4.54,11.94,1.26,23.13,237860.0,393944.0,-41248357.0,-38.45,-11621057.0,-10.83,-29627300.0,-27.62,5291132.0,4.93,35957225.0,33.52,-237,1.667,1.668,529056064.0,882465515,882465515,2026-08-24,2026-08-24 13:40:00+08:00
159191,港股通科技ETF易方达,0.914,0.9147,0.08,-0.04,-4.19,56232,5166873.0,0.954,0.954,0.913,0.954,4.3,8.14,2.27,8.32,15010.0,41222.0,-933714.0,-18.07,99425.0,1.92,-1033139.0,-20.0,254804.0,4.93,678910.0,13.14,-1,0.914,0.915,69104851.0,63161834,63161834,2026-08-24,2026-08-24 13:40:00+08:00
589880,科创综指ETF建信,1.488,1.4857,-0.15,-0.065,-4.19,170142,25605895.0,1.549,1.55,1.487,1.553,4.06,3.7,0.88,-35.11,79738.0,90404.0,-1017543.0,-3.97,1233687.0,4.82,-2251230.0,-8.79,1109216.0,4.33,-93609.0,-0.37,158,1.485,1.488,459996000.0,684474048,684474048,2026-08-24,2026-08-24 13:39:29+08:00
588010,科创新材料ETF博时,1.028,1.0299,0.18,-0.045,-4.19,1060090,111229943.0,1.072,1.074,1.027,1.073,4.38,10.81,0.86,-19.03,411604.0,648486.0,-843695.0,-0.76,-11426925.0,-10.27,10583230.0,9.51,-576778.0,-0.52,1420472.0,1.28,-74,1.03,1.031,980425808.0,1007877731,1007877731,2026-08-24,2026-08-24 13:39:32+08:00
159311,数字经济ETF易方达,1.395,1.395,0.0,-0.061,-4.19,5414,769922.3,1.442,1.443,1.395,1.456,3.3,1.37,1.18,26.84,945.0,4469.0,-64455.0,-8.37,-529815.0,-68.81,465360.0,60.44,-118580.0,-15.4,183034.0,23.77,1,1.393,1.395,39383993.0,54940670,54940670,2026-08-24,2026-08-24 13:39:57+08:00
588940,科创50ETF富国,0.821,0.8198,-0.15,-0.036,-4.2,1266619,105704122.0,0.856,0.856,0.819,0.857,4.32,4.29,0.98,-5.86,450012.0,816607.0,-33329741.0,-31.54,-31623039.0,-29.93,-1706702.0,-1.62,15224501.0,14.41,18105240.0,17.13,437,0.82,0.821,2954840000.0,2425923640,2425923640,2026-08-24,2026-08-24 13:39:28+08:00
516500,生物科技ETF华夏,0.639,0.6396,0.09,-0.028,-4.2,165301,10690669.0,0.667,0.671,0.637,0.667,5.1,8.03,1.5,-7.21,67832.0,97469.0,-769459.0,-7.2,-1237052.0,-11.57,467593.0,4.37,112775.0,1.05,656684.0,6.14,1,0.638,0.639,205937200.0,131593871,131593871,2026-08-24,2026-08-24 13:39:44+08:00
589000,科创综指ETF华夏,1.507,1.509,0.13,-0.066,-4.2,444807,68334996.0,1.565,1.574,1.503,1.573,4.51,4.25,1.07,-1.51,206118.0,238689.0,-3021708.0,-4.42,-841193.0,-1.23,-2180515.0,-3.19,-507857.0,-0.74,3529564.0,5.17,4,1.506,1.507,1047507808.0,1578594267,1578594267,2026-08-24,2026-08-24 13:39:27+08:00
159814,创业大盘ETF西部利得,0.705,0.7046,-0.06,-0.031,-4.21,512889,36896974.2,0.735,0.739,0.702,0.736,5.03,10.09,1.17,51.53,198837.0,314052.0,-2299981.0,-6.23,189053.0,0.51,-2489034.0,-6.75,1111691.0,3.01,1188290.0,3.22,4,0.704,0.705,508246528.0,358313802,358313802,2026-08-24,2026-08-24 13:39:51+08:00
588250,科创医药ETF鹏华,1.046,1.0448,-0.11,-0.046,-4.21,81549,8658810.0,1.092,1.093,1.041,1.092,4.76,3.09,0.73,-1.03,43603.0,37946.0,-1628412.0,-18.81,-780229.0,-9.01,-848183.0,-9.8,579379.0,6.69,1049032.0,12.12,1,1.045,1.046,263675000.0,275804050,275804050,2026-08-24,2026-08-24 13:39:32+08:00
159527,云计算ETF广发,0.681,0.6802,-0.12,-0.03,-4.22,149103,10309597.0,0.711,0.711,0.68,0.711,4.36,3.28,0.77,7.64,59962.0,89141.0,-702506.0,-6.81,993995.0,9.64,-1696501.0,-16.46,-1183287.0,-11.48,1885795.0,18.29,29,0.68,0.681,454301344.0,309379215,309379215,2026-08-24,2026-08-24 13:39:54+08:00
563210,专精特新ETF富国,1.972,1.9732,0.06,-0.087,-4.23,61270,12300062.0,2.05,2.057,1.97,2.059,4.23,5.02,0.96,1.71,25410.0,35860.0,-1230959.0,-10.01,125467.0,1.02,-1356426.0,-11.03,-378669.0,-3.08,1609629.0,13.09,40,1.972,1.973,122067000.0,240716124,240716124,2026-08-24,2026-08-24 13:39:32+08:00
589060,科创综指ETF东财,1.584,1.5828,-0.08,-0.07,-4.23,23604,3787499.0,1.65,1.656,1.323,1.654,20.13,3.06,0.97,-6.63,8305.0,15299.0,-321998.0,-8.5,0.0,0.0,-321998.0,-8.5,-746424.0,-19.71,1068421.0,28.21,146,1.583,1.585,77137900.0,122186434,122186434,2026-08-24,2026-08-24 13:39:27+08:00
159108,工业软件ETF博时,0.929,0.9282,-0.09,-0.041,-4.23,26132,2460665.8,0.97,0.98,0.929,0.97,5.26,2.13,0.98,55.73,6658.0,19474.0,-78610.0,-3.19,31038.0,1.26,-109648.0,-4.46,-212965.0,-8.65,291574.0,11.85,-108,0.928,0.929,122738511.0,114024077,114024077,2026-08-24,2026-08-24 13:40:00+08:00
159837,生物科技ETF易方达,0.498,0.498,0.0,-0.022,-4.23,1018618,51545122.836,0.52,0.52,0.498,0.52,4.23,3.71,1.42,20.57,368430.0,650188.0,-9619515.0,-18.66,-8709399.0,-16.9,-910116.0,-1.77,5493539.0,10.66,4125977.0,8.0,-18,0.498,0.499,2746152832.0,1367584110,1367584110,2026-08-24,2026-08-24 13:39:51+08:00
159836,创业板300ETF天弘,1.243,1.2444,0.11,-0.055,-4.24,17433,2203955.0,1.293,1.293,1.243,1.298,3.85,1.53,1.11,17.13,8320.0,9113.0,-436115.0,-19.79,-389068.0,-17.65,-47047.0,-2.13,38177.0,1.73,397938.0,18.06,836,1.243,1.245,113747113.0,141387661,141387661,2026-08-24,2026-08-24 13:39:48+08:00
513160,港股科技ETF银华,0.948,0.9472,-0.08,-0.042,-4.24,1305534,124888832.0,0.978,0.978,0.947,0.99,3.13,4.09,0.95,10.39,506599.0,798935.0,-23944254.0,-19.17,-25832878.0,-20.68,1888624.0,1.51,14151553.0,11.33,9792701.0,7.84,-4,0.948,0.949,3194189296.0,3028091453,3028091453,2026-08-24,2026-08-24 13:39:46+08:00
159915,创业板ETF易方达,3.409,3.4096,0.02,-0.151,-4.24,14027809,4867805863.705,3.557,3.57,3.404,3.56,4.66,7.91,1.2,10.27,6379813.0,7647996.0,-867417488.0,-17.82,-743099936.0,-15.27,-124317552.0,-2.55,237187392.0,4.87,630230088.0,12.95,3871,3.408,3.409,17745454848.0,60494255577,60494255577,2026-08-24,2026-08-24 13:39:51+08:00
159681,创业板50ETF鹏华,1.578,1.5756,-0.15,-0.07,-4.25,376691,60764922.7,1.653,1.653,1.575,1.648,4.73,3.71,0.93,22.99,161157.0,215534.0,-1985716.0,-3.27,1164167.0,1.92,-3149883.0,-5.18,-1030199.0,-1.7,3015915.0,4.96,348,1.577,1.579,1015772336.0,1602888746,1602888746,2026-08-24,2026-08-24 13:39:54+08:00
159786,VRETF银华,1.105,1.1054,0.04,-0.049,-4.25,75262,8505450.7,1.154,1.156,1.103,1.154,4.59,8.58,1.1,60.65,34573.0,40689.0,-294833.0,-3.47,184368.0,2.17,-479201.0,-5.63,267309.0,3.14,27522.0,0.32,5,1.104,1.105,87701174.0,96909797,96909797,2026-08-24,2026-08-24 13:39:51+08:00
588840,科创50ETF万家,1.466,1.4637,-0.16,-0.065,-4.25,33829,5050913.0,1.531,1.531,1.466,1.531,4.25,5.81,0.85,2.09,15314.0,18515.0,-706637.0,-13.99,-650635.0,-12.88,-56002.0,-1.11,-784762.0,-15.54,1491399.0,29.53,37,1.466,1.469,58236000.0,85373976,85373976,2026-08-24,2026-08-24 13:39:28+08:00
589150,科创50ETF平安,1.146,1.143,-0.26,-0.051,-4.26,118694,13861333.0,1.193,1.204,1.145,1.197,4.93,1.53,1.19,21.9,39867.0,78827.0,-2675037.0,-19.3,-1862926.0,-13.44,-812111.0,-5.86,100631.0,0.73,2574406.0,18.57,5,1.146,1.147,775437200.0,888651031,888651031,2026-08-24,2026-08-24 13:39:27+08:00
159369,创业板50ETF易方达,1.372,1.3719,-0.01,-0.061,-4.26,251944,35272907.0,1.433,1.436,1.368,1.433,4.75,6.81,1.24,12.5,89097.0,162847.0,-2852499.0,-8.09,436957.0,1.24,-3289456.0,-9.33,-1362189.0,-3.86,4214689.0,11.95,33,1.371,1.372,369753488.0,507301786,507301786,2026-08-24,2026-08-24 13:39:57+08:00
159948,创业板ETF南方,3.766,3.7631,-0.08,-0.168,-4.27,214638,82621593.6,3.934,3.938,3.759,3.934,4.55,1.86,1.07,-3.23,105907.0,108731.0,1716716.0,2.08,-246684.0,-0.3,1963400.0,2.38,-5944829.0,-7.2,4228114.0,5.12,-33,3.762,3.767,1153697728.0,4344825644,4344825644,2026-08-24,2026-08-24 13:39:51+08:00
159958,创业板ETF工银,2.06,2.0602,0.01,-0.092,-4.28,28309,5978445.3,2.151,2.153,2.057,2.152,4.46,1.21,0.79,30.74,10290.0,18019.0,409592.0,6.85,764028.0,12.78,-354436.0,-5.93,-1310328.0,-21.92,900735.0,15.07,479,2.059,2.061,233611448.0,481239583,481239583,2026-08-24,2026-08-24 13:39:51+08:00
560170,央企科技ETF南方,1.186,1.1864,0.03,-0.053,-4.28,139579,16926735.0,1.239,1.239,1.185,1.239,4.36,3.74,0.78,17.02,48739.0,90840.0,-951073.0,-5.62,-315308.0,-1.86,-635765.0,-3.76,-764020.0,-4.51,1715094.0,10.13,3,1.186,1.187,373495504.0,442965668,442965668,2026-08-24,2026-08-24 13:39:36+08:00
159206,卫星ETF永赢,1.296,1.297,0.08,-0.058,-4.28,3876059,510295023.389,1.341,1.351,1.293,1.354,4.28,3.88,0.94,49.95,1559499.0,2316560.0,97324001.0,19.07,117935800.0,23.11,-20611799.0,-4.04,-22606551.0,-4.43,-74717451.0,-14.64,64,1.295,1.296,9985953280.0,12941795451,12941795451,2026-08-24,2026-08-24 13:40:00+08:00
588060,科创50ETF广发,1.006,1.0061,0.01,-0.045,-4.28,3367206,345068227.0,1.05,1.05,1.005,1.051,4.28,4.71,1.23,71.6,1442943.0,1924263.0,-104561107.0,-30.33,-97858935.0,-28.38,-6702172.0,-1.94,45483852.0,13.19,59059632.0,17.13,-3083,1.005,1.006,7147140096.0,7190022937,7190022937,2026-08-24,2026-08-24 13:39:31+08:00
588280,科创50ETF华安,1.14,1.1387,-0.11,-0.051,-4.28,236938,27557363.0,1.19,1.19,1.138,1.191,4.37,6.17,1.15,8.99,89215.0,147723.0,-4249872.0,-15.42,1190189.0,4.32,-5440061.0,-19.74,459508.0,1.67,3790362.0,13.75,-55,1.139,1.141,384121008.0,437897949,437897949,2026-08-24,2026-08-24 13:39:33+08:00
159957,创业板ETF华夏,2.235,2.2349,0.0,-0.1,-4.28,607280,138183555.0,2.335,2.339,2.23,2.335,4.67,5.31,0.98,-2.59,223574.0,383706.0,-27749657.0,-20.09,632965.0,0.46,-28382622.0,-20.55,4762281.0,3.45,22987375.0,16.64,176,2.233,2.234,1143784560.0,2556358492,2556358492,2026-08-24,2026-08-24 13:39:51+08:00
159373,创业板50ETF嘉实,1.719,1.7189,-0.01,-0.077,-4.29,217602,38272888.7,1.796,1.8,1.715,1.796,4.73,15.48,1.26,33.17,96364.0,121238.0,-1508887.0,-3.94,62533.0,0.16,-1571420.0,-4.11,1101019.0,2.88,407867.0,1.07,2,1.716,1.718,140557494.0,241618332,241618332,2026-08-24,2026-08-24 13:39:57+08:00
588860,科创医药ETF工银,0.67,0.6705,0.07,-0.03,-4.29,251518,17152329.0,0.699,0.701,0.668,0.7,4.71,7.38,1.37,15.35,90150.0,161368.0,-3286827.0,-19.16,688893.0,4.02,-3975720.0,-23.18,1957319.0,11.41,1329508.0,7.75,-20,0.67,0.672,340889408.0,228395903,228395903,2026-08-24,2026-08-24 13:39:25+08:00
510770,G60创新ETF申万菱信,0.87,0.8662,-0.44,-0.039,-4.29,22498,1997833.0,0.909,0.909,0.87,0.909,4.29,10.41,0.84,-11.41,10286.0,12212.0,-386266.0,-19.33,0.0,0.0,-386266.0,-19.33,68721.0,3.44,317545.0,15.89,-23,0.868,0.869,21610700.0,18801309,18801309,2026-08-24,2026-08-24 13:39:33+08:00
563050,央企科技ETF易方达,1.268,1.2716,0.28,-0.057,-4.3,60266,7815202.0,1.326,1.326,1.268,1.325,4.38,4.7,1.23,43.24,18091.0,42175.0,-2419175.0,-30.95,-533287.0,-6.82,-1885888.0,-24.13,885740.0,11.33,1533436.0,19.62,-120,1.269,1.271,128208400.0,162568251,162568251,2026-08-24,2026-08-24 13:39:34+08:00
159952,创业板ETF广发,2.07,2.0723,0.11,-0.093,-4.3,3074900,648133482.6,2.159,2.166,2.066,2.163,4.62,5.85,1.29,9.51,1340651.0,1734249.0,-109078718.0,-16.85,-89454579.0,-13.82,-19624139.0,-3.03,31897064.0,4.93,77181647.0,11.92,-3009,2.069,2.07,5255885056.0,10879682066,10879682066,2026-08-24,2026-08-24 13:39:51+08:00
159908,创业板ETF博时,3.179,3.176,-0.09,-0.143,-4.3,95958,31092536.7,3.318,3.325,3.174,3.322,4.55,3.08,0.43,-14.07,44624.0,51334.0,-3429731.0,-11.03,-4384542.0,-14.1,954811.0,3.07,-1414178.0,-4.55,4843910.0,15.58,-13,3.177,3.179,311229024.0,989397067,989397067,2026-08-24,2026-08-24 13:39:51+08:00
588460,科创50增强ETF鹏华,1.957,1.9547,-0.12,-0.088,-4.3,199985,39927503.0,2.046,2.046,1.955,2.045,4.45,3.2,0.96,-12.57,63877.0,136108.0,-6397822.0,-16.02,328203.0,0.82,-6726025.0,-16.85,-100104.0,-0.25,6497927.0,16.27,161,1.956,1.957,624014000.0,1221195398,1221195398,2026-08-24,2026-08-24 13:39:32+08:00
159643,疫苗ETF国泰,0.555,0.5551,0.02,-0.025,-4.31,397673,22471034.6,0.575,0.581,0.552,0.58,5.0,9.69,0.72,7.19,190670.0,207003.0,-214487.0,-0.95,-307103.0,-1.37,92616.0,0.41,-523938.0,-2.33,738425.0,3.29,10,0.554,0.555,410390624.0,227766796,227766796,2026-08-24,2026-08-24 13:39:54+08:00
589360,科创50ETF国泰,0.819,0.8175,-0.18,-0.037,-4.32,660191,55131321.0,0.855,0.855,0.818,0.856,4.32,2.47,1.1,1.88,295446.0,364745.0,-6477704.0,-11.75,-3755690.0,-6.81,-2722014.0,-4.94,2095614.0,3.8,4382089.0,7.95,300,0.818,0.819,2669174000.0,2186053506,2186053506,2026-08-24,2026-08-24 13:39:29+08:00
159247,创业板ETF汇添富,1.019,1.0207,0.17,-0.046,-4.32,612543,63425151.161,1.064,1.066,1.017,1.065,4.6,15.01,1.31,34.79,222640.0,389903.0,-17370020.0,-27.39,-10001681.0,-15.77,-7368339.0,-11.62,2167489.0,3.42,15202531.0,23.97,240,1.018,1.019,407984960.0,415736674,415736674,2026-08-24,2026-08-24 13:40:00+08:00
159657,疫苗ETF鹏华,0.597,0.5977,0.12,-0.027,-4.33,150898,9224422.416,0.619,0.625,0.596,0.624,4.65,7.96,0.83,-1.99,57242.0,93656.0,290680.0,3.15,4309085.0,46.71,-4018405.0,-43.56,-263276.0,-2.85,-27404.0,-0.3,-11,0.597,0.598,189514819.0,113140347,113140347,2026-08-24,2026-08-24 13:39:54+08:00
159964,创业板ETF平安,2.229,2.2306,0.07,-0.101,-4.33,23579,5356847.0,2.325,2.331,2.225,2.33,4.55,1.42,1.28,38.1,12102.0,11477.0,-687398.0,-12.83,738217.0,13.78,-1425615.0,-26.61,496776.0,9.27,190621.0,3.56,22,2.228,2.231,165481881.0,368859113,368859113,2026-08-24,2026-08-24 13:39:48+08:00
589860,科创综指ETF天弘,1.502,1.5038,0.12,-0.068,-4.33,183997,28145270.0,1.569,1.571,1.502,1.57,4.39,10.32,1.32,-1.44,77745.0,106252.0,-2252.0,-0.01,0.0,0.0,-2252.0,-0.01,-49018.0,-0.17,51271.0,0.18,-3340,1.501,1.502,178224000.0,267692448,267692448,2026-08-24,2026-08-24 13:39:27+08:00
589080,科创综指ETF汇添富,1.503,1.5045,0.1,-0.068,-4.33,121862,18647772.0,1.571,1.571,1.502,1.571,4.39,8.52,0.75,-10.42,27903.0,93959.0,-675761.0,-3.62,1530655.0,8.21,-2206416.0,-11.83,659858.0,3.54,15902.0,0.09,30,1.502,1.503,143061000.0,215020683,215020683,2026-08-24,2026-08-24 13:39:29+08:00
589890,科创综指ETF景顺,1.503,1.5021,-0.06,-0.068,-4.33,30269,4603445.0,1.54,1.569,1.501,1.571,4.33,3.56,1.16,11.98,12828.0,17441.0,102693.0,2.23,0.0,0.0,102693.0,2.23,-60521.0,-1.31,-42172.0,-0.92,300,1.502,1.504,84987000.0,127735461,127735461,2026-08-24,2026-08-24 13:39:26+08:00
159658,数字经济ETF华安,1.652,1.6523,0.02,-0.075,-4.34,11878,2000159.0,1.718,1.718,1.652,1.727,3.82,2.68,0.45,53.58,4513.0,7365.0,-38174.0,-1.91,283055.0,14.15,-321229.0,-16.06,-180335.0,-9.02,218510.0,10.92,30,1.651,1.654,44394877.0,73340337,73340337,2026-08-24,2026-08-24 13:39:54+08:00
589850,科创50ETF东财,1.521,1.52,-0.07,-0.069,-4.34,755205,116983189.0,1.587,1.588,1.52,1.59,4.28,10.56,1.21,8.45,278324.0,476881.0,-50128707.0,-42.85,-52038007.0,-44.48,1909300.0,1.63,11305175.0,9.66,38823531.0,33.19,-60,1.522,1.523,715057008.0,1087601709,1087601709,2026-08-24,2026-08-24 13:39:27+08:00
159821,创业板ETF中银证券,1.277,1.2793,0.18,-0.058,-4.34,16806,2180073.7,1.335,1.335,1.277,1.335,4.34,2.77,1.4,29.99,5904.0,10902.0,-1436890.0,-65.91,0.0,0.0,-1436890.0,-65.91,777689.0,35.67,659201.0,30.24,36,1.278,1.279,60720000.0,77539440,77539440,2026-08-24,2026-08-24 13:39:48+08:00
588090,科创50ETF华泰柏瑞,1.63,1.631,0.06,-0.074,-4.34,661442,109904048.0,1.7,1.702,1.629,1.704,4.28,2.3,1.03,36.72,263948.0,397494.0,-24728119.0,-22.5,-9515426.0,-8.66,-15212693.0,-13.84,6657541.0,6.06,18070580.0,16.44,-40,1.63,1.631,2877072800.0,4689628664,4689628664,2026-08-24,2026-08-24 13:39:33+08:00
589300,科创综指ETF嘉实,1.651,1.6487,-0.14,-0.075,-4.35,7426,1256437.0,1.728,1.728,1.65,1.726,4.52,1.79,0.87,38.77,2951.0,4475.0,-278155.0,-22.14,0.0,0.0,-278155.0,-22.14,228718.0,18.2,49436.0,3.93,200,1.649,1.653,41582500.0,68652708,68652708,2026-08-24,2026-08-24 13:39:29+08:00
159370,创50ETF工银,1.781,1.7787,-0.13,-0.081,-4.35,15975,2903097.4,1.86,1.876,1.778,1.862,5.26,0.7,0.55,24.83,5450.0,10525.0,-496693.0,-17.13,-1026363.0,-35.39,529670.0,18.26,320471.0,11.05,176223.0,6.08,16,1.779,1.781,227316009.0,404849812,404849812,2026-08-24,2026-08-24 13:39:57+08:00
159971,创业板ETF富国,1.184,1.1867,0.23,-0.054,-4.36,1049082,126144897.2,1.238,1.241,1.183,1.238,4.68,6.52,1.69,52.94,332168.0,716914.0,-35586665.0,-28.21,-14488616.0,-11.49,-21098049.0,-16.73,13432907.0,10.65,22153759.0,17.56,-10179,1.184,1.185,1610020288.0,1906264021,1906264021,2026-08-24,2026-08-24 13:39:51+08:00
589780,科创200ETF富国,1.182,1.1826,0.05,-0.054,-4.37,7748,931588.0,1.235,1.235,1.182,1.236,4.29,1.29,0.6,1.74,5111.0,2637.0,-142918.0,-15.34,0.0,0.0,-142918.0,-15.34,-129072.0,-13.86,271991.0,29.2,628,1.182,1.183,60215000.0,71174130,71174130,2026-08-24,2026-08-24 13:39:19+08:00
159808,创100ETF融通,1.314,1.3147,0.05,-0.06,-4.37,8242,1106420.1,1.374,1.374,1.314,1.374,4.37,1.67,1.12,8.6,3396.0,4846.0,-363048.0,-32.81,0.0,0.0,-363048.0,-32.81,222115.0,20.08,140933.0,12.74,197,1.314,1.317,49484790.0,65023014,65023014,2026-08-24,2026-08-24 13:39:51+08:00
588700,科创医药ETF嘉实,1.007,1.0065,-0.05,-0.046,-4.37,892407,91291451.0,1.047,1.053,1.003,1.053,4.75,18.97,1.39,8.06,408909.0,483498.0,-4268399.0,-4.68,-14429702.0,-15.81,10161303.0,11.13,1010500.0,1.11,3257898.0,3.57,5000,1.006,1.008,470336208.0,473628561,473628561,2026-08-24,2026-08-24 13:39:29+08:00
588130,科创医药ETF华夏,1.025,1.0264,0.14,-0.047,-4.38,848971,88415878.0,1.063,1.072,1.022,1.072,4.66,19.34,1.21,-0.68,362916.0,486055.0,-1849936.0,-2.09,-404935.0,-0.46,-1445001.0,-1.63,-299474.0,-0.34,2149410.0,2.43,-1,1.025,1.026,439082608.0,450059673,450059673,2026-08-24,2026-08-24 13:39:31+08:00
513050,中概互联网ETF易方达,1.07,1.13,5.31,-0.049,-4.38,18268334,1965638443.0,1.093,1.093,1.067,1.119,2.32,5.4,1.46,12.4,8185234.0,10083100.0,-378973888.0,-19.28,-367152416.0,-18.68,-11821472.0,-0.6,196000903.0,9.97,182972994.0,9.31,-155,1.07,1.071,33817432832.0,36184653130,36184653130,2026-08-24,2026-08-24 13:39:48+08:00
159371,创业板50ETF富国,1.683,1.6831,0.01,-0.077,-4.38,45620,7861573.5,1.76,1.761,1.682,1.76,4.49,2.56,1.22,26.04,12880.0,32740.0,-1621896.0,-20.63,-1989123.0,-25.3,367227.0,4.67,103170.0,1.31,1518726.0,19.32,29,1.682,1.683,178221172.0,299946232,299946232,2026-08-24,2026-08-24 13:39:54+08:00
589320,科创200ETF嘉实,0.829,0.8306,0.19,-0.038,-4.38,20792,1759831.0,0.865,0.867,0.829,0.867,4.38,1.82,0.62,18.45,7653.0,13139.0,41371.0,2.35,16499.0,0.94,24872.0,1.41,-166643.0,-9.47,125271.0,7.12,-1,0.83,0.832,114053000.0,94549937,94549937,2026-08-24,2026-08-24 13:39:20+08:00
520980,港股通科技ETF汇添富,0.852,0.8542,0.26,-0.039,-4.38,2472442,212405486.0,0.882,0.883,0.851,0.891,3.59,7.67,1.4,27.6,876212.0,1596230.0,-23706369.0,-11.16,1144635.0,0.54,-24851004.0,-11.7,15558305.0,7.32,8148062.0,3.84,-3410,0.852,0.853,3222387008.0,2745473731,2745473731,2026-08-24,2026-08-24 13:39:41+08:00
589600,科创综指ETF富国,1.507,1.5075,0.03,-0.069,-4.38,85294,13055400.0,1.577,1.577,1.506,1.576,4.51,3.85,1.01,23.83,58422.0,26872.0,390458.0,2.99,1567436.0,12.01,-1176978.0,-9.02,-558259.0,-4.28,167801.0,1.29,96,1.505,1.507,221535000.0,333853245,333853245,2026-08-24,2026-08-24 13:39:29+08:00
159383,创业板50ETF华泰柏瑞,1.675,1.6779,0.17,-0.077,-4.39,51712,8813602.2,1.752,1.752,1.673,1.752,4.51,10.32,1.3,7.55,20440.0,31272.0,-134221.0,-1.52,-748169.0,-8.49,613948.0,6.97,-915602.0,-10.39,1049823.0,11.91,145,1.675,1.676,50092486.0,83904914,83904914,2026-08-24,2026-08-24 13:39:57+08:00
589820,科创200ETF建信,1.197,1.1993,0.19,-0.055,-4.39,94800,11595522.0,1.24,1.255,1.196,1.252,4.71,7.31,1.23,4.43,39680.0,55120.0,-125396.0,-1.08,0.0,0.0,-125396.0,-1.08,49871.0,0.43,75526.0,0.65,-411,1.198,1.199,129720200.0,155275079,155275079,2026-08-24,2026-08-24 13:39:25+08:00
588040,科创50ETF鹏华,1.611,1.6099,-0.07,-0.074,-4.39,79013,12965616.0,1.686,1.686,1.609,1.685,4.57,6.28,0.93,-8.48,20545.0,58468.0,-384749.0,-2.97,0.0,0.0,-384749.0,-2.97,-1997141.0,-15.44,2381890.0,18.41,-169,1.61,1.612,125889000.0,202807179,202807179,2026-08-24,2026-08-24 13:39:34+08:00
159956,创业板ETF建信,2.156,2.1568,0.04,-0.099,-4.39,19985,4366895.2,2.252,2.252,2.155,2.255,4.3,4.25,1.11,-4.1,12353.0,7632.0,0.0,0.0,0.0,0.0,0.0,0.0,-411953.0,-9.43,411953.0,9.43,3,2.156,2.159,46978674.0,101286021,101286021,2026-08-24,2026-08-24 13:39:51+08:00
516800,智能制造ETF华宝,0.935,0.9341,-0.1,-0.043,-4.4,52598,5018717.0,0.978,0.978,0.933,0.978,4.6,2.89,0.89,-1.24,23078.0,29520.0,-1061843.0,-21.16,0.0,0.0,-1061843.0,-21.16,473942.0,9.44,587901.0,11.71,10,0.934,0.935,182308000.0,170457980,170457980,2026-08-24,2026-08-24 13:39:42+08:00
159145,工业软件ETF广发,0.804,0.8038,-0.02,-0.037,-4.4,24431,1990663.8,0.839,0.839,0.802,0.841,4.4,3.62,0.92,-5.16,10795.0,13636.0,225.0,0.01,138894.0,6.98,-138669.0,-6.97,-132769.0,-6.67,132544.0,6.66,1400,0.804,0.805,67581845.0,54335803,54335803,2026-08-24,2026-08-24 13:40:00+08:00
588450,科创50增强ETF招商,2.064,2.0658,0.09,-0.095,-4.4,45804,9619501.0,2.159,2.159,2.063,2.159,4.45,7.56,1.13,11.36,23528.0,22276.0,-1788860.0,-18.6,0.0,0.0,-1788860.0,-18.6,109004.0,1.13,1679857.0,17.46,57,2.063,2.064,60568700.0,125013797,125013797,2026-08-24,2026-08-24 13:39:33+08:00
159810,创业板ETF浦银,1.365,1.3637,-0.1,-0.063,-4.41,19679,2725367.7,1.426,1.426,1.363,1.428,4.41,3.48,0.76,1.89,6634.0,13045.0,35938.0,1.32,0.0,0.0,35938.0,1.32,-430633.0,-15.8,394696.0,14.48,5,1.365,1.366,56475458.0,77089000,77089000,2026-08-24,2026-08-24 13:39:51+08:00
159675,创业板增强ETF嘉实,1.388,1.3896,0.12,-0.064,-4.41,44054,6240767.6,1.452,1.454,1.388,1.452,4.55,6.9,1.2,1.64,16002.0,28052.0,-974751.0,-15.62,0.0,0.0,-974751.0,-15.62,-169325.0,-2.71,1144075.0,18.33,7,1.389,1.39,63846691.0,88619207,88619207,2026-08-24,2026-08-24 13:39:54+08:00
159739,云计算ETF鹏华,0.759,0.7586,-0.05,-0.035,-4.41,110357,8541286.9,0.792,0.793,0.759,0.794,4.28,2.68,0.64,43.76,39465.0,70892.0,-333989.0,-3.91,600666.0,7.03,-934655.0,-10.94,-697612.0,-8.17,1031600.0,12.08,-20,0.759,0.76,412361232.0,312982175,312982175,2026-08-24,2026-08-24 13:39:51+08:00
560800,数字经济ETF鹏扬,1.103,1.1038,0.07,-0.051,-4.42,57540,6458641.0,1.153,1.153,1.102,1.154,4.42,1.96,0.88,-20.83,15968.0,41572.0,-1868992.0,-28.94,-1498400.0,-23.2,-370592.0,-5.74,835446.0,12.94,1033547.0,16.0,-3,1.104,1.105,293951104.0,324228068,324228068,2026-08-24,2026-08-24 13:39:36+08:00
159682,创业板50ETF景顺,1.557,1.5567,-0.02,-0.072,-4.42,1308220,208016548.4,1.629,1.634,1.555,1.629,4.85,4.06,1.06,5.27,596651.0,711569.0,-36145197.0,-17.38,-23402190.0,-11.25,-12743007.0,-6.13,15555661.0,7.48,20589535.0,9.9,-104,1.557,1.558,3222307664.0,5017133033,5017133033,2026-08-24,2026-08-24 13:39:54+08:00
588550,科创综指增强ETF易方达,1.298,1.2944,-0.28,-0.06,-4.42,14852,1962615.0,1.356,1.358,1.298,1.358,4.42,2.21,0.38,-8.89,7694.0,7158.0,292170.0,14.9,117155.0,5.98,175015.0,8.93,-711342.0,-36.28,419172.0,21.38,16,1.298,1.3,67290000.0,87342420,87342420,2026-08-24,2026-08-24 13:39:28+08:00
159949,创业板50ETF华安,1.602,1.6017,-0.02,-0.074,-4.42,8127771,1327520463.089,1.675,1.686,1.599,1.676,5.19,5.49,1.15,-2.34,3163138.0,4964633.0,-252986864.0,-19.06,-163851536.0,-12.34,-89135328.0,-6.72,90881095.0,6.85,162105782.0,12.21,1258,1.601,1.602,14810785024.0,23726877608,23726877608,2026-08-24,2026-08-24 13:39:51+08:00
159977,创业板ETF天弘,1.767,1.7707,0.21,-0.082,-4.43,969867,175099981.6,1.848,1.852,1.765,1.849,4.71,2.75,1.03,20.58,429170.0,540697.0,-35065039.0,-20.03,-1712520.0,-0.98,-33352519.0,-19.05,15284279.0,8.73,19780759.0,11.3,-71,1.768,1.769,3523872816.0,6226683266,6226683266,2026-08-24,2026-08-24 13:39:48+08:00
589900,科创综指ETF博时,1.508,1.5077,-0.02,-0.07,-4.44,127570,19652145.0,1.564,1.574,1.506,1.578,4.31,6.94,1.39,-21.26,56543.0,71027.0,1159272.0,5.9,0.0,0.0,1159272.0,5.9,-1338639.0,-6.81,179367.0,0.91,-22,1.508,1.51,183908200.0,277333566,277333566,2026-08-24,2026-08-24 13:39:28+08:00
588800,科创100ETF华夏,1.719,1.7178,-0.07,-0.08,-4.45,1706256,299682573.0,1.798,1.8,1.714,1.799,4.78,10.26,1.62,19.43,802012.0,904244.0,-22833816.0,-7.62,1429184.0,0.48,-24263000.0,-8.1,15587599.0,5.2,7246218.0,2.42,1,1.718,1.719,1662377008.0,2857626077,2857626077,2026-08-24,2026-08-24 13:39:29+08:00
589800,科创综指ETF易方达,1.517,1.5177,0.05,-0.071,-4.47,474616,73018118.0,1.588,1.588,1.515,1.588,4.6,4.15,1.17,-0.01,169346.0,305270.0,-8376201.0,-11.47,-3631951.0,-4.97,-4744250.0,-6.5,-84622.0,-0.12,8460823.0,11.59,-2,1.517,1.518,1143988208.0,1735430112,1735430112,2026-08-24,2026-08-24 13:39:29+08:00
588190,科创100ETF银华,1.728,1.7286,0.03,-0.081,-4.48,463994,82313937.0,1.799,1.811,1.724,1.809,4.81,3.42,1.12,29.47,210328.0,253666.0,-9187816.0,-11.16,2257804.0,2.74,-11445620.0,-13.9,2582482.0,3.14,6605334.0,8.02,-1,1.727,1.728,1357618304.0,2345964429,2345964429,2026-08-24,2026-08-24 13:39:32+08:00
159663,机床ETF华夏,0.957,0.9577,0.07,-0.045,-4.49,659740,64309687.5,1.004,1.004,0.954,1.002,4.99,14.82,1.24,10.45,308325.0,351415.0,1870551.0,2.91,6027540.0,9.37,-4156989.0,-6.46,-314630.0,-0.49,-1555920.0,-2.42,1,0.956,0.957,445035168.0,425898656,425898656,2026-08-24,2026-08-24 13:39:54+08:00
159537,信创ETF国泰,0.851,0.849,-0.24,-0.04,-4.49,61259,5300905.5,0.891,0.891,0.85,0.891,4.6,4.08,1.4,23.54,20978.0,40281.0,-1094804.0,-20.65,-616946.0,-11.64,-477858.0,-9.01,515021.0,9.72,579782.0,10.94,28,0.85,0.851,150285204.0,127892709,127892709,2026-08-24,2026-08-24 13:39:57+08:00
589680,科创综指ETF鹏华,1.461,1.4619,0.06,-0.069,-4.51,814159,121013967.0,1.522,1.524,1.46,1.53,4.18,5.86,0.96,-13.92,429837.0,384322.0,-1357755.0,-1.12,16340924.0,13.52,-17698679.0,-14.65,-2754910.0,-2.28,4002799.0,3.31,1180,1.46,1.461,1389943696.0,2030707740,2030707740,2026-08-24,2026-08-24 13:39:27+08:00
512480,半导体ETF国联安,0.995,0.9953,0.03,-0.047,-4.51,11433078,1161566682.0,1.041,1.043,0.993,1.042,4.8,5.95,1.13,47.72,4689193.0,6743885.0,-214423216.0,-18.46,-191680832.0,-16.5,-22742384.0,-1.96,81004054.0,6.97,133393682.0,11.48,558,0.994,0.995,19202007296.0,19105997260,19105997260,2026-08-24,2026-08-24 13:39:46+08:00
159325,半导体ETF南方,2.05,2.0487,-0.06,-0.097,-4.52,459600,96285374.9,2.147,2.147,2.047,2.147,4.66,8.66,0.94,71.31,199283.0,260317.0,-11210123.0,-11.64,-4834707.0,-5.02,-6375416.0,-6.62,-2989228.0,-3.1,14199351.0,14.75,211,2.049,2.05,530460528.0,1087444082,1087444082,2026-08-24,2026-08-24 13:40:00+08:00
159597,创业板成长ETF易方达,0.781,0.7815,0.06,-0.037,-4.52,323902,25710509.8,0.821,0.821,0.779,0.818,5.13,2.98,1.27,8.77,90309.0,233593.0,-1215975.0,-4.73,3341413.0,13.0,-4557388.0,-17.73,154748.0,0.6,1061227.0,4.13,29,0.78,0.781,1088257136.0,849928823,849928823,2026-08-24,2026-08-24 13:39:54+08:00
159367,创业板50ETF华夏,1.69,1.6888,-0.07,-0.08,-4.52,88106,15158159.8,1.77,1.773,1.686,1.77,4.92,5.37,1.04,7.36,25004.0,63102.0,-386989.0,-2.55,315756.0,2.08,-702745.0,-4.64,-2864231.0,-18.9,3251220.0,21.45,60,1.688,1.691,164079029.0,277293559,277293559,2026-08-24,2026-08-24 13:39:57+08:00
159375,创业板50ETF国泰,0.717,0.716,-0.14,-0.034,-4.53,195719,14310343.9,0.752,0.752,0.717,0.751,4.66,5.54,1.38,14.72,87814.0,107905.0,-1079590.0,-7.54,389386.0,2.72,-1468976.0,-10.27,462688.0,3.23,616902.0,4.31,1,0.717,0.718,353595344.0,253527862,253527862,2026-08-24,2026-08-24 13:40:00+08:00
588210,科创100ETF易方达,1.747,1.7469,-0.01,-0.083,-4.54,72925,12973918.0,1.822,1.831,1.743,1.83,4.81,3.06,0.82,42.43,27538.0,45387.0,-930398.0,-7.17,-49414.0,-0.38,-880984.0,-6.79,-650520.0,-5.01,1580919.0,12.19,17,1.744,1.748,238254000.0,416229738,416229738,2026-08-24,2026-08-24 13:39:33+08:00
588690,科创增强ETF银华,1.153,1.1496,-0.3,-0.055,-4.55,11298,1315839.0,1.2,1.202,1.15,1.208,4.3,2.19,1.36,2.18,5312.0,5986.0,16868.0,1.28,3349.0,0.25,13519.0,1.03,-196102.0,-14.9,179233.0,13.62,77,1.147,1.153,51636000.0,59536308,59536308,2026-08-24,2026-08-24 13:39:28+08:00
588880,科创100ETF华泰柏瑞,1.721,1.7224,0.08,-0.082,-4.55,34128,6007905.0,1.803,1.803,1.72,1.803,4.6,3.24,0.94,8.37,13456.0,20672.0,241484.0,4.02,73128.0,1.22,168356.0,2.8,-558211.0,-9.29,316728.0,5.27,60,1.722,1.724,105368000.0,181338328,181338328,2026-08-24,2026-08-24 13:39:27+08:00
588120,科创100ETF国泰,0.881,0.881,0.0,-0.042,-4.55,654309,58961527.0,0.923,0.93,0.879,0.923,5.53,6.85,1.05,12.06,372211.0,282098.0,1659317.0,2.83,2630411.0,4.48,-971094.0,-1.65,-2865861.0,-4.88,1206543.0,2.06,-3000,0.88,0.882,955622000.0,841902982,841902982,2026-08-24,2026-08-24 13:39:34+08:00
588260,科创信息ETF华安,2.405,2.4041,-0.04,-0.115,-4.56,11224,2754741.0,2.508,2.509,2.404,2.52,4.17,2.4,1.12,-4.15,4045.0,7179.0,236615.0,8.59,554615.0,20.13,-318000.0,-11.54,-320759.0,-11.64,84144.0,3.05,4,2.403,2.408,46746000.0,112424130,112424130,2026-08-24,2026-08-24 13:39:32+08:00
588980,科创100ETF广发,1.59,1.5923,0.14,-0.076,-4.56,1583,256826.0,1.653,1.668,1.59,1.666,4.68,1.33,0.15,-0.12,761.0,822.0,-47535.0,-18.51,0.0,0.0,-47535.0,-18.51,0.0,0.0,47535.0,18.51,20,1.591,1.593,11920000.0,18952800,18952800,2026-08-24,2026-08-24 13:39:29+08:00
589770,科创综指ETF招商,1.523,1.5257,0.18,-0.073,-4.57,109429,16849663.0,1.592,1.594,1.523,1.596,4.45,6.69,1.0,-16.18,43959.0,65470.0,-108967.0,-0.65,2087680.0,12.39,-2196647.0,-13.04,40242.0,0.24,68724.0,0.41,189,1.524,1.526,163569200.0,249115892,249115892,2026-08-24,2026-08-24 13:39:28+08:00
159939,信息技术ETF广发,1.057,1.0574,0.04,-0.051,-4.6,214795,23311921.9,1.106,1.108,1.055,1.108,4.78,2.73,0.99,-6.16,106104.0,108691.0,-964038.0,-4.14,1987199.0,8.53,-2951237.0,-12.66,-135131.0,-0.58,1099169.0,4.72,21,1.056,1.057,785656112.0,830438510,830438510,2026-08-24,2026-08-24 13:39:51+08:00
159835,创新药ETF建信,0.66,0.6598,-0.03,-0.032,-4.62,288737,19381328.3,0.69,0.691,0.659,0.692,4.62,8.14,1.05,12.63,117730.0,171007.0,-3829945.0,-19.76,-805155.0,-4.15,-3024790.0,-15.61,2200317.0,11.35,1629628.0,8.41,200,0.659,0.66,354504144.0,233972735,233972735,2026-08-24,2026-08-24 13:39:51+08:00
159997,电子ETF天弘,2.003,1.9968,-0.31,-0.097,-4.62,660394,136090557.423,2.102,2.106,2.0,2.1,5.05,9.51,1.88,-24.15,211228.0,449166.0,3521931.0,2.59,43633230.0,32.06,-40111299.0,-29.47,-7756465.0,-5.7,4234535.0,3.11,20,2.002,2.003,694306640.0,1390696200,1390696200,2026-08-24,2026-08-24 13:39:48+08:00
515260,电子ETF华宝,0.805,0.8048,-0.02,-0.039,-4.62,504738,41585020.0,0.845,0.849,0.802,0.844,5.57,5.59,0.99,15.63,260173.0,244565.0,-3303521.0,-7.94,-1458703.0,-3.51,-1844818.0,-4.44,-3689975.0,-8.87,6993495.0,16.82,148,0.803,0.805,902568400.0,726567562,726567562,2026-08-24,2026-08-24 13:39:43+08:00
159667,工业母机ETF国泰,0.639,0.6388,-0.03,-0.031,-4.63,1262397,82249297.4,0.675,0.675,0.637,0.67,5.67,3.42,0.53,39.13,454661.0,807736.0,-4021839.0,-4.89,-5524077.0,-6.72,1502238.0,1.83,-2542726.0,-3.09,6564565.0,7.98,192,0.638,0.639,3693050720.0,2359859410,2359859410,2026-08-24,2026-08-24 13:39:54+08:00
588030,科创100ETF博时,1.732,1.7343,0.13,-0.084,-4.63,1146191,203231891.0,1.818,1.818,1.73,1.816,4.85,5.0,1.28,30.97,632394.0,513797.0,-19749025.0,-9.72,-3858543.0,-1.9,-15890482.0,-7.82,10581646.0,5.21,9161830.0,4.51,-217,1.731,1.732,2291838096.0,3969463582,3969463582,2026-08-24,2026-08-24 13:39:34+08:00
588220,科创100ETF鹏华,1.732,1.7332,0.07,-0.084,-4.63,3539733,625374014.0,1.811,1.818,1.729,1.816,4.9,8.9,1.18,80.88,1453089.0,2086644.0,39894067.0,6.38,71785187.0,11.48,-31891120.0,-5.1,-33603358.0,-5.37,-6290708.0,-1.01,-4039,1.731,1.732,3977697904.0,6889372770,6889372770,2026-08-24,2026-08-24 13:39:33+08:00
159991,创业板大盘ETF招商,0.804,0.8038,-0.02,-0.039,-4.63,48656,3985704.2,0.842,0.843,0.804,0.843,4.63,4.74,1.29,28.59,19160.0,29496.0,-1468146.0,-36.84,-1173727.0,-29.45,-294419.0,-7.39,1053863.0,26.44,414284.0,10.39,3,0.804,0.806,102663172.0,82541190,82541190,2026-08-24,2026-08-24 13:39:48+08:00
515120,创新药ETF广发,0.638,0.6372,-0.13,-0.031,-4.63,12936875,837988516.0,0.667,0.668,0.636,0.669,4.78,7.53,1.5,32.95,4498123.0,8438752.0,-164889010.0,-19.68,-193635744.0,-23.11,28746734.0,3.43,95719547.0,11.42,69169459.0,8.25,876,0.637,0.638,17181993728.0,10962111998,10962111998,2026-08-24,2026-08-24 13:39:44+08:00
589660,科创综指ETF南方,1.517,1.5185,0.1,-0.074,-4.65,507899,78776727.0,1.588,1.588,1.517,1.591,4.46,18.3,1.67,-0.47,290785.0,217114.0,65455.0,0.08,7600638.0,9.65,-7535183.0,-9.57,-968239.0,-1.23,902784.0,1.15,-84,1.518,1.519,277530000.0,421013010,421013010,2026-08-24,2026-08-24 13:39:29+08:00
588320,双创50增强ETF广发,1.681,1.6759,-0.3,-0.082,-4.65,56244,9625808.0,1.763,1.763,1.681,1.763,4.65,7.52,1.13,11.32,21870.0,34374.0,-2665181.0,-27.69,0.0,0.0,-2665181.0,-27.69,455428.0,4.73,2209753.0,22.96,-45,1.681,1.683,74824600.0,125780153,125780153,2026-08-24,2026-08-24 13:39:32+08:00
159372,创业板50ETF万家,1.8,1.802,0.11,-0.088,-4.66,23796,4410336.2,1.888,1.888,1.798,1.888,4.77,3.87,1.1,43.79,6800.0,16996.0,418927.0,9.5,568819.0,12.9,-149892.0,-3.4,-374124.0,-8.48,-44804.0,-1.02,23,1.799,1.801,61451588.0,110612858,110612858,2026-08-24,2026-08-24 13:39:57+08:00
588770,科创信息ETF摩根,1.75,1.75,0.0,-0.086,-4.68,54378,9760019.0,1.818,1.826,1.75,1.836,4.14,1.73,1.08,36.44,28263.0,26115.0,-1526974.0,-15.65,3966.0,0.04,-1530940.0,-15.69,949822.0,9.73,577152.0,5.91,233,1.75,1.753,314597104.0,550544932,550544932,2026-08-24,2026-08-24 13:39:29+08:00
560900,创新药ETF摩根,0.916,0.9134,-0.28,-0.045,-4.68,205085,19065902.0,0.963,0.968,0.913,0.961,5.72,10.47,1.43,3.94,63374.0,141711.0,-3134054.0,-16.44,-3389936.0,-17.78,255882.0,1.34,510102.0,2.68,2623952.0,13.76,334,0.915,0.916,195969100.0,179507696,179507696,2026-08-24,2026-08-24 13:39:36+08:00
589950,科创100ETF富国,1.297,1.2979,0.07,-0.064,-4.7,25932,3434450.0,1.361,1.362,1.296,1.361,4.85,0.77,0.93,-27.1,10417.0,15515.0,-861662.0,-25.09,-275745.0,-8.03,-585917.0,-17.06,-48035.0,-1.4,909696.0,26.49,54,1.297,1.3,336873008.0,436924291,436924291,2026-08-24,2026-08-24 13:39:27+08:00
159992,创新药ETF银华,0.851,0.8489,-0.25,-0.042,-4.7,12671859,1095259774.2,0.888,0.892,0.849,0.893,4.82,6.61,1.27,57.56,4692935.0,7978924.0,-205908800.0,-18.8,-219755120.0,-20.07,13846320.0,1.26,98913643.0,9.03,106995157.0,9.77,1728,0.85,0.851,19159781120.0,16304973733,16304973733,2026-08-24,2026-08-24 13:39:48+08:00
159540,信创ETF易方达,1.82,1.8246,0.25,-0.09,-4.71,157173,29180885.6,1.926,1.926,1.817,1.91,5.71,12.83,1.94,18.21,94974.0,62199.0,-4804518.0,-16.46,-12408482.0,-42.52,7603964.0,26.06,2363596.0,8.1,2440923.0,8.36,-27,1.819,1.821,122505191.0,222959448,222959448,2026-08-24,2026-08-24 13:40:00+08:00
588290,UC科创芯片ETF华安,1.093,1.0925,-0.05,-0.054,-4.71,1524081,170640931.0,1.147,1.148,1.091,1.147,4.97,3.07,2.96,-24.22,812689.0,711392.0,-2839259.0,-1.66,4916195.0,2.88,-7755454.0,-4.54,-3710956.0,-2.17,6550215.0,3.84,933,1.093,1.094,4969190912.0,5431325667,5431325667,2026-08-24,2026-08-24 13:39:33+08:00
588810,科创芯片ETF富国,2.397,2.3944,-0.11,-0.119,-4.73,251438,61748003.0,2.517,2.517,2.39,2.516,5.05,4.34,0.82,-59.46,119869.0,131569.0,-6351163.0,-10.29,-2529161.0,-4.1,-3822002.0,-6.19,993340.0,1.61,5357824.0,8.68,7,2.396,2.397,579324000.0,1388639628,1388639628,2026-08-24,2026-08-24 13:39:30+08:00
589130,科创芯片ETF易方达,1.33,1.3287,-0.1,-0.066,-4.73,1866239,254497529.0,1.394,1.396,1.327,1.396,4.94,5.55,1.45,32.28,715664.0,1150575.0,-14970804.0,-5.88,-10529269.0,-4.14,-4441535.0,-1.75,3416281.0,1.34,11554523.0,4.54,5,1.329,1.33,3362780000.0,4472497400,4472497400,2026-08-24,2026-08-24 13:39:27+08:00
588750,科创芯片ETF汇添富,2.237,2.2369,0.0,-0.111,-4.73,977143,224061128.0,2.346,2.347,2.232,2.348,4.9,3.01,1.17,41.78,393988.0,583154.0,-5976772.0,-2.67,-1156804.0,-0.52,-4819968.0,-2.15,-6177448.0,-2.76,12154219.0,5.42,100,2.236,2.237,3250228000.0,7270760036,7270760036,2026-08-24,2026-08-24 13:39:28+08:00
159783,科创创业50ETF华夏,1.06,1.0594,-0.06,-0.053,-4.76,1352172,146548285.563,1.112,1.115,1.058,1.113,5.12,2.64,1.12,41.5,601541.0,750631.0,-29818024.0,-20.35,-19604971.0,-13.38,-10213053.0,-6.97,14065081.0,9.6,15752944.0,10.75,10,1.059,1.06,5121659392.0,5428958956,5428958956,2026-08-24,2026-08-24 13:39:51+08:00
158012,云计算ETF南方,0.901,0.9,-0.11,-0.045,-4.76,177772,16278066.957,0.937,0.943,0.9,0.946,4.55,6.36,2.15,26.27,51267.0,126505.0,-1754737.0,-10.78,-2724891.0,-16.74,970154.0,5.96,368688.0,2.26,1386049.0,8.51,50,0.9,0.901,279325568.0,251672337,251672337,2026-08-24,2026-08-24 13:39:54+08:00
159099,云计算ETF华宝,0.938,0.9367,-0.14,-0.047,-4.77,74188,7089380.57,0.985,0.993,0.936,0.985,5.79,6.71,0.78,30.25,22971.0,51217.0,-1582257.0,-22.32,1008326.0,14.22,-2590583.0,-36.54,584878.0,8.25,997380.0,14.07,10,0.937,0.938,110610546.0,103752692,103752692,2026-08-24,2026-08-24 13:40:00+08:00
515000,科技ETF华宝,1.218,1.2196,0.13,-0.061,-4.77,926603,115328724.0,1.28,1.28,1.214,1.279,5.16,2.96,0.93,30.85,361057.0,565546.0,-20089916.0,-17.42,-673193.0,-0.58,-19416723.0,-16.84,7623317.0,6.61,12468790.0,10.81,91,1.217,1.218,3130579296.0,3813045583,3813045583,2026-08-24,2026-08-24 13:39:44+08:00
159538,信创ETF富国,0.858,0.8581,0.01,-0.043,-4.77,79821,6956790.2,0.9,0.9,0.856,0.901,4.88,3.49,0.75,24.28,35792.0,44029.0,-2655639.0,-38.17,-2252390.0,-32.38,-403249.0,-5.8,16392.0,0.24,2639246.0,37.94,20,0.856,0.858,228608966.0,196146493,196146493,2026-08-24,2026-08-24 13:39:57+08:00
588200,科创芯片ETF嘉实,1.117,1.1166,-0.04,-0.056,-4.77,22365550,2555430110.0,1.17,1.172,1.115,1.173,4.86,5.24,1.05,37.72,10155366.0,12210184.0,-222301584.0,-8.7,-169978080.0,-6.65,-52323504.0,-2.05,75863712.0,2.97,146535609.0,5.73,-13743,1.116,1.117,42685184256.0,47679350814,47679350814,2026-08-24,2026-08-24 13:39:33+08:00
516080,创新药ETF易方达,0.679,0.679,0.0,-0.034,-4.77,3660191,252524697.0,0.709,0.712,0.678,0.713,4.77,7.07,1.26,14.98,1351803.0,2308388.0,-41138031.0,-16.29,-27568604.0,-10.92,-13569427.0,-5.37,20120483.0,7.97,21017548.0,8.32,-61,0.679,0.68,5180554752.0,3517596677,3517596677,2026-08-24,2026-08-24 13:39:43+08:00
589980,科创100ETF汇添富,1.793,1.7944,0.08,-0.09,-4.78,16244,2963713.0,1.883,1.941,1.793,1.883,7.86,1.26,0.68,16.48,6746.0,9498.0,-528155.0,-17.82,-781583.0,-26.37,253428.0,8.55,141066.0,4.76,387090.0,13.06,1,1.793,1.794,129122000.0,231515746,231515746,2026-08-24,2026-08-24 13:39:28+08:00
588310,科创创业ETF方正富邦,1.136,1.1386,0.23,-0.057,-4.78,17949,2074536.0,1.193,1.195,1.134,1.193,5.11,4.74,0.45,5.39,6353.0,11596.0,114411.0,5.52,63738.0,3.07,50673.0,2.44,-33122.0,-1.6,-81289.0,-3.92,10,1.135,1.137,37837500.0,42983400,42983400,2026-08-24,2026-08-24 13:39:32+08:00
588400,科创创业ETF嘉实,1.075,1.0753,0.03,-0.054,-4.78,228896,25206111.0,1.129,1.131,1.073,1.129,5.14,1.71,0.61,12.02,70967.0,157929.0,-3790887.0,-15.04,-2559457.0,-10.15,-1231430.0,-4.89,833874.0,3.31,2957014.0,11.73,30,1.074,1.075,1338600608.0,1438995654,1438995654,2026-08-24,2026-08-24 13:39:34+08:00
588330,双创50ETF华宝,1.075,1.0716,-0.32,-0.054,-4.78,665303,72822736.0,1.132,1.132,1.072,1.129,5.31,5.88,1.42,24.77,303930.0,361373.0,-9004146.0,-12.36,-2423927.0,-3.33,-6580219.0,-9.04,1468411.0,2.02,7535736.0,10.35,19,1.074,1.075,1131737808.0,1216618144,1216618144,2026-08-24,2026-08-24 13:39:33+08:00
588920,科创芯片ETF鹏华,1.074,1.0752,0.11,-0.054,-4.79,213378,23470292.0,1.129,1.129,1.073,1.128,4.96,6.53,1.02,27.42,72772.0,140606.0,-4222828.0,-18.0,-1976263.0,-8.42,-2246565.0,-9.58,816861.0,3.48,3405967.0,14.52,-88,1.074,1.075,326876000.0,351064824,351064824,2026-08-24,2026-08-24 13:39:29+08:00
159599,芯片ETF东财,2.678,2.6717,-0.24,-0.135,-4.8,484506,132501992.2,2.809,2.811,2.675,2.813,4.83,6.76,1.0,-57.03,208935.0,275571.0,-33066916.0,-24.96,-24424348.0,-18.43,-8642568.0,-6.52,-6253467.0,-4.72,39320383.0,29.68,4,2.678,2.679,716822064.0,1919649487,1919649487,2026-08-24,2026-08-24 13:39:54+08:00
512760,芯片ETF国泰,1.051,1.0517,0.07,-0.053,-4.8,3330252,358157623.0,1.104,1.105,1.05,1.104,4.98,3.49,1.08,23.7,1201705.0,2128547.0,-49632340.0,-13.86,-26727617.0,-7.46,-22904723.0,-6.4,9800375.0,2.74,39835854.0,11.12,-2347,1.05,1.052,9533445632.0,10019651359,10019651359,2026-08-24,2026-08-24 13:39:46+08:00
159560,芯片ETF景顺,2.184,2.1828,-0.05,-0.11,-4.8,74134,16556488.3,2.298,2.298,2.182,2.294,5.06,3.75,0.94,-56.72,33688.0,40446.0,-865897.0,-5.23,0.0,0.0,-865897.0,-5.23,-1093748.0,-6.61,1959647.0,11.84,7,2.184,2.185,197916460.0,432249549,432249549,2026-08-24,2026-08-24 13:39:57+08:00
516060,创新药ETF工银,0.592,0.5932,0.2,-0.03,-4.82,175777,10585441.0,0.614,0.621,0.592,0.622,4.66,6.12,1.22,24.12,65414.0,110363.0,-2472869.0,-23.36,-4455803.0,-42.09,1982934.0,18.73,1231027.0,11.63,1241843.0,11.73,-3,0.592,0.593,287237408.0,170044546,170044546,2026-08-24,2026-08-24 13:39:40+08:00
588990,科创芯片ETF博时,3.493,3.4947,0.05,-0.177,-4.82,118422,42700230.0,3.671,3.671,3.49,3.67,4.93,5.99,1.35,46.3,57660.0,60762.0,-900862.0,-2.11,-3219238.0,-7.54,2318376.0,5.43,-1270209.0,-2.97,2171070.0,5.08,4,3.494,3.497,197745400.0,690724682,690724682,2026-08-24,2026-08-24 13:39:29+08:00
588900,科创100ETF南方,1.779,1.7835,0.25,-0.09,-4.82,36509,6664465.0,1.87,1.87,1.779,1.869,4.87,1.03,0.84,26.84,12780.0,23729.0,-133652.0,-2.01,7201.0,0.11,-140853.0,-2.11,89306.0,1.34,44346.0,0.67,-37,1.781,1.783,352783008.0,627600971,627600971,2026-08-24,2026-08-24 13:39:29+08:00
588100,科创信息ETF嘉实,0.83,0.8303,0.04,-0.042,-4.82,127503,10762944.0,0.867,0.87,0.829,0.872,4.7,6.32,1.54,7.44,41164.0,86339.0,-1276647.0,-11.86,-1852830.0,-17.21,576183.0,5.35,578486.0,5.37,698162.0,6.49,2600,0.83,0.831,201746200.0,167449346,167449346,2026-08-24,2026-08-24 13:39:33+08:00
159539,信创ETF广发,1.693,1.6959,0.17,-0.086,-4.83,19967,3437102.0,1.788,1.788,1.693,1.779,5.34,3.8,1.36,-3.84,2501.0,17466.0,278304.0,8.1,-850800.0,-24.75,1129104.0,32.85,-380053.0,-11.06,101750.0,2.96,-30,1.693,1.695,52565182.0,88992853,88992853,2026-08-24,2026-08-24 13:40:00+08:00
159289,创业板综指ETF鹏华,1.062,1.0627,0.07,-0.054,-4.84,17221,1855121.3,1.1,1.105,1.062,1.116,3.85,4.43,0.6,-7.65,6597.0,10624.0,-192895.0,-10.4,-181374.0,-9.78,-11521.0,-0.62,-143707.0,-7.75,336602.0,18.14,132,1.062,1.063,38902640.0,41314604,41314604,2026-08-24,2026-08-24 13:40:00+08:00
563560,科技成长ETF兴业,1.14,1.1399,-0.01,-0.058,-4.84,76306,8932094.0,1.2,1.2,1.14,1.198,5.01,13.68,2.19,3.52,34841.0,41465.0,-907589.0,-10.16,-187621.0,-2.1,-719968.0,-8.06,701009.0,7.85,206580.0,2.31,-87,1.14,1.141,55769000.0,63576660,63576660,2026-08-24,2026-08-24 13:39:32+08:00
159310,芯片ETF天弘,2.708,2.7091,0.04,-0.138,-4.85,57838,16071821.3,2.845,2.849,2.706,2.846,5.02,1.17,1.03,-42.67,24756.0,33082.0,-2182536.0,-13.58,54391.0,0.34,-2236927.0,-13.92,-118251.0,-0.74,2300786.0,14.32,-38,2.708,2.71,494981088.0,1340408786,1340408786,2026-08-24,2026-08-24 13:40:00+08:00
589190,科创芯片ETF华宝,0.608,0.6074,-0.1,-0.031,-4.85,1219790,76056148.0,0.639,0.639,0.607,0.639,5.01,4.36,2.03,9.05,379269.0,840521.0,-4115151.0,-5.41,-9125802.0,-12.0,5010651.0,6.59,1929502.0,2.54,2185648.0,2.87,-327,0.608,0.609,2797562000.0,1700917696,1700917696,2026-08-24,2026-08-24 13:39:29+08:00
515320,电子50ETF华安,1.453,1.4537,0.05,-0.074,-4.85,58825,8759582.0,1.528,1.533,1.451,1.527,5.37,6.44,0.79,-5.11,32557.0,26268.0,-775304.0,-8.85,0.0,0.0,-775304.0,-8.85,350513.0,4.0,424792.0,4.85,10,1.451,1.453,91309000.0,132671977,132671977,2026-08-24,2026-08-24 13:39:42+08:00
516350,芯片ETF易方达,1.568,1.5698,0.11,-0.08,-4.85,877089,141042539.0,1.65,1.65,1.565,1.648,5.16,5.86,1.03,-4.01,438050.0,439039.0,7499040.0,5.32,11128075.0,7.89,-3629035.0,-2.57,-1159321.0,-0.82,-6339719.0,-4.49,120,1.567,1.568,1496415296.0,2346379184,2346379184,2026-08-24,2026-08-24 13:39:43+08:00
588890,科创芯片ETF南方,3.786,3.7839,-0.06,-0.193,-4.85,380057,148076474.0,3.979,3.979,3.781,3.979,4.98,4.16,1.44,10.91,178581.0,201476.0,-3521976.0,-2.38,2566175.0,1.73,-6088151.0,-4.11,-2600925.0,-1.76,6122900.0,4.13,-10,3.787,3.793,913810000.0,3459684660,3459684660,2026-08-24,2026-08-24 13:39:28+08:00
588390,科创创业ETF博时,1.155,1.1563,0.11,-0.059,-4.86,41668,4915488.0,1.217,1.217,1.153,1.214,5.27,2.62,0.7,18.07,14682.0,26986.0,68965.0,1.4,90616.0,1.84,-21651.0,-0.44,-666269.0,-13.55,597305.0,12.15,1251,1.155,1.156,158935900.0,183570965,183570965,2026-08-24,2026-08-24 13:39:31+08:00
516640,芯片ETF富国,1.386,1.386,0.0,-0.071,-4.87,978019,138991853.0,1.458,1.459,1.383,1.457,5.22,7.35,1.18,-3.09,415291.0,562728.0,-16850551.0,-12.12,-7192742.0,-5.17,-9657809.0,-6.95,1443311.0,1.04,15407240.0,11.09,10,1.385,1.386,1330482800.0,1844049161,1844049161,2026-08-24,2026-08-24 13:39:43+08:00
517350,沪港深科技ETF广发,0.898,0.9005,0.28,-0.046,-4.87,14330,1301503.0,0.917,0.942,0.898,0.944,4.66,2.92,1.48,-0.39,2971.0,11359.0,-71600.0,-5.5,0.0,0.0,-71600.0,-5.5,-167885.0,-12.9,239485.0,18.4,100,0.898,0.9,49042000.0,44039716,44039716,2026-08-24,2026-08-24 13:39:39+08:00
588300,科创创业50ETF招商,1.095,1.0969,0.17,-0.056,-4.87,338727,37869316.0,1.151,1.153,1.094,1.151,5.13,2.26,1.09,7.42,120510.0,218217.0,-8528006.0,-22.52,-1433252.0,-3.78,-7094754.0,-18.73,3973208.0,10.49,4554798.0,12.03,1043,1.095,1.096,1498210496.0,1640540493,1640540493,2026-08-24,2026-08-24 13:39:26+08:00
517130,云计算ETF嘉实,0.917,0.9144,-0.28,-0.047,-4.88,49961,4643403.0,0.963,0.963,0.917,0.964,4.77,2.76,1.02,14.94,13700.0,36261.0,-2257277.0,-48.61,463500.0,9.98,-2720777.0,-58.59,1130859.0,24.35,1126418.0,24.26,500,0.916,0.917,181154000.0,166118218,166118218,2026-08-24,2026-08-24 13:39:40+08:00
588500,科创100增强ETF易方达,2.487,2.4842,-0.11,-0.128,-4.89,35317,8976052.0,2.6,2.607,2.482,2.615,4.78,7.26,0.78,-8.37,17137.0,18180.0,191373.0,2.13,0.0,0.0,191373.0,2.13,-777115.0,-8.66,585742.0,6.53,43,2.484,2.489,48647000.0,120985089,120985089,2026-08-24,2026-08-24 13:39:27+08:00
159153,消费电子ETF鹏华,1.142,1.1452,0.28,-0.059,-4.91,115396,13415771.1,1.201,1.202,1.139,1.201,5.25,12.05,1.55,7.32,47004.0,68392.0,167942.0,1.25,-1250668.0,-9.32,1418610.0,10.57,-1166075.0,-8.69,998135.0,7.44,-4,1.141,1.142,95725988.0,109319078,109319078,2026-08-24,2026-08-24 13:40:00+08:00
588350,科创创业50ETF鹏扬,1.647,1.6501,0.19,-0.085,-4.91,14128,2370130.0,1.732,1.747,1.647,1.732,5.77,0.22,0.93,-13.11,4363.0,9765.0,-682300.0,-28.79,-581603.0,-24.54,-100697.0,-4.25,41146.0,1.74,641155.0,27.05,111,1.646,1.649,642546000.0,1058273262,1058273262,2026-08-24,2026-08-24 13:39:34+08:00
159906,深成长ETF大成,1.662,1.6602,-0.11,-0.086,-4.92,401248,67295193.1,1.748,1.754,1.658,1.748,5.49,26.99,3.33,2.22,289723.0,111525.0,-780957.0,-1.16,-11862522.0,-17.63,11081565.0,16.47,112747.0,0.17,668210.0,0.99,74,1.659,1.662,148639725.0,247039223,247039223,2026-08-24,2026-08-24 13:39:51+08:00
589720,科创创新药ETF国泰,0.908,0.9069,-0.12,-0.047,-4.92,8805089,811232509.0,0.95,0.958,0.903,0.955,5.76,19.16,1.07,47.05,3978635.0,4826454.0,-118017813.0,-14.55,-100384080.0,-12.37,-17633733.0,-2.17,59284751.0,7.31,58730340.0,7.24,168,0.907,0.908,4594822912.0,4172099204,4172099204,2026-08-24,2026-08-24 13:39:30+08:00
159782,双创50ETF银华,1.058,1.0584,0.04,-0.055,-4.94,226889,24495345.0,1.113,1.114,1.057,1.113,5.12,4.06,1.17,32.35,71881.0,155008.0,-5603997.0,-22.88,-2096371.0,-8.56,-3507626.0,-14.32,1212110.0,4.95,4391887.0,17.93,47,1.057,1.059,558190272.0,590565308,590565308,2026-08-24,2026-08-24 13:39:51+08:00
589270,科创100ETF前海开源,1.096,1.0964,0.04,-0.057,-4.94,17829,2001798.0,1.142,1.152,1.096,1.153,4.86,7.27,0.93,-3.48,9209.0,8620.0,-154199.0,-7.7,2020.0,0.1,-156219.0,-7.8,-31131.0,-1.56,185331.0,9.26,96,1.096,1.098,24516600.0,26870194,26870194,2026-08-24,2026-08-24 13:39:21+08:00
159178,消费电子ETF汇添富,1.001,1.0005,-0.05,-0.052,-4.94,117601,11966238.6,1.052,1.059,1.0,1.053,5.6,13.77,1.26,1.66,51267.0,66334.0,-1634545.0,-13.66,-193081.0,-1.61,-1441464.0,-12.05,121670.0,1.02,1512875.0,12.64,10,1.0,1.002,85432994.0,85518427,85518427,2026-08-24,2026-08-24 13:39:57+08:00
516920,芯片ETF汇添富,1.345,1.3459,0.07,-0.07,-4.95,222084,30661187.0,1.415,1.415,1.344,1.415,5.02,4.63,1.13,-7.0,94783.0,127301.0,-6287742.0,-20.51,-4771397.0,-15.56,-1516345.0,-4.95,1821384.0,5.94,4466358.0,14.57,80,1.345,1.346,479463008.0,644877746,644877746,2026-08-24,2026-08-24 13:39:42+08:00
159603,科创创业ETF天弘,1.631,1.6311,0.01,-0.085,-4.95,49065,8168310.4,1.717,1.719,1.629,1.716,5.24,0.19,0.9,31.14,19269.0,29796.0,-2393888.0,-29.31,-1791119.0,-21.93,-602769.0,-7.38,74289.0,0.91,2319600.0,28.4,-1,1.63,1.631,2542071920.0,4146119302,4146119302,2026-08-24,2026-08-24 13:39:54+08:00
159801,芯片ETF广发,1.093,1.0909,-0.19,-0.057,-4.96,1365911,153009469.02,1.15,1.151,1.09,1.15,5.3,3.04,1.02,38.73,512210.0,853701.0,-33347428.0,-21.79,-12338319.0,-8.06,-21009109.0,-13.73,9786503.0,6.4,23560926.0,15.4,2,1.092,1.093,4496120064.0,4914259230,4914259230,2026-08-24,2026-08-24 13:39:51+08:00
560660,云计算50ETF新华,1.033,1.0352,0.21,-0.054,-4.97,47746,5007460.0,1.083,1.087,1.031,1.087,5.15,3.67,0.88,-10.24,16819.0,30927.0,-692346.0,-13.83,0.0,0.0,-692346.0,-13.83,-209494.0,-4.18,901839.0,18.01,490,1.033,1.035,129938000.0,134225954,134225954,2026-08-24,2026-08-24 13:39:38+08:00
159858,创新药ETF南方,0.687,0.6858,-0.17,-0.036,-4.98,629858,44310641.9,0.715,0.72,0.685,0.723,4.84,6.43,1.33,22.6,203236.0,426622.0,-7445969.0,-16.8,-8372229.0,-18.89,926260.0,2.09,3221732.0,7.27,4224238.0,9.53,500,0.686,0.687,979098320.0,672640546,672640546,2026-08-24,2026-08-24 13:39:51+08:00
589120,科创创新药ETF汇添富,0.837,0.8366,-0.05,-0.044,-4.99,1920321,163817282.0,0.875,0.884,0.833,0.881,5.79,15.03,1.03,37.46,823634.0,1096687.0,-31342462.0,-19.13,-9307649.0,-5.68,-22034813.0,-13.45,14206965.0,8.67,17135496.0,10.46,-12,0.837,0.838,1277620000.0,1069367940,1069367940,2026-08-24,2026-08-24 13:39:29+08:00
159813,半导体ETF鹏华,0.705,0.7077,0.38,-0.037,-4.99,3222143,232395859.328,0.742,0.742,0.704,0.742,5.12,3.58,0.95,65.19,1305234.0,1916909.0,-63324056.0,-27.27,-52838216.0,-22.75,-10485840.0,-4.52,31914390.0,13.74,31409666.0,13.52,2171,0.704,0.705,9001724928.0,6346216074,6346216074,2026-08-24,2026-08-24 13:39:51+08:00
589160,科创芯片ETF广发,1.216,1.217,0.08,-0.064,-5.0,245160,30634024.0,1.285,1.285,1.215,1.28,5.47,8.62,1.25,39.7,111997.0,133163.0,-3560270.0,-11.62,1232137.0,4.02,-4792407.0,-15.64,-276236.0,-0.9,3836506.0,12.52,535,1.216,1.218,284296000.0,345703936,345703936,2026-08-24,2026-08-24 13:39:29+08:00
159995,芯片ETF华夏,1.101,1.1002,-0.07,-0.058,-5.0,5786689,652146490.76,1.158,1.159,1.099,1.159,5.18,2.41,1.05,8.47,2353243.0,3433446.0,-170982002.0,-26.22,-133468573.0,-20.47,-37513429.0,-5.75,49439789.0,7.58,121542213.0,18.64,210,1.1,1.101,24001126144.0,26425239885,26425239885,2026-08-24,2026-08-24 13:39:48+08:00
561920,疫苗ETF招商,0.663,0.6634,0.06,-0.035,-5.01,126623,8542452.0,0.692,0.698,0.661,0.698,5.3,19.28,1.43,16.94,58042.0,68581.0,-306075.0,-3.58,-394977.0,-4.62,88902.0,1.04,3305.0,0.04,302771.0,3.54,1,0.662,0.663,65692000.0,43553796,43553796,2026-08-24,2026-08-24 13:39:16+08:00
159507,通信ETF广发,0.835,0.8349,-0.01,-0.044,-5.01,604360,51588942.3,0.88,0.88,0.831,0.879,5.57,7.12,1.18,11.78,286625.0,317735.0,-7677514.0,-14.88,-3047522.0,-5.91,-4629992.0,-8.97,-525622.0,-1.02,8203135.0,15.9,4,0.834,0.835,848830896.0,708773798,708773798,2026-08-24,2026-08-24 13:40:00+08:00
588360,科创创业ETF国泰,1.154,1.1551,0.1,-0.061,-5.02,238427,28193458.0,1.219,1.219,1.153,1.215,5.43,11.17,1.5,7.21,109755.0,128672.0,-2053373.0,-7.28,713081.0,2.53,-2766454.0,-9.81,654899.0,2.32,1398475.0,4.96,44,1.154,1.155,213481800.0,246357997,246357997,2026-08-24,2026-08-24 13:39:31+08:00
588660,科创创业50ETF兴银,1.761,1.7519,-0.52,-0.093,-5.02,24696,4434988.0,1.854,1.899,1.76,1.854,7.5,6.28,1.18,-1.22,10778.0,13918.0,-547798.0,-12.35,0.0,0.0,-547798.0,-12.35,84115.0,1.9,463682.0,10.46,20,1.76,1.762,39344000.0,69284784,69284784,2026-08-24,2026-08-24 13:39:27+08:00
159012,科创创业50ETF鹏华,0.871,0.8687,-0.26,-0.046,-5.02,76062,6743839.9,0.912,0.918,0.87,0.917,5.23,6.86,1.2,22.14,20602.0,55460.0,-2208471.0,-32.75,-2142549.0,-31.77,-65922.0,-0.98,762444.0,11.31,1446026.0,21.44,500,0.87,0.872,110881148.0,96577480,96577480,2026-08-24,2026-08-24 13:39:54+08:00
159780,科创创业50ETF南方,1.054,1.0526,-0.13,-0.056,-5.05,828495,89385845.544,1.109,1.109,1.054,1.11,4.95,2.32,0.82,18.59,303074.0,525421.0,-10489813.0,-11.74,-1241051.0,-1.39,-9248762.0,-10.35,819316.0,0.92,9670497.0,10.82,-111,1.054,1.055,3574448576.0,3767468799,3767468799,2026-08-24,2026-08-24 13:39:51+08:00
159781,科创创业ETF易方达,1.053,1.0535,0.05,-0.056,-5.05,2931667,314376181.832,1.107,1.11,1.052,1.109,5.23,1.87,0.89,41.87,1055965.0,1875702.0,-84715476.0,-26.95,-112527493.0,-35.8,27812017.0,8.85,50817824.0,16.17,33897652.0,10.78,-192,1.053,1.054,15676860416.0,16507734018,16507734018,2026-08-24,2026-08-24 13:39:51+08:00
589100,科创芯片ETF国泰,0.864,0.8653,0.15,-0.046,-5.05,516464,45999142.0,0.91,0.91,0.864,0.91,5.05,5.78,1.2,9.92,211137.0,305327.0,-3125514.0,-6.79,-2581244.0,-5.61,-544270.0,-1.18,-69320.0,-0.15,3194835.0,6.95,-333,0.865,0.866,893442496.0,771934317,771934317,2026-08-24,2026-08-24 13:39:29+08:00
159273,云计算ETF汇添富,1.354,1.3507,-0.24,-0.072,-5.05,114242,15728367.6,1.417,1.419,1.352,1.426,4.7,1.66,1.13,22.66,44010.0,70232.0,-2877353.0,-18.29,-740613.0,-4.71,-2136740.0,-13.59,-1727269.0,-10.98,4604624.0,29.28,61,1.353,1.354,687777504.0,931250740,931250740,2026-08-24,2026-08-24 13:40:00+08:00
159732,消费电子ETF华夏,1.313,1.3152,0.17,-0.07,-5.06,2316081,310462511.3,1.382,1.385,1.31,1.383,5.42,9.91,1.12,15.9,1385702.0,930379.0,-527957.0,-0.17,38679089.0,12.46,-39207046.0,-12.63,-13542275.0,-4.36,14070233.0,4.53,45,1.312,1.313,2337447904.0,3069069098,3069069098,2026-08-24,2026-08-24 13:39:51+08:00
512770,战略新兴ETF华夏,2.505,2.5137,0.35,-0.134,-5.08,15090,3884396.0,2.636,2.636,2.503,2.639,5.04,1.54,1.13,0.9,6635.0,8455.0,-460821.0,-11.86,0.0,0.0,-460821.0,-11.86,40229.0,1.04,420592.0,10.83,16,2.503,2.506,98267800.0,246160839,246160839,2026-08-24,2026-08-24 13:39:46+08:00
159723,科技龙头ETF汇添富,1.042,1.0455,0.33,-0.056,-5.1,5458,576120.8,1.078,1.078,1.042,1.098,3.28,1.88,1.93,1.97,2225.0,3233.0,-491287.0,-85.28,0.0,0.0,-491287.0,-85.28,349654.0,60.69,141633.0,24.58,-21,1.041,1.042,29025575.0,30244649,30244649,2026-08-24,2026-08-24 13:39:51+08:00
159909,TMT50ETF招商,1.264,1.2654,0.11,-0.068,-5.11,31062,4007693.6,1.334,1.335,1.264,1.332,5.33,0.58,0.94,-8.97,13608.0,17454.0,-665679.0,-16.61,0.0,0.0,-665679.0,-16.61,-106665.0,-2.66,772343.0,19.27,-466,1.265,1.267,531562000.0,671894368,671894368,2026-08-24,2026-08-24 13:39:51+08:00
517390,云计算ETF天弘,1.845,1.8442,-0.04,-0.1,-5.14,46961,8775425.0,1.93,1.93,1.843,1.945,4.47,3.58,1.41,12.13,17088.0,29873.0,-2844199.0,-32.41,1220700.0,13.91,-4064899.0,-46.32,1128337.0,12.86,1715862.0,19.55,27,1.841,1.846,131112600.0,241902747,241902747,2026-08-24,2026-08-24 13:39:38+08:00
159738,云计算ETF华泰柏瑞,1.951,1.9549,0.2,-0.106,-5.15,85516,16951325.1,2.038,2.039,1.949,2.057,4.38,6.53,0.91,-7.12,34108.0,51408.0,-377407.0,-2.23,1984500.0,11.71,-2361907.0,-13.93,-431148.0,-2.54,808556.0,4.77,1271,1.952,1.953,130992667.0,255566693,255566693,2026-08-24,2026-08-24 13:39:51+08:00
562860,疫苗ETF嘉实,0.657,0.6583,0.2,-0.036,-5.19,336724,22679984.0,0.683,0.695,0.656,0.693,5.63,9.65,1.01,12.51,160318.0,176406.0,428067.0,1.89,2173274.0,9.58,-1745207.0,-7.69,-1357438.0,-5.99,929370.0,4.1,-200,0.657,0.658,348895008.0,229224020,229224020,2026-08-24,2026-08-24 13:39:37+08:00
517230,云计算ETF永赢,0.932,0.9366,0.49,-0.051,-5.19,56148,5337933.0,0.98,0.98,0.932,0.983,4.88,3.01,0.46,19.21,15760.0,40389.0,-1098092.0,-20.57,209730.0,3.93,-1307822.0,-24.5,327108.0,6.13,770982.0,14.44,-15,0.933,0.936,186545800.0,173860686,173860686,2026-08-24,2026-08-24 13:39:34+08:00
159695,通信ETF嘉实,0.913,0.9137,0.08,-0.05,-5.19,476377,44642763.1,0.96,0.965,0.911,0.963,5.61,5.53,1.08,-9.79,221754.0,254623.0,215714.0,0.48,3490092.0,7.82,-3274378.0,-7.33,-4396090.0,-9.85,4180377.0,9.36,-40,0.913,0.914,861436256.0,786491302,786491302,2026-08-24,2026-08-24 13:39:54+08:00
588380,科创创业ETF富国,1.077,1.0793,0.21,-0.059,-5.19,1011149,110980025.0,1.136,1.137,1.076,1.136,5.37,3.83,1.38,42.17,387516.0,623633.0,-13055293.0,-11.76,-7922669.0,-7.14,-5132624.0,-4.62,5750227.0,5.18,7300107.0,6.58,-10046,1.077,1.078,2642770000.0,2846263290,2846263290,2026-08-24,2026-08-24 13:39:33+08:00
159665,半导体龙头ETF工银,2.322,2.3188,-0.14,-0.127,-5.19,160739,38216746.0,2.444,2.444,2.32,2.449,5.06,6.31,0.94,-12.68,63796.0,96943.0,-1675560.0,-4.38,1060235.0,2.77,-2735795.0,-7.16,-2923712.0,-7.65,4599271.0,12.03,-85,2.322,2.323,254576860.0,591127469,591127469,2026-08-24,2026-08-24 13:39:54+08:00
159095,云计算ETF银华,0.909,0.9071,-0.21,-0.05,-5.21,113500,10458324.167,0.958,0.958,0.906,0.959,5.42,4.88,0.59,40.48,25531.0,87968.0,-2261376.0,-21.62,-2491211.0,-23.82,229835.0,2.2,1286310.0,12.3,975067.0,9.32,5,0.908,0.909,232468139.0,211313538,211313538,2026-08-24,2026-08-24 13:40:00+08:00
561310,消电ETF国泰,0.672,0.673,0.15,-0.037,-5.22,114135,7901258.0,0.708,0.709,0.672,0.709,5.22,10.58,1.52,6.66,48981.0,65154.0,-126661.0,-1.6,385725.0,4.88,-512386.0,-6.48,-137832.0,-1.74,264492.0,3.35,-1,0.672,0.674,107833100.0,72463843,72463843,2026-08-24,2026-08-24 13:39:34+08:00
589230,科创人工智能ETF南方,0.797,0.795,-0.25,-0.044,-5.23,268011,21756818.0,0.838,0.838,0.796,0.841,4.99,11.0,1.79,-0.36,122612.0,145399.0,-4435128.0,-20.39,-5447886.0,-25.04,1012758.0,4.65,2494449.0,11.47,1940679.0,8.92,8,0.796,0.797,243553000.0,194111741,194111741,2026-08-24,2026-08-24 13:39:28+08:00
588930,科创人工智能ETF银华,1.44,1.439,-0.07,-0.08,-5.26,327045,48092582.0,1.519,1.519,1.437,1.52,5.39,5.3,1.38,27.93,134934.0,192111.0,-6483804.0,-13.48,-3113247.0,-6.47,-3370557.0,-7.01,-77947.0,-0.16,6561751.0,13.65,42,1.438,1.44,617329008.0,888953772,888953772,2026-08-24,2026-08-24 13:39:28+08:00
516050,科技龙头ETF工银,1.311,1.3139,0.22,-0.073,-5.27,63865,8549589.0,1.384,1.384,1.31,1.384,5.35,3.96,1.17,36.03,20858.0,43007.0,-2534912.0,-29.65,-4193562.0,-49.05,1658650.0,19.4,1013049.0,11.85,1521863.0,17.8,-41,1.312,1.313,161228000.0,211369908,211369908,2026-08-24,2026-08-24 13:39:42+08:00
159859,生物医药ETF天弘,0.393,0.3935,0.13,-0.022,-5.3,6975208,279553935.6,0.413,0.415,0.392,0.415,5.54,6.92,1.47,63.45,2535185.0,4440023.0,-54346795.0,-19.44,-80694128.0,-28.87,26347333.0,9.42,39730035.0,14.21,14616760.0,5.23,79,0.392,0.393,10085840128.0,3963735170,3963735170,2026-08-24,2026-08-24 13:39:51+08:00
159819,人工智能ETF易方达,1.655,1.6545,-0.03,-0.094,-5.37,2204035,372326299.1,1.753,1.754,1.652,1.749,5.83,1.83,0.94,28.13,824305.0,1379730.0,-138066884.0,-37.08,-99511996.0,-26.73,-38554888.0,-10.36,39989474.0,10.74,98077410.0,26.34,18,1.654,1.655,12073229568.0,19981194935,19981194935,2026-08-24,2026-08-24 13:39:51+08:00
561100,消费电子ETF富国,1.533,1.5342,0.08,-0.087,-5.37,252225,39625836.0,1.622,1.622,1.529,1.62,5.74,4.26,1.02,-12.23,130366.0,121859.0,-1753998.0,-4.43,-3110826.0,-7.85,1356828.0,3.42,-1640167.0,-4.14,3394164.0,8.57,10,1.531,1.533,592746896.0,908680992,908680992,2026-08-24,2026-08-24 13:39:36+08:00
159508,生物医药ETF华安,0.807,0.8065,-0.06,-0.046,-5.39,178833,14688153.3,0.844,0.852,0.806,0.853,5.39,18.43,1.55,28.08,62621.0,116212.0,-1827701.0,-12.44,-556677.0,-3.79,-1271024.0,-8.65,960924.0,6.54,866778.0,5.9,-46,0.806,0.807,97031598.0,78304500,78304500,2026-08-24,2026-08-24 13:40:00+08:00
589560,科创人工智能ETF汇添富,0.876,0.8766,0.07,-0.05,-5.4,118274,10556992.0,0.926,0.926,0.876,0.926,5.4,4.78,2.28,13.45,38765.0,79509.0,-6118310.0,-57.96,-7758913.0,-73.5,1640603.0,15.54,3402072.0,32.23,2716239.0,25.73,20,0.875,0.876,247355000.0,216682980,216682980,2026-08-24,2026-08-24 13:39:25+08:00
588480,科创创业人工智能ETF中金,0.84,0.8325,-0.9,-0.048,-5.41,92580,7925265.0,0.885,0.895,0.84,0.888,6.19,3.93,1.26,-52.19,15959.0,76621.0,-4147942.0,-52.34,-1154576.0,-14.57,-2993366.0,-37.77,1807603.0,22.81,2340339.0,29.53,-2283,0.839,0.84,235717000.0,198002280,198002280,2026-08-24,2026-08-24 13:39:28+08:00
588790,科创AIETF博时,0.735,0.7344,-0.08,-0.042,-5.41,3066368,229812600.0,0.774,0.775,0.733,0.777,5.41,9.35,1.44,17.36,1551222.0,1515146.0,-55178013.0,-24.01,-61298614.0,-26.67,6120601.0,2.66,28050277.0,12.21,27127735.0,11.8,30,0.734,0.735,3280384000.0,2411082240,2411082240,2026-08-24,2026-08-24 13:39:28+08:00
561600,消费电子ETF平安,0.698,0.6985,0.07,-0.04,-5.42,156417,11181698.0,0.738,0.738,0.697,0.738,5.56,5.5,0.89,-4.71,75201.0,81216.0,-1464867.0,-13.1,1629861.0,14.58,-3094728.0,-27.68,380841.0,3.41,1084026.0,9.69,15,0.698,0.699,284548000.0,198614504,198614504,2026-08-24,2026-08-24 13:39:35+08:00
588510,科创创业人工智能ETF华夏,0.802,0.795,-0.88,-0.046,-5.42,204388,16586919.0,0.848,0.855,0.798,0.848,6.72,6.32,1.42,-1.92,61969.0,142419.0,-6210014.0,-37.44,-6257493.0,-37.73,47479.0,0.29,2474700.0,14.92,3735314.0,22.52,20,0.799,0.802,323175008.0,259186356,259186356,2026-08-24,2026-08-24 13:39:16+08:00
588760,科创人工智能ETF广发,0.696,0.6962,0.03,-0.04,-5.43,2471104,175576086.0,0.732,0.734,0.694,0.736,5.43,10.34,1.7,4.95,1096497.0,1374607.0,-46329677.0,-26.39,-42016518.0,-23.93,-4313159.0,-2.46,25514977.0,14.53,20814702.0,11.86,124,0.696,0.697,2389532000.0,1663114272,1663114272,2026-08-24,2026-08-24 13:39:28+08:00
589250,科创芯片设计ETF浦银,1.167,1.1572,-0.85,-0.067,-5.43,84284,9951315.0,1.228,1.233,1.16,1.234,5.92,10.14,1.7,5.98,25677.0,58607.0,-351039.0,-3.53,-1950633.0,-19.6,1599594.0,16.07,-724126.0,-7.28,1075166.0,10.8,3,1.166,1.167,83101300.0,96979217,96979217,2026-08-24,2026-08-24 13:39:26+08:00
517800,人工智能50ETF方正富邦,0.939,0.9369,-0.22,-0.054,-5.44,93114,8904711.0,0.993,0.993,0.938,0.993,5.54,4.4,2.27,-1.03,25889.0,67225.0,-4553155.0,-51.13,-187252.0,-2.1,-4365903.0,-49.03,2298795.0,25.82,2254361.0,25.32,10,0.938,0.939,211539700.0,198635778,198635778,2026-08-24,2026-08-24 13:39:41+08:00
159839,生物医药ETF汇添富,0.365,0.3655,0.14,-0.021,-5.44,2227420,82913562.1,0.384,0.385,0.364,0.386,5.44,9.03,1.6,45.28,564212.0,1663208.0,-21855374.0,-26.48,-34826888.0,-42.2,12971514.0,15.72,16073769.0,19.48,5781606.0,7.01,-10417,0.364,0.365,2466735168.0,900358336,900358336,2026-08-24,2026-08-24 13:39:51+08:00
561460,人工智能ETF天弘,0.765,0.763,-0.26,-0.044,-5.44,167672,13059685.0,0.81,0.81,0.763,0.809,5.81,2.41,0.82,6.32,63019.0,104653.0,-4508999.0,-34.53,519883.0,3.98,-5028882.0,-38.51,1267243.0,9.7,3241756.0,24.82,279,0.764,0.765,696020000.0,532455300,532455300,2026-08-24,2026-08-24 13:39:37+08:00
588730,科创人工智能ETF易方达,1.372,1.3732,0.09,-0.079,-5.44,533924,74864753.0,1.451,1.451,1.369,1.451,5.65,7.26,1.14,5.32,253326.0,280598.0,-10517560.0,-14.05,-2565903.0,-3.43,-7951657.0,-10.62,610380.0,0.82,9907180.0,13.23,1,1.372,1.373,735396304.0,1008963729,1008963729,2026-08-24,2026-08-24 13:39:29+08:00
589090,科创AIETF鹏华,0.983,0.9837,0.07,-0.057,-5.48,119388,11934739.0,1.037,1.037,0.983,1.04,5.19,6.75,2.79,41.14,27738.0,91650.0,-6202343.0,-51.97,-4874441.0,-40.84,-1327902.0,-11.13,2956920.0,24.78,3245423.0,27.19,200,0.983,0.984,176931000.0,173923173,173923173,2026-08-24,2026-08-24 13:39:28+08:00
512930,AI人工智能ETF平安,0.587,0.5869,-0.02,-0.034,-5.48,2696476,161382339.0,0.621,0.621,0.585,0.621,5.8,5.51,1.59,37.4,927022.0,1769454.0,-44901172.0,-27.82,-53955703.0,-33.43,9054531.0,5.61,25058633.0,15.53,19842539.0,12.3,6,0.586,0.587,4896521216.0,2874257954,2874257954,2026-08-24,2026-08-24 13:39:47+08:00
589310,科创人工智能ETF鑫元,0.759,0.7586,-0.05,-0.044,-5.48,61692,4798519.0,0.803,0.803,0.759,0.803,5.48,2.07,1.95,15.87,8424.0,53268.0,-1461214.0,-30.45,-515788.0,-10.75,-945426.0,-19.7,730089.0,15.21,731126.0,15.24,100,0.758,0.759,298491808.0,226555282,226555282,2026-08-24,2026-08-24 13:39:29+08:00
159511,通信ETF南方,2.277,2.272,-0.22,-0.132,-5.48,93609,21868843.6,2.42,2.42,2.27,2.409,6.23,6.41,1.55,47.12,42562.0,51047.0,-749187.0,-3.43,1489790.0,6.81,-2238977.0,-10.24,-1331571.0,-6.09,2080758.0,9.51,-1,2.275,2.278,145944573.0,332315793,332315793,2026-08-24,2026-08-24 13:40:00+08:00
562950,消费电子ETF易方达,1.477,1.4788,0.12,-0.086,-5.5,540922,81883490.0,1.563,1.563,1.474,1.563,5.69,5.35,1.09,0.6,236460.0,304462.0,-9394000.0,-11.47,-2559961.0,-3.13,-6834039.0,-8.35,-3092434.0,-3.78,12486434.0,15.25,9,1.476,1.477,1010258304.0,1492151515,1492151515,2026-08-24,2026-08-24 13:39:36+08:00
589410,科创人工智能ETF嘉实,0.773,0.7711,-0.25,-0.045,-5.5,107218,8466870.0,0.819,0.819,0.773,0.818,5.62,1.93,1.38,25.15,31260.0,75958.0,-4259603.0,-50.31,-4341465.0,-51.28,81862.0,0.97,2348889.0,27.74,1910714.0,22.57,100,0.772,0.774,556565600.0,430225209,430225209,2026-08-24,2026-08-24 13:39:29+08:00
515070,人工智能ETF华夏,1.047,1.0465,-0.05,-0.061,-5.51,1162142,124240331.0,1.108,1.109,1.045,1.108,5.78,1.55,1.0,7.35,445881.0,716261.0,-40131060.0,-32.3,-22491787.0,-18.1,-17639273.0,-14.2,15913620.0,12.81,24217442.0,19.49,50,1.046,1.047,7486940416.0,7838826616,7838826616,2026-08-24,2026-08-24 13:39:45+08:00
589110,科创人工智能ETF国泰,0.853,0.8527,-0.04,-0.05,-5.54,152849,13354264.0,0.903,0.911,0.852,0.903,6.53,2.94,2.25,21.53,60156.0,92693.0,-3001941.0,-22.48,-4266704.0,-31.95,1264763.0,9.47,1557694.0,11.66,1444247.0,10.81,6,0.852,0.853,519413008.0,443059296,443059296,2026-08-24,2026-08-24 13:39:28+08:00
159248,人工智能ETF万家,1.653,1.6439,-0.55,-0.097,-5.54,110483,18664036.0,1.751,1.754,1.65,1.75,5.94,8.3,1.36,55.97,44597.0,65886.0,-4477121.0,-23.99,-4585961.0,-24.57,108840.0,0.58,-601140.0,-3.22,5078261.0,27.21,100,1.652,1.653,133095652.0,220007113,220007113,2026-08-24,2026-08-24 13:40:00+08:00
589380,科创人工智能ETF富国,1.312,1.3143,0.17,-0.077,-5.54,34709,4652803.0,1.393,1.393,1.311,1.389,5.9,3.63,1.55,4.01,18457.0,16252.0,-1683624.0,-36.19,-2627379.0,-56.47,943755.0,20.28,406895.0,8.75,1276729.0,27.44,78,1.313,1.314,95694300.0,125550922,125550922,2026-08-24,2026-08-24 13:39:29+08:00
512220,TMTETF景顺,3.654,3.6565,0.07,-0.215,-5.56,52988,19895208.0,3.944,3.944,3.65,3.869,7.6,2.52,1.31,10.68,26828.0,26160.0,-1681703.0,-8.45,-1098972.0,-5.52,-582731.0,-2.93,-189582.0,-0.95,1871286.0,9.41,4,3.655,3.656,209967600.0,767221610,767221610,2026-08-24,2026-08-24 13:39:48+08:00
159779,消费电子ETF招商,1.372,1.3662,-0.42,-0.081,-5.57,73870,10379604.8,1.461,1.461,1.37,1.453,6.26,5.56,1.65,9.46,27033.0,46837.0,-1995086.0,-19.22,1017177.0,9.8,-3012263.0,-29.02,860262.0,8.29,1134824.0,10.93,6,1.372,1.373,132869337.0,182296730,182296730,2026-08-24,2026-08-24 13:39:51+08:00
589010,科创人工智能ETF华夏,1.298,1.299,0.08,-0.077,-5.6,561560,74777610.0,1.375,1.376,1.298,1.375,5.67,6.14,1.51,17.66,243710.0,317850.0,-4641816.0,-6.21,5447448.0,7.28,-10089264.0,-13.49,587394.0,0.79,4054422.0,5.42,5,1.298,1.299,914793008.0,1187401324,1187401324,2026-08-24,2026-08-24 13:39:29+08:00
589520,科创人工智能ETF华宝,0.551,0.5512,0.04,-0.033,-5.65,634524,35761275.0,0.585,0.585,0.551,0.584,5.82,7.95,1.81,33.04,223229.0,411295.0,-11595959.0,-32.43,-9108943.0,-25.47,-2487016.0,-6.95,5881022.0,16.45,5714938.0,15.98,-4850,0.551,0.553,798104608.0,439755639,439755639,2026-08-24,2026-08-24 13:39:27+08:00
159022,科创创业人工智能ETF富国,0.936,0.9319,-0.44,-0.056,-5.65,139691,13293090.9,0.993,0.993,0.935,0.992,5.85,8.28,1.09,33.04,41443.0,98248.0,-3676531.0,-27.66,-2416447.0,-18.18,-1260084.0,-9.48,1227891.0,9.24,2448641.0,18.42,72,0.935,0.936,168630967.0,157838585,157838585,2026-08-24,2026-08-24 13:39:57+08:00
588470,科创创业人工智能ETF华安,0.783,0.7829,-0.01,-0.047,-5.66,276949,21980455.0,0.831,0.831,0.78,0.83,6.14,9.75,1.81,47.6,109949.0,167000.0,-4476638.0,-20.37,-6149865.0,-27.98,1673227.0,7.61,2446487.0,11.13,2030151.0,9.24,1164,0.781,0.783,283907008.0,222299187,222299187,2026-08-24,2026-08-24 13:39:30+08:00
159259,成长ETF易方达,1.267,1.2683,0.1,-0.077,-5.73,2771699,360113751.361,1.339,1.349,1.265,1.344,6.25,6.33,1.19,9.81,1378204.0,1393495.0,-35419269.0,-9.84,-10101616.0,-2.81,-25317653.0,-7.03,14819291.0,4.12,20599977.0,5.72,-308,1.267,1.268,4377696512.0,5546541481,5546541481,2026-08-24,2026-08-24 13:40:00+08:00
159967,创业板成长ETF华夏,0.764,0.7626,-0.18,-0.047,-5.8,9785071,766404431.825,0.808,0.812,0.761,0.811,6.29,13.56,1.4,62.65,3890554.0,5894518.0,-33602342.0,-4.38,1005728.0,0.13,-34608070.0,-4.52,10121919.0,1.32,23480423.0,3.06,587,0.763,0.764,7214905856.0,5512188074,5512188074,2026-08-24,2026-08-24 13:39:51+08:00
515980,人工智能ETF华富,0.964,0.9621,-0.2,-0.06,-5.86,2380446,234498311.0,1.024,1.024,0.961,1.024,6.15,3.86,1.56,46.29,876886.0,1503560.0,-91454418.0,-39.0,-64014921.0,-27.3,-27439497.0,-11.7,40691712.0,17.35,50762707.0,21.65,103,0.963,0.964,6161128960.0,5939328317,5939328317,2026-08-24,2026-08-24 13:39:43+08:00
159141,科创创业人工智能ETF永赢,1.091,1.0909,-0.01,-0.068,-5.87,453813,50630259.3,1.159,1.159,1.089,1.159,6.04,3.47,0.75,74.97,171047.0,282766.0,-13435589.0,-26.54,3794553.0,7.49,-17230142.0,-34.03,6158679.0,12.16,7276909.0,14.37,12,1.09,1.091,1309060736.0,1428185263,1428185263,2026-08-24,2026-08-24 13:40:00+08:00
159142,科创创业人工智能ETF景顺,1.117,1.1171,0.01,-0.07,-5.9,714895,81871581.5,1.186,1.188,1.115,1.187,6.15,6.14,1.28,20.14,273491.0,441404.0,-20080743.0,-24.53,-15500844.0,-18.93,-4579899.0,-5.59,5947265.0,7.26,14133480.0,17.26,89,1.116,1.117,1165260144.0,1301595581,1301595581,2026-08-24,2026-08-24 13:40:00+08:00
588530,科创创业人工智能ETF中银证券,0.872,0.8729,0.1,-0.055,-5.93,103990,9238703.0,0.928,0.928,0.872,0.927,6.04,4.68,1.06,28.76,19727.0,84263.0,-1260895.0,-13.65,-1496740.0,-16.2,235845.0,2.55,393993.0,4.26,866903.0,9.38,-101,0.872,0.875,222433300.0,193961838,193961838,2026-08-24,2026-08-24 13:39:27+08:00
589700,科创成长ETF南方,2.091,2.0925,0.07,-0.132,-5.94,49267,10527677.0,2.205,2.216,2.088,2.223,5.76,14.37,0.86,23.44,18854.0,30413.0,662839.0,6.3,2220381.0,21.09,-1557542.0,-14.79,-1568497.0,-14.9,905658.0,8.6,-250,2.09,2.093,34291000.0,71702481,71702481,2026-08-24,2026-08-24 13:39:28+08:00
159546,集成电路ETF国泰,0.728,0.726,-0.28,-0.046,-5.94,605389,45153658.5,0.77,0.771,0.726,0.774,5.81,8.41,1.29,5.52,216974.0,388415.0,-9075740.0,-20.11,3744348.0,8.3,-12820088.0,-28.41,1371828.0,3.04,7703913.0,17.07,303,0.727,0.729,719927824.0,524107456,524107456,2026-08-24,2026-08-24 13:39:57+08:00
588780,科创芯片设计ETF国联安,0.916,0.9167,0.08,-0.058,-5.95,2102899,197304722.0,0.972,0.974,0.914,0.974,6.16,21.12,1.33,30.46,1367029.0,735870.0,-24655454.0,-12.5,-44261834.0,-22.43,19606380.0,9.94,7068812.0,3.58,17586643.0,8.91,27,0.915,0.916,995902000.0,912246232,912246232,2026-08-24,2026-08-24 13:39:28+08:00
589420,科创芯片设计ETF永赢,0.71,0.7091,-0.13,-0.045,-5.96,121568,8854642.0,0.755,0.755,0.709,0.755,6.09,3.35,1.15,7.24,43243.0,78325.0,-2098508.0,-23.7,0.0,0.0,-2098508.0,-23.7,1138734.0,12.86,959774.0,10.84,715,0.709,0.712,362481504.0,257361868,257361868,2026-08-24,2026-08-24 13:39:29+08:00
589400,科创芯片设计ETF富国,0.708,0.7059,-0.3,-0.045,-5.98,130753,9398855.0,0.752,0.752,0.708,0.753,5.84,4.67,1.34,39.85,53775.0,76978.0,-2110561.0,-22.5,-1761608.0,-18.78,-348953.0,-3.72,853806.0,9.1,1251870.0,13.35,276,0.707,0.708,279785200.0,198087922,198087922,2026-08-24,2026-08-24 13:39:29+08:00
588430,科创创业人工智能ETF工银,1.142,1.1442,0.19,-0.073,-6.01,76373,8882621.0,1.224,1.224,1.141,1.215,6.83,7.76,1.79,1.5,23594.0,52779.0,-1823111.0,-20.52,114451.0,1.29,-1937562.0,-21.81,729895.0,8.22,1093216.0,12.31,6,1.142,1.144,98458000.0,112439036,112439036,2026-08-24,2026-08-24 13:39:33+08:00
159811,5GETF博时,2.829,2.8262,-0.1,-0.181,-6.01,157181,45080326.1,3.013,3.013,2.822,3.01,6.35,21.03,2.97,25.5,103780.0,53401.0,-4886783.0,-10.84,-2966877.0,-6.58,-1919906.0,-4.26,972522.0,2.16,3914260.0,8.68,1,2.828,2.829,74743393.0,211449059,211449059,2026-08-24,2026-08-24 13:39:51+08:00
562820,集成电路ETF嘉实,0.907,0.9059,-0.12,-0.058,-6.01,255347,23746543.0,0.963,0.963,0.905,0.965,6.01,6.44,1.11,8.74,103082.0,152265.0,-2876535.0,-12.11,55674.0,0.23,-2932209.0,-12.35,-1294548.0,-5.45,4171083.0,17.57,1,0.906,0.907,396408000.0,359542056,359542056,2026-08-24,2026-08-24 13:39:35+08:00
588020,科创成长ETF易方达,0.825,0.8244,-0.07,-0.053,-6.04,2853926,241293085.0,0.877,0.877,0.822,0.878,6.26,14.42,1.03,13.39,1556128.0,1297798.0,-29009097.0,-12.02,-16660966.0,-6.91,-12348131.0,-5.12,12414434.0,5.15,16594663.0,6.88,176,0.824,0.825,1979373008.0,1632982732,1632982732,2026-08-24,2026-08-24 13:39:31+08:00
159279,创业板人工智能ETF华安,1.337,1.3354,-0.12,-0.086,-6.04,626819,85987754.1,1.418,1.425,1.332,1.423,6.54,37.22,1.52,-12.72,195302.0,431517.0,-14111173.0,-16.41,3854192.0,4.48,-17965365.0,-20.89,10096441.0,11.74,4014732.0,4.67,50,1.335,1.337,168387534.0,225134133,225134133,2026-08-24,2026-08-24 13:40:00+08:00
515880,通信ETF国泰,0.636,0.6353,-0.11,-0.041,-6.06,41273658,2693708306.0,0.675,0.678,0.634,0.677,6.5,6.64,1.1,50.63,17039528.0,24234131.0,-521468656.0,-19.36,-367051792.0,-13.63,-154416864.0,-5.73,221758944.0,8.23,299703338.0,11.13,8074,0.635,0.636,62173774080.0,39542520315,39542520315,2026-08-24,2026-08-24 13:39:42+08:00
589170,科创芯片设计ETF鹏华,1.004,1.0038,-0.02,-0.065,-6.08,45229,4653563.0,1.064,1.083,1.001,1.069,7.67,3.12,0.88,55.42,15993.0,29236.0,-1447099.0,-31.1,-871722.0,-18.73,-575377.0,-12.36,280101.0,6.02,1166999.0,25.08,36,1.002,1.005,144909000.0,145488636,145488636,2026-08-24,2026-08-24 13:39:28+08:00
159242,创业板人工智能ETF大成,1.988,1.9831,-0.25,-0.129,-6.09,790815,162019740.0,2.115,2.119,1.98,2.117,6.57,18.86,2.06,-31.64,490336.0,300479.0,978025.0,0.6,1988890.0,1.23,-1010865.0,-0.62,-5836516.0,-3.6,4858492.0,3.0,60,1.985,1.988,419278576.0,833525809,833525809,2026-08-24,2026-08-24 13:40:00+08:00
159140,科创创业人工智能ETF易方达,1.171,1.1718,0.07,-0.076,-6.09,664170,79507404.3,1.248,1.248,1.168,1.247,6.42,13.29,1.7,59.45,285917.0,378253.0,-12549233.0,-15.78,-2369554.0,-2.98,-10179679.0,-12.8,5024949.0,6.32,7524283.0,9.46,405,1.17,1.171,499936832.0,585426030,585426030,2026-08-24,2026-08-24 13:40:00+08:00
159243,创业板人工智能ETF招商,1.201,1.1966,-0.37,-0.078,-6.1,182045,22505126.8,1.278,1.278,1.197,1.279,6.33,12.73,0.74,23.63,80516.0,101529.0,-2611630.0,-11.6,0.0,0.0,-2611630.0,-11.6,260400.0,1.16,2351230.0,10.45,1,1.199,1.201,143030224.0,171779299,171779299,2026-08-24,2026-08-24 13:40:00+08:00
589030,科创芯片设计ETF易方达,1.063,1.0624,-0.06,-0.069,-6.1,861142,94059842.0,1.137,1.137,1.061,1.132,6.71,10.24,1.58,13.21,481343.0,379799.0,-11843990.0,-12.59,1428143.0,1.52,-13272133.0,-14.11,3942296.0,4.19,7901586.0,8.4,1229,1.062,1.064,841077008.0,894064860,894064860,2026-08-24,2026-08-24 13:39:29+08:00
159139,科创创业人工智能ETF华泰柏瑞,1.166,1.1687,0.23,-0.076,-6.12,569180,67323574.5,1.24,1.24,1.164,1.242,6.12,30.26,2.32,-41.18,366927.0,202253.0,-5165058.0,-7.67,-10289626.0,-15.28,5124568.0,7.61,2659449.0,3.95,2505609.0,3.72,72,1.165,1.166,188109210.0,219335339,219335339,2026-08-24,2026-08-24 13:40:00+08:00
589390,科创芯片设计ETF招商,0.705,0.7051,0.01,-0.046,-6.13,183784,13274351.0,0.75,0.75,0.705,0.751,5.99,1.39,0.7,-3.54,61560.0,122224.0,-2039061.0,-15.36,-1766045.0,-13.3,-273016.0,-2.06,496104.0,3.74,1542958.0,11.62,7,0.705,0.706,1319810496.0,930466400,930466400,2026-08-24,2026-08-24 13:39:27+08:00
159388,创业板人工智能ETF国泰,0.964,0.9632,-0.08,-0.063,-6.13,1050540,104337669.7,1.025,1.029,0.961,1.027,6.62,12.23,0.96,24.87,465782.0,584758.0,-8593237.0,-8.24,6097115.0,5.84,-14690352.0,-14.08,2573774.0,2.47,6019462.0,5.77,2,0.963,0.964,858736992.0,827822460,827822460,2026-08-24,2026-08-24 13:40:00+08:00
588420,科创创业人工智能ETF摩根,1.103,1.1041,0.1,-0.072,-6.13,104348,11799738.0,1.171,1.171,1.103,1.175,5.79,3.09,0.87,12.73,32776.0,71572.0,-4594512.0,-38.94,-115462.0,-0.98,-4479050.0,-37.96,1176676.0,9.97,3417836.0,28.97,30,1.103,1.105,337648000.0,372425744,372425744,2026-08-24,2026-08-24 13:39:32+08:00
159382,创业板人工智能ETF南方,2.504,2.5025,-0.06,-0.164,-6.15,636628,163713143.8,2.655,2.672,2.493,2.668,6.71,7.96,1.08,2.51,271799.0,364829.0,-11373832.0,-6.95,-4406906.0,-2.69,-6966926.0,-4.26,2869984.0,1.75,8503849.0,5.19,5,2.502,2.504,800055712.0,2003339503,2003339503,2026-08-24,2026-08-24 13:39:57+08:00
515050,通信ETF华夏,0.985,0.9842,-0.08,-0.065,-6.19,8208516,829650923.0,1.049,1.055,0.981,1.05,7.05,4.75,1.16,2.26,3379603.0,4828913.0,-222713901.0,-26.85,-186152203.0,-22.44,-36561698.0,-4.41,73245863.0,8.83,149463517.0,18.02,1461,0.984,0.985,17283205376.0,17023957295,17023957295,2026-08-24,2026-08-24 13:39:43+08:00
159994,通信ETF银华,1.207,1.2077,0.06,-0.08,-6.22,1859343,230620037.604,1.288,1.29,1.203,1.287,6.76,4.77,1.4,11.82,855437.0,1003906.0,-31664693.0,-13.74,-9350202.0,-4.06,-22314491.0,-9.68,5968476.0,2.59,25696216.0,11.15,739,1.206,1.207,3897003360.0,4703683056,4703683056,2026-08-24,2026-08-24 13:39:48+08:00
588410,科创创业人工智能ETF鹏华,1.114,1.1157,0.15,-0.074,-6.23,48068,5496104.0,1.224,1.224,1.113,1.188,9.34,4.4,1.82,85.39,17864.0,30204.0,-2668945.0,-48.56,-2625307.0,-47.77,-43638.0,-0.79,973462.0,17.71,1695483.0,30.85,-9,1.114,1.116,109250000.0,121704500,121704500,2026-08-24,2026-08-24 13:39:33+08:00
159381,创业板人工智能ETF华夏,1.114,1.1175,0.31,-0.074,-6.23,3648757,419136179.62,1.187,1.19,1.112,1.188,6.57,21.13,1.37,25.31,1933682.0,1715075.0,-30203299.0,-7.21,-13965929.0,-3.33,-16237370.0,-3.87,11084091.0,2.64,19119208.0,4.56,-60,1.114,1.115,1727153200.0,1924048665,1924048665,2026-08-24,2026-08-24 13:40:00+08:00
589290,科创芯片设计ETF汇添富,0.735,0.7345,-0.07,-0.049,-6.25,91295,6850330.0,0.784,0.784,0.734,0.784,6.38,7.14,1.97,14.41,34589.0,56706.0,-1325256.0,-19.35,-956302.0,-13.96,-368954.0,-5.39,344246.0,5.03,981010.0,14.32,10,0.734,0.735,127848900.0,93968942,93968942,2026-08-24,2026-08-24 13:39:27+08:00
159246,创业板人工智能ETF富国,1.109,1.1094,0.04,-0.074,-6.26,1069857,121697511.6,1.18,1.184,1.105,1.183,6.68,3.15,0.96,3.94,458542.0,611315.0,6077593.0,4.99,23712166.0,19.48,-17634573.0,-14.49,-20196746.0,-16.6,14119153.0,11.6,35,1.108,1.109,3391655600.0,3761346060,3761346060,2026-08-24,2026-08-24 13:40:00+08:00
589210,科创芯片设计ETF广发,0.629,0.6291,0.02,-0.042,-6.26,499567,32248099.0,0.671,0.671,0.627,0.671,6.56,3.86,1.09,-0.32,208339.0,291228.0,-1626216.0,-5.04,-2048975.0,-6.35,422759.0,1.31,574609.0,1.78,1051607.0,3.26,2,0.629,0.63,1292938000.0,813258002,813258002,2026-08-24,2026-08-24 13:39:30+08:00
589350,科创芯片设计ETF银华,0.715,0.7147,-0.04,-0.048,-6.29,227314,16614000.0,0.76,0.762,0.713,0.763,6.42,10.05,1.32,2.16,56589.0,170725.0,-6090465.0,-36.66,-1625801.0,-9.79,-4464664.0,-26.87,3606295.0,21.71,2484169.0,14.95,10,0.714,0.715,226281500.0,161791273,161791273,2026-08-24,2026-08-24 13:39:27+08:00
159363,创业板人工智能ETF华宝,1.177,1.1773,0.03,-0.079,-6.29,9418731,1138593066.268,1.254,1.257,1.173,1.256,6.69,16.4,1.21,38.81,3906705.0,5512026.0,-72390608.0,-6.36,-22634272.0,-1.99,-49756336.0,-4.37,18943201.0,1.66,53447403.0,4.69,100,1.176,1.177,5742169856.0,6758533921,6758533921,2026-08-24,2026-08-24 13:39:57+08:00
589260,科创芯片设计ETF国泰,1.156,1.1562,0.02,-0.078,-6.32,36570,4341899.0,1.234,1.234,1.154,1.234,6.48,6.63,0.94,8.21,11397.0,25173.0,-900499.0,-20.74,42243.0,0.97,-942742.0,-21.71,392735.0,9.05,507764.0,11.69,85,1.156,1.158,55156000.0,63760336,63760336,2026-08-24,2026-08-24 13:39:30+08:00
588110,科创成长ETF广发,0.604,0.6046,0.1,-0.041,-6.36,943493,58564596.0,0.64,0.642,0.603,0.645,6.05,9.41,0.93,27.73,316059.0,627434.0,-11711492.0,-20.0,-8688597.0,-14.84,-3022895.0,-5.16,5860284.0,10.01,5851207.0,9.99,-1098,0.604,0.605,1003032000.0,605831328,605831328,2026-08-24,2026-08-24 13:39:32+08:00
588070,科创成长ETF万家,2.105,2.1064,0.07,-0.144,-6.4,49173,10666530.0,2.249,2.249,2.101,2.249,6.58,12.16,0.98,-0.71,17822.0,31351.0,-2591631.0,-24.3,-1385596.0,-12.99,-1206035.0,-11.31,1258830.0,11.8,1332800.0,12.5,-17,2.105,2.107,40437000.0,85119885,85119885,2026-08-24,2026-08-24 13:39:34+08:00
589070,科创芯片设计ETF天弘,0.993,0.9926,-0.04,-0.068,-6.41,2362189,241020249.0,1.061,1.061,0.992,1.061,6.5,12.62,1.4,35.94,987183.0,1375006.0,-15740358.0,-6.53,9765630.0,4.05,-25505988.0,-10.58,7998457.0,3.32,7741901.0,3.21,-204,0.994,0.995,1871293008.0,1858193957,1858193957,2026-08-24,2026-08-24 13:39:29+08:00
159583,通信ETF富国,1.575,1.5735,-0.1,-0.108,-6.42,2954746,479012124.8,1.68,1.683,1.57,1.683,6.71,12.1,1.28,44.82,1274148.0,1680598.0,-72493875.0,-15.13,-11938599.0,-2.49,-60555276.0,-12.64,-8075439.0,-1.69,80569315.0,16.82,-464,1.575,1.576,2442592896.0,3847083811,3847083811,2026-08-24,2026-08-24 13:39:54+08:00
