代码,名称,最新价,IOPV实时估值,基金折价率,涨跌额,涨跌幅,成交量,成交额,开盘价,最高价,最低价,昨收,振幅,换手率,量比,委比,外盘,内盘,主力净流入-净额,主力净流入-净占比,超大单净流入-净额,超大单净流入-净占比,大单净流入-净额,大单净流入-净占比,中单净流入-净额,中单净流入-净占比,小单净流入-净额,小单净流入-净占比,现手,买一,卖一,最新份额,流通市值,总市值,数据日期,更新时间
159695,通信ETF嘉实,0.979,0.9746,-0.45,0.035,3.71,896067.0,86396659.778,0.95,0.981,0.944,0.944,3.92,10.67,1.21,34.89,492847.0,403220.0,7150059.0,8.28,4131670.0,4.78,3018389.0,3.49,-3630762.0,-4.2,-3519296.0,-4.07,-12235.0,0.979,0.98,839436256.0,821808095,821808095,2026-08-14,2026-08-14 15:34:03+08:00
515880,通信ETF国泰,0.69,0.6895,-0.07,0.024,3.6,51776770.0,3519790430.0,0.672,0.69,0.665,0.666,3.75,8.46,0.95,12.62,27748297.0,24028473.0,374642768.0,10.64,485438160.0,13.79,-110795392.0,-3.15,-250951824.0,-7.13,-123690957.0,-3.51,-1148975.0,0.689,0.69,61235773952.0,42252684027,42252684027,2026-08-14,2026-08-14 16:11:48+08:00
159507,通信ETF广发,0.893,0.8902,-0.31,0.031,3.6,749036.0,66026622.3,0.867,0.893,0.862,0.862,3.6,9.15,1.13,-38.68,448679.0,300357.0,2992579.0,4.53,3311265.0,5.02,-318686.0,-0.48,-767091.0,-1.16,-2225490.0,-3.37,-23827.0,0.893,0.894,818830896.0,731215990,731215990,2026-08-14,2026-08-14 15:34:03+08:00
516780,稀土ETF华泰柏瑞,0.885,0.8825,-0.28,0.028,3.27,1237613.0,108712711.0,0.858,0.887,0.858,0.857,3.38,4.99,0.91,-8.4,852525.0,385088.0,2624912.0,2.41,5010303.0,4.61,-2385391.0,-2.19,-509333.0,-0.47,-2115579.0,-1.95,-26826.0,0.884,0.885,2480599696.0,2195330731,2195330731,2026-08-14,2026-08-14 16:12:01+08:00
159242,创业板人工智能ETF大成,2.179,2.1746,-0.2,0.069,3.27,550824.0,117724809.582,2.12,2.179,2.106,2.11,3.46,10.12,0.79,83.22,298366.0,252458.0,-3015292.0,-2.56,-53479.0,-0.05,-2961813.0,-2.52,5162856.0,4.39,-2147565.0,-1.82,-2185.0,2.179,2.18,544278576.0,1185983017,1185983017,2026-08-14,2026-08-14 15:34:24+08:00
159246,创业板人工智能ETF富国,1.215,1.2125,-0.21,0.038,3.23,1373660.0,163806260.6,1.187,1.215,1.175,1.177,3.4,4.21,0.89,49.02,709627.0,664033.0,15150285.0,9.25,-4791410.0,-2.93,19941695.0,12.17,-10983706.0,-6.71,-4166578.0,-2.54,6021.0,1.214,1.215,3259655600.0,3960481554,3960481554,2026-08-14,2026-08-14 15:34:21+08:00
159382,创业板人工智能ETF南方,2.74,2.7365,-0.13,0.085,3.2,1079706.0,290702963.388,2.673,2.743,2.651,2.655,3.47,13.74,1.16,24.17,515082.0,564624.0,4698734.0,1.62,2138730.0,0.74,2560004.0,0.88,567959.0,0.2,-5266694.0,-1.81,3178.0,2.739,2.74,786055712.0,2153792651,2153792651,2026-08-14,2026-08-14 15:34:48+08:00
159583,通信ETF富国,1.709,1.7055,-0.21,0.052,3.14,3794306.0,640626730.696,1.668,1.709,1.659,1.657,3.02,17.12,1.02,-5.42,2094311.0,1699995.0,-12802771.0,-2.0,-7754857.0,-1.21,-5047914.0,-0.79,19135101.0,2.99,-6332329.0,-0.99,-85129.0,1.709,1.71,2216592896.0,3788157259,3788157259,2026-08-14,2026-08-14 15:34:30+08:00
588010,科创新材料ETF博时,1.117,1.1151,-0.17,0.033,3.04,2185199.0,241829912.0,1.093,1.117,1.091,1.084,2.4,22.4,1.06,9.94,1028710.0,1156489.0,-6138356.0,-2.54,-3704643.0,-1.53,-2433713.0,-1.01,6125094.0,2.53,13261.0,0.01,-11513.0,1.117,1.118,975425808.0,1089550628,1089550628,2026-08-14,2026-08-14 16:11:51+08:00
159363,创业板人工智能ETF华宝,1.289,1.2889,-0.01,0.038,3.04,10283055.0,1303547579.907,1.26,1.29,1.249,1.251,3.28,18.1,0.94,-5.8,5118055.0,5165000.0,32998768.0,2.53,35158528.0,2.7,-2159760.0,-0.17,-21334610.0,-1.64,-11664165.0,-0.89,-26930.0,1.289,1.29,5682169856.0,7324316944,7324316944,2026-08-14,2026-08-14 15:34:09+08:00
159509,纳指科技ETF景顺,2.869,2.312,-24.09,0.083,2.98,3838976.0,1092888273.238,2.839,2.872,2.824,2.786,1.72,5.8,1.39,-44.72,2337471.0,1501506.0,82419031.0,7.54,62748023.0,5.74,19671008.0,1.8,-30344463.0,-2.78,-52074576.0,-4.76,68920.0,2.868,2.869,6621564160.0,18997267575,18997267575,2026-08-14,2026-08-14 15:34:06+08:00
588160,科创新材料ETF南方,1.146,1.1438,-0.19,0.033,2.96,2305458.0,261581428.0,1.123,1.146,1.121,1.113,2.25,28.75,1.08,-19.72,913168.0,1392290.0,-11830157.0,-4.52,-11055022.0,-4.23,-775135.0,-0.3,6840601.0,2.62,4989556.0,1.91,-5370.0,1.145,1.146,801996000.0,919087416,919087416,2026-08-14,2026-08-14 16:11:36+08:00
159388,创业板人工智能ETF国泰,1.054,1.0544,0.04,0.03,2.93,1580815.0,163774832.513,1.026,1.055,1.021,1.024,3.32,18.15,0.83,-59.24,532243.0,1048572.0,370781.0,0.23,-22935498.0,-14.0,23306279.0,14.23,53461.0,0.03,-424242.0,-0.26,7446.0,1.053,1.054,870736992.0,917756790,917756790,2026-08-14,2026-08-14 15:34:27+08:00
159279,创业板人工智能ETF华安,1.462,1.4616,-0.03,0.041,2.89,593277.0,85243020.276,1.428,1.463,1.417,1.421,3.24,39.45,0.99,47.36,267821.0,325456.0,-5422775.0,-6.36,-829852.0,-0.97,-4592923.0,-5.39,6443764.0,7.56,-1020990.0,-1.2,-1966.0,1.462,1.463,150387534.0,219866575,219866575,2026-08-14,2026-08-14 15:34:45+08:00
159107,创业板软件ETF富国,0.788,0.7846,-0.43,0.022,2.87,1233037.0,95506767.5,0.765,0.788,0.76,0.766,3.66,15.46,1.1,16.45,648406.0,584631.0,7601762.0,7.96,294690.0,0.31,7307072.0,7.65,-5496642.0,-5.76,-2105121.0,-2.2,17241.0,0.787,0.788,797823008.0,628684530,628684530,2026-08-14,2026-08-14 15:34:51+08:00
159243,创业板人工智能ETF招商,1.311,1.3119,0.07,0.036,2.82,296161.0,38175308.5,1.293,1.311,1.27,1.275,3.22,20.85,0.71,-69.47,158493.0,137668.0,597032.0,1.56,676468.0,1.77,-79436.0,-0.21,492194.0,1.29,-1089227.0,-2.85,1042.0,1.31,1.311,142030224.0,186201624,186201624,2026-08-14,2026-08-14 15:34:18+08:00
516150,稀土ETF嘉实,1.812,1.807,-0.28,0.049,2.78,1541670.0,276582809.0,1.763,1.816,1.761,1.763,3.12,4.02,1.4,-32.09,1038287.0,503383.0,-17915278.0,-6.48,-16716284.0,-6.04,-1198994.0,-0.43,4070535.0,1.47,13844743.0,5.01,-19017.0,1.812,1.813,3836577008.0,6951877538,6951877538,2026-08-14,2026-08-14 16:11:58+08:00
515050,通信ETF华夏,1.074,1.0726,-0.13,0.029,2.78,9144675.0,970643499.0,1.059,1.074,1.045,1.045,2.78,5.32,0.82,5.43,4621441.0,4523234.0,125409355.0,12.92,169876011.0,17.5,-44466656.0,-4.58,-84782478.0,-8.73,-40626880.0,-4.19,-88210.0,1.074,1.075,17177205504.0,18448318711,18448318711,2026-08-14,2026-08-14 16:11:40+08:00
159381,创业板人工智能ETF华夏,1.22,1.2193,-0.06,0.033,2.78,4620654.0,554596378.38,1.192,1.222,1.182,1.187,3.37,27.85,0.99,-12.42,2081257.0,2539397.0,15133789.0,2.73,-1217692.0,-0.22,16351481.0,2.95,-7483305.0,-1.35,-7650483.0,-1.38,-18006.0,1.22,1.221,1659153200.0,2024166904,2024166904,2026-08-14,2026-08-14 15:34:18+08:00
159713,稀土ETF富国,1.322,1.3202,-0.14,0.035,2.72,657544.0,86432811.3,1.293,1.327,1.288,1.287,3.03,12.2,1.2,-47.05,428010.0,229534.0,4753712.0,5.5,6826975.0,7.9,-2073263.0,-2.4,3947282.0,4.57,-8700994.0,-10.07,7958.0,1.321,1.322,538755056.0,712234184,712234184,2026-08-14,2026-08-14 15:34:27+08:00
159511,通信ETF南方,2.466,2.4652,-0.03,0.065,2.71,80232.0,19502829.8,2.409,2.466,2.395,2.401,2.96,5.61,0.74,8.3,43372.0,36860.0,1410586.0,7.23,1080347.0,5.54,330239.0,1.69,-544533.0,-2.79,-866052.0,-4.44,-445.0,2.466,2.467,142944573.0,352501317,352501317,2026-08-14,2026-08-14 15:34:03+08:00
159295,创业综指ETF西部利得,1.1,1.0969,-0.28,0.029,2.71,78964.0,8572872.2,1.071,1.102,1.071,1.071,2.89,11.45,0.98,40.86,40063.0,38901.0,836544.0,9.76,1784129.0,20.81,-947585.0,-11.05,-918286.0,-10.71,81741.0,0.95,-30.0,1.102,1.103,68958239.0,75854063,75854063,2026-08-14,2026-08-14 15:34:57+08:00
159715,稀土ETF易方达,1.218,1.2156,-0.2,0.032,2.7,657174.0,79470151.9,1.186,1.222,1.185,1.186,3.12,12.48,1.15,-46.73,381254.0,275920.0,3845704.0,4.84,5657970.0,7.12,-1812266.0,-2.28,-1318418.0,-1.66,-2527287.0,-3.18,1881.0,1.217,1.218,526530272.0,641313871,641313871,2026-08-14,2026-08-14 15:34:12+08:00
589180,科创新材料ETF汇添富,1.83,1.83,0.0,0.048,2.69,269597.0,48950793.0,1.787,1.831,1.787,1.782,2.47,19.01,0.99,-31.76,160041.0,109556.0,4109609.0,8.4,1415693.0,2.89,2693916.0,5.5,-2300396.0,-4.7,-1809214.0,-3.7,-3777.0,1.83,1.831,141818000.0,259526940,259526940,2026-08-14,2026-08-14 16:11:41+08:00
159994,通信ETF银华,1.316,1.3154,-0.05,0.034,2.65,1726059.0,224411702.668,1.295,1.316,1.282,1.282,2.65,4.48,0.81,30.01,849313.0,876746.0,18478840.0,8.23,22118308.0,9.86,-3639468.0,-1.62,-11198383.0,-4.99,-7280458.0,-3.24,14473.0,1.315,1.316,3854003360.0,5071868422,5071868422,2026-08-14,2026-08-14 15:34:03+08:00
159045,稀有金属ETF大成,0.843,0.8419,-0.13,0.021,2.55,129918.0,10847361.364,0.832,0.845,0.826,0.822,2.31,7.54,1.32,-62.6,81775.0,48143.0,652683.0,6.02,1507672.0,13.9,-854989.0,-7.88,-348923.0,-3.22,-303759.0,-2.8,266.0,0.842,0.843,172330213.0,145274370,145274370,2026-08-14,2026-08-14 15:34:30+08:00
561800,稀有金属ETF华富,1.056,1.0559,-0.01,0.026,2.52,192613.0,20221572.0,1.029,1.06,1.029,1.03,3.01,8.77,0.83,1.79,101413.0,91200.0,1514235.0,7.49,-1569403.0,-7.76,3083638.0,15.25,-455173.0,-2.25,-1059061.0,-5.24,-3650.0,1.056,1.057,219577200.0,231873523,231873523,2026-08-14,2026-08-14 16:11:38+08:00
159256,创业板软件ETF华夏,0.865,0.8626,-0.28,0.021,2.49,1404169.0,119234331.6,0.84,0.865,0.837,0.844,3.32,23.55,0.99,10.44,713812.0,690357.0,3278804.0,2.75,-471050.0,-0.4,3749854.0,3.14,-2333290.0,-1.96,-945514.0,-0.79,15471.0,0.864,0.865,596183760.0,515698952,515698952,2026-08-14,2026-08-14 15:34:27+08:00
513500,标普500ETF博时,2.778,2.5018,-11.04,0.067,2.47,2546090.0,701615727.0,2.738,2.778,2.734,2.711,1.62,2.51,1.34,-71.09,1482502.0,1063588.0,3699406.0,0.53,17563486.0,2.5,-13864080.0,-1.98,23937884.0,3.41,-27637285.0,-3.94,-32918.0,2.778,2.779,10123638528.0,28123467831,28123467831,2026-08-14,2026-08-14 16:11:41+08:00
588020,科创成长ETF易方达,0.873,0.8706,-0.28,0.021,2.46,3480398.0,300216123.0,0.86,0.873,0.851,0.852,2.58,19.74,1.03,-4.71,1531800.0,1948598.0,3698110.0,1.23,4313712.0,1.44,-615602.0,-0.21,-144051.0,-0.05,-3554059.0,-1.18,-18636.0,0.872,0.873,1763373008.0,1539424636,1539424636,2026-08-14,2026-08-14 16:11:54+08:00
159608,稀有金属ETF广发,1.13,1.128,-0.18,0.027,2.45,977382.0,109432149.8,1.101,1.133,1.101,1.103,2.9,2.78,0.61,-26.87,564084.0,413298.0,16535474.0,15.11,15500647.0,14.16,1034827.0,0.95,-8557425.0,-7.82,-7978050.0,-7.29,5964.0,1.129,1.13,3515210064.0,3972187372,3972187372,2026-08-14,2026-08-14 15:34:27+08:00
560690,电信ETF鹏华,2.246,2.241,-0.22,0.053,2.42,12871.0,2870995.0,2.198,2.247,2.198,2.193,2.23,6.09,0.8,57.1,10504.0,2367.0,-78095.0,-2.72,0.0,0.0,-78095.0,-2.72,-167966.0,-5.85,246062.0,8.57,46.0,2.243,2.246,21139000.0,47478194,47478194,2026-08-14,2026-08-14 16:11:53+08:00
588070,科创成长ETF万家,2.229,2.2302,0.05,0.051,2.34,50171.0,11103847.0,2.201,2.23,2.181,2.178,2.25,14.57,0.69,-40.74,26580.0,23591.0,-26153.0,-0.24,412418.0,3.71,-438571.0,-3.95,-279632.0,-2.52,305785.0,2.75,-431.0,2.229,2.23,34437000.0,76760073,76760073,2026-08-14,2026-08-14 16:11:40+08:00
561250,稀有金属ETF鹏华,1.055,1.0653,0.97,0.024,2.33,107644.0,11275848.0,1.028,1.058,1.028,1.031,2.91,7.39,0.59,-72.0,88856.0,18788.0,-155984.0,-1.38,110627.0,0.98,-266611.0,-2.36,-262609.0,-2.33,418594.0,3.71,-1818.0,1.055,1.056,145752200.0,153768571,153768571,2026-08-14,2026-08-14 16:12:00+08:00
159671,稀有金属ETF工银,1.381,1.3833,0.17,0.031,2.3,380501.0,52256804.0,1.356,1.389,1.355,1.35,2.52,4.23,0.9,26.06,251108.0,129393.0,5818468.0,11.13,2905862.0,5.56,2912606.0,5.57,-3424388.0,-6.55,-2394080.0,-4.58,1145.0,1.38,1.381,898551744.0,1240899958,1240899958,2026-08-14,2026-08-14 15:34:57+08:00
562800,稀有金属ETF嘉实,0.979,0.9779,-0.11,0.022,2.3,2396289.0,232886398.0,0.954,0.983,0.954,0.957,3.03,4.17,0.67,-40.54,1467079.0,929210.0,11693305.0,5.02,10211155.0,4.38,1482150.0,0.64,-12129926.0,-5.21,436622.0,0.19,-14932.0,0.978,0.979,5752795136.0,5631986438,5631986438,2026-08-14,2026-08-14 16:11:46+08:00
159062,稀有金属ETF南方,0.86,0.8598,-0.02,0.019,2.26,130353.0,11119351.306,0.84,0.863,0.835,0.841,3.33,11.17,0.81,-9.88,75329.0,55024.0,1463797.0,13.16,21832.0,0.2,1441965.0,12.97,-876108.0,-7.88,-587689.0,-5.29,460.0,0.859,0.86,116701256.0,100363080,100363080,2026-08-14,2026-08-14 15:34:45+08:00
159055,稀有金属ETF富国,0.958,0.9577,-0.03,0.021,2.24,101052.0,9604944.6,0.937,0.962,0.935,0.937,2.88,8.26,0.72,-40.61,55921.0,45131.0,1392111.0,14.49,546893.0,5.69,845218.0,8.8,-932058.0,-9.7,-460052.0,-4.79,-1397.0,0.958,0.959,122293952.0,117157606,117157606,2026-08-14,2026-08-14 15:34:00+08:00
589700,科创成长ETF南方,2.21,2.2108,0.04,0.048,2.22,34357.0,7541671.0,2.165,2.211,2.161,2.162,2.31,16.93,0.92,-69.84,19926.0,14431.0,-938909.0,-12.45,-218815.0,-2.9,-720094.0,-9.55,538475.0,7.14,400433.0,5.31,-49.0,2.209,2.21,20291000.0,44843110,44843110,2026-08-14,2026-08-14 16:11:40+08:00
560660,云计算50ETF新华,1.154,1.1538,-0.02,0.025,2.21,81984.0,9359210.0,1.128,1.157,1.121,1.129,3.19,6.31,1.09,-15.15,43927.0,38057.0,802761.0,8.58,0.0,0.0,802761.0,8.58,-257113.0,-2.75,-545649.0,-5.83,-1521.0,1.154,1.155,129938000.0,149948452,149948452,2026-08-14,2026-08-14 16:11:53+08:00
563010,电信ETF易方达,2.225,2.2204,-0.21,0.048,2.2,40894.0,8985921.0,2.176,2.225,2.173,2.177,2.39,4.25,0.87,25.87,19309.0,21585.0,-227637.0,-2.53,218.0,0.0,-227855.0,-2.54,-326151.0,-3.63,553787.0,6.16,-213.0,2.224,2.225,96189300.0,214021193,214021193,2026-08-14,2026-08-14 16:11:36+08:00
560300,电信ETF汇添富,2.34,2.3371,-0.12,0.05,2.18,2968.0,689835.0,2.321,2.34,2.278,2.29,2.71,1.15,0.55,55.74,1351.0,1617.0,-52912.0,-7.67,-18891.0,-2.74,-34021.0,-4.93,144374.0,20.93,-91461.0,-13.26,-61.0,2.334,2.34,25803400.0,60379956,60379956,2026-08-14,2026-08-14 16:11:54+08:00
159941,纳指ETF广发,1.699,1.5248,-11.42,0.036,2.16,6012388.0,1014498996.402,1.684,1.699,1.679,1.663,1.2,2.67,1.25,33.01,3586135.0,2426253.0,76304501.0,7.52,110448992.0,10.89,-34144491.0,-3.37,-41859163.0,-4.13,-34445346.0,-3.4,-140373.0,1.699,1.7,22525410048.0,38270671672,38270671672,2026-08-14,2026-08-14 15:34:12+08:00
561050,稀有金属ETF易方达,0.904,0.9065,0.28,0.019,2.15,139952.0,12611064.0,0.885,0.91,0.884,0.885,2.94,5.73,0.66,-2.27,74462.0,65490.0,1631651.0,12.94,986305.0,7.82,645346.0,5.12,-1095548.0,-8.69,-536102.0,-4.25,-41.0,0.904,0.906,244250000.0,220802000,220802000,2026-08-14,2026-08-14 16:11:45+08:00
588110,科创成长ETF广发,0.638,0.6394,0.22,0.013,2.08,619589.0,39188518.0,0.63,0.639,0.624,0.625,2.4,8.12,0.61,-6.24,324684.0,294905.0,338570.0,0.86,-760311.0,-1.94,1098881.0,2.8,-448877.0,-1.15,110308.0,0.28,-5918.0,0.637,0.638,763032000.0,486814416,486814416,2026-08-14,2026-08-14 16:11:40+08:00
159259,成长ETF易方达,1.377,1.3761,-0.07,0.028,2.08,2823149.0,385959500.285,1.363,1.38,1.349,1.349,2.3,6.89,0.62,20.59,1609528.0,1213621.0,-302943.0,-0.08,-18680674.0,-4.84,18377731.0,4.76,3132850.0,0.81,-2829907.0,-0.73,-22797.0,1.377,1.378,4097696400.0,5642527943,5642527943,2026-08-14,2026-08-14 15:34:30+08:00
159053,稀有金属ETF华夏,0.941,0.9424,0.15,0.019,2.06,179541.0,16811308.916,0.92,0.946,0.918,0.922,3.04,10.8,0.69,-3.57,87000.0,92541.0,1624671.0,9.66,821147.0,4.88,803524.0,4.78,-791457.0,-4.71,-833215.0,-4.96,-1727.0,0.941,0.942,166198132.0,156392442,156392442,2026-08-14,2026-08-14 15:34:45+08:00
159869,游戏ETF华夏,1.147,1.1463,-0.06,0.023,2.05,6529924.0,733608584.35,1.126,1.149,1.099,1.124,4.45,8.06,1.2,-19.31,3290460.0,3239464.0,33271019.0,4.54,40486070.0,5.52,-7215051.0,-0.98,-22614605.0,-3.08,-10656417.0,-1.45,-48110.0,1.147,1.148,8103082240.0,9294235329,9294235329,2026-08-14,2026-08-14 15:34:39+08:00
159811,5GETF博时,3.098,3.1001,0.07,0.061,2.01,76696.0,23490879.886,3.047,3.098,3.028,3.037,2.3,10.49,0.7,77.63,46544.0,30152.0,-1990719.0,-8.47,-1254127.0,-5.34,-736592.0,-3.14,2679445.0,11.41,-688725.0,-2.93,-722.0,3.098,3.099,73143393.0,226598232,226598232,2026-08-14,2026-08-14 15:34:12+08:00
588680,科创100增强ETF广发,2.652,2.6477,-0.16,0.052,2.0,14979.0,3925840.0,2.648,2.652,2.6,2.6,2.0,4.63,0.72,7.75,5902.0,9077.0,-37453.0,-0.95,0.0,0.0,-37453.0,-0.95,27934.0,0.71,9519.0,0.24,-33.0,2.644,2.652,32361000.0,85821372,85821372,2026-08-14,2026-08-14 16:11:33+08:00
513650,标普500ETF南方,2.06,1.9069,-8.03,0.04,1.98,1855611.0,380180151.0,2.035,2.061,2.035,2.02,1.29,4.28,1.42,-63.6,1046421.0,809190.0,19736681.0,5.19,15916155.0,4.19,3820526.0,1.0,-10100576.0,-2.66,-9636104.0,-2.53,-17557.0,2.059,2.06,4339734016.0,8939852073,8939852073,2026-08-14,2026-08-14 16:11:41+08:00
516010,游戏ETF国泰,1.139,1.1373,-0.15,0.022,1.97,1187835.0,132644184.0,1.117,1.139,1.09,1.117,4.39,4.88,1.26,-4.57,571899.0,615936.0,6945853.0,5.24,1746287.0,1.32,5199566.0,3.92,-7607013.0,-5.73,661160.0,0.5,-8722.0,1.138,1.139,2435693008.0,2774254336,2774254336,2026-08-14,2026-08-14 16:11:44+08:00
159967,创业板成长ETF华夏,0.834,0.8341,0.01,0.016,1.96,7870234.0,650796729.576,0.823,0.835,0.818,0.818,2.08,11.06,0.9,-59.04,4118920.0,3751314.0,4484982.0,0.69,-23354432.0,-3.59,27839414.0,4.28,-1745799.0,-0.27,-2739184.0,-0.42,47619.0,0.833,0.834,7112905728.0,5932163377,5932163377,2026-08-14,2026-08-14 15:34:42+08:00
159099,云计算ETF华宝,1.046,1.0465,0.05,0.02,1.95,128276.0,13269732.038,1.025,1.049,1.016,1.026,3.22,11.29,0.71,-74.2,73499.0,54776.0,1731377.0,13.05,1017630.0,7.67,713747.0,5.38,-1183985.0,-8.92,-547392.0,-4.13,1010.0,1.045,1.046,113610546.0,118836631,118836631,2026-08-14,2026-08-14 15:34:48+08:00
588210,科创100ETF易方达,1.848,1.8454,-0.14,0.035,1.93,78679.0,14399369.0,1.821,1.85,1.809,1.813,2.26,3.52,0.82,-79.63,34362.0,44317.0,1695922.0,11.78,1813593.0,12.59,-117671.0,-0.82,-1871100.0,-12.99,175178.0,1.22,-95.0,1.847,1.848,223254000.0,412573392,412573392,2026-08-14,2026-08-14 16:11:45+08:00
588500,科创100增强ETF易方达,2.618,2.6211,0.12,0.048,1.87,48410.0,12566960.0,2.576,2.62,2.561,2.57,2.3,10.38,0.69,-13.38,23465.0,24945.0,1169761.0,9.31,0.0,0.0,1169761.0,9.31,-1318380.0,-10.49,148617.0,1.18,-482.0,2.614,2.618,46647000.0,122121846,122121846,2026-08-14,2026-08-14 16:11:50+08:00
588220,科创100ETF鹏华,1.837,1.8349,-0.11,0.033,1.83,2497402.0,455431876.0,1.815,1.84,1.796,1.804,2.44,7.65,0.82,-38.89,1455030.0,1042372.0,-28117716.0,-6.17,-32413278.0,-7.12,4295562.0,0.94,10266001.0,2.25,17851714.0,3.92,-7103.0,1.837,1.838,3263697904.0,5995413050,5995413050,2026-08-14,2026-08-14 16:12:02+08:00
588030,科创100ETF博时,1.838,1.8347,-0.18,0.033,1.83,1314845.0,239879618.0,1.82,1.841,1.798,1.805,2.38,5.53,1.23,1.46,538859.0,775986.0,18437331.0,7.69,30372252.0,12.66,-11934921.0,-4.98,-6883319.0,-2.87,-11554011.0,-4.82,-4608.0,1.838,1.839,2378838096.0,4372304420,4372304420,2026-08-14,2026-08-14 16:11:37+08:00
159739,云计算ETF鹏华,0.839,0.8386,-0.05,0.015,1.82,176589.0,14660711.8,0.828,0.842,0.817,0.824,3.03,3.9,0.86,-28.62,76827.0,99762.0,924634.0,6.31,-13061.0,-0.09,937695.0,6.4,-405020.0,-2.76,-519613.0,-3.54,2445.0,0.838,0.839,452361232.0,379531074,379531074,2026-08-14,2026-08-14 15:34:24+08:00
589330,科创200ETF东财,0.895,0.8946,-0.04,0.016,1.82,50146.0,4439369.0,0.884,0.895,0.876,0.879,2.16,3.83,0.66,2.32,17365.0,32781.0,940862.0,21.19,0.0,0.0,940862.0,21.19,-810645.0,-18.26,-130218.0,-2.93,-52.0,0.895,0.896,130902000.0,117157290,117157290,2026-08-14,2026-08-14 16:11:59+08:00
588690,科创增强ETF银华,1.243,1.2381,-0.4,0.022,1.8,9901.0,1223402.0,1.3,1.3,1.216,1.221,6.88,1.92,0.68,1.67,5756.0,4145.0,-651316.0,-53.24,0.0,0.0,-651316.0,-53.24,380832.0,31.13,270484.0,22.11,-88.0,1.239,1.243,51636000.0,64183548,64183548,2026-08-14,2026-08-14 16:11:43+08:00
159930,能源ETF汇添富,1.707,1.7073,0.02,0.03,1.79,587932.0,99597256.2,1.673,1.708,1.667,1.677,2.44,11.18,1.05,-18.12,269001.0,318931.0,9866355.0,9.91,19662786.0,19.74,-9796431.0,-9.84,-4556958.0,-4.58,-5309398.0,-5.33,693.0,1.706,1.707,525898144.0,897708132,897708132,2026-08-14,2026-08-14 15:34:03+08:00
159139,科创创业人工智能ETF华泰柏瑞,1.315,1.3118,-0.24,0.023,1.78,172311.0,22444078.6,1.302,1.315,1.285,1.292,2.32,10.5,0.61,9.15,99510.0,72801.0,-284763.0,-1.27,-310234.0,-1.38,25471.0,0.11,242903.0,1.08,41859.0,0.19,390.0,1.313,1.315,164109210.0,215803611,215803611,2026-08-14,2026-08-14 15:34:18+08:00
516770,游戏ETF华泰柏瑞,1.204,1.2036,-0.03,0.021,1.78,515161.0,60800866.0,1.179,1.206,1.155,1.183,4.31,19.29,0.83,2.89,212007.0,303154.0,-10686407.0,-17.58,-1604726.0,-2.64,-9081681.0,-14.94,5216216.0,8.58,5470192.0,9.0,-3159.0,1.203,1.204,267048000.0,321525792,321525792,2026-08-14,2026-08-14 16:12:02+08:00
589980,科创100ETF汇添富,1.901,1.8979,-0.16,0.033,1.77,18044.0,3412540.0,1.873,1.909,1.863,1.868,2.46,1.47,0.98,-16.76,8051.0,9993.0,362258.0,10.62,-263284.0,-7.72,625542.0,18.33,-187725.0,-5.5,-174533.0,-5.11,-30.0,1.901,1.902,123122000.0,234054922,234054922,2026-08-14,2026-08-14 16:11:46+08:00
516630,云计算ETF华夏,1.732,1.7303,-0.1,0.03,1.76,363393.0,62111213.0,1.705,1.734,1.686,1.702,2.82,6.85,0.94,-46.76,183771.0,179622.0,1190953.0,1.92,1630489.0,2.63,-439536.0,-0.71,-33006.0,-0.05,-1157947.0,-1.86,-3927.0,1.731,1.732,530156000.0,918230192,918230192,2026-08-14,2026-08-14 16:11:35+08:00
159527,云计算ETF广发,0.752,0.7498,-0.29,0.013,1.76,183044.0,13593242.2,0.739,0.752,0.731,0.739,2.84,3.93,0.64,25.66,103619.0,79425.0,747620.0,5.5,-40855.0,-0.3,788475.0,5.8,-406388.0,-2.99,-341233.0,-2.51,-2379.0,0.752,0.753,466301344.0,350658611,350658611,2026-08-14,2026-08-14 15:34:18+08:00
588820,科创200ETF华夏,1.972,1.9706,-0.07,0.034,1.75,186993.0,36562084.0,1.939,1.972,1.929,1.938,2.22,11.66,1.23,-4.42,104447.0,82546.0,1575054.0,4.31,-1170236.0,-3.2,2745290.0,7.51,-1657684.0,-4.53,82629.0,0.23,-25.0,1.972,1.975,160400000.0,316308800,316308800,2026-08-14,2026-08-14 16:11:55+08:00
159890,云计算ETF招商,1.815,1.8134,-0.09,0.031,1.74,164388.0,29472535.1,1.783,1.819,1.765,1.784,3.03,7.01,1.19,28.65,97099.0,67289.0,1302950.0,4.42,-2618376.0,-8.88,3921326.0,13.31,-978614.0,-3.32,-324335.0,-1.1,-1007.0,1.815,1.816,234590688.0,425782099,425782099,2026-08-14,2026-08-14 15:34:54+08:00
159320,电网设备ETF广发,0.643,0.641,-0.31,0.011,1.74,995285.0,63328509.5,0.632,0.643,0.629,0.632,2.22,5.45,0.5,-22.29,587060.0,408225.0,7796616.0,12.31,1637501.0,2.59,6159115.0,9.73,-5778498.0,-9.12,-2018117.0,-3.19,5715.0,0.642,0.643,1826235520.0,1174269439,1174269439,2026-08-14,2026-08-14 15:34:18+08:00
588800,科创100ETF华夏,1.82,1.8175,-0.14,0.031,1.73,1971574.0,356393600.0,1.798,1.823,1.781,1.789,2.35,12.06,1.45,-11.99,1032800.0,938774.0,5073083.0,1.42,15885251.0,4.46,-10812168.0,-3.03,-5232613.0,-1.47,159531.0,0.04,-2182.0,1.82,1.821,1634877008.0,2975476155,2975476155,2026-08-14,2026-08-14 16:11:42+08:00
588140,科创200ETF广发,1.236,1.238,0.16,0.021,1.73,39580.0,4854946.0,1.213,1.239,1.212,1.215,2.22,1.66,0.71,1.68,20576.0,19004.0,-622958.0,-12.83,0.0,0.0,-622958.0,-12.83,739347.0,15.23,-116389.0,-2.4,-156.0,1.236,1.238,238751000.0,295096236,295096236,2026-08-14,2026-08-14 16:11:58+08:00
513870,纳指ETF富国,2.112,1.9386,-8.94,0.036,1.73,472928.0,99522376.0,2.097,2.112,2.096,2.076,0.77,3.47,1.14,-6.58,272551.0,200377.0,7606286.0,7.64,13034558.0,13.1,-5428272.0,-5.45,-2108733.0,-2.12,-5497552.0,-5.52,-6072.0,2.111,2.112,1364671008.0,2882185169,2882185169,2026-08-14,2026-08-14 16:11:42+08:00
513390,纳指100ETF博时,2.484,2.2851,-8.7,0.042,1.72,618490.0,153143818.0,2.47,2.486,2.455,2.442,1.27,2.92,1.26,42.51,362424.0,256066.0,17546057.0,11.46,14903745.0,9.73,2642312.0,1.73,-10528220.0,-6.87,-7017836.0,-4.58,-2076.0,2.484,2.485,2118379104.0,5262053694,5262053694,2026-08-14,2026-08-14 16:11:47+08:00
588190,科创100ETF银华,1.831,1.8289,-0.11,0.031,1.72,490095.0,89063805.0,1.814,1.836,1.792,1.8,2.44,3.59,0.67,-67.75,206576.0,283519.0,2968421.0,3.33,-4104064.0,-4.61,7072485.0,7.94,-2815842.0,-3.16,-152581.0,-0.17,-2389.0,1.831,1.832,1363618304.0,2496785115,2496785115,2026-08-14,2026-08-14 16:12:01+08:00
516510,云计算ETF易方达,1.774,1.7731,-0.05,0.03,1.72,1055420.0,185003025.0,1.744,1.777,1.727,1.744,2.87,6.89,0.94,-11.4,523938.0,531481.0,2084180.0,1.13,6027151.0,3.26,-3942971.0,-2.13,4669137.0,2.52,-6753316.0,-3.65,-19688.0,1.773,1.774,1532890000.0,2719346860,2719346860,2026-08-14,2026-08-14 16:11:46+08:00
512220,TMTETF景顺,3.985,3.975,-0.25,0.067,1.71,53988.0,21335264.0,3.96,3.986,3.9,3.918,2.19,2.61,0.85,16.13,30868.0,23120.0,-1535276.0,-7.2,-1134525.0,-5.32,-400751.0,-1.88,-847778.0,-3.97,2383056.0,11.17,-288.0,3.985,3.986,206967600.0,824765886,824765886,2026-08-14,2026-08-14 16:11:36+08:00
513100,纳指ETF国泰,2.264,2.0361,-11.19,0.038,1.71,1630904.0,368068849.0,2.257,2.265,2.247,2.226,0.81,1.72,0.96,-42.92,1008722.0,622182.0,30778606.0,8.36,29647349.0,8.05,1131257.0,0.31,-23739036.0,-6.45,-7039570.0,-1.91,-26312.0,2.263,2.264,9465110528.0,21429010235,21429010235,2026-08-14,2026-08-14 16:11:34+08:00
588230,科创200ETF华泰柏瑞,1.839,1.8376,-0.08,0.031,1.71,681854.0,124320055.0,1.811,1.84,1.797,1.808,2.38,8.91,0.83,7.02,370545.0,311309.0,-10975444.0,-8.83,-3226117.0,-2.6,-7749327.0,-6.23,13637565.0,10.97,-2662121.0,-2.14,-3343.0,1.838,1.839,764939008.0,1406722836,1406722836,2026-08-14,2026-08-14 16:11:53+08:00
589780,科创200ETF富国,1.257,1.2542,-0.22,0.021,1.7,11996.0,1493571.0,1.236,1.257,1.23,1.236,2.18,2.1,0.42,-12.07,4726.0,7270.0,-38472.0,-2.58,0.0,0.0,-38472.0,-2.58,-147681.0,-9.89,186153.0,12.46,-1.0,1.257,1.258,57215000.0,71919255,71919255,2026-08-14,2026-08-14 16:11:46+08:00
159655,标普500ETF华夏,2.061,1.9137,-7.7,0.034,1.68,787323.0,161545559.1,2.041,2.062,2.04,2.027,1.09,3.65,1.21,0.14,446033.0,341290.0,20101383.0,12.44,10472833.0,6.48,9628550.0,5.96,-13281220.0,-8.22,-6820163.0,-4.22,8440.0,2.06,2.061,2156143040.0,4443810805,4443810805,2026-08-14,2026-08-14 15:34:24+08:00
159660,纳指ETF汇添富,2.421,2.2246,-8.83,0.04,1.68,574798.0,138741441.259,2.404,2.421,2.403,2.381,0.76,2.55,1.26,-44.75,329615.0,245183.0,26978997.0,19.45,6477796.0,4.67,20501201.0,14.78,-19246673.0,-13.87,-7732323.0,-5.57,6072.0,2.42,2.421,2250151360.0,5447616443,5447616443,2026-08-14,2026-08-14 15:34:30+08:00
589200,科创200ETF工银,1.397,1.4006,0.26,0.023,1.67,18394.0,2549208.0,1.374,1.4,1.371,1.374,2.11,8.17,0.88,24.22,6532.0,11862.0,-105641.0,-4.14,-485828.0,-19.06,380187.0,14.91,136250.0,5.34,-30609.0,-1.2,-500.0,1.397,1.4,22507000.0,31442279,31442279,2026-08-14,2026-08-14 16:11:38+08:00
563210,专精特新ETF富国,2.088,2.0862,-0.09,0.034,1.66,70157.0,14546996.0,2.054,2.093,2.045,2.054,2.34,5.84,0.82,-36.71,35768.0,34389.0,1170030.0,8.04,0.0,0.0,1170030.0,8.04,-583569.0,-4.01,-586462.0,-4.03,-964.0,2.088,2.089,120067000.0,250699896,250699896,2026-08-14,2026-08-14 16:12:01+08:00
159141,科创创业人工智能ETF永赢,1.231,1.2297,-0.11,0.02,1.65,779133.0,95124538.5,1.229,1.232,1.205,1.211,2.23,5.02,0.41,-53.66,373634.0,405499.0,-20176845.0,-21.21,-7880532.0,-8.28,-12296313.0,-12.93,-374153.0,-0.39,20550998.0,21.6,4112.0,1.23,1.231,1551060736.0,1909355766,1909355766,2026-08-14,2026-08-14 15:34:48+08:00
159556,中证2000增强ETF平安,1.232,1.2314,-0.05,0.02,1.65,5164.0,630312.3,1.21,1.232,1.21,1.212,1.82,3.32,0.86,30.3,2286.0,2878.0,-6797.0,-1.08,0.0,0.0,-6797.0,-1.08,10458.0,1.66,-3663.0,-0.58,30.0,1.23,1.232,15556089.0,19165102,19165102,2026-08-14,2026-08-14 15:34:51+08:00
513110,纳指ETF华泰柏瑞,2.54,2.3378,-8.65,0.041,1.64,976354.0,247270701.0,2.523,2.54,2.523,2.499,0.68,4.46,1.27,20.38,573479.0,402875.0,17061660.0,6.9,14219331.0,5.75,2842329.0,1.15,-8029999.0,-3.25,-9031661.0,-3.65,-13378.0,2.539,2.54,2187435008.0,5556084920,5556084920,2026-08-14,2026-08-14 16:12:02+08:00
588120,科创100ETF国泰,0.933,0.9327,-0.03,0.015,1.63,570893.0,52803970.0,0.925,0.936,0.914,0.918,2.4,6.29,0.7,10.75,283973.0,286920.0,609189.0,1.15,-2051090.0,-3.88,2660279.0,5.04,-612933.0,-1.16,3743.0,0.01,-568.0,0.933,0.934,907622000.0,846811326,846811326,2026-08-14,2026-08-14 16:11:43+08:00
513850,美国50ETF易方达,1.874,1.7684,-5.97,0.03,1.63,897853.0,168214811.0,1.861,1.887,1.857,1.844,1.63,7.29,2.21,28.84,510157.0,387696.0,8168371.0,4.86,9158622.0,5.44,-990251.0,-0.59,-11452830.0,-6.81,3284459.0,1.95,-6767.0,1.874,1.875,1231892608.0,2308566747,2308566747,2026-08-14,2026-08-14 16:11:46+08:00
560860,工业有色ETF万家,1.628,1.629,0.06,0.026,1.62,1735714.0,280160397.0,1.59,1.63,1.589,1.602,2.56,3.0,0.58,-37.62,833271.0,902443.0,38887062.0,13.88,13153116.0,4.69,25733946.0,9.19,-18147180.0,-6.48,-20739882.0,-7.4,-5006.0,1.627,1.628,5792232960.0,9429755259,9429755259,2026-08-14,2026-08-14 16:11:35+08:00
159140,科创创业人工智能ETF易方达,1.319,1.3179,-0.08,0.021,1.62,463056.0,60465771.6,1.311,1.32,1.292,1.298,2.16,10.02,0.74,-9.26,235508.0,227548.0,907812.0,1.5,74572.0,0.12,833240.0,1.38,-1126269.0,-1.86,218457.0,0.36,226.0,1.318,1.319,461936832.0,609294681,609294681,2026-08-14,2026-08-14 15:34:24+08:00
516000,大数据ETF华夏,1.004,1.0013,-0.27,0.016,1.62,448771.0,44442651.0,0.991,1.005,0.975,0.988,3.04,9.49,0.86,-19.24,206966.0,241805.0,-415482.0,-0.93,2962402.0,6.67,-3377884.0,-7.6,1202870.0,2.71,-787388.0,-1.77,-1574.0,1.004,1.005,472855008.0,474746428,474746428,2026-08-14,2026-08-14 16:11:39+08:00
515220,煤炭ETF国泰,1.26,1.2591,-0.07,0.02,1.61,6260862.0,779925928.0,1.24,1.261,1.222,1.24,3.15,5.51,0.89,-2.02,3395407.0,2865455.0,72205050.0,9.26,50920990.0,6.53,21284060.0,2.73,-20685254.0,-2.65,-51519790.0,-6.61,-104525.0,1.26,1.261,11356176896.0,14308782889,14308782889,2026-08-14,2026-08-14 16:11:49+08:00
159018,石油ETF广发,0.893,0.8927,-0.03,0.014,1.59,63446.0,5628465.478,0.881,0.893,0.881,0.879,1.37,21.95,1.24,-17.47,33101.0,30345.0,542117.0,9.63,1303058.0,23.15,-760941.0,-13.52,-390652.0,-6.94,-151465.0,-2.69,242.0,0.892,0.893,28904203.0,25811453,25811453,2026-08-14,2026-08-14 15:34:18+08:00
513300,纳斯达克ETF华夏,2.751,2.5262,-8.9,0.043,1.59,1539451.0,422494615.0,2.736,2.753,2.736,2.708,0.63,2.91,1.46,-25.03,869160.0,670291.0,53215439.0,12.6,53023405.0,12.55,192034.0,0.05,-29703303.0,-7.03,-23512135.0,-5.57,-22168.0,2.75,2.751,5288171008.0,14547758443,14547758443,2026-08-14,2026-08-14 16:12:02+08:00
588270,科创200ETF易方达,1.723,1.7242,0.07,0.027,1.59,165295.0,28244749.0,1.699,1.724,1.688,1.696,2.12,5.6,0.7,18.51,83915.0,81380.0,1072032.0,3.8,1325271.0,4.69,-253239.0,-0.9,-1203391.0,-4.26,131359.0,0.47,-307.0,1.722,1.723,295410000.0,508991430,508991430,2026-08-14,2026-08-14 16:11:59+08:00
159612,标普500ETF国泰,2.117,1.963,-7.85,0.033,1.58,251949.0,53139880.627,2.096,2.119,2.096,2.084,1.1,5.66,2.0,15.19,138306.0,113643.0,9624081.0,18.11,6381214.0,12.01,3242867.0,6.1,-6839496.0,-12.87,-2784585.0,-5.24,-1611.0,2.117,2.118,444898656.0,941850455,941850455,2026-08-14,2026-08-14 15:34:33+08:00
588980,科创100ETF广发,1.687,1.6901,0.18,0.026,1.57,12629.0,2109877.0,1.676,1.687,1.654,1.661,1.99,8.76,0.77,-4.23,6464.0,6165.0,-129325.0,-6.13,0.0,0.0,-129325.0,-6.13,76200.0,3.61,53125.0,2.52,-169.0,1.687,1.692,14420000.0,24326540,24326540,2026-08-14,2026-08-14 16:11:35+08:00
159577,美国50ETF汇添富,1.682,1.5896,-5.81,0.026,1.57,662912.0,111522250.125,1.669,1.693,1.667,1.656,1.57,8.35,1.92,8.07,381309.0,281604.0,-5608969.0,-5.03,-9467527.0,-8.49,3858558.0,3.46,5983688.0,5.37,-374720.0,-0.34,-6273.0,1.682,1.683,793665792.0,1334945862,1334945862,2026-08-14,2026-08-14 15:34:24+08:00
159162,工业有色ETF鹏华,0.844,0.8438,-0.02,0.013,1.56,80906.0,6771274.05,0.83,0.845,0.825,0.831,2.41,1.83,0.54,-64.35,53613.0,27293.0,312795.0,4.62,426111.0,6.29,-113316.0,-1.67,-73733.0,-1.09,-239061.0,-3.53,77.0,0.843,0.844,442939840.0,373841225,373841225,2026-08-14,2026-08-14 15:34:24+08:00
159945,能源ETF广发,1.367,1.3669,-0.01,0.021,1.56,55196.0,7483307.0,1.34,1.367,1.335,1.346,2.38,8.48,1.25,-40.07,34102.0,21094.0,408137.0,5.45,0.0,0.0,408137.0,5.45,-375341.0,-5.02,-32795.0,-0.44,33.0,1.364,1.367,65072327.0,88953871,88953871,2026-08-14,2026-08-14 15:34:06+08:00
588880,科创100ETF华泰柏瑞,1.82,1.8206,0.03,0.028,1.56,27819.0,5025355.0,1.802,1.826,1.784,1.792,2.34,2.64,0.5,69.36,12327.0,15492.0,210035.0,4.18,250286.0,4.98,-40251.0,-0.8,-286966.0,-5.71,76930.0,1.53,-27.0,1.819,1.82,105368000.0,191769760,191769760,2026-08-14,2026-08-14 16:11:59+08:00
159613,信息安全ETF嘉实,0.909,0.908,-0.11,0.014,1.56,164539.0,14807509.3,0.894,0.909,0.886,0.895,2.57,13.87,1.32,-50.06,69597.0,94942.0,-6796.0,-0.05,1514636.0,10.23,-1521432.0,-10.27,255693.0,1.73,-248897.0,-1.68,5579.0,0.908,0.909,118590217.0,107798507,107798507,2026-08-14,2026-08-14 15:34:09+08:00
588420,科创创业人工智能ETF摩根,1.246,1.2451,-0.07,0.019,1.55,178968.0,22063268.0,1.239,1.249,1.22,1.227,2.36,5.5,1.27,0.54,95080.0,83888.0,310482.0,1.41,1462802.0,6.63,-1152320.0,-5.22,-363156.0,-1.65,52674.0,0.24,-21.0,1.244,1.246,325648000.0,405757408,405757408,2026-08-14,2026-08-14 16:11:57+08:00
589950,科创100ETF富国,1.376,1.375,-0.07,0.021,1.55,22422.0,3061593.0,1.364,1.38,1.35,1.355,2.21,0.67,0.58,3.39,11941.0,10481.0,-303569.0,-9.92,108498.0,3.54,-412067.0,-13.46,115665.0,3.78,187904.0,6.14,-707.0,1.376,1.379,336873008.0,463537259,463537259,2026-08-14,2026-08-14 16:12:01+08:00
159679,中证1000增强ETF国泰,1.31,1.309,-0.08,0.02,1.55,55991.0,7292966.8,1.288,1.31,1.288,1.29,1.71,10.13,1.22,43.4,24444.0,31547.0,694867.0,9.53,2662713.0,36.51,-1967846.0,-26.98,-669843.0,-9.18,-25024.0,-0.34,668.0,1.309,1.31,55289156.0,72428794,72428794,2026-08-14,2026-08-14 15:34:57+08:00
159696,纳指ETF易方达,2.077,1.8948,-9.62,0.031,1.52,369976.0,76748976.055,2.08,2.08,2.066,2.046,0.68,1.33,1.12,-63.78,204817.0,165160.0,3880099.0,5.06,-629651.0,-0.82,4509750.0,5.88,-2093253.0,-2.73,-1786846.0,-2.33,3836.0,2.076,2.077,2772824032.0,5759155514,5759155514,2026-08-14,2026-08-14 15:34:18+08:00
510770,G60创新ETF申万菱信,0.933,0.9331,0.01,0.014,1.52,47355.0,4353554.0,0.915,0.933,0.911,0.919,2.39,19.24,1.03,-2.86,26856.0,20499.0,510508.0,11.73,0.0,0.0,510508.0,11.73,-668856.0,-15.36,158347.0,3.64,-50.0,0.931,0.933,24610700.0,22961783,22961783,2026-08-14,2026-08-14 16:11:59+08:00
510410,资源ETF博时,1.938,1.935,-0.16,0.029,1.52,69711.0,13374517.0,1.895,1.939,1.893,1.909,2.41,1.58,0.57,66.75,47075.0,22636.0,1517781.0,11.35,1358216.0,10.16,159565.0,1.19,-1636184.0,-12.23,118402.0,0.89,-44.0,1.935,1.938,440258400.0,853220779,853220779,2026-08-14,2026-08-14 16:11:35+08:00
588900,科创100ETF南方,1.883,1.8835,0.03,0.028,1.51,39494.0,7383195.0,1.858,1.887,1.847,1.855,2.16,1.15,0.77,-51.96,14722.0,24772.0,-220001.0,-2.98,1669942.0,22.62,-1889943.0,-25.6,382968.0,5.19,-162967.0,-2.21,-75.0,1.883,1.884,343783008.0,647343404,647343404,2026-08-14,2026-08-14 16:11:52+08:00
159728,在线消费ETF南方,0.805,0.8036,-0.17,0.012,1.51,101232.0,7995659.6,0.792,0.805,0.78,0.793,3.15,21.13,1.23,13.48,44228.0,57004.0,483977.0,6.05,26780.0,0.33,457197.0,5.72,-326528.0,-4.08,-157450.0,-1.97,13.0,0.804,0.805,47910129.0,38567654,38567654,2026-08-14,2026-08-14 15:34:30+08:00
159171,工业有色ETF博时,0.814,0.8143,0.04,0.012,1.5,45619.0,3688956.105,0.806,0.815,0.795,0.802,2.49,2.08,0.64,-43.44,20646.0,24973.0,-120453.0,-3.27,265544.0,7.2,-385997.0,-10.46,208296.0,5.65,-87843.0,-2.38,81.0,0.812,0.814,219532934.0,178699808,178699808,2026-08-14,2026-08-14 15:34:27+08:00
560970,工业有色ETF平安,0.956,0.9562,0.02,0.014,1.49,8702.0,826068.0,0.939,0.956,0.938,0.942,1.91,1.3,0.21,-18.05,6714.0,1988.0,28474.0,3.45,0.0,0.0,28474.0,3.45,28467.0,3.45,-56941.0,-6.89,-69.0,0.954,0.956,67138000.0,64183928,64183928,2026-08-14,2026-08-14 16:11:52+08:00
159659,纳斯达克100ETF招商,2.395,2.1987,-8.93,0.035,1.48,1224453.0,292639126.853,2.386,2.396,2.384,2.36,0.51,2.7,1.33,-21.33,661766.0,562687.0,18277795.0,6.25,994040.0,0.34,17283755.0,5.91,-14358307.0,-4.91,-3919487.0,-1.34,14237.0,2.394,2.395,4537744128.0,10867897187,10867897187,2026-08-14,2026-08-14 15:34:51+08:00
589220,科创200ETF国泰,1.038,1.0388,0.08,0.015,1.47,297712.0,30631591.0,1.018,1.04,1.015,1.023,2.44,9.32,0.74,-10.6,148528.0,149184.0,895381.0,2.92,-240327.0,-0.78,1135708.0,3.71,-331768.0,-1.08,-563613.0,-1.84,-10.0,1.036,1.038,319495808.0,331636649,331636649,2026-08-14,2026-08-14 16:12:00+08:00
560490,工业有色ETF华泰柏瑞,0.969,0.9705,0.15,0.014,1.47,105638.0,10169581.0,0.951,0.97,0.949,0.955,2.2,8.92,0.67,-4.8,67523.0,38115.0,454546.0,4.47,-81282.0,-0.8,535828.0,5.27,-533025.0,-5.24,78480.0,0.77,-21.0,0.969,0.97,118482000.0,114809058,114809058,2026-08-14,2026-08-14 16:11:37+08:00
159552,中证2000增强ETF招商,2.274,2.2726,-0.06,0.033,1.47,943270.0,212669151.348,2.242,2.277,2.219,2.241,2.59,14.09,1.33,-94.16,437673.0,505597.0,33404005.0,15.71,36600708.0,17.21,-3196703.0,-1.5,-15417616.0,-7.25,-17986390.0,-8.46,-7213.0,2.274,2.275,669290320.0,1521966188,1521966188,2026-08-14,2026-08-14 15:34:45+08:00
561380,电网设备ETF国泰,0.761,0.7603,-0.09,0.011,1.47,1380665.0,103976778.0,0.75,0.763,0.747,0.75,2.13,1.98,1.15,-11.6,782785.0,597880.0,15062185.0,14.49,18784207.0,18.07,-3722022.0,-3.58,-7935569.0,-7.63,-7126615.0,-6.85,-9281.0,0.76,0.761,6978533888.0,5310664289,5310664289,2026-08-14,2026-08-14 16:11:44+08:00
159541,创业板综ETF万家,1.596,1.5967,0.04,0.023,1.46,47594.0,7535828.7,1.58,1.596,1.573,1.573,1.46,7.37,0.8,-5.75,29686.0,17908.0,1441388.0,19.13,0.0,0.0,1441388.0,19.13,-1392106.0,-18.47,-49283.0,-0.65,170.0,1.595,1.596,64593326.0,103090948,103090948,2026-08-14,2026-08-14 15:34:54+08:00
159022,科创创业人工智能ETF富国,1.049,1.0501,0.1,0.015,1.45,74406.0,7742719.8,1.043,1.05,1.028,1.034,2.13,4.58,0.34,-43.07,37162.0,37244.0,1271527.0,16.42,0.0,0.0,1271527.0,16.42,-867485.0,-11.2,-404042.0,-5.22,343.0,1.048,1.049,162630967.0,170599884,170599884,2026-08-14,2026-08-14 15:34:39+08:00
159142,科创创业人工智能ETF景顺,1.257,1.2582,0.1,0.018,1.45,575221.0,71690572.2,1.247,1.259,1.232,1.239,2.18,4.9,0.41,-58.01,281671.0,293550.0,1171163.0,1.63,3873763.0,5.4,-2702600.0,-3.77,757673.0,1.06,-1928837.0,-2.69,3299.0,1.256,1.257,1173260144.0,1474788001,1474788001,2026-08-14,2026-08-14 15:34:51+08:00
159597,创业板成长ETF易方达,0.841,0.8403,-0.08,0.012,1.45,809999.0,67785417.454,0.829,0.845,0.828,0.829,2.05,7.87,2.16,38.56,619121.0,190878.0,-2266305.0,-3.34,-32170964.0,-47.46,29904659.0,44.12,1953189.0,2.88,313116.0,0.46,-7913.0,0.841,0.842,1029757136.0,866025751,866025751,2026-08-14,2026-08-14 15:34:21+08:00
159632,纳斯达克ETF华安,2.512,2.3124,-8.63,0.036,1.45,1135880.0,284837277.8,2.503,2.516,2.498,2.476,0.73,2.3,0.99,-34.22,676613.0,459267.0,9166102.0,3.22,12634634.0,4.44,-3468532.0,-1.22,-6105012.0,-2.14,-3061090.0,-1.07,-24096.0,2.512,2.513,4938720768.0,12406066569,12406066569,2026-08-14,2026-08-14 15:34:45+08:00
588240,科创200ETF鹏华,1.694,1.6951,0.06,0.024,1.44,382111.0,64242100.0,1.672,1.697,1.658,1.67,2.34,29.71,1.07,6.44,220854.0,161257.0,1922943.0,2.99,1959324.0,3.05,-36381.0,-0.06,-2073638.0,-3.23,150695.0,0.23,-52.0,1.694,1.695,128633000.0,217904302,217904302,2026-08-14,2026-08-14 16:11:37+08:00
159157,有色金属ETF天弘,0.849,0.8507,0.2,0.012,1.43,1059005.0,89167425.838,0.836,0.852,0.831,0.837,2.51,1.32,0.74,-24.08,560155.0,498850.0,7697897.0,8.63,2148861.0,2.41,5549036.0,6.22,-4485162.0,-5.03,-3212734.0,-3.6,-1254.0,0.849,0.85,8002758656.0,6794342099,6794342099,2026-08-14,2026-08-14 15:34:18+08:00
589420,科创芯片设计ETF永赢,0.786,0.7837,-0.29,0.011,1.42,163617.0,12746059.0,0.787,0.789,0.769,0.775,2.58,4.62,0.91,-8.37,95824.0,67793.0,611169.0,4.79,3215650.0,25.23,-2604481.0,-20.43,-620746.0,-4.87,9575.0,0.08,-528.0,0.785,0.786,354481504.0,278622462,278622462,2026-08-14,2026-08-14 16:11:41+08:00
159521,国证2000ETF平安,1.284,1.2797,-0.34,0.018,1.42,37456.0,4773745.3,1.266,1.284,1.264,1.266,1.58,20.5,3.71,12.24,16666.0,20790.0,28458.0,0.6,0.0,0.0,28458.0,0.6,-113814.0,-2.38,85356.0,1.79,90.0,1.278,1.284,18274435.0,23464375,23464375,2026-08-14,2026-08-14 15:34:12+08:00
588960,科创新能源ETF富国,1.161,1.1608,-0.02,0.016,1.4,79873.0,9214901.0,1.148,1.168,1.143,1.145,2.18,5.45,1.19,5.27,55794.0,24079.0,1409021.0,15.29,1082240.0,11.74,326781.0,3.55,-1322429.0,-14.35,-86593.0,-0.94,-150.0,1.161,1.162,146579800.0,170179148,170179148,2026-08-14,2026-08-14 16:11:40+08:00
159778,工业互联网ETF鹏华,1.24,1.24,0.0,0.017,1.39,15479.0,1902713.7,1.214,1.253,1.214,1.223,3.19,3.71,0.92,-21.48,7175.0,8304.0,342194.0,17.98,155754.0,8.19,186440.0,9.8,-252223.0,-13.26,-89972.0,-4.73,-108.0,1.239,1.24,41755382.0,51776674,51776674,2026-08-14,2026-08-14 15:34:48+08:00
159690,有色矿业ETF招商,1.965,1.965,0.0,0.027,1.39,185580.0,36210864.3,1.925,1.97,1.924,1.938,2.37,6.7,1.14,-88.86,139271.0,46309.0,-9311199.0,-25.71,-7564751.0,-20.89,-1746448.0,-4.82,-6187032.0,-17.09,15498231.0,42.8,276.0,1.964,1.965,277163984.0,544627229,544627229,2026-08-14,2026-08-14 15:34:06+08:00
589320,科创200ETF嘉实,0.878,0.8795,0.17,0.012,1.39,39249.0,3418748.0,0.864,0.88,0.861,0.866,2.19,3.35,0.92,7.47,13237.0,26012.0,-62436.0,-1.83,-636228.0,-18.61,573792.0,16.78,-104693.0,-3.06,167130.0,4.89,-291.0,0.876,0.878,117053000.0,102772534,102772534,2026-08-14,2026-08-14 16:11:47+08:00
159804,创中盘88ETF国寿,1.687,1.6779,-0.54,0.023,1.38,2564.0,429170.0,1.668,1.687,1.657,1.664,1.8,1.61,2.71,51.82,1006.0,1558.0,0.0,0.0,0.0,0.0,0.0,0.0,25307.0,5.9,-25306.0,-5.9,131.0,1.678,1.687,15899676.0,26822753,26822753,2026-08-14,2026-08-14 15:34:00+08:00
588470,科创创业人工智能ETF华安,0.881,0.8816,0.07,0.012,1.38,138911.0,12164170.0,0.877,0.883,0.864,0.869,2.19,5.17,0.87,7.6,72427.0,66484.0,-106811.0,-0.88,0.0,0.0,-106811.0,-0.88,-120695.0,-0.99,227506.0,1.87,-420.0,0.881,0.882,268907008.0,236907074,236907074,2026-08-14,2026-08-14 16:11:51+08:00
159273,云计算ETF汇添富,1.477,1.4745,-0.17,0.02,1.37,186426.0,27297307.654,1.447,1.48,1.447,1.457,2.26,2.69,1.0,39.73,90416.0,96010.0,5515341.0,20.2,1200248.0,4.4,4315093.0,15.81,-3904347.0,-14.3,-1610994.0,-5.9,-1159.0,1.477,1.478,693777504.0,1024709373,1024709373,2026-08-14,2026-08-14 15:34:57+08:00
159513,纳斯达克100ETF大成,1.847,1.7009,-8.59,0.025,1.37,1439902.0,265301736.502,1.841,1.849,1.838,1.822,0.6,3.22,1.62,-42.67,823115.0,616787.0,33661324.0,12.69,10524270.0,3.97,23137054.0,8.72,-18418021.0,-6.94,-15243304.0,-5.75,-12035.0,1.847,1.848,4471549184.0,8258951343,8258951343,2026-08-14,2026-08-14 15:34:06+08:00
589960,科创新能源ETF易方达,0.89,0.8874,-0.29,0.012,1.37,317331.0,27961332.0,0.878,0.894,0.874,0.878,2.28,18.97,0.93,-1.01,174374.0,142957.0,1721327.0,6.16,702698.0,2.51,1018629.0,3.64,-1247398.0,-4.46,-473928.0,-1.69,-54.0,0.887,0.89,167316000.0,148911240,148911240,2026-08-14,2026-08-14 16:11:44+08:00
159168,有色ETF富国,0.885,0.8845,-0.06,0.012,1.37,321609.0,28193649.076,0.87,0.885,0.864,0.873,2.41,5.87,0.54,-69.17,181727.0,139882.0,5397927.0,19.15,4061551.0,14.41,1336376.0,4.74,-4164736.0,-14.77,-1233192.0,-4.37,3839.0,0.884,0.885,547455056.0,484497725,484497725,2026-08-14,2026-08-14 15:34:30+08:00
588410,科创创业人工智能ETF鹏华,1.255,1.2563,0.1,0.017,1.37,38797.0,4838131.0,1.281,1.282,1.231,1.238,4.12,3.49,1.01,-17.08,11833.0,26964.0,337574.0,6.98,-248523.0,-5.14,586097.0,12.11,-373147.0,-7.71,35573.0,0.74,-133.0,1.255,1.256,111250000.0,139618750,139618750,2026-08-14,2026-08-14 16:11:39+08:00
159183,新能源车ETF招商,0.898,0.8899,-0.91,0.012,1.35,46861.0,4150484.1,0.891,0.899,0.883,0.886,1.81,9.68,0.82,-20.75,21656.0,25205.0,228363.0,5.5,427734.0,10.31,-199371.0,-4.8,-180180.0,-4.34,-48184.0,-1.16,50.0,0.887,0.898,48387793.0,43452238,43452238,2026-08-14,2026-08-14 15:34:39+08:00
560390,电网设备ETF易方达,0.898,0.8989,0.1,0.012,1.35,1237050.0,110160114.0,0.886,0.9,0.883,0.886,1.92,5.88,0.84,-28.28,706077.0,530973.0,20575288.0,18.68,16535831.0,15.01,4039457.0,3.67,-12283593.0,-11.15,-8291694.0,-7.53,-4009.0,0.898,0.899,2104258000.0,1889623684,1889623684,2026-08-14,2026-08-14 16:11:44+08:00
588430,科创创业人工智能ETF工银,1.286,1.2849,-0.09,0.017,1.34,65077.0,8302409.0,1.275,1.287,1.26,1.269,2.13,6.75,1.09,-7.4,30113.0,34964.0,557749.0,6.72,-1369525.0,-16.5,1927274.0,23.21,-64324.0,-0.77,-493424.0,-5.94,-2.0,1.286,1.287,96458000.0,124044988,124044988,2026-08-14,2026-08-14 16:11:36+08:00
515400,大数据ETF富国,0.913,0.9125,-0.05,0.012,1.33,1769226.0,159770864.0,0.901,0.917,0.887,0.901,3.33,10.67,1.31,-12.47,1001302.0,767924.0,-10426479.0,-6.53,-7321648.0,-4.58,-3104831.0,-1.94,2489254.0,1.56,7937225.0,4.97,-17319.0,0.912,0.913,1658631408.0,1514330476,1514330476,2026-08-14,2026-08-14 16:11:38+08:00
510170,大宗商品ETF国联安,1.374,1.3742,0.01,0.018,1.33,62742.0,8562673.0,1.353,1.374,1.347,1.356,1.99,1.87,0.56,-41.74,27579.0,35163.0,436536.0,5.1,0.0,0.0,436536.0,5.1,-83961.0,-0.98,-352576.0,-4.12,-110.0,1.374,1.375,334914800.0,460172935,460172935,2026-08-14,2026-08-14 16:11:53+08:00
159881,有色金属ETF国泰,0.92,0.9189,-0.12,0.012,1.32,136756.0,12481613.7,0.9,0.921,0.9,0.908,2.31,6.59,0.52,-48.19,78215.0,58541.0,1149017.0,9.21,824935.0,6.61,324082.0,2.6,-621906.0,-4.98,-527111.0,-4.22,651.0,0.918,0.92,207499166.0,190899233,190899233,2026-08-14,2026-08-14 15:34:48+08:00
159375,创业板50ETF国泰,0.767,0.767,0.0,0.01,1.32,190980.0,14549676.1,0.76,0.767,0.756,0.757,1.45,5.43,0.77,-13.62,104928.0,86052.0,271634.0,1.87,389099.0,2.67,-117465.0,-0.81,-317001.0,-2.18,45366.0,0.31,-338.0,0.767,0.768,351595344.0,269673629,269673629,2026-08-14,2026-08-14 15:34:39+08:00
563230,卫星ETF富国,1.152,1.1508,-0.1,0.015,1.32,1925161.0,220255930.0,1.14,1.154,1.131,1.137,2.02,5.61,0.75,-29.82,992936.0,932225.0,-6230349.0,-2.83,17809995.0,8.09,-24040344.0,-10.91,-82279.0,-0.04,6312629.0,2.87,-13533.0,1.151,1.152,3429237008.0,3950481033,3950481033,2026-08-14,2026-08-14 16:11:41+08:00
159029,有色ETF广发,0.921,0.9197,-0.14,0.012,1.32,272205.0,24840898.318,0.898,0.921,0.89,0.909,3.41,8.27,0.79,-11.92,199630.0,72575.0,-8480513.0,-34.14,-6100600.0,-24.56,-2379913.0,-9.58,609087.0,2.45,7871426.0,31.69,2099.0,0.92,0.921,329127712.0,303126623,303126623,2026-08-14,2026-08-14 15:34:21+08:00
159555,中证2000增强ETF银华,1.769,1.7661,-0.16,0.023,1.32,36315.0,6346472.0,1.755,1.769,1.733,1.746,2.06,9.69,1.02,12.75,17034.0,19281.0,-664117.0,-10.46,0.0,0.0,-664117.0,-10.46,876799.0,13.82,-212682.0,-3.35,498.0,1.76,1.769,37462705.0,66271525,66271525,2026-08-14,2026-08-14 15:34:48+08:00
517130,云计算ETF嘉实,0.998,1.0003,0.23,0.013,1.32,48992.0,4851631.0,0.982,1.0,0.98,0.985,2.03,2.56,0.66,28.26,23449.0,25543.0,299578.0,6.17,0.0,0.0,299578.0,6.17,-107227.0,-2.21,-192351.0,-3.96,-1000.0,0.997,0.998,191154000.0,190771692,190771692,2026-08-14,2026-08-14 16:11:53+08:00
159667,工业母机ETF国泰,0.697,0.6969,-0.01,0.009,1.31,2311110.0,159653618.914,0.685,0.697,0.681,0.688,2.33,5.91,0.66,-51.79,1304510.0,1006600.0,2401083.0,1.5,10464316.0,6.55,-8063233.0,-5.05,-4336822.0,-2.72,1935738.0,1.21,-22111.0,0.697,0.698,3909050720.0,2724608352,2724608352,2026-08-14,2026-08-14 15:34:03+08:00
515980,人工智能ETF华富,1.08,1.0798,-0.02,0.014,1.31,1808639.0,194006573.0,1.072,1.082,1.06,1.066,2.06,3.11,0.7,-18.29,923687.0,884952.0,-524340.0,-0.27,11272783.0,5.81,-11797123.0,-6.08,746658.0,0.38,-222317.0,-0.11,-9086.0,1.079,1.08,5813128960.0,6278179277,6278179277,2026-08-14,2026-08-14 16:11:44+08:00
530530,上证580ETF华夏,1.163,1.1639,0.08,0.015,1.31,13362.0,1542064.0,1.158,1.163,1.143,1.148,1.74,0.99,1.17,0.27,4886.0,8476.0,419106.0,27.18,0.0,0.0,419106.0,27.18,50585.0,3.28,-469690.0,-30.46,529.0,1.159,1.164,134460000.0,156376980,156376980,2026-08-14,2026-08-14 16:11:33+08:00
589270,科创100ETF前海开源,1.164,1.1626,-0.12,0.015,1.31,33621.0,3894292.0,1.163,1.193,1.142,1.149,4.44,12.22,1.05,-12.72,17826.0,15795.0,-956057.0,-24.55,-577000.0,-14.82,-379057.0,-9.73,684421.0,17.57,271636.0,6.98,-100.0,1.16,1.164,27516600.0,32029322,32029322,2026-08-14,2026-08-14 16:11:45+08:00
159326,电网设备ETF华夏,1.714,1.7144,0.02,0.022,1.3,4192308.0,711258123.804,1.692,1.715,1.683,1.692,1.89,3.31,0.91,-47.12,2234618.0,1957690.0,80179770.0,11.27,62869769.0,8.84,17310001.0,2.43,-62233667.0,-8.75,-17946103.0,-2.52,-42278.0,1.714,1.715,12673265408.0,21721976909,21721976909,2026-08-14,2026-08-14 15:34:18+08:00
589400,科创芯片设计ETF富国,0.782,0.7818,-0.03,0.01,1.3,57366.0,4460078.0,0.784,0.788,0.767,0.772,2.72,2.11,0.56,26.89,25635.0,31731.0,287123.0,6.44,15345.0,0.34,271778.0,6.09,-419121.0,-9.4,131998.0,2.96,-1676.0,0.782,0.783,271785200.0,212536026,212536026,2026-08-14,2026-08-14 16:11:50+08:00
560870,工业有色ETF中银,0.934,0.9366,0.28,0.012,1.3,93751.0,8703961.0,0.918,0.936,0.916,0.922,2.17,9.63,0.86,-6.26,46559.0,47192.0,180732.0,2.08,-933576.0,-10.73,1114308.0,12.8,-105480.0,-1.21,-75251.0,-0.86,-2159.0,0.934,0.936,97351900.0,90926675,90926675,2026-08-14,2026-08-14 16:12:00+08:00
159949,创业板50ETF华安,1.712,1.7122,0.01,0.022,1.3,7955394.0,1355048838.594,1.7,1.716,1.689,1.69,1.6,5.32,0.72,-55.09,4032798.0,3922597.0,7477440.0,0.55,18328800.0,1.35,-10851360.0,-0.8,7759240.0,0.57,-15236668.0,-1.12,64915.0,1.711,1.712,14955785216.0,25604304290,25604304290,2026-08-14,2026-08-14 15:34:09+08:00
159536,中证2000ETF汇添富,1.399,1.4006,0.11,0.018,1.3,142477.0,19764345.4,1.38,1.399,1.375,1.381,1.74,24.88,1.65,73.27,42534.0,99943.0,3085415.0,15.61,1325385.0,6.71,1760030.0,8.91,-2623879.0,-13.28,-461536.0,-2.34,272.0,1.398,1.399,57261589.0,80108963,80108963,2026-08-14,2026-08-14 15:34:27+08:00
159383,创业板50ETF华泰柏瑞,1.788,1.789,0.06,0.023,1.3,43448.0,7726881.3,1.782,1.793,1.766,1.765,1.53,7.48,0.64,65.8,26071.0,17377.0,962108.0,12.45,1042429.0,13.49,-80321.0,-1.04,-580947.0,-7.52,-381160.0,-4.93,170.0,1.786,1.788,58092486.0,103869365,103869365,2026-08-14,2026-08-14 15:34:21+08:00
589030,科创芯片设计ETF易方达,1.175,1.1752,0.02,0.015,1.29,450205.0,52706553.0,1.175,1.186,1.153,1.16,2.84,9.3,0.67,-10.99,219517.0,230688.0,-57619.0,-0.11,-307432.0,-0.58,249813.0,0.47,-720662.0,-1.37,778280.0,1.48,-1567.0,1.175,1.176,484077008.0,568790484,568790484,2026-08-14,2026-08-14 16:11:38+08:00
588390,科创创业ETF博时,1.257,1.2559,-0.09,0.016,1.29,47411.0,5917603.0,1.25,1.259,1.237,1.241,1.77,2.82,0.79,6.63,16406.0,31005.0,-96238.0,-1.63,1555825.0,26.29,-1652063.0,-27.92,94157.0,1.59,2080.0,0.04,-199.0,1.257,1.258,167935900.0,211095426,211095426,2026-08-14,2026-08-14 16:11:52+08:00
516700,大数据ETF华宝,0.952,0.9536,0.17,0.012,1.28,226474.0,21318685.0,0.939,0.955,0.927,0.94,2.98,11.73,0.95,6.16,109128.0,117346.0,245874.0,1.15,2384804.0,11.19,-2138930.0,-10.03,-470717.0,-2.21,224843.0,1.05,-1571.0,0.952,0.953,193122000.0,183852144,183852144,2026-08-14,2026-08-14 16:11:58+08:00
159370,创50ETF工银,1.902,1.9038,0.09,0.024,1.28,29530.0,5591433.9,1.884,1.906,1.877,1.878,1.54,1.34,0.8,32.5,15639.0,13891.0,588092.0,10.52,-302405.0,-5.41,890497.0,15.93,-399511.0,-7.15,-188583.0,-3.37,62.0,1.9,1.902,220316009.0,419041049,419041049,2026-08-14,2026-08-14 15:34:30+08:00
589820,科创200ETF建信,1.27,1.2726,0.2,0.016,1.28,125972.0,15881088.0,1.3,1.3,1.244,1.254,4.47,10.18,1.04,-0.41,53156.0,72816.0,963713.0,6.07,0.0,0.0,963713.0,6.07,-330469.0,-2.08,-633244.0,-3.99,-2.0,1.27,1.271,123720200.0,157124654,157124654,2026-08-14,2026-08-14 16:11:40+08:00
159538,信创ETF富国,0.953,0.9487,-0.45,0.012,1.28,87847.0,8318323.0,0.953,0.96,0.932,0.941,2.98,3.32,1.05,-20.3,39250.0,48597.0,1952440.0,23.47,2056403.0,24.72,-103963.0,-1.25,-2281112.0,-27.42,328671.0,3.95,-1701.0,0.953,0.954,264608966.0,252172345,252172345,2026-08-14,2026-08-14 15:34:57+08:00
589170,科创芯片设计ETF鹏华,1.107,1.107,0.0,0.014,1.28,43949.0,4848523.0,1.113,1.12,1.088,1.093,2.93,3.1,0.69,-6.27,21084.0,22865.0,-135557.0,-2.8,69618.0,1.44,-205175.0,-4.23,-142226.0,-2.93,277782.0,5.73,-55.0,1.106,1.107,141909000.0,157093263,157093263,2026-08-14,2026-08-14 16:11:34+08:00
513880,日经225ETF华安,2.219,2.1199,-4.67,0.028,1.28,2406029.0,534828507.0,2.212,2.245,2.198,2.191,2.15,18.49,2.66,-6.95,1213154.0,1192875.0,-6033524.0,-1.13,-3818917.0,-0.71,-2214607.0,-0.41,-929339.0,-0.17,6962863.0,1.3,-6417.0,2.219,2.22,1300970000.0,2886852430,2886852430,2026-08-14,2026-08-14 16:11:53+08:00
589250,科创芯片设计ETF浦银,1.276,1.2761,0.01,0.016,1.27,44525.0,5672553.0,1.276,1.288,1.255,1.26,2.62,5.36,0.73,10.04,24549.0,19976.0,333629.0,5.88,0.0,0.0,333629.0,5.88,-640183.0,-11.29,306554.0,5.4,-609.0,1.276,1.277,83101300.0,106037259,106037259,2026-08-14,2026-08-14 16:11:54+08:00
510720,红利国企ETF国泰,1.038,1.0388,0.08,0.013,1.27,1124166.0,115877168.0,1.025,1.041,1.02,1.025,2.05,5.79,0.9,-32.45,769953.0,354213.0,15503197.0,13.38,11421619.0,9.86,4081578.0,3.52,-8226685.0,-7.1,-7276512.0,-6.28,-1723.0,1.038,1.039,1940766000.0,2014515108,2014515108,2026-08-14,2026-08-14 16:11:52+08:00
159290,创业板综指增强ETF东财,1.196,1.1922,-0.32,0.015,1.27,43187.0,5133937.861,1.183,1.196,1.183,1.181,1.1,8.98,1.29,-68.41,21235.0,21952.0,-342495.0,-6.67,0.0,0.0,-342495.0,-6.67,447134.0,8.71,-104639.0,-2.04,62.0,1.195,1.196,48100396.0,57528074,57528074,2026-08-14,2026-08-14 15:34:48+08:00
561330,矿业ETF国泰,0.964,0.962,-0.21,0.012,1.26,1228087.0,117301494.0,0.943,0.964,0.942,0.952,2.31,6.72,1.14,-11.46,789146.0,438941.0,-19095188.0,-16.28,-7608161.0,-6.49,-11487027.0,-9.79,-1349296.0,-1.15,20444485.0,17.43,-4313.0,0.963,0.964,1827392096.0,1761605981,1761605981,2026-08-14,2026-08-14 16:11:38+08:00
159291,创业板综增强ETF招商,1.206,1.2102,0.35,0.015,1.26,5264.0,632969.6,1.2,1.209,1.193,1.191,1.34,3.02,0.37,19.18,656.0,4608.0,218796.0,34.57,0.0,0.0,218796.0,34.57,-271848.0,-42.95,53051.0,8.38,34.0,1.201,1.21,17457388.0,21053610,21053610,2026-08-14,2026-08-14 15:34:54+08:00
159906,深成长ETF大成,1.782,1.7819,-0.01,0.022,1.25,45954.0,8149495.3,1.771,1.785,1.754,1.76,1.76,3.18,0.42,64.38,23645.0,22309.0,1348227.0,16.54,290401.0,3.56,1057826.0,12.98,-1502532.0,-18.44,154304.0,1.89,-133.0,1.782,1.783,144639725.0,257747990,257747990,2026-08-14,2026-08-14 15:34:57+08:00
562950,消费电子ETF易方达,1.615,1.6142,-0.05,0.02,1.25,455845.0,73274422.0,1.607,1.625,1.586,1.595,2.45,4.79,0.68,6.32,226370.0,229475.0,3678729.0,5.02,-491449.0,-0.67,4170178.0,5.69,-2903868.0,-3.96,-774860.0,-1.06,-1969.0,1.615,1.616,952258304.0,1537897161,1537897161,2026-08-14,2026-08-14 16:11:46+08:00
588510,科创创业人工智能ETF华夏,0.894,0.8952,0.13,0.011,1.25,76386.0,6787354.0,0.893,0.897,0.878,0.883,2.15,2.45,0.49,0.97,38490.0,37896.0,282293.0,4.16,0.0,0.0,282293.0,4.16,-169844.0,-2.5,-112449.0,-1.66,-239.0,0.893,0.894,311175008.0,278190457,278190457,2026-08-14,2026-08-14 16:11:40+08:00
159148,石油ETF富国,0.97,0.9687,-0.13,0.012,1.25,116342.0,11204304.7,0.95,0.97,0.95,0.958,2.09,4.84,1.08,-73.25,48821.0,67521.0,734958.0,6.56,285345.0,2.55,449613.0,4.01,-155904.0,-1.39,-579054.0,-5.17,762.0,0.968,0.97,240466601.0,233252603,233252603,2026-08-14,2026-08-14 15:34:30+08:00
159652,有色ETF汇添富,1.631,1.6304,-0.04,0.02,1.24,1272256.0,206037863.5,1.6,1.634,1.596,1.611,2.36,6.89,0.8,-28.91,626597.0,645659.0,-12138856.0,-5.89,-12857776.0,-6.24,718920.0,0.35,-4437739.0,-2.15,16576596.0,8.05,-6248.0,1.631,1.632,1847320288.0,3012979390,3012979390,2026-08-14,2026-08-14 15:34:51+08:00
159369,创业板50ETF易方达,1.465,1.4663,0.09,0.018,1.24,205465.0,29950654.5,1.449,1.467,1.446,1.447,1.45,5.44,0.83,-46.09,87840.0,117625.0,2816308.0,9.4,2755312.0,9.2,60996.0,0.2,966794.0,3.23,-3783102.0,-12.63,2699.0,1.464,1.465,377753488.0,553408860,553408860,2026-08-14,2026-08-14 15:34:27+08:00
159032,工业有色ETF易方达,0.901,0.9034,0.27,0.011,1.24,179035.0,16030226.053,0.878,0.904,0.878,0.89,2.92,7.22,0.68,-41.86,116412.0,62623.0,1273490.0,7.94,2348270.0,14.65,-1074780.0,-6.7,-1794153.0,-11.19,520664.0,3.25,254.0,0.9,0.901,247845019.0,223308362,223308362,2026-08-14,2026-08-14 15:34:30+08:00
513520,日经ETF华夏,2.372,2.2737,-4.32,0.029,1.24,2059341.0,488470972.0,2.368,2.389,2.353,2.343,1.54,19.23,1.73,-13.78,1038866.0,1020475.0,25343592.0,5.19,3611204.0,0.74,21732388.0,4.45,-15942891.0,-3.26,-9400702.0,-1.92,-8840.0,2.371,2.372,1070887200.0,2540144438,2540144438,2026-08-14,2026-08-14 16:11:38+08:00
589290,科创芯片设计ETF汇添富,0.815,0.8128,-0.27,0.01,1.24,52325.0,4237818.0,0.828,0.828,0.798,0.805,3.73,4.22,0.65,0.66,22858.0,29467.0,201312.0,4.75,-300433.0,-7.09,501745.0,11.84,-322257.0,-7.6,120945.0,2.85,-326.0,0.812,0.815,123848900.0,100936854,100936854,2026-08-14,2026-08-14 16:11:39+08:00
512770,战略新兴ETF华夏,2.693,2.6897,-0.12,0.033,1.24,20322.0,5441719.0,2.67,2.717,2.655,2.66,2.33,2.07,0.82,5.8,10777.0,9545.0,20444.0,0.38,0.0,0.0,20444.0,0.38,342475.0,6.29,-362919.0,-6.67,28.0,2.693,2.695,98267800.0,264635185,264635185,2026-08-14,2026-08-14 16:11:36+08:00
159501,纳指ETF嘉实,2.121,1.9122,-10.92,0.026,1.24,544371.0,115300151.972,2.12,2.124,2.112,2.095,0.57,0.81,1.2,-27.57,329766.0,214605.0,7416090.0,6.43,5174271.0,4.49,2241819.0,1.94,-6059888.0,-5.26,-1356202.0,-1.18,-6822.0,2.121,2.122,6714986496.0,14242486358,14242486358,2026-08-14,2026-08-14 15:34:36+08:00
512630,卫星ETF广发,1.155,1.1545,-0.04,0.014,1.23,1044774.0,119896307.0,1.144,1.158,1.135,1.141,2.02,5.99,0.83,-5.57,510171.0,534603.0,4656527.0,3.88,10944307.0,9.13,-6287780.0,-5.24,-3222606.0,-2.69,-1433922.0,-1.2,-3320.0,1.154,1.155,1745426000.0,2015967030,2015967030,2026-08-14,2026-08-14 16:11:56+08:00
515040,工业有色ETF华夏,1.07,1.0713,0.12,0.013,1.23,57321.0,6086173.0,1.057,1.071,1.049,1.057,2.08,9.05,0.53,31.57,35363.0,21958.0,1166950.0,19.17,-267862.0,-4.4,1434812.0,23.57,-598258.0,-9.83,-568691.0,-9.34,-263.0,1.069,1.07,63319600.0,67751972,67751972,2026-08-14,2026-08-14 16:11:58+08:00
159780,科创创业50ETF南方,1.15,1.1494,-0.05,0.014,1.23,1393481.0,159680299.082,1.144,1.154,1.132,1.136,1.94,3.82,1.06,-30.98,705025.0,688456.0,-17503619.0,-10.96,-18509739.0,-11.59,1006120.0,0.63,15507708.0,9.71,1995912.0,1.25,8191.0,1.149,1.15,3644048576.0,4190655862,4190655862,2026-08-14,2026-08-14 15:34:51+08:00
159367,创业板50ETF华夏,1.805,1.8061,0.06,0.022,1.23,91518.0,16421280.8,1.785,1.807,1.781,1.783,1.46,5.26,0.68,50.36,47721.0,43797.0,1464729.0,8.92,2859141.0,17.41,-1394412.0,-8.49,-1071451.0,-6.52,-393278.0,-2.39,968.0,1.804,1.805,174079029.0,314212647,314212647,2026-08-14,2026-08-14 15:34:21+08:00
516800,智能制造ETF华宝,1.006,1.0066,0.06,0.012,1.21,55106.0,5506775.0,1.0,1.009,0.987,0.994,2.21,2.9,0.52,-16.0,28611.0,26495.0,-215351.0,-3.91,0.0,0.0,-215351.0,-3.91,214476.0,3.89,875.0,0.02,-711.0,1.005,1.006,190308000.0,191449848,191449848,2026-08-14,2026-08-14 16:11:38+08:00
159373,创业板50ETF嘉实,1.837,1.8367,-0.02,0.022,1.21,165246.0,30170019.6,1.819,1.838,1.811,1.815,1.49,11.59,0.91,28.85,77399.0,87847.0,3095.0,0.01,421709.0,1.4,-418614.0,-1.39,348679.0,1.16,-351774.0,-1.17,82.0,1.835,1.837,142557494.0,261878116,261878116,2026-08-14,2026-08-14 15:34:12+08:00
588830,科创新能源ETF鹏华,1.258,1.2583,0.02,0.015,1.21,576435.0,72100616.0,1.245,1.266,1.238,1.243,2.25,8.1,0.6,-2.24,349169.0,227266.0,-4966346.0,-6.89,-5559818.0,-7.71,593472.0,0.82,-1549866.0,-2.15,6516213.0,9.04,-1059.0,1.257,1.258,711847904.0,895504663,895504663,2026-08-14,2026-08-14 16:11:39+08:00
159814,创业大盘ETF西部利得,0.754,0.7539,-0.01,0.009,1.21,798900.0,59894260.8,0.75,0.755,0.743,0.745,1.61,16.03,1.26,-14.02,369613.0,429287.0,-358552.0,-0.6,-5182686.0,-8.65,4824134.0,8.05,256040.0,0.43,102513.0,0.17,2419.0,0.753,0.754,498246528.0,375677882,375677882,2026-08-14,2026-08-14 15:34:18+08:00
159247,创业板ETF汇添富,1.09,1.0895,-0.05,0.013,1.21,353423.0,38305029.081,1.081,1.09,1.075,1.077,1.39,9.35,0.59,-55.29,201289.0,152134.0,1721692.0,4.49,629271.0,1.64,1092421.0,2.85,-1258498.0,-3.29,-463194.0,-1.21,6856.0,1.088,1.09,377984960.0,412003606,412003606,2026-08-14,2026-08-14 15:34:27+08:00
530880,红利国企ETF银河,1.093,1.0932,0.02,0.013,1.2,10465.0,1139274.0,1.077,1.094,1.074,1.08,1.85,2.73,0.67,16.93,3982.0,6483.0,10025.0,0.88,0.0,0.0,10025.0,0.88,13402.0,1.18,-23427.0,-2.06,-33.0,1.093,1.094,38336000.0,41901248,41901248,2026-08-14,2026-08-14 16:11:51+08:00
159981,能源化工ETF建信,1.52,1.5221,0.14,0.018,1.2,1505757.0,227169017.7,1.5,1.523,1.493,1.502,2.0,8.68,0.8,-32.98,873008.0,632749.0,-9693907.0,-4.27,-18688090.0,-8.23,8994183.0,3.96,4570856.0,2.01,5123051.0,2.26,12992.0,1.519,1.52,1734536960.0,2636496179,2636496179,2026-08-14,2026-08-14 15:34:24+08:00
159049,有色ETF工银,1.016,1.0165,0.05,0.012,1.2,49256.0,4958463.753,1.004,1.017,0.995,1.004,2.19,9.46,0.28,-35.38,27652.0,21604.0,-166444.0,-3.36,0.0,0.0,-166444.0,-3.36,99668.0,2.01,66775.0,1.35,100.0,1.014,1.016,52073319.0,52906492,52906492,2026-08-14,2026-08-14 15:34:39+08:00
588850,科创机械ETF嘉实,1.85,1.8468,-0.17,0.022,1.2,95248.0,17467293.0,1.895,1.895,1.803,1.828,5.03,11.23,0.71,8.82,53922.0,41326.0,931735.0,5.33,3053900.0,17.48,-2122165.0,-12.15,-1827965.0,-10.47,896230.0,5.13,-326.0,1.85,1.851,84779000.0,156841150,156841150,2026-08-14,2026-08-14 16:11:55+08:00
512940,有色ETF华安,0.84,0.8398,-0.02,0.01,1.2,606959.0,50586605.0,0.827,0.842,0.823,0.83,2.29,2.81,0.88,-3.12,313530.0,293429.0,-1379535.0,-2.73,-2934137.0,-5.8,1554602.0,3.07,-622277.0,-1.23,2001811.0,3.96,-3525.0,0.839,0.84,2161705008.0,1815832207,1815832207,2026-08-14,2026-08-14 16:11:53+08:00
159952,创业板ETF广发,2.213,2.2125,-0.02,0.026,1.19,3162130.0,696152696.577,2.195,2.216,2.184,2.187,1.46,5.89,0.85,-47.53,1894716.0,1267415.0,1725835.0,0.25,90780962.0,13.04,-89055127.0,-12.79,5098032.0,0.73,-6823864.0,-0.98,-6829.0,2.213,2.214,5364685056.0,11872048029,11872048029,2026-08-14,2026-08-14 15:34:15+08:00
159908,创业板ETF博时,3.399,3.3979,-0.03,0.04,1.19,138663.0,46845581.5,3.364,3.403,3.355,3.359,1.43,4.41,1.3,40.93,93330.0,45333.0,3772243.0,8.05,-3603485.0,-7.69,7375728.0,15.74,-1780466.0,-3.8,-1991776.0,-4.25,-121.0,3.399,3.4,314229024.0,1068064453,1068064453,2026-08-14,2026-08-14 15:34:57+08:00
513000,日经225ETF易方达,2.38,2.2878,-4.03,0.028,1.19,841095.0,199995256.0,2.379,2.392,2.361,2.352,1.32,8.45,1.26,-22.45,438274.0,402821.0,-2953535.0,-1.48,-2857561.0,-1.43,-95974.0,-0.05,17334.0,0.01,2936201.0,1.47,-3317.0,2.38,2.381,995411408.0,2369079151,2369079151,2026-08-14,2026-08-14 16:11:35+08:00
562660,中证2000ETF华夏,1.876,1.8777,0.09,0.022,1.19,454520.0,84697478.0,1.855,1.877,1.845,1.854,1.73,13.33,1.55,12.15,308705.0,145815.0,12456804.0,14.71,7709461.0,9.1,4747343.0,5.61,-12379089.0,-14.62,-77714.0,-0.09,-5253.0,1.875,1.876,340874000.0,639479624,639479624,2026-08-14,2026-08-14 16:11:34+08:00
563050,央企科技ETF易方达,1.364,1.3642,0.01,0.016,1.19,66363.0,9005415.0,1.369,1.369,1.342,1.348,2.0,5.1,0.88,2.4,30782.0,35581.0,289928.0,3.22,208299.0,2.31,81629.0,0.91,-39322.0,-0.44,-250607.0,-2.78,-1025.0,1.364,1.365,130208400.0,177604258,177604258,2026-08-14,2026-08-14 16:11:33+08:00
159810,创业板ETF浦银,1.459,1.4623,0.23,0.017,1.18,27189.0,3951283.2,1.44,1.461,1.44,1.442,1.46,4.81,0.72,56.93,14095.0,13094.0,-21956.0,-0.56,0.0,0.0,-21956.0,-0.56,1497.0,0.04,20460.0,0.52,-1.0,1.455,1.46,56475458.0,82397693,82397693,2026-08-14,2026-08-14 15:34:12+08:00
159697,石油ETF鹏华,1.299,1.2999,0.07,0.015,1.17,177326.0,22929904.9,1.279,1.299,1.279,1.284,1.56,1.68,0.49,9.37,92590.0,84736.0,2563622.0,11.18,1516794.0,6.61,1046828.0,4.57,882693.0,3.85,-3446315.0,-15.03,346.0,1.298,1.299,1054022000.0,1369174578,1369174578,2026-08-14,2026-08-14 15:34:54+08:00
159663,机床ETF华夏,1.039,1.0415,0.24,0.012,1.17,754871.0,77870642.7,1.026,1.042,1.019,1.027,2.24,17.43,0.88,-13.47,436939.0,317932.0,-14350495.0,-18.43,-5893404.0,-7.57,-8457091.0,-10.86,625131.0,0.8,13725363.0,17.63,3380.0,1.037,1.039,433035168.0,449923540,449923540,2026-08-14,2026-08-14 15:34:54+08:00
588910,科创价值ETF建信,1.558,1.5587,0.04,0.018,1.17,77656.0,12038784.0,1.55,1.592,1.536,1.54,3.64,7.76,0.92,7.52,40097.0,37559.0,340162.0,2.83,0.0,0.0,340162.0,2.83,-431291.0,-3.58,91129.0,0.76,-166.0,1.555,1.558,100049100.0,155876498,155876498,2026-08-14,2026-08-14 16:11:47+08:00
159013,工业互联网ETF大成,1.04,1.0426,0.25,0.012,1.17,29410.0,3047838.247,1.034,1.042,1.026,1.028,1.56,6.75,1.02,27.89,14836.0,14574.0,415769.0,13.64,171146.0,5.62,244623.0,8.03,-391392.0,-12.84,-24378.0,-0.8,-7.0,1.04,1.042,43578881.0,45322036,45322036,2026-08-14,2026-08-14 15:34:21+08:00
589210,科创芯片设计ETF广发,0.695,0.6946,-0.06,0.008,1.16,609329.0,42160800.0,0.698,0.7,0.681,0.687,2.77,4.96,1.17,0.31,350927.0,258402.0,44755.0,0.11,-896263.0,-2.13,941018.0,2.23,-490602.0,-1.16,445847.0,1.06,-1838.0,0.693,0.695,1228938000.0,854111910,854111910,2026-08-14,2026-08-14 16:11:33+08:00
159572,创业板200ETF易方达,1.489,1.488,-0.07,0.017,1.15,75550.0,11173684.7,1.471,1.489,1.463,1.472,1.77,3.98,0.75,-19.44,43510.0,32040.0,-251464.0,-2.25,0.0,0.0,-251464.0,-2.25,32423.0,0.29,219040.0,1.96,213.0,1.485,1.489,189749107.0,282536420,282536420,2026-08-14,2026-08-14 15:34:18+08:00
159675,创业板增强ETF嘉实,1.489,1.4909,0.13,0.017,1.15,52284.0,7738394.7,1.482,1.507,1.469,1.472,2.58,8.19,0.85,5.41,26675.0,25609.0,287177.0,3.71,0.0,0.0,287177.0,3.71,-378652.0,-4.89,91476.0,1.18,135.0,1.488,1.489,63846691.0,95067723,95067723,2026-08-14,2026-08-14 15:34:15+08:00
159676,创业板增强ETF富国,1.676,1.6787,0.16,0.019,1.15,82594.0,13768559.9,1.663,1.677,1.656,1.657,1.27,6.74,0.76,-36.61,49164.0,33430.0,2304814.0,16.74,0.0,0.0,2304814.0,16.74,-1779396.0,-12.92,-525418.0,-3.82,-1022.0,1.676,1.677,122564183.0,205417571,205417571,2026-08-14,2026-08-14 15:34:39+08:00
159218,卫星ETF招商,1.408,1.4088,0.06,0.016,1.15,710699.0,99508443.384,1.396,1.412,1.384,1.392,2.01,3.41,0.72,-18.99,375671.0,335028.0,-4705476.0,-4.73,6311864.0,6.34,-11017340.0,-11.07,2916675.0,2.93,1788800.0,1.8,-3247.0,1.408,1.409,2082616384.0,2932323869,2932323869,2026-08-14,2026-08-14 15:34:36+08:00
589350,科创芯片设计ETF银华,0.789,0.7903,0.16,0.009,1.15,167294.0,13151394.0,0.791,0.796,0.776,0.78,2.56,7.81,0.7,-13.81,86752.0,80542.0,172506.0,1.31,-2206819.0,-16.78,2379325.0,18.09,-470315.0,-3.58,297809.0,2.26,-2005.0,0.789,0.79,214281500.0,169068104,169068104,2026-08-14,2026-08-14 16:11:45+08:00
159781,科创创业ETF易方达,1.149,1.1495,0.04,0.013,1.14,2779254.0,318023405.224,1.145,1.153,1.132,1.136,1.85,1.77,0.57,-6.88,1449656.0,1329599.0,-6293454.0,-1.98,-1822270.0,-0.57,-4471184.0,-1.41,2965600.0,0.93,3327855.0,1.05,13936.0,1.148,1.149,15733860608.0,18078205839,18078205839,2026-08-14,2026-08-14 15:34:36+08:00
563530,卫星ETF易方达,1.154,1.1546,0.05,0.013,1.14,771734.0,88514730.0,1.143,1.158,1.134,1.141,2.1,4.84,0.77,1.47,365865.0,405869.0,5906188.0,6.67,6889220.0,7.78,-983032.0,-1.11,-4047096.0,-4.57,-1859091.0,-2.1,-4067.0,1.153,1.154,1593748000.0,1839185192,1839185192,2026-08-14,2026-08-14 16:11:34+08:00
159680,中证1000增强ETF招商,1.682,1.6829,0.05,0.019,1.14,549046.0,91819666.932,1.668,1.683,1.66,1.663,1.38,4.9,0.97,29.86,312223.0,236823.0,20912400.0,22.78,9644359.0,10.5,11268041.0,12.27,-11513227.0,-12.54,-9399172.0,-10.24,1943.0,1.681,1.682,1119438080.0,1882894851,1882894851,2026-08-14,2026-08-14 15:34:12+08:00
159915,创业板ETF易方达,3.645,3.6453,0.01,0.041,1.14,12995922.0,4713644283.486,3.627,3.65,3.595,3.604,1.53,7.36,0.79,-10.51,6242104.0,6753818.0,139409072.0,2.96,338366320.0,7.18,-198957248.0,-4.22,-96877808.0,-2.06,-42531248.0,-0.9,-73305.0,3.645,3.646,17660454912.0,64372358154,64372358154,2026-08-14,2026-08-14 15:34:00+08:00
159876,有色ETF华宝,0.979,0.9798,0.08,0.011,1.14,943678.0,91852671.404,0.96,0.982,0.958,0.968,2.48,5.74,0.94,-23.82,589823.0,353855.0,-27001533.0,-29.4,-5322727.0,-5.79,-21678806.0,-23.6,1456113.0,1.59,25545421.0,27.81,-1430.0,0.979,0.98,1643977024.0,1609453506,1609453506,2026-08-14,2026-08-14 15:34:45+08:00
159895,物联网ETF易方达,1.428,1.4241,-0.27,0.016,1.13,50953.0,7233747.9,1.412,1.46,1.407,1.412,3.75,6.96,2.16,-0.34,23246.0,27707.0,487416.0,6.74,0.0,0.0,487416.0,6.74,-558665.0,-7.72,71249.0,0.98,-2.0,1.428,1.431,73241864.0,104589382,104589382,2026-08-14,2026-08-14 15:34:24+08:00
159205,创业板ETF东财,1.783,1.7826,-0.02,0.02,1.13,447016.0,79242731.0,1.764,1.784,1.758,1.763,1.47,8.61,0.56,-2.02,224892.0,222124.0,5549195.0,7.0,372660.0,0.47,5176535.0,6.53,-3076668.0,-3.88,-2472528.0,-3.12,2884.0,1.782,1.783,519056064.0,925476962,925476962,2026-08-14,2026-08-14 15:34:27+08:00
159371,创业板50ETF富国,1.797,1.7998,0.16,0.02,1.13,35642.0,6382960.8,1.777,1.803,1.775,1.777,1.58,2.02,0.59,-69.18,19331.0,16311.0,1099618.0,17.23,643699.0,10.08,455919.0,7.14,-1119362.0,-17.54,19745.0,0.31,-121.0,1.797,1.798,176221172.0,316669446,316669446,2026-08-14,2026-08-14 15:34:36+08:00
159971,创业板ETF富国,1.267,1.2675,0.04,0.014,1.12,1001165.0,126240111.4,1.257,1.269,1.25,1.253,1.52,6.3,0.93,16.69,307811.0,693354.0,6132265.0,4.86,-10201103.0,-8.08,16333368.0,12.94,-4842814.0,-3.84,-1289450.0,-1.02,4645.0,1.266,1.267,1588020288.0,2012021705,2012021705,2026-08-14,2026-08-14 15:34:30+08:00
512400,有色金属ETF南方,1.89,1.8912,0.06,0.021,1.12,4875234.0,914315746.0,1.849,1.894,1.849,1.869,2.41,3.63,0.6,-39.19,2507623.0,2367612.0,102262471.0,11.18,47931079.0,5.24,54331392.0,5.94,-76942809.0,-8.42,-25319666.0,-2.77,-22506.0,1.89,1.891,13429039104.0,25380883907,25380883907,2026-08-14,2026-08-14 16:11:35+08:00
589600,科创综指ETF富国,1.625,1.6236,-0.09,0.018,1.12,82304.0,13276955.0,1.607,1.633,1.597,1.607,2.24,3.72,0.86,5.54,55043.0,27261.0,842074.0,6.34,4399669.0,33.14,-3557595.0,-26.8,-853337.0,-6.43,11263.0,0.08,-90.0,1.622,1.625,221535000.0,359994375,359994375,2026-08-14,2026-08-14 16:11:50+08:00
588520,科创增强ETF永赢,1.457,1.4597,0.18,0.016,1.11,26970.0,3915954.0,1.441,1.468,1.437,1.441,2.15,15.9,1.03,0.29,14876.0,12094.0,45468.0,1.16,0.0,0.0,45468.0,1.16,-21911.0,-0.56,-23556.0,-0.6,-31.0,1.455,1.457,16957000.0,24706349,24706349,2026-08-14,2026-08-14 16:11:42+08:00
589660,科创综指ETF南方,1.636,1.6347,-0.08,0.018,1.11,438909.0,71405328.0,1.628,1.645,1.606,1.618,2.41,17.04,1.19,-15.28,257610.0,181299.0,-681796.0,-0.95,11841783.0,16.58,-12523579.0,-17.54,721672.0,1.01,-39878.0,-0.06,-203.0,1.636,1.638,257530000.0,421319080,421319080,2026-08-14,2026-08-14 16:11:57+08:00
513400,道琼斯ETF鹏华,1.362,1.3277,-2.58,0.015,1.11,1846839.0,250692683.0,1.349,1.364,1.348,1.347,1.19,7.12,1.2,15.08,1187099.0,659739.0,-3939446.0,-1.57,-24195602.0,-9.65,20256156.0,8.08,-4187180.0,-1.67,8126625.0,3.24,-5572.0,1.361,1.362,2592062000.0,3530388444,3530388444,2026-08-14,2026-08-14 16:11:35+08:00
159957,创业板ETF华夏,2.388,2.3879,0.0,0.026,1.1,861653.0,204745467.471,2.366,2.392,2.357,2.362,1.48,7.42,0.92,18.99,480840.0,380813.0,12666631.0,6.19,-1363151.0,-0.67,14029782.0,6.85,-6685716.0,-3.27,-5980915.0,-2.92,-3085.0,2.388,2.389,1161784560.0,2774341529,2774341529,2026-08-14,2026-08-14 15:34:18+08:00
588780,科创芯片设计ETF国联安,1.01,1.01,0.0,0.011,1.1,1571967.0,157960047.0,1.011,1.019,0.992,0.999,2.7,15.91,1.0,-6.02,629841.0,942126.0,-1790253.0,-1.13,-6125821.0,-3.88,4335568.0,2.74,125478.0,0.08,1664777.0,1.05,-7014.0,1.01,1.011,987902000.0,997781020,997781020,2026-08-14,2026-08-14 16:11:52+08:00
589070,科创芯片设计ETF天弘,1.099,1.0999,0.08,0.012,1.1,1964562.0,214989692.0,1.102,1.108,1.078,1.087,2.76,10.88,1.05,-8.13,940538.0,1024024.0,952655.0,0.44,-4104642.0,-1.91,5057297.0,2.35,-2124680.0,-0.99,1172024.0,0.55,-924.0,1.098,1.099,1805293008.0,1984017016,1984017016,2026-08-14,2026-08-14 16:11:57+08:00
588300,科创创业50ETF招商,1.192,1.1922,0.02,0.013,1.1,288346.0,34242833.0,1.186,1.196,1.175,1.179,1.78,1.89,0.69,-19.8,133312.0,155034.0,1130156.0,3.3,1915453.0,5.59,-785297.0,-2.29,-691660.0,-2.02,-438496.0,-1.28,-3156.0,1.192,1.193,1525210496.0,1818050911,1818050911,2026-08-14,2026-08-14 16:11:58+08:00
561310,消电ETF国泰,0.737,0.7373,0.04,0.008,1.1,114702.0,8374191.0,0.729,0.742,0.724,0.729,2.47,10.64,1.01,0.24,46304.0,68398.0,-161133.0,-1.92,-685924.0,-8.19,524791.0,6.27,172423.0,2.06,-11290.0,-0.13,-746.0,0.737,0.738,107833100.0,79472995,79472995,2026-08-14,2026-08-14 16:11:36+08:00
588170,科创半导体ETF华夏,1.021,1.0202,-0.08,0.011,1.09,54020794.0,5487322409.0,1.02,1.03,0.998,1.01,3.17,13.77,0.77,1.09,24938259.0,29082535.0,-46614016.0,-0.85,172459712.0,3.14,-219073728.0,-3.99,-143412112.0,-2.61,190026144.0,3.46,-895913.0,1.021,1.022,39219447040.0,40043055428,40043055428,2026-08-14,2026-08-14 16:11:33+08:00
159819,人工智能ETF易方达,1.848,1.8444,-0.2,0.02,1.09,2390140.0,438467814.23,1.84,1.849,1.813,1.828,1.97,2.06,0.82,-69.55,1239077.0,1151063.0,-4290838.0,-0.98,29308317.0,6.68,-33599155.0,-7.66,-14987981.0,-3.42,19278820.0,4.4,37367.0,1.847,1.848,11587229696.0,21413200478,21413200478,2026-08-14,2026-08-14 15:34:18+08:00
159681,创业板50ETF鹏华,1.684,1.6862,0.13,0.018,1.08,699037.0,117135761.3,1.674,1.689,1.663,1.666,1.56,6.85,0.83,-44.48,338943.0,360094.0,8862150.0,7.57,1887992.0,1.61,6974158.0,5.95,-8048446.0,-6.87,-813703.0,-0.69,-956.0,1.684,1.685,1019772336.0,1717296614,1717296614,2026-08-14,2026-08-14 15:34:45+08:00
159977,创业板ETF天弘,1.891,1.8902,-0.04,0.02,1.07,1135382.0,213628202.286,1.876,1.893,1.866,1.871,1.44,3.28,0.88,-52.9,668814.0,466568.0,-12056387.0,-5.64,-4580949.0,-2.14,-7475438.0,-3.5,8297774.0,3.88,3758614.0,1.76,2415.0,1.89,1.891,3457872816.0,6538837495,6538837495,2026-08-14,2026-08-14 15:34:30+08:00
159075,工业互联网ETF华夏,0.945,0.9457,0.07,0.01,1.07,20788.0,1955428.873,0.935,0.946,0.931,0.935,1.6,1.12,0.37,-29.15,9612.0,11176.0,490365.0,25.08,477023.0,24.39,13342.0,0.68,-409787.0,-20.96,-80578.0,-4.12,-162.0,0.945,0.946,185197165.0,175011321,175011321,2026-08-14,2026-08-14 15:34:51+08:00
589060,科创综指ETF东财,1.704,1.7012,-0.16,0.018,1.07,46876.0,7948527.0,1.691,1.731,1.672,1.686,3.5,5.71,0.82,51.31,14321.0,32555.0,1161528.0,14.61,981019.0,12.34,180509.0,2.27,-1271439.0,-16.0,109911.0,1.38,-337.0,1.703,1.704,82137900.0,139962982,139962982,2026-08-14,2026-08-14 16:11:38+08:00
159163,有色ETF泰康,0.763,0.7651,0.27,0.008,1.06,57758.0,4382914.222,0.754,0.766,0.749,0.755,2.25,2.14,0.45,-30.63,28748.0,29010.0,66784.0,1.52,-270305.0,-6.17,337089.0,7.69,107680.0,2.46,-174464.0,-3.98,-239.0,0.763,0.764,269807008.0,205862747,205862747,2026-08-14,2026-08-14 15:34:45+08:00
561600,消费电子ETF平安,0.765,0.765,0.0,0.008,1.06,226715.0,17270463.0,0.762,0.769,0.751,0.757,2.38,8.08,0.75,-3.58,118874.0,107841.0,621355.0,3.6,-906736.0,-5.25,1528091.0,8.85,-344437.0,-1.99,-276918.0,-1.6,-909.0,0.765,0.766,280548000.0,214619220,214619220,2026-08-14,2026-08-14 16:11:38+08:00
159948,创业板ETF南方,4.021,4.0256,0.11,0.042,1.06,218357.0,87442356.6,3.997,4.029,3.972,3.979,1.43,1.87,0.69,-85.63,102501.0,115856.0,-3199793.0,-3.66,3427233.0,3.92,-6627026.0,-7.58,3384107.0,3.87,-184314.0,-0.21,-378.0,4.02,4.023,1168697728.0,4699333564,4699333564,2026-08-14,2026-08-14 15:34:18+08:00
159958,创业板ETF工银,2.202,2.204,0.09,0.023,1.06,24276.0,5314769.6,2.184,2.204,2.174,2.179,1.38,1.05,0.53,-14.78,10580.0,13696.0,639235.0,12.03,758553.0,14.27,-119318.0,-2.25,-481442.0,-9.06,-157794.0,-2.97,-405.0,2.202,2.203,231511448.0,509788208,509788208,2026-08-14,2026-08-14 15:34:48+08:00
159991,创业板大盘ETF招商,0.86,0.8606,0.07,0.009,1.06,37138.0,3179115.7,0.857,0.862,0.848,0.851,1.65,3.62,0.64,15.6,18583.0,18555.0,253820.0,7.98,406404.0,12.78,-152584.0,-4.8,-71708.0,-2.26,-182112.0,-5.73,1.0,0.859,0.86,102663172.0,88290328,88290328,2026-08-14,2026-08-14 15:34:00+08:00
159871,有色ETF银华,0.959,0.9604,0.15,0.01,1.05,465816.0,44441210.7,0.938,0.963,0.938,0.949,2.63,4.05,0.65,-46.26,312309.0,153507.0,-11884660.0,-26.74,-474063.0,-1.07,-11410597.0,-25.68,-2009314.0,-4.52,13893974.0,31.26,-860.0,0.959,0.96,1150232512.0,1103072979,1103072979,2026-08-14,2026-08-14 15:34:39+08:00
159208,航空航天ETF万家,1.07,1.0702,0.02,0.011,1.04,75341.0,8038381.6,1.057,1.077,1.057,1.059,1.89,2.25,0.48,-41.67,35142.0,40199.0,819448.0,10.19,230669.0,2.87,588779.0,7.32,-143208.0,-1.78,-676241.0,-8.41,258.0,1.069,1.07,334462784.0,357875179,357875179,2026-08-14,2026-08-14 15:34:09+08:00
159298,创业板50ETF大成,1.271,1.2716,0.05,0.013,1.03,44307.0,5598904.8,1.264,1.272,1.254,1.258,1.43,2.8,0.55,-38.22,22149.0,22158.0,1021929.0,18.25,841196.0,15.02,180733.0,3.23,-938181.0,-16.76,-83748.0,-1.5,-142.0,1.271,1.272,158281082.0,201175255,201175255,2026-08-14,2026-08-14 15:34:03+08:00
588380,科创创业ETF富国,1.175,1.1762,0.1,0.012,1.03,758072.0,88690464.0,1.173,1.179,1.158,1.163,1.81,2.81,0.84,9.64,391950.0,366122.0,626781.0,0.71,2681719.0,3.02,-2054938.0,-2.32,-75569.0,-0.09,-551211.0,-0.62,-2852.0,1.174,1.175,2699770000.0,3172229750,3172229750,2026-08-14,2026-08-14 16:11:46+08:00
589260,科创芯片设计ETF国泰,1.278,1.2795,0.12,0.013,1.03,29700.0,3791356.0,1.271,1.295,1.257,1.265,3.0,5.38,0.54,12.43,10550.0,19150.0,-98507.0,-2.6,19374.0,0.51,-117881.0,-3.11,84555.0,2.23,13953.0,0.37,-127.0,1.279,1.28,55156000.0,70489368,70489368,2026-08-14,2026-08-14 16:11:36+08:00
159909,TMT50ETF招商,1.367,1.3687,0.12,0.014,1.03,34939.0,4746171.8,1.366,1.37,1.345,1.353,1.85,0.66,0.63,-34.44,16750.0,18189.0,-205071.0,-4.32,0.0,0.0,-205071.0,-4.32,285015.0,6.01,-79944.0,-1.68,334.0,1.366,1.367,526562000.0,719810254,719810254,2026-08-14,2026-08-14 15:34:12+08:00
159682,创业板50ETF景顺,1.667,1.666,-0.06,0.017,1.03,1441387.0,238885115.138,1.651,1.669,1.643,1.65,1.58,4.68,0.76,-15.47,897201.0,544186.0,-19422070.0,-8.13,-7373107.0,-3.09,-12048963.0,-5.04,15371544.0,6.43,4050526.0,1.7,6866.0,1.666,1.667,3077307664.0,5129871876,5129871876,2026-08-14,2026-08-14 15:34:00+08:00
515260,电子ETF华宝,0.882,0.8812,-0.09,0.009,1.03,468125.0,41095027.0,0.885,0.887,0.865,0.873,2.52,5.26,0.66,5.56,212482.0,255643.0,2842381.0,6.92,2488587.0,6.06,353794.0,0.86,-2643069.0,-6.43,-199312.0,-0.49,-1594.0,0.881,0.882,890568400.0,785481329,785481329,2026-08-14,2026-08-14 16:11:48+08:00
588530,科创创业人工智能ETF中银证券,0.982,0.9837,0.17,0.01,1.03,76621.0,7446908.0,0.973,0.985,0.965,0.972,2.06,3.33,0.57,-11.38,13705.0,62916.0,294143.0,3.95,1835714.0,24.65,-1541571.0,-20.7,-316599.0,-4.25,22457.0,0.3,-200.0,0.982,0.983,230233300.0,226089101,226089101,2026-08-14,2026-08-14 16:11:51+08:00
159178,消费电子ETF汇添富,1.084,1.0862,0.2,0.011,1.03,102537.0,11062012.7,1.083,1.09,1.065,1.073,2.33,11.73,0.55,13.18,49139.0,53398.0,1075713.0,9.72,127428.0,1.15,948285.0,8.57,-536496.0,-4.85,-539219.0,-4.87,656.0,1.083,1.084,87432994.0,94777365,94777365,2026-08-14,2026-08-14 15:34:33+08:00
159563,创业板综ETF华夏,1.874,1.8774,0.18,0.019,1.02,11270.0,2098905.0,1.856,1.875,1.848,1.855,1.46,4.12,0.49,-11.38,6495.0,4775.0,337311.0,16.07,0.0,0.0,337311.0,16.07,-333156.0,-15.87,-4156.0,-0.2,-6.0,1.874,1.878,27360773.0,51274089,51274089,2026-08-14,2026-08-14 15:34:06+08:00
517520,黄金股ETF永赢,2.001,1.9994,-0.08,0.02,1.01,4668771.0,926243770.0,1.94,2.007,1.935,1.981,3.63,5.96,0.64,82.08,2739149.0,1929622.0,176390185.0,19.04,117133321.0,12.65,59256864.0,6.4,-130734141.0,-14.11,-45656048.0,-4.93,-13126.0,2.001,2.002,7831904000.0,15671639904,15671639904,2026-08-14,2026-08-14 16:11:36+08:00
560470,有色ETF易方达,0.9,0.9005,0.06,0.009,1.01,124023.0,11087013.0,0.88,0.903,0.878,0.891,2.81,3.75,0.51,-11.41,58824.0,65199.0,1189675.0,10.73,1198431.0,10.81,-8756.0,-0.08,-691448.0,-6.24,-498226.0,-4.49,-971.0,0.899,0.9,330340000.0,297306000,297306000,2026-08-14,2026-08-14 16:11:50+08:00
159017,石油ETF工银,0.906,0.908,0.22,0.009,1.0,68727.0,6187329.406,0.896,0.907,0.895,0.897,1.34,4.43,1.06,69.61,36872.0,31855.0,-195895.0,-3.17,0.0,0.0,-195895.0,-3.17,192744.0,3.12,3151.0,0.05,1.0,0.905,0.906,155256813.0,140662673,140662673,2026-08-14,2026-08-14 15:34:27+08:00
159665,半导体龙头ETF工银,2.529,2.5285,-0.02,0.025,1.0,163316.0,41165046.6,2.541,2.558,2.483,2.504,3.0,6.73,0.63,-22.68,83321.0,79995.0,-1182349.0,-2.87,224848.0,0.55,-1407197.0,-3.42,-1058065.0,-2.57,2240414.0,5.44,2169.0,2.528,2.529,242576860.0,613476879,613476879,2026-08-14,2026-08-14 15:34:54+08:00
588660,科创创业50ETF兴银,1.917,1.9201,0.16,0.019,1.0,10817.0,2069158.0,1.902,1.922,1.891,1.898,1.63,2.55,0.33,82.52,5465.0,5352.0,-100966.0,-4.88,0.0,0.0,-100966.0,-4.88,-7035.0,-0.34,108001.0,5.22,-52.0,1.916,1.917,42344000.0,81173448,81173448,2026-08-14,2026-08-14 16:11:56+08:00
159026,石油ETF南方,0.908,0.9099,0.21,0.009,1.0,85966.0,7765074.3,0.898,0.909,0.897,0.899,1.33,17.72,1.33,10.38,42005.0,43961.0,-145775.0,-1.88,615060.0,7.92,-760835.0,-9.8,73202.0,0.94,72574.0,0.93,-35.0,0.905,0.908,48513446.0,44050209,44050209,2026-08-14,2026-08-14 15:34:42+08:00
516650,有色金属ETF华夏,1.841,1.8427,0.09,0.018,0.99,1364595.0,249768566.0,1.813,1.847,1.806,1.823,2.25,2.55,0.86,-33.24,695518.0,669077.0,14917317.0,5.97,3455439.0,1.38,11461878.0,4.59,-10007941.0,-4.01,-4909375.0,-1.97,-2524.0,1.841,1.842,5343464704.0,9837318520,9837318520,2026-08-14,2026-08-14 16:11:46+08:00
563300,中证2000ETF华泰柏瑞,1.437,1.4357,-0.09,0.014,0.98,6923635.0,986634798.0,1.423,1.437,1.413,1.423,1.69,13.19,1.08,-41.06,3167781.0,3755854.0,102277629.0,10.37,155006864.0,15.71,-52729235.0,-5.34,-69303596.0,-7.02,-32974033.0,-3.34,-82476.0,1.437,1.438,5248674048.0,7542344607,7542344607,2026-08-14,2026-08-14 16:11:46+08:00
588310,科创创业ETF方正富邦,1.238,1.2385,0.04,0.012,0.98,9491.0,1171966.0,1.231,1.256,1.223,1.226,2.69,2.87,0.63,15.8,6403.0,3088.0,-169434.0,-14.46,17199.0,1.47,-186633.0,-15.92,249671.0,21.3,-80237.0,-6.85,164.0,1.239,1.24,33037500.0,40900425,40900425,2026-08-14,2026-08-14 16:11:55+08:00
159206,卫星ETF永赢,1.437,1.4386,0.11,0.014,0.98,3342281.0,476803983.571,1.431,1.443,1.406,1.423,2.6,3.15,0.59,-16.35,1418321.0,1923960.0,9633652.0,2.02,24919011.0,5.23,-15285359.0,-3.21,-9879228.0,-2.07,245576.0,0.05,-40292.0,1.437,1.438,10609953280.0,15246502863,15246502863,2026-08-14,2026-08-14 15:34:30+08:00
560290,有色ETF景顺,0.823,0.8242,0.15,0.008,0.98,65025.0,5318813.0,0.815,0.826,0.81,0.815,1.96,1.74,0.5,-3.24,37087.0,27938.0,428378.0,8.05,78066.0,1.47,350312.0,6.59,120457.0,2.26,-548835.0,-10.32,-102.0,0.823,0.824,372694000.0,306727162,306727162,2026-08-14,2026-08-14 16:11:48+08:00
589500,科创综指ETF工银,1.643,1.6448,0.11,0.016,0.98,50784.0,8317746.0,1.692,1.692,1.616,1.627,4.67,6.34,1.2,-6.27,33044.0,17740.0,-1304733.0,-15.69,289218.0,3.48,-1593951.0,-19.16,1019573.0,12.26,285159.0,3.43,-1218.0,1.641,1.643,80064000.0,131545152,131545152,2026-08-14,2026-08-14 16:11:54+08:00
563560,科技成长ETF兴业,1.244,1.2447,0.06,0.012,0.97,57197.0,7071776.0,1.236,1.244,1.224,1.232,1.62,10.44,0.9,-8.38,27492.0,29705.0,-313409.0,-4.43,0.0,0.0,-313409.0,-4.43,249749.0,3.53,63659.0,0.9,-50.0,1.242,1.244,54769000.0,68132636,68132636,2026-08-14,2026-08-14 16:11:59+08:00
159603,科创创业ETF天弘,1.773,1.7764,0.19,0.017,0.97,53103.0,9394793.6,1.774,1.781,1.751,1.756,1.71,0.21,0.14,-16.84,26570.0,26533.0,443596.0,4.72,320597.0,3.41,122999.0,1.31,168420.0,1.79,-612017.0,-6.51,-42.0,1.773,1.775,2542071920.0,4507093514,4507093514,2026-08-14,2026-08-14 15:34:27+08:00
589680,科创综指ETF鹏华,1.577,1.5748,-0.14,0.015,0.96,1095754.0,171852621.0,1.572,1.593,1.548,1.562,2.88,8.43,1.04,-27.12,763832.0,331922.0,-17144106.0,-9.98,1043727.0,0.61,-18187833.0,-10.58,11936187.0,6.95,5207919.0,3.03,-319.0,1.576,1.577,1299943696.0,2050011209,2050011209,2026-08-14,2026-08-14 16:12:02+08:00
159782,双创50ETF银华,1.151,1.1523,0.11,0.011,0.96,463779.0,53329762.08,1.148,1.156,1.135,1.14,1.84,8.13,1.74,-60.53,117106.0,346673.0,802825.0,1.51,1402784.0,2.63,-599959.0,-1.12,-885267.0,-1.66,82441.0,0.15,-4029.0,1.151,1.152,570190272.0,656289003,656289003,2026-08-14,2026-08-14 15:34:03+08:00
159821,创业板ETF中银证券,1.364,1.3667,0.2,0.013,0.96,14914.0,2026703.3,1.354,1.368,1.35,1.351,1.33,2.46,0.82,-25.19,10714.0,4200.0,-109784.0,-5.42,0.0,0.0,-109784.0,-5.42,134247.0,6.62,-24463.0,-1.21,-240.0,1.365,1.366,60720000.0,82822080,82822080,2026-08-14,2026-08-14 15:34:21+08:00
588360,科创创业ETF国泰,1.257,1.2588,0.14,0.012,0.96,158553.0,19901632.0,1.259,1.265,1.24,1.245,2.01,7.33,0.86,18.83,77478.0,81075.0,211514.0,1.06,-1074572.0,-5.4,1286086.0,6.46,38377.0,0.19,-249890.0,-1.26,-278.0,1.256,1.257,216281800.0,271866223,271866223,2026-08-14,2026-08-14 16:11:54+08:00
588710,科创半导体设备ETF华泰柏瑞,3.16,3.1596,-0.01,0.03,0.96,4111554.0,1293017530.0,3.16,3.187,3.09,3.13,3.1,11.45,0.67,43.42,2018139.0,2093415.0,-14370739.0,-1.11,7953245.0,0.62,-22323984.0,-1.73,-4982944.0,-0.39,19353677.0,1.5,-33301.0,3.16,3.161,3592295008.0,11351652225,11351652225,2026-08-14,2026-08-14 16:11:53+08:00
561100,消费电子ETF富国,1.676,1.6767,0.04,0.016,0.96,288830.0,48219365.0,1.671,1.689,1.647,1.66,2.53,5.15,0.75,64.71,137800.0,151030.0,2705803.0,5.61,1962507.0,4.07,743296.0,1.54,-1894435.0,-3.93,-811368.0,-1.68,-1955.0,1.675,1.676,560746896.0,939811798,939811798,2026-08-14,2026-08-14 16:11:38+08:00
159703,新材料ETF天弘,0.947,0.9473,0.03,0.009,0.96,66259.0,6241397.2,0.943,0.951,0.936,0.938,1.6,11.01,0.83,14.16,26735.0,39524.0,138394.0,2.22,300933.0,4.82,-162539.0,-2.6,-89666.0,-1.44,-48728.0,-0.78,60.0,0.945,0.947,60181591.0,56991967,56991967,2026-08-14,2026-08-14 15:34:24+08:00
159516,半导体设备ETF国泰,0.742,0.7416,-0.05,0.007,0.95,43767584.0,3234568554.688,0.745,0.749,0.726,0.735,3.13,7.69,0.71,17.91,21638961.0,22128623.0,6251136.0,0.19,282760176.0,8.74,-276509040.0,-8.55,-46445824.0,-1.44,40194682.0,1.24,-624493.0,0.742,0.743,56939360000.0,42249005120,42249005120,2026-08-14,2026-08-14 15:34:30+08:00
560170,央企科技ETF南方,1.274,1.2759,0.15,0.012,0.95,161169.0,20430220.0,1.275,1.279,1.255,1.262,1.9,4.35,0.6,21.36,88221.0,72948.0,316346.0,1.55,224895.0,1.1,91451.0,0.45,-151525.0,-0.74,-164820.0,-0.81,-1452.0,1.273,1.274,370495504.0,472011272,472011272,2026-08-14,2026-08-14 16:11:45+08:00
515070,人工智能ETF华夏,1.166,1.1661,0.01,0.011,0.95,961511.0,111494482.0,1.167,1.17,1.146,1.155,2.08,1.31,0.78,-14.29,480064.0,481447.0,-196132.0,-0.18,818210.0,0.73,-1014342.0,-0.91,-388319.0,-0.35,584451.0,0.52,-14370.0,1.166,1.167,7330940416.0,8547876525,8547876525,2026-08-14,2026-08-14 16:11:49+08:00
588330,双创50ETF华宝,1.169,1.1688,-0.02,0.011,0.95,452988.0,52727642.0,1.168,1.173,1.151,1.158,1.9,4.01,0.69,-23.12,206663.0,246325.0,2789958.0,5.29,4966518.0,9.42,-2176560.0,-4.13,-1295374.0,-2.46,-1494584.0,-2.83,-2592.0,1.169,1.17,1129737808.0,1320663498,1320663498,2026-08-14,2026-08-14 16:11:59+08:00
588400,科创创业ETF嘉实,1.169,1.1702,0.1,0.011,0.95,317483.0,36964151.0,1.169,1.172,1.152,1.158,1.73,2.42,0.96,19.38,218229.0,99254.0,1017305.0,2.75,4925216.0,13.32,-3907911.0,-10.57,-589823.0,-1.6,-427482.0,-1.16,-584.0,1.169,1.17,1314600608.0,1536768111,1536768111,2026-08-14,2026-08-14 16:11:40+08:00
561780,1000增强ETF博时,1.588,1.5914,0.21,0.015,0.95,25825.0,4088063.0,1.579,1.589,1.57,1.573,1.21,12.09,1.48,9.72,17954.0,7871.0,706091.0,17.27,0.0,0.0,706091.0,17.27,-657066.0,-16.07,-49025.0,-1.2,-2.0,1.588,1.592,21355800.0,33913010,33913010,2026-08-14,2026-08-14 16:11:52+08:00
159779,消费电子ETF招商,1.5,1.4978,-0.15,0.014,0.94,33971.0,5067162.0,1.496,1.533,1.473,1.486,4.04,2.58,0.39,22.99,19520.0,14451.0,-452008.0,-8.92,-919.0,-0.02,-451089.0,-8.9,420630.0,8.3,31379.0,0.62,98.0,1.498,1.5,131869337.0,197804006,197804006,2026-08-14,2026-08-14 15:34:00+08:00
588320,双创50增强ETF广发,1.82,1.8226,0.14,0.017,0.94,60050.0,10886270.0,1.829,1.83,1.798,1.803,1.77,8.03,1.09,14.42,34044.0,26006.0,592835.0,5.45,-905000.0,-8.31,1497835.0,13.76,-968867.0,-8.9,376032.0,3.45,-260.0,1.819,1.82,74824600.0,136180772,136180772,2026-08-14,2026-08-14 16:11:59+08:00
159944,材料ETF广发,1.504,1.506,0.13,0.014,0.94,37308.0,5589826.5,1.483,1.51,1.475,1.49,2.35,11.8,1.3,13.0,21868.0,15440.0,34993.0,0.63,0.0,0.0,34993.0,0.63,-24213.0,-0.43,-10779.0,-0.19,133.0,1.503,1.505,31608342.0,47538946,47538946,2026-08-14,2026-08-14 15:34:45+08:00
159322,黄金股ETF平安,1.612,1.6111,-0.06,0.015,0.94,63405.0,10126299.5,1.557,1.614,1.557,1.597,3.57,5.27,0.48,44.42,34844.0,28561.0,1229089.0,12.14,0.0,0.0,1229089.0,12.14,-291153.0,-2.88,-937937.0,-9.26,-551.0,1.612,1.613,120411691.0,194103646,194103646,2026-08-14,2026-08-14 15:34:00+08:00
589580,科创综指ETF兴银,1.61,1.6127,0.17,0.015,0.94,18556.0,2961764.0,1.61,1.624,1.584,1.595,2.51,12.93,2.59,10.18,5110.0,13446.0,186365.0,6.29,0.0,0.0,186365.0,6.29,-147195.0,-4.97,-39170.0,-1.32,2.0,1.61,1.614,14354800.0,23111228,23111228,2026-08-14,2026-08-14 16:11:51+08:00
159743,湖北ETF博时,1.415,1.42,0.35,0.013,0.93,2792.0,392679.4,1.401,1.428,1.4,1.402,2.0,0.25,0.62,-19.7,1320.0,1472.0,194966.0,49.65,0.0,0.0,194966.0,49.65,-242892.0,-61.86,47927.0,12.21,-2.0,1.415,1.424,109941100.0,155566657,155566657,2026-08-14,2026-08-14 15:34:21+08:00
563200,中证2000ETF富国,1.523,1.5243,0.09,0.014,0.93,110942.0,16776292.0,1.509,1.523,1.5,1.509,1.52,18.66,1.18,-7.2,59759.0,51183.0,976890.0,5.82,-1509000.0,-8.99,2485890.0,14.82,-531032.0,-3.17,-445857.0,-2.66,-456.0,1.523,1.524,59458800.0,90555752,90555752,2026-08-14,2026-08-14 16:11:49+08:00
512930,AI人工智能ETF平安,0.654,0.6537,-0.05,0.006,0.93,1874159.0,121711339.0,0.652,0.656,0.642,0.648,2.16,3.88,0.84,-33.27,916032.0,958127.0,140591.0,0.12,2769553.0,2.28,-2628962.0,-2.16,-1868719.0,-1.54,1728127.0,1.42,-8674.0,0.653,0.654,4824521216.0,3155236875,3155236875,2026-08-14,2026-08-14 16:11:55+08:00
589000,科创综指ETF华夏,1.622,1.6187,-0.2,0.015,0.93,514890.0,83293512.0,1.618,1.63,1.593,1.607,2.3,4.81,0.87,-31.73,282706.0,232184.0,925920.0,1.11,-8411895.0,-10.1,9337815.0,11.21,-527244.0,-0.63,-398677.0,-0.48,-1400.0,1.622,1.623,1071507808.0,1737985665,1737985665,2026-08-14,2026-08-14 16:11:59+08:00
159801,芯片ETF广发,1.192,1.1913,-0.06,0.011,0.93,1525012.0,181620150.4,1.201,1.206,1.171,1.181,2.96,3.52,0.78,18.6,701941.0,823071.0,-5009400.0,-2.76,769452.0,0.42,-5778852.0,-3.18,-78343.0,-0.04,5087743.0,2.8,-15000.0,1.192,1.193,4334120192.0,5166271269,5166271269,2026-08-14,2026-08-14 15:34:03+08:00
159763,新材料ETF建信,0.76,0.7618,0.24,0.007,0.93,71350.0,5408224.9,0.757,0.766,0.753,0.753,1.73,7.95,1.15,14.07,40374.0,30976.0,67938.0,1.26,0.0,0.0,67938.0,1.26,-33053.0,-0.61,-34885.0,-0.65,-23.0,0.76,0.763,89707747.0,68177888,68177888,2026-08-14,2026-08-14 15:34:30+08:00
159687,亚太精选ETF南方,1.865,1.8641,-0.05,0.017,0.92,984280.0,183637779.69,1.86,1.877,1.858,1.848,1.03,6.08,1.21,-6.85,517740.0,466540.0,-24099827.0,-13.12,-35867966.0,-19.53,11768139.0,6.41,17706955.0,9.64,6392872.0,3.48,-8903.0,1.865,1.866,1618328656.0,3018182943,3018182943,2026-08-14,2026-08-14 15:34:15+08:00
159866,日经ETF工银,1.75,1.7022,-2.81,0.016,0.92,2537716.0,444055200.9,1.748,1.761,1.74,1.734,1.21,24.05,1.66,-33.05,1354887.0,1182829.0,-12436824.0,-2.8,1796929.0,0.4,-14233753.0,-3.21,8908235.0,2.01,3528590.0,0.79,-22601.0,1.75,1.751,1054979376.0,1846213908,1846213908,2026-08-14,2026-08-14 15:34:54+08:00
159532,中证2000ETF易方达,1.65,1.6485,-0.09,0.015,0.92,286717.0,46855841.3,1.635,1.65,1.622,1.635,1.71,14.97,0.97,-60.95,156721.0,129996.0,-709870.0,-1.52,105543.0,0.23,-815413.0,-1.74,965917.0,2.06,-256046.0,-0.55,-1410.0,1.65,1.651,191564791.0,316081905,316081905,2026-08-14,2026-08-14 15:34:48+08:00
159732,消费电子ETF华夏,1.423,1.4228,-0.01,0.013,0.92,2378984.0,337011266.0,1.423,1.431,1.398,1.41,2.34,9.18,0.86,39.77,978080.0,1400904.0,21706354.0,6.44,46974559.0,13.94,-25268205.0,-7.5,-14036290.0,-4.16,-7670063.0,-2.28,-6913.0,1.423,1.424,2592447904.0,3689053367,3689053367,2026-08-14,2026-08-14 15:34:21+08:00
159995,芯片ETF华夏,1.203,1.2018,-0.1,0.011,0.92,5174256.0,620261161.547,1.21,1.216,1.181,1.192,2.94,2.21,0.76,28.89,2297707.0,2876549.0,-24778090.0,-3.99,12559944.0,2.02,-37338034.0,-6.02,3481105.0,0.56,21296984.0,3.43,-45999.0,1.203,1.204,23376125952.0,28121479520,28121479520,2026-08-14,2026-08-14 15:34:51+08:00
159315,黄金股ETF工银,1.64,1.6378,-0.13,0.015,0.92,108002.0,17508513.512,1.592,1.644,1.586,1.625,3.57,5.61,0.51,-11.97,62287.0,45715.0,1982571.0,11.32,19515.0,0.11,1963056.0,11.21,-1461528.0,-8.35,-521043.0,-2.98,379.0,1.639,1.64,192589621.0,315846978,315846978,2026-08-14,2026-08-14 15:34:48+08:00
516050,科技龙头ETF工银,1.432,1.4319,-0.01,0.013,0.92,50352.0,7188930.0,1.429,1.459,1.409,1.419,3.52,3.18,0.8,1.84,26551.0,23801.0,-860756.0,-11.97,-939821.0,-13.07,79065.0,1.1,-58386.0,-0.81,919142.0,12.79,-18.0,1.432,1.435,158228000.0,226582496,226582496,2026-08-14,2026-08-14 16:11:38+08:00
159956,创业板ETF建信,2.303,2.3097,0.29,0.021,0.92,25579.0,5882032.3,2.327,2.327,2.28,2.282,2.06,5.44,1.06,-13.61,11083.0,14496.0,33170.0,0.56,0.0,0.0,33170.0,0.56,-191500.0,-3.26,158331.0,2.69,-1.0,2.303,2.31,46978674.0,108191886,108191886,2026-08-14,2026-08-14 15:34:39+08:00
159195,石油ETF华安,0.887,0.8881,0.12,0.008,0.91,104382.0,9213776.086,0.88,0.888,0.877,0.879,1.25,13.13,0.83,-59.6,60667.0,43715.0,73839.0,0.8,0.0,0.0,73839.0,0.8,-34044.0,-0.37,-39796.0,-0.43,27.0,0.887,0.888,79490164.0,70507775,70507775,2026-08-14,2026-08-14 15:34:54+08:00
159197,石油ETF招商,0.884,0.8866,0.29,0.008,0.91,62857.0,5551562.1,0.88,0.886,0.876,0.876,1.14,13.26,0.87,25.91,38846.0,24011.0,-71684.0,-1.29,-530400.0,-9.55,458716.0,8.26,128830.0,2.32,-57144.0,-1.03,9.0,0.882,0.884,47388290.0,41891248,41891248,2026-08-14,2026-08-14 15:34:00+08:00
561550,中证500增强ETF华泰柏瑞,1.44,1.44,0.0,0.013,0.91,365699.0,52377278.0,1.432,1.44,1.418,1.427,1.54,2.72,0.73,28.26,210992.0,154707.0,-691532.0,-1.32,10881421.0,20.78,-11572953.0,-22.1,-288385.0,-0.55,979917.0,1.87,-473.0,1.439,1.44,1342489600.0,1933185024,1933185024,2026-08-14,2026-08-14 16:11:57+08:00
512670,国防ETF鹏华,0.778,0.7782,0.03,0.007,0.91,675021.0,52618865.0,0.771,0.786,0.771,0.771,1.95,2.98,0.79,-5.98,350131.0,324890.0,-3612390.0,-6.87,-668233.0,-1.27,-2944157.0,-5.6,2025742.0,3.85,1586648.0,3.02,-4449.0,0.777,0.778,2261652608.0,1759565729,1759565729,2026-08-14,2026-08-14 16:11:45+08:00
563870,通用航空ETF鹏华,0.664,0.6638,-0.03,0.006,0.91,3450.0,228409.0,0.656,0.665,0.656,0.658,1.37,0.33,0.14,10.38,1627.0,1823.0,36543.0,16.0,0.0,0.0,36543.0,16.0,-59108.0,-25.88,22565.0,9.88,2.0,0.662,0.664,105303900.0,69921790,69921790,2026-08-14,2026-08-14 16:11:34+08:00
159325,半导体ETF南方,2.218,2.2164,-0.07,0.02,0.91,565671.0,125034591.3,2.236,2.241,2.178,2.198,2.87,11.21,0.86,44.53,266399.0,299272.0,-3037530.0,-2.43,2794443.0,2.23,-5831973.0,-4.66,-949068.0,-0.76,3986597.0,3.19,-3002.0,2.218,2.219,504460528.0,1118893451,1118893451,2026-08-14,2026-08-14 15:34:51+08:00
562820,集成电路ETF嘉实,0.999,1.0003,0.13,0.009,0.91,261586.0,26051431.0,1.004,1.014,0.981,0.99,3.33,6.52,0.57,-0.99,139906.0,121680.0,312401.0,1.2,-1340768.0,-5.15,1653169.0,6.35,-876370.0,-3.36,563970.0,2.16,-690.0,0.999,1.0,401408000.0,401006592,401006592,2026-08-14,2026-08-14 16:11:44+08:00
588350,科创创业50ETF鹏扬,1.791,1.7932,0.12,0.016,0.9,5791.0,1034154.0,1.79,1.8,1.77,1.775,1.69,0.09,0.17,32.5,2058.0,3733.0,-217596.0,-21.04,-46675.0,-4.51,-170921.0,-16.53,39375.0,3.81,178220.0,17.23,-19.0,1.789,1.791,632546000.0,1132889886,1132889886,2026-08-14,2026-08-14 16:11:37+08:00
517390,云计算ETF天弘,2.01,2.0198,0.49,0.018,0.9,58850.0,11761529.0,1.976,2.017,1.976,1.992,2.06,4.36,1.33,49.04,31341.0,27509.0,352490.0,3.0,401800.0,3.42,-49310.0,-0.42,82396.0,0.7,-434885.0,-3.7,-193.0,2.009,2.01,135112600.0,271576326,271576326,2026-08-14,2026-08-14 16:11:55+08:00
159588,石油ETF景顺,1.23,1.2318,0.15,0.011,0.9,179534.0,22007742.8,1.214,1.231,1.214,1.219,1.39,4.03,1.37,-40.85,92075.0,87459.0,2587576.0,11.76,1319106.0,5.99,1268470.0,5.76,1039238.0,4.72,-3626814.0,-16.48,97.0,1.229,1.23,445284864.0,547700383,547700383,2026-08-14,2026-08-14 15:34:15+08:00
562560,信息技术ETF华夏,2.344,2.3417,-0.1,0.021,0.9,3129.0,733793.0,2.39,2.39,2.303,2.323,3.75,1.37,0.33,-5.25,435.0,2694.0,406308.0,55.37,0.0,0.0,406308.0,55.37,-302700.0,-41.25,-103608.0,-14.12,21.0,2.344,2.348,22765500.0,53362332,53362332,2026-08-14,2026-08-14 16:11:35+08:00
159019,石油ETF华宝,0.909,0.9109,0.21,0.008,0.89,191673.0,17364337.1,0.9,0.911,0.9,0.901,1.22,35.94,1.06,-55.98,96323.0,95350.0,-199011.0,-1.15,0.0,0.0,-199011.0,-1.15,149400.0,0.86,49613.0,0.29,1.0,0.902,0.909,53327711.0,48474889,48474889,2026-08-14,2026-08-14 15:34:30+08:00
159546,集成电路ETF国泰,0.804,0.8045,0.06,0.007,0.88,482210.0,38654607.7,0.808,0.813,0.789,0.797,3.01,7.04,0.78,-26.49,216043.0,266167.0,-2129887.0,-5.51,-914866.0,-2.37,-1215021.0,-3.14,756243.0,1.96,1373644.0,3.55,4165.0,0.803,0.804,684927824.0,550681970,550681970,2026-08-14,2026-08-14 15:34:39+08:00
159569,港股红利低波ETF景顺,1.368,1.3703,0.17,0.012,0.88,565489.0,77202911.5,1.357,1.371,1.354,1.356,1.25,15.28,0.99,-11.86,316579.0,248910.0,1230210.0,1.59,0.0,0.0,1230210.0,1.59,-1101586.0,-1.43,-128625.0,-0.17,-2046.0,1.368,1.369,370147248.0,506361435,506361435,2026-08-14,2026-08-14 15:34:12+08:00
516330,物联网ETF华泰柏瑞,1.613,1.6155,0.15,0.014,0.88,3305.0,532319.0,1.676,1.676,1.585,1.599,5.69,4.55,0.51,7.79,174.0,3131.0,148239.0,27.85,0.0,0.0,148239.0,27.85,-42307.0,-7.95,-105932.0,-19.9,-2000.0,1.613,1.618,7271300.0,11728607,11728607,2026-08-14,2026-08-14 16:11:39+08:00
159227,航空航天ETF华夏,1.026,1.0261,0.01,0.009,0.88,1790229.0,183212634.7,1.017,1.033,1.011,1.017,2.16,3.72,0.84,-47.16,841260.0,948969.0,-3739704.0,-2.04,4763133.0,2.6,-8502837.0,-4.64,-2501917.0,-1.37,6241621.0,3.41,-13435.0,1.026,1.027,4813911296.0,4939072990,4939072990,2026-08-14,2026-08-14 15:34:15+08:00
589860,科创综指ETF天弘,1.616,1.6193,0.2,0.014,0.87,204086.0,32814695.0,1.608,1.625,1.59,1.602,2.18,11.2,0.99,5.71,94422.0,109664.0,-584953.0,-1.78,-950810.0,-2.9,365857.0,1.11,-50798.0,-0.15,635751.0,1.94,-2.0,1.617,1.618,182224000.0,294473984,294473984,2026-08-14,2026-08-14 16:11:48+08:00
158009,航空航天ETF南方,1.039,1.0391,0.01,0.009,0.87,94172.0,9751551.671,1.029,1.046,1.028,1.03,1.75,22.22,0.45,-1.6,60166.0,34006.0,163928.0,1.68,1369033.0,14.04,-1205105.0,-12.36,-32481.0,-0.33,-131447.0,-1.35,250.0,1.038,1.039,42373819.0,44026398,44026398,2026-08-14,2026-08-14 15:34:18+08:00
562590,半导体设备ETF华夏,1.05,1.0483,-0.16,0.009,0.86,4504985.0,470451755.0,1.052,1.058,1.027,1.041,2.98,5.36,0.73,8.83,2218378.0,2286607.0,-97416.0,-0.02,6418831.0,1.36,-6516247.0,-1.39,-5684067.0,-1.21,5781483.0,1.23,-55599.0,1.049,1.05,8407988992.0,8828388442,8828388442,2026-08-14,2026-08-14 16:11:34+08:00
159709,物联网ETF工银,1.769,1.7718,0.16,0.015,0.86,2209.0,389114.2,1.756,1.769,1.747,1.754,1.25,1.03,1.29,-1.88,218.0,1991.0,126856.0,32.6,0.0,0.0,126856.0,32.6,-78156.0,-20.09,-48702.0,-12.52,1.0,1.762,1.776,21484060.0,38005302,38005302,2026-08-14,2026-08-14 15:34:06+08:00
159628,国证2000ETF万家,1.411,1.4103,-0.05,0.012,0.86,636709.0,89479594.6,1.402,1.415,1.392,1.399,1.64,17.57,0.97,-39.04,413639.0,223070.0,-20112594.0,-22.48,-8954352.0,-10.01,-11158242.0,-12.47,18782734.0,20.99,1329861.0,1.49,976.0,1.41,1.411,362283248.0,511181663,511181663,2026-08-14,2026-08-14 15:34:39+08:00
159241,航空航天ETF天弘,1.054,1.0543,0.03,0.009,0.86,738008.0,77622409.56,1.043,1.062,1.042,1.045,1.91,5.48,0.73,-18.53,351125.0,386883.0,-416508.0,-0.54,2807259.0,3.62,-3223767.0,-4.15,-1054841.0,-1.36,1471348.0,1.9,-3683.0,1.054,1.055,1347074272.0,1419816283,1419816283,2026-08-14,2026-08-14 15:34:15+08:00
159738,云计算ETF华泰柏瑞,2.127,2.1361,0.43,0.018,0.85,103667.0,21815267.4,2.11,2.132,2.09,2.109,1.99,7.68,1.02,-60.69,60732.0,42935.0,401016.0,1.84,0.0,0.0,401016.0,1.84,-340815.0,-1.56,-60202.0,-0.28,139.0,2.124,2.127,134992667.0,287129403,287129403,2026-08-14,2026-08-14 15:34:42+08:00
159620,中证500成长ETF华夏,1.307,1.3049,-0.16,0.011,0.85,46105.0,5980729.4,1.298,1.307,1.288,1.296,1.47,15.3,0.91,-26.73,20985.0,25120.0,58174.0,0.97,0.0,0.0,58174.0,0.97,12035.0,0.2,-70209.0,-1.17,2.0,1.297,1.307,30140934.0,39394201,39394201,2026-08-14,2026-08-14 15:34:42+08:00
563380,航空航天ETF华泰柏瑞,0.952,0.9526,0.06,0.008,0.85,356104.0,33906055.0,0.945,0.962,0.944,0.944,1.91,3.88,0.79,15.33,144437.0,211667.0,1679128.0,4.95,-249933.0,-0.74,1929061.0,5.69,-1135520.0,-3.35,-543608.0,-1.6,-773.0,0.951,0.952,918950000.0,874840400,874840400,2026-08-14,2026-08-14 16:11:50+08:00
512480,半导体ETF国联安,1.077,1.0763,-0.07,0.009,0.84,11167893.0,1198162384.0,1.082,1.088,1.056,1.068,3.0,5.92,0.79,-6.28,5281174.0,5886719.0,-29995168.0,-2.5,-13221328.0,-1.1,-16773840.0,-1.4,5884346.0,0.49,24110816.0,2.01,-69427.0,1.076,1.077,18878007296.0,20331613858,20331613858,2026-08-14,2026-08-14 16:11:47+08:00
159372,创业板50ETF万家,1.914,1.9223,0.43,0.016,0.84,23426.0,4485101.2,1.918,1.924,1.9,1.898,1.26,3.53,0.96,36.86,9281.0,14145.0,534752.0,11.92,1109852.0,24.75,-575100.0,-12.82,-231996.0,-5.17,-302757.0,-6.75,-1.0,1.914,1.923,66451588.0,127188339,127188339,2026-08-14,2026-08-14 15:34:33+08:00
562920,信息安全ETF易方达,0.961,0.9621,0.11,0.008,0.84,115978.0,11030313.0,0.947,0.964,0.939,0.953,2.62,12.46,1.23,-1.81,55145.0,60833.0,-912973.0,-8.28,-111610.0,-1.01,-801363.0,-7.27,642295.0,5.82,270677.0,2.45,-158.0,0.961,0.962,93069000.0,89439309,89439309,2026-08-14,2026-08-14 16:12:00+08:00
159761,新材料ETF国泰,0.84,0.8401,0.01,0.007,0.84,75873.0,6348841.2,0.833,0.845,0.83,0.833,1.8,3.82,0.61,-36.08,43737.0,32136.0,-545239.0,-8.59,133501.0,2.1,-678740.0,-10.69,633465.0,9.98,-88226.0,-1.39,-152.0,0.84,0.841,198734117.0,166936658,166936658,2026-08-14,2026-08-14 15:34:51+08:00
560780,半导体设备ETF广发,1.093,1.0934,0.04,0.009,0.83,5735875.0,625027536.0,1.096,1.104,1.072,1.084,2.95,4.85,0.68,2.38,2717739.0,3018137.0,6211427.0,0.99,-722221.0,-0.12,6933648.0,1.11,-13942770.0,-2.23,7731349.0,1.24,-49346.0,1.093,1.094,11830488064.0,12930723454,12930723454,2026-08-14,2026-08-14 16:11:35+08:00
159880,有色ETF鹏华,0.968,0.9681,0.01,0.008,0.83,330295.0,31774168.9,0.955,0.969,0.949,0.96,2.08,2.57,0.68,-5.66,168600.0,161695.0,1698195.0,5.34,1703148.0,5.36,-4953.0,-0.02,-1434262.0,-4.51,-263932.0,-0.83,1638.0,0.966,0.968,1283103040.0,1242043743,1242043743,2026-08-14,2026-08-14 15:34:45+08:00
515000,科技ETF华宝,1.33,1.3305,0.04,0.011,0.83,876541.0,116051151.0,1.327,1.336,1.308,1.319,2.12,2.82,0.73,-16.68,460277.0,416264.0,8124301.0,7.0,-509026.0,-0.44,8633327.0,7.44,-9144582.0,-7.88,1020282.0,0.88,-6493.0,1.33,1.331,3112579296.0,4139730464,4139730464,2026-08-14,2026-08-14 16:11:58+08:00
159531,中证2000ETF南方,1.472,1.469,-0.2,0.012,0.82,1451337.0,211697776.453,1.455,1.472,1.447,1.46,1.71,12.57,0.9,36.35,554429.0,896908.0,23053639.0,10.89,49858197.0,23.55,-26804558.0,-12.66,-18830606.0,-8.9,-4223033.0,-1.99,6794.0,1.471,1.472,1154608400.0,1699583565,1699583565,2026-08-14,2026-08-14 15:34:24+08:00
159153,消费电子ETF鹏华,1.236,1.2364,0.03,0.01,0.82,81982.0,10085456.38,1.235,1.249,1.215,1.226,2.77,8.7,0.6,11.66,39250.0,42732.0,1290075.0,12.79,0.0,0.0,1290075.0,12.79,-910583.0,-9.03,-379492.0,-3.76,-516.0,1.236,1.238,94225988.0,116463321,116463321,2026-08-14,2026-08-14 15:34:15+08:00
159248,人工智能ETF万家,1.836,1.8382,0.12,0.015,0.82,57117.0,10431526.9,1.827,1.847,1.805,1.821,2.31,4.64,0.53,36.07,23993.0,33124.0,-41364.0,-0.4,-208674.0,-2.0,167310.0,1.6,-375420.0,-3.6,416784.0,4.0,-297.0,1.836,1.837,123095652.0,226003617,226003617,2026-08-14,2026-08-14 15:34:30+08:00
159289,创业板综指ETF鹏华,1.126,1.1312,0.46,0.009,0.81,10484.0,1176418.578,1.126,1.131,1.116,1.117,1.34,2.69,0.36,14.17,2992.0,7492.0,82025.0,6.97,0.0,0.0,82025.0,6.97,-71093.0,-6.04,-10932.0,-0.93,-30.0,1.127,1.129,38902640.0,43804373,43804373,2026-08-14,2026-08-14 15:34:48+08:00
159309,油气ETF汇添富,1.365,1.3651,0.01,0.011,0.81,313726.0,42585726.1,1.351,1.365,1.347,1.354,1.33,5.71,1.15,50.45,153613.0,160113.0,7321693.0,17.19,4703913.0,11.05,2617780.0,6.15,-6941090.0,-16.3,-380604.0,-0.89,214.0,1.362,1.365,549371744.0,749892431,749892431,2026-08-14,2026-08-14 15:34:54+08:00
563790,卫星ETF鹏华,0.867,0.8667,-0.03,0.007,0.81,465580.0,40147900.0,0.857,0.87,0.853,0.86,1.98,4.01,0.6,-30.3,233984.0,231596.0,1316070.0,3.28,-634510.0,-1.58,1950580.0,4.86,-1431918.0,-3.57,115848.0,0.29,-2190.0,0.866,0.867,1160447008.0,1006107556,1006107556,2026-08-14,2026-08-14 16:11:58+08:00
159535,中证2000ETF嘉实,1.497,1.503,0.4,0.012,0.81,37162.0,5523931.2,1.484,1.5,1.476,1.485,1.62,15.5,1.09,54.82,17229.0,19933.0,-585980.0,-10.61,0.0,0.0,-585980.0,-10.61,725547.0,13.13,-139568.0,-2.53,34.0,1.491,1.497,23981088.0,35899689,35899689,2026-08-14,2026-08-14 15:34:51+08:00
159573,创业板200ETF华夏,1.494,1.4955,0.1,0.012,0.81,121203.0,17997412.9,1.483,1.496,1.473,1.482,1.55,15.65,0.98,-33.57,52103.0,69100.0,486226.0,2.7,2652302.0,14.74,-2166076.0,-12.04,-279515.0,-1.55,-206712.0,-1.15,299.0,1.493,1.494,77456297.0,115719708,115719708,2026-08-14,2026-08-14 15:34:21+08:00
589800,科创综指ETF易方达,1.634,1.6301,-0.24,0.013,0.8,409811.0,66444939.0,1.639,1.647,1.605,1.621,2.59,3.69,0.73,-55.62,201651.0,208160.0,-171354.0,-0.26,2732398.0,4.11,-2903752.0,-4.37,-356469.0,-0.54,527824.0,0.79,-446.0,1.634,1.635,1111988208.0,1816988732,1816988732,2026-08-14,2026-08-14 16:11:44+08:00
512710,军工龙头ETF富国,0.629,0.6281,-0.14,0.005,0.8,3376474.0,212614736.0,0.624,0.635,0.623,0.624,1.92,2.86,0.81,-15.59,1941790.0,1434684.0,18216599.0,8.57,29578025.0,13.91,-11361426.0,-5.34,-13962071.0,-6.57,-4254527.0,-2.0,-17299.0,0.628,0.629,11795658496.0,7419469194,7419469194,2026-08-14,2026-08-14 16:11:58+08:00
159939,信息技术ETF广发,1.146,1.144,-0.17,0.009,0.79,244102.0,27841422.374,1.146,1.154,1.125,1.137,2.55,2.93,0.94,40.59,115188.0,128914.0,-27829.0,-0.1,986775.0,3.54,-1014604.0,-3.64,613977.0,2.21,-586149.0,-2.11,243.0,1.144,1.146,833656112.0,955369904,955369904,2026-08-14,2026-08-14 15:34:42+08:00
159813,半导体ETF鹏华,0.769,0.7691,0.01,0.006,0.79,3227365.0,247769259.424,0.774,0.781,0.755,0.763,3.41,3.7,0.66,-14.68,1579840.0,1647525.0,-16061045.0,-6.48,-10009767.0,-4.04,-6051278.0,-2.44,5405585.0,2.18,10655460.0,4.3,30620.0,0.768,0.769,8717724928.0,6703930470,6703930470,2026-08-14,2026-08-14 15:34:03+08:00
159783,科创创业50ETF华夏,1.153,1.1552,0.19,0.009,0.79,1211708.0,139305820.862,1.153,1.159,1.138,1.144,1.84,2.3,0.72,-49.56,620051.0,591656.0,4041958.0,2.9,8308289.0,5.96,-4266331.0,-3.06,-2543428.0,-1.83,-1498531.0,-1.08,-4393.0,1.153,1.154,5262059520.0,6067154627,6067154627,2026-08-14,2026-08-14 15:34:57+08:00
589050,科创综指ETF兴业,1.41,1.4074,-0.18,0.011,0.79,13857.0,1946232.0,1.407,1.412,1.385,1.399,1.93,2.95,1.34,5.66,7246.0,6611.0,-95376.0,-4.9,0.0,0.0,-95376.0,-4.9,-64156.0,-3.3,159531.0,8.2,-265.0,1.406,1.41,46968000.0,66224880,66224880,2026-08-14,2026-08-14 16:11:47+08:00
159845,中证1000ETF华夏,3.235,3.235,0.0,0.025,0.78,4464715.0,1436411882.001,3.214,3.236,3.192,3.21,1.37,18.6,0.51,-67.7,1896908.0,2567807.0,52077264.0,3.63,4232416.0,0.29,47844848.0,3.33,-43855500.0,-3.05,-8221766.0,-0.57,-13658.0,3.235,3.236,2400425600.0,7765376816,7765376816,2026-08-14,2026-08-14 15:34:09+08:00
589390,科创芯片设计ETF招商,0.779,0.7806,0.2,0.006,0.78,412469.0,32064516.0,0.781,0.786,0.766,0.773,2.59,3.43,1.52,-3.51,286780.0,125689.0,-581376.0,-1.81,-1351877.0,-4.22,770501.0,2.4,319922.0,1.0,261453.0,0.82,-200.0,0.779,0.78,1203810496.0,937768376,937768376,2026-08-14,2026-08-14 16:12:01+08:00
159558,半导体设备ETF易方达,1.164,1.1631,-0.08,0.009,0.78,12813841.0,1485467212.537,1.167,1.175,1.14,1.155,3.03,7.25,0.81,19.09,6165945.0,6647895.0,-5827040.0,-0.39,61775680.0,4.16,-67602720.0,-4.55,-24430880.0,-1.64,30257925.0,2.04,-165355.0,1.164,1.165,17684563968.0,20584832459,20584832459,2026-08-14,2026-08-14 15:34:03+08:00
517400,黄金股ETF国泰,1.579,1.5776,-0.09,0.012,0.77,455764.0,71122471.0,1.523,1.583,1.523,1.567,3.83,4.53,0.56,-15.54,261870.0,193894.0,10176378.0,14.31,-485813.0,-0.68,10662191.0,14.99,-4455829.0,-6.27,-5720549.0,-8.04,-2675.0,1.578,1.579,1006792000.0,1589724568,1589724568,2026-08-14,2026-08-14 16:11:47+08:00
516300,中证1000ETF华泰柏瑞,3.268,3.2734,0.16,0.025,0.77,51140.0,16620343.0,3.243,3.272,3.226,3.243,1.42,10.88,1.02,8.65,26967.0,24173.0,1458071.0,8.77,0.0,0.0,1458071.0,8.77,-1214301.0,-7.31,-243769.0,-1.47,-42.0,3.268,3.269,47012600.0,153637177,153637177,2026-08-14,2026-08-14 16:12:00+08:00
562030,信创ETF华宝,0.523,0.5231,0.02,0.004,0.77,38229.0,1988022.0,0.521,0.528,0.513,0.519,2.89,2.77,0.58,-0.61,18625.0,19604.0,-167970.0,-8.45,-234753.0,-11.81,66783.0,3.36,238034.0,11.97,-70062.0,-3.52,-1.0,0.522,0.523,137973900.0,72160350,72160350,2026-08-14,2026-08-14 16:11:49+08:00
516710,新材料ETF华夏,0.789,0.7909,0.24,0.006,0.77,15137.0,1195444.0,0.783,0.794,0.782,0.783,1.53,1.93,0.26,8.79,8943.0,6194.0,135136.0,11.3,0.0,0.0,135136.0,11.3,-91602.0,-7.66,-43533.0,-3.64,-125.0,0.789,0.79,78272000.0,61756608,61756608,2026-08-14,2026-08-14 16:11:51+08:00
159261,创业板新能源ETF鹏华,1.439,1.4409,0.13,0.011,0.77,46142.0,6648030.4,1.425,1.462,1.425,1.428,2.59,9.65,1.42,1.69,30803.0,15339.0,-169531.0,-2.55,-66626.0,-1.0,-102905.0,-1.55,116763.0,1.76,52768.0,0.79,-69.0,1.438,1.439,47814904.0,68805647,68805647,2026-08-14,2026-08-14 15:34:33+08:00
589880,科创综指ETF建信,1.601,1.6043,0.21,0.012,0.76,134708.0,21508835.0,1.604,1.609,1.575,1.589,2.14,2.75,0.67,20.62,62629.0,72079.0,1179485.0,5.48,4081769.0,18.98,-2902284.0,-13.49,-1090557.0,-5.07,-88927.0,-0.41,-1.0,1.599,1.603,489996000.0,784483596,784483596,2026-08-14,2026-08-14 16:11:42+08:00
159327,半导体设备ETF万家,1.19,1.188,-0.17,0.009,0.76,1691079.0,200238902.6,1.192,1.201,1.164,1.181,3.13,6.2,0.65,22.83,824002.0,867077.0,-270601.0,-0.14,4810740.0,2.4,-5081341.0,-2.54,-5728876.0,-2.86,5999477.0,3.0,16783.0,1.189,1.19,2728574096.0,3247003174,3247003174,2026-08-14,2026-08-14 15:34:54+08:00
159571,创业板200ETF富国,1.483,1.4841,0.07,0.011,0.75,1203.0,177682.4,1.484,1.486,1.463,1.472,1.56,0.6,0.38,0.85,523.0,680.0,-61798.0,-34.78,0.0,0.0,-61798.0,-34.78,53528.0,30.13,8270.0,4.65,202.0,1.477,1.488,19981814.0,29633030,29633030,2026-08-14,2026-08-14 15:34:57+08:00
589890,科创综指ETF景顺,1.614,1.618,0.25,0.012,0.75,32383.0,5199375.0,1.647,1.647,1.589,1.602,3.62,3.81,0.83,0.19,17106.0,15277.0,29910.0,0.58,-319600.0,-6.15,349510.0,6.72,28320.0,0.54,-58231.0,-1.12,18.0,1.614,1.619,84987000.0,137169018,137169018,2026-08-14,2026-08-14 16:11:41+08:00
560010,中证1000ETF广发,3.232,3.2312,-0.02,0.024,0.75,1498930.0,482137042.0,3.209,3.233,3.191,3.208,1.31,8.0,0.62,38.92,671236.0,827694.0,15166397.0,3.15,30079153.0,6.24,-14912756.0,-3.09,-7846411.0,-1.63,-7319989.0,-1.52,-2107.0,3.231,3.232,1872621696.0,6052313321,6052313321,2026-08-14,2026-08-14 16:11:43+08:00
589100,科创芯片ETF国泰,0.941,0.9385,-0.27,0.007,0.75,573568.0,53764310.0,0.95,0.952,0.922,0.934,3.21,6.55,1.06,-1.19,278490.0,295078.0,-11521609.0,-21.43,-1455621.0,-2.71,-10065988.0,-18.72,6413474.0,11.93,5108136.0,9.5,-6290.0,0.94,0.941,875442496.0,823791389,823791389,2026-08-14,2026-08-14 16:11:52+08:00
159505,国证2000ETF博时,1.625,1.6304,0.33,0.012,0.74,14509.0,2354378.216,1.613,1.632,1.608,1.613,1.49,8.01,0.69,88.52,8865.0,5644.0,-317063.0,-13.47,0.0,0.0,-317063.0,-13.47,284748.0,12.09,32315.0,1.37,-500.0,1.625,1.63,18104786.0,29420277,29420277,2026-08-14,2026-08-14 15:34:24+08:00
159562,黄金股ETF华夏,2.175,2.1753,0.01,0.016,0.74,1412382.0,305343829.1,2.105,2.185,2.105,2.159,3.71,5.75,0.8,-66.25,603286.0,809096.0,7439883.0,2.44,-7401251.0,-2.42,14841134.0,4.86,3031984.0,0.99,-10471866.0,-3.43,-10591.0,2.175,2.176,2457130512.0,5344258864,5344258864,2026-08-14,2026-08-14 15:34:57+08:00
520550,港股红利低波ETF招商,1.091,1.083,-0.74,0.008,0.74,415074.0,45162869.0,1.085,1.092,1.08,1.083,1.11,3.61,1.06,-3.52,227109.0,187965.0,1046955.0,2.32,2721565.0,6.03,-1674610.0,-3.71,-523060.0,-1.16,-523896.0,-1.16,-3046.0,1.091,1.092,1148524000.0,1253039684,1253039684,2026-08-14,2026-08-14 16:12:01+08:00
159012,科创创业50ETF鹏华,0.947,0.9493,0.24,0.007,0.74,54740.0,5168682.542,0.948,0.95,0.934,0.94,1.7,4.81,0.68,-31.71,31598.0,23142.0,157472.0,3.05,0.0,0.0,157472.0,3.05,-299402.0,-5.79,141929.0,2.75,272.0,0.946,0.947,113881148.0,107845447,107845447,2026-08-14,2026-08-14 15:34:21+08:00
159773,创业板科技ETF华泰柏瑞,1.36,1.3598,-0.01,0.01,0.74,30771.0,4168000.2,1.389,1.389,1.341,1.35,3.56,1.66,0.59,56.4,15680.0,15091.0,795308.0,19.08,618012.0,14.83,177296.0,4.25,-588642.0,-14.12,-206667.0,-4.96,36.0,1.359,1.36,185903120.0,252828243,252828243,2026-08-14,2026-08-14 15:34:42+08:00
159706,深证100ETF华安,0.956,0.9565,0.05,0.007,0.74,37408.0,3564360.4,0.95,0.958,0.949,0.949,0.95,8.72,1.32,-0.62,23266.0,14142.0,-65881.0,-1.85,0.0,0.0,-65881.0,-1.85,28010.0,0.79,37870.0,1.06,25.0,0.95,0.958,42886800.0,40999781,40999781,2026-08-14,2026-08-14 15:34:03+08:00
159685,1000增强ETF天弘,1.494,1.4938,-0.01,0.011,0.74,26835.0,3983433.1,1.486,1.494,1.473,1.483,1.42,13.8,1.99,5.99,10891.0,15944.0,-525365.0,-13.19,0.0,0.0,-525365.0,-13.19,523696.0,13.15,1668.0,0.04,90.0,1.49,1.494,19440067.0,29043460,29043460,2026-08-14,2026-08-14 15:34:48+08:00
589770,科创综指ETF招商,1.638,1.6429,0.3,0.012,0.74,76345.0,12472421.0,1.678,1.678,1.614,1.626,3.94,4.81,0.59,1.09,39415.0,36930.0,137825.0,1.11,0.0,0.0,137825.0,1.11,-177879.0,-1.43,40053.0,0.32,-2456.0,1.638,1.64,158569200.0,259736350,259736350,2026-08-14,2026-08-14 16:11:49+08:00
159543,国证2000ETF工银,1.516,1.5076,-0.56,0.011,0.73,20602.0,3093398.0,1.506,1.521,1.488,1.505,2.19,4.88,2.22,95.54,16150.0,4452.0,168022.0,5.43,0.0,0.0,168022.0,5.43,-186148.0,-6.02,18125.0,0.59,-976.0,1.516,1.522,42196551.0,63969971,63969971,2026-08-14,2026-08-14 15:34:57+08:00
513800,日本东证指数ETF南方,1.929,1.9241,-0.25,0.014,0.73,531468.0,102420072.0,1.929,1.935,1.918,1.915,0.89,5.24,1.52,14.79,276768.0,254700.0,-16467959.0,-16.08,-8553840.0,-8.35,-7914119.0,-7.73,12473270.0,12.18,3994691.0,3.9,-1005.0,1.929,1.93,1013844400.0,1955705848,1955705848,2026-08-14,2026-08-14 16:12:01+08:00
159533,中证2000ETF博时,1.942,1.9514,0.48,0.014,0.73,28888.0,5586834.5,1.95,1.95,1.915,1.928,1.82,17.55,1.03,-71.95,9074.0,19814.0,579552.0,10.37,962247.0,17.22,-382695.0,-6.85,-334982.0,-6.0,-244571.0,-4.38,12.0,1.941,1.942,16458785.0,31962960,31962960,2026-08-14,2026-08-14 15:34:54+08:00
516260,物联网ETF华夏,1.396,1.3997,0.26,0.01,0.72,16410.0,2284947.0,1.38,1.407,1.38,1.386,1.95,3.58,2.5,9.89,7399.0,9011.0,155369.0,6.8,0.0,0.0,155369.0,6.8,-125064.0,-5.47,-30304.0,-1.33,-1442.0,1.396,1.401,45882600.0,64052110,64052110,2026-08-14,2026-08-14 16:11:42+08:00
159638,高端装备ETF嘉实,0.851,0.8525,0.18,0.006,0.71,441719.0,37553526.2,0.847,0.858,0.843,0.845,1.78,3.0,0.8,-38.74,232507.0,209212.0,3871179.0,10.31,2242150.0,5.97,1629029.0,4.34,-2136005.0,-5.69,-1735174.0,-4.62,-429.0,0.851,0.852,1472341936.0,1252962988,1252962988,2026-08-14,2026-08-14 15:34:48+08:00
561460,人工智能ETF天弘,0.852,0.8515,-0.06,0.006,0.71,198428.0,16826587.0,0.847,0.857,0.838,0.846,2.25,5.46,0.81,-0.09,64414.0,134014.0,77542.0,0.46,2191044.0,13.02,-2113502.0,-12.56,-346185.0,-2.06,268643.0,1.6,-1030.0,0.852,0.853,363520000.0,309719040,309719040,2026-08-14,2026-08-14 16:11:34+08:00
159678,500增强ETF博时,1.57,1.5715,0.1,0.011,0.71,20722.0,3238302.2,1.577,1.577,1.549,1.559,1.8,2.22,0.67,4.89,9707.0,11015.0,210333.0,6.5,0.0,0.0,210333.0,6.5,-238869.0,-7.38,28536.0,0.88,-20.0,1.57,1.572,93143694.0,146235600,146235600,2026-08-14,2026-08-14 15:34:42+08:00
159270,创业板200ETF南方,1.156,1.1585,0.22,0.008,0.7,88177.0,10123310.2,1.148,1.172,1.14,1.148,2.79,9.72,0.85,0.77,42659.0,45518.0,502231.0,4.96,0.0,0.0,502231.0,4.96,-513319.0,-5.07,11087.0,0.11,-2.0,1.156,1.16,90763649.0,104922778,104922778,2026-08-14,2026-08-14 15:34:42+08:00
159701,物联网ETF招商,1.295,1.2948,-0.02,0.009,0.7,3241.0,417884.1,1.286,1.298,1.279,1.286,1.48,5.68,0.49,1.05,1115.0,2126.0,-6024.0,-1.44,0.0,0.0,-6024.0,-1.44,-388.0,-0.09,6413.0,1.53,10.0,1.283,1.305,5705601.0,7388753,7388753,2026-08-14,2026-08-14 15:34:00+08:00
159181,石油ETF易方达,0.868,0.8693,0.15,0.006,0.7,23945.0,2070930.072,0.861,0.869,0.858,0.862,1.28,1.72,0.44,-35.6,12137.0,11808.0,312352.0,15.08,0.0,0.0,312352.0,15.08,-135004.0,-6.52,-177348.0,-8.56,-40.0,0.868,0.869,139405335.0,121003831,121003831,2026-08-14,2026-08-14 15:34:21+08:00
159077,电池ETF鑫元,1.006,1.0047,-0.13,0.007,0.7,198107.0,20096343.307,0.994,1.023,0.994,0.999,2.9,29.46,0.25,-93.67,146601.0,51507.0,1136893.0,5.66,-1206659.0,-6.0,2343552.0,11.66,-785493.0,-3.91,-351400.0,-1.75,27.0,1.004,1.006,67242574.0,67646029,67646029,2026-08-14,2026-08-14 15:34:57+08:00
510880,红利ETF华泰柏瑞,3.296,3.2934,-0.08,0.023,0.7,1349647.0,443105392.0,3.269,3.302,3.255,3.273,1.44,2.17,0.77,-67.95,683710.0,665937.0,68799181.0,15.53,89115541.0,20.11,-20316360.0,-4.58,-40007915.0,-9.03,-28791266.0,-6.5,-5525.0,3.295,3.296,6229675776.0,20533011358,20533011358,2026-08-14,2026-08-14 16:11:44+08:00
563030,中证500增强ETF易方达,1.601,1.6003,-0.04,0.011,0.69,24714.0,3939584.0,1.592,1.608,1.583,1.59,1.57,1.94,0.69,25.42,13467.0,11247.0,-399593.0,-10.14,0.0,0.0,-399593.0,-10.14,221260.0,5.62,178334.0,4.53,-1.0,1.6,1.601,127169000.0,203597569,203597569,2026-08-14,2026-08-14 16:11:59+08:00
159998,计算机ETF天弘,1.018,1.0184,0.04,0.007,0.69,1073506.0,108423791.9,1.013,1.027,0.999,1.011,2.77,6.78,1.28,-0.39,633298.0,440208.0,-27495033.0,-25.36,-11837637.0,-10.92,-15657396.0,-14.44,-4045954.0,-3.73,31540987.0,29.09,5631.0,1.016,1.018,1583855360.0,1612364756,1612364756,2026-08-14,2026-08-14 15:34:39+08:00
516920,芯片ETF汇添富,1.465,1.4642,-0.05,0.01,0.69,223698.0,32743311.0,1.478,1.484,1.439,1.455,3.09,4.76,0.78,25.91,112975.0,110723.0,-4286565.0,-13.09,-4872507.0,-14.88,585942.0,1.79,1573635.0,4.81,2712930.0,8.29,-1722.0,1.464,1.465,469463008.0,687763307,687763307,2026-08-14,2026-08-14 16:12:02+08:00
530100,上证580ETF易方达,1.164,1.1677,0.32,0.008,0.69,42530.0,4932170.0,1.156,1.165,1.15,1.156,1.3,3.41,1.09,4.77,27909.0,14621.0,-452933.0,-9.18,-42835.0,-0.87,-410098.0,-8.31,263031.0,5.33,189902.0,3.85,-11.0,1.165,1.167,124696000.0,145146144,145146144,2026-08-14,2026-08-14 16:11:53+08:00
159220,港股通红利低波ETF华宝,0.581,0.58,-0.17,0.004,0.69,93198.0,5395417.2,0.578,0.581,0.576,0.577,0.87,1.9,0.39,-1.58,50774.0,42424.0,-139196.0,-2.58,101883.0,1.89,-241079.0,-4.47,132030.0,2.45,7166.0,0.13,214.0,0.58,0.581,491569520.0,285601891,285601891,2026-08-14,2026-08-14 15:34:39+08:00
159677,中证1000增强ETF银华,1.47,1.4732,0.22,0.01,0.68,53075.0,7776574.5,1.464,1.471,1.454,1.46,1.16,17.75,0.96,-73.33,32453.0,20622.0,-287233.0,-3.69,0.0,0.0,-287233.0,-3.69,156343.0,2.01,130890.0,1.68,-101.0,1.47,1.474,29904091.0,43959014,43959014,2026-08-14,2026-08-14 15:34:00+08:00
560410,电池ETF鹏华,0.885,0.8829,-0.24,0.006,0.68,13916.0,1232414.0,0.868,0.897,0.868,0.879,3.3,2.25,0.44,25.06,7066.0,6850.0,186552.0,15.14,666301.0,54.06,-479749.0,-38.93,-87442.0,-7.1,-99112.0,-8.04,-170.0,0.883,0.885,61786100.0,54680699,54680699,2026-08-14,2026-08-14 16:11:55+08:00
159283,通用航空ETF南方,0.886,0.8861,0.01,0.006,0.68,110277.0,9729316.8,0.881,0.89,0.876,0.88,1.59,3.72,0.98,-67.59,64994.0,45283.0,486574.0,5.0,466578.0,4.8,19996.0,0.21,-371565.0,-3.82,-115009.0,-1.18,1.0,0.885,0.886,296437984.0,262644054,262644054,2026-08-14,2026-08-14 15:34:42+08:00
589900,科创综指ETF博时,1.62,1.622,0.12,0.011,0.68,123358.0,19896892.0,1.625,1.63,1.592,1.609,2.36,6.53,0.75,-9.81,56547.0,66811.0,-1573467.0,-7.91,-4050.0,-0.02,-1569417.0,-7.89,1635839.0,8.22,-62372.0,-0.31,-200.0,1.621,1.623,188908200.0,306031284,306031284,2026-08-14,2026-08-14 16:11:52+08:00
560100,中证500增强ETF南方,1.356,1.358,0.15,0.009,0.67,129736.0,17518041.0,1.347,1.36,1.341,1.347,1.41,20.25,1.41,19.73,44808.0,84928.0,108024.0,0.62,-3589004.0,-20.49,3697028.0,21.1,-146707.0,-0.84,38682.0,0.22,-7.0,1.355,1.356,64080300.0,86892887,86892887,2026-08-14,2026-08-14 16:11:36+08:00
588750,科创芯片ETF汇添富,2.425,2.4241,-0.04,0.016,0.66,1130412.0,273631707.0,2.452,2.459,2.382,2.409,3.2,3.63,0.98,-50.49,422633.0,707779.0,-19877639.0,-7.26,3205657.0,1.17,-23083296.0,-8.44,1215171.0,0.44,18662468.0,6.82,-5891.0,2.424,2.425,3118228000.0,7561702900,7561702900,2026-08-14,2026-08-14 16:11:46+08:00
159321,黄金股ETF华安,1.532,1.533,0.07,0.01,0.66,254500.0,38590927.0,1.486,1.537,1.486,1.522,3.35,6.14,0.44,-50.81,139137.0,115363.0,4936177.0,12.79,-750990.0,-1.95,5687167.0,14.74,-957511.0,-2.48,-3978668.0,-10.31,2366.0,1.531,1.532,414400400.0,634861413,634861413,2026-08-14,2026-08-14 15:34:57+08:00
588200,科创芯片ETF嘉实,1.212,1.2121,0.01,0.008,0.66,27648029.0,3341731186.0,1.222,1.227,1.189,1.204,3.16,6.58,0.92,-5.05,12175041.0,15472989.0,-109419984.0,-3.27,-100311104.0,-3.0,-9108880.0,-0.27,21192656.0,0.63,88227317.0,2.64,-199964.0,1.212,1.213,42028184320.0,50938159396,50938159396,2026-08-14,2026-08-14 16:12:00+08:00
159292,创业板综增强ETF华宝,1.218,1.2215,0.29,0.008,0.66,16861.0,2049975.5,1.213,1.22,1.205,1.21,1.24,0.95,0.36,-74.38,8908.0,7953.0,99873.0,4.87,0.0,0.0,99873.0,4.87,-132127.0,-6.45,32253.0,1.57,-2.0,1.218,1.222,178189531.0,217034849,217034849,2026-08-14,2026-08-14 15:34:51+08:00
588810,科创芯片ETF富国,2.597,2.5961,-0.03,0.017,0.66,338820.0,87839561.0,2.621,2.627,2.55,2.58,2.98,5.85,0.93,70.66,176755.0,162065.0,-5237155.0,-5.96,-1098200.0,-1.25,-4138955.0,-4.71,1140134.0,1.3,4097021.0,4.66,-1166.0,2.596,2.597,579324000.0,1504504428,1504504428,2026-08-14,2026-08-14 16:11:40+08:00
159875,新能源ETF嘉实,0.612,0.611,-0.16,0.004,0.66,674138.0,41188941.8,0.608,0.619,0.606,0.608,2.14,2.53,0.9,-41.57,368606.0,305532.0,389009.0,0.94,3310920.0,8.04,-2921911.0,-7.09,-1208359.0,-2.93,819349.0,1.99,355.0,0.611,0.612,2659662896.0,1627713692,1627713692,2026-08-14,2026-08-14 15:34:42+08:00
561590,中证1000增强ETF华泰柏瑞,1.515,1.5172,0.15,0.01,0.66,64432.0,9741151.0,1.503,1.519,1.498,1.505,1.4,6.05,1.12,-0.35,34041.0,30391.0,1293038.0,13.27,2194320.0,22.53,-901282.0,-9.25,-1098399.0,-11.28,-194639.0,-2.0,-4.0,1.515,1.519,106499600.0,161346894,161346894,2026-08-14,2026-08-14 16:11:42+08:00
516360,新材料ETF华宝,1.081,1.0828,0.17,0.007,0.65,15122.0,1633108.0,1.075,1.088,1.071,1.074,1.58,2.46,0.48,-0.33,6801.0,8321.0,-59911.0,-3.67,0.0,0.0,-59911.0,-3.67,86365.0,5.29,-26454.0,-1.62,210.0,1.081,1.085,61551800.0,66537496,66537496,2026-08-14,2026-08-14 16:11:48+08:00
159249,A500增强ETF工银,1.387,1.3883,0.09,0.009,0.65,70849.0,9794534.8,1.382,1.388,1.374,1.378,1.02,6.74,0.88,7.84,36310.0,34539.0,-339886.0,-3.47,0.0,0.0,-339886.0,-3.47,366135.0,3.74,-26248.0,-0.27,1.0,1.386,1.388,105191923.0,145901197,145901197,2026-08-14,2026-08-14 15:34:48+08:00
159997,电子ETF天弘,2.176,2.1726,-0.16,0.014,0.65,304817.0,66259074.0,2.218,2.218,2.136,2.162,3.79,4.18,0.73,43.18,130506.0,174311.0,3704702.0,5.59,8988904.0,13.57,-5284202.0,-7.98,996893.0,1.5,-4701595.0,-7.1,-536.0,2.176,2.177,729306640.0,1586971249,1586971249,2026-08-14,2026-08-14 15:34:36+08:00
159808,创100ETF融通,1.4,1.4062,0.44,0.009,0.65,4913.0,686245.7,1.389,1.406,1.384,1.391,1.58,0.99,0.32,-44.55,3732.0,1181.0,200662.0,29.24,0.0,0.0,200662.0,29.24,-166940.0,-24.33,-33721.0,-4.91,200.0,1.389,1.405,49484790.0,69278706,69278706,2026-08-14,2026-08-14 15:34:30+08:00
159633,中证1000ETF易方达,3.317,3.3163,-0.02,0.021,0.64,2989396.0,987856241.682,3.29,3.321,3.278,3.296,1.3,27.32,0.88,38.05,1604449.0,1384947.0,10214608.0,1.03,7900704.0,0.8,2313904.0,0.23,-8450359.0,-0.86,-1764263.0,-0.18,1008.0,3.316,3.317,1094162656.0,3629337530,3629337530,2026-08-14,2026-08-14 15:34:45+08:00
159964,创业板ETF平安,2.372,2.3821,0.42,0.015,0.64,8298.0,1966030.7,2.426,2.426,2.351,2.357,3.18,0.5,0.35,66.03,4707.0,3591.0,-277649.0,-14.12,360751.0,18.35,-638400.0,-32.47,380439.0,19.35,-102789.0,-5.23,-11.0,2.372,2.388,165481881.0,392523022,392523022,2026-08-14,2026-08-14 15:34:21+08:00
159293,创业板综增强ETF建信,1.1,1.1023,0.21,0.007,0.64,23228.0,2542204.0,1.094,1.1,1.088,1.093,1.1,9.23,0.51,0.36,14012.0,9216.0,-50001.0,-1.97,0.0,0.0,-50001.0,-1.97,41762.0,1.64,8239.0,0.32,400.0,1.096,1.103,25159397.0,27675337,27675337,2026-08-14,2026-08-14 15:34:51+08:00
159560,芯片ETF景顺,2.375,2.3721,-0.12,0.015,0.64,83780.0,19839854.7,2.4,2.422,2.333,2.36,3.77,4.54,0.78,82.6,40558.0,43222.0,-1431100.0,-7.21,0.0,0.0,-1431100.0,-7.21,-1361818.0,-6.86,2792918.0,14.08,-521.0,2.375,2.376,184416460.0,437989093,437989093,2026-08-14,2026-08-14 15:34:09+08:00
589280,科创增强ETF华宝,0.948,0.9492,0.13,0.006,0.64,48246.0,4549997.0,0.956,0.956,0.929,0.942,2.87,3.13,0.68,-8.38,23334.0,24912.0,21510.0,0.47,1099650.0,24.17,-1078140.0,-23.7,-116452.0,-2.56,94942.0,2.09,-50.0,0.947,0.948,154069000.0,146057412,146057412,2026-08-14,2026-08-14 16:11:57+08:00
561360,石油ETF国泰,1.424,1.4257,0.12,0.009,0.64,311133.0,44212653.0,1.41,1.428,1.41,1.415,1.27,2.28,0.59,25.26,131461.0,179671.0,16521797.0,37.37,8088336.0,18.29,8433461.0,19.07,-4190408.0,-9.48,-12331388.0,-27.89,-1099.0,1.424,1.426,1364148000.0,1942546752,1942546752,2026-08-14,2026-08-14 16:11:46+08:00
520660,港股通央企红利ETF南方,0.963,0.963,0.0,0.006,0.63,1111840.0,106718348.0,0.956,0.964,0.953,0.957,1.15,4.54,2.51,17.55,769604.0,342236.0,758335.0,0.71,-13830954.0,-12.96,14589289.0,13.67,-1132834.0,-1.06,374500.0,0.35,-555.0,0.962,0.963,2450485504.0,2359817540,2359817540,2026-08-14,2026-08-14 16:11:50+08:00
159331,红利港股ETF国泰,1.272,1.2719,-0.01,0.008,0.63,36157.0,4591582.446,1.266,1.274,1.262,1.264,0.95,2.37,0.86,-3.43,21165.0,14992.0,159569.0,3.48,0.0,0.0,159569.0,3.48,-60158.0,-1.31,-99410.0,-2.17,80.0,1.27,1.272,152694179.0,194226996,194226996,2026-08-14,2026-08-14 15:34:12+08:00
159529,标普消费ETF景顺,1.301,1.2913,-0.75,0.008,0.62,243406.0,31650427.5,1.297,1.303,1.297,1.293,0.46,3.0,1.14,-43.69,143522.0,99884.0,1220499.0,3.86,-60770.0,-0.19,1281269.0,4.05,-92803.0,-0.29,-1127695.0,-3.56,2475.0,1.3,1.301,811536784.0,1055809356,1055809356,2026-08-14,2026-08-14 15:34:45+08:00
520900,港股通红利ETF广发,0.979,0.9783,-0.07,0.006,0.62,524318.0,51188560.0,0.974,0.98,0.968,0.973,1.23,3.35,0.87,-6.86,293770.0,230548.0,2936347.0,5.74,177265.0,0.35,2759082.0,5.39,-2628904.0,-5.14,-307443.0,-0.6,-1608.0,0.978,0.979,1566175008.0,1533285333,1533285333,2026-08-14,2026-08-14 16:11:42+08:00
512870,杭州湾区ETF南华,1.471,1.4775,0.44,0.009,0.62,537.0,78762.0,1.467,1.471,1.45,1.462,1.44,0.26,1.63,20.31,336.0,201.0,24967.0,31.7,0.0,0.0,24967.0,31.7,294.0,0.37,-25261.0,-32.07,-70.0,1.474,1.476,20410600.0,30023993,30023993,2026-08-14,2026-08-14 16:11:40+08:00
563150,油气ETF银华,1.301,1.3013,0.02,0.008,0.62,22428.0,2905772.0,1.293,1.301,1.288,1.293,1.01,6.52,1.67,16.52,11774.0,10654.0,321933.0,11.08,431661.0,14.86,-109728.0,-3.78,-194433.0,-6.69,-127500.0,-4.39,-15.0,1.298,1.301,34399000.0,44753099,44753099,2026-08-14,2026-08-14 16:11:38+08:00
589080,科创综指ETF汇添富,1.613,1.614,0.06,0.01,0.62,171744.0,27608381.0,1.619,1.622,1.587,1.603,2.18,11.6,0.7,-56.62,106351.0,65393.0,2401401.0,8.7,-543672.0,-1.97,2945073.0,10.67,-1994527.0,-7.22,-406874.0,-1.47,-179.0,1.612,1.613,148061000.0,238822393,238822393,2026-08-14,2026-08-14 16:11:39+08:00
561760,油气ETF博时,1.317,1.3186,0.12,0.008,0.61,42719.0,5606724.0,1.309,1.318,1.305,1.309,0.99,2.68,1.09,6.23,19378.0,23341.0,172608.0,3.08,-1706300.0,-30.43,1878908.0,33.51,-31558.0,-0.56,-141050.0,-2.52,-20.0,1.317,1.318,159195000.0,209659815,209659815,2026-08-14,2026-08-14 16:11:42+08:00
520890,港股通红利低波ETF华泰柏瑞,1.316,1.3119,-0.31,0.008,0.61,102728.0,13482964.0,1.303,1.317,1.299,1.308,1.38,13.52,0.84,-3.35,53086.0,49642.0,423419.0,3.14,1381799.0,10.25,-958380.0,-7.11,-469129.0,-3.48,45710.0,0.34,-10.0,1.313,1.316,76008000.0,100026528,100026528,2026-08-14,2026-08-14 16:11:42+08:00
159836,创业板300ETF天弘,1.325,1.3294,0.33,0.008,0.61,12334.0,1629378.7,1.341,1.341,1.313,1.317,2.13,1.12,0.5,5.2,6699.0,5635.0,-62197.0,-3.82,56678.0,3.48,-118875.0,-7.3,92231.0,5.66,-30035.0,-1.84,-2.0,1.324,1.33,109747113.0,145414925,145414925,2026-08-14,2026-08-14 15:34:00+08:00
159985,豆粕ETF华夏,2.139,2.0814,-2.77,0.013,0.61,971821.0,207575346.0,2.123,2.145,2.123,2.126,1.03,6.29,0.95,-35.91,589420.0,382401.0,8062269.0,3.88,8652776.0,4.17,-590507.0,-0.28,-15184027.0,-7.31,7121757.0,3.43,-3149.0,2.139,2.14,1545124064.0,3305020373,3305020373,2026-08-14,2026-08-14 15:34:48+08:00
159786,VRETF银华,1.183,1.183,0.0,0.007,0.6,102748.0,12081513.5,1.175,1.186,1.164,1.176,1.87,11.58,0.95,-43.43,51402.0,51346.0,-208380.0,-1.72,778010.0,6.44,-986390.0,-8.16,385830.0,3.19,-177450.0,-1.47,115.0,1.182,1.183,88701174.0,104933489,104933489,2026-08-14,2026-08-14 15:34:54+08:00
515030,新能源车ETF华夏,1.67,1.6696,-0.02,0.01,0.6,972396.0,162250426.0,1.667,1.691,1.658,1.66,1.99,6.27,1.04,-16.37,392868.0,579528.0,21856867.0,13.47,18984573.0,11.7,2872294.0,1.77,-11367289.0,-7.01,-10489577.0,-6.47,-463.0,1.668,1.67,1551384000.0,2590811280,2590811280,2026-08-14,2026-08-14 16:11:43+08:00
159540,信创ETF易方达,2.008,2.0092,0.06,0.012,0.6,86147.0,17216595.3,2.016,2.035,1.975,1.996,3.01,6.98,0.71,56.48,41586.0,44561.0,-106356.0,-0.62,2681036.0,15.57,-2787392.0,-16.19,287908.0,1.67,-181552.0,-1.05,449.0,2.006,2.008,123505191.0,247998424,247998424,2026-08-14,2026-08-14 15:34:45+08:00
159553,中证2000增强ETF海富通,1.831,1.8342,0.17,0.011,0.6,5251.0,955258.9,1.82,1.838,1.809,1.82,1.59,3.22,0.98,5.06,1264.0,3987.0,-254752.0,-26.67,0.0,0.0,-254752.0,-26.67,253992.0,26.59,760.0,0.08,1.0,1.824,1.832,16326751.0,29894281,29894281,2026-08-14,2026-08-14 15:34:54+08:00
515700,新能源车ETF平安,2.234,2.2342,0.01,0.013,0.59,168004.0,37567149.0,2.221,2.263,2.218,2.221,2.03,2.35,0.96,-77.94,84056.0,83947.0,3826598.0,10.19,4071217.0,10.84,-244619.0,-0.65,-812926.0,-2.16,-3013673.0,-8.02,-642.0,2.234,2.235,714510208.0,1596215805,1596215805,2026-08-14,2026-08-14 16:12:01+08:00
159288,创业板综ETF银华,1.027,1.0296,0.25,0.006,0.59,9665.0,989143.8,1.021,1.029,1.017,1.021,1.18,1.05,0.69,79.84,4595.0,5070.0,52284.0,5.29,0.0,0.0,52284.0,5.29,-95198.0,-9.62,42915.0,4.34,-10.0,1.027,1.031,92174931.0,94663654,94663654,2026-08-14,2026-08-14 15:34:45+08:00
159500,中证500ETF富国,1.201,1.2002,-0.07,0.007,0.59,114835.0,13724762.6,1.196,1.202,1.185,1.194,1.42,5.11,0.68,-5.72,49045.0,65790.0,1210110.0,8.82,2318053.0,16.89,-1107943.0,-8.07,-1359756.0,-9.91,149645.0,1.09,159.0,1.2,1.201,224538865.0,269671177,269671177,2026-08-14,2026-08-14 15:34:42+08:00
516350,芯片ETF易方达,1.709,1.7071,-0.11,0.01,0.59,1303419.0,221943691.0,1.72,1.73,1.677,1.699,3.12,9.27,0.85,-38.51,496795.0,806624.0,-8495694.0,-3.83,-9248200.0,-4.17,752506.0,0.34,-310276.0,-0.14,8805970.0,3.97,-5652.0,1.709,1.71,1406415296.0,2403563741,2403563741,2026-08-14,2026-08-14 16:11:49+08:00
159267,航天ETF华安,0.87,0.8717,0.2,0.005,0.58,988621.0,85953023.357,0.863,0.877,0.861,0.865,1.85,3.74,0.81,43.54,494899.0,493722.0,1510208.0,1.76,1897781.0,2.21,-387573.0,-0.45,-1657674.0,-1.93,147465.0,0.17,-2268.0,0.87,0.871,2640506128.0,2297240331,2297240331,2026-08-14,2026-08-14 15:34:39+08:00
159368,创业板新能源ETF华夏,0.694,0.692,-0.29,0.004,0.58,1969007.0,136313736.7,0.69,0.701,0.686,0.69,2.17,18.81,0.82,-36.72,946104.0,1022903.0,745414.0,0.55,-2205251.0,-1.62,2950665.0,2.16,91275.0,0.07,-836689.0,-0.61,1030.0,0.693,0.694,1046579680.0,726326298,726326298,2026-08-14,2026-08-14 15:34:24+08:00
512370,A500增强ETF华夏,1.219,1.2189,-0.01,0.007,0.58,43015.0,5220150.0,1.218,1.221,1.205,1.212,1.32,1.36,1.54,9.4,15337.0,27678.0,3167189.0,60.67,2999714.0,57.46,167475.0,3.21,315749.0,6.05,-3482939.0,-66.72,-10.0,1.219,1.223,317313008.0,386804557,386804557,2026-08-14,2026-08-14 16:11:48+08:00
159189,石油ETF华夏,0.869,0.873,0.46,0.005,0.58,165196.0,14337564.0,0.862,0.872,0.859,0.864,1.5,14.35,1.07,-91.16,89853.0,75343.0,1966961.0,13.72,0.0,0.0,1966961.0,13.72,-1183688.0,-8.26,-783273.0,-5.46,1680.0,0.868,0.869,115083187.0,100007290,100007290,2026-08-14,2026-08-14 15:34:06+08:00
588460,科创50增强ETF鹏华,2.118,2.115,-0.14,0.012,0.57,198747.0,41874372.0,2.136,2.136,2.08,2.106,2.66,3.24,0.61,9.58,95571.0,103176.0,-1853566.0,-4.43,445394.0,1.06,-2298960.0,-5.49,814987.0,1.95,1038579.0,2.48,-1073.0,2.118,2.119,613514000.0,1299422652,1299422652,2026-08-14,2026-08-14 16:11:36+08:00
515320,电子50ETF华安,1.589,1.5943,0.33,0.009,0.57,114870.0,18160574.0,1.612,1.613,1.564,1.58,3.1,12.18,0.8,31.24,55223.0,59647.0,1959148.0,10.79,999275.0,5.5,959873.0,5.29,-2085156.0,-11.48,126007.0,0.69,-4.0,1.589,1.591,94309000.0,149857001,149857001,2026-08-14,2026-08-14 16:11:48+08:00
515530,中证500ETF泰康,4.424,4.4125,-0.26,0.025,0.57,9544.0,4188632.0,4.401,4.424,4.359,4.399,1.48,7.8,0.98,0.32,4510.0,5034.0,505118.0,12.06,0.0,0.0,505118.0,12.06,106256.0,2.54,-611375.0,-14.6,-455.0,4.409,4.43,12242700.0,54161705,54161705,2026-08-14,2026-08-14 16:12:02+08:00
517090,央企共赢ETF国泰,1.576,1.5699,-0.39,0.009,0.57,24432.0,3832063.0,1.556,1.576,1.547,1.567,1.85,4.36,0.67,22.79,10958.0,13474.0,-214908.0,-5.61,0.0,0.0,-214908.0,-5.61,205402.0,5.36,9506.0,0.25,-10.0,1.571,1.576,56075000.0,88374200,88374200,2026-08-14,2026-08-14 16:11:42+08:00
561950,中证500增强ETF招商,1.421,1.4225,0.11,0.008,0.57,50942.0,7202668.0,1.415,1.422,1.405,1.413,1.2,6.78,1.1,6.47,31984.0,18958.0,-214935.0,-2.98,0.0,0.0,-214935.0,-2.98,223138.0,3.1,-8202.0,-0.11,301.0,1.42,1.425,75156000.0,106796676,106796676,2026-08-14,2026-08-14 16:11:41+08:00
589300,科创综指ETF嘉实,1.77,1.7779,0.44,0.01,0.57,11639.0,2048146.0,1.782,1.782,1.747,1.76,1.99,2.8,0.79,9.45,4951.0,6688.0,-147504.0,-7.2,0.0,0.0,-147504.0,-7.2,89704.0,4.38,57800.0,2.82,-150.0,1.774,1.776,41582500.0,73601025,73601025,2026-08-14,2026-08-14 16:11:35+08:00
589020,科创半导体设备ETF鹏华,1.242,1.2415,-0.04,0.007,0.57,7796583.0,963791075.0,1.247,1.253,1.215,1.235,3.08,18.33,1.01,-21.19,3536227.0,4260356.0,25616833.0,2.66,52669169.0,5.46,-27052336.0,-2.81,-38712056.0,-4.02,13095217.0,1.36,-61963.0,1.242,1.243,4252438000.0,5281527996,5281527996,2026-08-14,2026-08-14 16:11:49+08:00
563930,上证增强ETF招商,1.059,1.056,-0.28,0.006,0.57,18231.0,1920429.0,1.054,1.059,1.049,1.053,0.95,4.85,0.35,-4.18,6501.0,11730.0,217830.0,11.34,0.0,0.0,217830.0,11.34,-197660.0,-10.29,-20170.0,-1.05,-2090.0,1.059,1.06,37592000.0,39809928,39809928,2026-08-14,2026-08-14 16:11:40+08:00
560220,中证2000ETF广发,1.438,1.4423,0.3,0.008,0.56,113527.0,16240076.0,1.429,1.439,1.418,1.43,1.47,16.28,1.95,-9.55,76793.0,36734.0,107674.0,0.66,-1423403.0,-8.76,1531077.0,9.43,191916.0,1.18,-299591.0,-1.84,-1050.0,1.437,1.438,69717000.0,100253046,100253046,2026-08-14,2026-08-14 16:11:40+08:00
515860,科技ETF嘉实,2.147,2.15,0.14,0.012,0.56,29628.0,6347826.0,2.158,2.158,2.121,2.135,1.73,2.88,0.75,-4.23,13228.0,16400.0,615022.0,9.69,210712.0,3.32,404310.0,6.37,-618488.0,-9.74,3467.0,0.05,155.0,2.148,2.149,102878900.0,220880998,220880998,2026-08-14,2026-08-14 16:11:55+08:00
159155,电池ETF大成,0.894,0.8921,-0.21,0.005,0.56,235884.0,21165932.432,0.888,0.907,0.88,0.889,3.04,4.4,0.7,31.09,109009.0,126875.0,623518.0,2.95,1113205.0,5.26,-489687.0,-2.31,-562504.0,-2.66,-61013.0,-0.29,-324.0,0.894,0.895,536513296.0,479642887,479642887,2026-08-14,2026-08-14 15:34:39+08:00
561980,半导体设备ETF招商,0.718,0.717,-0.14,0.004,0.56,4493751.0,322017132.0,0.724,0.728,0.704,0.714,3.36,5.62,0.83,10.52,2157578.0,2336172.0,-37144276.0,-11.53,-34567192.0,-10.73,-2577084.0,-0.8,10975184.0,3.41,26169091.0,8.13,-17195.0,0.718,0.719,7990550016.0,5737214911,5737214911,2026-08-14,2026-08-14 16:11:55+08:00
513950,恒生红利ETF富国,1.255,1.2546,-0.03,0.007,0.56,405779.0,50817825.0,1.249,1.256,1.244,1.248,0.96,1.63,0.78,3.22,209169.0,196610.0,-1416573.0,-2.79,-166745.0,-0.33,-1249828.0,-2.46,1036947.0,2.04,379626.0,0.75,-2740.0,1.254,1.255,2492619008.0,3128236855,3128236855,2026-08-14,2026-08-14 16:11:58+08:00
159575,创业板200ETF银华,1.449,1.4536,0.32,0.008,0.56,590.0,84686.7,1.427,1.451,1.427,1.441,1.67,0.52,0.12,26.02,37.0,553.0,77325.0,91.31,0.0,0.0,77325.0,91.31,-72276.0,-85.35,-5048.0,-5.96,-5.0,1.443,1.455,11410425.0,16533706,16533706,2026-08-14,2026-08-14 15:34:03+08:00
159629,中证1000ETF富国,3.245,3.2462,0.04,0.018,0.56,1335740.0,431427069.613,3.225,3.249,3.208,3.227,1.27,15.77,1.05,-49.08,652051.0,683689.0,-20958537.0,-4.86,-9438965.0,-2.19,-11519572.0,-2.67,11208848.0,2.6,9749688.0,2.26,-574.0,3.245,3.246,847252656.0,2749334869,2749334869,2026-08-14,2026-08-14 15:34:42+08:00
562380,央企科技ETF银华,1.291,1.2921,0.09,0.007,0.55,11582.0,1488418.0,1.298,1.298,1.272,1.284,2.02,1.54,0.24,-0.12,2985.0,8597.0,199879.0,13.43,135029.0,9.07,64850.0,4.36,-206224.0,-13.86,6344.0,0.43,-1.0,1.291,1.292,75128900.0,96991410,96991410,2026-08-14,2026-08-14 16:11:41+08:00
159806,新能源车ETF国泰,0.731,0.7306,-0.05,0.004,0.55,125883.0,9194573.8,0.726,0.74,0.725,0.727,2.06,1.43,0.71,-11.42,55901.0,69982.0,190464.0,2.07,194757.0,2.12,-4293.0,-0.05,-68378.0,-0.74,-122087.0,-1.33,15.0,0.73,0.731,882089440.0,644807381,644807381,2026-08-14,2026-08-14 15:34:54+08:00
159310,芯片ETF天弘,2.948,2.9483,0.01,0.016,0.55,62830.0,18523658.0,2.965,3.0,2.897,2.932,3.51,1.28,0.72,-26.17,29695.0,33135.0,349040.0,1.88,174663.0,0.94,174377.0,0.94,-1538982.0,-8.31,1189942.0,6.42,-254.0,2.948,2.949,489981088.0,1444464247,1444464247,2026-08-14,2026-08-14 15:34:42+08:00
159918,中创400ETF嘉实,2.559,2.5645,0.21,0.014,0.55,11475.0,2920009.8,2.534,2.562,2.526,2.545,1.41,3.75,1.16,17.6,5969.0,5506.0,-296720.0,-10.16,0.0,0.0,-296720.0,-10.16,253196.0,8.67,43525.0,1.49,500.0,2.549,2.565,30561264.0,78206275,78206275,2026-08-14,2026-08-14 15:34:03+08:00
512100,中证1000ETF南方,3.145,3.148,0.1,0.017,0.54,9223932.0,2893140712.0,3.14,3.153,3.11,3.128,1.37,11.83,0.69,-36.23,4116537.0,5107395.0,159326032.0,5.51,213869920.0,7.39,-54543888.0,-1.89,-162594720.0,-5.62,3268700.0,0.11,-79472.0,3.144,3.145,7799217664.0,24528539553,24528539553,2026-08-14,2026-08-14 16:11:33+08:00
588290,科创芯片ETF华安,3.554,3.556,0.06,0.019,0.54,633347.0,224519312.0,3.596,3.599,3.494,3.535,2.97,3.99,0.98,36.62,292006.0,341341.0,-7054159.0,-3.14,4844604.0,2.16,-11898763.0,-5.3,-3941333.0,-1.76,10995491.0,4.9,-5479.0,3.553,3.554,1586397008.0,5638054966,5638054966,2026-08-14,2026-08-14 16:11:54+08:00
159966,创业板价值ETF华夏,0.56,0.5594,-0.11,0.003,0.54,154167.0,8623168.2,0.557,0.562,0.555,0.557,1.26,2.4,1.07,-48.19,90682.0,63485.0,40956.0,0.47,1237496.0,14.35,-1196540.0,-13.88,-85760.0,-0.99,44804.0,0.52,178.0,0.559,0.56,641999520.0,359519731,359519731,2026-08-14,2026-08-14 15:34:24+08:00
159385,数字经济ETF富国,1.887,1.8875,0.03,0.01,0.53,25969.0,4898802.0,1.883,1.929,1.856,1.877,3.89,5.53,0.49,-6.71,10207.0,15762.0,-635304.0,-12.97,-2667.0,-0.05,-632637.0,-12.91,617027.0,12.6,18278.0,0.37,-1.0,1.887,1.891,47002525.0,88693765,88693765,2026-08-14,2026-08-14 15:34:36+08:00
159127,港股通红利ETF南方,0.94,0.942,0.21,0.005,0.53,70508.0,6634937.088,0.937,0.943,0.934,0.935,0.96,4.25,1.47,-2.98,37174.0,33334.0,88747.0,1.34,90340.0,1.36,-1593.0,-0.02,-56361.0,-0.85,-32385.0,-0.49,-1.0,0.94,0.941,165844268.0,155893612,155893612,2026-08-14,2026-08-14 15:34:03+08:00
159537,信创ETF国泰,0.94,0.9406,0.06,0.005,0.53,47976.0,4500700.8,0.95,0.951,0.924,0.935,2.89,3.19,0.86,30.02,26301.0,21675.0,-801089.0,-17.8,-199968.0,-4.44,-601121.0,-13.36,505406.0,11.23,295683.0,6.57,-117.0,0.94,0.941,150285204.0,141268092,141268092,2026-08-14,2026-08-14 15:34:30+08:00
512760,芯片ETF国泰,1.146,1.1459,-0.01,0.006,0.53,3527440.0,403383619.0,1.156,1.161,1.125,1.14,3.16,3.73,0.82,-8.47,1540640.0,1986800.0,17518321.0,4.34,17976245.0,4.46,-457924.0,-0.11,-30930417.0,-7.67,13412095.0,3.32,-28500.0,1.146,1.147,9459445504.0,10840524548,10840524548,2026-08-14,2026-08-14 16:11:44+08:00
589990,科创综指ETF华泰柏瑞,1.7,1.7037,0.22,0.009,0.53,50826.0,8622676.0,1.705,1.71,1.674,1.691,2.13,4.79,0.69,-9.51,27483.0,23343.0,261399.0,3.03,-747787.0,-8.67,1009186.0,11.7,-234986.0,-2.73,-26412.0,-0.31,-259.0,1.7,1.707,106090000.0,180353000,180353000,2026-08-14,2026-08-14 16:11:51+08:00
159287,创业板综ETF博时,1.154,1.1577,0.32,0.006,0.52,44023.0,5061913.4,1.15,1.16,1.14,1.148,1.74,4.02,0.27,-9.56,25914.0,18109.0,491174.0,9.7,0.0,0.0,491174.0,9.7,-382967.0,-7.57,-108207.0,-2.14,-317.0,1.154,1.156,109568753.0,126442341,126442341,2026-08-14,2026-08-14 15:34:51+08:00
561570,油气ETF华泰柏瑞,1.346,1.3484,0.18,0.007,0.52,136102.0,18295203.0,1.338,1.349,1.337,1.339,0.9,17.2,0.98,1.22,54325.0,81777.0,204505.0,1.12,229124.0,1.25,-24619.0,-0.13,598764.0,3.27,-803268.0,-4.39,-5.0,1.346,1.349,79147000.0,106531862,106531862,2026-08-14,2026-08-14 16:11:59+08:00
515210,钢铁ETF国泰,1.16,1.1608,0.07,0.006,0.52,561409.0,64887676.0,1.151,1.162,1.148,1.154,1.21,5.82,0.63,-13.45,338643.0,222766.0,2202485.0,3.39,4938499.0,7.61,-2736014.0,-4.22,-903102.0,-1.39,-1299384.0,-2.0,-2362.0,1.16,1.161,964226096.0,1118502271,1118502271,2026-08-14,2026-08-14 16:11:34+08:00
588920,科创芯片ETF鹏华,1.163,1.1639,0.08,0.006,0.52,232651.0,27033576.0,1.189,1.189,1.142,1.157,4.06,7.34,0.9,-13.99,100446.0,132205.0,-3253122.0,-12.03,817894.0,3.03,-4071016.0,-15.06,1173483.0,4.34,2079639.0,7.69,-2595.0,1.162,1.163,316876000.0,368526788,368526788,2026-08-14,2026-08-14 16:11:54+08:00
560110,中证1000ETF汇添富,1.168,1.1668,-0.1,0.006,0.52,221355.0,25738984.0,1.163,1.169,1.155,1.162,1.2,6.02,0.8,-37.15,101117.0,120238.0,3814322.0,14.82,-3247722.0,-12.62,7062044.0,27.44,-2837280.0,-11.02,-977043.0,-3.8,-1425.0,1.167,1.168,367903504.0,429711293,429711293,2026-08-14,2026-08-14 16:11:49+08:00
520990,港股央企红利ETF景顺,0.958,0.958,0.0,0.005,0.52,536949.0,51314805.0,0.952,0.959,0.947,0.953,1.26,1.58,0.5,87.11,277068.0,259881.0,3094083.0,6.03,-668385.0,-1.3,3762468.0,7.33,-2366531.0,-4.61,-727551.0,-1.42,-5791.0,0.957,0.958,3389470496.0,3247112735,3247112735,2026-08-14,2026-08-14 16:11:51+08:00
159311,数字经济ETF易方达,1.534,1.5331,-0.06,0.008,0.52,5468.0,836131.5,1.533,1.56,1.511,1.526,3.21,1.39,0.48,4.9,3652.0,1816.0,47064.0,5.63,-142741.0,-17.07,189805.0,22.7,-135624.0,-16.22,88562.0,10.59,5.0,1.534,1.536,39383993.0,60415045,60415045,2026-08-14,2026-08-14 15:34:15+08:00
562520,中证1000成长ETF华夏,1.379,1.3785,-0.04,0.007,0.51,39942.0,5505024.0,1.38,1.381,1.361,1.372,1.46,13.98,0.77,-39.85,27258.0,12684.0,53162.0,0.97,0.0,0.0,53162.0,0.97,-20274.0,-0.37,-32887.0,-0.6,77.0,1.38,1.382,28568000.0,39395272,39395272,2026-08-14,2026-08-14 16:11:45+08:00
513530,港股通红利ETF华泰柏瑞,1.577,1.5669,-0.64,0.008,0.51,1446760.0,227562149.0,1.569,1.577,1.563,1.569,0.89,5.12,1.05,12.09,816271.0,630489.0,-10893446.0,-4.79,-14254394.0,-6.26,3360948.0,1.48,6266624.0,2.75,4626823.0,2.03,-9266.0,1.576,1.577,2823938704.0,4453351336,4453351336,2026-08-14,2026-08-14 16:11:33+08:00
588890,科创芯片ETF南方,4.105,4.1108,0.14,0.021,0.51,351009.0,143843763.0,4.15,4.162,4.033,4.084,3.16,4.11,0.81,-1.27,154619.0,196390.0,-910174.0,-0.63,-199948.0,-0.14,-710226.0,-0.49,-1025487.0,-0.71,1935660.0,1.35,-1529.0,4.104,4.105,854810000.0,3508995050,3508995050,2026-08-14,2026-08-14 16:11:46+08:00
159840,锂电池ETF工银,0.79,0.7919,0.24,0.004,0.51,704452.0,55775758.8,0.792,0.802,0.786,0.786,2.04,3.46,0.82,65.5,372930.0,331522.0,1400300.0,2.51,5406575.0,9.69,-4006275.0,-7.18,-285640.0,-0.51,-1114660.0,-2.0,-870.0,0.79,0.792,2038574848.0,1610474130,1610474130,2026-08-14,2026-08-14 15:34:39+08:00
159755,电池ETF广发,0.98,0.9821,0.21,0.005,0.51,2959688.0,290892295.366,0.973,0.994,0.973,0.975,2.15,3.37,0.83,-2.08,1877307.0,1082382.0,-29038914.0,-9.98,-36231027.0,-12.46,7192113.0,2.47,783084.0,0.27,28255830.0,9.71,-15331.0,0.98,0.981,8788646656.0,8612873723,8612873723,2026-08-14,2026-08-14 15:34:48+08:00
159582,半导体ETF博时,0.791,0.7899,-0.14,0.004,0.51,1025571.0,80832440.6,0.795,0.801,0.775,0.787,3.3,10.0,0.74,14.08,492996.0,532575.0,-4081934.0,-5.05,-1534331.0,-1.9,-2547603.0,-3.15,-669076.0,-0.83,4751009.0,5.88,-14511.0,0.791,0.792,1025608112.0,811256017,811256017,2026-08-14,2026-08-14 15:34:00+08:00
159891,医疗ETF建信,0.393,0.3919,-0.28,0.002,0.51,370159.0,14562205.7,0.393,0.399,0.389,0.391,2.56,10.52,1.18,21.11,192523.0,177636.0,-17066.0,-0.12,1168849.0,8.03,-1185915.0,-8.14,-152715.0,-1.05,169782.0,1.17,13.0,0.392,0.393,352024832.0,138345759,138345759,2026-08-14,2026-08-14 15:34:48+08:00
512680,军工ETF广发,1.179,1.1787,-0.03,0.006,0.51,388905.0,45756921.0,1.174,1.187,1.165,1.173,1.88,1.24,0.85,14.27,138895.0,250010.0,1710329.0,3.74,1650007.0,3.61,60322.0,0.13,-2068009.0,-4.52,357679.0,0.78,-1778.0,1.178,1.179,3129730096.0,3689951783,3689951783,2026-08-14,2026-08-14 16:11:56+08:00
159245,港股通消费ETF富国,0.798,0.7958,-0.28,0.004,0.5,22813.0,1822229.2,0.795,0.802,0.795,0.794,0.88,3.16,0.65,-16.67,10650.0,12163.0,187323.0,10.28,0.0,0.0,187323.0,10.28,-235253.0,-12.91,47930.0,2.63,-203.0,0.798,0.799,72113296.0,57546410,57546410,2026-08-14,2026-08-14 15:34:27+08:00
588990,科创芯片ETF博时,3.782,3.785,0.08,0.019,0.5,94163.0,35605440.0,3.82,3.83,3.717,3.763,3.0,4.81,0.7,68.0,45478.0,48685.0,-1294046.0,-3.63,255504.0,0.72,-1549550.0,-4.35,-1106333.0,-3.11,2400379.0,6.74,-238.0,3.781,3.782,195745400.0,740309103,740309103,2026-08-14,2026-08-14 16:11:58+08:00
588450,科创50增强ETF招商,2.225,2.2284,0.15,0.011,0.5,40069.0,8898649.0,2.222,2.248,2.19,2.214,2.62,7.34,0.82,23.77,20404.0,19665.0,-1317768.0,-14.81,0.0,0.0,-1317768.0,-14.81,723883.0,8.13,593886.0,6.67,-100.0,2.225,2.229,54568700.0,121415358,121415358,2026-08-14,2026-08-14 16:11:48+08:00
516580,新能源ETF博时,0.608,0.6069,-0.18,0.003,0.5,46306.0,2813897.0,0.606,0.616,0.603,0.605,2.15,3.13,0.75,-1.67,20027.0,26279.0,49346.0,1.75,-46166.0,-1.64,95512.0,3.39,-15485.0,-0.55,-33862.0,-1.2,-218.0,0.606,0.608,148124100.0,90059453,90059453,2026-08-14,2026-08-14 16:11:55+08:00
560850,信创ETF汇添富,1.395,1.3982,0.23,0.007,0.5,18898.0,2624547.0,1.392,1.413,1.369,1.388,3.17,2.62,0.54,0.12,13285.0,5613.0,320760.0,12.22,0.0,0.0,320760.0,12.22,-219146.0,-8.35,-101615.0,-3.87,-3.0,1.396,1.399,72164000.0,100668780,100668780,2026-08-14,2026-08-14 16:11:37+08:00
561370,中证2000ETF国泰,1.416,1.423,0.49,0.007,0.5,30117.0,4257262.0,1.408,1.422,1.399,1.409,1.63,9.31,1.58,44.3,18785.0,11332.0,228682.0,5.37,-513159.0,-12.05,741841.0,17.43,-38212.0,-0.9,-190471.0,-4.47,-20.0,1.416,1.419,32356000.0,45816096,45816096,2026-08-14,2026-08-14 16:11:41+08:00
510560,中证500ETF国寿,2.009,2.0079,-0.05,0.01,0.5,5440.0,1089300.0,2.002,2.009,1.987,1.999,1.1,1.04,0.86,14.1,2383.0,3057.0,-160958.0,-14.78,0.0,0.0,-160958.0,-14.78,91502.0,8.4,69456.0,6.38,5.0,2.005,2.013,52318700.0,105108268,105108268,2026-08-14,2026-08-14 16:11:53+08:00
159775,电池ETF建信,0.815,0.8148,-0.02,0.004,0.49,230981.0,18792402.8,0.81,0.824,0.81,0.811,1.73,3.41,0.96,-19.43,120783.0,110198.0,615567.0,3.28,-1249886.0,-6.65,1865453.0,9.93,-584311.0,-3.11,-31257.0,-0.17,49.0,0.814,0.815,677648960.0,552283902,552283902,2026-08-14,2026-08-14 15:34:54+08:00
513820,港股通红利ETF汇添富,1.219,1.2175,-0.12,0.006,0.49,609579.0,74243630.0,1.213,1.222,1.209,1.213,1.07,3.48,1.28,-8.56,336617.0,272962.0,4645501.0,6.26,959562.0,1.29,3685939.0,4.96,-4011906.0,-5.4,-633594.0,-0.85,-1726.0,1.218,1.219,1753669008.0,2137722521,2137722521,2026-08-14,2026-08-14 16:11:57+08:00
589130,科创芯片ETF易方达,1.443,1.4427,-0.02,0.007,0.49,1766218.0,254397948.0,1.452,1.462,1.415,1.436,3.27,5.33,1.02,-25.82,830588.0,935630.0,-19672120.0,-7.73,-807470.0,-0.32,-18864650.0,-7.42,8039686.0,3.16,11632433.0,4.57,-8829.0,1.443,1.444,3314780000.0,4783227540,4783227540,2026-08-14,2026-08-14 16:12:01+08:00
159539,信创ETF广发,1.869,1.8714,0.13,0.009,0.48,14581.0,2721657.5,1.866,1.892,1.838,1.86,2.9,2.67,0.68,-57.29,3561.0,11020.0,130799.0,4.81,0.0,0.0,130799.0,4.81,-245393.0,-9.02,114594.0,4.21,50.0,1.864,1.869,54565182.0,101982325,101982325,2026-08-14,2026-08-14 15:34:33+08:00
563600,A500增强ETF易方达,1.063,1.0603,-0.25,0.005,0.47,51955.0,5499899.0,1.066,1.066,1.053,1.058,1.23,7.48,1.47,4.01,15896.0,36059.0,506136.0,9.2,273065.0,4.96,233071.0,4.24,-504359.0,-9.17,-1777.0,-0.03,-34.0,1.06,1.063,69483000.0,73860429,73860429,2026-08-14,2026-08-14 16:11:47+08:00
159545,恒生红利低波ETF易方达,1.291,1.2924,0.11,0.006,0.47,418484.0,53913613.7,1.285,1.293,1.279,1.285,1.09,0.79,0.48,-13.39,211144.0,207340.0,6123626.0,11.36,3698636.0,6.86,2424990.0,4.5,-4902484.0,-9.09,-1221140.0,-2.26,4030.0,1.29,1.291,5325403648.0,6875096110,6875096110,2026-08-14,2026-08-14 15:34:00+08:00
159035,软件ETF天弘,0.863,0.861,-0.23,0.004,0.47,137568.0,11810319.552,0.859,0.876,0.845,0.859,3.61,2.4,0.83,-51.88,68160.0,69408.0,700806.0,5.93,333508.0,2.82,367298.0,3.11,-912781.0,-7.73,211974.0,1.79,472.0,0.862,0.863,573859728.0,495240945,495240945,2026-08-14,2026-08-14 15:34:48+08:00
512950,央企改革ETF华夏,1.515,1.5137,-0.09,0.007,0.46,74756.0,11288424.0,1.508,1.515,1.503,1.508,0.8,0.18,0.79,50.66,41666.0,33090.0,173483.0,1.54,448992.0,3.98,-275509.0,-2.44,-12086.0,-0.11,-161398.0,-1.43,10.0,1.512,1.514,4048551008.0,6133554777,6133554777,2026-08-14,2026-08-14 16:11:58+08:00
159335,央企科创ETF融通,1.543,1.5431,0.01,0.007,0.46,8458.0,1304446.0,1.538,1.548,1.531,1.536,1.11,1.33,0.11,-89.69,3005.0,5453.0,184390.0,14.14,0.0,0.0,184390.0,14.14,-132337.0,-10.15,-52052.0,-3.99,4.0,1.541,1.543,63483689.0,97955332,97955332,2026-08-14,2026-08-14 15:34:09+08:00
589160,科创芯片ETF广发,1.317,1.3175,0.04,0.006,0.46,262261.0,34432552.0,1.329,1.345,1.294,1.311,3.89,9.03,0.92,-27.24,107125.0,155136.0,-1153520.0,-3.35,-574931.0,-1.67,-578589.0,-1.68,699143.0,2.03,454377.0,1.32,-1662.0,1.317,1.318,290296000.0,382319832,382319832,2026-08-14,2026-08-14 16:11:47+08:00
159190,创业板新能源ETF天弘,0.88,0.8804,0.05,0.004,0.46,125489.0,11136851.9,0.876,0.891,0.874,0.876,1.94,17.91,0.88,-40.11,36607.0,88882.0,68776.0,0.62,-460322.0,-4.13,529098.0,4.75,-89909.0,-0.81,21133.0,0.19,-55.0,0.88,0.882,70069299.0,61660983,61660983,2026-08-14,2026-08-14 15:34:39+08:00
159160,电池ETF东财,0.879,0.8786,-0.05,0.004,0.46,202035.0,17800822.84,0.874,0.893,0.872,0.875,2.4,8.87,0.97,74.45,107663.0,94372.0,2480253.0,13.93,1128281.0,6.34,1351972.0,7.59,-2309763.0,-12.98,-170490.0,-0.96,-2435.0,0.879,0.88,227819254.0,200253124,200253124,2026-08-14,2026-08-14 15:34:42+08:00
513920,港股通央企红利ETF华安,1.519,1.5187,-0.02,0.007,0.46,328160.0,49755824.0,1.511,1.521,1.507,1.512,0.93,1.25,0.55,42.88,162452.0,165708.0,429259.0,0.86,227278.0,0.46,201981.0,0.41,-430099.0,-0.86,840.0,0.0,-3300.0,1.518,1.519,2622731008.0,3983928401,3983928401,2026-08-14,2026-08-14 16:11:53+08:00
563320,通用航空ETF华泰柏瑞,0.869,0.8684,-0.07,0.004,0.46,84945.0,7349047.0,0.865,0.873,0.859,0.865,1.62,3.88,0.63,-3.62,41846.0,43099.0,-226529.0,-3.08,-241649.0,-3.29,15120.0,0.21,110446.0,1.5,116083.0,1.58,-41.0,0.868,0.869,218892000.0,190217148,190217148,2026-08-14,2026-08-14 16:11:43+08:00
159257,航空ETF汇添富,0.873,0.8727,-0.03,0.004,0.46,88428.0,7665671.7,0.871,0.879,0.864,0.869,1.73,5.92,1.22,22.16,34554.0,53874.0,223900.0,2.92,0.0,0.0,223900.0,2.92,-173243.0,-2.26,-50658.0,-0.66,100.0,0.871,0.873,149416949.0,130440996,130440996,2026-08-14,2026-08-14 15:34:30+08:00
159199,石油ETF平安,0.881,0.8838,0.32,0.004,0.46,2507.0,219326.685,0.874,0.882,0.87,0.877,1.37,0.37,0.57,23.03,1509.0,998.0,-10784.0,-4.92,0.0,0.0,-10784.0,-4.92,-14403.0,-6.57,25189.0,11.48,-1.0,0.877,0.883,68154938.0,60044500,60044500,2026-08-14,2026-08-14 15:34:51+08:00
159255,通用航空ETF易方达,0.875,0.8753,0.03,0.004,0.46,36100.0,3163920.6,0.867,0.881,0.867,0.871,1.61,5.21,0.76,2.1,13410.0,22690.0,6722.0,0.21,319816.0,10.11,-313094.0,-9.9,-20410.0,-0.65,13688.0,0.43,114.0,0.873,0.877,69338868.0,60671510,60671510,2026-08-14,2026-08-14 15:34:54+08:00
512460,电池ETF华夏,0.888,0.887,-0.11,0.004,0.45,193848.0,17249509.0,0.887,0.902,0.881,0.884,2.38,6.6,0.97,10.1,104193.0,89655.0,826563.0,4.79,1635929.0,9.48,-809366.0,-4.69,-657412.0,-3.81,-169152.0,-0.98,-436.0,0.887,0.888,293823008.0,260914831,260914831,2026-08-14,2026-08-14 16:11:41+08:00
560710,船舶ETF富国,0.9,0.9012,0.13,0.004,0.45,412954.0,37278487.0,0.894,0.912,0.891,0.896,2.34,2.22,0.81,1.72,199565.0,213389.0,3600379.0,9.66,5310590.0,14.25,-1710211.0,-4.59,-2419052.0,-6.49,-1181328.0,-3.17,-966.0,0.9,0.901,1857580000.0,1671822000,1671822000,2026-08-14,2026-08-14 16:11:36+08:00
513690,港股红利ETF博时,1.121,1.1215,0.04,0.005,0.45,762532.0,85377791.0,1.117,1.123,1.11,1.116,1.16,2.38,0.64,-0.88,418760.0,343772.0,-724315.0,-0.85,-1521123.0,-1.78,796808.0,0.93,123412.0,0.14,600903.0,0.7,-1616.0,1.12,1.121,3197979904.0,3584935472,3584935472,2026-08-14,2026-08-14 16:11:59+08:00
512810,军工ETF华宝,0.669,0.6691,0.01,0.003,0.45,320624.0,21394378.0,0.663,0.674,0.661,0.666,1.95,3.23,0.76,-13.65,146158.0,174466.0,614411.0,2.87,737410.0,3.45,-122999.0,-0.57,-960576.0,-4.49,346166.0,1.62,-1413.0,0.668,0.669,991583504.0,663369364,663369364,2026-08-14,2026-08-14 16:11:56+08:00
513630,港股低波红利ETF摩根,1.574,1.5676,-0.41,0.007,0.45,1679843.0,263751648.0,1.568,1.576,1.558,1.567,1.15,2.26,0.65,4.1,904355.0,775488.0,3681386.0,1.4,26623229.0,10.09,-22941843.0,-8.7,-623310.0,-0.24,-3058078.0,-1.16,-6724.0,1.573,1.574,7417359104.0,11674923230,11674923230,2026-08-14,2026-08-14 16:11:51+08:00
159796,电池ETF汇添富,0.889,0.8892,0.02,0.004,0.45,2175160.0,193974300.7,0.883,0.904,0.883,0.885,2.37,3.17,0.87,20.55,1039360.0,1135800.0,16952798.0,8.74,31829191.0,16.41,-14876393.0,-7.67,-13606091.0,-7.01,-3346709.0,-1.73,-3903.0,0.889,0.89,6856467456.0,6095399568,6095399568,2026-08-14,2026-08-14 15:34:27+08:00
159599,芯片ETF东财,2.915,2.9134,-0.05,0.013,0.45,587576.0,170942365.6,2.938,2.957,2.863,2.902,3.24,8.84,0.84,-40.76,252941.0,334635.0,-33149560.0,-19.39,-26587812.0,-15.55,-6561748.0,-3.84,11463079.0,6.71,21686483.0,12.69,5218.0,2.914,2.915,664322064.0,1936498817,1936498817,2026-08-14,2026-08-14 15:34:18+08:00
159076,创业板新能源ETF华宝,0.886,0.8855,-0.06,0.004,0.45,144090.0,12728922.57,0.885,0.895,0.88,0.882,1.7,5.62,0.89,24.84,75572.0,68518.0,517553.0,4.07,-632127.0,-4.97,1149680.0,9.03,-386322.0,-3.03,-131232.0,-1.03,3.0,0.883,0.886,256373015.0,227146491,227146491,2026-08-14,2026-08-14 15:34:54+08:00
516390,新能源车ETF汇添富,0.89,0.8913,0.15,0.004,0.45,35965.0,3217350.0,0.886,0.901,0.885,0.886,1.81,1.92,1.1,3.56,15463.0,20502.0,-186.0,-0.01,1158.0,0.04,-1344.0,-0.04,-37504.0,-1.17,37689.0,1.17,-60.0,0.89,0.891,187261000.0,166662290,166662290,2026-08-14,2026-08-14 16:11:36+08:00
560980,光伏龙头ETF广发,0.666,0.6654,-0.09,0.003,0.45,319540.0,21189277.0,0.662,0.669,0.658,0.663,1.66,9.06,0.94,-3.78,142166.0,177375.0,1311623.0,6.19,603867.0,2.85,707756.0,3.34,-1378746.0,-6.51,67124.0,0.32,-258.0,0.666,0.667,352522000.0,234779652,234779652,2026-08-14,2026-08-14 16:11:43+08:00
159187,创业板新能源ETF景顺,0.884,0.8849,0.1,0.004,0.45,33206.0,2937091.0,0.88,0.895,0.879,0.88,1.82,6.24,0.78,26.12,16690.0,16516.0,84757.0,2.89,40362.0,1.37,44395.0,1.51,-79858.0,-2.72,-4900.0,-0.17,-5.0,0.883,0.886,53176266.0,47007819,47007819,2026-08-14,2026-08-14 15:34:45+08:00
159329,沙特ETF南方,0.904,0.9018,-0.24,0.004,0.44,235771.0,21260990.9,0.9,0.904,0.9,0.9,0.44,1.94,1.48,9.57,147557.0,88214.0,1316496.0,6.19,-797113.0,-3.75,2113609.0,9.94,-1162536.0,-5.47,-153959.0,-0.72,3817.0,0.903,0.904,1217689184.0,1100791022,1100791022,2026-08-14,2026-08-14 15:34:57+08:00
588100,科创信息ETF嘉实,0.903,0.9018,-0.13,0.004,0.44,93865.0,8451082.0,0.912,0.92,0.888,0.899,3.56,4.65,0.67,3.87,42052.0,51813.0,178902.0,2.12,-131022.0,-1.55,309924.0,3.67,-652906.0,-7.73,474004.0,5.61,-1429.0,0.902,0.903,201746200.0,182176819,182176819,2026-08-14,2026-08-14 16:11:48+08:00
159156,电池ETF万家,0.916,0.9182,0.24,0.004,0.44,36149.0,3323285.3,0.915,0.928,0.91,0.912,1.97,1.67,0.78,-81.17,18069.0,18080.0,980521.0,29.5,610826.0,18.38,369695.0,11.12,-140826.0,-4.24,-839696.0,-25.27,639.0,0.915,0.916,216461253.0,198278508,198278508,2026-08-14,2026-08-14 15:34:09+08:00
510550,中证500ETF方正富邦,2.053,2.0563,0.16,0.009,0.44,4819.0,986265.0,2.064,2.064,2.028,2.044,1.76,2.03,0.74,10.02,1572.0,3247.0,259674.0,26.33,0.0,0.0,259674.0,26.33,-161965.0,-16.42,-97709.0,-9.91,-5.0,2.05,2.053,23743300.0,48744995,48744995,2026-08-14,2026-08-14 16:11:44+08:00
560950,中证500增强ETF汇添富,1.39,1.3909,0.06,0.006,0.43,1245.0,172964.0,1.39,1.392,1.379,1.384,0.94,0.71,0.14,8.61,1065.0,180.0,47693.0,27.57,0.0,0.0,47693.0,27.57,-94395.0,-54.57,46703.0,27.0,100.0,1.389,1.392,17483000.0,24301370,24301370,2026-08-14,2026-08-14 16:11:47+08:00
516160,新能源ETF南方,2.577,2.5775,0.02,0.011,0.43,447928.0,115737315.0,2.562,2.608,2.557,2.566,1.99,2.85,0.68,-53.66,227718.0,220210.0,1967127.0,1.7,-899810.0,-0.78,2866937.0,2.48,-211923.0,-0.18,-1755204.0,-1.52,-564.0,2.576,2.577,1574142000.0,4056563934,4056563934,2026-08-14,2026-08-14 16:11:40+08:00
510510,中证500ETF广发,2.597,2.5948,-0.08,0.011,0.43,266022.0,68817709.0,2.585,2.6,2.564,2.586,1.39,3.09,0.95,-34.59,82351.0,183671.0,10634710.0,15.45,25857551.0,37.57,-15222841.0,-22.12,-7871626.0,-11.44,-2763084.0,-4.02,-1041.0,2.597,2.598,861038304.0,2236116475,2236116475,2026-08-14,2026-08-14 16:11:37+08:00
159066,A股ETF建信,0.925,0.9284,0.37,0.004,0.43,68203.0,6290742.321,0.92,0.927,0.919,0.921,0.87,3.12,0.67,-10.32,34336.0,33867.0,-24201.0,-0.38,-1423043.0,-22.62,1398842.0,22.24,-39798.0,-0.63,63999.0,1.02,131.0,0.924,0.926,218733027.0,202328050,202328050,2026-08-14,2026-08-14 15:34:09+08:00
589110,科创人工智能ETF国泰,0.962,0.9611,-0.09,0.004,0.42,66135.0,6352596.0,0.969,0.973,0.947,0.958,2.71,1.3,0.73,4.52,30973.0,35162.0,-282654.0,-4.45,0.0,0.0,-282654.0,-4.45,178246.0,2.81,104407.0,1.64,-94.0,0.96,0.962,510413008.0,491017314,491017314,2026-08-14,2026-08-14 16:11:49+08:00
560800,数字经济ETF鹏扬,1.209,1.2092,0.02,0.005,0.42,55123.0,6641593.0,1.216,1.223,1.192,1.204,2.57,1.91,0.99,11.96,25479.0,29644.0,-144524.0,-2.18,595849.0,8.97,-740373.0,-11.15,-112593.0,-1.7,257118.0,3.87,-406.0,1.209,1.21,287951104.0,348132885,348132885,2026-08-14,2026-08-14 16:11:48+08:00
517180,中国国企ETF南方,1.487,1.4856,-0.09,0.006,0.41,46409.0,6890318.0,1.482,1.488,1.472,1.481,1.08,4.48,1.01,4.6,23356.0,23053.0,741372.0,10.76,1085556.0,15.75,-344184.0,-5.0,-494218.0,-7.17,-247154.0,-3.59,-59.0,1.487,1.488,103496300.0,153898998,153898998,2026-08-14,2026-08-14 16:11:38+08:00
159559,机器人ETF景顺,1.263,1.2622,-0.06,0.005,0.4,747737.0,93847356.7,1.261,1.267,1.242,1.258,1.99,3.69,0.8,-31.74,285641.0,462096.0,6777644.0,7.22,8195356.0,8.73,-1417712.0,-1.51,-4362520.0,-4.65,-2415125.0,-2.57,7276.0,1.262,1.263,2024576624.0,2557040276,2557040276,2026-08-14,2026-08-14 15:34:06+08:00
159361,A500ETF易方达,1.264,1.2655,0.12,0.005,0.4,11178060.0,1409222927.309,1.263,1.267,1.254,1.259,1.03,4.88,1.01,-26.41,5673497.0,5504563.0,-4166632.0,-0.3,-20197744.0,-1.43,16031112.0,1.14,1405669.0,0.1,2760964.0,0.2,713.0,1.263,1.264,22904090368.0,28950770225,28950770225,2026-08-14,2026-08-14 15:34:39+08:00
516640,芯片ETF富国,1.51,1.5103,0.02,0.006,0.4,1027620.0,154843179.0,1.521,1.531,1.483,1.504,3.19,8.03,0.83,-21.82,431881.0,595739.0,-5845246.0,-3.77,-1687919.0,-1.09,-4157327.0,-2.68,-2345070.0,-1.51,8190316.0,5.29,-4184.0,1.51,1.511,1280482800.0,1933529028,1933529028,2026-08-14,2026-08-14 16:11:51+08:00
561910,电池ETF招商,0.76,0.7599,-0.01,0.003,0.4,936398.0,71365855.0,0.756,0.774,0.755,0.757,2.51,2.0,0.81,7.56,444729.0,491669.0,1696049.0,2.38,6829875.0,9.57,-5133826.0,-7.19,-1070579.0,-1.5,-625469.0,-0.88,-6256.0,0.759,0.76,4687076608.0,3562178222,3562178222,2026-08-14,2026-08-14 16:11:38+08:00
159226,中证A500增强ETF国泰,1.3,1.3011,0.08,0.005,0.39,145944.0,18922062.5,1.3,1.301,1.288,1.295,1.0,13.5,1.24,12.5,79212.0,66732.0,-363302.0,-1.92,2548529.0,13.47,-2911831.0,-15.39,185449.0,0.98,177854.0,0.94,196.0,1.299,1.3,108094840.0,140523292,140523292,2026-08-14,2026-08-14 15:34:18+08:00
158006,化工ETF博时,1.02,1.0189,-0.11,0.004,0.39,7443.0,757608.414,1.033,1.033,1.012,1.016,2.07,1.91,0.02,-76.42,1965.0,5478.0,-95909.0,-12.66,-54250.0,-7.16,-41659.0,-5.5,46678.0,6.16,49230.0,6.5,16.0,1.019,1.02,39046012.0,39826932,39826932,2026-08-14,2026-08-14 15:34:15+08:00
159387,创业板新能源ETF国泰,0.764,0.7635,-0.07,0.003,0.39,2870720.0,219184784.1,0.759,0.774,0.758,0.761,2.1,19.97,0.85,-11.73,1478789.0,1391931.0,3595847.0,1.64,12477232.0,5.69,-8881385.0,-4.05,668875.0,0.31,-4264723.0,-1.95,-412.0,0.764,0.765,1437189648.0,1098012891,1098012891,2026-08-14,2026-08-14 15:34:24+08:00
159302,港股高股息ETF银华,1.292,1.2957,0.29,0.005,0.39,67094.0,8670681.2,1.284,1.297,1.284,1.287,1.01,12.13,1.22,9.07,34039.0,33055.0,978623.0,11.29,0.0,0.0,978623.0,11.29,-687644.0,-7.93,-290979.0,-3.36,-286.0,1.292,1.294,55297609.0,71444511,71444511,2026-08-14,2026-08-14 15:34:00+08:00
159658,数字经济ETF华安,1.815,1.8167,0.09,0.007,0.39,38946.0,7028177.3,1.813,1.834,1.79,1.808,2.43,9.08,0.9,-26.21,20549.0,18397.0,48006.0,0.68,-355287.0,-5.06,403293.0,5.74,-163500.0,-2.33,115494.0,1.64,-1.0,1.816,1.818,42894877.0,77854202,77854202,2026-08-14,2026-08-14 15:34:06+08:00
515080,中证红利ETF招商,1.555,1.5534,-0.1,0.006,0.39,1623289.0,251510907.0,1.549,1.556,1.541,1.549,0.97,2.16,0.81,-37.34,838631.0,784658.0,19251660.0,7.65,7464090.0,2.97,11787570.0,4.69,-9632110.0,-3.83,-9619550.0,-3.82,-7815.0,1.554,1.555,7499148800.0,11661176384,11661176384,2026-08-14,2026-08-14 16:11:46+08:00
561890,A股ETF易方达,1.024,1.0251,0.11,0.004,0.39,78901.0,8058143.0,1.023,1.025,1.016,1.02,0.88,11.93,0.15,-12.09,43900.0,35001.0,1307738.0,16.23,1060644.0,13.16,247094.0,3.07,-1004610.0,-12.47,-303127.0,-3.76,-1.0,1.021,1.024,66112600.0,67699302,67699302,2026-08-14,2026-08-14 16:11:35+08:00
516090,新能源ETF易方达,0.511,0.5108,-0.04,0.002,0.39,729402.0,37247936.0,0.509,0.517,0.506,0.509,2.16,4.28,1.0,-1.38,397144.0,332258.0,2052347.0,5.51,3754624.0,10.08,-1702277.0,-4.57,-1490877.0,-4.0,-561469.0,-1.51,-1676.0,0.51,0.511,1704844800.0,871175693,871175693,2026-08-14,2026-08-14 16:11:45+08:00
561160,电池ETF富国,0.767,0.7659,-0.14,0.003,0.39,574820.0,44110960.0,0.763,0.779,0.761,0.764,2.36,2.46,0.95,3.9,358204.0,216616.0,-660440.0,-1.5,-478353.0,-1.08,-182087.0,-0.41,535854.0,1.21,124586.0,0.28,-4259.0,0.766,0.767,2340835008.0,1795420451,1795420451,2026-08-14,2026-08-14 16:12:01+08:00
159767,电池龙头ETF兴银,0.798,0.7998,0.23,0.003,0.38,35395.0,2834152.0,0.798,0.809,0.795,0.795,1.76,1.45,0.85,28.4,16861.0,18534.0,674.0,0.02,-56284.0,-1.99,56958.0,2.01,117762.0,4.16,-118436.0,-4.18,-18.0,0.798,0.799,243873672.0,194611190,194611190,2026-08-14,2026-08-14 15:34:54+08:00
159581,红利ETF万家,1.056,1.0547,-0.12,0.004,0.38,275914.0,29047293.5,1.052,1.056,1.045,1.052,1.05,2.15,1.31,-82.8,154078.0,121836.0,-1042254.0,-3.59,5127307.0,17.65,-6169561.0,-21.24,1186808.0,4.09,-144554.0,-0.5,372.0,1.055,1.056,1281225712.0,1352974352,1352974352,2026-08-14,2026-08-14 15:34:27+08:00
159896,物联网ETF南方,1.313,1.316,0.23,0.005,0.38,34446.0,4508605.324,1.308,1.318,1.299,1.308,1.45,9.83,3.32,-8.35,18365.0,16081.0,-74103.0,-1.64,3.0,0.0,-74106.0,-1.64,39003.0,0.87,35098.0,0.78,2.0,1.313,1.318,35055960.0,46028475,46028475,2026-08-14,2026-08-14 15:34:27+08:00
159943,深证成指ETF大成,1.584,1.5871,0.2,0.006,0.38,145111.0,22921467.3,1.584,1.589,1.569,1.578,1.27,7.96,0.72,-36.54,70247.0,74864.0,-1067365.0,-4.66,0.0,0.0,-1067365.0,-4.66,551901.0,2.41,515464.0,2.25,-1401.0,1.584,1.585,182229922.0,288652196,288652196,2026-08-14,2026-08-14 15:34:33+08:00
512510,中证500ETF华泰柏瑞,2.395,2.3958,0.03,0.009,0.38,47834.0,11409532.0,2.391,2.4,2.368,2.386,1.34,1.08,0.7,58.55,24231.0,23603.0,-326137.0,-2.86,0.0,0.0,-326137.0,-2.86,511937.0,4.49,-185800.0,-1.63,-33.0,2.395,2.396,440929808.0,1056026890,1056026890,2026-08-14,2026-08-14 16:11:54+08:00
159725,线上消费ETF工银,0.798,0.7977,-0.04,0.003,0.38,124686.0,9841620.5,0.787,0.804,0.774,0.795,3.77,9.21,0.82,-75.91,55813.0,68873.0,-208202.0,-2.12,-191476.0,-1.95,-16726.0,-0.17,-61479.0,-0.62,269681.0,2.74,172.0,0.797,0.798,135424924.0,108069089,108069089,2026-08-14,2026-08-14 15:34:36+08:00
159719,国企ETF平安,1.58,1.5815,0.09,0.006,0.38,40866.0,6444228.8,1.567,1.58,1.567,1.574,0.83,15.03,2.18,28.43,19342.0,21524.0,791835.0,12.29,-786500.0,-12.2,1578335.0,24.49,-750678.0,-11.65,-41156.0,-0.64,5542.0,1.574,1.583,27195986.0,42969658,42969658,2026-08-14,2026-08-14 15:34:12+08:00
159106,民企300ETF前海开源,1.086,1.0841,-0.18,0.004,0.37,7526.0,812207.275,1.08,1.086,1.073,1.082,1.2,1.9,0.16,7.69,4259.0,3267.0,936.0,0.12,0.0,0.0,936.0,0.12,-56159.0,-6.91,55224.0,6.8,154.0,1.086,1.087,39579488.0,42983324,42983324,2026-08-14,2026-08-14 15:34:24+08:00
510530,中证500ETF工银,8.993,8.9864,-0.07,0.033,0.37,10993.0,9832108.0,8.991,8.993,8.887,8.96,1.18,2.27,1.8,-0.13,7543.0,3450.0,-1606463.0,-16.34,0.0,0.0,-1606463.0,-16.34,961983.0,9.78,644480.0,6.55,13.0,8.976,9.0,48479400.0,435975244,435975244,2026-08-14,2026-08-14 16:11:36+08:00
516890,新材料ETF平安,0.817,0.8185,0.18,0.003,0.37,4062.0,330788.0,0.818,0.823,0.81,0.814,1.6,1.15,0.37,7.17,3363.0,699.0,38231.0,11.56,0.0,0.0,38231.0,11.56,-29258.0,-8.84,-8973.0,-2.71,10.0,0.817,0.819,35311400.0,28849414,28849414,2026-08-14,2026-08-14 16:11:38+08:00
159757,电池ETF景顺,0.816,0.8179,0.23,0.003,0.37,79952.0,6525662.6,0.812,0.828,0.812,0.813,1.97,3.15,0.6,-62.23,36095.0,43857.0,352833.0,5.41,-10011.0,-0.15,362844.0,5.56,-68502.0,-1.05,-284331.0,-4.36,-19.0,0.816,0.818,253931891.0,207208423,207208423,2026-08-14,2026-08-14 15:34:48+08:00
512330,信息科技ETF南方,1.907,1.911,0.21,0.007,0.37,26794.0,5104043.0,1.909,1.922,1.875,1.9,2.47,0.74,0.55,-8.49,10522.0,16272.0,748328.0,14.66,0.0,0.0,748328.0,14.66,-746800.0,-14.63,-1527.0,-0.03,-41.0,1.908,1.911,361188000.0,688785516,688785516,2026-08-14,2026-08-14 16:11:43+08:00
589630,科创综指ETF国泰,0.806,0.8066,0.07,0.003,0.37,222164.0,17808033.0,0.807,0.812,0.793,0.803,2.37,6.47,0.62,-2.96,105516.0,116648.0,-529631.0,-2.97,-900288.0,-5.06,370657.0,2.08,251644.0,1.41,277988.0,1.56,-328.0,0.805,0.806,343258000.0,276665948,276665948,2026-08-14,2026-08-14 16:11:56+08:00
159637,新能源车ETF东财,0.835,0.8371,0.25,0.003,0.36,293977.0,24601119.2,0.832,0.848,0.831,0.832,2.04,4.46,0.97,-9.65,128292.0,165685.0,393898.0,1.6,4275409.0,17.38,-3881511.0,-15.78,186571.0,0.76,-580469.0,-2.36,257.0,0.834,0.835,659768096.0,550906360,550906360,2026-08-14,2026-08-14 15:34:42+08:00
159824,新能源车ETF博时,1.119,1.1206,0.14,0.004,0.36,12557.0,1402264.1,1.115,1.133,1.113,1.115,1.79,1.53,0.36,31.48,5980.0,6577.0,20131.0,1.44,1572.0,0.11,18559.0,1.32,44400.0,3.17,-64531.0,-4.6,1160.0,1.119,1.12,82135070.0,91909143,91909143,2026-08-14,2026-08-14 15:34:06+08:00
560630,机器人ETF万家,1.133,1.1339,0.08,0.004,0.35,56614.0,6371351.0,1.13,1.136,1.115,1.129,1.86,3.38,0.56,-19.55,23152.0,33462.0,949145.0,14.9,1000907.0,15.71,-51762.0,-0.81,-931409.0,-14.62,-17736.0,-0.28,-77.0,1.132,1.133,167394000.0,189657402,189657402,2026-08-14,2026-08-14 16:11:50+08:00
512660,军工ETF国泰,1.152,1.1513,-0.06,0.004,0.35,1768251.0,203311509.0,1.149,1.16,1.139,1.148,1.83,3.05,0.77,-21.1,888230.0,880020.0,-7299803.0,-3.59,-2268151.0,-1.12,-5031652.0,-2.47,-4021104.0,-1.98,11320907.0,5.57,-18226.0,1.151,1.152,5805080064.0,6687452234,6687452234,2026-08-14,2026-08-14 16:11:57+08:00
515580,科技100ETF华泰柏瑞,1.43,1.4281,-0.13,0.005,0.35,47014.0,6696460.0,1.439,1.45,1.41,1.425,2.81,1.54,0.8,2.51,24024.0,22990.0,-44538.0,-0.67,37812.0,0.56,-82350.0,-1.23,-49984.0,-0.75,94523.0,1.41,-198.0,1.43,1.431,306031408.0,437624913,437624913,2026-08-14,2026-08-14 16:11:46+08:00
588260,科创信息ETF华安,2.617,2.6178,0.03,0.009,0.35,12060.0,3143574.0,2.637,2.641,2.575,2.608,2.53,2.58,0.6,34.61,5886.0,6174.0,162814.0,5.18,349286.0,11.11,-186472.0,-5.93,-333201.0,-10.6,170387.0,5.42,100.0,2.61,2.62,46746000.0,122334282,122334282,2026-08-14,2026-08-14 16:11:52+08:00
159526,机器人ETF嘉实,1.484,1.4836,-0.03,0.005,0.34,217741.0,32073216.2,1.479,1.493,1.459,1.479,2.3,3.63,1.0,-3.89,123704.0,94037.0,2375184.0,7.41,1313007.0,4.09,1062177.0,3.31,-2455568.0,-7.66,80384.0,0.25,-680.0,1.484,1.485,599462960.0,889603033,889603033,2026-08-14,2026-08-14 15:34:42+08:00
513730,东南亚科技ETF华泰柏瑞,1.188,1.2142,2.16,0.004,0.34,226888.0,26910212.0,1.189,1.189,1.182,1.184,0.59,2.82,0.69,29.17,116401.0,110487.0,4511584.0,16.77,8526990.0,31.69,-4015406.0,-14.92,-3044142.0,-11.31,-1467441.0,-5.45,-1093.0,1.187,1.188,805355008.0,956761750,956761750,2026-08-14,2026-08-14 16:11:48+08:00
516120,化工ETF富国,0.877,0.8772,0.02,0.003,0.34,848321.0,74514768.0,0.875,0.887,0.871,0.874,1.83,1.6,0.75,-1.41,432885.0,415436.0,2549285.0,3.42,-5061374.0,-6.79,7610659.0,10.21,-1771012.0,-2.38,-778272.0,-1.04,-411.0,0.876,0.877,5285582080.0,4635455484,4635455484,2026-08-14,2026-08-14 16:11:54+08:00
562010,绿色能源ETF华宝,0.898,0.9,0.22,0.003,0.34,11799.0,1057710.0,0.891,0.908,0.891,0.895,1.9,6.11,1.98,-2.37,5253.0,6546.0,-147777.0,-13.97,-608242.0,-57.51,460465.0,43.53,139143.0,13.16,8633.0,0.82,-2.0,0.898,0.899,19298700.0,17330233,17330233,2026-08-14,2026-08-14 16:11:46+08:00
510130,上证中盘ETF易方达,7.378,7.3604,-0.24,0.025,0.34,3629.0,2663989.0,7.353,7.378,7.31,7.353,0.92,1.17,1.17,22.99,1481.0,2148.0,-138652.0,-5.2,0.0,0.0,-138652.0,-5.2,130434.0,4.9,8218.0,0.31,2.0,7.355,7.402,31085100.0,229345868,229345868,2026-08-14,2026-08-14 16:11:49+08:00
159518,标普油气ETF嘉实,1.208,1.2101,0.17,0.004,0.33,2121725.0,255733609.8,1.2,1.211,1.197,1.204,1.16,12.84,0.59,-4.97,1121157.0,1000568.0,15686907.0,6.13,3046312.0,1.19,12640595.0,4.94,-5974517.0,-2.34,-9712390.0,-3.8,31761.0,1.207,1.208,1652325376.0,1996009054,1996009054,2026-08-14,2026-08-14 15:34:33+08:00
516380,智能电动车ETF华宝,0.901,0.9002,-0.09,0.003,0.33,2248.0,202977.0,0.903,0.91,0.896,0.898,1.56,0.27,0.3,8.8,345.0,1903.0,63185.0,31.13,-67141.0,-33.08,130326.0,64.21,-42354.0,-20.87,-20830.0,-10.26,2.0,0.9,0.902,82449300.0,74286819,74286819,2026-08-14,2026-08-14 16:11:37+08:00
516270,新能源ETF华安,0.605,0.6057,0.12,0.002,0.33,137701.0,8322796.0,0.605,0.614,0.601,0.603,2.16,4.81,0.96,0.16,68532.0,69169.0,173119.0,2.08,-364856.0,-4.38,537975.0,6.46,-288535.0,-3.47,115416.0,1.39,-583.0,0.604,0.605,286409008.0,173277450,173277450,2026-08-14,2026-08-14 16:11:35+08:00
515920,智能消费ETF博时,1.235,1.2373,0.19,0.004,0.32,9416.0,1160864.0,1.231,1.24,1.221,1.231,1.54,1.43,0.48,2.26,5553.0,3863.0,-287197.0,-24.74,2447.0,0.21,-289644.0,-24.95,194828.0,16.78,92369.0,7.96,-3.0,1.235,1.236,65905700.0,81393540,81393540,2026-08-14,2026-08-14 16:11:43+08:00
561220,数字经济ETF工银,1.877,1.8829,0.31,0.006,0.32,17775.0,3327642.0,1.914,1.914,1.859,1.871,2.94,3.99,0.62,-1.38,8163.0,9612.0,-65051.0,-1.95,0.0,0.0,-65051.0,-1.95,233360.0,7.01,-168308.0,-5.06,58.0,1.879,1.883,44553000.0,83625981,83625981,2026-08-14,2026-08-14 16:11:48+08:00
159122,创业板新能源ETF富国,0.931,0.9313,0.03,0.003,0.32,2473.0,230224.6,0.924,0.942,0.923,0.928,2.05,0.38,0.13,-24.93,1016.0,1457.0,103432.0,44.93,26928.0,11.7,76504.0,33.23,-48262.0,-20.96,-55171.0,-23.96,50.0,0.93,0.932,65160935.0,60664830,60664830,2026-08-14,2026-08-14 15:34:03+08:00
159389,数字经济ETF嘉实,1.906,1.9093,0.17,0.006,0.32,42179.0,8015843.9,1.904,1.93,1.879,1.9,2.68,3.08,0.57,1.77,17363.0,24816.0,728546.0,9.09,-77239.0,-0.96,805785.0,10.05,-278158.0,-3.47,-450387.0,-5.62,-110.0,1.908,1.913,137093364.0,261299952,261299952,2026-08-14,2026-08-14 15:34:51+08:00
159078,A股ETF富国,0.952,0.9537,0.18,0.003,0.32,84733.0,8038177.377,0.95,0.953,0.942,0.949,1.16,4.52,1.02,-77.05,35918.0,48815.0,-278133.0,-3.46,-373344.0,-4.64,95211.0,1.18,257039.0,3.2,21094.0,0.26,1.0,0.951,0.952,187262460.0,178273862,178273862,2026-08-14,2026-08-14 15:34:00+08:00
159731,石化ETF华夏,0.93,0.9275,-0.27,0.003,0.32,410997.0,38039544.1,0.927,0.933,0.921,0.927,1.29,5.44,0.55,-59.53,179380.0,231617.0,872077.0,2.29,2916949.0,7.67,-2044872.0,-5.38,126671.0,0.33,-998749.0,-2.63,215.0,0.929,0.93,755375808.0,702499501,702499501,2026-08-14,2026-08-14 15:34:36+08:00
159656,沪深300成长ETF万家,1.242,1.2453,0.26,0.004,0.32,98199.0,12190238.6,1.244,1.247,1.233,1.238,1.13,4.23,1.46,-0.16,36885.0,61314.0,809963.0,6.64,-744600.0,-6.11,1554563.0,12.75,-823789.0,-6.76,13826.0,0.11,-3981.0,1.242,1.245,232238451.0,288440156,288440156,2026-08-14,2026-08-14 15:34:57+08:00
561350,中证500ETF国泰,1.271,1.2705,-0.04,0.004,0.32,205415.0,25945485.0,1.276,1.276,1.256,1.267,1.58,22.4,0.81,7.8,104627.0,100788.0,-1301881.0,-5.02,-2256671.0,-8.7,954790.0,3.68,855650.0,3.3,446231.0,1.72,-85.0,1.268,1.271,91700000.0,116550700,116550700,2026-08-14,2026-08-14 16:11:37+08:00
159752,新能源ETF申万菱信,0.627,0.6263,-0.11,0.002,0.32,28498.0,1791614.0,0.624,0.636,0.623,0.625,2.08,0.69,0.45,-3.41,14763.0,13735.0,95913.0,5.35,68546.0,3.83,27367.0,1.53,-42116.0,-2.35,-53796.0,-3.0,404.0,0.625,0.627,415958912.0,260806238,260806238,2026-08-14,2026-08-14 15:34:33+08:00
510570,中证500ETF兴业,1.259,1.2586,-0.03,0.004,0.32,43833.0,5487829.0,1.258,1.259,1.244,1.255,1.2,13.26,1.09,0.17,19383.0,24450.0,50264.0,0.92,0.0,0.0,50264.0,0.92,-108483.0,-1.98,58220.0,1.06,616.0,1.256,1.26,33060600.0,41623295,41623295,2026-08-14,2026-08-14 16:11:51+08:00
159352,A500ETF南方,1.289,1.2916,0.2,0.004,0.31,27437719.0,3529312409.524,1.291,1.292,1.28,1.285,0.93,9.86,1.07,-71.14,14004541.0,13433178.0,3206656.0,0.09,-15145968.0,-0.43,18352624.0,0.52,-5297184.0,-0.15,2090544.0,0.06,-2610.0,1.289,1.29,27822101760.0,35862689169,35862689169,2026-08-14,2026-08-14 15:34:30+08:00
515160,MSCI中国ETF招商,1.642,1.6421,0.01,0.005,0.31,4617.0,754759.0,1.638,1.642,1.632,1.637,0.61,0.19,0.3,9.04,3025.0,1592.0,-40189.0,-5.32,0.0,0.0,-40189.0,-5.32,38519.0,5.1,1671.0,0.22,-1.0,1.64,1.642,243955100.0,400574274,400574274,2026-08-14,2026-08-14 16:12:02+08:00
159523,沪深300成长ETF华夏,1.298,1.301,0.23,0.004,0.31,50000.0,6472590.7,1.296,1.301,1.287,1.294,1.08,6.71,0.68,-13.39,15829.0,34171.0,285541.0,4.41,0.0,0.0,285541.0,4.41,-376372.0,-5.81,90831.0,1.4,-50.0,1.298,1.3,74517348.0,96723518,96723518,2026-08-14,2026-08-14 15:34:09+08:00
159392,航空ETF富国,0.958,0.9586,0.06,0.003,0.31,22851.0,2181823.4,0.96,0.965,0.95,0.955,1.57,1.24,0.42,-49.74,6617.0,16234.0,122525.0,5.62,283287.0,12.98,-160762.0,-7.37,-95518.0,-4.38,-27007.0,-1.24,-7.0,0.958,0.959,184785500.0,177024509,177024509,2026-08-14,2026-08-14 15:34:54+08:00
159277,港股通红利ETF富国,0.97,0.9713,0.13,0.003,0.31,29428.0,2856715.4,0.977,0.977,0.965,0.967,1.24,7.44,0.83,0.23,13969.0,15459.0,-20296.0,-0.71,0.0,0.0,-20296.0,-0.71,210102.0,7.35,-189808.0,-6.64,-1.0,0.97,0.972,39557011.0,38370301,38370301,2026-08-14,2026-08-14 15:34:39+08:00
159108,工业软件ETF博时,0.995,0.9955,0.05,0.003,0.3,41007.0,4048455.776,1.01,1.01,0.976,0.992,3.43,3.26,0.92,47.55,22832.0,18175.0,-164815.0,-4.07,439508.0,10.86,-604323.0,-14.93,129656.0,3.2,35158.0,0.87,47.0,0.994,0.995,125738511.0,125109818,125109818,2026-08-14,2026-08-14 15:34:51+08:00
589190,科创芯片ETF华宝,0.66,0.6606,0.09,0.002,0.3,784684.0,51567311.0,0.663,0.677,0.648,0.658,4.41,2.87,0.74,-7.94,409500.0,375184.0,-2947796.0,-5.72,-7077665.0,-13.73,4129869.0,8.01,1454286.0,2.82,1493510.0,2.9,-3608.0,0.659,0.66,2731562000.0,1802830920,1802830920,2026-08-14,2026-08-14 16:11:50+08:00
520810,港股通红利ETF易方达,1.004,1.0029,-0.11,0.003,0.3,45218.0,4541015.0,1.001,1.008,0.999,1.001,0.9,1.59,0.75,-27.56,13367.0,31851.0,552047.0,12.16,-105620.0,-2.33,657667.0,14.48,29850.0,0.66,-581896.0,-12.81,-907.0,1.003,1.004,284360000.0,285497440,285497440,2026-08-14,2026-08-14 16:11:37+08:00
159215,A500ETF平安,1.327,1.3293,0.17,0.004,0.3,78863.0,10445335.344,1.327,1.33,1.316,1.323,1.06,0.82,0.71,25.88,27776.0,51087.0,-526390.0,-5.04,987591.0,9.45,-1513981.0,-14.49,384014.0,3.68,142376.0,1.36,116.0,1.324,1.327,958582800.0,1272039376,1272039376,2026-08-14,2026-08-14 15:34:57+08:00
589560,科创人工智能ETF汇添富,0.988,0.9868,-0.12,0.003,0.3,40298.0,3970512.0,1.003,1.003,0.972,0.985,3.15,1.71,0.86,9.73,13637.0,26661.0,-618683.0,-15.58,-420009.0,-10.58,-198674.0,-5.0,478816.0,12.06,139867.0,3.52,-100.0,0.986,0.988,235355000.0,232530740,232530740,2026-08-14,2026-08-14 16:11:56+08:00
159901,深证100ETF易方达,3.715,3.7152,0.01,0.011,0.3,817800.0,303255429.92,3.71,3.724,3.685,3.704,1.05,8.27,0.81,-18.07,371925.0,445875.0,2198882.0,0.73,-3381937.0,-1.12,5580819.0,1.84,-22467895.0,-7.41,20269013.0,6.68,935.0,3.714,3.715,988334928.0,3671664258,3671664258,2026-08-14,2026-08-14 15:34:57+08:00
159973,民企ETF弘毅远方,1.999,2.0021,0.15,0.006,0.3,2713.0,540820.8,2.013,2.033,1.973,1.993,3.01,0.14,1.13,41.29,993.0,1720.0,149399.0,27.62,0.0,0.0,149399.0,27.62,-181651.0,-33.59,32251.0,5.96,-14.0,1.991,2.004,199976423.0,399752870,399752870,2026-08-14,2026-08-14 15:34:24+08:00
516660,新能源车ETF华安,1.012,1.0149,0.29,0.003,0.3,12416.0,1259322.0,1.009,1.028,1.009,1.009,1.88,0.8,0.79,0.57,3469.0,8947.0,242488.0,19.26,0.0,0.0,242488.0,19.26,-225802.0,-17.93,-16686.0,-1.32,-8.0,1.012,1.015,155689000.0,157557268,157557268,2026-08-14,2026-08-14 16:11:35+08:00
510140,上证综指ETF华夏,1.017,1.0153,-0.17,0.003,0.3,58617.0,5941422.0,1.015,1.018,1.011,1.014,0.69,6.16,0.45,-9.2,26742.0,31875.0,-106248.0,-1.79,0.0,0.0,-106248.0,-1.79,-444901.0,-7.49,551149.0,9.28,-836.0,1.016,1.017,95230500.0,96849419,96849419,2026-08-14,2026-08-14 16:11:57+08:00
560770,机器人ETF招商,0.998,0.9981,0.01,0.003,0.3,262305.0,26009087.0,0.996,1.001,0.982,0.995,1.91,1.57,1.02,-12.36,121312.0,140993.0,-1578850.0,-6.07,-4033222.0,-15.51,2454372.0,9.44,565641.0,2.17,1013209.0,3.9,-691.0,0.997,0.998,1672633008.0,1669287742,1669287742,2026-08-14,2026-08-14 16:11:53+08:00
515910,质量ETF中金,0.697,0.6976,0.09,0.002,0.29,26895.0,1869148.0,0.694,0.698,0.691,0.695,1.01,1.18,0.59,10.47,14306.0,12589.0,-44428.0,-2.38,-11400.0,-0.61,-33028.0,-1.77,-1885.0,-0.1,46313.0,2.48,3266.0,0.695,0.697,227507000.0,158572379,158572379,2026-08-14,2026-08-14 16:11:47+08:00
159820,中证500ETF天弘,1.386,1.39,0.29,0.004,0.29,84804.0,11708239.8,1.387,1.39,1.37,1.382,1.45,0.62,1.36,50.81,31951.0,52853.0,-141620.0,-1.21,0.0,0.0,-141620.0,-1.21,-36545.0,-0.31,178165.0,1.52,1.0,1.385,1.386,1361408464.0,1886912131,1886912131,2026-08-14,2026-08-14 15:34:33+08:00
159770,机器人ETF天弘,1.037,1.0387,0.16,0.003,0.29,1046154.0,107897793.945,1.035,1.041,1.022,1.034,1.84,1.71,0.72,-50.25,500573.0,545581.0,-4620956.0,-4.28,1017038.0,0.94,-5637994.0,-5.23,1396892.0,1.29,3224064.0,2.99,-9457.0,1.037,1.038,6107587840.0,6333568590,6333568590,2026-08-14,2026-08-14 15:34:39+08:00
515230,软件ETF国泰,0.721,0.7202,-0.11,0.002,0.28,4227036.0,303574573.0,0.719,0.734,0.707,0.719,3.76,5.45,1.02,-11.14,1952292.0,2274745.0,-25780896.0,-8.49,-23141868.0,-7.62,-2639028.0,-0.87,11847145.0,3.9,13933750.0,4.59,-17191.0,0.72,0.721,7751691008.0,5588969217,5588969217,2026-08-14,2026-08-14 16:12:01+08:00
159589,红利ETF广发,1.085,1.0855,0.05,0.003,0.28,58014.0,6273743.8,1.081,1.086,1.074,1.082,1.11,2.34,0.68,-1.87,35564.0,22450.0,75454.0,1.2,-19204.0,-0.31,94658.0,1.51,-295483.0,-4.71,220028.0,3.51,-780.0,1.085,1.086,247590005.0,268635155,268635155,2026-08-14,2026-08-14 15:34:18+08:00
563060,央企50ETF易方达,1.08,1.0789,-0.1,0.003,0.28,29905.0,3222629.0,1.073,1.08,1.069,1.077,1.02,1.57,0.77,-25.65,15892.0,14013.0,11533.0,0.36,30213.0,0.94,-18680.0,-0.58,-38740.0,-1.2,27207.0,0.84,2880.0,1.077,1.08,190527000.0,205769160,205769160,2026-08-14,2026-08-14 16:11:34+08:00
510380,沪深300ETF国寿,1.408,1.407,-0.07,0.004,0.28,11608.0,1630558.0,1.404,1.418,1.399,1.404,1.35,0.08,0.14,15.42,9705.0,1903.0,712811.0,43.72,52940.0,3.25,659871.0,40.47,-664311.0,-40.74,-48501.0,-2.97,-428.0,1.405,1.409,1488802400.0,2096233779,2096233779,2026-08-14,2026-08-14 16:11:52+08:00
159852,软件ETF嘉实,0.712,0.7113,-0.1,0.002,0.28,10415537.0,737781637.777,0.709,0.724,0.698,0.71,3.66,7.85,1.11,0.19,4708424.0,5707113.0,-72090397.0,-9.77,-76276087.0,-10.34,4185690.0,0.57,39591962.0,5.37,32498435.0,4.4,-150453.0,0.712,0.713,13262624000.0,9442988288,9442988288,2026-08-14,2026-08-14 15:34:24+08:00
512560,军工ETF易方达,0.725,0.7246,-0.06,0.002,0.28,551367.0,39878388.0,0.72,0.734,0.717,0.723,2.35,5.73,0.69,-7.61,228550.0,322817.0,549964.0,1.38,-429880.0,-1.08,979844.0,2.46,-840049.0,-2.11,290085.0,0.73,-3314.0,0.724,0.725,962127008.0,697542081,697542081,2026-08-14,2026-08-14 16:11:33+08:00
562310,沪深300成长ETF银华,1.095,1.0955,0.05,0.003,0.27,269868.0,29507060.0,1.097,1.098,1.085,1.092,1.19,5.78,2.09,0.47,113849.0,156019.0,1779819.0,6.03,677284.0,2.3,1102535.0,3.74,-1813211.0,-6.15,33392.0,0.11,-272.0,1.095,1.096,466572304.0,510896673,510896673,2026-08-14,2026-08-14 16:11:49+08:00
159337,中证500ETF东财,1.825,1.8264,0.08,0.005,0.27,83411.0,15171493.5,1.82,1.829,1.805,1.82,1.32,2.92,0.6,0.12,42514.0,40897.0,-1955150.0,-12.89,0.0,0.0,-1955150.0,-12.89,1246216.0,8.21,708934.0,4.67,852.0,1.824,1.825,285710608.0,521421860,521421860,2026-08-14,2026-08-14 15:34:00+08:00
562930,软件ETF易方达,0.741,0.7395,-0.2,0.002,0.27,1312872.0,96747301.0,0.736,0.753,0.726,0.739,3.65,7.68,0.88,30.35,572476.0,740396.0,-4822288.0,-4.98,-5196933.0,-5.37,374645.0,0.39,1595064.0,1.65,3227224.0,3.34,-13547.0,0.741,0.742,1708437008.0,1265951823,1265951823,2026-08-14,2026-08-14 16:11:36+08:00
512960,央企结构调整ETF博时,1.464,1.4651,0.08,0.004,0.27,10043.0,1469610.0,1.462,1.465,1.455,1.46,0.68,0.03,0.34,0.21,8082.0,1961.0,14596.0,0.99,0.0,0.0,14596.0,0.99,-8468.0,-0.58,-6127.0,-0.42,-27.0,1.464,1.469,3857257296.0,5647024681,5647024681,2026-08-14,2026-08-14 16:12:00+08:00
515360,沪深300ETF方正富邦,6.84,6.8365,-0.05,0.018,0.26,898.0,612183.0,6.826,6.849,6.804,6.822,0.66,0.24,0.34,-2.75,338.0,560.0,199131.0,32.53,0.0,0.0,199131.0,32.53,-261058.0,-42.64,61927.0,10.12,-1.0,6.819,6.85,37779300.0,258410412,258410412,2026-08-14,2026-08-14 16:11:43+08:00
588730,科创人工智能ETF易方达,1.545,1.5456,0.04,0.004,0.26,625731.0,96624841.0,1.551,1.565,1.521,1.541,2.86,8.8,0.94,-16.76,310435.0,315296.0,-7340898.0,-7.6,-1869850.0,-1.94,-5471048.0,-5.66,4257291.0,4.41,3083606.0,3.19,-622.0,1.545,1.546,711396304.0,1099107290,1099107290,2026-08-14,2026-08-14 16:11:34+08:00
560070,央企红利ETF汇添富,1.149,1.1492,0.02,0.003,0.26,12507.0,1435484.0,1.146,1.151,1.141,1.146,0.87,1.48,0.74,9.72,5084.0,7423.0,141138.0,9.83,110952.0,7.73,30186.0,2.1,-157107.0,-10.94,15970.0,1.11,-869.0,1.148,1.15,84362300.0,96932283,96932283,2026-08-14,2026-08-14 16:11:53+08:00
563900,300自由现金流ETF摩根,1.156,1.1547,-0.11,0.003,0.26,184302.0,21196854.0,1.153,1.156,1.146,1.153,0.87,3.83,0.82,5.05,115469.0,68833.0,-86993.0,-0.41,1876.0,0.01,-88869.0,-0.42,152483.0,0.72,-65491.0,-0.31,1.0,1.155,1.156,480965696.0,555996345,555996345,2026-08-14,2026-08-14 16:12:02+08:00
560700,央企红利ETF广发,1.175,1.1744,-0.05,0.003,0.26,38797.0,4544602.0,1.172,1.176,1.166,1.172,0.85,0.86,0.52,9.74,18634.0,20163.0,71238.0,1.57,0.0,0.0,71238.0,1.57,5128.0,0.11,-76365.0,-1.68,-1.0,1.174,1.175,453536896.0,532905853,532905853,2026-08-14,2026-08-14 16:12:01+08:00
561060,国企红利ETF华安,1.148,1.1474,-0.05,0.003,0.26,15943.0,1830592.0,1.142,1.149,1.14,1.145,0.79,2.92,1.71,7.28,7504.0,8439.0,300397.0,16.41,0.0,0.0,300397.0,16.41,-324390.0,-17.72,23993.0,1.31,13.0,1.145,1.149,54565000.0,62640620,62640620,2026-08-14,2026-08-14 16:11:43+08:00
513830,港股通高股息ETF嘉实,1.176,1.1761,0.01,0.003,0.26,18048.0,2121484.0,1.173,1.179,1.17,1.173,0.77,3.26,1.63,-5.58,9492.0,8556.0,-10954.0,-0.52,0.0,0.0,-10954.0,-0.52,163483.0,7.71,-152529.0,-7.19,416.0,1.174,1.178,55311000.0,65045736,65045736,2026-08-14,2026-08-14 16:11:57+08:00
513170,恒生央企ETF鹏华,1.547,1.5459,-0.07,0.004,0.26,27799.0,4299904.0,1.543,1.55,1.536,1.543,0.91,1.38,1.97,6.21,14718.0,13081.0,1192001.0,27.72,0.0,0.0,1192001.0,27.72,-25049.0,-0.58,-1166952.0,-27.14,-444.0,1.547,1.548,201573000.0,311833431,311833431,2026-08-14,2026-08-14 16:12:01+08:00
562880,电池ETF嘉实,0.784,0.7843,0.04,0.002,0.26,299188.0,23454956.0,0.785,0.798,0.779,0.782,2.43,3.12,1.02,4.39,127067.0,172121.0,-600507.0,-2.56,1374288.0,5.86,-1974795.0,-8.42,465781.0,1.99,134726.0,0.57,-543.0,0.784,0.785,959899600.0,752561286,752561286,2026-08-14,2026-08-14 16:11:37+08:00
510580,中证500ETF易方达,4.206,4.209,0.07,0.011,0.26,293314.0,123018667.0,4.19,4.216,4.159,4.195,1.36,2.6,0.86,-43.51,122222.0,171092.0,-4404242.0,-3.58,3754804.0,3.05,-8159046.0,-6.63,4894687.0,3.98,-490446.0,-0.4,-496.0,4.206,4.208,1129368304.0,4750123087,4750123087,2026-08-14,2026-08-14 16:11:52+08:00
515110,一带一路ETF易方达,1.624,1.6223,-0.1,0.004,0.25,71822.0,11625419.0,1.619,1.624,1.614,1.62,0.62,3.34,1.07,0.32,39002.0,32820.0,-463210.0,-3.98,968.0,0.01,-464178.0,-3.99,454239.0,3.91,8971.0,0.08,1.0,1.621,1.626,215295000.0,349639080,349639080,2026-08-14,2026-08-14 16:11:37+08:00
512380,MSCI中国ETF银华,1.629,1.6287,-0.02,0.004,0.25,5315.0,861433.0,1.628,1.63,1.618,1.625,0.74,0.73,0.41,-0.08,2647.0,2668.0,-32277.0,-3.75,-227383.0,-26.4,195106.0,22.65,0.0,0.0,32278.0,3.75,2.0,1.626,1.633,72805600.0,118600322,118600322,2026-08-14,2026-08-14 16:11:39+08:00
560510,中证A500ETF泰康,1.208,1.2086,0.05,0.003,0.25,219805.0,26478145.0,1.205,1.211,1.198,1.205,1.08,0.87,0.45,-5.93,78617.0,141188.0,389641.0,1.47,-1722167.0,-6.5,2111808.0,7.98,-460244.0,-1.74,70602.0,0.27,-293.0,1.206,1.208,2513026896.0,3035736490,3035736490,2026-08-14,2026-08-14 16:11:33+08:00
159691,港股红利ETF工银,1.188,1.1913,0.28,0.003,0.25,893215.0,105945262.064,1.182,1.19,1.176,1.185,1.18,2.45,0.72,-43.02,478321.0,414894.0,6794086.0,6.41,2453569.0,2.32,4340517.0,4.1,-5598501.0,-5.28,-1195584.0,-1.13,1158.0,1.187,1.188,3640301392.0,4324678054,4324678054,2026-08-14,2026-08-14 15:34:09+08:00
159922,中证500ETF嘉实,3.248,3.2475,-0.02,0.008,0.25,849514.0,274992437.687,3.241,3.254,3.208,3.24,1.42,3.11,0.83,-40.62,462070.0,387444.0,-15719437.0,-5.72,-30978533.0,-11.27,15259096.0,5.55,192870.0,0.07,15526567.0,5.65,1731.0,3.247,3.248,2734676768.0,8882230142,8882230142,2026-08-14,2026-08-14 15:34:09+08:00
512720,计算机ETF国泰,1.225,1.2253,0.02,0.003,0.25,328443.0,39913293.0,1.221,1.234,1.2,1.222,2.78,8.43,0.77,22.12,158205.0,170238.0,3750974.0,9.4,6864475.0,17.2,-3113501.0,-7.8,-3700050.0,-9.27,-50923.0,-0.13,-483.0,1.225,1.226,389453408.0,477080425,477080425,2026-08-14,2026-08-14 16:11:51+08:00
561280,中证1000增强ETF工银,1.618,1.6187,0.04,0.004,0.25,51914.0,8366689.0,1.611,1.622,1.6,1.614,1.36,5.91,1.02,-1.34,25446.0,26468.0,515110.0,6.16,0.0,0.0,515110.0,6.16,-349304.0,-4.17,-165805.0,-1.98,-3.0,1.616,1.618,87847700.0,142137579,142137579,2026-08-14,2026-08-14 16:11:40+08:00
159959,央企ETF银华,1.635,1.6373,0.14,0.004,0.25,389.0,63564.2,1.631,1.636,1.631,1.631,0.31,0.0,0.15,28.47,182.0,207.0,13069.0,20.56,12906.0,20.3,163.0,0.26,-33026.0,-51.96,19956.0,31.4,2.0,1.621,1.635,1827891776.0,2988603054,2988603054,2026-08-14,2026-08-14 15:34:12+08:00
159285,港股通消费ETF华安,0.787,0.7863,-0.09,0.002,0.25,78650.0,6194342.483,0.788,0.79,0.784,0.785,0.76,3.17,0.9,-37.82,34269.0,44381.0,86150.0,1.39,0.0,0.0,86150.0,1.39,-12937.0,-0.21,-73213.0,-1.18,7.0,0.786,0.787,248486680.0,195559017,195559017,2026-08-14,2026-08-14 15:34:48+08:00
159265,港股消费ETF鹏华,0.818,0.8182,0.02,0.002,0.25,100469.0,8229794.9,0.813,0.821,0.813,0.816,0.98,5.65,0.85,-21.94,56213.0,44256.0,1013693.0,12.32,-819965.0,-9.96,1833658.0,22.28,-1000839.0,-12.16,-12854.0,-0.16,-8.0,0.818,0.819,177950894.0,145563831,145563831,2026-08-14,2026-08-14 15:34:36+08:00
588790,科创AIETF博时,0.828,0.8274,-0.07,0.002,0.24,2728160.0,225216949.0,0.831,0.838,0.815,0.826,2.78,8.79,1.14,17.8,1522171.0,1205989.0,-40599239.0,-18.03,-34260944.0,-15.21,-6338295.0,-2.81,8297273.0,3.68,32301966.0,14.34,-8950.0,0.827,0.828,3103384000.0,2569601952,2569601952,2026-08-14,2026-08-14 16:11:56+08:00
159272,机器人ETF富国,0.846,0.846,0.0,0.002,0.24,1286026.0,108239023.78,0.842,0.85,0.832,0.844,2.13,3.41,0.59,-40.83,557609.0,728417.0,5815197.0,5.37,9239092.0,8.54,-3423895.0,-3.16,-5983880.0,-5.53,168682.0,0.16,-13414.0,0.846,0.847,3771164688.0,3190405326,3190405326,2026-08-14,2026-08-14 15:34:42+08:00
515190,中证500ETF中银证券,1.681,1.6806,-0.02,0.004,0.24,11916.0,1989221.0,1.676,1.681,1.66,1.677,1.25,0.41,0.72,1.24,4817.0,7099.0,190741.0,9.59,0.0,0.0,190741.0,9.59,-240877.0,-12.11,50137.0,2.52,-32.0,1.681,1.684,293466096.0,493316507,493316507,2026-08-14,2026-08-14 16:12:02+08:00
561960,央企回报ETF招商,1.246,1.2465,0.04,0.003,0.24,678.0,84432.0,1.246,1.248,1.237,1.243,0.88,0.12,0.12,6.16,61.0,617.0,30840.0,36.53,618.0,0.73,30222.0,35.79,-24442.0,-28.95,-6399.0,-7.58,-6.0,1.245,1.25,57385200.0,71501959,71501959,2026-08-14,2026-08-14 16:11:54+08:00
159551,机器人ETF国泰,1.303,1.3072,0.32,0.003,0.23,167546.0,21747899.305,1.301,1.309,1.285,1.3,1.85,5.27,0.93,26.66,75576.0,91970.0,-9640.0,-0.04,-578394.0,-2.66,568754.0,2.62,95994.0,0.44,-86352.0,-0.4,-688.0,1.303,1.304,317920928.0,414250969,414250969,2026-08-14,2026-08-14 15:34:51+08:00
159610,中证500增强ETF景顺,1.28,1.2794,-0.05,0.003,0.23,41392.0,5276410.38,1.289,1.303,1.266,1.277,2.9,2.52,0.99,70.3,18845.0,22547.0,-399010.0,-7.56,1531642.0,29.03,-1930652.0,-36.59,412910.0,7.83,-13900.0,-0.26,-2.0,1.28,1.281,164568207.0,210647305,210647305,2026-08-14,2026-08-14 15:34:33+08:00
159903,深成ETF南方,1.753,1.7548,0.1,0.004,0.23,206933.0,36167896.9,1.75,1.758,1.735,1.749,1.32,5.02,0.69,25.93,92591.0,114342.0,-2151554.0,-5.95,-568343.0,-1.57,-1583211.0,-4.38,1281625.0,3.54,869929.0,2.41,-1568.0,1.753,1.754,412154512.0,722506860,722506860,2026-08-14,2026-08-14 15:34:54+08:00
516020,化工ETF华宝,0.856,0.8557,-0.04,0.002,0.23,898350.0,76898072.0,0.854,0.866,0.85,0.854,1.87,2.51,0.49,9.6,414745.0,483605.0,-117803.0,-0.15,-1773996.0,-2.31,1656193.0,2.15,-100096.0,-0.13,217897.0,0.28,-1688.0,0.856,0.857,3581326208.0,3065615234,3065615234,2026-08-14,2026-08-14 16:11:56+08:00
159240,A500增强ETF天弘,1.321,1.3216,0.05,0.003,0.23,19573.0,2575647.3,1.318,1.321,1.308,1.318,0.99,9.49,0.97,20.95,10879.0,8694.0,304816.0,11.83,0.0,0.0,304816.0,11.83,-356419.0,-13.84,51602.0,2.0,19.0,1.319,1.322,20619776.0,27238724,27238724,2026-08-14,2026-08-14 15:34:24+08:00
159039,机器人ETF华安,0.877,0.8772,0.02,0.002,0.23,522835.0,45621295.166,0.874,0.881,0.864,0.875,1.94,5.96,0.82,-15.51,262695.0,260140.0,-8775083.0,-19.23,-7493816.0,-16.43,-1281267.0,-2.81,7933792.0,17.39,841290.0,1.84,897.0,0.876,0.877,877461424.0,769533669,769533669,2026-08-14,2026-08-14 15:34:27+08:00
510500,中证500ETF南方,7.998,8.0051,0.09,0.018,0.23,2546785.0,2032474227.0,8.0,8.024,7.91,7.98,1.43,4.79,0.88,-65.59,1143699.0,1403086.0,95654192.0,4.71,199229008.0,9.8,-103574816.0,-5.1,-109761777.0,-5.4,14107578.0,0.69,-16908.0,7.998,7.999,5319368704.0,42544310895,42544310895,2026-08-14,2026-08-14 16:11:45+08:00
159386,A500ETF永赢,1.306,1.3085,0.19,0.003,0.23,138251.0,18004870.9,1.307,1.308,1.296,1.303,0.92,21.65,1.5,51.91,66902.0,71349.0,946052.0,5.25,3877133.0,21.53,-2931081.0,-16.28,-910445.0,-5.06,-35607.0,-0.2,1.0,1.302,1.306,63869559.0,83413644,83413644,2026-08-14,2026-08-14 15:34:51+08:00
515790,光伏ETF华泰柏瑞,0.865,0.8653,0.03,0.002,0.23,2163426.0,186706080.0,0.864,0.87,0.856,0.863,1.62,3.57,0.79,-18.07,1008568.0,1154858.0,513768.0,0.28,7587448.0,4.06,-7073680.0,-3.79,-3125154.0,-1.67,2611385.0,1.4,-7555.0,0.865,0.866,6053494016.0,5236272324,5236272324,2026-08-14,2026-08-14 16:11:59+08:00
159145,工业软件ETF广发,0.86,0.8615,0.17,0.002,0.23,39619.0,3388536.0,0.857,0.87,0.845,0.858,2.91,5.78,0.53,5.25,17977.0,21642.0,-73263.0,-2.16,194880.0,5.75,-268143.0,-7.91,87374.0,2.58,-14112.0,-0.42,-40.0,0.86,0.863,68581845.0,58980387,58980387,2026-08-14,2026-08-14 15:34:27+08:00
159149,创业板新能源ETF工银,0.889,0.8898,0.09,0.002,0.23,52313.0,4658948.6,0.889,0.9,0.883,0.887,1.92,9.42,0.86,0.34,25266.0,27047.0,271843.0,5.83,34499.0,0.74,237344.0,5.09,-213311.0,-4.58,-58531.0,-1.26,-368.0,0.888,0.891,55515298.0,49353100,49353100,2026-08-14,2026-08-14 15:34:33+08:00
516220,化工ETF国泰,0.897,0.8967,-0.03,0.002,0.22,75402.0,6746918.0,0.892,0.907,0.89,0.895,1.9,2.78,0.53,5.26,38443.0,36959.0,99256.0,1.47,55352.0,0.82,43904.0,0.65,-90641.0,-1.34,-8616.0,-0.13,-512.0,0.897,0.898,271170000.0,243239490,243239490,2026-08-14,2026-08-14 16:11:54+08:00
520610,港股红利低波ETF银华,0.932,0.9313,-0.08,0.002,0.22,25591.0,2380887.0,0.929,0.933,0.925,0.93,0.86,0.77,0.11,1.57,8745.0,16846.0,171913.0,7.22,0.0,0.0,171913.0,7.22,-123413.0,-5.18,-48500.0,-2.04,38.0,0.931,0.933,333963008.0,311253523,311253523,2026-08-14,2026-08-14 16:11:39+08:00
159147,电池ETF南方,0.893,0.8926,-0.04,0.002,0.22,453846.0,40731034.914,0.891,0.908,0.887,0.891,2.36,2.2,1.1,-74.38,206413.0,247433.0,1438910.0,3.53,-197820.0,-0.49,1636730.0,4.02,-1338302.0,-3.29,-100607.0,-0.25,145.0,0.892,0.893,2061909552.0,1841285230,1841285230,2026-08-14,2026-08-14 15:34:03+08:00
159590,软件ETF汇添富,0.922,0.9212,-0.09,0.002,0.22,726678.0,66669303.7,0.92,0.937,0.904,0.92,3.59,9.6,0.93,-3.12,335234.0,391444.0,-4594170.0,-6.89,-10088182.0,-15.13,5494012.0,8.24,2514899.0,3.77,2079270.0,3.12,2637.0,0.921,0.922,756861744.0,697826528,697826528,2026-08-14,2026-08-14 15:34:21+08:00
561660,通用航空ETF平安,0.915,0.9165,0.16,0.002,0.22,13132.0,1201609.0,0.913,0.921,0.907,0.913,1.53,1.88,0.31,-2.15,9184.0,3948.0,29852.0,2.48,0.0,0.0,29852.0,2.48,40581.0,3.38,-70434.0,-5.86,-19.0,0.915,0.918,69710000.0,63784650,63784650,2026-08-14,2026-08-14 16:11:51+08:00
515890,红利ETF博时,1.449,1.4485,-0.03,0.003,0.21,34345.0,4964496.0,1.446,1.452,1.436,1.446,1.11,0.99,0.69,32.57,16851.0,17494.0,606396.0,12.21,-8511.0,-0.17,614907.0,12.39,-770069.0,-15.51,163674.0,3.3,-2.0,1.449,1.451,347443904.0,503446217,503446217,2026-08-14,2026-08-14 16:12:02+08:00
515180,红利ETF易方达,1.408,1.4075,-0.04,0.003,0.21,2216665.0,311363393.0,1.404,1.411,1.396,1.405,1.07,1.72,0.96,-22.09,1186529.0,1030136.0,14646296.0,4.7,14139982.0,4.54,506314.0,0.16,-8315633.0,-2.67,-6330663.0,-2.03,-22344.0,1.407,1.408,12908636928.0,18175360795,18175360795,2026-08-14,2026-08-14 16:11:40+08:00
588480,科创创业人工智能ETF中金,0.938,0.9413,0.35,0.002,0.21,68785.0,6410302.0,0.936,0.94,0.923,0.936,1.82,3.1,0.7,-41.61,31753.0,37032.0,-699045.0,-10.91,0.0,0.0,-699045.0,-10.91,271338.0,4.23,427708.0,6.67,-754.0,0.936,0.938,221717000.0,207970546,207970546,2026-08-14,2026-08-14 16:11:49+08:00
516850,新能源ETF华夏,0.947,0.9486,0.17,0.002,0.21,123438.0,11712913.0,0.948,0.961,0.942,0.945,2.01,8.8,0.84,7.38,59417.0,64021.0,170422.0,1.45,-95.0,0.0,170517.0,1.46,34635.0,0.3,-205057.0,-1.75,-3.0,0.947,0.948,140237000.0,132804439,132804439,2026-08-14,2026-08-14 16:12:00+08:00
562570,信创ETF华夏,1.411,1.414,0.21,0.003,0.21,208815.0,29281337.0,1.411,1.428,1.384,1.408,3.13,6.69,0.41,29.19,86164.0,122651.0,600313.0,2.05,1429604.0,4.88,-829291.0,-2.83,-696796.0,-2.38,96483.0,0.33,-272.0,1.41,1.411,312281008.0,440628502,440628502,2026-08-14,2026-08-14 16:11:36+08:00
563330,A股ETF华泰柏瑞,4.265,4.2693,0.1,0.009,0.21,71322.0,30349117.0,4.26,4.276,4.232,4.256,1.03,17.33,0.63,86.03,33192.0,38130.0,2113760.0,6.96,3319396.0,10.94,-1205636.0,-3.97,-1538439.0,-5.07,-575321.0,-1.9,-1.0,4.265,4.268,41160600.0,175549959,175549959,2026-08-14,2026-08-14 16:11:56+08:00
520520,恒生消费ETF华泰柏瑞,0.969,0.9685,-0.05,0.002,0.21,26932.0,2608278.0,0.965,0.973,0.96,0.967,1.34,4.93,0.7,-2.68,12806.0,14126.0,90737.0,3.48,0.0,0.0,90737.0,3.48,-124746.0,-4.78,34009.0,1.3,4.0,0.965,0.972,54606000.0,52913214,52913214,2026-08-14,2026-08-14 16:11:34+08:00
159230,通用航空ETF华夏,0.977,0.9776,0.06,0.002,0.21,156899.0,15269643.6,0.975,0.984,0.968,0.975,1.64,5.12,1.11,27.68,75547.0,81352.0,809227.0,5.3,602552.0,3.95,206675.0,1.35,-738345.0,-4.84,-70883.0,-0.46,-20.0,0.977,0.978,306304224.0,299259227,299259227,2026-08-14,2026-08-14 15:34:06+08:00
159211,深证100ETF富国,1.477,1.479,0.14,0.003,0.2,21224.0,3132840.2,1.47,1.481,1.467,1.474,0.95,10.78,0.87,25.94,14291.0,6933.0,40731.0,1.3,-1022527.0,-32.64,1063258.0,33.94,-107601.0,-3.43,66869.0,2.13,-10.0,1.478,1.484,19683294.0,29072225,29072225,2026-08-14,2026-08-14 15:34:12+08:00
159216,深证100ETF大成,1.515,1.5158,0.05,0.003,0.2,55313.0,8355145.6,1.512,1.52,1.503,1.512,1.12,50.06,1.23,-7.25,26999.0,28314.0,-113296.0,-1.36,0.0,0.0,-113296.0,-1.36,82642.0,0.99,30653.0,0.37,-5.0,1.515,1.52,11048250.0,16738099,16738099,2026-08-14,2026-08-14 15:34:00+08:00
159278,机器人ETF鹏华,0.993,0.9935,0.05,0.002,0.2,1249871.0,123507263.1,0.991,0.997,0.978,0.991,1.92,5.73,0.78,-32.73,533560.0,716311.0,3654349.0,2.96,13550786.0,10.97,-9896437.0,-8.01,-5106352.0,-4.13,1452004.0,1.18,4806.0,0.992,0.993,2179545856.0,2164289035,2164289035,2026-08-14,2026-08-14 15:34:06+08:00
510590,中证500ETF平安,8.695,8.6905,-0.05,0.017,0.2,774.0,668280.0,8.679,8.733,8.576,8.678,1.81,0.06,0.03,2.12,428.0,346.0,-16557.0,-2.48,0.0,0.0,-16557.0,-2.48,20464.0,3.06,-3907.0,-0.58,23.0,8.676,8.686,122386100.0,1064147140,1064147140,2026-08-14,2026-08-14 16:11:52+08:00
159935,中证500ETF景顺,2.518,2.5162,-0.07,0.005,0.2,6768.0,1701074.6,2.523,2.524,2.491,2.513,1.31,2.55,1.32,-14.68,2507.0,4261.0,-436991.0,-25.69,0.0,0.0,-436991.0,-25.69,379398.0,22.3,57593.0,3.39,11.0,2.516,2.521,26572956.0,66910703,66910703,2026-08-14,2026-08-14 15:34:06+08:00
562500,机器人ETF华夏,1.001,1.0023,0.13,0.002,0.2,5274307.0,525165383.0,0.999,1.005,0.986,0.999,1.9,2.85,0.84,-28.05,2097224.0,3177083.0,2100467.0,0.4,24766144.0,4.72,-22665677.0,-4.32,-29590428.0,-5.63,27489961.0,5.23,-16724.0,1.001,1.002,18494687232.0,18513181919,18513181919,2026-08-14,2026-08-14 16:11:59+08:00
159912,深300ETF汇添富,1.978,1.9851,0.36,0.004,0.2,6279.0,1243044.2,1.974,2.01,1.963,1.974,2.38,0.92,0.81,9.86,2018.0,4261.0,380585.0,30.62,0.0,0.0,380585.0,30.62,-405895.0,-32.65,25311.0,2.04,-2.0,1.977,1.985,68448991.0,135392104,135392104,2026-08-14,2026-08-14 15:34:00+08:00
517800,人工智能50ETF方正富邦,1.017,1.0199,0.28,0.002,0.2,36370.0,3696388.0,1.015,1.025,1.007,1.015,1.77,1.74,0.73,8.18,11525.0,24845.0,-75537.0,-2.04,0.0,0.0,-75537.0,-2.04,-179330.0,-4.85,254867.0,6.9,-7.0,1.017,1.019,208539700.0,212084875,212084875,2026-08-14,2026-08-14 16:12:02+08:00
513910,港股通央企红利ETF华夏,1.509,1.5116,0.17,0.003,0.2,555672.0,83846188.0,1.506,1.513,1.499,1.506,0.93,2.73,0.73,39.82,292834.0,262838.0,418795.0,0.5,-6590815.0,-7.86,7009610.0,8.36,-977106.0,-1.17,558311.0,0.67,-400.0,1.509,1.51,2033276000.0,3068213484,3068213484,2026-08-14,2026-08-14 16:11:44+08:00
516570,化工行业ETF易方达,1.014,1.0129,-0.11,0.002,0.2,362725.0,36740856.0,1.012,1.02,1.007,1.012,1.28,3.2,0.96,2.97,188295.0,174430.0,396120.0,1.08,-1792358.0,-4.88,2188478.0,5.96,-23626.0,-0.06,-372493.0,-1.01,-85.0,1.013,1.014,1134357600.0,1150238606,1150238606,2026-08-14,2026-08-14 16:11:49+08:00
561420,300现金流ETF汇添富,1.079,1.0797,0.06,0.002,0.19,67403.0,7261219.0,1.073,1.08,1.07,1.077,0.93,0.65,0.95,0.6,46247.0,21156.0,617383.0,8.5,910649.0,12.54,-293266.0,-4.04,-546126.0,-7.52,-71256.0,-0.98,-1881.0,1.077,1.079,1032237008.0,1113783732,1113783732,2026-08-14,2026-08-14 16:11:46+08:00
563890,国企红利ETF创金合信,1.048,1.0477,-0.03,0.002,0.19,1179.0,122997.0,1.042,1.048,1.041,1.046,0.67,0.48,0.26,12.88,26.0,1153.0,-31601.0,-25.69,0.0,0.0,-31601.0,-25.69,38727.0,31.49,-7126.0,-5.79,-50.0,1.045,1.05,24336000.0,25504128,25504128,2026-08-14,2026-08-14 16:11:37+08:00
159378,通用航空ETF永赢,1.039,1.0387,-0.03,0.002,0.19,397394.0,41192156.5,1.037,1.045,1.028,1.037,1.64,6.93,1.23,71.17,229861.0,167533.0,19562207.0,47.49,9829500.0,23.86,9732707.0,23.63,-632612.0,-1.54,-18929595.0,-45.95,-164.0,1.039,1.04,573771072.0,596148144,596148144,2026-08-14,2026-08-14 15:34:42+08:00
515350,沪深300ETF民生加银,6.342,6.3415,-0.01,0.012,0.19,1859.0,1179598.0,6.346,6.35,6.309,6.33,0.65,1.59,0.47,0.26,509.0,1350.0,464813.0,39.4,0.0,0.0,464813.0,39.4,-395679.0,-33.54,-69133.0,-5.86,-3.0,6.332,6.342,11699200.0,74196326,74196326,2026-08-14,2026-08-14 16:11:46+08:00
563750,中证500ETF汇添富,1.115,1.117,0.18,0.002,0.18,116295.0,12957409.0,1.133,1.133,1.104,1.113,2.61,3.45,0.92,8.95,43016.0,73279.0,480390.0,3.71,3139235.0,24.23,-2658845.0,-20.52,-473878.0,-3.66,-6512.0,-0.05,-20.0,1.114,1.115,337237008.0,376019264,376019264,2026-08-14,2026-08-14 16:12:00+08:00
560020,红利ETF汇添富,1.102,1.1015,-0.05,0.002,0.18,132431.0,14604965.0,1.1,1.105,1.091,1.1,1.27,10.38,3.69,-2.86,110163.0,22268.0,-410497.0,-2.81,150379.0,1.03,-560876.0,-3.84,501557.0,3.43,-91061.0,-0.62,-3.0,1.102,1.104,127562000.0,140573324,140573324,2026-08-14,2026-08-14 16:11:51+08:00
588180,科创50ETF国联安,1.12,1.1206,0.05,0.002,0.18,222372.0,24870495.0,1.128,1.145,1.103,1.118,3.76,3.12,0.93,18.31,99344.0,123028.0,-772853.0,-3.11,18951.0,0.08,-791804.0,-3.18,-873808.0,-3.51,1646662.0,6.62,-661.0,1.119,1.12,713853696.0,799516140,799516140,2026-08-14,2026-08-14 16:11:40+08:00
588060,科创50ETF广发,1.091,1.0909,-0.01,0.002,0.18,3069490.0,334309314.0,1.099,1.105,1.073,1.089,2.94,4.33,0.91,20.54,1336445.0,1733045.0,-33214991.0,-9.94,-24532412.0,-7.34,-8682579.0,-2.6,7199546.0,2.15,26015445.0,7.78,-38820.0,1.091,1.092,7087140096.0,7732069845,7732069845,2026-08-14,2026-08-14 16:11:44+08:00
588050,科创50ETF工银,1.761,1.7595,-0.09,0.003,0.17,1257372.0,221046108.0,1.773,1.783,1.732,1.758,2.9,2.01,0.63,-33.09,533434.0,723938.0,-18505406.0,-8.37,-14458392.0,-6.54,-4047014.0,-1.83,4556550.0,2.06,13948858.0,6.31,-11647.0,1.761,1.762,6259241216.0,11022523781,11022523781,2026-08-14,2026-08-14 16:11:59+08:00
159716,深证100ETF华宝,1.149,1.1494,0.03,0.002,0.17,38274.0,4386877.1,1.151,1.151,1.14,1.147,0.96,6.88,1.03,0.16,23115.0,15159.0,-248235.0,-5.66,0.0,0.0,-248235.0,-5.66,244679.0,5.58,3556.0,0.08,514.0,1.147,1.15,55666732.0,63961075,63961075,2026-08-14,2026-08-14 15:34:27+08:00
159519,港股国企ETF国泰,1.733,1.7335,0.03,0.003,0.17,234375.0,40667199.6,1.729,1.74,1.727,1.73,0.75,38.96,1.04,10.82,118060.0,116315.0,-581994.0,-1.43,0.0,0.0,-581994.0,-1.43,782347.0,1.92,-200352.0,-0.49,-100.0,1.733,1.734,60157854.0,104253561,104253561,2026-08-14,2026-08-14 15:34:36+08:00
159856,互联网龙头ETF工银,0.602,0.602,0.0,0.001,0.17,34784.0,2081800.7,0.603,0.605,0.593,0.601,2.0,1.0,1.06,42.67,14968.0,19816.0,-159254.0,-7.65,0.0,0.0,-159254.0,-7.65,83032.0,3.99,76223.0,3.66,620.0,0.601,0.602,347372480.0,209118233,209118233,2026-08-14,2026-08-14 15:34:27+08:00
159515,国企红利ETF鹏扬,1.181,1.1824,0.12,0.002,0.17,15914.0,1874085.2,1.174,1.181,1.172,1.179,0.76,4.17,1.0,-44.4,9460.0,6454.0,159703.0,8.52,19237.0,1.03,140466.0,7.5,-139414.0,-7.44,-20291.0,-1.08,10.0,1.18,1.181,38186631.0,45098411,45098411,2026-08-14,2026-08-14 15:34:09+08:00
159213,机器人ETF汇添富,1.205,1.2059,0.07,0.002,0.17,278897.0,33390595.4,1.2,1.209,1.186,1.203,1.91,5.59,0.82,14.64,146442.0,132455.0,-597663.0,-1.79,173394.0,0.52,-771057.0,-2.31,64691.0,0.19,532972.0,1.6,977.0,1.204,1.205,499237568.0,601581269,601581269,2026-08-14,2026-08-14 15:34:06+08:00
560180,沪深300ESGETF南方,1.212,1.2119,-0.01,0.002,0.17,9718.0,1175469.0,1.21,1.212,1.204,1.21,0.66,6.23,0.43,0.29,5937.0,3781.0,-6030.0,-0.51,0.0,0.0,-6030.0,-0.51,0.0,0.0,6030.0,0.51,2150.0,1.21,1.215,15603000.0,18910836,18910836,2026-08-14,2026-08-14 16:11:35+08:00
588720,科创50ETF中银,1.748,1.7459,-0.12,0.003,0.17,82969.0,14439262.0,1.772,1.772,1.72,1.745,2.98,7.92,1.46,-11.26,48682.0,34287.0,5938.0,0.04,1783220.0,12.35,-1777282.0,-12.31,-250351.0,-1.73,244412.0,1.69,-11.0,1.745,1.748,104741800.0,183088666,183088666,2026-08-14,2026-08-14 16:11:41+08:00
562080,300现金流ETF华宝,0.614,0.614,0.0,0.001,0.16,394616.0,24153015.0,0.612,0.615,0.609,0.613,0.98,6.57,0.8,0.16,208930.0,185686.0,1183765.0,4.9,670897.0,2.78,512868.0,2.12,-957376.0,-3.96,-226389.0,-0.94,-70.0,0.614,0.615,600757200.0,368864921,368864921,2026-08-14,2026-08-14 16:11:42+08:00
588150,科创50ETF南方,1.217,1.2174,0.03,0.002,0.16,313958.0,38126966.0,1.218,1.233,1.199,1.215,2.8,8.41,0.95,20.96,154484.0,159474.0,-1278849.0,-3.35,-1586765.0,-4.16,307916.0,0.81,-156352.0,-0.41,1435201.0,3.76,-317.0,1.216,1.217,373432608.0,454467484,454467484,2026-08-14,2026-08-14 16:11:59+08:00
588770,科创信息ETF摩根,1.902,1.9075,0.29,0.003,0.16,55417.0,10509380.0,1.927,1.935,1.874,1.899,3.21,1.78,0.61,76.07,28325.0,27092.0,458027.0,4.36,222993.0,2.12,235034.0,2.24,-405775.0,-3.86,-52254.0,-0.5,-104.0,1.9,1.902,311597104.0,592657692,592657692,2026-08-14,2026-08-14 16:11:59+08:00
563880,A500ETF汇添富,1.279,1.2805,0.12,0.002,0.16,893225.0,113937195.0,1.277,1.281,1.27,1.277,0.86,5.85,0.85,5.38,444134.0,449091.0,432032.0,0.38,793423.0,0.7,-361391.0,-0.32,-623811.0,-0.55,191778.0,0.17,-325.0,1.279,1.28,1525996400.0,1951749396,1951749396,2026-08-14,2026-08-14 16:11:47+08:00
159353,中证A500ETF景顺,1.258,1.2596,0.13,0.002,0.16,1465640.0,183886809.342,1.259,1.262,1.249,1.256,1.04,3.4,1.12,-51.29,676525.0,789115.0,11746714.0,6.39,17149805.0,9.33,-5403091.0,-2.94,-10072652.0,-5.48,-1674061.0,-0.91,785.0,1.257,1.258,4307161856.0,5418409615,5418409615,2026-08-14,2026-08-14 15:34:15+08:00
560360,软件ETF万家,1.285,1.2835,-0.12,0.002,0.16,78587.0,10050668.0,1.272,1.306,1.261,1.283,3.51,3.65,1.14,9.34,31192.0,47395.0,-1323621.0,-13.17,-1382305.0,-13.75,58684.0,0.58,865881.0,8.62,457741.0,4.55,-336.0,1.283,1.285,215345000.0,276718325,276718325,2026-08-14,2026-08-14 16:11:50+08:00
159358,中证A500ETF大成,1.338,1.3398,0.13,0.002,0.15,1396320.0,186438339.1,1.339,1.342,1.329,1.336,0.97,20.71,2.52,61.56,606459.0,789861.0,5404426.0,2.9,46088532.0,24.72,-40684106.0,-21.82,-4755873.0,-2.55,-648552.0,-0.35,-16.0,1.338,1.341,674106416.0,901954385,901954385,2026-08-14,2026-08-14 15:34:06+08:00
515380,沪深300ETF泰康,5.487,5.4872,0.0,0.008,0.15,8604.0,4715908.0,5.492,5.501,5.456,5.479,0.82,0.13,0.37,36.13,3335.0,5269.0,-92516.0,-1.96,0.0,0.0,-92516.0,-1.96,572005.0,12.13,-479489.0,-10.17,2.0,5.483,5.49,662499808.0,3635136446,3635136446,2026-08-14,2026-08-14 16:11:45+08:00
159379,A500ETF融通,1.378,1.3822,0.3,0.002,0.15,10114.0,1392945.9,1.379,1.38,1.37,1.376,0.73,0.63,0.62,21.74,1859.0,8255.0,-91338.0,-6.56,0.0,0.0,-91338.0,-6.56,127676.0,9.17,-36338.0,-2.61,-345.0,1.365,1.386,161821471.0,222989987,222989987,2026-08-14,2026-08-14 15:34:48+08:00
159356,A500ETF万家,1.314,1.3162,0.17,0.002,0.15,465412.0,61025963.31,1.315,1.317,1.305,1.312,0.91,5.97,1.22,-2.15,180056.0,285356.0,14251904.0,23.35,16358628.0,26.81,-2106724.0,-3.45,-13860636.0,-22.71,-391267.0,-0.64,-1765.0,1.314,1.316,779120640.0,1023764521,1023764521,2026-08-14,2026-08-14 15:34:33+08:00
159359,A500ETF华安,1.299,1.3014,0.18,0.002,0.15,244139.0,31651297.205,1.297,1.309,1.29,1.297,1.46,3.47,0.91,15.27,143828.0,100312.0,679342.0,2.15,2115903.0,6.69,-1436561.0,-4.54,-802393.0,-2.54,123050.0,0.39,1.0,1.296,1.299,704140432.0,914678421,914678421,2026-08-14,2026-08-14 15:34:36+08:00
159380,A500ETF东财,1.377,1.3813,0.31,0.002,0.15,37876.0,5206300.8,1.381,1.381,1.367,1.375,1.02,2.23,0.41,-85.22,15165.0,22711.0,-237889.0,-4.57,0.0,0.0,-237889.0,-4.57,-299283.0,-5.75,537173.0,10.32,-316.0,1.377,1.378,169804337.0,233820572,233820572,2026-08-14,2026-08-14 15:34:45+08:00
159333,港股央企红利ETF万家,1.32,1.323,0.23,0.002,0.15,47137.0,6215399.9,1.316,1.323,1.311,1.318,0.91,2.22,1.06,30.41,28365.0,18772.0,143100.0,2.3,0.0,0.0,143100.0,2.3,-220862.0,-3.55,77762.0,1.25,-494.0,1.32,1.321,211952835.0,279777742,279777742,2026-08-14,2026-08-14 15:34:21+08:00
159606,中证500成长ETF易方达,1.367,1.3697,0.2,0.002,0.15,200500.0,27367213.3,1.364,1.373,1.357,1.365,1.17,5.19,1.62,3.46,84075.0,116425.0,1444454.0,5.28,3330131.0,12.17,-1885677.0,-6.89,-608103.0,-2.22,-836351.0,-3.06,-619.0,1.368,1.371,386222832.0,527966611,527966611,2026-08-14,2026-08-14 15:34:36+08:00
563630,A500增强ETF国联安,1.298,1.2987,0.05,0.002,0.15,19378.0,2509226.0,1.296,1.299,1.286,1.296,1.0,4.41,1.28,-8.15,2452.0,16926.0,187178.0,7.46,0.0,0.0,187178.0,7.46,-257673.0,-10.27,70494.0,2.81,-115.0,1.298,1.299,43947100.0,57043336,57043336,2026-08-14,2026-08-14 16:11:39+08:00
159902,中小100ETF华夏,4.706,4.7102,0.09,0.007,0.15,14702.0,6912264.4,4.699,4.72,4.665,4.699,1.17,2.0,1.35,-72.36,4508.0,10194.0,-418550.0,-6.06,-509581.0,-7.37,91031.0,1.32,350493.0,5.07,68057.0,0.98,11.0,4.705,4.706,73460849.0,345706755,345706755,2026-08-14,2026-08-14 15:34:54+08:00
563500,A500ETF华宝,0.653,0.6534,0.06,0.001,0.15,121822.0,7937263.0,0.653,0.658,0.647,0.652,1.69,1.64,0.63,7.9,50023.0,71799.0,-448309.0,-5.65,-738948.0,-9.31,290639.0,3.66,229070.0,2.89,219240.0,2.76,-3.0,0.653,0.654,741958704.0,484499034,484499034,2026-08-14,2026-08-14 16:11:42+08:00
512650,长三角ETF汇添富,1.365,1.368,0.22,0.002,0.15,7831.0,1069564.0,1.367,1.37,1.356,1.363,1.03,2.24,0.25,6.72,4499.0,3332.0,127106.0,11.88,0.0,0.0,127106.0,11.88,-110761.0,-10.36,-16344.0,-1.53,-34.0,1.366,1.369,34941600.0,47695284,47695284,2026-08-14,2026-08-14 16:11:57+08:00
510760,上证指数ETF国泰,1.329,1.3262,-0.21,0.002,0.15,1706420.0,225952346.0,1.326,1.329,1.319,1.327,0.75,4.72,0.88,-9.09,789079.0,917341.0,-4522366.0,-2.0,871087.0,0.39,-5393453.0,-2.39,-1457974.0,-0.65,5980341.0,2.65,-20913.0,1.328,1.329,3617503696.0,4807662412,4807662412,2026-08-14,2026-08-14 16:11:58+08:00
159857,光伏ETF天弘,0.74,0.7409,0.12,0.001,0.14,674529.0,49771895.636,0.74,0.743,0.732,0.739,1.49,3.03,0.7,-3.86,381689.0,292840.0,3340676.0,6.71,3589885.0,7.21,-249209.0,-0.5,-2445175.0,-4.91,-895500.0,-1.8,2804.0,0.739,0.74,2225515728.0,1646881639,1646881639,2026-08-14,2026-08-14 15:34:33+08:00
589380,科创人工智能ETF富国,1.478,1.4796,0.11,0.002,0.14,13543.0,2000854.0,1.507,1.52,1.458,1.476,4.2,1.48,0.46,1.3,3918.0,9625.0,266550.0,13.32,-74045.0,-3.7,340595.0,17.02,-441817.0,-22.08,175267.0,8.76,-4.0,1.478,1.482,91694300.0,135524175,135524175,2026-08-14,2026-08-14 16:12:00+08:00
159720,智能车ETF泰康,0.739,0.7395,0.07,0.001,0.14,4090.0,301826.1,0.74,0.745,0.736,0.738,1.22,0.89,0.37,27.54,2391.0,1699.0,59489.0,19.71,0.0,0.0,59489.0,19.71,-40700.0,-13.48,-18789.0,-6.23,14.0,0.739,0.74,45812357.0,33855332,33855332,2026-08-14,2026-08-14 15:34:15+08:00
516880,光伏ETF银华,0.738,0.737,-0.14,0.001,0.14,166332.0,12216767.0,0.736,0.742,0.729,0.737,1.76,1.8,0.79,-1.71,80619.0,85713.0,672084.0,5.5,1010068.0,8.27,-337984.0,-2.77,-593385.0,-4.86,-78699.0,-0.64,-595.0,0.736,0.738,923944096.0,681870743,681870743,2026-08-14,2026-08-14 16:12:02+08:00
588550,科创综指增强ETF易方达,1.389,1.3886,-0.03,0.002,0.14,31008.0,4271360.0,1.387,1.392,1.37,1.387,1.59,4.9,0.74,-8.19,12198.0,18810.0,-220880.0,-5.17,277126.0,6.49,-498006.0,-11.66,211690.0,4.96,9189.0,0.22,-14.0,1.387,1.389,63290000.0,87909810,87909810,2026-08-14,2026-08-14 16:11:52+08:00
589010,科创人工智能ETF华夏,1.462,1.463,0.07,0.002,0.14,541286.0,78992633.0,1.472,1.482,1.439,1.46,2.95,5.96,0.84,53.38,251101.0,290185.0,-1775577.0,-2.25,-6695459.0,-8.48,4919882.0,6.23,677741.0,0.86,1097835.0,1.39,-181.0,1.461,1.462,908793008.0,1328655378,1328655378,2026-08-14,2026-08-14 16:12:02+08:00
159982,中证500ETF鹏华,2.146,2.1501,0.19,0.003,0.14,65639.0,14051265.2,2.143,2.152,2.125,2.143,1.26,3.15,0.44,7.48,29192.0,36447.0,-1756655.0,-12.5,0.0,0.0,-1756655.0,-12.5,666358.0,4.74,1090297.0,7.76,58.0,2.144,2.146,208211253.0,446821349,446821349,2026-08-14,2026-08-14 15:34:45+08:00
159899,软件ETF招商,0.736,0.736,0.0,0.001,0.14,424488.0,31129586.095,0.736,0.75,0.722,0.735,3.81,4.46,0.97,-29.22,194097.0,230391.0,1300519.0,4.18,1077329.0,3.46,223190.0,0.72,253085.0,0.81,-1553604.0,-4.99,3102.0,0.735,0.736,950977728.0,699919608,699919608,2026-08-14,2026-08-14 15:34:03+08:00
159800,中证800ETF鹏华,1.446,1.4475,0.1,0.002,0.14,2339.0,337182.1,1.444,1.447,1.435,1.444,0.83,0.87,0.29,12.72,165.0,2174.0,-60765.0,-18.02,0.0,0.0,-60765.0,-18.02,82271.0,24.4,-21506.0,-6.38,140.0,1.444,1.452,26736802.0,38661416,38661416,2026-08-14,2026-08-14 15:34:51+08:00
560910,电池ETF华泰柏瑞,0.79,0.7915,0.19,0.001,0.13,121088.0,9577116.0,0.79,0.804,0.787,0.789,2.15,6.09,0.83,7.26,60093.0,60995.0,-194540.0,-2.03,251179.0,2.62,-445719.0,-4.65,139294.0,1.45,55245.0,0.58,-4.0,0.79,0.791,198721000.0,156989590,156989590,2026-08-14,2026-08-14 16:11:49+08:00
159975,深100ETF招商,0.78,0.7807,0.09,0.001,0.13,57251.0,4451913.6,0.778,0.782,0.775,0.779,0.9,10.52,1.04,25.71,23256.0,33995.0,-84934.0,-1.91,0.0,0.0,-84934.0,-1.91,74663.0,1.68,10270.0,0.23,1.0,0.78,0.781,54437760.0,42461453,42461453,2026-08-14,2026-08-14 15:34:57+08:00
512520,MSCI中国ETF华泰柏瑞,1.488,1.4884,0.03,0.002,0.13,296.0,43916.0,1.486,1.49,1.481,1.486,0.61,0.07,0.11,8.45,45.0,251.0,-5209.0,-11.86,0.0,0.0,-5209.0,-11.86,4272.0,9.73,937.0,2.13,11.0,1.488,1.492,45056400.0,67043923,67043923,2026-08-14,2026-08-14 16:12:02+08:00
512980,传媒ETF广发,0.86,0.86,0.0,0.001,0.12,5017438.0,426429177.0,0.853,0.868,0.836,0.859,3.73,9.29,1.03,-25.19,1784475.0,3232963.0,10664782.0,2.5,76987953.0,18.05,-66323171.0,-15.55,-19675373.0,-4.61,9010592.0,2.11,-21167.0,0.86,0.861,5402924288.0,4646514888,4646514888,2026-08-14,2026-08-14 16:11:57+08:00
159870,化工ETF鹏华,0.802,0.8026,0.07,0.001,0.12,2822750.0,226522809.711,0.801,0.811,0.797,0.801,1.75,1.65,0.46,16.13,1323139.0,1499611.0,18257389.0,8.06,14504191.0,6.4,3753198.0,1.66,-15474205.0,-6.83,-2783185.0,-1.23,-22203.0,0.802,0.803,17074607104.0,13693834897,13693834897,2026-08-14,2026-08-14 15:34:42+08:00
588930,科创人工智能ETF银华,1.626,1.6246,-0.09,0.002,0.12,182623.0,29633334.0,1.635,1.644,1.599,1.624,2.77,3.05,0.72,-72.63,85674.0,96949.0,-2205512.0,-7.44,-370353.0,-1.25,-1835159.0,-6.19,473086.0,1.6,1732426.0,5.85,-296.0,1.626,1.627,599329008.0,974508967,974508967,2026-08-14,2026-08-14 16:11:34+08:00
515370,光伏ETF华夏,0.827,0.8257,-0.16,0.001,0.12,164375.0,13550236.0,0.827,0.831,0.818,0.826,1.57,1.71,0.67,1.58,71656.0,92719.0,1520280.0,11.22,2124250.0,15.68,-603970.0,-4.46,-1435678.0,-10.6,-84602.0,-0.62,-301.0,0.826,0.827,963713008.0,796990658,796990658,2026-08-14,2026-08-14 16:12:01+08:00
562910,高端制造ETF易方达,0.859,0.859,0.0,0.001,0.12,89009.0,7629215.0,0.856,0.866,0.852,0.858,1.63,2.85,0.73,2.77,50301.0,38708.0,838991.0,11.0,788354.0,10.33,50637.0,0.66,-509173.0,-6.67,-329818.0,-4.32,-356.0,0.858,0.859,312227296.0,268203247,268203247,2026-08-14,2026-08-14 16:11:51+08:00
159050,机器人ETF广发,0.892,0.8922,0.02,0.001,0.11,291832.0,25880937.01,0.893,0.896,0.879,0.891,1.91,4.19,0.7,-28.38,130794.0,161038.0,2008146.0,7.76,-166724.0,-0.64,2174870.0,8.4,-2050587.0,-7.92,42441.0,0.16,-695.0,0.892,0.893,695703616.0,620567625,620567625,2026-08-14,2026-08-14 15:34:36+08:00
159009,创业板新能源ETF易方达,0.907,0.9093,0.25,0.001,0.11,25523.0,2316427.4,0.899,0.92,0.899,0.906,2.32,4.16,0.78,-9.65,8716.0,16807.0,353790.0,15.27,599062.0,25.86,-245272.0,-10.59,-152651.0,-6.59,-201138.0,-8.68,-193.0,0.907,0.909,61392703.0,55683182,55683182,2026-08-14,2026-08-14 15:34:15+08:00
512500,中证500ETF华夏,4.525,4.5262,0.03,0.005,0.11,1035369.0,467177384.0,4.521,4.537,4.475,4.52,1.37,5.53,1.09,54.71,408885.0,626484.0,54981233.0,11.77,64169200.0,13.74,-9187967.0,-1.97,-39529638.0,-8.46,-15451596.0,-3.31,-301.0,4.524,4.525,1873608800.0,8478079820,8478079820,2026-08-14,2026-08-14 16:11:38+08:00
510360,沪深300ETF广发,1.806,1.8073,0.07,0.002,0.11,332317.0,59954813.0,1.805,1.81,1.796,1.804,0.78,1.87,0.72,31.34,160030.0,172287.0,2130272.0,3.55,-3301635.0,-5.51,5431907.0,9.06,-1429745.0,-2.38,-700526.0,-1.17,-1130.0,1.805,1.806,1778381200.0,3211756447,3211756447,2026-08-14,2026-08-14 16:11:58+08:00
588000,科创50ETF华夏,1.814,1.8138,-0.01,0.002,0.11,31499191.0,5699917679.0,1.832,1.837,1.785,1.812,2.87,6.46,0.88,-22.18,14782366.0,16716825.0,-650077056.0,-11.41,-542902880.0,-9.52,-107174176.0,-1.88,279473424.0,4.9,370603648.0,6.5,-364936.0,1.814,1.815,48722668288.0,88382920274,88382920274,2026-08-14,2026-08-14 16:11:37+08:00
159143,港股通央企红利ETF平安,0.935,0.9364,0.15,0.001,0.11,3854.0,360051.3,0.935,0.936,0.931,0.934,0.54,0.68,0.46,-77.59,1205.0,2649.0,1123.0,0.31,0.0,0.0,1123.0,0.31,46148.0,12.82,-47272.0,-13.13,-107.0,0.935,0.936,56554456.0,52878416,52878416,2026-08-14,2026-08-14 15:34:54+08:00
560370,红利质量ETF易方达,0.905,0.9035,-0.17,0.001,0.11,12603.0,1136484.0,0.904,0.905,0.896,0.904,1.0,0.92,0.38,8.18,6107.0,6496.0,-95146.0,-8.37,0.0,0.0,-95146.0,-8.37,31074.0,2.73,64072.0,5.64,2000.0,0.902,0.906,136584000.0,123608520,123608520,2026-08-14,2026-08-14 16:11:38+08:00
520830,沙特ETF华泰柏瑞,0.893,0.8908,-0.25,0.001,0.11,96808.0,8652752.0,0.891,0.895,0.891,0.892,0.45,0.86,0.77,-33.3,53513.0,43295.0,1218434.0,14.08,3743960.0,43.27,-2525526.0,-29.19,-769928.0,-8.9,-448507.0,-5.18,-222.0,0.893,0.895,1122619008.0,1002498774,1002498774,2026-08-14,2026-08-14 16:11:45+08:00
159175,电池ETF易方达,0.947,0.947,0.0,0.001,0.11,206156.0,19559878.346,0.944,0.963,0.941,0.946,2.33,4.09,0.81,18.4,101860.0,104296.0,776038.0,3.97,-86688.0,-0.44,862726.0,4.41,-139030.0,-0.71,-637007.0,-3.26,145.0,0.946,0.947,504270384.0,477544054,477544054,2026-08-14,2026-08-14 15:34:33+08:00
159048,机器人ETF大成,0.902,0.9021,0.01,0.001,0.11,164048.0,14687979.782,0.906,0.906,0.888,0.901,2.0,8.29,0.73,-13.47,81246.0,82802.0,1363334.0,9.28,790065.0,5.38,573269.0,3.9,-1128592.0,-7.68,-234743.0,-1.6,938.0,0.901,0.902,197803897.0,178419115,178419115,2026-08-14,2026-08-14 15:34:57+08:00
515550,中证500ETF国联,1.794,1.7951,0.06,0.002,0.11,12254.0,2191244.0,1.79,1.796,1.777,1.792,1.06,5.74,0.84,9.56,6354.0,5900.0,-409084.0,-18.67,0.0,0.0,-409084.0,-18.67,470809.0,21.49,-61725.0,-2.82,780.0,1.795,1.8,21345700.0,38294186,38294186,2026-08-14,2026-08-14 16:11:39+08:00
159266,港股央企红利ETF永赢,0.942,0.9443,0.24,0.001,0.11,99731.0,9379972.1,0.935,0.943,0.935,0.941,0.85,2.81,0.88,-38.24,49566.0,50165.0,678975.0,7.24,-694833.0,-7.41,1373808.0,14.65,-651773.0,-6.95,-27201.0,-0.29,1.0,0.941,0.942,354710096.0,334136910,334136910,2026-08-14,2026-08-14 15:34:39+08:00
159087,化工ETF万家,1.031,1.0333,0.22,0.001,0.1,30038.0,3106144.299,1.03,1.045,1.026,1.03,1.84,5.09,0.22,1.0,11240.0,18798.0,639271.0,20.58,1137898.0,36.63,-498627.0,-16.05,-617395.0,-19.88,-21874.0,-0.7,500.0,1.028,1.03,58992150.0,60820907,60820907,2026-08-14,2026-08-14 15:34:45+08:00
159623,成渝经济圈ETF博时,1.001,1.0022,0.12,0.001,0.1,67399.0,6723517.5,0.999,1.017,0.994,1.0,2.3,0.22,0.6,-0.48,36099.0,31300.0,-126289.0,-1.88,-400.0,-0.01,-125889.0,-1.87,187606.0,2.79,-61316.0,-0.91,-5.0,1.001,1.005,3082271696.0,3085353968,3085353968,2026-08-14,2026-08-14 15:34:36+08:00
561190,碳中和ETF富国,0.979,0.9772,-0.18,0.001,0.1,27648.0,2696148.0,0.99,0.99,0.973,0.978,1.74,1.42,0.93,9.34,12583.0,15065.0,-29932.0,-1.11,19588.0,0.73,-49520.0,-1.84,-7499.0,-0.28,37431.0,1.39,-2043.0,0.977,0.979,195318000.0,191216322,191216322,2026-08-14,2026-08-14 16:11:41+08:00
512990,MSCIA股ETF华夏,2.059,2.0614,0.12,0.002,0.1,30837.0,6346282.0,2.061,2.062,2.048,2.057,0.68,3.05,0.97,3.23,14608.0,16229.0,-69790.0,-1.1,0.0,0.0,-69790.0,-1.1,84326.0,1.33,-14535.0,-0.23,995.0,2.058,2.064,101015400.0,207990709,207990709,2026-08-14,2026-08-14 16:11:34+08:00
561630,红利质量ETF华泰柏瑞,1.042,1.0427,0.07,0.001,0.1,51084.0,5312844.0,1.041,1.044,1.032,1.041,1.15,8.53,0.59,0.0,26863.0,24221.0,418995.0,7.89,1963829.0,36.96,-1544834.0,-29.08,-322078.0,-6.06,-96916.0,-1.82,-134.0,1.041,1.044,59898000.0,62413716,62413716,2026-08-14,2026-08-14 16:11:42+08:00
159068,软件ETF华夏,1.041,1.0414,0.04,0.001,0.1,178987.0,18566702.404,1.033,1.067,1.021,1.04,4.42,22.28,2.0,82.7,34078.0,144909.0,-1096628.0,-5.91,45127.0,0.24,-1141755.0,-6.15,923905.0,4.98,172724.0,0.93,-713.0,1.041,1.042,80336570.0,83630369,83630369,2026-08-14,2026-08-14 15:34:39+08:00
516320,高端装备ETF华夏,0.962,0.9619,-0.01,0.001,0.1,50667.0,4860292.0,0.963,0.969,0.955,0.961,1.46,5.72,0.95,2.67,28813.0,21854.0,115980.0,2.39,340793.0,7.01,-224813.0,-4.63,33898.0,0.7,-149878.0,-3.08,637.0,0.962,0.963,88589300.0,85222907,85222907,2026-08-14,2026-08-14 16:11:50+08:00
561990,沪深300增强ETF招商,1.023,1.0258,0.27,0.001,0.1,157278.0,16068510.0,1.021,1.025,1.018,1.022,0.68,4.7,0.82,11.16,79447.0,77831.0,1299112.0,8.08,0.0,0.0,1299112.0,8.08,-1246361.0,-7.76,-52751.0,-0.33,-1518.0,1.023,1.025,334649200.0,342346132,342346132,2026-08-14,2026-08-14 16:11:42+08:00
159129,化工ETF嘉实,1.063,1.0621,-0.08,0.001,0.09,70272.0,7468414.7,1.062,1.073,1.055,1.062,1.69,0.61,0.31,59.49,31372.0,38900.0,775845.0,10.39,-388737.0,-5.21,1164582.0,15.59,-789161.0,-10.57,13316.0,0.18,224.0,1.062,1.063,1154906592.0,1227665707,1227665707,2026-08-14,2026-08-14 15:34:21+08:00
159721,深证100ETF永赢,1.084,1.0853,0.12,0.001,0.09,12897.0,1398331.4,1.079,1.087,1.077,1.083,0.92,1.91,0.65,7.4,5748.0,7149.0,24716.0,1.77,0.0,0.0,24716.0,1.77,-43836.0,-3.13,19120.0,1.37,90.0,1.082,1.088,67431696.0,73095958,73095958,2026-08-14,2026-08-14 15:34:33+08:00
159069,创业板新能源ETF华泰柏瑞,1.056,1.0593,0.31,0.001,0.09,107556.0,11366016.387,1.06,1.07,1.053,1.055,1.61,19.64,0.54,-29.57,62306.0,45250.0,869952.0,7.65,1670879.0,14.7,-800927.0,-7.05,-705526.0,-6.21,-164426.0,-1.45,-166.0,1.054,1.06,54770440.0,57837585,57837585,2026-08-14,2026-08-14 15:34:12+08:00
589090,科创AIETF鹏华,1.107,1.1064,-0.05,0.001,0.09,44089.0,4872465.0,1.11,1.119,1.09,1.106,2.62,2.68,0.89,14.44,19524.0,24565.0,-1052752.0,-21.61,-885805.0,-18.18,-166947.0,-3.43,815777.0,16.74,236975.0,4.86,-269.0,1.106,1.107,164431000.0,182025117,182025117,2026-08-14,2026-08-14 16:11:37+08:00
159980,有色ETF大成,2.143,2.1469,0.18,0.002,0.09,1784424.0,381864650.774,2.148,2.148,2.135,2.141,0.61,5.98,1.02,-24.38,947296.0,837129.0,2695942.0,0.71,-48128498.0,-12.6,50824440.0,13.31,449022.0,0.12,-3144964.0,-0.82,2685.0,2.142,2.143,2984824784.0,6396479512,6396479512,2026-08-14,2026-08-14 15:34:33+08:00
561300,沪深300增强ETF国泰,1.071,1.0714,0.04,0.001,0.09,191081.0,20424237.0,1.073,1.073,1.064,1.07,0.84,4.15,0.9,15.7,55052.0,136029.0,124314.0,0.61,354226.0,1.73,-229912.0,-1.13,-868219.0,-4.25,743904.0,3.64,-214.0,1.07,1.071,460965008.0,493693524,493693524,2026-08-14,2026-08-14 16:11:48+08:00
159586,计算机ETF南方,1.091,1.093,0.18,0.001,0.09,82247.0,8929256.7,1.09,1.109,1.071,1.09,3.49,3.1,0.46,41.41,34525.0,47722.0,564964.0,6.33,239187.0,2.68,325777.0,3.65,-977787.0,-10.95,412823.0,4.62,-380.0,1.091,1.092,265525923.0,289688782,289688782,2026-08-14,2026-08-14 15:34:03+08:00
516590,智能汽车ETF易方达,1.133,1.1342,0.11,0.001,0.09,7165.0,811728.0,1.14,1.143,1.128,1.132,1.33,1.38,0.39,0.4,3791.0,3374.0,-91859.0,-11.32,0.0,0.0,-91859.0,-11.32,118783.0,14.63,-26924.0,-3.32,-26.0,1.133,1.134,52015000.0,58932995,58932995,2026-08-14,2026-08-14 16:11:52+08:00
516520,智能驾驶ETF华泰柏瑞,1.075,1.075,0.0,0.001,0.09,249369.0,26771434.0,1.078,1.085,1.066,1.074,1.77,3.07,0.58,-33.12,126976.0,122393.0,-4224574.0,-15.78,-1577167.0,-5.89,-2647407.0,-9.89,-1162860.0,-4.34,5387435.0,20.12,-1840.0,1.074,1.075,811765504.0,872647917,872647917,2026-08-14,2026-08-14 16:11:38+08:00
516970,基建ETF广发,1.114,1.1126,-0.13,0.001,0.09,261108.0,28935263.0,1.11,1.115,1.104,1.113,0.99,2.21,0.64,-29.13,108757.0,152350.0,5681884.0,19.64,972824.0,3.36,4709060.0,16.27,-1183041.0,-4.09,-4498843.0,-15.55,-1303.0,1.113,1.114,1179042496.0,1313453341,1313453341,2026-08-14,2026-08-14 16:11:48+08:00
562360,机器人ETF银华,1.082,1.0833,0.12,0.001,0.09,128504.0,13817812.0,1.082,1.09,1.066,1.081,2.22,4.42,0.68,29.63,63322.0,65182.0,-773450.0,-5.6,-423665.0,-3.07,-349785.0,-2.53,51333.0,0.37,722118.0,5.23,-121.0,1.081,1.082,290474000.0,314292868,314292868,2026-08-14,2026-08-14 16:11:58+08:00
512020,A500ETF鹏华,1.315,1.317,0.15,0.001,0.08,499447.0,65541908.0,1.311,1.319,1.304,1.314,1.14,4.62,0.81,4.67,219326.0,280122.0,-1107931.0,-1.69,-1451911.0,-2.22,343980.0,0.52,465566.0,0.71,642366.0,0.98,4144.0,1.315,1.316,1082012704.0,1422846706,1422846706,2026-08-14,2026-08-14 16:11:37+08:00
561090,A500增强ETF华安,1.254,1.2541,0.01,0.001,0.08,44842.0,5617212.0,1.265,1.265,1.245,1.253,1.6,1.85,0.56,-15.61,21585.0,23257.0,-403038.0,-7.18,-1073374.0,-19.11,670336.0,11.93,192580.0,3.43,210458.0,3.75,-418.0,1.254,1.256,242974000.0,304689396,304689396,2026-08-14,2026-08-14 16:11:47+08:00
159686,A100ETF易方达,1.305,1.3078,0.21,0.001,0.08,129849.0,16935381.6,1.307,1.308,1.299,1.304,0.69,15.49,1.05,-14.62,72340.0,57509.0,283036.0,1.67,0.0,0.0,283036.0,1.67,-276319.0,-1.63,-6716.0,-0.04,1000.0,1.301,1.309,83815386.0,109379079,109379079,2026-08-14,2026-08-14 15:34:18+08:00
159357,A500ETF博时,1.306,1.3088,0.21,0.001,0.08,190301.0,24786372.6,1.309,1.309,1.297,1.305,0.92,1.6,1.31,-37.9,85248.0,105053.0,-1338699.0,-5.4,150057.0,0.61,-1488756.0,-6.01,1093468.0,4.41,245230.0,0.99,-1.0,1.306,1.308,1186833840.0,1550004995,1550004995,2026-08-14,2026-08-14 15:34:18+08:00
159238,沪深300增强ETF景顺,1.317,1.3187,0.13,0.001,0.08,20530.0,2703509.9,1.316,1.321,1.308,1.316,0.99,3.67,0.37,6.26,10135.0,10395.0,-32176.0,-1.19,403805.0,14.94,-435981.0,-16.13,-40406.0,-1.49,72580.0,2.68,200.0,1.317,1.318,56016186.0,73773317,73773317,2026-08-14,2026-08-14 15:34:09+08:00
159338,中证A500ETF国泰,1.239,1.2416,0.21,0.001,0.08,29541311.0,3652307006.368,1.242,1.242,1.229,1.238,1.05,13.45,1.1,9.88,14438856.0,15102455.0,-22744448.0,-0.62,255042896.0,6.98,-277787344.0,-7.61,14248571.0,0.39,8495877.0,0.23,-24156.0,1.239,1.24,21965086720.0,27214742446,27214742446,2026-08-14,2026-08-14 15:34:12+08:00
563800,A500ETF广发,1.238,1.2399,0.15,0.001,0.08,3094272.0,382109133.0,1.239,1.24,1.228,1.237,0.97,3.44,0.92,8.43,1465946.0,1628326.0,165170.0,0.04,760120.0,0.2,-594950.0,-0.16,-671411.0,-0.18,506241.0,0.13,-405.0,1.236,1.238,8995977984.0,11137020744,11137020744,2026-08-14,2026-08-14 16:11:55+08:00
512050,A500ETF华夏,1.234,1.2354,0.11,0.001,0.08,12113390.0,1492814388.0,1.233,1.237,1.225,1.233,0.97,7.06,0.98,-3.12,6370362.0,5743028.0,-7354638.0,-0.49,8724496.0,0.58,-16079134.0,-1.08,3569986.0,0.24,3784651.0,0.25,-2946.0,1.233,1.234,17158992128.0,21174196286,21174196286,2026-08-14,2026-08-14 16:12:02+08:00
560610,A500ETF招商,1.208,1.2105,0.21,0.001,0.08,592688.0,71526024.0,1.207,1.212,1.199,1.207,1.08,1.15,0.61,4.65,263223.0,329465.0,-312943.0,-0.44,-5563441.0,-7.78,5250498.0,7.34,-294209.0,-0.41,607151.0,0.85,-791.0,1.207,1.208,5134988288.0,6203065852,6203065852,2026-08-14,2026-08-14 16:11:36+08:00
510320,沪深300ETF中金,1.27,1.271,0.08,0.001,0.08,88029.0,11165585.0,1.271,1.273,1.263,1.269,0.79,1.39,0.63,13.68,46481.0,41548.0,-508377.0,-4.55,0.0,0.0,-508377.0,-4.55,686235.0,6.15,-177858.0,-1.59,-3.0,1.27,1.271,631068496.0,801456990,801456990,2026-08-14,2026-08-14 16:11:47+08:00
560530,中证A500ETF摩根,1.239,1.2411,0.17,0.001,0.08,342260.0,42349769.0,1.236,1.243,1.23,1.238,1.05,0.92,0.65,18.43,166973.0,175287.0,-668864.0,-1.58,-1076394.0,-2.54,407530.0,0.96,82251.0,0.19,586613.0,1.39,-1231.0,1.239,1.24,3736623696.0,4629676759,4629676759,2026-08-14,2026-08-14 16:12:01+08:00
561770,A100ETF博时,1.274,1.2774,0.27,0.001,0.08,447.0,56875.0,1.278,1.278,1.27,1.273,0.63,0.12,0.08,9.37,36.0,411.0,47214.0,83.01,0.0,0.0,47214.0,83.01,-33173.0,-58.33,-14041.0,-24.69,2.0,1.272,1.278,37550000.0,47838700,47838700,2026-08-14,2026-08-14 16:11:57+08:00
159673,沪深300ETF鹏华,1.301,1.301,0.0,0.001,0.08,431101.0,55981379.8,1.3,1.304,1.294,1.3,0.77,2.43,0.89,-3.1,173941.0,257160.0,-1455030.0,-2.6,-2307789.0,-4.12,852759.0,1.52,975971.0,1.74,479060.0,0.86,102.0,1.299,1.301,1771528384.0,2304758428,2304758428,2026-08-14,2026-08-14 15:34:09+08:00
563360,A500ETF华泰柏瑞,1.308,1.3097,0.13,0.001,0.08,34932959.0,4560919851.0,1.31,1.312,1.299,1.307,0.99,10.58,1.0,-28.52,17794805.0,17138154.0,-28478240.0,-0.62,116167408.0,2.55,-144645648.0,-3.17,13768689.0,0.3,14709556.0,0.32,-8172.0,1.308,1.309,33007987456.0,43174447592,43174447592,2026-08-14,2026-08-14 16:11:56+08:00
512970,大湾区ETF平安,1.509,1.5125,0.23,0.001,0.07,8372.0,1264505.0,1.506,1.52,1.501,1.508,1.26,13.98,1.28,-2.81,3393.0,4979.0,-133736.0,-10.58,0.0,0.0,-133736.0,-10.58,130530.0,10.32,3205.0,0.25,-3922.0,1.508,1.513,5987600.0,9035288,9035288,2026-08-14,2026-08-14 16:11:50+08:00
510980,上证指数ETF汇添富,1.396,1.3945,-0.11,0.001,0.07,539349.0,75114787.0,1.395,1.397,1.388,1.395,0.65,6.79,0.63,9.27,301078.0,238271.0,-4135736.0,-5.51,2389012.0,3.18,-6524748.0,-8.69,941416.0,1.25,3194320.0,4.25,-4228.0,1.396,1.397,794798000.0,1109538008,1109538008,2026-08-14,2026-08-14 16:11:47+08:00
159360,A500ETF天弘,1.335,1.3376,0.19,0.001,0.07,305762.0,40767853.6,1.337,1.34,1.326,1.334,1.05,2.47,0.82,-22.64,156386.0,149376.0,-152755.0,-0.37,3142165.0,7.71,-3294920.0,-8.08,163989.0,0.4,-11235.0,-0.03,-2.0,1.335,1.336,1238184528.0,1652976345,1652976345,2026-08-14,2026-08-14 15:34:30+08:00
560750,A500ETF申万菱信,1.356,1.3582,0.16,0.001,0.07,42318.0,5725940.0,1.357,1.358,1.347,1.355,0.81,6.66,1.44,0.17,12248.0,30070.0,-334644.0,-5.84,0.0,0.0,-334644.0,-5.84,460774.0,8.05,-126130.0,-2.2,1598.0,1.356,1.36,63554800.0,86180309,86180309,2026-08-14,2026-08-14 16:11:38+08:00
159376,A500ETF浦银,1.344,1.3471,0.23,0.001,0.07,36766.0,4940531.0,1.346,1.349,1.336,1.343,0.97,7.08,0.88,58.71,24023.0,12743.0,-83111.0,-1.68,1846534.0,37.38,-1929645.0,-39.06,78819.0,1.6,4291.0,0.09,1489.0,1.338,1.345,51922317.0,69783594,69783594,2026-08-14,2026-08-14 15:34:45+08:00
159517,中证800增强ETF银华,1.373,1.3742,0.09,0.001,0.07,36894.0,5052567.5,1.371,1.374,1.365,1.372,0.66,31.42,1.07,-20.1,20213.0,16681.0,-380799.0,-7.54,300740.0,5.95,-681539.0,-13.49,363773.0,7.2,17026.0,0.34,-1000.0,1.373,1.376,11742624.0,16122623,16122623,2026-08-14,2026-08-14 15:34:51+08:00
563280,A50增强ETF富国,1.442,1.439,-0.21,0.001,0.07,1503.0,216281.0,1.436,1.442,1.436,1.441,0.42,2.24,0.44,7.88,50.0,1453.0,-9656.0,-4.46,0.0,0.0,-9656.0,-4.46,0.0,0.0,9657.0,4.47,50.0,1.44,1.445,6706600.0,9670917,9670917,2026-08-14,2026-08-14 16:11:43+08:00
159530,机器人ETF易方达,1.398,1.4,0.14,0.001,0.07,5330721.0,742599495.676,1.396,1.405,1.377,1.397,2.0,4.04,0.89,-63.78,2349206.0,2981515.0,18699324.0,2.52,7721900.0,1.04,10977424.0,1.48,-25126610.0,-3.38,6427286.0,0.87,-22834.0,1.398,1.399,13196613120.0,18448865142,18448865142,2026-08-14,2026-08-14 15:34:21+08:00
515680,央企创新ETF嘉实,1.678,1.6794,0.08,0.001,0.06,16163.0,2711617.0,1.678,1.682,1.673,1.677,0.54,0.15,0.83,4.93,8429.0,7734.0,145039.0,5.35,0.0,0.0,145039.0,5.35,-126611.0,-4.67,-18427.0,-0.68,-1300.0,1.682,1.684,1101264704.0,1847922173,1847922173,2026-08-14,2026-08-14 16:11:40+08:00
588370,科创50增强ETF南方,1.811,1.8126,0.09,0.001,0.06,31499.0,5695501.0,1.84,1.84,1.785,1.81,3.04,4.61,0.85,36.89,10960.0,20539.0,-802722.0,-14.09,0.0,0.0,-802722.0,-14.09,-93966.0,-1.65,896688.0,15.74,-388.0,1.81,1.811,68272000.0,123640592,123640592,2026-08-14,2026-08-14 16:11:49+08:00
588090,科创50ETF华泰柏瑞,1.768,1.7676,-0.02,0.001,0.06,900534.0,158879165.0,1.781,1.792,1.738,1.767,3.06,3.19,0.92,-8.35,432248.0,468286.0,-8950079.0,-5.63,-1077168.0,-0.68,-7872911.0,-4.96,-989580.0,-0.62,9939660.0,6.26,-3157.0,1.767,1.768,2826072800.0,4996496710,4996496710,2026-08-14,2026-08-14 16:12:02+08:00
515130,沪深300ETF博时,1.561,1.5611,0.01,0.001,0.06,57091.0,8906350.0,1.56,1.564,1.553,1.56,0.71,6.45,1.32,20.6,37902.0,19189.0,1405637.0,15.78,1728159.0,19.4,-322522.0,-3.62,-1516650.0,-17.03,111012.0,1.25,-1.0,1.561,1.562,88463200.0,138091055,138091055,2026-08-14,2026-08-14 16:11:47+08:00
588670,科创综指增强ETF嘉实,1.812,1.8111,-0.05,0.001,0.06,16966.0,3054371.0,1.829,1.862,1.783,1.811,4.36,4.74,1.37,7.65,9397.0,7569.0,-105027.0,-3.44,0.0,0.0,-105027.0,-3.44,-56428.0,-1.85,161455.0,5.29,20.0,1.813,1.814,35792000.0,64855104,64855104,2026-08-14,2026-08-14 16:12:02+08:00
515600,央企创新ETF广发,1.671,1.6703,-0.04,0.001,0.06,22540.0,3762863.0,1.665,1.673,1.664,1.67,0.54,0.22,1.55,0.65,12140.0,10400.0,333388.0,8.86,0.0,0.0,333388.0,8.86,-212628.0,-5.65,-120760.0,-3.21,50.0,1.668,1.675,1037797408.0,1734159469,1734159469,2026-08-14,2026-08-14 16:11:57+08:00
588870,科创50ETF汇添富,1.744,1.7427,-0.07,0.001,0.06,519805.0,90402706.0,1.751,1.765,1.716,1.743,2.81,7.71,0.85,26.54,210193.0,309612.0,-10739875.0,-11.88,-4959523.0,-5.49,-5780352.0,-6.39,-1832077.0,-2.03,12571952.0,13.91,-4936.0,1.744,1.745,674552000.0,1176418688,1176418688,2026-08-14,2026-08-14 16:11:59+08:00
515810,中证800ETF易方达,1.733,1.7356,0.15,0.001,0.06,47786.0,8275234.0,1.737,1.738,1.723,1.732,0.87,1.68,0.88,41.41,22738.0,25048.0,575453.0,6.95,-793213.0,-9.59,1368666.0,16.54,-426976.0,-5.16,-148477.0,-1.79,-3.0,1.733,1.737,284908800.0,493746950,493746950,2026-08-14,2026-08-14 16:11:45+08:00
512180,MSCIA股ETF建信,1.723,1.7197,-0.19,0.001,0.06,1396.0,239463.0,1.722,1.724,1.714,1.722,0.58,0.29,1.46,11.15,105.0,1291.0,1665.0,0.7,0.0,0.0,1665.0,0.7,0.0,0.0,-1665.0,-0.7,100.0,1.717,1.724,48048000.0,82786704,82786704,2026-08-14,2026-08-14 16:11:38+08:00
512530,沪深300红利ETF建信,1.594,1.5931,-0.06,0.001,0.06,57922.0,9234412.0,1.594,1.599,1.587,1.593,0.75,5.82,1.29,34.18,22656.0,35266.0,573863.0,6.21,0.0,0.0,573863.0,6.21,-641675.0,-6.95,67813.0,0.73,-403.0,1.593,1.594,99502000.0,158606188,158606188,2026-08-14,2026-08-14 16:11:36+08:00
561930,沪深300ETF招商,1.587,1.5867,-0.02,0.001,0.06,241532.0,38221958.0,1.586,1.59,1.578,1.586,0.76,12.9,2.77,17.36,169867.0,71665.0,-53581.0,-0.14,-996431.0,-2.61,942850.0,2.47,-45871.0,-0.12,99451.0,0.26,-55.0,1.587,1.588,187260600.0,297182572,297182572,2026-08-14,2026-08-14 16:11:33+08:00
513810,港股国企ETF华夏,1.704,1.7025,-0.09,0.001,0.06,69357.0,11818813.0,1.705,1.707,1.694,1.703,0.76,16.52,0.72,10.8,35887.0,33470.0,134125.0,1.13,0.0,0.0,134125.0,1.13,70725.0,0.6,-204850.0,-1.73,-3.0,1.702,1.704,41992000.0,71554368,71554368,2026-08-14,2026-08-14 16:11:55+08:00
515750,科技50ETF富国,2.118,2.1189,0.04,0.001,0.05,41332.0,8717322.0,2.137,2.15,2.093,2.117,2.69,1.54,0.79,52.29,18067.0,23265.0,-289566.0,-3.32,2345.0,0.03,-291911.0,-3.35,63046.0,0.72,226520.0,2.6,-341.0,2.118,2.119,268140500.0,567921579,567921579,2026-08-14,2026-08-14 16:11:59+08:00
159300,沪深300ETF富国,5.068,5.0696,0.03,0.002,0.04,102883.0,52070642.4,5.066,5.08,5.039,5.066,0.81,2.87,0.48,-47.47,52930.0,49953.0,-10190175.0,-19.57,-7183858.0,-13.8,-3006317.0,-5.77,7449811.0,14.31,2740365.0,5.26,210.0,5.067,5.068,358258096.0,1815652031,1815652031,2026-08-14,2026-08-14 15:34:06+08:00
159961,深100ETF方正富邦,2.277,2.2783,0.06,0.001,0.04,25275.0,5741946.3,2.298,2.322,2.255,2.276,2.94,2.55,1.64,-26.71,14571.0,10704.0,-12675.0,-0.22,0.0,0.0,-12675.0,-0.22,-50888.0,-0.89,63562.0,1.11,300.0,2.268,2.286,99245196.0,225981311,225981311,2026-08-14,2026-08-14 15:34:15+08:00
511970,国寿货币ETF,100.013,,-0.01,0.015,0.02,14.0,137010.0,100.003,100.017,100.003,99.998,0.01,0.33,0.04,-72.03,2.0,12.0,0.0,0.0,0.0,0.0,0.0,0.0,97006.0,70.8,-97006.0,-70.8,-1.0,93.65,100.013,410900.0,41095342,41095342,2026-08-14,2026-08-14 16:11:45+08:00
511600,华安日日鑫ETF,100.006,,-0.01,0.006,0.01,381.0,3810250.0,100.002,100.008,100.002,100.0,0.01,4.6,1.33,34.15,246.0,135.0,10000.0,0.26,1470088.0,38.58,-1460088.0,-38.32,20002.0,0.52,-30001.0,-0.79,-1.0,100.006,100.007,829000.0,82904974,82904974,2026-08-14,2026-08-14 16:11:37+08:00
511860,货币ETF博时,100.004,,0.0,0.005,0.01,871.0,8710663.0,100.003,100.005,100.003,99.999,0.0,19.14,1.92,1.02,818.0,53.0,-279715.0,-3.21,-279715.0,-3.21,0.0,0.0,410019.0,4.71,-130305.0,-1.5,-101.0,100.004,100.005,455200.0,45521821,45521821,2026-08-14,2026-08-14 16:11:41+08:00
511880,银华日利ETF,100.709,,-0.01,0.009,0.01,1579135.0,15903562638.0,100.707,100.714,100.707,100.7,0.01,16.33,1.03,-44.26,849394.0,729740.0,76886480.0,0.48,-157927424.0,-0.99,234813904.0,1.48,-42082128.0,-0.26,-34804221.0,-0.22,-18795.0,100.709,100.71,967250896.0,97410870485,97410870485,2026-08-14,2026-08-14 16:11:57+08:00
511820,鹏华添利ETF,100.005,,-0.01,0.006,0.01,3.0,30002.0,100.005,100.005,100.005,99.999,0.0,0.05,0.02,29.05,,3.0,30001.0,100.0,30001.0,100.0,0.0,0.0,0.0,0.0,-30001.0,-100.0,-1.0,100.005,100.007,611800.0,61183059,61183059,2026-08-14,2026-08-14 16:11:47+08:00
511810,货币ETF南方,100.008,,-0.01,0.007,0.01,575.0,5746802.0,100.005,100.009,100.005,100.001,0.0,1.58,0.74,10.65,415.0,160.0,1921626.0,33.44,265218.0,4.62,1656408.0,28.82,-1381692.0,-24.04,-539934.0,-9.4,-2.0,100.008,100.009,3642600.0,364289141,364289141,2026-08-14,2026-08-14 16:11:34+08:00
511700,货币ETF平安,100.013,,-0.01,0.008,0.01,13181.0,131831007.0,100.011,100.015,100.011,100.005,0.0,7.76,1.87,-46.91,7489.0,5692.0,6914329.0,5.24,28310254.0,21.47,-21395925.0,-16.23,-4652257.0,-3.53,-2262072.0,-1.72,-20.0,100.013,100.014,16981700.0,1698390762,1698390762,2026-08-14,2026-08-14 16:12:00+08:00
511690,交易货币ETF大成,100.009,,-0.01,0.006,0.01,1828.0,18281069.0,100.006,100.009,100.006,100.003,0.0,3.03,2.85,-6.77,1120.0,708.0,1804830.0,9.87,6716408.0,36.74,-4911578.0,-26.87,-1122280.0,-6.14,-682551.0,-3.73,2.0,100.007,100.009,6034600.0,603514311,603514311,2026-08-14,2026-08-14 16:11:47+08:00
511670,华泰天天金ETF,100.003,,0.0,0.005,0.01,6.0,60102.0,100.002,100.003,100.002,99.998,0.0,0.45,0.59,-43.82,,6.0,0.0,0.0,0.0,0.0,0.0,0.0,-29901.0,-49.75,29901.0,49.75,-4.0,99.995,100.006,133500.0,13350401,13350401,2026-08-14,2026-08-14 16:12:01+08:00
511660,货币ETF建信,100.015,,-0.02,0.011,0.01,32664.0,326672804.0,100.006,100.016,100.006,100.004,0.01,4.38,0.94,-27.51,17555.0,15109.0,7904595.0,2.42,19120731.0,5.85,-11216136.0,-3.43,-5086029.0,-1.56,-2818567.0,-0.86,-169.0,100.014,100.015,74648300.0,7465949725,7465949725,2026-08-14,2026-08-14 16:11:59+08:00
511620,货币ETF国泰,100.01,,-0.01,0.007,0.01,1747.0,17471285.0,100.007,100.01,100.007,100.003,0.0,4.1,1.1,-17.24,1104.0,643.0,-568854.0,-3.26,-3658116.0,-20.94,3089262.0,17.68,754068.0,4.32,-185213.0,-1.06,-40.0,100.009,100.01,4255800.0,425622558,425622558,2026-08-14,2026-08-14 16:11:46+08:00
511850,招商财富宝ETF,100.009,,-0.01,0.008,0.01,2365.0,23647496.0,100.008,100.01,100.008,100.001,0.0,2.67,0.57,-17.92,1009.0,1356.0,915273.0,3.87,2566016.0,10.85,-1650743.0,-6.98,-390127.0,-1.65,-525145.0,-2.22,-4.0,100.009,100.01,8846000.0,884679614,884679614,2026-08-14,2026-08-14 16:11:47+08:00
511990,华宝添益ETF,100.008,,-0.01,0.007,0.01,1087630.0,10876840292.0,100.003,100.008,100.002,100.001,0.01,13.27,1.33,15.98,661831.0,425799.0,38299872.0,0.35,64272640.0,0.59,-25972768.0,-0.24,-21227232.0,-0.2,-17072698.0,-0.16,-18876.0,100.007,100.008,819590896.0,81965646327,81965646327,2026-08-14,2026-08-14 16:11:35+08:00
511910,融通货币ETF,100.003,,0.0,0.005,0.01,3.0,30001.0,100.003,100.003,100.003,99.998,0.0,0.38,0.15,89.31,,3.0,0.0,0.0,0.0,0.0,0.0,0.0,10000.0,33.33,-10000.0,-33.33,-1.0,94.674,100.006,79300.0,7930238,7930238,2026-08-14,2026-08-14 16:11:59+08:00
511980,货币ETF汇添富,100.051,,-0.05,0.007,0.01,2.0,20010.0,100.051,100.051,100.051,100.044,0.0,0.08,0.02,-68.05,2.0,,0.0,0.0,0.0,0.0,0.0,0.0,0.0,0.0,0.0,0.0,1.0,100.044,100.052,241000.0,24112291,24112291,2026-08-14,2026-08-14 16:11:37+08:00
511950,添利货币ETF广发,100.007,,-0.01,0.005,0.01,12.0,121207.0,100.004,100.007,100.004,100.002,0.0,0.37,0.06,95.14,7.0,5.0,11200.0,9.24,11200.0,9.24,0.0,0.0,90005.0,74.26,-101205.0,-83.5,1.0,100.007,100.008,323900.0,32392267,32392267,2026-08-14,2026-08-14 16:11:57+08:00
511900,富国货币ETF,100.007,,-0.01,0.005,0.01,1789.0,17889826.0,100.006,100.007,100.003,100.002,0.0,9.64,1.95,61.52,966.0,823.0,-146412.0,-0.82,4698109.0,26.26,-4844521.0,-27.08,137411.0,0.77,9001.0,0.05,-18.0,100.007,100.008,1855400.0,185552988,185552988,2026-08-14,2026-08-14 16:11:43+08:00
515800,中证800ETF汇添富,1.303,1.3031,0.01,0.0,0.0,408228.0,53092621.0,1.305,1.306,1.293,1.303,1.0,1.0,0.56,-25.54,200598.0,207630.0,-1095951.0,-2.06,3429249.0,6.46,-4525200.0,-8.52,1879768.0,3.54,-783818.0,-1.48,-4.0,1.303,1.305,4078937200.0,5314855172,5314855172,2026-08-14,2026-08-14 16:11:58+08:00
159001,货币ETF易方达,100.0,,0.0,-0.001,0.0,88593.0,885931933.85,100.0,100.001,99.999,100.001,0.0,37.96,1.41,-34.35,32365.0,56229.0,-9614130.0,-1.09,-34963552.0,-3.95,25349422.0,2.86,8450014.0,0.95,1164116.0,0.13,2712.0,99.999,100.0,23337552.0,2333755200,2333755200,2026-08-14,2026-08-14 15:34:21+08:00
159003,招商快线ETF,100.0,,0.0,-0.001,0.0,8320.0,83201682.195,100.0,100.001,99.999,100.001,0.0,45.93,6.5,66.72,4192.0,4128.0,2262194.0,2.72,-4115099.0,-4.95,6377293.0,7.66,-1971493.0,-2.37,-290700.0,-0.35,-100.0,100.0,100.001,1811412.0,181141200,181141200,2026-08-14,2026-08-14 15:34:15+08:00
159005,快钱ETF汇添富,100.0,,0.0,-0.001,0.0,1158.0,11579734.5,100.0,100.001,99.999,100.001,0.0,10.24,2.61,12.38,733.0,425.0,-259904.0,-2.24,280303.0,2.42,-540207.0,-4.67,472005.0,4.08,-212100.0,-1.83,-29.0,100.0,100.001,1130651.0,113065100,113065100,2026-08-14,2026-08-14 15:34:15+08:00
512080,A500ETF中金,1.326,1.3257,-0.02,0.0,0.0,289720.0,38315155.0,1.326,1.326,1.315,1.326,0.83,3.88,0.57,9.34,144153.0,145567.0,728999.0,1.9,605223.0,1.58,123776.0,0.32,-269166.0,-0.7,-459834.0,-1.2,-40.0,1.321,1.326,746186096.0,989442763,989442763,2026-08-14,2026-08-14 16:11:54+08:00
589150,科创50ETF平安,1.244,1.2437,-0.02,0.0,0.0,169960.0,21074971.0,1.252,1.26,1.224,1.244,2.89,2.26,1.06,-26.38,97060.0,72900.0,-2172525.0,-10.31,-4536097.0,-21.52,2363572.0,11.22,1253572.0,5.95,918955.0,4.36,-473.0,1.244,1.245,753437200.0,937275877,937275877,2026-08-14,2026-08-14 16:11:45+08:00
159052,新能源电池ETF嘉实,0.878,0.8781,0.01,0.0,0.0,31859.0,2796810.275,0.877,0.89,0.871,0.878,2.16,1.63,0.62,18.49,11338.0,20521.0,496980.0,17.77,448909.0,16.05,48071.0,1.72,-582860.0,-20.84,85880.0,3.07,719.0,0.877,0.878,195926092.0,172023109,172023109,2026-08-14,2026-08-14 15:34:39+08:00
589520,科创人工智能ETF华宝,0.623,0.6227,-0.05,0.0,0.0,393467.0,24427099.0,0.628,0.631,0.612,0.623,3.05,5.31,0.87,-18.51,189214.0,204253.0,-1780974.0,-7.29,-1431762.0,-5.86,-349212.0,-1.43,476231.0,1.95,1304742.0,5.34,-1632.0,0.622,0.623,741104608.0,461708171,461708171,2026-08-14,2026-08-14 16:11:35+08:00
159123,光伏ETF嘉实,0.925,0.9255,0.05,0.0,0.0,30839.0,2844538.1,0.925,0.93,0.915,0.925,1.62,0.81,0.37,-42.18,11733.0,19106.0,42759.0,1.5,10280.0,0.36,32479.0,1.14,-12678.0,-0.45,-30080.0,-1.06,-58.0,0.925,0.926,383047024.0,354318497,354318497,2026-08-14,2026-08-14 15:34:39+08:00
159121,港股通汽车ETF易方达,0.749,0.7472,-0.24,0.0,0.0,392646.0,29408400.098,0.748,0.753,0.744,0.749,1.2,25.42,1.02,-67.54,198630.0,194015.0,857923.0,2.92,-361052.0,-1.23,1218975.0,4.14,-763410.0,-2.6,-94514.0,-0.32,4488.0,0.748,0.749,154481127.0,115706364,115706364,2026-08-14,2026-08-14 15:34:36+08:00
159119,800现金流ETF招商,0.974,0.9734,-0.06,0.0,0.0,65159.0,6330769.4,0.975,0.975,0.966,0.974,0.92,4.23,0.98,32.18,36484.0,28675.0,-722665.0,-11.42,577006.0,9.11,-1299671.0,-20.53,394878.0,6.24,327788.0,5.18,1153.0,0.974,0.975,154054229.0,150048819,150048819,2026-08-14,2026-08-14 15:34:18+08:00
511960,货币ETF嘉实,100.003,,0.0,0.002,0.0,516.0,5160248.0,100.006,100.006,100.003,100.001,0.0,19.78,1.24,19.52,406.0,110.0,70003.0,1.36,70003.0,1.36,0.0,0.0,-110006.0,-2.13,40002.0,0.78,-101.0,100.003,100.006,260900.0,26090783,26090783,2026-08-14,2026-08-14 16:11:37+08:00
512160,MSCI中国A股ETF南方,1.545,1.5446,-0.03,0.0,0.0,17669.0,2721782.0,1.545,1.546,1.536,1.545,0.65,1.43,1.05,19.27,10708.0,6961.0,11512.0,0.42,0.0,0.0,11512.0,0.42,-47734.0,-1.75,36222.0,1.33,-100.0,1.542,1.546,123777800.0,191236701,191236701,2026-08-14,2026-08-14 16:11:52+08:00
512150,富时A50ETF汇安,1.931,1.9283,-0.14,0.0,0.0,1023.0,197177.0,1.93,1.934,1.921,1.931,0.67,0.57,0.49,12.51,590.0,433.0,-123665.0,-62.72,0.0,0.0,-123665.0,-62.72,21456.0,10.88,102208.0,51.84,3.0,1.925,1.93,18073400.0,34899735,34899735,2026-08-14,2026-08-14 16:11:49+08:00
159093,化工ETF汇添富,1.028,1.0301,0.2,0.0,0.0,86688.0,8902654.819,1.028,1.039,1.022,1.028,1.65,23.01,0.98,-1.29,44077.0,42611.0,-91931.0,-1.03,0.0,0.0,-91931.0,-1.03,119860.0,1.35,-27929.0,-0.31,1100.0,1.024,1.034,37681470.0,38736551,38736551,2026-08-14,2026-08-14 15:34:42+08:00
589310,科创人工智能ETF鑫元,0.854,0.8555,0.18,0.0,0.0,18171.0,1548843.0,0.862,0.866,0.842,0.854,2.81,0.63,0.38,1.49,8424.0,9746.0,-124707.0,-8.05,0.0,0.0,-124707.0,-8.05,47397.0,3.06,77309.0,4.99,-8.0,0.854,0.856,289491808.0,247226004,247226004,2026-08-14,2026-08-14 16:12:00+08:00
560060,碳中和ETF汇添富,0.934,0.9334,-0.06,0.0,0.0,5823.0,544639.0,0.935,0.939,0.93,0.934,0.96,0.77,0.79,9.19,2522.0,3301.0,62946.0,11.56,0.0,0.0,62946.0,11.56,-64542.0,-11.85,1595.0,0.29,2.0,0.932,0.936,76090000.0,71068060,71068060,2026-08-14,2026-08-14 16:11:42+08:00
159133,化工ETF天弘,1.09,1.0893,-0.06,0.0,0.0,316607.0,34444908.9,1.088,1.101,1.081,1.09,1.83,1.98,0.76,81.32,165525.0,151082.0,-5353.0,-0.02,-65420.0,-0.19,60067.0,0.17,-285955.0,-0.83,291309.0,0.85,370.0,1.089,1.09,1597413344.0,1741180545,1741180545,2026-08-14,2026-08-14 15:34:06+08:00
588840,科创50ETF万家,1.589,1.589,0.0,0.0,0.0,41695.0,6598583.0,1.598,1.61,1.565,1.589,2.83,7.55,0.83,4.32,19258.0,22437.0,-850864.0,-12.89,18739.0,0.28,-869603.0,-13.18,297043.0,4.5,553820.0,8.39,-80.0,1.587,1.589,55236000.0,87770004,87770004,2026-08-14,2026-08-14 16:11:54+08:00
561180,A100ETF富国,1.34,1.3406,0.04,0.0,0.0,9255.0,1238271.0,1.34,1.343,1.334,1.34,0.67,1.87,1.17,0.27,7016.0,2239.0,-58729.0,-4.74,0.0,0.0,-58729.0,-4.74,13004.0,1.05,45725.0,3.69,10.0,1.339,1.344,49609600.0,66476864,66476864,2026-08-14,2026-08-14 16:11:40+08:00
588760,科创人工智能ETF广发,0.784,0.784,0.0,0.0,0.0,2191932.0,171415493.0,0.787,0.794,0.771,0.784,2.93,9.71,1.04,3.36,1045820.0,1146112.0,-9822221.0,-5.73,-17111335.0,-9.98,7289114.0,4.25,5028236.0,2.93,4793985.0,2.8,-10298.0,0.783,0.784,2257532000.0,1769905088,1769905088,2026-08-14,2026-08-14 16:11:37+08:00
511650,货币ETF华夏,100.005,,-0.01,0.002,0.0,472.0,4720285.0,100.004,100.007,100.004,100.003,0.0,3.92,1.02,15.05,137.0,335.0,70002.0,1.48,-160014.0,-3.39,230016.0,4.87,10003.0,0.21,-80004.0,-1.69,-101.0,100.005,100.008,1204100.0,120416021,120416021,2026-08-14,2026-08-14 16:12:00+08:00
515990,一带一路ETF汇添富,1.504,1.5047,0.05,0.0,0.0,18443.0,2772430.0,1.5,1.506,1.499,1.504,0.47,3.46,1.53,7.73,9010.0,9433.0,-80145.0,-2.89,440004.0,15.87,-520149.0,-18.76,73395.0,2.65,6750.0,0.24,488.0,1.503,1.507,53350200.0,80238701,80238701,2026-08-14,2026-08-14 16:11:43+08:00
159268,港股通消费ETF汇添富,0.788,0.7896,0.2,0.0,0.0,121728.0,9609696.6,0.785,0.791,0.785,0.788,0.76,2.95,0.42,-43.09,60402.0,61326.0,703650.0,7.32,799132.0,8.32,-95482.0,-0.99,-529849.0,-5.51,-173800.0,-1.81,-170.0,0.788,0.789,413055024.0,325487359,325487359,2026-08-14,2026-08-14 15:34:33+08:00
511920,货币ETF广发,100.004,,0.0,-0.001,0.0,9.0,90004.0,100.005,100.005,100.004,100.005,0.0,0.28,0.04,3.96,5.0,4.0,0.0,0.0,0.0,0.0,0.0,0.0,-10000.0,-11.11,10001.0,11.11,-1.0,95.452,100.013,318400.0,31841274,31841274,2026-08-14,2026-08-14 16:11:47+08:00
511930,货币ETF国联,100.004,,0.0,0.004,0.0,2.0,20001.0,100.004,100.004,100.004,100.0,0.0,0.11,0.03,-64.73,,2.0,0.0,0.0,0.0,0.0,0.0,0.0,0.0,0.0,0.0,0.0,-1.0,99.711,100.004,187700.0,18770751,18770751,2026-08-14,2026-08-14 16:11:53+08:00
159219,深证100ETF融通,1.406,1.4037,-0.16,0.0,0.0,5886.0,825243.7,1.397,1.406,1.392,1.406,1.0,7.02,0.76,-25.0,3735.0,2151.0,-138072.0,-16.73,0.0,0.0,-138072.0,-16.73,112300.0,13.61,25772.0,3.12,1.0,1.393,1.406,8388018.0,11793553,11793553,2026-08-14,2026-08-14 15:34:09+08:00
511830,货币ETF华泰柏瑞,100.005,,-0.01,0.001,0.0,15.0,150009.0,100.003,100.015,100.003,100.004,0.01,0.48,0.25,70.89,3.0,12.0,90005.0,60.0,80004.0,53.33,10001.0,6.67,-20001.0,-13.33,-70004.0,-46.67,-1.0,100.005,100.01,313500.0,31351568,31351568,2026-08-14,2026-08-14 16:11:45+08:00
511770,金鹰增益货币ETF,100.003,,0.0,0.001,0.0,73.0,730022.0,100.002,100.003,100.002,100.002,0.0,1.81,1.78,10.91,48.0,25.0,-650020.0,-89.04,-650020.0,-89.04,0.0,0.0,620018.0,84.93,30001.0,4.11,-1.0,100.002,100.003,403700.0,40371211,40371211,2026-08-14,2026-08-14 16:11:34+08:00
511800,易方达货币ETF,100.01,,-0.01,-0.002,0.0,662.0,6617487.0,100.017,100.017,100.004,100.012,0.01,3.99,1.92,44.68,325.0,337.0,806387.0,12.19,1286910.0,19.45,-480523.0,-7.26,-615463.0,-9.3,-190923.0,-2.89,-1.0,100.01,100.016,1659000.0,165916590,165916590,2026-08-14,2026-08-14 16:12:01+08:00
530060,上证指数ETF易方达,0.993,0.9929,-0.01,0.0,0.0,383020.0,37974432.0,0.993,0.995,0.988,0.993,0.7,4.87,0.6,3.55,175420.0,207600.0,-4354608.0,-11.47,-1064686.0,-2.8,-3289922.0,-8.66,2520622.0,6.64,1833986.0,4.83,-8301.0,0.993,0.994,786193008.0,780689657,780689657,2026-08-14,2026-08-14 16:11:37+08:00
530380,上证380ETF易方达,1.118,1.1202,0.2,0.0,0.0,50212.0,5595789.0,1.118,1.125,1.11,1.118,1.34,3.62,1.05,-0.04,24037.0,26175.0,619212.0,11.07,0.0,0.0,619212.0,11.07,-749040.0,-13.39,129828.0,2.32,-45.0,1.117,1.122,138705000.0,155072190,155072190,2026-08-14,2026-08-14 16:11:54+08:00
516180,光伏ETF平安,0.715,0.7164,0.2,0.0,0.0,92024.0,6563186.0,0.715,0.719,0.708,0.715,1.54,5.98,0.81,-0.55,52932.0,39092.0,109288.0,1.67,-574.0,-0.01,109862.0,1.67,-159637.0,-2.43,50349.0,0.77,-144.0,0.715,0.717,153987000.0,110100705,110100705,2026-08-14,2026-08-14 16:11:55+08:00
159729,互联网ETF汇添富,0.72,0.7177,-0.32,0.0,0.0,7401.0,530911.2,0.712,0.722,0.712,0.72,1.39,1.14,1.55,-16.07,5301.0,2100.0,-44337.0,-8.35,0.0,0.0,-44337.0,-8.35,25891.0,4.88,18446.0,3.47,95.0,0.72,0.722,64960633.0,46771656,46771656,2026-08-14,2026-08-14 15:34:18+08:00
159735,港股消费ETF银华,0.674,0.6751,0.16,0.0,0.0,150732.0,10178660.3,0.674,0.677,0.672,0.674,0.74,2.36,0.35,-58.78,67508.0,83224.0,885291.0,8.7,-371267.0,-3.65,1256558.0,12.35,-790151.0,-7.76,-95140.0,-0.93,-397.0,0.674,0.675,637561376.0,429716367,429716367,2026-08-14,2026-08-14 15:34:18+08:00
561900,沪深300ESGETF招商,0.995,0.9959,0.09,0.0,0.0,33737.0,3358361.0,0.997,0.997,0.991,0.995,0.6,14.46,0.99,-2.93,12888.0,20849.0,325335.0,9.69,0.0,0.0,325335.0,9.69,-341240.0,-10.16,15906.0,0.47,-8.0,0.995,0.998,23334400.0,23217728,23217728,2026-08-14,2026-08-14 16:12:00+08:00
561920,疫苗ETF招商,0.685,0.686,0.15,0.0,0.0,11239.0,776916.0,0.68,0.697,0.678,0.685,2.77,2.83,0.66,10.17,5086.0,6153.0,162539.0,20.92,0.0,0.0,162539.0,20.92,-79316.0,-10.21,-83223.0,-10.71,64.0,0.685,0.687,39692000.0,27189020,27189020,2026-08-14,2026-08-14 16:11:43+08:00
513230,港股通消费ETF华夏,0.877,0.8764,-0.07,0.0,0.0,233245.0,20484877.0,0.877,0.881,0.874,0.877,0.8,7.12,0.8,5.88,111534.0,121711.0,762157.0,3.72,-320712.0,-1.57,1082869.0,5.29,-567974.0,-2.77,-194182.0,-0.95,-165.0,0.876,0.877,327422704.0,287149711,287149711,2026-08-14,2026-08-14 16:11:37+08:00
159864,光伏ETF国泰,0.566,0.5669,0.16,0.0,0.0,186618.0,10523319.564,0.565,0.569,0.56,0.566,1.59,2.91,0.9,-23.98,69923.0,116695.0,-461777.0,-4.39,763121.0,7.25,-1224898.0,-11.64,263677.0,2.51,198100.0,1.88,130.0,0.565,0.566,640526832.0,362538187,362538187,2026-08-14,2026-08-14 15:34:33+08:00
513070,港股通消费ETF易方达,1.112,1.1103,-0.15,0.0,0.0,523968.0,58324335.0,1.115,1.116,1.109,1.112,0.63,3.99,0.48,-7.17,242261.0,281707.0,1075222.0,1.84,780250.0,1.34,294972.0,0.51,-1333338.0,-2.29,258117.0,0.44,-787.0,1.111,1.112,1314760800.0,1462014010,1462014010,2026-08-14,2026-08-14 16:11:50+08:00
159630,A100ETF汇添富,1.392,1.3919,-0.01,0.0,0.0,294.0,40802.9,1.392,1.392,1.387,1.392,0.36,0.19,0.1,15.41,20.0,274.0,2786.0,6.83,0.0,0.0,2786.0,6.83,-2084.0,-5.11,-702.0,-1.72,7.0,1.386,1.395,15113744.0,21038332,21038332,2026-08-14,2026-08-14 15:34:45+08:00
159699,恒生消费ETF广发,0.903,0.9043,0.14,0.0,0.0,102108.0,9227605.3,0.903,0.907,0.901,0.903,0.66,2.01,0.62,-27.5,44758.0,57350.0,1131845.0,12.27,-526615.0,-5.71,1658460.0,17.97,-1310657.0,-14.2,178812.0,1.94,7.0,0.902,0.903,508164256.0,458872323,458872323,2026-08-14,2026-08-14 15:34:21+08:00
513310,中韩半导体ETF华泰柏瑞,4.968,4.442,-11.84,0.0,0.0,16244121.0,8063224846.0,4.983,4.999,4.928,4.968,1.43,67.93,0.77,-47.3,8431945.0,7812176.0,-122820800.0,-1.52,-135144800.0,-1.68,12324000.0,0.15,24290288.0,0.3,98530528.0,1.22,-157596.0,4.967,4.968,2391427008.0,11880609376,11880609376,2026-08-14,2026-08-14 16:12:01+08:00
562970,光伏ETF易方达,1.011,1.0106,-0.04,0.0,0.0,169884.0,17117443.0,1.011,1.02,1.0,1.011,1.98,4.66,0.98,2.84,80261.0,89623.0,793862.0,4.64,193834.0,1.13,600028.0,3.51,-634497.0,-3.71,-159367.0,-0.93,-190.0,1.01,1.011,364448000.0,368456928,368456928,2026-08-14,2026-08-14 16:11:35+08:00
560310,光伏ETF博时,0.783,0.782,-0.13,0.0,0.0,4004.0,312543.0,0.8,0.8,0.775,0.783,3.19,0.22,0.23,0.01,1517.0,2487.0,-18097.0,-5.79,-10948.0,-3.5,-7149.0,-2.29,50934.0,16.3,-32836.0,-10.51,10.0,0.783,0.784,183122000.0,143384526,143384526,2026-08-14,2026-08-14 16:11:49+08:00
159239,港股通汽车ETF富国,0.787,0.7847,-0.29,0.0,0.0,70273.0,5528234.0,0.789,0.79,0.781,0.787,1.14,8.01,0.71,-45.39,30930.0,39343.0,274156.0,4.96,633826.0,11.47,-359670.0,-6.51,-298628.0,-5.4,24472.0,0.44,164.0,0.785,0.787,87780753.0,69083453,69083453,2026-08-14,2026-08-14 15:34:12+08:00
159231,通用航空ETF华宝,0.504,0.5047,0.14,0.0,0.0,142295.0,7159313.7,0.503,0.508,0.499,0.504,1.79,4.2,0.97,-17.27,84435.0,57860.0,-19895.0,-0.28,0.0,0.0,-19895.0,-0.28,7103.0,0.1,12792.0,0.18,-15.0,0.504,0.505,339091856.0,170902295,170902295,2026-08-14,2026-08-14 15:34:21+08:00
159225,现金流ETF银华,1.232,1.2319,-0.01,0.0,0.0,29641.0,3647857.1,1.229,1.234,1.225,1.232,0.73,1.12,0.6,-0.65,16137.0,13504.0,-79808.0,-2.19,125381.0,3.44,-205189.0,-5.62,116777.0,3.2,-36970.0,-1.01,-4246.0,1.227,1.233,264744804.0,326165599,326165599,2026-08-14,2026-08-14 15:34:12+08:00
159281,港股央企红利ETF天弘,0.927,0.9334,0.69,0.0,0.0,140048.0,12995186.1,0.927,0.931,0.922,0.927,0.97,5.66,0.58,-60.54,69505.0,70543.0,652641.0,5.02,648732.0,4.99,3909.0,0.03,-627896.0,-4.83,-24746.0,-0.19,-80.0,0.927,0.929,247233059.0,229185046,229185046,2026-08-14,2026-08-14 15:34:09+08:00
515330,沪深300ETF天弘,1.359,1.3591,0.01,0.0,0.0,87159.0,11830258.0,1.362,1.362,1.351,1.359,0.81,0.14,0.97,10.9,42007.0,45152.0,206975.0,1.75,0.0,0.0,206975.0,1.75,-527508.0,-4.46,320533.0,2.71,-436.0,1.358,1.359,6176709632.0,8394148390,8394148390,2026-08-14,2026-08-14 16:11:46+08:00
516190,传媒ETF华夏,1.033,1.0335,0.05,0.0,0.0,187748.0,19205347.0,1.027,1.042,1.006,1.033,3.48,17.41,1.14,10.98,79009.0,108739.0,1887592.0,9.83,-18943.0,-0.1,1906535.0,9.93,-1517151.0,-7.9,-370440.0,-1.93,-576.0,1.031,1.033,107818500.0,111376511,111376511,2026-08-14,2026-08-14 16:11:38+08:00
560590,中证1000增强ETF鹏华,1.464,1.4624,-0.11,0.0,0.0,10735.0,1560130.0,1.464,1.466,1.443,1.464,1.57,3.74,0.6,-2.04,1449.0,9286.0,255772.0,16.39,0.0,0.0,255772.0,16.39,-177797.0,-11.4,-77975.0,-5.0,100.0,1.46,1.464,28710000.0,42031440,42031440,2026-08-14,2026-08-14 16:11:58+08:00
159399,现金流ETF国泰,1.002,1.0009,-0.11,0.0,0.0,1815809.0,181396513.3,1.001,1.004,0.995,1.002,0.9,4.09,0.8,-0.11,944863.0,870946.0,-24741166.0,-13.64,-45678597.0,-25.18,20937431.0,11.54,15153055.0,8.35,9588113.0,5.29,939.0,1.001,1.002,4437194752.0,4446069142,4446069142,2026-08-14,2026-08-14 15:34:00+08:00
520580,新兴亚洲ETF招商,0.955,0.9611,0.63,0.0,0.0,18456.0,1760295.0,0.957,0.957,0.953,0.955,0.42,0.63,0.42,2.85,9233.0,9223.0,-423685.0,-24.07,66726.0,3.79,-490411.0,-27.86,261309.0,14.84,162375.0,9.22,-66.0,0.954,0.955,290983904.0,277889628,277889628,2026-08-14,2026-08-14 16:11:36+08:00
517950,沪深港科技50ETF交银,1.205,1.2053,0.02,0.0,0.0,76960.0,9275382.0,1.217,1.217,1.191,1.205,2.16,14.49,1.05,1.81,50355.0,26605.0,-259345.0,-2.8,0.0,0.0,-259345.0,-2.8,188056.0,2.03,71289.0,0.77,-1669.0,1.205,1.208,53123200.0,64013456,64013456,2026-08-14,2026-08-14 16:11:48+08:00
516290,光伏ETF汇添富,0.537,0.537,0.0,0.0,0.0,171055.0,9162658.0,0.535,0.54,0.531,0.537,1.68,2.3,0.78,-5.98,84036.0,87019.0,562115.0,6.13,840270.0,9.17,-278155.0,-3.04,-498068.0,-5.44,-64048.0,-0.7,-106.0,0.536,0.537,743196896.0,399096733,399096733,2026-08-14,2026-08-14 16:11:52+08:00
520730,港股通汽车ETF万家,0.782,0.7809,-0.14,0.0,0.0,10796.0,844611.0,0.78,0.786,0.776,0.782,1.28,0.88,0.59,5.97,6797.0,3999.0,115826.0,13.71,0.0,0.0,115826.0,13.71,-110357.0,-13.07,-5469.0,-0.65,-300.0,0.781,0.782,122394400.0,95712421,95712421,2026-08-14,2026-08-14 16:11:41+08:00
159339,A500ETF银华,1.25,1.2522,0.18,0.0,0.0,617607.0,76989383.9,1.249,1.252,1.24,1.25,0.96,3.16,1.39,-38.57,312330.0,305277.0,129882.0,0.17,2987468.0,3.88,-2857586.0,-3.71,-550015.0,-0.71,420133.0,0.55,-11.0,1.25,1.251,1955086848.0,2443858560,2443858560,2026-08-14,2026-08-14 15:34:24+08:00
159351,A500ETF嘉实,1.238,1.2402,0.18,0.0,0.0,3806634.0,470002842.5,1.238,1.241,1.229,1.238,0.97,5.34,0.89,-23.03,1977871.0,1828763.0,855218.0,0.18,-3685296.0,-0.78,4540514.0,0.97,-1398956.0,-0.3,543740.0,0.12,56.0,1.237,1.238,7127123456.0,8823378839,8823378839,2026-08-14,2026-08-14 15:34:03+08:00
588080,科创50ETF易方达,1.758,1.7581,0.01,0.0,0.0,7110990.0,1247809640.0,1.772,1.78,1.73,1.758,2.84,3.0,0.8,0.92,3106878.0,4004112.0,-179755865.0,-14.41,-171114281.0,-13.71,-8641584.0,-0.69,80808847.0,6.48,98947009.0,7.93,-55010.0,1.758,1.759,23680628224.0,41630544418,41630544418,2026-08-14,2026-08-14 16:11:33+08:00
563830,全指现金流ETF博时,1.169,1.1654,-0.31,0.0,0.0,1263.0,147111.0,1.166,1.169,1.162,1.169,0.6,0.09,0.12,0.28,1216.0,47.0,-146877.0,-99.84,0.0,0.0,-146877.0,-99.84,113285.0,77.01,33592.0,22.83,-40.0,1.165,1.169,141896000.0,165876424,165876424,2026-08-14,2026-08-14 16:12:01+08:00
159362,A500ETF工银,1.326,1.328,0.15,0.0,0.0,180558.0,23890332.9,1.326,1.329,1.316,1.326,0.98,1.12,0.93,40.02,83461.0,97097.0,2914542.0,12.2,5965839.0,24.97,-3051297.0,-12.77,-2570247.0,-10.76,-344296.0,-1.44,-3.0,1.325,1.328,1607180192.0,2131120935,2131120935,2026-08-14,2026-08-14 15:34:33+08:00
560810,央企ESGETF融通,1.274,1.2774,0.27,0.0,0.0,2043.0,260136.0,1.285,1.285,1.268,1.274,1.33,0.11,0.47,0.85,555.0,1488.0,150745.0,57.95,0.0,0.0,150745.0,57.95,-90199.0,-34.67,-60547.0,-23.28,-32.0,1.274,1.277,188116000.0,239659784,239659784,2026-08-14,2026-08-14 16:11:48+08:00
159330,沪深300ETF东财,1.46,1.461,0.07,0.0,0.0,110686.0,16130339.8,1.459,1.463,1.451,1.46,0.82,2.56,0.55,-51.11,46257.0,64429.0,-1047068.0,-6.49,0.0,0.0,-1047068.0,-6.49,-323629.0,-2.01,1370696.0,8.5,937.0,1.459,1.46,431801008.0,630429472,630429472,2026-08-14,2026-08-14 15:34:06+08:00
159712,港股通50ETF国泰,1.23,1.2261,-0.32,0.0,0.0,58679.0,7194998.9,1.229,1.231,1.223,1.23,0.65,6.13,0.62,3.8,33335.0,25344.0,124907.0,1.74,0.0,0.0,124907.0,1.74,-150062.0,-2.09,25155.0,0.35,51.0,1.225,1.23,95778813.0,117807940,117807940,2026-08-14,2026-08-14 15:34:12+08:00
159609,光伏ETF浦银,0.503,0.5033,0.06,0.0,0.0,122599.0,6153569.9,0.503,0.506,0.498,0.503,1.59,3.96,0.96,12.91,43258.0,79341.0,-82859.0,-1.35,296863.0,4.82,-379722.0,-6.17,-22717.0,-0.37,105576.0,1.72,-107.0,0.503,0.504,309903408.0,155881414,155881414,2026-08-14,2026-08-14 15:34:27+08:00
510270,国企ETF中银,1.537,1.5326,-0.29,0.0,0.0,2821.0,432983.0,1.532,1.537,1.532,1.537,0.33,1.9,0.22,6.36,2811.0,10.0,-1840.0,-0.42,0.0,0.0,-1840.0,-0.42,0.0,0.0,1840.0,0.42,-1307.0,1.532,1.538,14832100.0,22796938,22796938,2026-08-14,2026-08-14 16:11:47+08:00
563520,沪深300ETF永赢,1.214,1.2147,0.06,0.0,0.0,104935.0,12726805.0,1.219,1.219,1.208,1.214,0.91,2.53,0.72,1.99,42387.0,62548.0,354065.0,2.78,1530612.0,12.03,-1176547.0,-9.24,-472367.0,-3.71,118303.0,0.93,-15.0,1.214,1.216,415065008.0,503888920,503888920,2026-08-14,2026-08-14 16:11:40+08:00
510350,沪深300ETF工银,4.968,4.9686,0.01,0.0,0.0,22600.0,11221899.0,4.975,4.979,4.943,4.968,0.72,0.33,0.94,-35.44,8196.0,14404.0,2621222.0,23.36,945191.0,8.42,1676031.0,14.94,-2134092.0,-19.02,-487130.0,-4.34,-1.0,4.965,4.968,679614704.0,3376325849,3376325849,2026-08-14,2026-08-14 16:11:52+08:00
560650,核心50ETF民生加银,1.068,,,0.0,0.0,,,,,,1.068,0.0,0.0,,0.0,,,,,,,,,,,,,,,,7919200.0,8457706,8457706,2026-08-14,2026-08-14 16:11:36+08:00
159925,沪深300ETF南方,4.798,4.7983,0.01,0.0,0.0,154363.0,73929401.242,4.807,4.809,4.769,4.798,0.83,2.65,1.15,66.56,56056.0,98307.0,3430450.0,4.64,4529043.0,6.13,-1098593.0,-1.49,-3560233.0,-4.82,129782.0,0.18,-20.0,4.798,4.799,583520864.0,2799733105,2799733105,2026-08-14,2026-08-14 15:34:21+08:00
560500,500质量成长ETF鹏扬,1.406,1.4074,0.1,0.0,0.0,7261.0,1019974.0,1.433,1.459,1.356,1.406,7.33,0.25,0.47,0.16,2900.0,4361.0,-81324.0,-7.97,0.0,0.0,-81324.0,-7.97,91369.0,8.96,-10046.0,-0.98,200.0,1.406,1.409,294339008.0,413840645,413840645,2026-08-14,2026-08-14 16:11:49+08:00
515660,沪深300ETF国联安,5.899,5.903,0.07,-0.001,-0.02,213.0,125523.0,5.91,5.958,5.875,5.9,1.41,0.0,0.14,0.25,57.0,156.0,589.0,0.47,0.0,0.0,589.0,0.47,6462.0,5.15,-7052.0,-5.62,5.0,5.884,5.919,432694208.0,2552463133,2552463133,2026-08-14,2026-08-14 16:11:47+08:00
159919,沪深300ETF嘉实,4.935,4.9409,0.12,-0.001,-0.02,1198838.0,590692687.827,4.942,4.949,4.906,4.936,0.87,1.92,0.87,-15.48,535502.0,663336.0,74600330.0,12.63,33037526.0,5.59,41562804.0,7.04,-56558967.0,-9.58,-18041364.0,-3.05,-1495.0,4.935,4.936,6235416576.0,30771780803,30771780803,2026-08-14,2026-08-14 15:34:33+08:00
510310,沪深300ETF易方达,4.588,4.5908,0.06,-0.001,-0.02,940069.0,430850117.0,4.594,4.6,4.562,4.589,0.83,0.82,0.71,10.06,374766.0,565303.0,18837987.0,4.37,25493364.0,5.92,-6655377.0,-1.54,-7334157.0,-1.7,-11503830.0,-2.67,-3482.0,4.588,4.589,11519744000.0,52852585472,52852585472,2026-08-14,2026-08-14 16:11:34+08:00
510330,沪深300ETF华夏,4.926,4.9289,0.06,-0.001,-0.02,1049355.0,516341712.0,4.938,4.938,4.897,4.927,0.83,1.2,1.35,-73.22,333830.0,715525.0,151412176.0,29.32,64418773.0,12.48,86993403.0,16.85,-33184140.0,-6.43,-118228037.0,-22.9,-780.0,4.926,4.927,8715849728.0,42934275760,42934275760,2026-08-14,2026-08-14 16:12:02+08:00
159923,中证A100ETF大成,2.206,2.2104,0.2,-0.001,-0.05,21971.0,4847326.9,2.206,2.211,2.196,2.207,0.68,17.88,0.8,6.45,8680.0,13291.0,55877.0,1.15,0.0,0.0,55877.0,1.15,-55369.0,-1.14,-508.0,-0.01,-247.0,2.205,2.206,12285812.0,27102501,27102501,2026-08-14,2026-08-14 15:34:18+08:00
512090,MSCIA股ETF易方达,2.015,2.0149,0.0,-0.001,-0.05,513239.0,103155500.0,2.016,2.02,2.003,2.016,0.84,14.6,1.05,52.63,253574.0,259665.0,-1403912.0,-1.36,-1921723.0,-1.86,517811.0,0.5,1404444.0,1.36,-532.0,0.0,-3.0,2.011,2.015,351592304.0,708458493,708458493,2026-08-14,2026-08-14 16:11:48+08:00
589850,科创50ETF东财,1.647,1.647,0.0,-0.001,-0.06,587244.0,96533689.0,1.659,1.67,1.621,1.648,2.97,9.22,0.66,-4.5,266162.0,321082.0,-21453406.0,-22.22,-18180964.0,-18.83,-3272442.0,-3.39,5115773.0,5.3,16337635.0,16.92,-4264.0,1.647,1.648,637057008.0,1049232892,1049232892,2026-08-14,2026-08-14 16:11:45+08:00
510300,沪深300ETF华泰柏瑞,4.726,4.7295,0.07,-0.003,-0.06,6859530.0,3238306187.0,4.737,4.742,4.701,4.729,0.87,2.76,0.89,-54.41,3440905.0,3418625.0,715384352.0,22.09,707884048.0,21.86,7500304.0,0.23,-566207840.0,-17.48,-149176512.0,-4.61,-41894.0,4.725,4.726,24824287744.0,117319583878,117319583878,2026-08-14,2026-08-14 16:11:58+08:00
159974,央企创新ETF富国,1.786,1.7877,0.1,-0.001,-0.06,389.0,69450.0,1.787,1.787,1.781,1.787,0.34,0.1,0.07,16.29,66.0,323.0,-1785.0,-2.57,0.0,0.0,-1785.0,-2.57,11258.0,16.21,-9472.0,-13.64,-1.0,1.78,1.793,39432422.0,70426306,70426306,2026-08-14,2026-08-14 15:34:21+08:00
159726,港股通高股息ETF华夏,1.351,1.3565,0.41,-0.001,-0.07,139791.0,18925490.2,1.352,1.357,1.349,1.352,0.59,5.22,2.01,-20.21,75957.0,63834.0,-520266.0,-2.75,-3876312.0,-20.48,3356046.0,17.73,569182.0,3.01,-48916.0,-0.26,-111.0,1.35,1.354,267911380.0,361948274,361948274,2026-08-14,2026-08-14 15:34:18+08:00
515390,沪深300ETF华安,1.376,1.3772,0.09,-0.001,-0.07,753423.0,103615874.0,1.379,1.38,1.368,1.377,0.87,4.26,0.86,18.1,310562.0,442861.0,-3245965.0,-3.13,5776681.0,5.58,-9022646.0,-8.71,2489172.0,2.4,756793.0,0.73,-1579.0,1.376,1.377,1766683008.0,2430955819,2430955819,2026-08-14,2026-08-14 16:12:02+08:00
589550,科创价值ETF华夏,1.346,1.3506,0.34,-0.001,-0.07,16099.0,2168843.0,1.355,1.36,1.338,1.347,1.63,6.36,0.93,20.22,6444.0,9655.0,32219.0,1.49,0.0,0.0,32219.0,1.49,-540.0,-0.02,-31679.0,-1.46,-1495.0,1.346,1.35,25295500.0,34047743,34047743,2026-08-14,2026-08-14 16:11:40+08:00
512910,A100ETF广发,1.341,1.3434,0.18,-0.001,-0.07,56366.0,7565041.0,1.344,1.347,1.335,1.342,0.89,4.25,0.88,21.8,35479.0,20887.0,-2693.0,-0.04,0.0,0.0,-2693.0,-0.04,86416.0,1.14,-83723.0,-1.11,-146.0,1.341,1.342,132628800.0,177855221,177855221,2026-08-14,2026-08-14 16:11:50+08:00
515310,沪深300ETF汇添富,1.405,1.4046,-0.03,-0.001,-0.07,109275.0,15328281.0,1.404,1.408,1.396,1.406,0.85,3.44,0.55,-7.71,36040.0,73235.0,-593273.0,-3.87,-143240.0,-0.93,-450033.0,-2.94,-85649.0,-0.56,678921.0,4.43,-521.0,1.405,1.406,318111200.0,446946236,446946236,2026-08-14,2026-08-14 16:12:01+08:00
159661,A100ETF嘉实,1.45,1.4531,0.21,-0.001,-0.07,44630.0,6470771.8,1.452,1.453,1.443,1.451,0.69,16.4,1.25,0.82,22338.0,22292.0,-271853.0,-4.2,0.0,0.0,-271853.0,-4.2,223403.0,3.45,48450.0,0.75,-800.0,1.444,1.456,27208213.0,39451909,39451909,2026-08-14,2026-08-14 15:34:33+08:00
561580,央企红利ETF华泰柏瑞,1.215,1.2135,-0.12,-0.001,-0.08,636011.0,77194569.0,1.216,1.217,1.208,1.216,0.74,2.96,0.94,5.95,215812.0,420199.0,5454107.0,7.07,1324912.0,1.72,4129195.0,5.35,-6256700.0,-8.11,802592.0,1.04,-2217.0,1.215,1.216,2147370704.0,2609055405,2609055405,2026-08-14,2026-08-14 16:11:51+08:00
512040,价值ETF富国,1.208,1.2074,-0.05,-0.001,-0.08,1549315.0,186933567.0,1.209,1.213,1.201,1.209,0.99,3.73,0.86,21.81,689933.0,859382.0,26832179.0,14.35,31161314.0,16.67,-4329135.0,-2.32,-15414081.0,-8.25,-11418098.0,-6.11,-256.0,1.207,1.208,4156715904.0,5021312812,5021312812,2026-08-14,2026-08-14 16:12:02+08:00
159547,红利低波ETF华夏,1.181,1.1808,-0.02,-0.001,-0.08,1133169.0,133865356.6,1.181,1.186,1.175,1.182,0.93,8.63,1.12,79.08,511853.0,621316.0,-106605.0,-0.08,4097611.0,3.06,-4204216.0,-3.14,-1290477.0,-0.96,1397082.0,1.04,-367.0,1.181,1.182,1313286080.0,1550990860,1550990860,2026-08-14,2026-08-14 15:34:00+08:00
512580,环保ETF广发,1.214,1.2132,-0.07,-0.001,-0.08,64636.0,7853660.0,1.221,1.228,1.209,1.215,1.56,1.13,1.28,19.84,26904.0,37732.0,-384976.0,-4.9,387133.0,4.93,-772109.0,-9.83,570097.0,7.26,-185121.0,-2.36,-32.0,1.214,1.216,570871696.0,693038239,693038239,2026-08-14,2026-08-14 16:11:59+08:00
588280,科创50ETF华安,1.236,1.2362,0.02,-0.001,-0.08,203391.0,25095101.0,1.245,1.251,1.217,1.237,2.75,5.53,0.64,10.75,85632.0,117759.0,-1783944.0,-7.11,1009794.0,4.02,-2793738.0,-11.13,422901.0,1.69,1361043.0,5.42,-813.0,1.235,1.236,368121008.0,454997566,454997566,2026-08-14,2026-08-14 16:11:42+08:00
563860,中证A500ETF海富通,1.322,1.3249,0.22,-0.001,-0.08,152554.0,20142575.0,1.322,1.325,1.314,1.323,0.83,7.95,0.87,0.64,73111.0,79443.0,1320401.0,6.56,466313.0,2.32,854088.0,4.24,-1174777.0,-5.83,-145623.0,-0.72,1530.0,1.321,1.323,191844300.0,253618165,253618165,2026-08-14,2026-08-14 16:11:45+08:00
563660,A500ETF银河,1.27,1.2739,0.31,-0.001,-0.08,10471.0,1328654.0,1.272,1.273,1.263,1.271,0.79,1.58,0.45,6.8,2060.0,8411.0,337890.0,25.43,0.0,0.0,337890.0,25.43,-342084.0,-25.75,4193.0,0.32,-100.0,1.269,1.274,66085200.0,83928204,83928204,2026-08-14,2026-08-14 16:11:33+08:00
562850,央企能源ETF嘉实,1.263,1.2627,-0.02,-0.001,-0.08,74472.0,9384841.0,1.264,1.264,1.254,1.264,0.79,3.88,1.08,47.68,43409.0,31063.0,200014.0,2.13,-1641600.0,-17.49,1841614.0,19.62,-135957.0,-1.45,-64057.0,-0.68,-40.0,1.261,1.263,191981500.0,242472635,242472635,2026-08-14,2026-08-14 16:11:43+08:00
563220,A500ETF富国,1.29,1.2927,0.21,-0.001,-0.08,1449261.0,186668416.0,1.29,1.294,1.281,1.291,1.01,2.23,0.81,-30.66,662185.0,787076.0,10767415.0,5.77,6814582.0,3.65,3952833.0,2.12,-9500152.0,-5.09,-1267262.0,-0.68,-95.0,1.291,1.292,6503013632.0,8388887585,8388887585,2026-08-14,2026-08-14 16:11:45+08:00
530680,上证180ETF兴业,1.175,1.1758,0.07,-0.001,-0.09,5936.0,697154.0,1.176,1.179,1.17,1.176,0.77,0.52,0.18,-0.06,1426.0,4510.0,-259348.0,-37.2,0.0,0.0,-259348.0,-37.2,280253.0,40.2,-20904.0,-3.0,-79.0,1.175,1.179,114891900.0,134997983,134997983,2026-08-14,2026-08-14 16:11:58+08:00
560050,中国A50ETF汇添富,1.116,1.1154,-0.05,-0.001,-0.09,550088.0,61303059.0,1.114,1.119,1.11,1.117,0.81,2.42,0.78,12.5,299358.0,250730.0,1553207.0,2.53,2187023.0,3.57,-633816.0,-1.03,-1923163.0,-3.14,369957.0,0.6,-201.0,1.115,1.116,2272434400.0,2536036790,2536036790,2026-08-14,2026-08-14 16:11:36+08:00
159258,机器人ETF南方,1.127,1.1313,0.38,-0.001,-0.09,297668.0,33379806.6,1.131,1.134,1.113,1.128,1.86,2.25,0.92,57.84,145048.0,152620.0,-354717.0,-1.06,-118661.0,-0.36,-236056.0,-0.71,171476.0,0.51,183242.0,0.55,-2220.0,1.127,1.13,1325765664.0,1494137903,1494137903,2026-08-14,2026-08-14 15:34:27+08:00
159276,现金流ETF汇添富,1.092,1.0933,0.12,-0.001,-0.09,37302.0,4073365.0,1.093,1.095,1.087,1.093,0.73,1.01,0.68,20.77,19095.0,18207.0,154902.0,3.8,-536608.0,-13.17,691510.0,16.98,-118871.0,-2.92,-36029.0,-0.88,-46.0,1.091,1.095,368696656.0,402616748,402616748,2026-08-14,2026-08-14 15:34:03+08:00
159209,红利质量ETF招商,1.148,1.1499,0.17,-0.001,-0.09,851376.0,97508543.3,1.149,1.151,1.14,1.149,0.96,3.9,0.98,-19.72,315688.0,535688.0,-2926522.0,-3.0,3510793.0,3.6,-6437315.0,-6.6,1012615.0,1.04,1913907.0,1.96,-3289.0,1.148,1.149,2180635056.0,2503369044,2503369044,2026-08-14,2026-08-14 15:34:09+08:00
159970,深100ETF工银,1.063,1.0642,0.11,-0.001,-0.09,4098.0,434854.1,1.063,1.064,1.058,1.064,0.56,3.91,0.7,6.37,3659.0,439.0,51831.0,11.92,0.0,0.0,51831.0,11.92,-42161.0,-9.7,-9670.0,-2.22,50.0,1.059,1.067,10468704.0,11128232,11128232,2026-08-14,2026-08-14 15:34:18+08:00
563020,红利低波ETF易方达,1.149,1.1461,-0.25,-0.001,-0.09,1799557.0,206718844.0,1.148,1.153,1.143,1.15,0.87,1.68,0.79,9.65,908604.0,890953.0,-38068238.0,-18.42,-35351612.0,-17.1,-2716626.0,-1.31,15456447.0,7.48,22611790.0,10.94,-8530.0,1.148,1.149,10684910080.0,12276961682,12276961682,2026-08-14,2026-08-14 16:11:50+08:00
510990,180ESGETF工银,1.058,1.0586,0.06,-0.001,-0.09,54454.0,5762755.0,1.059,1.06,1.055,1.059,0.47,13.98,1.04,0.27,30200.0,24254.0,-293690.0,-5.1,0.0,0.0,-293690.0,-5.1,265624.0,4.61,28066.0,0.49,-254.0,1.057,1.061,38948600.0,41207619,41207619,2026-08-14,2026-08-14 16:11:46+08:00
159525,红利低波ETF富国,1.077,1.0768,-0.02,-0.001,-0.09,146530.0,15777680.6,1.077,1.081,1.072,1.078,0.83,3.28,0.87,-23.38,83695.0,62835.0,-2457700.0,-15.58,-1031631.0,-6.54,-1426069.0,-9.04,2450882.0,15.53,6818.0,0.04,168.0,1.076,1.077,446743744.0,481143012,481143012,2026-08-14,2026-08-14 15:34:15+08:00
159601,A50ETF华夏,1.139,1.1402,0.11,-0.001,-0.09,666517.0,75808285.8,1.142,1.142,1.133,1.14,0.79,4.71,1.15,0.53,282874.0,383643.0,-17617083.0,-23.24,-6696405.0,-8.83,-10920678.0,-14.41,12391664.0,16.35,5225419.0,6.89,-3.0,1.139,1.14,1414188080.0,1610760223,1610760223,2026-08-14,2026-08-14 15:34:06+08:00
159907,国证2000ETF广发,1.082,1.0839,0.18,-0.001,-0.09,104870.0,11272619.7,1.073,1.091,1.068,1.083,2.12,6.05,1.07,39.68,44917.0,59953.0,-902251.0,-8.0,-652603.0,-5.79,-249648.0,-2.21,956360.0,8.48,-54110.0,-0.48,-64.0,1.082,1.086,173197694.0,187399905,187399905,2026-08-14,2026-08-14 15:34:09+08:00
159758,红利质量ETF华夏,1.135,1.137,0.18,-0.001,-0.09,234246.0,26535740.0,1.137,1.141,1.127,1.136,1.23,1.76,0.81,-27.63,118402.0,115844.0,1663774.0,6.27,2781438.0,10.48,-1117664.0,-4.21,-826683.0,-3.12,-837092.0,-3.15,-29.0,1.135,1.138,1328290784.0,1507610040,1507610040,2026-08-14,2026-08-14 15:34:36+08:00
159791,300ESGETF华夏,1.12,1.1213,0.12,-0.001,-0.09,8595.0,962507.4,1.121,1.122,1.117,1.121,0.45,2.77,0.51,0.72,3014.0,5581.0,92148.0,9.57,0.0,0.0,92148.0,9.57,-93605.0,-9.73,1457.0,0.15,-1000.0,1.116,1.122,31083347.0,34813349,34813349,2026-08-14,2026-08-14 15:34:57+08:00
159051,医疗器械ETF易方达,1.039,1.0384,-0.06,-0.001,-0.1,40928.0,4253656.944,1.051,1.056,1.023,1.04,3.17,4.21,0.46,32.19,19627.0,21301.0,-314009.0,-7.38,-358637.0,-8.43,44628.0,1.05,90457.0,2.13,223553.0,5.26,-96.0,1.039,1.04,97117894.0,100905492,100905492,2026-08-14,2026-08-14 15:34:42+08:00
159131,港股通信息技术ETF华宝,0.998,0.9996,0.16,-0.001,-0.1,20587270.0,2057500943.7,1.004,1.016,0.988,0.999,2.8,84.31,1.11,-7.12,10102107.0,10485163.0,-31910320.0,-1.55,26403072.0,1.28,-58313392.0,-2.83,13628277.0,0.66,18282048.0,0.89,114390.0,0.997,0.998,2441919904.0,2437036064,2437036064,2026-08-14,2026-08-14 15:34:00+08:00
159036,软件开发ETF华宝,0.965,0.9669,0.2,-0.001,-0.1,116888.0,11241265.615,0.964,0.988,0.948,0.966,4.14,4.12,0.7,-23.56,47900.0,68988.0,262158.0,2.33,-627903.0,-5.59,890061.0,7.92,-592309.0,-5.27,330150.0,2.94,-35.0,0.965,0.966,283740160.0,273809254,273809254,2026-08-14,2026-08-14 15:34:24+08:00
561620,化工ETF华泰柏瑞,1.024,1.0253,0.13,-0.001,-0.1,78772.0,8072386.0,1.015,1.037,1.015,1.025,2.15,14.8,0.5,-1.33,44475.0,34297.0,427103.0,5.29,-510195.0,-6.32,937298.0,11.61,-376758.0,-4.67,-50344.0,-0.62,-38.0,1.024,1.027,53227000.0,54504448,54504448,2026-08-14,2026-08-14 16:11:55+08:00
510210,上证指数ETF富国,1.003,1.004,0.1,-0.001,-0.1,6373896.0,638214106.0,1.004,1.005,0.998,1.004,0.7,3.84,0.62,-2.16,2942742.0,3431154.0,-41425905.0,-6.49,-22363104.0,-3.5,-19062801.0,-2.99,27657810.0,4.33,13768093.0,2.16,-138861.0,1.002,1.003,16601192704.0,16650996282,16650996282,2026-08-14,2026-08-14 16:12:02+08:00
517080,沪港深500ETF汇添富,1.003,1.0032,0.02,-0.001,-0.1,10288.0,1030590.0,1.002,1.006,0.999,1.004,0.7,0.59,1.17,-1.16,5728.0,4560.0,-171605.0,-16.65,0.0,0.0,-171605.0,-16.65,100548.0,9.76,71058.0,6.89,3.0,1.002,1.003,173166000.0,173685498,173685498,2026-08-14,2026-08-14 16:11:42+08:00
159642,碳中和ETF大成,0.954,0.9542,0.02,-0.001,-0.1,49.0,4682.8,0.96,0.96,0.951,0.955,0.94,0.02,0.06,-9.8,14.0,35.0,1256.0,26.82,0.0,0.0,1256.0,26.82,0.0,0.0,-1256.0,-26.82,-4.0,0.948,0.965,22439923.0,21407687,21407687,2026-08-14,2026-08-14 15:34:57+08:00
562990,碳中和ETF易方达,0.979,0.9798,0.08,-0.001,-0.1,60336.0,5911396.0,0.98,0.987,0.975,0.98,1.22,1.58,1.08,0.04,21924.0,38412.0,-255191.0,-4.32,24872.0,0.42,-280063.0,-4.74,226207.0,3.83,28983.0,0.49,-3000.0,0.979,0.981,380756000.0,372760124,372760124,2026-08-14,2026-08-14 16:11:37+08:00
510910,上证指数ETF南方,0.977,0.9794,0.25,-0.001,-0.1,238944.0,23336282.0,0.979,0.98,0.973,0.978,0.72,8.19,0.69,6.27,127218.0,111726.0,-601551.0,-2.58,-807061.0,-3.46,205510.0,0.88,-77967.0,-0.33,679518.0,2.91,-1011.0,0.977,0.978,291796000.0,285084692,285084692,2026-08-14,2026-08-14 16:11:56+08:00
515250,智能汽车ETF富国,0.957,0.9562,-0.08,-0.001,-0.1,212010.0,20244339.0,0.959,0.966,0.948,0.958,1.88,6.11,1.25,2.44,95839.0,116171.0,-1321660.0,-6.53,582645.0,2.88,-1904305.0,-9.41,-1116199.0,-5.51,2437860.0,12.04,-199.0,0.957,0.958,346944496.0,332025883,332025883,2026-08-14,2026-08-14 16:12:01+08:00
159807,科技ETF易方达,0.957,0.9576,0.06,-0.001,-0.1,363715.0,34705384.7,0.959,0.967,0.944,0.958,2.4,4.14,0.87,-32.25,167979.0,195736.0,-1944990.0,-5.6,-441703.0,-1.27,-1503287.0,-4.33,882467.0,2.54,1062521.0,3.06,-1508.0,0.957,0.958,879051424.0,841252213,841252213,2026-08-14,2026-08-14 15:34:09+08:00
510670,上证180ETF华夏,1.0,0.9998,-0.02,-0.001,-0.1,2502.0,249616.0,1.012,1.012,0.994,1.001,1.8,0.13,0.13,-2.82,996.0,1506.0,0.0,0.0,0.0,0.0,0.0,0.0,-27805.0,-11.14,27805.0,11.14,1.0,0.998,1.0,185493000.0,185493000,185493000,2026-08-14,2026-08-14 16:11:35+08:00
159037,价值ETF鹏华,0.987,0.9873,0.03,-0.001,-0.1,2681.0,264566.9,0.986,0.989,0.984,0.988,0.51,0.34,0.13,-67.21,201.0,2480.0,96009.0,36.29,0.0,0.0,96009.0,36.29,-97219.0,-36.75,1211.0,0.46,-5.0,0.987,0.991,79249832.0,78219584,78219584,2026-08-14,2026-08-14 15:34:51+08:00
159566,储能电池ETF易方达,1.907,1.905,-0.1,-0.002,-0.1,1528987.0,291917234.164,1.909,1.933,1.89,1.909,2.25,5.46,0.91,5.18,784911.0,744076.0,-5289216.0,-1.81,7709094.0,2.64,-12998310.0,-4.45,-7899407.0,-2.71,13188623.0,4.52,6257.0,1.906,1.907,2801739776.0,5342917753,5342917753,2026-08-14,2026-08-14 15:34:00+08:00
561010,软件ETF华安,0.9,0.9001,0.01,-0.001,-0.11,186813.0,16744209.0,0.895,0.916,0.884,0.901,3.55,6.35,0.94,-3.09,102492.0,84321.0,-1796575.0,-10.73,-1151985.0,-6.88,-644590.0,-3.85,1069949.0,6.39,726627.0,4.34,-1184.0,0.9,0.901,294356000.0,264920400,264920400,2026-08-14,2026-08-14 16:11:49+08:00
589360,科创50ETF国泰,0.887,0.887,0.0,-0.001,-0.11,828639.0,73342471.0,0.892,0.898,0.873,0.888,2.82,3.2,1.06,-47.1,400366.0,428273.0,-4465879.0,-6.09,-5704592.0,-7.78,1238713.0,1.69,2555946.0,3.48,1909933.0,2.6,-2078.0,0.886,0.887,2591174000.0,2298371338,2298371338,2026-08-14,2026-08-14 16:11:54+08:00
159640,碳中和龙头ETF工银,0.947,0.9481,0.12,-0.001,-0.11,35081.0,3320035.5,0.947,0.954,0.943,0.948,1.16,5.96,1.91,58.76,20528.0,14553.0,-8833.0,-0.27,0.0,0.0,-8833.0,-0.27,0.0,0.0,8833.0,0.27,-2400.0,0.946,0.952,58845198.0,55726403,55726403,2026-08-14,2026-08-14 15:34:48+08:00
589230,科创人工智能ETF南方,0.895,0.8954,0.04,-0.001,-0.11,155559.0,13893559.0,0.897,0.908,0.882,0.896,2.9,6.88,0.87,8.83,77128.0,78431.0,48426.0,0.35,-1020439.0,-7.34,1068865.0,7.69,-253741.0,-1.83,205314.0,1.48,-13.0,0.895,0.896,226053000.0,202317435,202317435,2026-08-14,2026-08-14 16:11:46+08:00
515460,红利质量ETF南方,0.915,0.9161,0.12,-0.001,-0.11,328916.0,30127516.0,0.916,0.919,0.91,0.916,0.98,11.79,6.45,1.79,93838.0,235078.0,-82547.0,-0.27,2649596.0,8.79,-2732143.0,-9.07,47526.0,0.16,35022.0,0.12,-20.0,0.915,0.919,279091008.0,255368272,255368272,2026-08-14,2026-08-14 16:11:44+08:00
588940,科创50ETF富国,0.89,0.8893,-0.08,-0.001,-0.11,1402922.0,124589261.0,0.896,0.903,0.875,0.891,3.14,4.99,0.92,5.29,758410.0,644512.0,-24119653.0,-19.36,-36704886.0,-29.46,12585233.0,10.1,13929866.0,11.18,10189787.0,8.18,-10272.0,0.889,0.89,2810840000.0,2501647600,2501647600,2026-08-14,2026-08-14 16:11:49+08:00
526030,港股通信息技术ETF汇添富,0.9,0.8981,-0.21,-0.001,-0.11,477562.0,43151463.0,0.913,0.918,0.892,0.901,2.89,29.76,1.12,10.34,234134.0,243428.0,-1151055.0,-2.67,1148612.0,2.66,-2299667.0,-5.33,432184.0,1.0,718870.0,1.67,-652.0,0.9,0.901,160465000.0,144418500,144418500,2026-08-14,2026-08-14 16:11:42+08:00
159968,中证500ETF博时,10.443,10.4619,0.18,-0.011,-0.11,9145.0,9516373.5,10.558,10.558,10.337,10.454,2.11,1.41,1.22,20.79,2954.0,6191.0,-169610.0,-1.78,0.0,0.0,-169610.0,-1.78,104344.0,1.1,65266.0,0.69,100.0,10.447,10.459,64895098.0,677699508,677699508,2026-08-14,2026-08-14 15:34:27+08:00
588950,科创50ETF景顺,1.795,1.7948,-0.01,-0.002,-0.11,279423.0,50034460.0,1.819,1.819,1.768,1.797,2.84,5.18,0.81,49.95,112695.0,166728.0,-9169026.0,-18.33,596752.0,1.19,-9765778.0,-19.52,2069311.0,4.14,7099714.0,14.19,-1773.0,1.794,1.795,539729696.0,968814804,968814804,2026-08-14,2026-08-14 16:11:58+08:00
510160,产业升级ETF南方,0.893,0.8928,-0.02,-0.001,-0.11,2736.0,244048.0,0.894,0.894,0.89,0.894,0.45,0.14,0.55,9.5,2634.0,102.0,-2673.0,-1.1,0.0,0.0,-2673.0,-1.1,0.0,0.0,2673.0,1.1,1.0,0.892,0.895,192057400.0,171507258,171507258,2026-08-14,2026-08-14 16:11:46+08:00
159350,深证50ETF富国,1.622,1.6213,-0.04,-0.002,-0.12,287848.0,46704899.9,1.624,1.631,1.611,1.624,1.23,26.41,0.8,-3.76,77052.0,210796.0,-1983350.0,-4.25,4691943.0,10.05,-6675293.0,-14.29,1794952.0,3.84,188398.0,0.4,1.0,1.62,1.622,109009642.0,176813639,176813639,2026-08-14,2026-08-14 15:34:27+08:00
515900,央企创新ETF博时,1.653,1.6529,-0.01,-0.002,-0.12,41529.0,6851522.0,1.654,1.654,1.643,1.655,0.66,0.19,1.19,36.45,25074.0,16455.0,263874.0,3.85,427251.0,6.24,-163377.0,-2.38,-249360.0,-3.64,-14513.0,-0.21,1.0,1.651,1.654,2240446496.0,3703458058,3703458058,2026-08-14,2026-08-14 16:11:48+08:00
561500,漂亮50ETF华泰柏瑞,0.823,0.823,0.0,-0.001,-0.12,1618.0,133083.0,0.82,0.827,0.808,0.824,2.31,0.29,0.12,9.19,527.0,1091.0,60722.0,45.63,0.0,0.0,60722.0,45.63,-50930.0,-38.27,-9792.0,-7.36,39.0,0.822,0.825,56100300.0,46170547,46170547,2026-08-14,2026-08-14 16:11:36+08:00
159305,储能电池ETF广发,0.849,0.849,0.0,-0.001,-0.12,288572.0,24550648.7,0.848,0.861,0.841,0.85,2.35,2.41,0.53,28.98,126078.0,162494.0,251704.0,1.03,1970092.0,8.02,-1718388.0,-7.0,-848578.0,-3.46,596875.0,2.43,-912.0,0.849,0.85,1197640304.0,1016796618,1016796618,2026-08-14,2026-08-14 15:34:06+08:00
159028,港股汽车ETF天弘,0.776,0.7792,0.41,-0.001,-0.13,32164.0,2500982.684,0.776,0.782,0.771,0.777,1.42,2.52,0.75,-6.87,13784.0,18380.0,492047.0,19.67,0.0,0.0,492047.0,19.67,-456444.0,-18.25,-35603.0,-1.42,-155.0,0.776,0.777,127449016.0,98900436,98900436,2026-08-14,2026-08-14 15:34:24+08:00
560880,家电ETF广发,1.514,1.5132,-0.05,-0.002,-0.13,79045.0,11942902.0,1.517,1.517,1.506,1.516,0.73,3.93,0.75,-67.81,31438.0,47607.0,352536.0,2.95,0.0,0.0,352536.0,2.95,-394488.0,-3.3,41952.0,0.35,-4.0,1.514,1.515,201232000.0,304665248,304665248,2026-08-14,2026-08-14 16:11:47+08:00
159212,深100ETF南方,1.505,1.5065,0.1,-0.002,-0.13,79733.0,11977917.6,1.528,1.528,1.493,1.507,2.32,10.33,0.69,-26.71,37372.0,42361.0,-37774.0,-0.32,268261.0,2.24,-306035.0,-2.55,232513.0,1.94,-194741.0,-1.63,50.0,1.502,1.505,77204367.0,116192572,116192572,2026-08-14,2026-08-14 15:34:15+08:00
517880,品牌消费ETF华泰柏瑞,0.763,0.765,0.26,-0.001,-0.13,68950.0,5260490.0,0.764,0.765,0.761,0.764,0.52,12.93,2.23,7.45,40208.0,28742.0,-106429.0,-2.02,0.0,0.0,-106429.0,-2.02,123806.0,2.35,-17376.0,-0.33,449.0,0.763,0.764,53337100.0,40696207,40696207,2026-08-14,2026-08-14 16:11:45+08:00
159885,碳中和ETF鹏华,0.733,0.7329,-0.01,-0.001,-0.14,10033.0,736315.0,0.743,0.743,0.73,0.734,1.77,0.41,0.83,-4.44,6572.0,3461.0,231099.0,31.39,0.0,0.0,231099.0,31.39,-157113.0,-21.34,-73985.0,-10.05,-10.0,0.733,0.737,246467316.0,180660543,180660543,2026-08-14,2026-08-14 15:34:00+08:00
159203,大盘成长ETF博时,1.398,1.402,0.29,-0.002,-0.14,2485.0,346941.7,1.396,1.427,1.389,1.4,2.71,2.54,0.48,-26.92,408.0,2077.0,78624.0,22.66,0.0,0.0,78624.0,22.66,-83610.0,-24.1,4985.0,1.44,-300.0,1.399,1.411,9791913.0,13689094,13689094,2026-08-14,2026-08-14 15:34:00+08:00
562340,中证500成长ETF银华,1.45,1.4557,0.39,-0.002,-0.14,1513.0,219088.0,1.453,1.453,1.443,1.452,0.69,1.86,0.61,15.34,1149.0,364.0,-35697.0,-16.29,0.0,0.0,-35697.0,-16.29,2333.0,1.06,33364.0,15.23,641.0,1.451,1.455,8144300.0,11809235,11809235,2026-08-14,2026-08-14 16:11:40+08:00
563090,上证50增强ETF易方达,1.422,1.4203,-0.12,-0.002,-0.14,54760.0,7764674.0,1.424,1.426,1.412,1.424,0.98,9.31,1.52,-10.69,24409.0,30351.0,51806.0,0.67,370799.0,4.78,-318993.0,-4.11,-354625.0,-4.57,302819.0,3.9,-142.0,1.422,1.423,58848000.0,83681856,83681856,2026-08-14,2026-08-14 16:12:00+08:00
562890,A50ETF嘉实,1.399,1.3978,-0.09,-0.002,-0.14,132010.0,18450776.0,1.401,1.403,1.394,1.401,0.64,6.1,1.36,-9.3,63908.0,68102.0,500635.0,2.71,10583339.0,57.36,-10082704.0,-54.65,-459980.0,-2.49,-40656.0,-0.22,483.0,1.396,1.399,216551000.0,302954849,302954849,2026-08-14,2026-08-14 16:11:47+08:00
159591,A50ETF富国,1.398,1.3972,-0.06,-0.002,-0.14,137258.0,19163488.4,1.4,1.402,1.391,1.4,0.79,4.15,0.8,73.1,68159.0,69099.0,2168707.0,11.32,1818946.0,9.49,349761.0,1.83,-2288711.0,-11.94,120005.0,0.63,2514.0,1.396,1.398,330905680.0,462606141,462606141,2026-08-14,2026-08-14 15:34:15+08:00
159996,家电ETF国泰,1.422,1.4233,0.09,-0.002,-0.14,404141.0,57398813.708,1.423,1.427,1.415,1.424,0.84,8.59,1.13,-91.68,208555.0,195586.0,10563369.0,18.4,6962366.0,12.13,3601003.0,6.27,-5787185.0,-10.08,-4776185.0,-8.32,824.0,1.421,1.422,470554848.0,669128994,669128994,2026-08-14,2026-08-14 15:34:27+08:00
512260,中证500低波动ETF华安,1.943,1.9439,0.05,-0.003,-0.15,4992.0,969019.0,1.958,1.964,1.931,1.946,1.7,2.44,0.99,11.59,1741.0,3251.0,-88138.0,-9.1,0.0,0.0,-88138.0,-9.1,38720.0,4.0,49418.0,5.1,3.0,1.939,1.943,20497700.0,39827031,39827031,2026-08-14,2026-08-14 16:11:53+08:00
159797,医疗器械ETF汇添富,0.688,0.687,-0.15,-0.001,-0.15,104179.0,7185120.3,0.69,0.7,0.683,0.689,2.47,2.62,1.26,86.12,54936.0,49243.0,805777.0,11.21,-199035.0,-2.77,1004812.0,13.98,-971095.0,-13.52,165319.0,2.3,-633.0,0.688,0.69,396989248.0,273128603,273128603,2026-08-14,2026-08-14 15:34:48+08:00
517850,张江ETF汇添富,1.343,1.3465,0.26,-0.002,-0.15,3272.0,440175.0,1.346,1.356,1.328,1.345,2.08,0.86,0.48,8.19,1247.0,2025.0,-158996.0,-36.12,0.0,0.0,-158996.0,-36.12,183501.0,41.69,-24505.0,-5.57,-590.0,1.343,1.345,38185200.0,51282724,51282724,2026-08-14,2026-08-14 16:11:58+08:00
563650,中证A500ETF兴业,1.309,1.3101,0.08,-0.002,-0.15,43298.0,5652664.0,1.311,1.311,1.299,1.311,0.92,3.21,0.52,2.16,26094.0,17204.0,177630.0,3.14,-86643.0,-1.53,264273.0,4.68,-395011.0,-6.99,217382.0,3.85,-1.0,1.306,1.309,134909000.0,176595881,176595881,2026-08-14,2026-08-14 16:11:57+08:00
510290,上证380ETF南方,2.67,2.6754,0.2,-0.004,-0.15,14574.0,3888532.0,2.722,2.771,2.654,2.674,4.38,2.58,1.04,0.29,5352.0,9222.0,665429.0,17.11,0.0,0.0,665429.0,17.11,-701009.0,-18.03,35581.0,0.92,-5.0,2.672,2.679,56448900.0,150718563,150718563,2026-08-14,2026-08-14 16:11:47+08:00
563550,A500增强ETF摩根,1.277,1.2784,0.11,-0.002,-0.16,61827.0,7879631.0,1.275,1.28,1.267,1.279,1.02,7.23,0.87,2.09,35039.0,26788.0,151248.0,1.92,1331855.0,16.9,-1180607.0,-14.98,-166855.0,-2.12,15608.0,0.2,-4.0,1.277,1.281,85559000.0,109258843,109258843,2026-08-14,2026-08-14 16:11:57+08:00
563990,800现金流ETF富国,1.24,1.2396,-0.03,-0.002,-0.16,12633.0,1563405.0,1.244,1.244,1.231,1.242,1.05,0.42,0.63,-1.64,4942.0,7691.0,348756.0,22.31,32214.0,2.06,316542.0,20.25,-134350.0,-8.59,-214404.0,-13.71,35.0,1.238,1.24,298573008.0,370230530,370230530,2026-08-14,2026-08-14 16:11:45+08:00
159631,A100ETF招商,1.27,1.2717,0.13,-0.002,-0.16,10444.0,1325226.3,1.272,1.274,1.263,1.272,0.86,2.66,0.65,-52.57,3650.0,6794.0,-9674.0,-0.73,0.0,0.0,-9674.0,-0.73,50942.0,3.84,-41268.0,-3.11,1.0,1.268,1.275,39332605.0,49952408,49952408,2026-08-14,2026-08-14 15:34:36+08:00
513350,标普油气ETF富国,1.269,1.2696,0.05,-0.002,-0.16,6440896.0,819193269.0,1.261,1.278,1.261,1.271,1.34,77.44,0.99,-7.26,3243507.0,3197389.0,1426801.0,0.17,22024289.0,2.69,-20597488.0,-2.51,2225655.0,0.27,-3652461.0,-0.45,-76946.0,1.268,1.269,831746000.0,1055485674,1055485674,2026-08-14,2026-08-14 16:12:02+08:00
562000,A100ETF华宝,0.613,0.6135,0.08,-0.001,-0.16,41416.0,2533699.0,0.615,0.621,0.609,0.614,1.95,0.69,0.53,0.09,23012.0,18404.0,-116215.0,-4.59,0.0,0.0,-116215.0,-4.59,103237.0,4.07,12977.0,0.51,-50.0,0.613,0.614,600737904.0,368252335,368252335,2026-08-14,2026-08-14 16:11:58+08:00
561790,央企能源ETF博时,1.257,1.2575,0.04,-0.002,-0.16,6462.0,811232.0,1.261,1.261,1.249,1.259,0.95,1.09,0.46,12.25,2197.0,4265.0,55510.0,6.84,0.0,0.0,55510.0,6.84,15481.0,1.91,-70991.0,-8.75,-21.0,1.257,1.261,59034000.0,74205738,74205738,2026-08-14,2026-08-14 16:11:50+08:00
560350,中证A50ETF摩根,1.288,1.287,-0.08,-0.002,-0.16,171147.0,22040121.0,1.291,1.293,1.283,1.29,0.78,2.03,0.99,-18.64,101914.0,69233.0,-2276220.0,-10.33,2767335.0,12.56,-5043555.0,-22.88,473362.0,2.15,1802858.0,8.18,-188.0,1.288,1.289,843532096.0,1086469340,1086469340,2026-08-14,2026-08-14 16:11:35+08:00
512890,红利低波ETF华泰柏瑞,1.155,1.1545,-0.04,-0.002,-0.17,4802675.0,555185014.0,1.157,1.161,1.151,1.157,0.86,1.74,0.82,6.83,2474175.0,2328500.0,-26086662.0,-4.7,-8060143.0,-1.45,-18026519.0,-3.25,11993071.0,2.16,14093590.0,2.54,-19575.0,1.155,1.156,27653110784.0,31939342956,31939342956,2026-08-14,2026-08-14 16:11:50+08:00
516720,ESGETF浦银,1.166,1.1651,-0.08,-0.002,-0.17,113.0,13120.0,1.162,1.166,1.161,1.168,0.43,0.09,0.16,0.4,1.0,112.0,12655.0,96.46,0.0,0.0,12655.0,96.46,0.0,0.0,-12654.0,-96.45,1.0,1.162,1.17,12337800.0,14385875,14385875,2026-08-14,2026-08-14 16:11:36+08:00
530180,上证180ETF易方达,1.205,1.2058,0.07,-0.002,-0.17,39917.0,4803550.0,1.208,1.208,1.2,1.207,0.66,6.44,0.49,6.03,21199.0,18718.0,550783.0,11.47,0.0,0.0,550783.0,11.47,-552976.0,-11.51,2193.0,0.05,100.0,1.204,1.209,61952000.0,74652160,74652160,2026-08-14,2026-08-14 16:11:51+08:00
510850,上证50ETF工银,3.588,3.5791,-0.25,-0.006,-0.17,22420.0,8027215.0,3.606,3.606,3.565,3.594,1.14,4.51,0.94,13.98,10554.0,11866.0,-515374.0,-6.42,118345.0,1.47,-633719.0,-7.89,441885.0,5.5,73490.0,0.92,-4.0,3.581,3.588,49698900.0,178319653,178319653,2026-08-14,2026-08-14 16:11:56+08:00
516070,低碳ETF易方达,0.594,0.5932,-0.13,-0.001,-0.17,51952.0,3086023.0,0.594,0.603,0.591,0.595,2.02,1.74,1.61,-0.17,29273.0,22679.0,-115009.0,-3.73,460322.0,14.92,-575331.0,-18.64,123672.0,4.01,-8662.0,-0.28,323.0,0.593,0.594,298646000.0,177395724,177395724,2026-08-14,2026-08-14 16:11:33+08:00
159863,光伏ETF鹏华,0.579,0.582,0.52,-0.001,-0.17,28088.0,1624732.4,0.58,0.582,0.574,0.58,1.38,0.92,0.42,-59.75,12830.0,15258.0,465195.0,28.63,85882.0,5.29,379313.0,23.35,-426871.0,-26.27,-38325.0,-2.36,-201.0,0.579,0.58,303729360.0,175859299,175859299,2026-08-14,2026-08-14 15:34:30+08:00
159221,现金流ETF嘉实,1.162,1.1623,0.03,-0.002,-0.17,180713.0,20968445.2,1.164,1.164,1.156,1.164,0.69,1.52,0.87,72.77,74507.0,106206.0,1208207.0,5.76,2779345.0,13.25,-1571138.0,-7.49,-1099993.0,-5.25,-108214.0,-0.52,18.0,1.161,1.162,1185013232.0,1376985376,1376985376,2026-08-14,2026-08-14 15:34:12+08:00
159201,自由现金流ETF华夏,1.17,1.1724,0.2,-0.002,-0.17,1574391.0,184258077.894,1.168,1.175,1.165,1.172,0.85,1.12,0.47,-24.97,749407.0,824984.0,16783387.0,9.11,25978788.0,14.1,-9195401.0,-4.99,-15819165.0,-8.59,-964222.0,-0.52,-6511.0,1.17,1.171,14046275840.0,16434142733,16434142733,2026-08-14,2026-08-14 15:34:57+08:00
159332,央企红利ETF富国,1.185,1.1861,0.09,-0.002,-0.17,14954.0,1769657.8,1.187,1.187,1.178,1.187,0.76,1.61,0.68,19.08,1864.0,13090.0,811059.0,45.83,823729.0,46.55,-12670.0,-0.72,-782133.0,-44.2,-28926.0,-1.63,-138.0,1.185,1.189,93021477.0,110230450,110230450,2026-08-14,2026-08-14 15:34:21+08:00
517030,沪港深300ETF易方达,1.145,1.1467,0.15,-0.002,-0.17,4497.0,513807.0,1.147,1.153,1.141,1.147,1.05,0.54,0.14,2.73,1986.0,2511.0,-23677.0,-4.61,0.0,0.0,-23677.0,-4.61,22840.0,4.45,836.0,0.16,-19.0,1.145,1.149,84040300.0,96226144,96226144,2026-08-14,2026-08-14 16:11:34+08:00
159805,传媒ETF鹏华,1.2,1.203,0.25,-0.002,-0.17,422496.0,50331242.2,1.197,1.217,1.171,1.202,3.83,14.25,0.81,-52.68,200569.0,221927.0,-1845373.0,-3.67,501342.0,1.0,-2346715.0,-4.66,430165.0,0.85,1415208.0,2.81,-486.0,1.2,1.201,296452480.0,355742976,355742976,2026-08-14,2026-08-14 15:34:06+08:00
562810,上证指数增强ETF嘉实,1.152,1.1535,0.13,-0.002,-0.17,36983.0,4259110.0,1.154,1.155,1.147,1.154,0.69,5.87,0.58,35.75,13207.0,23776.0,371509.0,8.72,0.0,0.0,371509.0,8.72,-546253.0,-12.83,174745.0,4.1,-630.0,1.152,1.153,62951000.0,72519552,72519552,2026-08-14,2026-08-14 16:11:46+08:00
563000,中国A50ETF易方达,1.143,1.1436,0.05,-0.002,-0.17,102287.0,11672271.0,1.141,1.146,1.138,1.145,0.7,0.64,0.67,8.27,49228.0,53060.0,159499.0,1.37,-798700.0,-6.84,958199.0,8.21,-232074.0,-1.99,72575.0,0.62,-1151.0,1.143,1.144,1590951104.0,1818457112,1818457112,2026-08-14,2026-08-14 16:11:38+08:00
510010,180治理ETF交银,1.754,1.7479,-0.35,-0.003,-0.17,277.0,48481.0,1.757,1.757,1.745,1.757,0.68,0.02,1.09,14.59,8.0,269.0,8541.0,17.62,0.0,0.0,8541.0,17.62,0.0,0.0,-8542.0,-17.62,1.0,1.752,1.76,130524400.0,228939798,228939798,2026-08-14,2026-08-14 16:11:37+08:00
159602,中国A50ETF南方,1.103,1.1053,0.21,-0.002,-0.18,50203.0,5534481.1,1.102,1.107,1.098,1.105,0.81,1.23,0.88,-34.33,30195.0,20008.0,107319.0,1.94,-110.0,0.0,107429.0,1.94,120925.0,2.18,-228243.0,-4.12,-132.0,1.103,1.105,406542944.0,448416867,448416867,2026-08-14,2026-08-14 15:34:21+08:00
159328,家电ETF易方达,1.041,1.0433,0.22,-0.002,-0.19,45233.0,4702918.0,1.043,1.044,1.034,1.043,0.96,4.94,1.16,-10.65,19973.0,25260.0,474077.0,10.08,0.0,0.0,474077.0,10.08,-428078.0,-9.1,-45999.0,-0.98,-50.0,1.041,1.043,91556700.0,95310525,95310525,2026-08-14,2026-08-14 15:34:03+08:00
562070,沪深300指增ETF华宝,1.056,1.0581,0.2,-0.002,-0.19,23544.0,2487360.0,1.057,1.061,1.053,1.058,0.76,0.41,0.24,4.68,11193.0,12351.0,-594534.0,-23.9,0.0,0.0,-594534.0,-23.9,468646.0,18.84,125888.0,5.06,-2001.0,1.056,1.057,567542000.0,599324352,599324352,2026-08-14,2026-08-14 16:11:42+08:00
510370,沪深300ETF兴业,1.047,1.0482,0.11,-0.002,-0.19,17646.0,1846791.0,1.051,1.051,1.042,1.049,0.86,2.02,0.68,0.4,7415.0,10231.0,342566.0,18.55,0.0,0.0,342566.0,18.55,-364079.0,-19.71,21513.0,1.16,-3.0,1.045,1.048,87258100.0,91359231,91359231,2026-08-14,2026-08-14 16:11:50+08:00
159873,医疗设备ETF天弘,0.538,0.5371,-0.17,-0.001,-0.19,196197.0,10549637.2,0.539,0.546,0.534,0.539,2.23,4.11,0.72,30.77,84948.0,111249.0,-681513.0,-6.46,-318956.0,-3.02,-362557.0,-3.44,287761.0,2.73,393752.0,3.73,1572.0,0.537,0.538,477920000.0,257120960,257120960,2026-08-14,2026-08-14 15:34:39+08:00
516830,沪深300ESGETF富国,1.046,1.0478,0.17,-0.002,-0.19,41003.0,4287246.0,1.047,1.05,1.043,1.048,0.67,4.7,0.66,0.54,21236.0,19767.0,426646.0,9.95,0.0,0.0,426646.0,9.95,-438034.0,-10.22,11388.0,0.27,-5.0,1.046,1.049,87176900.0,91187037,91187037,2026-08-14,2026-08-14 16:11:53+08:00
159136,A50ETF广发,1.033,1.0341,0.11,-0.002,-0.19,1523.0,157212.4,1.038,1.038,1.027,1.035,1.06,0.14,0.18,-9.76,1200.0,323.0,-5993.0,-3.81,0.0,0.0,-5993.0,-3.81,22579.0,14.36,-16585.0,-10.55,30.0,1.033,1.036,110914074.0,114574238,114574238,2026-08-14,2026-08-14 15:34:09+08:00
159576,深证100ETF广发,1.591,1.5935,0.16,-0.003,-0.19,43010.0,6839291.7,1.58,1.595,1.58,1.594,0.94,11.47,1.08,18.65,24470.0,18540.0,140659.0,2.06,0.0,0.0,140659.0,2.06,-169487.0,-2.48,28829.0,0.42,1.0,1.586,1.591,37509612.0,59677793,59677793,2026-08-14,2026-08-14 15:34:06+08:00
561430,红利质量ETF博时,1.049,1.0526,0.34,-0.002,-0.19,29673.0,3115155.0,1.051,1.052,1.041,1.051,1.05,6.63,1.18,-17.53,14167.0,15506.0,46871.0,1.5,695436.0,22.32,-648565.0,-20.82,-24569.0,-0.79,-22303.0,-0.72,-1500.0,1.048,1.053,44723200.0,46914637,46914637,2026-08-14,2026-08-14 16:11:33+08:00
561490,红利质量ETF财通,1.021,1.0223,0.13,-0.002,-0.2,111375.0,11335971.0,1.018,1.033,1.013,1.023,1.96,9.98,0.8,-11.64,60388.0,50986.0,-116327.0,-1.03,1031992.0,9.1,-1148319.0,-10.13,74373.0,0.66,41955.0,0.37,900.0,1.02,1.022,111631300.0,113975557,113975557,2026-08-14,2026-08-14 16:11:51+08:00
159641,碳中和ETF招商,1.007,1.0067,-0.03,-0.002,-0.2,25855.0,2596371.7,1.005,1.007,1.001,1.009,0.59,2.98,1.2,-2.87,19669.0,6186.0,117369.0,4.52,402.0,0.02,116967.0,4.51,-84918.0,-3.27,-32451.0,-1.25,200.0,1.003,1.008,86719131.0,87326165,87326165,2026-08-14,2026-08-14 15:34:54+08:00
561200,中证A100ETF工银,1.496,1.4979,0.13,-0.003,-0.2,9287.0,1387274.0,1.5,1.5,1.489,1.499,0.73,2.95,1.15,-0.61,4065.0,5222.0,82446.0,5.94,0.0,0.0,82446.0,5.94,-97936.0,-7.06,15489.0,1.12,3.0,1.496,1.499,31470500.0,47079868,47079868,2026-08-14,2026-08-14 16:11:57+08:00
516530,物流ETF银华,0.99,0.9884,-0.16,-0.002,-0.2,4587.0,453891.0,1.003,1.003,0.987,0.992,1.61,2.58,0.77,9.66,2465.0,2122.0,12020.0,2.65,-13393.0,-2.95,25413.0,5.6,0.0,0.0,-12020.0,-2.65,2.0,0.99,0.991,17802300.0,17624277,17624277,2026-08-14,2026-08-14 16:11:40+08:00
560730,红利低波ETF国泰海通,1.017,1.0153,-0.17,-0.002,-0.2,23899.0,2432827.0,1.019,1.021,1.013,1.019,0.79,2.26,0.99,-3.62,14987.0,8912.0,111146.0,4.57,1075010.0,44.19,-963864.0,-39.62,-128939.0,-5.3,17793.0,0.73,-49.0,1.017,1.021,105836300.0,107635517,107635517,2026-08-14,2026-08-14 16:11:47+08:00
515590,500等权ETF前海开源,1.952,1.9541,0.11,-0.004,-0.2,5571.0,1085793.0,2.05,2.05,1.938,1.956,5.73,1.54,1.19,-2.53,1277.0,4294.0,-213385.0,-19.65,0.0,0.0,-213385.0,-19.65,195400.0,18.0,17986.0,1.66,-20.0,1.952,1.954,36113700.0,70493942,70493942,2026-08-14,2026-08-14 16:11:52+08:00
159085,价值ETF永赢,1.023,1.0237,0.07,-0.002,-0.2,19146.0,1958755.291,1.023,1.025,1.019,1.025,0.59,4.84,0.53,-6.93,7909.0,11237.0,-28743.0,-1.47,0.0,0.0,-28743.0,-1.47,20466.0,1.04,8276.0,0.42,400.0,1.022,1.024,39535454.0,40444769,40444769,2026-08-14,2026-08-14 15:34:03+08:00
560250,红利质量ETF富国,0.995,0.9965,0.15,-0.002,-0.2,9701.0,961957.0,0.991,0.997,0.987,0.997,1.0,0.61,0.07,15.6,2801.0,6900.0,190910.0,19.85,0.0,0.0,190910.0,19.85,-254647.0,-26.47,63737.0,6.63,-1.0,0.995,0.996,160333000.0,159531335,159531335,2026-08-14,2026-08-14 16:11:48+08:00
159118,港股通红利低波ETF华夏,0.948,0.9525,0.47,-0.002,-0.21,37934.0,3606174.55,0.954,0.954,0.945,0.95,0.95,5.37,0.95,-10.38,19458.0,18476.0,262277.0,7.27,0.0,0.0,262277.0,7.27,-204357.0,-5.67,-57920.0,-1.61,-1.0,0.948,0.952,70677020.0,67001815,67001815,2026-08-14,2026-08-14 15:34:33+08:00
563350,A50ETF华泰柏瑞,1.432,1.4311,-0.06,-0.003,-0.21,68144.0,9770206.0,1.436,1.438,1.426,1.435,0.84,3.87,0.76,-1.09,30574.0,37569.0,-10753.0,-0.11,3153958.0,32.28,-3164711.0,-32.39,-70796.0,-0.72,81548.0,0.83,-7.0,1.432,1.434,175997600.0,252028563,252028563,2026-08-14,2026-08-14 16:11:36+08:00
159619,基建ETF国泰,0.94,0.9402,0.02,-0.002,-0.21,19291.0,1809508.868,0.943,0.943,0.935,0.942,0.85,2.51,0.78,0.25,7592.0,11699.0,161713.0,8.94,-469.0,-0.03,162182.0,8.96,-159266.0,-8.8,-2447.0,-0.14,29.0,0.939,0.942,76981007.0,72362147,72362147,2026-08-14,2026-08-14 15:34:36+08:00
510800,上证50ETF建信,1.398,1.3972,-0.06,-0.003,-0.21,16380.0,2294904.0,1.399,1.407,1.393,1.401,1.0,0.93,0.81,-9.38,2524.0,13856.0,267663.0,11.66,0.0,0.0,267663.0,11.66,-382513.0,-16.67,114850.0,5.0,5.0,1.4,1.401,175576000.0,245455248,245455248,2026-08-14,2026-08-14 16:11:39+08:00
512550,富时A50ETF嘉实,1.839,1.8404,0.08,-0.004,-0.22,38132.0,7008838.0,1.849,1.849,1.833,1.843,0.87,3.44,0.85,-23.35,10859.0,27273.0,234442.0,3.34,0.0,0.0,234442.0,3.34,-433763.0,-6.19,199321.0,2.84,-54.0,1.84,1.843,110906000.0,203956134,203956134,2026-08-14,2026-08-14 16:11:33+08:00
159561,德国ETF嘉实,1.381,1.3708,-0.74,-0.003,-0.22,1120950.0,155433627.23,1.38,1.4,1.375,1.384,1.81,8.55,1.74,-5.61,585481.0,535469.0,-16113131.0,-10.37,-19900633.0,-12.8,3787502.0,2.44,5028133.0,3.23,11085000.0,7.13,-7196.0,1.381,1.382,1310499488.0,1809799793,1809799793,2026-08-14,2026-08-14 15:34:12+08:00
520750,港股通信息ETF华富,0.927,0.9257,-0.14,-0.002,-0.22,918066.0,85889906.0,0.938,0.95,0.922,0.929,3.01,68.32,2.56,-61.46,432453.0,485613.0,-2981127.0,-3.47,-4015193.0,-4.67,1034066.0,1.2,834935.0,0.97,2146192.0,2.5,-3488.0,0.927,0.928,134384000.0,124573968,124573968,2026-08-14,2026-08-14 16:11:36+08:00
159593,中证A50ETF平安,1.381,1.3828,0.13,-0.003,-0.22,320677.0,44234646.768,1.386,1.387,1.375,1.384,0.87,1.69,0.77,-59.34,178704.0,141973.0,115400.0,0.26,1608033.0,3.64,-1492633.0,-3.37,-923003.0,-2.09,807603.0,1.83,170.0,1.38,1.381,1893696048.0,2615194242,2615194242,2026-08-14,2026-08-14 15:34:24+08:00
515760,浙江国资ETF华夏,1.376,1.3746,-0.1,-0.003,-0.22,38331.0,5268164.0,1.375,1.381,1.369,1.379,0.87,4.02,1.18,8.2,15862.0,22469.0,107306.0,2.04,0.0,0.0,107306.0,2.04,-61950.0,-1.18,-45357.0,-0.86,-1.0,1.376,1.378,95388100.0,131254026,131254026,2026-08-14,2026-08-14 16:11:49+08:00
159595,中证A50ETF大成,1.386,1.3859,-0.01,-0.003,-0.22,667866.0,92539364.1,1.389,1.392,1.381,1.389,0.79,7.04,0.92,-91.37,345688.0,322178.0,-1911341.0,-2.07,187919.0,0.2,-2099260.0,-2.27,8958233.0,9.68,-7046892.0,-7.62,1.0,1.385,1.386,949113248.0,1315470962,1315470962,2026-08-14,2026-08-14 15:34:15+08:00
159627,A100ETF华夏,1.324,1.3263,0.17,-0.003,-0.23,33590.0,4450459.1,1.325,1.328,1.318,1.327,0.75,17.57,0.84,0.75,16156.0,17434.0,456867.0,10.27,0.0,0.0,456867.0,10.27,-457266.0,-10.27,399.0,0.01,-1000.0,1.325,1.329,19116776.0,25310611,25310611,2026-08-14,2026-08-14 15:34:18+08:00
561000,沪深300增强ETF华安,1.325,1.3249,-0.01,-0.003,-0.23,42327.0,5603082.0,1.327,1.332,1.318,1.328,1.05,8.07,0.98,0.6,23519.0,18808.0,-798420.0,-14.25,0.0,0.0,-798420.0,-14.25,646561.0,11.54,151859.0,2.71,659.0,1.325,1.328,52420000.0,69456500,69456500,2026-08-14,2026-08-14 16:11:38+08:00
515300,300红利低波ETF嘉实,1.285,1.283,-0.16,-0.003,-0.23,594559.0,76377034.0,1.285,1.289,1.281,1.288,0.62,1.72,0.76,5.46,223624.0,370935.0,677589.0,0.89,-3197662.0,-4.19,3875251.0,5.07,-3105.0,0.0,-674484.0,-0.88,-139.0,1.284,1.285,3454675200.0,4439257632,4439257632,2026-08-14,2026-08-14 16:11:59+08:00
515200,创新100ETF申万菱信,2.602,2.6078,0.22,-0.006,-0.23,4731.0,1231561.0,2.609,2.669,2.584,2.608,3.26,1.21,0.74,-21.17,3340.0,1391.0,-621788.0,-50.49,0.0,0.0,-621788.0,-50.49,564488.0,45.84,57301.0,4.65,-1.0,2.604,2.611,38943200.0,101330206,101330206,2026-08-14,2026-08-14 16:11:37+08:00
589410,科创人工智能ETF嘉实,0.867,0.8694,0.28,-0.002,-0.23,84978.0,7357375.0,0.873,0.88,0.857,0.869,2.65,1.57,1.05,0.32,33606.0,51372.0,-1383150.0,-18.8,-249515.0,-3.39,-1133635.0,-15.41,866587.0,11.78,516562.0,7.02,-1000.0,0.867,0.87,542565600.0,470404375,470404375,2026-08-14,2026-08-14 16:11:44+08:00
560790,软件ETF鹏华,0.867,0.8676,0.07,-0.002,-0.23,44058.0,3811896.0,0.868,0.883,0.854,0.869,3.34,1.96,0.77,-7.17,19411.0,24647.0,116208.0,3.05,0.0,0.0,116208.0,3.05,-348027.0,-9.13,231819.0,6.08,-277.0,0.867,0.869,224455900.0,194603265,194603265,2026-08-14,2026-08-14 16:11:54+08:00
510710,上证50ETF博时,4.315,4.3056,-0.22,-0.01,-0.23,3208.0,1379584.0,4.315,4.322,4.29,4.325,0.74,0.31,0.39,-32.1,1688.0,1520.0,184497.0,13.37,0.0,0.0,184497.0,13.37,-232936.0,-16.88,48439.0,3.51,-4.0,4.302,4.315,104918900.0,452725054,452725054,2026-08-14,2026-08-14 16:11:47+08:00
159528,国企改革ETF富国,1.257,1.2593,0.18,-0.003,-0.24,366.0,46039.8,1.257,1.263,1.253,1.26,0.79,0.5,0.15,0.27,20.0,346.0,10817.0,23.49,0.0,0.0,10817.0,23.49,1256.0,2.73,-12073.0,-26.22,10.0,1.254,1.265,7320773.0,9202212,9202212,2026-08-14,2026-08-14 15:34:42+08:00
512060,A100ETF天弘,1.229,1.2311,0.17,-0.003,-0.24,4503.0,552532.0,1.232,1.232,1.223,1.232,0.73,4.12,0.77,0.2,99.0,4404.0,13634.0,2.47,0.0,0.0,13634.0,2.47,-26407.0,-4.78,12773.0,2.31,-1068.0,1.227,1.233,10928000.0,13430512,13430512,2026-08-14,2026-08-14 16:11:48+08:00
159222,自由现金流ETF易方达,1.253,1.2537,0.06,-0.003,-0.24,849305.0,106345206.9,1.255,1.257,1.246,1.256,0.88,5.05,0.82,-25.42,317329.0,531976.0,21214634.0,19.95,12803633.0,12.04,8411001.0,7.91,-18449061.0,-17.35,-2765572.0,-2.6,382.0,1.252,1.253,1680370400.0,2105504111,2105504111,2026-08-14,2026-08-14 15:34:42+08:00
159550,互联网ETF东财,0.826,0.8283,0.28,-0.002,-0.24,52869.0,4345568.8,0.827,0.832,0.816,0.828,1.93,2.65,0.52,-75.19,24078.0,28791.0,-36409.0,-0.84,0.0,0.0,-36409.0,-0.84,-357523.0,-8.23,393932.0,9.07,479.0,0.825,0.826,199828785.0,165058576,165058576,2026-08-14,2026-08-14 15:34:42+08:00
159196,港股通信息技术ETF易方达,1.273,1.2742,0.09,-0.003,-0.24,3030890.0,387350746.796,1.288,1.299,1.262,1.276,2.9,136.2,1.12,-36.05,1500888.0,1530002.0,-5080460.0,-1.31,3198043.0,0.83,-8278503.0,-2.14,1983597.0,0.51,3096863.0,0.8,-3269.0,1.273,1.274,222530324.0,283281102,283281102,2026-08-14,2026-08-14 15:34:48+08:00
159621,ESGETF国泰,1.174,1.1747,0.06,-0.003,-0.25,39204.0,4604277.5,1.174,1.176,1.169,1.177,0.59,27.16,1.11,0.53,19575.0,19629.0,-65749.0,-1.43,0.0,0.0,-65749.0,-1.43,62574.0,1.36,3175.0,0.07,287.0,1.167,1.177,14434717.0,16946358,16946358,2026-08-14,2026-08-14 15:34:39+08:00
530580,上证180ETF南方,1.178,1.1778,-0.02,-0.003,-0.25,63628.0,7484854.0,1.178,1.181,1.172,1.181,0.76,11.54,0.56,0.13,26091.0,37537.0,-653798.0,-8.73,361616.0,4.83,-1015414.0,-13.57,692239.0,9.25,-38442.0,-0.51,1.0,1.176,1.179,55149000.0,64965522,64965522,2026-08-14,2026-08-14 16:11:53+08:00
159549,红利低波ETF天弘,1.182,1.1811,-0.08,-0.003,-0.25,35708.0,4217949.4,1.185,1.185,1.178,1.185,0.59,0.07,0.73,67.19,17706.0,18002.0,-599002.0,-14.2,-52376.0,-1.24,-546626.0,-12.96,212622.0,5.04,386381.0,9.16,21.0,1.181,1.182,4855523840.0,5739229179,5739229179,2026-08-14,2026-08-14 15:34:48+08:00
561750,A50ETF博时,1.185,1.1861,0.09,-0.003,-0.25,25247.0,2992264.0,1.185,1.187,1.181,1.188,0.51,4.01,1.47,1.82,12852.0,12395.0,-8514.0,-0.28,0.0,0.0,-8514.0,-0.28,0.0,0.0,8514.0,0.28,1598.0,1.183,1.188,62996000.0,74650260,74650260,2026-08-14,2026-08-14 16:11:53+08:00
159235,中证现金流ETF大成,1.221,1.2191,-0.16,-0.003,-0.25,525792.0,63987604.3,1.224,1.225,1.212,1.224,1.06,2.7,0.61,-2.68,309164.0,216628.0,-1097392.0,-1.72,1826608.0,2.85,-2924000.0,-4.57,830095.0,1.3,267296.0,0.42,17.0,1.218,1.221,1950729552.0,2381840783,2381840783,2026-08-14,2026-08-14 15:34:45+08:00
516230,光伏ETF招商,0.797,0.7979,0.11,-0.002,-0.25,91568.0,7273530.0,0.799,0.801,0.79,0.799,1.38,1.24,0.87,-13.31,48924.0,42644.0,173544.0,2.39,111082.0,1.53,62462.0,0.86,-143437.0,-1.97,-30106.0,-0.41,-60.0,0.797,0.799,736921008.0,587326043,587326043,2026-08-14,2026-08-14 16:11:42+08:00
530050,上证50ETF东财,1.185,1.1842,-0.07,-0.003,-0.25,38090.0,4514956.0,1.19,1.191,1.181,1.188,0.84,2.83,0.71,3.27,14601.0,23489.0,533457.0,11.82,0.0,0.0,533457.0,11.82,-735178.0,-16.28,201720.0,4.47,-29.0,1.185,1.186,134813000.0,159753405,159753405,2026-08-14,2026-08-14 16:11:43+08:00
512130,全指现金流ETF鹏华,1.168,1.1678,-0.02,-0.003,-0.26,6291.0,733324.0,1.179,1.179,1.16,1.171,1.62,4.22,1.91,8.35,1553.0,4738.0,60323.0,8.23,0.0,0.0,60323.0,8.23,-45006.0,-6.14,-15316.0,-2.09,-100.0,1.165,1.171,14895000.0,17397360,17397360,2026-08-14,2026-08-14 16:11:38+08:00
513590,港股通消费ETF鹏华,0.779,0.7797,0.09,-0.002,-0.26,13783.0,1077699.0,0.782,0.784,0.779,0.781,0.64,0.99,0.31,-15.04,5810.0,7973.0,-11249.0,-1.04,0.0,0.0,-11249.0,-1.04,89372.0,8.29,-78123.0,-7.25,-6.0,0.779,0.781,139518900.0,108685223,108685223,2026-08-14,2026-08-14 16:11:45+08:00
516910,物流ETF富国,1.149,1.1483,-0.06,-0.003,-0.26,88234.0,10149670.0,1.15,1.157,1.147,1.152,0.87,13.04,0.73,9.92,45809.0,42425.0,183226.0,1.81,-230.0,0.0,183456.0,1.81,-152340.0,-1.5,-30886.0,-0.3,-91.0,1.148,1.149,67641800.0,77720428,77720428,2026-08-14,2026-08-14 16:11:34+08:00
563180,高股息ETF银华,1.132,1.1319,-0.01,-0.003,-0.26,59408.0,6717030.0,1.132,1.134,1.125,1.135,0.79,5.64,1.04,13.86,27848.0,31560.0,705317.0,10.5,1279023.0,19.04,-573706.0,-8.54,-436306.0,-6.5,-269011.0,-4.0,-558.0,1.132,1.134,105420000.0,119335440,119335440,2026-08-14,2026-08-14 16:11:43+08:00
560230,光伏ETF富国,0.778,0.7785,0.06,-0.002,-0.26,34851.0,2706097.0,0.779,0.783,0.77,0.78,1.67,4.15,0.67,-2.06,19070.0,15781.0,296051.0,10.94,411609.0,15.21,-115558.0,-4.27,-278709.0,-10.3,-17343.0,-0.64,-40.0,0.778,0.779,83889000.0,65265642,65265642,2026-08-14,2026-08-14 16:12:01+08:00
159306,汽车零部件ETF平安,1.173,1.1726,-0.03,-0.003,-0.26,5191.0,606046.6,1.177,1.177,1.162,1.176,1.28,2.14,0.32,-5.85,1810.0,3381.0,107088.0,17.67,87991.0,14.52,19097.0,3.15,72975.0,12.04,-180063.0,-29.71,1.0,1.17,1.176,24244616.0,28438935,28438935,2026-08-14,2026-08-14 15:34:12+08:00
510180,上证180ETF华安,3.993,3.9919,-0.03,-0.011,-0.27,147379.0,58730435.0,4.004,4.004,3.969,4.004,0.87,0.33,0.96,5.61,61460.0,85919.0,-5384761.0,-9.17,4433104.0,7.55,-9817865.0,-16.72,2757579.0,4.7,2627183.0,4.47,-12.0,3.989,3.993,4417557760.0,17639308136,17639308136,2026-08-14,2026-08-14 16:11:56+08:00
560150,红利低波ETF泰康,1.104,1.1034,-0.05,-0.003,-0.27,48804.0,5394546.0,1.103,1.109,1.1,1.107,0.81,0.71,0.86,-0.31,23209.0,25595.0,306574.0,5.68,0.0,0.0,306574.0,5.68,-226388.0,-4.2,-80186.0,-1.49,-1.0,1.103,1.107,684279296.0,755444343,755444343,2026-08-14,2026-08-14 16:11:50+08:00
513080,法国ETF华安,1.818,1.8092,-0.49,-0.005,-0.27,327863.0,59679403.0,1.818,1.833,1.813,1.823,1.1,5.07,1.24,-3.67,166537.0,161326.0,2534718.0,4.25,-1340403.0,-2.25,3875121.0,6.49,2783903.0,4.66,-5318620.0,-8.91,-3053.0,1.818,1.819,646916000.0,1176093288,1176093288,2026-08-14,2026-08-14 16:11:51+08:00
517010,沪港深500ETF易方达,1.126,1.1296,0.32,-0.003,-0.27,61297.0,6906209.0,1.123,1.14,1.12,1.129,1.77,7.55,1.32,-0.47,38511.0,22786.0,877483.0,12.71,2481023.0,35.92,-1603540.0,-23.22,-860968.0,-12.47,-16513.0,-0.24,-13.0,1.128,1.129,81144200.0,91368369,91368369,2026-08-14,2026-08-14 16:11:59+08:00
526050,港股通信息技术ETF招商,1.106,1.1056,-0.04,-0.003,-0.27,669385.0,74347612.0,1.117,1.129,1.098,1.109,2.8,110.4,1.14,-17.75,336341.0,333044.0,1017618.0,1.37,242509.0,0.33,775109.0,1.04,-2051093.0,-2.76,1033474.0,1.39,-759.0,1.106,1.107,60630000.0,67056780,67056780,2026-08-14,2026-08-14 16:11:33+08:00
512410,银行ETF广发,1.069,1.0647,-0.4,-0.003,-0.28,109008.0,11648778.0,1.072,1.074,1.063,1.072,1.03,18.09,0.76,6.56,56294.0,52714.0,-317523.0,-2.73,0.0,0.0,-317523.0,-2.73,133484.0,1.15,184039.0,1.58,-789.0,1.066,1.069,60271700.0,64430447,64430447,2026-08-14,2026-08-14 16:12:02+08:00
159888,智能汽车ETF华夏,1.05,1.0517,0.16,-0.003,-0.28,154192.0,16164435.3,1.052,1.061,1.042,1.053,1.8,21.58,0.97,-49.47,80339.0,73853.0,1102268.0,6.82,0.0,0.0,1102268.0,6.82,-864203.0,-5.35,-238065.0,-1.47,-133.0,1.05,1.052,71446068.0,75018371,75018371,2026-08-14,2026-08-14 15:34:48+08:00
562580,可选消费ETF华夏,1.079,1.074,-0.47,-0.003,-0.28,44663.0,4800712.0,1.094,1.095,1.071,1.082,2.22,11.39,1.08,16.48,22706.0,21957.0,509244.0,10.61,342498.0,7.13,166746.0,3.47,-723545.0,-15.07,214299.0,4.46,-2101.0,1.079,1.083,39223300.0,42321941,42321941,2026-08-14,2026-08-14 16:11:34+08:00
515770,MSCI中国A股ETF摩根,1.42,1.4236,0.25,-0.004,-0.28,16504.0,2339954.0,1.424,1.424,1.416,1.424,0.56,4.15,1.29,0.07,6621.0,9883.0,130380.0,5.57,0.0,0.0,130380.0,5.57,-79804.0,-3.41,-50576.0,-2.16,2000.0,1.419,1.423,39727300.0,56412766,56412766,2026-08-14,2026-08-14 16:11:44+08:00
159717,ESGETF鹏华,1.06,1.0615,0.14,-0.003,-0.28,9292.0,983035.3,1.061,1.062,1.057,1.063,0.47,4.06,34.72,0.97,4272.0,5020.0,83200.0,8.46,0.0,0.0,83200.0,8.46,-74060.0,-7.53,-9140.0,-0.93,37.0,1.058,1.063,22873183.0,24245574,24245574,2026-08-14,2026-08-14 15:34:30+08:00
512360,MSCIA股ETF平安,1.807,1.8103,0.18,-0.005,-0.28,615.0,110731.0,1.848,1.848,1.767,1.812,4.47,0.22,1.16,11.79,57.0,558.0,22126.0,19.98,0.0,0.0,22126.0,19.98,23677.0,21.38,-45803.0,-41.36,-1.0,1.807,1.81,27337700.0,49399224,49399224,2026-08-14,2026-08-14 16:11:35+08:00
515480,红利低波100ETF南方,1.06,1.0581,-0.18,-0.003,-0.28,38270.0,4051997.0,1.058,1.061,1.056,1.063,0.47,13.5,0.9,9.03,16778.0,21492.0,76546.0,1.89,0.0,0.0,76546.0,1.89,-93012.0,-2.3,16465.0,0.41,10.0,1.057,1.061,28340700.0,30041142,30041142,2026-08-14,2026-08-14 16:11:43+08:00
563080,中证A50ETF易方达,1.397,1.3951,-0.14,-0.004,-0.29,253544.0,35367759.0,1.401,1.402,1.391,1.401,0.79,2.27,0.91,4.19,132347.0,121197.0,-1512908.0,-4.28,1777079.0,5.02,-3289987.0,-9.3,1312384.0,3.71,200524.0,0.57,-1.0,1.395,1.397,1114588400.0,1557079995,1557079995,2026-08-14,2026-08-14 16:11:47+08:00
516950,基建ETF银华,1.037,1.0365,-0.05,-0.003,-0.29,52206.0,5397964.0,1.04,1.04,1.03,1.04,0.96,4.75,0.89,4.22,27610.0,24596.0,-112570.0,-2.09,-7681.0,-0.14,-104889.0,-1.94,231960.0,4.3,-119391.0,-2.21,-16.0,1.037,1.039,109821000.0,113884377,113884377,2026-08-14,2026-08-14 16:11:55+08:00
562860,疫苗ETF嘉实,0.678,0.6785,0.07,-0.002,-0.29,160349.0,10873765.0,0.679,0.69,0.671,0.68,2.79,5.0,0.8,-0.75,67922.0,92427.0,15958.0,0.15,16463.0,0.15,-505.0,0.0,-149519.0,-1.38,133562.0,1.23,-48.0,0.678,0.679,320895008.0,217566815,217566815,2026-08-14,2026-08-14 16:11:57+08:00
563700,红利价值ETF易方达,1.034,1.0334,-0.06,-0.003,-0.29,71060.0,7349461.0,1.037,1.038,1.03,1.037,0.77,1.82,0.93,6.74,38493.0,32567.0,198718.0,2.7,86959.0,1.18,111759.0,1.52,-262983.0,-3.58,64265.0,0.87,-4.0,1.034,1.036,391150000.0,404449100,404449100,2026-08-14,2026-08-14 16:11:38+08:00
159592,A50ETF银华,1.366,1.3662,0.01,-0.004,-0.29,167815.0,22903718.136,1.368,1.372,1.361,1.37,0.8,2.76,1.12,22.87,84655.0,83160.0,582883.0,2.54,2609954.0,11.4,-2027071.0,-8.85,-757768.0,-3.31,174884.0,0.76,9389.0,1.364,1.368,608310464.0,830952094,830952094,2026-08-14,2026-08-14 15:34:12+08:00
515840,食品ETF南方,1.034,1.0327,-0.13,-0.003,-0.29,47800.0,4937125.0,1.029,1.034,1.026,1.037,0.77,11.54,0.63,0.41,27241.0,20559.0,61127.0,1.24,0.0,0.0,61127.0,1.24,-53280.0,-1.08,-7847.0,-0.16,284.0,1.034,1.036,41426400.0,42834898,42834898,2026-08-14,2026-08-14 16:11:33+08:00
159355,800红利低波ETF华宝,1.033,1.0336,0.06,-0.003,-0.29,2088.0,215503.7,1.035,1.035,1.031,1.036,0.39,0.24,0.09,-5.6,781.0,1307.0,-6789.0,-3.15,28765.0,13.35,-35554.0,-16.5,31247.0,14.5,-24458.0,-11.35,1.0,1.031,1.035,87234277.0,90113008,90113008,2026-08-14,2026-08-14 15:34:27+08:00
561680,A500红利低波ETF平安,0.987,0.9864,-0.06,-0.003,-0.3,6216.0,613805.0,0.996,0.996,0.985,0.99,1.11,1.02,1.32,13.72,2169.0,4047.0,68791.0,11.21,0.0,0.0,68791.0,11.21,-89531.0,-14.59,20740.0,3.38,1.0,0.986,0.987,61169000.0,60373803,60373803,2026-08-14,2026-08-14 16:12:01+08:00
510390,沪深300ETF平安,5.344,5.3517,0.14,-0.016,-0.3,40999.0,21903927.0,5.36,5.36,5.32,5.36,0.75,2.93,5.77,-33.68,11209.0,29790.0,14806074.0,67.6,14962299.0,68.31,-156225.0,-0.71,-14397216.0,-65.73,-408858.0,-1.87,-669.0,5.354,5.356,140150000.0,748961600,748961600,2026-08-14,2026-08-14 16:11:55+08:00
561230,中证A50ETF工银,1.35,1.3494,-0.04,-0.004,-0.3,97559.0,13178577.0,1.354,1.356,1.345,1.354,0.81,2.12,0.73,-11.22,46847.0,50712.0,-1242487.0,-9.43,3262456.0,24.76,-4504943.0,-34.18,662265.0,5.03,580222.0,4.4,-25.0,1.35,1.352,460477808.0,621645041,621645041,2026-08-14,2026-08-14 16:11:55+08:00
510950,上证50ETF广发,0.995,0.9929,-0.21,-0.003,-0.3,182378.0,18102924.0,0.998,0.999,0.99,0.998,0.9,13.86,1.13,4.28,83934.0,98444.0,-335132.0,-1.85,0.0,0.0,-335132.0,-1.85,114362.0,0.63,220770.0,1.22,-2510.0,0.995,0.996,131620800.0,130962696,130962696,2026-08-14,2026-08-14 16:11:49+08:00
159083,红利低波100ETF嘉实,0.992,0.9938,0.18,-0.003,-0.3,114671.0,11389564.942,0.995,0.996,0.991,0.995,0.5,4.21,0.53,37.87,34551.0,80120.0,1492574.0,13.1,4002260.0,35.14,-2509686.0,-22.03,-1535857.0,-13.48,43283.0,0.38,-1530.0,0.992,0.994,272370480.0,270191516,270191516,2026-08-14,2026-08-14 15:34:18+08:00
563690,红利低波ETF永赢,0.996,0.9959,-0.01,-0.003,-0.3,23265.0,2321612.0,0.999,1.001,0.994,0.999,0.7,6.67,1.72,8.98,11355.0,11910.0,44591.0,1.92,0.0,0.0,44591.0,1.92,-75504.0,-3.25,30913.0,1.33,-40.0,0.996,0.999,34882000.0,34742472,34742472,2026-08-14,2026-08-14 16:11:55+08:00
517300,沪港深300ETF国寿,0.954,0.9566,0.27,-0.003,-0.31,8207.0,782553.0,0.969,0.969,0.951,0.957,1.88,0.08,0.94,-40.91,7789.0,418.0,-54978.0,-7.03,-168247.0,-21.5,113269.0,14.47,-19000.0,-2.43,73978.0,9.45,-5234.0,0.953,0.954,1005434496.0,959184509,959184509,2026-08-14,2026-08-14 16:11:55+08:00
563960,300质量ETF兴全,0.965,0.9639,-0.11,-0.003,-0.31,15189.0,1464108.0,0.968,0.968,0.962,0.968,0.62,0.4,0.98,0.43,5772.0,9417.0,167179.0,11.42,0.0,0.0,167179.0,11.42,-169033.0,-11.55,1854.0,0.13,18.0,0.963,0.967,382512000.0,369124080,369124080,2026-08-14,2026-08-14 16:12:00+08:00
517160,长江保护ETF南方,0.968,0.9721,0.42,-0.003,-0.31,1135.0,110423.0,0.971,0.993,0.965,0.971,2.88,0.01,0.84,9.43,146.0,989.0,-67834.0,-61.43,0.0,0.0,-67834.0,-61.43,79965.0,72.42,-12131.0,-10.99,-1.0,0.97,0.971,1828777504.0,1770256624,1770256624,2026-08-14,2026-08-14 16:11:50+08:00
561450,红利低波50ETF华泰柏瑞,0.958,0.957,-0.1,-0.003,-0.31,24906.0,2387176.0,0.961,0.961,0.956,0.961,0.52,2.7,0.49,10.76,11559.0,13347.0,-222804.0,-9.33,0.0,0.0,-222804.0,-9.33,74010.0,3.1,148795.0,6.23,230.0,0.958,0.959,92124300.0,88255079,88255079,2026-08-14,2026-08-14 16:11:53+08:00
517660,物联网ETF天弘,1.298,1.3028,0.37,-0.004,-0.31,16089.0,2093388.0,1.308,1.308,1.291,1.302,1.31,3.92,0.93,0.27,6744.0,9345.0,-10063.0,-0.48,0.0,0.0,-10063.0,-0.48,0.0,0.0,10062.0,0.48,-2000.0,1.298,1.302,41080700.0,53322749,53322749,2026-08-14,2026-08-14 16:11:50+08:00
560720,红利低波100ETF工银,0.98,0.9793,-0.07,-0.003,-0.31,31584.0,3099578.0,0.979,0.984,0.978,0.983,0.61,3.05,0.65,9.59,18876.0,12708.0,170221.0,5.49,0.0,0.0,170221.0,5.49,-183161.0,-5.91,12940.0,0.42,-10.0,0.979,0.98,103548000.0,101477040,101477040,2026-08-14,2026-08-14 16:11:34+08:00
560550,碳中和ETF广发,0.974,0.9754,0.14,-0.003,-0.31,3259.0,317353.0,0.983,0.983,0.971,0.977,1.23,0.26,0.99,7.06,543.0,2716.0,27612.0,8.7,19362.0,6.1,8250.0,2.6,-16718.0,-5.27,-10895.0,-3.43,-1000.0,0.974,0.976,123597400.0,120383868,120383868,2026-08-14,2026-08-14 16:11:53+08:00
561260,能源ETF工银,1.245,1.2461,0.09,-0.004,-0.32,37661.0,4683783.0,1.255,1.255,1.237,1.249,1.44,14.21,1.19,1.67,20532.0,17129.0,424902.0,9.07,0.0,0.0,424902.0,9.07,-405776.0,-8.66,-19126.0,-0.41,-32.0,1.245,1.248,26495200.0,32986524,32986524,2026-08-14,2026-08-14 16:11:58+08:00
159188,红利100ETF景顺,0.931,0.9326,0.17,-0.003,-0.32,3751.0,348499.8,0.931,0.934,0.927,0.934,0.75,0.55,0.73,63.72,2006.0,1745.0,147446.0,42.31,123847.0,35.54,23599.0,6.77,-159224.0,-45.69,11777.0,3.38,-191.0,0.931,0.934,67601882.0,62937352,62937352,2026-08-14,2026-08-14 15:34:48+08:00
560160,食品ETF易方达,0.931,0.9294,-0.17,-0.003,-0.32,49190.0,4567791.0,0.934,0.934,0.924,0.934,1.07,4.25,0.85,16.07,17794.0,31396.0,225894.0,4.95,577838.0,12.65,-351944.0,-7.7,-208381.0,-4.56,-17513.0,-0.38,-620.0,0.931,0.932,115706000.0,107722286,107722286,2026-08-14,2026-08-14 16:11:41+08:00
561120,家电ETF富国,1.255,1.256,0.08,-0.004,-0.32,68496.0,8584501.0,1.259,1.259,1.25,1.259,0.71,24.32,1.0,11.97,33184.0,35312.0,120070.0,1.4,0.0,0.0,120070.0,1.4,-160950.0,-1.87,40880.0,0.48,-13.0,1.255,1.258,28159900.0,35340675,35340675,2026-08-14,2026-08-14 16:11:42+08:00
530080,上证180ETF天弘,1.241,1.2432,0.18,-0.004,-0.32,47643.0,5911088.0,1.247,1.247,1.235,1.245,0.96,16.48,0.8,0.81,26958.0,20685.0,-196611.0,-3.33,-922625.0,-15.61,726014.0,12.28,179970.0,3.04,16641.0,0.28,-1612.0,1.241,1.242,28917000.0,35885997,35885997,2026-08-14,2026-08-14 16:12:02+08:00
159510,沪深300价值ETF华夏,1.256,1.2561,0.01,-0.004,-0.32,28437.0,3571927.2,1.26,1.261,1.253,1.26,0.63,4.11,0.94,-31.26,14256.0,14181.0,-144068.0,-4.03,0.0,0.0,-144068.0,-4.03,213155.0,5.97,-69087.0,-1.93,-18.0,1.256,1.26,69128342.0,86825198,86825198,2026-08-14,2026-08-14 15:34:45+08:00
520710,港股通信息技术ETF广发,0.934,0.934,0.0,-0.003,-0.32,761922.0,71523111.0,0.95,0.954,0.927,0.937,2.88,68.62,1.46,0.41,370924.0,390998.0,-1989554.0,-2.78,1597669.0,2.23,-3587223.0,-5.02,1676074.0,2.34,313481.0,0.44,-2432.0,0.933,0.934,111029000.0,103701086,103701086,2026-08-14,2026-08-14 16:11:43+08:00
516960,机械ETF国泰,0.911,0.9109,-0.01,-0.003,-0.33,1069.0,97290.0,0.916,0.916,0.905,0.914,1.2,0.67,0.29,-2.68,218.0,851.0,55517.0,57.06,33063.0,33.98,22454.0,23.08,-37733.0,-38.78,-17784.0,-18.28,23.0,0.911,0.913,16051100.0,14622552,14622552,2026-08-14,2026-08-14 16:11:42+08:00
159795,智能汽车ETF汇添富,0.894,0.8959,0.21,-0.003,-0.33,14390.0,1289260.7,0.897,0.903,0.889,0.897,1.56,5.11,0.72,10.19,7387.0,7003.0,-299609.0,-23.24,0.0,0.0,-299609.0,-23.24,205205.0,15.92,94404.0,7.32,-54.0,0.894,0.896,28169473.0,25183509,25183509,2026-08-14,2026-08-14 15:34:45+08:00
159889,智能汽车ETF国泰,0.906,0.9077,0.19,-0.003,-0.33,8142.0,738591.6,0.909,0.916,0.9,0.909,1.76,2.87,0.93,-4.71,3957.0,4185.0,-5406.0,-0.73,24076.0,3.26,-29482.0,-3.99,-9090.0,-1.23,14495.0,1.96,-33.0,0.906,0.91,28400796.0,25731121,25731121,2026-08-14,2026-08-14 15:34:51+08:00
159232,自由现金流ETF南方,1.192,1.1928,0.07,-0.004,-0.33,1475965.0,175709994.7,1.195,1.199,1.186,1.196,1.09,6.97,1.02,-67.74,672320.0,803645.0,11918265.0,6.78,20801163.0,11.84,-8882898.0,-5.06,-7842614.0,-4.46,-4075651.0,-2.32,-138.0,1.192,1.193,2116948560.0,2523402684,2523402684,2026-08-14,2026-08-14 15:34:18+08:00
159229,自由现金流ETF广发,1.198,1.2,0.17,-0.004,-0.33,35661.0,4266102.3,1.201,1.202,1.192,1.202,0.83,2.41,0.61,-3.62,11187.0,24474.0,-26998.0,-0.63,0.0,0.0,-26998.0,-0.63,43472.0,1.02,-16475.0,-0.39,-17.0,1.198,1.199,148056022.0,177371114,177371114,2026-08-14,2026-08-14 15:34:03+08:00
159653,ESG300ETF国联安,1.205,1.2061,0.09,-0.004,-0.33,45.0,5417.1,1.203,1.205,1.201,1.209,0.33,0.01,0.08,-53.49,40.0,5.0,4335.0,80.02,0.0,0.0,4335.0,80.02,0.0,0.0,-4335.0,-80.02,1.0,1.198,1.207,52972068.0,63831342,63831342,2026-08-14,2026-08-14 15:34:03+08:00
517200,互联网ETF嘉实,0.607,0.6065,-0.08,-0.002,-0.33,41906.0,2527028.0,0.61,0.61,0.597,0.609,2.13,3.0,1.96,7.08,14924.0,26982.0,276926.0,10.96,852724.0,33.74,-575798.0,-22.79,-344808.0,-13.64,67881.0,2.69,700.0,0.606,0.607,139782000.0,84847674,84847674,2026-08-14,2026-08-14 16:11:52+08:00
588040,科创50ETF鹏华,1.745,1.746,0.06,-0.006,-0.34,87716.0,15278880.0,1.765,1.766,1.718,1.751,2.74,7.08,0.65,-25.98,32310.0,55406.0,-34589.0,-0.23,0.0,0.0,-34589.0,-0.23,-1030123.0,-6.74,1064713.0,6.97,-145.0,1.745,1.746,123889000.0,216186305,216186305,2026-08-14,2026-08-14 16:11:44+08:00
561870,现金流全指ETF华富,1.174,1.1725,-0.13,-0.004,-0.34,14602.0,1715842.0,1.174,1.18,1.17,1.178,0.85,1.49,0.43,0.46,9272.0,5330.0,23708.0,1.38,0.0,0.0,23708.0,1.38,-25699.0,-1.5,1991.0,0.12,101.0,1.173,1.178,97765000.0,114776110,114776110,2026-08-14,2026-08-14 16:11:58+08:00
561080,全指现金流ETF华安,1.186,1.1847,-0.11,-0.004,-0.34,9490.0,1127334.0,1.202,1.202,1.18,1.19,1.85,3.91,0.55,-11.13,6311.0,3179.0,-29133.0,-2.58,0.0,0.0,-29133.0,-2.58,51848.0,4.6,-22715.0,-2.01,831.0,1.183,1.185,24250000.0,28760500,28760500,2026-08-14,2026-08-14 16:11:41+08:00
563760,全指现金流ETF中银,1.167,1.1662,-0.07,-0.004,-0.34,719843.0,84053874.0,1.172,1.173,1.162,1.171,0.94,9.81,0.96,-0.5,353290.0,366553.0,-977063.0,-1.16,-769940.0,-0.92,-207123.0,-0.25,939498.0,1.12,37564.0,0.04,2000.0,1.165,1.168,733913200.0,856476704,856476704,2026-08-14,2026-08-14 16:11:43+08:00
159071,新能源电池ETF华宝,0.864,0.8657,0.2,-0.003,-0.35,98900.0,8543401.024,0.849,0.875,0.849,0.867,3.0,8.25,0.97,-28.09,46337.0,52563.0,-154927.0,-1.81,0.0,0.0,-154927.0,-1.81,-27019.0,-0.32,181946.0,2.13,-52.0,0.864,0.866,119911738.0,103603742,103603742,2026-08-14,2026-08-14 15:34:48+08:00
159223,现金流ETF永赢,1.127,1.1311,0.36,-0.004,-0.35,56239.0,6346340.3,1.126,1.131,1.125,1.131,0.53,3.09,0.82,-98.76,29916.0,26323.0,-109894.0,-1.73,0.0,0.0,-109894.0,-1.73,119921.0,1.89,-10028.0,-0.16,-5.0,1.127,1.131,181844755.0,204939039,204939039,2026-08-14,2026-08-14 15:34:15+08:00
159185,港股通信息技术ETF鹏华,1.133,1.1368,0.33,-0.004,-0.35,1878525.0,213467008.229,1.143,1.155,1.124,1.137,2.73,83.45,1.01,-10.81,943982.0,934543.0,-2030242.0,-0.95,2545391.0,1.19,-4575633.0,-2.14,1662181.0,0.78,368060.0,0.17,-1828.0,1.133,1.135,225099035.0,255037207,255037207,2026-08-14,2026-08-14 15:34:36+08:00
159166,现金流ETF长城,0.85,0.8532,0.38,-0.003,-0.35,12542.0,1067410.7,0.849,0.853,0.849,0.853,0.47,0.22,0.83,2.69,5879.0,6663.0,-264796.0,-24.81,215496.0,20.19,-480292.0,-45.0,117017.0,10.96,147779.0,13.84,-4.0,0.85,0.855,573816064.0,487743654,487743654,2026-08-14,2026-08-14 15:34:15+08:00
159210,港股通汽车ETF汇添富,0.844,0.8442,0.02,-0.003,-0.35,188428.0,15941832.6,0.848,0.85,0.841,0.847,1.06,54.54,1.05,-46.5,99271.0,89157.0,-94293.0,-0.59,-171332.0,-1.07,77039.0,0.48,21362.0,0.13,72931.0,0.46,-403.0,0.844,0.845,34549802.0,29160033,29160033,2026-08-14,2026-08-14 15:34:54+08:00
563580,自由现金流800ETF万家,1.115,1.1161,0.1,-0.004,-0.36,58083.0,6461744.0,1.13,1.13,1.108,1.119,1.97,2.34,1.17,0.69,27271.0,30812.0,378835.0,5.86,372217.0,5.76,6618.0,0.1,-271647.0,-4.2,-107189.0,-1.66,-16.0,1.115,1.118,248648000.0,277242520,277242520,2026-08-14,2026-08-14 16:11:46+08:00
520620,恒生消费ETF嘉实,0.827,0.8278,0.1,-0.003,-0.36,4921.0,406870.0,0.828,0.829,0.825,0.83,0.48,0.16,0.16,20.3,351.0,4570.0,101413.0,24.93,0.0,0.0,101413.0,24.93,-76911.0,-18.9,-24503.0,-6.02,-20.0,0.826,0.827,306409008.0,253400250,253400250,2026-08-14,2026-08-14 16:11:34+08:00
159150,深证50ETF易方达,1.66,1.6596,-0.02,-0.006,-0.36,41993.0,6961218.5,1.666,1.696,1.647,1.666,2.94,4.56,0.62,-9.21,18111.0,23882.0,-472440.0,-6.79,5620.0,0.08,-478060.0,-6.87,381263.0,5.48,91177.0,1.31,70.0,1.659,1.66,91997623.0,152716054,152716054,2026-08-14,2026-08-14 15:34:21+08:00
530000,上证50ETF天弘,1.385,1.3843,-0.05,-0.005,-0.36,49411.0,6850428.0,1.392,1.393,1.379,1.39,1.01,0.5,0.51,2.39,15459.0,33952.0,-776772.0,-11.34,-1282041.0,-18.71,505269.0,7.38,603209.0,8.81,173562.0,2.53,-1.0,1.383,1.385,979029408.0,1355955730,1355955730,2026-08-14,2026-08-14 16:11:34+08:00
515450,红利低波50ETF南方,1.395,1.3922,-0.2,-0.005,-0.36,786581.0,109782996.0,1.398,1.399,1.391,1.4,0.57,0.56,0.59,43.6,405982.0,380599.0,-9880540.0,-9.0,-14356027.0,-13.08,4475487.0,4.08,1729266.0,1.58,8151273.0,7.42,-1402.0,1.395,1.396,14056835072.0,19609284925,19609284925,2026-08-14,2026-08-14 16:11:59+08:00
513970,恒生消费ETF景顺,0.831,0.8332,0.26,-0.003,-0.36,210568.0,17553268.0,0.831,0.836,0.831,0.834,0.6,1.43,0.46,-14.14,95513.0,115055.0,-539224.0,-3.07,117560.0,0.67,-656784.0,-3.74,-744437.0,-4.24,1283660.0,7.31,-7275.0,0.83,0.831,1470041008.0,1221604078,1221604078,2026-08-14,2026-08-14 16:11:47+08:00
159193,新能源电池ETF银华,0.824,0.8263,0.28,-0.003,-0.36,86297.0,7134560.606,0.826,0.837,0.819,0.827,2.18,3.85,0.77,-7.98,32386.0,53911.0,740383.0,10.38,897465.0,12.58,-157082.0,-2.2,-746035.0,-10.46,5652.0,0.08,-19.0,0.824,0.825,224080335.0,184642196,184642196,2026-08-14,2026-08-14 15:34:45+08:00
159965,央视50ETF国联,1.637,1.6377,0.04,-0.006,-0.37,1133.0,185594.1,1.642,1.65,1.631,1.643,1.16,0.51,0.63,-56.01,665.0,468.0,-45606.0,-24.57,0.0,0.0,-45606.0,-24.57,-49656.0,-26.76,95263.0,51.33,48.0,1.637,1.644,22426953.0,36712922,36712922,2026-08-14,2026-08-14 15:34:51+08:00
516790,医疗ETF华泰柏瑞,0.528,0.5286,0.11,-0.002,-0.38,47655.0,2520547.0,0.528,0.538,0.525,0.53,2.45,2.52,0.49,-1.76,19432.0,28223.0,29110.0,1.15,0.0,0.0,29110.0,1.15,-42073.0,-1.67,12963.0,0.51,-300.0,0.528,0.529,189182200.0,99888202,99888202,2026-08-14,2026-08-14 16:11:59+08:00
159180,软件ETF银华,1.048,1.0537,0.54,-0.004,-0.38,71890.0,7524278.4,1.052,1.062,1.034,1.052,2.66,19.88,1.64,50.59,26074.0,45816.0,-1230635.0,-16.36,-1688896.0,-22.45,458261.0,6.09,1140591.0,15.16,90044.0,1.2,-3028.0,1.048,1.05,36155926.0,37891410,37891410,2026-08-14,2026-08-14 15:34:57+08:00
560670,银行ETF华泰柏瑞,1.036,1.0335,-0.24,-0.004,-0.38,129208.0,13391306.0,1.033,1.042,1.031,1.04,1.06,25.86,0.88,-1.91,58566.0,70642.0,671107.0,5.01,63839.0,0.48,607268.0,4.53,-899414.0,-6.72,228306.0,1.7,-4641.0,1.036,1.037,49974000.0,51773064,51773064,2026-08-14,2026-08-14 16:11:46+08:00
513240,港股通信息技术ETF华安,1.053,1.0526,-0.04,-0.004,-0.38,1389316.0,146667231.0,1.064,1.074,1.044,1.057,2.84,108.97,1.09,-7.87,681755.0,707561.0,692487.0,0.47,-4287701.0,-2.92,4980188.0,3.4,-2269607.0,-1.55,1577120.0,1.08,-5408.0,1.053,1.054,127496000.0,134253288,134253288,2026-08-14,2026-08-14 16:11:44+08:00
159323,港股通汽车ETF华夏,1.059,1.0592,0.02,-0.004,-0.38,1068588.0,113415420.4,1.066,1.069,1.055,1.063,1.32,110.05,1.04,-1.79,547698.0,520890.0,1722496.0,1.52,-2428243.0,-2.14,4150739.0,3.66,-2028740.0,-1.79,306246.0,0.27,-1494.0,1.059,1.06,97097378.0,102826123,102826123,2026-08-14,2026-08-14 15:34:09+08:00
562600,医疗器械ETF华夏,0.791,0.7905,-0.06,-0.003,-0.38,338522.0,26887582.0,0.797,0.805,0.786,0.794,2.39,6.87,0.87,9.43,107840.0,230682.0,355435.0,1.32,-3590029.0,-13.35,3945464.0,14.67,-523857.0,-1.95,168423.0,0.63,-1161.0,0.791,0.792,492937408.0,389913490,389913490,2026-08-14,2026-08-14 16:11:59+08:00
560380,A100ETF南方,1.282,1.2839,0.15,-0.005,-0.39,74398.0,9531743.0,1.281,1.285,1.275,1.287,0.78,5.14,1.2,0.28,48739.0,25659.0,-157595.0,-1.65,0.0,0.0,-157595.0,-1.65,134509.0,1.41,23086.0,0.24,-2500.0,1.282,1.286,144861000.0,185711802,185711802,2026-08-14,2026-08-14 16:11:56+08:00
517100,沪港深500ETF富国,1.019,1.021,0.2,-0.004,-0.39,3098.0,315182.0,1.017,1.037,1.015,1.023,2.15,0.21,0.64,0.3,853.0,2245.0,-197889.0,-62.79,0.0,0.0,-197889.0,-62.79,168000.0,53.3,29890.0,9.48,3.0,1.02,1.022,148102100.0,150916040,150916040,2026-08-14,2026-08-14 16:11:41+08:00
520600,港股通汽车ETF广发,1.028,1.0297,0.17,-0.004,-0.39,899279.0,92691445.0,1.036,1.037,1.024,1.032,1.26,31.02,0.6,-13.5,427608.0,471671.0,1053274.0,1.14,607308.0,0.66,445966.0,0.48,-1642980.0,-1.77,589706.0,0.64,-5072.0,1.027,1.028,289868000.0,297984304,297984304,2026-08-14,2026-08-14 16:11:48+08:00
159777,创科技ETF国联安,1.275,1.2765,0.12,-0.005,-0.39,13123.0,1667265.6,1.287,1.287,1.259,1.28,2.19,4.64,0.35,65.86,3166.0,9957.0,-118141.0,-7.09,0.0,0.0,-118141.0,-7.09,90961.0,5.46,27181.0,1.63,5.0,1.276,1.28,28280565.0,36057720,36057720,2026-08-14,2026-08-14 15:34:57+08:00
560280,工程机械ETF广发,1.54,1.5378,-0.14,-0.006,-0.39,729511.0,112035469.0,1.553,1.553,1.527,1.546,1.68,4.17,0.6,-44.94,344116.0,385395.0,5740352.0,5.12,-3564446.0,-3.18,9304798.0,8.31,-2996261.0,-2.67,-2744091.0,-2.45,-1359.0,1.54,1.541,1749252000.0,2693848080,2693848080,2026-08-14,2026-08-14 16:11:51+08:00
515150,一带一路ETF富国,1.536,1.5383,0.15,-0.006,-0.39,9194.0,1413109.0,1.531,1.539,1.529,1.542,0.65,0.23,0.61,13.6,4931.0,4263.0,-13179.0,-0.93,71163.0,5.04,-84342.0,-5.97,103608.0,7.33,-90430.0,-6.4,-195.0,1.536,1.539,397703200.0,610872115,610872115,2026-08-14,2026-08-14 16:11:51+08:00
159198,港股通信息技术ETF富国,1.277,1.2802,0.25,-0.005,-0.39,1553948.0,199237685.5,1.288,1.302,1.266,1.282,2.81,140.83,1.23,-40.33,759672.0,794276.0,-2554418.0,-1.28,3175279.0,1.59,-5729697.0,-2.88,-681760.0,-0.34,3236177.0,1.62,2928.0,1.276,1.277,110344347.0,140909731,140909731,2026-08-14,2026-08-14 15:34:03+08:00
562530,中证1000价值ETF华夏,1.261,1.2587,-0.18,-0.005,-0.39,99163.0,12537909.0,1.266,1.391,1.255,1.266,10.74,5.22,1.5,12.09,28960.0,70203.0,-3373.0,-0.03,2416959.0,19.28,-2420332.0,-19.3,-48639.0,-0.39,52011.0,0.41,200.0,1.26,1.263,190144000.0,239771584,239771584,2026-08-14,2026-08-14 16:11:58+08:00
520720,港股汽车ETF国泰,0.758,0.7583,0.04,-0.003,-0.39,157500.0,11970946.0,0.765,0.765,0.755,0.761,1.31,12.61,0.82,3.67,74383.0,83117.0,94685.0,0.79,-405894.0,-3.39,500579.0,4.18,-43008.0,-0.36,-51678.0,-0.43,-190.0,0.758,0.759,124942000.0,94706036,94706036,2026-08-14,2026-08-14 16:11:56+08:00
530300,上证180ETF华泰柏瑞,1.245,1.2471,0.17,-0.005,-0.4,9725.0,1211694.0,1.254,1.254,1.239,1.25,1.2,2.89,0.39,8.97,3631.0,6094.0,553166.0,45.65,0.0,0.0,553166.0,45.65,-207916.0,-17.16,-345250.0,-28.49,-224.0,1.245,1.249,33643000.0,41885535,41885535,2026-08-14,2026-08-14 16:11:58+08:00
159186,港股通汽车ETF鹏华,0.751,0.7511,0.01,-0.003,-0.4,6709.0,505174.1,0.754,0.756,0.75,0.754,0.8,0.79,0.31,8.42,3867.0,2842.0,-126690.0,-25.08,0.0,0.0,-126690.0,-25.08,133983.0,26.52,-7292.0,-1.44,-210.0,0.751,0.752,84869245.0,63736803,63736803,2026-08-14,2026-08-14 15:34:42+08:00
159176,家电ETF华宝,0.99,0.991,0.1,-0.004,-0.4,92367.0,9147222.2,0.994,0.994,0.987,0.994,0.7,43.36,1.02,-3.98,48957.0,43410.0,-1576026.0,-17.23,-1482000.0,-16.2,-94026.0,-1.03,1377295.0,15.06,198732.0,2.17,-181.0,0.987,0.992,21303341.0,21090308,21090308,2026-08-14,2026-08-14 15:34:36+08:00
159117,港股通红利低波ETF鹏华,0.994,0.9992,0.52,-0.004,-0.4,25049.0,2498655.795,0.998,0.999,0.99,0.998,0.9,4.08,0.86,-6.85,13943.0,11106.0,-476302.0,-19.06,0.0,0.0,-476302.0,-19.06,390260.0,15.62,86042.0,3.44,-1.0,0.994,0.999,61401153.0,61032746,61032746,2026-08-14,2026-08-14 15:34:57+08:00
512390,中国低波ETF平安,1.23,1.235,0.4,-0.005,-0.4,175.0,21592.0,1.232,1.234,1.23,1.235,0.32,0.11,0.11,8.12,85.0,90.0,-18635.0,-86.31,0.0,0.0,-18635.0,-86.31,0.0,0.0,18635.0,86.31,-2.0,1.233,1.234,15682000.0,19288860,19288860,2026-08-14,2026-08-14 16:11:58+08:00
159098,价值ETF招商,0.99,0.99,0.0,-0.004,-0.4,512328.0,50649637.585,0.99,0.992,0.986,0.994,0.6,21.36,,-22.57,160633.0,351695.0,3002583.0,5.93,11289545.0,22.29,-8286962.0,-16.36,-3215511.0,-6.35,212927.0,0.42,-300.0,0.99,0.991,239891589.0,237492673,237492673,2026-08-14,2026-08-14 15:34:45+08:00
159079,价值ETF兴全,0.989,0.9901,0.11,-0.004,-0.4,49698.0,4919495.98,0.991,0.999,0.987,0.993,1.21,4.05,0.64,-11.06,20565.0,29133.0,-330057.0,-6.71,693300.0,14.09,-1023357.0,-20.8,132848.0,2.7,197209.0,4.01,-8.0,0.989,0.99,122806830.0,121455955,121455955,2026-08-14,2026-08-14 15:34:39+08:00
512420,工程机械ETF华安,0.984,0.9848,0.08,-0.004,-0.4,79851.0,7832370.0,0.988,0.988,0.978,0.988,1.01,8.3,0.24,-0.43,39770.0,40081.0,-84700.0,-1.08,202281.0,2.58,-286981.0,-3.66,-100390.0,-1.28,185090.0,2.36,-2100.0,0.983,0.987,96238900.0,94699078,94699078,2026-08-14,2026-08-14 16:11:55+08:00
159042,价值ETF汇添富,0.988,0.9889,0.09,-0.004,-0.4,24455.0,2417162.314,0.988,0.998,0.986,0.992,1.21,2.25,0.87,6.48,8157.0,16298.0,136625.0,5.65,0.0,0.0,136625.0,5.65,-224795.0,-9.3,88170.0,3.65,15.0,0.987,0.991,108801105.0,107495492,107495492,2026-08-14,2026-08-14 15:34:36+08:00
517170,沪港深500ETF华夏,1.007,1.0095,0.25,-0.004,-0.4,4568.0,459497.0,1.007,1.008,1.005,1.011,0.3,2.83,1.17,0.65,4554.0,14.0,-6847.0,-1.49,0.0,0.0,-6847.0,-1.49,0.0,0.0,6847.0,1.49,1.0,1.008,1.01,16131800.0,16244723,16244723,2026-08-14,2026-08-14 16:11:52+08:00
159635,基建ETF华夏,0.998,0.9979,-0.01,-0.004,-0.4,250340.0,24908754.8,1.002,1.002,0.992,1.002,1.0,19.13,1.08,-27.64,123965.0,126375.0,141959.0,0.57,-558357.0,-2.24,700316.0,2.81,-299936.0,-1.2,157978.0,0.63,-3.0,0.998,0.999,130846980.0,130585286,130585286,2026-08-14,2026-08-14 15:34:39+08:00
159296,A500红利低波ETF华宝,0.998,0.999,0.1,-0.004,-0.4,28245.0,2823090.1,0.998,1.002,0.997,1.002,0.5,6.13,1.07,39.56,18026.0,10219.0,403201.0,14.28,0.0,0.0,403201.0,14.28,-415899.0,-14.73,12698.0,0.45,-100.0,0.998,1.002,46042941.0,45950855,45950855,2026-08-14,2026-08-14 15:34:00+08:00
517900,银行AH优选ETF招商,1.493,1.4932,0.01,-0.006,-0.4,154371.0,23132786.0,1.5,1.502,1.49,1.499,0.8,3.89,0.51,14.23,77969.0,76402.0,-356001.0,-1.54,-415934.0,-1.8,59933.0,0.26,412479.0,1.78,-56479.0,-0.24,-3.0,1.494,1.496,396993504.0,592711301,592711301,2026-08-14,2026-08-14 16:11:38+08:00
510100,上证50ETF易方达,2.977,2.974,-0.1,-0.012,-0.4,1013986.0,301930249.0,2.992,2.992,2.964,2.989,0.94,10.26,1.05,-4.83,361741.0,652245.0,-12166929.0,-4.03,1739954.0,0.58,-13906883.0,-4.61,7396086.0,2.45,4770843.0,1.58,-378.0,2.975,2.977,988706800.0,2943380144,2943380144,2026-08-14,2026-08-14 16:11:35+08:00
530800,上证180ETF银华,1.212,1.2137,0.14,-0.005,-0.41,14130.0,1708699.0,1.213,1.214,1.206,1.217,0.66,7.76,1.41,7.72,6350.0,7780.0,251006.0,14.69,0.0,0.0,251006.0,14.69,-255721.0,-14.97,4716.0,0.28,-1000.0,1.212,1.216,18201800.0,22060582,22060582,2026-08-14,2026-08-14 16:11:49+08:00
516460,现金流ETF800鹏华,1.219,1.2194,0.03,-0.005,-0.41,54977.0,6693232.0,1.229,1.229,1.212,1.224,1.39,1.26,1.2,0.62,23030.0,31947.0,171405.0,2.56,305121.0,4.56,-133716.0,-2.0,-208659.0,-3.12,37252.0,0.56,50.0,1.221,1.223,434693008.0,529890777,529890777,2026-08-14,2026-08-14 16:11:58+08:00
563780,现金流全指ETF方正富邦,1.21,1.211,0.08,-0.005,-0.41,24327.0,2941824.0,1.222,1.222,1.204,1.215,1.48,0.95,0.34,-5.53,13169.0,11158.0,86718.0,2.95,0.0,0.0,86718.0,2.95,-162945.0,-5.54,76227.0,2.59,-25.0,1.208,1.215,256027100.0,309792791,309792791,2026-08-14,2026-08-14 16:11:38+08:00
563390,全指现金流ETF华泰柏瑞,1.213,1.2132,0.02,-0.005,-0.41,271205.0,32884290.0,1.217,1.22,1.207,1.218,1.07,1.36,0.62,1.28,130695.0,140510.0,-2535060.0,-7.71,1713678.0,5.21,-4248738.0,-12.92,2547908.0,7.75,-12847.0,-0.04,-26.0,1.213,1.216,1997844000.0,2423384772,2423384772,2026-08-14,2026-08-14 16:11:43+08:00
563590,A500红利低波动ETF国寿,0.973,0.9727,-0.03,-0.004,-0.41,1239.0,120674.0,0.973,0.979,0.973,0.977,0.61,0.2,1.64,29.22,8.0,1231.0,10031.0,8.31,0.0,0.0,10031.0,8.31,0.0,0.0,-10031.0,-8.31,-24.0,0.973,0.975,62944400.0,61244901,61244901,2026-08-14,2026-08-14 16:11:38+08:00
159790,碳中和ETF华夏,0.722,0.7223,0.04,-0.003,-0.41,361024.0,26104964.9,0.724,0.73,0.719,0.725,1.52,2.27,0.72,-44.09,140173.0,220851.0,12629559.0,48.38,14102233.0,54.02,-1472674.0,-5.64,-5802711.0,-22.23,-6826848.0,-26.15,-80.0,0.722,0.723,1592528480.0,1149805563,1149805563,2026-08-14,2026-08-14 15:34:42+08:00
562700,汽车零部件ETF华夏,1.225,1.2264,0.11,-0.005,-0.41,152694.0,18682575.0,1.23,1.232,1.214,1.23,1.46,15.01,1.14,10.26,77655.0,75039.0,687955.0,3.68,-10706.0,-0.06,698661.0,3.74,-1029764.0,-5.51,341809.0,1.83,-21.0,1.224,1.225,101750000.0,124643750,124643750,2026-08-14,2026-08-14 16:11:39+08:00
510020,超大盘ETF博时,3.92,3.9226,0.07,-0.016,-0.41,14244.0,5579535.0,3.939,3.949,3.904,3.936,1.14,3.97,1.4,-30.39,8257.0,5987.0,-898516.0,-16.1,-1321164.0,-23.68,422648.0,7.57,478257.0,8.57,420259.0,7.53,10.0,3.92,3.922,35848000.0,140524160,140524160,2026-08-14,2026-08-14 16:11:43+08:00
159021,大盘价值ETF华夏,0.982,0.9828,0.08,-0.004,-0.41,36157.0,3552187.849,0.993,1.01,0.981,0.986,2.94,3.69,2.32,67.35,12767.0,23390.0,489377.0,13.78,0.0,0.0,489377.0,13.78,-504320.0,-14.2,14944.0,0.42,10.0,0.981,0.991,97907712.0,96145373,96145373,2026-08-14,2026-08-14 15:34:36+08:00
589720,科创创新药ETF国泰,0.98,0.9777,-0.24,-0.004,-0.41,13793894.0,1347960719.0,0.979,0.997,0.959,0.984,3.86,30.81,0.98,52.64,7045840.0,6748053.0,-109804608.0,-8.15,-70491872.0,-5.23,-39312736.0,-2.92,59311906.0,4.4,50492713.0,3.75,-164051.0,0.98,0.981,4476823040.0,4387286579,4387286579,2026-08-14,2026-08-14 16:11:36+08:00
159233,自由现金流ETF平安,1.19,1.1906,0.05,-0.005,-0.42,233594.0,27761061.0,1.193,1.196,1.184,1.195,1.0,3.62,0.8,33.87,127944.0,105650.0,1762107.0,6.35,68164.0,0.25,1693943.0,6.1,-140145.0,-0.5,-1621962.0,-5.84,50.0,1.188,1.193,645623424.0,768291875,768291875,2026-08-14,2026-08-14 15:34:21+08:00
512750,基本面50ETF嘉实,1.421,1.4182,-0.2,-0.006,-0.42,13018.0,1850266.0,1.427,1.428,1.418,1.427,0.7,2.8,0.53,7.01,7374.0,5644.0,-75522.0,-4.08,0.0,0.0,-75522.0,-4.08,9940.0,0.54,65582.0,3.54,3.0,1.421,1.422,46554900.0,66154513,66154513,2026-08-14,2026-08-14 16:11:58+08:00
515640,家电ETF华夏,0.955,0.9564,0.15,-0.004,-0.42,549.0,52494.0,0.96,0.96,0.952,0.959,0.83,0.32,0.21,10.33,109.0,440.0,16264.0,30.98,0.0,0.0,16264.0,30.98,0.0,0.0,-16264.0,-30.98,-9.0,0.955,0.956,17050000.0,16282750,16282750,2026-08-14,2026-08-14 16:12:01+08:00
510060,央企ETF工银,2.594,2.6007,0.26,-0.011,-0.42,57.0,14823.0,2.603,2.605,2.594,2.605,0.42,0.02,0.07,9.17,26.0,31.0,-794.0,-5.36,0.0,0.0,-794.0,-5.36,0.0,0.0,794.0,5.36,-1.0,2.594,2.603,34959200.0,90684165,90684165,2026-08-14,2026-08-14 16:11:34+08:00
159065,工程机械ETF景顺,0.94,0.9417,0.18,-0.004,-0.42,9618.0,903006.323,0.941,0.942,0.934,0.944,0.85,0.86,0.61,-5.62,2298.0,7320.0,-94041.0,-10.41,0.0,0.0,-94041.0,-10.41,110357.0,12.22,-16317.0,-1.81,-50.0,0.94,0.944,112350818.0,105609769,105609769,2026-08-14,2026-08-14 15:34:06+08:00
560420,食品ETF前海开源,0.938,0.9366,-0.15,-0.004,-0.42,7243.0,677794.0,0.94,0.945,0.931,0.942,1.49,0.52,0.4,18.43,3318.0,3925.0,7142.0,1.05,0.0,0.0,7142.0,1.05,39446.0,5.82,-46588.0,-6.87,16.0,0.935,0.941,138780200.0,130175828,130175828,2026-08-14,2026-08-14 16:11:35+08:00
159886,机械ETF富国,0.938,0.9381,0.01,-0.004,-0.42,36564.0,3423323.7,0.943,0.947,0.932,0.942,1.59,5.59,0.94,11.8,22717.0,13847.0,162388.0,4.74,118288.0,3.46,44100.0,1.29,-157240.0,-4.59,-5147.0,-0.15,2.0,0.937,0.938,65442555.0,61385117,61385117,2026-08-14,2026-08-14 15:34:42+08:00
560320,食品ETF富国,0.938,0.9371,-0.1,-0.004,-0.42,28209.0,2637213.0,0.938,0.939,0.932,0.942,0.74,2.18,0.57,-0.48,8515.0,19694.0,293287.0,11.12,466500.0,17.69,-173213.0,-6.57,-290357.0,-11.01,-2931.0,-0.11,150.0,0.938,0.939,129332000.0,121313416,121313416,2026-08-14,2026-08-14 16:11:53+08:00
513360,教育ETF博时,0.467,0.4684,0.3,-0.002,-0.43,1885748.0,87512834.0,0.467,0.468,0.46,0.469,1.71,28.91,1.15,10.06,978318.0,907430.0,486384.0,0.56,-2450879.0,-2.8,2937263.0,3.36,-761337.0,-0.87,274953.0,0.31,-5446.0,0.466,0.467,652213904.0,304583893,304583893,2026-08-14,2026-08-14 16:11:44+08:00
512240,A50ETF鹏华,1.169,1.1731,0.35,-0.005,-0.43,20215.0,2370061.0,1.173,1.175,1.168,1.174,0.6,10.01,1.12,4.7,7637.0,12578.0,542234.0,22.88,0.0,0.0,542234.0,22.88,-389490.0,-16.43,-152744.0,-6.44,-10.0,1.169,1.172,20186000.0,23597434,23597434,2026-08-14,2026-08-14 16:11:53+08:00
560130,食品ETF鹏华,0.922,0.9219,-0.01,-0.004,-0.43,2229.0,204715.0,0.923,0.923,0.917,0.926,0.65,0.32,0.63,14.26,644.0,1585.0,-91754.0,-44.82,0.0,0.0,-91754.0,-44.82,88995.0,43.47,2759.0,1.35,1.0,0.921,0.922,69776200.0,64333656,64333656,2026-08-14,2026-08-14 16:11:53+08:00
159182,家电ETF南方,0.928,0.928,0.0,-0.004,-0.43,259.0,23966.7,0.926,0.929,0.922,0.932,0.75,0.07,0.08,0.0,65.0,194.0,-9716.0,-40.54,0.0,0.0,-9716.0,-40.54,0.0,0.0,9715.0,40.54,3.0,0.922,0.928,36485663.0,33858695,33858695,2026-08-14,2026-08-14 15:34:03+08:00
510040,上证180ETF鹏华,1.17,1.1721,0.18,-0.005,-0.43,2508.0,293249.0,1.175,1.175,1.166,1.175,0.77,0.82,0.09,0.27,845.0,1663.0,46067.0,15.71,0.0,0.0,46067.0,15.71,30294.0,10.33,-76361.0,-26.04,30.0,1.169,1.174,30480000.0,35661600,35661600,2026-08-14,2026-08-14 16:11:59+08:00
159883,医疗器械ETF永赢,0.448,0.4478,-0.04,-0.002,-0.44,2382634.0,107043792.8,0.449,0.456,0.445,0.45,2.44,2.59,1.11,58.59,1066803.0,1315831.0,1514732.0,1.42,5657984.0,5.29,-4143252.0,-3.87,-2104924.0,-1.97,590191.0,0.55,9549.0,0.447,0.448,9188037888.0,4116240974,4116240974,2026-08-14,2026-08-14 15:34:21+08:00
512030,中证A50增强ETF易方达,1.137,1.1391,0.18,-0.005,-0.44,31899.0,3628854.0,1.142,1.142,1.135,1.142,0.61,6.9,0.72,-0.85,20607.0,11292.0,75856.0,2.09,0.0,0.0,75856.0,2.09,-42436.0,-1.17,-33420.0,-0.92,-70.0,1.137,1.14,46240000.0,52574880,52574880,2026-08-14,2026-08-14 16:11:52+08:00
510090,责任ETF建信,2.497,2.5036,0.26,-0.011,-0.44,1992.0,498141.0,2.5,2.505,2.497,2.508,0.32,0.78,0.36,14.43,1061.0,931.0,-90392.0,-18.15,0.0,0.0,-90392.0,-18.15,44088.0,8.85,46304.0,9.3,-1.0,2.5,2.505,25581100.0,63876007,63876007,2026-08-14,2026-08-14 16:11:52+08:00
516610,医疗设备ETF大成,0.439,0.4383,-0.16,-0.002,-0.45,101586.0,4469463.0,0.439,0.447,0.436,0.441,2.49,4.11,0.69,15.66,37802.0,63784.0,-59338.0,-1.33,809341.0,18.11,-868679.0,-19.44,-59943.0,-1.34,119280.0,2.67,-347.0,0.438,0.439,246974800.0,108421937,108421937,2026-08-14,2026-08-14 16:11:43+08:00
159596,A50ETF华宝,0.66,0.6615,0.23,-0.003,-0.45,305526.0,20183668.1,0.663,0.664,0.659,0.663,0.75,5.89,1.24,14.55,185314.0,120212.0,-3005216.0,-14.89,-837014.0,-4.15,-2168202.0,-10.74,2992031.0,14.82,13184.0,0.07,-147.0,0.66,0.662,518683040.0,342330806,342330806,2026-08-14,2026-08-14 15:34:18+08:00
588250,科创医药ETF鹏华,1.101,1.0991,-0.17,-0.005,-0.45,113823.0,12538039.0,1.105,1.12,1.084,1.106,3.25,3.9,0.73,-2.28,43252.0,70571.0,2913058.0,23.23,1675705.0,13.36,1237353.0,9.87,-2144071.0,-17.1,-768987.0,-6.13,-105.0,1.101,1.102,291675008.0,321134184,321134184,2026-08-14,2026-08-14 16:12:00+08:00
510190,上证50ETF华安,4.316,4.3233,0.17,-0.02,-0.46,579.0,249702.0,4.336,4.341,4.3,4.336,0.95,0.24,0.58,10.45,404.0,175.0,38419.0,15.39,0.0,0.0,38419.0,15.39,-99353.0,-39.79,60935.0,24.4,-50.0,4.312,4.316,23650800.0,102076853,102076853,2026-08-14,2026-08-14 16:11:57+08:00
562320,沪深300价值ETF银华,1.308,1.3081,0.01,-0.006,-0.46,25019.0,3274119.0,1.312,1.313,1.306,1.314,0.53,4.08,0.54,0.16,8118.0,16901.0,68708.0,2.1,0.0,0.0,68708.0,2.1,-81806.0,-2.5,13098.0,0.4,1.0,1.307,1.312,61295500.0,80174514,80174514,2026-08-14,2026-08-14 16:11:53+08:00
561880,A100ETF华富,1.3,1.3011,0.08,-0.006,-0.46,21938.0,2851393.0,1.306,1.306,1.294,1.306,0.92,2.73,1.82,-0.09,4656.0,17282.0,-101246.0,-3.55,1039800.0,36.47,-1141046.0,-40.02,116521.0,4.09,-15275.0,-0.54,-3000.0,1.3,1.304,80389000.0,104505700,104505700,2026-08-14,2026-08-14 16:11:35+08:00
159390,中证A50ETF国联,1.258,1.2612,0.25,-0.006,-0.47,44766.0,5635071.6,1.264,1.265,1.255,1.264,0.79,3.88,0.63,12.58,20379.0,24387.0,-152650.0,-2.71,0.0,0.0,-152650.0,-2.71,83973.0,1.49,68677.0,1.22,-520.0,1.258,1.263,115268771.0,145008114,145008114,2026-08-14,2026-08-14 15:34:54+08:00
159905,红利ETF工银,1.694,1.6949,0.05,-0.008,-0.47,299125.0,50690735.2,1.702,1.705,1.688,1.702,1.0,2.87,0.91,-83.05,202671.0,96454.0,16712190.0,32.97,1192027.0,2.35,15520163.0,30.62,-7706466.0,-15.2,-9005725.0,-17.77,-345.0,1.694,1.695,1040443952.0,1762512055,1762512055,2026-08-14,2026-08-14 15:34:06+08:00
520870,巴西ETF易方达,1.051,1.0351,-1.54,-0.005,-0.47,329164.0,34604125.0,1.054,1.054,1.049,1.056,0.47,6.51,0.72,-59.55,107809.0,221355.0,-5476855.0,-15.83,-1504434.0,-4.35,-3972421.0,-11.48,2115165.0,6.11,3361690.0,9.71,-9162.0,1.051,1.052,505477200.0,531256537,531256537,2026-08-14,2026-08-14 16:11:46+08:00
520780,港股通汽车ETF华宝,0.835,0.8328,-0.26,-0.004,-0.48,152280.0,12713220.0,0.839,0.839,0.83,0.839,1.07,38.59,1.1,-7.26,77251.0,75029.0,101190.0,0.8,440793.0,3.47,-339603.0,-2.67,-100996.0,-0.79,-195.0,0.0,-1.0,0.834,0.835,39460000.0,32949100,32949100,2026-08-14,2026-08-14 16:11:35+08:00
159056,医疗器械ETF富国,1.036,1.0375,0.14,-0.005,-0.48,132101.0,13709762.32,1.039,1.055,1.032,1.041,2.21,15.02,0.63,50.06,61688.0,70413.0,-1760041.0,-12.84,-505749.0,-3.69,-1254292.0,-9.15,1772826.0,12.93,-12786.0,-0.09,-100.0,1.035,1.036,87934358.0,91099995,91099995,2026-08-14,2026-08-14 15:34:42+08:00
562330,中证500价值ETF银华,1.242,1.2406,-0.11,-0.006,-0.48,15425.0,1915319.0,1.246,1.246,1.234,1.248,0.96,14.0,0.71,41.33,6080.0,9345.0,-213926.0,-11.17,0.0,0.0,-213926.0,-11.17,137804.0,7.19,76122.0,3.97,-2000.0,1.241,1.245,11018900.0,13685474,13685474,2026-08-14,2026-08-14 16:11:52+08:00
159091,港股通金融ETF易方达,1.025,1.0258,0.08,-0.005,-0.49,16879.0,1734594.082,1.033,1.033,1.024,1.03,0.87,4.91,0.28,39.76,5957.0,10921.0,234937.0,13.54,0.0,0.0,234937.0,13.54,-178538.0,-10.29,-56399.0,-3.25,42.0,1.024,1.025,34374196.0,35233551,35233551,2026-08-14,2026-08-14 15:34:21+08:00
510600,上证50ETF申万菱信,3.877,3.8765,-0.01,-0.019,-0.49,4354.0,1685322.0,3.898,3.898,3.864,3.896,0.87,3.2,2.74,1.78,4190.0,164.0,-7345.0,-0.44,0.0,0.0,-7345.0,-0.44,155240.0,9.21,-147894.0,-8.78,-1.0,3.885,3.886,13615100.0,52785743,52785743,2026-08-14,2026-08-14 16:11:58+08:00
561020,食品ETF招商,1.018,1.0189,0.09,-0.005,-0.49,21643.0,2202494.0,1.022,1.022,1.01,1.023,1.17,4.81,0.23,-10.29,12707.0,8936.0,340979.0,15.48,700886.0,31.82,-359907.0,-16.34,-239984.0,-10.9,-100995.0,-4.59,-10.0,1.018,1.019,45022200.0,45832600,45832600,2026-08-14,2026-08-14 16:11:45+08:00
526000,港股通信息技术ETF华夏,1.228,1.2231,-0.4,-0.006,-0.49,4908376.0,603885783.0,1.244,1.252,1.217,1.234,2.84,277.09,1.11,-1.31,2393822.0,2514554.0,4255139.0,0.7,5851427.0,0.97,-1596288.0,-0.26,-8527710.0,-1.41,4272573.0,0.71,-8620.0,1.227,1.228,177142000.0,217530376,217530376,2026-08-14,2026-08-14 16:11:48+08:00
561810,医疗器械ETF华泰柏瑞,1.021,1.0216,0.06,-0.005,-0.49,60578.0,6204427.0,1.021,1.039,1.016,1.026,2.24,6.33,0.17,-5.17,28965.0,31613.0,332536.0,5.36,-61224.0,-0.99,393760.0,6.35,-518638.0,-8.36,186102.0,3.0,20.0,1.02,1.024,95638400.0,97646806,97646806,2026-08-14,2026-08-14 16:11:49+08:00
512250,A50ETF招商,1.229,1.2334,0.36,-0.006,-0.49,792.0,97502.0,1.235,1.235,1.229,1.235,0.49,0.06,0.13,9.26,,792.0,8876.0,9.1,0.0,0.0,8876.0,9.1,0.0,0.0,-8876.0,-9.1,-54.0,1.232,1.233,122600100.0,150675523,150675523,2026-08-14,2026-08-14 16:11:46+08:00
159307,红利低波100ETF博时,1.023,1.0222,-0.08,-0.005,-0.49,748422.0,76564481.7,1.025,1.027,1.02,1.028,0.68,1.06,0.95,53.38,390664.0,357758.0,-4589758.0,-5.99,-9650108.0,-12.6,5060350.0,6.61,2890580.0,3.78,1699178.0,2.22,8479.0,1.022,1.023,7059903488.0,7222281268,7222281268,2026-08-14,2026-08-14 15:34:39+08:00
159057,医疗器械ETF鹏华,1.025,1.0277,0.26,-0.005,-0.49,22671.0,2340461.583,1.026,1.045,1.022,1.03,2.23,4.75,0.29,-73.04,14892.0,7778.0,-752462.0,-32.15,0.0,0.0,-752462.0,-32.15,371114.0,15.86,381348.0,16.29,73.0,1.022,1.025,47715334.0,48908217,48908217,2026-08-14,2026-08-14 15:34:33+08:00
159913,深价值ETF交银,2.455,2.4446,-0.43,-0.012,-0.49,318.0,77933.8,2.465,2.475,2.433,2.467,1.7,0.14,0.2,-9.13,109.0,209.0,0.0,0.0,0.0,0.0,0.0,0.0,-972.0,-1.25,971.0,1.25,-4.0,2.444,2.462,22329693.0,54819396,54819396,2026-08-14,2026-08-14 15:34:30+08:00
560330,沪深300价值ETF申万菱信,1.213,1.2097,-0.27,-0.006,-0.49,1685.0,204116.0,1.215,1.215,1.21,1.219,0.41,0.98,0.41,8.66,1150.0,535.0,52880.0,25.91,0.0,0.0,52880.0,25.91,-70214.0,-34.4,17333.0,8.49,5.0,1.209,1.213,17130000.0,20778690,20778690,2026-08-14,2026-08-14 16:11:36+08:00
562060,标普A股红利ETF华宝,0.609,0.6073,-0.28,-0.003,-0.49,565370.0,34361025.0,0.612,0.613,0.606,0.612,1.14,1.1,0.75,4.07,299985.0,265385.0,-895.0,0.0,922904.0,2.69,-923799.0,-2.69,-363866.0,-1.06,364761.0,1.06,-361.0,0.608,0.609,5160792576.0,3142922679,3142922679,2026-08-14,2026-08-14 16:11:38+08:00
563510,A500红利低波ETF易方达,0.995,0.993,-0.2,-0.005,-0.5,167012.0,16604387.0,0.998,0.998,0.993,1.0,0.5,5.23,2.13,25.08,27530.0,139482.0,-979335.0,-5.9,-1961104.0,-11.81,981769.0,5.91,419057.0,2.52,560277.0,3.37,-31.0,0.994,0.995,319537008.0,317939323,317939323,2026-08-14,2026-08-14 16:11:52+08:00
159236,自由现金流ETF工银,1.195,1.1972,0.18,-0.006,-0.5,24737.0,2960066.1,1.201,1.202,1.19,1.201,1.0,5.93,0.89,-68.64,11677.0,13060.0,83535.0,2.82,0.0,0.0,83535.0,2.82,-99558.0,-3.36,16024.0,0.54,-100.0,1.195,1.2,41722161.0,49857982,49857982,2026-08-14,2026-08-14 15:34:21+08:00
159336,央企红利ETF融通,1.188,1.1885,0.04,-0.006,-0.5,57149.0,6762894.7,1.191,1.191,1.181,1.194,0.84,1.81,0.89,-62.52,8282.0,48867.0,255637.0,3.78,2278341.0,33.69,-2022704.0,-29.91,-287029.0,-4.24,31392.0,0.46,200.0,1.185,1.188,314905088.0,374107245,374107245,2026-08-14,2026-08-14 15:34:24+08:00
560570,A500红利ETF国联安,0.995,0.9939,-0.11,-0.005,-0.5,136821.0,13621360.0,1.0,1.0,0.994,1.0,0.6,1.16,0.4,7.61,53559.0,83262.0,-347307.0,-2.55,-61406.0,-0.45,-285901.0,-2.1,401306.0,2.95,-54000.0,-0.4,-200.0,0.994,0.995,1183541200.0,1177623494,1177623494,2026-08-14,2026-08-14 16:11:35+08:00
510680,上证50ETF万家,3.188,3.1908,0.09,-0.016,-0.5,15750.0,5030458.0,3.208,3.208,3.179,3.204,0.91,7.9,1.19,-49.8,8947.0,6803.0,-96503.0,-1.92,-984419.0,-19.57,887916.0,17.65,-64423.0,-1.28,160926.0,3.2,-2.0,3.188,3.195,19924700.0,63519944,63519944,2026-08-14,2026-08-14 16:11:38+08:00
517330,长江保护ETF易方达,0.979,0.9815,0.25,-0.005,-0.51,2415.0,237359.0,0.985,0.985,0.975,0.984,1.02,0.01,0.46,11.65,68.0,2347.0,660.0,0.28,0.0,0.0,660.0,0.28,-3047.0,-1.28,2388.0,1.01,-2.0,0.981,0.982,1806169008.0,1768239459,1768239459,2026-08-14,2026-08-14 16:11:45+08:00
159177,工程机械ETF鹏华,0.955,0.9573,0.24,-0.005,-0.52,65518.0,6238469.4,0.958,0.958,0.949,0.96,0.94,12.94,0.5,-3.53,41447.0,24071.0,-220349.0,-3.53,807909.0,12.95,-1028258.0,-16.48,160346.0,2.57,60002.0,0.96,31.0,0.958,0.96,50619279.0,48341411,48341411,2026-08-14,2026-08-14 15:34:30+08:00
563850,食品ETF广发,0.955,0.9561,0.12,-0.005,-0.52,24606.0,2349042.0,0.957,0.957,0.95,0.96,0.73,2.07,0.92,8.23,11683.0,12923.0,-155170.0,-6.61,0.0,0.0,-155170.0,-6.61,51373.0,2.19,103797.0,4.42,-1.0,0.955,0.956,119081700.0,113723024,113723024,2026-08-14,2026-08-14 16:11:50+08:00
159639,碳中和ETF南方,0.965,0.9698,0.49,-0.005,-0.52,46806.0,4531708.832,0.968,0.977,0.964,0.97,1.34,2.3,1.28,0.06,22751.0,24055.0,-23158.0,-0.51,389.0,0.01,-23547.0,-0.52,62404.0,1.38,-39246.0,-0.87,-3.0,0.965,0.972,203290171.0,196175015,196175015,2026-08-14,2026-08-14 15:34:51+08:00
516250,工程机械ETF富国,0.963,0.9639,0.09,-0.005,-0.52,23592.0,2271973.0,0.968,0.968,0.958,0.968,1.03,2.11,0.61,3.43,7232.0,16360.0,-15966.0,-0.7,202656.0,8.92,-218622.0,-9.62,-43396.0,-1.91,59361.0,2.61,-3.0,0.963,0.964,111878000.0,107738514,107738514,2026-08-14,2026-08-14 16:11:41+08:00
516440,工程机械ETF南方,0.961,0.9604,-0.06,-0.005,-0.52,64399.0,6177948.0,0.964,0.964,0.955,0.966,0.93,4.38,0.71,-33.35,32913.0,31486.0,-83772.0,-1.36,0.0,0.0,-83772.0,-1.36,-11726.0,-0.19,95498.0,1.55,-50.0,0.959,0.963,147126600.0,141388663,141388663,2026-08-14,2026-08-14 16:11:59+08:00
517350,沪港深科技ETF广发,0.946,0.9502,0.44,-0.005,-0.53,10144.0,961314.0,0.975,0.975,0.939,0.951,3.79,2.07,0.65,-5.69,6418.0,3726.0,-107792.0,-11.21,0.0,0.0,-107792.0,-11.21,4301.0,0.45,103492.0,10.77,-500.0,0.948,0.949,49042000.0,46393732,46393732,2026-08-14,2026-08-14 16:11:43+08:00
159887,银行ETF富国,1.307,1.3063,-0.05,-0.007,-0.53,794004.0,103891560.3,1.307,1.316,1.304,1.314,0.91,13.54,1.04,39.9,291065.0,502939.0,-7441185.0,-7.16,-8968877.0,-8.63,1527692.0,1.47,4520091.0,4.35,2921092.0,2.81,6962.0,1.306,1.307,586515952.0,766576349,766576349,2026-08-14,2026-08-14 15:34:45+08:00
520770,恒指港股通ETF建信,0.931,0.9306,-0.04,-0.005,-0.53,30272.0,2824064.0,0.936,0.936,0.929,0.936,0.75,1.41,0.87,10.51,17597.0,12675.0,170082.0,6.02,774537.0,27.43,-604455.0,-21.4,-156227.0,-5.53,-13856.0,-0.49,30.0,0.929,0.931,214373800.0,199582008,199582008,2026-08-14,2026-08-14 16:11:49+08:00
510050,上证50ETF华夏,3.021,3.0235,0.08,-0.016,-0.53,3692160.0,1117385755.0,3.043,3.043,3.013,3.037,0.99,5.17,0.93,-14.97,1373266.0,2318894.0,-116468505.0,-10.42,-216899337.0,-19.41,100430832.0,8.99,45641996.0,4.08,70826515.0,6.34,-51443.0,3.02,3.021,7146666752.0,21590080258,21590080258,2026-08-14,2026-08-14 16:11:41+08:00
159565,汽车零部件ETF易方达,1.324,1.3288,0.36,-0.007,-0.53,202083.0,26781056.7,1.341,1.341,1.314,1.331,2.03,13.97,0.99,55.02,92608.0,109475.0,778080.0,2.91,626563.0,2.34,151517.0,0.57,-687920.0,-2.57,-90160.0,-0.34,-1839.0,1.324,1.327,144627231.0,191486454,191486454,2026-08-14,2026-08-14 15:34:09+08:00
159010,港股通科技ETF博时,0.936,0.9354,-0.06,-0.005,-0.53,49233.0,4599431.072,0.942,0.942,0.93,0.941,1.28,2.47,0.91,-44.47,14180.0,35053.0,-338293.0,-7.36,0.0,0.0,-338293.0,-7.36,120919.0,2.63,217374.0,4.73,1500.0,0.934,0.937,199097611.0,186355364,186355364,2026-08-14,2026-08-14 15:34:18+08:00
560030,800价值ETF汇添富,1.28,1.2811,0.09,-0.007,-0.54,281.0,36052.0,1.284,1.286,1.28,1.287,0.47,0.12,0.18,8.18,178.0,103.0,6263.0,17.37,0.0,0.0,6263.0,17.37,1408.0,3.91,-7671.0,-21.28,-11.0,1.283,1.284,24432000.0,31272960,31272960,2026-08-14,2026-08-14 16:11:48+08:00
159138,工程机械ETF易方达,0.92,0.9209,0.1,-0.005,-0.54,136852.0,12571293.1,0.932,0.934,0.915,0.925,2.05,4.55,0.95,28.04,64623.0,72229.0,3597.0,0.03,0.0,0.0,3597.0,0.03,-259355.0,-2.06,255758.0,2.03,-17.0,0.92,0.922,300767920.0,276706486,276706486,2026-08-14,2026-08-14 15:34:45+08:00
159151,食品ETF华夏,0.923,0.9244,0.15,-0.005,-0.54,130485.0,12027399.702,0.928,0.928,0.917,0.928,1.19,6.5,0.89,71.97,63265.0,67220.0,148272.0,1.23,0.0,0.0,148272.0,1.23,-35001.0,-0.29,-113271.0,-0.94,119.0,0.922,0.923,200851063.0,185385531,185385531,2026-08-14,2026-08-14 15:34:06+08:00
159393,沪深300ETF万家,5.007,5.011,0.08,-0.027,-0.54,27867.0,13937950.7,5.034,5.034,4.982,5.034,1.03,3.3,0.61,48.64,8756.0,19111.0,-313776.0,-2.25,-1348624.0,-9.68,1034848.0,7.42,70385.0,0.5,243390.0,1.75,-49.0,5.007,5.011,84346342.0,422322134,422322134,2026-08-14,2026-08-14 15:34:39+08:00
589120,科创创新药ETF汇添富,0.903,0.9014,-0.18,-0.005,-0.55,2853761.0,257197158.0,0.901,0.919,0.884,0.908,3.85,22.55,0.79,31.41,1312305.0,1541455.0,-31429565.0,-12.22,-13687697.0,-5.32,-17741868.0,-6.9,16201823.0,6.3,15227741.0,5.92,-20640.0,0.903,0.904,1265620000.0,1142854860,1142854860,2026-08-14,2026-08-14 16:11:38+08:00
563620,全指现金流ETF兴业,1.077,1.0761,-0.08,-0.006,-0.55,13914.0,1496776.0,1.08,1.082,1.072,1.083,0.92,2.73,0.63,0.24,11147.0,2767.0,23680.0,1.58,0.0,0.0,23680.0,1.58,93.0,0.01,-23772.0,-1.59,923.0,1.076,1.08,51049000.0,54979773,54979773,2026-08-14,2026-08-14 16:11:51+08:00
561130,国货ETF富国,1.08,1.0814,0.13,-0.006,-0.55,80381.0,8683087.0,1.096,1.116,1.075,1.086,3.78,9.35,1.05,0.16,39438.0,40943.0,-137945.0,-1.59,0.0,0.0,-137945.0,-1.59,118541.0,1.37,19404.0,0.22,-1720.0,1.08,1.083,85935200.0,92810016,92810016,2026-08-14,2026-08-14 16:12:01+08:00
588130,科创医药ETF华夏,1.078,1.0778,-0.02,-0.006,-0.55,1500088.0,162209704.0,1.081,1.1,1.063,1.084,3.41,33.48,1.13,7.02,716625.0,783463.0,-1698723.0,-1.05,-7859083.0,-4.85,6160360.0,3.8,-118295.0,-0.07,1817018.0,1.12,-3280.0,1.078,1.079,448082608.0,483033051,483033051,2026-08-14,2026-08-14 16:11:36+08:00
588700,科创医药ETF嘉实,1.058,1.0569,-0.1,-0.006,-0.56,967387.0,102285882.0,1.063,1.08,1.042,1.064,3.57,20.46,0.81,22.16,461872.0,505515.0,-2568837.0,-2.51,2330824.0,2.28,-4899661.0,-4.79,964211.0,0.94,1604626.0,1.57,-4231.0,1.058,1.059,472836208.0,500260708,500260708,2026-08-14,2026-08-14 16:11:59+08:00
513030,德国ETF华安,1.94,1.8729,-3.58,-0.011,-0.56,3385073.0,661497177.0,1.948,2.01,1.913,1.951,4.97,33.76,2.55,-43.95,1695872.0,1689201.0,-7834236.0,-1.18,5816876.0,0.88,-13651112.0,-2.06,8402908.0,1.27,-568672.0,-0.09,-24070.0,1.94,1.941,1002779008.0,1945391276,1945391276,2026-08-14,2026-08-14 16:11:38+08:00
159861,碳中和50ETF国泰,1.058,1.0604,0.23,-0.006,-0.56,29768.0,3144906.3,1.064,1.09,1.05,1.064,3.76,3.07,0.85,54.9,15214.0,14554.0,-21447.0,-0.68,0.0,0.0,-21447.0,-0.68,86950.0,2.76,-65504.0,-2.08,-7.0,1.058,1.062,97117535.0,102750352,102750352,2026-08-14,2026-08-14 15:34:36+08:00
159877,医疗ETF南方,0.524,0.5239,-0.02,-0.003,-0.57,14965.0,788110.5,0.535,0.535,0.521,0.527,2.66,0.52,0.19,15.87,6935.0,8030.0,-11934.0,-1.51,-3683.0,-0.47,-8251.0,-1.05,-23983.0,-3.04,35918.0,4.56,393.0,0.523,0.524,285792288.0,149755159,149755159,2026-08-14,2026-08-14 15:34:57+08:00
159237,港股汽车ETF工银,0.877,0.8778,0.09,-0.005,-0.57,55461.0,4880296.2,0.882,0.883,0.874,0.882,1.02,12.8,0.35,-16.7,26772.0,28689.0,170231.0,3.49,-95411.0,-1.96,265642.0,5.44,-215049.0,-4.41,44817.0,0.92,1.0,0.876,0.877,43334226.0,38004116,38004116,2026-08-14,2026-08-14 15:34:24+08:00
159936,可选消费ETF广发,1.919,1.9197,0.04,-0.011,-0.57,3241.0,621294.2,1.937,1.937,1.912,1.93,1.3,0.3,0.47,-93.97,614.0,2627.0,-63132.0,-10.16,0.0,0.0,-63132.0,-10.16,168196.0,27.07,-105064.0,-16.91,3.0,1.919,1.926,108156094.0,207551544,207551544,2026-08-14,2026-08-14 15:34:12+08:00
515100,红利低波100ETF景顺,1.403,1.4021,-0.06,-0.008,-0.57,567056.0,79610988.0,1.406,1.409,1.4,1.411,0.64,1.5,0.7,-11.81,292930.0,274126.0,11517478.0,14.47,8716451.0,10.95,2801027.0,3.52,-10410409.0,-13.08,-1107069.0,-1.39,-1483.0,1.403,1.404,3775941504.0,5297645930,5297645930,2026-08-14,2026-08-14 16:11:58+08:00
159100,巴西ETF华夏,1.053,1.038,-1.45,-0.006,-0.57,359038.0,37807547.004,1.055,1.058,1.05,1.059,0.76,7.87,0.84,-9.31,164309.0,194729.0,-7125638.0,-18.85,-1937306.0,-5.12,-5188332.0,-13.72,3787522.0,10.02,3338116.0,8.83,-6779.0,1.053,1.054,456046928.0,480217415,480217415,2026-08-14,2026-08-14 15:34:06+08:00
512820,银行ETF汇添富,1.404,1.4015,-0.18,-0.008,-0.57,884973.0,124414659.0,1.406,1.413,1.4,1.412,0.92,22.36,1.25,-13.58,547470.0,337504.0,-6399227.0,-5.14,-5633805.0,-4.53,-765422.0,-0.62,3613436.0,2.9,2785791.0,2.24,-933.0,1.404,1.405,395801904.0,555705873,555705873,2026-08-14,2026-08-14 16:11:54+08:00
560820,中证A50ETF新华,1.219,1.2194,0.03,-0.007,-0.57,907.0,111113.0,1.23,1.23,1.219,1.226,0.9,0.22,5.65,14.8,906.0,1.0,-49491.0,-44.54,0.0,0.0,-49491.0,-44.54,49491.0,44.54,0.0,0.0,-1.0,1.216,1.219,40926000.0,49888794,49888794,2026-08-14,2026-08-14 16:12:00+08:00
159228,红利低波ETF长城,1.021,1.0208,-0.02,-0.006,-0.58,2022.0,206416.4,1.02,1.025,1.016,1.027,0.88,0.19,0.29,26.24,828.0,1194.0,7349.0,3.56,7349.0,3.56,0.0,0.0,-59136.0,-28.65,51788.0,25.09,1.0,1.02,1.022,109212692.0,111506159,111506159,2026-08-14,2026-08-14 15:34:18+08:00
510030,价值ETF华宝,1.034,1.0345,0.05,-0.006,-0.58,20459.0,2119026.0,1.04,1.04,1.034,1.04,0.58,1.34,0.63,9.32,10244.0,10215.0,425378.0,20.07,0.0,0.0,425378.0,20.07,-355824.0,-16.79,-69553.0,-3.28,-170.0,1.034,1.035,153229800.0,158439613,158439613,2026-08-14,2026-08-14 16:11:59+08:00
159578,深证主板50ETF南方,1.197,1.1959,-0.09,-0.007,-0.58,803.0,95946.3,1.203,1.203,1.192,1.204,0.91,0.4,0.34,27.35,547.0,256.0,28936.0,30.16,0.0,0.0,28936.0,30.16,-59630.0,-62.15,30693.0,31.99,6.0,1.196,1.202,19998831.0,23938601,23938601,2026-08-14,2026-08-14 15:34:09+08:00
562300,碳中和ETF银华,0.689,0.6893,0.04,-0.004,-0.58,8939.0,620349.0,0.69,0.697,0.686,0.693,1.59,1.5,0.36,17.38,4884.0,4055.0,-89890.0,-14.49,0.0,0.0,-89890.0,-14.49,81597.0,13.15,8292.0,1.34,-28.0,0.688,0.69,59495000.0,40992055,40992055,2026-08-14,2026-08-14 16:12:02+08:00
515970,工程机械ETF华夏,0.858,0.8568,-0.14,-0.005,-0.58,721841.0,61752638.0,0.862,0.862,0.851,0.863,1.27,10.24,1.01,3.71,367938.0,353903.0,160375.0,0.26,2063081.0,3.34,-1902706.0,-3.08,-400502.0,-0.65,240126.0,0.39,-16.0,0.856,0.858,705088000.0,604965504,604965504,2026-08-14,2026-08-14 16:11:58+08:00
517050,互联网ETF华泰柏瑞,0.686,0.6899,0.57,-0.004,-0.58,44008.0,3007709.0,0.69,0.69,0.677,0.69,1.88,1.27,1.54,-3.31,22062.0,21946.0,-55583.0,-1.85,386594.0,12.85,-442177.0,-14.7,-109977.0,-3.66,165560.0,5.5,-6.0,0.686,0.688,347605008.0,238457035,238457035,2026-08-14,2026-08-14 16:11:57+08:00
560560,碳中和ETF泰康,0.689,0.69,0.14,-0.004,-0.58,1846.0,127376.0,0.69,0.696,0.688,0.693,1.15,0.26,0.18,6.94,103.0,1743.0,15009.0,11.78,0.0,0.0,15009.0,11.78,-25682.0,-20.16,10673.0,8.38,-15.0,0.689,0.691,72190100.0,49738979,49738979,2026-08-14,2026-08-14 16:12:00+08:00
515020,银行ETF华夏,1.711,1.7094,-0.09,-0.01,-0.58,678308.0,116321407.0,1.715,1.723,1.708,1.721,0.87,17.53,0.82,26.24,343226.0,335082.0,981952.0,0.84,-1011747.0,-0.87,1993699.0,1.71,-2094274.0,-1.8,1112321.0,0.96,-2084.0,1.71,1.711,386845296.0,661892301,661892301,2026-08-14,2026-08-14 16:12:02+08:00
563770,全指现金流ETF招商,1.181,1.1824,0.12,-0.007,-0.59,69368.0,8209394.0,1.188,1.203,1.177,1.188,2.19,25.4,0.95,-3.0,38515.0,30853.0,49701.0,0.61,0.0,0.0,49701.0,0.61,-51064.0,-0.62,1363.0,0.02,-28.0,1.181,1.186,27307000.0,32249567,32249567,2026-08-14,2026-08-14 16:11:37+08:00
517000,沪港深500ETF银华,1.006,1.0122,0.61,-0.006,-0.59,4974.0,501844.0,1.01,1.01,1.005,1.012,0.49,0.39,0.76,-21.87,1919.0,3055.0,289477.0,57.68,0.0,0.0,289477.0,57.68,-311468.0,-62.06,21992.0,4.38,-145.0,1.008,1.009,127793000.0,128559758,128559758,2026-08-14,2026-08-14 16:12:00+08:00
563680,800现金流ETF汇添富,1.189,1.1895,0.04,-0.007,-0.59,46549.0,5528985.0,1.207,1.207,1.182,1.196,2.09,4.27,1.33,0.42,13767.0,32782.0,560977.0,10.15,1692541.0,30.61,-1131564.0,-20.47,-669301.0,-12.11,108324.0,1.96,2000.0,1.189,1.193,108959000.0,129552251,129552251,2026-08-14,2026-08-14 16:11:55+08:00
159542,工程机械ETF大成,1.35,1.3518,0.13,-0.008,-0.59,35013.0,4719563.8,1.355,1.363,1.342,1.358,1.55,21.76,1.19,4.63,21083.0,13930.0,22884.0,0.48,39005.0,0.83,-16121.0,-0.34,54234.0,1.15,-77119.0,-1.63,-40.0,1.352,1.355,16092850.0,21725348,21725348,2026-08-14,2026-08-14 15:34:36+08:00
510810,上海国企ETF汇添富,0.842,0.8411,-0.11,-0.005,-0.59,69008.0,5815086.0,0.847,0.851,0.84,0.847,1.3,0.12,0.95,3.75,19964.0,49044.0,104445.0,1.8,-235050.0,-4.04,339495.0,5.84,-85552.0,-1.47,-18892.0,-0.32,-60.0,0.841,0.844,5966693632.0,5023956038,5023956038,2026-08-14,2026-08-14 16:11:40+08:00
560990,科技先锋ETF中金,1.189,1.1917,0.23,-0.007,-0.59,1438.0,171591.0,1.194,1.195,1.18,1.196,1.25,0.75,0.13,9.04,570.0,868.0,-117889.0,-68.7,0.0,0.0,-117889.0,-68.7,112791.0,65.73,5098.0,2.97,200.0,1.187,1.193,19187100.0,22813462,22813462,2026-08-14,2026-08-14 16:11:57+08:00
520940,港股通恒生ETF华安,0.995,0.9955,0.05,-0.006,-0.6,65385.0,6525747.0,1.0,1.001,0.995,1.001,0.6,29.32,1.37,-0.14,32119.0,33266.0,-4645.0,-0.07,0.0,0.0,-4645.0,-0.07,20759.0,0.32,-16115.0,-0.25,-2006.0,0.994,0.998,22297000.0,22185515,22185515,2026-08-14,2026-08-14 16:11:52+08:00
560920,工程机械ETF招商,0.991,0.9902,-0.08,-0.006,-0.6,30506.0,3018918.0,0.989,0.993,0.985,0.997,0.8,6.44,1.05,1.64,8203.0,22303.0,-150955.0,-5.0,520214.0,17.23,-671169.0,-22.23,98800.0,3.27,52154.0,1.73,100.0,0.991,0.993,47373300.0,46946940,46946940,2026-08-14,2026-08-14 16:11:48+08:00
520680,港股通汽车ETF南方,0.829,0.8281,-0.11,-0.005,-0.6,61132.0,5079044.0,0.83,0.835,0.826,0.834,1.08,8.57,0.73,-5.55,27151.0,33981.0,-41096.0,-0.81,0.0,0.0,-41096.0,-0.81,31523.0,0.62,9571.0,0.19,-7.0,0.829,0.83,71369000.0,59164901,59164901,2026-08-14,2026-08-14 16:11:57+08:00
159263,价值ETF易方达,1.133,1.1345,0.13,-0.007,-0.61,1817409.0,206133997.893,1.139,1.139,1.131,1.14,0.7,3.13,0.7,-14.18,620298.0,1197111.0,11898342.0,5.77,21431882.0,10.4,-9533540.0,-4.62,-13193288.0,-6.4,1294946.0,0.63,-2136.0,1.133,1.134,5815105024.0,6588513992,6588513992,2026-08-14,2026-08-14 15:34:30+08:00
512730,银行ETF鹏华,1.638,1.6375,-0.03,-0.01,-0.61,19695.0,3235262.0,1.645,1.65,1.637,1.648,0.79,3.33,0.61,-67.9,9749.0,9946.0,-782433.0,-24.18,0.0,0.0,-782433.0,-24.18,266807.0,8.25,515626.0,15.94,-20.0,1.638,1.642,59083900.0,96779428,96779428,2026-08-14,2026-08-14 16:12:00+08:00
512700,银行ETF南方,1.473,1.472,-0.07,-0.009,-0.61,577582.0,85302865.0,1.479,1.484,1.471,1.482,0.88,8.62,0.93,69.89,336570.0,241012.0,-4001856.0,-4.69,-8913495.0,-10.45,4911639.0,5.76,-516155.0,-0.61,4518011.0,5.3,-1867.0,1.472,1.473,670081008.0,987029325,987029325,2026-08-14,2026-08-14 16:11:57+08:00
159793,线上消费ETF平安,0.81,0.8141,0.5,-0.005,-0.61,30690.0,2470592.9,0.813,0.814,0.798,0.815,1.96,6.86,1.07,-33.67,7921.0,22769.0,-7719.0,-0.31,421372.0,17.06,-429091.0,-17.37,-210364.0,-8.51,218081.0,8.83,148.0,0.808,0.81,44758908.0,36254715,36254715,2026-08-14,2026-08-14 15:34:09+08:00
563980,800红利低波ETF鑫元,0.965,0.965,0.0,-0.006,-0.62,55175.0,5332238.0,0.971,0.971,0.963,0.971,0.82,2.89,1.13,13.07,30833.0,24342.0,-83265.0,-1.56,-421176.0,-7.9,337911.0,6.34,51651.0,0.97,31614.0,0.59,-2259.0,0.964,0.968,190967000.0,184283155,184283155,2026-08-14,2026-08-14 16:11:57+08:00
159723,科技龙头ETF汇添富,1.101,1.1066,0.51,-0.007,-0.63,18937.0,2094156.5,1.108,1.125,1.093,1.108,2.89,6.1,2.91,-55.58,10021.0,8916.0,300052.0,14.33,554018.0,26.46,-253966.0,-12.13,-392725.0,-18.75,92672.0,4.43,-1.0,1.101,1.105,31025575.0,34159158,34159158,2026-08-14,2026-08-14 15:34:15+08:00
513990,港股通ETF招商,1.107,1.1107,0.33,-0.007,-0.63,94334.0,10445179.0,1.114,1.114,1.104,1.114,0.9,20.51,1.02,-2.27,48743.0,45591.0,374512.0,3.59,-701767.0,-6.72,1076279.0,10.3,-512516.0,-4.91,138005.0,1.32,-61.0,1.105,1.107,46000000.0,50922000,50922000,2026-08-14,2026-08-14 16:11:33+08:00
159126,港股通50ETF南方,0.931,0.9324,0.15,-0.006,-0.64,49701.0,4633780.7,0.937,0.937,0.931,0.937,0.64,2.02,0.74,-13.51,18996.0,30705.0,9832.0,0.21,112320.0,2.42,-102488.0,-2.21,-23746.0,-0.51,13914.0,0.3,-1227.0,0.931,0.933,246616546.0,229600004,229600004,2026-08-14,2026-08-14 15:34:42+08:00
159391,大盘价值ETF博时,1.083,1.0834,0.04,-0.007,-0.64,5479.0,593495.1,1.084,1.085,1.082,1.09,0.28,0.63,0.33,3.42,1925.0,3554.0,53511.0,9.02,0.0,0.0,53511.0,9.02,-54248.0,-9.14,737.0,0.12,1.0,1.08,1.088,87076398.0,94303739,94303739,2026-08-14,2026-08-14 15:34:30+08:00
560520,红利低波100ETF大成,1.092,1.0925,0.05,-0.007,-0.64,3083.0,336980.0,1.108,1.108,1.092,1.099,1.46,0.57,0.74,19.06,280.0,2803.0,143722.0,42.65,0.0,0.0,143722.0,42.65,-167432.0,-49.69,23711.0,7.04,-70.0,1.091,1.092,53751000.0,58696092,58696092,2026-08-14,2026-08-14 16:11:41+08:00
561320,交运ETF国泰,0.924,0.9256,0.17,-0.006,-0.65,13735.0,1272770.0,0.93,0.939,0.918,0.93,2.26,4.38,1.17,0.51,6460.0,7275.0,172298.0,13.54,63567.0,4.99,108731.0,8.54,-100610.0,-7.9,-71689.0,-5.63,-30.0,0.925,0.927,31369000.0,28984956,28984956,2026-08-14,2026-08-14 16:11:59+08:00
560120,中证500现金流ETF华夏,1.204,1.2045,0.04,-0.008,-0.66,159425.0,19254549.0,1.212,1.214,1.199,1.212,1.24,2.75,1.0,11.6,81775.0,77650.0,-66658.0,-0.35,-5914.0,-0.03,-60744.0,-0.32,240669.0,1.25,-174012.0,-0.9,-101.0,1.204,1.205,578689008.0,696741566,696741566,2026-08-14,2026-08-14 16:11:42+08:00
159787,建材ETF易方达,0.589,0.5887,-0.05,-0.004,-0.67,17819.0,1047254.6,0.589,0.597,0.585,0.593,2.02,1.3,0.88,35.06,5180.0,12639.0,-29942.0,-2.86,-36905.0,-3.52,6963.0,0.66,-40026.0,-3.82,69969.0,6.68,1.0,0.588,0.589,137521633.0,81000242,81000242,2026-08-14,2026-08-14 15:34:39+08:00
561030,工程机械ETF华泰柏瑞,0.892,0.8918,-0.02,-0.006,-0.67,40164.0,3576929.0,0.897,0.906,0.886,0.898,2.23,2.16,0.65,9.14,22578.0,17586.0,-48948.0,-1.37,26809.0,0.75,-75757.0,-2.12,-47238.0,-1.32,96185.0,2.69,58.0,0.89,0.894,185550000.0,165510600,165510600,2026-08-14,2026-08-14 16:11:55+08:00
159910,基本面120ETF嘉实,2.371,2.3715,0.02,-0.016,-0.67,3093.0,734168.2,2.387,2.387,2.365,2.387,0.92,0.37,1.1,1.37,1475.0,1618.0,0.0,0.0,0.0,0.0,0.0,0.0,-54604.0,-7.44,54604.0,7.44,-21.0,2.362,2.38,83906143.0,198941465,198941465,2026-08-14,2026-08-14 15:34:15+08:00
516310,银行ETF易方达,1.322,1.3215,-0.04,-0.009,-0.68,1168694.0,154958645.0,1.326,1.333,1.321,1.331,0.9,7.01,0.4,23.57,637857.0,530838.0,-3404335.0,-2.2,-19135920.0,-12.35,15731585.0,10.15,671307.0,0.43,2733028.0,1.76,-9227.0,1.321,1.322,1668258496.0,2205437732,2205437732,2026-08-14,2026-08-14 16:11:45+08:00
512190,浙商之江凤凰ETF,2.917,2.9166,-0.01,-0.02,-0.68,3142.0,918529.0,2.926,2.961,2.905,2.937,1.91,0.17,0.56,47.09,811.0,2331.0,-15328.0,-1.67,0.0,0.0,-15328.0,-1.67,-77406.0,-8.43,92733.0,10.1,-62.0,2.913,2.917,188218400.0,549033073,549033073,2026-08-14,2026-08-14 16:11:36+08:00
159711,港股通50ETF华夏,1.317,1.3171,0.01,-0.009,-0.68,162775.0,21469023.8,1.325,1.329,1.314,1.326,1.13,53.43,1.28,-80.09,80663.0,82112.0,1554.0,0.01,-264.0,0.0,1818.0,0.01,-68493.0,-0.32,66940.0,0.31,-127.0,1.317,1.319,30465157.0,40122612,40122612,2026-08-14,2026-08-14 15:34:09+08:00
159730,家电ETF博时,1.016,1.0173,0.13,-0.007,-0.68,2827.0,287191.8,1.023,1.023,1.014,1.023,0.88,0.66,0.62,69.61,359.0,2468.0,21976.0,7.65,0.0,0.0,21976.0,7.65,-80841.0,-28.15,58866.0,20.5,11.0,1.014,1.016,42571340.0,43252481,43252481,2026-08-14,2026-08-14 15:34:33+08:00
159872,智能网联汽车ETF鹏华,0.847,0.8482,0.14,-0.006,-0.7,7541.0,639298.3,0.853,0.854,0.842,0.853,1.41,1.28,0.72,78.72,1547.0,5994.0,42359.0,6.63,24631.0,3.85,17728.0,2.77,-14500.0,-2.27,-27859.0,-4.36,-2.0,0.847,0.85,58799732.0,49803373,49803373,2026-08-14,2026-08-14 15:34:36+08:00
588860,科创医药ETF工银,0.704,0.704,0.0,-0.005,-0.71,216570.0,15245216.0,0.708,0.719,0.695,0.709,3.39,6.21,0.79,0.82,104413.0,112157.0,-683694.0,-4.48,743559.0,4.88,-1427253.0,-9.36,297117.0,1.95,386577.0,2.54,-284.0,0.703,0.704,348889408.0,245618143,245618143,2026-08-14,2026-08-14 16:11:57+08:00
513090,香港证券ETF易方达,1.822,1.8077,-0.79,-0.013,-0.71,10282662.0,1876422833.0,1.835,1.836,1.818,1.835,0.98,10.04,0.57,-9.27,4457551.0,5825111.0,-172942624.0,-9.22,-196691936.0,-10.48,23749312.0,1.27,86313805.0,4.6,86628816.0,4.62,-274025.0,1.822,1.823,10243987968.0,18664546078,18664546078,2026-08-14,2026-08-14 16:11:47+08:00
159666,交通运输ETF华夏,0.962,0.9615,-0.05,-0.007,-0.72,227160.0,21861943.65,0.969,0.974,0.96,0.969,1.44,17.23,0.94,-24.24,107115.0,120045.0,584163.0,2.67,0.0,0.0,584163.0,2.67,-401938.0,-1.84,-182225.0,-0.83,11.0,0.961,0.962,131832905.0,126823255,126823255,2026-08-14,2026-08-14 15:34:36+08:00
159271,恒生ETF鹏华,0.951,0.9529,0.2,-0.007,-0.73,139433.0,13257093.3,0.957,0.957,0.946,0.958,1.15,4.92,1.12,43.46,48664.0,90769.0,4172583.0,31.47,2561404.0,19.32,1611179.0,12.15,-1993971.0,-15.04,-2178612.0,-16.43,-3939.0,0.951,0.952,283386736.0,269500786,269500786,2026-08-14,2026-08-14 15:34:36+08:00
516210,银行ETF华安,1.361,1.3605,-0.04,-0.01,-0.73,94692.0,12907694.0,1.368,1.37,1.358,1.371,0.88,11.71,0.91,17.23,38823.0,55869.0,-364864.0,-2.83,0.0,0.0,-364864.0,-2.83,295183.0,2.29,69681.0,0.54,-11.0,1.36,1.361,80831000.0,110010991,110010991,2026-08-14,2026-08-14 16:11:41+08:00
159708,红利ETF西部利得,0.817,0.8186,0.2,-0.006,-0.73,130268.0,10643232.8,0.822,0.828,0.815,0.823,1.58,7.12,1.35,3.28,77791.0,52477.0,-68428.0,-0.64,-616437.0,-5.79,548009.0,5.15,-11464.0,-0.11,79892.0,0.75,-147.0,0.817,0.82,183028306.0,149534126,149534126,2026-08-14,2026-08-14 15:34:09+08:00
159161,工程机械ETF东财,0.956,0.9574,0.15,-0.007,-0.73,9512.0,906837.776,0.96,0.966,0.948,0.963,1.87,1.37,0.62,60.91,5719.0,3792.0,-10964.0,-1.21,164727.0,18.16,-175691.0,-19.37,-112651.0,-12.42,123615.0,13.63,7.0,0.955,0.956,69331260.0,66280685,66280685,2026-08-14,2026-08-14 15:34:24+08:00
530280,上证180ETF平安,1.21,1.2116,0.13,-0.009,-0.74,2661.0,322488.0,1.212,1.212,1.208,1.219,0.33,0.89,3.02,10.59,834.0,1827.0,5801.0,1.8,0.0,0.0,5801.0,1.8,0.0,0.0,-5802.0,-1.8,-24.0,1.21,1.214,29934000.0,36220140,36220140,2026-08-14,2026-08-14 16:11:33+08:00
159940,金融地产ETF广发,1.19,1.1902,0.02,-0.009,-0.75,2266.0,270343.2,1.196,1.196,1.189,1.199,0.58,0.08,0.13,-8.17,1157.0,1109.0,37492.0,13.87,2854.0,1.06,34638.0,12.81,-29994.0,-11.09,-7499.0,-2.77,1.0,1.188,1.19,289059984.0,343981381,343981381,2026-08-14,2026-08-14 15:34:30+08:00
520820,恒指港股通ETF汇添富,0.921,0.9208,-0.02,-0.007,-0.75,7018.0,645452.0,0.923,0.926,0.918,0.928,0.86,1.12,1.06,14.66,2997.0,4021.0,-42106.0,-6.52,0.0,0.0,-42106.0,-6.52,43172.0,6.69,-1066.0,-0.17,6.0,0.92,0.922,62682000.0,57730122,57730122,2026-08-14,2026-08-14 16:11:53+08:00
512800,银行ETF华宝,0.797,0.7978,0.1,-0.006,-0.75,9196196.0,735893066.0,0.8,0.804,0.797,0.803,0.87,7.7,0.69,7.65,4481162.0,4715034.0,4346952.0,0.59,23526720.0,3.2,-19179768.0,-2.61,-2171325.0,-0.3,-2175633.0,-0.3,-98033.0,0.797,0.798,11944480000.0,9519750560,9519750560,2026-08-14,2026-08-14 16:11:50+08:00
159954,恒生中国企业ETF南方,0.911,0.9126,0.18,-0.007,-0.76,13654.0,1246584.0,0.917,0.917,0.91,0.918,0.76,0.72,0.55,20.31,6468.0,7186.0,-226545.0,-18.17,0.0,0.0,-226545.0,-18.17,127970.0,10.27,98576.0,7.91,-41.0,0.911,0.913,190105083.0,173185731,173185731,2026-08-14,2026-08-14 15:34:36+08:00
159931,金融地产ETF汇添富,1.823,1.826,0.16,-0.014,-0.76,402.0,73494.6,1.833,1.835,1.823,1.837,0.65,0.23,0.24,28.23,171.0,231.0,-7505.0,-10.21,0.0,0.0,-7505.0,-10.21,25461.0,34.64,-17957.0,-24.43,-2.0,1.823,1.824,17828511.0,32501376,32501376,2026-08-14,2026-08-14 15:34:24+08:00
510230,金融ETF国泰,1.291,1.2861,-0.38,-0.01,-0.77,482543.0,62296960.0,1.298,1.298,1.286,1.301,0.92,7.58,0.76,-20.69,241722.0,240821.0,-1721449.0,-2.76,-8351701.0,-13.41,6630252.0,10.64,-1853571.0,-2.98,3575021.0,5.74,-577.0,1.289,1.291,636808000.0,822119128,822119128,2026-08-14,2026-08-14 16:11:51+08:00
520960,恒指港股通ETF嘉实,0.905,0.9046,-0.04,-0.007,-0.77,15643.0,1416570.0,0.908,0.909,0.903,0.912,0.66,2.67,0.25,-0.71,10627.0,5016.0,-126687.0,-8.94,0.0,0.0,-126687.0,-8.94,113939.0,8.04,12749.0,0.9,6.0,0.902,0.907,58603400.0,53036077,53036077,2026-08-14,2026-08-14 16:11:41+08:00
159851,金融科技ETF华宝,0.627,0.6261,-0.14,-0.005,-0.79,4791666.0,299732727.457,0.63,0.64,0.62,0.632,3.16,4.67,1.16,-9.72,1484961.0,3306705.0,-7027514.0,-2.34,6894807.0,2.3,-13922321.0,-4.64,-2783915.0,-0.93,9811428.0,3.27,36065.0,0.626,0.627,10265904128.0,6436721888,6436721888,2026-08-14,2026-08-14 15:34:21+08:00
516600,消费服务ETF工银,0.625,0.625,0.0,-0.005,-0.79,10601.0,663490.0,0.629,0.629,0.622,0.63,1.11,0.94,0.47,-3.94,8952.0,1649.0,-20386.0,-3.07,257591.0,38.82,-277977.0,-41.9,33250.0,5.01,-12864.0,-1.94,-24.0,0.624,0.625,113332100.0,70832563,70832563,2026-08-14,2026-08-14 16:11:34+08:00
515960,医药ETF嘉实,0.876,0.8765,0.06,-0.007,-0.79,65424.0,5734854.0,0.887,0.899,0.87,0.883,3.28,2.68,0.72,0.73,20306.0,45118.0,1342076.0,23.4,2453599.0,42.78,-1111523.0,-19.38,-1494853.0,-26.07,152776.0,2.66,-6.0,0.876,0.878,243991900.0,213736904,213736904,2026-08-14,2026-08-14 16:11:52+08:00
159657,疫苗ETF鹏华,0.628,0.6279,-0.02,-0.005,-0.79,13793.0,868392.1,0.633,0.639,0.623,0.633,2.53,0.89,0.41,21.29,3407.0,10386.0,226308.0,26.06,73008.0,8.41,153300.0,17.65,-146941.0,-16.92,-79366.0,-9.14,244.0,0.629,0.63,154514819.0,97035306,97035306,2026-08-14,2026-08-14 15:34:27+08:00
159365,恒指港股通ETF富国,0.991,0.9922,0.12,-0.008,-0.8,5468.0,542718.4,1.0,1.0,0.99,0.999,1.0,1.07,0.76,38.61,2204.0,3264.0,-85627.0,-15.78,0.0,0.0,-85627.0,-15.78,86464.0,15.93,-838.0,-0.15,4.0,0.99,0.991,51162398.0,50701936,50701936,2026-08-14,2026-08-14 15:34:42+08:00
513190,港股通金融ETF华夏,1.731,1.7305,-0.03,-0.014,-0.8,1699493.0,295395207.0,1.74,1.747,1.73,1.745,0.97,16.96,0.79,-45.95,773040.0,926453.0,-6082176.0,-2.06,-12347996.0,-4.18,6265820.0,2.12,3810377.0,1.29,2271799.0,0.77,-1460.0,1.731,1.732,1001936000.0,1734351216,1734351216,2026-08-14,2026-08-14 16:11:55+08:00
513660,恒生ETF华夏,1.486,1.4885,0.17,-0.012,-0.8,755188.0,112400695.0,1.487,1.496,1.485,1.498,0.73,3.93,0.92,-10.67,327339.0,427849.0,-2033285.0,-1.81,14270642.0,12.7,-16303927.0,-14.51,-4168197.0,-3.71,6201482.0,5.52,-1636.0,1.486,1.487,1924000208.0,2859064309,2859064309,2026-08-14,2026-08-14 16:11:50+08:00
526070,恒指港股通ETF博时,0.983,0.9836,0.06,-0.008,-0.81,45621.0,4494677.0,0.991,0.991,0.983,0.991,0.81,7.81,0.83,-16.65,16430.0,29191.0,-82296.0,-1.83,0.0,0.0,-82296.0,-1.83,69639.0,1.55,12657.0,0.28,-65.0,0.983,0.988,58377000.0,57384591,57384591,2026-08-14,2026-08-14 16:12:01+08:00
159788,港股通100ETF易方达,1.205,1.2073,0.19,-0.01,-0.82,53999.0,6540662.0,1.212,1.216,1.205,1.215,0.91,7.67,0.74,23.98,25409.0,28590.0,72196.0,1.1,0.0,0.0,72196.0,1.1,-172920.0,-2.64,100722.0,1.54,42.0,1.204,1.205,70424965.0,84862083,84862083,2026-08-14,2026-08-14 15:34:06+08:00
159662,交运ETF南方,0.964,0.9656,0.17,-0.008,-0.82,60420.0,5840346.2,0.974,0.974,0.964,0.972,1.03,7.36,0.44,-33.7,29860.0,30560.0,222142.0,3.8,0.0,0.0,222142.0,3.8,-273883.0,-4.69,51742.0,0.89,-100.0,0.965,0.966,82113946.0,79157844,79157844,2026-08-14,2026-08-14 15:34:00+08:00
515290,银行ETF天弘,1.434,1.4332,-0.06,-0.012,-0.83,650259.0,93494612.0,1.438,1.446,1.432,1.446,0.97,2.42,1.19,1.0,247204.0,403055.0,-4115185.0,-4.4,-3691227.0,-3.95,-423958.0,-0.45,1810948.0,1.94,2304237.0,2.46,-3698.0,1.433,1.434,2682172896.0,3846235933,3846235933,2026-08-14,2026-08-14 16:11:48+08:00
159070,工程机械ETF嘉实,0.956,0.9577,0.18,-0.008,-0.83,37228.0,3557094.869,0.958,0.959,0.95,0.964,0.93,3.4,0.88,7.37,13210.0,24018.0,-150576.0,-4.23,-48919.0,-1.38,-101657.0,-2.86,138269.0,3.89,12308.0,0.35,-100.0,0.956,0.96,109366883.0,104554740,104554740,2026-08-14,2026-08-14 15:34:36+08:00
159253,银行ETF博时,0.951,0.9548,0.4,-0.008,-0.83,38841.0,3714176.1,0.958,0.961,0.951,0.959,1.04,0.72,0.57,43.43,21718.0,17123.0,64545.0,1.74,151143.0,4.07,-86598.0,-2.33,-144053.0,-3.88,79508.0,2.14,-259.0,0.951,0.954,542004976.0,515446732,515446732,2026-08-14,2026-08-14 15:34:51+08:00
159933,金融地产ETF国投瑞银,2.839,2.8386,-0.01,-0.024,-0.84,138.0,39314.6,2.854,2.854,2.838,2.863,0.56,0.04,0.99,2.09,,138.0,-35340.0,-89.89,0.0,0.0,-35340.0,-89.89,0.0,0.0,35340.0,89.89,-6.0,2.834,2.85,36378943.0,103279819,103279819,2026-08-14,2026-08-14 15:34:39+08:00
159318,恒指港股通ETF银华,1.297,1.3013,0.33,-0.011,-0.84,3240.0,421352.6,1.307,1.307,1.296,1.308,0.84,2.08,1.09,1.65,2648.0,592.0,-112214.0,-26.63,0.0,0.0,-112214.0,-26.63,139527.0,33.11,-27313.0,-6.48,-2.0,1.296,1.299,15601647.0,20235336,20235336,2026-08-14,2026-08-14 15:34:15+08:00
512640,金融地产ETF嘉实,2.338,2.3347,-0.14,-0.02,-0.85,24233.0,5674990.0,2.358,2.358,2.338,2.358,0.85,11.68,2.2,-6.49,15117.0,9116.0,-131221.0,-2.31,0.0,0.0,-131221.0,-2.31,116900.0,2.06,14321.0,0.25,500.0,2.335,2.342,20740900.0,48492224,48492224,2026-08-14,2026-08-14 16:11:42+08:00
516100,金融科技ETF华夏,1.047,1.0451,-0.18,-0.009,-0.85,267130.0,27966456.0,1.051,1.068,1.035,1.056,3.13,2.47,0.61,-6.27,129071.0,138059.0,-5326782.0,-19.05,-23692.0,-0.08,-5303090.0,-18.96,1367316.0,4.89,3959466.0,14.16,-1557.0,1.046,1.047,1080759696.0,1131555402,1131555402,2026-08-14,2026-08-14 16:11:51+08:00
159377,创业板医药ETF国泰,1.056,1.0531,-0.28,-0.009,-0.85,229005.0,24166286.608,1.067,1.074,1.044,1.065,2.82,18.45,0.88,-30.54,84333.0,144672.0,-1016047.0,-4.2,942837.0,3.9,-1958884.0,-8.11,484948.0,2.01,531099.0,2.2,1623.0,1.055,1.056,124129399.0,131080645,131080645,2026-08-14,2026-08-14 15:34:15+08:00
520560,香港大盘30ETF华宝,0.811,0.8117,0.09,-0.007,-0.86,42487.0,3448652.0,0.817,0.817,0.809,0.818,0.98,0.69,0.78,14.36,24450.0,18037.0,-953100.0,-27.64,-720601.0,-20.9,-232499.0,-6.74,767258.0,22.25,185844.0,5.39,348.0,0.811,0.812,618419008.0,501537815,501537815,2026-08-14,2026-08-14 16:11:34+08:00
516750,建材ETF富国,0.579,0.5786,-0.07,-0.005,-0.86,137541.0,7948715.0,0.584,0.586,0.575,0.584,1.88,9.81,0.78,20.17,82866.0,54675.0,-464846.0,-5.85,5961.0,0.07,-470807.0,-5.92,270067.0,3.4,194778.0,2.45,-1218.0,0.579,0.58,140167300.0,81156867,81156867,2026-08-14,2026-08-14 16:11:59+08:00
159920,恒生ETF华夏,1.479,1.4821,0.21,-0.013,-0.87,1556555.0,230550689.834,1.483,1.488,1.477,1.492,0.74,2.62,0.45,-41.99,697435.0,859120.0,-4818007.0,-2.09,405235.0,0.18,-5223242.0,-2.27,4894249.0,2.12,-76242.0,-0.03,12672.0,1.478,1.479,5941559296.0,8787566199,8787566199,2026-08-14,2026-08-14 15:34:06+08:00
517770,游戏传媒ETF浦银,0.915,0.9181,0.34,-0.008,-0.87,81205.0,7403926.0,0.92,0.924,0.902,0.923,2.38,4.98,0.8,-9.55,38637.0,42568.0,326940.0,4.42,-30956.0,-0.42,357896.0,4.83,-1405045.0,-18.98,1078105.0,14.56,-1749.0,0.915,0.916,162947800.0,149097237,149097237,2026-08-14,2026-08-14 16:11:54+08:00
159207,高股息ETF广发,1.142,1.1405,-0.13,-0.01,-0.87,664229.0,75892907.0,1.15,1.15,1.14,1.152,0.87,3.35,0.78,-21.0,268481.0,395748.0,-6436947.0,-8.48,-4016394.0,-5.29,-2420553.0,-3.19,2753377.0,3.63,3683570.0,4.85,1357.0,1.141,1.142,1981483344.0,2262853979,2262853979,2026-08-14,2026-08-14 15:34:03+08:00
159033,粮食ETF国泰,0.913,0.9119,-0.12,-0.008,-0.87,166104.0,15156433.057,0.921,0.921,0.908,0.921,1.41,9.47,0.95,-18.57,71863.0,94241.0,-756364.0,-4.99,-12859.0,-0.08,-743505.0,-4.91,474414.0,3.13,281951.0,1.86,-12.0,0.913,0.914,175323473.0,160070331,160070331,2026-08-14,2026-08-14 15:34:30+08:00
159152,港股通科技ETF平安,0.795,0.7945,-0.06,-0.007,-0.87,196527.0,15633966.667,0.799,0.802,0.79,0.802,1.5,2.4,0.54,-40.43,82801.0,113726.0,-1063393.0,-6.8,339438.0,2.17,-1402831.0,-8.97,721850.0,4.62,341542.0,2.18,36.0,0.793,0.795,818556096.0,650752096,650752096,2026-08-14,2026-08-14 15:34:36+08:00
510650,金融地产ETF华夏,2.832,2.8279,-0.14,-0.025,-0.88,7698.0,2187723.0,2.846,2.846,2.832,2.857,0.49,6.44,0.89,-7.97,4507.0,3191.0,51682.0,2.36,0.0,0.0,51682.0,2.36,0.0,0.0,-51682.0,-2.36,-9.0,2.834,2.837,11952500.0,33849480,33849480,2026-08-14,2026-08-14 16:11:41+08:00
560080,中药ETF汇添富,0.997,0.9943,-0.27,-0.009,-0.89,522879.0,52202862.0,1.001,1.012,0.989,1.006,2.29,2.35,0.6,-15.97,266966.0,255913.0,-7257126.0,-13.9,-3775272.0,-7.23,-3481854.0,-6.67,3465841.0,6.64,3791286.0,7.26,-1739.0,0.996,0.997,2226765008.0,2220084713,2220084713,2026-08-14,2026-08-14 16:12:00+08:00
516500,生物科技ETF华夏,0.671,0.6704,-0.09,-0.006,-0.89,100882.0,6790094.0,0.677,0.685,0.664,0.677,3.1,4.57,0.44,4.02,45949.0,54933.0,-361211.0,-5.32,-196788.0,-2.9,-164423.0,-2.42,270384.0,3.98,90827.0,1.34,-196.0,0.67,0.671,220937200.0,148248861,148248861,2026-08-14,2026-08-14 16:11:53+08:00
513550,港股通50ETF华泰柏瑞,1.112,1.1119,-0.01,-0.01,-0.89,196845.0,21934931.0,1.116,1.119,1.111,1.122,0.71,1.18,0.5,7.14,84352.0,112493.0,-72800.0,-0.33,-1526861.0,-6.96,1454061.0,6.63,-236458.0,-1.08,309258.0,1.41,-50.0,1.111,1.112,1672992000.0,1860367104,1860367104,2026-08-14,2026-08-14 16:11:33+08:00
520980,港股通科技ETF汇添富,0.893,0.893,0.0,-0.008,-0.89,2287847.0,204413137.0,0.9,0.902,0.887,0.901,1.66,6.89,0.8,-2.97,1059682.0,1228165.0,-6349215.0,-3.11,-5909087.0,-2.89,-440128.0,-0.22,4238429.0,2.07,2110787.0,1.03,-2319.0,0.892,0.893,3321387008.0,2965998598,2965998598,2026-08-14,2026-08-14 16:11:54+08:00
516110,汽车ETF国泰,1.118,1.1176,-0.04,-0.01,-0.89,231321.0,25867338.0,1.127,1.127,1.113,1.128,1.24,9.86,0.9,-1.02,91501.0,139820.0,2323825.0,8.98,2601809.0,10.06,-277984.0,-1.07,-1879104.0,-7.26,-444721.0,-1.72,-166.0,1.118,1.119,234623100.0,262308626,262308626,2026-08-14,2026-08-14 16:12:00+08:00
159616,农牧ETF建信,0.781,0.7805,-0.06,-0.007,-0.89,160051.0,12479839.6,0.786,0.787,0.778,0.788,1.14,23.34,0.98,-1.2,67237.0,92814.0,112038.0,0.9,0.0,0.0,112038.0,0.9,-72881.0,-0.58,-39157.0,-0.31,1.0,0.779,0.781,68561112.0,53546228,53546228,2026-08-14,2026-08-14 15:34:30+08:00
513900,港股通100ETF华安,0.989,0.9948,0.58,-0.009,-0.9,155142.0,15381573.0,0.996,0.996,0.989,0.998,0.7,16.33,1.68,-3.0,70551.0,84591.0,77609.0,0.5,0.0,0.0,77609.0,0.5,-112197.0,-0.73,34588.0,0.22,-4.0,0.989,0.991,94978000.0,93933242,93933242,2026-08-14,2026-08-14 16:11:37+08:00
561400,畜牧养殖ETF鑫元,0.996,0.9959,-0.01,-0.009,-0.9,28981.0,2886928.0,1.0,1.009,0.994,1.005,1.49,4.05,0.31,0.63,9600.0,19381.0,-167083.0,-5.79,-462629.0,-16.02,295546.0,10.24,17265.0,0.6,149819.0,5.19,-2210.0,0.994,0.997,71519000.0,71232924,71232924,2026-08-14,2026-08-14 16:11:38+08:00
513160,港股科技ETF银华,0.99,0.9902,0.02,-0.009,-0.9,1663162.0,164665058.0,0.994,1.0,0.983,0.999,1.7,4.9,0.92,17.94,686216.0,976946.0,-2880624.0,-1.75,-4790309.0,-2.91,1909685.0,1.16,2176145.0,1.32,704479.0,0.43,-18651.0,0.989,0.99,3394189296.0,3360247403,3360247403,2026-08-14,2026-08-14 16:11:40+08:00
513600,恒生指数ETF南方,2.74,2.7431,0.11,-0.025,-0.9,294609.0,80911806.0,2.75,2.759,2.739,2.765,0.72,4.55,0.82,5.18,130102.0,164507.0,90905.0,0.11,-2738901.0,-3.39,2829806.0,3.5,-3026139.0,-3.74,2935235.0,3.63,-950.0,2.739,2.74,647829504.0,1775052841,1775052841,2026-08-14,2026-08-14 16:11:39+08:00
159828,医疗ETF国泰,0.438,0.4376,-0.09,-0.004,-0.9,1523952.0,66853340.4,0.441,0.446,0.434,0.442,2.71,3.2,0.65,-13.47,814552.0,709400.0,-2905376.0,-4.35,1294920.0,1.94,-4200296.0,-6.28,2189557.0,3.28,715820.0,1.07,6360.0,0.437,0.438,4766439424.0,2087700468,2087700468,2026-08-14,2026-08-14 15:34:12+08:00
159120,港股通科技ETF国联安,0.766,0.7716,0.73,-0.007,-0.91,105033.0,8054117.5,0.772,0.775,0.762,0.773,1.68,6.95,0.59,-59.08,54921.0,50112.0,-441193.0,-5.48,0.0,0.0,-441193.0,-5.48,122798.0,1.52,318395.0,3.95,-21.0,0.766,0.767,151024466.0,115684741,115684741,2026-08-14,2026-08-14 15:34:00+08:00
516860,金融科技ETF博时,1.075,1.0756,0.06,-0.01,-0.92,372234.0,40060461.0,1.088,1.098,1.065,1.085,3.04,3.24,0.78,2.23,192006.0,180228.0,-5459967.0,-13.63,-2475500.0,-6.18,-2984467.0,-7.45,710613.0,1.77,4749353.0,11.86,-1574.0,1.074,1.075,1149522000.0,1235736150,1235736150,2026-08-14,2026-08-14 16:11:40+08:00
510200,上证券商ETF汇安,1.183,1.1811,-0.16,-0.011,-0.92,46777.0,5555002.0,1.196,1.2,1.182,1.194,1.51,3.05,1.94,36.81,19426.0,27351.0,260462.0,4.69,1641231.0,29.55,-1380769.0,-24.86,-813670.0,-14.65,553207.0,9.96,-76.0,1.183,1.185,153385500.0,181455047,181455047,2026-08-14,2026-08-14 16:11:38+08:00
159508,生物医药ETF华安,0.863,0.8641,0.13,-0.008,-0.92,341407.0,29336108.8,0.863,0.882,0.846,0.871,4.13,31.14,1.03,41.38,145201.0,196206.0,-4054043.0,-13.82,-8025946.0,-27.36,3971903.0,13.54,3031116.0,10.33,1022928.0,3.49,-574.0,0.863,0.865,109631598.0,94612069,94612069,2026-08-14,2026-08-14 15:34:27+08:00
159038,粮食ETF易方达,0.864,0.8637,-0.03,-0.008,-0.92,92804.0,8027097.2,0.874,0.874,0.86,0.872,1.61,5.52,1.09,10.14,36943.0,55861.0,-595296.0,-7.42,0.0,0.0,-595296.0,-7.42,243005.0,3.03,352290.0,4.39,600.0,0.862,0.864,168026939.0,145175275,145175275,2026-08-14,2026-08-14 15:34:24+08:00
159916,基本面ETF建信,5.091,5.1003,0.18,-0.048,-0.93,193.0,98395.7,5.129,5.13,5.09,5.139,0.78,0.05,0.57,3.6,2.0,191.0,0.0,0.0,0.0,0.0,0.0,0.0,4146.0,4.21,-4147.0,-4.21,-1.0,5.088,5.118,42566039.0,216703705,216703705,2026-08-14,2026-08-14 15:34:03+08:00
159960,恒生中国企业ETF平安,0.854,0.8569,0.34,-0.008,-0.93,56698.0,4854857.1,0.862,0.862,0.853,0.862,1.04,10.78,0.87,-74.74,19734.0,36964.0,54251.0,1.12,0.0,0.0,54251.0,1.12,31548.0,0.65,-85800.0,-1.77,120.0,0.853,0.854,52573960.0,44898162,44898162,2026-08-14,2026-08-14 15:34:21+08:00
159849,生物科技ETF招商,0.531,0.5316,0.11,-0.005,-0.93,52666.0,2787898.778,0.535,0.541,0.525,0.536,2.99,3.33,0.68,68.67,20570.0,32096.0,36229.0,1.3,547638.0,19.64,-511409.0,-18.34,-35555.0,-1.28,-674.0,-0.02,-381.0,0.531,0.532,158372396.0,84095742,84095742,2026-08-14,2026-08-14 15:34:33+08:00
159192,家电ETF汇添富,0.953,0.9554,0.25,-0.009,-0.94,120.0,11452.9,0.957,0.958,0.953,0.962,0.52,0.07,0.03,0.04,60.0,60.0,-3443.0,-30.06,0.0,0.0,-3443.0,-30.06,0.0,0.0,3443.0,30.06,-5.0,0.952,0.96,16987065.0,16188673,16188673,2026-08-14,2026-08-14 15:34:51+08:00
159859,生物医药ETF天弘,0.421,0.4207,-0.07,-0.004,-0.94,7374862.0,311543242.6,0.423,0.43,0.416,0.425,3.29,7.02,1.06,35.97,4320605.0,3054257.0,-3773006.0,-1.21,2170909.0,0.7,-5943915.0,-1.91,2950146.0,0.95,822860.0,0.26,29415.0,0.42,0.421,10508839936.0,4424221613,4424221613,2026-08-14,2026-08-14 15:34:48+08:00
159847,医疗ETF易方达,0.421,0.4199,-0.26,-0.004,-0.94,841633.0,35478969.9,0.424,0.429,0.417,0.425,2.82,2.16,0.69,3.26,322907.0,518726.0,-1261196.0,-3.55,3282886.0,9.25,-4544082.0,-12.81,387304.0,1.09,873891.0,2.46,6300.0,0.42,0.421,3890825360.0,1638037477,1638037477,2026-08-14,2026-08-14 15:34:12+08:00
520950,港股通50ETF摩根,0.835,0.8356,0.07,-0.008,-0.95,191822.0,16072256.0,0.842,0.842,0.834,0.843,0.95,5.79,0.98,-3.23,96926.0,94896.0,-85887.0,-0.53,-335.0,0.0,-85552.0,-0.53,-1894.0,-0.01,87781.0,0.55,-4.0,0.835,0.837,331421008.0,276736542,276736542,2026-08-14,2026-08-14 16:11:47+08:00
159837,生物科技ETF易方达,0.524,0.5245,0.1,-0.005,-0.95,810074.0,42600100.472,0.528,0.536,0.519,0.529,3.21,2.91,0.63,-4.57,367423.0,442651.0,-3672524.0,-8.62,-3267417.0,-7.67,-405107.0,-0.95,2202408.0,5.17,1470115.0,3.45,2072.0,0.523,0.524,2780152832.0,1456800084,1456800084,2026-08-14,2026-08-14 15:34:27+08:00
510900,恒生中国企业ETF易方达,1.029,1.0318,0.27,-0.01,-0.96,1036563.0,107018598.0,1.036,1.038,1.029,1.039,0.87,3.04,0.93,-11.09,346568.0,689995.0,-3055418.0,-2.86,7061084.0,6.6,-10116502.0,-9.45,1105886.0,1.03,1949533.0,1.82,-1550.0,1.029,1.03,3407021904.0,3505825539,3505825539,2026-08-14,2026-08-14 16:11:52+08:00
513140,港股通金融ETF华泰柏瑞,1.647,1.6441,-0.18,-0.016,-0.96,143436.0,23697611.0,1.658,1.66,1.645,1.663,0.9,17.21,0.67,-16.28,58429.0,85007.0,3169087.0,13.37,0.0,0.0,3169087.0,13.37,-2205537.0,-9.31,-963549.0,-4.07,-334.0,1.647,1.648,83368000.0,137307096,137307096,2026-08-14,2026-08-14 16:11:45+08:00
510150,消费ETF招商,0.511,0.5104,-0.12,-0.005,-0.97,502764.0,25716163.0,0.517,0.517,0.508,0.516,1.74,1.75,0.58,-2.01,195772.0,306992.0,-2457208.0,-9.56,-2286773.0,-8.89,-170435.0,-0.66,1114359.0,4.33,1342849.0,5.22,-2925.0,0.511,0.512,2873178608.0,1468194269,1468194269,2026-08-14,2026-08-14 16:11:46+08:00
159760,医疗健康ETF泰康,0.612,0.6119,-0.02,-0.006,-0.97,17669.0,1077283.8,0.614,0.621,0.607,0.618,2.27,1.36,0.5,-3.45,8501.0,9168.0,-7054.0,-0.65,0.0,0.0,-7054.0,-0.65,3623.0,0.34,3432.0,0.32,-127.0,0.612,0.614,130360223.0,79780456,79780456,2026-08-14,2026-08-14 15:34:27+08:00
159016,证券ETF广发,1.015,1.0128,-0.22,-0.01,-0.98,328875.0,33431916.78,1.026,1.028,1.012,1.025,1.56,8.88,1.33,42.85,116195.0,212680.0,-9550689.0,-28.57,-1623421.0,-4.86,-7927268.0,-23.71,4256717.0,12.73,5293973.0,15.84,1030.0,1.014,1.015,370540160.0,376098262,376098262,2026-08-14,2026-08-14 15:34:18+08:00
159850,恒生国企ETF华夏,0.807,0.8099,0.36,-0.008,-0.98,56990.0,4613937.7,0.81,0.815,0.806,0.815,1.1,1.17,0.75,10.9,30086.0,26904.0,171706.0,3.72,-3260.0,-0.07,174966.0,3.79,-107646.0,-2.33,-64060.0,-1.39,-4.0,0.807,0.808,487706496.0,393579142,393579142,2026-08-14,2026-08-14 15:34:15+08:00
515090,可持续发展ETF博时,1.414,1.4142,0.01,-0.014,-0.98,17820.0,2517888.0,1.419,1.419,1.407,1.428,0.84,16.5,1.56,9.94,13325.0,4495.0,81612.0,3.24,778373.0,30.91,-696761.0,-27.67,-70312.0,-2.79,-11301.0,-0.45,-2.0,1.414,1.418,10801700.0,15273604,15273604,2026-08-14,2026-08-14 16:11:44+08:00
159109,恒生50ETF景顺,0.812,0.8139,0.23,-0.008,-0.98,137266.0,11161356.1,0.817,0.818,0.81,0.82,0.98,2.24,0.84,9.02,55801.0,81465.0,4007968.0,35.91,1660651.0,14.88,2347317.0,21.03,-41750.0,-0.37,-3966218.0,-35.54,-4.0,0.812,0.813,613163856.0,497889051,497889051,2026-08-14,2026-08-14 15:34:54+08:00
159587,粮食ETF广发,1.106,1.1049,-0.1,-0.011,-0.98,86402.0,9559515.8,1.116,1.116,1.101,1.117,1.34,5.29,0.77,2.35,43179.0,43223.0,-857362.0,-8.97,559304.0,5.85,-1416666.0,-14.82,-61906.0,-0.65,919268.0,9.62,-1481.0,1.106,1.107,163447031.0,180772416,180772416,2026-08-14,2026-08-14 15:34:33+08:00
159736,食品饮料ETF天弘,0.603,0.6026,-0.07,-0.006,-0.99,290267.0,17504552.5,0.606,0.608,0.601,0.609,1.15,0.39,0.77,29.05,123848.0,166419.0,-240227.0,-1.37,858268.0,4.9,-1098495.0,-6.28,-203350.0,-1.16,443576.0,2.53,1186.0,0.602,0.603,7518394368.0,4533591804,4533591804,2026-08-14,2026-08-14 15:34:39+08:00
516550,农业ETF嘉实,0.696,0.6966,0.09,-0.007,-1.0,131140.0,9134946.0,0.708,0.708,0.693,0.703,2.13,5.15,1.05,9.04,76120.0,55020.0,150939.0,1.65,763310.0,8.36,-612371.0,-6.7,-121149.0,-1.33,-29790.0,-0.33,-148.0,0.696,0.697,254414400.0,177072422,177072422,2026-08-14,2026-08-14 16:11:36+08:00
513210,恒生ETF易方达,1.492,1.4924,0.03,-0.015,-1.0,54625.0,8156608.0,1.507,1.507,1.491,1.507,1.06,12.43,1.17,-24.97,28609.0,26016.0,-271396.0,-3.33,0.0,0.0,-271396.0,-3.33,85814.0,1.05,185582.0,2.28,-12.0,1.492,1.493,43942000.0,65561464,65561464,2026-08-14,2026-08-14 16:11:57+08:00
562050,药ETF华宝,0.987,0.9863,-0.07,-0.01,-1.0,73772.0,7316273.0,0.998,1.005,0.979,0.997,2.61,7.34,0.59,-2.36,29119.0,44653.0,-605981.0,-8.28,-252831.0,-3.46,-353150.0,-4.83,233135.0,3.19,372847.0,5.1,-189.0,0.985,0.987,100468000.0,99161916,99161916,2026-08-14,2026-08-14 16:11:35+08:00
515120,创新药ETF广发,0.688,0.6873,-0.1,-0.007,-1.01,11101794.0,763988222.0,0.692,0.702,0.679,0.695,3.31,6.42,0.65,19.48,4603308.0,6498486.0,-92929992.0,-12.16,-112840848.0,-14.77,19910856.0,2.61,54994580.0,7.2,37935412.0,4.97,-114646.0,0.687,0.688,17287993600.0,11894139597,11894139597,2026-08-14,2026-08-14 16:11:35+08:00
520840,港股通恒生科技ETF华安,0.784,0.783,-0.13,-0.008,-1.01,477030.0,37442108.0,0.795,0.795,0.78,0.792,1.89,4.25,0.84,37.02,191818.0,285212.0,-2504929.0,-6.69,-1807268.0,-4.83,-697661.0,-1.86,1285977.0,3.43,1218952.0,3.26,-1021.0,0.783,0.784,1123049008.0,880470422,880470422,2026-08-14,2026-08-14 16:12:01+08:00
516130,消费龙头ETF华宝,0.684,0.6826,-0.21,-0.007,-1.01,158985.0,10879904.0,0.692,0.693,0.682,0.691,1.59,1.01,0.83,-2.27,67316.0,91669.0,73392.0,0.67,929461.0,8.54,-856069.0,-7.87,-589322.0,-5.42,515930.0,4.74,-309.0,0.684,0.685,1569890000.0,1073804760,1073804760,2026-08-14,2026-08-14 16:11:34+08:00
159312,恒指港股通ETF广发,1.171,1.175,0.34,-0.012,-1.01,7992.0,937891.734,1.18,1.18,1.17,1.183,0.85,2.41,0.59,-23.99,4658.0,3334.0,-18892.0,-2.01,0.0,0.0,-18892.0,-2.01,18372.0,1.96,520.0,0.06,-40.0,1.171,1.173,33224353.0,38905717,38905717,2026-08-14,2026-08-14 15:34:45+08:00
159839,生物医药ETF汇添富,0.391,0.3907,-0.08,-0.004,-1.01,1382896.0,54074562.646,0.395,0.399,0.386,0.395,3.29,5.45,0.57,8.84,565943.0,816953.0,-3870478.0,-7.16,-4166472.0,-7.71,295994.0,0.55,2933812.0,5.43,936667.0,1.73,-7537.0,0.391,0.392,2538735168.0,992645451,992645451,2026-08-14,2026-08-14 15:34:30+08:00
159643,疫苗ETF国泰,0.582,0.5829,0.15,-0.006,-1.02,143524.0,8381362.576,0.587,0.593,0.577,0.588,2.72,6.07,0.84,-26.5,52334.0,91191.0,-627300.0,-7.48,1256274.0,14.99,-1883574.0,-22.47,435220.0,5.19,192079.0,2.29,-224.0,0.582,0.583,236390617.0,137579339,137579339,2026-08-14,2026-08-14 15:34:48+08:00
517360,沪港深科技ETF华安,0.969,0.9719,0.3,-0.01,-1.02,735.0,71523.0,0.979,0.979,0.963,0.979,1.63,0.28,0.29,10.46,155.0,580.0,5147.0,7.2,0.0,0.0,5147.0,7.2,-19460.0,-27.21,14313.0,20.01,-40.0,0.969,0.972,26583000.0,25758927,25758927,2026-08-14,2026-08-14 16:11:54+08:00
159618,光伏ETF华安,0.682,0.682,0.0,-0.007,-1.02,21724.0,1476441.182,0.682,0.685,0.676,0.689,1.31,2.89,0.64,36.18,9975.0,11749.0,198140.0,13.42,33711.0,2.28,164429.0,11.14,-148505.0,-10.06,-49635.0,-3.36,-1.0,0.682,0.683,75131407.0,51239620,51239620,2026-08-14,2026-08-14 15:34:33+08:00
159938,医药ETF广发,0.678,0.6777,-0.04,-0.007,-1.02,737545.0,50112187.4,0.685,0.691,0.671,0.685,2.92,1.01,0.65,-14.48,300932.0,436613.0,-1345123.0,-2.68,2831795.0,5.65,-4176918.0,-8.34,148963.0,0.3,1196160.0,2.39,-3570.0,0.678,0.679,7304567296.0,4952496627,4952496627,2026-08-14,2026-08-14 15:34:15+08:00
159063,粮食ETF南方,0.961,0.9612,0.02,-0.01,-1.03,21900.0,2104444.226,0.98,0.98,0.957,0.971,2.37,3.91,0.55,-27.34,11092.0,10808.0,-96823.0,-4.6,0.0,0.0,-96823.0,-4.6,84934.0,4.04,11890.0,0.56,-203.0,0.96,0.962,55986647.0,53803168,53803168,2026-08-14,2026-08-14 15:34:36+08:00
159269,港股通科技ETF南方,0.865,0.8668,0.21,-0.009,-1.03,913264.0,79232109.5,0.882,0.882,0.86,0.874,2.52,4.6,0.81,22.83,455397.0,457867.0,-343808.0,-0.43,1516961.0,1.91,-1860769.0,-2.35,214702.0,0.27,129106.0,0.16,256.0,0.864,0.865,1985311712.0,1717294631,1717294631,2026-08-14,2026-08-14 15:34:33+08:00
562510,旅游ETF华夏,0.57,0.5697,-0.05,-0.006,-1.04,553206.0,31583371.0,0.576,0.576,0.568,0.576,1.39,5.26,0.81,3.62,249335.0,303871.0,-2852522.0,-9.03,-2510368.0,-7.95,-342154.0,-1.08,806494.0,2.55,2046027.0,6.48,-1971.0,0.569,0.57,1052595008.0,599979155,599979155,2026-08-14,2026-08-14 16:11:58+08:00
518800,黄金ETF国泰,9.377,9.3862,0.1,-0.099,-1.04,686529.0,641842407.0,9.331,9.382,9.322,9.476,0.63,1.88,0.94,59.44,332428.0,354101.0,8048180.0,1.25,-5679724.0,-0.88,13727904.0,2.14,-10662337.0,-1.66,2614146.0,0.41,-865.0,9.377,9.378,3647479200.0,34202412458,34202412458,2026-08-14,2026-08-14 16:11:51+08:00
159830,金ETF天弘,9.34,9.3446,0.05,-0.098,-1.04,93958.0,87481530.172,9.301,9.342,9.285,9.438,0.6,2.63,1.05,-20.86,46001.0,47957.0,1737679.0,1.99,0.0,0.0,1737679.0,1.99,-7769454.0,-8.88,6031774.0,6.89,-9.0,9.34,9.341,357814064.0,3341983358,3341983358,2026-08-14,2026-08-14 15:34:21+08:00
513040,港股通互联网ETF易方达,0.948,0.9502,0.23,-0.01,-1.04,6892873.0,654850199.0,0.953,0.959,0.944,0.958,1.57,9.92,0.95,-10.57,3292505.0,3600368.0,-51307461.0,-7.83,-26981184.0,-4.12,-24326277.0,-3.71,45976717.0,7.02,5330751.0,0.81,-13787.0,0.948,0.949,6949341184.0,6587975442,6587975442,2026-08-14,2026-08-14 16:11:39+08:00
515170,食品饮料ETF华夏,0.478,0.4777,-0.06,-0.005,-1.04,1387280.0,66481325.0,0.482,0.484,0.477,0.483,1.45,1.58,0.54,-7.21,578489.0,808791.0,-6001283.0,-9.03,-4876143.0,-7.33,-1125140.0,-1.69,4004447.0,6.02,1996836.0,3.0,-9358.0,0.477,0.478,8776758016.0,4195290332,4195290332,2026-08-14,2026-08-14 16:11:39+08:00
159842,券商ETF银华,1.035,1.0346,-0.04,-0.011,-1.05,3431278.0,356626208.775,1.046,1.05,1.034,1.046,1.53,3.65,1.05,23.15,1362180.0,2069098.0,-41514505.0,-11.64,-19993914.0,-5.61,-21520591.0,-6.03,18229409.0,5.11,23285096.0,6.53,16786.0,1.034,1.035,9410250752.0,9739609528,9739609528,2026-08-14,2026-08-14 15:34:03+08:00
159060,粮食ETF浦银,0.943,0.945,0.21,-0.01,-1.05,2857.0,269413.229,0.946,0.948,0.941,0.953,0.73,0.44,0.42,-10.33,2493.0,364.0,21041.0,7.81,0.0,0.0,21041.0,7.81,-26784.0,-9.94,5744.0,2.13,-284.0,0.943,0.954,64483423.0,60807868,60807868,2026-08-14,2026-08-14 15:34:33+08:00
517550,沪港深消费龙头ETF招商,0.66,0.6635,0.53,-0.007,-1.05,50565.0,3349322.0,0.666,0.669,0.66,0.667,1.35,5.95,0.67,-1.77,24469.0,26096.0,2233.0,0.07,73813.0,2.2,-71580.0,-2.14,-28689.0,-0.86,26456.0,0.79,-201.0,0.66,0.662,84917400.0,56045484,56045484,2026-08-14,2026-08-14 16:11:40+08:00
518660,黄金ETF工银,8.974,8.9782,0.05,-0.096,-1.06,484147.0,432977923.0,8.936,8.976,8.9,9.07,0.84,4.99,1.36,11.12,281914.0,202233.0,81773875.0,18.89,35801254.0,8.27,45972621.0,10.62,-47036128.0,-10.86,-34737746.0,-8.02,-236.0,8.974,8.975,970352704.0,8707945166,8707945166,2026-08-14,2026-08-14 16:11:50+08:00
518880,黄金ETF华安,8.946,8.9496,0.04,-0.096,-1.06,5250784.0,4681877001.0,8.906,8.949,8.891,9.042,0.64,4.56,0.77,50.89,2606242.0,2644542.0,11535248.0,0.25,-102168720.0,-2.18,113703968.0,2.43,-47702032.0,-1.02,36166784.0,0.77,-29539.0,8.946,8.947,11507840768.0,102949143511,102949143511,2026-08-14,2026-08-14 16:11:36+08:00
159862,食品饮料ETF银华,0.559,0.5586,-0.07,-0.006,-1.06,68943.0,3859602.3,0.562,0.564,0.558,0.565,1.06,2.24,0.92,-83.56,35761.0,33182.0,-691799.0,-17.92,-379049.0,-9.82,-312750.0,-8.1,550173.0,14.25,141627.0,3.67,88.0,0.558,0.559,307500624.0,171892849,171892849,2026-08-14,2026-08-14 15:34:18+08:00
159645,疫苗ETF富国,0.647,0.6485,0.23,-0.007,-1.07,7570.0,490906.6,0.652,0.66,0.642,0.654,2.75,1.41,0.28,14.67,3159.0,4411.0,164548.0,33.52,235872.0,48.05,-71324.0,-14.53,-155171.0,-31.61,-9376.0,-1.91,-20.0,0.645,0.649,53540740.0,34640859,34640859,2026-08-14,2026-08-14 15:34:45+08:00
159647,中药ETF鹏华,0.923,0.9242,0.13,-0.01,-1.07,351509.0,32635947.5,0.929,0.94,0.918,0.933,2.36,3.25,0.28,-0.9,148556.0,202953.0,2575384.0,7.89,4355968.0,13.35,-1780584.0,-5.46,-1237433.0,-3.79,-1337952.0,-4.1,-638.0,0.923,0.924,1079961760.0,996804704,996804704,2026-08-14,2026-08-14 15:34:51+08:00
518680,金ETF富国,9.365,9.3761,0.12,-0.101,-1.07,174092.0,162563177.0,9.325,9.37,9.312,9.466,0.61,2.15,0.65,-59.35,86190.0,87902.0,8675692.0,5.34,-140479.0,-0.09,8816171.0,5.42,-9881836.0,-6.08,1206144.0,0.74,-527.0,9.365,9.368,808269504.0,7569443905,7569443905,2026-08-14,2026-08-14 16:11:53+08:00
159843,食品饮料ETF招商,0.554,0.5541,0.02,-0.006,-1.07,109265.0,6066373.7,0.562,0.562,0.553,0.56,1.61,1.78,0.78,35.14,30893.0,78372.0,-748603.0,-12.34,-1033402.0,-17.03,284799.0,4.69,393704.0,6.49,354900.0,5.85,-408.0,0.554,0.555,613455136.0,339854145,339854145,2026-08-14,2026-08-14 15:34:06+08:00
560190,公用事业ETF鹏华,1.02,1.0185,-0.15,-0.011,-1.07,8596.0,877363.0,1.022,1.026,1.016,1.031,0.97,4.45,1.87,8.91,6474.0,2122.0,-41935.0,-4.78,51918.0,5.92,-93853.0,-10.7,24133.0,2.75,17802.0,2.03,-6.0,1.019,1.02,19334000.0,19720680,19720680,2026-08-14,2026-08-14 16:11:50+08:00
159976,湾创ETF工银,1.296,1.3022,0.48,-0.014,-1.07,1550.0,202129.488,1.304,1.305,1.294,1.31,0.84,0.24,2.6,-20.35,1463.0,87.0,-183561.0,-90.81,0.0,0.0,-183561.0,-90.81,134364.0,66.47,49195.0,24.34,-39.0,1.296,1.301,64885872.0,84092090,84092090,2026-08-14,2026-08-14 15:34:27+08:00
159159,公用事业ETF国投瑞银,1.014,1.0156,0.16,-0.011,-1.07,19923.0,2022106.052,1.026,1.026,1.013,1.025,1.27,1.62,1.14,57.25,7869.0,12054.0,-70168.0,-3.47,21779.0,1.08,-91947.0,-4.55,-21518.0,-1.06,91685.0,4.53,-18.0,1.014,1.015,122818582.0,124538042,124538042,2026-08-14,2026-08-14 15:34:21+08:00
159831,金ETF嘉实,9.032,9.0305,-0.02,-0.099,-1.08,139412.0,125512392.8,9.02,9.034,8.971,9.131,0.69,6.47,0.67,37.84,71066.0,68346.0,1251248.0,1.0,-694285.0,-0.55,1945533.0,1.55,-1277975.0,-1.02,26728.0,0.02,32.0,9.022,9.032,215456243.0,1946000787,1946000787,2026-08-14,2026-08-14 15:34:15+08:00
159934,黄金ETF易方达,9.343,9.3487,0.06,-0.102,-1.08,1363111.0,1269558150.149,9.303,9.348,9.288,9.445,0.64,3.5,1.04,26.71,793130.0,569981.0,129809248.0,10.22,17123328.0,1.35,112685920.0,8.88,-45285568.0,-3.57,-84523692.0,-6.66,-2375.0,9.343,9.344,3890208992.0,36346222612,36346222612,2026-08-14,2026-08-14 15:34:27+08:00
518860,上海金ETF建信,8.966,8.9677,0.02,-0.098,-1.08,54118.0,48358978.0,8.98,8.98,8.91,9.064,0.77,1.15,0.73,14.88,26885.0,27233.0,283944.0,0.59,0.0,0.0,283944.0,0.59,359916.0,0.74,-643860.0,-1.33,-26.0,8.962,8.966,472059808.0,4232488239,4232488239,2026-08-14,2026-08-14 16:11:55+08:00
510630,消费ETF华夏,0.827,0.8265,-0.06,-0.009,-1.08,456880.0,37894295.0,0.836,0.836,0.825,0.836,1.32,7.87,0.82,3.32,217401.0,239479.0,-119892.0,-0.32,971810.0,2.56,-1091702.0,-2.88,-641736.0,-1.69,761627.0,2.01,-540.0,0.827,0.828,580361504.0,479958964,479958964,2026-08-14,2026-08-14 16:11:58+08:00
516820,医疗创新ETF平安,0.362,0.3626,0.17,-0.004,-1.09,1288806.0,46853195.0,0.366,0.369,0.36,0.366,2.46,2.73,0.57,2.46,603688.0,685118.0,-2502320.0,-5.34,-4213569.0,-8.99,1711249.0,3.65,1712374.0,3.65,789946.0,1.69,-4318.0,0.362,0.363,4724415232.0,1710238314,1710238314,2026-08-14,2026-08-14 16:11:51+08:00
518850,黄金ETF华夏,9.033,9.0402,0.08,-0.1,-1.09,620523.0,558748070.0,9.01,9.038,8.982,9.133,0.61,3.36,0.74,-35.32,302505.0,318018.0,3953857.0,0.71,13634822.0,2.44,-9680965.0,-1.73,-14881138.0,-2.66,10927280.0,1.96,-1351.0,9.033,9.034,1844778704.0,16663886033,16663886033,2026-08-14,2026-08-14 16:11:56+08:00
159993,证券ETF鹏华,1.175,1.1747,-0.03,-0.013,-1.09,928753.0,109620062.223,1.188,1.192,1.173,1.188,1.6,2.73,0.44,41.67,367684.0,561069.0,-5247954.0,-4.79,465287.0,0.42,-5713241.0,-5.21,2038216.0,1.86,3209738.0,2.93,6971.0,1.174,1.175,3406697984.0,4002870131,4002870131,2026-08-14,2026-08-14 15:34:36+08:00
515560,证券ETF建信,0.998,0.9965,-0.15,-0.011,-1.09,133338.0,13368279.0,1.015,1.015,0.997,1.009,1.78,6.77,0.91,8.72,53578.0,79760.0,-635328.0,-4.75,-994104.0,-7.44,358776.0,2.68,96215.0,0.72,539113.0,4.03,-18.0,0.998,0.999,196883300.0,196489533,196489533,2026-08-14,2026-08-14 16:11:36+08:00
159937,黄金ETF博时,8.921,8.9237,0.03,-0.099,-1.1,1182956.0,1052161614.728,8.915,8.927,8.8,9.02,1.41,2.48,1.1,66.7,649998.0,532958.0,3370225.0,0.32,38436337.0,3.65,-35066112.0,-3.33,2677213.0,0.25,-6047445.0,-0.57,-1245.0,8.921,8.922,4762921984.0,42490027019,42490027019,2026-08-14,2026-08-14 15:34:09+08:00
560400,证券ETF华泰柏瑞,0.986,0.9844,-0.16,-0.011,-1.1,222488.0,22025152.0,0.995,1.0,0.985,0.997,1.5,11.74,0.95,-7.02,88304.0,134184.0,-2772537.0,-12.59,301891.0,1.37,-3074428.0,-13.96,1378359.0,6.26,1394178.0,6.33,-141.0,0.985,0.986,189493000.0,186840098,186840098,2026-08-14,2026-08-14 16:11:47+08:00
513770,港股互联网ETF华宝,0.361,0.3621,0.3,-0.004,-1.1,11837076.0,428334704.0,0.363,0.365,0.359,0.365,1.64,7.88,0.98,-27.75,5062602.0,6774474.0,-7604042.0,-1.78,-11896800.0,-2.78,4292758.0,1.0,4087794.0,0.95,3516248.0,0.82,-159732.0,0.36,0.361,15015137792.0,5420464743,5420464743,2026-08-14,2026-08-14 16:11:48+08:00
159834,金ETF南方,9.342,9.3472,0.06,-0.104,-1.1,185297.0,172539374.3,9.322,9.347,9.289,9.446,0.61,8.82,0.74,-12.26,90459.0,94838.0,-3088701.0,-1.79,-946665.0,-0.55,-2142036.0,-1.24,740283.0,0.43,2348418.0,1.36,51.0,9.34,9.342,210061376.0,1962393375,1962393375,2026-08-14,2026-08-14 15:34:24+08:00
518600,金ETF广发,9.316,9.3287,0.14,-0.104,-1.1,198253.0,184184030.0,9.282,9.324,9.266,9.42,0.62,2.73,0.61,46.17,101479.0,96774.0,500710.0,0.27,-458098.0,-0.25,958808.0,0.52,-1999936.0,-1.09,1499227.0,0.81,-2002.0,9.316,9.32,725416304.0,6757978288,6757978288,2026-08-14,2026-08-14 16:11:39+08:00
159841,证券ETF天弘,0.986,0.9853,-0.07,-0.011,-1.1,3333551.0,329878100.72,0.995,1.001,0.984,0.997,1.71,2.74,1.4,38.67,1085916.0,2247635.0,-108372352.0,-32.85,-112874927.0,-34.22,4502575.0,1.36,69910425.0,21.19,38461927.0,11.66,-30222.0,0.986,0.987,12150438400.0,11980332262,11980332262,2026-08-14,2026-08-14 15:34:30+08:00
560260,医疗ETF广发,0.891,0.8906,-0.04,-0.01,-1.11,195967.0,17553580.0,0.894,0.908,0.884,0.901,2.66,1.11,0.67,-13.31,95247.0,100720.0,483932.0,2.76,1134882.0,6.47,-650950.0,-3.71,-684785.0,-3.9,200852.0,1.14,-103.0,0.889,0.891,1761664704.0,1569643251,1569643251,2026-08-14,2026-08-14 16:12:00+08:00
515950,医药50ETF富国,0.983,0.9839,0.09,-0.011,-1.11,124407.0,12291807.0,0.992,1.004,0.976,0.994,2.82,2.26,0.63,-4.73,68788.0,55619.0,-152799.0,-1.24,968920.0,7.88,-1121719.0,-9.13,-414221.0,-3.37,567020.0,4.61,-504.0,0.983,0.984,551200608.0,541830198,541830198,2026-08-14,2026-08-14 16:11:33+08:00
515010,证券ETF华夏,1.252,1.2492,-0.22,-0.014,-1.11,512568.0,64379947.0,1.265,1.269,1.25,1.266,1.5,2.45,1.28,27.73,184765.0,327803.0,-17600842.0,-27.34,-12623380.0,-19.61,-4977462.0,-7.73,8444862.0,13.12,9155980.0,14.22,-3534.0,1.251,1.252,2089271600.0,2615768043,2615768043,2026-08-14,2026-08-14 16:11:51+08:00
159030,粮食ETF华夏,0.803,0.8039,0.11,-0.009,-1.11,60917.0,4902183.17,0.818,0.818,0.8,0.812,2.22,2.12,0.82,69.86,20993.0,39924.0,-1397072.0,-28.5,-1588025.0,-32.39,190953.0,3.9,852451.0,17.39,544621.0,11.11,235.0,0.802,0.803,286968176.0,230435445,230435445,2026-08-14,2026-08-14 15:34:27+08:00
159745,建材ETF国泰,0.529,0.531,0.38,-0.006,-1.12,829240.0,43946446.8,0.534,0.535,0.527,0.535,1.5,6.06,0.74,-15.22,286754.0,542486.0,-748179.0,-1.7,284197.0,0.65,-1032376.0,-2.35,-389657.0,-0.89,1137835.0,2.59,-1968.0,0.529,0.53,1367688272.0,723507096,723507096,2026-08-14,2026-08-14 15:34:45+08:00
513860,港股通科技ETF海富通,0.615,0.6181,0.5,-0.007,-1.13,2133094.0,131328707.0,0.62,0.622,0.61,0.622,1.93,6.74,0.84,-0.29,905214.0,1227880.0,-781434.0,-0.6,-5144342.0,-3.92,4362908.0,3.32,1077921.0,0.82,-296487.0,-0.23,-2691.0,0.615,0.616,3164470608.0,1946149424,1946149424,2026-08-14,2026-08-14 16:11:34+08:00
512170,医疗ETF华宝,0.351,0.3507,-0.09,-0.004,-1.13,16879722.0,594085126.0,0.354,0.358,0.348,0.355,2.82,2.27,0.64,-7.24,6540384.0,10339339.0,-28399130.0,-4.78,-2018784.0,-0.34,-26380346.0,-4.44,16844667.0,2.84,11554459.0,1.94,-100726.0,0.351,0.352,74212818944.0,26048699449,26048699449,2026-08-14,2026-08-14 16:11:57+08:00
515720,金融科技ETF富国,0.702,0.7026,0.09,-0.008,-1.13,104073.0,7327166.0,0.71,0.717,0.696,0.71,2.96,2.38,0.55,-3.01,46015.0,58058.0,-779575.0,-10.64,2434.0,0.03,-782009.0,-10.67,776501.0,10.6,3074.0,0.04,-434.0,0.701,0.702,437611008.0,307202928,307202928,2026-08-14,2026-08-14 16:11:40+08:00
512620,农业ETF天弘,0.869,0.8675,-0.17,-0.01,-1.14,92581.0,8067791.0,0.881,0.881,0.865,0.879,1.82,0.64,1.28,3.7,43064.0,49517.0,-190567.0,-2.36,-1459882.0,-18.1,1269315.0,15.73,-82208.0,-1.02,272777.0,3.38,14.0,0.869,0.87,1439666000.0,1251069754,1251069754,2026-08-14,2026-08-14 16:11:52+08:00
513750,港股通非银ETF广发,1.471,1.4727,0.12,-0.017,-1.14,2023560.0,298599646.0,1.483,1.484,1.47,1.488,0.94,2.3,0.44,-26.56,958094.0,1065466.0,-31532705.0,-10.56,-25088763.0,-8.4,-6443942.0,-2.16,26205388.0,8.78,5327316.0,1.78,-12190.0,1.471,1.472,8815837952.0,12968097627,12968097627,2026-08-14,2026-08-14 16:11:56+08:00
512000,券商ETF华宝,0.52,0.5191,-0.17,-0.006,-1.14,22430982.0,1170560364.0,0.525,0.528,0.519,0.526,1.71,2.98,1.14,34.2,7725733.0,14705249.0,-127548669.0,-10.9,-210588272.0,-17.99,83039603.0,7.09,96700218.0,8.26,30848441.0,2.64,-288540.0,0.519,0.52,75190235136.0,39098922271,39098922271,2026-08-14,2026-08-14 16:11:35+08:00
159262,港股通科技ETF广发,0.871,0.8751,0.47,-0.01,-1.14,3846197.0,336429286.1,0.881,0.883,0.869,0.881,1.59,6.6,1.2,-13.24,1546213.0,2299984.0,-6167884.0,-1.83,-6197867.0,-1.84,29983.0,0.01,-8702917.0,-2.59,14870801.0,4.42,-8795.0,0.871,0.872,5825720576.0,5074202622,5074202622,2026-08-14,2026-08-14 15:34:36+08:00
560620,公用事业ETF万家,0.957,0.9545,-0.26,-0.011,-1.14,6189.0,591909.0,0.968,0.968,0.955,0.968,1.34,2.3,3.09,8.66,3576.0,2613.0,-373072.0,-63.03,0.0,0.0,-373072.0,-63.03,38900.0,6.57,334172.0,56.46,-1.0,0.955,0.957,26867000.0,25711719,25711719,2026-08-14,2026-08-14 16:11:54+08:00
159838,医药50ETF博时,0.606,0.6065,0.08,-0.007,-1.14,83903.0,5077943.715,0.612,0.618,0.601,0.613,2.77,3.65,0.75,-10.35,29965.0,53938.0,168509.0,3.32,-655610.0,-12.91,824119.0,16.23,-402465.0,-7.93,233956.0,4.61,191.0,0.605,0.606,229763462.0,139236658,139236658,2026-08-14,2026-08-14 15:34:27+08:00
159670,消费50ETF国联安,0.866,0.8658,-0.02,-0.01,-1.14,28948.0,2518438.2,0.871,0.873,0.865,0.876,0.91,5.2,0.75,-36.89,13052.0,15896.0,28803.0,1.14,0.0,0.0,28803.0,1.14,-121857.0,-4.84,93055.0,3.69,120.0,0.865,0.869,55706921.0,48242194,48242194,2026-08-14,2026-08-14 15:34:06+08:00
518890,上海金ETF中银,8.957,8.9645,0.08,-0.103,-1.14,61995.0,55366344.0,8.972,8.972,8.906,9.06,0.73,1.6,0.9,-26.87,32650.0,29345.0,4062061.0,7.34,0.0,0.0,4062061.0,7.34,-3012655.0,-5.44,-1049407.0,-1.9,-30.0,8.957,8.962,387254800.0,3468641244,3468641244,2026-08-14,2026-08-14 16:11:43+08:00
159698,粮食ETF鹏华,0.856,0.8562,0.02,-0.01,-1.15,431479.0,36974304.4,0.864,0.865,0.852,0.866,1.5,3.76,0.82,-5.5,162247.0,269232.0,-3207114.0,-8.67,-6135389.0,-16.59,2928275.0,7.92,1095442.0,2.96,2111671.0,5.71,-2324.0,0.856,0.857,1148444384.0,983068393,983068393,2026-08-14,2026-08-14 15:34:06+08:00
159812,黄金ETF前海开源,8.906,8.9099,0.04,-0.104,-1.15,25778.0,22894912.0,8.921,8.921,8.856,9.01,0.72,1.55,0.62,69.62,11728.0,14050.0,442824.0,1.93,1405849.0,6.14,-963025.0,-4.21,110420.0,0.48,-553244.0,-2.42,-42.0,8.906,8.915,166213149.0,1480294305,1480294305,2026-08-14,2026-08-14 15:34:15+08:00
159072,粮食ETF景顺,1.031,1.0347,0.36,-0.012,-1.15,20672.0,2135051.132,1.043,1.043,1.029,1.043,1.34,5.86,0.53,-1.66,7572.0,13099.0,125987.0,5.9,0.0,0.0,125987.0,5.9,-212024.0,-9.93,86037.0,4.03,0.0,1.033,1.034,35285157.0,36378997,36378997,2026-08-14,2026-08-14 15:34:15+08:00
159165,养殖ETF永赢,0.855,0.8536,-0.16,-0.01,-1.16,73032.0,6239724.553,0.865,0.865,0.85,0.865,1.73,6.27,0.62,89.06,33541.0,39491.0,-773739.0,-12.4,0.0,0.0,-773739.0,-12.4,419017.0,6.72,354722.0,5.68,98.0,0.854,0.855,116571257.0,99668425,99668425,2026-08-14,2026-08-14 15:34:12+08:00
515710,食品饮料ETF华宝,0.51,0.5109,0.18,-0.006,-1.16,279634.0,14321277.0,0.515,0.516,0.51,0.516,1.16,1.2,0.54,4.57,121237.0,158397.0,-1119804.0,-7.82,1725743.0,12.05,-2845547.0,-19.87,690776.0,4.82,429029.0,3.0,-2178.0,0.51,0.511,2338099808.0,1192430902,1192430902,2026-08-14,2026-08-14 16:11:45+08:00
159798,消费ETF易方达,0.855,0.8562,0.14,-0.01,-1.16,120899.0,10374708.8,0.865,0.865,0.855,0.865,1.16,6.46,0.52,48.81,49173.0,71726.0,-308149.0,-2.97,-251433.0,-2.42,-56716.0,-0.55,-193430.0,-1.86,501580.0,4.83,-2064.0,0.855,0.856,187245390.0,160094808,160094808,2026-08-14,2026-08-14 15:34:00+08:00
520790,港股通互联网ETF兴业,0.845,0.8445,-0.06,-0.01,-1.17,98841.0,8375544.0,0.855,0.858,0.844,0.855,1.64,2.13,0.72,3.07,52016.0,46825.0,238355.0,2.85,-848000.0,-10.12,1086355.0,12.97,-255789.0,-3.05,17434.0,0.21,-1.0,0.845,0.846,464075008.0,392143382,392143382,2026-08-14,2026-08-14 16:12:00+08:00
512570,证券ETF易方达,1.094,1.0922,-0.16,-0.013,-1.17,1756567.0,192989891.0,1.109,1.111,1.092,1.107,1.72,4.25,1.21,16.77,667255.0,1089312.0,-45698965.0,-23.68,-44046446.0,-22.82,-1652519.0,-0.86,26698192.0,13.83,19000774.0,9.85,-15527.0,1.093,1.094,4137806096.0,4526759869,4526759869,2026-08-14,2026-08-14 16:12:02+08:00
563670,金融科技ETF鹏华,0.678,0.6772,-0.12,-0.008,-1.17,17632.0,1196780.0,0.686,0.69,0.669,0.686,3.06,0.96,1.0,16.88,10638.0,6994.0,-229430.0,-19.17,0.0,0.0,-229430.0,-19.17,150314.0,12.56,79117.0,6.61,-10.0,0.678,0.68,182987000.0,124065186,124065186,2026-08-14,2026-08-14 16:11:43+08:00
159179,港股通互联网ETF工银,0.843,0.846,0.35,-0.01,-1.17,68900.0,5829260.2,0.852,0.854,0.841,0.853,1.52,6.27,0.42,-15.15,34414.0,34486.0,11133.0,0.19,9158.0,0.16,1975.0,0.03,-146739.0,-2.52,135606.0,2.33,-147.0,0.843,0.845,109903568.0,92648708,92648708,2026-08-14,2026-08-14 15:34:00+08:00
515060,房地产ETF华夏,0.589,0.589,0.0,-0.007,-1.17,737589.0,43308811.0,0.594,0.595,0.582,0.596,2.18,7.79,1.0,-1.89,380298.0,357291.0,303320.0,0.7,91878.0,0.21,211442.0,0.49,-633118.0,-1.46,329797.0,0.76,-316.0,0.589,0.59,946478096.0,557475599,557475599,2026-08-14,2026-08-14 16:11:58+08:00
159015,恒生港股通科技ETF国联,0.92,0.9221,0.23,-0.011,-1.18,39455.0,3636224.58,0.927,0.931,0.916,0.931,1.61,3.58,0.88,50.52,14422.0,25033.0,-516625.0,-14.21,-13852.0,-0.38,-502773.0,-13.83,440268.0,12.11,76357.0,2.1,-244.0,0.921,0.923,110352934.0,101524699,101524699,2026-08-14,2026-08-14 15:34:24+08:00
159792,港股通互联网ETF富国,0.588,0.5914,0.57,-0.007,-1.18,30393749.0,1792326501.139,0.592,0.595,0.586,0.595,1.51,4.31,0.91,0.66,13541312.0,16852437.0,118125312.0,6.59,235341040.0,13.13,-117215728.0,-6.54,-131465745.0,-7.33,13340425.0,0.74,-318454.0,0.588,0.589,70479855616.0,41442155102,41442155102,2026-08-14,2026-08-14 15:34:24+08:00
159992,创新药ETF银华,0.918,0.9183,0.03,-0.011,-1.18,15152188.0,1392520743.668,0.926,0.938,0.907,0.929,3.34,7.6,0.9,11.45,7362035.0,7790153.0,-129190320.0,-9.28,-54955744.0,-3.95,-74234576.0,-5.33,66913495.0,4.81,62276819.0,4.47,-76078.0,0.918,0.919,19924781312.0,18290949244,18290949244,2026-08-14,2026-08-14 15:34:33+08:00
512900,证券ETF南方,1.076,1.0742,-0.17,-0.013,-1.19,508579.0,54887354.0,1.091,1.092,1.074,1.089,1.65,0.68,1.17,21.02,198267.0,310312.0,-12765302.0,-23.26,-4876451.0,-8.88,-7888851.0,-14.37,7192562.0,13.1,5572740.0,10.15,-2271.0,1.076,1.077,7513405952.0,8084424804,8084424804,2026-08-14,2026-08-14 16:11:36+08:00
560090,证券ETF汇添富,1.166,1.1651,-0.08,-0.014,-1.19,926513.0,108467132.0,1.183,1.185,1.165,1.18,1.69,3.88,1.12,15.57,351869.0,574644.0,-21542980.0,-19.86,-11825942.0,-10.9,-9717038.0,-8.96,9939537.0,9.16,11603442.0,10.7,-13066.0,1.166,1.167,2385865008.0,2781918599,2781918599,2026-08-14,2026-08-14 16:11:47+08:00
159041,农业ETF鹏华,0.991,0.9924,0.14,-0.012,-1.2,10630.0,1055715.13,1.003,1.011,0.989,1.003,2.19,1.35,0.17,66.86,3710.0,6920.0,185967.0,17.62,0.0,0.0,185967.0,17.62,-187314.0,-17.74,1346.0,0.13,-372.0,0.991,0.993,78471832.0,77765586,77765586,2026-08-14,2026-08-14 15:34:33+08:00
159058,证券ETF大成,0.989,0.9898,0.08,-0.012,-1.2,162405.0,16169084.745,1.001,1.005,0.987,1.001,1.8,8.4,0.14,-88.42,57556.0,104848.0,-181197.0,-1.12,3353770.0,20.74,-3534967.0,-21.86,-35618.0,-0.22,216816.0,1.34,120.0,0.988,0.989,193331247.0,191204603,191204603,2026-08-14,2026-08-14 15:34:27+08:00
516730,证券ETF浦银,0.992,0.9885,-0.35,-0.012,-1.2,28413.0,2820941.0,1.006,1.006,0.988,1.004,1.79,1.2,0.92,18.25,10092.0,18321.0,-616015.0,-21.84,-135753.0,-4.81,-480262.0,-17.02,188550.0,6.68,427465.0,15.15,-38.0,0.992,0.993,236380800.0,234489754,234489754,2026-08-14,2026-08-14 16:12:00+08:00
159172,养殖ETF汇添富,0.824,0.8215,-0.3,-0.01,-1.2,126821.0,10433941.462,0.829,0.832,0.819,0.834,1.56,3.2,0.79,36.8,55120.0,71701.0,-2795218.0,-26.79,-379126.0,-3.63,-2416092.0,-23.16,1574473.0,15.09,1220746.0,11.7,409.0,0.823,0.824,395829296.0,326163340,326163340,2026-08-14,2026-08-14 15:34:51+08:00
560680,消费ETF广发,0.741,0.74,-0.14,-0.009,-1.2,179974.0,13375683.0,0.746,0.75,0.739,0.75,1.47,5.14,0.73,1.1,70451.0,109523.0,-1199008.0,-8.96,-23508.0,-0.18,-1175500.0,-8.79,142963.0,1.07,1056044.0,7.9,-479.0,0.741,0.742,350225600.0,259517170,259517170,2026-08-14,2026-08-14 16:11:56+08:00
516980,证券先锋ETF华富,1.067,1.0672,0.02,-0.013,-1.2,18592.0,1992690.0,1.085,1.087,1.067,1.08,1.85,3.1,0.85,-18.38,7565.0,11027.0,-767664.0,-38.52,0.0,0.0,-767664.0,-38.52,431971.0,21.68,335693.0,16.85,-380.0,1.067,1.069,60016000.0,64037072,64037072,2026-08-14,2026-08-14 16:11:54+08:00
520530,港股通科技ETF东财,0.822,0.8236,0.19,-0.01,-1.2,269250.0,22223040.0,0.833,0.834,0.819,0.832,1.8,11.37,0.82,-12.64,104814.0,164436.0,-2950841.0,-13.28,-1941835.0,-8.74,-1009006.0,-4.54,1098575.0,4.94,1852266.0,8.33,-1680.0,0.822,0.824,236776000.0,194629872,194629872,2026-08-14,2026-08-14 16:11:43+08:00
512120,医药ETF华安,0.491,0.491,0.0,-0.006,-1.21,328866.0,16175542.0,0.5,0.502,0.486,0.497,3.22,4.11,0.62,2.19,172474.0,156392.0,534212.0,3.3,1274126.0,7.88,-739914.0,-4.57,-171657.0,-1.06,-362555.0,-2.24,-1013.0,0.491,0.492,800241904.0,392918775,392918775,2026-08-14,2026-08-14 16:11:43+08:00
512200,房地产ETF南方,1.225,1.2249,-0.01,-0.015,-1.21,1116922.0,136531389.0,1.235,1.237,1.212,1.24,2.02,4.02,1.03,-3.55,609939.0,506982.0,-20560876.0,-15.06,-4960776.0,-3.63,-15600100.0,-11.43,3475941.0,2.55,17084935.0,12.51,-3445.0,1.224,1.225,2781097904.0,3406844932,3406844932,2026-08-14,2026-08-14 16:11:47+08:00
516080,创新药ETF易方达,0.733,0.7317,-0.18,-0.009,-1.21,3909345.0,286538965.0,0.738,0.748,0.723,0.742,3.37,7.15,0.65,14.15,1677874.0,2231471.0,-55385932.0,-19.33,-66478177.0,-23.2,11092245.0,3.87,29249560.0,10.21,26136372.0,9.12,-41935.0,0.733,0.734,5466554880.0,4006984727,4006984727,2026-08-14,2026-08-14 16:11:33+08:00
520910,港股通互联网ETF华夏,0.648,0.6483,0.05,-0.008,-1.22,478563.0,31081986.0,0.656,0.656,0.645,0.656,1.68,6.37,0.87,-8.48,224010.0,254553.0,88684.0,0.29,-1187862.0,-3.82,1276546.0,4.11,-444194.0,-1.43,355511.0,1.14,-331.0,0.647,0.648,751445008.0,486936365,486936365,2026-08-14,2026-08-14 16:11:54+08:00
159135,港股通科技ETF前海开源,0.812,0.8153,0.4,-0.01,-1.22,65424.0,5324002.991,0.82,0.821,0.81,0.822,1.34,1.05,1.06,-18.28,29606.0,35819.0,-735557.0,-13.82,-772484.0,-14.51,36927.0,0.69,444382.0,8.35,291176.0,5.47,-5.0,0.812,0.813,620466384.0,503818704,503818704,2026-08-14,2026-08-14 15:34:12+08:00
159617,中证500价值ETF华夏,1.36,1.3645,0.33,-0.017,-1.23,21574.0,2956051.9,1.377,1.377,1.36,1.377,1.23,7.09,0.84,0.19,8485.0,13089.0,-101555.0,-3.44,0.0,0.0,-101555.0,-3.44,111135.0,3.76,-9580.0,-0.32,2.0,1.359,1.36,30418382.0,41369000,41369000,2026-08-14,2026-08-14 15:34:12+08:00
159766,旅游ETF富国,0.56,0.5605,0.09,-0.007,-1.23,2243017.0,125976613.7,0.565,0.567,0.559,0.567,1.41,4.18,0.79,2.84,834403.0,1408614.0,-21284357.0,-16.9,-21622194.0,-17.16,337837.0,0.27,12028849.0,9.55,9255509.0,7.35,-52924.0,0.56,0.561,5369640960.0,3006998938,3006998938,2026-08-14,2026-08-14 15:34:33+08:00
159689,消费ETF南方,0.642,0.6426,0.09,-0.008,-1.23,40994.0,2640382.7,0.65,0.65,0.641,0.65,1.38,4.35,0.69,28.65,16525.0,24469.0,201929.0,7.65,0.0,0.0,201929.0,7.65,-255607.0,-9.68,53677.0,2.03,522.0,0.641,0.642,94147787.0,60442879,60442879,2026-08-14,2026-08-14 15:34:03+08:00
159011,养殖ETF华安,1.043,1.0434,0.04,-0.013,-1.23,26995.0,2822760.8,1.056,1.056,1.04,1.056,1.52,8.85,0.36,79.35,10289.0,16706.0,-458668.0,-16.25,0.0,0.0,-458668.0,-16.25,391317.0,13.86,67352.0,2.39,-1.0,1.043,1.046,30505168.0,31816890,31816890,2026-08-14,2026-08-14 15:34:18+08:00
516200,证券ETF华安,1.041,1.0379,-0.3,-0.013,-1.23,159916.0,16672270.0,1.056,1.056,1.038,1.054,1.71,3.59,1.63,-22.17,69759.0,90157.0,-3116703.0,-18.69,-2193655.0,-13.16,-923048.0,-5.54,1131394.0,6.79,1985310.0,11.91,-163.0,1.04,1.041,445604000.0,463873764,463873764,2026-08-14,2026-08-14 16:11:44+08:00
520860,港股通科技ETF富国,0.798,0.7986,0.08,-0.01,-1.24,213325.0,17027334.0,0.814,0.814,0.792,0.808,2.72,6.14,0.95,-1.81,89153.0,124172.0,288237.0,1.69,-401688.0,-2.36,689925.0,4.05,-504955.0,-2.97,216719.0,1.27,-616.0,0.797,0.798,347195008.0,277061616,277061616,2026-08-14,2026-08-14 16:11:49+08:00
515850,证券ETF富国,1.356,1.3534,-0.19,-0.017,-1.24,553419.0,75361858.0,1.374,1.375,1.354,1.373,1.53,12.14,1.09,-6.47,221541.0,331878.0,-17772968.0,-23.58,-13039537.0,-17.3,-4733431.0,-6.28,9361950.0,12.42,8411018.0,11.16,-3818.0,1.355,1.356,455791008.0,618052607,618052607,2026-08-14,2026-08-14 16:11:59+08:00
159825,农业ETF富国,0.713,0.7127,-0.04,-0.009,-1.25,942886.0,67307511.5,0.721,0.721,0.71,0.722,1.52,3.93,0.93,17.15,399172.0,543714.0,-1621365.0,-2.41,-2237985.0,-3.33,616620.0,0.92,-1657496.0,-2.46,3278861.0,4.87,3208.0,0.712,0.713,2398077408.0,1709829192,1709829192,2026-08-14,2026-08-14 15:34:09+08:00
159835,创新药ETF建信,0.711,0.7123,0.18,-0.009,-1.25,368456.0,26254327.6,0.717,0.727,0.703,0.72,3.33,9.97,0.73,29.62,152260.0,216196.0,124894.0,0.48,562450.0,2.14,-437556.0,-1.67,-898873.0,-3.42,773979.0,2.95,-1650.0,0.711,0.712,369504144.0,262717446,262717446,2026-08-14,2026-08-14 15:34:24+08:00
520670,港股通科技ETF嘉实,0.792,0.7924,0.05,-0.01,-1.25,127603.0,10135379.0,0.81,0.81,0.789,0.802,2.62,5.83,0.9,3.66,44247.0,83356.0,-214548.0,-2.12,0.0,0.0,-214548.0,-2.12,104668.0,1.03,109880.0,1.08,-406.0,0.792,0.793,218928100.0,173391055,173391055,2026-08-14,2026-08-14 16:11:58+08:00
520740,港股通互联网ETF华安,0.938,0.9407,0.29,-0.012,-1.26,41199.0,3870010.0,0.95,0.95,0.935,0.95,1.58,6.34,0.15,-29.8,7576.0,33623.0,-81912.0,-2.12,-1449256.0,-37.45,1367344.0,35.33,64876.0,1.68,17037.0,0.44,100.0,0.938,0.939,65012600.0,60981819,60981819,2026-08-14,2026-08-14 16:11:58+08:00
159848,证券ETF国联安,0.865,0.8656,0.07,-0.011,-1.26,51813.0,4502866.0,0.876,0.878,0.865,0.876,1.48,3.36,1.55,23.38,14781.0,37032.0,-891409.0,-19.8,-761602.0,-16.91,-129807.0,-2.88,405546.0,9.01,485863.0,10.79,-4.0,0.865,0.866,154311239.0,133479222,133479222,2026-08-14,2026-08-14 15:34:18+08:00
515630,证券保险ETF鹏华,1.256,1.254,-0.16,-0.016,-1.26,352593.0,44493926.0,1.274,1.274,1.254,1.272,1.57,3.31,1.26,28.0,146859.0,205734.0,-9995691.0,-22.47,226153.0,0.51,-10221844.0,-22.97,3957818.0,8.9,6037873.0,13.57,-2552.0,1.255,1.256,1066717696.0,1339797426,1339797426,2026-08-14,2026-08-14 16:12:02+08:00
513320,港股通新经济ETF易方达,1.09,1.0914,0.13,-0.014,-1.27,74196.0,8108843.0,1.105,1.105,1.086,1.104,1.72,8.34,0.74,3.19,35773.0,38423.0,111740.0,1.38,0.0,0.0,111740.0,1.38,-320521.0,-3.95,208781.0,2.57,-737.0,1.09,1.091,89010600.0,97021554,97021554,2026-08-14,2026-08-14 16:11:53+08:00
520920,恒生科技ETF天弘,0.699,0.7009,0.27,-0.009,-1.27,1880343.0,131726583.0,0.706,0.707,0.696,0.708,1.55,1.0,0.88,-13.0,794919.0,1085424.0,-12233256.0,-9.29,-8882085.0,-6.74,-3351171.0,-2.54,7397363.0,5.62,4835893.0,3.67,-9122.0,0.699,0.7,18764018944.0,13116049242,13116049242,2026-08-14,2026-08-14 16:11:46+08:00
512880,证券ETF国泰,1.087,1.0857,-0.12,-0.014,-1.27,22527241.0,2460773404.0,1.099,1.105,1.086,1.101,1.73,3.87,1.39,26.83,8469090.0,14058152.0,-468045184.0,-19.02,-592953424.0,-24.1,124908240.0,5.08,289639852.0,11.77,178405333.0,7.25,-355710.0,1.087,1.088,58190291456.0,63252846813,63252846813,2026-08-14,2026-08-14 16:11:36+08:00
512290,生物医药ETF国泰,1.083,1.0833,0.03,-0.014,-1.28,1135397.0,123435602.0,1.098,1.108,1.074,1.097,3.1,3.44,0.67,-10.06,526460.0,608937.0,-12822537.0,-10.39,-5666644.0,-4.59,-7155893.0,-5.8,5272613.0,4.27,7549923.0,6.12,-10986.0,1.083,1.084,3301820704.0,3575871822,3575871822,2026-08-14,2026-08-14 16:11:41+08:00
516560,养老ETF华宝,0.769,0.7672,-0.23,-0.01,-1.28,49074.0,3777820.0,0.775,0.779,0.764,0.779,1.93,2.36,0.86,12.73,21471.0,27603.0,-243366.0,-6.44,0.0,0.0,-243366.0,-6.44,-70228.0,-1.86,313595.0,8.3,-790.0,0.768,0.769,207758000.0,159765902,159765902,2026-08-14,2026-08-14 16:11:35+08:00
159827,农业ETF银华,0.769,0.7692,0.03,-0.01,-1.28,27610.0,2128788.1,0.775,0.777,0.767,0.779,1.28,2.98,1.05,15.21,12956.0,14654.0,159187.0,7.48,-8137.0,-0.38,167324.0,7.86,-184077.0,-8.65,24892.0,1.17,5.0,0.768,0.769,92716463.0,71298960,71298960,2026-08-14,2026-08-14 15:34:36+08:00
520650,港股通互联网ETF南方,0.612,0.6128,0.13,-0.008,-1.29,1526852.0,93526205.0,0.617,0.619,0.609,0.62,1.61,5.95,0.9,1.1,722570.0,804282.0,3384779.0,3.62,3164573.0,3.38,220206.0,0.24,-3563100.0,-3.81,178322.0,0.19,-1824.0,0.611,0.612,2565255008.0,1569936065,1569936065,2026-08-14,2026-08-14 16:11:48+08:00
513980,港股科技ETF景顺,0.614,0.6166,0.42,-0.008,-1.29,5211248.0,320905411.0,0.622,0.622,0.611,0.622,1.77,2.99,0.89,-11.6,2191086.0,3020162.0,20593950.0,6.42,41364163.0,12.89,-20770213.0,-6.47,-19523450.0,-6.08,-1070500.0,-0.33,-13312.0,0.614,0.615,17414203904.0,10692321197,10692321197,2026-08-14,2026-08-14 16:11:41+08:00
159520,消费龙头ETF工银,0.92,0.9231,0.34,-0.012,-1.29,75623.0,6989961.7,0.93,0.93,0.92,0.932,1.07,4.87,0.97,52.88,34029.0,41594.0,-441831.0,-6.32,-557459.0,-7.98,115628.0,1.65,275307.0,3.94,166525.0,2.38,-741.0,0.92,0.924,155177649.0,142763437,142763437,2026-08-14,2026-08-14 15:34:39+08:00
515650,消费50ETF富国,1.064,1.0651,0.1,-0.014,-1.3,720435.0,77019216.0,1.075,1.076,1.064,1.078,1.11,2.28,0.98,12.45,336545.0,383890.0,18561579.0,24.1,26353356.0,34.22,-7791777.0,-10.12,-13413168.0,-17.42,-5148410.0,-6.68,-5628.0,1.064,1.065,3157184000.0,3359243776,3359243776,2026-08-14,2026-08-14 16:11:33+08:00
513560,香港科技ETF兴银,1.142,1.143,0.09,-0.015,-1.3,172636.0,19795435.0,1.157,1.157,1.139,1.157,1.56,3.24,0.72,22.88,66813.0,105823.0,-560565.0,-2.83,649714.0,3.28,-1210279.0,-6.11,-734222.0,-3.71,1294787.0,6.54,-952.0,1.142,1.143,532386000.0,607984812,607984812,2026-08-14,2026-08-14 16:11:39+08:00
159692,证券ETF东财,1.215,1.2147,-0.02,-0.016,-1.3,911342.0,111199034.4,1.233,1.234,1.214,1.231,1.62,5.86,1.19,-6.3,358451.0,552891.0,-42683967.0,-38.39,-36270068.0,-32.62,-6413899.0,-5.77,19345521.0,17.4,23338446.0,20.99,16323.0,1.214,1.215,1556455968.0,1891094001,1891094001,2026-08-14,2026-08-14 15:34:51+08:00
513290,纳指生物科技ETF汇添富,1.667,1.6694,0.14,-0.022,-1.3,462927.0,77210780.0,1.667,1.676,1.664,1.689,0.71,4.5,0.45,-20.1,198150.0,264777.0,-6844948.0,-8.87,-5292174.0,-6.85,-1552774.0,-2.01,1124451.0,1.46,5720497.0,7.41,-7924.0,1.666,1.667,1028072096.0,1713796184,1713796184,2026-08-14,2026-08-14 16:11:44+08:00
516670,畜牧养殖ETF招商,0.601,0.5993,-0.28,-0.008,-1.31,802981.0,48265964.0,0.61,0.61,0.598,0.609,1.97,2.42,1.26,52.66,395500.0,407481.0,-7469856.0,-15.48,-8353838.0,-17.31,883982.0,1.83,4397173.0,9.11,3072685.0,6.37,-2536.0,0.6,0.601,3316266304.0,1993076049,1993076049,2026-08-14,2026-08-14 16:11:48+08:00
159636,港股通科技30ETF工银,0.523,0.5255,0.48,-0.007,-1.32,4102049.0,215291739.968,0.528,0.531,0.52,0.53,2.08,1.82,0.65,0.35,2059431.0,2042618.0,3924244.0,1.82,-6817531.0,-3.17,10741775.0,4.99,-4221194.0,-1.96,296950.0,0.14,-17353.0,0.523,0.524,22544501248.0,11790774153,11790774153,2026-08-14,2026-08-14 15:34:21+08:00
513150,港股通科技ETF华泰柏瑞,0.973,0.974,0.1,-0.013,-1.32,574113.0,56028038.0,0.984,0.985,0.967,0.986,1.83,54.65,1.06,8.96,279443.0,294670.0,-647975.0,-1.16,1743264.0,3.11,-2391239.0,-4.27,350542.0,0.63,297433.0,0.53,-68.0,0.971,0.973,105059800.0,102223185,102223185,2026-08-14,2026-08-14 16:11:59+08:00
561510,中药ETF华泰柏瑞,0.973,0.9739,0.09,-0.013,-1.32,40287.0,3926345.0,0.987,0.99,0.969,0.986,2.13,5.82,1.81,11.8,24137.0,16150.0,-393064.0,-10.01,-278799.0,-7.1,-114265.0,-2.91,228185.0,5.81,164880.0,4.2,-45.0,0.973,0.974,69206000.0,67337438,67337438,2026-08-14,2026-08-14 16:11:46+08:00
159301,公用事业ETF华夏,0.969,0.9697,0.07,-0.013,-1.32,216591.0,21006601.1,0.982,0.982,0.968,0.982,1.43,18.06,0.89,5.24,106682.0,109909.0,26777.0,0.13,-10651.0,-0.05,37428.0,0.18,-94559.0,-0.45,67782.0,0.32,-2.0,0.969,0.97,119958357.0,116239648,116239648,2026-08-14,2026-08-14 15:34:09+08:00
159751,港股通科技ETF鹏华,0.894,0.8967,0.3,-0.012,-1.32,229993.0,20651722.6,0.905,0.906,0.891,0.906,1.66,2.58,0.6,24.17,83484.0,146509.0,-2503966.0,-12.12,6993.0,0.03,-2510959.0,-12.16,1157675.0,5.61,1346291.0,6.52,-1011.0,0.894,0.895,891629632.0,797116891,797116891,2026-08-14,2026-08-14 15:34:30+08:00
512430,家居家电ETF华泰柏瑞,0.896,0.8979,0.21,-0.012,-1.32,7528.0,675025.0,0.901,0.903,0.894,0.908,0.99,2.53,0.38,6.03,2421.0,5107.0,194757.0,28.85,0.0,0.0,194757.0,28.85,-215066.0,-31.86,20310.0,3.01,-4.0,0.896,0.899,29720000.0,26629120,26629120,2026-08-14,2026-08-14 16:11:51+08:00
516930,生物科技ETF民生加银,0.523,0.5239,0.17,-0.007,-1.32,4497.0,236285.0,0.526,0.533,0.519,0.53,2.64,0.42,0.22,9.08,2368.0,2129.0,32307.0,13.67,31267.0,13.23,1040.0,0.44,-22035.0,-9.33,-10272.0,-4.35,-20.0,0.523,0.524,107639600.0,56295511,56295511,2026-08-14,2026-08-14 16:11:54+08:00
159747,香港科技ETF南方,1.189,1.1902,0.1,-0.016,-1.33,236137.0,28149235.4,1.203,1.203,1.183,1.205,1.66,7.46,0.95,-17.08,107727.0,128410.0,-1937969.0,-6.88,-856870.0,-3.04,-1081099.0,-3.84,544658.0,1.93,1393310.0,4.95,1025.0,1.188,1.189,316712272.0,376570891,376570891,2026-08-14,2026-08-14 15:34:21+08:00
159031,粮食ETF博时,0.891,0.893,0.22,-0.012,-1.33,17331.0,1546025.675,0.898,0.9,0.889,0.903,1.22,0.33,0.38,-16.59,5227.0,12103.0,-281654.0,-18.22,-423263.0,-27.38,141609.0,9.16,296128.0,19.15,-14474.0,-0.94,-17.0,0.891,0.895,528028624.0,470473504,470473504,2026-08-14,2026-08-14 15:34:45+08:00
159822,新经济ETF银华,0.593,0.6021,1.51,-0.008,-1.33,101434.0,6034342.532,0.602,0.603,0.592,0.601,1.83,3.29,1.14,1.39,25258.0,76176.0,-2157703.0,-35.76,-2244161.0,-37.19,86458.0,1.43,1264255.0,20.95,893449.0,14.81,724.0,0.592,0.593,308134320.0,182723652,182723652,2026-08-14,2026-08-14 15:34:57+08:00
513720,港股互联网ETF国泰,0.668,0.6696,0.24,-0.009,-1.33,194765.0,13055174.0,0.676,0.676,0.666,0.677,1.48,7.7,0.66,-14.4,89335.0,105430.0,660824.0,5.06,609499.0,4.67,51325.0,0.39,-881494.0,-6.75,220670.0,1.69,-14.0,0.668,0.669,252859000.0,168909812,168909812,2026-08-14,2026-08-14 16:11:55+08:00
159740,恒生科技ETF大成,0.588,0.5893,0.22,-0.008,-1.34,12759954.0,751682153.252,0.594,0.595,0.585,0.596,1.68,4.96,1.09,-20.61,4981031.0,7778923.0,-72428509.0,-9.64,-114575872.0,-15.24,42147363.0,5.61,48735822.0,6.48,23692684.0,3.15,252103.0,0.587,0.588,25703120384.0,15113434786,15113434786,2026-08-14,2026-08-14 15:34:45+08:00
159040,港股通互联网ETF鹏华,1.102,1.1076,0.51,-0.015,-1.34,46216.0,5108431.4,1.112,1.118,1.099,1.117,1.7,12.01,0.7,-3.49,22364.0,23852.0,47136.0,0.92,-1035385.0,-20.27,1082521.0,21.19,-82318.0,-1.61,35182.0,0.69,62.0,1.101,1.102,38481087.0,42406158,42406158,2026-08-14,2026-08-14 15:34:54+08:00
512450,畜牧养殖ETF广发,0.885,0.8847,-0.03,-0.012,-1.34,62991.0,5590060.0,0.893,0.896,0.883,0.897,1.45,5.71,1.54,21.22,29901.0,33090.0,-245044.0,-4.38,-707476.0,-12.66,462432.0,8.27,-38427.0,-0.69,283471.0,5.07,173.0,0.885,0.886,110367000.0,97674795,97674795,2026-08-14,2026-08-14 16:11:43+08:00
561470,畜牧养殖ETF天弘,1.015,1.0147,-0.03,-0.014,-1.36,12713.0,1292352.0,1.029,1.029,1.012,1.029,1.65,2.4,0.26,4.48,3873.0,8840.0,-114567.0,-8.87,0.0,0.0,-114567.0,-8.87,10185.0,0.79,104382.0,8.08,1.0,1.014,1.015,52936000.0,53730040,53730040,2026-08-14,2026-08-14 16:11:37+08:00
159929,医药ETF汇添富,1.382,1.3849,0.21,-0.019,-1.36,963645.0,133866930.2,1.396,1.411,1.374,1.401,2.64,5.69,0.93,-34.72,476446.0,487199.0,-14401995.0,-10.76,-4736459.0,-3.54,-9665536.0,-7.22,6808935.0,5.09,7593059.0,5.67,-1133.0,1.382,1.384,1692204208.0,2338626215,2338626215,2026-08-14,2026-08-14 15:34:36+08:00
516900,食品饮料ETF华安,0.506,0.5063,0.06,-0.007,-1.36,158157.0,8017834.0,0.513,0.513,0.505,0.513,1.56,5.5,1.1,9.15,41981.0,116176.0,-159578.0,-1.99,347586.0,4.34,-507164.0,-6.33,-128319.0,-1.6,287897.0,3.59,-20.0,0.506,0.507,287729008.0,145590878,145590878,2026-08-14,2026-08-14 16:11:35+08:00
159008,证券ETF景顺,1.015,1.015,0.0,-0.014,-1.36,57592.0,5868168.0,1.028,1.03,1.014,1.029,1.55,5.06,0.98,20.08,20570.0,37022.0,-387489.0,-6.6,-1287354.0,-21.94,899865.0,15.33,-242400.0,-4.13,629889.0,10.73,-8.0,1.016,1.017,113784531.0,115491299,115491299,2026-08-14,2026-08-14 15:34:24+08:00
159898,医疗器械ETF招商,0.499,0.5,0.2,-0.007,-1.38,265427.0,13289321.5,0.505,0.509,0.497,0.506,2.37,2.77,1.0,-12.42,94849.0,170578.0,-392152.0,-2.95,615010.0,4.63,-1007162.0,-7.58,223323.0,1.68,168829.0,1.27,-300.0,0.499,0.5,957098832.0,477592317,477592317,2026-08-14,2026-08-14 15:34:51+08:00
159260,证券ETF博时,0.859,0.8589,-0.01,-0.012,-1.38,97265.0,8393490.797,0.871,0.872,0.858,0.871,1.61,0.89,1.06,54.77,40401.0,56864.0,-3275314.0,-39.02,-1598947.0,-19.05,-1676367.0,-19.97,2358282.0,28.1,917033.0,10.93,-755.0,0.859,0.86,1095213584.0,940788469,940788469,2026-08-14,2026-08-14 15:34:33+08:00
159707,地产ETF华宝,0.495,0.4943,-0.14,-0.007,-1.39,1245551.0,61576420.1,0.501,0.502,0.492,0.502,1.99,10.6,0.51,12.18,424184.0,821367.0,-553206.0,-0.9,1008002.0,1.64,-1561208.0,-2.54,-1681268.0,-2.73,2234473.0,3.63,2682.0,0.494,0.495,1174548208.0,581401363,581401363,2026-08-14,2026-08-14 15:34:24+08:00
159191,港股通科技ETF易方达,0.922,0.9242,0.24,-0.013,-1.39,27000.0,2499370.8,0.933,0.935,0.917,0.935,1.93,3.74,0.91,3.02,10626.0,16374.0,33130.0,1.33,451861.0,18.08,-418731.0,-16.75,-107295.0,-4.29,74164.0,2.97,1.0,0.921,0.922,72104851.0,66480673,66480673,2026-08-14,2026-08-14 15:34:42+08:00
562870,证券ETF嘉实,0.923,0.9217,-0.14,-0.013,-1.39,134207.0,12470086.0,0.931,0.938,0.921,0.936,1.82,2.29,1.15,8.24,51877.0,82330.0,-1237201.0,-9.92,-184801.0,-1.48,-1052400.0,-8.44,265487.0,2.13,971714.0,7.79,-114.0,0.923,0.924,587005200.0,541805800,541805800,2026-08-14,2026-08-14 16:11:37+08:00
159672,消费ETF博时,0.639,0.6379,-0.17,-0.009,-1.39,34633.0,2216584.0,0.648,0.648,0.637,0.648,1.7,2.63,0.5,15.79,9935.0,24698.0,54085.0,2.44,-36042.0,-1.63,90127.0,4.07,-201249.0,-9.08,147164.0,6.64,-200.0,0.639,0.64,131887409.0,84276054,84276054,2026-08-14,2026-08-14 15:34:12+08:00
159299,金融科技ETF易方达,0.704,0.7035,-0.07,-0.01,-1.4,259079.0,18230315.596,0.718,0.719,0.696,0.714,3.22,3.89,0.73,11.92,114271.0,144808.0,-1124183.0,-6.17,-2538696.0,-13.93,1414513.0,7.76,519199.0,2.85,604984.0,3.32,-1953.0,0.704,0.705,666472976.0,469196975,469196975,2026-08-14,2026-08-14 15:34:57+08:00
516060,创新药ETF工银,0.636,0.6372,0.19,-0.009,-1.4,208065.0,13251308.0,0.642,0.65,0.629,0.645,3.26,6.58,0.64,22.45,85309.0,122756.0,-1141104.0,-8.61,-307597.0,-2.32,-833507.0,-6.29,419408.0,3.17,721696.0,5.45,-1141.0,0.636,0.637,316237408.0,201126991,201126991,2026-08-14,2026-08-14 16:11:57+08:00
159512,汽车ETF广发,1.054,1.055,0.09,-0.015,-1.4,171305.0,18057477.0,1.065,1.067,1.051,1.069,1.5,17.26,0.93,11.26,64154.0,107151.0,-1514382.0,-8.39,873177.0,4.84,-2387559.0,-13.22,280172.0,1.55,1234210.0,6.83,1462.0,1.053,1.054,99264855.0,104625157,104625157,2026-08-14,2026-08-14 15:34:48+08:00
159023,养殖ETF万家,1.048,1.05,0.19,-0.015,-1.41,38447.0,4039815.443,1.061,1.061,1.046,1.063,1.41,10.45,0.73,30.95,12694.0,25753.0,-466493.0,-11.55,-629471.0,-15.58,162978.0,4.03,121819.0,3.02,344674.0,8.53,-500.0,1.048,1.05,36777943.0,38543284,38543284,2026-08-14,2026-08-14 15:34:27+08:00
159251,港股通科技ETF万家,0.77,0.7742,0.54,-0.011,-1.41,180157.0,13938472.7,0.78,0.781,0.768,0.781,1.66,7.21,1.0,-28.52,83979.0,96178.0,-209143.0,-1.5,0.0,0.0,-209143.0,-1.5,-57848.0,-0.42,266991.0,1.92,-253.0,0.77,0.773,249787744.0,192336563,192336563,2026-08-14,2026-08-14 15:34:24+08:00
516840,汽车ETF南方,0.761,0.7605,-0.07,-0.011,-1.42,42803.0,3259103.0,0.77,0.77,0.758,0.772,1.55,3.16,0.61,7.1,18061.0,24742.0,-334946.0,-10.28,-19558.0,-0.6,-315388.0,-9.68,97802.0,3.0,237145.0,7.28,-116.0,0.761,0.762,135277000.0,102945797,102945797,2026-08-14,2026-08-14 16:11:38+08:00
159027,畜牧养殖ETF大成,0.894,0.8945,0.06,-0.013,-1.43,19451.0,1739663.562,0.902,0.905,0.892,0.907,1.43,1.66,0.56,41.17,6453.0,12998.0,115327.0,6.63,-2068.0,-0.12,117395.0,6.75,-213232.0,-12.26,97906.0,5.63,-33.0,0.894,0.895,117472283.0,105020221,105020221,2026-08-14,2026-08-14 15:34:21+08:00
159275,农牧渔ETF华宝,0.827,0.8275,0.06,-0.012,-1.43,113472.0,9402262.3,0.84,0.84,0.825,0.839,1.79,4.46,1.02,78.17,53831.0,59641.0,-140374.0,-1.49,0.0,0.0,-140374.0,-1.49,-194508.0,-2.07,334882.0,3.56,-219.0,0.827,0.828,254302909.0,210308506,210308506,2026-08-14,2026-08-14 15:34:00+08:00
510660,医药ETF华夏,2.607,2.6072,0.01,-0.038,-1.44,56533.0,14805299.0,2.644,2.661,2.586,2.645,2.84,9.94,0.62,-10.13,24990.0,31543.0,599931.0,4.05,0.0,0.0,599931.0,4.05,-1748842.0,-11.81,1148911.0,7.76,-492.0,2.607,2.608,56879700.0,148285378,148285378,2026-08-14,2026-08-14 16:11:42+08:00
513020,港股科技ETF国泰,0.96,0.9633,0.34,-0.014,-1.44,795018.0,76612112.0,0.971,0.973,0.955,0.974,1.85,3.33,0.65,15.2,348254.0,446764.0,-3300190.0,-4.31,-3850500.0,-5.03,550310.0,0.72,974397.0,1.27,2325794.0,3.04,-1367.0,0.96,0.961,2388145408.0,2292619592,2292619592,2026-08-14,2026-08-14 16:11:33+08:00
159867,养殖ETF鹏华,0.543,0.5429,-0.02,-0.008,-1.45,729932.0,39676881.032,0.551,0.551,0.54,0.551,2.0,4.27,1.2,28.12,177424.0,552508.0,-4804350.0,-12.11,-7649837.0,-19.28,2845487.0,7.17,3176322.0,8.01,1628029.0,4.1,-1316.0,0.543,0.544,1707643600.0,927250475,927250475,2026-08-14,2026-08-14 15:34:36+08:00
159170,港股通互联网ETF永赢,0.876,0.8779,0.22,-0.013,-1.46,294054.0,25841854.169,0.89,0.892,0.872,0.889,2.25,7.06,0.9,31.98,143484.0,150570.0,-902484.0,-3.49,-6371369.0,-24.66,5468885.0,21.16,606561.0,2.35,295923.0,1.15,-340.0,0.876,0.877,416638352.0,364975196,364975196,2026-08-14,2026-08-14 15:34:18+08:00
520630,港股通互联网ETF广发,0.677,0.6804,0.5,-0.01,-1.46,403635.0,27399706.0,0.686,0.686,0.675,0.687,1.6,6.14,1.28,-29.05,223546.0,180089.0,293455.0,1.07,3253978.0,11.88,-2960523.0,-10.8,-487304.0,-1.78,193848.0,0.71,-684.0,0.677,0.678,657610000.0,445201970,445201970,2026-08-14,2026-08-14 16:12:02+08:00
563570,金融科技ETF兴业,0.735,0.7362,0.16,-0.011,-1.47,182134.0,13409724.0,0.745,0.753,0.73,0.746,3.08,17.28,1.22,1.04,76113.0,106021.0,510532.0,3.81,-1134910.0,-8.46,1645442.0,12.27,-527555.0,-3.93,17023.0,0.13,120.0,0.735,0.737,105374000.0,77449890,77449890,2026-08-14,2026-08-14 16:11:44+08:00
159742,恒生科技ETF博时,0.604,0.6042,0.03,-0.009,-1.47,1685292.0,101979612.3,0.611,0.611,0.601,0.613,1.63,2.68,0.96,-17.83,718608.0,966684.0,-14105949.0,-13.83,-13063788.0,-12.81,-1042161.0,-1.02,9458047.0,9.27,4647901.0,4.56,9856.0,0.603,0.604,6295928320.0,3802740705,3802740705,2026-08-14,2026-08-14 15:34:42+08:00
159858,创新药ETF南方,0.739,0.7395,0.07,-0.011,-1.47,576914.0,42722615.8,0.745,0.755,0.73,0.75,3.33,5.73,0.68,51.01,266836.0,310078.0,-4775574.0,-11.18,-8456435.0,-19.79,3680861.0,8.62,1897019.0,4.44,2878555.0,6.74,-2292.0,0.739,0.74,1007098320.0,744245658,744245658,2026-08-14,2026-08-14 15:34:45+08:00
517110,创新药ETF国泰,0.801,0.799,-0.25,-0.012,-1.48,784612.0,62892180.0,0.808,0.817,0.791,0.813,3.2,5.46,0.7,20.04,365637.0,418975.0,-3178666.0,-5.05,-3064096.0,-4.87,-114570.0,-0.18,-696369.0,-1.11,3875036.0,6.16,-3517.0,0.8,0.801,1438098496.0,1151916895,1151916895,2026-08-14,2026-08-14 16:11:44+08:00
159128,港股科技ETF天弘,0.73,0.7306,0.08,-0.011,-1.48,696669.0,50935455.193,0.743,0.743,0.726,0.741,2.29,3.64,1.0,55.14,324725.0,371944.0,76227.0,0.15,-426785.0,-0.84,503012.0,0.99,-638487.0,-1.25,562260.0,1.1,568.0,0.729,0.73,1912760848.0,1396315419,1396315419,2026-08-14,2026-08-14 15:34:57+08:00
159865,养殖ETF国泰,0.533,0.5328,-0.04,-0.008,-1.48,3399828.0,181608219.715,0.54,0.54,0.531,0.541,1.66,2.83,0.87,30.91,1311285.0,2088543.0,-37850009.0,-20.84,-50767629.0,-27.95,12917620.0,7.11,23046312.0,12.69,14803696.0,8.15,-19443.0,0.533,0.534,12001455616.0,6396775843,6396775843,2026-08-14,2026-08-14 15:34:51+08:00
516810,农业ETF华夏,0.733,0.7337,0.1,-0.011,-1.48,1001706.0,73634558.0,0.742,0.742,0.731,0.744,1.48,18.92,1.04,-11.88,457837.0,543869.0,-353194.0,-0.48,559858.0,0.76,-913052.0,-1.24,132094.0,0.18,221102.0,0.3,-2451.0,0.733,0.734,529478896.0,388108031,388108031,2026-08-14,2026-08-14 16:11:41+08:00
513180,恒生科技ETF华夏,0.596,0.5958,-0.03,-0.009,-1.49,33868176.0,2021675837.0,0.602,0.603,0.592,0.605,1.82,4.85,0.96,-1.64,14728565.0,19139611.0,-180270240.0,-8.92,-287404368.0,-14.22,107134128.0,5.3,116650813.0,5.77,63619410.0,3.15,-597281.0,0.595,0.596,69788758016.0,41594099778,41594099778,2026-08-14,2026-08-14 16:11:34+08:00
159280,港股通互联网ETF汇添富,0.72,0.7213,0.18,-0.011,-1.5,55882.0,4043846.2,0.729,0.731,0.717,0.731,1.92,5.6,0.66,-0.17,23356.0,32526.0,-601520.0,-14.87,0.0,0.0,-601520.0,-14.87,403237.0,9.97,198284.0,4.9,-282.0,0.72,0.721,99717171.0,71796363,71796363,2026-08-14,2026-08-14 15:34:45+08:00
159125,港股通科技ETF招商,0.721,0.7216,0.08,-0.011,-1.5,303254.0,21897749.322,0.727,0.733,0.717,0.732,2.19,3.53,0.82,32.89,140279.0,162975.0,-1153648.0,-5.27,676255.0,3.09,-1829903.0,-8.36,908680.0,4.15,244967.0,1.12,-2836.0,0.721,0.722,860245888.0,620237285,620237285,2026-08-14,2026-08-14 15:34:00+08:00
159741,恒生科技ETF嘉实,0.59,0.5946,0.77,-0.009,-1.5,1150255.0,68019858.7,0.598,0.598,0.587,0.599,1.84,8.1,0.94,-22.86,442382.0,707873.0,-7907322.0,-11.63,-1459854.0,-2.15,-6447468.0,-9.48,5436232.0,7.99,2471091.0,3.63,10680.0,0.589,0.59,1419796720.0,837680065,837680065,2026-08-14,2026-08-14 15:34:39+08:00
513580,恒生科技ETF华安,0.592,0.5967,0.79,-0.009,-1.5,1154729.0,68584825.0,0.6,0.6,0.589,0.601,1.83,1.9,1.08,-17.73,470693.0,684036.0,-7244343.0,-10.56,-5058012.0,-7.37,-2186331.0,-3.19,5225004.0,7.62,2019341.0,2.94,-1170.0,0.591,0.592,6071118080.0,3594101903,3594101903,2026-08-14,2026-08-14 16:11:33+08:00
560900,创新药ETF摩根,0.987,0.9868,-0.02,-0.015,-1.5,252320.0,24904304.0,0.995,1.008,0.975,1.002,3.29,11.52,0.65,11.45,103388.0,148932.0,-2120740.0,-8.52,-273958.0,-1.1,-1846782.0,-7.42,175389.0,0.7,1945351.0,7.81,-1326.0,0.986,0.987,218969100.0,216122502,216122502,2026-08-14,2026-08-14 16:11:47+08:00
512010,医药ETF易方达,0.395,0.3949,-0.03,-0.006,-1.5,14314364.0,566966255.0,0.4,0.404,0.392,0.401,2.99,3.46,0.7,14.54,4946533.0,9367831.0,-23227570.0,-4.1,-44362992.0,-7.82,21135422.0,3.73,14485442.0,2.55,8742131.0,1.54,-58507.0,0.394,0.395,41417694976.0,16359989516,16359989516,2026-08-14,2026-08-14 16:11:57+08:00
512070,证券保险ETF易方达,0.782,0.7815,-0.06,-0.012,-1.51,5949227.0,466888033.0,0.793,0.794,0.78,0.794,1.76,3.19,1.11,25.26,1809272.0,4139955.0,-69812287.0,-14.95,-92356872.0,-19.78,22544585.0,4.83,42578912.0,9.12,27233366.0,5.83,-26681.0,0.782,0.783,18633479680.0,14571381110,14571381110,2026-08-14,2026-08-14 16:11:36+08:00
512600,消费ETF嘉实,0.58,0.5789,-0.19,-0.009,-1.53,174252.0,10124859.0,0.585,0.587,0.578,0.589,1.53,0.99,0.68,12.22,72480.0,101772.0,-2030028.0,-20.05,-279417.0,-2.76,-1750611.0,-17.29,1134693.0,11.21,895334.0,8.84,-1783.0,0.58,0.581,1764956096.0,1023674536,1023674536,2026-08-14,2026-08-14 16:12:01+08:00
515730,家居家电ETF永赢,0.836,0.8391,0.37,-0.013,-1.53,5329.0,448134.0,0.841,0.844,0.836,0.849,0.94,1.37,0.31,1.97,1461.0,3868.0,-56263.0,-12.55,0.0,0.0,-56263.0,-12.55,52067.0,11.62,4196.0,0.94,-8.0,0.836,0.838,38892000.0,32513712,32513712,2026-08-14,2026-08-14 16:11:56+08:00
562390,中药ETF银华,0.904,0.9046,0.07,-0.014,-1.53,19790.0,1796765.0,0.922,0.923,0.9,0.918,2.51,2.49,0.8,11.57,7535.0,12255.0,-405613.0,-22.57,-281739.0,-15.68,-123874.0,-6.89,-61226.0,-3.41,466840.0,25.98,-24.0,0.904,0.907,79429000.0,71803816,71803816,2026-08-14,2026-08-14 16:11:55+08:00
159568,港股互联网ETF博时,1.16,1.1619,0.16,-0.018,-1.53,547602.0,63783302.9,1.172,1.176,1.15,1.178,2.21,15.79,0.77,-46.21,257212.0,290390.0,-501018.0,-0.79,-6278115.0,-9.84,5777097.0,9.06,-893172.0,-1.4,1394189.0,2.19,-2672.0,1.16,1.161,346857904.0,402355169,402355169,2026-08-14,2026-08-14 15:34:12+08:00
516760,养殖ETF平安,0.572,0.5725,0.09,-0.009,-1.55,78377.0,4497709.0,0.581,0.581,0.571,0.581,1.72,2.53,0.77,19.67,23486.0,54891.0,-1146832.0,-25.5,-1009722.0,-22.45,-137110.0,-3.05,628826.0,13.98,518007.0,11.52,-1321.0,0.572,0.573,310215104.0,177443039,177443039,2026-08-14,2026-08-14 16:11:37+08:00
159855,影视ETF银华,0.751,0.7501,-0.12,-0.012,-1.57,177201.0,13294493.8,0.761,0.762,0.74,0.763,2.88,9.9,0.84,12.71,71541.0,105660.0,-259249.0,-1.95,611005.0,4.6,-870254.0,-6.55,-325190.0,-2.45,584441.0,4.4,-611.0,0.751,0.752,178925236.0,134372852,134372852,2026-08-14,2026-08-14 15:34:42+08:00
159750,港股科技50ETF招商,0.874,0.8802,0.7,-0.014,-1.58,420281.0,36902754.8,0.885,0.886,0.871,0.888,1.69,3.33,0.73,-56.51,182410.0,237871.0,-2555206.0,-6.92,329676.0,0.89,-2884882.0,-7.82,1356307.0,3.68,1198899.0,3.25,-723.0,0.874,0.875,1262618256.0,1103528356,1103528356,2026-08-14,2026-08-14 15:34:24+08:00
159101,港股通科技ETF华夏,0.742,0.7448,0.38,-0.012,-1.59,2057088.0,153359552.925,0.75,0.754,0.739,0.754,1.99,6.93,1.03,23.11,974821.0,1082267.0,-5213199.0,-3.4,-8887199.0,-5.8,3674000.0,2.4,2007581.0,1.31,3205618.0,2.09,-2918.0,0.742,0.743,2968311456.0,2202487100,2202487100,2026-08-14,2026-08-14 15:34:09+08:00
159007,养殖ETF华泰柏瑞,0.867,0.8689,0.22,-0.014,-1.59,137878.0,11978356.07,0.88,0.88,0.866,0.881,1.59,7.2,0.79,21.1,65302.0,72576.0,-664937.0,-5.55,-142689.0,-1.19,-522248.0,-4.36,401335.0,3.35,263602.0,2.2,-5.0,0.867,0.87,191603274.0,166120039,166120039,2026-08-14,2026-08-14 15:34:15+08:00
520590,恒生科技ETF鹏华,0.803,0.8039,0.11,-0.013,-1.59,121279.0,9770265.0,0.815,0.815,0.8,0.816,1.84,5.74,1.0,9.71,32179.0,89100.0,-3453641.0,-35.35,-3222121.0,-32.98,-231520.0,-2.37,2559526.0,26.2,894115.0,9.15,-1887.0,0.803,0.804,211235000.0,169621705,169621705,2026-08-14,2026-08-14 16:11:37+08:00
513010,恒生科技ETF易方达,0.614,0.6144,0.07,-0.01,-1.6,11265219.0,693553047.0,0.621,0.622,0.611,0.624,1.76,2.54,1.14,-7.88,4457085.0,6808134.0,-66240976.0,-9.55,-125515360.0,-18.1,59274384.0,8.55,41469952.0,5.98,24771027.0,3.57,-109038.0,0.613,0.614,44430307072.0,27280208542,27280208542,2026-08-14,2026-08-14 16:11:56+08:00
159928,消费ETF汇添富,0.673,0.6744,0.21,-0.011,-1.61,4931788.0,333390411.533,0.683,0.683,0.673,0.684,1.46,2.09,0.87,18.19,2101826.0,2829962.0,-29214710.0,-8.76,-23050339.0,-6.91,-6164371.0,-1.85,8264274.0,2.48,20950437.0,6.28,-42141.0,0.673,0.674,23610629120.0,15889953398,15889953398,2026-08-14,2026-08-14 15:34:00+08:00
159748,创新药ETF富国,0.85,0.8488,-0.14,-0.014,-1.62,1121590.0,95441831.5,0.86,0.868,0.84,0.864,3.24,7.06,0.54,33.87,463795.0,657795.0,-15227379.0,-15.95,-8791791.0,-9.21,-6435588.0,-6.74,7547790.0,7.91,7679589.0,8.05,-5916.0,0.85,0.851,1587692128.0,1349538309,1349538309,2026-08-14,2026-08-14 15:34:27+08:00
159625,绿色电力ETF嘉实,1.211,1.2103,-0.06,-0.02,-1.62,305793.0,37079281.9,1.23,1.23,1.207,1.231,1.87,1.51,0.88,34.14,136051.0,169742.0,-2911548.0,-7.85,646561.0,1.74,-3558109.0,-9.6,-271685.0,-0.73,3183234.0,8.58,-535.0,1.211,1.212,2026913776.0,2454592583,2454592583,2026-08-14,2026-08-14 15:34:15+08:00
513260,恒生科技ETF汇添富,1.144,1.1463,0.2,-0.019,-1.63,2858908.0,328505411.0,1.16,1.16,1.14,1.163,1.72,5.9,1.64,5.55,1555123.0,1303785.0,-22212712.0,-6.76,-25076252.0,-7.63,2863540.0,0.87,10055499.0,3.06,12157213.0,3.7,-5488.0,1.144,1.145,4842243072.0,5539526074,5539526074,2026-08-14,2026-08-14 16:11:44+08:00
560210,农牧渔ETF景顺,0.787,0.7859,-0.14,-0.013,-1.63,60995.0,4813547.0,0.796,0.798,0.784,0.8,1.75,1.16,0.79,-5.9,28494.0,32501.0,-807253.0,-16.77,-108693.0,-2.26,-698560.0,-14.51,481092.0,9.99,326162.0,6.78,-205.0,0.785,0.787,527522000.0,415159814,415159814,2026-08-14,2026-08-14 16:11:43+08:00
516620,影视ETF国泰,0.847,0.8465,-0.06,-0.014,-1.63,333388.0,28215862.0,0.858,0.86,0.835,0.861,2.9,18.24,0.76,-3.51,160200.0,173188.0,1223982.0,4.34,116884.0,0.41,1107098.0,3.92,-1955680.0,-6.93,731698.0,2.59,-1197.0,0.846,0.847,182767500.0,154804073,154804073,2026-08-14,2026-08-14 16:11:35+08:00
159622,创新药ETF东财,1.197,1.1986,0.13,-0.02,-1.64,1298542.0,155672862.302,1.214,1.219,1.184,1.217,2.88,10.73,0.69,58.79,484884.0,813658.0,-19064175.0,-12.25,-9338875.0,-6.0,-9725300.0,-6.25,3431798.0,2.2,15632377.0,10.04,-7393.0,1.197,1.198,1210603232.0,1449092069,1449092069,2026-08-14,2026-08-14 15:34:42+08:00
513380,恒生科技ETF广发,0.54,0.5405,0.09,-0.009,-1.64,3244281.0,175819025.0,0.548,0.548,0.538,0.549,1.82,1.81,1.22,-31.84,1132688.0,2111593.0,-15176011.0,-8.63,-12643807.0,-7.19,-2532204.0,-1.44,10233739.0,5.82,4942271.0,2.81,-6896.0,0.54,0.541,17971784960.0,9704763878,9704763878,2026-08-14,2026-08-14 16:11:57+08:00
159020,养殖ETF易方达,0.901,0.8987,-0.26,-0.015,-1.64,84126.0,7578455.304,0.916,0.916,0.897,0.916,2.07,6.21,0.86,74.55,41207.0,42919.0,-2679142.0,-35.35,-1724569.0,-22.76,-954573.0,-12.6,1501484.0,19.81,1177659.0,15.54,-801.0,0.901,0.902,135567082.0,122145941,122145941,2026-08-14,2026-08-14 15:34:33+08:00
560480,电力ETF招商,0.902,0.8995,-0.28,-0.015,-1.64,111665.0,10075672.0,0.914,0.916,0.899,0.917,1.85,7.9,0.97,11.06,43450.0,68215.0,-2805969.0,-27.85,-287157.0,-2.85,-2518812.0,-25.0,860593.0,8.54,1945377.0,19.31,-263.0,0.901,0.902,141303000.0,127455306,127455306,2026-08-14,2026-08-14 16:11:39+08:00
159688,恒生互联网ETF华安,0.776,0.7756,-0.05,-0.013,-1.65,993627.0,77393096.3,0.783,0.786,0.773,0.789,1.65,7.44,0.83,-24.28,424147.0,569480.0,4412.0,0.01,4782978.0,6.18,-4778566.0,-6.17,-21860.0,-0.03,17448.0,0.02,2894.0,0.775,0.776,1335778480.0,1036564100,1036564100,2026-08-14,2026-08-14 15:34:21+08:00
560270,电力ETF工银,0.952,0.9503,-0.18,-0.016,-1.65,79888.0,7605887.0,0.969,0.969,0.949,0.968,2.07,4.76,0.72,24.04,25539.0,54349.0,-110365.0,-1.45,0.0,0.0,-110365.0,-1.45,-546462.0,-7.18,656827.0,8.64,-1176.0,0.952,0.953,167939000.0,159877928,159877928,2026-08-14,2026-08-14 16:11:52+08:00
159669,绿色电力ETF国泰,1.115,1.1144,-0.05,-0.019,-1.68,39236.0,4383887.3,1.138,1.138,1.112,1.134,2.29,1.92,0.86,72.84,9575.0,29661.0,-445343.0,-10.16,130637.0,2.98,-575980.0,-13.14,-340456.0,-7.77,785800.0,17.92,-177.0,1.115,1.116,204254781.0,227744081,227744081,2026-08-14,2026-08-14 15:34:09+08:00
513130,恒生科技ETF华泰柏瑞,0.587,0.5874,0.07,-0.01,-1.68,35290456.0,2078150832.0,0.593,0.594,0.585,0.597,1.51,6.31,1.07,-5.25,14182852.0,21107604.0,-175617872.0,-8.45,-281853600.0,-13.56,106235728.0,5.11,120647130.0,5.81,54970732.0,2.65,-229144.0,0.586,0.587,55951346944.0,32843440656,32843440656,2026-08-14,2026-08-14 16:11:48+08:00
159061,绿色电力ETF南方,0.93,0.9291,-0.1,-0.016,-1.69,43377.0,4034864.168,0.945,0.945,0.928,0.946,1.8,2.02,0.71,54.53,9957.0,33420.0,-642772.0,-15.93,245944.0,6.1,-888716.0,-22.03,324638.0,8.05,318134.0,7.88,-1356.0,0.93,0.931,214840230.0,199801414,199801414,2026-08-14,2026-08-14 15:34:03+08:00
520570,恒生科技ETF南方,0.752,0.7514,-0.08,-0.013,-1.7,772899.0,58294134.0,0.763,0.763,0.749,0.765,1.83,2.26,0.74,-0.18,331731.0,441168.0,-4302403.0,-7.38,-99620.0,-0.17,-4202783.0,-7.21,2646402.0,4.54,1656002.0,2.84,-2808.0,0.752,0.753,3415876000.0,2568738752,2568738752,2026-08-14,2026-08-14 16:11:45+08:00
512140,电力ETF华安,0.922,0.9208,-0.13,-0.016,-1.71,133586.0,12314441.0,0.938,0.94,0.919,0.938,2.24,8.4,1.03,15.62,61618.0,71968.0,-1897725.0,-15.41,-269360.0,-2.19,-1628365.0,-13.22,1055769.0,8.57,841956.0,6.84,-860.0,0.921,0.922,159049000.0,146643178,146643178,2026-08-14,2026-08-14 16:11:50+08:00
159046,绿电ETF天弘,0.92,0.9191,-0.1,-0.016,-1.71,132292.0,12172341.761,0.936,0.938,0.918,0.936,2.14,3.21,1.02,19.49,52321.0,79971.0,-395526.0,-3.25,845496.0,6.95,-1241022.0,-10.2,-168156.0,-1.38,563683.0,4.63,-170.0,0.92,0.921,411976848.0,379018700,379018700,2026-08-14,2026-08-14 15:34:33+08:00
562550,绿电ETF华夏,1.14,1.1391,-0.08,-0.02,-1.72,822432.0,93873834.0,1.161,1.161,1.137,1.16,2.07,5.05,0.89,26.04,357709.0,464723.0,-3810811.0,-4.06,-5328487.0,-5.68,1517676.0,1.62,1365422.0,1.45,2445389.0,2.6,-2244.0,1.14,1.141,1628419296.0,1856397997,1856397997,2026-08-14,2026-08-14 16:11:33+08:00
159173,农牧ETF南方,0.853,0.854,0.12,-0.015,-1.73,43760.0,3740258.532,0.862,0.862,0.851,0.868,1.27,8.67,1.03,15.16,22034.0,21726.0,42807.0,1.14,-3620.0,-0.1,46427.0,1.24,-73786.0,-1.97,30979.0,0.83,-70.0,0.855,0.858,50455388.0,43038446,43038446,2026-08-14,2026-08-14 15:34:54+08:00
560830,电力ETF华夏,0.907,0.9049,-0.23,-0.016,-1.73,277843.0,25217410.0,0.92,0.921,0.905,0.923,1.73,3.9,0.98,8.15,94786.0,183057.0,-7918460.0,-31.4,-8394077.0,-33.29,475617.0,1.89,4755081.0,18.86,3163380.0,12.54,-1853.0,0.907,0.908,711519008.0,645347740,645347740,2026-08-14,2026-08-14 16:11:58+08:00
513890,恒生科技ETF摩根,0.911,0.912,0.11,-0.016,-1.73,269378.0,24641265.0,0.922,0.923,0.908,0.927,1.62,2.99,0.86,-11.16,135981.0,133397.0,-3225493.0,-13.09,-908366.0,-3.69,-2317127.0,-9.4,1013932.0,4.11,2211561.0,8.98,-2172.0,0.911,0.912,901128000.0,820927608,820927608,2026-08-14,2026-08-14 16:11:41+08:00
562900,农业ETF易方达,0.676,0.6746,-0.21,-0.012,-1.74,167243.0,11336142.0,0.688,0.688,0.674,0.688,2.03,7.58,1.07,12.27,71621.0,95622.0,-2513499.0,-22.17,-2897831.0,-25.56,384332.0,3.39,1541107.0,13.59,972393.0,8.58,-357.0,0.675,0.676,220706300.0,149197459,149197459,2026-08-14,2026-08-14 16:12:01+08:00
159103,金融科技ETF汇添富,0.667,0.6666,-0.06,-0.012,-1.77,96471.0,6438473.1,0.676,0.681,0.66,0.679,3.09,3.1,1.18,27.49,34114.0,62357.0,-1870934.0,-29.06,-3223460.0,-50.07,1352526.0,21.01,1157153.0,17.97,713782.0,11.09,1299.0,0.666,0.667,311406768.0,207708314,207708314,2026-08-14,2026-08-14 15:34:12+08:00
561560,电力ETF华泰柏瑞,1.273,1.2717,-0.1,-0.023,-1.77,504389.0,64273977.0,1.295,1.295,1.27,1.296,1.93,2.45,0.77,51.85,208198.0,296191.0,-7422608.0,-11.55,-1454126.0,-2.26,-5968482.0,-9.29,235822.0,0.37,7186786.0,11.18,-3334.0,1.272,1.273,2062624208.0,2625720617,2625720617,2026-08-14,2026-08-14 16:11:51+08:00
159768,房地产ETF银华,0.442,0.4434,0.32,-0.008,-1.78,1737737.0,76981764.4,0.448,0.45,0.44,0.45,2.22,19.16,1.43,16.19,544847.0,1192890.0,2147549.0,2.79,12977343.0,16.86,-10829794.0,-14.07,-2625526.0,-3.41,477977.0,0.62,-3411.0,0.442,0.443,906950304.0,400872034,400872034,2026-08-14,2026-08-14 15:34:51+08:00
512690,酒ETF鹏华,0.441,0.4413,0.07,-0.008,-1.78,13026251.0,577785245.0,0.449,0.449,0.44,0.449,2.0,3.92,0.67,3.69,4114762.0,8911489.0,-39951809.0,-6.91,-54173936.0,-9.38,14222127.0,2.46,20433712.0,3.54,19518099.0,3.38,-230013.0,0.44,0.441,33202150144.0,14642148214,14642148214,2026-08-14,2026-08-14 16:11:59+08:00
159167,港股通医疗ETF工银,0.934,0.9355,0.16,-0.017,-1.79,487619.0,45867800.792,0.95,0.958,0.923,0.951,3.68,22.41,0.49,-28.41,209101.0,278518.0,344070.0,0.75,2253536.0,4.91,-1909466.0,-4.16,-176991.0,-0.39,-167080.0,-0.36,1797.0,0.932,0.934,217549164.0,203190919,203190919,2026-08-14,2026-08-14 15:34:27+08:00
513330,恒生互联网ETF华夏,0.382,0.3812,-0.21,-0.007,-1.8,34463059.0,1323816957.0,0.386,0.388,0.381,0.389,1.8,5.05,0.87,-16.46,12414433.0,22048626.0,-62477083.0,-4.72,-97857888.0,-7.39,35380805.0,2.67,43560418.0,3.29,18916670.0,1.43,-513992.0,0.382,0.383,68273479936.0,26080469336,26080469336,2026-08-14,2026-08-14 16:11:55+08:00
159067,绿色电力ETF鹏华,1.019,1.0214,0.23,-0.019,-1.83,25051.0,2554339.4,1.029,1.029,1.019,1.038,0.96,10.48,1.64,-75.24,12916.0,12135.0,-112317.0,-4.4,-427903.0,-16.75,315586.0,12.35,33813.0,1.32,78504.0,3.07,-100.0,1.019,1.02,23908737.0,24363003,24363003,2026-08-14,2026-08-14 15:34:48+08:00
159146,电力ETF华宝,1.016,1.0148,-0.12,-0.019,-1.84,263454.0,26775067.1,1.035,1.037,1.013,1.035,2.32,3.59,1.06,27.73,108835.0,154619.0,-2198023.0,-8.21,-5186.0,-0.02,-2192837.0,-8.19,110075.0,0.41,2087948.0,7.8,-625.0,1.016,1.017,733940848.0,745683902,745683902,2026-08-14,2026-08-14 15:34:12+08:00
159158,电力ETF景顺,1.006,1.0052,-0.08,-0.019,-1.85,344914.0,34736893.37,1.023,1.023,1.004,1.025,1.85,3.79,1.02,59.11,159927.0,184987.0,-6607244.0,-19.02,-2850106.0,-8.2,-3757138.0,-10.82,2151674.0,6.19,4455570.0,12.83,3846.0,1.005,1.006,910535344.0,915998556,915998556,2026-08-14,2026-08-14 15:34:57+08:00
561700,电力ETF博时,1.11,1.1078,-0.2,-0.021,-1.86,72516.0,8051046.0,1.131,1.136,1.106,1.131,2.65,2.0,0.75,11.83,35245.0,37271.0,-1273863.0,-15.82,-554221.0,-6.88,-719642.0,-8.94,-159489.0,-1.98,1433352.0,17.8,-62.0,1.109,1.11,361813600.0,401613096,401613096,2026-08-14,2026-08-14 16:11:45+08:00
562350,电力ETF银华,1.102,1.1009,-0.1,-0.021,-1.87,161147.0,17768307.0,1.123,1.123,1.1,1.123,2.05,11.24,1.0,13.01,60964.0,100183.0,-2065262.0,-11.62,-1100531.0,-6.19,-964731.0,-5.43,-990746.0,-5.58,3056010.0,17.2,-807.0,1.101,1.102,143410900.0,158038812,158038812,2026-08-14,2026-08-14 16:11:48+08:00
560450,电力ETF天弘,0.944,0.9423,-0.18,-0.018,-1.87,164598.0,15551554.0,0.961,0.961,0.941,0.962,2.08,6.39,1.09,19.39,66538.0,98060.0,-256587.0,-1.65,2438506.0,15.68,-2695093.0,-17.33,-749254.0,-4.82,1005842.0,6.47,-73.0,0.943,0.944,257569000.0,243145136,243145136,2026-08-14,2026-08-14 16:11:52+08:00
159611,电力ETF广发,1.048,1.0484,0.04,-0.02,-1.87,5292822.0,555874562.95,1.067,1.067,1.047,1.068,1.87,5.43,0.96,32.17,1766922.0,3525900.0,-89506874.0,-16.1,-57593640.0,-10.36,-31913234.0,-5.74,35786127.0,6.44,53720748.0,9.66,-43040.0,1.048,1.049,9743162880.0,10210834698,10210834698,2026-08-14,2026-08-14 15:34:30+08:00
560930,电力ETF易方达,0.888,0.8869,-0.12,-0.017,-1.88,100746.0,8964756.0,0.905,0.906,0.887,0.905,2.1,4.53,1.01,29.2,39597.0,61149.0,-3171371.0,-35.38,-2071426.0,-23.11,-1099945.0,-12.27,969050.0,10.81,2202322.0,24.57,-303.0,0.888,0.889,222524000.0,197601312,197601312,2026-08-14,2026-08-14 16:11:42+08:00
561170,绿色电力ETF富国,1.148,1.1461,-0.17,-0.022,-1.88,348288.0,40007918.0,1.169,1.169,1.145,1.17,2.05,6.03,0.94,29.75,139365.0,208923.0,-235389.0,-0.59,1874444.0,4.69,-2109833.0,-5.27,-2302054.0,-5.75,2537442.0,6.34,-1957.0,1.147,1.148,578032704.0,663581544,663581544,2026-08-14,2026-08-14 16:11:55+08:00
513050,中概互联网ETF易方达,1.094,1.1155,1.93,-0.021,-1.88,18644922.0,2048082018.0,1.104,1.106,1.093,1.115,1.17,5.53,0.98,8.07,8692934.0,9951988.0,-225800688.0,-11.02,-150217792.0,-7.33,-75582896.0,-3.69,99822137.0,4.87,125978550.0,6.15,-212995.0,1.094,1.095,33726432768.0,36896717448,36896717448,2026-08-14,2026-08-14 16:12:02+08:00
513700,港股通医药ETF鹏华,0.624,0.6239,-0.02,-0.012,-1.89,1887059.0,118325175.0,0.634,0.635,0.618,0.636,2.67,23.05,0.58,-14.79,948287.0,938772.0,-5242671.0,-4.43,-14738252.0,-12.46,9495581.0,8.02,4186645.0,3.54,1056025.0,0.89,-2608.0,0.623,0.624,818846000.0,510959904,510959904,2026-08-14,2026-08-14 16:11:44+08:00
562960,绿色电力ETF易方达,1.144,1.142,-0.18,-0.022,-1.89,368817.0,42193730.0,1.164,1.164,1.141,1.166,1.97,2.82,1.0,15.44,142590.0,226228.0,-5064234.0,-12.0,-2913286.0,-6.9,-2150948.0,-5.1,813528.0,1.93,4250706.0,10.07,-1536.0,1.143,1.144,1306891008.0,1495083313,1495083313,2026-08-14,2026-08-14 16:12:00+08:00
520510,港股通医疗ETF华夏,0.922,0.9255,0.38,-0.018,-1.91,1885675.0,174767859.0,0.941,0.942,0.914,0.94,2.98,73.17,0.8,-0.93,914510.0,971165.0,-1489886.0,-0.85,197671.0,0.11,-1687557.0,-0.97,1488358.0,0.85,1528.0,0.0,-3548.0,0.922,0.923,257728000.0,237625216,237625216,2026-08-14,2026-08-14 16:11:36+08:00
159557,恒生医疗ETF嘉实,1.435,1.4466,0.8,-0.028,-1.91,510082.0,73899724.4,1.46,1.467,1.425,1.463,2.87,37.54,0.77,60.29,229806.0,280276.0,-6720.0,-0.01,882340.0,1.19,-889060.0,-1.2,857439.0,1.16,-850720.0,-1.15,361.0,1.434,1.435,135894955.0,195009260,195009260,2026-08-14,2026-08-14 15:34:03+08:00
517380,创新药ETF天弘,0.873,0.8733,0.03,-0.017,-1.91,1660699.0,145061212.0,0.892,0.892,0.863,0.89,3.26,5.37,0.79,21.34,712215.0,948484.0,-16201360.0,-11.17,-33350731.0,-22.99,17149371.0,11.82,8926363.0,6.15,7274998.0,5.02,-5551.0,0.873,0.874,3090326304.0,2697854863,2697854863,2026-08-14,2026-08-14 16:11:45+08:00
513620,港股医疗ETF银华,1.07,1.0736,0.34,-0.021,-1.92,268082.0,28832962.0,1.086,1.091,1.06,1.091,2.84,36.12,0.57,18.06,137950.0,130132.0,419984.0,1.46,1459375.0,5.06,-1039391.0,-3.6,-419236.0,-1.45,-748.0,0.0,-244.0,1.07,1.071,74216000.0,79411120,79411120,2026-08-14,2026-08-14 16:11:59+08:00
517120,创新药ETF华泰柏瑞,0.764,0.7643,0.04,-0.015,-1.93,353392.0,27104407.0,0.772,0.781,0.758,0.779,2.95,5.82,0.61,34.11,117100.0,236292.0,-2044246.0,-7.54,285843.0,1.05,-2330089.0,-8.6,478742.0,1.77,1565504.0,5.78,-1235.0,0.764,0.765,606966400.0,463722330,463722330,2026-08-14,2026-08-14 16:11:46+08:00
517990,沪港深医药ETF招商,0.911,0.9161,0.56,-0.018,-1.94,29035.0,2645968.0,0.927,0.93,0.907,0.929,2.48,6.05,0.87,-16.45,12803.0,16232.0,162176.0,6.13,0.0,0.0,162176.0,6.13,-142913.0,-5.4,-19263.0,-0.73,-1.0,0.913,0.915,47987900.0,43716977,43716977,2026-08-14,2026-08-14 16:11:53+08:00
560580,电力ETF南方,1.105,1.1057,0.06,-0.022,-1.95,75598.0,8373832.0,1.125,1.125,1.105,1.127,1.77,1.56,0.55,11.69,25451.0,50147.0,212883.0,2.54,553000.0,6.6,-340117.0,-4.06,-1355617.0,-16.19,1142733.0,13.65,-710.0,1.105,1.106,485003008.0,535928324,535928324,2026-08-14,2026-08-14 16:11:54+08:00
159297,港股通创新药ETF南方,0.73,0.7309,0.12,-0.015,-2.01,3001389.0,220340835.9,0.74,0.748,0.725,0.745,3.09,7.83,0.69,-4.32,1496595.0,1504794.0,-8780696.0,-3.99,-2337460.0,-1.06,-6443236.0,-2.92,4469367.0,2.03,4311328.0,1.96,7327.0,0.729,0.73,3835418640.0,2799855607,2799855607,2026-08-14,2026-08-14 15:34:54+08:00
516370,电力ETF汇添富,0.924,0.9235,-0.05,-0.019,-2.01,179981.0,16659598.0,0.942,0.943,0.923,0.943,2.12,5.6,1.11,24.18,75115.0,104866.0,-4584157.0,-27.52,-3057480.0,-18.35,-1526677.0,-9.16,1739270.0,10.44,2844887.0,17.08,-1021.0,0.924,0.925,321408000.0,296980992,296980992,2026-08-14,2026-08-14 16:11:39+08:00
526010,港股通医疗ETF汇添富,1.007,1.0136,0.65,-0.021,-2.04,63741.0,6481757.0,1.021,1.033,1.001,1.028,3.11,11.29,0.33,63.58,29820.0,33921.0,-391976.0,-6.05,513000.0,7.91,-904976.0,-13.96,395890.0,6.11,-3915.0,-0.06,-535.0,1.006,1.007,56458000.0,56853206,56853206,2026-08-14,2026-08-14 16:11:34+08:00
560460,电力ETF平安,0.906,0.9056,-0.04,-0.019,-2.05,79449.0,7213718.0,0.925,0.925,0.905,0.925,2.16,2.73,1.2,31.26,27310.0,52139.0,-1938117.0,-26.87,-100646.0,-1.4,-1837471.0,-25.47,832972.0,11.55,1105145.0,15.32,-566.0,0.906,0.907,291037008.0,263679529,263679529,2026-08-14,2026-08-14 16:11:56+08:00
159303,恒生医疗ETF大成,1.566,1.5724,0.41,-0.033,-2.06,467017.0,73838696.6,1.595,1.602,1.558,1.599,2.75,63.12,0.56,-2.81,218381.0,248636.0,-3858712.0,-5.23,0.0,0.0,-3858712.0,-5.23,2770546.0,3.75,1088166.0,1.47,803.0,1.565,1.566,73991693.0,115870991,115870991,2026-08-14,2026-08-14 15:34:03+08:00
159366,港股医疗ETF永赢,1.415,1.4112,-0.27,-0.03,-2.08,1485926.0,211444142.2,1.446,1.446,1.4,1.445,3.18,60.08,0.68,6.46,657420.0,828506.0,651709.0,0.31,-3407434.0,-1.61,4059143.0,1.92,-3309001.0,-1.56,2657291.0,1.26,-1596.0,1.415,1.416,247333072.0,349976297,349976297,2026-08-14,2026-08-14 15:34:15+08:00
513060,恒生医疗ETF博时,0.564,0.5662,0.39,-0.012,-2.08,10068337.0,571317780.0,0.574,0.576,0.56,0.576,2.78,10.14,0.58,-29.79,4502826.0,5565511.0,-16841855.0,-2.95,-33776112.0,-5.91,16934257.0,2.96,8978031.0,1.57,7863826.0,1.38,-27829.0,0.563,0.564,9930393344.0,5600741846,5600741846,2026-08-14,2026-08-14 16:11:41+08:00
159217,港股通创新药ETF工银,1.17,1.1724,0.2,-0.025,-2.09,5542404.0,651613147.3,1.19,1.195,1.164,1.195,2.59,8.98,0.87,-29.4,2504796.0,3037608.0,-92282980.0,-14.16,-43221604.0,-6.63,-49061376.0,-7.53,82738765.0,12.7,9544219.0,1.46,7732.0,1.169,1.17,6174157568.0,7223764355,7223764355,2026-08-14,2026-08-14 15:34:33+08:00
159059,电力ETF大成,1.027,1.0275,0.05,-0.022,-2.1,87550.0,8996285.754,1.049,1.049,1.025,1.049,2.29,14.63,1.01,75.81,41514.0,46036.0,-1620761.0,-18.02,0.0,0.0,-1620761.0,-18.02,1241426.0,13.8,379334.0,4.22,-779.0,1.027,1.028,59830063.0,61445475,61445475,2026-08-14,2026-08-14 15:34:30+08:00
159718,港股医药ETF平安,0.877,0.8812,0.48,-0.019,-2.12,272941.0,24159630.6,0.892,0.897,0.872,0.896,2.79,13.87,0.59,-21.47,121404.0,151537.0,554356.0,2.29,757694.0,3.14,-203338.0,-0.84,-733739.0,-3.04,179384.0,0.74,-285.0,0.877,0.878,196832634.0,172622220,172622220,2026-08-14,2026-08-14 15:34:15+08:00
520850,港股通医疗ETF易方达,0.874,0.8788,0.55,-0.019,-2.13,302390.0,26701647.0,0.895,0.896,0.866,0.893,3.36,18.3,0.29,6.08,133757.0,168633.0,468610.0,1.75,-1182984.0,-4.43,1651594.0,6.19,-1303092.0,-4.88,834481.0,3.13,-3049.0,0.873,0.874,165249600.0,144428150,144428150,2026-08-14,2026-08-14 16:11:56+08:00
520690,港股创新药ETF博时,0.735,0.7359,0.12,-0.016,-2.13,1227841.0,90783418.0,0.752,0.752,0.731,0.751,2.8,17.58,0.66,4.9,561218.0,666623.0,-7313911.0,-8.06,-2999753.0,-3.3,-4314158.0,-4.75,3948569.0,4.35,3365342.0,3.71,-2136.0,0.734,0.735,698454000.0,513363690,513363690,2026-08-14,2026-08-14 16:12:00+08:00
513220,中概互联ETF招商,0.958,0.9731,1.55,-0.021,-2.15,380478.0,36595002.0,0.976,0.976,0.955,0.979,2.15,7.75,1.13,-8.61,192036.0,188442.0,-5922715.0,-16.18,-6082320.0,-16.62,159605.0,0.44,1685405.0,4.61,4237310.0,11.58,-2747.0,0.957,0.958,491109408.0,470482813,470482813,2026-08-14,2026-08-14 16:11:38+08:00
159137,港股通医疗ETF华宝,0.942,0.946,0.42,-0.021,-2.18,379899.0,36122955.055,0.96,0.965,0.935,0.963,3.12,23.65,0.52,3.92,183025.0,196874.0,378354.0,1.05,44284.0,0.12,334070.0,0.92,-590420.0,-1.63,212065.0,0.59,-749.0,0.942,0.944,160632607.0,151315916,151315916,2026-08-14,2026-08-14 15:34:15+08:00
159615,恒生生物科技ETF南方,1.113,1.1169,0.35,-0.025,-2.2,676127.0,75927775.2,1.133,1.138,1.104,1.138,2.99,15.69,0.48,-48.97,321369.0,354758.0,-157708.0,-0.21,620267.0,0.82,-777975.0,-1.02,-1286514.0,-1.69,1444223.0,1.9,1702.0,1.112,1.113,431054896.0,479764099,479764099,2026-08-14,2026-08-14 15:34:39+08:00
520500,恒生创新药ETF华泰柏瑞,1.413,1.417,0.28,-0.032,-2.21,8855537.0,1259310959.0,1.437,1.445,1.404,1.445,2.84,40.47,0.68,-28.36,4160614.0,4694923.0,-48425409.0,-3.85,-63534369.0,-5.05,15108960.0,1.2,17705755.0,1.41,30719660.0,2.44,-34767.0,1.412,1.413,2188305008.0,3092074976,3092074976,2026-08-14,2026-08-14 16:11:53+08:00
159316,港股通创新药ETF易方达,1.146,1.151,0.43,-0.026,-2.22,6850794.0,789714773.44,1.166,1.168,1.139,1.172,2.47,12.07,0.67,-29.05,3245328.0,3605466.0,-41043516.0,-5.2,-39872220.0,-5.05,-1171296.0,-0.15,20413182.0,2.58,20630321.0,2.61,-16410.0,1.146,1.147,5674336256.0,6502789349,6502789349,2026-08-14,2026-08-14 15:34:12+08:00
159130,恒生生物科技ETF鹏华,0.92,0.9219,0.21,-0.021,-2.23,77641.0,7184108.6,0.924,0.946,0.913,0.941,3.51,3.57,0.39,-16.64,40132.0,37509.0,-973467.0,-13.55,142415.0,1.98,-1115882.0,-15.53,661682.0,9.21,311785.0,4.34,504.0,0.919,0.92,217389466.0,199998309,199998309,2026-08-14,2026-08-14 15:34:06+08:00
513200,港股通医药ETF易方达,1.047,1.0493,0.22,-0.024,-2.24,1446271.0,152676216.0,1.069,1.071,1.04,1.071,2.89,15.87,0.69,-8.84,679549.0,766722.0,727103.0,0.48,5941016.0,3.89,-5213913.0,-3.42,-2000622.0,-1.31,1273518.0,0.83,-3349.0,1.047,1.048,911282096.0,954112355,954112355,2026-08-14,2026-08-14 16:11:52+08:00
159776,港股医药ETF银华,1.17,1.1737,0.32,-0.027,-2.26,206663.0,24474955.7,1.195,1.197,1.164,1.197,2.76,24.91,0.6,-27.74,101211.0,105452.0,-345288.0,-1.41,213957.0,0.87,-559245.0,-2.28,128429.0,0.52,216859.0,0.89,-30.0,1.171,1.172,82968765.0,97073455,97073455,2026-08-14,2026-08-14 15:34:45+08:00
159892,恒生医药ETF华夏,0.777,0.7794,0.31,-0.018,-2.26,8135076.0,637175503.522,0.794,0.795,0.772,0.795,2.89,13.71,0.64,-17.52,3850609.0,4284467.0,-15745121.0,-2.47,-2999025.0,-0.47,-12746096.0,-2.0,4226811.0,0.66,11518303.0,1.81,48300.0,0.776,0.777,5933265920.0,4610147620,4610147620,2026-08-14,2026-08-14 15:34:51+08:00
520930,恒生生物科技ETF国泰,0.95,0.953,0.31,-0.022,-2.26,128428.0,12350181.0,0.972,0.973,0.944,0.972,2.98,6.77,0.33,5.17,63413.0,65015.0,757716.0,6.14,375372.0,3.04,382344.0,3.1,-736941.0,-5.97,-20775.0,-0.17,-100.0,0.95,0.951,189733000.0,180246350,180246350,2026-08-14,2026-08-14 16:11:45+08:00
159202,恒生互联网ETF万家,0.819,0.8186,-0.05,-0.019,-2.27,2426318.0,199735746.3,0.83,0.834,0.816,0.838,2.15,19.53,1.68,-6.02,1121531.0,1304787.0,-7589781.0,-3.8,-5331695.0,-2.67,-2258086.0,-1.13,1454585.0,0.73,6135194.0,3.07,-6746.0,0.819,0.82,1242401904.0,1017527159,1017527159,2026-08-14,2026-08-14 15:34:06+08:00
513930,恒生生物科技ETF华泰柏瑞,1.023,1.0217,-0.13,-0.024,-2.29,544011.0,55978384.0,1.036,1.046,1.016,1.047,2.87,55.85,0.62,1.45,260249.0,283762.0,-963535.0,-1.72,-483676.0,-0.86,-479859.0,-0.86,1124961.0,2.01,-161426.0,-0.29,-221.0,1.022,1.023,97408000.0,99648384,99648384,2026-08-14,2026-08-14 16:11:40+08:00
159607,中概互联网ETF嘉实,0.805,0.8232,2.21,-0.019,-2.31,1162810.0,94019850.77,0.815,0.816,0.803,0.824,1.58,10.18,0.95,-24.75,518574.0,644236.0,-11774873.0,-12.52,-10560193.0,-11.23,-1214680.0,-1.29,5084448.0,5.41,6690427.0,7.12,-7360.0,0.805,0.806,1141829136.0,919172454,919172454,2026-08-14,2026-08-14 15:34:24+08:00
159105,恒生生物科技ETF易方达,0.917,0.9194,0.26,-0.022,-2.34,1110256.0,102805081.017,0.939,0.94,0.909,0.939,3.3,53.82,0.64,-14.15,538925.0,571331.0,1693262.0,1.65,1690353.0,1.64,2909.0,0.0,-2029478.0,-1.97,336217.0,0.33,388.0,0.916,0.917,206272984.0,189152326,189152326,2026-08-14,2026-08-14 15:34:15+08:00
520970,港股通创新药ETF嘉实,0.873,0.8757,0.31,-0.021,-2.35,1380104.0,121941378.0,0.896,0.898,0.867,0.894,3.47,10.79,0.7,-4.0,615903.0,764201.0,1030931.0,0.85,21080084.0,17.29,-20049153.0,-16.44,-2799706.0,-2.3,1768775.0,1.45,-1298.0,0.873,0.874,1279358000.0,1116879534,1116879534,2026-08-14,2026-08-14 16:11:33+08:00
159286,港股通创新药ETF鹏华,0.744,0.7477,0.49,-0.018,-2.36,925428.0,69332135.4,0.759,0.76,0.741,0.762,2.49,11.63,0.54,29.84,411095.0,514333.0,-3014806.0,-4.35,-4041733.0,-5.83,1026927.0,1.48,1609710.0,2.32,1405095.0,2.03,5138.0,0.743,0.744,795785408.0,592064344,592064344,2026-08-14,2026-08-14 15:34:36+08:00
520760,恒生生物科技ETF摩根,0.952,0.955,0.31,-0.023,-2.36,124612.0,11981647.0,0.968,0.975,0.947,0.975,2.87,7.02,0.54,-7.75,61725.0,62887.0,-382979.0,-3.2,-1237948.0,-10.33,854969.0,7.14,322274.0,2.69,60703.0,0.51,-754.0,0.952,0.953,177466000.0,168947632,168947632,2026-08-14,2026-08-14 16:11:56+08:00
520880,港股通创新药ETF华宝,0.453,0.4538,0.18,-0.011,-2.37,7046423.0,321535599.0,0.463,0.464,0.451,0.464,2.8,14.24,0.67,-6.36,2955923.0,4090500.0,-19879956.0,-6.18,-25310296.0,-7.87,5430340.0,1.69,13694415.0,4.26,6185542.0,1.92,-21600.0,0.452,0.453,4949617920.0,2242176918,2242176918,2026-08-14,2026-08-14 16:11:45+08:00
159567,港股创新药ETF银华,0.696,0.6986,0.37,-0.017,-2.38,13189821.0,925274208.1,0.708,0.712,0.694,0.713,2.52,12.15,0.68,-28.8,5388566.0,7801255.0,-82449648.0,-8.91,-68824784.0,-7.44,-13624864.0,-1.47,60741542.0,6.56,21708112.0,2.35,-68659.0,0.696,0.697,10857729792.0,7556979935,7556979935,2026-08-14,2026-08-14 15:34:54+08:00
159169,恒生生物科技ETF广发,0.972,0.9774,0.55,-0.024,-2.41,111954.0,10987427.859,0.994,0.997,0.967,0.996,3.01,7.23,0.43,-18.59,56289.0,55665.0,-765917.0,-6.97,-576947.0,-5.25,-188970.0,-1.72,572351.0,5.21,193566.0,1.76,-20.0,0.972,0.973,154874485.0,150537999,150537999,2026-08-14,2026-08-14 15:34:48+08:00
159605,中概互联ETF广发,0.808,0.8236,1.89,-0.02,-2.42,2995748.0,242888730.316,0.816,0.816,0.806,0.828,1.21,7.44,1.05,-24.32,1273884.0,1721864.0,-38661175.0,-15.92,-32214382.0,-13.26,-6446793.0,-2.65,24189108.0,9.96,14472066.0,5.96,-19801.0,0.808,0.809,4028486160.0,3255016817,3255016817,2026-08-14,2026-08-14 15:34:30+08:00
159102,港股通生物科技ETF华安,0.808,0.8102,0.27,-0.02,-2.42,478909.0,39059722.348,0.821,0.826,0.802,0.828,2.9,6.85,0.59,33.36,205044.0,273865.0,1545476.0,3.96,-1281867.0,-3.28,2827343.0,7.24,-1611544.0,-4.13,66069.0,0.17,1152.0,0.807,0.808,699122000.0,564890576,564890576,2026-08-14,2026-08-14 15:34:48+08:00
159502,标普生物科技ETF嘉实,1.563,1.572,0.57,-0.039,-2.43,1788152.0,280197399.7,1.575,1.578,1.562,1.602,1.0,16.1,1.15,11.87,660889.0,1127263.0,-39606746.0,-14.14,-20609154.0,-7.36,-18997592.0,-6.78,28037366.0,10.01,11569379.0,4.13,-29209.0,1.563,1.564,1110323024.0,1735434887,1735434887,2026-08-14,2026-08-14 15:34:21+08:00
513280,恒生生物科技ETF汇添富,1.096,1.0993,0.3,-0.028,-2.49,603362.0,66852000.0,1.118,1.124,1.09,1.124,3.02,15.47,0.59,-20.54,292165.0,311197.0,-1731018.0,-2.59,115653.0,0.17,-1846671.0,-2.76,479083.0,0.72,1251935.0,1.87,-340.0,1.096,1.097,390114496.0,427565488,427565488,2026-08-14,2026-08-14 16:11:34+08:00
520700,港股通创新药ETF万家,1.565,1.5664,0.09,-0.04,-2.49,2669103.0,421439038.0,1.598,1.605,1.555,1.605,3.12,56.66,0.55,-7.65,1247218.0,1421885.0,-3906657.0,-0.93,-7279947.0,-1.73,3373290.0,0.8,-2261596.0,-0.54,6168254.0,1.46,-6451.0,1.564,1.565,471076000.0,737233940,737233940,2026-08-14,2026-08-14 16:11:48+08:00
159570,港股通创新药ETF汇添富,1.437,1.4449,0.55,-0.037,-2.51,14454526.0,2090478219.436,1.464,1.47,1.43,1.474,2.71,8.3,0.83,-15.4,6917510.0,7537016.0,73010976.0,3.49,29735680.0,1.42,43275296.0,2.07,-59269328.0,-2.84,-13741632.0,-0.66,-103126.0,1.437,1.438,17408597248.0,25016154245,25016154245,2026-08-14,2026-08-14 15:34:15+08:00
159132,恒生生物科技ETF富国,0.946,0.9508,0.5,-0.025,-2.57,267304.0,25616041.3,0.966,0.97,0.942,0.971,2.88,20.1,0.48,-33.86,128573.0,138731.0,1437.0,0.01,777705.0,3.04,-776268.0,-3.03,-413302.0,-1.61,411865.0,1.61,-392.0,0.946,0.947,132963558.0,125783526,125783526,2026-08-14,2026-08-14 15:34:09+08:00
513120,港股创新药ETF广发,1.253,1.2584,0.43,-0.033,-2.57,54027062.0,6822944024.0,1.279,1.284,1.244,1.286,3.11,24.89,0.72,-37.99,25344799.0,28682263.0,-365634288.0,-5.36,-425895232.0,-6.24,60260944.0,0.88,204317552.0,2.99,161316735.0,2.36,-405180.0,1.252,1.253,21707135488.0,27199040766,27199040766,2026-08-14,2026-08-14 16:11:47+08:00
159086,金融科技ETF广发,1.061,1.0605,-0.05,-0.028,-2.57,34624.0,3674523.892,1.075,1.082,1.051,1.089,2.85,9.78,0.58,-25.44,18273.0,16351.0,-507447.0,-13.81,-702252.0,-19.11,194805.0,5.3,327233.0,8.91,180215.0,4.9,58.0,1.061,1.063,35399823.0,37559212,37559212,2026-08-14,2026-08-14 15:34:42+08:00
159506,港股通创新药医疗ETF富国,1.259,1.2658,0.54,-0.034,-2.63,3054556.0,387981498.4,1.292,1.295,1.253,1.293,3.25,11.63,0.63,-28.77,1538020.0,1516536.0,3363968.0,0.87,-12547911.0,-3.23,15911879.0,4.1,-10781274.0,-2.78,7417305.0,1.91,7898.0,1.258,1.259,2625536976.0,3305551053,3305551053,2026-08-14,2026-08-14 15:34:39+08:00
513780,港股创新药ETF景顺,1.624,1.6259,0.12,-0.044,-2.64,4157793.0,680978944.0,1.667,1.667,1.614,1.668,3.18,22.92,0.81,26.43,1909372.0,2248421.0,-48333296.0,-7.1,-24978752.0,-3.67,-23354544.0,-3.43,11380779.0,1.67,36952518.0,5.43,-12394.0,1.624,1.625,1814157008.0,2946190981,2946190981,2026-08-14,2026-08-14 16:11:48+08:00
