代码,名称,最新价,IOPV实时估值,基金折价率,涨跌额,涨跌幅,成交量,成交额,开盘价,最高价,最低价,昨收,振幅,换手率,量比,委比,外盘,内盘,主力净流入-净额,主力净流入-净占比,超大单净流入-净额,超大单净流入-净占比,大单净流入-净额,大单净流入-净占比,中单净流入-净额,中单净流入-净占比,小单净流入-净额,小单净流入-净占比,现手,买一,卖一,最新份额,流通市值,总市值,数据日期,更新时间
513350,标普油气ETF富国,1.336,1.3146,-1.63,0.03,2.3,5234381.0,696698133.0,1.319,1.343,1.319,1.306,1.84,62.78,2.53,-40.2,2756238.0,2478143.0,-1253414.0,-0.18,-4320518.0,-0.62,3067104.0,0.44,7223029.0,1.04,-5961871.0,-0.86,-89.0,1.336,1.337,833746000.0,1113884656,1113884656,2026-08-19,2026-08-19 10:37:57+08:00
513290,纳指生物科技ETF汇添富,1.712,1.7047,-0.43,0.028,1.66,530968.0,90840711.0,1.704,1.721,1.704,1.684,1.01,5.16,3.06,5.96,267427.0,263541.0,-731151.0,-0.8,-2180179.0,-2.4,1449028.0,1.6,2831345.0,3.12,-2101221.0,-2.31,316.0,1.71,1.711,1029072096.0,1761771428,1761771428,2026-08-19,2026-08-19 10:37:58+08:00
159518,标普油气ETF嘉实,1.26,1.2529,-0.57,0.019,1.53,2251662.0,283251440.892,1.254,1.264,1.253,1.241,0.89,13.59,2.61,8.03,1244357.0,1007305.0,-5077880.0,-1.79,-6500622.0,-2.3,1422742.0,0.5,3684726.0,1.3,1393153.0,0.49,-28.0,1.26,1.261,1657325376.0,2088229974,2088229974,2026-08-19,2026-08-19 10:38:09+08:00
560670,银行ETF华泰柏瑞,1.049,1.0475,-0.14,0.013,1.25,113642.0,11896742.0,1.039,1.049,1.039,1.036,0.97,23.94,3.31,3.63,61282.0,52360.0,528653.0,4.44,1476906.0,12.41,-948253.0,-7.97,-569471.0,-4.79,40817.0,0.34,2533.0,1.048,1.049,47474000.0,49800226,49800226,2026-08-19,2026-08-19 10:37:53+08:00
512410,银行ETF广发,1.079,1.0791,0.01,0.012,1.12,105553.0,11389495.0,1.074,1.082,1.072,1.067,0.94,22.86,2.82,18.47,68919.0,36634.0,-1024819.0,-9.0,0.0,0.0,-1024819.0,-9.0,573058.0,5.03,451762.0,3.97,-10.0,1.079,1.081,46171700.0,49819264,49819264,2026-08-19,2026-08-19 10:37:57+08:00
512700,银行ETF南方,1.493,1.4923,-0.05,0.016,1.08,346613.0,51669152.0,1.479,1.494,1.479,1.477,1.02,5.24,1.93,7.52,185169.0,161444.0,-2673626.0,-5.17,434699.0,0.84,-3108325.0,-6.02,1813743.0,3.51,859882.0,1.66,2.0,1.492,1.493,661081008.0,986993945,986993945,2026-08-19,2026-08-19 10:38:01+08:00
517900,银行AH优选ETF招商,1.516,1.516,0.0,0.015,1.0,135795.0,20558087.0,1.504,1.519,1.504,1.501,1.0,3.43,2.35,17.94,91222.0,44573.0,-2445051.0,-11.89,4256219.0,20.7,-6701270.0,-32.6,203341.0,0.99,2241710.0,10.9,2.0,1.515,1.516,395993504.0,600326152,600326152,2026-08-19,2026-08-19 10:37:47+08:00
510650,金融地产ETF华夏,2.85,2.8453,-0.17,0.028,0.99,3923.0,1117500.0,2.825,2.85,2.825,2.822,0.89,3.28,1.71,-8.65,2194.0,1729.0,-118498.0,-10.6,0.0,0.0,-118498.0,-10.6,39003.0,3.49,79494.0,7.11,1500.0,2.844,2.846,11952500.0,34064625,34064625,2026-08-19,2026-08-19 10:38:02+08:00
159887,银行ETF富国,1.324,1.3235,-0.04,0.013,0.99,445138.0,58820364.7,1.314,1.326,1.314,1.311,0.92,7.68,2.29,-12.22,280758.0,164380.0,2300947.0,3.91,2352251.0,4.0,-51304.0,-0.09,-2466149.0,-4.19,165203.0,0.28,155.0,1.323,1.324,579915952.0,767808720,767808720,2026-08-19,2026-08-19 10:38:03+08:00
515290,银行ETF天弘,1.454,1.4537,-0.02,0.014,0.97,260232.0,37773274.0,1.444,1.456,1.444,1.44,0.83,0.97,1.66,15.89,181978.0,78254.0,-2278741.0,-6.03,-8288532.0,-21.95,6009791.0,15.91,2525474.0,6.69,-246733.0,-0.65,27.0,1.453,1.454,2680372896.0,3897262191,3897262191,2026-08-19,2026-08-19 10:37:58+08:00
512730,银行ETF鹏华,1.658,1.6597,0.1,0.016,0.97,28360.0,4695482.0,1.645,1.66,1.645,1.642,0.91,5.15,3.83,-0.59,19234.0,9126.0,837264.0,17.83,1091724.0,23.25,-254460.0,-5.42,-927967.0,-19.76,90702.0,1.93,600.0,1.658,1.659,55083900.0,91329106,91329106,2026-08-19,2026-08-19 10:37:59+08:00
516210,银行ETF华安,1.378,1.3796,0.12,0.013,0.95,29930.0,4123484.0,1.379,1.381,1.366,1.365,1.1,3.72,1.07,-1.52,17378.0,12552.0,-8366.0,-0.2,148009.0,3.59,-156375.0,-3.79,-80783.0,-1.96,89149.0,2.16,-3.0,1.379,1.38,80531000.0,110971718,110971718,2026-08-19,2026-08-19 10:37:56+08:00
512890,红利低波ETF华泰柏瑞,1.172,1.1705,-0.13,0.011,0.95,3150784.0,368470369.0,1.164,1.172,1.164,1.161,0.69,1.13,2.17,-5.42,1958322.0,1192462.0,-6948240.0,-1.89,9459337.0,2.57,-16407577.0,-4.45,479952.0,0.13,6468289.0,1.76,371.0,1.171,1.172,27835110912.0,32622749989,32622749989,2026-08-19,2026-08-19 10:38:00+08:00
159253,银行ETF博时,0.967,0.9669,-0.01,0.009,0.94,68494.0,6623809.6,0.961,0.97,0.961,0.958,0.94,1.26,6.69,5.13,40735.0,27759.0,-136424.0,-2.06,-3425085.0,-51.71,3288661.0,49.65,162358.0,2.45,-25934.0,-0.39,-668.0,0.966,0.967,541704976.0,523828712,523828712,2026-08-19,2026-08-19 10:38:06+08:00
515020,银行ETF华夏,1.734,1.7332,-0.05,0.016,0.93,432789.0,74954385.0,1.722,1.736,1.722,1.718,0.81,11.26,2.13,-6.17,230669.0,202120.0,-39857.0,-0.05,-1335143.0,-1.78,1295286.0,1.73,881078.0,1.18,-841220.0,-1.12,60.0,1.733,1.734,384345296.0,666454743,666454743,2026-08-19,2026-08-19 10:37:57+08:00
512820,银行ETF汇添富,1.421,1.4207,-0.02,0.013,0.92,469522.0,66670256.0,1.411,1.423,1.41,1.408,0.92,11.63,2.1,-1.14,269842.0,199680.0,-952524.0,-1.43,-4665990.0,-7.01,3713466.0,5.58,1189781.0,1.79,-237259.0,-0.36,502.0,1.42,1.421,403601904.0,573518306,573518306,2026-08-19,2026-08-19 10:38:01+08:00
560730,红利低波ETF国泰海通,1.029,1.0306,0.16,0.009,0.88,23147.0,2380925.0,1.018,1.031,1.018,1.02,1.27,2.25,2.65,-28.69,18223.0,4924.0,-213559.0,-8.97,898403.0,37.73,-1111962.0,-46.7,178489.0,7.5,35070.0,1.47,4652.0,1.028,1.03,102836300.0,105818553,105818553,2026-08-19,2026-08-19 10:37:54+08:00
512800,银行ETF华宝,0.809,0.8089,-0.01,0.007,0.87,5750121.0,464513085.0,0.804,0.811,0.803,0.802,1.0,4.8,2.0,-1.91,3358188.0,2391933.0,1765621.0,0.38,-22426335.0,-4.83,24191956.0,5.21,-5352093.0,-1.15,3594561.0,0.77,-2583.0,0.808,0.809,11969679872.0,9683471016,9683471016,2026-08-19,2026-08-19 10:38:00+08:00
159547,红利低波ETF华夏,1.196,1.1976,0.13,0.01,0.84,412463.0,49283353.3,1.187,1.198,1.187,1.186,0.93,3.22,1.24,34.36,220267.0,192196.0,130500.0,0.26,1064361.0,2.16,-933861.0,-1.9,-1072241.0,-2.18,941740.0,1.91,69.0,1.195,1.196,1279286080.0,1530026152,1530026152,2026-08-19,2026-08-19 10:38:09+08:00
516310,银行ETF易方达,1.339,1.3401,0.08,0.011,0.83,892850.0,119491558.0,1.33,1.342,1.329,1.328,0.98,5.38,2.55,12.33,539000.0,353850.0,-5693511.0,-4.76,-8542506.0,-7.15,2848995.0,2.38,5870452.0,4.91,-176943.0,-0.15,-783.0,1.339,1.34,1659858496.0,2222550526,2222550526,2026-08-19,2026-08-19 10:37:55+08:00
560150,红利低波ETF泰康,1.119,1.1201,0.1,0.009,0.81,25467.0,2847215.0,1.114,1.121,1.111,1.11,0.9,0.37,1.91,2.88,12638.0,12829.0,-72399.0,-2.54,99770.0,3.5,-172169.0,-6.05,97358.0,3.42,-24959.0,-0.88,-2000.0,1.118,1.12,684279296.0,765708532,765708532,2026-08-19,2026-08-19 10:37:48+08:00
512530,沪深300红利ETF建信,1.619,1.6204,0.09,0.013,0.81,22987.0,3716489.0,1.608,1.621,1.608,1.606,0.81,2.36,1.62,5.83,9599.0,13388.0,-27689.0,-0.75,0.0,0.0,-27689.0,-0.75,155886.0,4.19,-128196.0,-3.45,-12.0,1.618,1.62,97502000.0,157855738,157855738,2026-08-19,2026-08-19 10:37:58+08:00
563690,红利低波ETF永赢,1.01,1.011,0.1,0.008,0.8,6466.0,652642.0,1.005,1.012,1.005,1.002,0.7,1.85,1.62,3.71,5960.0,506.0,-184444.0,-28.26,0.0,0.0,-184444.0,-28.26,166038.0,25.44,18405.0,2.82,18.0,1.01,1.011,34882000.0,35230820,35230820,2026-08-19,2026-08-19 10:37:44+08:00
515220,煤炭ETF国泰,1.279,1.2794,0.03,0.01,0.79,3880775.0,497378070.0,1.277,1.295,1.269,1.269,2.05,3.43,2.44,60.58,1828613.0,2052162.0,-2577029.0,-0.52,-13025719.0,-2.62,10448690.0,2.1,693226.0,0.14,1883803.0,0.38,-71.0,1.279,1.28,11312676864.0,14468913709,14468913709,2026-08-19,2026-08-19 10:37:56+08:00
517520,黄金股ETF永赢,2.097,2.0975,0.02,0.016,0.77,3127258.0,647081269.0,2.034,2.104,2.02,2.081,4.04,4.03,2.18,-28.88,1597538.0,1529720.0,7174250.0,1.11,-35829485.0,-5.54,43003735.0,6.65,9020242.0,1.39,-16194486.0,-2.5,-20.0,2.097,2.098,7750404096.0,16252597389,16252597389,2026-08-19,2026-08-19 10:37:53+08:00
159525,红利低波ETF富国,1.091,1.0919,0.08,0.008,0.74,115933.0,12637721.8,1.083,1.094,1.083,1.083,1.02,2.59,2.84,11.97,66146.0,49787.0,-244517.0,-1.93,-390553.0,-3.09,146036.0,1.16,399913.0,3.16,-155396.0,-1.23,-1.0,1.091,1.092,448243744.0,489033925,489033925,2026-08-19,2026-08-19 10:38:09+08:00
530880,红利国企ETF银河,1.114,1.1132,-0.07,0.008,0.72,3842.0,428654.0,1.107,1.119,1.107,1.106,1.08,1.0,1.44,2.81,2281.0,1561.0,29176.0,6.81,0.0,0.0,29176.0,6.81,14333.0,3.34,-43509.0,-10.15,150.0,1.112,1.114,38336000.0,42706304,42706304,2026-08-19,2026-08-19 10:37:52+08:00
510880,红利ETF华泰柏瑞,3.364,3.3674,0.1,0.024,0.72,1253912.0,422007711.0,3.35,3.375,3.35,3.34,0.75,2.02,3.28,50.44,682904.0,571007.0,125318653.0,29.7,131831816.0,31.24,-6513163.0,-1.54,-61918858.0,-14.67,-63399794.0,-15.02,-30.0,3.364,3.365,6213175808.0,20901123418,20901123418,2026-08-19,2026-08-19 10:38:03+08:00
560570,A500红利ETF国联安,0.996,0.9948,-0.12,0.007,0.71,114938.0,11439678.0,0.988,0.998,0.988,0.989,1.01,0.99,1.51,-10.19,76757.0,38181.0,-2792681.0,-24.41,-499490.0,-4.37,-2293191.0,-20.05,2093759.0,18.3,698922.0,6.11,60.0,0.995,0.996,1156541200.0,1151915035,1151915035,2026-08-19,2026-08-19 10:37:54+08:00
520790,港股通互联网ETF兴业,0.858,0.8531,-0.57,0.006,0.7,25355.0,2160287.0,0.846,0.86,0.846,0.852,1.64,0.53,0.79,9.84,8099.0,17256.0,-350887.0,-16.24,0.0,0.0,-350887.0,-16.24,411042.0,19.03,-60155.0,-2.78,133.0,0.856,0.858,480075008.0,411904357,411904357,2026-08-19,2026-08-19 10:37:49+08:00
159296,A500红利低波ETF华宝,1.003,1.0025,-0.05,0.007,0.7,9812.0,979932.9,1.006,1.006,0.996,0.996,1.0,2.13,1.32,3.56,8010.0,1802.0,167084.0,17.05,121412.0,12.39,45672.0,4.66,-212763.0,-21.71,45678.0,4.66,100.0,1.001,1.002,46042941.0,46181070,46181070,2026-08-19,2026-08-19 10:38:12+08:00
515180,红利ETF易方达,1.43,1.4304,0.03,0.01,0.7,1418123.0,202799648.0,1.423,1.433,1.423,1.42,0.7,1.1,2.4,-11.49,894806.0,523317.0,31881477.0,15.72,52502462.0,25.89,-20620985.0,-10.17,-19137010.0,-9.44,-12744466.0,-6.28,-3.0,1.43,1.431,12927636992.0,18486520899,18486520899,2026-08-19,2026-08-19 10:37:56+08:00
563510,A500红利低波ETF易方达,1.0,0.9997,-0.03,0.007,0.7,41783.0,4176183.0,0.992,1.002,0.992,0.993,1.01,1.36,1.62,1.08,29539.0,12244.0,212143.0,5.08,299779.0,7.18,-87636.0,-2.1,-50120.0,-1.2,-162023.0,-3.88,-10.0,1.0,1.001,306537008.0,306537008,306537008,2026-08-19,2026-08-19 10:37:33+08:00
563020,红利低波ETF易方达,1.163,1.1635,0.04,0.008,0.69,1201222.0,139598338.0,1.156,1.165,1.156,1.155,0.78,1.1,2.1,-1.08,648341.0,552881.0,12138100.0,8.7,1138020.0,0.82,11000080.0,7.88,-6468283.0,-4.63,-5669818.0,-4.06,-230.0,1.163,1.164,10889910016.0,12664965349,12664965349,2026-08-19,2026-08-19 10:37:48+08:00
159355,800红利低波ETF华宝,1.036,1.0378,0.17,0.007,0.68,3858.0,399514.8,1.032,1.038,1.032,1.029,0.58,0.44,5.7,50.14,968.0,2890.0,106902.0,27.39,273326.0,70.03,-166424.0,-42.64,-75922.0,-19.45,-30980.0,-7.94,-89.0,1.036,1.037,87234277.0,90374711,90374711,2026-08-19,2026-08-19 10:38:09+08:00
517400,黄金股ETF国泰,1.653,1.6546,0.1,0.011,0.67,297494.0,48496045.0,1.609,1.658,1.59,1.642,4.14,3.02,1.92,-12.42,183898.0,113596.0,1604096.0,3.31,-3508843.0,-7.24,5112939.0,10.54,-1003252.0,-2.07,-600845.0,-1.24,-10.0,1.653,1.654,985792000.0,1629514176,1629514176,2026-08-19,2026-08-19 10:37:53+08:00
563700,红利价值ETF易方达,1.053,1.054,0.09,0.007,0.67,42178.0,4437456.0,1.048,1.055,1.046,1.046,0.86,1.09,2.59,0.18,27974.0,14204.0,198620.0,4.48,211050.0,4.76,-12430.0,-0.28,-173974.0,-3.92,-24647.0,-0.56,2000.0,1.053,1.054,388150000.0,408721950,408721950,2026-08-19,2026-08-19 10:37:44+08:00
159562,黄金股ETF华夏,2.277,2.2792,0.1,0.015,0.66,546693.0,123064852.0,2.204,2.285,2.196,2.262,3.93,2.07,1.36,-50.15,320319.0,226374.0,1520969.0,1.24,-11206388.0,-9.11,12727357.0,10.34,1302249.0,1.06,-2823217.0,-2.29,-395.0,2.276,2.277,2644130512.0,6020685176,6020685176,2026-08-19,2026-08-19 10:38:09+08:00
159589,红利ETF广发,1.099,1.0994,0.04,0.007,0.64,80558.0,8854590.6,1.096,1.107,1.096,1.092,1.01,3.29,3.49,4.66,50606.0,29952.0,1614205.0,18.23,1908688.0,21.56,-294483.0,-3.33,-778403.0,-8.79,-835802.0,-9.44,-17.0,1.099,1.1,244590005.0,268804415,268804415,2026-08-19,2026-08-19 10:38:06+08:00
515080,中证红利ETF招商,1.578,1.5786,0.04,0.01,0.64,1464632.0,231106995.0,1.57,1.581,1.57,1.568,0.7,1.96,2.58,-33.29,826708.0,637924.0,56742777.0,24.55,81999889.0,35.48,-25257112.0,-10.93,-35940538.0,-15.55,-20579601.0,-8.9,-2350.0,1.578,1.58,7461148928.0,11773693008,11773693008,2026-08-19,2026-08-19 10:37:56+08:00
513190,港股通金融ETF华夏,1.759,1.7608,0.1,0.011,0.63,1411071.0,247243919.0,1.748,1.763,1.74,1.748,1.32,14.15,3.04,9.57,767102.0,643969.0,1497318.0,0.61,6400221.0,2.59,-4902903.0,-1.98,79526.0,0.03,-1576845.0,-0.64,20.0,1.758,1.759,996936000.0,1753610424,1753610424,2026-08-19,2026-08-19 10:38:00+08:00
159321,黄金股ETF华安,1.604,1.6045,0.03,0.01,0.63,194954.0,30892906.3,1.56,1.61,1.545,1.594,4.08,4.88,1.97,-21.39,114191.0,80763.0,4562934.0,14.77,1698955.0,5.5,2863979.0,9.27,-2030946.0,-6.57,-2531989.0,-8.2,200.0,1.603,1.604,399900400.0,641440242,641440242,2026-08-19,2026-08-19 10:38:12+08:00
159506,港股通创新药医疗ETF富国,1.277,1.2816,0.36,0.008,0.63,2685763.0,344847244.2,1.276,1.297,1.267,1.269,2.36,10.44,2.43,5.65,1310710.0,1375053.0,1122491.0,0.33,218034.0,0.06,904457.0,0.26,20928.0,0.01,-1143419.0,-0.33,-3291.0,1.276,1.278,2573536976.0,3286406718,3286406718,2026-08-19,2026-08-19 10:38:09+08:00
563590,A500红利低波动ETF国寿,0.977,0.9774,0.04,0.006,0.62,2.0,195.0,0.977,0.977,0.977,0.971,0.0,0.0,,-39.97,2.0,,195.0,100.0,0.0,0.0,195.0,100.0,0.0,0.0,-195.0,-100.0,-2.0,0.975,0.979,61944400.0,60519679,60519679,2026-08-19,2026-08-19 10:37:48+08:00
515300,300红利低波ETF嘉实,1.293,1.2936,0.05,0.008,0.62,324048.0,41838411.0,1.284,1.294,1.284,1.285,0.78,0.96,1.34,4.32,168754.0,155294.0,-423218.0,-1.01,3947121.0,9.43,-4370339.0,-10.45,-883956.0,-2.11,1307173.0,3.12,178.0,1.292,1.293,3388675200.0,4381557034,4381557034,2026-08-19,2026-08-19 10:37:58+08:00
159037,价值ETF鹏华,0.995,0.9962,0.12,0.006,0.61,3581.0,355545.269,0.992,0.995,0.992,0.989,0.3,0.45,1.1,-38.68,1170.0,2411.0,-35550.0,-10.0,0.0,0.0,-35550.0,-10.0,29505.0,8.3,6044.0,1.7,17.0,0.992,0.994,79249832.0,78853583,78853583,2026-08-19,2026-08-19 10:38:12+08:00
561060,国企红利ETF华安,1.164,1.1635,-0.04,0.007,0.61,1635.0,190032.0,1.16,1.165,1.16,1.157,0.43,0.3,0.74,1.42,1153.0,482.0,55364.0,29.13,0.0,0.0,55364.0,29.13,-34914.0,-18.37,-20451.0,-10.76,314.0,1.162,1.164,54565000.0,63513660,63513660,2026-08-19,2026-08-19 10:37:53+08:00
561680,A500红利低波ETF平安,0.989,0.9913,0.23,0.006,0.61,4971.0,491431.0,0.986,0.991,0.986,0.983,0.51,0.83,3.05,0.8,2246.0,2725.0,67886.0,13.81,0.0,0.0,67886.0,13.81,-95397.0,-19.41,27512.0,5.6,103.0,0.988,0.99,60169000.0,59507141,59507141,2026-08-19,2026-08-19 10:37:41+08:00
159322,黄金股ETF平安,1.684,1.6851,0.07,0.01,0.6,54591.0,9093532.2,1.628,1.69,1.621,1.674,4.12,4.57,2.37,-19.79,29914.0,24677.0,694235.0,7.63,839000.0,9.23,-144765.0,-1.59,-279429.0,-3.07,-414806.0,-4.56,-1.0,1.684,1.685,119411691.0,201089288,201089288,2026-08-19,2026-08-19 10:38:12+08:00
159315,黄金股ETF工银,1.712,1.7145,0.15,0.01,0.59,81452.0,13799755.3,1.658,1.72,1.648,1.702,4.23,4.31,1.98,-17.99,51836.0,29616.0,612801.0,4.44,-70429.0,-0.51,683230.0,4.95,-303755.0,-2.2,-309046.0,-2.24,-36.0,1.712,1.714,189089621.0,323721431,323721431,2026-08-19,2026-08-19 10:38:12+08:00
563150,油气ETF银华,1.354,1.3535,-0.04,0.008,0.59,3391.0,457473.0,1.339,1.365,1.339,1.346,1.93,0.99,0.71,15.18,1586.0,1805.0,126006.0,27.54,41596.0,9.09,84410.0,18.45,-41502.0,-9.07,-84504.0,-18.47,50.0,1.353,1.354,34399000.0,46576246,46576246,2026-08-19,2026-08-19 10:37:47+08:00
515450,红利低波50ETF南方,1.4,1.4006,0.04,0.008,0.57,572224.0,80010119.0,1.393,1.402,1.392,1.392,0.72,0.4,1.56,-0.75,353432.0,218792.0,9172364.0,11.46,7443528.0,9.3,1728836.0,2.16,-3386754.0,-4.23,-5785609.0,-7.23,50.0,1.399,1.4,14161835008.0,19826569011,19826569011,2026-08-19,2026-08-19 10:37:58+08:00
510720,红利国企ETF国泰,1.057,1.058,0.09,0.006,0.57,839432.0,88882596.0,1.053,1.064,1.053,1.051,1.05,4.39,2.75,-9.38,572263.0,267169.0,20729293.0,23.32,20452672.0,23.01,276621.0,0.31,-11658964.0,-13.12,-9091489.0,-10.23,-203.0,1.057,1.059,1913766000.0,2022850662,2022850662,2026-08-19,2026-08-19 10:38:02+08:00
159718,港股医药ETF平安,0.898,0.9003,0.26,0.005,0.56,339995.0,30708690.1,0.896,0.912,0.893,0.893,2.13,17.27,4.01,8.7,157604.0,182391.0,1532044.0,5.04,-238815.0,-0.79,1770859.0,5.83,-1618511.0,-5.33,86467.0,0.28,-3531.0,0.897,0.898,196832634.0,176755705,176755705,2026-08-19,2026-08-19 10:38:06+08:00
159391,大盘价值ETF博时,1.09,1.0905,0.05,0.006,0.55,237.0,25763.3,1.087,1.09,1.087,1.084,0.28,0.03,0.06,-1.14,5.0,232.0,25545.0,99.15,0.0,0.0,25545.0,99.15,-25218.0,-97.88,-326.0,-1.27,1.0,1.088,1.09,87076398.0,94913274,94913274,2026-08-19,2026-08-19 10:38:09+08:00
561320,交运ETF国泰,0.945,0.9458,0.08,0.005,0.53,5499.0,518555.0,0.941,0.945,0.934,0.94,1.17,1.75,2.06,-0.68,2448.0,3051.0,-57121.0,-11.02,94.0,0.02,-57215.0,-11.03,24711.0,4.77,32411.0,6.25,-1.0,0.944,0.946,31369000.0,29643705,29643705,2026-08-19,2026-08-19 10:37:48+08:00
561450,红利低波50ETF华泰柏瑞,0.962,0.963,0.1,0.005,0.52,8704.0,836710.0,0.965,0.965,0.958,0.957,0.73,0.95,0.85,1.81,2013.0,6690.0,224848.0,26.87,0.0,0.0,224848.0,26.87,-143445.0,-17.14,-81403.0,-9.73,-50.0,0.962,0.963,91624300.0,88142577,88142577,2026-08-19,2026-08-19 10:37:33+08:00
563980,800红利低波ETF鑫元,0.969,0.9705,0.15,0.005,0.52,17501.0,1695135.0,0.968,0.971,0.968,0.964,0.31,0.92,1.27,9.79,11123.0,6378.0,-792487.0,-46.75,-746130.0,-44.02,-46357.0,-2.73,622002.0,36.69,170484.0,10.06,31.0,0.968,0.969,190967000.0,185047023,185047023,2026-08-19,2026-08-19 10:37:37+08:00
159981,能源化工ETF建信,1.571,1.5725,0.1,0.008,0.51,1246200.0,197213280.1,1.578,1.592,1.571,1.563,1.34,7.18,2.5,-11.66,593039.0,653161.0,-14553277.0,-7.38,-7245442.0,-3.67,-7307835.0,-3.71,8808356.0,4.47,5744922.0,2.91,-5222.0,1.571,1.572,1734536960.0,2724957564,2724957564,2026-08-19,2026-08-19 10:38:00+08:00
159945,能源ETF广发,1.4,1.4021,0.15,0.007,0.5,19590.0,2747566.6,1.395,1.407,1.395,1.393,0.86,3.03,1.68,4.83,10520.0,9070.0,276423.0,10.06,0.0,0.0,276423.0,10.06,-263936.0,-9.61,-12487.0,-0.45,-80.0,1.4,1.401,64572327.0,90401258,90401258,2026-08-19,2026-08-19 10:38:00+08:00
159042,价值ETF汇添富,0.998,0.9979,-0.01,0.005,0.5,10277.0,1023156.809,0.987,0.998,0.987,0.993,1.11,0.95,1.96,7.35,8442.0,1835.0,171235.0,16.74,0.0,0.0,171235.0,16.74,-155176.0,-15.17,-16059.0,-1.57,250.0,0.995,0.997,107801105.0,107585503,107585503,2026-08-19,2026-08-19 10:38:09+08:00
561570,油气ETF华泰柏瑞,1.401,1.4012,0.01,0.007,0.5,48316.0,6765076.0,1.397,1.406,1.393,1.394,0.93,6.03,1.15,-10.74,27913.0,20403.0,-6707.0,-0.1,-558850.0,-8.26,552143.0,8.16,40966.0,0.61,-34260.0,-0.51,-1524.0,1.401,1.402,80147000.0,112285947,112285947,2026-08-19,2026-08-19 10:37:49+08:00
561580,央企红利ETF华泰柏瑞,1.241,1.2411,0.01,0.006,0.49,382243.0,47392160.0,1.238,1.242,1.235,1.235,0.57,1.83,2.09,12.32,166687.0,215557.0,8461569.0,17.85,13076212.0,27.59,-4614643.0,-9.74,-6088796.0,-12.85,-2372774.0,-5.01,20.0,1.24,1.241,2092870704.0,2597252544,2597252544,2026-08-19,2026-08-19 10:37:49+08:00
159085,价值ETF永赢,1.032,1.0324,0.04,0.005,0.49,3621.0,373409.7,1.029,1.033,1.029,1.027,0.39,0.99,0.47,-1.59,3280.0,341.0,71344.0,19.11,0.0,0.0,71344.0,19.11,-57848.0,-15.49,-13496.0,-3.61,-170.0,1.031,1.033,36535454.0,37704589,37704589,2026-08-19,2026-08-19 10:38:15+08:00
563890,国企红利ETF创金合信,1.06,1.062,0.19,0.005,0.47,844.0,89502.0,1.061,1.062,1.06,1.055,0.19,0.36,0.47,1.9,834.0,10.0,49078.0,54.83,0.0,0.0,49078.0,54.83,-48124.0,-53.77,-954.0,-1.07,451.0,1.06,1.062,23336000.0,24736160,24736160,2026-08-19,2026-08-19 10:37:47+08:00
159960,恒生中国企业ETF平安,0.865,0.8684,0.39,0.004,0.46,34793.0,3008341.5,0.856,0.868,0.856,0.861,1.39,6.62,2.47,-12.39,19073.0,15720.0,-139911.0,-4.65,0.0,0.0,-139911.0,-4.65,96407.0,3.2,43503.0,1.45,-589.0,0.865,0.866,52573960.0,45476475,45476475,2026-08-19,2026-08-19 10:37:39+08:00
520910,港股通互联网ETF华夏,0.655,0.6549,-0.02,0.003,0.46,237203.0,15431359.0,0.652,0.658,0.647,0.652,1.69,3.16,1.63,-5.66,119761.0,117442.0,313417.0,2.03,-978169.0,-6.34,1291586.0,8.37,-379547.0,-2.46,66131.0,0.43,40.0,0.654,0.655,751445008.0,492196480,492196480,2026-08-19,2026-08-19 10:37:52+08:00
513720,港股互联网ETF国泰,0.676,0.6763,0.04,0.003,0.45,155985.0,10486784.0,0.669,0.679,0.666,0.673,1.93,6.17,2.04,4.92,86671.0,69313.0,585984.0,5.59,1426964.0,13.61,-840980.0,-8.02,-535851.0,-5.11,-50133.0,-0.48,324.0,0.675,0.676,252859000.0,170932684,170932684,2026-08-19,2026-08-19 10:37:56+08:00
560020,红利ETF汇添富,1.117,1.1193,0.21,0.005,0.45,15132.0,1690694.0,1.112,1.121,1.112,1.112,0.81,1.11,1.13,-2.34,7446.0,7686.0,166496.0,9.85,658889.0,38.97,-492393.0,-29.12,-56361.0,-3.33,-110135.0,-6.51,-2.0,1.117,1.119,136562000.0,152539754,152539754,2026-08-19,2026-08-19 10:37:52+08:00
159768,房地产ETF银华,0.442,0.443,0.23,0.002,0.45,365907.0,16150415.9,0.442,0.446,0.438,0.44,1.82,4.42,1.06,9.06,155968.0,209939.0,767208.0,4.8,1702126.0,10.65,-934918.0,-5.85,-747656.0,-4.68,-19552.0,-0.12,-3800.0,0.442,0.443,826950304.0,365512034,365512034,2026-08-19,2026-08-19 10:38:06+08:00
561760,油气ETF博时,1.369,1.3704,0.1,0.006,0.44,7756.0,1059313.0,1.365,1.373,1.358,1.363,1.1,0.5,0.56,-0.55,3067.0,4689.0,233595.0,22.05,0.0,0.0,233595.0,22.05,-243748.0,-23.01,10153.0,0.96,7.0,1.367,1.369,154695000.0,211777455,211777455,2026-08-19,2026-08-19 10:37:43+08:00
159515,国企红利ETF鹏扬,1.196,1.1983,0.19,0.005,0.42,6837.0,817765.4,1.196,1.198,1.194,1.191,0.34,2.01,1.29,4.28,5993.0,844.0,272611.0,33.34,358.0,0.04,272253.0,33.29,-322066.0,-39.38,49454.0,6.05,-75.0,1.196,1.197,33986631.0,40648011,40648011,2026-08-19,2026-08-19 10:38:09+08:00
159707,地产ETF华宝,0.493,0.4939,0.18,0.002,0.41,755787.0,37120051.1,0.491,0.497,0.488,0.491,1.83,6.85,1.39,20.35,247148.0,508639.0,3085239.0,8.31,11699324.0,31.52,-8614085.0,-23.21,-3743169.0,-10.08,657930.0,1.77,6292.0,0.492,0.493,1103548208.0,544049267,544049267,2026-08-19,2026-08-19 10:38:06+08:00
159666,交通运输ETF华夏,0.978,0.9778,-0.02,0.004,0.41,54342.0,5303316.472,0.976,0.978,0.972,0.974,0.62,4.09,0.77,24.76,33123.0,21219.0,274427.0,5.17,0.0,0.0,274427.0,5.17,-197323.0,-3.72,-77104.0,-1.45,20.0,0.977,0.978,132832905.0,129910581,129910581,2026-08-19,2026-08-19 10:38:06+08:00
520930,恒生生物科技ETF国泰,0.974,0.9758,0.18,0.004,0.41,302456.0,29615416.0,0.968,0.989,0.966,0.97,2.37,16.03,4.62,-5.77,133055.0,169401.0,1616733.0,5.46,2207279.0,7.45,-590546.0,-1.99,-1412583.0,-4.77,-204148.0,-0.69,-468.0,0.973,0.975,188733000.0,183825942,183825942,2026-08-19,2026-08-19 10:37:52+08:00
159021,大盘价值ETF华夏,0.989,0.9893,0.03,0.004,0.41,12835.0,1267710.064,0.988,0.991,0.986,0.985,0.51,1.32,2.27,-5.36,9413.0,3422.0,47042.0,3.71,0.0,0.0,47042.0,3.71,-385388.0,-30.4,338347.0,26.69,-1308.0,0.988,0.989,96907712.0,95841727,95841727,2026-08-19,2026-08-19 10:38:18+08:00
159079,价值ETF兴全,0.998,0.9991,0.11,0.004,0.4,47439.0,4729349.168,0.99,0.999,0.99,0.994,0.91,3.99,3.48,21.18,32116.0,15323.0,857641.0,18.13,1887346.0,39.91,-1029705.0,-21.77,-708412.0,-14.98,-149228.0,-3.16,-1482.0,0.997,0.999,118806830.0,118569216,118569216,2026-08-19,2026-08-19 10:38:18+08:00
159930,能源ETF汇添富,1.751,1.7512,0.01,0.007,0.4,194164.0,34033049.388,1.748,1.76,1.744,1.744,0.92,3.87,1.28,9.31,108110.0,86054.0,-898597.0,-2.64,383403.0,1.13,-1282000.0,-3.77,1127104.0,3.31,-228507.0,-0.67,96.0,1.75,1.751,501898144.0,878823650,878823650,2026-08-19,2026-08-19 10:38:03+08:00
159091,港股通金融ETF易方达,1.039,1.0421,0.3,0.004,0.39,20460.0,2121428.511,1.031,1.04,1.03,1.035,0.97,6.13,1.93,-22.21,12229.0,8231.0,-381314.0,-17.97,0.0,0.0,-381314.0,-17.97,294802.0,13.9,86512.0,4.08,1.0,1.038,1.039,33374196.0,34675790,34675790,2026-08-19,2026-08-19 10:38:15+08:00
510230,金融ETF国泰,1.294,1.2935,-0.04,0.005,0.39,170571.0,22061908.0,1.288,1.297,1.288,1.289,0.7,2.6,1.08,4.79,92976.0,77595.0,890643.0,4.04,-1849240.0,-8.38,2739883.0,12.42,496124.0,2.25,-1386767.0,-6.29,42.0,1.292,1.294,656808000.0,849909552,849909552,2026-08-19,2026-08-19 10:38:01+08:00
159933,金融地产ETF国投瑞银,2.846,2.845,-0.04,0.011,0.39,45.0,12807.0,2.846,2.846,2.846,2.835,0.0,0.01,0.59,-0.77,25.0,20.0,-12807.0,-100.0,0.0,0.0,-12807.0,-100.0,0.0,0.0,12807.0,100.0,25.0,2.843,2.847,36378943.0,103534472,103534472,2026-08-19,2026-08-19 10:38:00+08:00
159228,红利低波ETF长城,1.024,1.0218,-0.22,0.004,0.39,2075.0,212473.8,1.02,1.026,1.02,1.02,0.59,0.19,2.1,39.99,1310.0,765.0,-90950.0,-42.81,510.0,0.24,-91460.0,-43.05,116053.0,54.62,-25103.0,-11.81,50.0,1.022,1.023,109212692.0,111833797,111833797,2026-08-19,2026-08-19 10:37:54+08:00
159581,红利ETF万家,1.065,1.0664,0.13,0.004,0.38,115747.0,12336918.5,1.06,1.069,1.06,1.061,0.85,0.89,1.91,-5.18,58622.0,57125.0,320526.0,2.6,-1028013.0,-8.33,1348539.0,10.93,375097.0,3.04,-695623.0,-5.64,-60.0,1.065,1.066,1299225712.0,1383675383,1383675383,2026-08-19,2026-08-19 10:38:06+08:00
159569,港股红利低波ETF景顺,1.398,1.4008,0.2,0.005,0.36,360077.0,50187431.0,1.391,1.4,1.387,1.393,0.93,9.83,2.14,-5.87,170635.0,189442.0,-368213.0,-0.73,5845500.0,11.65,-6213713.0,-12.38,209384.0,0.42,158829.0,0.32,-50.0,1.398,1.399,366147248.0,511873853,511873853,2026-08-19,2026-08-19 10:38:06+08:00
563180,高股息ETF银华,1.146,1.1471,0.1,0.004,0.35,28847.0,3306080.0,1.142,1.148,1.142,1.142,0.53,2.76,2.05,0.61,17357.0,11490.0,322200.0,9.75,930074.0,28.13,-607874.0,-18.39,-12515.0,-0.38,-309685.0,-9.37,-3.0,1.146,1.147,104420000.0,119665320,119665320,2026-08-19,2026-08-19 10:37:48+08:00
159263,价值ETF易方达,1.145,1.1447,-0.03,0.004,0.35,629958.0,72070730.4,1.141,1.147,1.14,1.141,0.61,1.09,1.08,-24.27,300554.0,329404.0,-14349461.0,-19.91,-2437310.0,-3.38,-11912151.0,-16.53,9614701.0,13.34,4734760.0,6.57,-1.0,1.145,1.146,5767105024.0,6603335252,6603335252,2026-08-19,2026-08-19 10:38:12+08:00
159207,高股息ETF广发,1.148,1.1463,-0.15,0.004,0.35,406582.0,46615003.6,1.144,1.15,1.143,1.144,0.61,1.96,1.54,-25.43,224202.0,182380.0,-2338965.0,-5.02,3106483.0,6.67,-5445448.0,-11.69,276032.0,0.59,2062933.0,4.43,261.0,1.147,1.148,2074983344.0,2382080879,2382080879,2026-08-19,2026-08-19 10:38:15+08:00
515890,红利ETF博时,1.471,1.4717,0.05,0.005,0.34,14747.0,2168656.0,1.467,1.473,1.456,1.466,1.16,0.42,1.62,8.31,7785.0,6962.0,96201.0,4.44,403649.0,18.61,-307448.0,-14.18,-63924.0,-2.95,-32277.0,-1.49,-9.0,1.47,1.472,347443904.0,511089983,511089983,2026-08-19,2026-08-19 10:37:54+08:00
512640,金融地产ETF嘉实,2.34,2.3381,-0.08,0.008,0.34,3344.0,782811.0,2.331,2.345,2.328,2.332,0.73,1.65,0.87,0.02,904.0,2440.0,102724.0,13.12,0.0,0.0,102724.0,13.12,-82005.0,-10.48,-20718.0,-2.65,-1000.0,2.335,2.338,20240900.0,47363706,47363706,2026-08-19,2026-08-19 10:38:01+08:00
159549,红利低波ETF天弘,1.184,1.1832,-0.07,0.004,0.34,22154.0,2625401.8,1.18,1.187,1.18,1.18,0.59,0.05,1.73,1.36,10225.0,11929.0,27219.0,1.04,-209279.0,-7.97,236498.0,9.01,111965.0,4.26,-139185.0,-5.3,-4.0,1.184,1.185,4857523968.0,5751308378,5751308378,2026-08-19,2026-08-19 10:38:09+08:00
516910,物流ETF富国,1.183,1.1824,-0.05,0.004,0.34,70937.0,8367900.0,1.179,1.183,1.172,1.179,0.93,11.79,1.98,5.4,36076.0,34861.0,207149.0,2.48,-585563.0,-7.0,792712.0,9.47,-249916.0,-2.99,42768.0,0.51,20.0,1.181,1.183,60141800.0,71147749,71147749,2026-08-19,2026-08-19 10:37:53+08:00
159954,恒生中国企业ETF南方,0.926,0.9275,0.16,0.003,0.33,7005.0,646402.2,0.923,0.929,0.919,0.923,1.08,0.37,1.37,-1.15,2916.0,4089.0,68427.0,10.59,0.0,0.0,68427.0,10.59,-18005.0,-2.79,-50421.0,-7.8,-1.0,0.926,0.927,190105083.0,176037307,176037307,2026-08-19,2026-08-19 10:37:54+08:00
159332,央企红利ETF富国,1.215,1.2157,0.06,0.004,0.33,5870.0,712625.3,1.211,1.217,1.211,1.211,0.5,0.63,1.36,0.27,2923.0,2947.0,149429.0,20.97,-1104.0,-0.15,150533.0,21.12,-259031.0,-36.35,109603.0,15.38,-2.0,1.213,1.215,92521477.0,112413595,112413595,2026-08-19,2026-08-19 10:38:06+08:00
520650,港股通互联网ETF南方,0.617,0.6191,0.34,0.002,0.33,1043870.0,64157352.0,0.611,0.621,0.61,0.615,1.79,4.07,2.47,4.02,548452.0,495418.0,865945.0,1.35,-2581674.0,-4.02,3447619.0,5.37,-690572.0,-1.08,-175373.0,-0.27,-4000.0,0.617,0.618,2565255008.0,1582762340,1582762340,2026-08-19,2026-08-19 10:37:52+08:00
560330,沪深300价值ETF申万菱信,1.222,1.2216,-0.03,0.004,0.33,694.0,84699.0,1.213,1.225,1.213,1.218,0.99,0.41,0.77,2.33,377.0,317.0,38666.0,45.65,0.0,0.0,38666.0,45.65,0.0,0.0,-38667.0,-45.65,100.0,1.219,1.222,17130000.0,20932860,20932860,2026-08-19,2026-08-19 10:37:46+08:00
520740,港股通互联网ETF华安,0.949,0.9503,0.14,0.003,0.32,12544.0,1180895.0,0.945,0.949,0.936,0.946,1.37,2.06,0.64,4.06,8031.0,4513.0,168275.0,14.25,0.0,0.0,168275.0,14.25,-137431.0,-11.64,-30843.0,-2.61,327.0,0.946,0.948,61012600.0,57900957,57900957,2026-08-19,2026-08-19 10:37:50+08:00
159502,标普生物科技ETF嘉实,1.592,1.6045,0.78,0.005,0.32,568459.0,90605945.4,1.595,1.599,1.59,1.587,0.57,5.1,1.54,-20.42,252988.0,315471.0,-815052.0,-0.9,-4194995.0,-4.63,3379943.0,3.73,6734937.0,7.43,-5919886.0,-6.53,-53.0,1.592,1.593,1115323024.0,1775594254,1775594254,2026-08-19,2026-08-19 10:38:09+08:00
159188,红利100ETF景顺,0.939,0.9376,-0.15,0.003,0.32,3985.0,373798.3,0.937,0.94,0.937,0.936,0.32,0.6,3.5,4.33,1690.0,2295.0,-36288.0,-9.71,108692.0,29.08,-144980.0,-38.79,30644.0,8.2,5645.0,1.51,-1160.0,0.937,0.938,66601882.0,62539167,62539167,2026-08-19,2026-08-19 10:38:15+08:00
159098,价值ETF招商,0.997,0.9989,0.19,0.003,0.3,49915.0,4976905.009,0.993,0.999,0.992,0.994,0.7,2.6,0.77,31.43,28315.0,21600.0,741605.0,14.9,1612199.0,32.39,-870594.0,-17.49,-562311.0,-11.3,-179294.0,-3.6,-100.0,0.997,0.999,191891589.0,191315914,191315914,2026-08-19,2026-08-19 10:38:18+08:00
510030,价值ETF华宝,1.042,1.0446,0.25,0.003,0.29,6354.0,663531.0,1.04,1.045,1.04,1.039,0.48,0.42,1.02,-13.82,3281.0,3073.0,-95080.0,-14.33,0.0,0.0,-95080.0,-14.33,108930.0,16.42,-13850.0,-2.09,-30.0,1.042,1.043,151229800.0,157581452,157581452,2026-08-19,2026-08-19 10:38:04+08:00
520630,港股通互联网ETF广发,0.684,0.6874,0.49,0.002,0.29,84031.0,5722783.0,0.682,0.688,0.675,0.682,1.91,1.29,1.08,-4.52,57658.0,26373.0,-283894.0,-4.96,-591315.0,-10.33,307421.0,5.37,255189.0,4.46,28705.0,0.5,-73.0,0.684,0.685,650610000.0,445017240,445017240,2026-08-19,2026-08-19 10:37:51+08:00
513930,恒生生物科技ETF华泰柏瑞,1.044,1.046,0.19,0.003,0.29,370937.0,39026050.0,1.042,1.062,1.039,1.041,2.21,37.69,2.21,9.3,191588.0,179349.0,1528529.0,3.92,-751828.0,-1.93,2280357.0,5.84,-1216771.0,-3.12,-311758.0,-0.8,-10.0,1.043,1.044,98408000.0,102737952,102737952,2026-08-19,2026-08-19 10:37:56+08:00
515100,红利低波100ETF景顺,1.405,1.4061,0.08,0.004,0.29,330263.0,46421919.0,1.402,1.409,1.4,1.401,0.64,0.88,1.6,12.3,201136.0,129127.0,867121.0,1.87,-2650600.0,-5.71,3517721.0,7.58,-2045996.0,-4.41,1178876.0,2.54,-100.0,1.405,1.406,3766941504.0,5292552813,5292552813,2026-08-19,2026-08-19 10:37:56+08:00
512750,基本面50ETF嘉实,1.425,1.426,0.07,0.004,0.28,11243.0,1602356.0,1.418,1.428,1.418,1.421,0.7,2.41,2.2,0.07,7326.0,3917.0,-349982.0,-21.84,0.0,0.0,-349982.0,-21.84,336634.0,21.01,13348.0,0.83,-57.0,1.424,1.425,46554900.0,66340733,66340733,2026-08-19,2026-08-19 10:38:00+08:00
560520,红利低波100ETF大成,1.092,1.0948,0.26,0.003,0.28,1121.0,122511.0,1.092,1.096,1.092,1.089,0.37,0.23,1.89,-1.52,119.0,1002.0,75341.0,61.5,0.0,0.0,75341.0,61.5,-80542.0,-65.74,5201.0,4.25,-7.0,1.092,1.095,48751000.0,53236092,53236092,2026-08-19,2026-08-19 10:37:35+08:00
561360,石油ETF国泰,1.484,1.4825,-0.1,0.004,0.27,156132.0,23168192.0,1.485,1.492,1.475,1.48,1.15,1.18,1.14,28.98,70669.0,85463.0,3526353.0,15.22,2266510.0,9.78,1259843.0,5.44,-2303022.0,-9.94,-1223330.0,-5.28,59.0,1.483,1.484,1328148000.0,1970971632,1970971632,2026-08-19,2026-08-19 10:37:50+08:00
159985,豆粕ETF华夏,2.211,2.1349,-3.56,0.006,0.27,1632721.0,362973306.839,2.214,2.239,2.205,2.205,1.54,10.53,5.0,6.41,738661.0,894060.0,-8793237.0,-2.42,-2451933.0,-0.68,-6341304.0,-1.75,1701207.0,0.47,7092031.0,1.95,-1.0,2.211,2.212,1549924064.0,3426882106,3426882106,2026-08-19,2026-08-19 10:38:03+08:00
159040,港股通互联网ETF鹏华,1.115,1.1178,0.25,0.003,0.27,26390.0,2918776.8,1.08,1.121,1.08,1.112,3.69,6.86,1.77,-11.75,17154.0,9236.0,245739.0,8.42,-662339.0,-22.69,908078.0,31.11,-204094.0,-6.99,-41644.0,-1.43,-97.0,1.114,1.116,38481087.0,42906412,42906412,2026-08-19,2026-08-19 10:38:18+08:00
513690,港股红利ETF博时,1.144,1.148,0.35,0.003,0.26,458125.0,52221918.0,1.14,1.146,1.135,1.141,0.96,1.45,1.74,15.38,252041.0,206084.0,1323443.0,2.53,2589.0,0.0,1320854.0,2.53,-1068131.0,-2.05,-255312.0,-0.49,-1350.0,1.144,1.145,3163479904.0,3619021010,3619021010,2026-08-19,2026-08-19 10:37:58+08:00
513590,港股通消费ETF鹏华,0.779,0.7765,-0.32,0.002,0.26,10871.0,844484.0,0.771,0.779,0.771,0.777,1.03,0.78,1.2,-3.64,7269.0,3602.0,-131740.0,-15.6,0.0,0.0,-131740.0,-15.6,-20051.0,-2.37,151792.0,17.97,68.0,0.777,0.779,139518900.0,108685223,108685223,2026-08-19,2026-08-19 10:37:50+08:00
159940,金融地产ETF广发,1.189,1.1902,0.1,0.003,0.25,3633.0,432996.2,1.187,1.194,1.187,1.186,0.59,0.13,2.24,29.96,3356.0,277.0,61237.0,14.14,2382.0,0.55,58855.0,13.59,-67105.0,-15.5,5867.0,1.35,8.0,1.188,1.189,289059984.0,343692321,343692321,2026-08-19,2026-08-19 10:38:00+08:00
159691,港股红利ETF工银,1.202,1.2047,0.22,0.003,0.25,612738.0,73380914.0,1.196,1.203,1.191,1.199,1.0,1.69,2.3,4.74,349379.0,263359.0,4494084.0,6.12,1581047.0,2.15,2913037.0,3.97,-3422347.0,-4.66,-1071737.0,-1.46,-10.0,1.202,1.203,3629301392.0,4362420273,4362420273,2026-08-19,2026-08-19 10:38:06+08:00
520560,香港大盘30ETF华宝,0.829,0.8306,0.19,0.002,0.24,22456.0,1852737.0,0.821,0.831,0.821,0.827,1.21,0.36,1.63,9.37,15901.0,6555.0,7081.0,0.38,-269854.0,-14.57,276935.0,14.95,-21161.0,-1.14,14081.0,0.76,-300.0,0.828,0.829,618419008.0,512669358,512669358,2026-08-19,2026-08-19 10:37:50+08:00
159179,港股通互联网ETF工银,0.851,0.8539,0.34,0.002,0.24,117791.0,9995127.7,0.846,0.855,0.841,0.849,1.65,10.82,3.53,8.3,55021.0,62770.0,509579.0,5.1,262563.0,2.63,247016.0,2.47,-475690.0,-4.76,-33889.0,-0.34,-298.0,0.851,0.852,108903568.0,92676936,92676936,2026-08-19,2026-08-19 10:38:15+08:00
159102,港股通生物科技ETF华安,0.825,0.8279,0.35,0.002,0.24,507472.0,42131683.334,0.822,0.839,0.822,0.823,2.07,7.26,3.12,10.35,273733.0,233739.0,662399.0,1.57,-2500889.0,-5.94,3163288.0,7.51,-949465.0,-2.25,287067.0,0.68,-523.0,0.824,0.826,699122000.0,576775650,576775650,2026-08-19,2026-08-19 10:38:15+08:00
560030,800价值ETF汇添富,1.292,1.2914,-0.05,0.003,0.23,1693.0,218975.0,1.297,1.297,1.288,1.289,0.7,0.69,2.64,-1.1,1527.0,166.0,21252.0,9.71,0.0,0.0,21252.0,9.71,0.0,0.0,-21253.0,-9.71,1.0,1.288,1.292,24432000.0,31566144,31566144,2026-08-19,2026-08-19 10:37:46+08:00
520970,港股通创新药ETF嘉实,0.894,0.8974,0.38,0.002,0.22,934812.0,84259202.0,0.892,0.91,0.891,0.892,2.13,7.33,2.2,17.89,428208.0,506604.0,-592908.0,-0.7,-1116834.0,-1.33,523926.0,0.62,491733.0,0.58,101175.0,0.12,-506.0,0.894,0.895,1275358000.0,1140170052,1140170052,2026-08-19,2026-08-19 10:37:52+08:00
159132,恒生生物科技ETF富国,0.97,0.9715,0.15,0.002,0.21,288075.0,28128037.6,0.965,0.986,0.965,0.968,2.17,21.67,2.71,-16.53,134514.0,153561.0,-8885.0,-0.03,779806.0,2.77,-788691.0,-2.8,-589911.0,-2.1,598796.0,2.13,-821.0,0.969,0.971,132963558.0,128974651,128974651,2026-08-19,2026-08-19 10:38:15+08:00
159130,恒生生物科技ETF鹏华,0.938,0.942,0.42,0.002,0.21,60460.0,5709059.346,0.937,0.953,0.934,0.936,2.03,2.79,2.02,2.83,30489.0,29971.0,-80131.0,-1.41,-177509.0,-3.11,97378.0,1.71,62762.0,1.1,17368.0,0.3,-73.0,0.938,0.939,216389466.0,202973319,202973319,2026-08-19,2026-08-19 10:38:15+08:00
520760,恒生生物科技ETF摩根,0.975,0.9779,0.3,0.002,0.21,64758.0,6353652.0,0.971,0.99,0.961,0.973,2.98,3.65,1.57,1.53,32607.0,32151.0,-88262.0,-1.39,9800.0,0.15,-98062.0,-1.54,267339.0,4.21,-179076.0,-2.82,-1.0,0.974,0.975,177466000.0,173029350,173029350,2026-08-19,2026-08-19 10:37:48+08:00
159083,红利低波100ETF嘉实,0.993,0.995,0.2,0.002,0.2,45846.0,4561463.595,0.991,0.996,0.991,0.991,0.5,1.77,1.24,-1.43,32854.0,12991.0,572415.0,12.55,245688.0,5.39,326727.0,7.16,-524327.0,-11.49,-48088.0,-1.05,-1810.0,0.993,0.994,259370472.0,257554879,257554879,2026-08-19,2026-08-19 10:38:15+08:00
513900,港股通100ETF华安,1.002,1.007,0.5,0.002,0.2,124460.0,12428814.0,0.992,1.003,0.992,1.0,1.1,13.1,3.25,8.31,61999.0,62461.0,186077.0,1.5,355755.0,2.86,-169678.0,-1.37,-92644.0,-0.75,-93434.0,-0.75,-2500.0,1.001,1.002,94978000.0,95167956,95167956,2026-08-19,2026-08-19 10:37:44+08:00
159307,红利低波100ETF博时,1.023,1.0236,0.06,0.002,0.2,436685.0,44676201.7,1.021,1.026,1.02,1.021,0.59,0.61,2.12,-18.43,298316.0,138369.0,-1955899.0,-4.38,-7931475.0,-17.75,5975576.0,13.38,1365652.0,3.06,590247.0,1.32,-8.0,1.023,1.024,7116903680.0,7280592465,7280592465,2026-08-19,2026-08-19 10:38:12+08:00
516570,化工行业ETF易方达,1.037,1.0358,-0.12,0.002,0.19,174278.0,18103259.0,1.035,1.044,1.03,1.035,1.35,1.54,1.94,20.48,86437.0,87841.0,527026.0,2.91,4635835.0,25.61,-4108809.0,-22.7,-433422.0,-2.39,-93605.0,-0.52,1.0,1.036,1.038,1135357600.0,1177365831,1177365831,2026-08-19,2026-08-19 10:37:56+08:00
515480,红利低波100ETF南方,1.06,1.0604,0.04,0.002,0.19,2784.0,294785.0,1.058,1.064,1.058,1.058,0.57,1.06,0.24,7.49,798.0,1986.0,181050.0,61.42,0.0,0.0,181050.0,61.42,-205505.0,-69.71,24455.0,8.3,-2.0,1.06,1.061,26340700.0,27921142,27921142,2026-08-19,2026-08-19 10:37:56+08:00
513140,港股通金融ETF华泰柏瑞,1.665,1.6686,0.22,0.003,0.18,74051.0,12307693.0,1.667,1.669,1.655,1.662,0.84,8.88,1.37,5.9,41278.0,32773.0,-1234074.0,-10.03,-6304.0,-0.05,-1227770.0,-9.98,204155.0,1.66,1029918.0,8.37,599.0,1.664,1.665,83368000.0,138807720,138807720,2026-08-19,2026-08-19 10:37:59+08:00
513280,恒生生物科技ETF汇添富,1.121,1.1255,0.4,0.002,0.18,556096.0,62850970.0,1.117,1.139,1.116,1.119,2.06,14.25,2.51,-5.82,261071.0,295025.0,2849670.0,4.53,2004579.0,3.19,845091.0,1.34,-2398121.0,-3.82,-451549.0,-0.72,-201.0,1.121,1.122,390114496.0,437318350,437318350,2026-08-19,2026-08-19 10:37:56+08:00
159568,港股互联网ETF博时,1.172,1.173,0.09,0.002,0.17,285821.0,33353022.0,1.163,1.178,1.158,1.17,1.71,7.6,1.67,-16.33,143208.0,142613.0,399644.0,1.2,-761675.0,-2.28,1161319.0,3.48,-306518.0,-0.92,-93126.0,-0.28,-100.0,1.172,1.173,375857904.0,440505463,440505463,2026-08-19,2026-08-19 10:38:09+08:00
159792,港股通互联网ETF富国,0.594,0.5972,0.54,0.001,0.17,14158600.0,836884922.9,0.589,0.598,0.587,0.593,1.85,2.05,1.5,10.0,7301439.0,6857161.0,18036280.0,2.16,73898208.0,8.83,-55861928.0,-6.67,-15436204.0,-1.84,-2600080.0,-0.31,-1724.0,0.594,0.595,69019856896.0,40997794996,40997794996,2026-08-19,2026-08-19 10:38:06+08:00
159217,港股通创新药ETF工银,1.169,1.1744,0.46,0.002,0.17,3156629.0,370927789.2,1.169,1.187,1.16,1.167,2.31,5.13,1.61,19.14,1513430.0,1643199.0,5864832.0,1.58,-5265340.0,-1.42,11130172.0,3.0,-2908601.0,-0.78,-2956231.0,-0.8,425.0,1.168,1.169,6150157568.0,7189534197,7189534197,2026-08-19,2026-08-19 10:38:15+08:00
513700,港股通医药ETF鹏华,0.636,0.6379,0.3,0.001,0.16,1831815.0,117346212.0,0.636,0.647,0.634,0.635,2.05,22.37,2.58,-15.7,885097.0,946718.0,-1227972.0,-1.05,169013.0,0.14,-1396985.0,-1.19,1107286.0,0.94,120686.0,0.1,-10.0,0.636,0.637,818846000.0,520786056,520786056,2026-08-19,2026-08-19 10:37:57+08:00
159788,港股通100ETF易方达,1.226,1.2276,0.13,0.002,0.16,43549.0,5326225.9,1.217,1.228,1.217,1.224,0.9,6.18,1.99,11.22,23180.0,20369.0,137451.0,2.58,0.0,0.0,137451.0,2.58,-21600.0,-0.41,-115851.0,-2.18,-10.0,1.225,1.226,70424965.0,86341007,86341007,2026-08-19,2026-08-19 10:38:06+08:00
516460,现金流ETF800鹏华,1.234,1.2314,-0.21,0.002,0.16,13639.0,1678742.0,1.23,1.235,1.229,1.232,0.49,0.32,0.94,-1.41,7057.0,6582.0,-6037.0,-0.36,738000.0,43.96,-744037.0,-44.32,13674.0,0.81,-7637.0,-0.45,-20.0,1.232,1.233,426693008.0,526539172,526539172,2026-08-19,2026-08-19 10:37:54+08:00
159712,港股通50ETF国泰,1.245,1.2465,0.12,0.002,0.16,65104.0,8077702.5,1.231,1.247,1.222,1.243,2.01,6.8,2.83,-16.07,34053.0,31051.0,45401.0,0.56,0.0,0.0,45401.0,0.56,71264.0,0.88,-116665.0,-1.44,1000.0,1.244,1.245,95778813.0,119244622,119244622,2026-08-19,2026-08-19 10:38:06+08:00
159333,港股央企红利ETF万家,1.34,1.3444,0.33,0.002,0.15,17098.0,2286090.0,1.333,1.341,1.33,1.338,0.82,0.81,1.35,-14.88,11850.0,5248.0,-327276.0,-14.32,0.0,0.0,-327276.0,-14.32,-88989.0,-3.89,416265.0,18.21,-1.0,1.34,1.341,210952835.0,282676799,282676799,2026-08-19,2026-08-19 10:38:09+08:00
562320,沪深300价值ETF银华,1.319,1.321,0.15,0.002,0.15,18080.0,2386032.0,1.318,1.322,1.318,1.317,0.3,2.95,1.71,-3.78,7817.0,10263.0,282505.0,11.84,0.0,0.0,282505.0,11.84,-319542.0,-13.39,37037.0,1.55,-2.0,1.319,1.32,61295500.0,80848765,80848765,2026-08-19,2026-08-19 10:37:48+08:00
159318,恒指港股通ETF银华,1.316,1.3198,0.29,0.002,0.15,3838.0,505015.0,1.308,1.318,1.307,1.314,0.84,2.46,3.73,-24.71,1558.0,2280.0,100366.0,19.87,0.0,0.0,100366.0,19.87,-73996.0,-14.65,-26369.0,-5.22,1.0,1.315,1.316,15601647.0,20531767,20531767,2026-08-19,2026-08-19 10:38:09+08:00
159297,港股通创新药ETF南方,0.731,0.7322,0.16,0.001,0.14,2057331.0,151259096.2,0.73,0.742,0.727,0.73,2.05,5.36,2.13,4.45,1048480.0,1008851.0,1078830.0,0.71,1981328.0,1.31,-902498.0,-0.6,-793650.0,-0.52,-285181.0,-0.19,-312.0,0.731,0.732,3835418640.0,2803691026,2803691026,2026-08-19,2026-08-19 10:38:12+08:00
159309,油气ETF汇添富,1.418,1.4204,0.17,0.002,0.14,130026.0,18430446.0,1.418,1.424,1.407,1.416,1.2,2.41,1.25,59.76,51150.0,78876.0,-1075739.0,-5.84,1429456.0,7.76,-2505195.0,-13.59,1243719.0,6.75,-167980.0,-0.91,-6.0,1.418,1.419,539371744.0,764829133,764829133,2026-08-19,2026-08-19 10:38:12+08:00
159567,港股创新药ETF银华,0.698,0.6999,0.27,0.001,0.14,7932889.0,556203010.6,0.697,0.708,0.693,0.697,2.15,7.31,2.15,4.41,4143422.0,3789467.0,16264554.0,2.92,33771979.0,6.07,-17507425.0,-3.15,-10856736.0,-1.95,-5407811.0,-0.97,67.0,0.697,0.698,10845729792.0,7570319395,7570319395,2026-08-19,2026-08-19 10:38:09+08:00
513530,港股通红利ETF华泰柏瑞,1.595,1.5976,0.16,0.002,0.13,892648.0,141963225.0,1.594,1.597,1.583,1.593,0.88,3.14,2.13,-10.15,521702.0,370946.0,1751052.0,1.23,13096888.0,9.23,-11345836.0,-7.99,-382871.0,-0.27,-1368181.0,-0.96,-353.0,1.595,1.596,2845938704.0,4539272233,4539272233,2026-08-19,2026-08-19 10:37:58+08:00
159285,港股通消费ETF华安,0.784,0.7832,-0.1,0.001,0.13,15988.0,1251437.86,0.784,0.785,0.78,0.783,0.64,0.64,0.67,-4.98,8089.0,7899.0,58084.0,4.64,-151782.0,-12.13,209866.0,16.77,-59266.0,-4.74,1182.0,0.09,-445.0,0.783,0.785,248486680.0,194813557,194813557,2026-08-19,2026-08-19 10:38:00+08:00
159265,港股消费ETF鹏华,0.815,0.815,0.0,0.001,0.12,35298.0,2872450.6,0.816,0.818,0.811,0.814,0.86,1.98,1.15,16.66,16843.0,18455.0,-48343.0,-1.68,-56943.0,-1.98,8600.0,0.3,94535.0,3.29,-46192.0,-1.61,-3305.0,0.814,0.815,177950894.0,145029979,145029979,2026-08-19,2026-08-19 10:38:12+08:00
159166,现金流ETF长城,0.858,0.8594,0.16,0.001,0.12,14348.0,1231174.858,0.857,0.86,0.857,0.857,0.35,0.25,3.97,3.06,3680.0,10668.0,46929.0,3.81,-9953.0,-0.81,56882.0,4.62,-82343.0,-6.69,35414.0,2.88,-660.0,0.858,0.86,569816064.0,488902183,488902183,2026-08-19,2026-08-19 10:38:15+08:00
159607,中概互联网ETF嘉实,0.815,0.8205,0.67,0.001,0.12,690540.0,55987587.7,0.807,0.818,0.805,0.814,1.6,5.81,2.12,10.36,347270.0,343270.0,319144.0,0.57,5780776.0,10.33,-5461632.0,-9.76,252472.0,0.45,-571616.0,-1.02,2.0,0.814,0.815,1187829136.0,968080746,968080746,2026-08-19,2026-08-19 10:38:06+08:00
510010,180治理ETF交银,1.748,1.746,-0.11,0.002,0.11,21.0,3671.0,1.748,1.748,1.748,1.746,0.0,0.0,0.29,0.72,3.0,18.0,0.0,0.0,0.0,0.0,0.0,0.0,0.0,0.0,0.0,0.0,19.0,1.748,1.751,130524400.0,228156651,228156651,2026-08-19,2026-08-19 10:37:42+08:00
159105,恒生生物科技ETF易方达,0.936,0.9394,0.36,0.001,0.11,977651.0,92217836.1,0.934,0.952,0.933,0.935,2.03,47.4,2.37,6.14,511114.0,466537.0,1038208.0,1.13,-3246808.0,-3.52,4285016.0,4.65,-932478.0,-1.01,-105729.0,-0.11,-641.0,0.935,0.937,206272984.0,193071513,193071513,2026-08-19,2026-08-19 10:38:15+08:00
513230,港股通消费ETF华夏,0.874,0.8728,-0.14,0.001,0.11,44331.0,3863974.0,0.873,0.875,0.869,0.873,0.69,1.35,0.78,1.69,19188.0,25143.0,298273.0,7.72,-16374.0,-0.42,314647.0,8.14,-95911.0,-2.48,-202361.0,-5.24,519.0,0.873,0.874,328422704.0,287041443,287041443,2026-08-19,2026-08-19 10:38:01+08:00
159019,石油ETF华宝,0.942,0.9429,0.1,0.001,0.11,42655.0,4024987.8,0.939,0.946,0.934,0.941,1.28,8.48,0.82,-9.25,15577.0,27078.0,50376.0,1.25,-592385.0,-14.72,642761.0,15.97,-114059.0,-2.83,63683.0,1.58,-90.0,0.942,0.943,50327711.0,47408704,47408704,2026-08-19,2026-08-19 10:38:15+08:00
159170,港股通互联网ETF永赢,0.878,0.8802,0.25,0.001,0.11,88441.0,7735856.5,0.872,0.884,0.867,0.877,1.94,2.12,0.97,-7.25,42890.0,45551.0,519089.0,6.71,-138498.0,-1.79,657587.0,8.5,-496079.0,-6.41,-23011.0,-0.3,6.0,0.877,0.879,416638352.0,365808473,365808473,2026-08-19,2026-08-19 10:38:15+08:00
159197,石油ETF招商,0.917,0.9161,-0.1,0.001,0.11,23274.0,2135532.6,0.925,0.925,0.913,0.916,1.31,5.36,0.98,5.44,10134.0,13140.0,-238583.0,-11.17,0.0,0.0,-238583.0,-11.17,265999.0,12.46,-27416.0,-1.28,10.0,0.916,0.917,43388290.0,39787062,39787062,2026-08-19,2026-08-19 10:38:15+08:00
159018,石油ETF广发,0.923,0.9228,-0.02,0.001,0.11,7016.0,648028.6,0.923,0.927,0.921,0.922,0.65,2.71,0.41,-1.9,2184.0,4832.0,-164261.0,-25.35,0.0,0.0,-164261.0,-25.35,119367.0,18.42,44893.0,6.93,2.0,0.922,0.923,25904203.0,23909579,23909579,2026-08-19,2026-08-19 10:38:18+08:00
159266,港股央企红利ETF永赢,0.959,0.9626,0.37,0.001,0.1,71942.0,6880028.8,0.96,0.961,0.953,0.958,0.84,2.03,2.7,-13.82,42593.0,29349.0,130537.0,1.9,-472566.0,-6.87,603103.0,8.77,-100366.0,-1.46,-30171.0,-0.44,-406.0,0.959,0.961,353710096.0,339207982,339207982,2026-08-19,2026-08-19 10:38:09+08:00
159662,交运ETF南方,0.979,0.9814,0.24,0.001,0.1,7918.0,774886.7,0.976,0.98,0.974,0.978,0.61,0.96,0.39,12.66,5787.0,2131.0,51334.0,6.62,3912.0,0.5,47422.0,6.12,-114740.0,-14.81,63405.0,8.18,-10.0,0.98,0.981,82113946.0,80389553,80389553,2026-08-19,2026-08-19 10:38:06+08:00
560720,红利低波100ETF工银,0.979,0.9815,0.25,0.001,0.1,26966.0,2645115.0,0.981,0.982,0.979,0.978,0.31,2.63,2.29,-2.03,17673.0,9293.0,-435805.0,-16.48,0.0,0.0,-435805.0,-16.48,419101.0,15.84,16704.0,0.63,-10.0,0.98,0.981,102548000.0,100394492,100394492,2026-08-19,2026-08-19 10:37:44+08:00
526070,恒指港股通ETF博时,0.997,0.9993,0.23,0.001,0.1,76567.0,7613067.0,1.048,1.048,0.991,0.996,5.72,13.83,4.33,8.68,30347.0,46220.0,86890.0,1.14,0.0,0.0,86890.0,1.14,-180098.0,-2.37,93209.0,1.22,-2200.0,0.996,0.997,55377000.0,55210869,55210869,2026-08-19,2026-08-19 10:37:41+08:00
159365,恒指港股通ETF富国,1.006,1.0065,0.05,0.001,0.1,2350.0,235481.8,1.002,1.006,0.998,1.005,0.8,0.46,1.43,23.34,645.0,1705.0,48590.0,20.63,0.0,0.0,48590.0,20.63,-68205.0,-28.96,19614.0,8.33,-46.0,1.004,1.005,51162398.0,51469372,51469372,2026-08-19,2026-08-19 10:38:06+08:00
520810,港股通红利ETF易方达,1.029,1.0292,0.02,0.001,0.1,20830.0,2139405.0,1.028,1.038,1.022,1.028,1.56,0.73,0.96,2.77,6763.0,14067.0,109318.0,5.11,615641.0,28.78,-506323.0,-23.67,-113095.0,-5.29,3777.0,0.18,1108.0,1.028,1.029,284360000.0,292606440,292606440,2026-08-19,2026-08-19 10:37:47+08:00
159169,恒生生物科技ETF广发,0.995,0.9987,0.37,0.001,0.1,163737.0,16390921.716,0.991,1.012,0.989,0.994,2.31,10.57,3.58,-4.06,80967.0,82770.0,1031556.0,6.29,-216859.0,-1.32,1248415.0,7.62,-980429.0,-5.98,-51127.0,-0.31,-11.0,0.993,0.996,154874485.0,154100113,154100113,2026-08-19,2026-08-19 10:38:15+08:00
513040,港股通互联网ETF易方达,0.957,0.9597,0.28,0.001,0.1,2845919.0,270696711.0,0.949,0.961,0.945,0.956,1.67,4.1,1.5,14.94,1406501.0,1439418.0,1871747.0,0.69,17895091.0,6.63,-16023344.0,-5.94,-846499.0,-0.31,-1025249.0,-0.38,-10300.0,0.956,0.957,6946841344.0,6648127166,6648127166,2026-08-19,2026-08-19 10:38:01+08:00
159117,港股通红利低波ETF鹏华,1.003,1.0046,0.16,0.001,0.1,18722.0,1874332.497,0.998,1.004,0.994,1.002,1.0,3.05,1.98,16.98,10041.0,8681.0,-236073.0,-12.6,0.0,0.0,-236073.0,-12.6,311190.0,16.6,-75118.0,-4.01,878.0,1.002,1.003,61401153.0,61585356,61585356,2026-08-19,2026-08-19 10:38:15+08:00
513320,港股通新经济ETF易方达,1.105,1.1068,0.16,0.001,0.09,70766.0,7811249.0,1.097,1.109,1.097,1.104,1.09,7.78,2.22,-3.25,36842.0,33924.0,540548.0,6.92,0.0,0.0,540548.0,6.92,-434660.0,-5.56,-105888.0,-1.36,-1817.0,1.104,1.105,91010600.0,100566713,100566713,2026-08-19,2026-08-19 10:37:48+08:00
561420,300现金流ETF汇添富,1.089,1.0891,0.01,0.001,0.09,55472.0,6028765.0,1.088,1.089,1.085,1.088,0.37,0.54,2.88,17.27,34201.0,21271.0,122985.0,2.04,3119888.0,51.75,-2996903.0,-49.71,-100712.0,-1.67,-22273.0,-0.37,1106.0,1.088,1.09,1023237008.0,1114305102,1114305102,2026-08-19,2026-08-19 10:37:50+08:00
159316,港股通创新药ETF易方达,1.148,1.1532,0.45,0.001,0.09,3830824.0,442210933.64,1.147,1.166,1.142,1.147,2.09,6.75,1.65,-1.66,1910345.0,1920479.0,3440128.0,0.78,1291812.0,0.29,2148316.0,0.49,1219692.0,0.28,-4659820.0,-1.05,-4010.0,1.147,1.148,5672336128.0,6511841875,6511841875,2026-08-19,2026-08-19 10:38:12+08:00
513200,港股通医药ETF易方达,1.072,1.0729,0.08,0.001,0.09,901269.0,97171212.0,1.075,1.088,1.066,1.071,2.05,9.86,1.83,0.23,430733.0,470536.0,1203136.0,1.24,-2879638.0,-2.96,4082774.0,4.2,243795.0,0.25,-1446931.0,-1.49,100.0,1.071,1.072,914282096.0,980110407,980110407,2026-08-19,2026-08-19 10:37:59+08:00
513820,港股通红利ETF汇添富,1.245,1.2489,0.31,0.001,0.08,294665.0,36567076.0,1.241,1.246,1.237,1.244,0.72,1.7,2.34,16.94,136529.0,158136.0,1384599.0,3.79,-4311341.0,-11.79,5695940.0,15.58,-869016.0,-2.38,-515585.0,-1.41,182.0,1.245,1.246,1735669008.0,2160907915,2160907915,2026-08-19,2026-08-19 10:37:58+08:00
159312,恒指港股通ETF广发,1.188,1.1917,0.31,0.001,0.08,6418.0,761311.4,1.184,1.191,1.18,1.187,0.93,1.93,2.45,-14.28,4186.0,2232.0,4367.0,0.57,0.0,0.0,4367.0,0.57,-3559.0,-0.47,-809.0,-0.11,-10.0,1.188,1.189,33224353.0,39470531,39470531,2026-08-19,2026-08-19 10:38:09+08:00
159336,央企红利ETF融通,1.218,1.2181,0.01,0.001,0.08,8915.0,1084023.1,1.212,1.219,1.211,1.217,0.66,0.28,0.52,-7.41,7280.0,1635.0,499431.0,46.07,0.0,0.0,499431.0,46.07,-505447.0,-46.63,6016.0,0.55,-406.0,1.216,1.218,312905088.0,381118397,381118397,2026-08-19,2026-08-19 10:38:06+08:00
517180,中国国企ETF南方,1.497,1.5004,0.23,0.001,0.07,19534.0,2921314.0,1.486,1.499,1.483,1.496,1.07,1.91,1.68,1.7,10231.0,9303.0,876600.0,30.01,732292.0,25.07,144308.0,4.94,-909306.0,-31.13,32706.0,1.12,-9.0,1.497,1.498,102496300.0,153436961,153436961,2026-08-19,2026-08-19 10:37:51+08:00
513910,港股通央企红利ETF华夏,1.538,1.5431,0.33,0.001,0.07,290708.0,44619739.0,1.536,1.541,1.528,1.537,0.85,1.44,1.49,5.47,147884.0,142824.0,-1324836.0,-2.97,-2123568.0,-4.76,798732.0,1.79,1819196.0,4.08,-494360.0,-1.11,544.0,1.538,1.539,2017276000.0,3102570488,3102570488,2026-08-19,2026-08-19 10:37:57+08:00
159557,恒生医疗ETF嘉实,1.461,1.4715,0.71,0.001,0.07,432376.0,63653284.7,1.46,1.485,1.456,1.46,1.99,33.03,2.93,16.85,214237.0,218139.0,2152863.0,3.38,0.0,0.0,2152863.0,3.38,-1502986.0,-2.36,-649878.0,-1.02,-329.0,1.46,1.461,130894955.0,191237529,191237529,2026-08-19,2026-08-19 10:38:09+08:00
159570,港股通创新药ETF汇添富,1.44,1.4479,0.55,0.001,0.07,7827218.0,1132810969.056,1.439,1.462,1.43,1.439,2.22,4.51,1.82,8.65,3839162.0,3988056.0,24627944.0,2.17,34102216.0,3.01,-9474272.0,-0.84,-17987544.0,-1.59,-6640402.0,-0.59,-49.0,1.44,1.441,17360597248.0,24999260037,24999260037,2026-08-19,2026-08-19 10:38:06+08:00
513630,港股低波红利ETF摩根,1.582,1.5777,-0.27,0.001,0.06,515731.0,81219037.0,1.578,1.584,1.568,1.581,1.01,0.7,0.91,9.24,285813.0,229918.0,986804.0,1.21,4192154.0,5.16,-3205350.0,-3.95,344302.0,0.42,-1331106.0,-1.64,4.0,1.581,1.582,7417359104.0,11734262103,11734262103,2026-08-19,2026-08-19 10:37:58+08:00
511880,银华日利ETF,100.714,,0.0,0.007,0.01,486733.0,4901994205.0,100.711,100.714,100.71,100.707,0.0,4.66,1.17,29.0,289700.0,197033.0,85203216.0,1.74,194510960.0,3.97,-109307744.0,-2.23,-70578938.0,-1.44,-14624267.0,-0.3,35.0,100.713,100.714,1044429808.0,105188703683,105188703683,2026-08-19,2026-08-19 10:38:01+08:00
511970,国寿货币ETF,100.005,,-0.01,0.008,0.01,1.0,10001.0,100.005,100.005,100.005,99.997,0.0,0.02,0.03,4.06,1.0,,0.0,0.0,0.0,0.0,0.0,0.0,0.0,0.0,0.0,0.0,1.0,99.999,100.005,410400.0,41042052,41042052,2026-08-19,2026-08-19 10:37:50+08:00
159001,货币ETF易方达,100.0,,0.0,0.0,0.0,21015.0,210148215.025,100.0,100.001,99.999,100.0,0.0,7.46,1.28,55.19,15215.0,5800.0,2717801.0,1.29,9478666.0,4.51,-6760865.0,-3.22,-2219986.0,-1.06,-497814.0,-0.24,3.0,99.999,100.0,28173723.0,2817372300,2817372300,2026-08-19,2026-08-19 10:38:18+08:00
159003,招商快线ETF,100.0,,0.0,-0.002,0.0,1638.0,16381663.299,100.0,100.001,99.999,100.002,0.0,8.54,1.76,23.37,878.0,760.0,-998293.0,-6.09,-1748280.0,-10.67,749987.0,4.58,949994.0,5.8,48300.0,0.29,-1.0,100.0,100.001,1919189.0,191918900,191918900,2026-08-19,2026-08-19 10:38:12+08:00
517550,沪港深消费龙头ETF招商,0.664,0.6671,0.46,0.0,0.0,51077.0,3384128.0,0.664,0.665,0.662,0.664,0.45,6.12,3.01,-7.29,28000.0,23077.0,10270.0,0.3,0.0,0.0,10270.0,0.3,80.0,0.0,-10350.0,-0.31,-2389.0,0.664,0.665,83417400.0,55389154,55389154,2026-08-19,2026-08-19 10:37:34+08:00
159268,港股通消费ETF汇添富,0.785,0.7864,0.18,0.0,0.0,48163.0,3777678.7,0.785,0.787,0.78,0.785,0.89,1.17,0.93,3.76,31237.0,16926.0,-133496.0,-3.53,-1.0,0.0,-133495.0,-3.53,89020.0,2.36,44474.0,1.18,-46.0,0.785,0.786,413055024.0,324248194,324248194,2026-08-19,2026-08-19 10:38:00+08:00
159245,港股通消费ETF富国,0.792,0.7926,0.08,0.0,0.0,6812.0,539854.0,0.794,0.795,0.789,0.792,0.76,0.94,0.95,-7.54,1582.0,5230.0,71705.0,13.28,0.0,0.0,71705.0,13.28,-78148.0,-14.48,6443.0,1.19,-50.0,0.792,0.793,72113296.0,57113730,57113730,2026-08-19,2026-08-19 10:38:12+08:00
511830,货币ETF华泰柏瑞,100.0,,0.0,0.0,0.0,7.0,70100.0,100.0,100.0,100.0,100.0,0.0,0.22,0.67,86.74,,7.0,70100.0,100.0,70100.0,100.0,0.0,0.0,-50100.0,-71.47,-20000.0,-28.53,-5.0,100.0,100.006,313500.0,31350000,31350000,2026-08-19,2026-08-19 10:37:39+08:00
159850,恒生国企ETF华夏,0.818,0.8214,0.41,0.0,0.0,270310.0,22118094.6,0.818,0.819,0.812,0.818,0.86,5.54,14.24,-51.14,215401.0,54909.0,354445.0,1.6,-8771123.0,-39.66,9125568.0,41.26,-247584.0,-1.12,-106861.0,-0.48,-200.0,0.817,0.819,487706496.0,398943914,398943914,2026-08-19,2026-08-19 10:38:03+08:00
159892,恒生医药ETF华夏,0.793,0.7967,0.46,0.0,0.0,5577445.0,445716544.3,0.792,0.807,0.79,0.793,2.14,9.42,2.13,-24.26,2666452.0,2910993.0,4596932.0,1.03,5466396.0,1.23,-869464.0,-0.2,-2130526.0,-0.48,-2466406.0,-0.55,-107.0,0.793,0.794,5919266048.0,4693977976,4693977976,2026-08-19,2026-08-19 10:38:03+08:00
563580,自由现金流800ETF万家,1.13,1.1271,-0.26,0.0,0.0,57056.0,6429984.0,1.124,1.13,1.119,1.13,0.97,2.3,3.91,16.48,28469.0,28587.0,386466.0,6.01,894048.0,13.9,-507582.0,-7.89,-345393.0,-5.37,-41074.0,-0.64,-3278.0,1.128,1.129,247648000.0,279842240,279842240,2026-08-19,2026-08-19 10:37:47+08:00
511950,添利货币ETF广发,99.998,,0.0,0.0,0.0,1.0,10000.0,99.998,99.998,99.998,99.998,0.0,0.03,0.02,55.56,,1.0,0.0,0.0,0.0,0.0,0.0,0.0,9999.0,99.99,-9999.0,-99.99,-1.0,99.998,100.002,323000.0,32299354,32299354,2026-08-19,2026-08-19 10:38:01+08:00
511700,货币ETF平安,100.005,,-0.01,-0.003,0.0,3514.0,35143979.0,100.005,100.007,100.003,100.008,0.0,2.02,1.23,16.72,1207.0,2307.0,426712.0,1.21,-8406544.0,-23.92,8833256.0,25.13,247020.0,0.7,-673733.0,-1.92,-1.0,100.005,100.006,17426400.0,1742727132,1742727132,2026-08-19,2026-08-19 10:37:58+08:00
511690,交易货币ETF大成,100.001,,0.0,-0.002,0.0,393.0,3930260.0,100.001,100.003,100.001,100.003,0.0,0.65,1.45,-15.16,115.0,278.0,1140212.0,29.01,800203.0,20.36,340009.0,8.65,-830008.0,-21.12,-310204.0,-7.89,-1.0,100.001,100.002,6045400.0,604546045,604546045,2026-08-19,2026-08-19 10:37:41+08:00
159286,港股通创新药ETF鹏华,0.745,0.749,0.53,0.0,0.0,541230.0,40602934.5,0.747,0.757,0.74,0.745,2.28,6.85,1.7,-8.45,253387.0,287843.0,1740040.0,4.29,2611674.0,6.43,-871634.0,-2.15,-1440780.0,-3.55,-299261.0,-0.74,-200.0,0.745,0.746,789785408.0,588390129,588390129,2026-08-19,2026-08-19 10:38:12+08:00
159303,恒生医疗ETF大成,1.594,1.5998,0.36,0.0,0.0,577462.0,92759268.7,1.595,1.622,1.589,1.594,2.07,78.04,3.31,8.86,271588.0,305874.0,1938818.0,2.09,549226.0,0.59,1389592.0,1.5,-4004004.0,-4.32,2065186.0,2.23,-78.0,1.594,1.595,73991693.0,117942759,117942759,2026-08-19,2026-08-19 10:38:12+08:00
520690,港股创新药ETF博时,0.734,0.7384,0.6,0.0,0.0,880217.0,65047100.0,0.738,0.746,0.731,0.734,2.04,12.6,2.23,-10.48,432575.0,447642.0,919145.0,1.41,545904.0,0.84,373241.0,0.57,-846662.0,-1.3,-72483.0,-0.11,-100.0,0.734,0.735,698454000.0,512665236,512665236,2026-08-19,2026-08-19 10:37:52+08:00
520520,恒生消费ETF华泰柏瑞,0.96,0.9618,0.19,0.0,0.0,2804.0,268718.0,0.956,0.962,0.956,0.96,0.63,0.51,0.37,-15.92,1283.0,1521.0,10559.0,3.93,0.0,0.0,10559.0,3.93,-2020.0,-0.75,-8538.0,-3.18,-100.0,0.96,0.963,54606000.0,52421760,52421760,2026-08-19,2026-08-19 10:37:48+08:00
159281,港股央企红利ETF天弘,0.945,0.951,0.63,0.0,0.0,165766.0,15637373.9,0.94,0.947,0.938,0.945,0.95,6.7,2.96,4.22,88869.0,76897.0,-86370.0,-0.55,53001.0,0.34,-139371.0,-0.89,-35044.0,-0.22,121414.0,0.78,-2500.0,0.945,0.946,247233059.0,233635241,233635241,2026-08-19,2026-08-19 10:38:09+08:00
511770,金鹰增益货币ETF,100.0,,0.0,0.0,0.0,9.0,90000.0,99.999,100.001,99.999,100.0,0.0,0.22,0.85,3.29,5.0,4.0,60000.0,66.67,60000.0,66.67,0.0,0.0,-40000.0,-44.44,-19999.0,-22.22,-1.0,100.0,100.001,403900.0,40390000,40390000,2026-08-19,2026-08-19 10:37:48+08:00
520890,港股通红利低波ETF华泰柏瑞,1.33,1.3298,-0.02,0.0,0.0,77128.0,10221234.0,1.326,1.33,1.32,1.33,0.75,9.52,2.24,9.34,38135.0,38993.0,-505980.0,-4.95,0.0,0.0,-505980.0,-4.95,658654.0,6.44,-152673.0,-1.49,4.0,1.329,1.33,81008000.0,107740640,107740640,2026-08-19,2026-08-19 10:37:49+08:00
520880,港股通创新药ETF华宝,0.453,0.4555,0.55,0.0,0.0,5577126.0,254191332.0,0.453,0.46,0.451,0.453,1.99,11.26,2.58,-5.87,3041378.0,2535748.0,5533404.0,2.18,5111800.0,2.01,421604.0,0.17,-4215947.0,-1.66,-1317457.0,-0.52,-54.0,0.453,0.454,4951618048.0,2243082976,2243082976,2026-08-19,2026-08-19 10:37:52+08:00
511810,货币ETF南方,100.003,,0.0,0.001,0.0,754.0,7540459.0,100.001,100.004,100.001,100.002,0.0,2.07,4.24,9.19,553.0,201.0,1440233.0,19.1,630018.0,8.36,810215.0,10.74,-980021.0,-13.0,-460211.0,-6.1,-3.0,100.003,100.004,3643100.0,364320929,364320929,2026-08-19,2026-08-19 10:37:48+08:00
511820,鹏华添利ETF,100.001,,0.0,0.001,0.0,2.0,20001.0,100.01,100.01,100.001,100.0,0.01,0.03,0.07,33.87,2.0,,0.0,0.0,0.0,0.0,0.0,0.0,10001.0,50.0,-10001.0,-50.0,1.0,100.0,100.001,611500.0,61150612,61150612,2026-08-19,2026-08-19 10:38:00+08:00
159277,港股通红利ETF富国,0.993,0.9945,0.15,0.0,0.0,21380.0,2118269.9,0.984,0.995,0.984,0.993,1.11,5.4,1.79,-17.32,12137.0,9243.0,-73467.0,-3.47,0.0,0.0,-73467.0,-3.47,59504.0,2.81,13963.0,0.66,1007.0,0.993,0.994,39557011.0,39280112,39280112,2026-08-19,2026-08-19 10:38:12+08:00
159280,港股通互联网ETF汇添富,0.722,0.7233,0.18,0.0,0.0,36464.0,2625194.7,0.717,0.726,0.714,0.722,1.66,3.66,1.9,-8.15,20549.0,15915.0,-68994.0,-2.63,0.0,0.0,-68994.0,-2.63,80679.0,3.07,-11684.0,-0.45,-28.0,0.722,0.723,99717171.0,71995797,71995797,2026-08-19,2026-08-19 10:38:12+08:00
520950,港股通50ETF摩根,0.851,0.8522,0.14,0.0,0.0,170617.0,14475870.0,0.85,0.852,0.844,0.851,0.94,5.16,2.8,4.06,87260.0,83357.0,105743.0,0.73,39720.0,0.27,66023.0,0.46,-80702.0,-0.56,-25041.0,-0.17,541.0,0.85,0.851,330421008.0,281188278,281188278,2026-08-19,2026-08-19 10:37:39+08:00
520960,恒指港股通ETF嘉实,0.917,0.9191,0.23,0.0,0.0,7877.0,719374.0,0.913,0.917,0.911,0.917,0.65,1.34,0.48,-15.38,2961.0,4916.0,-57159.0,-7.95,0.0,0.0,-57159.0,-7.95,48190.0,6.7,8968.0,1.25,-300.0,0.916,0.918,58603400.0,53739318,53739318,2026-08-19,2026-08-19 10:37:51+08:00
159776,港股医药ETF银华,1.197,1.199,0.17,0.0,0.0,182042.0,21953238.8,1.197,1.218,1.194,1.197,2.01,21.94,2.3,-7.92,96759.0,85283.0,-865384.0,-3.94,-342593.0,-1.56,-522791.0,-2.38,-207899.0,-0.95,1073281.0,4.89,-10.0,1.196,1.198,82968765.0,99313612,99313612,2026-08-19,2026-08-19 10:38:06+08:00
520830,沙特ETF华泰柏瑞,0.894,0.8951,0.12,0.0,0.0,77364.0,6925210.0,0.895,0.898,0.894,0.894,0.45,0.69,2.71,-4.56,24003.0,53361.0,-550559.0,-7.95,-1778219.0,-25.68,1227660.0,17.73,488996.0,7.06,61563.0,0.89,-100.0,0.894,0.895,1122619008.0,1003621393,1003621393,2026-08-19,2026-08-19 10:37:52+08:00
511660,货币ETF建信,100.006,,-0.01,0.002,0.0,13096.0,130961155.0,100.004,100.006,100.002,100.004,0.0,1.75,1.28,65.19,6459.0,6636.0,6070488.0,4.64,9513632.0,7.26,-3443144.0,-2.63,-4988055.0,-3.81,-1082434.0,-0.83,200.0,100.005,100.006,74694600.0,7469908168,7469908168,2026-08-19,2026-08-19 10:38:01+08:00
511990,华宝添益ETF,100.0,,0.0,-0.002,0.0,383391.0,3833860522.0,99.998,100.0,99.998,100.002,0.0,4.6,1.64,31.52,162649.0,220742.0,20175824.0,0.53,31080096.0,0.81,-10904272.0,-0.28,-2740852.0,-0.07,-17434974.0,-0.45,8.0,99.999,100.0,834137600.0,83413760000,83413760000,2026-08-19,2026-08-19 10:38:00+08:00
511980,货币ETF汇添富,100.042,,-0.04,-0.003,0.0,11.0,110050.0,100.046,100.046,100.041,100.045,0.0,0.46,0.43,63.97,,11.0,0.0,0.0,0.0,0.0,0.0,0.0,26712.0,24.27,-26712.0,-24.27,-1.0,100.042,100.046,241000.0,24110122,24110122,2026-08-19,2026-08-19 10:38:01+08:00
511600,华安日日鑫ETF,99.998,,0.0,-0.002,0.0,10.0,99999.0,99.997,100.0,99.997,100.0,0.0,0.12,0.11,-18.72,7.0,3.0,0.0,0.0,0.0,0.0,0.0,0.0,9999.0,10.0,-10000.0,-10.0,-1.0,99.998,100.0,828300.0,82828343,82828343,2026-08-19,2026-08-19 10:37:44+08:00
511620,货币ETF国泰,100.004,,0.0,-0.001,0.0,343.0,3431443.0,100.004,100.005,100.003,100.005,0.0,0.8,0.83,-13.7,183.0,160.0,440112.0,12.83,460002.0,13.41,-19890.0,-0.58,-369910.0,-10.78,-70200.0,-2.05,-1.0,100.004,100.005,4265000.0,426517060,426517060,2026-08-19,2026-08-19 10:37:53+08:00
511650,货币ETF华夏,100.0,,0.0,0.0,0.0,528.0,5279969.0,100.0,100.0,99.999,100.0,0.0,4.38,2.36,12.05,214.0,314.0,-240001.0,-4.55,-1170001.0,-22.16,930000.0,17.61,270000.0,5.11,-29999.0,-0.57,9.0,99.999,100.0,1204300.0,120430000,120430000,2026-08-19,2026-08-19 10:37:58+08:00
511850,招商财富宝ETF,100.003,,0.0,0.0,0.0,392.0,3922932.0,100.002,100.004,100.002,100.003,0.0,0.44,0.45,11.08,211.0,181.0,1411244.0,35.97,1751253.0,44.64,-340009.0,-8.67,-958631.0,-24.44,-452613.0,-11.54,-3.0,100.003,100.004,8847600.0,884786543,884786543,2026-08-19,2026-08-19 10:37:45+08:00
511960,货币ETF嘉实,99.999,,0.0,0.0,0.0,8.0,80001.0,100.002,100.002,99.999,99.999,0.0,0.31,0.1,-6.41,6.0,2.0,-40002.0,-50.0,-40002.0,-50.0,0.0,0.0,50001.0,62.5,-10000.0,-12.5,-1.0,99.999,100.001,260900.0,26089739,26089739,2026-08-19,2026-08-19 10:37:51+08:00
511900,富国货币ETF,99.999,,0.0,0.0,0.0,255.0,2549974.0,100.0,100.0,99.998,99.999,0.0,1.38,0.83,10.32,252.0,3.0,-189999.0,-7.45,-1199988.0,-47.06,1009989.0,39.61,169998.0,6.67,20000.0,0.78,-1.0,99.999,100.0,1843000.0,184298157,184298157,2026-08-19,2026-08-19 10:37:43+08:00
511860,货币ETF博时,99.999,,0.0,0.0,0.0,518.0,5180067.0,99.998,100.002,99.998,99.999,0.0,11.42,3.23,-30.59,505.0,13.0,259999.0,5.02,1060007.0,20.46,-800008.0,-15.44,-229999.0,-4.44,-29999.0,-0.58,-9.0,99.999,100.0,453500.0,45349547,45349547,2026-08-19,2026-08-19 10:37:48+08:00
159181,石油ETF易方达,0.899,0.8995,0.06,0.0,0.0,50797.0,4571824.3,0.899,0.904,0.895,0.899,1.0,3.64,2.76,5.47,28088.0,22709.0,353497.0,7.73,325261.0,7.11,28236.0,0.62,-437106.0,-9.56,83610.0,1.83,3.0,0.898,0.899,139405335.0,125325396,125325396,2026-08-19,2026-08-19 10:38:15+08:00
513120,港股创新药ETF广发,1.282,1.2881,0.47,0.0,0.0,31243181.0,4036606470.0,1.283,1.306,1.277,1.282,2.26,14.95,1.8,8.01,14723541.0,16519640.0,-64640240.0,-1.6,-72425936.0,-1.79,7785696.0,0.19,42035280.0,1.04,22598561.0,0.56,-2443.0,1.282,1.283,20897135360.0,26790127532,26790127532,2026-08-19,2026-08-19 10:38:00+08:00
513780,港股创新药ETF景顺,1.66,1.6661,0.37,0.0,0.0,2441040.0,408799316.0,1.661,1.693,1.657,1.66,2.17,13.46,2.08,-2.41,1121616.0,1319424.0,-16470282.0,-4.03,-10282593.0,-2.52,-6187689.0,-1.51,16038692.0,3.92,421624.0,0.1,-231.0,1.66,1.661,1814157008.0,3011500633,3011500633,2026-08-19,2026-08-19 10:37:58+08:00
513830,港股通高股息ETF嘉实,1.203,1.2068,0.31,0.0,0.0,6939.0,832538.0,1.203,1.204,1.195,1.203,0.75,1.25,3.0,6.42,2718.0,4221.0,158950.0,19.09,0.0,0.0,158950.0,19.09,-96704.0,-11.62,-62246.0,-7.48,-10.0,1.202,1.204,55311000.0,66539133,66539133,2026-08-19,2026-08-19 10:37:49+08:00
159670,消费50ETF国联安,0.862,0.8625,0.06,0.0,0.0,27637.0,2384301.8,0.862,0.864,0.861,0.862,0.35,4.96,2.23,4.1,11226.0,16411.0,-46604.0,-1.95,0.0,0.0,-46604.0,-1.95,28416.0,1.19,18187.0,0.76,1.0,0.861,0.862,55706921.0,48019366,48019366,2026-08-19,2026-08-19 10:38:06+08:00
513070,港股通消费ETF易方达,1.11,1.1058,-0.38,0.0,0.0,636536.0,70583403.0,1.106,1.115,1.104,1.11,0.99,4.84,2.93,27.35,301126.0,335410.0,-16815610.0,-23.82,-8146189.0,-11.54,-8669421.0,-12.28,-2610364.0,-3.7,19425973.0,27.52,45.0,1.109,1.11,1315760800.0,1460494488,1460494488,2026-08-19,2026-08-19 10:38:00+08:00
159735,港股消费ETF银华,0.672,0.6723,0.04,0.0,0.0,63766.0,4271660.0,0.671,0.672,0.668,0.672,0.6,1.0,0.85,10.67,32617.0,31149.0,816184.0,19.11,1105804.0,25.89,-289620.0,-6.78,-698397.0,-16.35,-117787.0,-2.76,18.0,0.671,0.672,637561376.0,428441245,428441245,2026-08-19,2026-08-19 10:38:06+08:00
510900,恒生中国企业ETF易方达,1.045,1.0481,0.3,0.0,0.0,471513.0,49108813.0,1.04,1.048,1.036,1.045,1.15,1.43,1.55,31.01,274800.0,196713.0,1382210.0,2.81,-917.0,0.0,1383127.0,2.82,-373434.0,-0.76,-1008776.0,-2.05,-7.0,1.045,1.046,3288021904.0,3435982890,3435982890,2026-08-19,2026-08-19 10:38:02+08:00
159719,国企ETF平安,1.588,1.5941,0.38,0.0,0.0,5181.0,822169.0,1.577,1.59,1.573,1.588,1.07,1.98,0.74,-0.78,2959.0,2222.0,-18177.0,-2.21,0.0,0.0,-18177.0,-2.21,39622.0,4.82,-21445.0,-2.61,-35.0,1.589,1.59,26195986.0,41599226,41599226,2026-08-19,2026-08-19 10:38:06+08:00
513770,港股互联网ETF华宝,0.364,0.3658,0.49,0.0,0.0,6410624.0,232421031.0,0.361,0.367,0.36,0.364,1.92,4.29,1.81,16.87,3670291.0,2740333.0,5097496.0,2.19,12220039.0,5.26,-7122543.0,-3.06,-4204950.0,-1.81,-892546.0,-0.38,-230.0,0.364,0.365,14930137856.0,5434570180,5434570180,2026-08-19,2026-08-19 10:37:58+08:00
513550,港股通50ETF华泰柏瑞,1.129,1.1323,0.29,0.0,0.0,207236.0,23314622.0,1.129,1.132,1.121,1.129,0.97,1.24,2.03,8.84,156985.0,50251.0,235410.0,1.01,-3518316.0,-15.09,3753726.0,16.1,-48627.0,-0.21,-186783.0,-0.8,-2200.0,1.128,1.13,1666992000.0,1882033968,1882033968,2026-08-19,2026-08-19 10:37:56+08:00
562080,300现金流ETF华宝,0.619,0.6194,0.06,0.0,0.0,97955.0,6047541.0,0.619,0.62,0.615,0.619,0.81,1.58,0.73,2.58,57628.0,40327.0,272143.0,4.5,-197434.0,-3.26,469577.0,7.76,-200252.0,-3.31,-71892.0,-1.19,-9.0,0.618,0.619,620757200.0,384248707,384248707,2026-08-19,2026-08-19 10:37:46+08:00
159615,恒生生物科技ETF南方,1.137,1.1415,0.39,0.0,0.0,483520.0,55338290.8,1.137,1.155,1.132,1.137,2.02,11.27,1.8,-19.23,243879.0,239641.0,1315780.0,2.38,-2581760.0,-4.67,3897540.0,7.04,-1081636.0,-1.95,-234144.0,-0.42,-62.0,1.136,1.137,429054896.0,487835417,487835417,2026-08-19,2026-08-19 10:38:06+08:00
513060,恒生医疗ETF博时,0.575,0.5768,0.31,0.0,0.0,6298216.0,364101750.0,0.575,0.584,0.571,0.575,2.26,6.99,1.81,1.14,3224118.0,3074098.0,3233355.0,0.89,-7149565.0,-1.96,10382920.0,2.85,-101064.0,-0.03,-3132290.0,-0.86,-1300.0,0.575,0.576,9005393408.0,5178101210,5178101210,2026-08-19,2026-08-19 10:37:59+08:00
159605,中概互联ETF广发,0.818,0.8209,0.35,0.0,0.0,1436404.0,116844290.8,0.811,0.821,0.808,0.818,1.59,3.54,1.96,5.53,782431.0,653973.0,3981121.0,3.41,4859965.0,4.16,-878844.0,-0.75,-3187468.0,-2.73,-793653.0,-0.68,2.0,0.817,0.818,4053486160.0,3315751679,3315751679,2026-08-19,2026-08-19 10:38:06+08:00
159931,金融地产ETF汇添富,1.825,1.8267,0.09,0.0,0.0,429.0,78456.5,1.829,1.831,1.825,1.825,0.33,0.24,1.51,1.9,192.0,237.0,-56506.0,-72.02,0.0,0.0,-56506.0,-72.02,4567.0,5.82,51939.0,66.2,-2.0,1.824,1.826,17828511.0,32537033,32537033,2026-08-19,2026-08-19 10:38:00+08:00
516530,物流ETF银华,1.015,1.0178,0.28,0.0,0.0,3949.0,400199.0,1.017,1.021,1.009,1.015,1.18,2.22,1.75,8.98,1814.0,2135.0,81748.0,20.43,59691.0,14.92,22057.0,5.51,-50307.0,-12.57,-31441.0,-7.86,-5.0,1.016,1.018,17802300.0,18069335,18069335,2026-08-19,2026-08-19 10:37:56+08:00
159005,快钱ETF汇添富,100.0,,0.0,0.0,0.0,479.0,4790488.595,100.0,100.0,99.999,100.0,0.0,4.24,2.14,12.54,255.0,224.0,-249998.0,-5.22,160011.0,3.34,-410009.0,-8.56,150497.0,3.14,99499.0,2.08,1.0,99.999,100.0,1130319.0,113031900,113031900,2026-08-19,2026-08-19 10:38:12+08:00
159026,石油ETF南方,0.94,0.9411,0.12,0.0,0.0,17476.0,1644765.4,0.94,0.944,0.936,0.94,0.85,3.68,0.77,8.69,12379.0,5097.0,92160.0,5.6,0.0,0.0,92160.0,5.6,-237108.0,-14.42,144949.0,8.81,990.0,0.939,0.94,47513446.0,44662639,44662639,2026-08-19,2026-08-19 10:38:15+08:00
159017,石油ETF工银,0.938,0.9387,0.07,0.0,0.0,31041.0,2919502.6,0.938,0.942,0.934,0.938,0.85,2.0,1.63,5.74,19523.0,11518.0,66831.0,2.29,737461.0,25.26,-670630.0,-22.97,-95320.0,-3.26,28489.0,0.98,348.0,0.937,0.939,155256813.0,145630891,145630891,2026-08-19,2026-08-19 10:38:15+08:00
511800,易方达货币ETF,100.0,,0.0,-0.005,-0.01,87.0,870007.0,100.009,100.009,100.0,100.005,0.01,0.52,0.86,2.02,7.0,80.0,-29999.0,-3.45,0.0,0.0,-29999.0,-3.45,90001.0,10.34,-60002.0,-6.9,-24.0,100.001,100.003,1664600.0,166460000,166460000,2026-08-19,2026-08-19 10:37:45+08:00
513600,恒生指数ETF南方,2.781,2.789,0.29,-0.001,-0.04,135224.0,37519345.0,2.765,2.787,2.762,2.782,0.9,2.09,1.27,2.11,71195.0,64029.0,-1316781.0,-3.51,-2209475.0,-5.89,892694.0,2.38,1361392.0,3.63,-44611.0,-0.12,361.0,2.78,2.782,647829504.0,1801613851,1801613851,2026-08-19,2026-08-19 10:37:56+08:00
159697,石油ETF鹏华,1.346,1.3442,-0.13,-0.001,-0.07,93047.0,12528006.1,1.348,1.352,1.34,1.347,0.89,0.87,0.87,20.7,46180.0,46867.0,-633329.0,-5.06,-2547442.0,-20.33,1914113.0,15.28,-90213.0,-0.72,723541.0,5.78,112.0,1.345,1.346,1065022000.0,1433519612,1433519612,2026-08-19,2026-08-19 10:38:06+08:00
159617,中证500价值ETF华夏,1.368,1.3682,0.01,-0.001,-0.07,11198.0,1531175.5,1.366,1.371,1.364,1.369,0.51,3.68,1.62,-4.68,4181.0,7017.0,24885.0,1.63,0.0,0.0,24885.0,1.63,274.0,0.02,-25160.0,-1.64,1007.0,1.367,1.368,30418382.0,41612347,41612347,2026-08-19,2026-08-19 10:38:06+08:00
561870,现金流全指ETF华富,1.181,1.178,-0.25,-0.001,-0.08,9063.0,1067011.0,1.173,1.181,1.171,1.182,0.85,0.97,1.18,0.69,128.0,8935.0,108778.0,10.19,0.0,0.0,108778.0,10.19,-112769.0,-10.57,3990.0,0.37,-2491.0,1.177,1.178,93765000.0,110736465,110736465,2026-08-19,2026-08-19 10:37:50+08:00
159331,红利港股ETF国泰,1.299,1.3024,0.26,-0.001,-0.08,18827.0,2440672.7,1.296,1.302,1.29,1.3,0.92,1.23,1.8,7.14,10697.0,8130.0,178942.0,7.33,0.0,0.0,178942.0,7.33,-163890.0,-6.71,-15052.0,-0.62,-19.0,1.299,1.301,152694179.0,198349739,198349739,2026-08-19,2026-08-19 10:38:12+08:00
159302,港股高股息ETF银华,1.322,1.3265,0.34,-0.001,-0.08,29591.0,3902912.6,1.311,1.324,1.311,1.323,0.98,5.45,1.59,1.5,15140.0,14451.0,152212.0,3.9,0.0,0.0,152212.0,3.9,-247236.0,-6.33,95024.0,2.43,208.0,1.321,1.323,54297609.0,71781439,71781439,2026-08-19,2026-08-19 10:38:12+08:00
560120,中证500现金流ETF华夏,1.219,1.2176,-0.11,-0.001,-0.08,141180.0,17193448.0,1.221,1.222,1.215,1.22,0.57,2.45,3.3,-4.1,53136.0,88044.0,568115.0,3.31,1389141.0,8.1,-821026.0,-4.79,-696978.0,-4.06,128863.0,0.75,-297.0,1.219,1.22,576689008.0,702983901,702983901,2026-08-19,2026-08-19 10:37:52+08:00
159588,石油ETF景顺,1.273,1.2733,0.02,-0.001,-0.08,42129.0,5367157.998,1.272,1.279,1.268,1.274,0.86,0.98,0.86,36.9,16290.0,25839.0,375671.0,7.0,-159455.0,-2.97,535126.0,9.97,-405359.0,-7.55,29688.0,0.55,34.0,1.272,1.273,430284864.0,547752632,547752632,2026-08-19,2026-08-19 10:38:06+08:00
515650,消费50ETF富国,1.062,1.0624,0.04,-0.001,-0.09,200787.0,21336771.0,1.066,1.07,1.06,1.063,0.94,0.64,1.04,28.26,98943.0,101844.0,47644.0,0.22,4156034.0,19.48,-4108390.0,-19.25,-404547.0,-1.9,356904.0,1.67,20.0,1.061,1.062,3117184000.0,3310449408,3310449408,2026-08-19,2026-08-19 10:37:56+08:00
513050,中概互联网ETF易方达,1.115,1.1237,0.77,-0.001,-0.09,8668428.0,960952131.0,1.103,1.12,1.101,1.116,1.7,2.55,1.63,-0.29,4413370.0,4255058.0,27236480.0,2.83,34541600.0,3.6,-7305120.0,-0.76,-25391916.0,-2.64,-1835641.0,-0.19,-1308.0,1.115,1.116,33999432704.0,37909367465,37909367465,2026-08-19,2026-08-19 10:38:01+08:00
560070,央企红利ETF汇添富,1.172,1.1722,0.02,-0.001,-0.09,9587.0,1122781.0,1.173,1.174,1.168,1.173,0.51,1.14,2.39,-14.17,4568.0,5019.0,190393.0,16.96,17316.0,1.54,173077.0,15.42,-167338.0,-14.9,-23055.0,-2.05,5.0,1.17,1.172,83862300.0,98286616,98286616,2026-08-19,2026-08-19 10:37:54+08:00
563900,300自由现金流ETF摩根,1.164,1.1647,0.06,-0.001,-0.09,127059.0,14756415.0,1.162,1.167,1.158,1.165,0.77,2.66,2.17,-5.07,67148.0,59911.0,-301106.0,-2.04,33364.0,0.23,-334470.0,-2.27,321731.0,2.18,-20625.0,-0.14,-2.0,1.164,1.165,476965696.0,555188070,555188070,2026-08-19,2026-08-19 10:37:46+08:00
520550,港股红利低波ETF招商,1.098,1.0942,-0.35,-0.001,-0.09,188282.0,20623823.0,1.099,1.099,1.092,1.099,0.64,1.64,1.89,8.91,104348.0,83934.0,-266217.0,-1.29,-95615.0,-0.46,-170602.0,-0.83,-137453.0,-0.67,403671.0,1.96,5.0,1.097,1.098,1149024000.0,1261628352,1261628352,2026-08-19,2026-08-19 10:37:51+08:00
159301,公用事业ETF华夏,0.962,0.9621,0.01,-0.001,-0.1,47241.0,4541223.7,0.963,0.966,0.959,0.963,0.73,3.89,0.68,29.08,22621.0,24620.0,366495.0,8.07,0.0,0.0,366495.0,8.07,-349598.0,-7.7,-16897.0,-0.37,1317.0,0.961,0.962,121458357.0,116842939,116842939,2026-08-19,2026-08-19 10:38:12+08:00
159137,港股通医疗ETF华宝,0.974,0.9736,-0.04,-0.001,-0.1,522572.0,51272827.555,0.975,0.988,0.97,0.975,1.85,32.53,2.41,-13.71,287725.0,234847.0,-4391409.0,-8.56,458019.0,0.89,-4849428.0,-9.46,3369537.0,6.57,1021873.0,1.99,-156.0,0.973,0.975,160632607.0,156456159,156456159,2026-08-19,2026-08-19 10:38:15+08:00
159159,公用事业ETF国投瑞银,1.007,1.0081,0.11,-0.001,-0.1,4715.0,475019.5,1.008,1.012,1.004,1.008,0.79,0.38,0.89,61.71,1435.0,3280.0,46083.0,9.7,-10120.0,-2.13,56203.0,11.83,-97765.0,-20.58,51683.0,10.88,298.0,1.006,1.007,122818582.0,123678312,123678312,2026-08-19,2026-08-19 10:38:09+08:00
561620,化工ETF华泰柏瑞,1.045,1.0408,-0.4,-0.001,-0.1,9975.0,1042750.0,1.036,1.05,1.036,1.046,1.34,2.21,0.38,4.39,6310.0,3665.0,-111962.0,-10.74,0.0,0.0,-111962.0,-10.74,115026.0,11.03,-3064.0,-0.29,-200.0,1.039,1.041,45227000.0,47262215,47262215,2026-08-19,2026-08-19 10:37:50+08:00
513220,中概互联ETF招商,0.967,0.9709,0.4,-0.001,-0.1,135559.0,13044733.0,0.963,0.97,0.958,0.968,1.24,2.61,1.5,-19.24,64373.0,71186.0,1602644.0,12.29,480000.0,3.68,1122644.0,8.61,-1307598.0,-10.02,-295045.0,-2.26,310.0,0.966,0.967,519109408.0,501978798,501978798,2026-08-19,2026-08-19 10:38:01+08:00
159271,恒生ETF鹏华,0.963,0.9655,0.26,-0.001,-0.1,21487.0,2065104.1,0.959,0.964,0.955,0.964,0.93,0.79,0.86,30.33,9931.0,11556.0,437485.0,21.18,25305.0,1.23,412180.0,19.96,-213678.0,-10.35,-223807.0,-10.84,1.0,0.962,0.963,272386736.0,262308427,262308427,2026-08-19,2026-08-19 10:38:09+08:00
159127,港股通红利ETF南方,0.961,0.9646,0.37,-0.001,-0.1,10058.0,964427.898,0.954,0.962,0.954,0.962,0.83,0.61,0.72,14.37,4088.0,5970.0,-75083.0,-7.79,0.0,0.0,-75083.0,-7.79,65890.0,6.83,9192.0,0.95,-3.0,0.961,0.962,165844268.0,159376342,159376342,2026-08-19,2026-08-19 10:38:15+08:00
510060,央企ETF工银,2.62,2.6168,-0.12,-0.003,-0.11,646.0,169699.0,2.624,2.628,2.61,2.623,0.69,0.18,1.81,-11.98,619.0,27.0,-144804.0,-85.33,0.0,0.0,-144804.0,-85.33,110139.0,64.9,34665.0,20.43,20.0,2.61,2.619,34959200.0,91593104,91593104,2026-08-19,2026-08-19 10:37:51+08:00
159126,港股通50ETF南方,0.945,0.9479,0.31,-0.001,-0.11,7548.0,712309.045,0.946,0.948,0.94,0.946,0.85,0.31,0.57,2.28,3830.0,3718.0,104305.0,14.64,7095.0,1.0,97210.0,13.65,-68107.0,-9.56,-36199.0,-5.08,-82.0,0.945,0.946,246616546.0,233052636,233052636,2026-08-19,2026-08-19 10:38:15+08:00
159189,石油ETF华夏,0.902,0.9026,0.07,-0.001,-0.11,81185.0,7334942.4,0.899,0.913,0.899,0.903,1.55,7.24,1.73,6.48,41153.0,40032.0,-124307.0,-1.69,4674.0,0.06,-128981.0,-1.76,-48982.0,-0.67,173288.0,2.36,-1665.0,0.902,0.903,112083187.0,101099035,101099035,2026-08-19,2026-08-19 10:38:15+08:00
520770,恒指港股通ETF建信,0.942,0.9456,0.38,-0.001,-0.11,24548.0,2309539.0,0.955,0.955,0.937,0.943,1.91,1.15,2.96,8.5,18657.0,5891.0,180489.0,7.81,516450.0,22.36,-335961.0,-14.55,-311514.0,-13.49,131025.0,5.67,-2.0,0.942,0.943,214373800.0,201940120,201940120,2026-08-19,2026-08-19 10:37:29+08:00
159699,恒生消费ETF广发,0.896,0.8979,0.21,-0.001,-0.11,19920.0,1782055.9,0.897,0.899,0.892,0.897,0.78,0.39,0.51,7.72,9062.0,10858.0,236240.0,13.26,-67125.0,-3.77,303365.0,17.02,-185594.0,-10.41,-50646.0,-2.84,251.0,0.895,0.896,507164256.0,454419173,454419173,2026-08-19,2026-08-19 10:38:06+08:00
159191,港股通科技ETF易方达,0.942,0.9432,0.13,-0.001,-0.11,16416.0,1544806.4,0.933,0.945,0.933,0.943,1.27,2.28,2.07,-8.22,6006.0,10410.0,145071.0,9.39,548513.0,35.51,-403442.0,-26.12,-157031.0,-10.17,11960.0,0.77,269.0,0.94,0.941,72104851.0,67922770,67922770,2026-08-19,2026-08-19 10:38:15+08:00
159731,石化ETF华夏,0.949,0.9479,-0.12,-0.001,-0.11,314739.0,29949375.2,0.947,0.958,0.942,0.95,1.68,4.18,1.86,26.19,114221.0,200518.0,1335189.0,4.49,508889.0,1.71,826300.0,2.78,-1647356.0,-5.54,312167.0,1.05,2111.0,0.948,0.949,753375808.0,714953642,714953642,2026-08-19,2026-08-19 10:38:06+08:00
513970,恒生消费ETF景顺,0.827,0.8275,0.06,-0.001,-0.12,78618.0,6489675.0,0.825,0.827,0.824,0.828,0.36,0.53,1.05,15.17,35932.0,42686.0,-114405.0,-1.76,955423.0,14.72,-1069828.0,-16.49,10517.0,0.16,103888.0,1.6,2.0,0.826,0.827,1470041008.0,1215723914,1215723914,2026-08-19,2026-08-19 10:37:56+08:00
520700,港股通创新药ETF万家,1.6,1.6051,0.32,-0.002,-0.12,2166558.0,349685331.0,1.6,1.632,1.596,1.602,2.25,45.99,2.27,2.64,1048174.0,1118384.0,6850763.0,1.96,-900245.0,-0.26,7751008.0,2.22,-9383010.0,-2.68,2532247.0,0.72,-34.0,1.6,1.601,471076000.0,753721600,753721600,2026-08-19,2026-08-19 10:37:52+08:00
513660,恒生ETF华夏,1.507,1.5127,0.38,-0.002,-0.13,249646.0,37511588.0,1.499,1.511,1.497,1.509,0.93,1.33,1.34,6.73,97189.0,152457.0,2150773.0,5.73,4837381.0,12.9,-2686608.0,-7.16,569922.0,1.52,-2720694.0,-7.25,-28.0,1.507,1.508,1878000208.0,2830146313,2830146313,2026-08-19,2026-08-19 10:37:57+08:00
159251,港股通科技ETF万家,0.789,0.7902,0.15,-0.001,-0.13,50655.0,3995262.0,0.784,0.792,0.784,0.79,1.01,2.03,0.66,-17.48,29263.0,21392.0,332865.0,8.33,0.0,0.0,332865.0,8.33,-314662.0,-7.88,-18202.0,-0.46,-516.0,0.788,0.789,249787744.0,197082530,197082530,2026-08-19,2026-08-19 10:38:12+08:00
159920,恒生ETF华夏,1.498,1.5014,0.23,-0.002,-0.13,628293.0,93826188.458,1.488,1.502,1.487,1.5,1.0,1.08,1.3,12.62,327008.0,301285.0,3844828.0,4.1,6299516.0,6.71,-2454688.0,-2.62,-901849.0,-0.96,-2942979.0,-3.14,13.0,1.497,1.498,5827559168.0,8729683634,8729683634,2026-08-19,2026-08-19 10:38:03+08:00
159125,港股通科技ETF招商,0.734,0.7363,0.31,-0.001,-0.14,130552.0,9583584.3,0.733,0.737,0.729,0.735,1.09,1.52,1.17,3.66,74859.0,55693.0,694495.0,7.25,388517.0,4.05,305978.0,3.19,-676651.0,-7.06,-17844.0,-0.19,-2300.0,0.734,0.735,859245888.0,630686482,630686482,2026-08-19,2026-08-19 10:38:15+08:00
513750,港股通非银ETF广发,1.467,1.4751,0.55,-0.002,-0.14,2892515.0,424063122.0,1.464,1.472,1.462,1.469,0.68,3.36,2.77,36.67,865981.0,2026534.0,-8490186.0,-2.0,-88231619.0,-20.81,79741433.0,18.8,9474376.0,2.23,-984190.0,-0.23,-19.0,1.467,1.468,8616837888.0,12640901182,12640901182,2026-08-19,2026-08-19 10:37:57+08:00
159545,恒生红利低波ETF易方达,1.307,1.3088,0.14,-0.002,-0.15,222138.0,28952874.1,1.307,1.309,1.299,1.309,0.76,0.42,1.29,-14.85,99744.0,122394.0,-1295889.0,-4.48,-5147289.0,-17.78,3851400.0,13.3,731432.0,2.53,564458.0,1.95,-1.0,1.306,1.308,5299603712.0,6926582052,6926582052,2026-08-19,2026-08-19 10:38:09+08:00
159726,港股通高股息ETF华夏,1.353,1.3575,0.33,-0.002,-0.15,22255.0,3002668.447,1.355,1.357,1.345,1.355,0.89,0.84,1.0,8.63,8150.0,14105.0,45845.0,1.53,563680.0,18.77,-517835.0,-17.25,-389159.0,-12.96,343316.0,11.43,156.0,1.352,1.353,263911380.0,357072097,357072097,2026-08-19,2026-08-19 10:38:06+08:00
516130,消费龙头ETF华宝,0.681,0.681,0.0,-0.001,-0.15,29910.0,2037488.0,0.682,0.684,0.679,0.682,0.73,0.19,0.62,5.74,11987.0,17923.0,264910.0,13.0,272043.0,13.35,-7133.0,-0.35,-164230.0,-8.06,-100679.0,-4.94,1.0,0.68,0.681,1571890000.0,1070457090,1070457090,2026-08-19,2026-08-19 10:37:54+08:00
562060,标普A股红利ETF华宝,0.61,0.6112,0.2,-0.001,-0.16,312877.0,19102401.0,0.612,0.612,0.609,0.611,0.49,0.61,1.78,7.92,149370.0,163507.0,1970850.0,10.32,530332.0,2.78,1440518.0,7.54,-1875666.0,-9.82,-95185.0,-0.5,-418.0,0.61,0.611,5133792512.0,3131613432,3131613432,2026-08-19,2026-08-19 10:37:45+08:00
513950,恒生红利ETF富国,1.269,1.272,0.24,-0.002,-0.16,153501.0,19423598.0,1.27,1.271,1.26,1.271,0.87,0.62,1.84,5.45,77750.0,75751.0,785128.0,4.04,759600.0,3.91,25528.0,0.13,-1331189.0,-6.85,546059.0,2.81,3707.0,1.269,1.27,2479619008.0,3146636521,3146636521,2026-08-19,2026-08-19 10:37:56+08:00
159220,港股通红利低波ETF华宝,0.579,0.579,0.0,-0.001,-0.17,173341.0,10009241.9,0.579,0.58,0.574,0.58,1.03,3.56,2.96,2.43,106549.0,66792.0,-501126.0,-5.01,866421.0,8.66,-1367547.0,-13.66,469475.0,4.69,31649.0,0.32,160.0,0.578,0.579,487569520.0,282302752,282302752,2026-08-19,2026-08-19 10:38:15+08:00
513990,港股通ETF招商,1.118,1.1237,0.51,-0.002,-0.18,67921.0,7564785.0,1.113,1.119,1.11,1.12,0.8,14.77,2.65,16.77,35986.0,31935.0,192142.0,2.54,60094.0,0.79,132048.0,1.75,-183299.0,-2.42,-8845.0,-0.12,-897.0,1.117,1.119,46000000.0,51428000,51428000,2026-08-19,2026-08-19 10:37:47+08:00
159399,现金流ETF国泰,1.007,1.0078,0.08,-0.002,-0.2,503181.0,50685658.7,1.01,1.01,1.005,1.009,0.5,1.14,1.08,47.6,221694.0,281487.0,-520.0,0.0,4501853.0,8.9,-4502373.0,-8.9,-376109.0,-0.74,376630.0,0.74,1100.0,1.006,1.007,4418194944.0,4449122309,4449122309,2026-08-19,2026-08-19 10:38:09+08:00
513210,恒生ETF易方达,1.509,1.5143,0.35,-0.003,-0.2,9934.0,1496432.0,1.5,1.512,1.5,1.512,0.79,2.26,0.8,9.48,5374.0,4560.0,-24123.0,-1.61,0.0,0.0,-24123.0,-1.61,58992.0,3.94,-34869.0,-2.33,-3.0,1.509,1.511,43942000.0,66308478,66308478,2026-08-19,2026-08-19 10:38:01+08:00
159118,港股通红利低波ETF华夏,0.955,0.9579,0.3,-0.002,-0.21,9421.0,898037.7,0.957,0.963,0.949,0.957,1.46,1.33,1.0,-3.27,5814.0,3607.0,-138224.0,-15.39,0.0,0.0,-138224.0,-15.39,207213.0,23.07,-68988.0,-7.68,378.0,0.955,0.956,70677020.0,67496554,67496554,2026-08-19,2026-08-19 10:38:15+08:00
159143,港股通央企红利ETF平安,0.942,0.9451,0.33,-0.002,-0.21,6285.0,590340.8,0.938,0.942,0.937,0.944,0.53,1.11,1.57,5.2,3298.0,2987.0,124964.0,21.17,0.0,0.0,124964.0,21.17,-81454.0,-13.8,-43510.0,-7.37,99.0,0.942,0.943,56554456.0,53274298,53274298,2026-08-19,2026-08-19 10:38:15+08:00
520610,港股红利低波ETF银华,0.934,0.9372,0.34,-0.002,-0.21,21700.0,2022481.0,0.935,0.935,0.928,0.936,0.75,0.65,2.09,10.82,12937.0,8763.0,-240575.0,-11.9,0.0,0.0,-240575.0,-11.9,43233.0,2.14,197342.0,9.76,1080.0,0.934,0.935,333963008.0,311921449,311921449,2026-08-19,2026-08-19 10:37:52+08:00
520820,恒指港股通ETF汇添富,0.931,0.9356,0.49,-0.002,-0.21,12560.0,1168088.0,0.931,0.932,0.929,0.933,0.32,2.0,8.16,-3.31,10060.0,2500.0,5580.0,0.48,0.0,0.0,5580.0,0.48,0.0,0.0,-5580.0,-0.48,2500.0,0.933,0.934,62682000.0,58356942,58356942,2026-08-19,2026-08-19 10:37:42+08:00
159167,港股通医疗ETF工银,0.96,0.9628,0.29,-0.002,-0.21,437789.0,42334410.623,0.968,0.974,0.956,0.962,1.87,21.09,2.66,-1.01,247047.0,190742.0,-3609309.0,-8.57,1527628.0,3.63,-5136937.0,-12.2,3089095.0,7.33,520213.0,1.24,-2262.0,0.959,0.96,207549164.0,199247197,199247197,2026-08-19,2026-08-19 10:38:15+08:00
520500,恒生创新药ETF华泰柏瑞,1.411,1.4153,0.3,-0.003,-0.21,5351666.0,759848065.0,1.409,1.436,1.403,1.414,2.33,24.53,1.87,-10.17,2591491.0,2760175.0,-3428493.0,-0.45,13065827.0,1.72,-16494320.0,-2.17,8079049.0,1.06,-4650547.0,-0.61,-142.0,1.411,1.412,2181805008.0,3078526866,3078526866,2026-08-19,2026-08-19 10:37:48+08:00
520850,港股通医疗ETF易方达,0.901,0.9047,0.41,-0.002,-0.22,403345.0,36646410.0,0.899,0.917,0.898,0.903,2.1,25.01,2.37,-15.13,204236.0,199110.0,735644.0,2.01,1345626.0,3.67,-609982.0,-1.66,-569910.0,-1.56,-165734.0,-0.45,144.0,0.9,0.901,161249600.0,145285890,145285890,2026-08-19,2026-08-19 10:37:51+08:00
159329,沙特ETF南方,0.904,0.9066,0.29,-0.002,-0.22,97408.0,8817482.6,0.905,0.908,0.904,0.906,0.44,0.81,1.71,3.45,24924.0,72484.0,4538099.0,51.47,1390628.0,15.77,3147471.0,35.7,57444.0,0.65,-4595543.0,-52.12,-134.0,0.904,0.905,1207189184.0,1091299022,1091299022,2026-08-19,2026-08-19 10:38:12+08:00
517990,沪港深医药ETF招商,0.927,0.9286,0.17,-0.002,-0.22,8281.0,769549.0,0.93,0.939,0.924,0.929,1.61,1.73,1.15,-1.66,1227.0,7054.0,167179.0,21.72,0.0,0.0,167179.0,21.72,-145549.0,-18.91,-21631.0,-2.81,-46.0,0.925,0.927,47987900.0,44484783,44484783,2026-08-19,2026-08-19 10:37:30+08:00
510160,产业升级ETF南方,0.895,0.8958,0.09,-0.002,-0.22,361.0,32276.0,0.897,0.897,0.893,0.897,0.45,0.02,0.41,-11.94,23.0,338.0,21901.0,67.86,0.0,0.0,21901.0,67.86,-26820.0,-83.1,4919.0,15.24,22.0,0.894,0.896,192057400.0,171891373,171891373,2026-08-19,2026-08-19 10:37:59+08:00
159520,消费龙头ETF工银,0.918,0.9185,0.05,-0.002,-0.22,69124.0,6348168.0,0.92,0.924,0.916,0.92,0.87,4.45,3.01,3.11,35206.0,33918.0,-291310.0,-4.59,223039.0,3.51,-514349.0,-8.1,265932.0,4.19,25378.0,0.4,-1200.0,0.917,0.918,155177649.0,142453082,142453082,2026-08-19,2026-08-19 10:38:09+08:00
159798,消费ETF易方达,0.851,0.852,0.12,-0.002,-0.23,72108.0,6146307.9,0.856,0.858,0.85,0.853,0.94,3.89,1.55,3.17,30670.0,41438.0,306754.0,4.99,1547722.0,25.18,-1240968.0,-20.19,-342278.0,-5.57,35525.0,0.58,-127.0,0.851,0.852,185245390.0,157643827,157643827,2026-08-19,2026-08-19 10:38:06+08:00
510630,消费ETF华夏,0.819,0.8193,0.04,-0.002,-0.24,204127.0,16794179.0,0.822,0.829,0.819,0.821,1.22,3.6,1.4,4.51,103004.0,101123.0,1008513.0,6.01,1950915.0,11.63,-942402.0,-5.62,-749730.0,-4.47,-258784.0,-1.54,-160.0,0.819,0.82,567361504.0,464669072,464669072,2026-08-19,2026-08-19 10:38:02+08:00
563990,800现金流ETF富国,1.253,1.2522,-0.06,-0.003,-0.24,7910.0,989426.0,1.247,1.254,1.247,1.256,0.56,0.25,0.49,2.92,4028.0,3882.0,-63859.0,-6.45,-626.0,-0.06,-63233.0,-6.39,10977.0,1.11,52882.0,5.34,2.0,1.25,1.252,310573008.0,389147979,389147979,2026-08-19,2026-08-19 10:37:31+08:00
563680,800现金流ETF汇添富,1.199,1.1992,0.02,-0.003,-0.25,28070.0,3362852.0,1.194,1.201,1.194,1.202,0.58,2.6,2.56,0.81,8736.0,19334.0,10989.0,0.33,270217.0,8.04,-259228.0,-7.71,-6745.0,-0.2,-4244.0,-0.13,-2669.0,1.198,1.199,107959000.0,129442841,129442841,2026-08-19,2026-08-19 10:37:47+08:00
159229,自由现金流ETF广发,1.21,1.2093,-0.06,-0.003,-0.25,12656.0,1528001.9,1.21,1.21,1.205,1.213,0.41,0.86,1.05,25.27,1106.0,11550.0,114604.0,7.5,232604.0,15.22,-118000.0,-7.72,-93833.0,-6.14,-20772.0,-1.36,1058.0,1.207,1.209,147556022.0,178542787,178542787,2026-08-19,2026-08-19 10:38:12+08:00
159233,自由现金流ETF平安,1.197,1.1967,-0.03,-0.003,-0.25,188742.0,22608046.5,1.198,1.2,1.194,1.2,0.5,2.93,2.91,-20.18,137558.0,51184.0,755384.0,3.34,-749449.0,-3.31,1504833.0,6.66,-355151.0,-1.57,-400233.0,-1.77,-19.0,1.197,1.198,644623424.0,771614239,771614239,2026-08-19,2026-08-19 10:38:09+08:00
517090,央企共赢ETF国泰,1.585,1.5846,-0.03,-0.004,-0.25,5108.0,807382.0,1.578,1.585,1.577,1.589,0.5,0.91,0.5,-5.28,3036.0,2072.0,-317.0,-0.04,0.0,0.0,-317.0,-0.04,991.0,0.12,-675.0,-0.08,10.0,1.583,1.584,56075000.0,88878875,88878875,2026-08-19,2026-08-19 10:37:53+08:00
517880,品牌消费ETF华泰柏瑞,0.753,0.7563,0.44,-0.002,-0.26,15965.0,1200174.0,0.755,0.756,0.748,0.755,1.06,2.99,1.05,2.41,6463.0,9502.0,110708.0,9.22,0.0,0.0,110708.0,9.22,-105630.0,-8.8,-5078.0,-0.42,2012.0,0.752,0.753,53337100.0,40162836,40162836,2026-08-19,2026-08-19 10:37:50+08:00
159101,港股通科技ETF华夏,0.758,0.76,0.26,-0.002,-0.26,830750.0,62921989.676,0.754,0.761,0.751,0.76,1.32,2.8,1.58,1.16,444318.0,386432.0,1662336.0,2.64,1163330.0,1.85,499006.0,0.79,-627756.0,-1.0,-1034581.0,-1.64,-6718.0,0.757,0.758,2968311456.0,2249980084,2249980084,2026-08-19,2026-08-19 10:38:18+08:00
159209,红利质量ETF招商,1.147,1.1448,-0.19,-0.003,-0.26,336508.0,38594630.3,1.146,1.15,1.143,1.15,0.61,1.55,1.79,1.11,135794.0,200714.0,-5215921.0,-13.51,-1680914.0,-4.36,-3535007.0,-9.16,4884196.0,12.66,331724.0,0.86,1.0,1.146,1.147,2169635056.0,2488571409,2488571409,2026-08-19,2026-08-19 10:38:15+08:00
159366,港股医疗ETF永赢,1.459,1.4527,-0.43,-0.004,-0.27,1020890.0,150052780.4,1.464,1.481,1.454,1.463,1.85,40.78,2.12,-27.54,513691.0,507199.0,-4561170.0,-3.04,-2122155.0,-1.41,-2439015.0,-1.63,1076308.0,0.72,3484862.0,2.32,525.0,1.458,1.459,250333072.0,365235952,365235952,2026-08-19,2026-08-19 10:38:09+08:00
159128,港股科技ETF天弘,0.744,0.7457,0.23,-0.002,-0.27,218774.0,16255355.382,0.746,0.747,0.74,0.746,0.94,1.14,1.23,3.3,98874.0,119900.0,49812.0,0.31,8066.0,0.05,41746.0,0.26,-175608.0,-1.08,125795.0,0.77,300.0,0.743,0.744,1912760848.0,1423094071,1423094071,2026-08-19,2026-08-19 10:38:15+08:00
563620,全指现金流ETF兴业,1.082,1.081,-0.09,-0.003,-0.28,5673.0,613855.0,1.079,1.083,1.079,1.085,0.37,1.11,0.75,-2.45,3362.0,2311.0,47825.0,7.79,0.0,0.0,47825.0,7.79,-50314.0,-8.2,2489.0,0.41,2500.0,1.081,1.082,51049000.0,55235018,55235018,2026-08-19,2026-08-19 10:37:47+08:00
561630,红利质量ETF华泰柏瑞,1.042,1.0418,-0.02,-0.003,-0.29,5300.0,551490.0,1.043,1.044,1.039,1.045,0.48,1.11,0.32,-6.02,5158.0,142.0,49680.0,9.01,0.0,0.0,49680.0,9.01,-51950.0,-9.42,2270.0,0.41,1000.0,1.04,1.041,47898000.0,49909716,49909716,2026-08-19,2026-08-19 10:37:49+08:00
520660,港股通央企红利ETF南方,0.981,0.9827,0.17,-0.003,-0.3,259635.0,25358106.0,0.98,0.981,0.973,0.984,0.81,1.06,1.64,7.23,119362.0,140273.0,399758.0,1.58,3067242.0,12.1,-2667484.0,-10.52,-805814.0,-3.18,406055.0,1.6,4720.0,0.98,0.981,2438485504.0,2392154279,2392154279,2026-08-19,2026-08-19 10:37:53+08:00
520900,港股通红利ETF广发,0.986,0.9879,0.19,-0.003,-0.3,366986.0,36088624.0,0.987,0.987,0.979,0.989,0.81,2.34,2.42,15.7,190949.0,176037.0,25691.0,0.07,-774151.0,-2.15,799842.0,2.22,-184942.0,-0.51,159250.0,0.44,1.0,0.985,0.986,1565675008.0,1543755558,1543755558,2026-08-19,2026-08-19 10:37:52+08:00
520940,港股通恒生ETF华安,1.01,1.0113,0.13,-0.003,-0.3,24240.0,2443331.0,1.016,1.096,1.0,1.013,9.48,10.87,1.95,-16.33,13416.0,10824.0,-45797.0,-1.87,0.0,0.0,-45797.0,-1.87,67622.0,2.77,-21825.0,-0.89,-1632.0,1.01,1.011,22297000.0,22519970,22519970,2026-08-19,2026-08-19 10:37:54+08:00
159158,电力ETF景顺,0.99,0.9922,0.22,-0.003,-0.3,169175.0,16765136.045,0.994,0.998,0.988,0.993,1.01,1.85,1.87,45.34,70419.0,98756.0,-1188968.0,-7.09,1853021.0,11.05,-3041989.0,-18.14,145837.0,0.87,1043131.0,6.22,-236.0,0.99,0.991,914035344.0,904894991,904894991,2026-08-19,2026-08-19 10:38:15+08:00
560250,红利质量ETF富国,0.997,0.9958,-0.12,-0.003,-0.3,1940.0,193218.0,0.996,0.997,0.994,1.0,0.3,0.12,0.25,-1.3,77.0,1863.0,181256.0,93.81,0.0,0.0,181256.0,93.81,-184250.0,-95.36,2994.0,1.55,-500.0,0.995,0.997,157333000.0,156861001,156861001,2026-08-19,2026-08-19 10:37:28+08:00
159711,港股通50ETF华夏,1.337,1.339,0.15,-0.004,-0.3,306394.0,40899819.2,1.341,1.341,1.328,1.341,0.97,100.57,5.41,-12.82,148472.0,157922.0,1105130.0,2.7,-4017.0,-0.01,1109147.0,2.71,-882251.0,-2.16,-222880.0,-0.54,-7.0,1.337,1.338,30465157.0,40731915,40731915,2026-08-19,2026-08-19 10:38:06+08:00
520990,港股央企红利ETF景顺,0.975,0.9773,0.24,-0.003,-0.31,258145.0,25100691.0,0.977,0.977,0.968,0.978,0.92,0.77,1.23,12.13,112671.0,145474.0,-1464325.0,-5.83,-295330.0,-1.18,-1168995.0,-4.66,1199080.0,4.78,265245.0,1.06,1.0,0.974,0.976,3369470496.0,3285233734,3285233734,2026-08-19,2026-08-19 10:37:52+08:00
563960,300质量ETF兴全,0.969,0.9703,0.13,-0.003,-0.31,15638.0,1518341.0,0.971,0.972,0.969,0.972,0.31,0.43,3.46,-4.05,5789.0,9849.0,1065287.0,70.16,0.0,0.0,1065287.0,70.16,-562417.0,-37.04,-502870.0,-33.12,-993.0,0.968,0.97,364512000.0,353212128,353212128,2026-08-19,2026-08-19 10:37:46+08:00
560620,公用事业ETF万家,0.946,0.9482,0.23,-0.003,-0.32,1329.0,125712.0,0.949,0.949,0.944,0.949,0.53,0.49,1.5,-6.03,50.0,1279.0,107639.0,85.62,0.0,0.0,107639.0,85.62,-60624.0,-48.22,-47015.0,-37.4,-36.0,0.946,0.949,26867000.0,25416182,25416182,2026-08-19,2026-08-19 10:37:38+08:00
515460,红利质量ETF南方,0.915,0.9155,0.05,-0.003,-0.33,58874.0,5390541.0,0.919,0.922,0.912,0.918,1.09,1.97,1.67,11.01,26347.0,32527.0,-208432.0,-3.87,222833.0,4.13,-431265.0,-8.0,186183.0,3.45,22248.0,0.41,-2500.0,0.914,0.916,299091008.0,273668272,273668272,2026-08-19,2026-08-19 10:37:57+08:00
563780,现金流全指ETF方正富邦,1.22,1.219,-0.08,-0.004,-0.33,12955.0,1580083.0,1.219,1.222,1.218,1.224,0.33,0.51,2.04,-24.59,5708.0,7247.0,173281.0,10.97,0.0,0.0,173281.0,10.97,-114764.0,-7.26,-58515.0,-3.7,314.0,1.218,1.219,252027100.0,307473062,307473062,2026-08-19,2026-08-19 10:37:46+08:00
159195,石油ETF华安,0.916,0.9166,0.07,-0.003,-0.33,16044.0,1471884.23,0.92,0.928,0.911,0.919,1.85,2.1,0.44,-4.63,11001.0,5043.0,178160.0,12.1,-2598.0,-0.18,180758.0,12.28,-166279.0,-11.3,-11880.0,-0.81,-6.0,0.916,0.917,76490164.0,70064990,70064990,2026-08-19,2026-08-19 10:38:15+08:00
561080,全指现金流ETF华安,1.191,1.1902,-0.07,-0.004,-0.33,6396.0,760992.0,1.187,1.192,1.187,1.195,0.42,2.64,1.46,7.66,1867.0,4529.0,101088.0,13.28,-219144.0,-28.8,320232.0,42.08,-88492.0,-11.63,-12597.0,-1.66,-1840.0,1.189,1.191,24250000.0,28881750,28881750,2026-08-19,2026-08-19 10:37:53+08:00
513920,港股通央企红利ETF华安,1.531,1.5354,0.29,-0.005,-0.33,207583.0,31704180.0,1.535,1.535,1.522,1.536,0.85,0.8,1.66,-4.69,117026.0,90557.0,-20178.0,-0.06,-2342891.0,-7.39,2322713.0,7.33,-312865.0,-0.99,333041.0,1.05,-20.0,1.53,1.532,2610731008.0,3997029173,3997029173,2026-08-19,2026-08-19 10:37:57+08:00
560370,红利质量ETF易方达,0.904,0.9019,-0.23,-0.003,-0.33,16723.0,1507919.0,0.903,0.904,0.9,0.907,0.44,1.09,3.66,41.51,7893.0,8830.0,75616.0,5.01,225000.0,14.92,-149384.0,-9.91,-73248.0,-4.86,-2367.0,-0.16,1.0,0.902,0.903,153084000.0,138387936,138387936,2026-08-19,2026-08-19 10:37:54+08:00
159232,自由现金流ETF南方,1.2,1.1988,-0.1,-0.004,-0.33,513581.0,61647259.5,1.201,1.206,1.197,1.204,0.75,2.42,1.27,-3.06,241078.0,272503.0,-13344622.0,-21.65,-1914660.0,-3.11,-11429962.0,-18.54,9254087.0,15.01,4090535.0,6.64,1660.0,1.199,1.2,2122948560.0,2547538272,2547538272,2026-08-19,2026-08-19 10:38:12+08:00
512040,价值ETF富国,1.222,1.2221,0.01,-0.004,-0.33,711145.0,87025781.0,1.225,1.228,1.22,1.226,0.65,1.68,1.57,7.45,304584.0,406561.0,-14996308.0,-17.23,-10868749.0,-12.49,-4127559.0,-4.74,13615938.0,15.65,1380370.0,1.59,-50.0,1.222,1.223,4238715904.0,5179710835,5179710835,2026-08-19,2026-08-19 10:38:00+08:00
159199,石油ETF平安,0.91,0.9123,0.25,-0.003,-0.33,2402.0,219104.021,0.913,0.913,0.908,0.913,0.55,0.36,1.1,-12.25,1965.0,437.0,16386.0,7.48,0.0,0.0,16386.0,7.48,-6389.0,-2.92,-9998.0,-4.56,-1.0,0.91,0.911,66154938.0,60200994,60200994,2026-08-19,2026-08-19 10:38:15+08:00
562390,中药ETF银华,0.892,0.8908,-0.13,-0.003,-0.34,13004.0,1165367.0,0.892,0.899,0.89,0.895,1.01,1.64,2.29,1.12,9371.0,3633.0,-167854.0,-14.4,-381526.0,-32.74,213672.0,18.34,66152.0,5.68,101702.0,8.73,5.0,0.89,0.891,79429000.0,70850668,70850668,2026-08-19,2026-08-19 10:37:50+08:00
159201,自由现金流ETF华夏,1.181,1.1808,-0.02,-0.004,-0.34,637390.0,75272150.836,1.183,1.184,1.178,1.185,0.51,0.46,1.01,25.24,282569.0,354821.0,-9646223.0,-12.82,259533.0,0.34,-9905756.0,-13.16,7597756.0,10.09,2048467.0,2.72,44.0,1.18,1.181,14000275968.0,16534325918,16534325918,2026-08-19,2026-08-19 10:38:15+08:00
159787,建材ETF易方达,0.595,0.595,0.0,-0.002,-0.34,13605.0,810418.2,0.595,0.598,0.591,0.597,1.17,0.99,1.79,20.53,7042.0,6563.0,-121097.0,-14.94,0.0,0.0,-121097.0,-14.94,114305.0,14.1,6792.0,0.84,-777.0,0.594,0.595,138021633.0,82122872,82122872,2026-08-19,2026-08-19 10:38:06+08:00
159221,现金流ETF嘉实,1.172,1.1715,-0.04,-0.004,-0.34,132226.0,15500609.152,1.176,1.176,1.169,1.176,0.6,1.12,1.92,34.71,41712.0,90515.0,643951.0,4.15,2741080.0,17.68,-2097129.0,-13.53,-791201.0,-5.1,147249.0,0.95,-457.0,1.171,1.172,1177013232.0,1379459508,1379459508,2026-08-19,2026-08-19 10:38:12+08:00
563760,全指现金流ETF中银,1.174,1.1731,-0.08,-0.004,-0.34,643730.0,75618886.0,1.173,1.177,1.17,1.178,0.59,8.45,2.81,1.47,328199.0,315531.0,-30567.0,-0.04,478488.0,0.63,-509055.0,-0.67,-225138.0,-0.3,255705.0,0.34,3390.0,1.173,1.174,761913200.0,894486097,894486097,2026-08-19,2026-08-19 10:37:47+08:00
516020,化工ETF华宝,0.87,0.8696,-0.05,-0.003,-0.34,739307.0,64523353.0,0.865,0.879,0.861,0.873,2.06,2.11,2.74,9.26,319344.0,419963.0,3970069.0,6.15,5676934.0,8.8,-1706865.0,-2.65,-3477750.0,-5.39,-492318.0,-0.76,50.0,0.869,0.87,3504326208.0,3048763801,3048763801,2026-08-19,2026-08-19 10:37:54+08:00
563830,全指现金流ETF博时,1.17,1.1712,0.1,-0.004,-0.34,53238.0,6228793.0,1.167,1.173,1.167,1.174,0.51,3.78,11.32,5.64,14083.0,39155.0,-33269.0,-0.53,499934.0,8.03,-533203.0,-8.56,-3281.0,-0.05,36550.0,0.59,-200.0,1.169,1.17,140896000.0,164848320,164848320,2026-08-19,2026-08-19 10:37:48+08:00
561170,绿色电力ETF富国,1.133,1.1337,0.06,-0.004,-0.35,100808.0,11419664.0,1.136,1.139,1.128,1.137,0.97,1.8,0.99,6.46,48431.0,52377.0,157243.0,1.38,754870.0,6.61,-597627.0,-5.23,-540869.0,-4.74,383625.0,3.36,60.0,1.132,1.133,561032704.0,635650054,635650054,2026-08-19,2026-08-19 10:37:53+08:00
159223,现金流ETF永赢,1.139,1.1392,0.02,-0.004,-0.35,28399.0,3234613.4,1.142,1.142,1.137,1.143,0.44,1.56,1.64,0.93,11821.0,16578.0,358044.0,11.07,0.0,0.0,358044.0,11.07,-340726.0,-10.53,-17318.0,-0.54,414.0,1.137,1.138,181844755.0,207121176,207121176,2026-08-19,2026-08-19 10:38:12+08:00
520620,恒生消费ETF嘉实,0.821,0.8222,0.15,-0.003,-0.36,12570.0,1030697.0,0.819,0.822,0.818,0.824,0.49,0.41,2.01,2.83,6447.0,6123.0,-35271.0,-3.42,0.0,0.0,-35271.0,-3.42,57417.0,5.57,-22147.0,-2.15,1.0,0.82,0.821,306409008.0,251561796,251561796,2026-08-19,2026-08-19 10:37:53+08:00
513620,港股医疗ETF银华,1.1,1.1051,0.46,-0.004,-0.36,122913.0,13649220.0,1.104,1.118,1.099,1.104,1.72,17.02,1.31,-15.77,57716.0,65197.0,630686.0,4.62,310129.0,2.27,320557.0,2.35,-471970.0,-3.46,-158716.0,-1.16,-1710.0,1.1,1.102,72216000.0,79437600,79437600,2026-08-19,2026-08-19 10:37:57+08:00
560580,电力ETF南方,1.09,1.0922,0.2,-0.004,-0.37,39237.0,4280205.0,1.091,1.099,1.088,1.094,1.01,0.83,1.2,12.65,12299.0,26938.0,23263.0,0.54,-549.0,-0.01,23812.0,0.56,-170828.0,-3.99,147566.0,3.45,-34.0,1.09,1.092,471003008.0,513393279,513393279,2026-08-19,2026-08-19 10:37:50+08:00
159129,化工ETF嘉实,1.08,1.0788,-0.11,-0.004,-0.37,64486.0,6995645.3,1.075,1.092,1.071,1.084,1.94,0.56,1.3,-21.59,27075.0,37411.0,723052.0,10.34,0.0,0.0,723052.0,10.34,-563931.0,-8.06,-159120.0,-2.27,1.0,1.079,1.08,1154906592.0,1247299119,1247299119,2026-08-19,2026-08-19 10:38:15+08:00
159636,港股通科技30ETF工银,0.535,0.5365,0.28,-0.002,-0.37,1779498.0,95062994.3,0.532,0.538,0.531,0.537,1.3,0.8,1.12,27.37,939569.0,839929.0,1320551.0,1.39,3197451.0,3.36,-1876900.0,-1.97,-743550.0,-0.78,-577001.0,-0.61,37.0,0.534,0.535,22318501120.0,11940398099,11940398099,2026-08-19,2026-08-19 10:38:06+08:00
526010,港股通医疗ETF汇添富,1.037,1.0431,0.58,-0.004,-0.38,82868.0,8666674.0,1.041,1.055,1.037,1.041,1.73,15.5,2.28,-4.41,44456.0,38412.0,447618.0,5.16,0.0,0.0,447618.0,5.16,-528561.0,-6.1,80943.0,0.93,-100.0,1.037,1.039,53458000.0,55435946,55435946,2026-08-19,2026-08-19 10:37:53+08:00
159087,化工ETF万家,1.048,1.048,0.0,-0.004,-0.38,27036.0,2840595.138,1.053,1.057,1.045,1.052,1.14,4.83,1.37,23.47,20669.0,6367.0,441754.0,15.55,575988.0,20.28,-134234.0,-4.73,-335586.0,-11.81,-106168.0,-3.74,-40.0,1.045,1.047,55992150.0,58679773,58679773,2026-08-19,2026-08-19 10:38:09+08:00
513170,恒生央企ETF鹏华,1.57,1.5746,0.29,-0.006,-0.38,8492.0,1329697.0,1.569,1.574,1.562,1.576,0.76,0.42,1.7,18.19,3144.0,5348.0,186031.0,13.99,0.0,0.0,186031.0,13.99,-220186.0,-16.56,34156.0,2.57,-1.0,1.569,1.571,201573000.0,316469610,316469610,2026-08-19,2026-08-19 10:38:00+08:00
561960,央企回报ETF招商,1.271,1.2715,0.04,-0.005,-0.39,1659.0,210620.0,1.273,1.273,1.268,1.276,0.39,0.29,1.78,25.82,843.0,816.0,20094.0,9.54,102201.0,48.52,-82107.0,-38.98,240.0,0.11,-20334.0,-9.65,-808.0,1.269,1.271,57385200.0,72936589,72936589,2026-08-19,2026-08-19 10:37:50+08:00
159059,电力ETF大成,1.014,1.0142,0.02,-0.004,-0.39,12560.0,1272871.377,1.018,1.018,1.01,1.018,0.79,2.1,0.51,7.23,6226.0,6334.0,49060.0,3.85,0.0,0.0,49060.0,3.85,-47106.0,-3.7,-1955.0,-0.15,100.0,1.012,1.014,59830063.0,60667684,60667684,2026-08-19,2026-08-19 10:38:09+08:00
159225,现金流ETF银华,1.241,1.2408,-0.02,-0.005,-0.4,18753.0,2327145.3,1.24,1.243,1.239,1.246,0.32,0.71,1.95,-3.39,7281.0,11472.0,-229506.0,-9.86,0.0,0.0,-229506.0,-9.86,249448.0,10.72,-19942.0,-0.86,-40.0,1.24,1.241,264744804.0,328548302,328548302,2026-08-19,2026-08-19 10:38:12+08:00
159119,800现金流ETF招商,0.977,0.9777,0.07,-0.004,-0.41,20322.0,1984528.4,0.981,0.981,0.975,0.981,0.61,1.31,1.23,-0.57,11729.0,8593.0,-523379.0,-26.37,-2350.0,-0.12,-521029.0,-26.25,330938.0,16.68,192441.0,9.7,-44.0,0.977,0.978,155054229.0,151487982,151487982,2026-08-19,2026-08-19 10:38:15+08:00
563390,全指现金流ETF华泰柏瑞,1.222,1.22,-0.16,-0.005,-0.41,351035.0,42928537.0,1.227,1.227,1.22,1.227,0.57,1.7,2.95,4.54,140495.0,210540.0,657585.0,1.53,-22970041.0,-53.51,23627626.0,55.04,-877868.0,-2.04,220282.0,0.51,1629.0,1.221,1.222,2062344000.0,2520184368,2520184368,2026-08-19,2026-08-19 10:37:47+08:00
159236,自由现金流ETF工银,1.201,1.2021,0.09,-0.005,-0.41,24689.0,2966688.5,1.202,1.203,1.199,1.206,0.33,5.92,2.93,0.1,15450.0,9239.0,246905.0,8.32,0.0,0.0,246905.0,8.32,-230693.0,-7.78,-16212.0,-0.55,-569.0,1.2,1.201,41722161.0,50108315,50108315,2026-08-19,2026-08-19 10:38:09+08:00
520580,新兴亚洲ETF招商,0.95,0.9601,1.05,-0.004,-0.42,11420.0,1082484.0,0.943,0.954,0.943,0.954,1.15,0.39,1.56,-3.43,5115.0,6305.0,-24859.0,-2.3,0.0,0.0,-24859.0,-2.3,-25298.0,-2.34,50156.0,4.63,-100.0,0.95,0.951,290983904.0,276434709,276434709,2026-08-19,2026-08-19 10:37:41+08:00
560700,央企红利ETF广发,1.198,1.1977,-0.03,-0.005,-0.42,31711.0,3803011.0,1.203,1.203,1.195,1.203,0.67,0.7,1.87,22.87,11138.0,20573.0,361683.0,9.51,243986.0,6.42,117697.0,3.09,-161175.0,-4.24,-200509.0,-5.27,-1100.0,1.198,1.199,453536896.0,543337201,543337201,2026-08-19,2026-08-19 10:37:50+08:00
561510,中药ETF华泰柏瑞,0.959,0.9596,0.06,-0.004,-0.42,19516.0,1879862.0,0.963,0.968,0.958,0.963,1.04,2.95,3.04,7.89,14935.0,4581.0,56817.0,3.02,821407.0,43.7,-764590.0,-40.67,-69924.0,-3.72,13107.0,0.7,-2200.0,0.958,0.96,66206000.0,63491554,63491554,2026-08-19,2026-08-19 10:37:50+08:00
562960,绿色电力ETF易方达,1.129,1.13,0.09,-0.005,-0.44,131195.0,14807006.0,1.13,1.136,1.126,1.134,0.88,1.03,1.35,15.59,73097.0,58098.0,635567.0,4.29,1357260.0,9.17,-721693.0,-4.87,-537626.0,-3.63,-97940.0,-0.66,-40.0,1.129,1.13,1274391008.0,1438787448,1438787448,2026-08-19,2026-08-19 10:37:49+08:00
512140,电力ETF华安,0.908,0.9098,0.2,-0.004,-0.44,42843.0,3887337.0,0.912,0.912,0.906,0.912,0.66,2.86,1.36,21.28,14269.0,28574.0,353621.0,9.1,751542.0,19.33,-397921.0,-10.24,-406388.0,-10.45,52766.0,1.36,-1.0,0.908,0.909,150049000.0,136244492,136244492,2026-08-19,2026-08-19 10:38:01+08:00
562550,绿电ETF华夏,1.126,1.127,0.09,-0.005,-0.44,394561.0,44410915.0,1.13,1.132,1.122,1.131,0.88,2.48,1.73,8.79,170281.0,224280.0,740780.0,1.67,5550359.0,12.5,-4809579.0,-10.83,-1300092.0,-2.93,582734.0,1.31,-255.0,1.126,1.127,1590419296.0,1790812127,1790812127,2026-08-19,2026-08-19 10:37:49+08:00
561700,电力ETF博时,1.093,1.0947,0.16,-0.005,-0.46,14625.0,1598881.0,1.093,1.101,1.09,1.098,1.0,0.41,0.58,4.59,6634.0,7991.0,128030.0,8.01,1537.0,0.1,126493.0,7.91,-259301.0,-16.22,131271.0,8.21,-182.0,1.093,1.094,355313600.0,388357765,388357765,2026-08-19,2026-08-19 10:37:49+08:00
562350,电力ETF银华,1.086,1.0879,0.17,-0.005,-0.46,28426.0,3089869.0,1.09,1.094,1.083,1.091,1.01,2.01,0.71,7.94,10354.0,18072.0,-536196.0,-17.35,0.0,0.0,-536196.0,-17.35,397828.0,12.88,138368.0,4.48,-200.0,1.086,1.087,141410900.0,153572237,153572237,2026-08-19,2026-08-19 10:37:48+08:00
561790,央企能源ETF博时,1.261,1.261,0.0,-0.006,-0.47,484.0,60930.0,1.258,1.261,1.256,1.267,0.39,0.08,0.12,-0.73,8.0,476.0,7798.0,12.8,0.0,0.0,7798.0,12.8,505.0,0.83,-8303.0,-13.63,-4.0,1.26,1.262,57834000.0,72928674,72928674,2026-08-19,2026-08-19 10:37:48+08:00
159222,自由现金流ETF易方达,1.263,1.2635,0.04,-0.006,-0.47,458111.0,57922963.0,1.266,1.267,1.261,1.269,0.47,2.75,2.0,55.32,206214.0,251897.0,8378417.0,14.46,16584620.0,28.63,-8206203.0,-14.17,-6809553.0,-11.76,-1568864.0,-2.71,-503.0,1.263,1.264,1665370400.0,2103362815,2103362815,2026-08-19,2026-08-19 10:38:12+08:00
158006,化工ETF博时,1.035,1.0326,-0.23,-0.005,-0.48,32151.0,3325579.072,1.038,1.042,1.031,1.04,1.06,8.68,7.93,5.25,2100.0,30051.0,324230.0,9.75,706749.0,21.25,-382519.0,-11.5,-241331.0,-7.26,-82898.0,-2.49,-1300.0,1.032,1.033,37046012.0,38342622,38342622,2026-08-19,2026-08-19 10:38:09+08:00
159109,恒生50ETF景顺,0.826,0.8288,0.34,-0.004,-0.48,33453.0,2758497.222,0.824,0.83,0.821,0.83,1.08,0.55,0.88,21.91,16261.0,17192.0,464097.0,16.82,553724.0,20.07,-89627.0,-3.25,-118507.0,-4.3,-345591.0,-12.53,-7.0,0.826,0.827,607163856.0,501517345,501517345,2026-08-19,2026-08-19 10:38:15+08:00
159510,沪深300价值ETF华夏,1.256,1.2575,0.12,-0.006,-0.48,17143.0,2154463.5,1.259,1.259,1.255,1.262,0.32,2.55,2.01,16.55,10370.0,6773.0,55822.0,2.59,0.0,0.0,55822.0,2.59,-50586.0,-2.35,-5236.0,-0.24,1000.0,1.255,1.256,67128342.0,84313198,84313198,2026-08-19,2026-08-19 10:38:06+08:00
159093,化工ETF汇添富,1.044,1.0446,0.06,-0.005,-0.48,6402.0,671641.3,1.039,1.051,1.037,1.049,1.33,1.7,0.3,-7.7,2421.0,3981.0,22019.0,3.28,0.0,0.0,22019.0,3.28,2607.0,0.39,-24626.0,-3.67,-100.0,1.042,1.044,37681470.0,39339455,39339455,2026-08-19,2026-08-19 10:38:12+08:00
159611,电力ETF广发,1.033,1.0348,0.17,-0.005,-0.48,1938884.0,200464670.172,1.037,1.04,1.03,1.038,0.96,1.99,1.53,53.22,811536.0,1127348.0,-6289293.0,-3.14,8554443.0,4.27,-14843736.0,-7.4,-1803177.0,-0.9,8092471.0,4.04,-294.0,1.033,1.034,9726362880.0,10047332855,10047332855,2026-08-19,2026-08-19 10:38:06+08:00
562330,中证500价值ETF银华,1.244,1.2461,0.17,-0.006,-0.48,8921.0,1113107.0,1.254,1.254,1.244,1.25,0.8,8.1,1.67,0.13,4671.0,4250.0,-246329.0,-22.13,0.0,0.0,-246329.0,-22.13,108204.0,9.72,138125.0,12.41,-2040.0,1.244,1.245,11018900.0,13707512,13707512,2026-08-19,2026-08-19 10:37:50+08:00
561560,电力ETF华泰柏瑞,1.255,1.2567,0.14,-0.006,-0.48,207938.0,26106707.0,1.26,1.263,1.251,1.261,0.95,1.03,1.34,20.18,79364.0,128574.0,2668522.0,10.22,2974993.0,11.4,-306471.0,-1.17,-4310689.0,-16.51,1642168.0,6.29,-68.0,1.255,1.256,2028624208.0,2545923381,2545923381,2026-08-19,2026-08-19 10:37:49+08:00
159870,化工ETF鹏华,0.814,0.8144,0.05,-0.004,-0.49,1681750.0,137384351.3,0.81,0.824,0.807,0.818,2.08,0.99,1.17,37.0,704313.0,977437.0,8336850.0,6.08,5685176.0,4.15,2651674.0,1.93,-4633057.0,-3.38,-3703794.0,-2.7,-3700.0,0.814,0.815,16984606976.0,13825470078,13825470078,2026-08-19,2026-08-19 10:38:03+08:00
561490,红利质量ETF财通,1.021,1.021,0.0,-0.005,-0.49,24039.0,2451661.0,1.02,1.031,1.018,1.026,1.27,2.46,0.79,13.83,5563.0,18476.0,210766.0,8.6,-14615.0,-0.6,225381.0,9.19,-284222.0,-11.59,73455.0,3.0,0.0,1.019,1.022,97631300.0,99681557,99681557,2026-08-19,2026-08-19 10:37:41+08:00
159235,中证现金流ETF大成,1.225,1.2247,-0.02,-0.006,-0.49,235462.0,28877766.0,1.231,1.231,1.223,1.231,0.65,1.21,1.48,56.42,126128.0,109334.0,338307.0,1.17,7869330.0,27.25,-7531023.0,-26.08,-623181.0,-2.16,284874.0,0.99,-100.0,1.225,1.226,1940729552.0,2377393701,2377393701,2026-08-19,2026-08-19 10:38:12+08:00
159148,石油ETF富国,1.002,1.0025,0.05,-0.005,-0.5,76292.0,7661849.8,1.007,1.01,0.999,1.007,1.09,3.23,1.77,18.72,37620.0,38672.0,252805.0,3.3,-1149061.0,-15.0,1401866.0,18.3,-197416.0,-2.58,-55388.0,-0.72,-82.0,1.002,1.003,236466601.0,236939534,236939534,2026-08-19,2026-08-19 10:38:15+08:00
513090,香港证券ETF易方达,1.809,1.8079,-0.06,-0.009,-0.5,4861313.0,880956127.0,1.807,1.819,1.807,1.818,0.66,4.72,1.21,18.39,2209657.0,2651656.0,-1636016.0,-0.19,-8237040.0,-0.94,6601024.0,0.75,3295089.0,0.37,-1659069.0,-0.19,-50.0,1.809,1.81,10300987904.0,18634487118,18634487118,2026-08-19,2026-08-19 10:37:59+08:00
560080,中药ETF汇添富,0.979,0.9788,-0.02,-0.005,-0.51,231833.0,22793232.0,0.981,0.987,0.978,0.984,0.91,1.05,1.32,9.56,122920.0,108913.0,-323141.0,-1.42,-3396473.0,-14.9,3073332.0,13.48,-302077.0,-1.33,625217.0,2.74,-1.0,0.978,0.979,2202765008.0,2156506943,2156506943,2026-08-19,2026-08-19 10:37:52+08:00
516750,建材ETF富国,0.585,0.5852,0.03,-0.003,-0.51,47423.0,2776374.0,0.585,0.588,0.581,0.588,1.19,3.38,1.09,4.01,24407.0,23016.0,205414.0,7.4,148337.0,5.34,57077.0,2.06,-205007.0,-7.38,-407.0,-0.01,100.0,0.584,0.586,140167300.0,81997871,81997871,2026-08-19,2026-08-19 10:37:55+08:00
517120,创新药ETF华泰柏瑞,0.777,0.7783,0.17,-0.004,-0.51,172078.0,13483102.0,0.783,0.79,0.776,0.781,1.79,2.85,1.77,10.71,74723.0,97355.0,862494.0,6.4,462932.0,3.43,399562.0,2.96,-862905.0,-6.4,409.0,0.0,-149.0,0.777,0.778,602966400.0,468504893,468504893,2026-08-19,2026-08-19 10:37:49+08:00
515990,一带一路ETF汇添富,1.526,1.5226,-0.22,-0.008,-0.52,3090.0,470000.0,1.52,1.526,1.52,1.534,0.39,0.59,0.72,5.16,1504.0,1586.0,1827.0,0.39,241390.0,51.36,-239563.0,-50.97,0.0,0.0,-1827.0,-0.39,1.0,1.521,1.523,52350200.0,79886405,79886405,2026-08-19,2026-08-19 10:37:53+08:00
560450,电力ETF天弘,0.93,0.9305,0.05,-0.005,-0.53,41840.0,3893130.0,0.932,0.937,0.926,0.935,1.18,1.65,0.95,10.92,20081.0,21759.0,-180748.0,-4.64,-654720.0,-16.82,473972.0,12.17,78041.0,2.0,102707.0,2.64,10.0,0.929,0.93,253069000.0,235354170,235354170,2026-08-19,2026-08-19 10:37:54+08:00
560270,电力ETF工银,0.938,0.9385,0.05,-0.005,-0.53,34381.0,3230958.0,0.943,0.947,0.936,0.943,1.17,2.05,1.25,6.27,13462.0,20919.0,-56075.0,-1.74,469500.0,14.53,-525575.0,-16.27,-58488.0,-1.81,114563.0,3.55,-1.0,0.938,0.94,167439000.0,157057782,157057782,2026-08-19,2026-08-19 10:37:42+08:00
159061,绿色电力ETF南方,0.918,0.9168,-0.13,-0.005,-0.54,9263.0,849838.8,0.92,0.926,0.915,0.923,1.19,0.43,0.66,12.86,2804.0,6459.0,-137111.0,-17.59,0.0,0.0,-137111.0,-17.59,-36543.0,-4.69,173653.0,22.27,-764.0,0.918,0.919,217640230.0,199793731,199793731,2026-08-19,2026-08-19 10:38:18+08:00
516370,电力ETF汇添富,0.911,0.9121,0.12,-0.005,-0.55,52893.0,4819805.0,0.916,0.917,0.908,0.916,0.98,1.66,1.21,13.01,21036.0,31857.0,-29082.0,-0.6,399759.0,8.29,-428841.0,-8.9,-474636.0,-9.85,503716.0,10.45,-53.0,0.911,0.912,318408000.0,290069688,290069688,2026-08-19,2026-08-19 10:37:49+08:00
159647,中药ETF鹏华,0.908,0.9093,0.14,-0.005,-0.55,114547.0,10454564.1,0.912,0.917,0.908,0.913,0.99,1.1,1.09,45.38,61410.0,53137.0,1257025.0,12.02,-282753.0,-2.7,1539778.0,14.73,-912095.0,-8.72,-344929.0,-3.3,-250.0,0.908,0.909,1036961760.0,941561278,941561278,2026-08-19,2026-08-19 10:38:03+08:00
560480,电力ETF招商,0.888,0.8885,0.06,-0.005,-0.56,17278.0,1537065.0,0.892,0.894,0.887,0.893,0.78,1.2,0.62,23.97,5425.0,11853.0,-244021.0,-15.88,0.0,0.0,-244021.0,-15.88,-85237.0,-5.55,329257.0,21.42,-50.0,0.888,0.889,144303000.0,128141064,128141064,2026-08-19,2026-08-19 10:37:52+08:00
560830,电力ETF华夏,0.893,0.8938,0.09,-0.005,-0.56,95247.0,8507971.0,0.896,0.899,0.891,0.898,0.89,1.31,1.39,13.21,55888.0,39359.0,-626767.0,-7.37,-2598593.0,-30.54,1971826.0,23.18,307852.0,3.62,318915.0,3.75,-85.0,0.893,0.894,725019008.0,647441974,647441974,2026-08-19,2026-08-19 10:37:50+08:00
159745,建材ETF国泰,0.536,0.5367,0.13,-0.003,-0.56,684338.0,36541419.5,0.539,0.54,0.532,0.539,1.48,5.02,2.89,31.46,286299.0,398039.0,11620235.0,31.8,16294668.0,44.59,-4674433.0,-12.79,-7384546.0,-20.21,-4235689.0,-11.59,-6.0,0.536,0.537,1363688272.0,730936914,730936914,2026-08-19,2026-08-19 10:38:06+08:00
560460,电力ETF平安,0.893,0.8946,0.18,-0.005,-0.56,13111.0,1173142.0,0.898,0.901,0.891,0.898,1.11,0.45,0.72,17.42,4482.0,8629.0,-15652.0,-1.33,0.0,0.0,-15652.0,-1.33,-80088.0,-6.83,95739.0,8.16,-750.0,0.893,0.894,292537008.0,261235548,261235548,2026-08-19,2026-08-19 10:37:54+08:00
560930,电力ETF易方达,0.875,0.8761,0.13,-0.005,-0.57,48809.0,4271419.0,0.88,0.881,0.872,0.88,1.02,2.21,1.78,3.27,22986.0,25823.0,607669.0,14.23,-329417.0,-7.71,937086.0,21.94,-674900.0,-15.8,67231.0,1.57,131.0,0.875,0.876,221024000.0,193396000,193396000,2026-08-19,2026-08-19 10:37:52+08:00
515150,一带一路ETF富国,1.561,1.5577,-0.21,-0.009,-0.57,4165.0,648461.0,1.554,1.561,1.552,1.57,0.57,0.1,1.27,-0.94,2993.0,1172.0,-37505.0,-5.78,33964.0,5.24,-71469.0,-11.02,123584.0,19.06,-86079.0,-13.27,19.0,1.555,1.559,397703200.0,620814695,620814695,2026-08-19,2026-08-19 10:37:57+08:00
159519,港股国企ETF国泰,1.757,1.7606,0.2,-0.01,-0.57,150146.0,26372426.43,1.762,1.762,1.749,1.767,0.74,24.96,2.59,16.01,87346.0,62800.0,-117924.0,-0.45,-4163738.0,-15.79,4045814.0,15.34,-192726.0,-0.73,310649.0,1.18,-19.0,1.757,1.758,60157854.0,105697349,105697349,2026-08-19,2026-08-19 10:38:09+08:00
513810,港股国企ETF华夏,1.726,1.7311,0.29,-0.01,-0.58,73385.0,12666652.0,1.736,1.736,1.716,1.736,1.15,17.48,2.78,-2.62,35050.0,38335.0,336526.0,2.66,0.0,0.0,336526.0,2.66,-231318.0,-1.83,-105208.0,-0.83,-111.0,1.725,1.727,41992000.0,72478192,72478192,2026-08-19,2026-08-19 10:37:56+08:00
510270,国企ETF中银,1.534,1.5337,-0.02,-0.009,-0.58,651.0,99986.0,1.534,1.537,1.533,1.543,0.26,0.41,0.28,6.44,100.0,551.0,69305.0,69.31,0.0,0.0,69305.0,69.31,-61941.0,-61.95,-7364.0,-7.37,100.0,1.532,1.533,15832100.0,24286441,24286441,2026-08-19,2026-08-19 10:38:03+08:00
510150,消费ETF招商,0.508,0.5079,-0.02,-0.003,-0.59,527883.0,26963317.0,0.511,0.514,0.508,0.511,1.17,1.85,3.38,60.85,271146.0,256737.0,171371.0,0.64,4095583.0,15.19,-3924212.0,-14.55,-322003.0,-1.19,150633.0,0.56,-1.0,0.508,0.509,2849178608.0,1447382733,1447382733,2026-08-19,2026-08-19 10:38:04+08:00
159067,绿色电力ETF鹏华,1.008,1.0088,0.08,-0.006,-0.59,4101.0,413609.3,1.015,1.016,1.006,1.014,0.99,1.87,1.29,-34.89,2894.0,1207.0,343595.0,83.07,0.0,0.0,343595.0,83.07,-319766.0,-77.31,-23829.0,-5.76,-943.0,1.007,1.009,21908737.0,22084007,22084007,2026-08-19,2026-08-19 10:38:18+08:00
159834,金ETF南方,9.397,9.4016,0.05,-0.057,-0.6,60922.0,57242983.5,9.341,9.414,9.341,9.454,0.77,2.77,1.17,4.23,29607.0,31315.0,-751254.0,-1.31,0.0,0.0,-751254.0,-1.31,-365614.0,-0.64,1116867.0,1.95,-300.0,9.395,9.396,220061376.0,2067916750,2067916750,2026-08-19,2026-08-19 10:38:06+08:00
512190,浙商之江凤凰ETF,2.965,2.9387,-0.89,-0.018,-0.6,5156.0,1528591.0,2.938,2.978,2.938,2.983,1.34,0.27,3.22,-26.25,2543.0,2613.0,89036.0,5.82,0.0,0.0,89036.0,5.82,-53756.0,-3.52,-35279.0,-2.31,47.0,2.953,2.964,188918400.0,560143056,560143056,2026-08-19,2026-08-19 10:37:43+08:00
520530,港股通科技ETF东财,0.829,0.831,0.24,-0.005,-0.6,94951.0,7874738.0,0.831,0.833,0.827,0.834,0.72,4.01,1.18,27.75,50048.0,44903.0,-50070.0,-0.64,76755.0,0.97,-126825.0,-1.61,-243486.0,-3.09,293555.0,3.73,2.0,0.828,0.829,236776000.0,196287304,196287304,2026-08-19,2026-08-19 10:37:53+08:00
517110,创新药ETF国泰,0.808,0.8095,0.19,-0.005,-0.62,263583.0,21515659.0,0.812,0.825,0.808,0.813,2.09,1.84,1.2,5.65,117254.0,146329.0,-1305456.0,-6.07,-820916.0,-3.82,-484540.0,-2.25,807938.0,3.76,498326.0,2.32,1.0,0.807,0.808,1434098496.0,1158751585,1158751585,2026-08-19,2026-08-19 10:37:53+08:00
520860,港股通科技ETF富国,0.804,0.8056,0.2,-0.005,-0.62,58631.0,4718119.0,0.811,0.811,0.802,0.809,1.11,1.68,1.03,-3.59,30607.0,28024.0,163886.0,3.47,-447965.0,-9.49,611851.0,12.97,-172746.0,-3.66,8861.0,0.19,-394.0,0.803,0.804,348195008.0,279948786,279948786,2026-08-19,2026-08-19 10:37:50+08:00
159669,绿色电力ETF国泰,1.099,1.1005,0.14,-0.007,-0.63,9867.0,1087155.9,1.106,1.11,1.097,1.106,1.18,0.49,0.85,4.1,3703.0,6164.0,-295231.0,-27.16,-560.0,-0.05,-294671.0,-27.1,70430.0,6.48,224802.0,20.68,146.0,1.099,1.1,202754781.0,222827504,222827504,2026-08-19,2026-08-19 10:38:03+08:00
562850,央企能源ETF嘉实,1.265,1.2658,0.06,-0.008,-0.63,7666.0,969379.0,1.274,1.274,1.26,1.273,1.1,0.4,0.44,5.38,5409.0,2257.0,-204661.0,-21.11,0.0,0.0,-204661.0,-21.11,182047.0,18.78,22614.0,2.33,487.0,1.264,1.265,191981500.0,242856598,242856598,2026-08-19,2026-08-19 10:37:50+08:00
159133,化工ETF天弘,1.106,1.1053,-0.06,-0.007,-0.63,143916.0,16000424.3,1.101,1.119,1.1,1.113,1.71,0.91,1.28,38.74,65791.0,78125.0,1021447.0,6.38,-119117.0,-0.74,1140564.0,7.13,-974560.0,-6.09,-46886.0,-0.29,-3500.0,1.106,1.108,1585413344.0,1753467158,1753467158,2026-08-19,2026-08-19 10:38:15+08:00
520510,港股通医疗ETF华夏,0.95,0.9528,0.29,-0.006,-0.63,1707903.0,163596508.0,0.955,0.966,0.948,0.956,1.88,66.27,2.66,-19.55,759270.0,948633.0,-710416.0,-0.43,-656397.0,-0.4,-54019.0,-0.03,-1263432.0,-0.77,1973847.0,1.21,-280.0,0.95,0.951,257728000.0,244841600,244841600,2026-08-19,2026-08-19 10:37:52+08:00
159672,消费ETF博时,0.631,0.6302,-0.13,-0.004,-0.63,13668.0,865664.8,0.635,0.638,0.629,0.635,1.42,1.04,0.63,2.14,3033.0,10635.0,249306.0,28.8,-12140.0,-1.4,261446.0,30.2,-248619.0,-28.72,-687.0,-0.08,2.0,0.629,0.631,130887409.0,82589955,82589955,2026-08-19,2026-08-19 10:38:06+08:00
513980,港股科技ETF景顺,0.621,0.622,0.16,-0.004,-0.64,2362930.0,146756231.0,0.62,0.624,0.619,0.625,0.8,1.38,1.34,21.17,1029094.0,1333836.0,16296785.0,11.1,41437402.0,28.24,-25140617.0,-17.13,-13483544.0,-9.19,-2813241.0,-1.92,200.0,0.62,0.621,17102203904.0,10620468624,10620468624,2026-08-19,2026-08-19 10:37:57+08:00
512070,证券保险ETF易方达,0.772,0.7726,0.08,-0.005,-0.64,2209969.0,171426983.0,0.775,0.78,0.772,0.777,1.03,1.26,0.98,47.6,1083096.0,1126873.0,5184874.0,3.02,6179886.0,3.6,-995012.0,-0.58,-1899807.0,-1.11,-3285067.0,-1.92,-3000.0,0.772,0.773,17507479808.0,13515774412,13515774412,2026-08-19,2026-08-19 10:37:58+08:00
513360,教育ETF博时,0.465,0.4749,2.08,-0.003,-0.64,468784.0,21915492.0,0.47,0.472,0.465,0.468,1.5,7.25,0.96,-22.35,144146.0,324638.0,-1363950.0,-6.22,-2734186.0,-12.48,1370236.0,6.25,1511566.0,6.9,-147617.0,-0.67,-21.0,0.465,0.466,646213904.0,300489465,300489465,2026-08-19,2026-08-19 10:37:54+08:00
561260,能源ETF工银,1.249,1.2518,0.22,-0.008,-0.64,4754.0,593904.0,1.238,1.257,1.238,1.257,1.51,1.89,0.47,4.55,207.0,4547.0,32439.0,5.46,0.0,0.0,32439.0,5.46,-62769.0,-10.57,30330.0,5.11,-1.0,1.249,1.25,25095200.0,31343905,31343905,2026-08-19,2026-08-19 10:37:50+08:00
159838,医药50ETF博时,0.608,0.6064,-0.26,-0.004,-0.65,12175.0,742820.8,0.612,0.615,0.607,0.612,1.31,0.54,0.62,3.21,5445.0,6730.0,144191.0,19.41,0.0,0.0,144191.0,19.41,-144720.0,-19.48,529.0,0.07,-100.0,0.606,0.607,225763462.0,137264185,137264185,2026-08-19,2026-08-19 10:38:06+08:00
159751,港股通科技ETF鹏华,0.903,0.9043,0.14,-0.006,-0.66,126035.0,11370649.1,0.899,0.907,0.898,0.909,0.99,1.42,1.52,43.0,63178.0,62857.0,396409.0,3.49,593363.0,5.22,-196954.0,-1.73,-525686.0,-4.62,129277.0,1.14,-1306.0,0.902,0.903,889629632.0,803335558,803335558,2026-08-19,2026-08-19 10:38:06+08:00
159916,基本面ETF建信,5.108,5.1139,0.12,-0.034,-0.66,36.0,18433.6,5.123,5.123,5.1,5.142,0.45,0.01,0.58,-3.31,33.0,3.0,0.0,0.0,0.0,0.0,0.0,0.0,-17923.0,-97.23,17923.0,97.23,3.0,5.1,5.112,42566039.0,217427327,217427327,2026-08-19,2026-08-19 10:38:03+08:00
516220,化工ETF国泰,0.909,0.91,0.11,-0.006,-0.66,40011.0,3652175.0,0.911,0.92,0.903,0.915,1.86,1.49,1.53,23.93,23197.0,16814.0,176059.0,4.83,409384.0,11.22,-233325.0,-6.4,-463930.0,-12.72,287871.0,7.89,-40.0,0.909,0.91,269170000.0,244675530,244675530,2026-08-19,2026-08-19 10:37:53+08:00
159046,绿电ETF天弘,0.906,0.9066,0.07,-0.006,-0.66,19026.0,1726391.007,0.91,0.921,0.905,0.912,1.75,0.42,0.49,19.76,5643.0,13383.0,-320205.0,-18.55,0.0,0.0,-320205.0,-18.55,105500.0,6.11,214705.0,12.44,-71.0,0.906,0.908,451976848.0,409491024,409491024,2026-08-19,2026-08-19 10:38:18+08:00
159100,巴西ETF华夏,1.038,1.0302,-0.76,-0.007,-0.67,132266.0,13738605.058,1.04,1.042,1.037,1.045,0.48,2.88,1.13,-8.13,39182.0,93084.0,-1582185.0,-11.52,-2419994.0,-17.61,837809.0,6.1,262545.0,1.91,1319640.0,9.61,3.0,1.037,1.038,460046928.0,477528711,477528711,2026-08-19,2026-08-19 10:38:18+08:00
515110,一带一路ETF易方达,1.642,1.6418,-0.01,-0.011,-0.67,20782.0,3410153.0,1.653,1.653,1.638,1.653,0.91,0.97,1.23,-4.34,8174.0,12608.0,366423.0,10.75,475673.0,13.95,-109250.0,-3.2,-359206.0,-10.53,-7217.0,-0.21,-2000.0,1.64,1.642,215295000.0,353514390,353514390,2026-08-19,2026-08-19 10:37:56+08:00
159822,新经济ETF银华,0.596,0.6027,1.11,-0.004,-0.67,38966.0,2314210.693,0.593,0.597,0.592,0.6,0.83,1.28,1.29,24.19,13566.0,25400.0,-242343.0,-10.47,594000.0,25.67,-836343.0,-36.14,237715.0,10.27,4628.0,0.2,-383.0,0.595,0.596,303834320.0,181085255,181085255,2026-08-19,2026-08-19 10:37:48+08:00
563770,全指现金流ETF招商,1.186,1.1881,0.18,-0.008,-0.67,59774.0,7104821.0,1.183,1.19,1.183,1.194,0.59,23.16,2.95,7.8,28073.0,31701.0,70950.0,1.0,0.0,0.0,70950.0,1.0,-53370.0,-0.75,-17580.0,-0.25,-450.0,1.188,1.189,25807000.0,30607102,30607102,2026-08-19,2026-08-19 10:37:47+08:00
159625,绿色电力ETF嘉实,1.194,1.195,0.08,-0.008,-0.67,117125.0,13995640.0,1.198,1.203,1.19,1.202,1.08,0.58,1.39,41.57,42751.0,74374.0,-297989.0,-2.13,-442401.0,-3.16,144412.0,1.03,-452263.0,-3.23,750251.0,5.36,3.0,1.193,1.194,2022113776.0,2414403849,2414403849,2026-08-19,2026-08-19 10:38:06+08:00
516120,化工ETF富国,0.89,0.891,0.11,-0.006,-0.67,312169.0,27930736.0,0.886,0.901,0.883,0.896,2.01,0.6,1.11,28.76,156597.0,155572.0,2168983.0,7.77,915628.0,3.28,1253355.0,4.49,-1770968.0,-6.34,-398015.0,-1.43,-100.0,0.89,0.891,5166082048.0,4597813023,4597813023,2026-08-19,2026-08-19 10:37:55+08:00
159146,电力ETF华宝,1.0,1.0016,0.16,-0.007,-0.7,148057.0,14827597.501,1.002,1.008,0.998,1.007,0.99,2.02,2.16,29.33,66959.0,81098.0,752556.0,5.1,-912508.0,-6.18,1665064.0,11.28,-904934.0,-6.13,152378.0,1.03,-693.0,1.0,1.001,733940848.0,733940848,733940848,2026-08-19,2026-08-19 10:38:15+08:00
159729,互联网ETF汇添富,0.709,0.7094,0.06,-0.005,-0.7,3004.0,212567.5,0.71,0.71,0.704,0.714,0.84,0.45,1.13,-2.58,162.0,2842.0,38077.0,17.91,0.0,0.0,38077.0,17.91,3264.0,1.54,-41343.0,-19.45,-1000.0,0.707,0.709,66760633.0,47333289,47333289,2026-08-19,2026-08-19 10:38:00+08:00
159748,创新药ETF富国,0.857,0.8597,0.31,-0.006,-0.7,456016.0,39449230.122,0.865,0.875,0.857,0.863,2.09,2.89,1.33,14.11,220514.0,235502.0,-1413743.0,-3.59,-4489214.0,-11.39,3075471.0,7.81,-43175.0,-0.11,1456919.0,3.7,-600.0,0.857,0.858,1575692128.0,1350368154,1350368154,2026-08-19,2026-08-19 10:38:06+08:00
513150,港股通科技ETF华泰柏瑞,0.981,0.9825,0.15,-0.007,-0.71,225198.0,22101818.0,0.988,0.988,0.978,0.988,1.01,21.44,1.81,7.99,122585.0,102613.0,-180623.0,-0.82,-247539.0,-1.12,66916.0,0.3,268612.0,1.22,-87989.0,-0.4,-2540.0,0.98,0.981,105059800.0,103063664,103063664,2026-08-19,2026-08-19 10:38:00+08:00
515630,证券保险ETF鹏华,1.237,1.2373,0.02,-0.009,-0.72,622265.0,77316405.0,1.246,1.25,1.237,1.246,1.04,5.85,5.36,21.09,348225.0,274040.0,-1573560.0,-2.04,-3782734.0,-4.89,2209174.0,2.86,1281242.0,1.66,292317.0,0.38,-99.0,1.237,1.238,1064217696.0,1316437290,1316437290,2026-08-19,2026-08-19 10:37:55+08:00
159276,现金流ETF汇添富,1.1,1.101,0.09,-0.008,-0.72,26835.0,2953115.8,1.1,1.102,1.099,1.108,0.27,0.73,0.27,-1.6,13606.0,13229.0,-337272.0,-11.42,323160.0,10.94,-660432.0,-22.36,268031.0,9.08,69241.0,2.34,-56.0,1.1,1.101,368696656.0,405566322,405566322,2026-08-19,2026-08-19 10:38:12+08:00
517050,互联网ETF华泰柏瑞,0.68,0.6817,0.25,-0.005,-0.73,7831.0,530565.0,0.675,0.682,0.675,0.685,1.02,0.23,0.83,-2.03,1431.0,6400.0,-48192.0,-9.08,35324.0,6.66,-83516.0,-15.74,68875.0,12.98,-20683.0,-3.9,74.0,0.679,0.68,347605008.0,236371405,236371405,2026-08-19,2026-08-19 10:37:42+08:00
159202,恒生互联网ETF万家,0.819,0.8194,0.05,-0.006,-0.73,893215.0,72766283.044,0.816,0.823,0.809,0.825,1.7,7.27,1.9,2.16,442798.0,450417.0,744124.0,1.02,95451.0,0.13,648673.0,0.89,-668335.0,-0.92,-75788.0,-0.1,6.0,0.818,0.819,1229401904.0,1006880159,1006880159,2026-08-19,2026-08-19 10:38:15+08:00
159622,创新药ETF东财,1.208,1.2136,0.46,-0.009,-0.74,627090.0,76600165.5,1.214,1.234,1.208,1.217,2.14,5.22,1.83,-0.71,313444.0,313646.0,2634328.0,3.44,381117.0,0.5,2253211.0,2.94,-3576486.0,-4.67,942159.0,1.23,-30.0,1.208,1.209,1200603232.0,1450328704,1450328704,2026-08-19,2026-08-19 10:38:06+08:00
159793,线上消费ETF平安,0.796,0.7974,0.18,-0.006,-0.75,2023.0,160755.9,0.801,0.801,0.792,0.802,1.12,0.46,0.38,1.53,710.0,1313.0,-42518.0,-26.45,0.0,0.0,-42518.0,-26.45,19435.0,12.09,23082.0,14.36,1.0,0.794,0.796,43758908.0,34832091,34832091,2026-08-19,2026-08-19 10:38:00+08:00
159152,港股通科技ETF平安,0.789,0.7889,-0.01,-0.006,-0.75,111083.0,8747529.308,0.793,0.793,0.785,0.795,1.01,1.36,1.28,8.71,54246.0,56837.0,-291452.0,-3.33,14041.0,0.16,-305493.0,-3.49,158687.0,1.81,132765.0,1.52,1500.0,0.788,0.789,818556096.0,645840760,645840760,2026-08-19,2026-08-19 10:38:15+08:00
561430,红利质量ETF博时,1.046,1.0505,0.43,-0.008,-0.76,3009.0,315467.0,1.05,1.051,1.046,1.054,0.47,0.72,0.66,-7.14,1486.0,1523.0,16179.0,5.13,0.0,0.0,16179.0,5.13,-31504.0,-9.99,15325.0,4.86,-1200.0,1.048,1.049,41723200.0,43642467,43642467,2026-08-19,2026-08-19 10:37:43+08:00
512130,全指现金流ETF鹏华,1.172,1.1734,0.12,-0.009,-0.76,14343.0,1685012.0,1.173,1.177,1.172,1.181,0.42,10.32,6.79,-9.68,5837.0,8506.0,1060388.0,62.93,0.0,0.0,1060388.0,62.93,-398170.0,-23.63,-662217.0,-39.3,291.0,1.171,1.173,13895000.0,16284940,16284940,2026-08-19,2026-08-19 10:37:51+08:00
520670,港股通科技ETF嘉实,0.788,0.789,0.13,-0.006,-0.76,11739.0,924836.0,0.794,0.794,0.784,0.794,1.26,0.53,0.34,-3.18,7295.0,4444.0,105924.0,11.45,0.0,0.0,105924.0,11.45,-119796.0,-12.95,13872.0,1.5,50.0,0.786,0.788,219428100.0,172909343,172909343,2026-08-19,2026-08-19 10:37:38+08:00
520870,巴西ETF易方达,1.035,1.0272,-0.76,-0.008,-0.77,200873.0,20819454.0,1.038,1.039,1.034,1.043,0.48,3.97,1.59,-7.95,66900.0,133973.0,-2961520.0,-14.22,1566294.0,7.52,-4527814.0,-21.75,1334357.0,6.41,1627162.0,7.82,100.0,1.034,1.035,506477200.0,524203902,524203902,2026-08-19,2026-08-19 10:37:50+08:00
510200,上证券商ETF汇安,1.166,1.164,-0.17,-0.009,-0.77,11375.0,1334598.0,1.175,1.179,1.166,1.175,1.11,0.74,1.26,10.59,4343.0,7032.0,-212854.0,-15.95,0.0,0.0,-212854.0,-15.95,-19076.0,-1.43,231931.0,17.38,-335.0,1.165,1.166,153885500.0,179430493,179430493,2026-08-19,2026-08-19 10:37:51+08:00
159688,恒生互联网ETF华安,0.776,0.7766,0.08,-0.006,-0.77,1172074.0,90400714.506,0.774,0.78,0.767,0.782,1.66,8.77,3.48,12.27,591080.0,580994.0,2724249.0,3.01,3382853.0,3.74,-658604.0,-0.73,-2600329.0,-2.88,-123920.0,-0.14,-1329.0,0.775,0.776,1335778480.0,1036564100,1036564100,2026-08-19,2026-08-19 10:38:06+08:00
513730,东南亚科技ETF华泰柏瑞,1.158,1.1891,2.62,-0.009,-0.77,30382.0,3521566.0,1.159,1.162,1.157,1.167,0.43,0.38,0.31,-4.3,13605.0,16777.0,220288.0,6.26,-621528.0,-17.65,841816.0,23.9,-612157.0,-17.38,391869.0,11.13,-43.0,1.158,1.159,803355008.0,930285099,930285099,2026-08-19,2026-08-19 10:37:58+08:00
159041,农业ETF鹏华,1.019,1.0195,0.05,-0.008,-0.78,48493.0,4963797.574,1.026,1.029,1.014,1.027,1.46,6.18,3.85,20.65,33894.0,14599.0,275944.0,5.56,2170181.0,43.72,-1894237.0,-38.16,-214165.0,-4.31,-61779.0,-1.24,12488.0,1.018,1.019,78471832.0,79962797,79962797,2026-08-19,2026-08-19 10:38:15+08:00
159730,家电ETF博时,1.024,1.0216,-0.23,-0.008,-0.78,1997.0,204367.5,1.025,1.025,1.02,1.032,0.48,0.47,1.8,-0.39,720.0,1277.0,81640.0,39.95,0.0,0.0,81640.0,39.95,-21925.0,-10.73,-59715.0,-29.22,10.0,1.02,1.021,42571340.0,43593052,43593052,2026-08-19,2026-08-19 10:38:06+08:00
159689,消费ETF南方,0.634,0.6344,0.06,-0.005,-0.78,12592.0,801722.8,0.64,0.642,0.633,0.639,1.41,1.37,0.99,8.26,6713.0,5879.0,-67977.0,-8.48,0.0,0.0,-67977.0,-8.48,82134.0,10.24,-14156.0,-1.77,43.0,0.633,0.634,92147787.0,58421697,58421697,2026-08-19,2026-08-19 10:38:06+08:00
513330,恒生互联网ETF华夏,0.382,0.3818,-0.05,-0.003,-0.78,20696134.0,787913388.0,0.381,0.384,0.379,0.385,1.3,3.02,2.13,38.74,10698618.0,9997516.0,-1094334.0,-0.14,22589392.0,2.87,-23683726.0,-3.01,-1149019.0,-0.15,2243341.0,0.28,-11.0,0.382,0.383,68521479936.0,26175205336,26175205336,2026-08-19,2026-08-19 10:37:56+08:00
515710,食品饮料ETF华宝,0.5,0.4998,-0.04,-0.004,-0.79,86985.0,4362831.0,0.503,0.506,0.499,0.504,1.39,0.37,0.7,38.67,37721.0,49264.0,-439313.0,-10.07,-259726.0,-5.95,-179587.0,-4.12,149445.0,3.43,289868.0,6.64,50.0,0.499,0.5,2335099808.0,1167549904,1167549904,2026-08-19,2026-08-19 10:37:57+08:00
159033,粮食ETF国泰,1.01,1.011,0.1,-0.008,-0.79,338663.0,34491359.196,1.018,1.033,0.998,1.018,3.44,19.32,3.92,13.37,171442.0,167222.0,2350239.0,6.81,4072061.0,11.81,-1721822.0,-4.99,-2382102.0,-6.91,31863.0,0.09,-1000.0,1.01,1.011,175323473.0,177076708,177076708,2026-08-19,2026-08-19 10:38:18+08:00
560190,公用事业ETF鹏华,1.01,1.0122,0.22,-0.008,-0.79,651.0,65845.0,1.008,1.017,1.008,1.018,0.88,0.35,0.41,16.01,111.0,540.0,-101.0,-0.15,0.0,0.0,-101.0,-0.15,22621.0,34.35,-22520.0,-34.2,-10.0,1.01,1.014,18834000.0,19022340,19022340,2026-08-19,2026-08-19 10:37:48+08:00
513860,港股通科技ETF海富通,0.619,0.6234,0.71,-0.005,-0.8,1223481.0,75826870.0,0.62,0.623,0.616,0.624,1.12,3.95,2.12,0.95,372001.0,851480.0,2033815.0,2.68,8417764.0,11.1,-6383949.0,-8.42,-1043116.0,-1.38,-990699.0,-1.31,-13160.0,0.618,0.619,3094470608.0,1915477306,1915477306,2026-08-19,2026-08-19 10:37:56+08:00
159269,港股通科技ETF南方,0.871,0.874,0.34,-0.007,-0.8,494640.0,43149790.2,0.869,0.876,0.865,0.878,1.25,2.49,1.69,12.6,284649.0,209991.0,1978151.0,4.58,240013.0,0.56,1738138.0,4.03,-993463.0,-2.3,-984688.0,-2.28,-18.0,0.871,0.872,1984311712.0,1728335501,1728335501,2026-08-19,2026-08-19 10:38:12+08:00
516730,证券ETF浦银,0.974,0.973,-0.1,-0.008,-0.81,16506.0,1615221.0,0.983,0.984,0.974,0.982,1.02,0.7,2.02,-14.41,7486.0,9020.0,-199074.0,-12.32,77554.0,4.8,-276628.0,-17.13,148977.0,9.22,50097.0,3.1,-213.0,0.973,0.974,234880800.0,228773899,228773899,2026-08-19,2026-08-19 10:37:56+08:00
515560,证券ETF建信,0.981,0.9796,-0.14,-0.008,-0.81,84908.0,8354863.0,0.986,0.992,0.981,0.989,1.11,4.25,2.21,-26.48,29554.0,55354.0,347602.0,4.16,2136738.0,25.57,-1789136.0,-21.41,-433015.0,-5.18,85413.0,1.02,-3514.0,0.98,0.981,199883300.0,196085517,196085517,2026-08-19,2026-08-19 10:37:57+08:00
516820,医疗创新ETF平安,0.362,0.3618,-0.06,-0.003,-0.82,828816.0,30232454.0,0.365,0.367,0.362,0.365,1.37,1.8,2.18,28.08,423082.0,405734.0,5168185.0,17.09,10002358.0,33.08,-4834173.0,-15.99,-4054227.0,-13.41,-1113958.0,-3.68,-1.0,0.362,0.363,4593415168.0,1662816291,1662816291,2026-08-19,2026-08-19 10:37:54+08:00
159642,碳中和ETF大成,0.954,0.9528,-0.13,-0.008,-0.83,15.0,1435.4,0.958,0.958,0.954,0.962,0.42,0.01,0.34,0.98,3.0,12.0,-1245.0,-86.74,0.0,0.0,-1245.0,-86.74,0.0,0.0,1245.0,86.74,3.0,0.951,0.952,22439923.0,21407687,21407687,2026-08-19,2026-08-19 10:38:03+08:00
159856,互联网龙头ETF工银,0.594,0.5944,0.07,-0.005,-0.83,5727.0,338764.8,0.598,0.598,0.59,0.599,1.34,0.16,0.65,-1.9,555.0,5172.0,-119124.0,-35.16,0.0,0.0,-119124.0,-35.16,134408.0,39.68,-15284.0,-4.51,-145.0,0.593,0.595,347372480.0,206339253,206339253,2026-08-19,2026-08-19 10:38:03+08:00
510810,上海国企ETF汇添富,0.837,0.8355,-0.18,-0.007,-0.83,31266.0,2622710.0,0.845,0.849,0.836,0.844,1.54,0.05,1.42,7.09,17972.0,13294.0,49226.0,1.88,0.0,0.0,49226.0,1.88,-46137.0,-1.76,-3089.0,-0.12,3.0,0.836,0.837,5965393664.0,4993034497,4993034497,2026-08-19,2026-08-19 10:38:02+08:00
560420,食品ETF前海开源,0.948,0.9458,-0.23,-0.008,-0.84,6320.0,599142.0,0.946,0.951,0.942,0.956,0.94,0.47,1.36,-1.59,618.0,5702.0,437209.0,72.97,552589.0,92.23,-115380.0,-19.26,-288474.0,-48.15,-148736.0,-24.82,-1393.0,0.944,0.946,134780200.0,127771630,127771630,2026-08-19,2026-08-19 10:37:45+08:00
515170,食品饮料ETF华夏,0.468,0.4679,-0.02,-0.004,-0.85,944685.0,44308545.0,0.47,0.474,0.466,0.472,1.69,1.08,1.63,47.25,552851.0,391834.0,-1178898.0,-2.66,1493283.0,3.37,-2672181.0,-6.03,366769.0,0.83,812129.0,1.83,172.0,0.467,0.468,8719757824.0,4080846662,4080846662,2026-08-19,2026-08-19 10:37:55+08:00
513560,香港科技ETF兴银,1.151,1.1529,0.16,-0.01,-0.86,41988.0,4839688.0,1.148,1.157,1.148,1.161,0.78,0.79,0.75,9.84,15542.0,26446.0,467279.0,9.66,0.0,0.0,467279.0,9.66,-135404.0,-2.8,-331876.0,-6.86,-10.0,1.151,1.153,532386000.0,612776286,612776286,2026-08-19,2026-08-19 10:37:56+08:00
518660,黄金ETF工银,9.027,9.0256,-0.02,-0.078,-0.86,43221.0,38996832.0,9.013,9.041,8.996,9.105,0.49,0.45,0.48,-2.79,20245.0,22976.0,-2843881.0,-7.29,1424111.0,3.65,-4267992.0,-10.95,1614675.0,4.14,1229207.0,3.15,-14.0,9.026,9.027,963452704.0,8697087559,8697087559,2026-08-19,2026-08-19 10:37:51+08:00
159561,德国ETF嘉实,1.364,1.3681,0.3,-0.012,-0.87,289582.0,39526668.088,1.367,1.369,1.362,1.376,0.51,2.2,1.27,15.93,81293.0,208289.0,-1384219.0,-3.5,-2544789.0,-6.44,1160570.0,2.94,181240.0,0.46,1202978.0,3.04,76.0,1.362,1.364,1315499488.0,1794341302,1794341302,2026-08-19,2026-08-19 10:38:06+08:00
562870,证券ETF嘉实,0.907,0.9061,-0.1,-0.008,-0.87,164200.0,15045626.0,0.911,0.919,0.906,0.915,1.42,2.77,4.78,27.07,40763.0,123437.0,-42160.0,-0.28,3500275.0,23.26,-3542435.0,-23.54,-266973.0,-1.77,309133.0,2.05,1.0,0.906,0.907,592005200.0,536948716,536948716,2026-08-19,2026-08-19 10:37:50+08:00
518680,金ETF富国,9.424,9.4263,0.02,-0.083,-0.87,38793.0,36537494.0,9.392,9.438,9.387,9.507,0.54,0.48,0.72,16.99,21836.0,16957.0,-5258395.0,-14.39,1156363.0,3.16,-6414758.0,-17.56,4203452.0,11.5,1054943.0,2.89,-11.0,9.422,9.424,804769504.0,7584147806,7584147806,2026-08-19,2026-08-19 10:37:51+08:00
518890,上海金ETF中银,9.011,9.0127,0.02,-0.079,-0.87,16412.0,14782979.0,9.036,9.043,8.99,9.09,0.58,0.43,0.88,-1.63,8489.0,7923.0,-219131.0,-1.48,0.0,0.0,-219131.0,-1.48,-130926.0,-0.89,350058.0,2.37,-25.0,9.009,9.014,383954800.0,3459816703,3459816703,2026-08-19,2026-08-19 10:37:53+08:00
518800,黄金ETF国泰,9.433,9.4359,0.03,-0.083,-0.87,180459.0,170182710.0,9.384,9.449,9.384,9.516,0.68,0.5,0.89,11.47,80363.0,100097.0,-12849634.0,-7.55,-4212218.0,-2.48,-8637416.0,-5.08,9339226.0,5.49,3510407.0,2.06,-13.0,9.432,9.433,3620179200.0,34149150394,34149150394,2026-08-19,2026-08-19 10:37:52+08:00
518600,金ETF广发,9.378,9.3782,0.0,-0.082,-0.87,100350.0,94066238.0,9.325,9.411,9.323,9.46,0.93,1.39,1.06,-9.7,53847.0,46503.0,-6899914.0,-7.34,307440.0,0.33,-7207354.0,-7.66,2368876.0,2.52,4531040.0,4.82,-300.0,9.375,9.377,723616304.0,6786073699,6786073699,2026-08-19,2026-08-19 10:37:52+08:00
512600,消费ETF嘉实,0.573,0.5732,0.03,-0.005,-0.87,225386.0,12993234.0,0.578,0.58,0.572,0.578,1.38,1.29,3.2,3.56,99795.0,125591.0,-311735.0,-2.4,1107605.0,8.52,-1419340.0,-10.92,259093.0,1.99,52642.0,0.41,10.0,0.572,0.573,1750656096.0,1003125943,1003125943,2026-08-19,2026-08-19 10:37:59+08:00
562510,旅游ETF华夏,0.563,0.5626,-0.07,-0.005,-0.88,198349.0,11178406.0,0.567,0.569,0.561,0.568,1.41,1.86,1.2,6.63,76106.0,122243.0,-2775358.0,-24.83,-1438836.0,-12.87,-1336522.0,-11.96,1614452.0,14.44,1160906.0,10.39,994.0,0.562,0.563,1067595008.0,601055990,601055990,2026-08-19,2026-08-19 10:37:50+08:00
518850,黄金ETF华夏,9.088,9.088,0.0,-0.081,-0.88,138995.0,126283829.0,9.06,9.102,9.059,9.169,0.47,0.76,0.78,-9.28,68579.0,70416.0,-9902707.0,-7.84,-6699551.0,-5.31,-3203156.0,-2.54,3230651.0,2.56,6672055.0,5.28,-3.0,9.087,9.088,1829778704.0,16629028862,16629028862,2026-08-19,2026-08-19 10:37:52+08:00
159928,消费ETF汇添富,0.665,0.666,0.15,-0.006,-0.89,1956591.0,130850111.1,0.67,0.675,0.665,0.671,1.49,0.84,1.26,59.97,862397.0,1094194.0,3794765.0,2.9,1824008.0,1.39,1970757.0,1.51,-2934443.0,-2.24,-860323.0,-0.66,-218.0,0.665,0.666,23370629120.0,15541468365,15541468365,2026-08-19,2026-08-19 10:38:03+08:00
518880,黄金ETF华安,8.997,8.9964,-0.01,-0.081,-0.89,1500377.0,1349445497.0,8.957,9.011,8.956,9.078,0.61,1.32,1.08,11.72,726740.0,773637.0,-154066872.0,-11.42,31921352.0,2.37,-185988224.0,-13.78,76383141.0,5.66,77394931.0,5.74,123.0,8.996,8.997,11373540864.0,102327747153,102327747153,2026-08-19,2026-08-19 10:37:52+08:00
520980,港股通科技ETF汇添富,0.891,0.8934,0.27,-0.008,-0.89,895640.0,79733870.0,0.89,0.895,0.887,0.899,0.89,2.72,1.23,11.53,461871.0,433769.0,2553862.0,3.2,2427925.0,3.05,125937.0,0.16,-1498959.0,-1.88,-1054901.0,-1.32,-170.0,0.891,0.892,3288387008.0,2929952824,2929952824,2026-08-19,2026-08-19 10:37:52+08:00
518860,上海金ETF建信,9.019,9.0147,-0.05,-0.082,-0.9,18903.0,17036377.0,8.982,9.03,8.982,9.101,0.53,0.4,0.97,-40.19,9819.0,9084.0,-432756.0,-2.54,-1392482.0,-8.18,959726.0,5.64,605565.0,3.56,-172809.0,-1.02,20.0,9.015,9.018,469359808.0,4233156108,4233156108,2026-08-19,2026-08-19 10:37:51+08:00
159750,港股科技50ETF招商,0.879,0.883,0.45,-0.008,-0.9,207621.0,18227750.3,0.878,0.882,0.874,0.887,0.9,1.65,1.56,10.06,115008.0,92613.0,-510488.0,-2.8,-522246.0,-2.87,11758.0,0.06,-110356.0,-0.61,620843.0,3.41,500.0,0.878,0.879,1256618256.0,1104567447,1104567447,2026-08-19,2026-08-19 10:38:03+08:00
159766,旅游ETF富国,0.553,0.553,0.0,-0.005,-0.9,1176753.0,65165616.3,0.556,0.559,0.551,0.558,1.43,2.17,2.01,49.89,408297.0,768456.0,-7459825.0,-11.45,-2623294.0,-4.03,-4836531.0,-7.42,2500459.0,3.84,4959366.0,7.61,19.0,0.552,0.553,5412641024.0,2993190486,2993190486,2026-08-19,2026-08-19 10:38:06+08:00
513160,港股科技ETF银华,0.988,0.9907,0.27,-0.009,-0.9,646382.0,63785825.0,0.986,0.992,0.983,0.997,0.9,1.94,1.24,12.18,288941.0,357441.0,2351766.0,3.69,3373137.0,5.29,-1021371.0,-1.6,-193711.0,-0.3,-2157560.0,-3.38,-7.0,0.988,0.989,3338189296.0,3298131024,3298131024,2026-08-19,2026-08-19 10:37:59+08:00
159843,食品饮料ETF招商,0.544,0.544,0.0,-0.005,-0.91,44527.0,2431964.2,0.546,0.55,0.543,0.549,1.28,0.72,1.19,10.3,18844.0,25683.0,-495428.0,-20.37,-110521.0,-4.54,-384907.0,-15.83,368785.0,15.16,126642.0,5.21,3.0,0.543,0.544,614955136.0,334535594,334535594,2026-08-19,2026-08-19 10:37:54+08:00
159934,黄金ETF易方达,9.397,9.4024,0.06,-0.086,-0.91,298157.0,280169000.559,9.367,9.414,9.36,9.483,0.57,0.77,0.96,15.5,149330.0,148828.0,-25100268.0,-8.96,-3189610.0,-1.14,-21910658.0,-7.82,14963289.0,5.34,10136979.0,3.62,-135.0,9.396,9.398,3871108992.0,36376811198,36376811198,2026-08-19,2026-08-19 10:38:03+08:00
515950,医药50ETF富国,0.984,0.9844,0.04,-0.009,-0.91,34040.0,3377696.0,0.993,0.997,0.984,0.993,1.31,0.63,0.96,3.07,23366.0,10674.0,-271241.0,-8.03,-150315.0,-4.45,-120926.0,-3.58,158679.0,4.7,112562.0,3.33,-3.0,0.984,0.985,541200608.0,532541398,532541398,2026-08-19,2026-08-19 10:37:55+08:00
159862,食品饮料ETF银华,0.547,0.5467,-0.05,-0.005,-0.91,13238.0,725279.2,0.552,0.553,0.545,0.552,1.45,0.43,0.83,9.4,3426.0,9812.0,31017.0,4.28,-43595.0,-6.01,74612.0,10.29,-9779.0,-1.35,-21238.0,-2.93,-21.0,0.546,0.547,307500624.0,168202841,168202841,2026-08-19,2026-08-19 10:38:03+08:00
513020,港股科技ETF国泰,0.969,0.9718,0.29,-0.009,-0.92,372087.0,36076658.0,0.966,0.973,0.965,0.978,0.82,1.56,1.26,30.37,189114.0,182973.0,2135204.0,5.92,-1496269.0,-4.15,3631473.0,10.07,-1464255.0,-4.06,-670949.0,-1.86,-825.0,0.969,0.97,2384145408.0,2310236900,2310236900,2026-08-19,2026-08-19 10:37:59+08:00
159831,金ETF嘉实,9.08,9.0831,0.03,-0.084,-0.92,43628.0,39623028.0,9.1,9.1,9.058,9.164,0.46,1.92,0.84,24.82,19959.0,23669.0,-1291990.0,-3.27,-1496642.0,-3.79,204652.0,0.52,1543498.0,3.9,-251509.0,-0.64,-92.0,9.078,9.08,226856243.0,2059854686,2059854686,2026-08-19,2026-08-19 10:38:06+08:00
159529,标普消费ETF景顺,1.291,1.2768,-1.11,-0.012,-0.92,132565.0,17191017.4,1.296,1.307,1.288,1.303,1.46,1.63,1.53,17.1,41424.0,91141.0,-4060802.0,-23.63,-2480961.0,-14.44,-1579841.0,-9.19,2668141.0,15.53,1392662.0,8.1,50.0,1.29,1.291,811536784.0,1047693988,1047693988,2026-08-19,2026-08-19 10:38:09+08:00
159038,粮食ETF易方达,0.954,0.9553,0.14,-0.009,-0.93,520007.0,50059117.364,0.964,0.979,0.945,0.963,3.53,30.4,6.71,24.39,273230.0,246777.0,-1181210.0,-2.36,-1710493.0,-3.42,529283.0,1.06,-295724.0,-0.59,1476934.0,2.95,-121.0,0.954,0.956,171026939.0,163159700,163159700,2026-08-19,2026-08-19 10:38:18+08:00
159937,黄金ETF博时,8.973,8.9747,0.02,-0.084,-0.93,222173.0,199376518.7,8.95,8.99,8.939,9.057,0.56,0.47,0.82,30.51,104710.0,117463.0,-13450020.0,-6.75,5471639.0,2.74,-18921659.0,-9.49,8857603.0,4.44,4592416.0,2.3,-2.0,8.972,8.973,4744421888.0,42571697601,42571697601,2026-08-19,2026-08-19 10:38:03+08:00
159812,黄金ETF前海开源,8.96,8.9605,0.01,-0.084,-0.93,12528.0,11230764.8,8.925,8.982,8.909,9.044,0.81,0.76,1.27,-12.76,6951.0,5577.0,-1459396.0,-12.99,-817486.0,-7.28,-641910.0,-5.72,987967.0,8.8,471430.0,4.2,-212.0,8.955,8.962,164113149.0,1470453815,1470453815,2026-08-19,2026-08-19 10:38:03+08:00
560090,证券ETF汇添富,1.146,1.1454,-0.05,-0.011,-0.95,386975.0,44566338.0,1.156,1.161,1.145,1.157,1.38,1.61,1.53,-2.13,165288.0,221687.0,-1859832.0,-4.17,-4934595.0,-11.07,3074763.0,6.9,-336106.0,-0.75,2195937.0,4.93,103.0,1.145,1.146,2406865008.0,2758267299,2758267299,2026-08-19,2026-08-19 10:37:54+08:00
560680,消费ETF广发,0.73,0.7314,0.19,-0.007,-0.95,101652.0,7446959.0,0.738,0.746,0.73,0.737,2.17,2.95,1.82,1.52,33741.0,67911.0,287151.0,3.86,161498.0,2.17,125653.0,1.69,-351117.0,-4.71,63966.0,0.86,-30.0,0.73,0.731,344225600.0,251284688,251284688,2026-08-19,2026-08-19 10:37:49+08:00
159010,港股通科技ETF博时,0.929,0.9294,0.04,-0.009,-0.96,25812.0,2393179.675,0.936,0.936,0.923,0.938,1.39,1.3,1.4,-19.68,7720.0,18092.0,-146481.0,-6.12,-1122.0,-0.05,-145359.0,-6.07,37889.0,1.58,108592.0,4.54,-12.0,0.928,0.929,199097611.0,184961681,184961681,2026-08-19,2026-08-19 10:38:15+08:00
159830,金ETF天弘,9.393,9.3988,0.06,-0.091,-0.96,19647.0,18450009.5,9.377,9.411,9.342,9.484,0.73,0.55,0.86,-33.54,9586.0,10061.0,-1373982.0,-7.45,-1317940.0,-7.14,-56042.0,-0.3,942888.0,5.11,431095.0,2.34,-10.0,9.389,9.393,355114064.0,3335586403,3335586403,2026-08-19,2026-08-19 10:38:06+08:00
515850,证券ETF富国,1.331,1.3305,-0.04,-0.013,-0.97,336546.0,45106491.0,1.34,1.35,1.331,1.344,1.41,7.13,2.24,-3.77,152737.0,183809.0,-187097.0,-0.41,4592114.0,10.18,-4779211.0,-10.6,-1373171.0,-3.04,1560268.0,3.46,20.0,1.33,1.331,471791008.0,627953832,627953832,2026-08-19,2026-08-19 10:37:54+08:00
515010,证券ETF华夏,1.228,1.2281,0.01,-0.012,-0.97,225540.0,27873686.0,1.235,1.245,1.228,1.24,1.37,1.07,1.75,2.35,116337.0,109203.0,-1138991.0,-4.09,-2518817.0,-9.04,1379826.0,4.95,-458456.0,-1.64,1597447.0,5.73,-130.0,1.228,1.229,2112271600.0,2593869525,2593869525,2026-08-19,2026-08-19 10:37:57+08:00
159015,恒生港股通科技ETF国联,0.915,0.9161,0.12,-0.009,-0.97,16009.0,1462891.5,0.913,0.929,0.908,0.924,2.27,1.45,1.18,-15.05,6403.0,9606.0,-149912.0,-10.25,0.0,0.0,-149912.0,-10.25,188273.0,12.87,-38361.0,-2.62,-6.0,0.914,0.916,110352934.0,100972935,100972935,2026-08-19,2026-08-19 10:38:15+08:00
512000,券商ETF华宝,0.51,0.5102,0.04,-0.005,-0.97,7762471.0,398413970.0,0.514,0.517,0.51,0.515,1.36,1.03,1.35,17.9,2771975.0,4990496.0,-18813544.0,-4.72,-33440579.0,-8.39,14627035.0,3.67,7861136.0,1.97,10952401.0,2.75,-484.0,0.51,0.511,75436834816.0,38472785756,38472785756,2026-08-19,2026-08-19 10:38:02+08:00
512260,中证500低波动ETF华安,1.933,1.9351,0.11,-0.019,-0.97,3695.0,716280.0,1.942,1.952,1.93,1.952,1.13,1.88,1.82,9.5,60.0,3635.0,151839.0,21.2,0.0,0.0,151839.0,21.2,-146968.0,-20.52,-4871.0,-0.68,-960.0,1.93,1.933,19697700.0,38075654,38075654,2026-08-19,2026-08-19 10:37:51+08:00
159550,互联网ETF东财,0.816,0.8184,0.29,-0.008,-0.97,18241.0,1483599.3,0.817,0.823,0.81,0.824,1.58,0.9,0.92,2.15,5544.0,12697.0,35341.0,2.38,0.0,0.0,35341.0,2.38,-178141.0,-12.01,142801.0,9.63,-4.0,0.815,0.816,201828785.0,164692289,164692289,2026-08-19,2026-08-19 10:38:03+08:00
530800,上证180ETF银华,1.215,1.2059,-0.75,-0.012,-0.98,2.0,243.0,1.215,1.215,1.215,1.227,0.0,0.0,,1.38,,2.0,-243.0,-100.0,0.0,0.0,-243.0,-100.0,0.0,0.0,243.0,100.0,2.0,1.203,1.205,18201800.0,22115187,22115187,2026-08-19,2026-08-19 10:37:50+08:00
159760,医疗健康ETF泰康,0.608,0.6065,-0.25,-0.006,-0.98,1913.0,116657.1,0.619,0.619,0.604,0.614,2.44,0.14,0.26,5.09,1581.0,332.0,-51276.0,-43.95,0.0,0.0,-51276.0,-43.95,57076.0,48.93,-5800.0,-4.97,-21.0,0.605,0.606,132360223.0,80475016,80475016,2026-08-19,2026-08-19 10:38:03+08:00
159135,港股通科技ETF前海开源,0.809,0.8103,0.16,-0.008,-0.98,45847.0,3702808.814,0.816,0.816,0.806,0.817,1.22,0.74,2.1,13.32,15797.0,30050.0,-392468.0,-10.6,-996243.0,-26.91,603775.0,16.31,199954.0,5.4,192513.0,5.2,-560.0,0.808,0.809,619466384.0,501148305,501148305,2026-08-19,2026-08-19 10:38:15+08:00
159616,农牧ETF建信,0.801,0.7998,-0.15,-0.008,-0.99,32804.0,2640569.4,0.814,0.814,0.798,0.809,1.98,4.78,0.71,2.79,14995.0,17809.0,221041.0,8.37,-268796.0,-10.18,489837.0,18.55,-193991.0,-7.35,-27050.0,-1.02,-199.0,0.799,0.8,68561112.0,54917451,54917451,2026-08-19,2026-08-19 10:38:06+08:00
159910,基本面120ETF嘉实,2.367,2.3733,0.27,-0.024,-1.0,1374.0,326663.1,2.38,2.381,2.367,2.391,0.59,0.17,2.56,14.71,347.0,1027.0,0.0,0.0,0.0,0.0,0.0,0.0,-7374.0,-2.26,7374.0,2.26,297.0,2.369,2.371,82906143.0,196238840,196238840,2026-08-19,2026-08-19 10:38:03+08:00
516900,食品饮料ETF华安,0.496,0.496,0.0,-0.005,-1.0,28855.0,1436864.0,0.503,0.503,0.495,0.501,1.6,1.01,0.77,3.72,7867.0,20988.0,214481.0,14.93,91597.0,6.37,122884.0,8.55,-228349.0,-15.89,13868.0,0.97,1.0,0.495,0.496,284729008.0,141225588,141225588,2026-08-19,2026-08-19 10:37:49+08:00
510170,大宗商品ETF国联安,1.392,1.3906,-0.1,-0.014,-1.0,41492.0,5779759.0,1.39,1.398,1.386,1.406,0.85,1.25,1.79,-8.87,20010.0,21482.0,525068.0,9.08,996792.0,17.25,-471724.0,-8.16,-573582.0,-9.92,48512.0,0.84,-15.0,1.39,1.392,332914800.0,463417402,463417402,2026-08-19,2026-08-19 10:38:03+08:00
159692,证券ETF东财,1.194,1.1942,0.02,-0.012,-1.0,369767.0,44423837.5,1.201,1.209,1.194,1.206,1.24,2.35,1.56,9.12,164716.0,205051.0,-4948041.0,-11.14,-4679272.0,-10.53,-268769.0,-0.61,383712.0,0.86,4564328.0,10.27,814.0,1.193,1.194,1571455968.0,1876318426,1876318426,2026-08-19,2026-08-19 10:38:06+08:00
562300,碳中和ETF银华,0.691,0.692,0.14,-0.007,-1.0,13767.0,955854.0,0.698,0.7,0.689,0.698,1.58,2.31,4.6,-2.43,1918.0,11849.0,-36577.0,-3.83,0.0,0.0,-36577.0,-3.83,39618.0,4.14,-3040.0,-0.32,-3480.0,0.689,0.691,59495000.0,41111045,41111045,2026-08-19,2026-08-19 10:37:37+08:00
159976,湾创ETF工银,1.283,1.2862,0.25,-0.013,-1.0,142.0,18263.3,1.29,1.29,1.283,1.296,0.54,0.02,0.75,-1.65,3.0,139.0,9021.0,49.39,0.0,0.0,9021.0,49.39,0.0,0.0,-9021.0,-49.39,-30.0,1.28,1.283,64885872.0,83248574,83248574,2026-08-19,2026-08-19 10:38:00+08:00
159239,港股通汽车ETF富国,0.789,0.7874,-0.2,-0.008,-1.0,25949.0,2046960.4,0.799,0.8,0.786,0.797,1.76,2.92,1.03,-12.46,11726.0,14223.0,-99139.0,-4.84,0.0,0.0,-99139.0,-4.84,-22674.0,-1.11,121813.0,5.95,8.0,0.787,0.788,88780753.0,70048014,70048014,2026-08-19,2026-08-19 10:38:12+08:00
159030,粮食ETF华夏,0.891,0.8912,0.02,-0.009,-1.0,533311.0,47970268.173,0.902,0.913,0.88,0.9,3.67,18.14,8.26,73.67,267927.0,265384.0,-5421094.0,-11.3,2201159.0,4.59,-7622253.0,-15.89,937320.0,1.95,4483775.0,9.35,407.0,0.89,0.891,293968176.0,261925645,261925645,2026-08-19,2026-08-19 10:38:18+08:00
159016,证券ETF广发,0.995,0.9956,0.06,-0.01,-1.0,120670.0,12083665.2,1.0,1.008,0.995,1.005,1.29,3.18,1.48,-1.53,46716.0,73954.0,-1132211.0,-9.39,500000.0,4.15,-1632211.0,-13.54,109654.0,0.91,1022557.0,8.48,-299.0,0.995,0.996,379040160.0,377144959,377144959,2026-08-19,2026-08-19 10:38:15+08:00
520730,港股通汽车ETF万家,0.784,0.7842,0.03,-0.008,-1.01,4222.0,330277.0,0.789,0.789,0.782,0.792,0.88,0.34,0.84,14.34,1496.0,2726.0,-31270.0,-9.47,0.0,0.0,-31270.0,-9.47,31399.0,9.51,-129.0,-0.04,-1.0,0.782,0.784,122394400.0,95957210,95957210,2026-08-19,2026-08-19 10:37:51+08:00
517380,创新药ETF天弘,0.886,0.8902,0.47,-0.009,-1.01,546249.0,49022289.0,0.893,0.908,0.886,0.895,2.46,1.75,1.14,-4.37,248221.0,298028.0,-2379878.0,-4.85,225980.0,0.46,-2605858.0,-5.32,1300519.0,2.65,1079357.0,2.2,-3764.0,0.886,0.887,3126326304.0,2769925105,2769925105,2026-08-19,2026-08-19 10:37:52+08:00
512570,证券ETF易方达,1.074,1.0734,-0.06,-0.011,-1.01,986920.0,106715398.0,1.084,1.088,1.074,1.085,1.29,2.34,2.16,-5.53,401359.0,585561.0,337727.0,0.32,1581536.0,1.48,-1243809.0,-1.17,-3978318.0,-3.73,3640592.0,3.41,-920.0,1.074,1.075,4215806096.0,4527775747,4527775747,2026-08-19,2026-08-19 10:38:01+08:00
520840,港股通恒生科技ETF华安,0.779,0.7798,0.1,-0.008,-1.02,212531.0,16541122.0,0.782,0.782,0.776,0.787,0.76,1.89,1.54,25.83,108064.0,104467.0,-228503.0,-1.38,-1354469.0,-8.19,1125966.0,6.81,278365.0,1.68,-49862.0,-0.3,-724.0,0.778,0.779,1123049008.0,874855177,874855177,2026-08-19,2026-08-19 10:37:47+08:00
562050,药ETF华宝,0.969,0.9679,-0.11,-0.01,-1.02,36294.0,3535683.0,0.981,0.986,0.969,0.979,1.74,3.8,1.63,3.95,15785.0,20509.0,-103984.0,-2.94,0.0,0.0,-103984.0,-2.94,-150883.0,-4.27,254865.0,7.21,-878.0,0.968,0.969,95468000.0,92508492,92508492,2026-08-19,2026-08-19 10:37:48+08:00
512880,证券ETF国泰,1.066,1.067,0.09,-0.011,-1.02,8137297.0,873637620.0,1.074,1.081,1.066,1.077,1.39,1.37,1.51,24.12,3050523.0,5086773.0,-75686645.0,-8.66,-54934784.0,-6.29,-20751861.0,-2.38,35226760.0,4.03,40456688.0,4.63,-898.0,1.066,1.067,59324291584.0,63239694829,63239694829,2026-08-19,2026-08-19 10:37:59+08:00
159841,证券ETF天弘,0.968,0.9673,-0.07,-0.01,-1.02,1309058.0,127315603.31,0.974,0.981,0.967,0.978,1.43,1.06,1.61,6.51,474042.0,835016.0,-22490827.0,-17.67,-16998588.0,-13.36,-5492239.0,-4.32,13783151.0,10.83,8707677.0,6.84,354.0,0.967,0.968,12299838464.0,11906243633,11906243633,2026-08-19,2026-08-19 10:38:03+08:00
560400,证券ETF华泰柏瑞,0.968,0.9679,-0.01,-0.01,-1.02,105223.0,10238034.0,0.983,0.983,0.968,0.978,1.53,5.83,1.56,-5.88,46777.0,58446.0,21218.0,0.21,-492527.0,-4.81,513745.0,5.02,-120382.0,-1.18,99163.0,0.97,-87.0,0.968,0.969,180493000.0,174717224,174717224,2026-08-19,2026-08-19 10:37:54+08:00
516560,养老ETF华宝,0.769,0.7666,-0.31,-0.008,-1.03,9000.0,692258.0,0.777,0.777,0.767,0.777,1.29,0.44,0.86,5.08,4336.0,4664.0,-130577.0,-18.86,0.0,0.0,-130577.0,-18.86,31033.0,4.48,99544.0,14.38,5.0,0.767,0.768,205758000.0,158227902,158227902,2026-08-19,2026-08-19 10:37:55+08:00
562530,中证1000价值ETF华夏,1.252,1.2533,0.1,-0.013,-1.03,57926.0,7256960.0,1.254,1.26,1.25,1.265,0.79,3.06,2.24,4.32,14658.0,43268.0,70121.0,0.97,0.0,0.0,70121.0,0.97,-61356.0,-0.85,-8766.0,-0.12,-18.0,1.251,1.253,189144000.0,236808288,236808288,2026-08-19,2026-08-19 10:37:50+08:00
159640,碳中和龙头ETF工银,0.948,0.9465,-0.16,-0.01,-1.04,14119.0,1336463.5,0.95,0.95,0.944,0.958,0.63,2.36,2.88,0.47,11305.0,2814.0,-36265.0,-2.71,0.0,0.0,-36265.0,-2.71,27747.0,2.08,8518.0,0.64,1300.0,0.945,0.946,59845198.0,56733248,56733248,2026-08-19,2026-08-19 10:38:06+08:00
516980,证券先锋ETF华富,1.049,1.0488,-0.02,-0.011,-1.04,7694.0,812373.0,1.058,1.061,1.049,1.06,1.13,1.29,1.3,9.58,3143.0,4551.0,-267244.0,-32.9,0.0,0.0,-267244.0,-32.9,73866.0,9.09,193379.0,23.8,-5.0,1.048,1.049,59516000.0,62432284,62432284,2026-08-19,2026-08-19 10:37:52+08:00
159848,证券ETF国联安,0.851,0.8502,-0.09,-0.009,-1.05,11584.0,991801.4,0.855,0.861,0.851,0.86,1.16,0.74,0.9,25.47,5963.0,5621.0,-64287.0,-6.48,-17507.0,-1.77,-46780.0,-4.72,-44397.0,-4.48,108685.0,10.96,3.0,0.85,0.851,155811239.0,132595364,132595364,2026-08-19,2026-08-19 10:38:03+08:00
516950,基建ETF银华,1.028,1.0268,-0.12,-0.011,-1.06,82777.0,8549765.0,1.036,1.036,1.026,1.039,0.96,7.54,5.09,-1.48,43622.0,39155.0,44248.0,0.52,-2489760.0,-29.12,2534008.0,29.64,-83059.0,-0.97,38812.0,0.45,-261.0,1.027,1.028,109821000.0,112895988,112895988,2026-08-19,2026-08-19 10:37:54+08:00
561020,食品ETF招商,1.028,1.0289,0.09,-0.011,-1.06,7730.0,798500.0,1.04,1.04,1.028,1.039,1.15,2.15,0.45,-22.96,140.0,7590.0,110100.0,13.79,0.0,0.0,110100.0,13.79,-105558.0,-13.22,-4542.0,-0.57,-10.0,1.027,1.028,36022200.0,37030822,37030822,2026-08-19,2026-08-19 10:37:52+08:00
517000,沪港深500ETF银华,1.013,1.0149,0.19,-0.011,-1.07,1729.0,175321.0,1.018,1.018,1.011,1.024,0.68,0.14,0.53,21.2,102.0,1627.0,142115.0,81.06,0.0,0.0,142115.0,81.06,-132787.0,-75.74,-9328.0,-5.32,-470.0,1.013,1.016,127793000.0,129454309,129454309,2026-08-19,2026-08-19 10:37:40+08:00
159747,香港科技ETF南方,1.191,1.1941,0.26,-0.013,-1.08,181170.0,21555389.0,1.19,1.196,1.186,1.204,0.83,5.74,2.93,-7.98,91724.0,89446.0,-65401.0,-0.3,421928.0,1.96,-487329.0,-2.26,384419.0,1.78,-319018.0,-1.48,-13.0,1.19,1.191,315712272.0,376013316,376013316,2026-08-19,2026-08-19 10:38:06+08:00
159708,红利ETF西部利得,0.815,0.8145,-0.06,-0.009,-1.09,41190.0,3362450.5,0.824,0.824,0.814,0.824,1.21,2.29,1.27,2.82,27376.0,13814.0,-111198.0,-3.31,-268748.0,-7.99,157550.0,4.69,97198.0,2.89,13999.0,0.42,2000.0,0.814,0.815,180028306.0,146723069,146723069,2026-08-19,2026-08-19 10:38:06+08:00
563060,央企50ETF易方达,1.08,1.0789,-0.1,-0.012,-1.1,2666.0,288877.0,1.092,1.103,1.079,1.092,2.2,0.14,0.21,2.24,1345.0,1321.0,10849.0,3.76,238286.0,82.49,-227437.0,-78.73,-26975.0,-9.34,16126.0,5.58,-50.0,1.078,1.08,189527000.0,204689160,204689160,2026-08-19,2026-08-19 10:37:42+08:00
510040,上证180ETF鹏华,1.169,1.1662,-0.24,-0.013,-1.1,15317.0,1793585.0,1.182,1.182,1.169,1.182,1.1,5.78,3.11,0.25,7767.0,7550.0,121917.0,6.8,0.0,0.0,121917.0,6.8,-54116.0,-3.02,-67800.0,-3.78,-29.0,1.165,1.168,26480000.0,30955120,30955120,2026-08-19,2026-08-19 10:38:00+08:00
159031,粮食ETF博时,0.987,0.9884,0.14,-0.011,-1.1,93880.0,9333826.273,0.995,1.01,0.975,0.998,3.51,1.75,3.45,11.2,37406.0,56474.0,1222298.0,13.1,2449800.0,26.25,-1227502.0,-13.15,-1369519.0,-14.67,147221.0,1.58,100.0,0.986,0.987,535528624.0,528566752,528566752,2026-08-19,2026-08-19 10:38:18+08:00
510660,医药ETF华夏,2.594,2.5936,-0.02,-0.029,-1.11,26952.0,7057724.0,2.613,2.634,2.594,2.623,1.52,4.91,1.35,-1.22,9296.0,17656.0,1830347.0,25.93,0.0,0.0,1830347.0,25.93,-1612386.0,-22.85,-217961.0,-3.09,-50.0,2.592,2.594,54879700.0,142357942,142357942,2026-08-19,2026-08-19 10:38:01+08:00
510020,超大盘ETF博时,3.915,3.9038,-0.29,-0.044,-1.11,12609.0,4954215.0,3.947,3.947,3.915,3.959,0.81,3.42,3.52,-4.44,5262.0,7347.0,-332560.0,-6.71,1835822.0,37.06,-2168382.0,-43.77,79225.0,1.6,253335.0,5.11,-11.0,3.903,3.912,36848000.0,144259920,144259920,2026-08-19,2026-08-19 10:38:02+08:00
159058,证券ETF大成,0.971,0.9719,0.09,-0.011,-1.12,18051.0,1761585.41,0.981,0.982,0.971,0.982,1.12,1.43,0.16,-2.23,13274.0,4777.0,132959.0,7.55,-472384.0,-26.82,605343.0,34.36,-185141.0,-10.51,52182.0,2.96,-861.0,0.97,0.972,126331247.0,122667641,122667641,2026-08-19,2026-08-19 10:38:18+08:00
513400,道琼斯ETF鹏华,1.324,1.3152,-0.67,-0.015,-1.12,1335417.0,177122458.0,1.335,1.336,1.321,1.339,1.12,5.11,3.16,26.76,464121.0,871296.0,-6942818.0,-3.92,-34982716.0,-19.75,28039898.0,15.83,1877624.0,1.06,5068372.0,2.86,-91.0,1.324,1.325,2612062000.0,3458370088,3458370088,2026-08-19,2026-08-19 10:37:56+08:00
510990,180ESGETF工银,1.057,1.0531,-0.37,-0.012,-1.12,45625.0,4833652.0,1.061,1.061,1.053,1.069,0.75,11.71,3.67,9.32,26165.0,19460.0,546116.0,11.3,0.0,0.0,546116.0,11.3,-547128.0,-11.32,1013.0,0.02,1830.0,1.051,1.054,38948600.0,41168670,41168670,2026-08-19,2026-08-19 10:37:59+08:00
159827,农业ETF银华,0.79,0.7899,-0.01,-0.009,-1.13,25221.0,1999025.8,0.799,0.8,0.788,0.799,1.5,2.75,2.34,0.83,5706.0,19515.0,99319.0,4.97,-729916.0,-36.51,829235.0,41.48,-172268.0,-8.62,72949.0,3.65,200.0,0.789,0.79,91716463.0,72456006,72456006,2026-08-19,2026-08-19 10:38:06+08:00
159587,粮食ETF广发,1.222,1.225,0.24,-0.014,-1.13,784702.0,96915929.1,1.235,1.255,1.15,1.236,8.5,31.97,8.03,-13.77,375413.0,409289.0,-5642132.0,-5.82,-3315890.0,-3.42,-2326242.0,-2.4,2539625.0,2.62,3102506.0,3.2,-480.0,1.222,1.223,245447031.0,299936272,299936272,2026-08-19,2026-08-19 10:38:06+08:00
515840,食品ETF南方,1.042,1.0428,0.08,-0.012,-1.14,11543.0,1208141.0,1.055,1.055,1.041,1.054,1.33,2.72,0.74,5.15,6325.0,5218.0,32163.0,2.66,0.0,0.0,32163.0,2.66,-20263.0,-1.68,-11900.0,-0.98,2272.0,1.041,1.043,42426400.0,44208309,44208309,2026-08-19,2026-08-19 10:37:55+08:00
515960,医药ETF嘉实,0.868,0.8661,-0.22,-0.01,-1.14,26344.0,2302577.0,0.874,0.88,0.867,0.878,1.48,1.08,1.55,-5.74,14726.0,11618.0,21958.0,0.95,521281.0,22.64,-499323.0,-21.69,-69240.0,-3.01,47282.0,2.05,4.0,0.866,0.868,244991900.0,212652969,212652969,2026-08-19,2026-08-19 10:37:56+08:00
159698,粮食ETF鹏华,0.946,0.9478,0.19,-0.011,-1.15,1829283.0,174580480.3,0.958,0.971,0.937,0.957,3.55,13.99,5.9,62.14,843252.0,986031.0,1764306.0,1.01,10315169.0,5.91,-8550863.0,-4.9,-6406064.0,-3.67,4641759.0,2.66,-144.0,0.946,0.947,1307944384.0,1237315387,1237315387,2026-08-19,2026-08-19 10:38:06+08:00
517200,互联网ETF嘉实,0.6,0.599,-0.17,-0.007,-1.15,2673.0,159592.0,0.603,0.603,0.595,0.607,1.32,0.19,0.37,0.14,478.0,2195.0,58286.0,36.52,0.0,0.0,58286.0,36.52,-87436.0,-54.79,29151.0,18.27,-1.0,0.6,0.601,139782000.0,83869200,83869200,2026-08-19,2026-08-19 10:37:46+08:00
516200,证券ETF华安,1.021,1.0204,-0.06,-0.012,-1.16,44714.0,4583520.0,1.034,1.034,1.021,1.033,1.26,0.99,1.35,4.32,13831.0,30883.0,-362302.0,-7.9,-5263.0,-0.11,-357039.0,-7.79,43832.0,0.96,318471.0,6.95,-156.0,1.02,1.021,451604000.0,461087684,461087684,2026-08-19,2026-08-19 10:37:56+08:00
159742,恒生科技ETF博时,0.599,0.5998,0.13,-0.007,-1.16,890836.0,53316595.6,0.6,0.602,0.596,0.606,0.99,1.42,1.68,14.44,446011.0,444825.0,-1059328.0,-1.99,-3346849.0,-6.28,2287521.0,4.29,893100.0,1.68,166227.0,0.31,83.0,0.598,0.599,6293928192.0,3770062987,3770062987,2026-08-19,2026-08-19 10:38:06+08:00
159736,食品饮料ETF天弘,0.594,0.5945,0.08,-0.007,-1.16,67298.0,4016100.0,0.6,0.602,0.593,0.601,1.5,0.09,0.7,16.53,32986.0,34312.0,-385182.0,-9.59,794832.0,19.79,-1180014.0,-29.39,-232126.0,-5.78,617308.0,15.37,9.0,0.593,0.594,7510394368.0,4461174255,4461174255,2026-08-19,2026-08-19 10:38:06+08:00
510410,资源ETF博时,1.955,1.9532,-0.09,-0.023,-1.16,49526.0,9698113.0,1.971,1.971,1.944,1.978,1.37,1.13,2.38,19.41,21529.0,27997.0,327662.0,3.38,3814574.0,39.33,-3486912.0,-35.95,-138964.0,-1.43,-188698.0,-1.95,1.0,1.952,1.954,438258400.0,856795172,856795172,2026-08-19,2026-08-19 10:38:01+08:00
159965,央视50ETF国联,1.618,1.6181,0.01,-0.019,-1.16,1074.0,174562.5,1.627,1.631,1.618,1.637,0.79,0.48,2.12,2.09,757.0,317.0,-122804.0,-77.54,0.0,0.0,-122804.0,-77.54,61012.0,38.52,61791.0,39.01,-100.0,1.617,1.618,22426953.0,36286810,36286810,2026-08-19,2026-08-19 10:38:03+08:00
159260,证券ETF博时,0.842,0.8437,0.2,-0.01,-1.17,283193.0,24006558.845,0.852,0.856,0.842,0.852,1.64,2.58,11.38,76.71,22405.0,260788.0,-1290781.0,-5.38,11973846.0,49.88,-13264627.0,-55.25,857491.0,3.57,433290.0,1.8,-1522.0,0.842,0.844,1095713584.0,922590838,922590838,2026-08-19,2026-08-19 10:38:09+08:00
159842,券商ETF银华,1.015,1.0159,0.09,-0.012,-1.17,1042842.0,106429028.3,1.023,1.029,1.015,1.027,1.36,1.12,1.21,-11.47,344542.0,698300.0,-13051818.0,-12.26,-7785869.0,-7.32,-5265949.0,-4.95,5925340.0,5.57,7126478.0,6.7,-5.0,1.015,1.016,9343250688.0,9483399448,9483399448,2026-08-19,2026-08-19 10:38:03+08:00
159619,基建ETF国泰,0.932,0.9314,-0.06,-0.011,-1.17,12269.0,1144520.8,0.94,0.94,0.929,0.943,1.17,1.61,1.73,28.41,3752.0,8517.0,-78508.0,-6.86,0.0,0.0,-78508.0,-6.86,28564.0,2.5,49945.0,4.36,1600.0,0.93,0.931,75981007.0,70814299,70814299,2026-08-19,2026-08-19 10:38:06+08:00
159120,港股通科技ETF国联安,0.762,0.7665,0.59,-0.009,-1.17,35586.0,2710126.7,0.765,0.765,0.758,0.771,0.91,2.36,0.77,12.49,18924.0,16662.0,340596.0,12.57,210662.0,7.77,129934.0,4.79,-351221.0,-12.96,10626.0,0.39,-209.0,0.761,0.763,151024466.0,115080643,115080643,2026-08-19,2026-08-19 10:38:15+08:00
560130,食品ETF鹏华,0.931,0.9308,-0.02,-0.011,-1.17,318.0,29916.0,0.943,0.949,0.931,0.942,1.91,0.05,0.39,-0.76,36.0,282.0,0.0,0.0,0.0,0.0,0.0,0.0,-93.0,-0.31,93.0,0.31,-15.0,0.93,0.931,69776200.0,64961642,64961642,2026-08-19,2026-08-19 10:37:54+08:00
159905,红利ETF工银,1.686,1.6864,0.02,-0.02,-1.17,75703.0,12796379.6,1.692,1.698,1.684,1.706,0.82,0.73,0.95,16.25,33517.0,42186.0,-1344412.0,-10.51,-1549124.0,-12.11,204712.0,1.6,721629.0,5.64,622783.0,4.87,-42.0,1.685,1.686,1033943952.0,1743229503,1743229503,2026-08-19,2026-08-19 10:38:00+08:00
515060,房地产ETF华夏,0.586,0.5866,0.1,-0.007,-1.18,384931.0,22638421.0,0.589,0.595,0.583,0.593,2.02,4.06,1.88,11.36,191010.0,193921.0,64380.0,0.28,-524943.0,-2.32,589323.0,2.6,-161805.0,-0.71,97425.0,0.43,-33.0,0.586,0.587,948478096.0,555808164,555808164,2026-08-19,2026-08-19 10:37:57+08:00
515770,MSCI中国A股ETF摩根,1.421,1.4152,-0.41,-0.017,-1.18,200.0,28470.0,1.426,1.429,1.421,1.438,0.56,0.05,0.05,-9.13,2.0,198.0,10703.0,37.59,0.0,0.0,10703.0,37.59,0.0,0.0,-10704.0,-37.6,-18.0,1.416,1.417,39727300.0,56452493,56452493,2026-08-19,2026-08-19 10:37:50+08:00
159741,恒生科技ETF嘉实,0.586,0.5896,0.61,-0.007,-1.18,514850.0,30122273.8,0.59,0.59,0.582,0.593,1.35,3.64,1.52,16.59,236660.0,278190.0,-1681086.0,-5.58,1190405.0,3.95,-2871491.0,-9.53,1769490.0,5.87,-88403.0,-0.29,30.0,0.585,0.586,1412796720.0,827898878,827898878,2026-08-19,2026-08-19 10:38:06+08:00
159186,港股通汽车ETF鹏华,0.754,0.7535,-0.07,-0.009,-1.18,15957.0,1202316.0,0.762,0.767,0.751,0.763,2.1,1.88,1.6,-14.74,7832.0,8125.0,-121111.0,-10.07,0.0,0.0,-121111.0,-10.07,80125.0,6.66,40987.0,3.41,7.0,0.753,0.754,84869245.0,63991411,63991411,2026-08-19,2026-08-19 10:38:15+08:00
159008,证券ETF景顺,0.996,0.9967,0.07,-0.012,-1.19,30751.0,3080646.7,1.003,1.01,0.996,1.008,1.39,2.7,1.87,-3.78,14156.0,16595.0,-394286.0,-12.8,-982991.0,-31.91,588705.0,19.11,-10154.0,-0.33,404440.0,13.13,-1.0,0.996,0.998,113784531.0,113329393,113329393,2026-08-19,2026-08-19 10:38:18+08:00
520570,恒生科技ETF南方,0.747,0.7468,-0.03,-0.009,-1.19,657827.0,49084077.0,0.751,0.751,0.744,0.756,0.93,1.93,2.53,13.53,355579.0,302248.0,-678356.0,-1.38,2117824.0,4.31,-2796180.0,-5.7,105334.0,0.21,573023.0,1.17,1.0,0.746,0.747,3415876000.0,2551659372,2551659372,2026-08-19,2026-08-19 10:37:52+08:00
516840,汽车ETF南方,0.749,0.7485,-0.07,-0.009,-1.19,46557.0,3486057.0,0.756,0.756,0.747,0.758,1.19,3.44,2.69,21.04,17616.0,28941.0,28914.0,0.83,-448100.0,-12.85,477014.0,13.68,-31435.0,-0.9,2521.0,0.07,12.0,0.748,0.749,135277000.0,101322473,101322473,2026-08-19,2026-08-19 10:37:51+08:00
159993,证券ETF鹏华,1.153,1.1535,0.04,-0.014,-1.2,346162.0,40191324.0,1.164,1.168,1.153,1.167,1.29,1.04,1.33,17.13,128161.0,218001.0,-6975427.0,-17.36,-2662807.0,-6.63,-4312620.0,-10.73,3668079.0,9.13,3307349.0,8.23,-82.0,1.153,1.154,3324197984.0,3832800276,3832800276,2026-08-19,2026-08-19 10:38:00+08:00
159172,养殖ETF汇添富,0.826,0.8267,0.08,-0.01,-1.2,72646.0,6048836.745,0.839,0.842,0.825,0.836,2.03,1.82,1.82,13.45,29937.0,42709.0,1061805.0,17.55,813393.0,13.45,248412.0,4.11,-1128990.0,-18.66,67184.0,1.11,-60.0,0.825,0.826,398829296.0,329432998,329432998,2026-08-19,2026-08-19 10:38:09+08:00
512030,中证A50增强ETF易方达,1.14,1.1388,-0.11,-0.014,-1.21,1559.0,177940.0,1.143,1.146,1.138,1.154,0.69,0.34,0.17,4.27,307.0,1252.0,33192.0,18.65,0.0,0.0,33192.0,18.65,20600.0,11.58,-53792.0,-30.23,-140.0,1.14,1.141,45240000.0,51573600,51573600,2026-08-19,2026-08-19 10:38:00+08:00
159913,深价值ETF交银,2.451,2.4555,0.18,-0.03,-1.21,655.0,160874.1,2.466,2.48,2.451,2.481,1.17,0.29,5.29,0.1,517.0,138.0,0.0,0.0,0.0,0.0,0.0,0.0,-55260.0,-34.35,55260.0,34.35,-2.0,2.451,2.455,22329693.0,54730078,54730078,2026-08-19,2026-08-19 10:38:03+08:00
562990,碳中和ETF易方达,0.979,0.9791,0.01,-0.012,-1.21,22699.0,2223563.0,0.985,0.985,0.975,0.991,1.01,0.6,1.52,7.65,8378.0,14321.0,-41588.0,-1.87,-286154.0,-12.87,244566.0,11.0,3470.0,0.16,38119.0,1.71,100.0,0.977,0.979,377756000.0,369823124,369823124,2026-08-19,2026-08-19 10:37:50+08:00
512120,医药ETF华安,0.487,0.4852,-0.37,-0.006,-1.22,79070.0,3887352.0,0.49,0.495,0.487,0.493,1.62,1.02,0.78,-4.1,27282.0,51788.0,486340.0,12.51,583651.0,15.01,-97311.0,-2.5,-391604.0,-10.07,-94736.0,-2.44,-406.0,0.486,0.487,776241904.0,378029807,378029807,2026-08-19,2026-08-19 10:37:53+08:00
517010,沪港深500ETF易方达,1.13,1.1303,0.03,-0.014,-1.22,12462.0,1407742.0,1.133,1.133,1.127,1.144,0.52,1.59,1.58,-16.06,4000.0,8462.0,-64041.0,-4.55,0.0,0.0,-64041.0,-4.55,62923.0,4.47,1117.0,0.08,-1000.0,1.128,1.13,78144200.0,88302946,88302946,2026-08-19,2026-08-19 10:37:52+08:00
159929,医药ETF汇添富,1.371,1.3716,0.04,-0.017,-1.22,214684.0,29669846.0,1.386,1.391,1.37,1.388,1.51,1.27,1.04,51.99,103587.0,111097.0,1709188.0,5.76,2582117.0,8.7,-872929.0,-2.94,-1650268.0,-5.56,-58919.0,-0.2,313.0,1.37,1.371,1689204208.0,2315898969,2315898969,2026-08-19,2026-08-19 10:38:03+08:00
159758,红利质量ETF华夏,1.138,1.1378,-0.02,-0.014,-1.22,111877.0,12757898.2,1.152,1.152,1.136,1.152,1.39,0.85,1.47,-10.05,54674.0,57203.0,-869424.0,-6.81,-386192.0,-3.03,-483232.0,-3.79,1415383.0,11.09,-545958.0,-4.28,-2.0,1.137,1.139,1316290784.0,1497938912,1497938912,2026-08-19,2026-08-19 10:38:06+08:00
512200,房地产ETF南方,1.218,1.2198,0.15,-0.015,-1.22,472362.0,57767045.0,1.229,1.237,1.212,1.233,2.03,1.69,1.55,34.4,210695.0,261667.0,-2816586.0,-4.88,-1979936.0,-3.43,-836650.0,-1.45,1846352.0,3.2,970235.0,1.68,-61.0,1.218,1.22,2797097904.0,3406865247,3406865247,2026-08-19,2026-08-19 10:38:00+08:00
512900,证券ETF南方,1.056,1.0558,-0.02,-0.013,-1.22,244781.0,25988405.0,1.066,1.07,1.056,1.069,1.31,0.33,1.76,-6.06,91541.0,153240.0,-1379275.0,-5.31,-504809.0,-1.94,-874466.0,-3.36,132889.0,0.51,1246386.0,4.8,-63.0,1.056,1.057,7504406016.0,7924652753,7924652753,2026-08-19,2026-08-19 10:37:59+08:00
159974,央企创新ETF富国,1.783,1.7761,-0.39,-0.022,-1.22,637.0,113826.3,1.789,1.791,1.774,1.805,0.94,0.16,1.18,71.53,624.0,13.0,-50147.0,-44.06,0.0,0.0,-50147.0,-44.06,35364.0,31.07,14783.0,12.99,6.0,1.775,1.778,39432422.0,70308008,70308008,2026-08-19,2026-08-19 10:38:00+08:00
563850,食品ETF广发,0.964,0.9641,0.01,-0.012,-1.23,14091.0,1365787.0,0.978,0.978,0.963,0.976,1.54,1.19,2.41,-1.38,2672.0,11419.0,-33022.0,-2.42,0.0,0.0,-33022.0,-2.42,15050.0,1.1,17972.0,1.32,11.0,0.963,0.964,118481700.0,114216359,114216359,2026-08-19,2026-08-19 10:37:43+08:00
520590,恒生科技ETF鹏华,0.798,0.7988,0.1,-0.01,-1.24,53063.0,4226268.0,0.801,0.801,0.794,0.808,0.87,2.51,1.5,6.81,25022.0,28041.0,-1106523.0,-26.18,-554642.0,-13.12,-551881.0,-13.06,769300.0,18.2,337223.0,7.98,2.0,0.796,0.798,211235000.0,168565530,168565530,2026-08-19,2026-08-19 10:37:53+08:00
159060,粮食ETF浦银,1.039,1.0473,0.79,-0.013,-1.24,81572.0,8548413.864,1.049,1.064,1.023,1.052,3.9,12.65,3.54,-4.73,36826.0,44746.0,-1609.0,-0.02,-2588878.0,-30.28,2587269.0,30.27,-161157.0,-1.89,162766.0,1.9,13.0,1.038,1.04,64483423.0,66998276,66998276,2026-08-19,2026-08-19 10:38:18+08:00
560320,食品ETF富国,0.946,0.9463,0.03,-0.012,-1.25,11244.0,1068315.0,0.958,0.958,0.945,0.958,1.36,0.9,0.79,-0.75,2607.0,8637.0,33433.0,3.13,0.0,0.0,33433.0,3.13,-12351.0,-1.16,-21081.0,-1.97,1.0,0.945,0.946,125332000.0,118564072,118564072,2026-08-19,2026-08-19 10:37:54+08:00
159262,港股通科技ETF广发,0.867,0.8698,0.32,-0.011,-1.25,1533625.0,132878573.53,0.87,0.871,0.863,0.878,0.91,2.66,1.68,-7.81,827889.0,705736.0,21580899.0,16.24,12266380.0,9.23,9314519.0,7.01,-2327167.0,-1.75,-19253732.0,-14.49,-3000.0,0.867,0.868,5759720448.0,4993677628,4993677628,2026-08-19,2026-08-19 10:38:12+08:00
512010,医药ETF易方达,0.396,0.3966,0.15,-0.005,-1.25,5978343.0,238516815.0,0.4,0.402,0.396,0.401,1.5,1.46,1.59,30.47,2354261.0,3624082.0,8100723.0,3.4,23360562.0,9.79,-15259839.0,-6.4,-8099710.0,-3.4,-4982.0,0.0,-1693.0,0.396,0.397,40899694848.0,16196279160,16196279160,2026-08-19,2026-08-19 10:38:02+08:00
159980,有色ETF大成,2.123,2.1254,0.11,-0.027,-1.26,638574.0,135599471.6,2.123,2.127,2.121,2.15,0.28,2.15,1.4,-16.56,212732.0,425842.0,13294728.0,9.8,42467383.0,31.32,-29172655.0,-21.51,-6581193.0,-4.85,-6713534.0,-4.95,3.0,2.122,2.123,2975824784.0,6317676016,6317676016,2026-08-19,2026-08-19 10:38:03+08:00
516550,农业ETF嘉实,0.708,0.709,0.14,-0.009,-1.26,72710.0,5176742.0,0.716,0.717,0.708,0.717,1.26,2.78,2.14,13.99,29458.0,43252.0,53569.0,1.03,-1418478.0,-27.4,1472047.0,28.44,37355.0,0.72,-90925.0,-1.76,-100.0,0.708,0.709,261414400.0,185081395,185081395,2026-08-19,2026-08-19 10:37:55+08:00
159028,港股汽车ETF天弘,0.777,0.7816,0.59,-0.01,-1.27,14853.0,1155349.385,0.791,0.791,0.776,0.787,1.91,1.17,1.39,8.03,4979.0,9874.0,-51903.0,-4.49,-60684.0,-5.25,8781.0,0.76,13740.0,1.19,38164.0,3.3,-600.0,0.776,0.777,127449016.0,99027885,99027885,2026-08-19,2026-08-19 10:38:15+08:00
560060,碳中和ETF汇添富,0.931,0.932,0.11,-0.012,-1.27,257.0,23930.0,0.94,0.94,0.929,0.943,1.17,0.03,0.22,-6.66,186.0,71.0,-11049.0,-46.17,0.0,0.0,-11049.0,-46.17,0.0,0.0,11049.0,46.17,22.0,0.931,0.932,76090000.0,70839790,70839790,2026-08-19,2026-08-19 10:37:52+08:00
517170,沪港深500ETF华夏,1.008,1.0122,0.41,-0.013,-1.27,3619.0,364798.0,1.011,1.011,1.008,1.021,0.29,2.24,3.0,-1.05,3001.0,618.0,-10385.0,-2.85,0.0,0.0,-10385.0,-2.85,0.0,0.0,10384.0,2.85,-100.0,1.005,1.008,16131800.0,16260854,16260854,2026-08-19,2026-08-19 10:37:50+08:00
513080,法国ETF华安,1.781,1.7876,0.37,-0.023,-1.27,160221.0,28556385.0,1.791,1.792,1.779,1.804,0.72,2.46,1.83,21.95,59320.0,100901.0,1370919.0,4.8,1254888.0,4.39,116031.0,0.41,-1984046.0,-6.95,613129.0,2.15,1.0,1.78,1.781,651916000.0,1161062396,1161062396,2026-08-19,2026-08-19 10:38:01+08:00
520920,恒生科技ETF天弘,0.694,0.6961,0.3,-0.009,-1.28,890453.0,61777591.0,0.696,0.697,0.691,0.703,0.85,0.47,1.45,20.06,436561.0,453892.0,-5505289.0,-8.95,355390.0,0.58,-5860679.0,-9.53,4224307.0,6.87,1279872.0,2.08,4016.0,0.693,0.694,18759019008.0,13018759192,13018759192,2026-08-19,2026-08-19 10:37:53+08:00
510600,上证50ETF申万菱信,3.856,3.847,-0.23,-0.05,-1.28,4361.0,1689100.0,3.881,3.882,3.847,3.906,0.9,3.28,3.25,-0.69,1916.0,2445.0,73561.0,4.36,0.0,0.0,73561.0,4.36,-122646.0,-7.26,49085.0,2.91,17.0,3.834,3.845,13315100.0,51343026,51343026,2026-08-19,2026-08-19 10:38:03+08:00
517080,沪港深500ETF汇添富,1.002,1.0025,0.05,-0.013,-1.28,11311.0,1135034.0,1.016,1.016,1.002,1.015,1.38,0.65,4.59,8.23,2880.0,8431.0,-575535.0,-50.71,0.0,0.0,-575535.0,-50.71,542605.0,47.81,32929.0,2.9,300.0,1.001,1.002,173166000.0,173512332,173512332,2026-08-19,2026-08-19 10:37:49+08:00
513010,恒生科技ETF易方达,0.61,0.6103,0.05,-0.008,-1.29,4787962.0,291439867.0,0.61,0.612,0.606,0.618,0.97,1.08,1.55,12.64,2271429.0,2516533.0,-12092053.0,-4.15,-14652576.0,-5.03,2560523.0,0.88,6974991.0,2.39,5117063.0,1.76,1102.0,0.609,0.61,44430307072.0,27102487314,27102487314,2026-08-19,2026-08-19 10:38:00+08:00
560560,碳中和ETF泰康,0.69,0.6897,-0.04,-0.009,-1.29,5493.0,379392.0,0.706,0.706,0.689,0.699,2.43,0.76,3.28,10.99,3719.0,1774.0,-108362.0,-28.56,0.0,0.0,-108362.0,-28.56,102771.0,27.09,5591.0,1.47,3000.0,0.688,0.69,72190100.0,49811169,49811169,2026-08-19,2026-08-19 10:37:49+08:00
510670,上证180ETF华夏,0.998,0.9969,-0.11,-0.013,-1.29,7794.0,779343.0,1.001,1.004,0.995,1.011,0.89,0.44,1.27,16.93,4543.0,3251.0,406167.0,52.12,0.0,0.0,406167.0,52.12,-270103.0,-34.66,-136065.0,-17.46,2.0,0.994,0.997,177993000.0,177637014,177637014,2026-08-19,2026-08-19 10:38:03+08:00
159072,粮食ETF景顺,1.143,1.145,0.17,-0.015,-1.3,218450.0,25197672.287,1.158,1.173,1.1,1.158,6.3,58.59,7.49,-10.8,121529.0,96921.0,-323738.0,-1.28,-2005561.0,-7.96,1681823.0,6.67,-156275.0,-0.62,480012.0,1.9,-50.0,1.143,1.145,37285157.0,42616934,42616934,2026-08-19,2026-08-19 10:38:18+08:00
516810,农业ETF华夏,0.754,0.7542,0.03,-0.01,-1.31,602225.0,45666480.0,0.765,0.765,0.753,0.764,1.57,11.35,2.02,2.65,285944.0,316281.0,3260479.0,7.14,1146745.0,2.51,2113734.0,4.63,-2497829.0,-5.47,-762651.0,-1.67,-4174.0,0.753,0.754,530478896.0,399981088,399981088,2026-08-19,2026-08-19 10:37:48+08:00
159121,港股通汽车ETF易方达,0.749,0.7498,0.11,-0.01,-1.32,94604.0,7093581.2,0.753,0.753,0.747,0.759,0.79,6.12,0.86,13.79,37208.0,57396.0,-158731.0,-2.28,0.0,0.0,-158731.0,-2.28,-108818.0,-1.57,267549.0,3.85,-1933.0,0.748,0.749,154481127.0,115706364,115706364,2026-08-19,2026-08-19 10:38:15+08:00
515900,央企创新ETF博时,1.645,1.6447,-0.02,-0.022,-1.32,9466.0,1562626.0,1.662,1.662,1.643,1.667,1.14,0.04,0.94,2.97,2970.0,6496.0,98024.0,6.27,104783.0,6.71,-6759.0,-0.43,-117632.0,-7.53,19607.0,1.25,-305.0,1.644,1.646,2237446496.0,3680599486,3680599486,2026-08-19,2026-08-19 10:37:55+08:00
516070,低碳ETF易方达,0.595,0.5967,0.28,-0.008,-1.33,27164.0,1622790.0,0.602,0.602,0.593,0.603,1.49,0.93,2.17,2.89,439.0,26725.0,84007.0,5.18,212888.0,13.12,-128881.0,-7.94,-52212.0,-3.22,-31796.0,-1.96,-2849.0,0.595,0.596,293646000.0,174719370,174719370,2026-08-19,2026-08-19 10:37:55+08:00
159512,汽车ETF广发,1.036,1.0368,0.08,-0.014,-1.33,52386.0,5440910.4,1.048,1.048,1.034,1.05,1.33,4.88,1.03,34.71,21684.0,30702.0,-465237.0,-8.55,-961988.0,-17.68,496751.0,9.13,-356980.0,-6.56,822217.0,15.11,-118.0,1.036,1.037,107264855.0,111126390,111126390,2026-08-19,2026-08-19 10:38:09+08:00
513180,恒生科技ETF华夏,0.591,0.5917,0.12,-0.008,-1.34,15662585.0,924920322.0,0.591,0.594,0.588,0.599,1.0,2.25,1.57,23.88,7260658.0,8401927.0,-35997800.0,-3.89,-41818064.0,-4.52,5820264.0,0.63,22862986.0,2.47,13134816.0,1.42,548.0,0.59,0.591,69686759424.0,41184874820,41184874820,2026-08-19,2026-08-19 10:37:59+08:00
513580,恒生科技ETF华安,0.588,0.5925,0.76,-0.008,-1.34,475858.0,27953997.0,0.589,0.59,0.585,0.596,0.84,0.78,1.6,24.41,214278.0,261580.0,-1603688.0,-5.74,109133.0,0.39,-1712821.0,-6.13,1312968.0,4.7,290721.0,1.04,10.0,0.587,0.588,6071118080.0,3569817431,3569817431,2026-08-19,2026-08-19 10:37:58+08:00
513130,恒生科技ETF华泰柏瑞,0.583,0.5829,-0.02,-0.008,-1.35,15853085.0,923063052.0,0.583,0.585,0.58,0.591,0.85,2.83,1.7,25.5,7238514.0,8614571.0,-43887337.0,-4.75,-48853760.0,-5.29,4966423.0,0.54,27034781.0,2.93,16802241.0,1.82,1450.0,0.582,0.583,56116347136.0,32715830380,32715830380,2026-08-19,2026-08-19 10:37:58+08:00
159885,碳中和ETF鹏华,0.732,0.7326,0.08,-0.01,-1.35,1618.0,118473.1,0.736,0.744,0.73,0.742,1.89,0.07,0.52,-18.15,178.0,1440.0,32305.0,27.27,0.0,0.0,32305.0,27.27,-16206.0,-13.68,-16099.0,-13.59,80.0,0.731,0.732,246467316.0,180414075,180414075,2026-08-19,2026-08-19 10:38:03+08:00
159740,恒生科技ETF大成,0.583,0.5851,0.36,-0.008,-1.35,6228406.0,363129782.028,0.583,0.586,0.581,0.591,0.85,2.43,1.69,14.91,2977614.0,3250792.0,-17310824.0,-4.77,-8203424.0,-2.26,-9107400.0,-2.51,11001755.0,3.03,6309069.0,1.74,-210.0,0.583,0.584,25638120448.0,14947024221,14947024221,2026-08-19,2026-08-19 10:38:06+08:00
159790,碳中和ETF华夏,0.723,0.7228,-0.03,-0.01,-1.36,488859.0,35525131.5,0.727,0.731,0.721,0.733,1.36,3.13,5.89,41.69,365595.0,123264.0,9342673.0,26.3,10698082.0,30.11,-1355409.0,-3.82,-5003219.0,-14.08,-4339454.0,-12.22,108.0,0.722,0.723,1559528480.0,1127539091,1127539091,2026-08-19,2026-08-19 10:38:06+08:00
560160,食品ETF易方达,0.937,0.9384,0.15,-0.013,-1.37,35238.0,3306425.0,0.947,0.948,0.936,0.95,1.26,3.07,2.5,0.47,13308.0,21930.0,-363617.0,-11.0,-1609901.0,-48.69,1246284.0,37.69,268886.0,8.13,94731.0,2.87,192.0,0.936,0.937,114706000.0,107479522,107479522,2026-08-19,2026-08-19 10:37:54+08:00
510130,上证中盘ETF易方达,7.361,7.3627,0.02,-0.102,-1.37,2215.0,1637199.0,7.388,7.423,7.361,7.463,0.83,0.7,1.81,-0.03,23.0,2192.0,327017.0,19.97,0.0,0.0,327017.0,19.97,-203590.0,-12.44,-123426.0,-7.54,-36.0,7.352,7.357,31485100.0,231761821,231761821,2026-08-19,2026-08-19 10:38:02+08:00
562810,上证指数增强ETF嘉实,1.156,1.1558,-0.02,-0.016,-1.37,16197.0,1880607.0,1.166,1.167,1.155,1.172,1.02,2.92,1.14,-13.74,3760.0,12437.0,-256862.0,-13.66,0.0,0.0,-256862.0,-13.66,277512.0,14.76,-20650.0,-1.1,270.0,1.155,1.156,55451000.0,64101356,64101356,2026-08-19,2026-08-19 10:37:49+08:00
159641,碳中和ETF招商,1.004,1.0052,0.12,-0.014,-1.38,2597.0,261251.7,1.008,1.011,1.002,1.018,0.88,0.3,0.41,25.14,421.0,2176.0,51961.0,19.89,-2319.0,-0.89,54280.0,20.78,-63755.0,-24.4,11795.0,4.51,-2.0,1.003,1.005,86719131.0,87066008,87066008,2026-08-19,2026-08-19 10:38:06+08:00
560820,中证A50ETF新华,1.212,1.2077,-0.36,-0.017,-1.38,71.0,8656.0,1.22,1.22,1.212,1.229,0.65,0.02,0.59,-2.27,59.0,12.0,-8655.0,-99.99,0.0,0.0,-8655.0,-99.99,0.0,0.0,8655.0,99.99,-5.0,1.207,1.211,40926000.0,49602312,49602312,2026-08-19,2026-08-19 10:37:37+08:00
512290,生物医药ETF国泰,1.069,1.0691,0.01,-0.015,-1.38,475700.0,51341767.0,1.083,1.087,1.069,1.084,1.66,1.48,1.42,21.08,183951.0,291749.0,-607502.0,-1.18,3652150.0,7.12,-4259652.0,-8.3,-463764.0,-0.9,1071267.0,2.09,-240.0,1.068,1.07,3219820704.0,3441988333,3441988333,2026-08-19,2026-08-19 10:38:00+08:00
159151,食品ETF华夏,0.931,0.9322,0.13,-0.013,-1.38,83840.0,7832868.6,0.941,0.942,0.93,0.944,1.27,4.26,1.87,2.14,28909.0,54931.0,-26821.0,-0.34,0.0,0.0,-26821.0,-0.34,16216.0,0.21,10605.0,0.14,50.0,0.93,0.931,196651063.0,183082140,183082140,2026-08-19,2026-08-19 10:38:15+08:00
512690,酒ETF鹏华,0.427,0.4265,-0.12,-0.006,-1.39,4650957.0,199435235.0,0.431,0.435,0.426,0.433,2.08,1.44,1.03,27.32,1612040.0,3038917.0,-19308550.0,-9.68,-18314487.0,-9.18,-994063.0,-0.5,11277443.0,5.65,8031108.0,4.03,19.0,0.426,0.427,32248150272.0,13769960166,13769960166,2026-08-19,2026-08-19 10:38:01+08:00
560810,央企ESGETF融通,1.28,1.277,-0.23,-0.018,-1.39,3307.0,423714.0,1.29,1.29,1.274,1.298,1.23,0.18,5.8,0.03,703.0,2604.0,328179.0,77.45,0.0,0.0,328179.0,77.45,-43043.0,-10.16,-285136.0,-67.29,100.0,1.273,1.277,181116000.0,231828480,231828480,2026-08-19,2026-08-19 10:37:48+08:00
515730,家居家电ETF永赢,0.841,0.8408,-0.02,-0.012,-1.41,15537.0,1309706.0,0.853,0.861,0.839,0.853,2.58,4.21,3.71,0.1,7915.0,7622.0,-119062.0,-9.09,0.0,0.0,-119062.0,-9.09,95089.0,7.26,23973.0,1.83,568.0,0.84,0.841,36892000.0,31026172,31026172,2026-08-19,2026-08-19 10:37:54+08:00
510910,上证指数ETF南方,0.981,0.9832,0.22,-0.014,-1.41,153587.0,15148508.0,0.991,0.993,0.98,0.995,1.31,7.18,1.38,4.8,72320.0,81267.0,-2581023.0,-17.04,-855955.0,-5.65,-1725068.0,-11.39,1240783.0,8.19,1340239.0,8.85,1.0,0.98,0.981,213796000.0,209733876,209733876,2026-08-19,2026-08-19 10:38:03+08:00
512430,家居家电ETF华泰柏瑞,0.9,0.8992,-0.09,-0.013,-1.42,26710.0,2407835.0,0.904,0.905,0.899,0.913,0.66,9.3,5.29,0.05,11442.0,15268.0,-24750.0,-1.03,-539400.0,-22.4,514650.0,21.37,0.0,0.0,24750.0,1.03,3.0,0.898,0.9,28720000.0,25848000,25848000,2026-08-19,2026-08-19 10:37:53+08:00
510800,上证50ETF建信,1.387,1.387,0.0,-0.02,-1.42,8462.0,1179775.0,1.395,1.404,1.387,1.407,1.21,0.48,1.85,27.18,1849.0,6613.0,338257.0,28.67,0.0,0.0,338257.0,28.67,-521788.0,-44.23,183532.0,15.56,-47.0,1.386,1.388,174576000.0,242136912,242136912,2026-08-19,2026-08-19 10:38:03+08:00
515600,央企创新ETF广发,1.665,1.6633,-0.1,-0.024,-1.42,2238.0,374021.0,1.673,1.675,1.664,1.689,0.65,0.02,0.85,18.87,1967.0,271.0,63867.0,17.08,0.0,0.0,63867.0,17.08,-52300.0,-13.98,-11565.0,-3.09,-2.0,1.664,1.665,1037797408.0,1727932684,1727932684,2026-08-19,2026-08-19 10:37:58+08:00
513890,恒生科技ETF摩根,0.904,0.9056,0.18,-0.013,-1.42,111785.0,10107016.0,0.907,0.908,0.902,0.917,0.65,1.24,1.4,13.28,57576.0,54209.0,-1488399.0,-14.73,-1452191.0,-14.37,-36208.0,-0.36,992267.0,9.82,496132.0,4.91,-60.0,0.904,0.905,901128000.0,814619712,814619712,2026-08-19,2026-08-19 10:37:57+08:00
159639,碳中和ETF南方,0.966,0.9671,0.11,-0.014,-1.43,14046.0,1364678.7,0.979,0.979,0.965,0.98,1.43,0.69,1.25,38.04,7804.0,6242.0,-31261.0,-2.29,-176515.0,-12.93,145254.0,10.64,-13808.0,-1.01,45069.0,3.3,219.0,0.966,0.968,203290171.0,196378305,196378305,2026-08-19,2026-08-19 10:38:03+08:00
512390,中国低波ETF平安,1.233,1.2328,-0.02,-0.018,-1.44,57.0,7034.0,1.243,1.243,1.233,1.251,0.8,0.04,0.95,0.11,47.0,10.0,3449.0,49.03,0.0,0.0,3449.0,49.03,0.0,0.0,-3449.0,-49.03,36.0,1.231,1.233,15682000.0,19335906,19335906,2026-08-19,2026-08-19 10:37:51+08:00
512620,农业ETF天弘,0.891,0.8918,0.09,-0.013,-1.44,94264.0,8449151.0,0.904,0.904,0.891,0.904,1.44,0.66,2.78,1.35,33576.0,60688.0,572249.0,6.77,87447.0,1.03,484802.0,5.74,-369368.0,-4.37,-202881.0,-2.4,-15.0,0.891,0.892,1436666000.0,1280069406,1280069406,2026-08-19,2026-08-19 10:38:00+08:00
517100,沪港深500ETF富国,1.019,1.0238,0.47,-0.015,-1.45,2720.0,277191.0,1.024,1.024,1.019,1.034,0.48,0.18,3.65,-11.11,2702.0,18.0,-11514.0,-4.15,0.0,0.0,-11514.0,-4.15,-5831.0,-2.1,17345.0,6.26,100.0,1.018,1.019,148102100.0,150916040,150916040,2026-08-19,2026-08-19 10:37:53+08:00
159612,标普500ETF国泰,2.041,1.9376,-5.34,-0.03,-1.45,130204.0,26648701.586,2.052,2.063,2.03,2.071,1.59,2.93,2.13,3.16,52375.0,77829.0,-5655221.0,-21.22,-1053928.0,-3.95,-4601293.0,-17.27,281519.0,1.06,5373703.0,20.16,2.0,2.04,2.041,444898656.0,908038157,908038157,2026-08-19,2026-08-19 10:38:00+08:00
512580,环保ETF广发,1.217,1.2184,0.11,-0.018,-1.46,24064.0,2938736.0,1.227,1.243,1.212,1.235,2.51,0.43,1.57,23.21,5278.0,18786.0,418298.0,14.23,0.0,0.0,418298.0,14.23,-316644.0,-10.77,-101654.0,-3.46,1.0,1.215,1.217,565471696.0,688179054,688179054,2026-08-19,2026-08-19 10:38:01+08:00
515760,浙江国资ETF华夏,1.354,1.3559,0.14,-0.02,-1.46,12074.0,1650562.0,1.368,1.37,1.354,1.374,1.16,1.27,1.35,-4.55,4189.0,7885.0,464457.0,28.14,0.0,0.0,464457.0,28.14,-410625.0,-24.88,-53831.0,-3.26,-212.0,1.354,1.355,95388100.0,129155487,129155487,2026-08-19,2026-08-19 10:37:56+08:00
510680,上证50ETF万家,3.168,3.1757,0.24,-0.047,-1.46,11307.0,3606212.0,3.194,3.196,3.162,3.215,1.06,5.35,1.67,-26.69,7698.0,3609.0,-365460.0,-10.13,0.0,0.0,-365460.0,-10.13,356944.0,9.9,8515.0,0.24,-1.0,3.162,3.165,21124700.0,66923050,66923050,2026-08-19,2026-08-19 10:38:04+08:00
513380,恒生科技ETF广发,0.536,0.5373,0.24,-0.008,-1.47,1479876.0,79372621.0,0.538,0.539,0.535,0.544,0.74,0.82,1.79,23.69,701336.0,778540.0,-1883124.0,-2.37,1267687.0,1.6,-3150811.0,-3.97,1715889.0,2.16,167233.0,0.21,-1.0,0.536,0.537,17957784832.0,9625372670,9625372670,2026-08-19,2026-08-19 10:37:56+08:00
159938,医药ETF广发,0.67,0.67,0.0,-0.01,-1.47,303717.0,20536257.5,0.675,0.681,0.669,0.68,1.76,0.42,1.35,33.22,77042.0,226675.0,-203848.0,-0.99,3262765.0,15.89,-3466613.0,-16.88,-148499.0,-0.72,352348.0,1.72,99.0,0.669,0.67,7277067264.0,4875635067,4875635067,2026-08-19,2026-08-19 10:38:03+08:00
515680,央企创新ETF嘉实,1.673,1.6716,-0.08,-0.025,-1.47,6819.0,1147343.0,1.682,1.683,1.673,1.698,0.59,0.06,1.18,22.34,288.0,6531.0,167048.0,14.56,0.0,0.0,167048.0,14.56,-166182.0,-14.48,-867.0,-0.08,9.0,1.672,1.674,1100264704.0,1840742850,1840742850,2026-08-19,2026-08-19 10:37:57+08:00
159825,农业ETF富国,0.732,0.7321,0.01,-0.011,-1.48,1316902.0,97088859.28,0.744,0.745,0.732,0.743,1.75,5.2,3.14,37.88,567520.0,749382.0,3231048.0,3.33,20745628.0,21.37,-17514580.0,-18.04,-1957942.0,-2.02,-1273106.0,-1.31,-2515.0,0.732,0.733,2531077408.0,1852748663,1852748663,2026-08-19,2026-08-19 10:38:06+08:00
513260,恒生科技ETF汇添富,1.134,1.1376,0.32,-0.017,-1.48,803584.0,91123122.0,1.136,1.14,1.13,1.151,0.87,1.66,1.43,36.75,419095.0,384489.0,-5899178.0,-6.47,-2630886.0,-2.89,-3268292.0,-3.59,3669196.0,4.03,2229982.0,2.45,-38.0,1.134,1.135,4847243008.0,5496773571,5496773571,2026-08-19,2026-08-19 10:38:00+08:00
561120,家电ETF富国,1.254,1.2498,-0.34,-0.019,-1.49,23164.0,2899959.0,1.273,1.273,1.248,1.273,1.96,8.23,1.3,2.26,8309.0,14855.0,-133354.0,-4.6,0.0,0.0,-133354.0,-4.6,-16975.0,-0.59,150330.0,5.18,30.0,1.249,1.251,28159900.0,35312515,35312515,2026-08-19,2026-08-19 10:37:55+08:00
510190,上证50ETF华安,4.287,4.2799,-0.17,-0.065,-1.49,401.0,172365.0,4.308,4.315,4.279,4.352,0.83,0.17,0.74,-16.79,82.0,319.0,-15164.0,-8.8,0.0,0.0,-15164.0,-8.8,0.0,0.0,15164.0,8.8,-1.0,4.275,4.28,23650800.0,101390980,101390980,2026-08-19,2026-08-19 10:38:04+08:00
517330,长江保护ETF易方达,0.985,0.9819,-0.32,-0.015,-1.5,2209.0,218001.0,0.99,0.99,0.985,1.0,0.5,0.01,2.16,29.63,2042.0,167.0,-9452.0,-4.34,0.0,0.0,-9452.0,-4.34,0.0,0.0,9452.0,4.34,-123.0,0.984,0.986,1806169008.0,1779076473,1779076473,2026-08-19,2026-08-19 10:37:52+08:00
159596,A50ETF华宝,0.657,0.6552,-0.27,-0.01,-1.5,177648.0,11728374.9,0.667,0.668,0.657,0.667,1.65,3.44,2.21,17.88,84098.0,93550.0,-256181.0,-2.18,3304145.0,28.17,-3560326.0,-30.36,213853.0,1.82,42328.0,0.36,248.0,0.656,0.657,515683040.0,338803757,338803757,2026-08-19,2026-08-19 10:38:06+08:00
516110,汽车ETF国泰,1.113,1.1136,0.05,-0.017,-1.5,75408.0,8406129.0,1.127,1.127,1.11,1.13,1.5,3.28,1.26,1.72,41810.0,33598.0,716520.0,8.52,383494.0,4.56,333026.0,3.96,-498997.0,-5.94,-217523.0,-2.59,-91.0,1.112,1.113,229623100.0,255570510,255570510,2026-08-19,2026-08-19 10:37:53+08:00
561190,碳中和ETF富国,0.973,0.9764,0.35,-0.015,-1.52,2868.0,280925.0,0.992,0.992,0.973,0.988,1.92,0.15,0.4,12.68,100.0,2768.0,48975.0,17.43,2344.0,0.83,46631.0,16.6,-71517.0,-25.46,22541.0,8.02,50.0,0.974,0.976,193318000.0,188098414,188098414,2026-08-19,2026-08-19 10:37:55+08:00
560550,碳中和ETF广发,0.97,0.973,0.31,-0.015,-1.52,451.0,43952.0,0.981,0.981,0.97,0.985,1.12,0.04,0.21,2.44,243.0,208.0,-17077.0,-38.85,-6656.0,-15.14,-10421.0,-23.71,0.0,0.0,17078.0,38.86,8.0,0.972,0.974,123597400.0,119889478,119889478,2026-08-19,2026-08-19 10:37:54+08:00
159621,ESGETF国泰,1.164,1.1641,0.01,-0.018,-1.52,22796.0,2660579.2,1.175,1.175,1.164,1.182,0.93,15.79,2.17,-0.01,9179.0,13617.0,90289.0,3.39,0.0,0.0,90289.0,3.39,-58300.0,-2.19,-31989.0,-1.2,-1000.0,1.163,1.164,14434717.0,16802011,16802011,2026-08-19,2026-08-19 10:38:03+08:00
159210,港股通汽车ETF汇添富,0.842,0.8415,-0.06,-0.013,-1.52,62602.0,5280490.9,0.852,0.854,0.84,0.855,1.64,18.12,1.14,-3.78,23712.0,38890.0,-362715.0,-6.87,-134215.0,-2.54,-228500.0,-4.33,369707.0,7.0,-6992.0,-0.13,1.0,0.841,0.842,34549802.0,29090933,29090933,2026-08-19,2026-08-19 10:38:15+08:00
516720,ESGETF浦银,1.162,1.1567,-0.46,-0.018,-1.53,17.0,1978.0,1.173,1.173,1.162,1.18,0.93,0.01,0.09,1.01,,17.0,0.0,0.0,0.0,0.0,0.0,0.0,0.0,0.0,0.0,0.0,-2.0,1.154,1.158,12337800.0,14336524,14336524,2026-08-19,2026-08-19 10:37:47+08:00
515210,钢铁ETF国泰,1.157,1.1564,-0.05,-0.018,-1.53,284082.0,32918905.0,1.172,1.172,1.152,1.175,1.7,2.96,1.5,15.22,118127.0,165955.0,3775620.0,11.47,1942823.0,5.9,1832797.0,5.57,70058.0,0.21,-3845679.0,-11.69,106.0,1.156,1.157,959726096.0,1110403093,1110403093,2026-08-19,2026-08-19 10:37:57+08:00
561230,中证A50ETF工银,1.344,1.3422,-0.13,-0.021,-1.54,191444.0,25869139.0,1.359,1.359,1.343,1.365,1.17,4.18,5.42,3.62,98759.0,92685.0,39103.0,0.15,15093042.0,58.34,-15053939.0,-58.19,-83036.0,-0.32,43931.0,0.17,1.0,1.342,1.343,458477808.0,616194174,616194174,2026-08-19,2026-08-19 10:37:50+08:00
512180,MSCIA股ETF建信,1.719,1.7136,-0.32,-0.027,-1.55,20.0,3445.0,1.729,1.73,1.719,1.746,0.63,0.0,0.04,-1.15,2.0,18.0,-3445.0,-100.0,0.0,0.0,-3445.0,-100.0,0.0,0.0,3445.0,100.0,-2.0,1.713,1.717,48048000.0,82594512,82594512,2026-08-19,2026-08-19 10:37:56+08:00
159192,家电ETF汇添富,0.954,0.9504,-0.38,-0.015,-1.55,63.0,6012.8,0.96,0.96,0.95,0.969,1.03,0.04,0.12,-1.73,26.0,37.0,852.0,14.17,0.0,0.0,852.0,14.17,-96.0,-1.6,-756.0,-12.57,8.0,0.95,0.951,16987065.0,16205660,16205660,2026-08-19,2026-08-19 10:38:15+08:00
530280,上证180ETF平安,1.207,1.2066,-0.03,-0.019,-1.55,6599.0,799881.0,1.214,1.214,1.207,1.226,0.57,2.2,12.53,-11.33,,6599.0,796490.0,99.58,0.0,0.0,796490.0,99.58,-729190.0,-91.16,-67300.0,-8.41,-5.0,1.202,1.205,29934000.0,36130338,36130338,2026-08-19,2026-08-19 10:37:38+08:00
515640,家电ETF华夏,0.953,0.9512,-0.19,-0.015,-1.55,309.0,29605.0,0.968,0.968,0.952,0.968,1.65,0.18,0.63,15.47,9.0,300.0,-6602.0,-22.3,0.0,0.0,-6602.0,-22.3,0.0,0.0,6602.0,22.3,-1.0,0.949,0.952,17050000.0,16248650,16248650,2026-08-19,2026-08-19 10:37:56+08:00
520720,港股汽车ETF国泰,0.757,0.757,0.0,-0.012,-1.56,58571.0,4436767.0,0.763,0.764,0.755,0.769,1.17,4.69,1.12,1.87,26355.0,32216.0,33290.0,0.75,-292139.0,-6.58,325429.0,7.33,-43392.0,-0.98,10103.0,0.23,300.0,0.756,0.757,124942000.0,94581094,94581094,2026-08-19,2026-08-19 10:37:51+08:00
530180,上证180ETF易方达,1.202,1.2025,0.04,-0.019,-1.56,41741.0,5029472.0,1.209,1.211,1.202,1.221,0.74,6.74,2.24,5.77,16786.0,24955.0,919853.0,18.29,2407898.0,47.88,-1488045.0,-29.59,-904179.0,-17.98,-15674.0,-0.31,4.0,1.199,1.201,61952000.0,74466304,74466304,2026-08-19,2026-08-19 10:37:51+08:00
562580,可选消费ETF华夏,1.069,1.0702,0.11,-0.017,-1.57,16389.0,1755514.0,1.075,1.078,1.069,1.086,0.83,4.52,2.2,-4.85,5849.0,10540.0,118140.0,6.73,0.0,0.0,118140.0,6.73,-63923.0,-3.64,-54216.0,-3.09,1244.0,1.068,1.069,36223300.0,38722708,38722708,2026-08-19,2026-08-19 10:37:39+08:00
561400,畜牧养殖ETF鑫元,1.004,1.0031,-0.09,-0.016,-1.57,22423.0,2259432.0,1.01,1.015,1.004,1.02,1.08,4.11,1.14,-9.02,9986.0,12437.0,214890.0,9.51,0.0,0.0,214890.0,9.51,-208926.0,-9.25,-5965.0,-0.26,-100.0,1.003,1.004,54519000.0,54737076,54737076,2026-08-19,2026-08-19 10:37:48+08:00
560210,农牧渔ETF景顺,0.809,0.8089,-0.01,-0.013,-1.58,67100.0,5474582.0,0.822,0.822,0.808,0.822,1.7,1.28,2.67,4.21,31602.0,35498.0,395679.0,7.23,844172.0,15.42,-448493.0,-8.19,-297777.0,-5.44,-97903.0,-1.79,-200.0,0.808,0.809,524522000.0,424338298,424338298,2026-08-19,2026-08-19 10:37:53+08:00
516600,消费服务ETF工银,0.617,0.6168,-0.03,-0.01,-1.59,15117.0,935951.0,0.623,0.623,0.617,0.627,0.96,1.33,3.18,1.05,5166.0,9951.0,-222749.0,-23.8,674371.0,72.05,-897120.0,-95.85,170206.0,18.19,52542.0,5.61,-51.0,0.616,0.617,113332100.0,69925906,69925906,2026-08-19,2026-08-19 10:37:39+08:00
530060,上证指数ETF易方达,0.993,0.9936,0.06,-0.016,-1.59,294146.0,29360407.0,1.003,1.004,0.992,1.009,1.19,3.73,2.17,30.87,85501.0,208645.0,-10711464.0,-36.48,-8679624.0,-29.56,-2031840.0,-6.92,5959252.0,20.3,4752213.0,16.19,200.0,0.992,0.993,789193008.0,783668657,783668657,2026-08-19,2026-08-19 10:37:53+08:00
159635,基建ETF华夏,0.988,0.9885,0.05,-0.016,-1.59,183629.0,18169268.0,1.002,1.002,0.986,1.004,1.59,14.03,2.58,14.02,95415.0,88214.0,89973.0,0.5,-470764.0,-2.59,560737.0,3.09,-294400.0,-1.62,204427.0,1.13,2899.0,0.987,0.988,130846980.0,129276816,129276816,2026-08-19,2026-08-19 10:38:06+08:00
561900,沪深300ESGETF招商,0.992,0.9873,-0.48,-0.016,-1.59,32700.0,3251115.0,1.002,1.002,0.99,1.008,1.19,14.01,4.31,-6.56,26975.0,5725.0,9964.0,0.31,2092596.0,64.37,-2082632.0,-64.06,-24801.0,-0.76,14837.0,0.46,5073.0,0.99,0.991,23334400.0,23147725,23147725,2026-08-19,2026-08-19 10:37:44+08:00
159936,可选消费ETF广发,1.908,1.9092,0.06,-0.031,-1.6,1423.0,272387.8,1.938,1.938,1.907,1.939,1.6,0.13,0.96,2.98,532.0,891.0,8840.0,3.25,0.0,0.0,8840.0,3.25,-59389.0,-21.8,50549.0,18.56,-52.0,1.906,1.908,108156094.0,206361827,206361827,2026-08-19,2026-08-19 10:38:00+08:00
510950,上证50ETF广发,0.984,0.9895,0.56,-0.016,-1.6,124191.0,12293767.0,0.996,0.996,0.984,1.0,1.2,9.57,2.04,10.08,40902.0,83289.0,-864207.0,-7.03,83063.0,0.68,-947270.0,-7.71,432046.0,3.51,432161.0,3.52,-1104.0,0.984,0.985,129820800.0,127743667,127743667,2026-08-19,2026-08-19 10:38:02+08:00
563090,上证50增强ETF易方达,1.419,1.4173,-0.12,-0.023,-1.6,26500.0,3776522.0,1.438,1.438,1.419,1.442,1.32,4.75,2.7,-3.82,5006.0,21494.0,614025.0,16.26,1422000.0,37.65,-807975.0,-21.39,-604368.0,-16.0,-9657.0,-0.26,1.0,1.417,1.419,55848000.0,79248312,79248312,2026-08-19,2026-08-19 10:37:46+08:00
510710,上证50ETF博时,4.273,4.2619,-0.26,-0.07,-1.61,3613.0,1552221.0,4.3,4.314,4.213,4.343,2.33,0.34,0.87,-0.98,731.0,2882.0,439860.0,28.34,90225.0,5.81,349635.0,22.52,-478417.0,-30.82,38557.0,2.48,-1.0,4.269,4.273,105218900.0,449600360,449600360,2026-08-19,2026-08-19 10:38:03+08:00
510850,上证50ETF工银,3.548,3.5364,-0.33,-0.058,-1.61,43811.0,15652096.0,3.597,3.597,3.548,3.606,1.36,8.71,4.83,18.06,14640.0,29171.0,2849823.0,18.21,10966251.0,70.06,-8116428.0,-51.86,-2956878.0,-18.89,107055.0,0.68,-286.0,3.547,3.555,50298900.0,178460497,178460497,2026-08-19,2026-08-19 10:38:01+08:00
560350,中证A50ETF摩根,1.279,1.2771,-0.15,-0.021,-1.62,152697.0,19633378.0,1.293,1.293,1.278,1.3,1.15,1.83,2.86,-54.5,55674.0,97023.0,-600161.0,-3.06,1839299.0,9.37,-2439460.0,-12.43,218950.0,1.12,381211.0,1.94,122.0,1.277,1.278,835532096.0,1068645551,1068645551,2026-08-19,2026-08-19 10:37:52+08:00
562890,A50ETF嘉实,1.39,1.3872,-0.2,-0.023,-1.63,43153.0,6039833.0,1.412,1.412,1.39,1.413,1.56,1.73,1.01,24.04,24770.0,18383.0,221163.0,3.66,917533.0,15.19,-696370.0,-11.53,-184620.0,-3.06,-36542.0,-0.61,5.0,1.388,1.39,249551000.0,346875890,346875890,2026-08-19,2026-08-19 10:37:48+08:00
520600,港股通汽车ETF广发,1.027,1.0279,0.09,-0.017,-1.63,454987.0,46760573.0,1.036,1.037,1.023,1.044,1.34,16.52,1.41,22.21,231619.0,223368.0,-2176255.0,-4.65,-4182753.0,-8.95,2006498.0,4.29,1387158.0,2.97,789098.0,1.69,10.0,1.026,1.027,275368000.0,282802936,282802936,2026-08-19,2026-08-19 10:37:52+08:00
562600,医疗器械ETF华夏,0.777,0.7776,0.08,-0.013,-1.65,124169.0,9675917.0,0.789,0.789,0.776,0.79,1.65,2.61,1.26,-4.09,35280.0,88889.0,701124.0,7.25,-701188.0,-7.25,1402312.0,14.49,-879731.0,-9.09,178608.0,1.85,100.0,0.776,0.777,475937408.0,369803366,369803366,2026-08-19,2026-08-19 10:37:48+08:00
517300,沪港深300ETF国寿,0.952,0.9546,0.27,-0.016,-1.65,3104.0,296397.0,0.96,0.96,0.952,0.968,0.83,0.03,0.92,13.02,504.0,2600.0,-42403.0,-14.31,-30907.0,-10.43,-11496.0,-3.88,23322.0,7.87,19082.0,6.44,104.0,0.951,0.952,1005434496.0,957173640,957173640,2026-08-19,2026-08-19 10:37:50+08:00
530000,上证50ETF天弘,1.372,1.3715,-0.04,-0.023,-1.65,29634.0,4095881.0,1.385,1.386,1.372,1.395,1.0,0.3,1.64,5.7,14262.0,15372.0,485976.0,11.86,358161.0,8.74,127815.0,3.12,-786871.0,-19.21,300895.0,7.35,10.0,1.371,1.372,979029408.0,1343228348,1343228348,2026-08-19,2026-08-19 10:37:53+08:00
520780,港股通汽车ETF华宝,0.832,0.8313,-0.08,-0.014,-1.65,107790.0,8967877.0,0.839,0.839,0.829,0.846,1.18,27.32,2.67,1.27,42898.0,64892.0,333403.0,3.72,0.0,0.0,333403.0,3.72,-336542.0,-3.75,3139.0,0.04,1.0,0.831,0.832,39460000.0,32830720,32830720,2026-08-19,2026-08-19 10:37:48+08:00
563280,A50增强ETF富国,1.431,1.4249,-0.43,-0.024,-1.65,115.0,16496.0,1.441,1.441,1.431,1.455,0.69,0.17,0.1,0.55,6.0,109.0,-12479.0,-75.65,0.0,0.0,-12479.0,-75.65,0.0,0.0,12480.0,75.65,-1.0,1.424,1.428,6706600.0,9597145,9597145,2026-08-19,2026-08-19 10:37:47+08:00
562010,绿色能源ETF华宝,0.894,0.8924,-0.18,-0.015,-1.65,2016.0,181238.0,0.904,0.909,0.892,0.909,1.87,1.1,1.17,-7.29,1544.0,472.0,-94516.0,-52.15,0.0,0.0,-94516.0,-52.15,18171.0,10.03,76346.0,42.12,53.0,0.892,0.894,18298700.0,16359038,16359038,2026-08-19,2026-08-19 10:37:44+08:00
563350,A50ETF华泰柏瑞,1.424,1.4243,0.02,-0.024,-1.66,76801.0,10985536.0,1.443,1.443,1.424,1.448,1.31,4.41,3.93,46.54,38294.0,38507.0,1736944.0,15.81,2695966.0,24.54,-959022.0,-8.73,-1754608.0,-15.97,17664.0,0.16,1280.0,1.423,1.425,173997600.0,247772582,247772582,2026-08-19,2026-08-19 10:37:46+08:00
561810,医疗器械ETF华泰柏瑞,1.001,1.0007,-0.03,-0.017,-1.67,21860.0,2196697.0,1.013,1.018,0.999,1.018,1.87,2.74,0.66,11.41,6399.0,15461.0,-215534.0,-9.81,192812.0,8.78,-408346.0,-18.59,63105.0,2.87,152430.0,6.94,200.0,1.0,1.002,79638400.0,79718038,79718038,2026-08-19,2026-08-19 10:37:50+08:00
159592,A50ETF银华,1.358,1.3579,-0.01,-0.023,-1.67,100145.0,13641914.3,1.378,1.378,1.358,1.381,1.45,1.67,2.24,-27.45,61397.0,38748.0,457957.0,3.36,94433.0,0.69,363524.0,2.66,-625057.0,-4.58,167099.0,1.22,2.0,1.356,1.357,598310464.0,812505610,812505610,2026-08-19,2026-08-19 10:38:06+08:00
530080,上证180ETF天弘,1.233,1.2328,-0.02,-0.021,-1.67,14040.0,1740043.0,1.242,1.243,1.233,1.254,0.8,4.86,0.9,11.41,8860.0,5180.0,620466.0,35.66,775501.0,44.57,-155035.0,-8.91,-564762.0,-32.46,-55703.0,-3.2,-246.0,1.233,1.234,28917000.0,35654661,35654661,2026-08-19,2026-08-19 10:37:48+08:00
510210,上证指数ETF富国,1.002,1.0014,-0.06,-0.017,-1.67,4159777.0,418995645.0,1.013,1.014,1.001,1.019,1.28,2.72,1.68,58.62,1378235.0,2781542.0,-133145018.0,-31.78,-141829193.0,-33.85,8684175.0,2.07,84751358.0,20.23,48415984.0,11.56,396.0,1.001,1.002,15317192704.0,15347827089,15347827089,2026-08-19,2026-08-19 10:38:01+08:00
560260,医疗ETF广发,0.881,0.8789,-0.24,-0.015,-1.67,40089.0,3556549.0,0.895,0.896,0.88,0.896,1.79,0.23,0.68,-2.15,13649.0,26440.0,755160.0,21.23,1626469.0,45.73,-871309.0,-24.5,-736767.0,-20.72,-18392.0,-0.52,-51.0,0.88,0.881,1746664704.0,1538811604,1538811604,2026-08-19,2026-08-19 10:37:50+08:00
530050,上证50ETF东财,1.176,1.1776,0.14,-0.02,-1.67,39889.0,4717215.0,1.192,1.192,1.176,1.196,1.34,2.96,3.2,-7.04,15540.0,24349.0,-791967.0,-16.79,0.0,0.0,-791967.0,-16.79,268311.0,5.69,523658.0,11.1,-4.0,1.176,1.177,134813000.0,158540088,158540088,2026-08-19,2026-08-19 10:37:53+08:00
530580,上证180ETF南方,1.173,1.1733,0.03,-0.02,-1.68,115859.0,13642096.0,1.193,1.193,1.173,1.193,1.68,21.01,6.58,0.76,48128.0,67731.0,318014.0,2.33,2438809.0,17.88,-2120795.0,-15.55,-313387.0,-2.3,-4626.0,-0.03,-838.0,1.172,1.173,55149000.0,64689777,64689777,2026-08-19,2026-08-19 10:37:51+08:00
159873,医疗设备ETF天弘,0.526,0.5253,-0.13,-0.009,-1.68,52583.0,2776927.7,0.534,0.535,0.525,0.535,1.87,1.1,1.04,20.59,12932.0,39651.0,-176841.0,-6.37,48856.0,1.76,-225697.0,-8.13,56537.0,2.04,120304.0,4.33,50.0,0.525,0.526,475920000.0,250333920,250333920,2026-08-19,2026-08-19 10:38:03+08:00
513850,美国50ETF易方达,1.805,1.7434,-3.53,-0.031,-1.69,230557.0,41709284.0,1.828,1.828,1.801,1.836,1.47,1.87,1.62,35.56,86085.0,144472.0,-4448812.0,-10.67,2994422.0,7.18,-7443234.0,-17.85,284079.0,0.68,4164733.0,9.99,-79.0,1.805,1.806,1233892608.0,2227176157,2227176157,2026-08-19,2026-08-19 10:37:58+08:00
159835,创新药ETF建信,0.699,0.6996,0.09,-0.012,-1.69,158689.0,11219959.9,0.708,0.716,0.699,0.711,2.39,4.34,1.6,-14.5,70250.0,88439.0,-277659.0,-2.47,2411136.0,21.49,-2688795.0,-23.96,134088.0,1.2,143571.0,1.28,-945.0,0.698,0.7,365504144.0,255487397,255487397,2026-08-19,2026-08-19 10:38:06+08:00
159176,家电ETF华宝,0.987,0.9877,0.07,-0.017,-1.69,57066.0,5650725.2,0.997,0.997,0.986,1.004,1.1,23.48,2.08,7.86,19336.0,37730.0,350973.0,6.21,0.0,0.0,350973.0,6.21,-296148.0,-5.24,-54824.0,-0.97,-109.0,0.986,0.987,24303341.0,23987398,23987398,2026-08-19,2026-08-19 10:38:15+08:00
512250,A50ETF招商,1.223,1.2197,-0.27,-0.021,-1.69,17049.0,2089775.0,1.232,1.232,1.222,1.244,0.8,1.41,27.72,-0.55,13505.0,3544.0,-21754.0,-1.04,710712.0,34.01,-732466.0,-35.05,0.0,0.0,21754.0,1.04,8.0,1.221,1.223,121100100.0,148105422,148105422,2026-08-19,2026-08-19 10:37:53+08:00
510760,上证指数ETF国泰,1.328,1.3277,-0.02,-0.023,-1.7,881932.0,117743172.0,1.345,1.345,1.327,1.351,1.33,2.68,1.86,17.37,362263.0,519669.0,-32152469.0,-27.31,-28058766.0,-23.83,-4093703.0,-3.48,17027982.0,14.46,15124487.0,12.85,500.0,1.327,1.328,3287503696.0,4365804908,4365804908,2026-08-19,2026-08-19 10:38:02+08:00
563080,中证A50ETF易方达,1.388,1.3872,-0.06,-0.024,-1.7,126801.0,17698727.0,1.401,1.405,1.388,1.412,1.2,1.15,1.72,5.05,44826.0,81975.0,933963.0,5.28,6930057.0,39.16,-5996094.0,-33.88,-1119084.0,-6.32,185121.0,1.05,75.0,1.387,1.388,1102588400.0,1530392699,1530392699,2026-08-19,2026-08-19 10:37:48+08:00
512380,MSCI中国ETF银华,1.618,1.6144,-0.22,-0.028,-1.7,10933.0,1775247.0,1.63,1.63,1.618,1.646,0.73,1.5,2.36,0.05,7012.0,3921.0,-1309.0,-0.07,226335.0,12.75,-227644.0,-12.82,0.0,0.0,1308.0,0.07,-1300.0,1.614,1.615,72805600.0,117799461,117799461,2026-08-19,2026-08-19 10:37:59+08:00
510980,上证指数ETF汇添富,1.391,1.3909,-0.01,-0.024,-1.7,453314.0,63404467.0,1.406,1.407,1.391,1.415,1.13,6.52,2.52,10.45,164997.0,288317.0,-19627504.0,-30.96,-9766403.0,-15.4,-9861101.0,-15.55,7720380.0,12.18,11907124.0,18.78,-566.0,1.391,1.392,695798000.0,967855018,967855018,2026-08-19,2026-08-19 10:38:03+08:00
159577,美国50ETF汇添富,1.62,1.567,-3.38,-0.028,-1.7,250511.0,40636570.361,1.638,1.638,1.615,1.648,1.4,3.16,2.33,33.1,94590.0,155921.0,-5944218.0,-14.63,-5120501.0,-12.6,-823717.0,-2.03,2145633.0,5.28,3798585.0,9.35,-1.0,1.619,1.62,793665792.0,1285738583,1285738583,2026-08-19,2026-08-19 10:38:06+08:00
512170,医疗ETF华宝,0.347,0.346,-0.29,-0.006,-1.7,7983335.0,278607284.0,0.352,0.353,0.346,0.353,1.98,1.1,1.55,9.73,2109322.0,5874013.0,-9408072.0,-3.38,-127668.0,-0.05,-9280404.0,-3.33,6173430.0,2.22,3234607.0,1.16,137.0,0.346,0.347,72723820544.0,25235165729,25235165729,2026-08-19,2026-08-19 10:37:59+08:00
516760,养殖ETF平安,0.578,0.5771,-0.16,-0.01,-1.7,64840.0,3766267.0,0.59,0.59,0.577,0.588,2.21,2.08,2.77,13.04,10540.0,54300.0,-911132.0,-24.19,-553791.0,-14.7,-357341.0,-9.49,655533.0,17.41,255599.0,6.79,-501.0,0.577,0.578,312215104.0,180460330,180460330,2026-08-19,2026-08-19 10:37:56+08:00
159837,生物科技ETF易方达,0.516,0.5149,-0.21,-0.009,-1.71,295387.0,15431409.1,0.525,0.527,0.516,0.525,2.1,1.07,1.17,37.65,122870.0,172517.0,-1210213.0,-7.84,1540832.0,9.99,-2751045.0,-17.83,678114.0,4.39,532100.0,3.45,1.0,0.515,0.516,2757152832.0,1422690861,1422690861,2026-08-19,2026-08-19 10:38:06+08:00
588860,科创医药ETF工银,0.689,0.6873,-0.25,-0.012,-1.71,69665.0,4846246.0,0.697,0.704,0.688,0.701,2.28,2.02,1.22,2.53,26595.0,43070.0,-133216.0,-2.75,425788.0,8.79,-559004.0,-11.53,95412.0,1.97,37804.0,0.78,-993.0,0.688,0.689,344889408.0,237628802,237628802,2026-08-19,2026-08-19 10:37:44+08:00
516930,生物科技ETF民生加银,0.515,0.5145,-0.1,-0.009,-1.72,1416.0,73582.0,0.523,0.524,0.515,0.524,1.72,0.13,0.77,0.75,56.0,1360.0,-45482.0,-61.81,-45482.0,-61.81,0.0,0.0,64556.0,87.73,-19075.0,-25.92,-153.0,0.514,0.515,107639600.0,55434394,55434394,2026-08-19,2026-08-19 10:37:52+08:00
159593,中证A50ETF平安,1.371,1.3702,-0.06,-0.024,-1.72,127821.0,17619172.2,1.386,1.387,1.371,1.395,1.15,0.69,0.96,58.71,39133.0,88688.0,-884020.0,-5.02,-198598.0,-1.13,-685422.0,-3.89,-1273030.0,-7.23,2157051.0,12.24,-547.0,1.37,1.372,1862196048.0,2553070782,2553070782,2026-08-19,2026-08-19 10:38:06+08:00
560900,创新药ETF摩根,0.97,0.9698,-0.02,-0.017,-1.72,76114.0,7460049.0,0.988,0.993,0.97,0.987,2.33,3.77,0.97,-1.64,29309.0,46805.0,498703.0,6.68,1724760.0,23.12,-1226057.0,-16.43,-943904.0,-12.65,445202.0,5.97,-101.0,0.969,0.97,201969100.0,195910027,195910027,2026-08-19,2026-08-19 10:37:54+08:00
512520,MSCI中国ETF华泰柏瑞,1.48,1.48,0.0,-0.026,-1.73,4889.0,725693.0,1.491,1.492,1.478,1.506,0.93,1.09,12.06,-14.76,3415.0,1474.0,-103089.0,-14.21,0.0,0.0,-103089.0,-14.21,123884.0,17.07,-20796.0,-2.87,-1.0,1.474,1.477,45056400.0,66683472,66683472,2026-08-19,2026-08-19 10:37:43+08:00
159275,农牧渔ETF华宝,0.851,0.8509,-0.01,-0.015,-1.73,61072.0,5239752.1,0.866,0.867,0.849,0.866,2.08,2.41,2.09,-4.22,25233.0,35839.0,767850.0,14.65,-447371.0,-8.54,1215221.0,23.19,-721269.0,-13.77,-46581.0,-0.89,1.0,0.85,0.851,253302909.0,215560776,215560776,2026-08-19,2026-08-19 10:38:09+08:00
159871,有色ETF银华,0.966,0.9661,0.01,-0.017,-1.73,191147.0,18436615.0,0.965,0.971,0.956,0.983,1.53,1.65,1.6,6.51,95952.0,95195.0,-455789.0,-2.47,-1670158.0,-9.06,1214369.0,6.59,585726.0,3.18,-129937.0,-0.7,230.0,0.964,0.966,1157232512.0,1117886607,1117886607,2026-08-19,2026-08-19 10:38:03+08:00
515360,沪深300ETF方正富邦,6.778,6.7914,0.2,-0.119,-1.73,1924.0,1314361.0,6.852,6.857,6.725,6.897,1.91,0.51,3.44,6.25,45.0,1879.0,656840.0,49.97,0.0,0.0,656840.0,49.97,-641718.0,-48.82,-15121.0,-1.15,-7.0,6.778,6.779,37779300.0,256068095,256068095,2026-08-19,2026-08-19 10:37:41+08:00
510140,上证综指ETF华夏,1.019,1.0205,0.15,-0.018,-1.74,33027.0,3387654.0,1.035,1.035,1.018,1.037,1.64,4.28,1.36,-25.36,12065.0,20962.0,-307967.0,-9.09,-137081.0,-4.05,-170886.0,-5.04,-282161.0,-8.33,590128.0,17.42,-100.0,1.019,1.02,77230500.0,78697880,78697880,2026-08-19,2026-08-19 10:38:04+08:00
510050,上证50ETF华夏,2.994,2.9933,-0.02,-0.053,-1.74,2504790.0,754588596.0,3.03,3.03,2.994,3.047,1.18,3.62,2.16,20.24,1178581.0,1326209.0,-136871669.0,-18.14,67832906.0,8.99,-204704575.0,-27.13,82729464.0,10.96,54141621.0,7.17,-9665.0,2.993,2.994,6919866880.0,20718081439,20718081439,2026-08-19,2026-08-19 10:38:03+08:00
159056,医疗器械ETF富国,1.018,1.0188,0.08,-0.018,-1.74,12306.0,1257358.695,1.038,1.038,1.017,1.036,2.03,1.6,0.29,-7.92,1622.0,10684.0,-154102.0,-12.26,0.0,0.0,-154102.0,-12.26,132942.0,10.57,21160.0,1.68,-500.0,1.016,1.017,76934358.0,78319176,78319176,2026-08-19,2026-08-19 10:38:18+08:00
530300,上证180ETF华泰柏瑞,1.238,1.239,0.08,-0.022,-1.75,26867.0,3339824.0,1.251,1.251,1.238,1.26,1.03,7.99,4.95,-11.62,11542.0,15325.0,-262874.0,-7.87,0.0,0.0,-262874.0,-7.87,185155.0,5.54,77720.0,2.33,-3.0,1.236,1.237,33643000.0,41650034,41650034,2026-08-19,2026-08-19 10:37:51+08:00
515120,创新药ETF广发,0.675,0.6755,0.07,-0.012,-1.75,4778018.0,326468968.0,0.686,0.689,0.675,0.687,2.04,2.74,1.5,19.97,1896789.0,2881228.0,-22320229.0,-6.84,-9542675.0,-2.92,-12777554.0,-3.91,11610266.0,3.56,10709964.0,3.28,-1036.0,0.675,0.676,17411993600.0,11753095680,11753095680,2026-08-19,2026-08-19 10:37:56+08:00
159027,畜牧养殖ETF大成,0.9,0.9002,0.02,-0.016,-1.75,15151.0,1374047.857,0.91,0.916,0.9,0.916,1.75,1.3,1.22,0.73,3847.0,11304.0,-662.0,-0.05,27390.0,1.99,-28052.0,-2.04,-75743.0,-5.51,76405.0,5.56,200.0,0.899,0.9,116472283.0,104825055,104825055,2026-08-19,2026-08-19 10:38:09+08:00
562340,中证500成长ETF银华,1.455,1.4498,-0.36,-0.026,-1.76,1825.0,265203.0,1.467,1.471,1.45,1.481,1.42,2.24,3.63,-1.81,6.0,1819.0,262276.0,98.9,0.0,0.0,262276.0,98.9,-261251.0,-98.51,-1024.0,-0.39,2.0,1.448,1.45,8144300.0,11849957,11849957,2026-08-19,2026-08-19 10:37:45+08:00
159861,碳中和50ETF国泰,1.059,1.0591,0.01,-0.019,-1.76,4112.0,437672.2,1.065,1.068,1.056,1.078,1.11,0.42,0.51,3.64,1989.0,2123.0,-245956.0,-56.2,0.0,0.0,-245956.0,-56.2,197772.0,45.19,48183.0,11.01,156.0,1.057,1.059,97117535.0,102847470,102847470,2026-08-19,2026-08-19 10:38:00+08:00
530680,上证180ETF兴业,1.169,1.1716,0.22,-0.021,-1.76,26981.0,3168040.0,1.179,1.179,1.169,1.19,0.84,2.35,2.92,0.81,13080.0,13901.0,813701.0,25.68,0.0,0.0,813701.0,25.68,-674042.0,-21.28,-139659.0,-4.41,52.0,1.168,1.169,114891900.0,134308631,134308631,2026-08-19,2026-08-19 10:37:53+08:00
510100,上证50ETF易方达,2.949,2.9468,-0.07,-0.053,-1.77,405045.0,120102048.0,2.973,2.982,2.948,3.002,1.13,4.33,1.5,12.58,143132.0,261913.0,-10630082.0,-8.85,19119721.0,15.92,-29749803.0,-24.77,2461579.0,2.05,8169093.0,6.8,55.0,2.948,2.949,936506800.0,2761758553,2761758553,2026-08-19,2026-08-19 10:38:04+08:00
159323,港股通汽车ETF华夏,1.055,1.056,0.09,-0.019,-1.77,985803.0,104298802.0,1.066,1.066,1.054,1.074,1.12,101.53,2.76,-10.13,467153.0,518650.0,682575.0,0.65,-84060.0,-0.08,766635.0,0.74,-722817.0,-0.69,40243.0,0.04,-3072.0,1.055,1.056,97097378.0,102437734,102437734,2026-08-19,2026-08-19 10:38:12+08:00
159591,A50ETF富国,1.387,1.3866,-0.03,-0.025,-1.77,119324.0,16619759.0,1.409,1.409,1.387,1.412,1.56,3.71,2.88,10.52,74392.0,44932.0,436387.0,2.63,3458189.0,20.81,-3021802.0,-18.18,-680176.0,-4.09,243789.0,1.47,-1600.0,1.386,1.387,321905680.0,446483178,446483178,2026-08-19,2026-08-19 10:38:06+08:00
512450,畜牧养殖ETF广发,0.89,0.8914,0.16,-0.016,-1.77,13604.0,1221818.0,0.908,0.908,0.89,0.906,1.99,1.23,1.31,-6.73,4556.0,9048.0,2716.0,0.22,0.0,0.0,2716.0,0.22,65334.0,5.35,-68051.0,-5.57,-309.0,0.89,0.891,110367000.0,98226630,98226630,2026-08-19,2026-08-19 10:37:53+08:00
561200,中证A100ETF工银,1.489,1.4794,-0.65,-0.027,-1.78,6872.0,1024107.0,1.501,1.501,1.486,1.516,0.99,2.18,2.22,18.75,5388.0,1484.0,174732.0,17.06,0.0,0.0,174732.0,17.06,-220082.0,-21.49,45350.0,4.43,1000.0,1.478,1.48,31470500.0,46859575,46859575,2026-08-19,2026-08-19 10:37:49+08:00
520680,港股通汽车ETF南方,0.827,0.8267,-0.04,-0.015,-1.78,41053.0,3393692.0,0.837,0.837,0.825,0.842,1.43,5.75,2.39,-5.81,19504.0,21549.0,-145103.0,-4.28,0.0,0.0,-145103.0,-4.28,74232.0,2.19,70870.0,2.09,1.0,0.826,0.827,71369000.0,59022163,59022163,2026-08-19,2026-08-19 10:37:37+08:00
159595,中证A50ETF大成,1.378,1.3799,0.14,-0.025,-1.78,265147.0,36700638.1,1.391,1.396,1.378,1.403,1.28,2.87,1.06,-17.74,94307.0,170840.0,617872.0,1.68,781927.0,2.13,-164055.0,-0.45,-1225989.0,-3.34,608117.0,1.66,-5210.0,1.377,1.378,923113248.0,1272050056,1272050056,2026-08-19,2026-08-19 10:38:06+08:00
516500,生物科技ETF华夏,0.661,0.6598,-0.18,-0.012,-1.78,86409.0,5779426.0,0.674,0.674,0.661,0.673,1.93,4.14,2.24,9.96,39234.0,47175.0,400530.0,6.93,-69969.0,-1.21,470499.0,8.14,-427596.0,-7.4,27065.0,0.47,26.0,0.66,0.661,208937200.0,138107489,138107489,2026-08-19,2026-08-19 10:37:54+08:00
516080,创新药ETF易方达,0.719,0.7196,0.08,-0.013,-1.78,1578292.0,115025424.0,0.73,0.735,0.719,0.732,2.19,2.94,1.43,17.04,622888.0,955404.0,-7586530.0,-6.6,4802731.0,4.18,-12389261.0,-10.77,2708404.0,2.35,4874527.0,4.24,-703.0,0.719,0.72,5372554752.0,3862866867,3862866867,2026-08-19,2026-08-19 10:37:56+08:00
159183,新能源车ETF招商,0.879,0.8769,-0.24,-0.016,-1.79,10387.0,915079.8,0.887,0.887,0.877,0.895,1.12,2.19,0.79,43.41,3269.0,7118.0,-169816.0,-18.56,-331794.0,-36.26,161978.0,17.7,208758.0,22.81,-38941.0,-4.26,211.0,0.877,0.878,47387793.0,41653870,41653870,2026-08-19,2026-08-19 10:38:15+08:00
513650,标普500ETF南方,1.976,1.8814,-5.03,-0.036,-1.79,1262229.0,249571734.0,1.99,1.998,1.961,2.012,1.84,2.91,3.27,13.79,534868.0,727361.0,-68605730.0,-27.54,-55416503.0,-22.24,-13189227.0,-5.29,23625290.0,9.48,44958122.0,18.05,2289.0,1.974,1.975,4343734016.0,8583218416,8583218416,2026-08-19,2026-08-19 10:37:57+08:00
159237,港股汽车ETF工银,0.875,0.8753,0.03,-0.016,-1.8,35968.0,3152809.2,0.879,0.882,0.874,0.891,0.9,8.3,1.2,-0.85,13882.0,22086.0,271998.0,8.63,-108732.0,-3.45,380730.0,12.08,-343195.0,-10.89,71196.0,2.26,-1.0,0.874,0.876,43334226.0,37917448,37917448,2026-08-19,2026-08-19 10:38:06+08:00
588700,科创医药ETF嘉实,1.034,1.0316,-0.23,-0.019,-1.8,525703.0,54971453.0,1.053,1.055,1.033,1.053,2.09,11.06,1.84,0.87,251004.0,274699.0,1253516.0,2.28,1411690.0,2.57,-158174.0,-0.29,-1839813.0,-3.35,586298.0,1.07,218.0,1.032,1.033,475336208.0,491497639,491497639,2026-08-19,2026-08-19 10:37:43+08:00
159869,游戏ETF华夏,1.089,1.0898,0.07,-0.02,-1.8,2350360.0,256070234.7,1.101,1.102,1.08,1.109,1.98,2.87,1.57,3.27,1097452.0,1252908.0,-26767461.0,-10.47,-34058474.0,-13.32,7291013.0,2.85,2368941.0,0.93,24398519.0,9.54,2977.0,1.088,1.089,8182082048.0,8910287350,8910287350,2026-08-19,2026-08-19 10:38:03+08:00
159867,养殖ETF鹏华,0.547,0.5469,-0.02,-0.01,-1.8,720089.0,39767273.3,0.558,0.558,0.546,0.557,2.15,4.25,3.74,23.71,495420.0,224669.0,-2300842.0,-5.79,-10420351.0,-26.21,8119509.0,20.42,1564504.0,3.93,736337.0,1.85,-62.0,0.546,0.547,1694643600.0,926970049,926970049,2026-08-19,2026-08-19 10:38:03+08:00
159007,养殖ETF华泰柏瑞,0.874,0.8744,0.05,-0.016,-1.8,61993.0,5460368.2,0.887,0.888,0.873,0.89,1.69,3.24,1.32,12.32,26994.0,34999.0,-10296.0,-0.19,115669.0,2.12,-125965.0,-2.31,-80800.0,-1.48,91096.0,1.67,100.0,0.873,0.874,191603274.0,167461261,167461261,2026-08-19,2026-08-19 10:38:09+08:00
159876,有色ETF华宝,0.984,0.9839,-0.01,-0.018,-1.8,470302.0,46285967.6,0.985,0.991,0.976,1.002,1.5,2.84,2.08,17.78,180014.0,290288.0,346905.0,0.75,9688909.0,20.93,-9342004.0,-20.18,472873.0,1.02,-819778.0,-1.77,-957.0,0.983,0.984,1654177024.0,1627710192,1627710192,2026-08-19,2026-08-19 10:38:03+08:00
159881,有色金属ETF国泰,0.923,0.9223,-0.08,-0.017,-1.81,59908.0,5523030.9,0.925,0.928,0.915,0.94,1.38,2.94,1.11,17.71,28443.0,31465.0,1219836.0,22.09,345639.0,6.26,874197.0,15.83,-1080203.0,-19.56,-139632.0,-2.53,100.0,0.921,0.922,203499166.0,187829730,187829730,2026-08-19,2026-08-19 10:38:00+08:00
516650,有色金属ETF华夏,1.848,1.8482,0.01,-0.034,-1.81,604979.0,111848362.0,1.845,1.861,1.835,1.882,1.38,1.15,1.73,26.09,316624.0,288355.0,1626102.0,1.45,-1764268.0,-1.58,3390370.0,3.03,-876329.0,-0.78,-749773.0,-0.67,-75.0,1.848,1.849,5281464832.0,9760147010,9760147010,2026-08-19,2026-08-19 10:37:53+08:00
159578,深证主板50ETF南方,1.191,1.1894,-0.13,-0.022,-1.81,1715.0,205260.2,1.213,1.215,1.19,1.213,2.06,0.86,5.49,0.05,1498.0,217.0,-165818.0,-80.78,0.0,0.0,-165818.0,-80.78,142836.0,69.59,22982.0,11.2,-179.0,1.19,1.191,19998831.0,23818608,23818608,2026-08-19,2026-08-19 10:38:06+08:00
517030,沪港深300ETF易方达,1.137,1.1434,0.56,-0.021,-1.81,91.0,10405.0,1.146,1.146,1.137,1.158,0.78,0.01,0.04,1.9,60.0,31.0,-6758.0,-64.95,0.0,0.0,-6758.0,-64.95,0.0,0.0,6758.0,64.95,-1.0,1.137,1.139,84040300.0,95553821,95553821,2026-08-19,2026-08-19 10:37:39+08:00
159390,中证A50ETF国联,1.251,1.2488,-0.18,-0.023,-1.81,47803.0,6015560.9,1.27,1.27,1.251,1.274,1.49,4.26,2.77,-14.66,23612.0,24191.0,-225738.0,-3.78,1830700.0,30.68,-2056438.0,-34.47,-23326.0,-0.39,249062.0,4.17,-391.0,1.251,1.252,112268771.0,140448233,140448233,2026-08-19,2026-08-19 10:38:09+08:00
159182,家电ETF南方,0.921,0.9225,0.16,-0.017,-1.81,141.0,13013.3,0.929,0.929,0.921,0.938,0.85,0.04,0.32,0.61,7.0,134.0,-6176.0,-47.46,0.0,0.0,-6176.0,-47.46,0.0,0.0,6176.0,47.46,-1.0,0.92,0.922,36485663.0,33603296,33603296,2026-08-19,2026-08-19 10:38:15+08:00
159501,纳指ETF嘉实,2.06,1.8745,-9.9,-0.038,-1.81,105304.0,21676129.7,2.06,2.064,2.054,2.098,0.48,0.16,0.76,5.86,52251.0,53053.0,-4018168.0,-18.54,167336.0,0.77,-4185504.0,-19.31,-1073166.0,-4.95,5091333.0,23.49,1.0,2.059,2.06,6764986624.0,13935872445,13935872445,2026-08-19,2026-08-19 10:38:09+08:00
512990,MSCIA股ETF华夏,2.051,2.0501,-0.04,-0.038,-1.82,31100.0,6415375.0,2.068,2.073,2.051,2.089,1.05,3.14,3.03,-12.19,18235.0,12865.0,-354195.0,-5.52,0.0,0.0,-354195.0,-5.52,294159.0,4.59,60036.0,0.94,-10.0,2.049,2.05,99015400.0,203080585,203080585,2026-08-19,2026-08-19 10:37:59+08:00
159944,材料ETF广发,1.507,1.5074,0.03,-0.028,-1.82,5906.0,893466.4,1.534,1.534,1.503,1.535,2.02,1.87,0.72,11.62,2707.0,3199.0,56609.0,6.34,0.0,0.0,56609.0,6.34,-33283.0,-3.73,-23326.0,-2.61,-3.0,1.505,1.506,31608342.0,47633771,47633771,2026-08-19,2026-08-19 10:38:03+08:00
560880,家电ETF广发,1.509,1.509,0.0,-0.028,-1.82,71182.0,10782748.0,1.537,1.537,1.507,1.537,1.95,3.54,2.79,3.79,42892.0,28290.0,-30515.0,-0.28,328733.0,3.05,-359248.0,-3.33,-118055.0,-1.09,148569.0,1.38,54.0,1.508,1.509,201232000.0,303659088,303659088,2026-08-19,2026-08-19 10:37:54+08:00
159696,纳指ETF易方达,2.019,1.858,-8.67,-0.038,-1.85,256710.0,51992053.095,2.026,2.033,2.019,2.057,0.68,0.92,2.91,18.72,118999.0,137711.0,-11039248.0,-21.28,-864535.0,-1.67,-10174713.0,-19.61,2637422.0,5.08,8401827.0,16.19,-543.0,2.019,2.02,2787824032.0,5628616721,5628616721,2026-08-19,2026-08-19 10:38:06+08:00
560470,有色ETF易方达,0.903,0.9029,-0.01,-0.017,-1.85,42749.0,3854289.0,0.9,0.915,0.895,0.92,2.17,1.37,0.94,14.53,21409.0,21340.0,580393.0,15.06,917687.0,23.81,-337294.0,-8.75,-349485.0,-9.07,-230907.0,-5.99,-89.0,0.902,0.903,312340000.0,282043020,282043020,2026-08-19,2026-08-19 10:37:55+08:00
159020,养殖ETF易方达,0.904,0.9042,0.02,-0.017,-1.85,45454.0,4136459.5,0.921,0.923,0.903,0.921,2.17,3.28,1.83,17.79,25987.0,19467.0,-125275.0,-3.03,417256.0,10.09,-542531.0,-13.12,45665.0,1.1,79611.0,1.92,29.0,0.903,0.904,138567082.0,125264642,125264642,2026-08-19,2026-08-19 10:38:18+08:00
562900,农业ETF易方达,0.69,0.6914,0.2,-0.013,-1.85,236209.0,16441992.0,0.703,0.704,0.69,0.703,1.99,9.69,4.03,-2.01,76934.0,159275.0,-274256.0,-1.67,1501285.0,9.13,-1775541.0,-10.8,-467291.0,-2.84,741548.0,4.51,-59.0,0.69,0.691,243706300.0,168157347,168157347,2026-08-19,2026-08-19 10:37:50+08:00
159023,养殖ETF万家,1.056,1.0565,0.05,-0.02,-1.86,21059.0,2243530.48,1.076,1.076,1.055,1.076,1.95,5.89,1.44,4.84,5181.0,15878.0,382918.0,17.07,0.0,0.0,382918.0,17.07,-322298.0,-14.37,-60620.0,-2.7,-67.0,1.055,1.057,35777943.0,37781508,37781508,2026-08-19,2026-08-19 10:38:18+08:00
159791,300ESGETF华夏,1.11,1.109,-0.09,-0.021,-1.86,2771.0,309404.6,1.124,1.124,1.11,1.131,1.24,0.89,0.88,-0.67,660.0,2111.0,-68802.0,-22.24,0.0,0.0,-68802.0,-22.24,0.0,0.0,68802.0,22.24,34.0,1.107,1.109,31083347.0,34502515,34502515,2026-08-19,2026-08-19 10:38:06+08:00
159057,医疗器械ETF鹏华,1.003,1.0059,0.29,-0.019,-1.86,5214.0,524235.837,1.019,1.019,1.003,1.022,1.57,1.25,0.39,-38.9,1418.0,3796.0,-29392.0,-5.61,0.0,0.0,-29392.0,-5.61,-46687.0,-8.91,76080.0,14.51,900.0,1.002,1.004,41715334.0,41840480,41840480,2026-08-19,2026-08-19 10:38:15+08:00
512240,A50ETF鹏华,1.161,1.1594,-0.14,-0.022,-1.86,7951.0,929340.0,1.177,1.177,1.161,1.183,1.35,3.94,1.25,-9.99,6832.0,1119.0,-221064.0,-23.79,0.0,0.0,-221064.0,-23.79,47120.0,5.07,173944.0,18.72,205.0,1.16,1.161,20186000.0,23435946,23435946,2026-08-19,2026-08-19 10:38:00+08:00
512870,杭州湾区ETF南华,1.475,1.4621,-0.88,-0.028,-1.86,22454.0,3383968.0,1.526,1.651,1.471,1.503,11.98,11.0,194.96,-2.17,15084.0,7370.0,-75614.0,-2.23,-1256739.0,-37.14,1181125.0,34.9,-55773.0,-1.65,131387.0,3.88,1.0,1.457,1.465,20410600.0,30105635,30105635,2026-08-19,2026-08-19 10:37:53+08:00
159652,有色ETF汇添富,1.634,1.6352,0.07,-0.031,-1.86,457428.0,74729851.5,1.636,1.646,1.619,1.665,1.62,2.51,1.21,29.77,221495.0,235933.0,392218.0,0.52,-1275150.0,-1.71,1667368.0,2.23,481430.0,0.64,-873649.0,-1.17,-215.0,1.634,1.635,1821320288.0,2976037351,2976037351,2026-08-19,2026-08-19 10:38:06+08:00
513500,标普500ETF博时,2.638,2.469,-6.84,-0.05,-1.86,905086.0,239061126.0,2.654,2.654,2.631,2.688,0.86,0.89,1.52,-4.59,443550.0,461536.0,-59122865.0,-24.73,-15016368.0,-6.28,-44106497.0,-18.45,16240494.0,6.79,42882371.0,17.94,42.0,2.637,2.638,10125638656.0,26711434775,26711434775,2026-08-19,2026-08-19 10:37:58+08:00
159011,养殖ETF华安,1.05,1.0498,-0.02,-0.02,-1.87,10790.0,1139744.34,1.07,1.08,1.05,1.07,2.8,3.54,0.79,6.05,1044.0,9746.0,-1448.0,-0.13,0.0,0.0,-1448.0,-0.13,-4982.0,-0.44,6430.0,0.56,-2106.0,1.048,1.05,30505168.0,32030426,32030426,2026-08-19,2026-08-19 10:38:09+08:00
159996,家电ETF国泰,1.416,1.4164,0.03,-0.027,-1.87,651342.0,92339398.493,1.437,1.437,1.413,1.443,1.66,13.28,4.84,-1.19,309618.0,341724.0,33556097.0,36.34,45228972.0,48.98,-11672875.0,-12.64,-14574867.0,-15.78,-18981231.0,-20.56,15.0,1.415,1.416,490554848.0,694625665,694625665,2026-08-19,2026-08-19 10:38:00+08:00
516970,基建ETF广发,1.1,1.1,0.0,-0.021,-1.87,364624.0,40321046.0,1.108,1.113,1.099,1.121,1.25,3.12,4.04,41.36,140420.0,224204.0,6553022.0,16.25,4559592.0,11.31,1993430.0,4.94,-1635725.0,-4.06,-4917296.0,-12.2,-1222.0,1.099,1.101,1168542496.0,1285396746,1285396746,2026-08-19,2026-08-19 10:37:55+08:00
563930,上证增强ETF招商,1.052,1.0532,0.11,-0.02,-1.87,18332.0,1936645.0,1.062,1.067,1.052,1.072,1.4,5.3,1.74,3.04,6494.0,11838.0,-94731.0,-4.89,455899.0,23.54,-550630.0,-28.43,-70737.0,-3.65,165467.0,8.54,-240.0,1.051,1.053,34592000.0,36390784,36390784,2026-08-19,2026-08-19 10:37:44+08:00
159077,电池ETF鑫元,0.995,0.9921,-0.29,-0.019,-1.87,16806.0,1677115.718,1.004,1.006,0.992,1.014,1.38,4.07,0.15,-3.36,4972.0,11834.0,-710042.0,-42.34,0.0,0.0,-710042.0,-42.34,367152.0,21.89,342890.0,20.45,200.0,0.993,0.994,41242574.0,41036361,41036361,2026-08-19,2026-08-19 10:38:15+08:00
159645,疫苗ETF富国,0.631,0.6309,-0.02,-0.012,-1.87,1029.0,65262.5,0.646,0.646,0.631,0.643,2.33,0.19,0.49,-3.47,272.0,757.0,22388.0,34.3,-8053.0,-12.34,30441.0,46.64,-33206.0,-50.88,10818.0,16.58,-8.0,0.631,0.632,53540740.0,33784207,33784207,2026-08-19,2026-08-19 10:38:00+08:00
588130,科创医药ETF华夏,1.052,1.0518,-0.02,-0.02,-1.87,438367.0,46602307.0,1.07,1.077,1.051,1.072,2.43,9.75,1.15,-18.83,192731.0,245636.0,1237086.0,2.66,-2711071.0,-5.83,3948157.0,8.49,-1630640.0,-3.51,393553.0,0.85,753.0,1.051,1.052,449582608.0,472960904,472960904,2026-08-19,2026-08-19 10:37:46+08:00
562070,沪深300指增ETF华宝,1.052,1.0519,-0.01,-0.02,-1.87,19220.0,2034152.0,1.067,1.067,1.052,1.072,1.4,0.35,0.53,-5.32,12014.0,7206.0,-421039.0,-20.7,-11151.0,-0.55,-409888.0,-20.15,191010.0,9.39,230030.0,11.31,-234.0,1.051,1.053,552542000.0,581274184,581274184,2026-08-19,2026-08-19 10:37:49+08:00
516060,创新药ETF工银,0.628,0.6273,-0.11,-0.012,-1.88,78192.0,4970667.0,0.634,0.64,0.627,0.64,2.03,2.6,1.39,1.61,35762.0,42430.0,-381052.0,-7.68,876491.0,17.66,-1257543.0,-25.34,179001.0,3.61,202052.0,4.07,140.0,0.627,0.628,300237408.0,188549092,188549092,2026-08-19,2026-08-19 10:37:54+08:00
159752,新能源ETF申万菱信,0.627,0.6253,-0.27,-0.012,-1.88,23471.0,1476445.5,0.63,0.636,0.623,0.639,2.03,0.57,1.52,20.29,6682.0,16789.0,108916.0,7.38,272072.0,18.43,-163156.0,-11.05,-232034.0,-15.72,123118.0,8.34,300.0,0.624,0.626,408958912.0,256417238,256417238,2026-08-19,2026-08-19 10:38:06+08:00
159637,新能源车ETF东财,0.829,0.8271,-0.23,-0.016,-1.89,43690.0,3635233.136,0.843,0.843,0.8,0.845,5.09,0.7,0.46,71.94,16893.0,26797.0,130824.0,3.6,417533.0,11.49,-286709.0,-7.89,-574302.0,-15.8,443478.0,12.2,-200.0,0.828,0.829,619768096.0,513787752,513787752,2026-08-19,2026-08-19 10:38:06+08:00
159847,医疗ETF易方达,0.415,0.414,-0.24,-0.008,-1.89,277845.0,11619736.0,0.421,0.424,0.415,0.423,2.13,0.71,1.11,49.94,103147.0,174698.0,-1110126.0,-9.55,2221646.0,19.12,-3331772.0,-28.67,745201.0,6.41,364924.0,3.14,-15565.0,0.414,0.415,3888825360.0,1613862524,1613862524,2026-08-19,2026-08-19 10:38:03+08:00
159858,创新药ETF南方,0.726,0.7272,0.17,-0.014,-1.89,271277.0,19975818.0,0.739,0.743,0.726,0.74,2.3,2.65,1.56,-5.15,137212.0,134065.0,-1056620.0,-5.29,-1766841.0,-8.84,710221.0,3.56,139293.0,0.7,917327.0,4.59,-200.0,0.726,0.727,1025098320.0,744221380,744221380,2026-08-19,2026-08-19 10:38:00+08:00
516770,游戏ETF华泰柏瑞,1.143,1.1434,0.03,-0.022,-1.89,192205.0,21967247.0,1.152,1.163,1.133,1.165,2.58,6.84,1.58,-14.17,117869.0,74336.0,4587317.0,20.88,52706.0,0.24,4534611.0,20.64,-1583505.0,-7.21,-3003811.0,-13.67,-56.0,1.142,1.143,281048000.0,321237864,321237864,2026-08-19,2026-08-19 10:37:55+08:00
516790,医疗ETF华泰柏瑞,0.516,0.5171,0.21,-0.01,-1.9,34271.0,1777122.0,0.527,0.527,0.515,0.526,2.28,1.88,2.1,18.66,13436.0,20835.0,224291.0,12.62,-192980.0,-10.86,417271.0,23.48,-285943.0,-16.09,61651.0,3.47,-18.0,0.515,0.516,182682200.0,94264015,94264015,2026-08-19,2026-08-19 10:37:45+08:00
159806,新能源车ETF国泰,0.723,0.7217,-0.18,-0.014,-1.9,83271.0,6040423.7,0.723,0.737,0.721,0.737,2.17,0.99,1.33,55.86,50742.0,32529.0,249487.0,4.13,147981.0,2.45,101506.0,1.68,-417780.0,-6.92,168292.0,2.79,1.0,0.722,0.723,841089440.0,608107665,608107665,2026-08-19,2026-08-19 10:38:06+08:00
159797,医疗器械ETF汇添富,0.672,0.6727,0.1,-0.013,-1.9,21919.0,1478377.1,0.684,0.684,0.672,0.685,1.75,0.55,1.0,2.22,9593.0,12326.0,-609829.0,-41.25,24882.0,1.68,-634711.0,-42.93,248368.0,16.8,361460.0,24.45,-715.0,0.671,0.672,398989248.0,268120775,268120775,2026-08-19,2026-08-19 10:38:06+08:00
516010,游戏ETF国泰,1.079,1.0804,0.13,-0.021,-1.91,434719.0,46979268.0,1.091,1.093,1.071,1.1,2.0,1.76,1.42,-1.69,168829.0,265890.0,-4596880.0,-9.78,-64343.0,-0.14,-4532537.0,-9.65,-1712706.0,-3.65,6309585.0,13.43,-250.0,1.079,1.081,2469693008.0,2664798756,2664798756,2026-08-19,2026-08-19 10:37:56+08:00
515700,新能源车ETF平安,2.208,2.2072,-0.04,-0.043,-1.91,135855.0,30155805.0,2.226,2.236,2.203,2.251,1.47,1.91,2.51,11.54,49869.0,85986.0,1992213.0,6.61,6107005.0,20.25,-4114792.0,-13.65,-2371722.0,-7.86,379508.0,1.26,-222.0,2.207,2.208,709510208.0,1566598539,1566598539,2026-08-19,2026-08-19 10:37:57+08:00
159049,有色ETF工银,1.019,1.0171,-0.19,-0.02,-1.92,36584.0,3726451.72,1.037,1.037,1.008,1.039,2.79,7.46,1.66,-30.54,23246.0,13338.0,411196.0,11.03,629945.0,16.9,-218749.0,-5.87,-406374.0,-10.91,-4823.0,-0.13,200.0,1.016,1.017,49073319.0,50005712,50005712,2026-08-19,2026-08-19 10:38:18+08:00
159923,中证A100ETF大成,2.192,2.1848,-0.33,-0.043,-1.92,9937.0,2184599.5,2.235,2.235,2.19,2.235,2.01,8.09,1.37,2.86,5269.0,4668.0,150803.0,6.9,0.0,0.0,150803.0,6.9,-14641.0,-0.67,-136161.0,-6.23,-5.0,2.181,2.184,12285812.0,26930500,26930500,2026-08-19,2026-08-19 10:37:54+08:00
159941,纳指ETF广发,1.635,1.495,-9.36,-0.032,-1.92,2786752.0,457722646.3,1.65,1.651,1.633,1.667,1.08,1.24,1.72,23.12,962054.0,1824698.0,-9917195.0,-2.17,11520701.0,2.52,-21437896.0,-4.68,-357864.0,-0.08,10275060.0,2.25,267.0,1.634,1.635,22528010240.0,36833296742,36833296742,2026-08-19,2026-08-19 10:38:03+08:00
159051,医疗器械ETF易方达,1.019,1.0194,0.04,-0.02,-1.92,8385.0,860071.94,1.028,1.05,1.018,1.039,3.08,0.87,0.6,28.26,2590.0,5795.0,133928.0,15.57,241212.0,28.05,-107284.0,-12.47,-150486.0,-17.5,16557.0,1.93,-101.0,1.018,1.02,96117894.0,97944134,97944134,2026-08-19,2026-08-19 10:38:18+08:00
561750,A50ETF博时,1.174,1.1726,-0.12,-0.023,-1.92,1123.0,131878.0,1.186,1.186,1.174,1.197,1.0,0.18,0.38,-0.36,1068.0,55.0,4839.0,3.67,0.0,0.0,4839.0,3.67,0.0,0.0,-4839.0,-3.67,1062.0,1.173,1.174,62996000.0,73957304,73957304,2026-08-19,2026-08-19 10:37:33+08:00
159877,医疗ETF南方,0.511,0.5118,0.16,-0.01,-1.92,78837.0,4087131.7,0.52,0.52,0.51,0.521,1.92,2.71,3.33,-47.27,72652.0,6185.0,-83245.0,-2.04,-75981.0,-1.86,-7264.0,-0.18,6648.0,0.16,76597.0,1.87,-1.0,0.511,0.512,290792288.0,148594859,148594859,2026-08-19,2026-08-19 10:38:00+08:00
159136,A50ETF广发,1.024,1.0258,0.18,-0.02,-1.92,4522.0,464936.8,1.034,1.043,1.024,1.044,1.82,0.41,1.6,1.25,1710.0,2812.0,24649.0,5.3,0.0,0.0,24649.0,5.3,-69955.0,-15.05,45305.0,9.74,-90.0,1.023,1.025,110914074.0,113576012,113576012,2026-08-19,2026-08-19 10:38:15+08:00
159657,疫苗ETF鹏华,0.612,0.6109,-0.18,-0.012,-1.92,9924.0,610555.0,0.62,0.62,0.61,0.624,1.6,0.64,2.41,3.04,4225.0,5699.0,-19022.0,-3.12,40881.0,6.7,-59903.0,-9.81,66199.0,10.84,-47178.0,-7.73,10.0,0.61,0.612,154514819.0,94563069,94563069,2026-08-19,2026-08-19 10:38:00+08:00
561470,畜牧养殖ETF天弘,1.021,1.0223,0.13,-0.02,-1.92,7259.0,742748.0,1.048,1.048,1.021,1.041,2.59,1.43,0.76,-6.92,5791.0,1468.0,43239.0,5.82,0.0,0.0,43239.0,5.82,-42007.0,-5.66,-1231.0,-0.17,2326.0,1.02,1.021,50936000.0,52005656,52005656,2026-08-19,2026-08-19 10:37:50+08:00
159959,央企ETF银华,1.629,1.63,0.06,-0.032,-1.93,703.0,115242.9,1.646,1.647,1.629,1.661,1.08,0.0,1.55,88.4,54.0,649.0,-49395.0,-42.86,1142.0,0.99,-50537.0,-43.85,42511.0,36.89,6884.0,5.97,7.0,1.626,1.629,1827891776.0,2977635703,2977635703,2026-08-19,2026-08-19 10:38:03+08:00
159655,标普500ETF华夏,1.978,1.8872,-4.81,-0.039,-1.93,818831.0,161859386.9,2.0,2.0,1.963,2.017,1.83,3.79,4.12,-5.64,400309.0,418522.0,-41414312.0,-25.59,-42313038.0,-26.14,898726.0,0.56,16784570.0,10.37,24629742.0,15.22,852.0,1.977,1.978,2159143040.0,4270784933,4270784933,2026-08-19,2026-08-19 10:38:06+08:00
510180,上证180ETF华安,3.961,3.9643,0.08,-0.078,-1.93,60038.0,23912689.0,4.008,4.008,3.961,4.039,1.16,0.14,1.29,-4.08,16100.0,43938.0,-1268967.0,-5.31,-244133.0,-1.02,-1024834.0,-4.29,-1718953.0,-7.19,2987921.0,12.5,18.0,3.96,3.961,4418557696.0,17501907034,17501907034,2026-08-19,2026-08-19 10:38:03+08:00
512550,富时A50ETF嘉实,1.828,1.8264,-0.09,-0.036,-1.93,8782.0,1614487.0,1.85,1.85,1.828,1.864,1.18,0.8,0.76,5.23,3459.0,5323.0,180324.0,11.17,0.0,0.0,180324.0,11.17,-412164.0,-25.53,231840.0,14.36,213.0,1.827,1.828,109906000.0,200908168,200908168,2026-08-19,2026-08-19 10:37:59+08:00
512370,A500增强ETF华夏,1.211,1.2123,0.11,-0.024,-1.94,11063.0,1345830.0,1.226,1.227,1.208,1.235,1.54,0.36,1.06,2.49,2644.0,8419.0,342702.0,25.46,0.0,0.0,342702.0,25.46,60359.0,4.48,-403062.0,-29.95,39.0,1.211,1.212,305313008.0,369734053,369734053,2026-08-19,2026-08-19 10:37:58+08:00
562860,疫苗ETF嘉实,0.658,0.657,-0.15,-0.013,-1.94,31529.0,2098309.0,0.671,0.671,0.658,0.671,1.94,1.01,0.65,-2.96,17715.0,13814.0,-331755.0,-15.81,401172.0,19.12,-732927.0,-34.93,195732.0,9.33,136024.0,6.48,5.0,0.657,0.658,310895008.0,204568915,204568915,2026-08-19,2026-08-19 10:37:43+08:00
159165,养殖ETF永赢,0.859,0.859,0.0,-0.017,-1.94,49487.0,4285834.1,0.871,0.875,0.857,0.876,2.05,4.25,1.72,1.54,23755.0,25732.0,-579081.0,-13.51,-713790.0,-16.65,134709.0,3.14,259578.0,6.06,319504.0,7.45,1.0,0.857,0.859,116571257.0,100134710,100134710,2026-08-19,2026-08-19 10:38:12+08:00
516270,新能源ETF华安,0.605,0.6038,-0.2,-0.012,-1.94,120047.0,7285839.0,0.611,0.614,0.602,0.617,1.94,4.3,3.08,-4.5,51251.0,68796.0,303381.0,4.16,427983.0,5.87,-124602.0,-1.71,-413925.0,-5.68,110543.0,1.52,-36.0,0.603,0.604,278909008.0,168739950,168739950,2026-08-19,2026-08-19 10:37:54+08:00
512150,富时A50ETF汇安,1.91,1.9118,0.09,-0.038,-1.95,2529.0,485662.0,1.931,1.931,1.91,1.948,1.08,1.4,8.44,-0.27,196.0,2333.0,-282755.0,-58.22,0.0,0.0,-282755.0,-58.22,46583.0,9.59,236173.0,48.63,-300.0,1.907,1.911,18073400.0,34520194,34520194,2026-08-19,2026-08-19 10:37:43+08:00
516670,畜牧养殖ETF招商,0.604,0.6041,0.02,-0.012,-1.95,422605.0,25749929.0,0.617,0.617,0.604,0.616,2.11,1.25,2.13,17.95,157146.0,265459.0,-2788353.0,-10.83,-2831162.0,-11.0,42809.0,0.17,1672604.0,6.5,1115750.0,4.33,-9.0,0.604,0.605,3391266304.0,2048324848,2048324848,2026-08-19,2026-08-19 10:37:55+08:00
159238,沪深300增强ETF景顺,1.31,1.3085,-0.11,-0.026,-1.95,22006.0,2898022.1,1.336,1.336,1.31,1.336,1.95,4.0,1.98,-1.27,7607.0,14399.0,6551.0,0.23,0.0,0.0,6551.0,0.23,-318930.0,-11.01,312380.0,10.78,-17.0,1.31,1.311,55016186.0,72071204,72071204,2026-08-19,2026-08-19 10:38:09+08:00
515090,可持续发展ETF博时,1.405,1.4018,-0.23,-0.028,-1.95,27612.0,3892342.0,1.433,1.433,1.403,1.433,2.09,28.17,6.13,0.3,16203.0,11409.0,-19763.0,-0.51,-1956360.0,-50.26,1936597.0,49.75,0.0,0.0,19764.0,0.51,7.0,1.402,1.403,9801700.0,13771389,13771389,2026-08-19,2026-08-19 10:37:42+08:00
158003,港股通医疗ETF嘉实,1.002,1.0098,0.77,-0.02,-1.96,1325853.0,133399439.991,1.001,1.014,0.997,1.022,1.66,51.06,,-22.4,721637.0,604216.0,9658202.0,7.24,29805107.0,22.34,-20146905.0,-15.1,-9274284.0,-6.95,-383917.0,-0.29,-5000.0,1.002,1.003,259654396.0,260173705,260173705,2026-08-19,2026-08-19 10:38:18+08:00
159992,创新药ETF银华,0.901,0.9006,-0.04,-0.018,-1.96,6491112.0,591031884.333,0.915,0.92,0.9,0.919,2.18,3.32,1.77,61.13,2319732.0,4171380.0,-32015027.0,-5.42,-30225424.0,-5.11,-1789603.0,-0.3,12258380.0,2.07,19756650.0,3.34,4203.0,0.9,0.901,19565381120.0,17628408389,17628408389,2026-08-19,2026-08-19 10:38:03+08:00
159330,沪深300ETF东财,1.448,1.4481,0.01,-0.029,-1.96,138289.0,20135295.5,1.466,1.466,1.447,1.477,1.29,3.32,2.82,6.1,38730.0,99559.0,-3632053.0,-18.04,641081.0,3.18,-4273134.0,-21.22,-952538.0,-4.73,4584591.0,22.77,2.0,1.446,1.448,416801008.0,603527860,603527860,2026-08-19,2026-08-19 10:38:12+08:00
159602,中国A50ETF南方,1.097,1.097,0.0,-0.022,-1.97,16396.0,1809519.5,1.108,1.111,1.097,1.119,1.25,0.41,1.03,15.39,4932.0,11464.0,27248.0,1.51,768020.0,42.44,-740772.0,-40.94,-74241.0,-4.1,46992.0,2.6,30.0,1.095,1.097,400542944.0,439395610,439395610,2026-08-19,2026-08-19 10:38:06+08:00
517360,沪港深科技ETF华安,0.947,0.9555,0.89,-0.019,-1.97,994.0,94901.0,0.957,0.957,0.947,0.966,1.04,0.37,2.76,0.32,167.0,827.0,-62186.0,-65.53,0.0,0.0,-62186.0,-65.53,51039.0,53.78,11147.0,11.75,-20.0,0.949,0.952,26583000.0,25174101,25174101,2026-08-19,2026-08-19 10:37:49+08:00
159328,家电ETF易方达,1.038,1.0396,0.15,-0.021,-1.98,8479.0,883298.5,1.048,1.048,1.037,1.059,1.04,0.93,0.69,0.31,857.0,7622.0,-26772.0,-3.03,0.0,0.0,-26772.0,-3.03,27699.0,3.14,-927.0,-0.1,-493.0,1.037,1.038,91556700.0,95035855,95035855,2026-08-19,2026-08-19 10:38:12+08:00
513300,纳斯达克ETF华夏,2.665,2.4755,-7.66,-0.054,-1.99,630787.0,168674139.0,2.689,2.689,2.664,2.719,0.92,1.19,1.78,10.96,251196.0,379591.0,-35660995.0,-21.14,-38914225.0,-23.07,3253230.0,1.93,11909672.0,7.06,23751323.0,14.08,21.0,2.664,2.665,5295671040.0,14112963322,14112963322,2026-08-19,2026-08-19 10:37:57+08:00
159898,医疗器械ETF招商,0.49,0.4911,0.22,-0.01,-2.0,167850.0,8257852.3,0.495,0.503,0.49,0.5,2.6,1.77,2.47,39.96,40386.0,127464.0,4069599.0,49.28,2831586.0,34.29,1238013.0,14.99,-4311046.0,-52.21,241447.0,2.92,-440.0,0.49,0.491,946098832.0,463588428,463588428,2026-08-19,2026-08-19 10:38:03+08:00
517770,游戏传媒ETF浦银,0.882,0.8821,0.01,-0.018,-2.0,40280.0,3551084.0,0.895,0.895,0.875,0.9,2.22,2.47,1.65,12.77,15167.0,25113.0,-957101.0,-26.95,0.0,0.0,-957101.0,-26.95,209421.0,5.9,747681.0,21.06,1.0,0.881,0.882,162947800.0,143719960,143719960,2026-08-19,2026-08-19 10:37:52+08:00
159393,沪深300ETF万家,4.964,4.9729,0.18,-0.102,-2.01,17093.0,8538157.6,5.011,5.066,4.964,5.066,2.01,1.94,1.22,-44.23,4902.0,12191.0,-581465.0,-6.81,-1313866.0,-15.39,732401.0,8.58,-122220.0,-1.43,703685.0,8.24,-70.0,4.963,4.964,87946342.0,436565642,436565642,2026-08-19,2026-08-19 10:38:09+08:00
159173,农牧ETF南方,0.879,0.8788,-0.02,-0.018,-2.01,39893.0,3531876.43,0.897,0.9,0.877,0.897,2.56,7.91,2.99,24.56,16562.0,23331.0,259570.0,7.35,-907082.0,-25.68,1166652.0,33.03,-313737.0,-8.88,54168.0,1.53,10.0,0.878,0.879,50455388.0,44350286,44350286,2026-08-19,2026-08-19 10:38:15+08:00
159883,医疗器械ETF永赢,0.438,0.4383,0.07,-0.009,-2.01,878306.0,38776249.7,0.445,0.446,0.438,0.447,1.79,0.96,1.69,45.39,220518.0,657788.0,-4110699.0,-10.6,-5047135.0,-13.02,936436.0,2.41,2643744.0,6.82,1466954.0,3.78,-25.0,0.438,0.439,9144037888.0,4005088595,4005088595,2026-08-19,2026-08-19 10:38:03+08:00
588250,科创医药ETF鹏华,1.071,1.0715,0.05,-0.022,-2.01,38351.0,4149307.0,1.086,1.096,1.071,1.093,2.29,1.34,1.24,-1.76,10591.0,27760.0,-107744.0,-2.6,956943.0,23.06,-1064687.0,-25.66,-128622.0,-3.1,236366.0,5.7,-10.0,1.071,1.072,285675008.0,305957934,305957934,2026-08-19,2026-08-19 10:37:46+08:00
515030,新能源车ETF华夏,1.65,1.6499,-0.01,-0.034,-2.02,405591.0,67274666.0,1.664,1.674,1.648,1.684,1.54,2.65,1.61,21.15,213845.0,191746.0,-5017646.0,-7.46,-666871.0,-0.99,-4350775.0,-6.47,-650352.0,-0.97,5667999.0,8.43,397.0,1.65,1.651,1530384000.0,2525133600,2525133600,2026-08-19,2026-08-19 10:37:57+08:00
560410,电池ETF鹏华,0.875,0.8721,-0.33,-0.018,-2.02,7118.0,623003.0,0.881,0.885,0.871,0.893,1.57,1.19,1.16,0.88,2148.0,4970.0,-27641.0,-4.44,179660.0,28.84,-207301.0,-33.27,-5761.0,-0.92,33401.0,5.36,-5.0,0.871,0.874,59786100.0,52312838,52312838,2026-08-19,2026-08-19 10:37:35+08:00
512950,央企改革ETF华夏,1.506,1.5085,0.17,-0.031,-2.02,12311.0,1868975.0,1.528,1.528,1.506,1.537,1.43,0.03,0.56,-3.4,4691.0,7620.0,-221676.0,-11.86,72246.0,3.87,-293922.0,-15.73,179592.0,9.61,42083.0,2.25,-208.0,1.505,1.507,4042551008.0,6088081818,6088081818,2026-08-19,2026-08-19 10:38:00+08:00
560500,500质量成长ETF鹏扬,1.407,1.4025,-0.32,-0.029,-2.02,4534.0,642208.0,1.414,1.422,1.392,1.436,2.09,0.15,1.19,1.36,2174.0,2360.0,-77307.0,-12.04,4732.0,0.74,-82039.0,-12.77,-4254.0,-0.66,81560.0,12.7,-199.0,1.401,1.404,294339008.0,414134984,414134984,2026-08-19,2026-08-19 10:37:53+08:00
563520,沪深300ETF永赢,1.204,1.2014,-0.22,-0.025,-2.03,137757.0,16705654.0,1.217,1.218,1.203,1.229,1.22,3.37,3.97,-0.69,45699.0,92058.0,378687.0,2.27,4834234.0,28.94,-4455547.0,-26.67,-561339.0,-3.36,182651.0,1.09,30.0,1.202,1.204,409065008.0,492514270,492514270,2026-08-19,2026-08-19 10:37:41+08:00
515310,沪深300ETF汇添富,1.391,1.392,0.07,-0.029,-2.04,102671.0,14379198.0,1.415,1.416,1.352,1.42,4.51,3.3,2.01,10.23,37508.0,65163.0,-3008827.0,-20.92,-1424208.0,-9.9,-1584619.0,-11.02,822800.0,5.72,2186025.0,15.2,50.0,1.39,1.391,311111200.0,432755679,432755679,2026-08-19,2026-08-19 10:37:56+08:00
560050,中国A50ETF汇添富,1.106,1.1048,-0.11,-0.023,-2.04,525674.0,58493747.0,1.125,1.125,1.106,1.129,1.68,2.35,2.48,1.23,203030.0,322643.0,1060323.0,1.81,14017110.0,23.96,-12956787.0,-22.15,175085.0,0.3,-1235407.0,-2.11,20.0,1.105,1.106,2234934400.0,2471837446,2471837446,2026-08-19,2026-08-19 10:37:53+08:00
159824,新能源车ETF博时,1.106,1.1057,-0.03,-0.023,-2.04,6884.0,764345.5,1.119,1.119,1.105,1.129,1.24,0.86,0.86,24.79,3218.0,3666.0,-6192.0,-0.81,-4788.0,-0.63,-1404.0,-0.18,-53859.0,-7.05,60051.0,7.86,500.0,1.105,1.106,80135070.0,88629387,88629387,2026-08-19,2026-08-19 10:38:00+08:00
159528,国企改革ETF富国,1.246,1.245,-0.08,-0.026,-2.04,397.0,49801.0,1.253,1.259,1.246,1.272,1.02,0.54,0.92,-1.35,16.0,381.0,-21545.0,-43.26,0.0,0.0,-21545.0,-43.26,21365.0,42.9,180.0,0.36,-5.0,1.244,1.246,7320773.0,9121683,9121683,2026-08-19,2026-08-19 10:38:09+08:00
159249,A500增强ETF工银,1.391,1.3936,0.19,-0.029,-2.04,78885.0,11060632.1,1.394,1.409,1.391,1.42,1.27,7.29,3.05,-2.71,40068.0,38817.0,864904.0,7.82,757857.0,6.85,107047.0,0.97,-984734.0,-8.9,119830.0,1.08,-5.0,1.391,1.392,108191923.0,150494965,150494965,2026-08-19,2026-08-19 10:38:12+08:00
159660,纳指ETF汇添富,2.347,2.1811,-7.61,-0.049,-2.05,224743.0,52913463.2,2.367,2.367,2.345,2.396,0.92,1.0,1.72,-40.23,96848.0,127895.0,-4674831.0,-8.84,208996.0,0.39,-4883827.0,-9.23,-417717.0,-0.79,5092550.0,9.62,11.0,2.347,2.348,2250151360.0,5281105242,5281105242,2026-08-19,2026-08-19 10:38:06+08:00
516660,新能源车ETF华安,1.001,1.0008,-0.02,-0.021,-2.05,1636.0,164674.0,1.022,1.022,1.0,1.022,2.15,0.11,0.43,23.57,832.0,804.0,-139531.0,-84.73,-3552.0,-2.16,-135979.0,-82.57,19183.0,11.65,120349.0,73.08,-2.0,1.0,1.002,154689000.0,154843689,154843689,2026-08-19,2026-08-19 10:37:52+08:00
159828,医疗ETF国泰,0.431,0.4316,0.14,-0.009,-2.05,813360.0,35402065.8,0.438,0.44,0.431,0.44,2.05,1.71,2.1,62.92,266893.0,546467.0,-1910651.0,-5.4,3728211.0,10.53,-5638862.0,-15.93,1403346.0,3.96,507306.0,1.43,-10120.0,0.431,0.432,4754439424.0,2049163392,2049163392,2026-08-19,2026-08-19 10:38:06+08:00
563630,A500增强ETF国联安,1.287,1.2872,0.02,-0.027,-2.05,7160.0,929496.0,1.317,1.317,1.282,1.314,2.66,1.71,0.93,-26.54,1837.0,5323.0,72365.0,7.79,0.0,0.0,72365.0,7.79,-91328.0,-9.83,18963.0,2.04,1.0,1.281,1.286,41947100.0,53985918,53985918,2026-08-19,2026-08-19 10:37:37+08:00
563600,A500增强ETF易方达,1.052,1.0515,-0.05,-0.022,-2.05,10536.0,1110171.0,1.068,1.068,1.05,1.074,1.68,1.52,1.19,-7.36,4847.0,5689.0,155261.0,13.99,216922.0,19.54,-61661.0,-5.55,-190677.0,-17.18,35416.0,3.19,2080.0,1.048,1.05,69483000.0,73096116,73096116,2026-08-19,2026-08-19 10:37:48+08:00
159849,生物科技ETF招商,0.522,0.5209,-0.21,-0.011,-2.06,5388.0,283117.8,0.533,0.533,0.522,0.533,2.06,0.34,0.46,-2.97,807.0,4581.0,-130939.0,-46.25,-154772.0,-54.67,23833.0,8.42,97773.0,34.53,33167.0,11.71,-1726.0,0.521,0.522,158372396.0,82670391,82670391,2026-08-19,2026-08-19 10:38:00+08:00
516610,医疗设备ETF大成,0.428,0.4286,0.14,-0.009,-2.06,37324.0,1606153.0,0.435,0.435,0.428,0.437,1.6,1.54,1.33,29.48,7972.0,29352.0,-316923.0,-19.73,147686.0,9.2,-464609.0,-28.93,227939.0,14.19,88984.0,5.54,-237.0,0.428,0.429,241974800.0,103565214,103565214,2026-08-19,2026-08-19 10:37:55+08:00
589720,科创创新药ETF国泰,0.953,0.9538,0.08,-0.02,-2.06,4800169.0,464737439.0,0.969,0.98,0.953,0.973,2.77,9.88,1.39,43.63,2050545.0,2749624.0,-19147740.0,-4.12,-11845228.0,-2.55,-7302512.0,-1.57,9461655.0,2.04,9684177.0,2.08,-640.0,0.953,0.954,4860823040.0,4632364357,4632364357,2026-08-19,2026-08-19 10:37:43+08:00
513870,纳指ETF富国,2.047,1.9007,-7.7,-0.043,-2.06,214739.0,44139765.0,2.065,2.07,2.045,2.09,1.2,1.57,1.94,-18.09,91812.0,122927.0,-9878842.0,-22.38,-5238712.0,-11.87,-4640130.0,-10.51,2766709.0,6.27,7112133.0,16.11,5.0,2.046,2.047,1366671008.0,2797575553,2797575553,2026-08-19,2026-08-19 10:37:58+08:00
515550,中证500ETF国联,1.794,1.8019,0.44,-0.038,-2.07,11944.0,2159466.0,1.814,1.832,1.793,1.832,2.13,5.6,2.83,3.61,2594.0,9350.0,-302023.0,-13.99,0.0,0.0,-302023.0,-13.99,332469.0,15.4,-30446.0,-1.41,-60.0,1.792,1.794,21345700.0,38294186,38294186,2026-08-19,2026-08-19 10:37:49+08:00
512360,MSCIA股ETF平安,1.8,1.8011,0.06,-0.038,-2.07,718.0,130244.0,1.82,1.82,1.8,1.838,1.09,0.26,3.5,-1.38,67.0,651.0,127347.0,97.78,0.0,0.0,127347.0,97.78,-108900.0,-83.61,-18447.0,-14.16,-1.0,1.796,1.8,27337700.0,49207860,49207860,2026-08-19,2026-08-19 10:38:00+08:00
159513,纳斯达克100ETF大成,1.788,1.6664,-7.3,-0.038,-2.08,452919.0,81308760.601,1.802,1.807,1.787,1.826,1.1,1.01,1.73,-4.39,150788.0,302131.0,-9840876.0,-12.1,-1884610.0,-2.32,-7956266.0,-9.79,4065137.0,5.0,5775738.0,7.1,2.0,1.787,1.788,4501549056.0,8048769712,8048769712,2026-08-19,2026-08-19 10:38:06+08:00
159517,中证800增强ETF银华,1.366,1.3599,-0.45,-0.029,-2.08,17036.0,2340946.8,1.409,1.419,1.366,1.395,3.8,14.51,1.52,13.68,7995.0,9041.0,73397.0,3.14,0.0,0.0,73397.0,3.14,-105839.0,-4.52,32442.0,1.39,2.0,1.359,1.36,11742624.0,16040424,16040424,2026-08-19,2026-08-19 10:38:09+08:00
513390,纳指100ETF博时,2.404,2.2406,-7.29,-0.051,-2.08,298020.0,71914110.0,2.424,2.428,2.404,2.455,0.98,1.4,2.11,9.27,111999.0,186021.0,-11299897.0,-15.71,-11222769.0,-15.61,-77128.0,-0.11,4750216.0,6.61,6549681.0,9.11,-440.0,2.404,2.405,2128379104.0,5116623366,5116623366,2026-08-19,2026-08-19 10:37:57+08:00
159627,A100ETF华夏,1.315,1.3119,-0.24,-0.028,-2.08,15091.0,1991499.2,1.333,1.333,1.313,1.343,1.49,7.89,1.49,2.31,4811.0,10280.0,282672.0,14.19,0.0,0.0,282672.0,14.19,-323045.0,-16.22,40373.0,2.03,10.0,1.309,1.311,19116776.0,25138560,25138560,2026-08-19,2026-08-19 10:38:06+08:00
159601,A50ETF华夏,1.131,1.1311,0.01,-0.024,-2.08,288797.0,32868594.9,1.143,1.15,1.13,1.155,1.73,2.06,1.57,-9.22,105363.0,183434.0,-3480843.0,-10.59,-111491.0,-0.34,-3369352.0,-10.25,733981.0,2.23,2746862.0,8.36,89.0,1.13,1.131,1401188080.0,1584743718,1584743718,2026-08-19,2026-08-19 10:38:06+08:00
159775,电池ETF建信,0.802,0.8012,-0.1,-0.017,-2.08,194333.0,15621233.1,0.82,0.82,0.8,0.819,2.44,2.86,2.82,-9.6,97669.0,96664.0,-138736.0,-0.89,-114993.0,-0.74,-23743.0,-0.15,-41280.0,-0.26,180016.0,1.15,10.0,0.801,0.802,678648960.0,544276466,544276466,2026-08-19,2026-08-19 10:38:06+08:00
562000,A100ETF华宝,0.608,0.6067,-0.21,-0.013,-2.09,38781.0,2378273.0,0.616,0.616,0.608,0.621,1.29,0.65,2.14,-2.08,13706.0,25075.0,63647.0,2.68,700897.0,29.47,-637250.0,-26.79,-92282.0,-3.88,28634.0,1.2,688.0,0.607,0.608,596737904.0,362816646,362816646,2026-08-19,2026-08-19 10:37:39+08:00
512940,有色ETF华安,0.842,0.8416,-0.05,-0.018,-2.09,166441.0,14013440.0,0.851,0.851,0.836,0.86,1.74,0.78,1.02,11.65,62253.0,104188.0,151887.0,1.08,-471873.0,-3.37,623760.0,4.45,-375876.0,-2.68,223990.0,1.6,200.0,0.841,0.842,2146705008.0,1807525617,1807525617,2026-08-19,2026-08-19 10:38:00+08:00
159632,纳斯达克ETF华安,2.432,2.2668,-7.29,-0.052,-2.09,553656.0,135122335.7,2.455,2.458,2.431,2.484,1.09,1.12,2.02,-18.9,227245.0,326411.0,-9974118.0,-7.38,-1762448.0,-1.3,-8211670.0,-6.08,-2099637.0,-1.55,12073754.0,8.94,29.0,2.431,2.432,4950720768.0,12040152908,12040152908,2026-08-19,2026-08-19 10:38:06+08:00
512160,MSCI中国A股ETF南方,1.535,1.5335,-0.1,-0.033,-2.1,4281.0,663017.0,1.553,1.553,1.535,1.568,1.15,0.35,0.99,11.85,244.0,4037.0,-96647.0,-14.58,0.0,0.0,-96647.0,-14.58,0.0,0.0,96647.0,14.58,100.0,1.533,1.535,121777800.0,186928923,186928923,2026-08-19,2026-08-19 10:37:56+08:00
513110,纳指ETF华泰柏瑞,2.457,2.2918,-7.21,-0.053,-2.11,425870.0,105036860.0,2.482,2.482,2.456,2.51,1.04,1.94,2.04,6.82,168725.0,257145.0,-17885081.0,-17.05,-11967621.0,-11.41,-5917460.0,-5.64,7879319.0,7.51,10005762.0,9.54,-567.0,2.456,2.457,2192435008.0,5386812815,5386812815,2026-08-19,2026-08-19 10:37:58+08:00
589120,科创创新药ETF汇添富,0.881,0.8797,-0.15,-0.019,-2.11,1124107.0,100580496.0,0.895,0.904,0.88,0.9,2.67,8.66,1.49,-8.97,514571.0,609536.0,-6490335.0,-6.45,580274.0,0.58,-7070609.0,-7.03,2558764.0,2.54,3931570.0,3.91,20.0,0.88,0.881,1298620000.0,1144084220,1144084220,2026-08-19,2026-08-19 10:37:42+08:00
159659,纳斯达克100ETF招商,2.32,2.1557,-7.62,-0.05,-2.11,460229.0,107205464.88,2.341,2.343,2.319,2.37,1.01,1.01,1.85,16.02,185550.0,274679.0,-27415194.0,-25.57,-15781869.0,-14.72,-11633325.0,-10.85,14239431.0,13.28,13175763.0,12.29,-25.0,2.32,2.321,4543744000.0,10541486080,10541486080,2026-08-19,2026-08-19 10:38:06+08:00
516390,新能源车ETF汇添富,0.879,0.8805,0.17,-0.019,-2.12,32185.0,2842646.0,0.886,0.891,0.878,0.898,1.45,1.76,2.63,19.8,8412.0,23773.0,336039.0,11.82,711.0,0.03,335328.0,11.8,-423965.0,-14.91,87925.0,3.09,-103.0,0.878,0.88,182761000.0,160646919,160646919,2026-08-19,2026-08-19 10:37:56+08:00
512400,有色金属ETF南方,1.892,1.8918,-0.01,-0.041,-2.12,2319607.0,438759794.0,1.891,1.905,1.88,1.933,1.29,1.77,1.28,18.01,1137064.0,1182542.0,-29357468.0,-6.69,-7955198.0,-1.81,-21402270.0,-4.88,9268749.0,2.11,20088719.0,4.58,-86.0,1.891,1.892,13086539008.0,24759731803,24759731803,2026-08-19,2026-08-19 10:38:01+08:00
561930,沪深300ETF招商,1.572,1.5741,0.13,-0.034,-2.12,28578.0,4523668.0,1.605,1.605,1.572,1.606,2.05,1.72,0.87,-6.2,12408.0,16170.0,827999.0,18.3,316317.0,6.99,511682.0,11.31,-1116521.0,-24.68,288522.0,6.38,-113.0,1.572,1.574,166260600.0,261361663,261361663,2026-08-19,2026-08-19 10:37:44+08:00
159509,纳指科技ETF景顺,2.764,2.2496,-22.87,-0.06,-2.12,438555.0,121084996.512,2.761,2.773,2.754,2.824,0.67,0.66,0.55,-2.73,203476.0,235079.0,-21333810.0,-17.64,-7758807.0,-6.42,-13575003.0,-11.23,4472680.0,3.7,16861130.0,13.94,560.0,2.763,2.764,6621564160.0,18302003338,18302003338,2026-08-19,2026-08-19 10:38:09+08:00
159630,A100ETF汇添富,1.38,1.377,-0.22,-0.03,-2.13,806.0,111967.7,1.396,1.396,1.38,1.41,1.13,0.53,1.15,23.67,,806.0,-101396.0,-90.56,0.0,0.0,-101396.0,-90.56,110579.0,98.76,-9183.0,-8.2,-1.0,1.375,1.376,15113744.0,20856967,20856967,2026-08-19,2026-08-19 10:38:06+08:00
159755,电池ETF广发,0.966,0.9652,-0.08,-0.021,-2.13,1758956.0,170810865.6,0.975,0.979,0.964,0.987,1.52,2.05,1.89,15.64,859505.0,899451.0,-985803.0,-0.58,-5706173.0,-3.34,4720370.0,2.76,-2523034.0,-1.48,3508837.0,2.05,462.0,0.965,0.966,8559646720.0,8268618732,8268618732,2026-08-19,2026-08-19 10:38:06+08:00
517160,长江保护ETF南方,0.964,0.9654,0.15,-0.021,-2.13,51.0,4937.0,0.97,0.975,0.964,0.985,1.12,0.0,0.2,-9.11,7.0,44.0,2038.0,41.28,0.0,0.0,2038.0,41.28,0.0,0.0,-2037.0,-41.26,-22.0,0.964,0.966,1828777504.0,1762941514,1762941514,2026-08-19,2026-08-19 10:37:36+08:00
159690,有色矿业ETF招商,1.967,1.9657,-0.07,-0.043,-2.14,59016.0,11587730.1,1.953,1.98,1.949,2.01,1.54,2.11,1.49,46.24,28402.0,30614.0,-139094.0,-1.2,-1082886.0,-9.35,943792.0,8.14,530757.0,4.58,-391663.0,-3.38,-2.0,1.963,1.965,280163984.0,551082557,551082557,2026-08-19,2026-08-19 10:38:06+08:00
159859,生物医药ETF天弘,0.412,0.412,0.0,-0.009,-2.14,4406300.0,183199322.4,0.42,0.423,0.411,0.421,2.85,4.08,2.9,90.45,523716.0,3882584.0,-10348845.0,-5.65,-16557045.0,-9.04,6208200.0,3.39,8035668.0,4.39,2313176.0,1.26,734.0,0.411,0.412,10805840128.0,4452006133,4452006133,2026-08-19,2026-08-19 10:38:03+08:00
560290,有色ETF景顺,0.825,0.8254,0.05,-0.018,-2.14,30489.0,2518216.0,0.83,0.831,0.819,0.843,1.42,0.82,1.44,9.79,5593.0,24896.0,93820.0,3.73,41064.0,1.63,52756.0,2.09,-148191.0,-5.88,54372.0,2.16,-103.0,0.824,0.825,370694000.0,305822550,305822550,2026-08-19,2026-08-19 10:37:52+08:00
159717,ESGETF鹏华,1.051,1.0507,-0.03,-0.023,-2.14,3241.0,341279.6,1.068,1.068,1.051,1.074,1.58,1.42,4.54,-10.55,1728.0,1513.0,-333458.0,-97.71,0.0,0.0,-333458.0,-97.71,0.0,0.0,333458.0,97.71,-267.0,1.05,1.051,22873183.0,24039715,24039715,2026-08-19,2026-08-19 10:38:06+08:00
515390,沪深300ETF华安,1.364,1.3624,-0.12,-0.03,-2.15,657702.0,90414274.0,1.383,1.384,1.364,1.394,1.43,3.71,2.78,-12.04,195662.0,462040.0,-595857.0,-0.66,12959877.0,14.33,-13555734.0,-14.99,-726063.0,-0.8,1321920.0,1.46,42.0,1.363,1.364,1774683008.0,2420667623,2420667623,2026-08-19,2026-08-19 10:37:57+08:00
512960,央企结构调整ETF博时,1.458,1.4564,-0.11,-0.032,-2.15,4543.0,667167.0,1.477,1.477,1.458,1.49,1.28,0.01,0.82,4.79,2056.0,2487.0,24058.0,3.61,2935.0,0.44,21123.0,3.17,-26245.0,-3.93,2186.0,0.33,5.0,1.455,1.457,3857257296.0,5623881138,5623881138,2026-08-19,2026-08-19 10:37:59+08:00
512090,MSCIA股ETF易方达,2.002,2.0017,-0.01,-0.044,-2.15,132767.0,26695977.0,2.039,2.039,2.002,2.046,1.81,3.96,1.07,7.64,61765.0,71002.0,-2113145.0,-7.94,320477.0,1.2,-2433622.0,-9.15,1551147.0,5.83,411847.0,1.55,-425.0,2.001,2.002,335592304.0,671855793,671855793,2026-08-19,2026-08-19 10:37:58+08:00
515130,沪深300ETF博时,1.547,1.5489,0.12,-0.034,-2.15,33007.0,5147010.0,1.569,1.574,1.547,1.581,1.71,3.73,2.14,16.02,16390.0,16617.0,-375594.0,-7.3,-169865.0,-3.3,-205729.0,-4.0,37080.0,0.72,338515.0,6.58,-107.0,1.546,1.547,88463200.0,136852570,136852570,2026-08-19,2026-08-19 10:37:57+08:00
563000,中国A50ETF易方达,1.134,1.1321,-0.17,-0.025,-2.16,89915.0,10279893.0,1.156,1.156,1.134,1.159,1.9,0.57,1.98,26.55,38684.0,51231.0,-465087.0,-4.52,2956695.0,28.76,-3421782.0,-33.29,52920.0,0.51,412166.0,4.01,1.0,1.133,1.134,1565951104.0,1775788552,1775788552,2026-08-19,2026-08-19 10:37:43+08:00
159163,有色ETF泰康,0.766,0.7653,-0.09,-0.017,-2.17,16784.0,1284350.708,0.778,0.778,0.76,0.783,2.3,0.63,0.75,6.34,5191.0,11593.0,173467.0,13.51,155356.0,12.1,18111.0,1.41,-248574.0,-19.35,75108.0,5.85,-63.0,0.765,0.766,266807013.0,204374172,204374172,2026-08-19,2026-08-19 10:38:15+08:00
516830,沪深300ESGETF富国,1.038,1.0374,-0.06,-0.023,-2.17,28769.0,3003338.0,1.061,1.061,1.038,1.061,2.17,3.3,2.16,3.61,17366.0,11403.0,-203048.0,-6.76,0.0,0.0,-203048.0,-6.76,171714.0,5.72,31335.0,1.04,-40.0,1.036,1.038,87176900.0,90489622,90489622,2026-08-19,2026-08-19 10:37:51+08:00
159156,电池ETF万家,0.903,0.9023,-0.08,-0.02,-2.17,11935.0,1084343.2,0.921,0.921,0.902,0.923,2.06,0.55,0.94,47.27,6402.0,5533.0,-195861.0,-18.06,0.0,0.0,-195861.0,-18.06,27248.0,2.51,168612.0,15.55,-200.0,0.903,0.904,215461253.0,194561511,194561511,2026-08-19,2026-08-19 10:38:15+08:00
159661,A100ETF嘉实,1.438,1.438,0.0,-0.032,-2.18,21525.0,3110124.7,1.456,1.456,1.438,1.47,1.22,7.91,1.87,-12.83,6730.0,14795.0,525669.0,16.9,0.0,0.0,525669.0,16.9,-554831.0,-17.84,29163.0,0.94,-1002.0,1.433,1.435,27208213.0,39125410,39125410,2026-08-19,2026-08-19 10:38:06+08:00
159800,中证800ETF鹏华,1.434,1.4332,-0.06,-0.032,-2.18,1777.0,256634.7,1.468,1.478,1.434,1.466,3.0,0.66,2.91,-19.86,75.0,1702.0,184559.0,71.92,0.0,0.0,184559.0,71.92,-146711.0,-57.17,-37849.0,-14.75,-3.0,1.43,1.433,26736802.0,38340574,38340574,2026-08-19,2026-08-19 10:38:06+08:00
159757,电池ETF景顺,0.804,0.8043,0.04,-0.018,-2.19,56742.0,4591038.6,0.818,0.818,0.804,0.822,1.7,2.29,1.76,26.14,29790.0,26952.0,-786506.0,-17.13,-297484.0,-6.48,-489022.0,-10.65,598976.0,13.05,187530.0,4.08,-9.0,0.804,0.805,247931891.0,199337240,199337240,2026-08-19,2026-08-19 10:38:06+08:00
515660,沪深300ETF国联安,5.847,5.8682,0.36,-0.131,-2.19,1353.0,799215.0,5.918,5.922,5.847,5.978,1.25,0.03,2.25,-19.59,177.0,1176.0,230980.0,28.9,0.0,0.0,230980.0,28.9,-216170.0,-27.05,-14809.0,-1.85,-3.0,5.847,5.852,432694208.0,2529963034,2529963034,2026-08-19,2026-08-19 10:37:51+08:00
159865,养殖ETF国泰,0.536,0.5367,0.13,-0.012,-2.19,3061041.0,165650240.7,0.545,0.547,0.536,0.548,2.01,2.51,2.89,59.8,1260831.0,1800210.0,-11353844.0,-6.85,-2701017.0,-1.63,-8652827.0,-5.22,6093579.0,3.68,5260265.0,3.18,-1442.0,0.536,0.537,12191455744.0,6534620279,6534620279,2026-08-19,2026-08-19 10:38:03+08:00
510360,沪深300ETF广发,1.789,1.7889,-0.01,-0.04,-2.19,185781.0,33455751.0,1.81,1.816,1.789,1.829,1.48,1.06,1.55,3.85,53765.0,132016.0,-5503374.0,-16.45,-226142.0,-0.68,-5277232.0,-15.77,-348312.0,-1.04,5851686.0,17.49,-501.0,1.789,1.791,1757381200.0,3143954967,3143954967,2026-08-19,2026-08-19 10:38:03+08:00
159673,沪深300ETF鹏华,1.289,1.2922,0.25,-0.029,-2.2,214728.0,27891262.5,1.305,1.316,1.289,1.318,2.05,1.22,1.71,-0.92,75176.0,139552.0,373915.0,1.34,5229879.0,18.75,-4855964.0,-17.41,-1122518.0,-4.02,748603.0,2.68,-3798.0,1.288,1.289,1753528384.0,2260298087,2260298087,2026-08-19,2026-08-19 10:38:06+08:00
561920,疫苗ETF招商,0.664,0.662,-0.3,-0.015,-2.21,8203.0,551060.0,0.674,0.676,0.664,0.679,1.77,2.12,2.62,-2.16,6419.0,1784.0,-73835.0,-13.4,-114173.0,-20.72,40338.0,7.32,48819.0,8.86,25016.0,4.54,-1.0,0.663,0.664,38692000.0,25691488,25691488,2026-08-19,2026-08-19 10:37:41+08:00
159155,电池ETF大成,0.884,0.8834,-0.07,-0.02,-2.21,212072.0,18820084.7,0.888,0.898,0.883,0.904,1.66,3.99,2.26,-13.68,113260.0,98812.0,-223998.0,-1.19,-1321398.0,-7.02,1097400.0,5.83,196081.0,1.04,27917.0,0.15,-30.0,0.884,0.885,531513296.0,469857754,469857754,2026-08-19,2026-08-19 10:38:15+08:00
515380,沪深300ETF泰康,5.433,5.4375,0.08,-0.123,-2.21,10099.0,5528036.0,5.512,5.512,5.433,5.556,1.42,0.15,1.94,8.08,2197.0,7902.0,674335.0,12.2,-56727.0,-1.03,731062.0,13.22,-545048.0,-9.86,-129287.0,-2.34,1.0,5.431,5.435,661599808.0,3594471757,3594471757,2026-08-19,2026-08-19 10:37:58+08:00
561910,电池ETF招商,0.752,0.7499,-0.28,-0.017,-2.21,585344.0,44254325.0,0.761,0.763,0.749,0.769,1.82,1.26,1.95,19.12,258720.0,326624.0,-1705506.0,-3.85,2470924.0,5.58,-4176430.0,-9.44,914479.0,2.07,791027.0,1.79,66.0,0.751,0.752,4636076544.0,3486329561,3486329561,2026-08-19,2026-08-19 10:37:45+08:00
159880,有色ETF鹏华,0.968,0.9673,-0.07,-0.022,-2.22,162768.0,15763397.0,0.975,0.976,0.961,0.99,1.52,1.28,1.59,12.83,57080.0,105688.0,814879.0,5.17,-183284.0,-1.16,998163.0,6.33,-1555561.0,-9.87,740683.0,4.7,20.0,0.966,0.968,1274103040.0,1233331743,1233331743,2026-08-19,2026-08-19 10:38:03+08:00
561990,沪深300增强ETF招商,1.014,1.0131,-0.09,-0.023,-2.22,117239.0,11975023.0,1.033,1.033,1.014,1.037,1.83,3.6,1.99,4.19,55878.0,61361.0,-1021464.0,-8.53,1640994.0,13.7,-2662458.0,-22.23,790302.0,6.6,231162.0,1.93,-2.0,1.013,1.014,325649200.0,330208289,330208289,2026-08-19,2026-08-19 10:37:36+08:00
159653,ESG300ETF国联安,1.191,1.1904,-0.05,-0.027,-2.22,34.0,4095.9,1.212,1.212,1.191,1.218,1.72,0.01,1.08,-1.5,,34.0,-3732.0,-91.12,0.0,0.0,-3732.0,-91.12,0.0,0.0,3732.0,91.12,-9.0,1.189,1.191,52972068.0,63089733,63089733,2026-08-19,2026-08-19 10:38:06+08:00
561000,沪深300增强ETF华安,1.314,1.3111,-0.22,-0.03,-2.23,12140.0,1606131.0,1.32,1.33,1.313,1.344,1.26,2.32,1.03,0.61,5443.0,6697.0,-784610.0,-48.85,0.0,0.0,-784610.0,-48.85,540563.0,33.66,244048.0,15.19,1.0,1.31,1.312,52420000.0,68879880,68879880,2026-08-19,2026-08-19 10:37:51+08:00
561330,矿业ETF国泰,0.963,0.9629,-0.01,-0.022,-2.23,383365.0,36929484.0,0.963,0.97,0.953,0.985,1.73,2.06,1.49,-11.16,204890.0,178475.0,320304.0,0.87,-4663225.0,-12.63,4983529.0,13.49,768727.0,2.08,-1087392.0,-2.94,-358.0,0.962,0.963,1858392096.0,1789631588,1789631588,2026-08-19,2026-08-19 10:37:48+08:00
560380,A100ETF南方,1.273,1.2714,-0.13,-0.029,-2.23,29409.0,3783107.0,1.289,1.289,1.273,1.302,1.23,2.09,1.24,10.82,10114.0,19295.0,395035.0,10.44,0.0,0.0,395035.0,10.44,-455389.0,-12.04,60354.0,1.6,284.0,1.271,1.273,140861000.0,179316053,179316053,2026-08-19,2026-08-19 10:37:54+08:00
513100,纳指ETF国泰,2.189,1.9961,-9.66,-0.05,-2.23,382554.0,83783064.0,2.197,2.2,2.185,2.239,0.67,0.4,0.97,17.77,175786.0,206768.0,-12867491.0,-15.38,-12990155.0,-15.53,122664.0,0.15,-185730.0,-0.22,12987552.0,15.52,537.0,2.188,2.189,9465110528.0,20719126946,20719126946,2026-08-19,2026-08-19 10:37:59+08:00
510310,沪深300ETF易方达,4.542,4.5468,0.11,-0.104,-2.24,757018.0,346350570.0,4.61,4.615,4.541,4.646,1.59,0.67,1.95,19.67,290185.0,466834.0,-96077590.0,-27.74,-59512270.0,-17.18,-36565320.0,-10.56,44499587.0,12.85,51578002.0,14.89,-787.0,4.541,4.543,11311844096.0,51378395884,51378395884,2026-08-19,2026-08-19 10:38:03+08:00
159643,疫苗ETF国泰,0.568,0.5675,-0.09,-0.013,-2.24,82215.0,4706919.5,0.58,0.581,0.567,0.581,2.41,3.58,2.36,-3.22,33889.0,48326.0,-331992.0,-7.05,-295353.0,-6.27,-36639.0,-0.78,269370.0,5.72,62622.0,1.33,2.0,0.567,0.568,229390617.0,130293870,130293870,2026-08-19,2026-08-19 10:38:00+08:00
515350,沪深300ETF民生加银,6.276,6.2852,0.15,-0.144,-2.24,1407.0,888013.0,6.381,6.381,6.273,6.42,1.68,1.2,0.77,1.47,413.0,994.0,212909.0,23.98,0.0,0.0,212909.0,23.98,-111153.0,-12.52,-101756.0,-11.46,10.0,6.269,6.274,11699200.0,73424179,73424179,2026-08-19,2026-08-19 10:37:58+08:00
515330,沪深300ETF天弘,1.345,1.3451,0.01,-0.031,-2.25,50951.0,6898962.0,1.365,1.37,1.344,1.376,1.89,0.08,1.9,-2.54,9741.0,41210.0,316070.0,4.58,673000.0,9.76,-356930.0,-5.17,-938885.0,-13.61,622815.0,9.03,399.0,1.344,1.346,6170709504.0,8299604283,8299604283,2026-08-19,2026-08-19 10:37:56+08:00
510370,沪深300ETF兴业,1.037,1.0382,0.12,-0.024,-2.26,20598.0,2147481.0,1.052,1.052,1.037,1.061,1.41,2.36,3.03,31.22,5244.0,15354.0,93904.0,4.37,0.0,0.0,93904.0,4.37,-138827.0,-6.46,44924.0,2.09,-42.0,1.037,1.038,87258100.0,90486650,90486650,2026-08-19,2026-08-19 10:37:57+08:00
159919,沪深300ETF嘉实,4.883,4.8841,0.02,-0.113,-2.26,673331.0,331062069.5,4.95,4.95,4.883,4.996,1.34,1.09,1.75,-32.96,286287.0,387044.0,-72140042.0,-21.8,-36899875.0,-11.15,-35240167.0,-10.65,33676744.0,10.18,38463298.0,11.62,-261.0,4.882,4.883,6172416768.0,30139911078,30139911078,2026-08-19,2026-08-19 10:38:03+08:00
159686,A100ETF易方达,1.295,1.2948,-0.02,-0.03,-2.26,50639.0,6610623.7,1.328,1.328,1.295,1.325,2.49,6.19,1.33,-10.06,16826.0,33813.0,446720.0,6.76,1699945.0,25.72,-1253225.0,-18.96,-509178.0,-7.7,62458.0,0.94,-1000.0,1.293,1.295,81815386.0,105950925,105950925,2026-08-19,2026-08-19 10:38:06+08:00
510320,沪深300ETF中金,1.257,1.2571,0.01,-0.029,-2.26,47338.0,5982566.0,1.28,1.28,1.257,1.286,1.79,0.76,1.06,0.64,9240.0,38098.0,533241.0,8.91,632500.0,10.57,-99259.0,-1.66,-923513.0,-15.44,390272.0,6.52,162.0,1.256,1.257,625068496.0,785711099,785711099,2026-08-19,2026-08-19 10:38:03+08:00
560950,中证500增强ETF汇添富,1.386,1.3891,0.22,-0.032,-2.26,7500.0,1045839.0,1.404,1.408,1.386,1.418,1.55,4.29,3.49,-9.97,1383.0,6117.0,65158.0,6.23,-270332.0,-25.85,335490.0,32.08,-71331.0,-6.82,6174.0,0.59,-248.0,1.384,1.387,17483000.0,24231438,24231438,2026-08-19,2026-08-19 10:37:54+08:00
510390,沪深300ETF平安,5.296,5.3009,0.09,-0.123,-2.27,3774.0,2019021.0,5.365,5.39,5.296,5.419,1.73,0.28,0.7,78.67,1570.0,2204.0,359121.0,17.79,66056.0,3.27,293065.0,14.52,-267764.0,-13.26,-91357.0,-4.52,-41.0,5.296,5.3,136550000.0,723168800,723168800,2026-08-19,2026-08-19 10:38:01+08:00
515910,质量ETF中金,0.689,0.69,0.14,-0.016,-2.27,26446.0,1832787.0,0.7,0.7,0.689,0.705,1.56,1.16,2.97,3.29,9335.0,17111.0,-169673.0,-9.26,126368.0,6.89,-296041.0,-16.15,115061.0,6.28,54611.0,2.98,-11.0,0.688,0.689,227507000.0,156752323,156752323,2026-08-19,2026-08-19 10:37:54+08:00
560180,沪深300ESGETF南方,1.2,1.2015,0.12,-0.028,-2.28,10475.0,1262001.0,1.221,1.235,1.2,1.228,2.85,6.71,1.77,1.37,4369.0,6106.0,-8250.0,-0.65,0.0,0.0,-8250.0,-0.65,-30250.0,-2.4,38500.0,3.05,-200.0,1.199,1.201,15603000.0,18723600,18723600,2026-08-19,2026-08-19 10:37:49+08:00
159925,沪深300ETF南方,4.751,4.7498,-0.03,-0.111,-2.28,79333.0,37961758.5,4.795,4.851,4.75,4.862,2.08,1.37,1.55,-16.89,26027.0,53306.0,-1938069.0,-5.11,-1754466.0,-4.62,-183603.0,-0.48,-207794.0,-0.55,2145862.0,5.65,-19.0,4.75,4.751,579020864.0,2750928125,2750928125,2026-08-19,2026-08-19 10:38:03+08:00
516850,新能源ETF华夏,0.942,0.9404,-0.17,-0.022,-2.28,79837.0,7535964.0,0.955,0.955,0.937,0.964,1.87,5.82,2.14,3.31,33567.0,46270.0,1775.0,0.02,-713080.0,-9.46,714855.0,9.49,-79531.0,-1.06,77756.0,1.03,2160.0,0.94,0.941,137237000.0,129277254,129277254,2026-08-19,2026-08-19 10:37:55+08:00
561500,漂亮50ETF华泰柏瑞,0.812,0.8126,0.07,-0.019,-2.29,1095.0,89386.0,0.823,0.823,0.812,0.831,1.32,0.2,0.59,0.95,14.0,1081.0,4902.0,5.48,0.0,0.0,4902.0,5.48,3109.0,3.48,-8010.0,-8.96,-7.0,0.81,0.812,56100300.0,45553444,45553444,2026-08-19,2026-08-19 10:37:50+08:00
159175,电池ETF易方达,0.938,0.9374,-0.06,-0.022,-2.29,111815.0,10518492.618,0.955,0.955,0.936,0.96,1.98,2.26,1.71,3.14,46697.0,65118.0,364198.0,3.46,1560634.0,14.84,-1196436.0,-11.37,-358662.0,-3.41,-5536.0,-0.05,-1626.0,0.937,0.939,495270384.0,464563620,464563620,2026-08-19,2026-08-19 10:38:15+08:00
510560,中证500ETF国寿,2.005,1.9889,-0.81,-0.047,-2.29,3043.0,611935.0,2.031,2.031,1.98,2.052,2.49,0.58,2.58,-4.79,914.0,2129.0,220499.0,36.03,0.0,0.0,220499.0,36.03,-250706.0,-40.97,30208.0,4.94,10.0,1.984,1.99,52318700.0,104898994,104898994,2026-08-19,2026-08-19 10:37:57+08:00
159839,生物医药ETF汇添富,0.382,0.3829,0.24,-0.009,-2.3,687655.0,26652849.5,0.389,0.393,0.382,0.391,2.81,2.74,1.51,38.2,251521.0,436134.0,-2037279.0,-7.65,-1348726.0,-5.06,-688553.0,-2.59,1487446.0,5.59,549832.0,2.06,-623.0,0.382,0.383,2511735168.0,959482834,959482834,2026-08-19,2026-08-19 10:38:03+08:00
159891,医疗ETF建信,0.382,0.3831,0.29,-0.009,-2.3,115483.0,4439911.5,0.389,0.389,0.382,0.391,1.79,3.29,1.42,6.52,39876.0,75607.0,-47426.0,-1.07,0.0,0.0,-47426.0,-1.07,-124958.0,-2.81,172384.0,3.88,-573.0,0.382,0.383,351024832.0,134091486,134091486,2026-08-19,2026-08-19 10:38:00+08:00
510350,沪深300ETF工银,4.92,4.9214,0.03,-0.116,-2.3,21093.0,10451171.0,4.973,4.978,4.92,5.036,1.15,0.31,2.61,-31.47,6502.0,14591.0,-1207866.0,-11.56,1441731.0,13.79,-2649597.0,-25.35,1338091.0,12.8,-130226.0,-1.25,-131.0,4.919,4.922,677814704.0,3334848344,3334848344,2026-08-19,2026-08-19 10:38:02+08:00
510330,沪深300ETF华夏,4.876,4.8856,0.2,-0.115,-2.3,404345.0,198599153.0,4.951,4.951,4.876,4.991,1.5,0.47,1.16,-54.75,134417.0,269928.0,-25309117.0,-12.74,-8726071.0,-4.39,-16583046.0,-8.35,14379673.0,7.24,10929444.0,5.5,-132.0,4.876,4.878,8537649920.0,41629581010,41629581010,2026-08-19,2026-08-19 10:38:04+08:00
159855,影视ETF银华,0.718,0.7184,0.06,-0.017,-2.31,72670.0,5233782.2,0.73,0.731,0.714,0.735,2.31,4.04,1.36,17.63,19534.0,53136.0,-887030.0,-16.95,-87271.0,-1.67,-799759.0,-15.28,-458740.0,-8.76,1345771.0,25.71,-127.0,0.717,0.719,179925236.0,129186319,129186319,2026-08-19,2026-08-19 10:38:03+08:00
563500,A500ETF华宝,0.635,0.6343,-0.11,-0.015,-2.31,88507.0,5670069.0,0.642,0.644,0.635,0.65,1.38,1.2,1.97,23.33,35847.0,52660.0,-99436.0,-1.75,2155437.0,38.02,-2254873.0,-39.77,-161133.0,-2.84,260568.0,4.6,15.0,0.634,0.635,735958704.0,467333777,467333777,2026-08-19,2026-08-19 10:37:48+08:00
561770,A100ETF博时,1.262,1.2603,-0.13,-0.03,-2.32,6457.0,817730.0,1.28,1.28,1.262,1.292,1.39,1.72,5.47,0.0,6237.0,220.0,-15654.0,-1.91,0.0,0.0,-15654.0,-1.91,0.0,0.0,15654.0,1.91,1598.0,1.261,1.262,37550000.0,47388100,47388100,2026-08-19,2026-08-19 10:37:37+08:00
510300,沪深300ETF华泰柏瑞,4.676,4.6813,0.11,-0.111,-2.32,3849259.0,1812563780.0,4.748,4.749,4.675,4.787,1.55,1.67,1.68,44.67,1493385.0,2355874.0,-746590704.0,-41.21,-911264368.0,-50.3,164673664.0,9.09,391480763.0,21.61,355102947.0,19.6,1828.0,4.675,4.676,23044087808.0,107754154590,107754154590,2026-08-19,2026-08-19 10:38:02+08:00
510380,沪深300ETF国寿,1.392,1.3954,0.24,-0.033,-2.32,4163.0,584717.0,1.407,1.408,1.387,1.425,1.47,0.03,0.16,-4.78,1385.0,2778.0,119488.0,20.44,0.0,0.0,119488.0,20.44,-164807.0,-28.19,45318.0,7.75,-10.0,1.391,1.392,1467802400.0,2043180941,2043180941,2026-08-19,2026-08-19 10:38:01+08:00
159240,A500增强ETF天弘,1.305,1.3026,-0.18,-0.031,-2.32,13356.0,1752498.4,1.323,1.323,1.305,1.336,1.35,6.48,3.21,4.24,5671.0,7685.0,-312279.0,-17.82,0.0,0.0,-312279.0,-17.82,234454.0,13.38,77825.0,4.44,-1050.0,1.304,1.305,20619776.0,26908808,26908808,2026-08-19,2026-08-19 10:38:09+08:00
159796,电池ETF汇添富,0.879,0.8789,-0.01,-0.021,-2.33,1544288.0,136404672.9,0.887,0.893,0.876,0.9,1.89,2.33,2.56,31.53,777972.0,766316.0,3337687.0,2.45,1673372.0,1.23,1664315.0,1.22,-6088449.0,-4.46,2750764.0,2.02,16.0,0.878,0.879,6620467456.0,5819390894,5819390894,2026-08-19,2026-08-19 10:38:06+08:00
159631,A100ETF招商,1.257,1.2569,-0.01,-0.03,-2.33,7177.0,908337.5,1.275,1.275,1.257,1.287,1.4,1.82,1.75,3.51,3979.0,3198.0,-243668.0,-26.83,0.0,0.0,-243668.0,-26.83,203327.0,22.38,40341.0,4.44,-3.0,1.256,1.257,39332605.0,49441084,49441084,2026-08-19,2026-08-19 10:38:06+08:00
512460,电池ETF华夏,0.876,0.8762,0.02,-0.021,-2.34,91246.0,8032215.0,0.888,0.89,0.874,0.897,1.78,3.17,1.73,6.99,41311.0,49935.0,802018.0,9.99,-12258.0,-0.15,814276.0,10.14,-974799.0,-12.14,172782.0,2.15,-900.0,0.875,0.876,287823008.0,252132955,252132955,2026-08-19,2026-08-19 10:38:00+08:00
512910,A100ETF广发,1.333,1.3323,-0.05,-0.032,-2.34,43296.0,5804422.0,1.352,1.352,1.333,1.365,1.39,3.3,2.35,-0.48,24312.0,18984.0,-201944.0,-3.48,705814.0,12.16,-907758.0,-15.64,47033.0,0.81,154910.0,2.67,-15.0,1.332,1.333,131128800.0,174794690,174794690,2026-08-19,2026-08-19 10:38:00+08:00
159029,有色ETF广发,0.919,0.9204,0.15,-0.022,-2.34,57387.0,5277631.737,0.917,0.927,0.912,0.941,1.59,1.76,0.89,-2.1,21925.0,35462.0,651092.0,12.34,999228.0,18.93,-348136.0,-6.6,-363120.0,-6.88,-287973.0,-5.46,-6.0,0.919,0.92,326127712.0,299711367,299711367,2026-08-19,2026-08-19 10:38:18+08:00
159376,A500ETF浦银,1.332,1.3327,0.05,-0.032,-2.35,21842.0,2928915.3,1.35,1.35,1.332,1.364,1.32,4.46,1.93,-44.11,1067.0,20775.0,-41262.0,-1.41,-1689428.0,-57.68,1648166.0,56.27,14546.0,0.5,26714.0,0.91,1.0,1.33,1.331,48922317.0,65164526,65164526,2026-08-19,2026-08-19 10:38:09+08:00
516440,工程机械ETF南方,0.952,0.9467,-0.56,-0.023,-2.36,40626.0,3906421.0,0.97,0.97,0.946,0.975,2.46,2.87,1.78,2.1,19489.0,21137.0,-177142.0,-4.53,-682789.0,-17.48,505647.0,12.94,58741.0,1.5,118401.0,3.03,50.0,0.948,0.95,141626600.0,134828523,134828523,2026-08-19,2026-08-19 10:37:54+08:00
159300,沪深300ETF富国,5.014,5.0188,0.1,-0.121,-2.36,83113.0,42003625.5,5.09,5.095,5.014,5.135,1.58,2.36,1.95,42.92,44813.0,38300.0,-7181060.0,-17.1,-5414998.0,-12.89,-1766062.0,-4.2,380144.0,0.91,6800916.0,16.19,-1.0,5.012,5.015,352858096.0,1769230493,1769230493,2026-08-19,2026-08-19 10:38:12+08:00
159160,电池ETF东财,0.867,0.8683,0.15,-0.021,-2.36,84532.0,7368177.5,0.875,0.883,0.865,0.888,2.03,3.92,1.62,7.84,28834.0,55698.0,695398.0,9.44,106153.0,1.44,589245.0,8.0,-1103373.0,-14.97,407975.0,5.54,-16.0,0.866,0.867,215819254.0,187115293,187115293,2026-08-19,2026-08-19 10:38:15+08:00
516960,机械ETF国泰,0.906,0.9046,-0.15,-0.022,-2.37,402.0,36745.0,0.919,0.922,0.903,0.928,2.05,0.25,0.68,-0.66,28.0,374.0,-20329.0,-55.32,-20419.0,-55.57,90.0,0.24,0.0,0.0,20328.0,55.32,-1.0,0.905,0.907,16051100.0,14542297,14542297,2026-08-19,2026-08-19 10:37:49+08:00
516190,传媒ETF华夏,0.984,0.9845,0.05,-0.024,-2.38,101658.0,10026787.0,0.997,1.002,0.977,1.008,2.48,9.61,2.32,4.53,43451.0,58207.0,-787965.0,-7.86,57022.0,0.57,-844987.0,-8.43,292857.0,2.92,495108.0,4.94,-3.0,0.983,0.984,105818500.0,104125404,104125404,2026-08-19,2026-08-19 10:37:55+08:00
159840,锂电池ETF工银,0.779,0.7793,0.04,-0.019,-2.38,323558.0,25360515.685,0.786,0.791,0.779,0.798,1.5,1.61,1.6,26.66,130853.0,192705.0,-625024.0,-2.46,3826720.0,15.09,-4451744.0,-17.55,-511908.0,-2.02,1136933.0,4.48,-3.0,0.779,0.78,2006574848.0,1563121807,1563121807,2026-08-19,2026-08-19 10:38:03+08:00
561300,沪深300增强ETF国泰,1.064,1.0657,0.16,-0.026,-2.39,123123.0,13185778.0,1.088,1.088,1.064,1.09,2.2,2.78,2.22,-5.03,41693.0,81430.0,-1902400.0,-14.85,-1509282.0,-11.78,-393118.0,-3.07,1256199.0,9.81,646201.0,5.05,-3552.0,1.064,1.065,442965008.0,471314769,471314769,2026-08-19,2026-08-19 10:37:49+08:00
562880,电池ETF嘉实,0.777,0.7759,-0.14,-0.019,-2.39,105082.0,8212831.0,0.785,0.788,0.775,0.796,1.63,1.18,1.03,13.14,41804.0,63278.0,-193856.0,-2.36,997242.0,12.14,-1191098.0,-14.5,-21921.0,-0.27,215777.0,2.63,8.0,0.776,0.777,893899600.0,694559989,694559989,2026-08-19,2026-08-19 10:37:48+08:00
515160,MSCI中国ETF招商,1.629,1.632,0.18,-0.04,-2.4,5792.0,944875.0,1.66,1.66,1.629,1.669,1.86,0.24,1.2,0.01,1203.0,4589.0,285321.0,30.2,0.0,0.0,285321.0,30.2,-268159.0,-28.38,-17161.0,-1.82,1192.0,1.628,1.629,243955100.0,397402858,397402858,2026-08-19,2026-08-19 10:37:57+08:00
560710,船舶ETF富国,0.89,0.8902,0.02,-0.022,-2.41,359805.0,32109561.0,0.908,0.908,0.886,0.912,2.41,1.99,2.97,0.23,137914.0,221891.0,-5028635.0,-15.66,843621.0,2.63,-5872256.0,-18.29,2469912.0,7.69,2558722.0,7.97,1.0,0.889,0.89,1812580000.0,1613196200,1613196200,2026-08-19,2026-08-19 10:37:52+08:00
516620,影视ETF国泰,0.81,0.8099,-0.01,-0.02,-2.41,136112.0,11065669.0,0.824,0.824,0.806,0.83,2.17,7.21,1.23,-1.37,50553.0,85559.0,-783422.0,-7.08,174336.0,1.58,-957758.0,-8.66,-368296.0,-3.33,1151718.0,10.41,-50.0,0.81,0.811,188767500.0,152901675,152901675,2026-08-19,2026-08-19 10:37:54+08:00
159886,机械ETF富国,0.933,0.9318,-0.13,-0.023,-2.41,9686.0,908064.9,0.961,0.961,0.93,0.956,3.24,1.48,0.86,7.95,6315.0,3371.0,135296.0,14.9,-33982.0,-3.74,169278.0,18.64,-154565.0,-17.02,19270.0,2.12,-83.0,0.932,0.933,65442555.0,61057904,61057904,2026-08-19,2026-08-19 10:38:00+08:00
159875,新能源ETF嘉实,0.605,0.6054,0.07,-0.015,-2.42,427911.0,26077436.6,0.613,0.616,0.603,0.62,2.1,1.59,1.54,9.84,182046.0,245865.0,506988.0,1.94,3862652.0,14.81,-3355664.0,-12.87,-615004.0,-2.36,108016.0,0.41,-50.0,0.605,0.606,2694162896.0,1629968552,1629968552,2026-08-19,2026-08-19 10:38:03+08:00
516380,智能电动车ETF华宝,0.886,0.8806,-0.61,-0.022,-2.42,6712.0,599485.0,0.894,0.922,0.883,0.908,4.3,0.81,6.88,18.91,3596.0,3116.0,-166928.0,-27.85,0.0,0.0,-166928.0,-27.85,99940.0,16.67,66989.0,11.17,-2.0,0.882,0.883,82449300.0,73050080,73050080,2026-08-19,2026-08-19 10:37:35+08:00
159065,工程机械ETF景顺,0.928,0.9269,-0.12,-0.023,-2.42,10746.0,1000628.573,0.949,0.949,0.924,0.951,2.63,0.97,2.11,-3.16,3240.0,7506.0,-100064.0,-10.0,0.0,0.0,-100064.0,-10.0,75951.0,7.59,24114.0,2.41,-200.0,0.926,0.928,111350818.0,103333559,103333559,2026-08-19,2026-08-19 10:38:18+08:00
159715,稀土ETF易方达,1.207,1.2055,-0.12,-0.03,-2.43,231852.0,28100995.9,1.224,1.225,1.202,1.237,1.86,4.48,1.61,10.12,105838.0,126014.0,68299.0,0.24,2694412.0,9.59,-2626113.0,-9.35,-150662.0,-0.54,82363.0,0.29,10.0,1.205,1.206,517030272.0,624055538,624055538,2026-08-19,2026-08-19 10:38:06+08:00
159380,A500ETF东财,1.364,1.3626,-0.1,-0.034,-2.43,33608.0,4613341.3,1.379,1.389,1.363,1.398,1.86,2.21,1.37,-9.96,14140.0,19468.0,-1128270.0,-24.46,0.0,0.0,-1128270.0,-24.46,221114.0,4.79,907156.0,19.66,31.0,1.363,1.364,151804337.0,207061116,207061116,2026-08-19,2026-08-19 10:38:09+08:00
561180,A100ETF富国,1.325,1.3269,0.14,-0.033,-2.43,7681.0,1027393.0,1.344,1.344,1.325,1.358,1.4,1.55,2.59,5.98,4573.0,3108.0,-24310.0,-2.37,0.0,0.0,-24310.0,-2.37,350.0,0.03,23960.0,2.33,72.0,1.324,1.325,49609600.0,65732720,65732720,2026-08-19,2026-08-19 10:37:53+08:00
159147,电池ETF南方,0.885,0.8833,-0.19,-0.022,-2.43,165817.0,14713231.2,0.893,0.898,0.882,0.907,1.76,0.8,1.52,24.08,75080.0,90737.0,-1151.0,-0.01,1143385.0,7.77,-1144536.0,-7.78,-252287.0,-1.71,253439.0,1.72,-2494.0,0.884,0.885,2064909552.0,1827444954,1827444954,2026-08-19,2026-08-19 10:38:15+08:00
159606,中证500成长ETF易方达,1.364,1.3637,-0.02,-0.034,-2.43,38826.0,5334871.3,1.391,1.391,1.364,1.398,1.93,1.01,1.06,-2.65,15954.0,22872.0,-542824.0,-10.18,0.0,0.0,-542824.0,-10.18,736091.0,13.8,-193267.0,-3.62,-1.0,1.363,1.364,384222832.0,524079943,524079943,2026-08-19,2026-08-19 10:38:06+08:00
159066,A股ETF建信,0.918,0.9187,0.08,-0.023,-2.44,25498.0,2361078.173,0.933,0.933,0.918,0.941,1.59,1.19,1.11,-6.18,7265.0,18233.0,165451.0,7.01,463500.0,19.63,-298049.0,-12.62,-217555.0,-9.21,52103.0,2.21,-940.0,0.918,0.919,214733027.0,197124919,197124919,2026-08-19,2026-08-19 10:38:15+08:00
515810,中证800ETF易方达,1.719,1.7225,0.2,-0.043,-2.44,39361.0,6836234.0,1.742,1.746,1.719,1.762,1.53,1.44,1.6,30.76,8205.0,31156.0,633781.0,9.27,441338.0,6.46,192443.0,2.82,-751857.0,-11.0,118077.0,1.73,-2.0,1.717,1.719,272908800.0,469130227,469130227,2026-08-19,2026-08-19 10:37:54+08:00
563030,中证500增强ETF易方达,1.599,1.5963,-0.17,-0.04,-2.44,18322.0,2951364.0,1.623,1.623,1.598,1.639,1.53,1.48,1.7,-15.53,4723.0,13599.0,970430.0,32.88,0.0,0.0,970430.0,32.88,-1078214.0,-36.53,107783.0,3.65,-296.0,1.598,1.599,124169000.0,198546231,198546231,2026-08-19,2026-08-19 10:37:43+08:00
530380,上证380ETF易方达,1.118,1.1194,0.13,-0.028,-2.44,18389.0,2074441.0,1.135,1.135,1.118,1.146,1.48,1.33,1.49,-1.51,4399.0,13990.0,-27387.0,-1.32,0.0,0.0,-27387.0,-1.32,13666.0,0.66,13721.0,0.66,-280.0,1.117,1.118,138705000.0,155072190,155072190,2026-08-19,2026-08-19 10:37:52+08:00
512650,长三角ETF汇添富,1.36,1.3577,-0.17,-0.034,-2.44,6542.0,897269.0,1.398,1.398,1.36,1.394,2.73,1.99,0.99,1.25,3967.0,2575.0,237750.0,26.5,0.0,0.0,237750.0,26.5,-189391.0,-21.11,-48358.0,-5.39,-190.0,1.356,1.358,32941600.0,44800576,44800576,2026-08-19,2026-08-19 10:37:56+08:00
159725,线上消费ETF工银,0.761,0.7604,-0.08,-0.019,-2.44,37856.0,2889019.8,0.772,0.775,0.755,0.78,2.56,2.86,1.18,16.65,15420.0,22436.0,-138642.0,-4.8,-24135.0,-0.84,-114507.0,-3.96,-393178.0,-13.61,531820.0,18.41,10.0,0.759,0.761,132424924.0,100775367,100775367,2026-08-19,2026-08-19 10:38:06+08:00
516580,新能源ETF博时,0.601,0.6032,0.36,-0.015,-2.44,19844.0,1205730.0,0.616,0.62,0.601,0.616,3.08,1.38,1.34,5.35,18708.0,1136.0,25754.0,2.14,-818251.0,-67.86,844005.0,70.0,-35351.0,-2.93,9598.0,0.8,-20.0,0.601,0.602,144124100.0,86618584,86618584,2026-08-19,2026-08-19 10:37:54+08:00
561160,电池ETF富国,0.757,0.7578,0.11,-0.019,-2.45,219225.0,16692278.0,0.761,0.77,0.755,0.776,1.93,0.96,1.47,18.52,88378.0,130847.0,-869675.0,-5.21,1145244.0,6.86,-2014919.0,-12.07,-136998.0,-0.82,1006673.0,6.03,-3000.0,0.757,0.758,2291335008.0,1734540601,1734540601,2026-08-19,2026-08-19 10:37:50+08:00
516780,稀土ETF华泰柏瑞,0.874,0.8735,-0.06,-0.022,-2.46,465554.0,40948771.0,0.886,0.89,0.871,0.896,2.12,1.92,1.73,17.25,194726.0,270828.0,650199.0,1.59,197007.0,0.48,453192.0,1.11,-1530887.0,-3.74,880688.0,2.15,-7.0,0.873,0.874,2421099696.0,2116041134,2116041134,2026-08-19,2026-08-19 10:37:56+08:00
512020,A500ETF鹏华,1.302,1.3004,-0.12,-0.033,-2.47,341165.0,44816207.0,1.335,1.335,1.302,1.335,2.47,3.16,2.15,-7.39,172950.0,168215.0,-497575.0,-1.11,3542222.0,7.9,-4039797.0,-9.01,-141604.0,-0.32,639180.0,1.43,85.0,1.301,1.302,1079012704.0,1404874541,1404874541,2026-08-19,2026-08-19 10:38:02+08:00
159805,传媒ETF鹏华,1.143,1.144,0.09,-0.029,-2.47,123216.0,14123507.9,1.162,1.162,1.135,1.172,2.3,4.54,0.92,-6.52,65690.0,57526.0,-91298.0,-0.65,-1124616.0,-7.96,1033318.0,7.32,-817824.0,-5.79,909122.0,6.44,-83.0,1.143,1.144,271452480.0,310270185,310270185,2026-08-19,2026-08-19 10:38:06+08:00
159872,智能网联汽车ETF鹏华,0.828,0.8287,0.08,-0.021,-2.47,1676.0,139723.2,0.843,0.843,0.826,0.849,2.0,0.28,0.54,11.49,489.0,1187.0,-86776.0,-62.11,-19800.0,-14.17,-66976.0,-47.93,25230.0,18.06,61546.0,44.05,-24.0,0.827,0.828,59799732.0,49514178,49514178,2026-08-19,2026-08-19 10:38:03+08:00
159623,成渝经济圈ETF博时,0.982,0.9813,-0.07,-0.025,-2.48,33116.0,3276683.5,1.001,1.007,0.982,1.007,2.48,0.11,2.0,20.6,5534.0,27582.0,1053079.0,32.14,1824337.0,55.68,-771258.0,-23.54,-913325.0,-27.87,-139754.0,-4.27,-1500.0,0.981,0.983,3082271696.0,3026790805,3026790805,2026-08-19,2026-08-19 10:38:06+08:00
512060,A100ETF天弘,1.218,1.2195,0.12,-0.031,-2.48,5634.0,689222.0,1.237,1.237,1.218,1.249,1.52,5.16,1.69,-0.25,3250.0,2384.0,55392.0,8.04,0.0,0.0,55392.0,8.04,-40743.0,-5.91,-14649.0,-2.13,-652.0,1.217,1.219,10928000.0,13310304,13310304,2026-08-19,2026-08-19 10:37:58+08:00
563660,A500ETF银河,1.26,1.2579,-0.17,-0.032,-2.48,3498.0,443205.0,1.28,1.28,1.26,1.292,1.55,0.55,0.42,-8.35,4.0,3494.0,399810.0,90.21,0.0,0.0,399810.0,90.21,-402007.0,-90.7,2198.0,0.5,-542.0,1.256,1.259,63085200.0,79487352,79487352,2026-08-19,2026-08-19 10:37:43+08:00
516160,新能源ETF南方,2.551,2.5557,0.18,-0.065,-2.48,395599.0,101653220.0,2.595,2.595,2.546,2.616,1.87,2.55,2.81,52.82,158541.0,237058.0,18766342.0,18.46,10559531.0,10.39,8206811.0,8.07,-7281356.0,-7.16,-11484986.0,-11.3,-197.0,2.551,2.553,1551142000.0,3956963242,3956963242,2026-08-19,2026-08-19 10:37:54+08:00
159767,电池龙头ETF兴银,0.786,0.7862,0.03,-0.02,-2.48,23045.0,1822577.6,0.806,0.806,0.785,0.806,2.61,0.96,1.99,43.18,11632.0,11413.0,-355803.0,-19.52,-87308.0,-4.79,-268495.0,-14.73,195529.0,10.73,160274.0,8.79,-4.0,0.786,0.787,238873672.0,187754706,187754706,2026-08-19,2026-08-19 10:38:06+08:00
159357,A500ETF博时,1.293,1.2953,0.18,-0.033,-2.49,129074.0,16881414.2,1.31,1.315,1.293,1.326,1.66,1.1,2.66,5.19,58800.0,70274.0,1452654.0,8.61,2779048.0,16.46,-1326394.0,-7.86,-1499624.0,-8.88,46971.0,0.28,20.0,1.292,1.293,1168833840.0,1511302155,1511302155,2026-08-19,2026-08-19 10:38:09+08:00
513800,日本东证指数ETF南方,1.844,1.8433,-0.04,-0.047,-2.49,95515.0,17628044.0,1.846,1.851,1.78,1.891,3.75,0.92,0.79,-2.75,37436.0,58079.0,-4693065.0,-26.62,0.0,0.0,-4693065.0,-26.62,2114184.0,11.99,2578881.0,14.63,1.0,1.843,1.844,1033844400.0,1906409074,1906409074,2026-08-19,2026-08-19 10:37:54+08:00
561880,A100ETF华富,1.288,1.2855,-0.19,-0.033,-2.5,10723.0,1386985.0,1.321,1.321,1.288,1.321,2.5,1.33,2.12,45.44,5865.0,4858.0,-327966.0,-23.65,0.0,0.0,-327966.0,-23.65,244424.0,17.62,83542.0,6.02,2000.0,1.286,1.287,80389000.0,103541032,103541032,2026-08-19,2026-08-19 10:37:48+08:00
516090,新能源ETF易方达,0.506,0.5066,0.12,-0.013,-2.5,425116.0,21615190.0,0.515,0.515,0.505,0.519,1.93,2.52,2.05,23.1,195056.0,230060.0,-360831.0,-1.67,746101.0,3.45,-1106932.0,-5.12,125389.0,0.58,235443.0,1.09,-600.0,0.506,0.507,1688844800.0,854555469,854555469,2026-08-19,2026-08-19 10:37:55+08:00
512980,传媒ETF广发,0.817,0.8182,0.15,-0.021,-2.51,2248961.0,183973909.0,0.83,0.83,0.811,0.838,2.27,4.5,1.7,42.23,959246.0,1289715.0,15944980.0,8.67,24355062.0,13.24,-8410082.0,-4.57,-24632289.0,-13.39,8687310.0,4.72,-310.0,0.817,0.818,4997924352.0,4083304196,4083304196,2026-08-19,2026-08-19 10:37:59+08:00
159377,创业板医药ETF国泰,1.01,1.01,0.0,-0.026,-2.51,93647.0,9555071.8,1.034,1.038,1.01,1.036,2.7,7.61,1.35,45.33,22724.0,70923.0,45073.0,0.47,938592.0,9.83,-893519.0,-9.36,-437559.0,-4.58,392486.0,4.11,49.0,1.009,1.01,123129399.0,124360693,124360693,2026-08-19,2026-08-19 10:38:09+08:00
563220,A500ETF富国,1.277,1.2761,-0.07,-0.033,-2.52,1201751.0,154596028.0,1.29,1.3,1.276,1.31,1.83,1.87,2.78,-11.6,416179.0,785572.0,-3334655.0,-2.16,-556503.0,-0.36,-2778152.0,-1.8,1815766.0,1.17,1518890.0,0.98,22.0,1.275,1.276,6443013632.0,8227728408,8227728408,2026-08-19,2026-08-19 10:37:46+08:00
159215,A500ETF平安,1.314,1.314,0.0,-0.034,-2.52,83231.0,11015736.6,1.345,1.345,1.314,1.348,2.3,0.88,2.48,5.93,33567.0,49664.0,-51494.0,-0.47,703490.0,6.39,-754984.0,-6.85,194646.0,1.77,-143152.0,-1.3,-3113.0,1.313,1.314,949582800.0,1247751799,1247751799,2026-08-19,2026-08-19 10:38:15+08:00
563860,中证A500ETF海富通,1.311,1.31,-0.08,-0.034,-2.53,118478.0,15609194.0,1.332,1.332,1.311,1.345,1.56,6.7,2.32,-0.17,58822.0,59656.0,526721.0,3.37,468931.0,3.0,57790.0,0.37,-569657.0,-3.65,42937.0,0.28,1552.0,1.31,1.311,176844300.0,231842877,231842877,2026-08-19,2026-08-19 10:37:49+08:00
159728,在线消费ETF南方,0.771,0.7699,-0.14,-0.02,-2.53,45531.0,3516074.2,0.791,0.791,0.766,0.791,3.16,9.5,1.89,42.68,21823.0,23708.0,-273827.0,-7.79,0.0,0.0,-273827.0,-7.79,166133.0,4.72,107694.0,3.06,-800.0,0.77,0.772,47910129.0,36938709,36938709,2026-08-19,2026-08-19 10:38:06+08:00
159356,A500ETF万家,1.302,1.3053,0.25,-0.034,-2.54,143023.0,18785295.5,1.333,1.333,1.302,1.336,2.32,1.92,1.32,-4.41,62104.0,80919.0,1063868.0,5.66,243794.0,1.3,820074.0,4.37,-695237.0,-3.7,-368631.0,-1.96,-77.0,1.301,1.302,743120640.0,967543073,967543073,2026-08-19,2026-08-19 10:38:09+08:00
159508,生物医药ETF华安,0.844,0.8455,0.18,-0.022,-2.54,53238.0,4551675.2,0.862,0.864,0.844,0.866,2.31,5.42,0.93,-0.5,17395.0,35843.0,866039.0,19.03,790017.0,17.36,76022.0,1.67,-801645.0,-17.61,-64394.0,-1.41,-400.0,0.844,0.845,98231598.0,82907469,82907469,2026-08-19,2026-08-19 10:38:09+08:00
159720,智能车ETF泰康,0.727,0.7278,0.11,-0.019,-2.55,6264.0,456275.3,0.746,0.746,0.726,0.746,2.68,1.37,2.8,-0.49,3387.0,2877.0,8838.0,1.94,0.0,0.0,8838.0,1.94,-32440.0,-7.11,23602.0,5.17,-1440.0,0.726,0.727,45812357.0,33305584,33305584,2026-08-19,2026-08-19 10:38:00+08:00
561030,工程机械ETF华泰柏瑞,0.88,0.8799,-0.01,-0.023,-2.55,13642.0,1209107.0,0.894,0.894,0.879,0.903,1.66,0.74,1.22,8.8,2182.0,11460.0,-77266.0,-6.39,0.0,0.0,-77266.0,-6.39,21686.0,1.79,55581.0,4.6,-1218.0,0.879,0.88,185550000.0,163284000,163284000,2026-08-19,2026-08-19 10:37:53+08:00
563650,中证A500ETF兴业,1.293,1.2928,-0.02,-0.034,-2.56,36392.0,4731445.0,1.314,1.314,1.293,1.327,1.58,2.64,1.98,-44.77,12060.0,24332.0,-24908.0,-0.53,-887816.0,-18.76,862908.0,18.24,-147420.0,-3.12,172329.0,3.64,-2222.0,1.292,1.293,137909000.0,178316337,178316337,2026-08-19,2026-08-19 10:37:46+08:00
159063,粮食ETF南方,1.067,1.0661,-0.08,-0.028,-2.56,273698.0,29660104.062,1.116,1.116,1.056,1.095,5.48,47.61,9.39,-5.68,142000.0,131698.0,-7732443.0,-26.07,-309696.0,-1.04,-7422747.0,-25.03,4063585.0,13.7,3668857.0,12.37,-4.0,1.066,1.067,57486647.0,61338252,61338252,2026-08-19,2026-08-19 10:38:18+08:00
159358,中证A500ETF大成,1.325,1.3236,-0.11,-0.035,-2.57,723242.0,96553578.0,1.341,1.359,1.325,1.36,2.5,9.36,2.89,-35.28,296613.0,426629.0,1543539.0,1.6,22891418.0,23.71,-21347879.0,-22.11,-1691975.0,-1.75,148435.0,0.15,-6865.0,1.324,1.325,773106416.0,1024366001,1024366001,2026-08-19,2026-08-19 10:38:09+08:00
517350,沪港深科技ETF广发,0.948,0.9467,-0.14,-0.025,-2.57,2512.0,239192.0,0.959,0.959,0.94,0.973,1.95,0.46,0.53,3.61,771.0,1741.0,183577.0,76.75,0.0,0.0,183577.0,76.75,-153434.0,-64.15,-30143.0,-12.6,-19.0,0.943,0.945,55042000.0,52179816,52179816,2026-08-19,2026-08-19 10:37:50+08:00
516250,工程机械ETF富国,0.949,0.9492,0.02,-0.025,-2.57,27695.0,2649486.0,0.979,0.979,0.946,0.974,3.39,2.86,0.94,13.84,16083.0,11612.0,-88879.0,-3.35,942382.0,35.57,-1031261.0,-38.92,21247.0,0.8,67633.0,2.55,1.0,0.948,0.949,96878000.0,91937222,91937222,2026-08-19,2026-08-19 10:37:54+08:00
159360,A500ETF天弘,1.323,1.3224,-0.05,-0.035,-2.58,167197.0,22269162.1,1.353,1.353,1.323,1.358,2.21,1.4,1.76,-4.47,61069.0,106128.0,-186577.0,-0.84,1095712.0,4.92,-1282289.0,-5.76,111305.0,0.5,75271.0,0.34,20.0,1.322,1.323,1193184528.0,1578583131,1578583131,2026-08-19,2026-08-19 10:38:09+08:00
159070,工程机械ETF嘉实,0.944,0.9434,-0.06,-0.025,-2.58,10135.0,961317.802,0.954,0.957,0.941,0.969,1.65,0.94,0.88,10.38,473.0,9662.0,-20367.0,-2.12,339.0,0.04,-20706.0,-2.15,-63538.0,-6.61,83907.0,8.73,-1590.0,0.943,0.944,108366883.0,102298338,102298338,2026-08-19,2026-08-19 10:38:18+08:00
159362,A500ETF工银,1.314,1.3143,0.02,-0.035,-2.59,188561.0,25017132.1,1.346,1.346,1.314,1.349,2.37,1.18,3.55,-54.85,110510.0,78051.0,1380332.0,5.52,2455270.0,9.81,-1074938.0,-4.3,-1513346.0,-6.05,133014.0,0.53,500.0,1.313,1.314,1604180192.0,2107892772,2107892772,2026-08-19,2026-08-19 10:38:09+08:00
561890,A股ETF易方达,1.013,1.0144,0.14,-0.027,-2.6,23365.0,2388555.0,1.03,1.03,1.013,1.04,1.63,4.57,0.76,-2.77,6136.0,17229.0,-10313.0,-0.43,0.0,0.0,-10313.0,-0.43,60.0,0.0,10253.0,0.43,100.0,1.012,1.013,51112600.0,51777064,51777064,2026-08-19,2026-08-19 10:37:45+08:00
159687,亚太精选ETF南方,1.798,1.8352,2.03,-0.048,-2.6,353056.0,63787902.3,1.812,1.815,1.798,1.846,0.92,2.16,1.29,6.36,126876.0,226180.0,-7906032.0,-12.39,-3627360.0,-5.69,-4278672.0,-6.71,-90252.0,-0.14,7996283.0,12.54,-4288.0,1.798,1.8,1638128656.0,2945355323,2945355323,2026-08-19,2026-08-19 10:38:06+08:00
159610,中证500增强ETF景顺,1.274,1.278,0.31,-0.034,-2.6,41880.0,5401155.194,1.295,1.301,1.274,1.308,2.06,2.53,3.49,1.18,17781.0,24099.0,938862.0,17.38,-608615.0,-11.27,1547477.0,28.65,-1021732.0,-18.92,82871.0,1.53,-940.0,1.274,1.275,165568207.0,210933896,210933896,2026-08-19,2026-08-19 10:38:06+08:00
512080,A500ETF中金,1.31,1.3113,0.1,-0.035,-2.6,332583.0,43896721.0,1.332,1.332,1.31,1.345,1.64,4.55,4.14,-0.19,135672.0,196911.0,674000.0,1.54,-708836.0,-1.61,1382836.0,3.15,-403296.0,-0.92,-270703.0,-0.62,2.0,1.307,1.31,731186096.0,957853786,957853786,2026-08-19,2026-08-19 10:37:58+08:00
560610,A500ETF招商,1.196,1.1937,-0.19,-0.032,-2.61,400463.0,48145618.0,1.208,1.215,1.196,1.228,1.55,0.77,1.52,-6.86,161841.0,238622.0,-4079242.0,-8.47,-2395689.0,-4.98,-1683553.0,-3.5,2081741.0,4.32,1997501.0,4.15,5.0,1.195,1.196,5230988288.0,6256261992,6256261992,2026-08-19,2026-08-19 10:37:54+08:00
159338,中证A500ETF国泰,1.225,1.2241,-0.07,-0.033,-2.62,12016782.0,1482100077.699,1.241,1.246,1.224,1.258,1.75,5.59,1.5,-11.32,5332290.0,6684492.0,-98566417.0,-6.65,-101944640.0,-6.88,3378223.0,0.23,56610214.0,3.82,41956205.0,2.83,1.0,1.224,1.225,21500086784.0,26337606310,26337606310,2026-08-19,2026-08-19 10:38:12+08:00
562910,高端制造ETF易方达,0.854,0.856,0.23,-0.023,-2.62,62880.0,5404921.0,0.87,0.87,0.851,0.877,2.17,2.1,2.01,0.91,25102.0,37778.0,1008078.0,18.65,-1708.0,-0.03,1009786.0,18.68,-1224192.0,-22.65,216114.0,4.0,-20.0,0.853,0.854,299227296.0,255540111,255540111,2026-08-19,2026-08-19 10:37:50+08:00
560910,电池ETF华泰柏瑞,0.782,0.7813,-0.09,-0.021,-2.62,28511.0,2237150.0,0.806,0.806,0.78,0.803,3.24,1.46,0.8,-2.01,8909.0,19602.0,-27264.0,-1.22,0.0,0.0,-27264.0,-1.22,-97538.0,-4.36,124802.0,5.58,-2901.0,0.781,0.783,194721000.0,152271822,152271822,2026-08-19,2026-08-19 10:37:38+08:00
560870,工业有色ETF中银,0.928,0.9285,0.05,-0.025,-2.62,30043.0,2799037.0,0.953,0.953,0.924,0.953,3.04,3.15,1.13,-2.81,13086.0,16957.0,356981.0,12.75,0.0,0.0,356981.0,12.75,-409831.0,-14.64,52851.0,1.89,905.0,0.927,0.928,95351900.0,88486563,88486563,2026-08-19,2026-08-19 10:37:49+08:00
560530,中证A500ETF摩根,1.226,1.2274,0.11,-0.033,-2.62,707606.0,87344341.0,1.25,1.25,1.226,1.259,1.91,1.91,4.96,-45.88,302687.0,404919.0,-803927.0,-0.92,13034032.0,14.92,-13837959.0,-15.84,-822711.0,-0.94,1626637.0,1.86,600.0,1.225,1.226,3706623696.0,4544320651,4544320651,2026-08-19,2026-08-19 10:37:53+08:00
159351,A500ETF嘉实,1.224,1.2248,0.07,-0.033,-2.63,1756089.0,216518885.3,1.248,1.248,1.224,1.257,1.91,2.49,1.55,13.99,556724.0,1199365.0,-6686465.0,-3.09,4275812.0,1.97,-10962277.0,-5.06,4196523.0,1.94,2489943.0,1.15,1.0,1.223,1.224,7049123328.0,8628126953,8628126953,2026-08-19,2026-08-19 10:38:09+08:00
512050,A500ETF华夏,1.22,1.2214,0.11,-0.033,-2.63,6992128.0,859383133.0,1.239,1.239,1.22,1.253,1.52,4.26,1.91,8.9,2816284.0,4175844.0,-20825397.0,-2.42,-18509936.0,-2.15,-2315461.0,-0.27,12092142.0,1.41,8732035.0,1.02,505.0,1.219,1.22,16423992320.0,20037270630,20037270630,2026-08-19,2026-08-19 10:38:01+08:00
563800,A500ETF广发,1.224,1.2231,-0.07,-0.033,-2.63,971727.0,119890287.0,1.238,1.242,1.224,1.257,1.43,1.09,1.04,11.49,424068.0,547659.0,-3872538.0,-3.23,2290426.0,1.91,-6162964.0,-5.14,1803238.0,1.5,2069299.0,1.73,2.0,1.223,1.224,8923977984.0,10922949052,10922949052,2026-08-19,2026-08-19 10:37:46+08:00
563360,A500ETF华泰柏瑞,1.294,1.2959,0.15,-0.035,-2.63,14052057.0,1830826866.0,1.31,1.313,1.293,1.329,1.5,4.45,1.46,0.71,6087006.0,7965051.0,-72716844.0,-3.97,-91086768.0,-4.98,18369924.0,1.0,40780017.0,2.23,31936832.0,1.74,2291.0,1.293,1.294,31594987520.0,40883913851,40883913851,2026-08-19,2026-08-19 10:37:48+08:00
159379,A500ETF融通,1.367,1.3655,-0.11,-0.037,-2.64,34864.0,4794663.7,1.385,1.387,1.367,1.404,1.42,2.15,8.82,-3.96,22658.0,12206.0,961827.0,20.06,1634607.0,34.09,-672780.0,-14.03,-1004219.0,-20.94,42392.0,0.88,121.0,1.365,1.366,161821471.0,221209951,221209951,2026-08-19,2026-08-19 10:38:06+08:00
515800,中证800ETF汇添富,1.289,1.2887,-0.02,-0.035,-2.64,277367.0,36026358.0,1.314,1.317,1.289,1.324,2.11,0.69,1.59,0.87,149248.0,128119.0,-1220864.0,-3.39,-8419801.0,-23.37,7198937.0,19.98,159498.0,0.44,1061367.0,2.95,2.0,1.288,1.289,4029437200.0,5193944551,5193944551,2026-08-19,2026-08-19 10:37:56+08:00
516320,高端装备ETF华夏,0.954,0.9581,0.43,-0.026,-2.65,28987.0,2780561.0,0.986,0.986,0.952,0.98,3.47,3.31,1.89,7.12,15765.0,13222.0,-555903.0,-19.99,-1722745.0,-61.96,1166842.0,41.96,124436.0,4.48,431467.0,15.52,1.0,0.953,0.954,87589300.0,83560192,83560192,2026-08-19,2026-08-19 10:37:48+08:00
159359,A500ETF华安,1.284,1.284,0.0,-0.035,-2.65,101026.0,13094903.4,1.317,1.317,1.284,1.319,2.5,1.5,1.17,2.23,58710.0,42316.0,-40241.0,-0.31,1110406.0,8.48,-1150647.0,-8.79,-279392.0,-2.13,319631.0,2.44,-1000.0,1.283,1.284,674140432.0,865596315,865596315,2026-08-19,2026-08-19 10:38:09+08:00
159171,工业有色ETF博时,0.808,0.8065,-0.19,-0.022,-2.65,11599.0,938243.0,0.815,0.819,0.804,0.83,1.81,0.53,0.87,30.14,2251.0,9348.0,-2607.0,-0.28,-237399.0,-25.3,234792.0,25.02,-114760.0,-12.23,117367.0,12.51,75.0,0.806,0.807,217532934.0,175766611,175766611,2026-08-19,2026-08-19 10:38:15+08:00
510290,上证380ETF南方,2.67,2.6675,-0.09,-0.073,-2.66,14781.0,3994857.0,2.716,2.716,2.67,2.743,1.68,2.62,3.99,-16.75,8680.0,6101.0,-820614.0,-20.54,0.0,0.0,-820614.0,-20.54,575452.0,14.4,245163.0,6.14,-2.0,2.665,2.67,56448900.0,150718563,150718563,2026-08-19,2026-08-19 10:37:50+08:00
560360,软件ETF万家,1.246,1.241,-0.4,-0.034,-2.66,42904.0,5359013.0,1.267,1.272,1.234,1.28,2.97,1.95,2.2,-35.85,15374.0,27530.0,-2043995.0,-38.14,-2074229.0,-38.71,30234.0,0.56,1427710.0,26.64,616285.0,11.5,16.0,1.243,1.244,220345000.0,274549870,274549870,2026-08-19,2026-08-19 10:37:54+08:00
159353,中证A500ETF景顺,1.243,1.2423,-0.06,-0.034,-2.66,727444.0,90944167.2,1.263,1.263,1.243,1.277,1.57,1.71,1.56,-20.72,346684.0,380760.0,-2804736.0,-3.08,1127741.0,1.24,-3932477.0,-4.32,1242565.0,1.37,1562171.0,1.72,-418.0,1.243,1.244,4256161808.0,5290409127,5290409127,2026-08-19,2026-08-19 10:38:09+08:00
159162,工业有色ETF鹏华,0.84,0.837,-0.36,-0.023,-2.67,33840.0,2847410.282,0.847,0.848,0.836,0.863,1.39,0.78,1.18,70.98,10235.0,23605.0,-216902.0,-7.62,422600.0,14.84,-639502.0,-22.46,-271421.0,-9.53,488323.0,17.15,512.0,0.838,0.839,435939840.0,366189466,366189466,2026-08-19,2026-08-19 10:38:15+08:00
560970,工业有色ETF平安,0.949,0.9471,-0.2,-0.026,-2.67,1868.0,177773.0,0.97,0.97,0.945,0.975,2.56,0.28,0.46,-0.22,420.0,1448.0,-116506.0,-65.54,0.0,0.0,-116506.0,-65.54,897.0,0.5,115608.0,65.03,-197.0,0.946,0.948,67138000.0,63713962,63713962,2026-08-19,2026-08-19 10:37:36+08:00
159352,A500ETF南方,1.274,1.2745,0.04,-0.035,-2.67,16753710.0,2152097519.226,1.295,1.295,1.274,1.309,1.6,6.21,2.25,4.25,7665467.0,9088243.0,-28635999.0,-1.33,-49080000.0,-2.28,20444001.0,0.95,16664507.0,0.77,11971491.0,0.56,-229217.0,1.273,1.274,26985101824.0,34379019724,34379019724,2026-08-19,2026-08-19 10:38:09+08:00
159339,A500ETF银华,1.236,1.2358,-0.02,-0.034,-2.68,303026.0,37724447.2,1.266,1.266,1.235,1.27,2.44,1.59,1.63,-59.76,144152.0,158874.0,-1965199.0,-5.21,-2206140.0,-5.85,240941.0,0.64,773975.0,2.05,1191224.0,3.16,2.0,1.235,1.236,1910086848.0,2360867344,2360867344,2026-08-19,2026-08-19 10:38:12+08:00
159138,工程机械ETF易方达,0.908,0.9076,-0.04,-0.025,-2.68,13504.0,1235337.5,0.928,0.928,0.905,0.933,2.47,0.45,0.51,15.7,4223.0,9281.0,37765.0,3.06,0.0,0.0,37765.0,3.06,-370988.0,-30.03,333222.0,26.97,50.0,0.907,0.908,298267920.0,270827271,270827271,2026-08-19,2026-08-19 10:38:09+08:00
159678,500增强ETF博时,1.563,1.5674,0.28,-0.043,-2.68,16968.0,2668319.7,1.574,1.588,1.562,1.606,1.62,1.86,1.87,-20.21,4434.0,12534.0,-425900.0,-15.96,0.0,0.0,-425900.0,-15.96,419337.0,15.72,6563.0,0.25,-800.0,1.562,1.563,91143694.0,142457594,142457594,2026-08-19,2026-08-19 10:38:06+08:00
563880,A500ETF汇添富,1.264,1.2642,0.02,-0.035,-2.69,461508.0,58797709.0,1.28,1.286,1.264,1.299,1.69,3.11,1.72,20.19,245079.0,216429.0,-1846105.0,-3.14,986202.0,1.68,-2832307.0,-4.82,998120.0,1.7,847985.0,1.44,-90.0,1.264,1.265,1483996400.0,1875771450,1875771450,2026-08-19,2026-08-19 10:37:48+08:00
560280,工程机械ETF广发,1.517,1.5166,-0.03,-0.042,-2.69,706092.0,107716405.0,1.55,1.551,1.512,1.559,2.5,4.39,2.31,18.21,224154.0,481938.0,27603379.0,25.63,20927742.0,19.43,6675637.0,6.2,-16760451.0,-15.56,-10842927.0,-10.07,3.0,1.516,1.517,1608252000.0,2439718284,2439718284,2026-08-19,2026-08-19 10:37:54+08:00
560510,中证A500ETF泰康,1.195,1.1953,0.03,-0.033,-2.69,204740.0,24626099.0,1.208,1.227,1.195,1.228,2.61,0.83,1.94,1.37,81156.0,123584.0,-3159682.0,-12.83,2132039.0,8.66,-5291721.0,-21.49,933128.0,3.79,2226553.0,9.04,146.0,1.194,1.195,2471026896.0,2952877141,2952877141,2026-08-19,2026-08-19 10:37:53+08:00
159032,工业有色ETF易方达,0.897,0.8954,-0.18,-0.025,-2.71,55632.0,4995254.769,0.899,0.906,0.892,0.922,1.52,2.3,0.97,31.07,18687.0,36945.0,-257911.0,-5.16,136142.0,2.73,-394053.0,-7.89,-17278.0,-0.35,275189.0,5.51,-22.0,0.895,0.896,241845019.0,216934982,216934982,2026-08-19,2026-08-19 10:38:15+08:00
512420,工程机械ETF华安,0.968,0.9691,0.11,-0.027,-2.71,33877.0,3295615.0,0.989,0.989,0.966,0.995,2.31,4.39,1.68,7.18,5572.0,28305.0,-337336.0,-10.24,0.0,0.0,-337336.0,-10.24,181980.0,5.52,155356.0,4.71,-300.0,0.968,0.97,77238900.0,74767255,74767255,2026-08-19,2026-08-19 10:37:59+08:00
515590,500等权ETF前海开源,1.928,1.9215,-0.34,-0.054,-2.72,5401.0,1051421.0,1.954,1.954,1.928,1.982,1.31,1.5,3.96,-11.06,1789.0,3612.0,-490942.0,-46.69,0.0,0.0,-490942.0,-46.69,338861.0,32.23,152081.0,14.46,-10.0,1.926,1.928,36113700.0,69627214,69627214,2026-08-19,2026-08-19 10:37:49+08:00
515720,金融科技ETF富国,0.68,0.679,-0.15,-0.019,-2.72,81749.0,5585644.0,0.688,0.699,0.675,0.699,3.43,1.86,2.38,25.45,34697.0,47052.0,-1800724.0,-32.24,-767395.0,-13.74,-1033329.0,-18.5,991873.0,17.76,808851.0,14.48,508.0,0.678,0.68,438611008.0,298255485,298255485,2026-08-19,2026-08-19 10:37:56+08:00
159866,日经ETF工银,1.667,1.6262,-2.51,-0.047,-2.74,673455.0,112753625.3,1.682,1.683,1.664,1.714,1.11,6.26,1.32,21.11,289353.0,384102.0,-7227891.0,-6.41,-8848511.0,-7.85,1620620.0,1.44,4955697.0,4.4,2272193.0,2.02,4.0,1.666,1.667,1074979376.0,1791990620,1791990620,2026-08-19,2026-08-19 10:38:03+08:00
515040,工业有色ETF华夏,1.063,1.062,-0.09,-0.03,-2.74,19529.0,2080174.0,1.07,1.078,1.059,1.093,1.74,3.41,0.96,9.21,10358.0,9171.0,179649.0,8.64,0.0,0.0,179649.0,8.64,-278063.0,-13.37,98415.0,4.73,1.0,1.06,1.063,57319600.0,60930735,60930735,2026-08-19,2026-08-19 10:37:47+08:00
589550,科创价值ETF华夏,1.342,1.3405,-0.11,-0.038,-2.75,4356.0,588451.0,1.377,1.377,1.342,1.38,2.54,1.72,0.86,0.05,2675.0,1681.0,-139637.0,-23.73,0.0,0.0,-139637.0,-23.73,141621.0,24.07,-1984.0,-0.34,-100.0,1.339,1.341,25295500.0,33946561,33946561,2026-08-19,2026-08-19 10:37:35+08:00
159713,稀土ETF富国,1.307,1.3089,0.15,-0.037,-2.75,301260.0,39670124.7,1.331,1.331,1.303,1.344,2.08,5.77,2.21,31.92,164906.0,136354.0,4444147.0,11.2,-822303.0,-2.07,5266450.0,13.28,3477681.0,8.77,-7921828.0,-19.97,34.0,1.307,1.308,522255056.0,682587358,682587358,2026-08-19,2026-08-19 10:38:06+08:00
159157,有色金属ETF天弘,0.844,0.8427,-0.15,-0.024,-2.76,470727.0,39838936.79,0.853,0.853,0.84,0.868,1.5,0.59,1.39,4.84,230358.0,240369.0,-3098673.0,-7.78,1715164.0,4.31,-4813837.0,-12.08,844791.0,2.12,2253882.0,5.66,30.0,0.843,0.844,7984758784.0,6739136414,6739136414,2026-08-19,2026-08-19 10:38:15+08:00
515970,工程机械ETF华夏,0.846,0.8454,-0.07,-0.024,-2.76,424343.0,36076708.0,0.861,0.865,0.844,0.87,2.41,5.92,1.96,-7.03,236676.0,187667.0,4215897.0,11.69,3215841.0,8.91,1000056.0,2.77,-3580852.0,-9.93,-635044.0,-1.76,-1500.0,0.846,0.847,717088000.0,606656448,606656448,2026-08-19,2026-08-19 10:37:56+08:00
560750,A500ETF申万菱信,1.341,1.3416,0.04,-0.038,-2.76,10982.0,1482578.0,1.366,1.366,1.341,1.379,1.81,1.45,0.61,2.98,2431.0,8551.0,226852.0,15.3,0.0,0.0,226852.0,15.3,-281561.0,-18.99,54710.0,3.69,-1501.0,1.339,1.342,75554800.0,101318987,101318987,2026-08-19,2026-08-19 10:37:54+08:00
516150,稀土ETF嘉实,1.788,1.7885,0.03,-0.051,-2.77,370370.0,66612072.0,1.822,1.822,1.782,1.839,2.18,0.95,1.23,52.78,204092.0,166278.0,8323112.0,12.49,1757926.0,2.64,6565186.0,9.86,-10729164.0,-16.11,2406053.0,3.61,-10.0,1.788,1.789,3885077008.0,6946517690,6946517690,2026-08-19,2026-08-19 10:37:54+08:00
563550,A500增强ETF摩根,1.263,1.2645,0.12,-0.036,-2.77,37021.0,4706321.0,1.287,1.287,1.263,1.299,1.85,4.33,2.1,-32.31,11069.0,25952.0,537827.0,11.43,1166434.0,24.78,-628607.0,-13.36,-614380.0,-13.05,76553.0,1.63,-50.0,1.262,1.263,85559000.0,108061017,108061017,2026-08-19,2026-08-19 10:37:48+08:00
159542,工程机械ETF大成,1.33,1.3308,0.06,-0.038,-2.78,11475.0,1536297.3,1.358,1.358,1.328,1.368,2.19,7.36,1.36,4.28,5277.0,6198.0,63457.0,4.13,-2714.0,-0.18,66171.0,4.31,-91497.0,-5.96,28039.0,1.83,-4.0,1.329,1.332,15592850.0,20738491,20738491,2026-08-19,2026-08-19 10:38:09+08:00
159161,工程机械ETF东财,0.94,0.9414,0.15,-0.027,-2.79,3931.0,370802.8,0.965,0.973,0.938,0.967,3.62,0.58,1.79,0.95,2320.0,1611.0,-47210.0,-12.73,0.0,0.0,-47210.0,-12.73,-4704.0,-1.27,51914.0,14.0,-147.0,0.939,0.941,68331260.0,64231384,64231384,2026-08-19,2026-08-19 10:38:15+08:00
159386,A500ETF永赢,1.29,1.2906,0.05,-0.037,-2.79,54904.0,7147185.2,1.324,1.324,1.29,1.327,2.56,9.49,1.69,4.21,23911.0,30993.0,-363568.0,-5.09,4013.0,0.06,-367581.0,-5.14,413612.0,5.79,-50044.0,-0.7,-799.0,1.289,1.291,57869559.0,74651731,74651731,2026-08-19,2026-08-19 10:38:06+08:00
159177,工程机械ETF鹏华,0.941,0.9412,0.02,-0.027,-2.79,5359.0,509377.5,0.962,0.962,0.939,0.968,2.38,1.1,0.21,6.61,3383.0,1976.0,-46696.0,-9.17,0.0,0.0,-46696.0,-9.17,10514.0,2.06,36182.0,7.1,-70.0,0.94,0.941,48619279.0,45750742,45750742,2026-08-19,2026-08-19 10:38:15+08:00
516590,智能汽车ETF易方达,1.112,1.1118,-0.02,-0.032,-2.8,6370.0,713184.0,1.133,1.133,1.112,1.144,1.84,1.22,2.52,0.66,3644.0,2726.0,-129943.0,-18.22,-4064.0,-0.57,-125879.0,-17.65,184340.0,25.85,-54397.0,-7.63,-25.0,1.111,1.113,52015000.0,57840680,57840680,2026-08-19,2026-08-19 10:37:56+08:00
159361,A500ETF易方达,1.248,1.2521,0.33,-0.036,-2.8,5472917.0,688217019.335,1.268,1.27,1.248,1.284,1.71,2.43,1.71,-9.91,2575929.0,2896988.0,-24508140.0,-3.56,-22815184.0,-3.32,-1692956.0,-0.25,12691447.0,1.85,11816701.0,1.72,-4155.0,1.248,1.249,22511090176.0,28093840540,28093840540,2026-08-19,2026-08-19 10:38:09+08:00
561250,稀有金属ETF鹏华,1.035,1.04,0.48,-0.03,-2.82,10836.0,1127272.0,1.05,1.053,1.03,1.065,2.16,0.86,0.39,-74.16,939.0,9897.0,155666.0,13.81,0.0,0.0,155666.0,13.81,-97778.0,-8.67,-57889.0,-5.14,-45.0,1.032,1.037,125752200.0,130153527,130153527,2026-08-19,2026-08-19 10:37:40+08:00
159852,软件ETF嘉实,0.688,0.6874,-0.09,-0.02,-2.82,6189897.0,426941167.6,0.699,0.7,0.682,0.708,2.54,4.54,2.12,24.37,2194947.0,3994950.0,-98337425.0,-23.03,-101379646.0,-23.75,3042221.0,0.71,60870165.0,14.26,37467259.0,8.78,213.0,0.687,0.688,13620623872.0,9370989224,9370989224,2026-08-19,2026-08-19 10:38:03+08:00
560490,工业有色ETF华泰柏瑞,0.96,0.9615,0.16,-0.028,-2.83,36121.0,3483211.0,0.961,0.98,0.959,0.988,2.13,3.05,1.21,-5.38,15719.0,20402.0,131858.0,3.79,1548.0,0.04,130310.0,3.74,-69634.0,-2.0,-62223.0,-1.79,-100.0,0.96,0.962,118482000.0,113742720,113742720,2026-08-19,2026-08-19 10:37:53+08:00
513880,日经225ETF华安,2.12,2.0283,-4.52,-0.062,-2.84,560740.0,119474873.0,2.142,2.149,2.119,2.182,1.37,4.3,1.46,5.75,219550.0,341190.0,-10086443.0,-8.44,-1743893.0,-1.46,-8342550.0,-6.98,7501632.0,6.28,2584811.0,2.16,-1.0,2.12,2.121,1302970000.0,2762296400,2762296400,2026-08-19,2026-08-19 10:37:57+08:00
159723,科技龙头ETF汇添富,1.096,1.0974,0.13,-0.032,-2.84,1602.0,176681.6,1.102,1.111,1.096,1.128,1.33,0.55,0.75,-2.31,556.0,1046.0,-110983.0,-62.82,0.0,0.0,-110983.0,-62.82,62701.0,35.49,48282.0,27.33,18.0,1.094,1.095,29025575.0,31812030,31812030,2026-08-19,2026-08-19 10:38:06+08:00
159620,中证500成长ETF华夏,1.295,1.2972,0.17,-0.038,-2.85,45505.0,5933089.4,1.313,1.317,1.295,1.333,1.65,15.62,3.62,7.49,24275.0,21230.0,-415306.0,-7.0,0.0,0.0,-415306.0,-7.0,389995.0,6.57,25311.0,0.43,-522.0,1.293,1.295,29140934.0,37737510,37737510,2026-08-19,2026-08-19 10:38:06+08:00
159226,中证A500增强ETF国泰,1.284,1.2851,0.09,-0.038,-2.87,67140.0,8690108.4,1.321,1.321,1.284,1.322,2.8,6.99,1.79,-3.68,30474.0,36666.0,261282.0,3.01,0.0,0.0,261282.0,3.01,-598366.0,-6.89,337083.0,3.88,100.0,1.283,1.284,96094840.0,123385775,123385775,2026-08-19,2026-08-19 10:38:12+08:00
560100,中证500增强ETF南方,1.342,1.3429,0.07,-0.04,-2.89,42772.0,5791277.0,1.369,1.369,1.342,1.382,1.95,7.0,1.49,35.62,21274.0,21498.0,276771.0,4.78,-275568.0,-4.76,552339.0,9.54,-202398.0,-3.49,-74373.0,-1.28,-10.0,1.341,1.342,61080300.0,81969763,81969763,2026-08-19,2026-08-19 10:37:53+08:00
516860,金融科技ETF博时,1.04,1.0385,-0.14,-0.031,-2.89,230458.0,24110367.0,1.066,1.066,1.034,1.071,2.99,2.01,2.06,22.44,79629.0,150829.0,-5985274.0,-24.82,-737216.0,-3.06,-5248058.0,-21.77,1566440.0,6.5,4418836.0,18.33,-5049.0,1.04,1.041,1146522000.0,1192382880,1192382880,2026-08-19,2026-08-19 10:37:55+08:00
560790,软件ETF鹏华,0.84,0.8397,-0.04,-0.025,-2.89,51826.0,4384679.0,0.86,0.866,0.831,0.865,4.05,2.27,2.82,-16.15,17536.0,34290.0,-286421.0,-6.53,-418617.0,-9.55,132196.0,3.01,-184732.0,-4.21,471154.0,10.75,653.0,0.839,0.84,228455900.0,191902956,191902956,2026-08-19,2026-08-19 10:37:55+08:00
159078,A股ETF富国,0.94,0.9421,0.22,-0.028,-2.89,50609.0,4797238.639,0.964,0.964,0.94,0.968,2.48,2.7,2.25,-7.22,26223.0,24386.0,-246771.0,-5.14,0.0,0.0,-246771.0,-5.14,1195.0,0.02,245576.0,5.12,1728.0,0.939,0.94,187262460.0,176026712,176026712,2026-08-19,2026-08-19 10:38:18+08:00
159068,软件ETF华夏,1.007,1.0069,-0.01,-0.03,-2.89,24810.0,2504062.4,1.03,1.036,1.0,1.037,3.47,3.8,0.92,11.95,7031.0,17779.0,-178587.0,-7.13,-1325942.0,-52.95,1147355.0,45.82,-181603.0,-7.25,360191.0,14.38,100.0,1.005,1.007,65336570.0,65793926,65793926,2026-08-19,2026-08-19 10:38:15+08:00
159716,深证100ETF华宝,1.134,1.1304,-0.32,-0.034,-2.91,15813.0,1805585.5,1.145,1.145,1.134,1.168,0.94,2.84,1.74,8.96,7723.0,8090.0,-26751.0,-1.48,0.0,0.0,-26751.0,-1.48,37374.0,2.07,-10622.0,-0.59,-16.0,1.13,1.131,55666732.0,63126074,63126074,2026-08-19,2026-08-19 10:38:06+08:00
159035,软件ETF天弘,0.835,0.8329,-0.25,-0.025,-2.91,64904.0,5426299.019,0.848,0.85,0.828,0.86,2.56,1.11,1.37,-4.4,21506.0,43398.0,-129408.0,-2.38,418000.0,7.7,-547408.0,-10.09,-191056.0,-3.52,320463.0,5.91,7.0,0.834,0.835,582859728.0,486687873,486687873,2026-08-19,2026-08-19 10:38:18+08:00
513000,日经225ETF易方达,2.27,2.1874,-3.78,-0.068,-2.91,324956.0,74099425.0,2.294,2.295,2.269,2.338,1.11,3.26,1.62,19.98,133323.0,191633.0,-149546.0,-0.2,1239832.0,1.67,-1389378.0,-1.88,-1278149.0,-1.72,1427696.0,1.93,2.0,2.269,2.27,997911408.0,2265258896,2265258896,2026-08-19,2026-08-19 10:38:01+08:00
515230,软件ETF国泰,0.697,0.6965,-0.07,-0.021,-2.92,2270288.0,158876774.0,0.709,0.71,0.692,0.718,2.51,2.89,1.91,30.99,802462.0,1467826.0,-50721070.0,-31.92,-49060720.0,-30.88,-1660350.0,-1.05,30732989.0,19.34,19988081.0,12.58,320.0,0.696,0.697,7845690880.0,5468446543,5468446543,2026-08-19,2026-08-19 10:37:57+08:00
561130,国货ETF富国,1.065,1.0647,-0.03,-0.032,-2.92,36553.0,3933641.0,1.087,1.087,1.065,1.097,2.01,4.35,1.24,6.76,19358.0,17195.0,-894866.0,-22.75,0.0,0.0,-894866.0,-22.75,851619.0,21.65,43247.0,1.1,-2000.0,1.064,1.066,83935200.0,89390988,89390988,2026-08-19,2026-08-19 10:37:54+08:00
560860,工业有色ETF万家,1.614,1.6141,0.01,-0.049,-2.95,718698.0,116450610.0,1.626,1.632,1.608,1.663,1.44,1.26,1.19,4.3,307319.0,411379.0,-2784709.0,-2.39,-3728111.0,-3.2,943402.0,0.81,-3408329.0,-2.93,6193039.0,5.32,-76.0,1.614,1.615,5688232960.0,9180807997,9180807997,2026-08-19,2026-08-19 10:37:54+08:00
159970,深100ETF工银,1.049,1.0479,-0.1,-0.032,-2.96,2216.0,234593.2,1.059,1.061,1.049,1.081,1.11,2.12,1.56,0.01,1214.0,1002.0,97596.0,41.6,0.0,0.0,97596.0,41.6,-101164.0,-43.12,3569.0,1.52,-1.0,1.045,1.047,10468704.0,10981670,10981670,2026-08-19,2026-08-19 10:37:57+08:00
563670,金融科技ETF鹏华,0.653,0.6531,0.02,-0.02,-2.97,8912.0,586244.0,0.673,0.673,0.651,0.673,3.27,0.49,2.03,0.4,4661.0,4251.0,150668.0,25.7,0.0,0.0,150668.0,25.7,-96300.0,-16.43,-54367.0,-9.27,2.0,0.652,0.654,181987000.0,118837511,118837511,2026-08-19,2026-08-19 10:37:26+08:00
516100,金融科技ETF华夏,1.011,1.0107,-0.03,-0.031,-2.98,213585.0,21728016.0,1.031,1.038,1.006,1.042,3.07,1.89,1.96,-2.62,47967.0,165618.0,566559.0,2.61,3416616.0,15.72,-2850057.0,-13.12,-2600328.0,-11.97,2033769.0,9.36,-423.0,1.01,1.012,1131759696.0,1144209053,1144209053,2026-08-19,2026-08-19 10:37:54+08:00
560920,工程机械ETF招商,0.974,0.9751,0.11,-0.03,-2.99,512.0,50316.0,0.995,0.995,0.974,1.004,2.09,0.11,0.07,-2.64,282.0,230.0,-24914.0,-49.52,1776.0,3.53,-26690.0,-53.04,-21453.0,-42.64,46368.0,92.15,50.0,0.974,0.976,45373300.0,44193594,44193594,2026-08-19,2026-08-19 10:37:52+08:00
561390,稀有金属ETF平安,1.001,1.0017,0.07,-0.031,-3.0,69171.0,6975041.0,1.021,1.021,0.998,1.032,2.23,5.76,0.25,13.18,34708.0,34463.0,732326.0,10.5,755458.0,10.83,-23132.0,-0.33,-759982.0,-10.9,27655.0,0.4,-200.0,1.0,1.002,120128100.0,120248228,120248228,2026-08-19,2026-08-19 10:37:49+08:00
563330,A股ETF华泰柏瑞,4.199,4.2085,0.23,-0.13,-3.0,47806.0,20263431.0,4.258,4.271,4.199,4.329,1.66,11.61,2.54,11.42,18382.0,29424.0,-639380.0,-3.16,-3736686.0,-18.44,3097306.0,15.29,-849994.0,-4.19,1489375.0,7.35,-242.0,4.199,4.2,41160600.0,172833359,172833359,2026-08-19,2026-08-19 10:37:47+08:00
159899,软件ETF招商,0.712,0.7115,-0.07,-0.022,-3.0,221000.0,15817051.5,0.726,0.727,0.707,0.734,2.72,2.29,1.85,44.31,76781.0,144219.0,-1976556.0,-12.5,-1812495.0,-11.46,-164061.0,-1.04,2311804.0,14.62,-335248.0,-2.12,-91.0,0.712,0.713,962977728.0,685640142,685640142,2026-08-19,2026-08-19 10:38:03+08:00
563570,金融科技ETF兴业,0.71,0.7098,-0.03,-0.022,-3.01,72564.0,5150740.0,0.73,0.73,0.707,0.732,3.14,6.95,1.67,-6.99,24863.0,47701.0,-121554.0,-2.36,939296.0,18.24,-1060850.0,-20.6,-8013.0,-0.16,129567.0,2.52,465.0,0.71,0.711,104374000.0,74105540,74105540,2026-08-19,2026-08-19 10:37:48+08:00
159103,金融科技ETF汇添富,0.643,0.6426,-0.06,-0.02,-3.02,72737.0,4706065.042,0.657,0.66,0.639,0.663,3.17,2.29,2.66,47.74,19239.0,53498.0,-2245042.0,-47.71,-2514069.0,-53.42,269027.0,5.72,1455550.0,30.93,789493.0,16.78,10.0,0.643,0.644,317406768.0,204092552,204092552,2026-08-19,2026-08-19 10:38:15+08:00
159335,央企科创ETF融通,1.51,1.5068,-0.21,-0.047,-3.02,4739.0,720506.0,1.55,1.55,1.507,1.557,2.76,0.75,1.27,-2.12,941.0,3798.0,0.0,0.0,0.0,0.0,0.0,0.0,-165063.0,-22.91,165063.0,22.91,-18.0,1.508,1.509,63483689.0,95860370,95860370,2026-08-19,2026-08-19 10:38:12+08:00
159219,深证100ETF融通,1.383,1.379,-0.29,-0.043,-3.02,9632.0,1340243.1,1.412,1.412,1.383,1.426,2.03,11.48,3.29,16.13,5804.0,3828.0,-405978.0,-30.29,0.0,0.0,-405978.0,-30.29,371938.0,27.75,34041.0,2.54,-3.0,1.379,1.381,8388018.0,11600629,11600629,2026-08-19,2026-08-19 10:38:09+08:00
562800,稀有金属ETF嘉实,0.957,0.9563,-0.07,-0.03,-3.04,1351283.0,130358900.0,0.968,0.975,0.955,0.987,2.03,2.38,1.87,25.35,604987.0,746296.0,-8469468.0,-6.5,-683898.0,-0.52,-7785570.0,-5.97,3261297.0,2.5,5208170.0,4.0,11.0,0.956,0.957,5689345024.0,5444703188,5444703188,2026-08-19,2026-08-19 10:37:50+08:00
515530,中证500ETF泰康,4.371,4.3546,-0.38,-0.137,-3.04,1977.0,865847.0,4.463,4.463,4.371,4.508,2.04,1.61,0.88,10.24,213.0,1764.0,-117396.0,-13.56,0.0,0.0,-117396.0,-13.56,90517.0,10.45,26879.0,3.1,-1000.0,4.35,4.358,12242700.0,53512842,53512842,2026-08-19,2026-08-19 10:37:57+08:00
561050,稀有金属ETF易方达,0.89,0.8866,-0.38,-0.028,-3.05,203478.0,18267910.0,0.904,0.905,0.886,0.918,2.07,8.61,4.96,-1.52,74141.0,129337.0,-1110254.0,-6.08,-3741882.0,-20.48,2631628.0,14.41,546651.0,2.99,563604.0,3.09,-3.0,0.889,0.89,236250000.0,210262500,210262500,2026-08-19,2026-08-19 10:37:46+08:00
159851,金融科技ETF华宝,0.604,0.6035,-0.08,-0.019,-3.05,1563554.0,94987978.43,0.617,0.618,0.601,0.623,2.73,1.57,1.29,43.34,518574.0,1044980.0,-29446384.0,-31.0,-23060585.0,-24.28,-6385799.0,-6.72,18175125.0,19.13,11271259.0,11.87,53.0,0.603,0.604,9964904192.0,6018802132,6018802132,2026-08-19,2026-08-19 10:38:03+08:00
159590,软件ETF汇添富,0.891,0.891,0.0,-0.028,-3.05,371762.0,33300377.5,0.906,0.909,0.885,0.919,2.61,4.79,1.83,21.58,136985.0,234777.0,-10915568.0,-32.78,-11303052.0,-33.94,387484.0,1.16,5916211.0,17.77,4999357.0,15.01,-383.0,0.891,0.892,776861744.0,692183814,692183814,2026-08-19,2026-08-19 10:38:06+08:00
159045,稀有金属ETF大成,0.822,0.8223,0.04,-0.026,-3.07,23761.0,1966887.415,0.842,0.842,0.821,0.848,2.48,1.4,0.83,13.95,11161.0,12600.0,-280623.0,-14.27,0.0,0.0,-280623.0,-14.27,176053.0,8.95,104571.0,5.32,-1108.0,0.821,0.823,169330213.0,139189435,139189435,2026-08-19,2026-08-19 10:38:15+08:00
159671,稀有金属ETF工银,1.354,1.3501,-0.29,-0.043,-3.08,116382.0,15906162.7,1.366,1.379,1.35,1.397,2.08,1.32,1.15,38.97,31283.0,85099.0,873766.0,5.49,4254778.0,26.75,-3381012.0,-21.26,-1456160.0,-9.15,582394.0,3.66,50.0,1.353,1.354,880551744.0,1192267061,1192267061,2026-08-19,2026-08-19 10:38:06+08:00
513520,日经ETF华夏,2.266,2.1732,-4.27,-0.072,-3.08,612360.0,139405061.0,2.292,2.292,2.264,2.338,1.2,5.71,1.55,26.34,251844.0,360516.0,-18269910.0,-13.11,-20387368.0,-14.62,2117458.0,1.52,4640340.0,3.33,13629569.0,9.78,20.0,2.265,2.266,1071887200.0,2428896395,2428896395,2026-08-19,2026-08-19 10:37:57+08:00
159968,中证500ETF博时,10.33,10.3113,-0.18,-0.33,-3.1,5428.0,5650904.2,10.554,10.554,10.33,10.66,2.1,0.84,1.99,5.7,3119.0,2309.0,-2014305.0,-35.65,0.0,0.0,-2014305.0,-35.65,2044321.0,36.18,-30015.0,-0.53,-7.0,10.329,10.33,64895098.0,670366362,670366362,2026-08-19,2026-08-19 10:38:03+08:00
159168,有色ETF富国,0.876,0.8764,0.05,-0.028,-3.1,130386.0,11458004.3,0.889,0.889,0.873,0.904,1.77,2.45,1.13,22.82,58518.0,71868.0,-1944356.0,-16.97,-2337522.0,-20.4,393166.0,3.43,907007.0,7.92,1037348.0,9.05,-150.0,0.876,0.877,531455056.0,465554629,465554629,2026-08-19,2026-08-19 10:38:15+08:00
562930,软件ETF易方达,0.716,0.7159,-0.01,-0.023,-3.11,707954.0,50854760.0,0.73,0.73,0.71,0.739,2.71,4.01,1.76,17.24,275393.0,432561.0,-8694966.0,-17.1,-8498095.0,-16.71,-196871.0,-0.39,3356979.0,6.6,5337987.0,10.5,335.0,0.715,0.716,1764437008.0,1263336898,1263336898,2026-08-19,2026-08-19 10:37:49+08:00
159523,沪深300成长ETF华夏,1.277,1.2744,-0.2,-0.041,-3.11,54256.0,6982569.4,1.3,1.303,1.277,1.318,1.97,7.92,3.27,6.06,24197.0,30059.0,113726.0,1.63,0.0,0.0,113726.0,1.63,-516760.0,-7.4,403034.0,5.77,500.0,1.276,1.277,68517348.0,87496653,87496653,2026-08-19,2026-08-19 10:38:09+08:00
159062,稀有金属ETF南方,0.842,0.8399,-0.25,-0.027,-3.11,19988.0,1692686.4,0.86,0.86,0.839,0.869,2.42,1.81,0.55,2.75,7207.0,12781.0,-213741.0,-12.63,0.0,0.0,-213741.0,-12.63,30272.0,1.79,183469.0,10.84,-205.0,0.84,0.841,110201256.0,92789458,92789458,2026-08-19,2026-08-19 10:38:15+08:00
512970,大湾区ETF平安,1.493,1.4911,-0.13,-0.048,-3.11,3880.0,581327.0,1.51,1.536,1.493,1.541,2.79,6.48,1.36,8.01,9.0,3871.0,138527.0,23.83,0.0,0.0,138527.0,23.83,-131162.0,-22.56,-7364.0,-1.27,-11.0,1.488,1.491,5987600.0,8939487,8939487,2026-08-19,2026-08-19 10:37:44+08:00
159935,中证500ETF景顺,2.496,2.4923,-0.15,-0.08,-3.11,4025.0,1018797.8,2.55,2.55,2.492,2.576,2.25,1.51,2.07,-3.06,1710.0,2315.0,-39926.0,-3.92,0.0,0.0,-39926.0,-3.92,175337.0,17.21,-135411.0,-13.29,2.0,2.488,2.49,26572956.0,66326098,66326098,2026-08-19,2026-08-19 10:38:00+08:00
561010,软件ETF华安,0.87,0.8692,-0.09,-0.028,-3.12,99516.0,8690075.0,0.891,0.891,0.863,0.898,3.12,3.35,1.91,-0.93,36828.0,62688.0,-1793949.0,-20.64,-1467501.0,-16.89,-326448.0,-3.76,584629.0,6.73,1209319.0,13.92,1168.0,0.869,0.87,297356000.0,258699720,258699720,2026-08-19,2026-08-19 10:37:55+08:00
159086,金融科技ETF广发,1.023,1.0226,-0.04,-0.033,-3.13,21405.0,2222952.054,1.056,1.056,1.018,1.056,3.6,6.22,1.34,-21.35,9248.0,12157.0,-65643.0,-2.95,-1413389.0,-63.58,1347746.0,60.63,-93845.0,-4.22,159488.0,7.17,40.0,1.022,1.024,34399823.0,35191019,35191019,2026-08-19,2026-08-19 10:38:18+08:00
159305,储能电池ETF广发,0.836,0.8336,-0.29,-0.027,-3.13,273904.0,23052551.5,0.85,0.858,0.833,0.863,2.9,2.29,2.13,15.77,82661.0,191243.0,-802075.0,-3.48,1017166.0,4.41,-1819241.0,-7.89,186682.0,0.81,615393.0,2.67,23.0,0.834,0.836,1197640304.0,1001227294,1001227294,2026-08-19,2026-08-19 10:38:12+08:00
520750,港股通信息ETF华富,0.899,0.8955,-0.39,-0.029,-3.13,123945.0,11246568.0,0.909,0.916,0.898,0.928,1.94,9.09,0.74,10.45,55021.0,68924.0,-884311.0,-7.86,-156940.0,-1.4,-727371.0,-6.47,311908.0,2.77,572403.0,5.09,200.0,0.898,0.899,136384000.0,122609216,122609216,2026-08-19,2026-08-19 10:37:52+08:00
159299,金融科技ETF易方达,0.68,0.6792,-0.12,-0.022,-3.13,118290.0,8069551.609,0.694,0.695,0.677,0.702,2.56,1.77,1.54,11.41,50064.0,68226.0,-584941.0,-7.25,-464113.0,-5.75,-120828.0,-1.5,118422.0,1.47,466519.0,5.78,-100.0,0.68,0.681,668472976.0,454561624,454561624,2026-08-19,2026-08-19 10:38:09+08:00
159982,中证500ETF鹏华,2.125,2.1224,-0.12,-0.069,-3.14,70845.0,15178212.3,2.182,2.182,2.125,2.194,2.6,3.47,2.88,2.8,43904.0,26941.0,-87451.0,-0.58,0.0,0.0,-87451.0,-0.58,2618340.0,17.25,-2530887.0,-16.67,-41.0,2.123,2.125,204211253.0,433948913,433948913,2026-08-19,2026-08-19 10:38:03+08:00
561780,1000增强ETF博时,1.572,1.5672,-0.31,-0.051,-3.14,11173.0,1769997.0,1.607,1.623,1.567,1.623,3.45,5.23,1.81,0.42,3127.0,8046.0,-56871.0,-3.21,0.0,0.0,-56871.0,-3.21,26104.0,1.47,30767.0,1.74,10.0,1.567,1.568,21355800.0,33571318,33571318,2026-08-19,2026-08-19 10:37:48+08:00
159150,深证50ETF易方达,1.63,1.6312,0.07,-0.053,-3.15,30964.0,5100629.0,1.683,1.683,1.63,1.683,3.15,3.37,2.23,0.7,14949.0,16015.0,173284.0,3.4,0.0,0.0,173284.0,3.4,-510669.0,-10.01,337386.0,6.61,10.0,1.628,1.63,91997623.0,149956125,149956125,2026-08-19,2026-08-19 10:38:15+08:00
159961,深100ETF方正富邦,2.241,2.2392,-0.08,-0.073,-3.15,5508.0,1243343.6,2.291,2.291,2.241,2.314,2.16,0.55,1.17,-3.65,3092.0,2416.0,-114202.0,-9.19,0.0,0.0,-114202.0,-9.19,65666.0,5.28,48536.0,3.9,-30.0,2.238,2.241,99245196.0,222408484,222408484,2026-08-19,2026-08-19 10:38:03+08:00
159608,稀有金属ETF广发,1.103,1.1026,-0.04,-0.036,-3.16,388996.0,43283980.352,1.116,1.125,1.101,1.139,2.11,1.12,1.3,5.74,133782.0,255214.0,-7323849.0,-16.92,-803137.0,-1.86,-6520712.0,-15.06,604401.0,1.4,6719448.0,15.52,-300.0,1.103,1.104,3458410064.0,3814626301,3814626301,2026-08-19,2026-08-19 10:38:06+08:00
159337,中证500ETF东财,1.807,1.8046,-0.13,-0.059,-3.16,67543.0,12329536.4,1.835,1.85,1.806,1.866,2.36,2.36,2.09,-15.73,31556.0,35987.0,-376638.0,-3.05,0.0,0.0,-376638.0,-3.05,-1796600.0,-14.57,2173239.0,17.63,1.0,1.806,1.807,285710608.0,516279069,516279069,2026-08-19,2026-08-19 10:38:12+08:00
561950,中证500增强ETF招商,1.405,1.4052,0.01,-0.046,-3.17,15658.0,2218329.0,1.44,1.44,1.405,1.451,2.41,2.13,1.38,-26.48,4254.0,11404.0,336628.0,15.17,0.0,0.0,336628.0,15.17,-372262.0,-16.78,35634.0,1.61,-1790.0,1.404,1.405,73656000.0,103486680,103486680,2026-08-19,2026-08-19 10:37:50+08:00
159721,深证100ETF永赢,1.068,1.0673,-0.07,-0.035,-3.17,3798.0,409559.7,1.088,1.088,1.068,1.103,1.81,0.56,0.86,0.03,1485.0,2313.0,-91087.0,-22.24,0.0,0.0,-91087.0,-22.24,-65675.0,-16.04,156763.0,38.28,-3.0,1.065,1.067,67431696.0,72017051,72017051,2026-08-19,2026-08-19 10:38:06+08:00
510510,中证500ETF广发,2.567,2.5647,-0.09,-0.084,-3.17,134069.0,34804991.0,2.61,2.619,2.567,2.651,1.96,1.6,2.2,39.54,63987.0,70082.0,2970557.0,8.53,8961369.0,25.75,-5990812.0,-17.21,-4766218.0,-13.69,1795661.0,5.16,4.0,2.566,2.567,837038304.0,2148677326,2148677326,2026-08-19,2026-08-19 10:38:03+08:00
516230,光伏ETF招商,0.794,0.7912,-0.35,-0.026,-3.17,29190.0,2328537.0,0.82,0.82,0.79,0.82,3.66,0.39,1.06,-20.87,11969.0,17221.0,231914.0,9.96,-581596.0,-24.98,813510.0,34.94,-232795.0,-10.0,882.0,0.04,40.0,0.791,0.792,742921008.0,589879280,589879280,2026-08-19,2026-08-19 10:37:55+08:00
159706,深证100ETF华安,0.94,0.9395,-0.05,-0.031,-3.19,13052.0,1236506.4,0.962,0.962,0.94,0.971,2.27,3.04,1.26,12.48,7321.0,5731.0,-234983.0,-19.0,0.0,0.0,-234983.0,-19.0,164101.0,13.27,70882.0,5.73,-246.0,0.939,0.941,42886800.0,40313592,40313592,2026-08-19,2026-08-19 10:38:06+08:00
159211,深证100ETF富国,1.456,1.4553,-0.05,-0.048,-3.19,28447.0,4184376.7,1.474,1.479,1.456,1.504,1.53,14.45,5.33,23.24,14907.0,13540.0,365066.0,8.72,0.0,0.0,365066.0,8.72,-438015.0,-10.47,72949.0,1.74,-5.0,1.453,1.456,19683294.0,28658876,28658876,2026-08-19,2026-08-19 10:38:09+08:00
159261,创业板新能源ETF鹏华,1.42,1.4165,-0.25,-0.047,-3.2,5492.0,787296.61,1.464,1.464,1.418,1.467,3.14,1.1,0.59,-15.15,2588.0,2904.0,-87238.0,-11.08,14180.0,1.8,-101418.0,-12.88,122860.0,15.61,-35621.0,-4.52,-85.0,1.418,1.419,49814904.0,70737164,70737164,2026-08-19,2026-08-19 10:38:12+08:00
159901,深证100ETF易方达,3.656,3.6558,-0.01,-0.121,-3.2,651858.0,240735650.1,3.742,3.742,3.655,3.777,2.3,6.58,2.6,18.88,308205.0,343653.0,-10658919.0,-4.43,-4310807.0,-1.79,-6348112.0,-2.64,-4266319.0,-1.77,14925237.0,6.2,97.0,3.654,3.656,990434928.0,3621030097,3621030097,2026-08-19,2026-08-19 10:38:03+08:00
561090,A500增强ETF华安,1.24,1.2297,-0.84,-0.041,-3.2,34496.0,4310572.0,1.276,1.276,1.24,1.281,2.81,1.49,1.47,-2.78,12414.0,22082.0,-739046.0,-17.14,196712.0,4.56,-935758.0,-21.71,523770.0,12.15,215276.0,4.99,-1930.0,1.24,1.241,230974000.0,286407760,286407760,2026-08-19,2026-08-19 10:37:33+08:00
159076,创业板新能源ETF华宝,0.874,0.8718,-0.25,-0.029,-3.21,77007.0,6769651.725,0.9,0.9,0.871,0.903,3.21,3.0,1.72,-12.19,32421.0,44586.0,52995.0,0.78,1282532.0,18.95,-1229537.0,-18.16,-238728.0,-3.53,185732.0,2.74,200.0,0.872,0.873,256373015.0,224070015,224070015,2026-08-19,2026-08-19 10:38:18+08:00
512510,中证500ETF华泰柏瑞,2.371,2.3684,-0.11,-0.079,-3.22,31721.0,7593982.0,2.413,2.424,2.37,2.45,2.2,0.73,1.63,-9.69,10867.0,20854.0,-1063953.0,-14.01,0.0,0.0,-1063953.0,-14.01,525477.0,6.92,538476.0,7.09,150.0,2.37,2.371,434929808.0,1031218575,1031218575,2026-08-19,2026-08-19 10:38:01+08:00
159576,深证100ETF广发,1.564,1.5628,-0.08,-0.052,-3.22,17681.0,2789602.5,1.584,1.605,1.564,1.616,2.54,4.71,1.84,-2.12,10411.0,7270.0,-73616.0,-2.64,0.0,0.0,-73616.0,-2.64,4114.0,0.15,69502.0,2.49,-500.0,1.563,1.565,37509612.0,58665033,58665033,2026-08-19,2026-08-19 10:38:06+08:00
515580,科技100ETF华泰柏瑞,1.408,1.4053,-0.19,-0.047,-3.23,14304.0,2037871.0,1.441,1.441,1.408,1.455,2.27,0.47,1.03,-1.01,6361.0,7943.0,-26496.0,-1.3,-409624.0,-20.1,383128.0,18.8,-70007.0,-3.44,96504.0,4.74,7.0,1.406,1.407,304031408.0,428076222,428076222,2026-08-19,2026-08-19 10:37:56+08:00
159922,中证500ETF嘉实,3.209,3.2048,-0.13,-0.107,-3.23,521348.0,169291166.144,3.263,3.276,3.209,3.316,2.02,1.91,2.08,-63.65,217019.0,304329.0,-4453146.0,-2.63,19316199.0,11.41,-23769345.0,-14.04,-2591826.0,-1.53,7044971.0,4.16,-150.0,3.209,3.212,2736676768.0,8781995749,8781995749,2026-08-19,2026-08-19 10:38:03+08:00
560310,光伏ETF博时,0.776,0.7744,-0.21,-0.026,-3.24,1600.0,125103.0,0.786,0.79,0.773,0.802,2.12,0.09,0.28,-2.96,472.0,1128.0,-18927.0,-15.13,0.0,0.0,-18927.0,-15.13,27686.0,22.13,-8758.0,-7.0,20.0,0.775,0.776,184122000.0,142878672,142878672,2026-08-19,2026-08-19 10:37:38+08:00
159656,沪深300成长ETF万家,1.225,1.2264,0.11,-0.041,-3.24,48354.0,5994090.1,1.266,1.266,1.225,1.266,3.24,2.14,1.8,2.11,14190.0,34164.0,1010111.0,16.85,0.0,0.0,1010111.0,16.85,-927333.0,-15.47,-82777.0,-1.38,-789.0,1.224,1.225,226238451.0,277142102,277142102,2026-08-19,2026-08-19 10:38:06+08:00
159052,新能源电池ETF嘉实,0.865,0.8616,-0.39,-0.029,-3.24,20773.0,1803645.1,0.885,0.885,0.86,0.894,2.8,1.08,1.39,7.17,7808.0,12965.0,-440782.0,-24.44,50105.0,2.78,-490887.0,-27.22,149470.0,8.29,291311.0,16.15,3.0,0.862,0.863,192926092.0,166881070,166881070,2026-08-19,2026-08-19 10:38:18+08:00
561350,中证500ETF国泰,1.256,1.2543,-0.14,-0.042,-3.24,120164.0,15268448.0,1.276,1.281,1.256,1.298,1.93,14.02,1.81,-10.16,51629.0,68535.0,49241.0,0.32,3118031.0,20.42,-3068790.0,-20.1,-282344.0,-1.85,233103.0,1.53,10.0,1.255,1.256,85700000.0,107639200,107639200,2026-08-19,2026-08-19 10:37:50+08:00
159212,深100ETF南方,1.482,1.4797,-0.16,-0.05,-3.26,48113.0,7196359.6,1.517,1.518,1.482,1.532,2.35,6.4,1.74,-11.46,23050.0,25063.0,-295991.0,-4.11,401613.0,5.58,-697604.0,-9.69,199268.0,2.77,96722.0,1.34,-22.0,1.48,1.482,75204367.0,111452872,111452872,2026-08-19,2026-08-19 10:38:15+08:00
510580,中证500ETF易方达,4.16,4.159,-0.02,-0.141,-3.28,240230.0,101034064.0,4.227,4.246,4.158,4.301,2.05,2.15,2.76,-11.99,117342.0,122888.0,-6436240.0,-6.37,7633782.0,7.56,-14070022.0,-13.93,1585296.0,1.57,4850943.0,4.8,1.0,4.158,4.159,1117368304.0,4648252145,4648252145,2026-08-19,2026-08-19 10:38:02+08:00
561800,稀有金属ETF华富,1.031,1.0327,0.16,-0.035,-3.28,73206.0,7603679.0,1.04,1.051,1.029,1.066,2.06,3.53,1.42,11.56,29797.0,43409.0,876946.0,11.54,0.0,0.0,876946.0,11.54,-1199031.0,-15.77,322085.0,4.24,-12.0,1.031,1.033,207577200.0,214012093,214012093,2026-08-19,2026-08-19 10:37:49+08:00
159973,民企ETF弘毅远方,1.972,1.968,-0.2,-0.067,-3.29,13765.0,2756742.8,2.053,2.243,1.972,2.039,13.29,0.69,19.05,-42.61,9943.0,3822.0,-10224.0,-0.37,-1957061.0,-70.99,1946837.0,70.62,-94546.0,-3.43,104770.0,3.8,-1.0,1.966,1.971,199976423.0,394353506,394353506,2026-08-19,2026-08-19 10:38:03+08:00
510550,中证500ETF方正富邦,2.03,2.0285,-0.07,-0.069,-3.29,2540.0,520445.0,2.079,2.084,2.03,2.099,2.57,1.07,2.01,-1.3,962.0,1578.0,-139405.0,-26.79,0.0,0.0,-139405.0,-26.79,-48987.0,-9.41,188392.0,36.2,10.0,2.026,2.029,23743300.0,48198899,48198899,2026-08-19,2026-08-19 10:37:57+08:00
510530,中证500ETF工银,8.879,8.8604,-0.21,-0.303,-3.3,2464.0,2224115.0,9.09,9.09,8.879,9.182,2.3,0.51,0.86,2.99,1861.0,603.0,-774564.0,-34.83,0.0,0.0,-774564.0,-34.83,611928.0,27.51,162637.0,7.31,-37.0,8.873,8.879,48479400.0,430448593,430448593,2026-08-19,2026-08-19 10:38:02+08:00
159586,计算机ETF南方,1.054,1.0522,-0.17,-0.036,-3.3,68603.0,7263510.4,1.078,1.079,1.046,1.09,3.03,2.57,2.2,58.62,37907.0,30696.0,-792990.0,-10.92,1024964.0,14.11,-1817954.0,-25.03,-82758.0,-1.14,875749.0,12.06,85.0,1.052,1.053,267025923.0,281445323,281445323,2026-08-19,2026-08-19 10:38:06+08:00
159149,创业板新能源ETF工银,0.878,0.875,-0.34,-0.03,-3.3,26554.0,2335290.3,0.91,0.91,0.876,0.908,3.74,4.78,1.7,14.43,17233.0,9321.0,108725.0,4.66,476247.0,20.39,-367522.0,-15.74,-67393.0,-2.89,-41332.0,-1.77,-1280.0,0.876,0.877,55515298.0,48742432,48742432,2026-08-19,2026-08-19 10:38:15+08:00
512710,军工龙头ETF富国,0.613,0.6125,-0.08,-0.021,-3.31,3805454.0,235970080.0,0.635,0.637,0.612,0.634,3.94,3.32,4.04,25.32,1272501.0,2532953.0,-59930096.0,-25.4,-47322659.0,-20.05,-12607437.0,-5.34,37451451.0,15.87,22478645.0,9.53,60.0,0.612,0.613,11457658368.0,7023544580,7023544580,2026-08-19,2026-08-19 10:38:00+08:00
159055,稀有金属ETF富国,0.935,0.9355,0.05,-0.032,-3.31,46385.0,4377839.4,0.965,0.965,0.933,0.967,3.31,3.82,1.65,24.43,21201.0,25184.0,-377308.0,-8.62,-38155.0,-0.87,-339153.0,-7.75,256696.0,5.86,120612.0,2.76,-501.0,0.935,0.936,121293952.0,113409845,113409845,2026-08-19,2026-08-19 10:38:18+08:00
510590,中证500ETF平安,8.576,8.5801,0.05,-0.294,-3.31,1541.0,1336852.0,8.781,8.781,8.576,8.87,2.31,0.13,2.32,-24.96,799.0,742.0,-118293.0,-8.85,0.0,0.0,-118293.0,-8.85,285508.0,21.36,-167215.0,-12.51,-14.0,8.574,8.587,122386100.0,1049583194,1049583194,2026-08-19,2026-08-19 10:38:02+08:00
562310,沪深300成长ETF银华,1.078,1.0791,0.1,-0.037,-3.32,107918.0,11766110.0,1.093,1.1,1.078,1.115,1.97,2.46,1.76,2.28,41059.0,66859.0,-2008910.0,-17.07,871371.0,7.41,-2880281.0,-24.48,1123702.0,9.55,885208.0,7.52,100.0,1.077,1.078,438572304.0,472780944,472780944,2026-08-19,2026-08-19 10:37:50+08:00
159187,创业板新能源ETF景顺,0.872,0.8713,-0.08,-0.03,-3.33,13318.0,1174921.182,0.9,0.9,0.871,0.902,3.22,2.55,1.04,21.16,4816.0,8502.0,15097.0,1.28,426570.0,36.31,-411473.0,-35.02,-18365.0,-1.56,3268.0,0.28,-100.0,0.87,0.872,52176266.0,45497704,45497704,2026-08-19,2026-08-19 10:38:12+08:00
563750,中证500ETF汇添富,1.104,1.1035,-0.05,-0.038,-3.33,49314.0,5481944.0,1.132,1.132,1.104,1.142,2.45,1.5,1.61,28.96,13304.0,36010.0,696938.0,12.71,1401441.0,25.56,-704503.0,-12.85,-868032.0,-15.83,171094.0,3.12,-315.0,1.104,1.105,329737008.0,364029657,364029657,2026-08-19,2026-08-19 10:37:46+08:00
512500,中证500ETF华夏,4.477,4.486,0.2,-0.154,-3.33,443085.0,200436918.0,4.551,4.569,4.475,4.631,2.03,2.49,1.54,-8.45,195675.0,247410.0,1187861.0,0.59,5641710.0,2.81,-4453849.0,-2.22,-9000158.0,-4.49,7812297.0,3.9,-18.0,4.476,4.478,1782408800.0,7979844198,7979844198,2026-08-19,2026-08-19 10:38:01+08:00
159902,中小100ETF华夏,4.636,4.6372,0.03,-0.16,-3.34,23466.0,10956473.2,4.753,4.83,4.636,4.796,4.05,3.19,6.57,-33.48,10285.0,13181.0,-1442953.0,-13.17,-2856223.0,-26.07,1413270.0,12.9,393450.0,3.59,1049504.0,9.58,100.0,4.633,4.635,73460849.0,340564496,340564496,2026-08-19,2026-08-19 10:38:03+08:00
159185,港股通信息技术ETF鹏华,1.095,1.096,0.09,-0.038,-3.35,608635.0,67385540.5,1.113,1.129,1.095,1.133,3.0,29.68,1.33,6.34,278685.0,329950.0,-2721003.0,-4.04,2440684.0,3.62,-5161687.0,-7.66,1124526.0,1.67,1596478.0,2.37,-55.0,1.094,1.095,205099035.0,224583443,224583443,2026-08-19,2026-08-19 10:38:15+08:00
513030,德国ETF华安,1.899,1.8692,-1.59,-0.066,-3.36,529383.0,101440926.0,1.94,1.959,1.888,1.965,3.61,5.25,0.79,-6.36,189092.0,340291.0,-9056558.0,-8.93,-534561.0,-0.53,-8521997.0,-8.4,-1583697.0,-1.56,10640445.0,10.49,516.0,1.898,1.899,1007779008.0,1913772336,1913772336,2026-08-19,2026-08-19 10:38:01+08:00
159863,光伏ETF鹏华,0.576,0.573,-0.52,-0.02,-3.36,38591.0,2248242.54,0.592,0.592,0.574,0.596,3.02,1.28,2.18,59.31,19053.0,19538.0,-270648.0,-12.04,685743.0,30.5,-956391.0,-42.54,70313.0,3.13,200335.0,8.91,380.0,0.575,0.576,301729360.0,173796111,173796111,2026-08-19,2026-08-19 10:38:03+08:00
159203,大盘成长ETF博时,1.38,1.3722,-0.57,-0.048,-3.36,608.0,84593.1,1.414,1.442,1.378,1.428,4.48,0.62,1.12,-1.61,113.0,495.0,-5112.0,-6.04,0.0,0.0,-5112.0,-6.04,11296.0,13.35,-6184.0,-7.31,44.0,1.375,1.377,9791913.0,13512840,13512840,2026-08-19,2026-08-19 10:38:15+08:00
159216,深证100ETF大成,1.49,1.4887,-0.09,-0.052,-3.37,5518.0,827351.0,1.527,1.527,1.49,1.542,2.4,4.99,0.4,-1.43,2200.0,3318.0,-89129.0,-10.77,0.0,0.0,-89129.0,-10.77,93346.0,11.28,-4217.0,-0.51,-50.0,1.489,1.49,11048250.0,16461893,16461893,2026-08-19,2026-08-19 10:38:15+08:00
159122,创业板新能源ETF富国,0.917,0.9164,-0.07,-0.032,-3.37,9049.0,840743.6,0.947,0.947,0.916,0.949,3.27,1.27,1.76,27.48,1536.0,7513.0,-210247.0,-25.01,144474.0,17.18,-354721.0,-42.19,176889.0,21.04,33357.0,3.97,20.0,0.916,0.917,71160935.0,65254577,65254577,2026-08-19,2026-08-19 10:38:15+08:00
561280,中证1000增强ETF工银,1.606,1.6021,-0.24,-0.056,-3.37,19136.0,3093606.0,1.645,1.645,1.602,1.662,2.59,2.26,1.72,-2.56,6800.0,12336.0,-233518.0,-7.55,0.0,0.0,-233518.0,-7.55,297205.0,9.61,-63687.0,-2.06,-100.0,1.603,1.604,84847700.0,136265406,136265406,2026-08-19,2026-08-19 10:37:50+08:00
515190,中证500ETF中银证券,1.66,1.6617,0.1,-0.058,-3.38,6781.0,1138531.0,1.701,1.701,1.66,1.718,2.39,0.23,1.87,1.6,1161.0,5620.0,-218164.0,-19.16,0.0,0.0,-218164.0,-19.16,161246.0,14.16,56918.0,5.0,-74.0,1.658,1.661,293466096.0,487153719,487153719,2026-08-19,2026-08-19 10:37:58+08:00
562520,中证1000成长ETF华夏,1.373,1.3704,-0.19,-0.048,-3.38,50629.0,7007919.0,1.4,1.401,1.371,1.421,2.11,19.06,3.08,-0.1,13832.0,36797.0,128979.0,1.84,2421342.0,34.55,-2292363.0,-32.71,-301635.0,-4.3,172656.0,2.46,-21.0,1.37,1.373,26568000.0,36477864,36477864,2026-08-19,2026-08-19 10:37:50+08:00
159820,中证500ETF天弘,1.371,1.3724,0.1,-0.048,-3.38,43237.0,6010128.4,1.405,1.409,1.371,1.419,2.68,0.32,1.85,-3.31,18263.0,24974.0,562635.0,9.36,0.0,0.0,562635.0,9.36,-855934.0,-14.24,293299.0,4.88,-81.0,1.371,1.372,1356408464.0,1859636004,1859636004,2026-08-19,2026-08-19 10:38:06+08:00
159368,创业板新能源ETF华夏,0.682,0.6814,-0.09,-0.024,-3.4,1487371.0,102152048.2,0.705,0.705,0.68,0.706,3.54,15.14,2.41,-9.26,665655.0,821716.0,-4970853.0,-4.87,-15922081.0,-15.59,10951228.0,10.72,3469034.0,3.4,1501819.0,1.47,660.0,0.681,0.682,982579680.0,670119342,670119342,2026-08-19,2026-08-19 10:38:09+08:00
159131,港股通信息技术ETF华宝,0.964,0.9636,-0.04,-0.034,-3.41,6761722.0,657484320.328,0.98,0.981,0.963,0.998,1.8,28.39,1.3,9.4,3020956.0,3740766.0,-35813216.0,-5.45,-13496256.0,-2.05,-22316960.0,-3.39,25583890.0,3.89,10229327.0,1.56,349.0,0.963,0.964,2381919904.0,2296170787,2296170787,2026-08-19,2026-08-19 10:38:15+08:00
159071,新能源电池ETF华宝,0.85,0.8498,-0.02,-0.03,-3.41,19412.0,1661727.0,0.88,0.88,0.848,0.88,3.64,1.62,0.7,-0.25,6089.0,13323.0,-128651.0,-7.74,0.0,0.0,-128651.0,-7.74,38049.0,2.29,90602.0,5.45,170.0,0.848,0.85,119911738.0,101924977,101924977,2026-08-19,2026-08-19 10:38:18+08:00
159500,中证500ETF富国,1.185,1.1846,-0.03,-0.042,-3.42,97830.0,11717180.6,1.208,1.209,1.185,1.227,1.96,4.65,2.15,-71.73,47306.0,50524.0,-1726124.0,-14.73,-30237.0,-0.26,-1695887.0,-14.47,529062.0,4.52,1197062.0,10.22,-258.0,1.184,1.185,210538865.0,249488555,249488555,2026-08-19,2026-08-19 10:38:09+08:00
510500,中证500ETF南方,7.905,7.896,-0.11,-0.28,-3.42,1496938.0,1196037615.0,8.085,8.085,7.903,8.185,2.22,2.91,1.9,61.14,656230.0,840708.0,-114949360.0,-9.61,-127234576.0,-10.64,12285216.0,1.03,31756195.0,2.66,83305391.0,6.97,176.0,7.904,7.905,5141768704.0,40645681605,40645681605,2026-08-19,2026-08-19 10:38:04+08:00
526050,港股通信息技术ETF招商,1.07,1.0694,-0.06,-0.038,-3.43,169587.0,18323871.0,1.095,1.095,1.069,1.108,2.35,32.22,1.05,2.88,76140.0,93447.0,-1228056.0,-6.7,-288452.0,-1.57,-939604.0,-5.13,505200.0,2.76,722855.0,3.94,14.0,1.068,1.07,52630000.0,56314100,56314100,2026-08-19,2026-08-19 10:37:52+08:00
526030,港股通信息技术ETF汇添富,0.869,0.8688,-0.02,-0.031,-3.44,103600.0,9085524.0,0.886,0.886,0.869,0.9,1.89,6.54,1.02,4.01,44924.0,58676.0,-994319.0,-10.94,220000.0,2.42,-1214319.0,-13.37,604423.0,6.65,389896.0,4.29,60.0,0.868,0.869,158465000.0,137706085,137706085,2026-08-19,2026-08-19 10:37:52+08:00
563870,通用航空ETF鹏华,0.645,0.6407,-0.67,-0.023,-3.44,26601.0,1729636.0,0.681,0.681,0.64,0.668,6.14,2.53,10.21,-30.26,6239.0,20362.0,17118.0,0.99,128549.0,7.43,-111431.0,-6.44,-126263.0,-7.3,109147.0,6.31,7.0,0.643,0.644,105303900.0,67921016,67921016,2026-08-19,2026-08-19 10:37:44+08:00
159196,港股通信息技术ETF易方达,1.23,1.2286,-0.11,-0.044,-3.45,768284.0,95438230.6,1.254,1.254,1.23,1.274,1.88,34.52,1.03,-18.24,353922.0,414362.0,-5694670.0,-6.01,1368792.0,1.44,-7063462.0,-7.45,4487076.0,4.74,1207593.0,1.27,-5580.0,1.23,1.231,222530324.0,273712299,273712299,2026-08-19,2026-08-19 10:38:15+08:00
159193,新能源电池ETF银华,0.812,0.8098,-0.27,-0.029,-3.45,47712.0,3897714.896,0.841,0.841,0.81,0.841,3.69,2.17,1.83,19.29,20081.0,27631.0,-562986.0,-14.44,-356420.0,-9.14,-206566.0,-5.3,367299.0,9.42,195687.0,5.02,3.0,0.811,0.812,220080335.0,178705232,178705232,2026-08-19,2026-08-19 10:38:15+08:00
515860,科技ETF嘉实,2.1,2.0939,-0.29,-0.075,-3.45,11774.0,2494682.0,2.108,2.136,2.098,2.175,1.75,1.14,1.02,-2.49,4356.0,7418.0,389289.0,15.6,509212.0,20.41,-119923.0,-4.81,-270206.0,-10.83,-119083.0,-4.77,6.0,2.093,2.094,102878900.0,216045690,216045690,2026-08-19,2026-08-19 10:37:55+08:00
159009,创业板新能源ETF易方达,0.896,0.8945,-0.17,-0.032,-3.45,10858.0,982083.7,0.926,0.926,0.895,0.928,3.34,1.83,1.66,35.28,3866.0,6992.0,-463662.0,-47.21,27019.0,2.75,-490681.0,-49.96,70853.0,7.21,392810.0,40.0,-100.0,0.895,0.896,59392703.0,53215862,53215862,2026-08-19,2026-08-19 10:38:18+08:00
159053,稀有金属ETF华夏,0.921,0.9211,0.01,-0.033,-3.46,107831.0,10005230.938,0.94,0.94,0.919,0.954,2.2,6.61,2.08,8.67,43774.0,64057.0,-206717.0,-2.07,83206.0,0.83,-289923.0,-2.9,-145923.0,-1.46,352640.0,3.52,-94.0,0.921,0.922,163198132.0,150305480,150305480,2026-08-19,2026-08-19 10:38:15+08:00
562970,光伏ETF易方达,1.005,1.0029,-0.21,-0.036,-3.46,92221.0,9347565.0,1.045,1.045,1.0,1.041,4.32,2.59,2.0,19.11,25480.0,66741.0,-11632.0,-0.12,702831.0,7.52,-714463.0,-7.64,-480672.0,-5.14,492303.0,5.27,5.0,1.003,1.005,355448000.0,357225240,357225240,2026-08-19,2026-08-19 10:37:49+08:00
159350,深证50ETF富国,1.591,1.5924,0.09,-0.057,-3.46,203003.0,32664274.9,1.628,1.628,1.591,1.648,2.25,20.5,2.14,28.13,50080.0,152923.0,-7916312.0,-24.24,-2114121.0,-6.47,-5802191.0,-17.76,4780706.0,14.64,3135606.0,9.6,-606.0,1.59,1.592,99009642.0,157524340,157524340,2026-08-19,2026-08-19 10:38:09+08:00
561590,中证1000增强ETF华泰柏瑞,1.501,1.501,0.0,-0.054,-3.47,23623.0,3576839.0,1.539,1.539,1.501,1.555,2.44,2.33,1.57,-5.91,10791.0,12832.0,-834694.0,-23.34,0.0,0.0,-834694.0,-23.34,580595.0,16.23,254100.0,7.1,5.0,1.5,1.501,101499600.0,152350900,152350900,2026-08-19,2026-08-19 10:37:49+08:00
560590,中证1000增强ETF鹏华,1.446,1.4423,-0.26,-0.052,-3.47,9764.0,1420783.0,1.486,1.486,1.446,1.498,2.67,3.4,2.54,-1.84,1399.0,8365.0,68498.0,4.82,0.0,0.0,68498.0,4.82,-79202.0,-5.57,10703.0,0.75,-170.0,1.444,1.446,28710000.0,41514660,41514660,2026-08-19,2026-08-19 10:37:48+08:00
159387,创业板新能源ETF国泰,0.752,0.752,0.0,-0.027,-3.47,2449386.0,185742060.055,0.765,0.769,0.751,0.779,2.31,16.93,2.69,14.72,1235137.0,1214249.0,11532699.0,6.21,-16456035.0,-8.86,27988734.0,15.07,-4732644.0,-2.55,-6800055.0,-3.66,579.0,0.751,0.752,1447189648.0,1088286615,1088286615,2026-08-19,2026-08-19 10:38:09+08:00
159123,光伏ETF嘉实,0.918,0.9168,-0.13,-0.033,-3.47,41019.0,3814266.7,0.966,0.966,0.915,0.951,5.36,1.07,3.16,56.64,15632.0,25387.0,203346.0,5.33,660437.0,17.31,-457091.0,-11.98,-242316.0,-6.35,38969.0,1.02,-200.0,0.918,0.919,383047024.0,351637168,351637168,2026-08-19,2026-08-19 10:38:15+08:00
515750,科技50ETF富国,2.053,2.0541,0.05,-0.074,-3.48,41852.0,8688515.0,2.112,2.112,2.053,2.127,2.77,1.57,2.87,-0.85,17541.0,24311.0,-16030.0,-0.18,-28640.0,-0.33,12610.0,0.15,-586906.0,-6.75,602936.0,6.94,-4.0,2.052,2.053,267140500.0,548439447,548439447,2026-08-19,2026-08-19 10:37:55+08:00
562660,中证2000ETF华夏,1.859,1.858,-0.05,-0.067,-3.48,100221.0,18804957.0,1.892,1.925,1.856,1.926,3.58,3.1,1.14,10.96,36953.0,63268.0,2323153.0,12.35,1678583.0,8.93,644570.0,3.43,-2785490.0,-14.81,462335.0,2.46,-11.0,1.858,1.86,322874000.0,600222766,600222766,2026-08-19,2026-08-19 10:37:48+08:00
510570,中证500ETF兴业,1.243,1.2423,-0.06,-0.045,-3.49,3053.0,384177.0,1.276,1.276,1.243,1.288,2.56,0.92,0.26,-3.75,1738.0,1315.0,16639.0,4.33,0.0,0.0,16639.0,4.33,-16114.0,-4.19,-524.0,-0.14,-3.0,1.243,1.244,33060600.0,41094326,41094326,2026-08-19,2026-08-19 10:37:58+08:00
159966,创业板价值ETF华夏,0.551,0.5498,-0.22,-0.02,-3.5,91798.0,5102735.2,0.561,0.569,0.551,0.571,3.15,1.43,2.14,28.68,71513.0,20285.0,-434682.0,-8.52,-334778.0,-6.56,-99904.0,-1.96,251719.0,4.93,182964.0,3.59,200.0,0.55,0.551,641999520.0,353741736,353741736,2026-08-19,2026-08-19 10:38:03+08:00
517660,物联网ETF天弘,1.268,1.2706,0.2,-0.046,-3.5,4354.0,560452.0,1.288,1.29,1.268,1.314,1.67,1.06,0.77,-8.14,2005.0,2349.0,31331.0,5.59,0.0,0.0,31331.0,5.59,-38391.0,-6.85,7060.0,1.26,-5.0,1.266,1.267,41080700.0,52090328,52090328,2026-08-19,2026-08-19 10:37:44+08:00
513240,港股通信息技术ETF华安,1.016,1.018,0.2,-0.037,-3.51,331638.0,34040172.0,1.035,1.037,1.015,1.053,2.09,28.71,1.08,24.27,142433.0,189205.0,-3444149.0,-10.12,2226.0,0.01,-3446375.0,-10.12,2623886.0,7.71,820262.0,2.41,400.0,1.015,1.016,115496000.0,117343936,117343936,2026-08-19,2026-08-19 10:38:00+08:00
159543,国证2000ETF工银,1.484,1.4813,-0.18,-0.054,-3.51,9411.0,1405296.2,1.523,1.523,1.484,1.538,2.54,2.23,2.1,-17.37,3965.0,5446.0,-60030.0,-4.27,0.0,0.0,-60030.0,-4.27,33391.0,2.38,26638.0,1.9,-1.0,1.479,1.481,42196551.0,62619682,62619682,2026-08-19,2026-08-19 10:38:09+08:00
159566,储能电池ETF易方达,1.872,1.8706,-0.07,-0.068,-3.51,1110964.0,210010294.7,1.922,1.922,1.866,1.94,2.89,3.96,2.31,44.02,460273.0,650691.0,17686938.0,8.42,30983168.0,14.75,-13296230.0,-6.33,-23560258.0,-11.22,5873319.0,2.8,-30.0,1.872,1.873,2806739776.0,5254216861,5254216861,2026-08-19,2026-08-19 10:38:09+08:00
563380,航空航天ETF华泰柏瑞,0.932,0.9306,-0.15,-0.034,-3.52,463479.0,44017274.0,0.985,0.986,0.931,0.966,5.69,5.15,3.7,1.39,180858.0,282621.0,-8522993.0,-19.36,-3989053.0,-9.06,-4533940.0,-10.3,3555967.0,8.08,4967025.0,11.28,20.0,0.931,0.932,899950000.0,838753400,838753400,2026-08-19,2026-08-19 10:37:46+08:00
159036,软件开发ETF华宝,0.932,0.9331,0.12,-0.034,-3.52,87538.0,8178514.342,0.949,0.952,0.925,0.966,2.8,3.11,1.88,51.01,26526.0,61012.0,-1251784.0,-15.31,-987007.0,-12.07,-264777.0,-3.24,630620.0,7.71,621164.0,7.6,-1177.0,0.931,0.933,281740160.0,262581829,262581829,2026-08-19,2026-08-19 10:38:18+08:00
159677,中证1000增强ETF银华,1.453,1.4501,-0.2,-0.053,-3.52,21097.0,3095277.9,1.495,1.495,1.453,1.506,2.79,7.84,1.37,-3.11,9616.0,11481.0,404992.0,13.08,0.0,0.0,404992.0,13.08,-620997.0,-20.06,216005.0,6.98,-300.0,1.451,1.453,26904091.0,39091644,39091644,2026-08-19,2026-08-19 10:38:06+08:00
159975,深100ETF招商,0.768,0.7688,0.1,-0.028,-3.52,13049.0,1012198.2,0.791,0.794,0.768,0.796,3.27,2.51,1.09,1.08,3232.0,9817.0,-53957.0,-5.33,0.0,0.0,-53957.0,-5.33,15554.0,1.54,38403.0,3.79,-34.0,0.767,0.769,51937760.0,39888200,39888200,2026-08-19,2026-08-19 10:38:03+08:00
159912,深300ETF汇添富,1.947,1.9483,0.07,-0.071,-3.52,7381.0,1456290.3,1.977,1.988,1.947,2.018,2.03,1.08,3.87,-6.83,2348.0,5033.0,417446.0,28.67,0.0,0.0,417446.0,28.67,-519737.0,-35.69,102292.0,7.02,-11.0,1.944,1.948,68448991.0,133270185,133270185,2026-08-19,2026-08-19 10:38:03+08:00
520710,港股通信息技术ETF广发,0.903,0.9031,0.01,-0.033,-3.53,245623.0,22374481.0,0.926,0.926,0.902,0.936,2.56,25.31,1.52,-4.74,109050.0,136573.0,-2360983.0,-10.55,-2663298.0,-11.9,302315.0,1.35,1602800.0,7.16,758184.0,3.39,77.0,0.903,0.904,97029000.0,87617187,87617187,2026-08-19,2026-08-19 10:37:53+08:00
515370,光伏ETF华夏,0.82,0.819,-0.12,-0.03,-3.53,79236.0,6558570.0,0.84,0.85,0.817,0.85,3.88,0.82,1.29,10.96,26292.0,52944.0,-22442.0,-0.34,859667.0,13.11,-882109.0,-13.45,-424215.0,-6.47,446657.0,6.81,-2.0,0.819,0.821,963713008.0,790244667,790244667,2026-08-19,2026-08-19 10:37:56+08:00
560300,电信ETF汇添富,2.27,2.2673,-0.12,-0.083,-3.53,2137.0,490311.0,2.39,2.39,2.27,2.353,5.1,0.77,1.09,10.55,1372.0,765.0,-225030.0,-45.9,10301.0,2.1,-235331.0,-48.0,191536.0,39.06,33494.0,6.83,-31.0,2.267,2.271,27803400.0,63113718,63113718,2026-08-19,2026-08-19 10:37:55+08:00
159685,1000增强ETF天弘,1.467,1.4622,-0.33,-0.054,-3.55,10644.0,1579519.6,1.506,1.506,1.448,1.521,3.81,5.48,1.89,-0.85,1972.0,8672.0,-215.0,-0.01,0.0,0.0,-215.0,-0.01,60077.0,3.8,-59862.0,-3.79,17.0,1.461,1.463,19440067.0,28518578,28518578,2026-08-19,2026-08-19 10:38:06+08:00
159190,创业板新能源ETF天弘,0.867,0.8659,-0.13,-0.032,-3.56,60971.0,5333614.1,0.899,0.901,0.866,0.899,3.89,8.02,1.57,16.4,16096.0,44875.0,370933.0,6.95,167865.0,3.15,203068.0,3.81,-415058.0,-7.78,44126.0,0.83,-20.0,0.866,0.867,76069299.0,65952082,65952082,2026-08-19,2026-08-19 10:38:12+08:00
512670,国防ETF鹏华,0.758,0.7567,-0.17,-0.028,-3.56,1079938.0,82976033.0,0.788,0.788,0.758,0.786,3.82,4.8,4.97,31.43,335724.0,744214.0,13337427.0,16.07,21996060.0,26.51,-8658633.0,-10.44,-5360416.0,-6.46,-7977011.0,-9.61,-10000.0,0.758,0.759,2247652608.0,1703720677,1703720677,2026-08-19,2026-08-19 10:38:01+08:00
516880,光伏ETF银华,0.731,0.731,0.0,-0.027,-3.56,119315.0,8788183.0,0.746,0.747,0.728,0.758,2.51,1.29,2.29,5.94,57419.0,61896.0,-198105.0,-2.25,-450955.0,-5.13,252850.0,2.88,-329743.0,-3.75,527849.0,6.01,-13.0,0.73,0.731,921944096.0,673941134,673941134,2026-08-19,2026-08-19 10:37:55+08:00
159293,创业板综增强ETF建信,1.081,1.0819,0.08,-0.04,-3.57,10697.0,1173303.399,1.11,1.11,1.081,1.121,2.59,4.25,0.97,-3.2,270.0,10427.0,162852.0,13.88,0.0,0.0,162852.0,13.88,-155638.0,-13.26,-7214.0,-0.61,-2.0,1.079,1.081,25159397.0,27197308,27197308,2026-08-19,2026-08-19 10:38:12+08:00
159618,光伏ETF华安,0.676,0.6751,-0.13,-0.025,-3.57,10816.0,737347.7,0.701,0.701,0.674,0.701,3.85,1.46,1.34,77.85,4153.0,6663.0,-210944.0,-28.61,58209.0,7.89,-269153.0,-36.5,93276.0,12.65,117667.0,15.96,72.0,0.675,0.676,74131407.0,50112831,50112831,2026-08-19,2026-08-19 10:37:45+08:00
526000,港股通信息技术ETF华夏,1.184,1.1833,-0.06,-0.044,-3.58,1857711.0,221804595.0,1.203,1.206,1.183,1.228,1.87,104.87,1.48,8.19,891925.0,965786.0,-3788805.0,-1.71,4722372.0,2.13,-8511177.0,-3.84,2020155.0,0.91,1768651.0,0.8,338.0,1.183,1.184,177142000.0,209736128,209736128,2026-08-19,2026-08-19 10:37:52+08:00
560690,电信ETF鹏华,2.181,2.1866,0.26,-0.081,-3.58,31154.0,6856649.0,2.255,2.255,2.181,2.262,3.27,15.28,4.61,-42.1,8577.0,22577.0,-4788584.0,-69.84,-3751604.0,-54.71,-1036980.0,-15.12,4600885.0,67.1,187699.0,2.74,-444.0,2.18,2.181,20389000.0,44468409,44468409,2026-08-19,2026-08-19 10:37:54+08:00
561550,中证500增强ETF华泰柏瑞,1.425,1.4269,0.13,-0.053,-3.59,265106.0,38190193.0,1.455,1.457,1.425,1.478,2.17,2.04,2.2,10.56,99369.0,165737.0,-2267804.0,-5.94,-5830411.0,-15.27,3562607.0,9.33,724849.0,1.9,1542956.0,4.04,-43.0,1.425,1.426,1298989600.0,1851060180,1851060180,2026-08-19,2026-08-19 10:37:50+08:00
516710,新材料ETF华夏,0.776,0.7778,0.23,-0.029,-3.6,13946.0,1097418.0,0.789,0.793,0.776,0.805,2.11,1.78,1.29,0.4,5784.0,8162.0,10837.0,0.99,0.0,0.0,10837.0,0.99,-154057.0,-14.04,143221.0,13.05,-349.0,0.775,0.776,78272000.0,60739072,60739072,2026-08-19,2026-08-19 10:37:49+08:00
515790,光伏ETF华泰柏瑞,0.858,0.8583,0.03,-0.032,-3.6,1284844.0,111244265.0,0.88,0.88,0.855,0.89,2.81,2.14,1.78,28.14,516256.0,768588.0,-11384212.0,-10.23,-14465625.0,-13.0,3081413.0,2.77,3893617.0,3.5,7440601.0,6.69,-619.0,0.858,0.859,5997494016.0,5145849866,5145849866,2026-08-19,2026-08-19 10:37:55+08:00
159198,港股通信息技术ETF富国,1.232,1.2341,0.17,-0.046,-3.6,491787.0,61211607.5,1.258,1.258,1.231,1.278,2.11,49.01,1.37,4.3,233613.0,258174.0,-1029568.0,-1.68,-333859.0,-0.55,-695709.0,-1.14,-1571096.0,-2.57,2600664.0,4.25,-50.0,1.231,1.232,100344347.0,123624236,123624236,2026-08-19,2026-08-19 10:38:15+08:00
159069,创业板新能源ETF华泰柏瑞,1.044,1.0415,-0.24,-0.039,-3.6,64273.0,6733020.388,1.083,1.083,1.043,1.083,3.69,12.66,1.71,-40.9,25719.0,38554.0,231581.0,3.44,-1540194.0,-22.88,1771775.0,26.31,-249868.0,-3.71,18287.0,0.27,120.0,1.043,1.044,50770440.0,53004339,53004339,2026-08-19,2026-08-19 10:38:18+08:00
588960,科创新能源ETF富国,1.171,1.1691,-0.16,-0.044,-3.62,26764.0,3165496.0,1.203,1.203,1.165,1.215,3.13,1.85,1.34,13.66,10772.0,15992.0,322448.0,10.19,526613.0,16.64,-204165.0,-6.45,-382807.0,-12.09,60358.0,1.91,3.0,1.168,1.169,144579800.0,169302946,169302946,2026-08-19,2026-08-19 10:37:43+08:00
159106,民企300ETF前海开源,1.065,1.0682,0.3,-0.04,-3.62,2497.0,268769.1,1.1,1.1,1.065,1.105,3.17,0.63,0.39,-4.75,861.0,1636.0,-150755.0,-56.09,0.0,0.0,-150755.0,-56.09,89149.0,33.17,61607.0,22.92,-10.0,1.063,1.065,39579488.0,42152155,42152155,2026-08-19,2026-08-19 10:38:15+08:00
516290,光伏ETF汇添富,0.532,0.5322,0.04,-0.02,-3.62,153325.0,8247659.0,0.549,0.549,0.53,0.552,3.44,2.08,2.62,1.36,73646.0,79679.0,-467282.0,-5.67,-332629.0,-4.03,-134653.0,-1.63,-222599.0,-2.7,689880.0,8.36,-2.0,0.532,0.533,737196896.0,392188749,392188749,2026-08-19,2026-08-19 10:37:56+08:00
159230,通用航空ETF华夏,0.949,0.9473,-0.18,-0.036,-3.65,68154.0,6572657.3,0.992,0.993,0.947,0.985,4.67,2.23,1.81,42.25,37380.0,30774.0,-167168.0,-2.54,21573.0,0.33,-188741.0,-2.87,-221808.0,-3.37,388976.0,5.92,118.0,0.948,0.949,305304224.0,289733709,289733709,2026-08-19,2026-08-19 10:38:12+08:00
159326,电网设备ETF华夏,1.685,1.6856,0.04,-0.064,-3.66,2319272.0,394590477.88,1.722,1.724,1.684,1.749,2.29,1.85,1.72,38.8,802115.0,1517157.0,-45701753.0,-11.58,-22485611.0,-5.7,-23216142.0,-5.88,6224399.0,1.58,39477354.0,10.0,2159.0,1.684,1.685,12560265472.0,21164047320,21164047320,2026-08-19,2026-08-19 10:38:12+08:00
563010,电信ETF易方达,2.156,2.1568,0.04,-0.082,-3.66,36960.0,8036678.0,2.216,2.222,2.156,2.238,2.95,3.84,2.72,1.43,15834.0,21126.0,-28996.0,-0.36,-15354.0,-0.19,-13642.0,-0.17,165005.0,2.05,-136009.0,-1.69,-45.0,2.156,2.158,96189300.0,207384131,207384131,2026-08-19,2026-08-19 10:37:50+08:00
159609,光伏ETF浦银,0.5,0.4987,-0.26,-0.019,-3.66,50192.0,2536845.2,0.517,0.517,0.498,0.519,3.66,1.66,1.35,46.48,14458.0,35734.0,-795554.0,-31.36,-408270.0,-16.09,-387284.0,-15.27,498824.0,19.66,296730.0,11.7,-114.0,0.5,0.501,301903408.0,150951704,150951704,2026-08-19,2026-08-19 10:38:06+08:00
517950,沪深港科技50ETF交银,1.181,1.1847,0.31,-0.045,-3.67,36052.0,4300620.0,1.214,1.214,1.181,1.226,2.69,6.79,1.92,5.7,10592.0,25460.0,-310707.0,-7.22,-360.0,-0.01,-310347.0,-7.22,199077.0,4.63,111631.0,2.6,-15.0,1.177,1.18,53123200.0,62738499,62738499,2026-08-19,2026-08-19 10:37:52+08:00
516180,光伏ETF平安,0.709,0.7083,-0.1,-0.027,-3.67,39113.0,2797047.0,0.725,0.732,0.707,0.736,3.4,2.61,1.35,3.39,14892.0,24221.0,135382.0,4.84,-229008.0,-8.19,364390.0,13.03,-181105.0,-6.47,45723.0,1.63,-100.0,0.709,0.71,149987000.0,106340783,106340783,2026-08-19,2026-08-19 10:37:53+08:00
159292,创业板综增强ETF华宝,1.203,1.198,-0.42,-0.046,-3.68,5415.0,656549.7,1.237,1.237,1.203,1.249,2.72,0.3,0.41,-13.5,3684.0,1731.0,-214858.0,-32.73,0.0,0.0,-214858.0,-32.73,210492.0,32.06,4364.0,0.66,-1.0,1.201,1.202,178189531.0,214362006,214362006,2026-08-19,2026-08-19 10:38:12+08:00
159903,深成ETF南方,1.724,1.7218,-0.13,-0.066,-3.69,304899.0,53110820.8,1.765,1.765,1.722,1.79,2.4,7.56,3.74,26.95,110489.0,194410.0,-13964326.0,-26.29,-6955532.0,-13.1,-7008794.0,-13.2,2691686.0,5.07,11272640.0,21.22,52.0,1.722,1.724,403154512.0,695038379,695038379,2026-08-19,2026-08-19 10:38:03+08:00
159536,中证2000ETF汇添富,1.377,1.3775,0.04,-0.053,-3.71,76192.0,10624626.8,1.422,1.422,1.376,1.43,3.22,16.12,3.17,15.45,28059.0,48133.0,-789858.0,-7.43,1076167.0,10.13,-1866025.0,-17.56,308595.0,2.9,481262.0,4.53,-131.0,1.375,1.377,47261589.0,65079208,65079208,2026-08-19,2026-08-19 10:38:09+08:00
588830,科创新能源ETF鹏华,1.267,1.2657,-0.1,-0.049,-3.72,492702.0,63007336.0,1.293,1.299,1.262,1.316,2.81,7.23,2.22,3.33,284796.0,207906.0,-248503.0,-0.39,1476767.0,2.34,-1725270.0,-2.74,-3970287.0,-6.3,4218791.0,6.7,-200.0,1.266,1.268,681847904.0,863901294,863901294,2026-08-19,2026-08-19 10:37:43+08:00
159763,新材料ETF建信,0.747,0.7503,0.44,-0.029,-3.74,8843.0,670570.7,0.768,0.768,0.747,0.776,2.71,0.99,0.51,-3.32,1040.0,7803.0,66806.0,9.96,0.0,0.0,66806.0,9.96,-87875.0,-13.11,21069.0,3.14,-2.0,0.747,0.748,89707747.0,67011687,67011687,2026-08-19,2026-08-19 10:38:06+08:00
159680,中证1000增强ETF招商,1.672,1.6747,0.16,-0.065,-3.74,573395.0,97089266.1,1.72,1.721,1.672,1.737,2.82,5.37,3.18,-14.61,199659.0,373736.0,15928182.0,16.43,4815161.0,4.97,11113021.0,11.47,-15128518.0,-15.61,-799664.0,-0.83,-972.0,1.671,1.674,1068438080.0,1786428470,1786428470,2026-08-19,2026-08-19 10:38:06+08:00
560230,光伏ETF富国,0.771,0.7718,0.1,-0.03,-3.75,24579.0,1911188.0,0.801,0.801,0.769,0.801,4.0,3.0,2.43,21.45,6664.0,17915.0,-244480.0,-12.79,-322764.0,-16.89,78284.0,4.1,108864.0,5.7,135616.0,7.1,-132.0,0.77,0.771,81889000.0,63136419,63136419,2026-08-19,2026-08-19 10:37:50+08:00
159943,深证成指ETF大成,1.559,1.5555,-0.23,-0.061,-3.77,164264.0,25876772.6,1.588,1.593,1.559,1.62,2.1,9.65,3.15,4.17,55726.0,108538.0,-8567994.0,-33.11,-1539202.0,-5.95,-7028792.0,-27.16,1184678.0,4.58,7383316.0,28.53,-204.0,1.559,1.56,170229922.0,265388448,265388448,2026-08-19,2026-08-19 10:38:03+08:00
561370,中证2000ETF国泰,1.399,1.3973,-0.12,-0.055,-3.78,13671.0,1932841.0,1.418,1.447,1.397,1.454,3.44,4.23,2.61,-0.14,3063.0,10608.0,-161931.0,-8.38,0.0,0.0,-161931.0,-8.38,-43213.0,-2.24,205145.0,10.61,-2000.0,1.396,1.398,32356000.0,45266044,45266044,2026-08-19,2026-08-19 10:37:49+08:00
159864,光伏ETF国泰,0.56,0.56,0.0,-0.022,-3.78,141395.0,7993870.8,0.575,0.576,0.559,0.582,2.92,2.22,2.64,31.7,38122.0,103273.0,181076.0,2.27,491764.0,6.15,-310688.0,-3.89,-576445.0,-7.21,395369.0,4.95,-1.0,0.56,0.562,635526832.0,355895026,355895026,2026-08-19,2026-08-19 10:38:00+08:00
159535,中证2000ETF嘉实,1.476,1.4764,0.03,-0.058,-3.78,61824.0,9252620.6,1.52,1.531,1.476,1.534,3.59,23.8,6.16,23.14,10729.0,51095.0,-1275343.0,-13.78,5410967.0,58.48,-6686310.0,-72.26,1258197.0,13.6,17145.0,0.19,-1000.0,1.475,1.476,25981088.0,38348086,38348086,2026-08-19,2026-08-19 10:38:09+08:00
517130,云计算ETF嘉实,0.965,0.9642,-0.08,-0.038,-3.79,38339.0,3723510.0,0.99,0.99,0.963,1.003,2.69,2.09,1.72,-8.16,14389.0,23950.0,-1189781.0,-31.95,0.0,0.0,-1189781.0,-31.95,583239.0,15.66,606542.0,16.29,-22.0,0.964,0.965,183654000.0,177226110,177226110,2026-08-19,2026-08-19 10:37:51+08:00
159907,国证2000ETF广发,1.066,1.0687,0.25,-0.042,-3.79,73544.0,7991501.8,1.106,1.106,1.066,1.108,3.61,4.25,3.28,-10.17,8981.0,64563.0,1300308.0,16.27,35120.0,0.44,1265188.0,15.83,-1089179.0,-13.63,-211128.0,-2.64,1.0,1.065,1.066,173197694.0,184628742,184628742,2026-08-19,2026-08-19 10:38:03+08:00
563200,中证2000ETF富国,1.496,1.498,0.13,-0.059,-3.79,61709.0,9327339.0,1.526,1.572,1.495,1.555,4.95,10.74,2.25,-2.09,22961.0,38748.0,66433.0,0.71,0.0,0.0,66433.0,0.71,-394263.0,-4.23,327830.0,3.52,-10.0,1.496,1.497,57458800.0,85958365,85958365,2026-08-19,2026-08-19 10:37:41+08:00
562030,信创ETF华宝,0.507,0.5027,-0.86,-0.02,-3.8,28091.0,1439350.0,0.521,0.522,0.505,0.527,3.23,2.05,1.72,-30.16,10377.0,17714.0,-180198.0,-12.52,0.0,0.0,-180198.0,-12.52,59024.0,4.1,121173.0,8.42,-139.0,0.506,0.507,136973900.0,69445767,69445767,2026-08-19,2026-08-19 10:37:44+08:00
560390,电网设备ETF易方达,0.885,0.8849,-0.01,-0.035,-3.8,732417.0,65384275.0,0.906,0.907,0.883,0.92,2.61,3.66,1.99,39.79,211555.0,520862.0,-15179002.0,-23.22,-9085874.0,-13.9,-6093128.0,-9.32,6551349.0,10.02,8627654.0,13.2,-240.0,0.884,0.885,1999258000.0,1769343330,1769343330,2026-08-19,2026-08-19 10:37:54+08:00
512560,军工ETF易方达,0.708,0.7057,-0.33,-0.028,-3.8,513690.0,36726361.0,0.735,0.74,0.706,0.736,4.62,5.55,2.85,5.55,199195.0,314495.0,-4771170.0,-12.99,-4923336.0,-13.41,152166.0,0.41,1941501.0,5.29,2829669.0,7.7,5.0,0.706,0.708,926127008.0,655697922,655697922,2026-08-19,2026-08-19 10:37:58+08:00
516360,新材料ETF华宝,1.064,1.0648,0.08,-0.042,-3.8,5266.0,567104.0,1.09,1.09,1.064,1.106,2.35,0.88,0.59,0.18,1139.0,4127.0,77221.0,13.62,0.0,0.0,77221.0,13.62,-150247.0,-26.49,73026.0,12.88,-201.0,1.063,1.064,59551800.0,63363115,63363115,2026-08-19,2026-08-19 10:37:51+08:00
159857,光伏ETF天弘,0.733,0.7324,-0.08,-0.029,-3.81,998380.0,73926663.3,0.749,0.751,0.731,0.762,2.62,4.51,4.31,22.05,411277.0,587103.0,-3798756.0,-5.14,14807072.0,20.03,-18605828.0,-25.17,2125236.0,2.87,1673520.0,2.26,-31.0,0.733,0.734,2212515728.0,1621774029,1621774029,2026-08-19,2026-08-19 10:38:03+08:00
563300,中证2000ETF华泰柏瑞,1.405,1.4042,-0.06,-0.056,-3.83,3804809.0,540746009.0,1.448,1.448,1.404,1.461,3.01,8.42,2.45,-4.47,1294935.0,2509874.0,46818084.0,8.66,77463691.0,14.33,-30645607.0,-5.67,-52186449.0,-9.65,5364150.0,0.99,150.0,1.404,1.405,4521174016.0,6352249492,6352249492,2026-08-19,2026-08-19 10:37:47+08:00
159703,新材料ETF天弘,0.93,0.9262,-0.41,-0.037,-3.83,19689.0,1856637.6,0.97,0.97,0.93,0.967,4.14,3.44,1.14,17.12,8832.0,10857.0,-639358.0,-34.44,370897.0,19.98,-1010255.0,-54.41,411751.0,22.18,227606.0,12.26,-80.0,0.929,0.93,57181591.0,53178880,53178880,2026-08-19,2026-08-19 10:38:06+08:00
159638,高端装备ETF嘉实,0.828,0.8273,-0.08,-0.033,-3.83,263807.0,22237454.8,0.867,0.869,0.828,0.861,4.76,1.82,1.9,24.55,96058.0,167749.0,-2483510.0,-11.17,-1813491.0,-8.16,-670019.0,-3.01,809924.0,3.64,1673587.0,7.53,-20.0,0.828,0.829,1450341936.0,1200883123,1200883123,2026-08-19,2026-08-19 10:38:03+08:00
159392,航空ETF富国,0.929,0.9289,-0.01,-0.037,-3.83,43529.0,4102055.0,0.971,0.979,0.928,0.966,5.28,2.39,3.88,53.42,23247.0,20282.0,-1036056.0,-25.26,-2124863.0,-51.8,1088807.0,26.54,398009.0,9.7,638048.0,15.55,-1170.0,0.928,0.929,182285500.0,169343230,169343230,2026-08-19,2026-08-19 10:38:06+08:00
512100,中证1000ETF南方,3.09,3.0877,-0.07,-0.123,-3.83,5894636.0,1839670358.0,3.161,3.191,3.09,3.213,3.14,9.39,2.16,1.92,2487332.0,3407304.0,-153025536.0,-8.33,-5102480.0,-0.28,-147923056.0,-8.05,49007928.0,2.67,103863092.0,5.65,-8923.0,3.09,3.091,6277217536.0,19396602186,19396602186,2026-08-19,2026-08-19 10:37:58+08:00
516890,新材料ETF平安,0.802,0.8043,0.29,-0.032,-3.84,1652.0,134871.0,0.839,0.839,0.802,0.834,4.44,0.5,0.93,-6.68,532.0,1120.0,-97782.0,-72.5,0.0,0.0,-97782.0,-72.5,49790.0,36.92,47992.0,35.58,-64.0,0.802,0.804,33311400.0,26715743,26715743,2026-08-19,2026-08-19 10:37:51+08:00
562570,信创ETF华夏,1.372,1.3694,-0.19,-0.055,-3.85,63637.0,8829318.0,1.418,1.426,1.367,1.427,4.13,2.11,0.47,-29.62,20775.0,42862.0,-649034.0,-7.35,-565071.0,-6.4,-83963.0,-0.95,-306389.0,-3.47,955424.0,10.82,-7.0,1.371,1.372,302281008.0,414729543,414729543,2026-08-19,2026-08-19 10:37:49+08:00
589960,科创新能源ETF易方达,0.896,0.8942,-0.2,-0.036,-3.86,227877.0,20602174.0,0.917,0.918,0.868,0.932,5.36,14.04,2.36,-11.55,117103.0,110774.0,-296140.0,-1.44,-1889765.0,-9.17,1593625.0,7.74,194799.0,0.95,101342.0,0.49,-1000.0,0.895,0.896,162316000.0,145435136,145435136,2026-08-19,2026-08-19 10:37:42+08:00
516300,中证1000ETF华泰柏瑞,3.203,3.2087,0.18,-0.129,-3.87,27463.0,8899447.0,3.299,3.299,3.203,3.332,2.88,6.1,2.28,-1.07,6008.0,21455.0,1651822.0,18.7,0.0,0.0,1651822.0,18.7,-1613087.0,-18.26,-38734.0,-0.44,-2.0,3.202,3.203,45012600.0,144175358,144175358,2026-08-19,2026-08-19 10:37:53+08:00
159804,创中盘88ETF国寿,1.626,1.6236,-0.15,-0.066,-3.9,718.0,117865.1,1.69,1.69,1.626,1.692,3.78,0.45,2.44,-4.44,175.0,543.0,0.0,0.0,0.0,0.0,0.0,0.0,-82501.0,-70.0,82502.0,70.0,-200.0,1.625,1.626,15899676.0,25852873,25852873,2026-08-19,2026-08-19 10:38:03+08:00
515200,创新100ETF申万菱信,2.566,2.5505,-0.61,-0.104,-3.9,6906.0,1789633.0,2.601,2.617,2.56,2.67,2.13,1.77,3.94,13.92,1742.0,5164.0,1166414.0,65.18,0.0,0.0,1166414.0,65.18,-1131528.0,-63.23,-34886.0,-1.95,4.0,2.56,2.564,38943200.0,99928251,99928251,2026-08-19,2026-08-19 10:37:58+08:00
159629,中证1000ETF富国,3.187,3.1912,0.13,-0.13,-3.92,1413842.0,455496692.0,3.26,3.276,3.186,3.317,2.71,17.34,3.98,24.79,702763.0,711079.0,-13764352.0,-3.02,-20305374.0,-4.46,6541022.0,1.44,4988041.0,1.1,8776309.0,1.93,601.0,3.185,3.186,815252656.0,2598210215,2598210215,2026-08-19,2026-08-19 10:38:06+08:00
159743,湖北ETF博时,1.396,1.3931,-0.21,-0.057,-3.92,2619.0,371870.6,1.426,1.426,1.396,1.453,2.06,0.24,1.84,0.12,2195.0,424.0,80406.0,21.62,0.0,0.0,80406.0,21.62,-109248.0,-29.38,28841.0,7.76,-2.0,1.392,1.393,109941100.0,153477776,153477776,2026-08-19,2026-08-19 10:38:06+08:00
159532,中证2000ETF易方达,1.616,1.6211,0.31,-0.066,-3.92,231434.0,37781907.68,1.647,1.667,1.615,1.682,3.09,12.89,3.07,-12.89,101678.0,129756.0,-2418882.0,-6.4,-4506673.0,-11.93,2087791.0,5.53,430279.0,1.14,1988604.0,5.26,-3.0,1.616,1.618,179564791.0,290176702,290176702,2026-08-19,2026-08-19 10:38:09+08:00
158009,航空航天ETF南方,1.006,1.0047,-0.13,-0.041,-3.92,60498.0,6223306.158,1.063,1.066,1.005,1.047,5.83,14.98,2.99,4.02,15331.0,45167.0,-1409165.0,-22.64,-1352872.0,-21.74,-56293.0,-0.9,706207.0,11.35,702959.0,11.3,-4.0,1.005,1.006,40373819.0,40616062,40616062,2026-08-19,2026-08-19 10:38:15+08:00
159533,中证2000ETF博时,1.913,1.9128,-0.01,-0.078,-3.92,2615.0,506543.5,1.959,1.99,1.911,1.991,3.97,1.69,0.41,0.97,1384.0,1231.0,8752.0,1.73,0.0,0.0,8752.0,1.73,-161011.0,-31.79,152258.0,30.06,-20.0,1.909,1.911,15458785.0,29572656,29572656,2026-08-19,2026-08-19 10:38:09+08:00
560980,光伏龙头ETF广发,0.662,0.6625,0.08,-0.027,-3.92,238054.0,15940789.0,0.684,0.684,0.661,0.689,3.34,6.87,2.8,1.4,86393.0,151661.0,5516506.0,34.61,3132881.0,19.65,2383625.0,14.95,-2088128.0,-13.1,-3428378.0,-21.51,-10.0,0.662,0.663,346522000.0,229397564,229397564,2026-08-19,2026-08-19 10:37:53+08:00
159231,通用航空ETF华宝,0.488,0.4878,-0.04,-0.02,-3.94,90625.0,4470485.4,0.51,0.511,0.487,0.508,4.72,2.68,2.59,57.26,34134.0,56491.0,-1053222.0,-23.56,-1687973.0,-37.76,634751.0,14.2,667250.0,14.93,385971.0,8.63,300.0,0.487,0.488,338091856.0,164988826,164988826,2026-08-19,2026-08-19 10:38:12+08:00
159575,创业板200ETF银华,1.414,1.405,-0.64,-0.058,-3.94,1663.0,236054.2,1.458,1.458,1.408,1.472,3.4,1.46,1.03,-11.88,491.0,1172.0,50832.0,21.53,0.0,0.0,50832.0,21.53,-77735.0,-32.93,26903.0,11.4,1.0,1.404,1.405,11410425.0,16134341,16134341,2026-08-19,2026-08-19 10:38:06+08:00
516520,智能驾驶ETF华泰柏瑞,1.049,1.0475,-0.14,-0.043,-3.94,549345.0,57832648.0,1.078,1.079,1.047,1.092,2.93,6.77,5.31,2.93,218722.0,330623.0,7340563.0,12.69,10022853.0,17.33,-2682290.0,-4.64,-6085544.0,-10.52,-1255018.0,-2.17,-1.0,1.049,1.05,811765504.0,851542014,851542014,2026-08-19,2026-08-19 10:37:55+08:00
560220,中证2000ETF广发,1.415,1.4166,0.11,-0.058,-3.94,36445.0,5213488.0,1.443,1.472,1.415,1.473,3.87,5.72,1.92,2.32,8997.0,27448.0,-417679.0,-8.01,0.0,0.0,-417679.0,-8.01,291431.0,5.59,126248.0,2.42,-30.0,1.415,1.416,63717000.0,90159555,90159555,2026-08-19,2026-08-19 10:37:46+08:00
560110,中证1000ETF汇添富,1.146,1.1468,0.07,-0.047,-3.94,150014.0,17372275.0,1.18,1.18,1.146,1.193,2.85,4.36,2.24,22.06,68653.0,81361.0,-847656.0,-4.88,815633.0,4.7,-1663289.0,-9.57,-1237921.0,-7.13,2085579.0,12.01,10.0,1.145,1.146,343903504.0,394113416,394113416,2026-08-19,2026-08-19 10:37:53+08:00
159241,航空航天ETF天弘,1.022,1.0196,-0.24,-0.042,-3.95,879062.0,91325154.811,1.08,1.082,1.02,1.064,5.83,6.53,3.74,46.75,387046.0,492016.0,-10581879.0,-11.59,-3264038.0,-3.57,-7317841.0,-8.01,266768.0,0.29,10315111.0,11.29,9.0,1.021,1.022,1347074272.0,1376709906,1376709906,2026-08-19,2026-08-19 10:38:12+08:00
517800,人工智能50ETF方正富邦,0.996,0.9911,-0.49,-0.041,-3.95,34950.0,3514962.0,1.029,1.029,0.996,1.037,3.18,1.7,2.46,-20.41,8003.0,26947.0,-1290003.0,-36.7,-224524.0,-6.39,-1065479.0,-30.31,199021.0,5.66,1090982.0,31.04,-23.0,0.996,0.997,205539700.0,204717541,204717541,2026-08-19,2026-08-19 10:37:52+08:00
159628,国证2000ETF万家,1.386,1.388,0.14,-0.057,-3.95,322993.0,45324700.5,1.425,1.437,1.386,1.443,3.53,8.05,1.82,12.49,136586.0,186407.0,270113.0,0.6,1060409.0,2.34,-790296.0,-1.74,-603208.0,-1.33,333095.0,0.73,-200.0,1.385,1.386,401283248.0,556178582,556178582,2026-08-19,2026-08-19 10:38:06+08:00
159795,智能汽车ETF汇添富,0.872,0.8734,0.16,-0.036,-3.96,21737.0,1910227.9,0.906,0.906,0.872,0.908,3.74,7.72,5.98,1.24,6536.0,15201.0,434845.0,22.76,0.0,0.0,434845.0,22.76,-485080.0,-25.39,50235.0,2.63,-1397.0,0.871,0.872,28169473.0,24563780,24563780,2026-08-19,2026-08-19 10:37:54+08:00
159320,电网设备ETF广发,0.63,0.6306,0.1,-0.026,-3.96,577255.0,36795072.1,0.643,0.65,0.629,0.656,3.2,3.24,1.88,18.48,182095.0,395160.0,-4827840.0,-13.12,-6469782.0,-17.58,1641942.0,4.46,1634505.0,4.44,3193334.0,8.68,-10.0,0.63,0.631,1784235520.0,1124068378,1124068378,2026-08-19,2026-08-19 10:38:12+08:00
561380,电网设备ETF国泰,0.749,0.7486,-0.05,-0.031,-3.97,581216.0,43880659.0,0.769,0.769,0.747,0.78,2.82,0.85,1.77,32.0,163219.0,417997.0,-6929166.0,-15.79,-2728155.0,-6.22,-4201011.0,-9.57,2067472.0,4.71,4861693.0,11.08,28.0,0.748,0.749,6853533952.0,5133296930,5133296930,2026-08-19,2026-08-19 10:37:49+08:00
159107,创业板软件ETF富国,0.749,0.7482,-0.11,-0.031,-3.97,618227.0,46692809.1,0.768,0.771,0.744,0.78,3.46,8.1,1.85,26.74,307401.0,310826.0,-11573212.0,-24.79,-13120722.0,-28.1,1547510.0,3.31,5847129.0,12.52,5726083.0,12.26,60.0,0.747,0.748,762823008.0,571354433,571354433,2026-08-19,2026-08-19 10:38:15+08:00
512810,军工ETF华宝,0.651,0.6511,0.02,-0.027,-3.98,358063.0,23667223.0,0.678,0.679,0.651,0.678,4.13,3.69,3.63,26.17,117580.0,240483.0,-2633033.0,-11.13,1091387.0,4.61,-3724420.0,-15.74,1060121.0,4.48,1572911.0,6.65,-877.0,0.651,0.652,971583504.0,632500861,632500861,2026-08-19,2026-08-19 10:37:58+08:00
159556,中证2000增强ETF平安,1.207,1.2067,-0.02,-0.05,-3.98,6325.0,768952.4,1.245,1.256,1.205,1.257,4.06,4.07,3.86,0.62,1426.0,4899.0,39143.0,5.09,0.0,0.0,39143.0,5.09,-37046.0,-4.82,-2097.0,-0.27,1.0,1.204,1.206,15556089.0,18776199,18776199,2026-08-19,2026-08-19 10:38:00+08:00
159273,云计算ETF汇添富,1.425,1.4236,-0.1,-0.059,-3.98,87171.0,12513927.0,1.461,1.468,1.422,1.484,3.1,1.26,1.68,4.06,23165.0,64006.0,-2502422.0,-20.0,248744.0,1.99,-2751166.0,-21.99,434848.0,3.48,2067573.0,16.52,3.0,1.424,1.425,691777504.0,985782943,985782943,2026-08-19,2026-08-19 10:38:12+08:00
159287,创业板综ETF博时,1.132,1.1281,-0.35,-0.047,-3.99,21627.0,2481173.3,1.155,1.16,1.132,1.179,2.37,2.05,0.67,-85.28,8319.0,13308.0,-363040.0,-14.63,364898.0,14.71,-727938.0,-29.34,-48902.0,-1.97,411943.0,16.6,1.0,1.131,1.132,105568753.0,119503828,119503828,2026-08-19,2026-08-19 10:38:12+08:00
530100,上证580ETF易方达,1.153,1.152,-0.09,-0.048,-4.0,14500.0,1699898.0,1.201,1.201,1.153,1.201,4.0,1.16,1.4,-9.75,1190.0,13310.0,-163111.0,-9.74,0.0,0.0,-163111.0,-9.74,96285.0,5.75,66826.0,3.99,220.0,1.151,1.153,124696000.0,143774488,143774488,2026-08-19,2026-08-19 10:37:48+08:00
159289,创业板综指ETF鹏华,1.105,1.1014,-0.33,-0.046,-4.0,8730.0,975105.5,1.135,1.135,1.105,1.151,2.61,2.58,1.6,-35.96,2808.0,5922.0,-1639.0,-0.17,0.0,0.0,-1639.0,-0.17,-124462.0,-12.76,126101.0,12.93,-69.0,1.101,1.102,33902640.0,37462417,37462417,2026-08-19,2026-08-19 10:38:12+08:00
159378,通用航空ETF永赢,1.005,1.0042,-0.08,-0.042,-4.01,148636.0,15198563.0,1.052,1.055,1.004,1.047,4.87,2.69,1.86,63.62,52504.0,96132.0,-562895.0,-3.7,-1656576.0,-10.9,1093681.0,7.2,-725484.0,-4.77,1288379.0,8.48,-50.0,1.005,1.006,551771072.0,554529927,554529927,2026-08-19,2026-08-19 10:38:09+08:00
517390,云计算ETF天弘,1.94,1.9439,0.2,-0.081,-4.01,54085.0,10547492.0,2.01,2.01,1.937,2.021,3.61,4.03,3.91,11.9,16722.0,37363.0,-2818621.0,-26.72,-1049141.0,-9.95,-1769480.0,-16.78,1287986.0,12.21,1530636.0,14.51,21.0,1.937,1.939,134112600.0,260178444,260178444,2026-08-19,2026-08-19 10:37:53+08:00
159633,中证1000ETF易方达,3.257,3.2624,0.17,-0.136,-4.01,1652892.0,544370402.536,3.332,3.349,3.257,3.393,2.71,17.73,1.88,13.68,795043.0,857849.0,-8548918.0,-1.57,34989168.0,6.43,-43538086.0,-8.0,-6454225.0,-1.19,15003147.0,2.76,-2293.0,3.257,3.258,932162656.0,3036053771,3036053771,2026-08-19,2026-08-19 10:38:06+08:00
512660,军工ETF国泰,1.122,1.121,-0.09,-0.047,-4.02,2904887.0,329142343.0,1.169,1.17,1.12,1.169,4.28,5.02,5.43,46.46,996328.0,1908558.0,-44342342.0,-13.47,-23728455.0,-7.21,-20613887.0,-6.26,9005365.0,2.74,35336978.0,10.74,5.0,1.121,1.122,5789080064.0,6495347832,6495347832,2026-08-19,2026-08-19 10:38:01+08:00
512680,军工ETF广发,1.147,1.1462,-0.07,-0.048,-4.02,531606.0,62027485.0,1.194,1.197,1.147,1.195,4.18,1.73,4.85,39.04,146349.0,385257.0,-1542033.0,-2.49,20913959.0,33.72,-22455992.0,-36.2,-2131069.0,-3.44,3673103.0,5.92,-1148.0,1.147,1.148,3076130096.0,3528321220,3528321220,2026-08-19,2026-08-19 10:38:01+08:00
159521,国证2000ETF平安,1.259,1.2584,-0.05,-0.053,-4.04,36606.0,4644888.1,1.299,1.299,1.259,1.312,3.05,20.03,6.71,4.92,17663.0,18943.0,-93616.0,-2.02,0.0,0.0,-93616.0,-2.02,152579.0,3.28,-58963.0,-1.27,-10.0,1.257,1.259,18274435.0,23007514,23007514,2026-08-19,2026-08-19 10:38:09+08:00
159227,航空航天ETF华夏,0.994,0.9924,-0.16,-0.042,-4.05,2559313.0,259203088.7,1.052,1.052,0.992,1.036,5.79,5.41,5.14,27.88,1064434.0,1494879.0,-84138928.0,-32.46,-104370160.0,-40.27,20231232.0,7.81,43760543.0,16.88,40378384.0,15.58,1.0,0.993,0.994,4729911296.0,4701531828,4701531828,2026-08-19,2026-08-19 10:38:12+08:00
560010,中证1000ETF广发,3.171,3.1704,-0.02,-0.134,-4.05,1283411.0,410539766.0,3.255,3.259,3.17,3.305,2.69,7.32,2.4,41.67,690064.0,593347.0,-20232622.0,-4.93,13069294.0,3.18,-33301916.0,-8.11,4765672.0,1.16,15466949.0,3.77,402.0,3.169,3.171,1752621696.0,5557563398,5557563398,2026-08-19,2026-08-19 10:37:55+08:00
159208,航空航天ETF万家,1.038,1.0359,-0.2,-0.044,-4.07,165001.0,17537768.6,1.116,1.116,1.037,1.082,7.3,4.99,5.21,57.28,74750.0,90251.0,-6631371.0,-37.81,582338.0,3.32,-7213709.0,-41.13,3363921.0,19.18,3267449.0,18.63,-1431.0,1.038,1.039,330462784.0,343020370,343020370,2026-08-19,2026-08-19 10:38:15+08:00
159505,国证2000ETF博时,1.602,1.6025,0.03,-0.068,-4.07,13308.0,2167227.9,1.655,1.687,1.602,1.67,5.09,6.97,1.86,-1.88,8499.0,4809.0,-1165693.0,-53.79,0.0,0.0,-1165693.0,-53.79,917843.0,42.35,247851.0,11.44,-60.0,1.6,1.601,19104786.0,30605867,30605867,2026-08-19,2026-08-19 10:38:09+08:00
159761,新材料ETF国泰,0.826,0.8265,0.06,-0.035,-4.07,34403.0,2862420.4,0.858,0.858,0.826,0.861,3.72,1.77,1.19,-8.01,9899.0,24504.0,23884.0,0.83,-569332.0,-19.89,593216.0,20.72,-280108.0,-9.79,256224.0,8.95,-95.0,0.825,0.826,194734117.0,160850381,160850381,2026-08-19,2026-08-19 10:38:06+08:00
159256,创业板软件ETF华夏,0.823,0.8231,0.01,-0.035,-4.08,738497.0,61244662.8,0.846,0.847,0.818,0.858,3.38,12.3,2.12,3.55,298257.0,440240.0,-5877153.0,-9.6,-9592074.0,-15.66,3714921.0,6.07,714113.0,1.17,5163040.0,8.43,1.0,0.822,0.823,600183760.0,493951234,493951234,2026-08-19,2026-08-19 10:38:12+08:00
159845,中证1000ETF华夏,3.172,3.1667,-0.17,-0.135,-4.08,3158552.0,1013177931.204,3.259,3.259,3.172,3.307,2.63,13.27,1.79,-8.98,1542981.0,1615571.0,-58304880.0,-5.76,-12321760.0,-1.22,-45983120.0,-4.54,34311357.0,3.39,23993510.0,2.37,-3036.0,3.172,3.173,2379425600.0,7547538003,7547538003,2026-08-19,2026-08-19 10:38:03+08:00
530530,上证580ETF华夏,1.146,1.1377,-0.73,-0.049,-4.1,7223.0,841269.0,1.183,1.183,1.146,1.195,3.1,0.54,2.21,2.11,1059.0,6164.0,-238425.0,-28.34,0.0,0.0,-238425.0,-28.34,189810.0,22.56,48616.0,5.78,109.0,1.141,1.143,134460000.0,154091160,154091160,2026-08-19,2026-08-19 10:37:49+08:00
159291,创业板综增强ETF招商,1.193,1.1934,0.03,-0.051,-4.1,2095.0,252613.3,1.232,1.232,1.193,1.244,3.14,1.2,0.57,1.38,666.0,1429.0,69565.0,27.54,0.0,0.0,69565.0,27.54,-75477.0,-29.88,5912.0,2.34,-18.0,1.192,1.194,17457388.0,20826664,20826664,2026-08-19,2026-08-19 10:38:12+08:00
159738,云计算ETF华泰柏瑞,2.052,2.0576,0.27,-0.088,-4.11,55622.0,11537122.2,2.1,2.122,2.052,2.14,3.27,4.18,1.71,35.14,16144.0,39478.0,851470.0,7.38,3115500.0,27.0,-2264030.0,-19.62,-647799.0,-5.61,-203671.0,-1.77,-934.0,2.052,2.053,132992667.0,272900953,272900953,2026-08-19,2026-08-19 10:38:06+08:00
560850,信创ETF汇添富,1.35,1.351,0.07,-0.058,-4.12,16003.0,2173440.0,1.402,1.402,1.345,1.408,4.05,2.28,2.68,-0.37,6008.0,9995.0,-216405.0,-9.96,0.0,0.0,-216405.0,-9.96,13349.0,0.61,203056.0,9.34,-207.0,1.349,1.35,70164000.0,94721400,94721400,2026-08-19,2026-08-19 10:37:54+08:00
159531,中证2000ETF南方,1.442,1.4393,-0.19,-0.062,-4.12,751284.0,109659787.8,1.479,1.495,1.44,1.504,3.66,7.28,1.99,1.38,328059.0,423225.0,-11283046.0,-10.29,219750.0,0.2,-11502796.0,-10.49,3660912.0,3.34,7622134.0,6.95,173.0,1.441,1.443,1032608400.0,1489021313,1489021313,2026-08-19,2026-08-19 10:38:09+08:00
159889,智能汽车ETF国泰,0.884,0.8835,-0.06,-0.038,-4.12,7055.0,626418.2,0.913,0.913,0.884,0.922,3.15,2.48,2.75,-21.26,2846.0,4209.0,-167259.0,-26.7,0.0,0.0,-167259.0,-26.7,93772.0,14.97,73487.0,11.73,-1504.0,0.883,0.884,28400796.0,25106304,25106304,2026-08-19,2026-08-19 10:38:03+08:00
561660,通用航空ETF平安,0.885,0.8845,-0.06,-0.038,-4.12,16002.0,1445606.0,0.935,0.935,0.884,0.923,5.53,2.3,1.35,1.33,6510.0,9492.0,-130417.0,-9.02,0.0,0.0,-130417.0,-9.02,-17460.0,-1.21,147876.0,10.23,-120.0,0.884,0.885,69710000.0,61693350,61693350,2026-08-19,2026-08-19 10:37:50+08:00
159553,中证2000增强ETF海富通,1.802,1.8025,0.03,-0.078,-4.15,7580.0,1386778.4,1.833,1.88,1.802,1.88,4.15,4.95,4.71,-4.17,3224.0,4356.0,14265.0,1.03,0.0,0.0,14265.0,1.03,-54427.0,-3.93,40161.0,2.9,-5.0,1.8,1.802,15326751.0,27618805,27618805,2026-08-19,2026-08-19 10:38:09+08:00
159306,汽车零部件ETF平安,1.146,1.1449,-0.1,-0.05,-4.18,4020.0,466072.2,1.178,1.187,1.145,1.196,3.51,1.73,1.31,21.62,1996.0,2024.0,-78541.0,-16.85,0.0,0.0,-78541.0,-16.85,91760.0,19.69,-13219.0,-2.84,-1.0,1.145,1.146,23244616.0,26638330,26638330,2026-08-19,2026-08-19 10:38:09+08:00
159563,创业板综ETF华夏,1.831,1.8315,0.03,-0.08,-4.19,9106.0,1690995.1,1.907,1.907,1.831,1.911,3.98,3.59,1.53,0.14,4367.0,4739.0,-482824.0,-28.55,0.0,0.0,-482824.0,-28.55,402599.0,23.81,80224.0,4.74,-3.0,1.83,1.831,25360773.0,46435575,46435575,2026-08-19,2026-08-19 10:38:09+08:00
159267,航天ETF华安,0.843,0.8412,-0.21,-0.037,-4.2,1584248.0,136975416.4,0.898,0.899,0.841,0.88,6.59,6.02,5.52,51.72,641840.0,942408.0,-20701346.0,-15.11,-15678804.0,-11.45,-5022542.0,-3.67,8403504.0,6.14,12297841.0,8.98,73.0,0.842,0.843,2631506128.0,2218359666,2218359666,2026-08-19,2026-08-19 10:38:12+08:00
159679,中证1000增强ETF国泰,1.276,1.2762,0.02,-0.056,-4.2,28457.0,3668049.5,1.302,1.319,1.276,1.332,3.23,5.15,1.87,2.63,11174.0,17283.0,-180390.0,-4.92,0.0,0.0,-180390.0,-4.92,-264374.0,-7.21,444765.0,12.13,-21.0,1.275,1.277,55289156.0,70548963,70548963,2026-08-19,2026-08-19 10:38:06+08:00
159288,创业板综ETF银华,1.004,1.004,0.0,-0.044,-4.2,7329.0,744918.4,1.038,1.038,1.004,1.048,3.24,0.8,1.81,-3.75,3606.0,3723.0,-229500.0,-30.81,0.0,0.0,-229500.0,-30.81,167001.0,22.42,62497.0,8.39,-2.0,1.002,1.004,92174931.0,92543631,92543631,2026-08-19,2026-08-19 10:38:09+08:00
159257,航空ETF汇添富,0.845,0.8435,-0.18,-0.037,-4.2,87760.0,7522764.8,0.879,0.893,0.843,0.882,5.67,5.87,4.71,5.47,45479.0,42281.0,-410715.0,-5.46,0.0,0.0,-410715.0,-5.46,34180.0,0.45,376536.0,5.01,-10.0,0.844,0.845,149416949.0,126257322,126257322,2026-08-19,2026-08-19 10:38:12+08:00
159888,智能汽车ETF华夏,1.023,1.023,0.0,-0.045,-4.21,54384.0,5629470.1,1.06,1.06,1.023,1.068,3.46,7.72,1.1,-2.81,26334.0,28050.0,138115.0,2.45,0.0,0.0,138115.0,2.45,-172323.0,-3.06,34209.0,0.61,-190.0,1.022,1.023,70446068.0,72066328,72066328,2026-08-19,2026-08-19 10:38:03+08:00
159998,计算机ETF天弘,0.977,0.9768,-0.02,-0.043,-4.22,784219.0,77084145.0,1.007,1.008,0.975,1.02,3.24,4.84,2.42,57.48,196966.0,587253.0,5499045.0,7.13,15995734.0,20.75,-10496689.0,-13.62,-5572993.0,-7.23,73948.0,0.1,-1675.0,0.976,0.978,1619855360.0,1582598687,1582598687,2026-08-19,2026-08-19 10:38:00+08:00
515250,智能汽车ETF富国,0.931,0.9317,0.08,-0.041,-4.22,161107.0,15179580.0,0.964,0.964,0.931,0.972,3.4,4.68,3.15,20.54,56320.0,104787.0,-822621.0,-5.42,-114857.0,-0.76,-707764.0,-4.66,-676826.0,-4.46,1499447.0,9.88,-212.0,0.93,0.931,343944496.0,320212326,320212326,2026-08-19,2026-08-19 10:37:57+08:00
560990,科技先锋ETF中金,1.173,1.1737,0.06,-0.052,-4.24,954.0,112983.0,1.2,1.2,1.173,1.225,2.2,0.5,0.77,-0.01,189.0,765.0,-138.0,-0.12,0.0,0.0,-138.0,-0.12,35400.0,31.33,-35263.0,-31.21,-1.0,1.171,1.173,19187100.0,22506468,22506468,2026-08-19,2026-08-19 10:37:53+08:00
159918,中创400ETF嘉实,2.499,2.4965,-0.1,-0.111,-4.25,7177.0,1820113.0,2.654,2.654,2.495,2.61,6.09,2.35,2.9,1.02,2995.0,4182.0,-284835.0,-15.65,0.0,0.0,-284835.0,-15.65,155044.0,8.52,129791.0,7.13,10.0,2.491,2.493,30561264.0,76372599,76372599,2026-08-19,2026-08-19 10:38:03+08:00
562920,信息安全ETF易方达,0.92,0.919,-0.11,-0.041,-4.27,21739.0,2006753.0,0.952,0.952,0.916,0.961,3.75,2.39,0.82,5.87,7042.0,14697.0,-166278.0,-8.29,83765.0,4.17,-250043.0,-12.46,1981.0,0.1,164296.0,8.19,-954.0,0.918,0.919,91069000.0,83783480,83783480,2026-08-19,2026-08-19 10:37:50+08:00
159095,云计算ETF银华,0.96,0.9569,-0.32,-0.043,-4.29,106776.0,10381380.323,0.979,0.991,0.96,1.003,3.09,3.66,0.49,-25.23,30940.0,75837.0,-1321241.0,-12.73,-862637.0,-8.31,-458604.0,-4.42,509566.0,4.91,811677.0,7.82,200.0,0.959,0.96,291468144.0,279809418,279809418,2026-08-19,2026-08-19 10:38:15+08:00
159255,通用航空ETF易方达,0.847,0.8467,-0.04,-0.038,-4.29,23682.0,2025750.3,0.886,0.89,0.845,0.885,5.08,3.47,1.91,50.61,7234.0,16448.0,-249069.0,-12.3,-227390.0,-11.22,-21679.0,-1.07,-22911.0,-1.13,271980.0,13.43,20.0,0.846,0.847,68338868.0,57883021,57883021,2026-08-19,2026-08-19 10:38:12+08:00
562700,汽车零部件ETF华夏,1.199,1.1992,0.02,-0.054,-4.31,65706.0,7956601.0,1.254,1.254,1.199,1.253,4.39,6.52,1.77,-2.11,22748.0,42958.0,-591323.0,-7.43,-321065.0,-4.04,-270258.0,-3.4,98522.0,1.24,492802.0,6.19,-200.0,1.199,1.2,100750000.0,120799250,120799250,2026-08-19,2026-08-19 10:37:49+08:00
159541,创业板综ETF万家,1.55,1.5435,-0.42,-0.07,-4.32,32751.0,5111020.7,1.61,1.61,1.549,1.62,3.77,5.32,2.29,6.94,19800.0,12951.0,1059283.0,20.73,2335144.0,45.69,-1275861.0,-24.96,-1040159.0,-20.35,-19124.0,-0.37,-19.0,1.545,1.547,61593326.0,95469655,95469655,2026-08-19,2026-08-19 10:38:09+08:00
516000,大数据ETF华夏,0.952,0.9503,-0.18,-0.043,-4.32,167616.0,16111740.0,0.979,0.98,0.948,0.995,3.22,3.65,1.32,-4.34,67804.0,99812.0,-2189123.0,-13.59,-1546598.0,-9.6,-642525.0,-3.99,151156.0,0.94,2037968.0,12.65,-130.0,0.951,0.952,458855008.0,436829968,436829968,2026-08-19,2026-08-19 10:37:55+08:00
159283,通用航空ETF南方,0.857,0.8561,-0.11,-0.039,-4.35,80653.0,7042068.7,0.902,0.909,0.857,0.896,5.8,2.75,3.23,-8.2,25566.0,55087.0,-2532507.0,-37.19,-456498.0,-6.7,-2076009.0,-30.49,1476305.0,21.68,1056202.0,15.51,-2714.0,0.856,0.857,293437984.0,251476352,251476352,2026-08-19,2026-08-19 10:38:12+08:00
159777,创科技ETF国联安,1.247,1.244,-0.24,-0.057,-4.37,4849.0,615487.3,1.303,1.303,1.247,1.304,4.29,1.71,0.77,-9.59,1368.0,3481.0,86271.0,14.02,0.0,0.0,86271.0,14.02,-117956.0,-19.16,31685.0,5.15,-5.0,1.244,1.246,28280565.0,35265865,35265865,2026-08-19,2026-08-19 10:38:06+08:00
159555,中证2000增强ETF银华,1.728,1.7331,0.29,-0.079,-4.37,27302.0,4752168.2,1.77,1.788,1.728,1.807,3.32,7.29,2.99,-41.65,13062.0,14240.0,-802595.0,-16.89,175400.0,3.69,-977995.0,-20.58,53222.0,1.12,749373.0,15.77,-1.0,1.727,1.728,37462705.0,64735554,64735554,2026-08-19,2026-08-19 10:38:09+08:00
159565,汽车零部件ETF易方达,1.298,1.2991,0.08,-0.06,-4.42,121624.0,15962016.42,1.346,1.346,1.297,1.358,3.61,8.71,2.03,37.74,49588.0,72036.0,203417.0,1.28,26680.0,0.17,176737.0,1.11,-485435.0,-3.05,282018.0,1.77,-524.0,1.298,1.299,139627231.0,181236146,181236146,2026-08-19,2026-08-19 10:38:09+08:00
159613,信息安全ETF嘉实,0.866,0.866,0.0,-0.04,-4.42,63828.0,5592589.2,0.885,0.889,0.864,0.906,2.76,5.77,1.61,51.48,24095.0,39733.0,-2321846.0,-41.52,650757.0,11.64,-2972603.0,-53.15,1147066.0,20.51,1174780.0,21.01,-64.0,0.866,0.867,110590217.0,95771128,95771128,2026-08-19,2026-08-19 10:38:06+08:00
563320,通用航空ETF华泰柏瑞,0.841,0.8404,-0.07,-0.039,-4.43,191354.0,16220504.0,0.897,0.897,0.84,0.88,6.48,8.82,6.66,12.72,106072.0,85282.0,-1341392.0,-8.27,-2369309.0,-14.61,1027917.0,6.34,300594.0,1.85,1040798.0,6.42,-1402.0,0.84,0.841,216892000.0,182406172,182406172,2026-08-19,2026-08-19 10:37:47+08:00
159836,创业板300ETF天弘,1.295,1.2927,-0.18,-0.06,-4.43,5815.0,761889.0,1.333,1.333,1.294,1.355,2.88,0.53,1.7,15.72,2498.0,3317.0,-289328.0,-37.98,-85317.0,-11.2,-204011.0,-26.78,18196.0,2.39,271132.0,35.59,116.0,1.293,1.294,109747113.0,142122511,142122511,2026-08-19,2026-08-19 10:38:06+08:00
159964,创业板ETF平安,2.328,2.3228,-0.22,-0.108,-4.43,10978.0,2584482.4,2.412,2.412,2.328,2.436,3.45,0.67,1.91,36.06,3940.0,7038.0,317613.0,12.29,398682.0,15.43,-81069.0,-3.14,-637349.0,-24.66,319736.0,12.37,-2.0,2.321,2.324,163481881.0,380585819,380585819,2026-08-19,2026-08-19 10:38:03+08:00
588910,科创价值ETF建信,1.527,1.5262,-0.05,-0.071,-4.44,27029.0,4171616.0,1.588,1.588,1.527,1.598,3.82,2.7,0.97,-8.16,10423.0,16606.0,-665022.0,-15.94,0.0,0.0,-665022.0,-15.94,610504.0,14.63,54518.0,1.31,-100.0,1.525,1.526,100049100.0,152774976,152774976,2026-08-19,2026-08-19 10:37:42+08:00
159180,软件ETF银华,1.033,1.0328,-0.02,-0.048,-4.44,26225.0,2744357.3,1.082,1.082,1.03,1.081,4.81,8.16,1.57,5.92,10569.0,15656.0,542077.0,19.75,0.0,0.0,542077.0,19.75,-460670.0,-16.79,-81407.0,-2.97,-20.0,1.033,1.034,32155926.0,33217072,33217072,2026-08-19,2026-08-19 10:38:15+08:00
516700,大数据ETF华宝,0.902,0.902,0.0,-0.042,-4.45,123108.0,11227850.0,0.928,0.928,0.9,0.944,2.97,6.8,1.76,1.91,28523.0,94585.0,-1869129.0,-16.65,-476124.0,-4.24,-1393005.0,-12.41,467272.0,4.16,1401856.0,12.49,-321.0,0.901,0.903,181122000.0,163372044,163372044,2026-08-19,2026-08-19 10:37:56+08:00
516630,云计算ETF华夏,1.65,1.6475,-0.15,-0.077,-4.46,197383.0,32874981.0,1.681,1.69,1.646,1.727,2.55,3.79,1.81,-3.47,62055.0,135328.0,457426.0,1.39,1893685.0,5.76,-1436259.0,-4.37,-4658549.0,-14.17,4201123.0,12.78,-1320.0,1.65,1.651,520156000.0,858257400,858257400,2026-08-19,2026-08-19 10:37:56+08:00
159890,云计算ETF招商,1.73,1.7236,-0.37,-0.081,-4.47,90820.0,15890441.2,1.78,1.78,1.725,1.811,3.04,3.84,2.09,-0.21,41669.0,49151.0,-1377440.0,-8.67,-1193575.0,-7.51,-183865.0,-1.16,-571851.0,-3.6,1949289.0,12.27,-25.0,1.729,1.73,236590688.0,409301890,409301890,2026-08-19,2026-08-19 10:38:03+08:00
159295,创业综指ETF西部利得,1.088,1.06,-2.64,-0.051,-4.48,66994.0,7335432.8,1.11,1.116,1.068,1.139,4.21,9.72,4.31,-82.49,44992.0,22002.0,-1008778.0,-13.75,-1576745.0,-21.49,567967.0,7.74,742945.0,10.13,265833.0,3.62,318.0,1.065,1.088,68958239.0,75026564,75026564,2026-08-19,2026-08-19 10:38:12+08:00
512720,计算机ETF国泰,1.174,1.175,0.09,-0.055,-4.48,161808.0,19175347.0,1.213,1.213,1.172,1.229,3.34,4.22,1.28,11.16,42348.0,119460.0,828987.0,4.32,3012467.0,15.71,-2183480.0,-11.39,-654967.0,-3.42,-174020.0,-0.91,50.0,1.173,1.174,383453408.0,450174301,450174301,2026-08-19,2026-08-19 10:38:01+08:00
159915,创业板ETF易方达,3.555,3.5513,-0.1,-0.168,-4.51,11971223.0,4319952423.443,3.655,3.655,3.552,3.723,2.77,6.99,3.07,34.03,5771397.0,6199825.0,-1127213232.0,-26.09,-1332074400.0,-30.84,204861168.0,4.74,487062624.0,11.27,640150620.0,14.82,2755.0,3.553,3.555,17114455040.0,60841887667,60841887667,2026-08-19,2026-08-19 10:38:03+08:00
159906,深成长ETF大成,1.735,1.7333,-0.1,-0.082,-4.51,155719.0,27530742.4,1.797,1.797,1.735,1.817,3.41,10.55,4.03,47.12,131102.0,24617.0,-1174194.0,-4.27,-4455021.0,-16.18,3280827.0,11.92,477271.0,1.73,696923.0,2.53,19.0,1.734,1.735,147639725.0,256154923,256154923,2026-08-19,2026-08-19 10:38:03+08:00
159205,创业板ETF东财,1.738,1.7349,-0.18,-0.082,-4.51,440247.0,77666233.8,1.784,1.784,1.736,1.82,2.64,8.93,2.63,-13.03,158171.0,282076.0,-23322539.0,-30.03,822576.0,1.06,-24145115.0,-31.09,573984.0,0.74,22748556.0,29.29,10.0,1.737,1.738,493056064.0,856931439,856931439,2026-08-19,2026-08-19 10:38:15+08:00
159821,创业板ETF中银证券,1.333,1.3337,0.05,-0.063,-4.51,10186.0,1376377.5,1.351,1.363,1.333,1.396,2.15,1.75,2.13,14.53,2884.0,7302.0,-639683.0,-46.48,0.0,0.0,-639683.0,-46.48,362729.0,26.35,276954.0,20.12,-30.0,1.331,1.333,58120000.0,77473960,77473960,2026-08-19,2026-08-19 10:38:06+08:00
159571,创业板200ETF富国,1.438,1.4345,-0.24,-0.068,-4.52,944.0,137580.8,1.511,1.524,1.438,1.506,5.71,0.52,1.21,-0.05,232.0,712.0,-36174.0,-26.29,0.0,0.0,-36174.0,-26.29,-13173.0,-9.57,49347.0,35.87,-50.0,1.435,1.437,17981814.0,25857849,25857849,2026-08-19,2026-08-19 10:38:06+08:00
516510,云计算ETF易方达,1.688,1.6864,-0.09,-0.08,-4.52,806067.0,137744786.0,1.728,1.736,1.685,1.768,2.88,5.27,2.58,35.22,320061.0,486006.0,-32771115.0,-23.79,-15397265.0,-11.18,-17373850.0,-12.61,-3072630.0,-2.23,35843745.0,26.02,10.0,1.687,1.688,1530890000.0,2584142320,2584142320,2026-08-19,2026-08-19 10:37:56+08:00
515400,大数据ETF富国,0.866,0.8654,-0.07,-0.041,-4.52,738953.0,64691167.0,0.887,0.89,0.862,0.907,3.09,4.48,1.58,-0.24,280871.0,458083.0,-10082671.0,-15.59,-7312250.0,-11.3,-2770421.0,-4.28,4037783.0,6.24,6044888.0,9.34,100.0,0.865,0.866,1649631408.0,1428580799,1428580799,2026-08-19,2026-08-19 10:37:56+08:00
159958,创业板ETF工银,2.148,2.1491,0.05,-0.102,-4.53,34539.0,7539283.8,2.216,2.217,2.148,2.25,3.07,1.5,2.88,31.72,11246.0,23293.0,-1813099.0,-24.21,1319466.0,17.62,-3132565.0,-41.82,1408073.0,18.8,405026.0,5.41,230.0,2.146,2.148,230811448.0,495782990,495782990,2026-08-19,2026-08-19 10:38:03+08:00
159773,创业板科技ETF华泰柏瑞,1.329,1.3277,-0.1,-0.063,-4.53,27732.0,3733312.8,1.379,1.379,1.328,1.392,3.66,1.52,2.11,19.65,11511.0,16221.0,-285138.0,-7.64,105876.0,2.84,-391014.0,-10.47,65897.0,1.77,219240.0,5.87,7.0,1.327,1.329,182703120.0,242812446,242812446,2026-08-19,2026-08-19 10:38:06+08:00
159808,创100ETF融通,1.371,1.3685,-0.18,-0.065,-4.53,5712.0,795394.8,1.422,1.422,1.371,1.436,3.55,1.15,1.34,-24.97,1940.0,3772.0,194790.0,24.49,0.0,0.0,194790.0,24.49,-163537.0,-20.56,-31252.0,-3.93,-100.0,1.367,1.37,49484790.0,67843647,67843647,2026-08-19,2026-08-19 10:38:06+08:00
159013,工业互联网ETF大成,1.01,1.0082,-0.18,-0.048,-4.54,12613.0,1291794.3,1.048,1.048,1.01,1.058,3.59,3.03,1.54,66.14,4028.0,8585.0,-309308.0,-23.94,166540.0,12.89,-475848.0,-36.84,97283.0,7.53,212024.0,16.41,40.0,1.008,1.01,41578881.0,41994670,41994670,2026-08-19,2026-08-19 10:38:15+08:00
159573,创业板200ETF华夏,1.448,1.4472,-0.06,-0.069,-4.55,82742.0,12169855.6,1.497,1.505,1.448,1.517,3.76,10.68,2.88,-2.59,40288.0,42454.0,-369361.0,-3.04,448106.0,3.68,-817467.0,-6.72,133003.0,1.09,236357.0,1.94,-106.0,1.447,1.448,77456297.0,112156718,112156718,2026-08-19,2026-08-19 10:38:06+08:00
159383,创业板50ETF华泰柏瑞,1.743,1.7433,0.02,-0.083,-4.55,30815.0,5452169.3,1.77,1.812,1.743,1.826,3.78,6.28,1.77,8.95,14298.0,16517.0,-1148610.0,-21.07,-593895.0,-10.89,-554715.0,-10.17,383344.0,7.03,765266.0,14.04,-10.0,1.74,1.742,49092486.0,85568203,85568203,2026-08-19,2026-08-19 10:38:09+08:00
159952,创业板ETF广发,2.158,2.1579,0.0,-0.103,-4.56,2547636.0,558306197.188,2.213,2.22,2.156,2.261,2.83,4.89,2.74,6.69,1195628.0,1352008.0,5739578.0,1.03,1314870.0,0.24,4424708.0,0.79,-40504049.0,-7.25,34764472.0,6.23,39.0,2.157,2.158,5206584832.0,11235810067,11235810067,2026-08-19,2026-08-19 10:38:03+08:00
159971,创业板ETF富国,1.236,1.2351,-0.07,-0.059,-4.56,469690.0,58868132.0,1.267,1.27,1.235,1.295,2.7,3.0,1.79,0.51,176853.0,292837.0,-20853298.0,-35.42,-5648414.0,-9.6,-15204884.0,-25.83,6722754.0,11.42,14130543.0,24.0,30.0,1.235,1.236,1568020288.0,1938073076,1938073076,2026-08-19,2026-08-19 10:38:03+08:00
159075,工业互联网ETF华夏,0.918,0.9164,-0.17,-0.044,-4.57,17987.0,1668151.074,0.949,0.949,0.918,0.962,3.22,1.0,1.47,60.53,3044.0,14943.0,-759745.0,-45.54,6823.0,0.41,-766568.0,-45.95,417820.0,25.05,341926.0,20.5,-3000.0,0.916,0.917,180197165.0,165420997,165420997,2026-08-19,2026-08-19 10:38:15+08:00
159908,创业板ETF博时,3.313,3.3053,-0.23,-0.159,-4.58,384316.0,129211422.4,3.422,3.424,3.311,3.472,3.25,12.51,7.53,-57.64,295914.0,88402.0,1604927.0,1.24,2298124.0,1.78,-693197.0,-0.54,-4209359.0,-3.26,2604432.0,2.02,-13.0,3.312,3.313,307229024.0,1017849757,1017849757,2026-08-19,2026-08-19 10:38:03+08:00
159676,创业板增强ETF富国,1.645,1.6439,-0.07,-0.079,-4.58,74343.0,12396337.7,1.68,1.688,1.645,1.724,2.49,6.49,2.59,-13.49,30681.0,43662.0,-2586124.0,-20.86,0.0,0.0,-2586124.0,-20.86,-143149.0,-1.15,2729273.0,22.02,-124.0,1.645,1.646,114564183.0,188458081,188458081,2026-08-19,2026-08-19 10:38:06+08:00
159956,创业板ETF建信,2.25,2.2436,-0.29,-0.108,-4.58,15547.0,3542877.8,2.28,2.356,2.25,2.358,4.5,3.31,2.06,8.14,6908.0,8639.0,0.0,0.0,0.0,0.0,0.0,0.0,-292409.0,-8.25,292409.0,8.25,2.0,2.247,2.25,46978674.0,105702017,105702017,2026-08-19,2026-08-19 10:38:03+08:00
159807,科技ETF易方达,0.936,0.9365,0.05,-0.045,-4.59,231579.0,22015537.99,0.959,0.96,0.935,0.981,2.55,2.65,1.92,-5.73,78446.0,153133.0,-2102977.0,-9.57,-775811.0,-3.53,-1327166.0,-6.04,476108.0,2.17,1626869.0,7.4,408.0,0.935,0.936,873051424.0,817176133,817176133,2026-08-19,2026-08-19 10:38:06+08:00
159778,工业互联网ETF鹏华,1.202,1.2003,-0.14,-0.058,-4.6,33880.0,4104606.8,1.236,1.236,1.202,1.26,2.7,8.11,9.23,-51.81,23999.0,9881.0,-16296.0,-0.4,801867.0,19.54,-818163.0,-19.93,-78802.0,-1.92,95099.0,2.32,-70.0,1.2,1.201,41755382.0,50189969,50189969,2026-08-19,2026-08-19 10:38:00+08:00
159108,工业软件ETF博时,0.975,0.9733,-0.17,-0.047,-4.6,21620.0,2128568.5,1.005,1.005,0.971,1.022,3.33,1.75,1.52,58.23,4661.0,16959.0,8995.0,0.42,-197171.0,-9.26,206166.0,9.69,-273891.0,-12.87,264896.0,12.44,-678.0,0.974,0.975,123738511.0,120645048,120645048,2026-08-19,2026-08-19 10:38:15+08:00
159270,创业板200ETF南方,1.121,1.1198,-0.11,-0.054,-4.6,78100.0,8889985.1,1.155,1.176,1.121,1.175,4.68,8.6,3.3,0.28,38301.0,39799.0,-19916.0,-0.22,-614215.0,-6.91,594299.0,6.69,-113206.0,-1.27,133122.0,1.5,-80.0,1.12,1.121,90763649.0,101746051,101746051,2026-08-19,2026-08-19 10:38:12+08:00
159949,创业板50ETF华安,1.667,1.6657,-0.08,-0.081,-4.63,6209359.0,1050178527.332,1.71,1.71,1.665,1.748,2.57,4.19,2.19,1.33,2618680.0,3590679.0,-183881264.0,-17.52,-105826064.0,-10.08,-78055200.0,-7.44,79306915.0,7.55,104574330.0,9.96,2665.0,1.666,1.667,14813785088.0,24694579742,24694579742,2026-08-19,2026-08-19 10:38:03+08:00
159145,工业软件ETF广发,0.844,0.8437,-0.04,-0.041,-4.63,18323.0,1563652.333,0.885,0.885,0.841,0.885,4.97,2.67,1.13,-41.96,5803.0,12520.0,-171444.0,-10.96,72331.0,4.63,-243775.0,-15.59,141033.0,9.02,30412.0,1.94,-32.0,0.843,0.844,68581845.0,57883077,57883077,2026-08-19,2026-08-19 10:38:15+08:00
159739,云计算ETF鹏华,0.799,0.7983,-0.09,-0.039,-4.65,120190.0,9712843.8,0.825,0.825,0.797,0.838,3.34,2.7,2.14,36.67,47213.0,72977.0,-1207689.0,-12.43,-704943.0,-7.26,-502746.0,-5.18,-78050.0,-0.8,1285738.0,13.24,-714.0,0.798,0.799,444361232.0,355044624,355044624,2026-08-19,2026-08-19 10:38:06+08:00
159957,创业板ETF华夏,2.326,2.3249,-0.05,-0.114,-4.67,544159.0,128542367.8,2.387,2.4,2.326,2.44,3.03,4.73,2.1,0.19,233023.0,311136.0,-18694457.0,-14.54,3097265.0,2.41,-21791722.0,-16.95,-1579333.0,-1.23,20273792.0,15.77,-26.0,2.326,2.328,1150784560.0,2676724887,2676724887,2026-08-19,2026-08-19 10:38:03+08:00
159709,物联网ETF工银,1.716,1.7116,-0.26,-0.084,-4.67,1614.0,282503.2,1.819,1.819,1.716,1.8,5.72,0.75,4.42,30.07,1107.0,507.0,-42114.0,-14.91,0.0,0.0,-42114.0,-14.91,-346.0,-0.12,42460.0,15.03,-5.0,1.711,1.714,21484060.0,36866647,36866647,2026-08-19,2026-08-19 10:38:06+08:00
159948,创业板ETF南方,3.922,3.9211,-0.02,-0.192,-4.67,128728.0,51159192.4,4.056,4.056,3.922,4.114,3.26,1.11,1.81,-57.67,47822.0,80906.0,-473658.0,-0.93,-1585575.0,-3.1,1111917.0,2.17,-5095836.0,-9.96,5569493.0,10.89,-154.0,3.921,3.924,1159697728.0,4548334489,4548334489,2026-08-19,2026-08-19 10:38:03+08:00
159991,创业板大盘ETF招商,0.837,0.8355,-0.18,-0.041,-4.67,28628.0,2431545.3,0.871,0.871,0.837,0.878,3.87,2.87,2.13,27.79,13792.0,14836.0,-819445.0,-33.7,-647185.0,-26.62,-172260.0,-7.08,315074.0,12.96,504372.0,20.74,339.0,0.836,0.838,99863172.0,83585475,83585475,2026-08-19,2026-08-19 10:38:00+08:00
515920,智能消费ETF博时,1.205,1.2092,0.35,-0.059,-4.67,4912.0,597499.0,1.251,1.251,1.205,1.264,3.64,0.75,1.17,0.34,840.0,4072.0,220537.0,36.91,6863.0,1.15,213674.0,35.76,-208651.0,-34.92,-11885.0,-1.99,-8.0,1.205,1.208,65905700.0,79416369,79416369,2026-08-19,2026-08-19 10:37:54+08:00
159371,创业板50ETF富国,1.752,1.7495,-0.14,-0.086,-4.68,22471.0,3989115.9,1.815,1.815,1.752,1.838,3.43,1.3,1.66,27.93,10623.0,11848.0,-1161067.0,-29.11,-727966.0,-18.25,-433101.0,-10.86,149307.0,3.74,1011761.0,25.36,-400.0,1.751,1.752,172221172.0,301731493,301731493,2026-08-19,2026-08-19 10:38:09+08:00
159552,中证2000增强ETF招商,2.242,2.2418,-0.01,-0.11,-4.68,646110.0,146840688.479,2.321,2.321,2.241,2.352,3.4,10.53,2.99,19.58,287838.0,358272.0,-15092203.0,-10.31,-26358347.0,-18.0,11266144.0,7.7,6605545.0,4.51,8486659.0,5.8,-1950.0,2.241,2.243,613790320.0,1376117897,1376117897,2026-08-19,2026-08-19 10:38:09+08:00
159814,创业大盘ETF西部利得,0.733,0.7325,-0.07,-0.036,-4.68,313674.0,23402556.9,0.752,0.754,0.733,0.769,2.73,6.3,1.63,52.27,113266.0,200408.0,-1402225.0,-5.99,1900389.0,8.12,-3302614.0,-14.12,746193.0,3.19,656033.0,2.8,-152.0,0.732,0.733,498246528.0,365214705,365214705,2026-08-19,2026-08-19 10:38:06+08:00
159290,创业板综指增强ETF东财,1.16,1.1598,-0.02,-0.057,-4.68,9894.0,1162158.5,1.195,1.204,1.16,1.217,3.62,2.19,1.06,-12.78,4946.0,4948.0,-394552.0,-33.95,0.0,0.0,-394552.0,-33.95,-86684.0,-7.46,481236.0,41.41,-419.0,1.159,1.16,45100396.0,52316459,52316459,2026-08-19,2026-08-19 10:38:12+08:00
159810,创业板ETF浦银,1.422,1.4159,-0.43,-0.07,-4.69,17300.0,2495668.1,1.462,1.462,1.422,1.492,2.68,3.12,1.5,-4.65,8907.0,8393.0,121886.0,5.01,0.0,0.0,121886.0,5.01,-618449.0,-25.41,496563.0,20.4,-436.0,1.42,1.422,55475458.0,78886101,78886101,2026-08-19,2026-08-19 10:38:06+08:00
159896,物联网ETF南方,1.28,1.2764,-0.28,-0.063,-4.69,282525.0,36830529.5,1.316,1.342,1.279,1.343,4.69,80.59,64.4,7.73,110528.0,171997.0,276066.0,0.75,193964.0,0.53,82102.0,0.22,-474534.0,-1.29,198467.0,0.54,-1000.0,1.278,1.281,35055960.0,44871629,44871629,2026-08-19,2026-08-19 10:38:03+08:00
159977,创业板ETF天弘,1.844,1.8441,0.01,-0.091,-4.7,671195.0,125534634.8,1.885,1.89,1.842,1.935,2.48,1.92,1.79,8.59,222055.0,449140.0,-18359432.0,-14.62,254180.0,0.2,-18613612.0,-14.83,6418357.0,5.11,11941076.0,9.51,280.0,1.842,1.844,3499872816.0,6453765473,6453765473,2026-08-19,2026-08-19 10:38:03+08:00
159298,创业板50ETF大成,1.237,1.2355,-0.12,-0.061,-4.7,41290.0,5179820.1,1.261,1.28,1.237,1.298,3.31,2.69,2.3,2.7,12673.0,28617.0,-3329341.0,-64.28,-2964920.0,-57.24,-364421.0,-7.04,2310889.0,44.61,1018453.0,19.66,-3.0,1.237,1.238,153281082.0,189608698,189608698,2026-08-19,2026-08-19 10:38:12+08:00
159012,科创创业50ETF鹏华,0.928,0.9188,-1.0,-0.046,-4.72,40769.0,3828398.0,0.942,0.959,0.927,0.974,3.29,3.89,1.7,-11.79,8874.0,31895.0,-1247500.0,-32.59,0.0,0.0,-1247500.0,-32.59,412385.0,10.77,835115.0,21.81,31.0,0.927,0.928,104881148.0,97329705,97329705,2026-08-19,2026-08-19 10:38:15+08:00
159375,创业板50ETF国泰,0.747,0.7465,-0.07,-0.037,-4.72,123547.0,9352464.9,0.767,0.767,0.746,0.784,2.68,3.57,2.14,17.35,52675.0,70872.0,-149936.0,-1.6,-388060.0,-4.15,238124.0,2.55,-232589.0,-2.49,382525.0,4.09,1.0,0.746,0.747,345595344.0,258159722,258159722,2026-08-19,2026-08-19 10:38:09+08:00
159370,创50ETF工银,1.851,1.8463,-0.25,-0.092,-4.73,32496.0,6100151.7,1.903,1.904,1.851,1.943,2.73,1.47,3.69,23.18,7374.0,25122.0,611187.0,10.02,520396.0,8.53,90791.0,1.49,-801525.0,-13.14,190337.0,3.12,10.0,1.85,1.851,221316009.0,409655933,409655933,2026-08-19,2026-08-19 10:38:09+08:00
159675,创业板增强ETF嘉实,1.448,1.4478,-0.01,-0.072,-4.74,29468.0,4327228.2,1.505,1.505,1.448,1.52,3.75,4.62,2.01,3.35,17010.0,12458.0,-835614.0,-19.31,-885000.0,-20.45,49386.0,1.14,62180.0,1.44,773434.0,17.87,-50.0,1.447,1.448,63846691.0,92450009,92450009,2026-08-19,2026-08-19 10:38:06+08:00
159682,创业板50ETF景顺,1.62,1.6192,-0.05,-0.081,-4.76,1050899.0,172637827.7,1.667,1.667,1.62,1.701,2.76,3.38,2.44,-6.5,408268.0,642631.0,-28908794.0,-16.75,-4216863.0,-2.44,-24691931.0,-14.3,8359908.0,4.84,20548885.0,11.9,-28489.0,1.619,1.62,3107307664.0,5033838416,5033838416,2026-08-19,2026-08-19 10:38:06+08:00
159701,物联网ETF招商,1.26,1.2541,-0.47,-0.063,-4.76,674.0,86625.2,1.31,1.31,1.26,1.323,3.78,1.18,0.29,0.01,3.0,671.0,76591.0,88.42,0.0,0.0,76591.0,88.42,-55341.0,-63.89,-21250.0,-24.53,-1.0,1.255,1.256,5705601.0,7189057,7189057,2026-08-19,2026-08-19 10:38:06+08:00
159367,创业板50ETF华夏,1.755,1.7549,-0.01,-0.088,-4.77,68577.0,12232416.6,1.81,1.81,1.755,1.843,2.98,4.28,2.22,38.26,25560.0,43017.0,-1454940.0,-11.89,-1676649.0,-13.71,221709.0,1.81,-1441771.0,-11.79,2896713.0,23.68,-10.0,1.755,1.757,160079029.0,280938696,280938696,2026-08-19,2026-08-19 10:38:09+08:00
159373,创业板50ETF嘉实,1.786,1.7835,-0.14,-0.09,-4.8,205566.0,37275348.3,1.821,1.875,1.785,1.876,4.8,15.05,3.46,23.37,97868.0,107698.0,865178.0,2.32,3462726.0,9.29,-2597548.0,-6.97,-1204943.0,-3.23,339764.0,0.91,-900.0,1.784,1.787,136557494.0,243891684,243891684,2026-08-19,2026-08-19 10:38:09+08:00
159372,创业板50ETF万家,1.87,1.873,0.16,-0.095,-4.83,16183.0,3076851.7,1.946,1.946,1.87,1.965,3.87,2.72,2.24,10.49,8565.0,7618.0,-1798706.0,-58.46,-982641.0,-31.94,-816065.0,-26.52,849151.0,27.6,949555.0,30.86,-30.0,1.87,1.872,59451588.0,111174470,111174470,2026-08-19,2026-08-19 10:38:09+08:00
159511,通信ETF南方,2.387,2.3829,-0.17,-0.122,-4.86,28464.0,6894771.3,2.431,2.437,2.387,2.509,1.99,2.01,1.09,24.18,9917.0,18547.0,184113.0,2.67,-205049.0,-2.97,389162.0,5.64,-304237.0,-4.41,120124.0,1.74,8.0,2.386,2.387,141444573.0,337628196,337628196,2026-08-19,2026-08-19 10:38:09+08:00
159369,创业板50ETF易方达,1.427,1.4276,0.04,-0.073,-4.87,194000.0,28111702.988,1.477,1.479,1.426,1.5,3.53,5.39,3.0,11.18,109129.0,84871.0,-4365406.0,-15.53,-3937064.0,-14.01,-428342.0,-1.52,915453.0,3.26,3449954.0,12.27,21.0,1.426,1.427,359753488.0,513368227,513368227,2026-08-19,2026-08-19 10:38:09+08:00
512770,战略新兴ETF华夏,2.639,2.634,-0.19,-0.135,-4.87,11531.0,3088458.0,2.705,2.708,2.639,2.774,2.49,1.19,2.06,22.5,5327.0,6204.0,461830.0,14.95,0.0,0.0,461830.0,14.95,-665420.0,-21.55,203590.0,6.59,-3.0,2.631,2.635,96767800.0,255370224,255370224,2026-08-19,2026-08-19 10:38:01+08:00
588680,科创100增强ETF广发,2.631,2.6242,-0.26,-0.135,-4.88,16824.0,4504161.0,2.669,2.744,2.631,2.766,4.09,5.2,3.19,-19.41,1021.0,15803.0,-296738.0,-6.59,1342000.0,29.79,-1638738.0,-36.38,111366.0,2.47,185371.0,4.12,-100.0,2.628,2.629,32361000.0,85141791,85141791,2026-08-19,2026-08-19 10:37:43+08:00
159572,创业板200ETF易方达,1.441,1.44,-0.07,-0.074,-4.88,59801.0,8704265.6,1.486,1.492,1.44,1.515,3.43,3.15,2.27,-8.67,23148.0,36653.0,135025.0,1.55,0.0,0.0,135025.0,1.55,52889.0,0.61,-187914.0,-2.16,69.0,1.439,1.44,189749107.0,273428463,273428463,2026-08-19,2026-08-19 10:38:06+08:00
159597,创业板成长ETF易方达,0.817,0.816,-0.12,-0.042,-4.89,297764.0,24744564.0,0.842,0.842,0.816,0.859,3.03,2.8,2.54,-0.77,78503.0,219261.0,76362.0,0.31,509180.0,2.06,-432818.0,-1.75,-620511.0,-2.51,544148.0,2.2,10.0,0.816,0.817,1064257136.0,869498080,869498080,2026-08-19,2026-08-19 10:38:06+08:00
516260,物联网ETF华夏,1.359,1.3572,-0.13,-0.07,-4.9,1760.0,242337.0,1.4,1.4,1.359,1.429,2.87,0.4,0.61,-4.88,831.0,929.0,-36161.0,-14.92,0.0,0.0,-36161.0,-14.92,-96201.0,-39.7,132362.0,54.62,1.0,1.356,1.358,43882600.0,59636453,59636453,2026-08-19,2026-08-19 10:37:55+08:00
562380,央企科技ETF银华,1.258,1.2621,0.32,-0.065,-4.91,27806.0,3522800.0,1.3,1.3,1.258,1.323,3.17,3.86,3.73,-26.06,16446.0,11360.0,-575944.0,-16.35,-514816.0,-14.61,-61128.0,-1.74,41162.0,1.17,534781.0,15.18,-448.0,1.257,1.258,72128900.0,90738156,90738156,2026-08-19,2026-08-19 10:37:51+08:00
159786,VRETF银华,1.159,1.1578,-0.1,-0.06,-4.92,86215.0,10143405.6,1.199,1.199,1.159,1.219,3.28,9.94,2.94,63.33,50806.0,35409.0,-23222.0,-0.23,105839.0,1.04,-129061.0,-1.27,-336278.0,-3.32,359500.0,3.54,-10.0,1.158,1.159,86701174.0,100486661,100486661,2026-08-19,2026-08-19 10:38:06+08:00
563050,央企科技ETF易方达,1.329,1.3286,-0.03,-0.069,-4.94,38931.0,5254308.0,1.368,1.37,1.329,1.398,2.93,3.04,1.92,-17.33,12868.0,26063.0,-522831.0,-9.98,-665323.0,-12.71,142492.0,2.72,-138470.0,-2.64,661303.0,12.63,-133.0,1.329,1.33,128208400.0,170388964,170388964,2026-08-19,2026-08-19 10:37:47+08:00
563560,科技成长ETF兴业,1.208,1.2077,-0.02,-0.063,-4.96,39298.0,4844262.0,1.258,1.258,1.208,1.271,3.93,7.05,2.8,-1.26,16172.0,23126.0,-268387.0,-5.54,0.0,0.0,-268387.0,-5.54,17814.0,0.37,250573.0,5.17,-60.0,1.204,1.206,55769000.0,67368952,67368952,2026-08-19,2026-08-19 10:37:48+08:00
588320,双创50增强ETF广发,1.777,1.7736,-0.19,-0.093,-4.97,56021.0,10104811.0,1.825,1.838,1.775,1.87,3.37,7.8,3.33,-24.42,17484.0,38537.0,-1827369.0,-18.08,0.0,0.0,-1827369.0,-18.08,-105699.0,-1.05,1933069.0,19.13,1041.0,1.776,1.777,71824600.0,127632314,127632314,2026-08-19,2026-08-19 10:37:48+08:00
589300,科创综指ETF嘉实,1.757,1.7439,-0.75,-0.092,-4.98,11166.0,2005267.0,1.849,1.849,1.757,1.849,4.98,2.69,2.81,-8.34,6512.0,4654.0,-323126.0,-16.11,0.0,0.0,-323126.0,-16.11,120464.0,6.01,202662.0,10.11,1.0,1.745,1.748,41582500.0,73060453,73060453,2026-08-19,2026-08-19 10:37:44+08:00
159681,创业板50ETF鹏华,1.639,1.6386,-0.02,-0.086,-4.99,399263.0,66457951.5,1.695,1.695,1.639,1.725,3.25,4.01,2.13,18.9,138254.0,261009.0,-4770322.0,-7.18,486463.0,0.73,-5256785.0,-7.91,521124.0,0.78,4249197.0,6.39,-640.0,1.639,1.641,995772336.0,1632070859,1632070859,2026-08-19,2026-08-19 10:38:06+08:00
589580,科创综指ETF兴银,1.596,1.5921,-0.24,-0.084,-5.0,1265.0,204921.0,1.664,1.664,1.595,1.68,4.11,0.88,0.25,19.3,364.0,901.0,-34707.0,-16.94,0.0,0.0,-34707.0,-16.94,0.0,0.0,34707.0,16.94,3.0,1.593,1.594,14354800.0,22910261,22910261,2026-08-19,2026-08-19 10:37:44+08:00
516330,物联网ETF华泰柏瑞,1.569,1.566,-0.19,-0.083,-5.02,310.0,49697.0,1.636,1.636,1.569,1.652,4.06,0.37,0.15,5.36,177.0,133.0,21662.0,43.59,0.0,0.0,21662.0,43.59,0.0,0.0,-21662.0,-43.59,-1.0,1.566,1.57,8471300.0,13291470,13291470,2026-08-19,2026-08-19 10:37:55+08:00
560170,央企科技ETF南方,1.242,1.243,0.08,-0.066,-5.05,148969.0,18772486.0,1.279,1.283,1.242,1.308,3.13,4.09,2.29,3.73,71125.0,77844.0,-512048.0,-2.73,1104874.0,5.89,-1616922.0,-8.61,-760549.0,-4.05,1272597.0,6.78,-1750.0,1.242,1.243,364495504.0,452703416,452703416,2026-08-19,2026-08-19 10:37:52+08:00
588550,科创综指增强ETF易方达,1.383,1.3697,-0.97,-0.074,-5.08,28165.0,3938323.0,1.437,1.437,1.376,1.457,4.19,4.45,2.54,-28.41,13705.0,14460.0,139120.0,3.53,27777.0,0.71,111343.0,2.83,-522925.0,-13.28,383806.0,9.75,-46.0,1.382,1.383,63290000.0,87530070,87530070,2026-08-19,2026-08-19 10:37:33+08:00
159099,云计算ETF华宝,0.991,0.99,-0.1,-0.053,-5.08,102742.0,10308565.762,1.009,1.027,0.991,1.044,3.45,9.46,2.32,30.82,51852.0,50890.0,-2742839.0,-26.61,-2208569.0,-21.42,-534270.0,-5.18,947032.0,9.19,1795808.0,17.42,50.0,0.99,0.991,108610546.0,107633051,107633051,2026-08-19,2026-08-19 10:38:18+08:00
159247,创业板ETF汇添富,1.063,1.0617,-0.12,-0.057,-5.09,480164.0,51769207.2,1.098,1.098,1.061,1.12,3.3,13.49,3.88,8.29,179481.0,300683.0,-13760388.0,-26.58,-4836103.0,-9.34,-8924285.0,-17.24,3885711.0,7.51,9874676.0,19.07,10.0,1.061,1.062,355984960.0,378412012,378412012,2026-08-19,2026-08-19 10:38:12+08:00
588350,科创创业50ETF鹏扬,1.746,1.739,-0.4,-0.094,-5.11,18999.0,3374174.0,1.804,1.88,1.746,1.84,7.28,0.3,4.67,33.24,5346.0,13653.0,145630.0,4.32,819132.0,24.28,-673502.0,-19.96,-503600.0,-14.93,357970.0,10.61,10.0,1.741,1.744,630546000.0,1100933316,1100933316,2026-08-19,2026-08-19 10:37:49+08:00
560660,云计算50ETF新华,1.095,1.0918,-0.29,-0.059,-5.11,59955.0,6634404.0,1.13,1.136,1.093,1.154,3.73,4.69,2.43,-11.05,16769.0,43186.0,-1598604.0,-24.1,-835740.0,-12.6,-762864.0,-11.5,582301.0,8.78,1016304.0,15.32,8.0,1.095,1.096,127938000.0,140092110,140092110,2026-08-19,2026-08-19 10:37:54+08:00
517850,张江ETF汇添富,1.316,1.3168,0.06,-0.071,-5.12,1005.0,134473.0,1.359,1.37,1.316,1.387,3.89,0.26,0.63,0.64,335.0,670.0,-52542.0,-39.07,0.0,0.0,-52542.0,-39.07,44994.0,33.46,7548.0,5.61,-20.0,1.313,1.315,38185200.0,50251723,50251723,2026-08-19,2026-08-19 10:37:53+08:00
159527,云计算ETF广发,0.716,0.7147,-0.18,-0.039,-5.17,182412.0,13215094.301,0.732,0.735,0.714,0.755,2.78,3.88,2.35,2.85,62550.0,119862.0,-272663.0,-2.06,23476.0,0.18,-296139.0,-2.24,-1258853.0,-9.53,1531515.0,11.59,-81.0,0.715,0.717,470301344.0,336735762,336735762,2026-08-19,2026-08-19 10:38:09+08:00
589860,科创综指ETF天弘,1.597,1.5907,-0.4,-0.088,-5.22,81247.0,13248450.0,1.68,1.68,1.597,1.685,4.93,4.46,1.56,-9.45,38107.0,43140.0,651294.0,4.92,0.0,0.0,651294.0,4.92,-1199294.0,-9.05,548000.0,4.14,-2.0,1.59,1.592,182224000.0,291011728,291011728,2026-08-19,2026-08-19 10:37:43+08:00
510770,G60创新ETF申万菱信,0.908,0.9044,-0.4,-0.05,-5.22,26600.0,2451158.0,0.942,0.942,0.908,0.958,3.55,12.31,2.26,-19.83,10837.0,15763.0,346242.0,14.13,0.0,0.0,346242.0,14.13,-625155.0,-25.5,278913.0,11.38,-292.0,0.908,0.909,21610700.0,19622516,19622516,2026-08-19,2026-08-19 10:37:36+08:00
588300,科创创业50ETF招商,1.159,1.1582,-0.07,-0.064,-5.23,256962.0,30331924.0,1.187,1.193,1.158,1.223,2.86,1.73,2.25,-12.01,80253.0,176709.0,-6993516.0,-23.06,-1985571.0,-6.55,-5007945.0,-16.51,1921178.0,6.33,5085075.0,16.76,2990.0,1.159,1.16,1489210496.0,1725994965,1725994965,2026-08-19,2026-08-19 10:37:48+08:00
159782,双创50ETF银华,1.121,1.1187,-0.21,-0.062,-5.24,204883.0,23340956.844,1.157,1.162,1.12,1.183,3.55,3.86,2.38,55.15,45478.0,159405.0,-7589671.0,-32.52,1296952.0,5.56,-8886623.0,-38.07,2734278.0,11.71,4855393.0,20.8,20.0,1.119,1.121,531190272.0,595464295,595464295,2026-08-19,2026-08-19 10:38:06+08:00
589890,科创综指ETF景顺,1.592,1.5876,-0.28,-0.088,-5.24,22921.0,3711795.0,1.646,1.65,1.592,1.68,3.45,2.7,2.33,-5.06,11492.0,11429.0,-77784.0,-2.1,0.0,0.0,-77784.0,-2.1,223116.0,6.01,-145333.0,-3.92,-10.0,1.59,1.591,84987000.0,135299304,135299304,2026-08-19,2026-08-19 10:37:39+08:00
588480,科创创业人工智能ETF中金,0.905,0.8987,-0.7,-0.05,-5.24,90258.0,8292640.0,0.929,0.942,0.905,0.955,3.87,4.22,3.51,8.32,7160.0,83098.0,-2534369.0,-30.56,-3120183.0,-37.63,585814.0,7.06,1524691.0,18.39,1009678.0,12.18,-1620.0,0.905,0.913,213717000.0,193413885,193413885,2026-08-19,2026-08-19 10:37:41+08:00
588370,科创50增强ETF南方,1.786,1.7773,-0.49,-0.099,-5.25,29492.0,5345407.0,1.811,1.848,1.786,1.885,3.29,4.48,2.83,-7.43,12620.0,16872.0,-2405484.0,-45.0,0.0,0.0,-2405484.0,-45.0,1095298.0,20.49,1310186.0,24.51,1.0,1.785,1.786,65772000.0,117468792,117468792,2026-08-19,2026-08-19 10:37:44+08:00
588520,科创增强ETF永赢,1.44,1.4369,-0.22,-0.08,-5.26,1789.0,261545.0,1.505,1.505,1.44,1.52,4.28,1.38,0.49,9.35,522.0,1267.0,-140140.0,-53.58,0.0,0.0,-140140.0,-53.58,63575.0,24.31,76565.0,29.27,1.0,1.438,1.44,12957000.0,18658080,18658080,2026-08-19,2026-08-19 10:37:43+08:00
588980,科创100ETF广发,1.672,1.6684,-0.22,-0.093,-5.27,7210.0,1230705.0,1.737,1.737,1.672,1.765,3.68,5.0,1.24,19.49,3771.0,3439.0,-222321.0,-18.06,0.0,0.0,-222321.0,-18.06,55325.0,4.5,166996.0,13.57,100.0,1.665,1.667,14420000.0,24110240,24110240,2026-08-19,2026-08-19 10:37:42+08:00
588660,科创创业50ETF兴银,1.86,1.8581,-0.1,-0.104,-5.3,14750.0,2790557.0,1.945,1.945,1.86,1.964,4.33,3.57,2.63,-5.1,4682.0,10068.0,-296169.0,-10.61,0.0,0.0,-296169.0,-10.61,-504240.0,-18.07,800409.0,28.68,-301.0,1.859,1.86,41344000.0,76899840,76899840,2026-08-19,2026-08-19 10:37:45+08:00
159783,科创创业50ETF华夏,1.122,1.1202,-0.16,-0.063,-5.32,1288535.0,147254594.45,1.15,1.155,1.12,1.185,2.95,2.51,2.85,25.96,481166.0,807369.0,-28571313.0,-19.4,-12823545.0,-8.71,-15747768.0,-10.69,14982319.0,10.17,13588993.0,9.23,10.0,1.12,1.122,5126859520.0,5752336381,5752336381,2026-08-19,2026-08-19 10:38:06+08:00
588330,双创50ETF华宝,1.137,1.1355,-0.13,-0.064,-5.33,397432.0,45940456.0,1.18,1.18,1.136,1.201,3.66,3.61,2.28,-13.24,123616.0,273816.0,-9705895.0,-21.13,212284.0,0.46,-9918179.0,-21.59,2985385.0,6.5,6720510.0,14.63,4.0,1.136,1.137,1099737808.0,1250401888,1250401888,2026-08-19,2026-08-19 10:37:48+08:00
589180,科创新材料ETF汇添富,1.808,1.8081,0.01,-0.102,-5.34,125803.0,23234239.0,1.851,1.893,1.808,1.91,4.45,9.16,1.63,13.61,49324.0,76479.0,-3675317.0,-15.82,0.0,0.0,-3675317.0,-15.82,1201497.0,5.17,2473820.0,10.65,-20.0,1.807,1.808,137318000.0,248270944,248270944,2026-08-19,2026-08-19 10:37:42+08:00
589560,科创人工智能ETF汇添富,0.958,0.956,-0.21,-0.054,-5.34,55823.0,5431413.0,1.002,1.002,0.958,1.012,4.35,2.4,3.98,3.89,17007.0,38816.0,-1735106.0,-31.95,-1742752.0,-32.09,7646.0,0.14,782124.0,14.4,952983.0,17.55,-1177.0,0.957,0.958,232355000.0,222596090,222596090,2026-08-19,2026-08-19 10:37:39+08:00
588390,科创创业ETF博时,1.221,1.2172,-0.31,-0.069,-5.35,16483.0,2048079.0,1.289,1.289,1.22,1.29,5.35,1.08,0.82,21.4,4433.0,12050.0,-393924.0,-19.23,79980.0,3.91,-473904.0,-23.14,-49380.0,-2.41,443302.0,21.64,20.0,1.219,1.221,152935900.0,186734734,186734734,2026-08-19,2026-08-19 10:37:47+08:00
589280,科创增强ETF华宝,0.934,0.9351,0.12,-0.053,-5.37,8975.0,858187.0,0.976,0.976,0.934,0.987,4.26,0.58,0.48,4.66,3585.0,5390.0,-346340.0,-40.36,0.0,0.0,-346340.0,-40.36,180734.0,21.06,165606.0,19.3,-2.0,0.933,0.934,154069000.0,143900446,143900446,2026-08-19,2026-08-19 10:37:43+08:00
563790,卫星ETF鹏华,0.846,0.8446,-0.17,-0.048,-5.37,854240.0,74313031.0,0.92,0.921,0.846,0.894,8.39,7.46,4.85,13.63,330321.0,523919.0,-20723692.0,-27.89,-21282721.0,-28.64,559029.0,0.75,11522016.0,15.5,9201675.0,12.38,-600.0,0.846,0.847,1145447008.0,969048169,969048169,2026-08-19,2026-08-19 10:37:47+08:00
589060,科创综指ETF东财,1.675,1.6742,-0.05,-0.095,-5.37,21055.0,3597406.0,1.758,1.758,1.675,1.77,4.69,2.73,1.55,-31.43,8821.0,12234.0,-442415.0,-12.3,0.0,0.0,-442415.0,-12.3,-307494.0,-8.55,749910.0,20.85,22.0,1.674,1.676,77137900.0,129205983,129205983,2026-08-19,2026-08-19 10:37:42+08:00
159603,科创创业ETF天弘,1.725,1.7226,-0.14,-0.098,-5.38,48920.0,8596416.0,1.767,1.777,1.724,1.823,2.91,0.19,1.96,-5.23,20573.0,28347.0,-953978.0,-11.1,-241370.0,-2.81,-712608.0,-8.29,-646751.0,-7.52,1600730.0,18.62,-640.0,1.725,1.726,2540071920.0,4381624062,4381624062,2026-08-19,2026-08-19 10:38:06+08:00
589090,科创AIETF鹏华,1.073,1.0716,-0.13,-0.061,-5.38,53645.0,5864823.0,1.111,1.112,1.073,1.134,3.44,3.31,3.88,26.44,12146.0,41499.0,-2680684.0,-45.72,477415.0,8.14,-3158099.0,-53.87,1398855.0,23.86,1281828.0,21.86,19.0,1.072,1.073,161931000.0,173751963,173751963,2026-08-19,2026-08-19 10:37:44+08:00
589410,科创人工智能ETF嘉实,0.844,0.8411,-0.34,-0.048,-5.38,77324.0,6630572.0,0.882,0.882,0.844,0.892,4.26,1.44,2.85,-28.63,18305.0,59019.0,-3137416.0,-47.32,-1824546.0,-27.52,-1312870.0,-19.8,1948652.0,29.39,1188763.0,17.93,-62.0,0.843,0.844,538565600.0,454549366,454549366,2026-08-19,2026-08-19 10:37:42+08:00
589990,科创综指ETF华泰柏瑞,1.67,1.6704,0.02,-0.095,-5.38,19665.0,3356014.0,1.75,1.75,1.67,1.765,4.53,1.85,1.12,-22.79,6730.0,12935.0,-886034.0,-26.4,0.0,0.0,-886034.0,-26.4,197919.0,5.9,688116.0,20.5,-281.0,1.668,1.67,106090000.0,177170300,177170300,2026-08-19,2026-08-19 10:37:43+08:00
589330,科创200ETF东财,0.878,0.8747,-0.38,-0.05,-5.39,55892.0,5022365.0,0.927,0.927,0.878,0.928,5.28,3.37,3.45,-95.67,16810.0,39082.0,-639520.0,-12.73,507541.0,10.11,-1147061.0,-22.84,370249.0,7.37,269270.0,5.36,-168.0,0.878,0.879,165902000.0,145661956,145661956,2026-08-19,2026-08-19 10:37:42+08:00
589050,科创综指ETF兴业,1.383,1.3821,-0.07,-0.079,-5.4,5377.0,762386.0,1.455,1.455,1.383,1.462,4.92,1.14,1.68,0.67,3985.0,1392.0,309741.0,40.63,0.0,0.0,309741.0,40.63,76795.0,10.07,-386536.0,-50.7,3.0,1.38,1.383,46968000.0,64956744,64956744,2026-08-19,2026-08-19 10:37:42+08:00
588240,科创200ETF鹏华,1.664,1.6577,-0.38,-0.095,-5.4,296775.0,50330714.0,1.738,1.738,1.662,1.759,4.32,24.2,3.05,-24.32,142461.0,154314.0,-599594.0,-1.19,-1028175.0,-2.04,428581.0,0.85,-181478.0,-0.36,781072.0,1.55,3.0,1.66,1.662,122633000.0,204061312,204061312,2026-08-19,2026-08-19 10:37:48+08:00
588460,科创50增强ETF鹏华,2.081,2.0796,-0.07,-0.119,-5.41,156891.0,33319237.0,2.15,2.153,2.081,2.2,3.27,2.58,1.99,-16.61,64821.0,92070.0,-4628244.0,-13.89,1761043.0,5.29,-6389287.0,-19.18,-684638.0,-2.05,5312883.0,15.95,28.0,2.08,2.081,607514000.0,1264236634,1264236634,2026-08-19,2026-08-19 10:37:47+08:00
588400,科创创业ETF嘉实,1.137,1.1354,-0.14,-0.065,-5.41,446994.0,52124206.0,1.188,1.188,1.137,1.202,4.24,3.46,4.7,-3.93,185084.0,261910.0,-3396761.0,-6.52,6748597.0,12.95,-10145358.0,-19.46,687836.0,1.32,2708927.0,5.2,18.0,1.136,1.137,1293600608.0,1470823891,1470823891,2026-08-19,2026-08-19 10:37:49+08:00
588360,科创创业ETF国泰,1.221,1.2189,-0.17,-0.07,-5.42,175454.0,21823696.0,1.276,1.276,1.22,1.291,4.34,8.33,3.53,-2.17,83483.0,91971.0,-1464652.0,-6.71,-1393967.0,-6.39,-70685.0,-0.32,158367.0,0.73,1306284.0,5.99,6.0,1.22,1.221,210681800.0,257242478,257242478,2026-08-19,2026-08-19 10:37:46+08:00
159780,科创创业50ETF南方,1.116,1.117,0.09,-0.064,-5.42,1737324.0,197707152.144,1.157,1.157,1.114,1.18,3.64,4.76,4.42,78.66,666055.0,1071268.0,-7720160.0,-3.9,9255924.0,4.68,-16976084.0,-8.59,-1671138.0,-0.85,9391298.0,4.75,10.0,1.115,1.116,3647248576.0,4070329411,4070329411,2026-08-19,2026-08-19 10:38:06+08:00
588310,科创创业ETF方正富邦,1.203,1.2074,0.36,-0.069,-5.42,12846.0,1572355.0,1.26,1.26,1.203,1.272,4.48,4.03,3.34,1.75,2858.0,9988.0,-604452.0,-38.44,-1021769.0,-64.98,417317.0,26.54,293383.0,18.66,311069.0,19.78,-141.0,1.201,1.203,31837500.0,38300513,38300513,2026-08-19,2026-08-19 10:37:47+08:00
589200,科创200ETF工银,1.375,1.3695,-0.4,-0.079,-5.43,11378.0,1582992.0,1.466,1.466,1.371,1.454,6.53,5.06,1.85,5.33,4135.0,7243.0,-269815.0,-17.04,-545567.0,-34.46,275752.0,17.42,92819.0,5.86,176996.0,11.18,-2000.0,1.369,1.371,22507000.0,30947125,30947125,2026-08-19,2026-08-19 10:37:42+08:00
159895,物联网ETF易方达,1.383,1.3841,0.08,-0.08,-5.47,14856.0,2086916.9,1.434,1.434,1.383,1.463,3.49,2.06,1.88,7.68,8587.0,6269.0,-20241.0,-0.97,0.0,0.0,-20241.0,-0.97,70.0,0.0,20171.0,0.97,4.0,1.381,1.382,72241864.0,99910498,99910498,2026-08-19,2026-08-19 10:38:03+08:00
589800,科创综指ETF易方达,1.608,1.6053,-0.17,-0.093,-5.47,238839.0,39157830.0,1.666,1.668,1.608,1.701,3.53,2.16,1.61,5.3,114702.0,124137.0,-3281048.0,-8.38,-857703.0,-2.19,-2423345.0,-6.19,968413.0,2.47,2312634.0,5.91,-1098.0,1.607,1.609,1107988208.0,1781645038,1781645038,2026-08-19,2026-08-19 10:37:42+08:00
159967,创业板成长ETF华夏,0.809,0.8077,-0.16,-0.047,-5.49,5401642.0,444443977.72,0.83,0.834,0.807,0.856,3.15,7.59,2.25,55.84,2308249.0,3093393.0,-58820430.0,-13.24,-59151665.0,-13.31,331235.0,0.07,32992458.0,7.43,25827977.0,5.81,2066.0,0.807,0.809,7116305920.0,5757091489,5757091489,2026-08-19,2026-08-19 10:38:03+08:00
159153,消费电子ETF鹏华,1.205,1.2039,-0.09,-0.07,-5.49,50090.0,6145063.0,1.231,1.247,1.205,1.275,3.29,5.32,1.56,14.67,13781.0,36309.0,-297971.0,-4.85,0.0,0.0,-297971.0,-4.85,-492874.0,-8.02,790844.0,12.87,10.0,1.204,1.205,94225988.0,113542316,113542316,2026-08-19,2026-08-19 10:38:15+08:00
512330,信息科技ETF南方,1.89,1.8907,0.04,-0.11,-5.5,26684.0,5173856.0,1.97,1.972,1.89,2.0,4.1,0.74,2.12,8.24,10423.0,16261.0,615288.0,11.89,0.0,0.0,615288.0,11.89,-669634.0,-12.94,54347.0,1.05,-3.0,1.89,1.893,358188000.0,676975320,676975320,2026-08-19,2026-08-19 10:37:59+08:00
159248,人工智能ETF万家,1.767,1.756,-0.63,-0.103,-5.51,68040.0,12233425.1,1.832,1.833,1.767,1.87,3.53,5.81,2.35,57.67,23169.0,44871.0,-3509434.0,-28.69,-5008389.0,-40.94,1498955.0,12.25,-106289.0,-0.87,3615723.0,29.56,-8.0,1.766,1.768,117095652.0,206908017,206908017,2026-08-19,2026-08-19 10:38:12+08:00
589010,科创人工智能ETF华夏,1.419,1.4164,-0.18,-0.083,-5.53,561749.0,81043549.0,1.482,1.482,1.418,1.502,4.26,6.2,3.59,1.99,238262.0,323487.0,-1676591.0,-2.07,-1875717.0,-2.31,199126.0,0.25,-372799.0,-0.46,2049391.0,2.53,1473.0,1.417,1.418,905793008.0,1285320278,1285320278,2026-08-19,2026-08-19 10:37:43+08:00
588670,科创综指增强ETF嘉实,1.79,1.7931,0.17,-0.105,-5.54,5088.0,930490.0,1.877,1.877,1.79,1.895,4.59,1.42,1.34,-6.68,1143.0,3945.0,-321703.0,-34.57,0.0,0.0,-321703.0,-34.57,87493.0,9.4,234211.0,25.17,-20.0,1.788,1.79,35792000.0,64067680,64067680,2026-08-19,2026-08-19 10:37:42+08:00
588720,科创50ETF中银,1.721,1.7157,-0.31,-0.101,-5.54,19273.0,3401624.0,1.77,1.777,1.721,1.822,3.07,1.84,1.15,9.42,9339.0,9934.0,-373743.0,-10.99,1195446.0,35.14,-1569189.0,-46.13,-218200.0,-6.41,591941.0,17.4,-30.0,1.72,1.721,104741800.0,180260638,180260638,2026-08-19,2026-08-19 10:37:42+08:00
588790,科创AIETF博时,0.802,0.8005,-0.19,-0.047,-5.54,1803006.0,147021574.0,0.835,0.835,0.801,0.849,4.0,5.87,2.29,27.7,842175.0,960831.0,-27208626.0,-18.51,-12795761.0,-8.7,-14412865.0,-9.8,11644813.0,7.92,15563813.0,10.59,467.0,0.801,0.802,3070384000.0,2462447968,2462447968,2026-08-19,2026-08-19 10:37:42+08:00
561460,人工智能ETF天弘,0.819,0.8155,-0.43,-0.048,-5.54,258406.0,21553080.0,0.858,0.858,0.819,0.867,4.5,4.78,3.23,19.83,59437.0,198969.0,-5089825.0,-23.62,656463.0,3.05,-5746288.0,-26.66,2695840.0,12.51,2393987.0,11.11,1.0,0.818,0.819,541020000.0,443095380,443095380,2026-08-19,2026-08-19 10:37:50+08:00
159246,创业板人工智能ETF富国,1.176,1.1749,-0.09,-0.069,-5.54,705557.0,84305546.9,1.212,1.212,1.174,1.245,3.05,2.19,1.63,10.69,361909.0,343648.0,-14604909.0,-17.32,-13047166.0,-15.48,-1557743.0,-1.85,5337538.0,6.33,9267371.0,10.99,1.0,1.174,1.176,3219655600.0,3786314986,3786314986,2026-08-19,2026-08-19 10:38:09+08:00
589770,科创综指ETF招商,1.618,1.6141,-0.24,-0.095,-5.55,26756.0,4431741.0,1.681,1.681,1.618,1.713,3.68,1.69,0.81,7.78,9929.0,16827.0,-413343.0,-9.33,0.0,0.0,-413343.0,-9.33,256375.0,5.78,156967.0,3.54,149.0,1.613,1.616,158569200.0,256564966,256564966,2026-08-19,2026-08-19 10:37:43+08:00
563530,卫星ETF易方达,1.124,1.1211,-0.26,-0.066,-5.55,1395927.0,161321118.0,1.227,1.23,1.124,1.19,8.91,8.94,5.86,8.14,626203.0,769724.0,-39007894.0,-24.18,-31604815.0,-19.59,-7403079.0,-4.59,15619803.0,9.68,23363587.0,14.49,250.0,1.123,1.124,1561748000.0,1755404752,1755404752,2026-08-19,2026-08-19 10:37:47+08:00
589900,科创综指ETF博时,1.596,1.5989,0.18,-0.094,-5.56,70390.0,11459253.0,1.662,1.662,1.596,1.69,3.91,3.73,1.62,11.16,30191.0,40199.0,300071.0,2.65,0.0,0.0,300071.0,2.65,-590462.0,-5.22,290391.0,2.57,-980.0,1.595,1.597,188908200.0,301497487,301497487,2026-08-19,2026-08-19 10:37:43+08:00
588180,科创50ETF国联安,1.101,1.1001,-0.08,-0.065,-5.57,187769.0,21122812.0,1.142,1.142,1.101,1.166,3.52,2.71,2.66,13.94,51480.0,136289.0,-3326898.0,-15.8,367335.0,1.74,-3694233.0,-17.54,-419225.0,-1.99,3746123.0,17.79,-551.0,1.1,1.103,692853696.0,762831919,762831919,2026-08-19,2026-08-19 10:37:47+08:00
589660,科创综指ETF南方,1.61,1.6058,-0.26,-0.095,-5.57,308635.0,50670529.0,1.668,1.671,1.61,1.705,3.58,11.8,2.7,11.36,167773.0,140862.0,-1693969.0,-3.34,1776174.0,3.51,-3470143.0,-6.85,1105085.0,2.18,588883.0,1.16,6.0,1.609,1.61,261530000.0,421063300,421063300,2026-08-19,2026-08-19 10:37:43+08:00
589630,科创综指ETF国泰,0.795,0.7951,0.01,-0.047,-5.58,140226.0,11363247.0,0.829,0.829,0.795,0.842,4.04,4.16,1.32,7.84,55639.0,84587.0,55770.0,0.49,616001.0,5.42,-560231.0,-4.93,-478414.0,-4.21,422644.0,3.72,33.0,0.794,0.795,337258000.0,268120110,268120110,2026-08-19,2026-08-19 10:37:43+08:00
589320,科创200ETF嘉实,0.863,0.86,-0.35,-0.051,-5.58,26749.0,2356387.0,0.906,0.906,0.863,0.914,4.7,2.35,2.41,-33.91,10586.0,16163.0,-518172.0,-21.99,-141562.0,-6.01,-376610.0,-15.98,46845.0,1.99,471328.0,20.0,-330.0,0.862,0.863,114053000.0,98427739,98427739,2026-08-19,2026-08-19 10:37:42+08:00
159218,卫星ETF招商,1.37,1.3675,-0.18,-0.081,-5.58,1204193.0,169917322.5,1.487,1.488,1.37,1.451,8.13,5.76,5.2,8.99,497950.0,706243.0,-48072668.0,-28.29,-23763246.0,-13.99,-24309422.0,-14.31,22942758.0,13.5,25129909.0,14.79,43.0,1.369,1.37,2091616384.0,2865514446,2865514446,2026-08-19,2026-08-19 10:38:15+08:00
159381,创业板人工智能ETF华夏,1.182,1.1838,0.15,-0.07,-5.59,2380352.0,285829020.3,1.208,1.23,1.181,1.252,3.91,14.36,1.89,15.02,1394158.0,986194.0,-30785025.0,-10.77,-15047059.0,-5.26,-15737966.0,-5.51,15708899.0,5.5,15076126.0,5.27,18.0,1.181,1.182,1657153200.0,1958755082,1958755082,2026-08-19,2026-08-19 10:38:09+08:00
588510,科创创业人工智能ETF华夏,0.862,0.859,-0.35,-0.051,-5.59,99584.0,8729640.0,0.885,0.91,0.862,0.913,5.26,3.33,2.17,15.5,30937.0,68647.0,-2832704.0,-32.45,-90478.0,-1.04,-2742226.0,-31.41,833649.0,9.55,1999056.0,22.9,-66.0,0.861,0.863,299175008.0,257888857,257888857,2026-08-19,2026-08-19 10:37:44+08:00
159781,科创创业ETF易方达,1.114,1.1144,0.04,-0.066,-5.59,2676753.0,304229714.61,1.151,1.152,1.114,1.18,3.22,1.71,2.09,39.75,1134743.0,1542010.0,-67918277.0,-22.33,-65512545.0,-21.54,-2405732.0,-0.79,31541898.0,10.37,36376379.0,11.96,-285.0,1.114,1.115,15685860608.0,17474048717,17474048717,2026-08-19,2026-08-19 10:38:06+08:00
589380,科创人工智能ETF富国,1.433,1.4345,0.1,-0.085,-5.6,30923.0,4503424.0,1.503,1.503,1.433,1.518,4.61,3.37,3.92,-34.9,20943.0,9980.0,-1297785.0,-28.82,-3391200.0,-75.3,2093415.0,46.48,477426.0,10.6,820359.0,18.22,-10.0,1.432,1.433,91694300.0,131397932,131397932,2026-08-19,2026-08-19 10:37:43+08:00
159279,创业板人工智能ETF华安,1.415,1.4134,-0.11,-0.084,-5.6,475423.0,68262957.7,1.468,1.484,1.415,1.499,4.6,32.04,3.0,8.91,194649.0,280774.0,-4123382.0,-6.04,-1838124.0,-2.69,-2285258.0,-3.35,2064736.0,3.02,2058647.0,3.02,-520.0,1.414,1.415,148387534.0,209968361,209968361,2026-08-19,2026-08-19 10:38:12+08:00
588160,科创新材料ETF南方,1.13,1.1294,-0.05,-0.067,-5.6,1256544.0,144970756.0,1.164,1.182,1.13,1.197,4.34,15.27,1.96,-6.01,533830.0,722714.0,-6911927.0,-4.77,-8220207.0,-5.67,1308280.0,0.9,1053885.0,0.73,5858042.0,4.04,-146.0,1.13,1.131,822996000.0,929985480,929985480,2026-08-19,2026-08-19 10:37:48+08:00
589000,科创综指ETF华夏,1.597,1.5967,-0.02,-0.095,-5.61,346031.0,56432822.0,1.66,1.66,1.596,1.692,3.78,3.28,2.15,3.48,146091.0,199940.0,-1628819.0,-2.89,-2398653.0,-4.25,769834.0,1.36,-2455276.0,-4.35,4084096.0,7.24,35.0,1.596,1.597,1055507808.0,1685645969,1685645969,2026-08-19,2026-08-19 10:37:45+08:00
588730,科创人工智能ETF易方达,1.497,1.4962,-0.05,-0.089,-5.61,485596.0,74121280.0,1.551,1.555,1.497,1.586,3.66,6.83,2.64,11.42,212878.0,272718.0,-6849118.0,-9.24,35718.0,0.05,-6884836.0,-9.29,836146.0,1.13,6012972.0,8.11,-703.0,1.496,1.497,711396304.0,1064960267,1064960267,2026-08-19,2026-08-19 10:37:42+08:00
159242,创业板人工智能ETF大成,2.102,2.1007,-0.06,-0.125,-5.61,392278.0,83899589.624,2.167,2.167,2.102,2.227,2.92,7.33,2.45,-35.46,230041.0,162237.0,271030.0,0.32,3203486.0,3.82,-2932456.0,-3.5,-3806017.0,-4.54,3534987.0,4.21,-20.0,2.102,2.103,535278576.0,1125155567,1125155567,2026-08-19,2026-08-19 10:38:12+08:00
159259,成长ETF易方达,1.345,1.3451,0.01,-0.08,-5.61,2559674.0,351265826.4,1.389,1.389,1.344,1.425,3.16,6.09,2.72,7.99,974058.0,1585616.0,-46171791.0,-13.14,10820042.0,3.08,-56991833.0,-16.22,26137334.0,7.44,20034456.0,5.7,91.0,1.344,1.345,4199696400.0,5648591658,5648591658,2026-08-19,2026-08-19 10:38:12+08:00
159389,数字经济ETF嘉实,1.849,1.8451,-0.21,-0.11,-5.62,57967.0,10964332.4,1.903,1.916,1.849,1.959,3.42,4.29,4.07,0.16,28627.0,29340.0,3436815.0,31.35,3042450.0,27.75,394365.0,3.6,-3190635.0,-29.1,-246180.0,-2.25,43.0,1.846,1.848,135093364.0,249787630,249787630,2026-08-19,2026-08-19 10:38:09+08:00
588380,科创创业ETF富国,1.141,1.1395,-0.13,-0.068,-5.62,567535.0,65928452.0,1.185,1.186,1.14,1.209,3.8,2.16,2.15,29.05,248095.0,319440.0,-9294875.0,-14.1,-1035303.0,-1.57,-8259572.0,-12.53,2518533.0,3.82,6776342.0,10.28,20.0,1.14,1.141,2627770000.0,2998285570,2998285570,2026-08-19,2026-08-19 10:37:47+08:00
159388,创业板人工智能ETF国泰,1.022,1.02,-0.2,-0.061,-5.63,875008.0,90715892.5,1.058,1.058,1.021,1.083,3.42,10.46,1.98,34.24,489299.0,385709.0,-6738859.0,-7.43,3858766.0,4.25,-10597625.0,-11.68,2447791.0,2.7,4291067.0,4.73,59.0,1.02,1.022,836736992.0,855145206,855145206,2026-08-19,2026-08-19 10:38:09+08:00
589360,科创50ETF国泰,0.872,0.8706,-0.16,-0.052,-5.63,391460.0,34728659.0,0.903,0.904,0.87,0.924,3.68,1.5,1.62,-10.49,125187.0,266273.0,-6602931.0,-19.13,-9668280.0,-28.02,3065349.0,8.88,3028749.0,8.78,3574182.0,10.36,2510.0,0.87,0.872,2609174000.0,2275199728,2275199728,2026-08-19,2026-08-19 10:37:43+08:00
512630,卫星ETF广发,1.124,1.1225,-0.13,-0.067,-5.63,1615453.0,186923597.0,1.228,1.23,1.123,1.191,8.98,9.63,5.21,-13.25,765391.0,850062.0,-51404680.0,-27.5,-53363816.0,-28.55,1959136.0,1.05,22419643.0,11.99,28980093.0,15.5,272.0,1.123,1.124,1677426000.0,1885426824,1885426824,2026-08-19,2026-08-19 10:38:00+08:00
588270,科创200ETF易方达,1.692,1.6882,-0.23,-0.101,-5.63,106990.0,18416362.0,1.748,1.771,1.69,1.793,4.52,3.74,2.13,-43.11,47398.0,59592.0,389475.0,2.11,-2640287.0,-14.34,3029762.0,16.45,-1716635.0,-9.32,1327160.0,7.21,2.0,1.69,1.691,286410000.0,484605720,484605720,2026-08-19,2026-08-19 10:37:48+08:00
513310,中韩半导体ETF华泰柏瑞,4.769,4.284,-11.32,-0.285,-5.64,2139779.0,1021527717.0,4.772,4.8,4.754,5.054,0.91,8.94,0.39,1.32,1084566.0,1055213.0,-32743732.0,-3.21,-15987636.0,-1.57,-16756096.0,-1.64,-7992351.0,-0.78,40545404.0,3.97,12306.0,4.768,4.769,2394427008.0,11419022401,11419022401,2026-08-19,2026-08-19 10:37:57+08:00
515070,人工智能ETF华夏,1.121,1.1193,-0.15,-0.067,-5.64,1182216.0,135085845.0,1.16,1.17,1.119,1.188,4.29,1.62,3.32,17.71,451987.0,730229.0,-38051000.0,-28.17,-24276594.0,-17.97,-13774406.0,-10.2,15515943.0,11.49,22533938.0,16.68,310.0,1.12,1.121,7294940416.0,8177628206,8177628206,2026-08-19,2026-08-19 10:37:56+08:00
589150,科创50ETF平安,1.222,1.2186,-0.28,-0.073,-5.64,98488.0,12295959.0,1.257,1.267,1.222,1.295,3.47,1.3,2.12,-5.51,46164.0,52324.0,-6287367.0,-51.13,-5456372.0,-44.38,-830995.0,-6.76,3598652.0,29.27,2688716.0,21.87,-527.0,1.22,1.222,755437200.0,923144258,923144258,2026-08-19,2026-08-19 10:37:43+08:00
589850,科创50ETF东财,1.621,1.6167,-0.27,-0.097,-5.65,557130.0,92169125.0,1.68,1.681,1.621,1.718,3.49,9.09,2.69,-5.66,220083.0,337047.0,-46405404.0,-50.35,-38387884.0,-41.65,-8017520.0,-8.7,12483951.0,13.54,33921291.0,36.8,11.0,1.62,1.621,613057008.0,993765410,993765410,2026-08-19,2026-08-19 10:37:43+08:00
159819,人工智能ETF易方达,1.771,1.7694,-0.09,-0.106,-5.65,2089966.0,376491759.3,1.83,1.833,1.77,1.877,3.36,1.79,2.58,21.87,817076.0,1272890.0,-131683589.0,-34.98,-106295293.0,-28.23,-25388296.0,-6.74,44957374.0,11.94,86726213.0,23.04,123.0,1.77,1.771,11663229696.0,20655579792,20655579792,2026-08-19,2026-08-19 10:38:06+08:00
589230,科创人工智能ETF南方,0.869,0.8669,-0.24,-0.052,-5.65,122912.0,10827112.0,0.9,0.915,0.869,0.921,4.99,5.44,2.34,-15.52,58000.0,64912.0,-1434072.0,-13.25,-1519755.0,-14.04,85683.0,0.79,362249.0,3.35,1071824.0,9.9,-30.0,0.868,0.869,226053000.0,196440057,196440057,2026-08-19,2026-08-19 10:37:44+08:00
159243,创业板人工智能ETF招商,1.269,1.2654,-0.28,-0.076,-5.65,278156.0,35920099.6,1.307,1.307,1.269,1.345,2.83,20.75,2.86,5.95,123700.0,154456.0,-2322545.0,-6.47,-39260.0,-0.11,-2283285.0,-6.36,598692.0,1.67,1723853.0,4.8,-2401.0,1.268,1.269,134030224.0,170084354,170084354,2026-08-19,2026-08-19 10:38:12+08:00
563230,卫星ETF富国,1.119,1.118,-0.09,-0.067,-5.65,3323712.0,383942346.0,1.217,1.22,1.118,1.186,8.6,9.84,5.94,8.06,1434690.0,1889022.0,-125499976.0,-32.69,-144284730.0,-37.58,18784754.0,4.89,65991649.0,17.19,59508327.0,15.5,177.0,1.118,1.119,3379237008.0,3781366212,3781366212,2026-08-19,2026-08-19 10:37:48+08:00
589500,科创综指ETF工银,1.618,1.6161,-0.12,-0.097,-5.66,25892.0,4276791.0,1.681,1.681,1.618,1.715,3.67,3.23,2.11,9.92,13385.0,12507.0,-678173.0,-15.86,0.0,0.0,-678173.0,-15.86,441881.0,10.33,236292.0,5.52,-18.0,1.616,1.617,80064000.0,129543552,129543552,2026-08-19,2026-08-19 10:37:43+08:00
588000,科创50ETF华夏,1.781,1.7822,0.07,-0.107,-5.67,25838896.0,4700499918.0,1.845,1.846,1.781,1.888,3.44,5.48,2.6,35.51,11353632.0,14485264.0,-1557197040.0,-33.13,-1872438896.0,-39.83,315241856.0,6.71,755436064.0,16.07,801760077.0,17.06,-4162.0,1.781,1.782,47138668288.0,83953968221,83953968221,2026-08-19,2026-08-19 10:37:48+08:00
589110,科创人工智能ETF国泰,0.931,0.9307,-0.03,-0.056,-5.67,47165.0,4478451.0,0.97,0.97,0.931,0.987,3.95,0.92,1.95,-1.57,14175.0,32990.0,-828831.0,-18.51,956000.0,21.35,-1784831.0,-39.85,298384.0,6.66,530447.0,11.84,6.0,0.93,0.931,510413008.0,475194510,475194510,2026-08-19,2026-08-19 10:37:44+08:00
588280,科创50ETF华安,1.214,1.2125,-0.12,-0.073,-5.67,162147.0,20087664.0,1.252,1.26,1.214,1.287,3.57,4.6,2.18,-14.56,44518.0,117629.0,-4557688.0,-22.69,277363.0,1.38,-4835051.0,-24.07,941562.0,4.69,3616125.0,18.0,-30.0,1.213,1.214,352121008.0,427474904,427474904,2026-08-19,2026-08-19 10:37:46+08:00
588840,科创50ETF万家,1.563,1.5589,-0.26,-0.094,-5.67,30077.0,4801049.0,1.625,1.625,1.563,1.657,3.74,5.45,1.94,7.39,8987.0,21090.0,-471907.0,-9.83,97749.0,2.04,-569656.0,-11.87,-800935.0,-16.68,1272842.0,26.51,-84.0,1.56,1.562,55236000.0,86333868,86333868,2026-08-19,2026-08-19 10:37:43+08:00
589600,科创综指ETF富国,1.597,1.5956,-0.09,-0.096,-5.67,60743.0,9860348.0,1.671,1.671,1.597,1.693,4.37,2.79,2.2,3.69,30791.0,29952.0,-478570.0,-4.85,817300.0,8.29,-1295870.0,-13.14,-315409.0,-3.2,793980.0,8.05,-30.0,1.595,1.596,217535000.0,347403395,347403395,2026-08-19,2026-08-19 10:37:43+08:00
589820,科创200ETF建信,1.248,1.2439,-0.33,-0.075,-5.67,32051.0,4056610.0,1.31,1.31,1.247,1.323,4.76,2.59,1.06,-16.29,11396.0,20655.0,-583560.0,-14.39,0.0,0.0,-583560.0,-14.39,453215.0,11.17,130344.0,3.21,-241.0,1.246,1.247,123720200.0,154402810,154402810,2026-08-19,2026-08-19 10:37:38+08:00
588210,科创100ETF易方达,1.829,1.8262,-0.15,-0.11,-5.67,82828.0,15517792.0,1.881,1.905,1.829,1.939,3.92,3.71,3.36,-24.47,25668.0,57160.0,-2505111.0,-16.14,-3079590.0,-19.85,574479.0,3.7,1173693.0,7.56,1331419.0,8.58,-1.0,1.827,1.829,223254000.0,408331566,408331566,2026-08-19,2026-08-19 10:37:46+08:00
589310,科创人工智能ETF鑫元,0.83,0.8288,-0.14,-0.05,-5.68,26556.0,2237337.0,0.854,0.888,0.83,0.88,6.59,0.92,3.17,12.52,12997.0,13559.0,-912794.0,-40.8,525420.0,23.48,-1438214.0,-64.28,370925.0,16.58,541869.0,24.22,-823.0,0.829,0.83,289491808.0,240278201,240278201,2026-08-19,2026-08-19 10:37:43+08:00
588530,科创创业人工智能ETF中银证券,0.946,0.943,-0.32,-0.057,-5.68,54548.0,5258054.0,0.996,0.996,0.946,1.003,4.99,2.64,1.23,17.78,14075.0,40473.0,-2644301.0,-50.29,0.0,0.0,-2644301.0,-50.29,1787338.0,33.99,856963.0,16.3,-80.0,0.945,0.946,206833300.0,195664302,195664302,2026-08-19,2026-08-19 10:37:44+08:00
589080,科创综指ETF汇添富,1.589,1.5879,-0.07,-0.096,-5.7,40052.0,6510403.0,1.661,1.661,1.589,1.685,4.27,2.71,0.71,1.33,13431.0,26621.0,282848.0,4.35,0.0,0.0,282848.0,4.35,-702502.0,-10.8,419654.0,6.45,-20.0,1.587,1.59,148061000.0,235268929,235268929,2026-08-19,2026-08-19 10:37:44+08:00
588930,科创人工智能ETF银华,1.571,1.5712,0.01,-0.095,-5.7,289988.0,46445173.0,1.633,1.638,1.571,1.666,4.02,4.87,3.88,7.07,124747.0,165241.0,-4432359.0,-9.54,1365379.0,2.94,-5797738.0,-12.48,535741.0,1.15,3896618.0,8.39,-283.0,1.571,1.574,595329008.0,935261872,935261872,2026-08-19,2026-08-19 10:37:42+08:00
588760,科创人工智能ETF广发,0.759,0.7585,-0.07,-0.046,-5.71,1345777.0,104013435.0,0.791,0.792,0.759,0.805,4.1,6.1,2.44,2.48,527654.0,818123.0,-25138279.0,-24.17,-26225690.0,-25.21,1087411.0,1.05,13271204.0,12.76,11867075.0,11.41,-2170.0,0.759,0.76,2206532000.0,1674757788,1674757788,2026-08-19,2026-08-19 10:37:43+08:00
588950,科创50ETF景顺,1.766,1.7626,-0.19,-0.107,-5.71,308506.0,55559176.0,1.825,1.831,1.765,1.873,3.52,5.81,2.34,-3.06,148903.0,159603.0,-18998616.0,-34.2,-15245670.0,-27.44,-3752946.0,-6.75,5094136.0,9.17,13939779.0,25.09,131.0,1.764,1.766,530729696.0,937268643,937268643,2026-08-19,2026-08-19 10:37:42+08:00
588900,科创100ETF南方,1.865,1.8643,-0.04,-0.113,-5.71,58034.0,11115750.0,1.918,1.964,1.865,1.978,5.01,1.69,5.15,35.61,21857.0,36177.0,-51314.0,-0.46,-400992.0,-3.61,349678.0,3.15,-162544.0,-1.46,213857.0,1.92,-120.0,1.864,1.865,343783008.0,641155310,641155310,2026-08-19,2026-08-19 10:37:44+08:00
512930,AI人工智能ETF平安,0.628,0.628,0.0,-0.038,-5.71,1849634.0,118122451.0,0.652,0.653,0.627,0.666,3.9,3.92,3.05,15.87,726561.0,1123073.0,-36150850.0,-30.6,-46647072.0,-39.49,10496222.0,8.89,20544907.0,17.39,15605943.0,13.21,31.0,0.627,0.628,4716521216.0,2961975324,2961975324,2026-08-19,2026-08-19 10:37:59+08:00
588800,科创100ETF华夏,1.798,1.7974,-0.03,-0.109,-5.72,838133.0,154038430.0,1.84,1.87,1.798,1.907,3.78,5.27,1.99,15.54,387442.0,450691.0,-5677527.0,-3.69,-3826829.0,-2.48,-1850698.0,-1.2,-1770264.0,-1.15,7445815.0,4.83,648.0,1.797,1.8,1589877008.0,2858598860,2858598860,2026-08-19,2026-08-19 10:37:44+08:00
588940,科创50ETF富国,0.874,0.8732,-0.09,-0.053,-5.72,942173.0,84019972.0,0.9,0.907,0.873,0.927,3.67,3.38,2.22,-7.78,378700.0,563473.0,-31733763.0,-37.78,-35222830.0,-41.93,3489067.0,4.15,15067659.0,17.94,16666104.0,19.84,259.0,0.872,0.874,2786840000.0,2435698160,2435698160,2026-08-19,2026-08-19 10:37:44+08:00
588050,科创50ETF工银,1.73,1.7299,-0.01,-0.105,-5.72,1306046.0,231219425.0,1.797,1.797,1.729,1.835,3.71,2.08,1.93,40.93,538326.0,767721.0,-46794522.0,-20.24,-38574602.0,-16.68,-8219920.0,-3.56,15228414.0,6.59,31566108.0,13.65,-10.0,1.73,1.731,6281241344.0,10866547525,10866547525,2026-08-19,2026-08-19 10:37:48+08:00
159382,创业板人工智能ETF南方,2.652,2.6521,0.0,-0.161,-5.72,450413.0,121489920.494,2.729,2.729,2.651,2.813,2.77,5.89,1.6,69.0,174564.0,275849.0,-5272877.0,-4.34,-4004517.0,-3.3,-1268360.0,-1.04,-2126246.0,-1.75,7399125.0,6.09,-16.0,2.651,2.654,765055712.0,2028927748,2028927748,2026-08-19,2026-08-19 10:38:09+08:00
588010,科创新材料ETF博时,1.102,1.1015,-0.05,-0.067,-5.73,1100281.0,124094791.0,1.132,1.154,1.102,1.169,4.45,11.28,2.06,29.18,492039.0,608242.0,-8917114.0,-7.19,-1420524.0,-1.15,-7496590.0,-6.04,2108205.0,1.7,6808910.0,5.49,-442.0,1.102,1.104,975425808.0,1074919240,1074919240,2026-08-19,2026-08-19 10:37:46+08:00
588080,科创50ETF易方达,1.727,1.7266,-0.02,-0.105,-5.73,6774401.0,1195282910.0,1.793,1.795,1.726,1.832,3.77,2.9,2.81,21.31,2615612.0,4158789.0,-315234116.0,-26.37,-391757604.0,-32.78,76523488.0,6.4,117203505.0,9.81,198048228.0,16.57,8775.0,1.726,1.727,23398628096.0,40409430722,40409430722,2026-08-19,2026-08-19 10:37:47+08:00
589950,科创100ETF富国,1.362,1.3595,-0.18,-0.083,-5.74,33923.0,4712299.0,1.422,1.433,1.362,1.445,4.91,1.02,3.93,-20.01,11013.0,22910.0,-2313681.0,-49.1,-1720255.0,-36.51,-593426.0,-12.59,1308107.0,27.76,1005574.0,21.34,73.0,1.36,1.361,333873008.0,454735037,454735037,2026-08-19,2026-08-19 10:37:44+08:00
159363,创业板人工智能ETF华宝,1.247,1.2471,0.01,-0.076,-5.74,6749127.0,855375297.418,1.28,1.282,1.247,1.323,2.65,12.55,2.23,37.45,2951384.0,3797743.0,-53498915.0,-6.25,16268480.0,1.9,-69767395.0,-8.16,13009672.0,1.52,40489244.0,4.73,-47.0,1.247,1.248,5378169856.0,6706577810,6706577810,2026-08-19,2026-08-19 10:38:09+08:00
589780,科创200ETF富国,1.23,1.2268,-0.26,-0.075,-5.75,6668.0,834779.0,1.28,1.281,1.229,1.305,3.98,1.11,1.37,0.23,3164.0,3504.0,-112523.0,-13.48,0.0,0.0,-112523.0,-13.48,25072.0,3.0,87451.0,10.48,-50.0,1.228,1.229,60215000.0,74064450,74064450,2026-08-19,2026-08-19 10:37:44+08:00
159909,TMT50ETF招商,1.327,1.3272,0.02,-0.081,-5.75,24582.0,3323312.7,1.369,1.369,1.327,1.408,2.98,0.47,2.01,-0.32,12415.0,12167.0,-542986.0,-16.34,0.0,0.0,-542986.0,-16.34,36004.0,1.08,506982.0,15.26,-29.0,1.326,1.328,526562000.0,698747774,698747774,2026-08-19,2026-08-19 10:38:03+08:00
588090,科创50ETF华泰柏瑞,1.735,1.7341,-0.05,-0.106,-5.76,644557.0,114103450.0,1.8,1.818,1.735,1.841,4.51,2.29,2.69,-10.78,219052.0,425505.0,-21281213.0,-18.65,-5458758.0,-4.78,-15822455.0,-13.87,3160561.0,2.77,18120652.0,15.88,-22.0,1.735,1.736,2820072800.0,4892826308,4892826308,2026-08-19,2026-08-19 10:37:48+08:00
588140,科创200ETF广发,1.211,1.2113,0.02,-0.074,-5.76,45266.0,5612379.0,1.271,1.271,1.21,1.285,4.75,1.87,2.29,1.51,23414.0,21852.0,-1042029.0,-18.57,-582844.0,-10.38,-459185.0,-8.18,812233.0,14.47,229797.0,4.09,118.0,1.21,1.211,241751000.0,292760461,292760461,2026-08-19,2026-08-19 10:37:47+08:00
159139,科创创业人工智能ETF华泰柏瑞,1.259,1.2601,0.09,-0.077,-5.76,298921.0,38023298.9,1.314,1.314,1.259,1.336,4.12,19.91,4.4,24.61,213941.0,84980.0,-2363895.0,-6.22,-3590636.0,-9.44,1226741.0,3.23,545148.0,1.43,1818746.0,4.78,-280.0,1.259,1.26,150109210.0,188987495,188987495,2026-08-19,2026-08-19 10:38:15+08:00
588040,科创50ETF鹏华,1.716,1.7116,-0.26,-0.105,-5.77,84853.0,14876541.0,1.77,1.787,1.716,1.821,3.9,7.45,2.66,-2.24,25206.0,59647.0,-3023026.0,-20.32,0.0,0.0,-3023026.0,-20.32,241430.0,1.62,2781596.0,18.7,-10.0,1.715,1.718,113889000.0,195433524,195433524,2026-08-19,2026-08-19 10:37:48+08:00
588030,科创100ETF博时,1.814,1.8132,-0.04,-0.111,-5.77,923073.0,171123081.0,1.871,1.888,1.813,1.925,3.9,4.02,3.09,15.0,445869.0,477204.0,-8145333.0,-4.76,3889524.0,2.27,-12034857.0,-7.03,-3222278.0,-1.88,11358541.0,6.64,254.0,1.814,1.816,2297838096.0,4168278306,4168278306,2026-08-19,2026-08-19 10:37:49+08:00
159385,数字经济ETF富国,1.825,1.8246,-0.02,-0.112,-5.78,14291.0,2657068.5,1.933,1.933,1.825,1.937,5.58,2.92,1.35,-48.22,7364.0,6927.0,-438655.0,-16.51,-443519.0,-16.69,4864.0,0.18,151805.0,5.71,286851.0,10.8,-6.0,1.822,1.824,49002525.0,89429608,89429608,2026-08-19,2026-08-19 10:38:09+08:00
588190,科创100ETF银华,1.809,1.8092,0.01,-0.111,-5.78,334893.0,61914362.0,1.882,1.882,1.809,1.92,3.8,2.48,1.72,2.22,143749.0,191144.0,-7632517.0,-12.33,-1214727.0,-1.96,-6417790.0,-10.37,2759363.0,4.46,4873156.0,7.87,20.0,1.808,1.809,1348618304.0,2439650512,2439650512,2026-08-19,2026-08-19 10:37:48+08:00
589520,科创人工智能ETF华宝,0.603,0.6023,-0.12,-0.037,-5.78,456661.0,28087147.0,0.625,0.628,0.603,0.64,3.91,6.26,3.61,19.6,154618.0,302043.0,-7123401.0,-25.36,-5600003.0,-19.94,-1523398.0,-5.42,3810609.0,13.57,3312792.0,11.79,3.0,0.602,0.603,729104608.0,439650079,439650079,2026-08-19,2026-08-19 10:37:42+08:00
159695,通信ETF嘉实,0.946,0.9454,-0.06,-0.058,-5.78,355809.0,34323487.1,0.975,0.98,0.946,1.004,3.39,4.19,1.6,30.88,126040.0,229769.0,-3430826.0,-10.0,283701.0,0.83,-3714527.0,-10.82,-745615.0,-2.17,4176442.0,12.17,269.0,0.946,0.947,849436256.0,803566698,803566698,2026-08-19,2026-08-19 10:38:06+08:00
588870,科创50ETF汇添富,1.711,1.7098,-0.07,-0.105,-5.78,436525.0,76198140.0,1.774,1.778,1.711,1.816,3.69,6.59,2.59,-26.57,147211.0,289314.0,-26850109.0,-35.24,-1267873.0,-1.66,-25582236.0,-33.57,4195038.0,5.51,22654899.0,29.73,-7.0,1.711,1.712,662552000.0,1133626472,1133626472,2026-08-19,2026-08-19 10:37:42+08:00
589680,科创综指ETF鹏华,1.55,1.5478,-0.14,-0.095,-5.78,565279.0,89444344.0,1.603,1.608,1.55,1.645,3.53,4.19,1.58,1.42,228130.0,337149.0,6614439.0,7.41,10016393.0,11.22,-3401954.0,-3.81,-8413272.0,-9.42,1798832.0,2.01,-866.0,1.549,1.55,1349943696.0,2092412729,2092412729,2026-08-19,2026-08-19 10:37:45+08:00
589880,科创综指ETF建信,1.577,1.5744,-0.17,-0.097,-5.79,39355.0,6329004.0,1.664,1.674,1.577,1.674,5.79,0.85,0.67,-22.53,13170.0,26185.0,1270790.0,20.08,63224.0,1.0,1207566.0,19.08,-1338011.0,-21.14,67222.0,1.06,-380.0,1.576,1.577,464996000.0,733298692,733298692,2026-08-19,2026-08-19 10:37:44+08:00
588690,科创增强ETF银华,1.22,1.218,-0.16,-0.075,-5.79,7562.0,942715.0,1.29,1.29,1.22,1.295,5.41,1.46,2.31,1.15,4130.0,3432.0,-522814.0,-55.46,0.0,0.0,-522814.0,-55.46,413811.0,43.9,109002.0,11.56,-301.0,1.215,1.219,51636000.0,62995920,62995920,2026-08-19,2026-08-19 10:37:44+08:00
560800,数字经济ETF鹏扬,1.17,1.1742,0.36,-0.072,-5.8,122702.0,14536836.0,1.208,1.22,1.17,1.242,4.03,4.29,8.4,18.65,42953.0,79749.0,-2584487.0,-17.78,-3698939.0,-25.45,1114452.0,7.67,894053.0,6.15,1690434.0,11.63,21000.0,1.169,1.17,285951104.0,334562792,334562792,2026-08-19,2026-08-19 10:37:54+08:00
588820,科创200ETF华夏,1.933,1.9308,-0.11,-0.119,-5.8,67317.0,13244175.0,2.033,2.033,1.933,2.052,4.87,4.36,1.71,-36.05,25405.0,41912.0,-1279578.0,-9.66,-1926622.0,-14.55,647044.0,4.89,476890.0,3.6,802688.0,6.06,-2573.0,1.932,1.933,154400000.0,298455200,298455200,2026-08-19,2026-08-19 10:37:45+08:00
588060,科创50ETF广发,1.072,1.0714,-0.06,-0.066,-5.8,2421568.0,265043129.0,1.11,1.111,1.071,1.138,3.51,3.61,2.45,27.03,921337.0,1500230.0,-88474729.0,-33.38,-92259307.0,-34.81,3784578.0,1.43,32414575.0,12.23,56060155.0,21.15,130.0,1.071,1.072,6703140096.0,7185766183,7185766183,2026-08-19,2026-08-19 10:37:46+08:00
159658,数字经济ETF华安,1.752,1.7571,0.29,-0.108,-5.81,31320.0,5573158.3,1.842,1.842,1.752,1.86,4.84,7.3,2.79,25.77,17175.0,14145.0,-129620.0,-2.33,-449132.0,-8.06,319512.0,5.73,-339731.0,-6.1,469350.0,8.42,6.0,1.751,1.752,42894877.0,75151825,75151825,2026-08-19,2026-08-19 10:38:06+08:00
159178,消费电子ETF汇添富,1.052,1.0494,-0.25,-0.065,-5.82,65319.0,6993952.1,1.079,1.099,1.052,1.117,4.21,7.74,1.52,-35.57,30130.0,35189.0,-414272.0,-5.92,75699.0,1.08,-489971.0,-7.01,-707591.0,-10.12,1121864.0,16.04,-203.0,1.051,1.052,84432994.0,88823510,88823510,2026-08-19,2026-08-19 10:38:15+08:00
588120,科创100ETF国泰,0.922,0.9222,0.02,-0.057,-5.82,466409.0,43938722.0,0.958,0.969,0.921,0.979,4.9,5.21,2.15,4.23,261628.0,204781.0,2550471.0,5.8,3954313.0,9.0,-1403842.0,-3.2,-3875631.0,-8.82,1325162.0,3.02,22.0,0.921,0.922,895622000.0,825763484,825763484,2026-08-19,2026-08-19 10:37:47+08:00
589220,科创200ETF国泰,1.017,1.0154,-0.16,-0.063,-5.83,116301.0,12127171.0,1.06,1.064,1.017,1.08,4.35,3.71,1.07,14.08,52450.0,63851.0,-782735.0,-6.45,1039500.0,8.57,-1822235.0,-15.03,68390.0,0.56,714345.0,5.89,-200.0,1.016,1.017,313495808.0,318825237,318825237,2026-08-19,2026-08-19 10:37:43+08:00
159939,信息技术ETF广发,1.115,1.1128,-0.2,-0.069,-5.83,279405.0,31866719.2,1.16,1.16,1.115,1.184,3.8,3.35,4.43,-6.06,131357.0,148048.0,6173567.0,19.37,9258973.0,29.06,-3085406.0,-9.68,-5687193.0,-17.85,-486375.0,-1.53,10.0,1.114,1.115,833656112.0,929526565,929526565,2026-08-19,2026-08-19 10:38:03+08:00
588500,科创100增强ETF易方达,2.619,2.6011,-0.69,-0.162,-5.83,39831.0,10650009.0,2.658,2.738,2.619,2.781,4.28,8.54,1.89,24.26,19997.0,19834.0,-2098203.0,-19.7,0.0,0.0,-2098203.0,-19.7,128046.0,1.2,1970157.0,18.5,2.0,2.618,2.619,46647000.0,122168493,122168493,2026-08-19,2026-08-19 10:37:42+08:00
588230,科创200ETF华泰柏瑞,1.801,1.7979,-0.17,-0.112,-5.85,534326.0,98313826.0,1.856,1.889,1.8,1.913,4.65,7.21,3.0,-7.56,328510.0,205816.0,-8233566.0,-8.37,-9209060.0,-9.37,975494.0,0.99,-1941666.0,-1.97,10175233.0,10.35,-172.0,1.8,1.802,740939008.0,1334431153,1334431153,2026-08-19,2026-08-19 10:37:48+08:00
588410,科创创业人工智能ETF鹏华,1.207,1.2037,-0.27,-0.075,-5.85,27290.0,3355430.0,1.256,1.256,1.207,1.282,3.82,2.5,2.38,-43.63,9111.0,18179.0,-1056023.0,-31.47,-492455.0,-14.68,-563568.0,-16.8,193158.0,5.76,862865.0,25.72,-120.0,1.206,1.207,109250000.0,131864750,131864750,2026-08-19,2026-08-19 10:37:43+08:00
159732,消费电子ETF华夏,1.382,1.3817,-0.02,-0.086,-5.86,1421307.0,200506031.1,1.43,1.433,1.382,1.468,3.47,5.97,1.89,21.17,648162.0,773145.0,-29607443.0,-14.78,5407474.0,2.7,-35014917.0,-17.48,3681558.0,1.84,25925884.0,12.94,981.0,1.381,1.382,2379447904.0,3288397003,3288397003,2026-08-19,2026-08-19 10:38:06+08:00
588880,科创100ETF华泰柏瑞,1.8,1.801,0.06,-0.112,-5.86,28222.0,5200894.0,1.893,1.895,1.8,1.912,4.97,2.68,2.27,-3.86,7181.0,21041.0,814903.0,15.67,42486.0,0.82,772417.0,14.85,-1112658.0,-21.39,297755.0,5.73,-338.0,1.799,1.803,105368000.0,189662400,189662400,2026-08-19,2026-08-19 10:37:45+08:00
562560,信息技术ETF华夏,2.28,2.2791,-0.04,-0.142,-5.86,1315.0,308703.0,2.421,2.454,2.28,2.422,7.18,0.58,1.03,0.12,802.0,513.0,215134.0,69.69,0.0,0.0,215134.0,69.69,-169037.0,-54.76,-46097.0,-14.93,-2.0,2.274,2.278,22765500.0,51905340,51905340,2026-08-19,2026-08-19 10:37:49+08:00
588430,科创创业人工智能ETF工银,1.234,1.234,0.0,-0.077,-5.87,37514.0,4722053.0,1.304,1.304,1.234,1.311,5.34,3.89,1.98,-4.3,19794.0,17720.0,-778793.0,-16.49,227881.0,4.83,-1006674.0,-21.32,202767.0,4.29,576026.0,12.2,-13.0,1.234,1.235,96458000.0,119029172,119029172,2026-08-19,2026-08-19 10:37:46+08:00
159507,通信ETF广发,0.864,0.8639,-0.01,-0.054,-5.88,425009.0,37423797.1,0.885,0.9,0.864,0.918,3.92,5.23,2.11,32.16,166351.0,258658.0,-7721986.0,-20.64,-2824618.0,-7.55,-4897368.0,-13.09,1193566.0,3.19,6528420.0,17.45,-32.0,0.864,0.865,812830896.0,702285894,702285894,2026-08-19,2026-08-19 10:38:09+08:00
159022,科创创业人工智能ETF富国,1.008,1.0068,-0.12,-0.063,-5.88,123942.0,12690100.9,1.051,1.051,1.008,1.071,4.01,7.76,2.62,6.88,38080.0,85862.0,-4881303.0,-38.47,-758810.0,-5.98,-4122493.0,-32.49,2739689.0,21.59,2141615.0,16.88,-43.0,1.008,1.009,159630967.0,160908015,160908015,2026-08-19,2026-08-19 10:38:18+08:00
516050,科技龙头ETF工银,1.388,1.3861,-0.14,-0.087,-5.9,66685.0,9405601.0,1.444,1.447,1.388,1.475,4.0,4.27,3.9,42.39,31479.0,35206.0,306586.0,3.26,775490.0,8.24,-468904.0,-4.99,-891958.0,-9.48,585372.0,6.22,5.0,1.387,1.388,156228000.0,216844464,216844464,2026-08-19,2026-08-19 10:37:54+08:00
589400,科创芯片设计ETF富国,0.765,0.7599,-0.67,-0.048,-5.9,85279.0,6669547.0,0.792,0.797,0.765,0.813,3.94,3.23,2.73,-5.07,29625.0,55654.0,-2215528.0,-33.22,0.0,0.0,-2215528.0,-33.22,1507850.0,22.61,707678.0,10.61,-1124.0,0.765,0.766,263785200.0,201795678,201795678,2026-08-19,2026-08-19 10:37:43+08:00
159206,卫星ETF永赢,1.4,1.4003,0.02,-0.088,-5.91,9008818.0,1300362698.283,1.514,1.515,1.4,1.488,7.73,8.66,7.78,17.13,3607680.0,5401138.0,-260246960.0,-20.06,-65181664.0,-5.02,-195065296.0,-15.03,113383095.0,8.74,146863862.0,11.32,-19874.0,1.399,1.4,10397953280.0,14557134592,14557134592,2026-08-19,2026-08-19 10:38:15+08:00
589980,科创100ETF汇添富,1.879,1.8769,-0.11,-0.118,-5.91,22873.0,4409866.0,1.919,1.977,1.879,1.997,4.91,1.86,2.94,20.45,6611.0,16262.0,-82714.0,-1.88,-794645.0,-18.02,711931.0,16.14,-317039.0,-7.19,399754.0,9.06,-80.0,1.879,1.88,123122000.0,231346238,231346238,2026-08-19,2026-08-19 10:37:44+08:00
561220,数字经济ETF工银,1.82,1.8202,0.01,-0.115,-5.94,21136.0,3925078.0,1.91,1.91,1.82,1.935,4.65,4.91,2.95,-7.84,10353.0,10783.0,-85993.0,-2.19,-8088.0,-0.21,-77905.0,-1.98,-176648.0,-4.5,262641.0,6.69,-60.0,1.817,1.82,43053000.0,78356460,78356460,2026-08-19,2026-08-19 10:37:49+08:00
588420,科创创业人工智能ETF摩根,1.194,1.1936,-0.03,-0.076,-5.98,85990.0,10455243.0,1.236,1.245,1.194,1.27,4.02,2.66,2.15,-23.32,30035.0,55955.0,-2401544.0,-22.97,607321.0,5.81,-3008865.0,-28.78,480393.0,4.59,1921151.0,18.38,-959.0,1.193,1.194,323648000.0,386435712,386435712,2026-08-19,2026-08-19 10:37:46+08:00
589270,科创100ETF前海开源,1.147,1.1462,-0.07,-0.073,-5.98,19363.0,2263804.0,1.204,1.204,1.147,1.22,4.67,7.9,2.13,0.02,7649.0,11714.0,739163.0,32.65,0.0,0.0,739163.0,32.65,-899501.0,-39.73,160339.0,7.08,28.0,1.145,1.147,24516600.0,28120540,28120540,2026-08-19,2026-08-19 10:37:43+08:00
159311,数字经济ETF易方达,1.479,1.4787,-0.02,-0.094,-5.98,6944.0,1045569.0,1.573,1.58,1.479,1.573,6.42,1.76,2.8,26.2,2490.0,4454.0,-316487.0,-30.27,-273793.0,-26.19,-42694.0,-4.08,-7176.0,-0.69,323663.0,30.96,10.0,1.477,1.478,39383993.0,58248926,58248926,2026-08-19,2026-08-19 10:38:12+08:00
588260,科创信息ETF华安,2.575,2.5703,-0.18,-0.164,-5.99,6957.0,1824829.0,2.7,2.7,2.575,2.739,4.56,1.49,1.58,-16.08,1204.0,5753.0,-274509.0,-15.04,107259.0,5.88,-381768.0,-20.92,-249405.0,-13.67,523915.0,28.71,-31.0,2.568,2.574,46746000.0,120370950,120370950,2026-08-19,2026-08-19 10:37:47+08:00
159997,电子ETF天弘,2.117,2.1137,-0.16,-0.135,-5.99,356602.0,77372138.24,2.188,2.196,2.117,2.252,3.51,4.72,2.78,-78.23,139680.0,216923.0,3873494.0,5.01,19028198.0,24.59,-15154704.0,-19.59,-7456194.0,-9.64,3582700.0,4.63,-12.0,2.117,2.118,756306640.0,1601101157,1601101157,2026-08-19,2026-08-19 10:38:03+08:00
159142,科创创业人工智能ETF景顺,1.206,1.2054,-0.05,-0.077,-6.0,448873.0,55221855.8,1.248,1.253,1.206,1.283,3.66,3.91,2.36,12.14,154002.0,294871.0,-12229971.0,-22.15,607355.0,1.1,-12837326.0,-23.25,2398596.0,4.34,9831375.0,17.8,-48.0,1.206,1.208,1149260144.0,1386007734,1386007734,2026-08-19,2026-08-19 10:38:15+08:00
159811,5GETF博时,2.961,2.9558,-0.18,-0.189,-6.0,44233.0,13370924.2,3.135,3.135,2.961,3.15,5.52,6.18,1.86,82.04,19305.0,24928.0,-264588.0,-1.98,1233639.0,9.23,-1498227.0,-11.21,-1569437.0,-11.74,1834026.0,13.72,-20.0,2.961,2.964,71543393.0,211839987,211839987,2026-08-19,2026-08-19 10:38:06+08:00
515980,人工智能ETF华富,1.032,1.0293,-0.26,-0.066,-6.01,1531812.0,160892192.0,1.07,1.07,1.032,1.098,3.46,2.57,2.18,19.92,629031.0,902781.0,-56280643.0,-34.98,-49694140.0,-30.89,-6586503.0,-4.09,25195785.0,15.66,31084755.0,19.32,-213.0,1.032,1.033,5954128896.0,6144661021,6144661021,2026-08-19,2026-08-19 10:37:54+08:00
159140,科创创业人工智能ETF易方达,1.265,1.2645,-0.04,-0.081,-6.02,343780.0,44364274.1,1.31,1.311,1.265,1.346,3.42,7.54,2.43,26.29,133613.0,210167.0,-10517657.0,-23.71,-7685118.0,-17.32,-2832539.0,-6.38,4244161.0,9.57,6273496.0,14.14,-30.0,1.265,1.266,455936832.0,576760092,576760092,2026-08-19,2026-08-19 10:38:15+08:00
588150,科创50ETF南方,1.197,1.1971,0.01,-0.077,-6.04,175134.0,21378719.0,1.247,1.25,1.196,1.274,4.24,4.83,1.95,-2.88,56631.0,118503.0,-5080409.0,-23.76,-3355079.0,-15.69,-1725330.0,-8.07,1573582.0,7.36,3506348.0,16.4,-110.0,1.197,1.198,362932608.0,434430332,434430332,2026-08-19,2026-08-19 10:37:49+08:00
515000,科技ETF华宝,1.287,1.2847,-0.18,-0.083,-6.06,819845.0,107601102.0,1.338,1.338,1.286,1.37,3.8,2.61,2.43,23.67,319869.0,499976.0,-19894014.0,-18.49,-7524657.0,-6.99,-12369357.0,-11.5,6826025.0,6.34,13066831.0,12.14,24.0,1.286,1.287,3146579296.0,4049647554,4049647554,2026-08-19,2026-08-19 10:37:57+08:00
561310,消电ETF国泰,0.712,0.7125,0.07,-0.046,-6.07,38590.0,2803214.0,0.736,0.739,0.712,0.758,3.56,3.58,1.32,-9.02,14272.0,24318.0,-110313.0,-3.94,-8152.0,-0.29,-102161.0,-3.64,-189068.0,-6.74,299381.0,10.68,-2.0,0.711,0.712,107833100.0,76777167,76777167,2026-08-19,2026-08-19 10:37:50+08:00
588220,科创100ETF鹏华,1.814,1.813,-0.06,-0.118,-6.11,2172487.0,402947865.0,1.881,1.891,1.813,1.932,4.04,6.16,2.42,7.81,1120742.0,1051746.0,-58521914.0,-14.52,-62623997.0,-15.54,4102083.0,1.02,33631366.0,8.35,24890547.0,6.18,106.0,1.813,1.814,3526197904.0,6396522998,6396522998,2026-08-19,2026-08-19 10:37:48+08:00
512220,TMTETF景顺,3.863,3.8474,-0.41,-0.252,-6.12,29782.0,11775404.0,3.96,4.04,3.863,4.115,4.3,1.44,2.05,-3.8,12565.0,17217.0,-2231135.0,-18.95,-143350.0,-1.22,-2087785.0,-17.73,-338311.0,-2.87,2569446.0,21.82,-14.0,3.86,3.863,206967600.0,799515839,799515839,2026-08-19,2026-08-19 10:38:00+08:00
588100,科创信息ETF嘉实,0.888,0.887,-0.11,-0.058,-6.13,72990.0,6622223.0,0.915,0.944,0.888,0.946,5.92,3.75,2.18,1.02,14632.0,58358.0,-1582305.0,-23.89,-2037493.0,-30.77,455188.0,6.87,1060263.0,16.01,522041.0,7.88,-30.0,0.888,0.889,194746200.0,172934626,172934626,2026-08-19,2026-08-19 10:37:46+08:00
588070,科创成长ETF万家,2.226,2.2228,-0.14,-0.147,-6.19,30308.0,6905941.0,2.276,2.325,2.224,2.373,4.26,7.89,1.56,24.61,11064.0,19244.0,-1830581.0,-26.51,426239.0,6.17,-2256820.0,-32.68,778739.0,11.28,1051841.0,15.23,20.0,2.223,2.226,38437000.0,85560762,85560762,2026-08-19,2026-08-19 10:37:47+08:00
159141,科创创业人工智能ETF永赢,1.18,1.1782,-0.15,-0.078,-6.2,485078.0,58435204.583,1.218,1.221,1.18,1.258,3.26,3.33,1.93,73.49,231352.0,253726.0,17434864.0,29.84,18059640.0,30.91,-624776.0,-1.07,-4807155.0,-8.23,-12627709.0,-21.61,110.0,1.179,1.18,1455060736.0,1716971668,1716971668,2026-08-19,2026-08-19 10:38:15+08:00
515880,通信ETF国泰,0.665,0.6652,0.03,-0.044,-6.21,32747662.0,2223237046.0,0.687,0.693,0.664,0.709,4.09,5.46,2.16,46.3,14599316.0,18148346.0,-502090736.0,-22.58,-530158528.0,-23.85,28067792.0,1.26,259667235.0,11.68,242419518.0,10.9,-29056.0,0.664,0.665,59957774080.0,39871919763,39871919763,2026-08-19,2026-08-19 10:37:54+08:00
588470,科创创业人工智能ETF华安,0.846,0.846,0.0,-0.056,-6.21,176460.0,15162753.0,0.871,0.88,0.845,0.902,3.88,6.71,3.68,-22.05,56261.0,120199.0,-3713949.0,-24.49,-1959098.0,-12.92,-1754851.0,-11.57,2105126.0,13.88,1608824.0,10.61,40.0,0.845,0.846,262907000.0,222419322,222419322,2026-08-19,2026-08-19 10:37:44+08:00
516800,智能制造ETF华宝,0.982,0.9793,-0.28,-0.065,-6.21,56432.0,5653093.0,1.015,1.024,0.982,1.047,4.01,3.16,2.36,5.38,23903.0,32529.0,-1958812.0,-34.65,0.0,0.0,-1958812.0,-34.65,928627.0,16.43,1030185.0,18.22,2.0,0.981,0.982,178308000.0,175098456,175098456,2026-08-19,2026-08-19 10:37:54+08:00
561600,消费电子ETF平安,0.739,0.7385,-0.07,-0.049,-6.22,124425.0,9378061.0,0.769,0.769,0.739,0.788,3.81,4.63,1.69,-8.36,54167.0,70258.0,-2717220.0,-28.97,-1229465.0,-13.11,-1487755.0,-15.86,743749.0,7.93,1973472.0,21.04,25.0,0.738,0.739,268548000.0,198456972,198456972,2026-08-19,2026-08-19 10:37:50+08:00
515320,电子50ETF华安,1.538,1.5416,0.23,-0.102,-6.22,98577.0,15463923.0,1.61,1.61,1.538,1.64,4.39,10.56,3.23,-9.75,39149.0,59428.0,2219556.0,14.35,3391082.0,21.93,-1171526.0,-7.58,-2606081.0,-16.85,386525.0,2.5,1755.0,1.538,1.539,93309000.0,143509242,143509242,2026-08-19,2026-08-19 10:37:58+08:00
563210,专精特新ETF富国,2.063,2.0581,-0.24,-0.137,-6.23,53276.0,11290518.0,2.156,2.163,2.063,2.2,4.55,4.51,2.23,-64.33,13836.0,39440.0,-1163581.0,-10.31,656019.0,5.81,-1819600.0,-16.12,-484508.0,-4.29,1648090.0,14.6,-30.0,2.061,2.062,118067000.0,243572221,243572221,2026-08-19,2026-08-19 10:37:47+08:00
562950,消费电子ETF易方达,1.562,1.5602,-0.12,-0.104,-6.24,439445.0,70098549.0,1.612,1.623,1.561,1.666,3.72,4.52,2.4,1.62,183330.0,256115.0,-4101948.0,-5.85,-1214603.0,-1.73,-2887345.0,-4.12,-3615396.0,-5.16,7717343.0,11.01,64.0,1.561,1.562,972258304.0,1518667471,1518667471,2026-08-19,2026-08-19 10:37:50+08:00
159779,消费电子ETF招商,1.45,1.4412,-0.61,-0.097,-6.27,36150.0,5371625.8,1.528,1.531,1.45,1.547,5.24,2.78,2.49,-15.68,15631.0,20519.0,-450126.0,-8.38,-1468503.0,-27.34,1018377.0,18.96,-556837.0,-10.37,1006964.0,18.75,-78.0,1.45,1.451,129869337.0,188310539,188310539,2026-08-19,2026-08-19 10:38:06+08:00
515260,电子ETF华宝,0.852,0.8519,-0.01,-0.057,-6.27,467433.0,40595455.0,0.88,0.888,0.851,0.909,4.07,5.41,2.44,11.63,183149.0,284284.0,-2284187.0,-5.63,774290.0,1.91,-3058477.0,-7.54,-781252.0,-1.92,3065440.0,7.55,67.0,0.851,0.852,864568400.0,736612277,736612277,2026-08-19,2026-08-19 10:37:58+08:00
515050,通信ETF华夏,1.032,1.0319,-0.01,-0.069,-6.27,8596259.0,905470047.0,1.066,1.073,1.031,1.101,3.81,5.06,2.85,33.24,3502164.0,5094095.0,-123227858.0,-13.61,-111497776.0,-12.31,-11730082.0,-1.3,29168939.0,3.22,94049320.0,10.39,5109.0,1.031,1.032,17005205504.0,17549372080,17549372080,2026-08-19,2026-08-19 10:37:56+08:00
560770,机器人ETF招商,0.968,0.9664,-0.17,-0.065,-6.29,280316.0,27617955.0,1.022,1.022,0.966,1.033,5.42,1.7,3.64,-13.04,91714.0,188602.0,-7899850.0,-28.6,-8162275.0,-29.55,262425.0,0.95,3905081.0,14.14,3994770.0,14.46,-72.0,0.968,0.969,1653133008.0,1600232752,1600232752,2026-08-19,2026-08-19 10:37:54+08:00
159994,通信ETF银华,1.265,1.2653,0.02,-0.085,-6.3,1312399.0,169610530.93,1.302,1.312,1.264,1.35,3.56,3.44,2.51,14.89,699101.0,613298.0,-33034725.0,-19.48,-19247584.0,-11.35,-13787141.0,-8.13,10255589.0,6.05,22779134.0,13.43,897.0,1.264,1.265,3815003360.0,4825979250,4825979250,2026-08-19,2026-08-19 10:38:03+08:00
561100,消费电子ETF富国,1.62,1.6206,0.04,-0.109,-6.3,183086.0,30357536.0,1.691,1.691,1.62,1.729,4.11,3.17,1.75,-8.0,85052.0,98034.0,-4641470.0,-15.29,-4271215.0,-14.07,-370255.0,-1.22,854362.0,2.81,3787108.0,12.48,-118.0,1.619,1.62,576746896.0,934329972,934329972,2026-08-19,2026-08-19 10:37:54+08:00
560630,机器人ETF万家,1.099,1.0955,-0.32,-0.074,-6.31,96461.0,10768171.0,1.161,1.161,1.098,1.173,5.37,5.98,3.93,4.99,43656.0,52805.0,-3562961.0,-33.09,-2556103.0,-23.74,-1006858.0,-9.35,1656536.0,15.38,1906425.0,17.7,-20.0,1.098,1.099,161394000.0,177372006,177372006,2026-08-19,2026-08-19 10:37:54+08:00
159526,机器人ETF嘉实,1.439,1.4379,-0.08,-0.097,-6.32,146057.0,21349941.785,1.51,1.51,1.438,1.536,4.69,2.48,2.47,-12.54,57146.0,88911.0,78360.0,0.37,345766.0,1.62,-267406.0,-1.25,-3034957.0,-14.22,2956598.0,13.85,-1302.0,1.439,1.44,588962960.0,847517699,847517699,2026-08-19,2026-08-19 10:38:09+08:00
159583,通信ETF富国,1.658,1.6582,0.01,-0.112,-6.33,1840391.0,311312486.2,1.708,1.716,1.656,1.77,3.39,7.93,1.84,-0.82,806952.0,1033439.0,-65291348.0,-20.97,-37872706.0,-12.17,-27418642.0,-8.81,12360733.0,3.97,52930615.0,17.0,-568.0,1.657,1.658,2320592896.0,3847543022,3847543022,2026-08-19,2026-08-19 10:38:06+08:00
159770,机器人ETF天弘,1.007,1.0051,-0.19,-0.068,-6.33,1714255.0,175365484.8,1.06,1.06,1.005,1.075,5.12,2.82,4.25,32.4,649694.0,1064561.0,-57780390.0,-32.95,-61187727.0,-34.89,3407337.0,1.94,26734736.0,15.25,31045655.0,17.7,30.0,1.006,1.007,6083587840.0,6126172955,6126172955,2026-08-19,2026-08-19 10:38:06+08:00
589210,科创芯片设计ETF广发,0.678,0.6756,-0.36,-0.046,-6.35,555413.0,38789549.0,0.705,0.709,0.678,0.724,4.28,4.49,3.2,5.45,214226.0,341187.0,-2265953.0,-5.84,-73409.0,-0.19,-2192544.0,-5.65,947702.0,2.44,1318249.0,3.4,210.0,0.677,0.678,1236938000.0,838643964,838643964,2026-08-19,2026-08-19 10:37:43+08:00
562500,机器人ETF华夏,0.971,0.9709,-0.01,-0.066,-6.36,8023548.0,792381835.0,1.02,1.021,0.97,1.037,4.92,4.43,4.8,19.76,2867002.0,5156546.0,-278729125.0,-35.18,-315001805.0,-39.76,36272680.0,4.58,131979894.0,16.66,146748260.0,18.52,382.0,0.97,0.971,18124187392.0,17598585958,17598585958,2026-08-19,2026-08-19 10:37:49+08:00
588020,科创成长ETF易方达,0.868,0.8685,0.06,-0.059,-6.36,2407727.0,214271253.0,0.899,0.902,0.868,0.927,3.67,12.24,2.38,24.7,891138.0,1516589.0,-21817543.0,-10.18,-18805839.0,-8.78,-3011704.0,-1.41,7865934.0,3.67,13951609.0,6.51,-1165.0,0.868,0.869,1967373008.0,1707679771,1707679771,2026-08-19,2026-08-19 10:37:46+08:00
588920,科创芯片ETF鹏华,1.145,1.1449,-0.01,-0.078,-6.38,163698.0,19186231.0,1.19,1.195,1.145,1.223,4.09,5.25,1.9,-6.72,70002.0,93696.0,-2315477.0,-12.07,742372.0,3.87,-3057849.0,-15.94,-1171767.0,-6.11,3487244.0,18.18,-13.0,1.145,1.146,311876000.0,357098020,357098020,2026-08-19,2026-08-19 10:37:43+08:00
159213,机器人ETF汇添富,1.171,1.1693,-0.15,-0.08,-6.39,272281.0,32361383.4,1.242,1.242,1.169,1.251,5.84,5.57,2.99,-14.42,104950.0,167331.0,-4955048.0,-15.31,-3488187.0,-10.78,-1466861.0,-4.53,966670.0,2.99,3988378.0,12.32,11.0,1.17,1.171,488737568.0,572311692,572311692,2026-08-19,2026-08-19 10:38:15+08:00
159258,机器人ETF南方,1.098,1.0964,-0.15,-0.075,-6.39,249743.0,27853870.7,1.155,1.157,1.096,1.173,5.2,1.88,2.74,-5.02,62147.0,187596.0,-5410332.0,-19.42,-1619070.0,-5.81,-3791262.0,-13.61,2383544.0,8.56,3026788.0,10.87,100.0,1.097,1.098,1325765664.0,1455690699,1455690699,2026-08-19,2026-08-19 10:38:12+08:00
588710,科创半导体设备ETF华泰柏瑞,1.067,1.0657,-0.12,-0.073,-6.4,8113121.0,891370005.0,1.097,1.12,1.066,1.14,4.74,7.7,3.18,34.05,3780625.0,4332496.0,-160226037.0,-17.98,-124251893.0,-13.94,-35974144.0,-4.04,66347912.0,7.45,93876007.0,10.53,2043.0,1.066,1.067,10542885120.0,11249258423,11249258423,2026-08-19,2026-08-19 10:37:45+08:00
588770,科创信息ETF摩根,1.872,1.8709,-0.06,-0.128,-6.4,42789.0,8157779.0,1.964,1.964,1.872,2.0,4.6,1.37,1.89,10.84,21805.0,20985.0,419357.0,5.14,579966.0,7.11,-160609.0,-1.97,200485.0,2.46,-619843.0,-7.6,-97.0,1.871,1.873,311597104.0,583309779,583309779,2026-08-19,2026-08-19 10:37:43+08:00
159539,信创ETF广发,1.797,1.7943,-0.15,-0.123,-6.41,18228.0,3369037.5,1.858,1.87,1.797,1.92,3.8,3.34,4.18,-9.11,12739.0,5489.0,-1012839.0,-30.06,-1532214.0,-45.48,519375.0,15.42,539781.0,16.02,473058.0,14.04,50.0,1.796,1.797,54565182.0,98053632,98053632,2026-08-19,2026-08-19 10:38:09+08:00
562360,机器人ETF银华,1.05,1.0473,-0.26,-0.072,-6.42,170189.0,18142159.0,1.113,1.113,1.046,1.122,5.97,5.82,3.25,5.32,85610.0,84579.0,-3327097.0,-18.34,-4270369.0,-23.54,943272.0,5.2,93629.0,0.52,3233469.0,17.82,100.0,1.048,1.05,292474000.0,307097700,307097700,2026-08-19,2026-08-19 10:37:50+08:00
159516,半导体设备ETF国泰,0.744,0.7432,-0.11,-0.051,-6.42,34890358.0,2669433698.259,0.77,0.779,0.743,0.795,4.53,6.0,2.18,41.87,13705628.0,21184731.0,-448464560.0,-16.81,-387170304.0,-14.52,-61294256.0,-2.3,206772224.0,7.75,241692352.0,9.06,31644.0,0.743,0.744,58196359936.0,43298091792,43298091792,2026-08-19,2026-08-19 10:38:09+08:00
512480,半导体ETF国联安,1.059,1.0581,-0.09,-0.073,-6.45,9986953.0,1085122292.0,1.1,1.105,1.058,1.132,4.15,5.37,2.59,22.83,4214588.0,5772365.0,-255628098.0,-23.56,-270785344.0,-24.95,15157246.0,1.4,102911243.0,9.48,152741515.0,14.08,2004.0,1.058,1.059,18614007296.0,19712233726,19712233726,2026-08-19,2026-08-19 10:38:00+08:00
589130,科创芯片ETF易方达,1.418,1.4169,-0.08,-0.098,-6.46,1213427.0,176373516.0,1.47,1.48,1.416,1.516,4.22,3.73,2.47,3.22,406815.0,806612.0,-15886343.0,-9.01,-6468356.0,-3.67,-9417987.0,-5.34,2205545.0,1.25,13677963.0,7.76,62.0,1.417,1.418,3254780000.0,4615278040,4615278040,2026-08-19,2026-08-19 10:37:44+08:00
588990,科创芯片ETF博时,3.724,3.7218,-0.06,-0.257,-6.46,67566.0,25841819.0,3.847,3.889,3.724,3.981,4.14,3.45,1.89,48.45,28993.0,38573.0,-611820.0,-2.37,2203202.0,8.53,-2815022.0,-10.89,-3500389.0,-13.55,4108856.0,15.9,-50.0,3.723,3.727,195745400.0,728955870,728955870,2026-08-19,2026-08-19 10:37:44+08:00
589250,科创芯片设计ETF浦银,1.244,1.2439,-0.01,-0.086,-6.47,35178.0,4475616.0,1.288,1.304,1.243,1.33,4.59,4.23,2.15,-15.26,7885.0,27293.0,85142.0,1.9,0.0,0.0,85142.0,1.9,-891893.0,-19.93,806751.0,18.03,174.0,1.242,1.247,83101300.0,103378017,103378017,2026-08-19,2026-08-19 10:37:40+08:00
589190,科创芯片ETF华宝,0.649,0.6487,-0.05,-0.045,-6.48,450648.0,29939502.0,0.678,0.683,0.649,0.694,4.9,1.66,1.72,11.57,183642.0,267006.0,-3615338.0,-12.08,-1712164.0,-5.72,-1903174.0,-6.36,685373.0,2.29,2929964.0,9.79,100.0,0.648,0.649,2719562000.0,1764995738,1764995738,2026-08-19,2026-08-19 10:37:43+08:00
588890,科创芯片ETF南方,4.04,4.0415,0.04,-0.28,-6.48,229398.0,95031824.0,4.188,4.219,4.038,4.32,4.19,2.69,2.14,63.78,91069.0,138329.0,-2719074.0,-2.86,-2980711.0,-3.14,261637.0,0.28,-3212423.0,-3.38,5931497.0,6.24,-26.0,4.037,4.04,851810000.0,3441312400,3441312400,2026-08-19,2026-08-19 10:37:44+08:00
589160,科创芯片ETF广发,1.297,1.2954,-0.12,-0.09,-6.49,169491.0,22552066.0,1.335,1.355,1.297,1.387,4.18,6.09,2.17,11.51,66549.0,102942.0,-2909745.0,-12.9,1803730.0,8.0,-4713475.0,-20.9,-685973.0,-3.04,3595717.0,15.95,-18.0,1.296,1.297,278296000.0,360949912,360949912,2026-08-19,2026-08-19 10:37:42+08:00
159540,信创ETF易方达,1.928,1.9254,-0.14,-0.134,-6.5,57587.0,11350877.8,1.997,2.023,1.927,2.062,4.66,4.7,2.09,33.54,15132.0,42455.0,-874064.0,-7.7,-13318.0,-0.12,-860746.0,-7.58,202328.0,1.78,671737.0,5.92,2.0,1.927,1.928,122505191.0,236190008,236190008,2026-08-19,2026-08-19 10:38:09+08:00
159551,机器人ETF国泰,1.264,1.2618,-0.17,-0.088,-6.51,129694.0,16700403.1,1.34,1.34,1.263,1.352,5.7,4.27,2.72,-18.76,44714.0,84980.0,-3206149.0,-19.24,-4604489.0,-27.64,1398340.0,8.39,1279015.0,7.68,1927135.0,11.57,-320.0,1.263,1.264,303920928.0,384156053,384156053,2026-08-19,2026-08-19 10:38:09+08:00
589260,科创芯片设计ETF国泰,1.247,1.2457,-0.1,-0.087,-6.52,20771.0,2655979.0,1.321,1.321,1.247,1.334,5.55,3.77,1.5,-27.86,8228.0,12543.0,-563837.0,-21.23,-465551.0,-17.53,-98286.0,-3.7,-3582.0,-0.13,567420.0,21.36,-6.0,1.245,1.246,55156000.0,68779532,68779532,2026-08-19,2026-08-19 10:37:43+08:00
589390,科创芯片设计ETF招商,0.76,0.7592,-0.11,-0.053,-6.52,455555.0,35913771.0,0.795,0.795,0.76,0.813,4.31,3.71,5.44,-6.7,383815.0,71740.0,-3446334.0,-9.6,-4066862.0,-11.33,620528.0,1.73,1751792.0,4.88,1694541.0,4.72,50.0,0.759,0.76,1227810496.0,933135977,933135977,2026-08-19,2026-08-19 10:37:44+08:00
588170,科创半导体ETF华夏,1.032,1.0324,0.04,-0.072,-6.52,39623958.0,4211642759.0,1.066,1.084,1.032,1.104,4.71,10.02,2.11,49.43,17798924.0,21825034.0,-879685392.0,-20.9,-859145968.0,-20.41,-20539424.0,-0.49,415973904.0,9.88,463721799.0,11.02,-28314.0,1.032,1.033,39561446912.0,40827413213,40827413213,2026-08-19,2026-08-19 10:37:46+08:00
159582,半导体ETF博时,0.788,0.786,-0.25,-0.055,-6.52,809322.0,65448529.264,0.812,0.824,0.787,0.843,4.39,8.38,2.09,82.05,265757.0,543565.0,-8606333.0,-13.15,289069.0,0.44,-8895402.0,-13.59,-63392.0,-0.1,8669724.0,13.25,148.0,0.787,0.788,965608112.0,760899192,760899192,2026-08-19,2026-08-19 10:38:06+08:00
159537,信创ETF国泰,0.902,0.9027,0.08,-0.063,-6.53,54024.0,4978928.6,0.94,0.943,0.902,0.965,4.25,3.72,3.34,23.44,18605.0,35419.0,-1421389.0,-28.55,-2124912.0,-42.68,703523.0,14.13,421231.0,8.46,1000157.0,20.09,-400.0,0.902,0.903,145285204.0,131047254,131047254,2026-08-19,2026-08-19 10:38:09+08:00
159325,半导体ETF南方,2.172,2.1704,-0.07,-0.152,-6.54,417559.0,93115259.7,2.236,2.268,2.172,2.324,4.13,8.44,2.15,64.65,144000.0,273559.0,-17313852.0,-18.59,-2588786.0,-2.78,-14725066.0,-15.81,-4275649.0,-4.59,21589501.0,23.19,-56.0,2.172,2.173,494460528.0,1073968267,1073968267,2026-08-19,2026-08-19 10:38:12+08:00
589070,科创芯片设计ETF天弘,1.071,1.0677,-0.31,-0.075,-6.54,1265309.0,138718829.0,1.117,1.12,1.071,1.146,4.28,7.0,2.09,13.43,411183.0,854126.0,-10347568.0,-7.46,9034059.0,6.51,-19381627.0,-13.97,4807034.0,3.47,5540534.0,3.99,-357.0,1.07,1.071,1807293008.0,1935610812,1935610812,2026-08-19,2026-08-19 10:37:43+08:00
561980,半导体设备ETF招商,0.715,0.7131,-0.27,-0.05,-6.54,3699318.0,271644869.0,0.741,0.748,0.714,0.765,4.44,4.59,2.45,29.24,1566754.0,2132564.0,-32868481.0,-12.1,-24267909.0,-8.94,-8600572.0,-3.17,24789767.0,9.13,8090994.0,2.98,1609.0,0.714,0.715,8060549888.0,5763293170,5763293170,2026-08-19,2026-08-19 10:37:51+08:00
588780,科创芯片设计ETF国联安,0.984,0.985,0.1,-0.069,-6.55,1870526.0,188591232.0,1.028,1.03,0.984,1.053,4.37,19.49,3.97,43.32,694532.0,1175994.0,-19882953.0,-10.54,-12471248.0,-6.61,-7411705.0,-3.93,5938266.0,3.15,13944687.0,7.39,-100.0,0.984,0.985,959902000.0,944543568,944543568,2026-08-19,2026-08-19 10:37:44+08:00
589350,科创芯片设计ETF银华,0.769,0.7692,0.03,-0.054,-6.56,173635.0,13681543.0,0.804,0.804,0.769,0.823,4.25,8.42,2.95,20.23,45130.0,128505.0,-3611374.0,-26.51,-672069.0,-4.93,-2939305.0,-21.58,1647423.0,12.09,1963950.0,14.42,773.0,0.769,0.77,206281500.0,158630474,158630474,2026-08-19,2026-08-19 10:37:43+08:00
562590,半导体设备ETF华夏,1.053,1.0513,-0.16,-0.074,-6.57,3764590.0,407567273.0,1.087,1.105,1.052,1.127,4.7,4.41,2.23,21.84,1670390.0,2094200.0,-65711573.0,-16.12,-39219907.0,-9.62,-26491666.0,-6.5,19492621.0,4.78,46166301.0,11.33,2093.0,1.052,1.053,8530989056.0,8983131476,8983131476,2026-08-19,2026-08-19 10:37:49+08:00
159558,半导体设备ETF易方达,1.167,1.1672,0.02,-0.082,-6.57,10118506.0,1215864933.27,1.207,1.225,1.166,1.249,4.72,5.67,2.17,26.51,4355895.0,5762610.0,-257429096.0,-21.19,-182390792.0,-15.01,-75038304.0,-6.18,87645893.0,7.21,169783212.0,13.97,8213.0,1.167,1.168,17855564032.0,20837443225,20837443225,2026-08-19,2026-08-19 10:38:09+08:00
589170,科创芯片设计ETF鹏华,1.08,1.0787,-0.12,-0.076,-6.57,47543.0,5259547.0,1.116,1.129,1.08,1.156,4.24,3.5,2.46,-7.88,12115.0,35428.0,-1821288.0,-34.63,-2137501.0,-40.64,316213.0,6.01,1143599.0,21.74,677689.0,12.88,-10.0,1.078,1.081,135909000.0,146781720,146781720,2026-08-19,2026-08-19 10:37:44+08:00
589100,科创芯片ETF国泰,0.923,0.9229,-0.01,-0.065,-6.58,405656.0,38417730.0,0.95,0.964,0.923,0.988,4.15,4.67,2.39,14.92,141127.0,264529.0,-5728749.0,-14.91,-4237298.0,-11.03,-1491451.0,-3.88,2677901.0,6.97,3047618.0,7.93,10.0,0.922,0.923,869442496.0,802495424,802495424,2026-08-19,2026-08-19 10:37:44+08:00
159327,半导体设备ETF万家,1.192,1.1924,0.03,-0.084,-6.58,1572359.0,193123110.0,1.224,1.251,1.191,1.276,4.7,5.76,2.73,49.57,562300.0,1010059.0,-26145637.0,-13.54,18444984.0,9.55,-44590621.0,-23.09,6830629.0,3.54,19315008.0,10.0,-233.0,1.192,1.194,2728574096.0,3252460322,3252460322,2026-08-19,2026-08-19 10:38:12+08:00
588110,科创成长ETF广发,0.638,0.6381,0.02,-0.045,-6.59,830858.0,54358482.0,0.665,0.665,0.637,0.683,4.1,9.88,2.72,10.76,255173.0,575685.0,-10591323.0,-19.48,-6279414.0,-11.55,-4311909.0,-7.93,5348013.0,9.84,5244076.0,9.65,878.0,0.637,0.638,841032000.0,536578416,536578416,2026-08-19,2026-08-19 10:37:47+08:00
588810,科创芯片ETF富国,2.552,2.5522,0.01,-0.18,-6.59,238931.0,62785697.0,2.642,2.665,2.552,2.732,4.14,4.1,1.97,6.78,119355.0,119576.0,-8190223.0,-13.04,2204578.0,3.51,-10394801.0,-16.56,258873.0,0.41,7931351.0,12.63,-130.0,2.551,2.552,582324000.0,1486090848,1486090848,2026-08-19,2026-08-19 10:37:44+08:00
588200,科创芯片ETF嘉实,1.191,1.1908,-0.02,-0.084,-6.59,18447226.0,2257013585.0,1.24,1.244,1.191,1.275,4.16,4.39,2.09,36.83,7787216.0,10660010.0,-355159088.0,-15.74,-316202272.0,-14.01,-38956816.0,-1.73,154535818.0,6.85,200623046.0,8.89,-2181.0,1.191,1.192,41996684288.0,50018050987,50018050987,2026-08-19,2026-08-19 10:37:46+08:00
589420,科创芯片设计ETF永赢,0.765,0.7627,-0.3,-0.054,-6.59,95768.0,7445113.0,0.81,0.81,0.764,0.819,5.62,2.76,2.08,-3.99,19908.0,75860.0,-1412088.0,-18.97,-2230244.0,-29.96,818156.0,10.99,671916.0,9.02,740171.0,9.94,-708.0,0.764,0.766,346481504.0,265058351,265058351,2026-08-19,2026-08-19 10:37:39+08:00
588290,科创芯片ETF华安,3.493,3.4962,0.09,-0.247,-6.6,381284.0,136645149.0,3.636,3.649,3.493,3.74,4.17,2.38,1.94,-1.98,142790.0,238494.0,-20163657.0,-14.76,-9287184.0,-6.8,-10876473.0,-7.96,-568794.0,-0.42,20732452.0,15.17,-138.0,3.494,3.496,1601397008.0,5593679749,5593679749,2026-08-19,2026-08-19 10:37:47+08:00
589290,科创芯片设计ETF汇添富,0.791,0.7906,-0.05,-0.056,-6.61,33584.0,2713862.0,0.834,0.834,0.791,0.847,5.08,2.63,1.69,20.65,9394.0,24190.0,-1437116.0,-52.95,-681912.0,-25.13,-755204.0,-27.83,569338.0,20.98,867778.0,31.98,-380.0,0.79,0.791,127848900.0,101128480,101128480,2026-08-19,2026-08-19 10:37:43+08:00
588450,科创50增强ETF招商,2.187,2.1845,-0.11,-0.155,-6.62,58629.0,13161199.0,2.253,2.301,2.187,2.342,4.87,10.74,4.43,6.32,21040.0,37589.0,-4937878.0,-37.52,1108598.0,8.42,-6046476.0,-45.94,1878434.0,14.27,3059442.0,23.25,-3.0,2.184,2.187,54568700.0,119341747,119341747,2026-08-19,2026-08-19 10:37:46+08:00
159560,芯片ETF景顺,2.327,2.3208,-0.27,-0.165,-6.62,72269.0,17256886.456,2.401,2.437,2.326,2.492,4.45,3.89,2.52,-55.36,29880.0,42389.0,-4195423.0,-24.31,0.0,0.0,-4195423.0,-24.31,802386.0,4.65,3393038.0,19.66,1.0,2.326,2.327,185916460.0,432627602,432627602,2026-08-19,2026-08-19 10:38:09+08:00
588750,科创芯片ETF汇添富,2.384,2.3843,0.01,-0.169,-6.62,866484.0,212150094.0,2.47,2.489,2.383,2.553,4.15,2.77,2.93,19.81,292746.0,573738.0,-30502410.0,-14.38,-6331741.0,-2.98,-24170669.0,-11.39,7034369.0,3.32,23468042.0,11.06,10.0,2.383,2.384,3130228000.0,7462463552,7462463552,2026-08-19,2026-08-19 10:37:44+08:00
516920,芯片ETF汇添富,1.434,1.4334,-0.04,-0.102,-6.64,166319.0,24529255.0,1.488,1.498,1.434,1.536,4.17,3.6,2.1,-20.87,61680.0,104639.0,-4947084.0,-20.17,-2159447.0,-8.8,-2787637.0,-11.36,-281896.0,-1.15,5228980.0,21.32,-8.0,1.434,1.435,461963008.0,662454953,662454953,2026-08-19,2026-08-19 10:37:54+08:00
159663,机床ETF华夏,1.009,1.0074,-0.16,-0.072,-6.66,408263.0,42029876.5,1.06,1.06,1.008,1.081,4.81,9.7,1.64,-7.55,175240.0,233023.0,-3587771.0,-8.54,802042.0,1.91,-4389813.0,-10.44,-646989.0,-1.54,4234759.0,10.08,361.0,1.008,1.009,421035168.0,424824485,424824485,2026-08-19,2026-08-19 10:38:06+08:00
512760,芯片ETF国泰,1.122,1.1219,-0.01,-0.08,-6.66,2753240.0,316859652.0,1.17,1.172,1.122,1.202,4.16,2.98,2.11,23.26,965462.0,1787778.0,-78540351.0,-24.79,-64130295.0,-20.24,-14410056.0,-4.55,25092605.0,7.92,53449430.0,16.87,-265.0,1.122,1.123,9227445504.0,10353193855,10353193855,2026-08-19,2026-08-19 10:38:01+08:00
159310,芯片ETF天弘,2.886,2.8823,-0.13,-0.207,-6.69,51945.0,15423257.3,2.983,3.012,2.886,3.093,4.07,1.06,2.33,-31.14,19857.0,32088.0,-3148173.0,-20.41,9270.0,0.06,-3157443.0,-20.47,-144466.0,-0.94,3292638.0,21.35,-3.0,2.886,2.887,487981088.0,1408313420,1408313420,2026-08-19,2026-08-19 10:38:12+08:00
589020,科创半导体设备ETF鹏华,1.256,1.2565,0.04,-0.09,-6.69,5131540.0,663700799.0,1.3,1.319,1.256,1.346,4.68,12.63,2.02,22.56,2389675.0,2741865.0,-113039988.0,-17.1,-99602196.0,-15.07,-13437792.0,-2.03,38171236.0,5.77,74590297.0,11.28,20994.0,1.256,1.257,4064438000.0,5104934128,5104934128,2026-08-19,2026-08-19 10:37:44+08:00
560780,半导体设备ETF广发,1.097,1.0969,-0.01,-0.079,-6.72,4703948.0,531401429.0,1.13,1.152,1.097,1.176,4.68,3.83,2.09,16.86,2037928.0,2666020.0,-112388420.0,-21.15,-95668169.0,-18.0,-16720251.0,-3.15,45775826.0,8.61,66614130.0,12.54,-7228.0,1.097,1.098,12274488064.0,13465113406,13465113406,2026-08-19,2026-08-19 10:37:54+08:00
159599,芯片ETF东财,2.854,2.8431,-0.38,-0.206,-6.73,471925.0,138176926.5,2.969,2.977,2.853,3.06,4.05,7.23,2.4,-28.88,156559.0,315366.0,-32372450.0,-23.43,-11826432.0,-8.56,-20546018.0,-14.87,-8958079.0,-6.48,41330529.0,29.91,-151.0,2.854,2.855,652322064.0,1861727171,1861727171,2026-08-19,2026-08-19 10:38:06+08:00
589030,科创芯片设计ETF易方达,1.143,1.1431,0.01,-0.083,-6.77,1036083.0,121644628.0,1.182,1.201,1.143,1.226,4.73,18.05,6.2,14.0,477057.0,559026.0,-7500505.0,-6.17,-5399963.0,-4.44,-2100542.0,-1.73,1829600.0,1.5,5670905.0,4.66,-195.0,1.143,1.145,574077008.0,656170020,656170020,2026-08-19,2026-08-19 10:37:42+08:00
159667,工业母机ETF国泰,0.673,0.6727,-0.04,-0.049,-6.79,1742582.0,119570502.692,0.708,0.708,0.672,0.722,4.99,4.46,1.94,17.84,598606.0,1143976.0,-17386318.0,-14.54,-5724810.0,-4.79,-11661508.0,-9.75,5176892.0,4.33,12209426.0,10.21,312.0,0.672,0.673,3906050720.0,2628772135,2628772135,2026-08-19,2026-08-19 10:38:06+08:00
159801,芯片ETF广发,1.167,1.1645,-0.21,-0.085,-6.79,1327202.0,159025174.0,1.215,1.217,1.166,1.252,4.07,3.09,2.53,54.52,597659.0,729543.0,-53790201.0,-33.84,-33579034.0,-21.12,-20211167.0,-12.71,25270017.0,15.9,28520184.0,17.94,-481.0,1.166,1.167,4292120176.0,5008904245,5008904245,2026-08-19,2026-08-19 10:38:06+08:00
159546,集成电路ETF国泰,0.781,0.7792,-0.23,-0.057,-6.8,414206.0,33151656.2,0.807,0.82,0.78,0.838,4.77,6.05,2.25,3.29,123211.0,290995.0,-10723993.0,-32.37,1536603.0,4.64,-12260596.0,-37.01,4304464.0,12.99,6419528.0,19.38,256.0,0.78,0.781,684927824.0,534928631,534928631,2026-08-19,2026-08-19 10:38:09+08:00
159813,半导体ETF鹏华,0.753,0.7542,0.16,-0.055,-6.81,3470476.0,268336684.362,0.78,0.786,0.752,0.808,4.21,4.07,2.59,64.92,1348533.0,2121943.0,-93589343.0,-34.91,-105105711.0,-39.2,11516368.0,4.3,48148337.0,17.96,45441007.0,16.95,-2861.0,0.753,0.754,8535724800.0,6427400774,6427400774,2026-08-19,2026-08-19 10:38:06+08:00
516640,芯片ETF富国,1.477,1.4764,-0.04,-0.108,-6.81,719723.0,109189864.0,1.525,1.55,1.476,1.585,4.67,5.7,2.1,11.32,258030.0,461693.0,-28025481.0,-25.67,-8279800.0,-7.58,-19745681.0,-18.08,6783724.0,6.21,21241758.0,19.45,796.0,1.477,1.478,1262482800.0,1864687096,1864687096,2026-08-19,2026-08-19 10:37:55+08:00
159665,半导体龙头ETF工银,2.478,2.4767,-0.05,-0.182,-6.84,125568.0,31973234.2,2.584,2.585,2.478,2.66,4.02,5.2,1.93,16.9,48167.0,77401.0,-2830920.0,-8.85,191444.0,0.6,-3022364.0,-9.45,-4151362.0,-12.98,6982282.0,21.84,-56.0,2.478,2.479,241576860.0,598627459,598627459,2026-08-19,2026-08-19 10:38:06+08:00
516350,芯片ETF易方达,1.671,1.6696,-0.08,-0.123,-6.86,925022.0,159143127.0,1.735,1.745,1.67,1.794,4.18,6.53,2.46,6.0,310888.0,614134.0,-44538946.0,-27.99,-9998830.0,-6.28,-34540116.0,-21.7,6026671.0,3.79,38509100.0,24.2,656.0,1.671,1.672,1416415296.0,2366829960,2366829960,2026-08-19,2026-08-19 10:37:55+08:00
159995,芯片ETF华夏,1.177,1.1763,-0.06,-0.087,-6.88,5699767.0,687885039.993,1.223,1.227,1.175,1.264,4.11,2.45,2.97,31.75,2443763.0,3256004.0,-209471600.0,-30.45,-177073405.0,-25.74,-32398195.0,-4.71,78578470.0,11.42,130893133.0,19.03,2266.0,1.176,1.177,23246126080.0,27360690396,27360690396,2026-08-19,2026-08-19 10:38:03+08:00
562820,集成电路ETF嘉实,0.97,0.9703,0.03,-0.072,-6.91,247734.0,24795189.0,1.002,1.03,0.97,1.042,5.76,6.41,2.7,18.87,81378.0,166356.0,-2976570.0,-12.0,-137908.0,-0.56,-2838662.0,-11.45,-343123.0,-1.38,3319694.0,13.39,-74.0,0.97,0.971,386408000.0,374815760,374815760,2026-08-19,2026-08-19 10:37:50+08:00
159559,机器人ETF景顺,1.231,1.2277,-0.27,-0.094,-7.09,1075071.0,134574380.533,1.308,1.31,1.228,1.325,6.19,5.4,4.12,11.35,381431.0,693640.0,-28759548.0,-21.38,-13179346.0,-9.8,-15580202.0,-11.58,3317586.0,2.47,25441962.0,18.91,-238.0,1.23,1.231,1991576624.0,2451630824,2451630824,2026-08-19,2026-08-19 10:38:09+08:00
159530,机器人ETF易方达,1.365,1.3629,-0.15,-0.106,-7.21,7466774.0,1033504057.58,1.447,1.448,1.361,1.471,5.91,5.82,4.37,45.44,2925234.0,4541540.0,-209197824.0,-20.24,-192882048.0,-18.66,-16315776.0,-1.58,72801183.0,7.04,136396647.0,13.2,2619.0,1.364,1.365,12836613120.0,17521976909,17521976909,2026-08-19,2026-08-19 10:38:09+08:00
159278,机器人ETF鹏华,0.968,0.9662,-0.19,-0.076,-7.28,1922718.0,189528992.888,1.029,1.029,0.967,1.044,5.94,9.06,4.77,43.91,729032.0,1193686.0,-52139188.0,-27.51,-50642218.0,-26.72,-1496970.0,-0.79,25398377.0,13.4,26740812.0,14.11,-320.0,0.968,0.969,2121545856.0,2053656389,2053656389,2026-08-19,2026-08-19 10:38:12+08:00
159050,机器人ETF广发,0.871,0.8716,0.07,-0.069,-7.34,463259.0,40981401.26,0.93,0.93,0.869,0.94,6.49,6.86,4.09,9.9,174816.0,288443.0,-13964585.0,-34.08,-14334887.0,-34.98,370302.0,0.9,6949885.0,16.96,7014701.0,17.12,-37.0,0.87,0.871,675703616.0,588537850,588537850,2026-08-19,2026-08-19 10:38:18+08:00
159048,机器人ETF大成,0.878,0.8768,-0.14,-0.07,-7.38,223171.0,19895187.048,0.936,0.936,0.876,0.948,6.33,11.46,3.85,11.05,89960.0,133211.0,-3996149.0,-20.09,-4828290.0,-24.27,832141.0,4.18,1393770.0,7.01,2602378.0,13.08,-1.0,0.878,0.879,194803897.0,171037822,171037822,2026-08-19,2026-08-19 10:38:15+08:00
159272,机器人ETF富国,0.824,0.8222,-0.22,-0.066,-7.42,2569398.0,215450554.479,0.87,0.875,0.822,0.89,5.96,6.94,4.98,48.04,905092.0,1664305.0,-59264188.0,-27.51,-49958204.0,-23.19,-9305984.0,-4.32,28375291.0,13.17,30888897.0,14.34,261.0,0.823,0.824,3704164688.0,3052231703,3052231703,2026-08-19,2026-08-19 10:38:12+08:00
589700,科创成长ETF南方,2.209,2.2063,-0.12,-0.179,-7.5,55101.0,12490864.0,2.293,2.385,2.209,2.388,7.37,22.68,3.27,-7.04,17255.0,37846.0,-3374824.0,-27.02,-4874044.0,-39.02,1499220.0,12.0,668573.0,5.35,2706250.0,21.67,-45.0,2.207,2.21,24291000.0,53658819,53658819,2026-08-19,2026-08-19 10:37:44+08:00
588850,科创机械ETF嘉实,1.821,1.8209,-0.01,-0.148,-7.52,90527.0,16865112.0,1.904,1.921,1.821,1.969,5.08,11.21,2.68,-3.65,36808.0,53719.0,-1408911.0,-8.35,-1476886.0,-8.76,67975.0,0.4,-199610.0,-1.18,1608519.0,9.54,-29.0,1.82,1.821,80779000.0,147098559,147098559,2026-08-19,2026-08-19 10:37:44+08:00
159538,信创ETF富国,0.909,0.91,0.11,-0.074,-7.53,60936.0,5677574.8,0.946,0.953,0.909,0.983,4.48,2.45,2.11,26.56,25542.0,35394.0,-2693503.0,-47.48,-2644101.0,-46.61,-49402.0,-0.87,851353.0,15.01,1842150.0,32.48,-57.0,0.909,0.91,248608966.0,225985550,225985550,2026-08-19,2026-08-19 10:38:09+08:00
159039,机器人ETF华安,0.852,0.8501,-0.22,-0.071,-7.69,470528.0,40747618.0,0.917,0.917,0.852,0.923,7.04,5.24,2.91,-4.56,183586.0,286942.0,-14067572.0,-34.52,-10049945.0,-24.66,-4017627.0,-9.86,6327090.0,15.53,7740483.0,19.0,-27.0,0.852,0.853,897461424.0,764637133,764637133,2026-08-19,2026-08-19 10:38:18+08:00
560650,核心50ETF民生加银,,,,,,,,,,,1.068,,0.0,,0.0,,,,,,,,,,,,,,,,7919200.0,8457706,8457706,2026-08-19,2026-08-19 08:30:16+08:00
511930,货币ETF国联,,,,,,,,,,,99.998,,0.0,,47.77,,,,,,,,,,,,,,99.999,100.005,187700.0,18769625,18769625,2026-08-19,2026-08-19 10:37:51+08:00
511920,货币ETF广发,,,,,,,,,,,100.001,,0.0,,67.44,,,,,,,,,,,,,,99.998,100.003,317900.0,31790318,31790318,2026-08-19,2026-08-19 10:37:41+08:00
511910,融通货币ETF,,,,,,,,,,,99.999,,0.0,,52.9,,,,,,,,,,,,,,99.998,100.0,78700.0,7869921,7869921,2026-08-19,2026-08-19 10:37:36+08:00
511670,华泰天天金ETF,,,,,,,,,,,99.998,,0.0,,47.64,,,,,,,,,,,,,,99.997,100.005,133100.0,13309734,13309734,2026-08-19,2026-08-19 10:37:59+08:00
510090,责任ETF建信,,2.5082,,,,,,,,,2.515,,0.0,,-0.95,,,,,,,,,,,,,,2.506,2.51,24581100.0,61821467,61821467,2026-08-19,2026-08-19 10:37:42+08:00
