代码,名称,最新价,IOPV实时估值,基金折价率,涨跌额,涨跌幅,成交量,成交额,开盘价,最高价,最低价,昨收,振幅,换手率,量比,委比,外盘,内盘,主力净流入-净额,主力净流入-净占比,超大单净流入-净额,超大单净流入-净占比,大单净流入-净额,大单净流入-净占比,中单净流入-净额,中单净流入-净占比,小单净流入-净额,小单净流入-净占比,现手,买一,卖一,最新份额,流通市值,总市值,数据日期,更新时间
159072,粮食ETF景顺,1.129,1.1224,-0.59,0.06,5.61,160072.0,17909024.209,1.069,1.141,1.067,1.069,6.92,45.37,8.98,-96.22,99032.0,61040.0,-2848169.0,-15.9,1894864.0,10.58,-4743033.0,-26.48,2135385.0,11.92,712784.0,3.98,1.0,1.126,1.129,35285157.0,39836942,39836942,2026-08-18,2026-08-18 11:32:36+08:00
159587,粮食ETF广发,1.208,1.2034,-0.38,0.061,5.32,597209.0,71468031.7,1.149,1.227,1.147,1.147,6.97,34.83,8.67,71.45,337423.0,259786.0,-14677358.0,-20.54,-9366653.0,-13.11,-5310705.0,-7.43,8530087.0,11.94,6147270.0,8.6,213.0,1.207,1.208,171447031.0,207108013,207108013,2026-08-18,2026-08-18 11:33:15+08:00
159030,粮食ETF华夏,0.879,0.8758,-0.37,0.044,5.27,334624.0,29107028.149,0.835,0.892,0.835,0.835,6.83,11.58,7.57,-78.06,190525.0,144099.0,-5508814.0,-18.93,-1298554.0,-4.46,-4210260.0,-14.46,3189297.0,10.96,2319518.0,7.97,200.0,0.878,0.88,288968176.0,254003027,254003027,2026-08-18,2026-08-18 11:33:15+08:00
159038,粮食ETF易方达,0.941,0.9363,-0.5,0.046,5.14,341963.0,31980803.279,0.895,0.955,0.894,0.895,6.82,20.35,6.45,8.92,225374.0,116589.0,-6943283.0,-21.71,-3161651.0,-9.89,-3781632.0,-11.82,4353366.0,13.61,2589917.0,8.1,7.0,0.94,0.941,168026939.0,158113350,158113350,2026-08-18,2026-08-18 11:32:39+08:00
159063,粮食ETF南方,1.046,1.0471,0.11,0.051,5.13,186885.0,19446251.092,0.995,1.067,0.995,0.995,7.24,33.38,8.0,-73.52,107653.0,79232.0,-2043833.0,-10.51,-3108692.0,-15.99,1064859.0,5.48,784547.0,4.03,1259285.0,6.48,-100.0,1.046,1.049,55986647.0,58562033,58562033,2026-08-18,2026-08-18 11:32:45+08:00
159033,粮食ETF国泰,0.993,0.9934,0.04,0.048,5.08,472531.0,46838111.564,0.949,1.007,0.945,0.945,6.56,26.95,5.21,27.37,264129.0,208402.0,2727885.0,5.82,999967.0,2.13,1727918.0,3.69,-2200431.0,-4.7,-527455.0,-1.13,1000.0,0.992,0.994,175323473.0,174096209,174096209,2026-08-18,2026-08-18 11:32:33+08:00
159698,粮食ETF鹏华,0.933,0.9317,-0.14,0.045,5.07,1402428.0,129447760.5,0.887,0.95,0.885,0.888,7.32,12.17,4.64,57.42,837243.0,565185.0,-5146523.0,-3.98,4436799.0,3.43,-9583322.0,-7.4,4014091.0,3.1,1132432.0,0.87,-113.0,0.933,0.934,1151944384.0,1074764110,1074764110,2026-08-18,2026-08-18 11:32:21+08:00
159031,粮食ETF博时,0.972,0.9724,0.04,0.045,4.85,99658.0,9586606.589,0.922,0.985,0.922,0.927,6.8,1.89,3.15,-1.75,63457.0,36200.0,-1026818.0,-10.71,-1132928.0,-11.82,106110.0,1.11,799310.0,8.34,227508.0,2.37,50.0,0.971,0.973,528028624.0,513243823,513243823,2026-08-18,2026-08-18 11:32:33+08:00
159060,粮食ETF浦银,1.019,1.0293,1.0,0.042,4.3,250925.0,25633461.25,0.975,1.052,0.975,0.977,7.88,38.91,92.17,-52.64,132366.0,118560.0,-679444.0,-2.65,-12476978.0,-48.67,11797534.0,46.02,-79132.0,-0.31,758575.0,2.96,-20.0,1.02,1.024,64483423.0,65708608,65708608,2026-08-18,2026-08-18 11:33:21+08:00
513350,标普油气ETF富国,1.306,1.2991,-0.53,0.037,2.92,6256372.0,815410486.0,1.298,1.316,1.292,1.269,1.89,75.04,1.74,0.41,3525676.0,2730696.0,6004322.0,0.74,3385346.0,0.42,2618976.0,0.32,-3387433.0,-0.42,-2616893.0,-0.32,23.0,1.306,1.307,833746000.0,1088872276,1088872276,2026-08-18,2026-08-18 11:32:59+08:00
159173,农牧ETF南方,0.886,0.8864,0.05,0.024,2.78,32280.0,2847108.8,0.862,0.891,0.862,0.862,3.36,6.4,1.85,15.03,20395.0,11885.0,160489.0,5.64,-232106.0,-8.15,392595.0,13.79,-190546.0,-6.69,30057.0,1.06,45.0,0.885,0.887,50455388.0,44703474,44703474,2026-08-18,2026-08-18 11:33:15+08:00
159518,标普油气ETF嘉实,1.24,1.2382,-0.15,0.032,2.65,2484354.0,307558087.77,1.234,1.246,1.229,1.208,1.41,15.0,1.47,-3.32,1500751.0,983603.0,1826938.0,0.59,11218420.0,3.65,-9391482.0,-3.05,862218.0,0.28,-2689156.0,-0.87,200.0,1.239,1.24,1656325376.0,2053843466,2053843466,2026-08-18,2026-08-18 11:33:15+08:00
560210,农牧渔ETF景顺,0.815,0.8164,0.17,0.021,2.64,121394.0,9861639.0,0.794,0.821,0.794,0.794,3.4,2.3,3.47,-78.29,78786.0,42608.0,1369040.0,13.88,1671006.0,16.94,-301966.0,-3.06,-1069382.0,-10.84,-299659.0,-3.04,-2549.0,0.814,0.818,527522000.0,429930430,429930430,2026-08-18,2026-08-18 11:32:50+08:00
159275,农牧渔ETF华宝,0.859,0.8587,-0.03,0.022,2.63,69059.0,5894086.9,0.833,0.863,0.833,0.837,3.58,2.73,1.4,-53.67,39766.0,29293.0,173575.0,2.94,0.0,0.0,173575.0,2.94,363064.0,6.16,-536638.0,-9.1,5.0,0.856,0.859,253302909.0,217587199,217587199,2026-08-18,2026-08-18 11:32:39+08:00
159985,豆粕ETF华夏,2.197,2.1302,-3.14,0.048,2.23,1403007.0,307444080.851,2.18,2.206,2.176,2.149,1.4,9.05,3.27,-25.17,741717.0,661290.0,6784907.0,2.21,-609076.0,-0.2,7393983.0,2.4,-743468.0,-0.24,-6041439.0,-1.97,-90.0,2.197,2.198,1549924064.0,3405183169,3405183169,2026-08-18,2026-08-18 11:33:06+08:00
562900,农业ETF易方达,0.697,0.6968,-0.03,0.015,2.2,301848.0,20945903.0,0.682,0.7,0.68,0.682,2.93,13.03,4.2,-32.56,190158.0,111690.0,114969.0,0.55,-153720.0,-0.73,268689.0,1.28,620959.0,2.96,-735927.0,-3.51,-342.0,0.696,0.697,231706300.0,161499291,161499291,2026-08-18,2026-08-18 11:32:38+08:00
516810,农业ETF华夏,0.759,0.7579,-0.15,0.016,2.15,746193.0,56451724.0,0.74,0.763,0.74,0.743,3.1,14.07,1.5,-0.25,357124.0,389069.0,-4517714.0,-8.0,789721.0,1.4,-5307435.0,-9.4,2358527.0,4.18,2159188.0,3.82,2.0,0.758,0.759,530478896.0,402633482,402633482,2026-08-18,2026-08-18 11:32:47+08:00
159041,农业ETF鹏华,1.023,1.0242,0.12,0.021,2.1,84390.0,8643006.696,1.005,1.029,0.999,1.002,2.99,10.75,6.34,-88.36,60101.0,24289.0,646086.0,7.48,684608.0,7.92,-38522.0,-0.45,-763153.0,-8.83,117066.0,1.35,-1.0,1.022,1.023,78471832.0,80276684,80276684,2026-08-18,2026-08-18 11:32:39+08:00
516760,养殖ETF平安,0.587,0.5863,-0.12,0.012,2.09,94145.0,5507442.0,0.576,0.591,0.576,0.575,2.61,3.02,2.51,-51.59,57764.0,36381.0,1370097.0,24.88,1171057.0,21.26,199040.0,3.61,-670970.0,-12.18,-699127.0,-12.69,4.0,0.586,0.587,312215104.0,183270266,183270266,2026-08-18,2026-08-18 11:32:44+08:00
159825,农业ETF富国,0.736,0.7358,-0.03,0.015,2.08,2041681.0,149710373.3,0.721,0.741,0.719,0.721,3.05,8.45,3.7,-48.93,1281081.0,760600.0,-4883484.0,-3.26,-22637272.0,-15.12,17753788.0,11.86,4104851.0,2.74,778634.0,0.52,-50.0,0.736,0.737,2417077408.0,1778968972,1778968972,2026-08-18,2026-08-18 11:32:30+08:00
159867,养殖ETF鹏华,0.555,0.5555,0.09,0.011,2.02,611545.0,33898076.4,0.544,0.56,0.544,0.544,2.94,3.61,2.16,-46.77,379028.0,232517.0,6116135.0,18.04,1895305.0,5.59,4220830.0,12.45,-4050108.0,-11.95,-2066028.0,-6.09,-300.0,0.555,0.556,1694643600.0,940527198,940527198,2026-08-18,2026-08-18 11:32:15+08:00
159011,养殖ETF华安,1.068,1.0667,-0.12,0.021,2.01,25521.0,2717483.743,1.05,1.072,1.05,1.047,2.1,8.37,0.87,9.95,11496.0,14025.0,329633.0,12.13,0.0,0.0,329633.0,12.13,-245136.0,-9.02,-84496.0,-3.11,10.0,1.062,1.066,30505168.0,32579519,32579519,2026-08-18,2026-08-18 11:33:18+08:00
512620,农业ETF天弘,0.896,0.8965,0.06,0.017,1.93,193870.0,17322772.0,0.879,0.902,0.876,0.879,2.96,1.34,4.5,-79.85,84824.0,109046.0,4054723.0,23.41,6762389.0,39.04,-2707666.0,-15.63,-4438333.0,-25.62,383611.0,2.21,-152.0,0.896,0.897,1441666000.0,1291732736,1291732736,2026-08-18,2026-08-18 11:32:59+08:00
159827,农业ETF银华,0.792,0.7941,0.26,0.015,1.93,43616.0,3455361.9,0.777,0.798,0.777,0.777,2.7,4.7,2.87,-6.56,30577.0,13039.0,165848.0,4.8,484117.0,14.01,-318269.0,-9.21,60937.0,1.76,-226785.0,-6.56,-15.0,0.793,0.794,92716463.0,73431439,73431439,2026-08-18,2026-08-18 11:32:57+08:00
513290,纳指生物科技ETF汇添富,1.694,1.688,-0.36,0.029,1.74,610756.0,103348780.0,1.685,1.697,1.685,1.665,0.72,5.94,1.94,-31.63,299486.0,311270.0,15326976.0,14.83,10421278.0,10.08,4905698.0,4.75,-11538521.0,-11.16,-3788455.0,-3.67,30.0,1.693,1.694,1029072096.0,1743248131,1743248131,2026-08-18,2026-08-18 11:32:54+08:00
159007,养殖ETF华泰柏瑞,0.887,0.8881,0.12,0.015,1.72,146030.0,12928100.917,0.871,0.893,0.871,0.872,2.52,7.62,1.84,-90.56,87156.0,58874.0,822973.0,6.37,12362.0,0.1,810611.0,6.27,-608477.0,-4.71,-214497.0,-1.66,-2702.0,0.887,0.888,191603274.0,169952104,169952104,2026-08-18,2026-08-18 11:33:12+08:00
561400,畜牧养殖ETF鑫元,1.016,1.0187,0.27,0.017,1.7,101815.0,10349793.0,0.999,1.021,0.999,0.999,2.2,14.44,4.62,-80.24,65600.0,36216.0,1118303.0,10.81,1726825.0,16.68,-608522.0,-5.88,-916354.0,-8.85,-201948.0,-1.95,-72.0,1.016,1.019,70519000.0,71647304,71647304,2026-08-18,2026-08-18 11:32:45+08:00
159865,养殖ETF国泰,0.545,0.5453,0.06,0.009,1.68,4090691.0,222594852.733,0.535,0.55,0.534,0.536,2.99,3.36,2.39,-24.19,2750886.0,1339805.0,29896094.0,13.43,16158895.0,7.26,13737199.0,6.17,-21018905.0,-9.44,-8877189.0,-3.99,-1.0,0.545,0.546,12191455744.0,6644343380,6644343380,2026-08-18,2026-08-18 11:33:12+08:00
159027,畜牧养殖ETF大成,0.914,0.9144,0.04,0.015,1.67,24580.0,2245528.935,0.897,0.919,0.891,0.899,3.11,2.09,1.36,-45.06,17940.0,6640.0,358705.0,15.97,66352.0,2.95,292353.0,13.02,-319687.0,-14.24,-39019.0,-1.74,74.0,0.912,0.914,117472283.0,107369667,107369667,2026-08-18,2026-08-18 11:33:21+08:00
159020,养殖ETF易方达,0.917,0.9186,0.17,0.015,1.66,80271.0,7348583.941,0.902,0.924,0.902,0.902,2.44,5.84,1.95,-34.34,44366.0,35905.0,869127.0,11.83,1706657.0,23.22,-837530.0,-11.4,-205016.0,-2.79,-664111.0,-9.04,-12.0,0.917,0.918,137567082.0,126149014,126149014,2026-08-18,2026-08-18 11:33:24+08:00
516670,畜牧养殖ETF招商,0.613,0.6136,0.1,0.01,1.66,586271.0,35899346.0,0.603,0.618,0.603,0.603,2.49,1.73,1.72,-23.01,363078.0,223193.0,4022667.0,11.21,5978990.0,16.65,-1956323.0,-5.45,-2799513.0,-7.8,-1223154.0,-3.41,-3.0,0.613,0.614,3391266304.0,2078846244,2078846244,2026-08-18,2026-08-18 11:32:45+08:00
159023,养殖ETF万家,1.072,1.0729,0.08,0.017,1.61,18865.0,2014727.346,1.055,1.078,1.055,1.055,2.18,5.27,0.78,-46.67,14041.0,4824.0,164286.0,8.15,0.0,0.0,164286.0,8.15,-55933.0,-2.78,-108352.0,-5.38,60.0,1.069,1.073,35777943.0,38353955,38353955,2026-08-18,2026-08-18 11:32:27+08:00
512450,畜牧养殖ETF广发,0.903,0.9046,0.18,0.014,1.57,29188.0,2633914.0,0.888,0.91,0.888,0.889,2.47,2.64,1.56,-52.81,18397.0,10791.0,325523.0,12.36,0.0,0.0,325523.0,12.36,88243.0,3.35,-413766.0,-15.71,-3.0,0.903,0.906,110367000.0,99661401,99661401,2026-08-18,2026-08-18 11:32:50+08:00
561470,畜牧养殖ETF天弘,1.036,1.0379,0.18,0.016,1.57,27388.0,2838691.0,1.025,1.043,1.025,1.02,1.76,5.17,1.7,-4.96,9141.0,18247.0,585085.0,20.61,734073.0,25.86,-148988.0,-5.25,-545648.0,-19.22,-39437.0,-1.39,-100.0,1.035,1.038,52936000.0,54841696,54841696,2026-08-18,2026-08-18 11:32:44+08:00
159165,养殖ETF永赢,0.871,0.8724,0.16,0.013,1.52,81305.0,7066052.7,0.857,0.877,0.857,0.858,2.33,6.97,1.81,-21.32,43397.0,37908.0,277715.0,3.93,866000.0,12.26,-588285.0,-8.33,77493.0,1.1,-355207.0,-5.03,-463.0,0.87,0.871,116571257.0,101533565,101533565,2026-08-18,2026-08-18 11:32:48+08:00
159616,农牧ETF建信,0.804,0.8041,0.01,0.011,1.39,62335.0,5011298.8,0.793,0.81,0.793,0.793,2.14,9.09,0.76,-73.17,28919.0,33416.0,43364.0,0.87,402000.0,8.02,-358636.0,-7.16,-179472.0,-3.58,136108.0,2.72,7.0,0.803,0.804,68561112.0,55123134,55123134,2026-08-18,2026-08-18 11:32:36+08:00
159172,养殖ETF汇添富,0.839,0.8397,0.08,0.011,1.33,125032.0,10470662.0,0.829,0.844,0.825,0.828,2.29,3.13,1.75,-37.92,62696.0,62336.0,1607612.0,15.35,557030.0,5.32,1050582.0,10.03,-649479.0,-6.2,-958132.0,-9.15,152.0,0.838,0.839,398829296.0,334617779,334617779,2026-08-18,2026-08-18 11:33:12+08:00
159502,标普生物科技ETF嘉实,1.59,1.5982,0.51,0.02,1.27,775353.0,123387078.538,1.591,1.595,1.589,1.57,0.38,6.96,1.1,-27.68,348848.0,426506.0,7852983.0,6.36,-9558458.0,-7.75,17411441.0,14.11,-1144779.0,-0.93,-6708204.0,-5.44,100.0,1.589,1.59,1114323024.0,1771773608,1771773608,2026-08-18,2026-08-18 11:33:03+08:00
526010,港股通医疗ETF汇添富,1.039,1.0424,0.33,0.013,1.27,75169.0,7779848.0,1.025,1.042,1.021,1.026,2.05,14.06,1.01,10.14,38819.0,36350.0,112721.0,1.45,0.0,0.0,112721.0,1.45,-66184.0,-0.85,-46536.0,-0.6,30.0,1.036,1.038,53458000.0,55542862,55542862,2026-08-18,2026-08-18 11:32:40+08:00
520850,港股通医疗ETF易方达,0.901,0.9038,0.31,0.011,1.24,602134.0,54087602.0,0.906,0.906,0.89,0.89,1.8,37.34,1.64,-68.97,300608.0,301526.0,791170.0,1.46,452950.0,0.84,338220.0,0.63,-957240.0,-1.77,166070.0,0.31,-5.0,0.901,0.902,161249600.0,145285890,145285890,2026-08-18,2026-08-18 11:32:32+08:00
159019,石油ETF华宝,0.943,0.9431,0.01,0.011,1.18,128427.0,12121302.7,0.934,0.949,0.934,0.932,1.61,24.08,1.39,-96.75,67784.0,60643.0,332350.0,2.74,0.0,0.0,332350.0,2.74,-73149.0,-0.6,-259201.0,-2.14,1.0,0.941,0.942,53327711.0,50288031,50288031,2026-08-18,2026-08-18 11:33:24+08:00
159930,能源ETF汇添富,1.742,1.7432,0.07,0.02,1.16,176135.0,30693492.5,1.733,1.753,1.727,1.722,1.51,3.51,0.64,-65.21,109771.0,66364.0,-3809395.0,-12.41,1083720.0,3.53,-4893115.0,-15.94,3136115.0,10.22,673280.0,2.19,3.0,1.741,1.742,501898144.0,874306567,874306567,2026-08-18,2026-08-18 11:32:15+08:00
159169,恒生生物科技ETF广发,0.991,0.9957,0.47,0.011,1.12,110211.0,10869692.4,0.989,0.993,0.97,0.98,2.35,7.12,1.12,-0.89,62619.0,47592.0,-535172.0,-4.92,-117356.0,-1.08,-417816.0,-3.84,880889.0,8.1,-345718.0,-3.18,146.0,0.989,0.991,154874485.0,153480615,153480615,2026-08-18,2026-08-18 11:32:36+08:00
159181,石油ETF易方达,0.899,0.8996,0.07,0.01,1.12,75964.0,6841761.998,0.898,0.905,0.896,0.889,1.01,5.45,2.52,-16.41,46035.0,29929.0,723529.0,10.58,971642.0,14.2,-248113.0,-3.63,133905.0,1.96,-857434.0,-12.53,2.0,0.898,0.899,139405335.0,125325396,125325396,2026-08-18,2026-08-18 11:32:48+08:00
159366,港股医疗ETF永赢,1.461,1.4532,-0.54,0.016,1.11,1240443.0,180392172.3,1.443,1.465,1.44,1.445,1.73,49.35,1.35,-44.95,655844.0,584599.0,3406058.0,1.89,2585414.0,1.43,820644.0,0.45,-3881723.0,-2.15,475666.0,0.26,2546.0,1.46,1.461,251333072.0,367197618,367197618,2026-08-18,2026-08-18 11:32:51+08:00
159148,石油ETF富国,1.004,1.0026,-0.14,0.011,1.11,100625.0,10117967.1,1.0,1.01,1.0,0.993,1.01,4.26,1.55,18.11,46230.0,54395.0,-1966530.0,-19.44,-42673.0,-0.42,-1923857.0,-19.01,1883715.0,18.62,82814.0,0.82,50.0,1.001,1.005,236466601.0,237412467,237412467,2026-08-18,2026-08-18 11:32:30+08:00
159017,石油ETF工银,0.939,0.9392,0.02,0.01,1.08,42614.0,4001481.286,0.939,0.945,0.936,0.929,0.97,2.74,1.26,-69.53,24809.0,17805.0,186273.0,4.66,0.0,0.0,186273.0,4.66,-130424.0,-3.26,-55850.0,-1.4,-1598.0,0.937,0.945,155256813.0,145786147,145786147,2026-08-18,2026-08-18 11:33:18+08:00
561760,油气ETF博时,1.361,1.3619,0.07,0.014,1.04,21809.0,2975295.0,1.359,1.372,1.358,1.347,1.04,1.38,0.93,-36.26,9756.0,12053.0,245349.0,8.25,698965.0,23.49,-453616.0,-15.25,-168358.0,-5.66,-76992.0,-2.59,-8.0,1.359,1.362,157695000.0,214622895,214622895,2026-08-18,2026-08-18 11:32:56+08:00
520970,港股通创新药ETF嘉实,0.891,0.8958,0.54,0.009,1.02,1119768.0,99418167.0,0.888,0.894,0.878,0.882,1.81,8.78,1.32,-58.23,573208.0,546560.0,6728449.0,6.77,3064153.0,3.08,3664296.0,3.69,-5995760.0,-6.03,-732690.0,-0.74,-60.0,0.891,0.893,1275358000.0,1136343978,1136343978,2026-08-18,2026-08-18 11:32:39+08:00
159189,石油ETF华夏,0.902,0.9033,0.14,0.009,1.01,80939.0,7316483.6,0.899,0.909,0.899,0.893,1.12,7.22,0.96,-11.73,47248.0,33691.0,506025.0,6.92,-463058.0,-6.33,969083.0,13.25,-252359.0,-3.45,-253664.0,-3.47,-34.0,0.902,0.903,112083187.0,101099035,101099035,2026-08-18,2026-08-18 11:33:15+08:00
159199,石油ETF平安,0.913,0.9127,-0.03,0.009,1.0,1445.0,132022.355,0.905,0.917,0.905,0.904,1.33,0.22,0.32,-59.97,648.0,797.0,51520.0,39.02,0.0,0.0,51520.0,39.02,-45600.0,-34.54,-5921.0,-4.48,101.0,0.911,0.915,66154938.0,60399458,60399458,2026-08-18,2026-08-18 11:33:21+08:00
516550,农业ETF嘉实,0.712,0.7116,-0.06,0.007,0.99,55959.0,3980225.0,0.704,0.716,0.703,0.705,1.84,2.14,0.84,-12.52,33327.0,22632.0,-274873.0,-6.91,0.0,0.0,-274873.0,-6.91,104176.0,2.62,170697.0,4.29,1.0,0.71,0.712,261414400.0,186127053,186127053,2026-08-18,2026-08-18 11:33:03+08:00
159197,石油ETF招商,0.917,0.9167,-0.03,0.009,0.99,37099.0,3404899.8,0.913,0.924,0.913,0.908,1.21,8.55,0.96,-79.17,16017.0,21082.0,109501.0,3.22,0.0,0.0,109501.0,3.22,34009.0,1.0,-143511.0,-4.21,1636.0,0.91,0.917,43388290.0,39787062,39787062,2026-08-18,2026-08-18 11:33:09+08:00
159195,石油ETF华安,0.917,0.9174,0.04,0.009,0.99,35263.0,3238812.5,0.907,0.923,0.907,0.908,1.76,4.61,0.53,-31.33,13964.0,21299.0,515323.0,15.91,0.0,0.0,515323.0,15.91,-424456.0,-13.11,-90867.0,-2.81,1366.0,0.915,0.919,76490164.0,70141480,70141480,2026-08-18,2026-08-18 11:33:18+08:00
159615,恒生生物科技ETF南方,1.132,1.1381,0.54,0.011,0.98,589498.0,66448505.8,1.12,1.134,1.115,1.121,1.69,13.71,1.15,-42.12,295572.0,293926.0,3828492.0,5.76,347191.0,0.52,3481301.0,5.24,-3247877.0,-4.89,-580614.0,-0.87,613.0,1.131,1.133,430054896.0,486822142,486822142,2026-08-18,2026-08-18 11:33:12+08:00
563150,油气ETF银华,1.345,1.3464,0.1,0.013,0.98,5759.0,777290.0,1.33,1.355,1.33,1.332,1.88,1.67,0.67,20.98,3256.0,2503.0,234659.0,30.19,186919.0,24.05,47740.0,6.14,-129425.0,-16.65,-105234.0,-13.54,-84.0,1.341,1.345,34399000.0,46266655,46266655,2026-08-18,2026-08-18 11:32:36+08:00
513780,港股创新药ETF景顺,1.658,1.6634,0.32,0.016,0.97,2950698.0,487195705.0,1.645,1.663,1.631,1.642,1.95,16.26,1.34,-59.32,1559677.0,1391021.0,736600.0,0.15,-7451094.0,-1.53,8187694.0,1.68,10328842.0,2.12,-11065443.0,-2.27,30.0,1.657,1.658,1814157008.0,3007872319,3007872319,2026-08-18,2026-08-18 11:32:45+08:00
520510,港股通医疗ETF华夏,0.949,0.9518,0.29,0.009,0.96,2394074.0,226676218.0,0.943,0.953,0.937,0.94,1.7,92.89,2.23,-58.76,1212575.0,1181499.0,-4797729.0,-2.12,-6101898.0,-2.69,1304169.0,0.58,2101343.0,0.93,2696387.0,1.19,-10.0,0.949,0.95,257728000.0,244583872,244583872,2026-08-18,2026-08-18 11:32:43+08:00
159945,能源ETF广发,1.392,1.394,0.14,0.013,0.94,20783.0,2898127.7,1.383,1.403,1.383,1.379,1.45,3.22,0.96,-55.15,10654.0,10129.0,47896.0,1.65,0.0,0.0,47896.0,1.65,100821.0,3.48,-148717.0,-5.13,1.0,1.392,1.397,64572327.0,89884679,89884679,2026-08-18,2026-08-18 11:32:48+08:00
159132,恒生生物科技ETF富国,0.965,0.9688,0.39,0.009,0.94,372660.0,35842109.2,0.96,0.968,0.946,0.956,2.3,28.03,1.52,-25.77,183238.0,189422.0,-6493.0,-0.02,-1135547.0,-3.17,1129054.0,3.15,-860982.0,-2.4,867475.0,2.42,24.0,0.964,0.966,132963558.0,128309833,128309833,2026-08-18,2026-08-18 11:33:21+08:00
159137,港股通医疗ETF华宝,0.972,0.9743,0.24,0.009,0.93,735895.0,71304914.6,0.962,0.976,0.957,0.963,1.97,45.81,2.04,-50.64,348133.0,387762.0,2536890.0,3.56,2644359.0,3.71,-107469.0,-0.15,-2268613.0,-3.18,-268277.0,-0.38,-100.0,0.972,0.973,160632607.0,156134894,156134894,2026-08-18,2026-08-18 11:33:00+08:00
513620,港股医疗ETF银华,1.1,1.1044,0.4,0.01,0.92,313855.0,34366447.0,1.085,1.104,1.083,1.09,1.93,43.46,1.71,35.94,160333.0,153522.0,470210.0,1.37,0.0,0.0,470210.0,1.37,-520673.0,-1.52,50464.0,0.15,211.0,1.099,1.1,72216000.0,79437600,79437600,2026-08-18,2026-08-18 11:33:05+08:00
159530,机器人ETF易方达,1.448,1.4483,0.02,0.013,0.91,4667469.0,671501875.202,1.437,1.455,1.42,1.435,2.44,3.64,1.6,-37.93,2279966.0,2387502.0,-4051005.0,-0.6,10990650.0,1.64,-15041655.0,-2.24,2975686.0,0.44,1075319.0,0.16,259.0,1.447,1.448,12808613120.0,18546871798,18546871798,2026-08-18,2026-08-18 11:32:30+08:00
513280,恒生生物科技ETF汇添富,1.117,1.1209,0.35,0.01,0.9,605766.0,67373694.0,1.109,1.12,1.099,1.107,1.9,15.53,1.4,-21.36,299078.0,306688.0,2510318.0,3.73,2017306.0,2.99,493012.0,0.73,-2412941.0,-3.58,-97376.0,-0.14,10.0,1.116,1.117,390114496.0,435757892,435757892,2026-08-18,2026-08-18 11:33:01+08:00
588850,科创机械ETF嘉实,1.95,1.9461,-0.2,0.017,0.88,73076.0,14193201.0,1.927,1.956,1.92,1.933,1.86,9.05,1.35,-3.51,35938.0,37138.0,-2430820.0,-17.13,-3069044.0,-21.62,638224.0,4.5,2216185.0,15.61,214636.0,1.51,2.0,1.949,1.95,80779000.0,157519050,157519050,2026-08-18,2026-08-18 11:32:35+08:00
159278,机器人ETF鹏华,1.027,1.0286,0.16,0.009,0.88,1070686.0,109353924.812,1.019,1.032,1.009,1.018,2.26,5.05,1.45,-11.57,567684.0,503002.0,625822.0,0.57,14725383.0,13.47,-14099561.0,-12.89,260850.0,0.24,-886672.0,-0.81,469.0,1.025,1.027,2121545856.0,2178827594,2178827594,2026-08-18,2026-08-18 11:32:39+08:00
513120,港股创新药ETF广发,1.279,1.2857,0.52,0.011,0.87,40607347.0,5171276490.0,1.269,1.283,1.259,1.268,1.89,19.14,1.27,-32.17,21900504.0,18706843.0,81460976.0,1.58,172891104.0,3.34,-91430128.0,-1.77,-71610768.0,-1.38,-9850218.0,-0.19,-8336.0,1.279,1.28,21217635328.0,27137355585,27137355585,2026-08-18,2026-08-18 11:32:53+08:00
159026,石油ETF南方,0.94,0.9411,0.12,0.008,0.86,70338.0,6619915.14,0.936,0.946,0.936,0.932,1.07,14.8,1.92,34.75,38085.0,32253.0,-91692.0,-1.39,0.0,0.0,-91692.0,-1.39,122686.0,1.85,-30994.0,-0.47,1000.0,0.932,0.94,47513446.0,44662639,44662639,2026-08-18,2026-08-18 11:32:30+08:00
159105,恒生生物科技ETF易方达,0.933,0.9368,0.41,0.008,0.86,1210808.0,112460427.0,0.922,0.935,0.918,0.925,1.84,58.7,1.61,-2.49,616453.0,594355.0,4796760.0,4.27,-1001277.0,-0.89,5798037.0,5.16,-4807531.0,-4.27,10771.0,0.01,365.0,0.931,0.934,206272984.0,192452694,192452694,2026-08-18,2026-08-18 11:32:45+08:00
159776,港股医药ETF银华,1.193,1.1959,0.24,0.01,0.85,201977.0,24005680.7,1.184,1.197,1.176,1.183,1.78,24.34,1.29,-39.72,106202.0,95775.0,-1293573.0,-5.39,19704.0,0.08,-1313277.0,-5.47,970320.0,4.04,323252.0,1.35,154.0,1.191,1.194,82968765.0,98981737,98981737,2026-08-18,2026-08-18 11:33:00+08:00
159981,能源化工ETF建信,1.559,1.5615,0.16,0.013,0.84,1533709.0,239588180.4,1.557,1.57,1.555,1.546,0.97,8.84,1.65,-1.08,796841.0,736868.0,-3239652.0,-1.35,-3219615.0,-1.34,-20037.0,-0.01,2133759.0,0.89,1105894.0,0.46,110.0,1.558,1.559,1734536960.0,2704143121,2704143121,2026-08-18,2026-08-18 11:33:03+08:00
520930,恒生生物科技ETF国泰,0.968,0.9715,0.36,0.008,0.83,213976.0,20621955.0,0.961,0.971,0.954,0.96,1.77,11.34,1.63,5.8,114814.0,99162.0,464268.0,2.25,-479144.0,-2.32,943412.0,4.57,-391636.0,-1.9,-72631.0,-0.35,-9.0,0.967,0.97,188733000.0,182693544,182693544,2026-08-18,2026-08-18 11:32:52+08:00
520760,恒生生物科技ETF摩根,0.97,0.9736,0.37,0.008,0.83,73600.0,7100745.0,0.957,0.974,0.954,0.962,2.08,4.15,0.86,-18.02,39481.0,34119.0,-276065.0,-3.89,-329713.0,-4.64,53648.0,0.76,484334.0,6.82,-208270.0,-2.93,-419.0,0.968,0.971,177466000.0,172142020,172142020,2026-08-18,2026-08-18 11:32:32+08:00
561580,央企红利ETF华泰柏瑞,1.229,1.2293,0.02,0.01,0.82,413629.0,50814726.0,1.219,1.232,1.219,1.219,1.07,1.95,1.29,-41.75,228610.0,185019.0,11018305.0,21.68,14530220.0,28.59,-3511915.0,-6.91,-6631788.0,-13.05,-4386517.0,-8.63,56.0,1.227,1.229,2118870704.0,2604092095,2604092095,2026-08-18,2026-08-18 11:32:35+08:00
159272,机器人ETF富国,0.874,0.8752,0.14,0.007,0.81,1441102.0,125376014.747,0.867,0.879,0.858,0.867,2.42,3.89,1.58,-40.5,761833.0,679269.0,-1137852.0,-0.91,11461955.0,9.14,-12599807.0,-10.05,-1627307.0,-1.3,2765159.0,2.21,139.0,0.873,0.874,3704164688.0,3237439937,3237439937,2026-08-18,2026-08-18 11:33:06+08:00
561570,油气ETF华泰柏瑞,1.391,1.3922,0.09,0.011,0.8,76878.0,10709249.0,1.389,1.401,1.389,1.38,0.87,9.59,0.99,-86.38,38228.0,38650.0,766891.0,7.16,696000.0,6.5,70891.0,0.66,-352809.0,-3.29,-414081.0,-3.87,-1.0,1.391,1.392,80147000.0,111484477,111484477,2026-08-18,2026-08-18 11:32:39+08:00
513700,港股通医药ETF鹏华,0.635,0.6358,0.13,0.005,0.79,2262445.0,143009820.0,0.628,0.636,0.625,0.63,1.75,27.63,1.73,-32.42,1122019.0,1140426.0,2469944.0,1.73,1472780.0,1.03,997164.0,0.7,-2053539.0,-1.44,-416406.0,-0.29,10.0,0.634,0.635,818846000.0,519967210,519967210,2026-08-18,2026-08-18 11:32:50+08:00
513930,恒生生物科技ETF华泰柏瑞,1.04,1.0417,0.16,0.008,0.78,476020.0,49330189.0,1.033,1.043,1.023,1.032,1.94,48.37,1.39,13.79,237483.0,238537.0,657950.0,1.33,-435903.0,-0.88,1093853.0,2.22,19145.0,0.04,-677095.0,-1.37,1000.0,1.039,1.041,98408000.0,102344320,102344320,2026-08-18,2026-08-18 11:32:47+08:00
159892,恒生医药ETF华夏,0.79,0.7943,0.54,0.006,0.77,6780711.0,534071078.588,0.785,0.794,0.778,0.784,2.04,11.46,1.28,-48.24,3437310.0,3343401.0,8639608.0,1.62,11654381.0,2.18,-3014773.0,-0.56,-4619149.0,-0.86,-4020460.0,-0.75,-892.0,0.79,0.791,5919266048.0,4676220178,4676220178,2026-08-18,2026-08-18 11:32:21+08:00
159018,石油ETF广发,0.921,0.9231,0.23,0.007,0.77,47388.0,4373987.4,0.92,0.929,0.92,0.914,0.98,17.61,1.7,-46.99,20126.0,27262.0,84832.0,1.94,0.0,0.0,84832.0,1.94,-150546.0,-3.44,65714.0,1.5,100.0,0.92,0.928,26904203.0,24778771,24778771,2026-08-18,2026-08-18 11:33:21+08:00
517990,沪港深医药ETF招商,0.93,0.9316,0.17,0.007,0.76,6152.0,569057.0,0.925,0.93,0.919,0.923,1.19,1.28,0.42,-94.85,4376.0,1776.0,-94537.0,-16.61,0.0,0.0,-94537.0,-16.61,129451.0,22.75,-34913.0,-6.14,1000.0,0.926,0.935,47987900.0,44628747,44628747,2026-08-18,2026-08-18 11:32:33+08:00
520700,港股通创新药ETF万家,1.597,1.6023,0.33,0.012,0.76,2672605.0,425354031.0,1.585,1.604,1.573,1.585,1.96,56.73,1.46,-22.7,1359639.0,1312967.0,22228484.0,5.23,142247.0,0.03,22086237.0,5.19,-15820120.0,-3.72,-6408362.0,-1.51,-23.0,1.597,1.598,471076000.0,752308372,752308372,2026-08-18,2026-08-18 11:32:55+08:00
159336,央企红利ETF融通,1.21,1.2115,0.12,0.009,0.75,34422.0,4171014.0,1.205,1.215,1.205,1.201,0.83,1.1,1.13,-98.26,27543.0,6879.0,697902.0,16.73,-333580.0,-8.0,1031482.0,24.73,-647546.0,-15.52,-50356.0,-1.21,-13.0,1.208,1.212,312905088.0,378615156,378615156,2026-08-18,2026-08-18 11:32:42+08:00
159130,恒生生物科技ETF鹏华,0.935,0.9394,0.47,0.007,0.75,54929.0,5113624.016,0.928,0.94,0.921,0.928,2.05,2.54,0.82,-22.66,26820.0,28109.0,-35929.0,-0.7,-466793.0,-9.13,430864.0,8.43,-66969.0,-1.31,102898.0,2.01,275.0,0.933,0.936,216389466.0,202324151,202324151,2026-08-18,2026-08-18 11:32:36+08:00
159167,港股通医疗ETF工银,0.957,0.9635,0.67,0.007,0.74,452643.0,43226605.812,0.949,0.962,0.946,0.95,1.68,21.81,1.35,-34.8,232033.0,220609.0,1877352.0,4.34,499873.0,1.16,1377479.0,3.19,-1507481.0,-3.49,-369871.0,-0.86,-102.0,0.957,0.959,207549164.0,198624550,198624550,2026-08-18,2026-08-18 11:33:09+08:00
560420,食品ETF前海开源,0.954,0.9521,-0.2,0.007,0.74,24763.0,2359250.0,0.952,0.958,0.943,0.947,1.58,1.78,3.67,-73.57,15777.0,8986.0,510147.0,21.62,309219.0,13.11,200928.0,8.52,-514842.0,-21.82,4697.0,0.2,-354.0,0.949,0.952,138780200.0,132396311,132396311,2026-08-18,2026-08-18 11:32:42+08:00
530880,红利国企ETF银河,1.103,1.1029,-0.01,0.008,0.73,8297.0,916640.0,1.095,1.109,1.095,1.095,1.28,2.16,1.44,-47.8,4748.0,3549.0,85201.0,9.29,0.0,0.0,85201.0,9.29,-103449.0,-11.29,18247.0,1.99,-9.0,1.1,1.107,38336000.0,42284608,42284608,2026-08-18,2026-08-18 11:32:48+08:00
563850,食品ETF广发,0.973,0.9711,-0.2,0.007,0.72,18059.0,1761461.0,0.972,0.979,0.968,0.966,1.14,1.52,1.74,-43.18,11639.0,6420.0,776264.0,44.07,732424.0,41.58,43840.0,2.49,-567503.0,-32.22,-208761.0,-11.85,10.0,0.969,0.972,118481700.0,115282694,115282694,2026-08-18,2026-08-18 11:32:27+08:00
159309,油气ETF汇添富,1.41,1.4121,0.15,0.01,0.71,159423.0,22543009.0,1.409,1.422,1.407,1.4,1.07,2.96,0.89,-17.71,80003.0,79420.0,-894254.0,-3.97,74311.0,0.33,-968565.0,-4.3,230747.0,1.02,663507.0,2.94,1908.0,1.409,1.412,539371744.0,760514159,760514159,2026-08-18,2026-08-18 11:33:21+08:00
561960,央企回报ETF招商,1.272,1.2699,-0.17,0.009,0.71,594.0,75359.0,1.265,1.273,1.265,1.263,0.63,0.1,0.31,-99.16,476.0,118.0,3194.0,4.24,381.0,0.51,2813.0,3.73,-6072.0,-8.06,2878.0,3.82,60.0,1.255,1.272,57385200.0,72993974,72993974,2026-08-18,2026-08-18 11:32:38+08:00
159559,机器人ETF景顺,1.304,1.3063,0.18,0.009,0.69,706134.0,91670886.8,1.3,1.311,1.281,1.295,2.32,3.53,1.55,-49.33,355698.0,350436.0,-5702322.0,-6.22,10527750.0,11.48,-16230072.0,-17.7,3176251.0,3.46,2526071.0,2.76,33.0,1.303,1.304,2002576624.0,2611359918,2611359918,2026-08-18,2026-08-18 11:32:33+08:00
159718,港股医药ETF平安,0.893,0.8974,0.49,0.006,0.68,214211.0,19052578.1,0.885,0.896,0.879,0.887,1.92,10.88,1.3,-29.7,111388.0,102823.0,873464.0,4.58,0.0,0.0,873464.0,4.58,-759465.0,-3.99,-113999.0,-0.6,190.0,0.893,0.894,196832634.0,175771542,175771542,2026-08-18,2026-08-18 11:32:51+08:00
561360,石油ETF国泰,1.473,1.4729,-0.01,0.01,0.68,202915.0,29929778.0,1.471,1.483,1.47,1.463,0.89,1.52,0.72,33.27,77441.0,125474.0,-4430438.0,-14.8,-3512840.0,-11.74,-917598.0,-3.07,2544632.0,8.5,1885805.0,6.3,-174.0,1.472,1.474,1339148000.0,1972565004,1972565004,2026-08-18,2026-08-18 11:32:30+08:00
563890,国企红利ETF创金合信,1.055,1.053,-0.19,0.007,0.67,3328.0,349999.0,1.052,1.056,1.05,1.048,0.57,1.4,1.34,-88.18,3308.0,20.0,59500.0,17.0,0.0,0.0,59500.0,17.0,-47057.0,-13.44,-12443.0,-3.56,1000.0,1.048,1.058,23836000.0,25146980,25146980,2026-08-18,2026-08-18 11:32:44+08:00
159039,机器人ETF华安,0.906,0.9072,0.13,0.006,0.67,357194.0,32223293.207,0.9,0.911,0.89,0.9,2.33,3.99,1.2,63.28,197253.0,159941.0,-1530596.0,-4.75,-707146.0,-2.19,-823450.0,-2.56,1108364.0,3.44,422230.0,1.31,-48.0,0.905,0.906,894461424.0,810382050,810382050,2026-08-18,2026-08-18 11:32:30+08:00
159697,石油ETF鹏华,1.344,1.3442,0.01,0.009,0.67,390963.0,52745078.9,1.346,1.356,1.342,1.335,1.05,3.69,2.23,-16.45,195115.0,195848.0,-23891200.0,-45.3,-7559351.0,-14.33,-16331849.0,-30.96,-1003839.0,-1.9,24895040.0,47.2,-2.0,1.344,1.346,1059022000.0,1423325568,1423325568,2026-08-18,2026-08-18 11:32:54+08:00
513200,港股通医药ETF易方达,1.065,1.0688,0.36,0.007,0.66,1436558.0,152592729.0,1.061,1.069,1.05,1.058,1.8,15.73,1.62,-66.97,750438.0,686120.0,3579921.0,2.35,-3260575.0,-2.14,6840496.0,4.48,-2345741.0,-1.54,-1234180.0,-0.81,-934.0,1.064,1.066,913282096.0,972645432,972645432,2026-08-18,2026-08-18 11:32:49+08:00
159838,医药50ETF博时,0.614,0.6113,-0.44,0.004,0.66,22846.0,1397316.4,0.61,0.615,0.605,0.61,1.64,1.0,0.62,-18.87,17886.0,4960.0,-189190.0,-13.54,488433.0,34.96,-677623.0,-48.49,132719.0,9.5,56471.0,4.04,-1.0,0.61,0.614,228763462.0,140460766,140460766,2026-08-18,2026-08-18 11:32:18+08:00
159048,机器人ETF大成,0.931,0.9323,0.14,0.006,0.65,134971.0,12517904.4,0.93,0.936,0.914,0.925,2.38,6.82,1.28,-14.28,72100.0,62871.0,878778.0,7.02,1215332.0,9.71,-336554.0,-2.69,-904063.0,-7.22,25285.0,0.2,33.0,0.93,0.932,197803897.0,184155428,184155428,2026-08-18,2026-08-18 11:32:45+08:00
510880,红利ETF华泰柏瑞,3.324,3.3248,0.02,0.02,0.61,1256700.0,418256460.0,3.301,3.343,3.301,3.304,1.27,2.02,1.99,84.97,750059.0,506641.0,141830962.0,33.91,138938574.0,33.22,2892388.0,0.69,-55424046.0,-13.25,-86406915.0,-20.66,-300.0,3.322,3.324,6213175808.0,20652596386,20652596386,2026-08-18,2026-08-18 11:32:51+08:00
159102,港股通生物科技ETF华安,0.821,0.826,0.61,0.005,0.61,464619.0,38027922.3,0.815,0.824,0.809,0.816,1.84,6.65,1.52,-16.98,245867.0,218752.0,323461.0,0.85,-1771161.0,-4.66,2094622.0,5.51,-113572.0,-0.3,-209889.0,-0.55,-500.0,0.82,0.822,699122000.0,573979162,573979162,2026-08-18,2026-08-18 11:32:57+08:00
510720,红利国企ETF国泰,1.048,1.0483,0.03,0.006,0.58,884971.0,92867044.0,1.04,1.055,1.03,1.042,2.4,4.62,1.7,5.99,622959.0,262012.0,18136516.0,19.53,16442061.0,17.7,1694455.0,1.82,-10233145.0,-11.02,-7903371.0,-8.51,-60.0,1.048,1.049,1913766000.0,2005626768,2005626768,2026-08-18,2026-08-18 11:32:58+08:00
159303,恒生医疗ETF大成,1.59,1.5977,0.48,0.009,0.57,431718.0,68502681.2,1.59,1.6,1.571,1.581,1.83,58.35,1.29,-31.39,202871.0,228847.0,1321780.0,1.93,1586343.0,2.32,-264563.0,-0.39,-837633.0,-1.22,-484147.0,-0.71,-104.0,1.589,1.592,73991693.0,117646792,117646792,2026-08-18,2026-08-18 11:33:21+08:00
159719,国企ETF平安,1.588,1.5888,0.05,0.009,0.57,621.0,98450.2,1.58,1.588,1.58,1.579,0.51,0.24,0.05,-61.8,361.0,260.0,20739.0,21.07,0.0,0.0,20739.0,21.07,-477.0,-0.48,-20262.0,-20.58,1.0,1.565,1.589,26195986.0,41599226,41599226,2026-08-18,2026-08-18 11:33:00+08:00
517380,创新药ETF天弘,0.895,0.8966,0.18,0.005,0.56,948501.0,84497389.0,0.894,0.9,0.88,0.89,2.25,3.03,1.11,7.42,545448.0,403053.0,-4598079.0,-5.44,-7781234.0,-9.21,3183155.0,3.77,4551100.0,5.39,46979.0,0.06,23.0,0.894,0.895,3126326304.0,2798062042,2798062042,2026-08-18,2026-08-18 11:32:51+08:00
515220,煤炭ETF国泰,1.262,1.2618,-0.02,0.007,0.56,4263370.0,539796784.0,1.255,1.279,1.252,1.255,2.15,3.77,1.46,-34.73,2259030.0,2004340.0,16895052.0,3.13,-17331437.0,-3.21,34226489.0,6.34,-8550597.0,-1.58,-8344455.0,-1.55,10.0,1.261,1.262,11312676864.0,14276598202,14276598202,2026-08-18,2026-08-18 11:32:59+08:00
159588,石油ETF景顺,1.271,1.2737,0.21,0.007,0.55,74033.0,9443054.4,1.272,1.282,1.27,1.264,0.95,1.72,0.83,-44.35,29875.0,44158.0,1138017.0,12.05,1027607.0,10.88,110410.0,1.17,-742729.0,-7.87,-395290.0,-4.19,-13.0,1.271,1.272,431284864.0,548163062,548163062,2026-08-18,2026-08-18 11:32:45+08:00
159050,机器人ETF广发,0.922,0.9217,-0.03,0.005,0.55,259888.0,23888554.568,0.918,0.928,0.907,0.917,2.29,3.76,1.34,-12.95,129806.0,130082.0,-764192.0,-3.2,-390819.0,-1.64,-373373.0,-1.56,196900.0,0.82,567293.0,2.37,-25.0,0.922,0.923,690703616.0,636828734,636828734,2026-08-18,2026-08-18 11:32:48+08:00
513060,恒生医疗ETF博时,0.572,0.5752,0.56,0.003,0.53,6342240.0,362128129.0,0.572,0.575,0.565,0.569,1.76,6.88,0.9,-27.64,3424427.0,2917813.0,6219039.0,1.72,8486894.0,2.34,-2267855.0,-0.63,-4460325.0,-1.23,-1758714.0,-0.49,-1736.0,0.572,0.573,9215393280.0,5271204956,5271204956,2026-08-18,2026-08-18 11:33:09+08:00
561060,国企红利ETF华安,1.155,1.1536,-0.12,0.006,0.52,2369.0,272880.0,1.144,1.159,1.144,1.149,1.31,0.43,0.58,-38.37,251.0,2118.0,198557.0,72.76,0.0,0.0,198557.0,72.76,-45143.0,-16.54,-153415.0,-56.22,-1.0,1.15,1.156,54565000.0,63022575,63022575,2026-08-18,2026-08-18 11:32:40+08:00
517120,创新药ETF华泰柏瑞,0.781,0.7838,0.36,0.004,0.51,158717.0,12318277.0,0.774,0.782,0.767,0.777,1.93,2.63,0.78,-22.74,80129.0,78588.0,-58775.0,-0.48,-878669.0,-7.13,819894.0,6.66,-312922.0,-2.54,371696.0,3.02,275.0,0.781,0.782,602966400.0,470916758,470916758,2026-08-18,2026-08-18 11:32:44+08:00
159332,央企红利ETF富国,1.201,1.2042,0.27,0.006,0.5,19818.0,2385223.7,1.195,1.207,1.195,1.195,1.0,2.14,2.93,-51.84,9128.0,10690.0,1220251.0,51.16,1538286.0,64.49,-318035.0,-13.33,-1170060.0,-49.05,-50190.0,-2.1,-459.0,1.2,1.206,92521477.0,111118294,111118294,2026-08-18,2026-08-18 11:32:39+08:00
517110,创新药ETF国泰,0.814,0.8139,-0.01,0.004,0.49,335436.0,27150054.0,0.81,0.817,0.8,0.81,2.1,2.34,0.78,-78.32,154432.0,181004.0,-95608.0,-0.35,-977511.0,-3.6,881903.0,3.25,-770706.0,-2.84,866315.0,3.19,7.0,0.813,0.814,1434098496.0,1167356176,1167356176,2026-08-18,2026-08-18 11:32:42+08:00
159557,恒生医疗ETF嘉实,1.456,1.4703,0.97,0.007,0.48,344494.0,50024851.3,1.444,1.463,1.436,1.449,1.86,26.32,1.2,-85.51,169837.0,174657.0,1117894.0,2.23,728000.0,1.46,389894.0,0.78,-97615.0,-0.2,-1020279.0,-2.04,-18.0,1.455,1.458,130894955.0,190583054,190583054,2026-08-18,2026-08-18 11:32:30+08:00
515840,食品ETF南方,1.049,1.0498,0.08,0.005,0.48,10166.0,1068915.0,1.049,1.057,1.049,1.044,0.77,2.4,0.37,-87.5,7446.0,2720.0,274284.0,25.66,0.0,0.0,274284.0,25.66,-308440.0,-28.86,34156.0,3.2,2500.0,1.045,1.054,42426400.0,44505294,44505294,2026-08-18,2026-08-18 11:32:39+08:00
159689,消费ETF南方,0.636,0.6368,0.13,0.003,0.47,14849.0,945648.3,0.637,0.64,0.635,0.633,0.79,1.58,0.59,37.07,5626.0,9223.0,269800.0,28.53,0.0,0.0,269800.0,28.53,-236706.0,-25.03,-33095.0,-3.5,-100.0,0.635,0.638,94147787.0,59877993,59877993,2026-08-18,2026-08-18 11:32:27+08:00
588170,科创半导体ETF华夏,1.082,1.0817,-0.03,0.005,0.46,43632230.0,4726541325.0,1.078,1.098,1.066,1.077,2.97,11.17,1.35,3.77,20337285.0,23294946.0,-224415904.0,-4.75,-137670704.0,-2.91,-86745200.0,-1.84,101881184.0,2.16,122534720.0,2.59,-722.0,1.082,1.083,39045446912.0,42247173559,42247173559,2026-08-18,2026-08-18 11:32:40+08:00
512530,沪深300红利ETF建信,1.601,1.6031,0.13,0.007,0.44,43271.0,6938815.0,1.598,1.606,1.598,1.594,0.5,4.35,1.71,-65.15,23674.0,19597.0,-446880.0,-6.44,0.0,0.0,-446880.0,-6.44,449880.0,6.48,-3000.0,-0.04,1970.0,1.6,1.605,99502000.0,159302702,159302702,2026-08-18,2026-08-18 11:32:43+08:00
560780,半导体设备ETF广发,1.156,1.155,-0.09,0.005,0.43,7345517.0,850373684.0,1.152,1.177,1.14,1.151,3.21,6.15,1.93,-21.87,3453896.0,3891622.0,-32711664.0,-3.85,-76473504.0,-8.99,43761840.0,5.15,8858821.0,1.04,23852842.0,2.8,199.0,1.155,1.156,11947488000.0,13811296128,13811296128,2026-08-18,2026-08-18 11:32:32+08:00
159151,食品ETF华夏,0.937,0.9389,0.2,0.004,0.43,167819.0,15778369.994,0.933,0.945,0.929,0.933,1.71,8.53,2.4,-53.18,89909.0,77910.0,729999.0,4.63,418211.0,2.65,311788.0,1.98,-468693.0,-2.97,-261306.0,-1.66,-1087.0,0.937,0.939,196651063.0,184262046,184262046,2026-08-18,2026-08-18 11:32:42+08:00
159731,石化ETF华夏,0.944,0.9437,-0.03,0.004,0.43,300002.0,28381537.0,0.951,0.951,0.941,0.94,1.06,4.01,0.97,11.71,134158.0,165844.0,1945641.0,6.86,-43369.0,-0.15,1989010.0,7.01,-2537893.0,-8.94,592252.0,2.09,100.0,0.944,0.945,748375808.0,706466763,706466763,2026-08-18,2026-08-18 11:32:39+08:00
560700,央企红利ETF广发,1.195,1.196,0.08,0.005,0.42,42759.0,5121182.0,1.19,1.201,1.19,1.19,0.92,0.94,1.38,-1.22,20829.0,21930.0,-117183.0,-2.29,490820.0,9.58,-608003.0,-11.87,-352497.0,-6.88,469680.0,9.17,-91.0,1.195,1.196,453536896.0,541976591,541976591,2026-08-18,2026-08-18 11:32:38+08:00
159622,创新药ETF东财,1.217,1.2234,0.52,0.005,0.41,586435.0,70979368.619,1.203,1.223,1.196,1.212,2.23,4.88,0.84,44.53,278318.0,308117.0,-1589164.0,-2.24,2637563.0,3.72,-4226727.0,-5.95,-626299.0,-0.88,2215463.0,3.12,-37.0,1.217,1.218,1200603232.0,1461134133,1461134133,2026-08-18,2026-08-18 11:32:36+08:00
159277,港股通红利ETF富国,0.988,0.9895,0.15,0.004,0.41,55309.0,5468050.488,0.978,0.991,0.978,0.984,1.32,13.98,3.04,-82.52,26048.0,29261.0,172832.0,3.16,0.0,0.0,172832.0,3.16,-66367.0,-1.21,-106465.0,-1.95,2000.0,0.986,0.988,39557011.0,39082327,39082327,2026-08-18,2026-08-18 11:32:36+08:00
517180,中国国企ETF南方,1.493,1.4953,0.15,0.006,0.4,20458.0,3058752.0,1.457,1.525,1.457,1.487,4.57,2.0,0.97,-23.11,15107.0,5351.0,504187.0,16.48,1322299.0,43.23,-818112.0,-26.75,-648726.0,-21.21,144539.0,4.73,-500.0,1.489,1.495,102496300.0,153026976,153026976,2026-08-18,2026-08-18 11:32:35+08:00
561020,食品ETF招商,1.034,1.0358,0.17,0.004,0.39,35516.0,3680556.0,1.03,1.042,1.03,1.03,1.17,9.1,1.15,-87.77,23068.0,12447.0,233700.0,6.35,-629085.0,-17.09,862785.0,23.44,-134494.0,-3.65,-99205.0,-2.7,-4811.0,1.031,1.038,39022200.0,40348955,40348955,2026-08-18,2026-08-18 11:32:52+08:00
588710,科创半导体设备ETF华泰柏瑞,1.118,1.1168,-0.11,0.004,0.36,8694258.0,972309967.0,1.114,1.135,1.101,1.114,3.05,8.25,2.37,46.41,4461261.0,4232997.0,-93842417.0,-9.65,-130441169.0,-13.42,36598752.0,3.76,50651733.0,5.21,43190682.0,4.44,551.0,1.117,1.118,10542885120.0,11786945564,11786945564,2026-08-18,2026-08-18 11:32:29+08:00
560020,红利ETF汇添富,1.108,1.108,0.0,0.004,0.36,9468.0,1050134.0,1.105,1.114,1.105,1.104,0.82,0.69,0.39,-6.65,5834.0,3634.0,236935.0,22.56,398270.0,37.93,-161335.0,-15.36,-144957.0,-13.8,-91976.0,-8.76,-30.0,1.107,1.109,136562000.0,151310696,151310696,2026-08-18,2026-08-18 11:32:31+08:00
515180,红利ETF易方达,1.416,1.4159,-0.01,0.005,0.35,1391931.0,197541566.0,1.411,1.425,1.41,1.411,1.06,1.08,1.32,55.41,783204.0,608727.0,33826329.0,17.12,54753092.0,27.72,-20926763.0,-10.59,-22265401.0,-11.27,-11560928.0,-5.85,36.0,1.414,1.416,12927636992.0,18305533981,18305533981,2026-08-18,2026-08-18 11:32:37+08:00
512600,消费ETF嘉实,0.574,0.5748,0.14,0.002,0.35,333183.0,19128992.0,0.572,0.578,0.572,0.572,1.05,1.88,3.06,9.26,89541.0,243642.0,912883.0,4.77,-936392.0,-4.9,1849275.0,9.67,-762334.0,-3.99,-150550.0,-0.79,-1500.0,0.574,0.575,1770156096.0,1016069599,1016069599,2026-08-18,2026-08-18 11:32:58+08:00
159748,创新药ETF富国,0.865,0.8654,0.05,0.003,0.35,522056.0,44876276.9,0.86,0.869,0.85,0.862,2.2,3.31,0.73,-8.58,270921.0,251135.0,-1361910.0,-3.03,1608803.0,3.58,-2970713.0,-6.62,56946.0,0.13,1304964.0,2.91,78.0,0.863,0.865,1577692128.0,1364703691,1364703691,2026-08-18,2026-08-18 11:32:51+08:00
513830,港股通高股息ETF嘉实,1.198,1.1993,0.11,0.004,0.34,3700.0,443371.0,1.194,1.2,1.192,1.194,0.67,0.67,0.65,-53.03,2378.0,1322.0,-40095.0,-9.04,0.0,0.0,-40095.0,-9.04,74593.0,16.82,-34498.0,-7.78,-20.0,1.195,1.203,55311000.0,66262578,66262578,2026-08-18,2026-08-18 11:32:37+08:00
515890,红利ETF博时,1.458,1.457,-0.07,0.005,0.34,16576.0,2418397.0,1.453,1.465,1.453,1.453,0.83,0.48,0.73,-17.42,5839.0,10737.0,419333.0,17.34,354247.0,14.65,65086.0,2.69,-367786.0,-15.21,-51548.0,-2.13,15.0,1.457,1.459,347443904.0,506573212,506573212,2026-08-18,2026-08-18 11:32:39+08:00
560070,央企红利ETF汇添富,1.168,1.1708,0.24,0.004,0.34,10103.0,1183330.0,1.166,1.174,1.166,1.164,0.69,1.2,1.47,-9.07,2813.0,7290.0,1104395.0,93.33,460031.0,38.88,644364.0,54.45,-319950.0,-27.04,-784445.0,-66.29,-8.0,1.168,1.17,83862300.0,97951166,97951166,2026-08-18,2026-08-18 11:32:33+08:00
589270,科创100ETF前海开源,1.207,1.2067,-0.02,0.004,0.33,14829.0,1786056.0,1.192,1.214,1.192,1.203,1.83,6.05,0.9,-55.24,7066.0,7763.0,37577.0,2.1,0.0,0.0,37577.0,2.1,46820.0,2.62,-84398.0,-4.73,-19.0,1.202,1.21,24516600.0,29591536,29591536,2026-08-18,2026-08-18 11:32:52+08:00
560130,食品ETF鹏华,0.937,0.9374,0.04,0.003,0.32,1231.0,115624.0,0.942,0.942,0.937,0.934,0.54,0.18,0.77,-94.97,985.0,246.0,97212.0,84.08,0.0,0.0,97212.0,84.08,-47981.0,-41.5,-49230.0,-42.58,-65.0,0.935,0.939,69776200.0,65380299,65380299,2026-08-18,2026-08-18 11:32:59+08:00
560160,食品ETF易方达,0.944,0.9449,0.1,0.003,0.32,30056.0,2848762.0,0.935,0.951,0.935,0.941,1.7,2.62,1.1,-13.16,18657.0,11399.0,102468.0,3.6,225387.0,7.91,-122919.0,-4.31,-200188.0,-7.03,97720.0,3.43,-1.0,0.942,0.944,114706000.0,108282464,108282464,2026-08-18,2026-08-18 11:32:48+08:00
563960,300质量ETF兴全,0.968,0.9674,-0.06,0.003,0.31,5209.0,504832.0,0.97,0.97,0.968,0.965,0.21,0.14,0.75,-46.62,1738.0,3471.0,-12116.0,-2.4,0.0,0.0,-12116.0,-2.4,-75919.0,-15.04,88035.0,17.44,500.0,0.956,0.971,367512000.0,355751616,355751616,2026-08-18,2026-08-18 11:32:36+08:00
159928,消费ETF汇添富,0.669,0.6685,-0.07,0.002,0.3,3164644.0,211590594.2,0.665,0.672,0.664,0.667,1.2,1.35,1.15,-16.78,1561376.0,1603268.0,15807587.0,7.47,16501453.0,7.8,-693866.0,-0.33,-12192114.0,-5.76,-3615472.0,-1.71,1.0,0.668,0.669,23370629120.0,15634950881,15634950881,2026-08-18,2026-08-18 11:33:12+08:00
515950,医药50ETF富国,0.995,0.9937,-0.13,0.003,0.3,77269.0,7652221.0,0.997,0.999,0.983,0.992,1.61,1.43,1.07,-87.97,43529.0,33740.0,1597105.0,20.87,1483881.0,19.39,113224.0,1.48,-1471415.0,-19.23,-125689.0,-1.64,100.0,0.991,0.995,541200608.0,538494605,538494605,2026-08-18,2026-08-18 11:32:40+08:00
563700,红利价值ETF易方达,1.042,1.0427,0.07,0.003,0.29,54757.0,5717507.0,1.036,1.048,1.036,1.039,1.15,1.41,2.1,10.56,29666.0,25091.0,73211.0,1.28,1252600.0,21.91,-1179389.0,-20.63,89585.0,1.57,-162797.0,-2.85,-55.0,1.041,1.042,389150000.0,405494300,405494300,2026-08-18,2026-08-18 11:32:36+08:00
560730,红利低波ETF国泰海通,1.02,1.0194,-0.06,0.003,0.29,25421.0,2596208.0,1.018,1.024,1.017,1.017,0.69,2.42,1.74,34.89,15694.0,9727.0,306855.0,11.82,1009148.0,38.87,-702293.0,-27.05,-196613.0,-7.57,-110242.0,-4.25,5.0,1.018,1.022,104836300.0,106933026,106933026,2026-08-18,2026-08-18 11:32:54+08:00
512180,MSCIA股ETF建信,1.741,1.7359,-0.29,0.005,0.29,1013.0,176666.0,1.744,1.752,1.741,1.736,0.63,0.21,1.15,-37.76,1003.0,10.0,1216.0,0.69,0.0,0.0,1216.0,0.69,0.0,0.0,-1216.0,-0.69,-10.0,1.73,1.75,48048000.0,83651568,83651568,2026-08-18,2026-08-18 11:33:06+08:00
159581,红利ETF万家,1.057,1.0556,-0.13,0.003,0.28,191069.0,20222782.0,1.058,1.062,1.052,1.054,0.95,1.48,1.87,-56.74,89040.0,102029.0,1386035.0,6.85,3186975.0,15.76,-1800940.0,-8.91,-690375.0,-3.41,-695660.0,-3.44,95.0,1.056,1.057,1291225712.0,1364825578,1364825578,2026-08-18,2026-08-18 11:32:54+08:00
159589,红利ETF广发,1.087,1.0883,0.12,0.003,0.28,52556.0,5721348.9,1.084,1.094,1.084,1.084,0.92,2.13,1.35,-20.8,23843.0,28713.0,672573.0,11.76,403592.0,7.05,268981.0,4.7,-571257.0,-9.98,-101316.0,-1.77,4.0,1.086,1.087,246590005.0,268043335,268043335,2026-08-18,2026-08-18 11:32:57+08:00
159297,港股通创新药ETF南方,0.73,0.7315,0.21,0.002,0.27,3009046.0,218881316.4,0.728,0.733,0.718,0.728,2.06,7.85,1.68,-30.28,1548538.0,1460508.0,-17384008.0,-7.94,-8386537.0,-3.83,-8997471.0,-4.11,13011036.0,5.94,4372972.0,2.0,-18.0,0.729,0.731,3835418640.0,2799855607,2799855607,2026-08-18,2026-08-18 11:33:18+08:00
159276,现金流ETF汇添富,1.105,1.1041,-0.08,0.003,0.27,867628.0,96046620.9,1.102,1.11,1.102,1.102,0.73,23.53,53.43,92.18,674684.0,192944.0,-1138155.0,-1.19,-6624485.0,-6.9,5486330.0,5.71,1129233.0,1.18,8923.0,0.01,30000.0,1.104,1.11,368696656.0,407409805,407409805,2026-08-18,2026-08-18 11:33:03+08:00
560680,消费ETF广发,0.733,0.7344,0.19,0.002,0.27,154039.0,11313697.0,0.728,0.738,0.727,0.731,1.5,4.44,1.49,-26.65,79169.0,74870.0,538851.0,4.76,1032826.0,9.13,-493975.0,-4.37,-219922.0,-1.94,-318929.0,-2.82,-262.0,0.732,0.735,347225600.0,254516365,254516365,2026-08-18,2026-08-18 11:32:53+08:00
516820,医疗创新ETF平安,0.366,0.3654,-0.16,0.001,0.27,835994.0,30463736.0,0.365,0.367,0.361,0.365,1.64,1.82,1.17,-37.67,497700.0,338294.0,-6761713.0,-22.2,-7212267.0,-23.67,450554.0,1.48,5205378.0,17.09,1556334.0,5.11,100.0,0.365,0.366,4593415168.0,1681189951,1681189951,2026-08-18,2026-08-18 11:32:49+08:00
159516,半导体设备ETF国泰,0.783,0.7824,-0.08,0.002,0.26,39652746.0,3107526602.169,0.781,0.797,0.771,0.781,3.33,6.89,1.43,60.13,16682874.0,22969872.0,-127934784.0,-4.12,135820128.0,4.37,-263754912.0,-8.49,54258080.0,1.75,73676711.0,2.37,4415.0,0.782,0.783,57554360064.0,45065063930,45065063930,2026-08-18,2026-08-18 11:33:12+08:00
515990,一带一路ETF汇添富,1.528,1.5272,-0.05,0.004,0.26,1885.0,288714.0,1.525,1.535,1.525,1.524,0.66,0.36,0.25,-66.67,705.0,1180.0,-22073.0,-7.65,109609.0,37.96,-131682.0,-45.61,-109609.0,-37.96,131682.0,45.61,1.0,1.525,1.527,52350200.0,79991106,79991106,2026-08-18,2026-08-18 11:32:57+08:00
159515,国企红利ETF鹏扬,1.185,1.1883,0.28,0.003,0.25,20122.0,2390730.6,1.183,1.193,1.183,1.182,0.85,5.82,2.4,-61.19,5569.0,14553.0,459463.0,19.22,457510.0,19.14,1953.0,0.08,-462187.0,-19.33,2724.0,0.11,-921.0,1.183,1.193,34586631.0,40985158,40985158,2026-08-18,2026-08-18 11:33:15+08:00
512800,银行ETF华宝,0.798,0.7975,-0.06,0.002,0.25,6990460.0,558367304.0,0.795,0.802,0.795,0.796,0.88,5.74,1.32,7.08,3690935.0,3299525.0,17738312.0,3.18,7212176.0,1.29,10526136.0,1.89,-15816358.0,-2.83,-1921954.0,-0.34,491.0,0.797,0.798,12173679872.0,9714596538,9714596538,2026-08-18,2026-08-18 11:32:47+08:00
159506,港股通创新药医疗ETF富国,1.269,1.2734,0.35,0.003,0.24,2731179.0,345660922.3,1.269,1.279,1.251,1.266,2.21,10.61,1.3,-48.62,1405295.0,1325884.0,16753311.0,4.85,-2821590.0,-0.82,19574901.0,5.66,-14371751.0,-4.16,-2381559.0,-0.69,47.0,1.268,1.269,2573536976.0,3265818423,3265818423,2026-08-18,2026-08-18 11:33:09+08:00
159213,机器人ETF汇添富,1.233,1.2318,-0.1,0.003,0.24,239382.0,29422120.7,1.235,1.24,1.218,1.23,1.79,4.9,1.5,19.55,127403.0,111979.0,-2456446.0,-8.35,-79514.0,-0.27,-2376932.0,-8.08,1289895.0,4.38,1166551.0,3.96,40.0,1.23,1.233,488737568.0,602613421,602613421,2026-08-18,2026-08-18 11:32:27+08:00
159331,红利港股ETF国泰,1.294,1.2958,0.14,0.003,0.23,29581.0,3825371.07,1.291,1.297,1.285,1.291,0.93,1.94,1.58,75.3,11104.0,18477.0,-555925.0,-14.53,0.0,0.0,-555925.0,-14.53,705447.0,18.44,-149521.0,-3.91,-372.0,1.293,1.295,152694179.0,197586268,197586268,2026-08-18,2026-08-18 11:32:54+08:00
560030,800价值ETF汇添富,1.286,1.285,-0.08,0.003,0.23,2703.0,347855.0,1.287,1.29,1.285,1.283,0.39,1.11,2.69,12.82,61.0,2642.0,340378.0,97.85,0.0,0.0,340378.0,97.85,-143812.0,-41.34,-196566.0,-56.51,1.0,1.275,1.286,24432000.0,31419552,31419552,2026-08-18,2026-08-18 11:32:45+08:00
520990,港股央企红利ETF景顺,0.973,0.9755,0.26,0.002,0.21,314368.0,30617451.0,0.974,0.977,0.971,0.971,0.62,0.93,0.77,23.09,171218.0,143150.0,352710.0,1.15,-1123795.0,-3.67,1476505.0,4.82,-110446.0,-0.36,-242263.0,-0.79,1.0,0.972,0.973,3369470496.0,3278494793,3278494793,2026-08-18,2026-08-18 11:32:35+08:00
520810,港股通红利ETF易方达,1.024,1.0229,-0.11,0.002,0.2,28105.0,2877474.0,1.02,1.026,1.018,1.022,0.78,0.99,0.76,-28.3,22091.0,6014.0,-299319.0,-10.4,-1117411.0,-38.83,818092.0,28.43,228902.0,7.95,70418.0,2.45,-435.0,1.023,1.025,284360000.0,291184640,291184640,2026-08-18,2026-08-18 11:32:44+08:00
563690,红利低波ETF永赢,1.0,0.9998,-0.02,0.002,0.2,3242.0,324821.0,1.001,1.004,1.0,0.998,0.4,0.93,0.42,-93.52,2172.0,1070.0,178567.0,54.97,0.0,0.0,178567.0,54.97,-160821.0,-49.51,-17745.0,-5.46,-1.0,0.999,1.001,34882000.0,34882000,34882000,2026-08-18,2026-08-18 11:32:31+08:00
159849,生物科技ETF招商,0.535,0.5314,-0.68,0.001,0.19,11498.0,608376.6,0.531,0.535,0.526,0.534,1.69,0.73,0.42,-69.78,4879.0,6619.0,32623.0,5.36,276851.0,45.51,-244228.0,-40.14,-21254.0,-3.49,-11369.0,-1.87,6.0,0.531,0.535,158372396.0,84729232,84729232,2026-08-18,2026-08-18 11:33:06+08:00
513530,港股通红利ETF华泰柏瑞,1.586,1.5877,0.11,0.003,0.19,1054559.0,167268570.0,1.581,1.59,1.577,1.583,0.82,3.71,1.46,-31.91,537902.0,516657.0,4907073.0,2.93,-4408009.0,-2.64,9315082.0,5.57,-3417524.0,-2.04,-1489547.0,-0.89,15.0,1.585,1.586,2845938704.0,4513658785,4513658785,2026-08-18,2026-08-18 11:33:00+08:00
159525,红利低波ETF富国,1.08,1.08,0.0,0.002,0.19,78895.0,8536938.5,1.077,1.085,1.077,1.078,0.74,1.76,1.17,-10.97,33545.0,45350.0,-936094.0,-10.97,1296.0,0.02,-937390.0,-10.98,366388.0,4.29,569705.0,6.67,127.0,1.079,1.081,448243744.0,484103244,484103244,2026-08-18,2026-08-18 11:32:24+08:00
159609,光伏ETF浦银,0.515,0.5157,0.14,0.001,0.19,62909.0,3238852.6,0.514,0.519,0.511,0.514,1.56,2.06,1.0,-12.37,27105.0,35804.0,426672.0,13.17,885318.0,27.33,-458646.0,-14.16,-418297.0,-12.91,-8376.0,-0.26,1.0,0.514,0.515,304903408.0,157025255,157025255,2026-08-18,2026-08-18 11:33:03+08:00
510030,价值ETF华宝,1.037,1.0349,-0.2,0.002,0.19,16743.0,1734913.0,1.037,1.039,1.034,1.035,0.48,1.11,1.4,-17.64,7463.0,9280.0,188253.0,10.85,0.0,0.0,188253.0,10.85,-159947.0,-9.22,-28307.0,-1.63,-152.0,1.034,1.035,151229800.0,156825303,156825303,2026-08-18,2026-08-18 11:33:09+08:00
562590,半导体设备ETF华夏,1.106,1.1067,0.06,0.002,0.18,4037370.0,448247776.0,1.108,1.127,1.091,1.104,3.26,4.78,1.38,6.52,2066871.0,1970499.0,-24890855.0,-5.55,-14857011.0,-3.31,-10033844.0,-2.24,9713273.0,2.17,15177584.0,3.39,-87.0,1.106,1.107,8443988992.0,9339051825,9339051825,2026-08-18,2026-08-18 11:32:31+08:00
515020,银行ETF华夏,1.71,1.7086,-0.08,0.003,0.18,465017.0,79620825.0,1.702,1.717,1.702,1.707,0.88,12.1,1.32,4.22,226976.0,238041.0,-1767585.0,-2.22,-1793275.0,-2.25,25690.0,0.03,2450399.0,3.08,-682814.0,-0.86,1011.0,1.709,1.71,384345296.0,657230456,657230456,2026-08-18,2026-08-18 11:32:59+08:00
560150,红利低波ETF泰康,1.108,1.1079,-0.01,0.002,0.18,48305.0,5362743.0,1.109,1.112,1.106,1.106,0.54,0.71,2.12,4.85,24866.0,23439.0,1142193.0,21.3,0.0,0.0,1142193.0,21.3,-719970.0,-13.43,-422223.0,-7.87,5.0,1.107,1.108,684279296.0,758181460,758181460,2026-08-18,2026-08-18 11:32:47+08:00
563020,红利低波ETF易方达,1.151,1.1513,0.03,0.002,0.17,1111252.0,128103551.0,1.149,1.156,1.149,1.149,0.61,1.03,1.12,23.89,538572.0,572681.0,15382494.0,12.01,14449719.0,11.28,932775.0,0.73,-15513075.0,-12.11,130581.0,0.1,5.0,1.15,1.151,10834909952.0,12470981355,12470981355,2026-08-18,2026-08-18 11:32:34+08:00
512890,红利低波ETF华泰柏瑞,1.158,1.159,0.09,0.002,0.17,3455265.0,400692990.0,1.156,1.163,1.155,1.156,0.69,1.24,1.39,21.26,1590479.0,1864786.0,-25684888.0,-6.41,-5265362.0,-1.31,-20419526.0,-5.1,8762783.0,2.19,16922104.0,4.22,2.0,1.157,1.158,27931110912.0,32344226436,32344226436,2026-08-18,2026-08-18 11:32:47+08:00
159201,自由现金流ETF华夏,1.184,1.1844,0.03,0.002,0.17,1126602.0,133556435.763,1.18,1.19,1.18,1.182,0.85,0.8,1.02,-8.64,506735.0,619867.0,-12592763.0,-9.43,192388.0,0.14,-12785151.0,-9.57,4566755.0,3.42,8026008.0,6.01,-13.0,1.184,1.185,14000275968.0,16576326746,16576326746,2026-08-18,2026-08-18 11:33:12+08:00
516910,物流ETF富国,1.172,1.1717,-0.03,0.002,0.17,63244.0,7429022.0,1.167,1.179,1.167,1.17,1.03,10.52,0.99,2.58,36542.0,26702.0,-976996.0,-13.15,0.0,0.0,-976996.0,-13.15,830654.0,11.18,146343.0,1.97,100.0,1.171,1.172,60141800.0,70486190,70486190,2026-08-18,2026-08-18 11:32:41+08:00
159558,半导体设备ETF易方达,1.227,1.2282,0.1,0.002,0.16,10827947.0,1333631569.792,1.225,1.251,1.21,1.225,3.35,6.11,1.39,-18.75,5094632.0,5733315.0,-76746640.0,-5.75,-21472800.0,-1.61,-55273840.0,-4.14,6881680.0,0.52,69864958.0,5.24,-569.0,1.227,1.228,17729563904.0,21754174910,21754174910,2026-08-18,2026-08-18 11:33:21+08:00
516460,现金流ETF800鹏华,1.23,1.2302,0.02,0.002,0.16,33449.0,4119770.0,1.226,1.234,1.226,1.228,0.65,0.78,1.2,-8.24,22205.0,11244.0,-136790.0,-3.32,1268366.0,30.79,-1405156.0,-34.11,203232.0,4.93,-66442.0,-1.61,23.0,1.229,1.23,426693008.0,524832400,524832400,2026-08-18,2026-08-18 11:32:38+08:00
159327,半导体设备ETF万家,1.253,1.2551,0.17,0.002,0.16,1471130.0,185095386.339,1.25,1.278,1.236,1.251,3.36,5.39,1.5,56.3,702544.0,768586.0,-17642210.0,-9.53,-10482984.0,-5.66,-7159226.0,-3.87,7986575.0,4.31,9655635.0,5.22,-10.0,1.253,1.255,2728574096.0,3418903342,3418903342,2026-08-18,2026-08-18 11:32:36+08:00
560330,沪深300价值ETF申万菱信,1.217,1.2141,-0.24,0.002,0.16,3447.0,419314.0,1.219,1.219,1.214,1.215,0.41,2.01,2.6,-40.13,2055.0,1392.0,40009.0,9.54,0.0,0.0,40009.0,9.54,-57079.0,-13.61,17069.0,4.07,54.0,1.213,1.217,17130000.0,20847210,20847210,2026-08-18,2026-08-18 11:32:33+08:00
513820,港股通红利ETF汇添富,1.24,1.2412,0.1,0.002,0.16,380543.0,47173311.0,1.234,1.243,1.233,1.238,0.81,2.19,1.88,-5.66,221764.0,158779.0,-3809815.0,-8.08,-5233656.0,-11.09,1423841.0,3.02,3971417.0,8.42,-161602.0,-0.34,-1740.0,1.239,1.241,1735669008.0,2152229570,2152229570,2026-08-18,2026-08-18 11:32:53+08:00
516210,银行ETF华安,1.36,1.3599,-0.01,0.002,0.15,29631.0,4034238.0,1.358,1.366,1.358,1.358,0.59,3.68,0.64,-97.0,14363.0,15268.0,-84844.0,-2.1,5714.0,0.14,-90558.0,-2.24,146777.0,3.64,-61933.0,-1.54,-605.0,1.358,1.362,80531000.0,109522160,109522160,2026-08-18,2026-08-18 11:32:39+08:00
159887,银行ETF富国,1.305,1.3044,-0.05,0.002,0.15,278742.0,36412353.8,1.3,1.31,1.299,1.303,0.84,4.81,0.82,-32.8,144631.0,134111.0,1587776.0,4.36,4079942.0,11.2,-2492166.0,-6.84,-120996.0,-0.33,-1466780.0,-4.03,11.0,1.304,1.305,579915952.0,756790317,756790317,2026-08-18,2026-08-18 11:32:24+08:00
159302,港股高股息ETF银华,1.317,1.3198,0.21,0.002,0.15,49420.0,6503646.9,1.304,1.319,1.301,1.315,1.37,9.1,1.61,-63.18,26733.0,22687.0,11009.0,0.17,0.0,0.0,11009.0,0.17,61668.0,0.95,-72677.0,-1.12,96.0,1.315,1.317,54297609.0,71509951,71509951,2026-08-18,2026-08-18 11:32:24+08:00
159570,港股通创新药ETF汇添富,1.439,1.4465,0.52,0.002,0.14,9546057.0,1369171822.192,1.437,1.447,1.418,1.437,2.02,5.49,1.25,-44.75,4771718.0,4774339.0,12476544.0,0.91,38390704.0,2.8,-25914160.0,-1.89,-15637023.0,-1.14,3160482.0,0.23,10.0,1.438,1.439,17380597248.0,25010679440,25010679440,2026-08-18,2026-08-18 11:33:00+08:00
520690,港股创新药ETF博时,0.734,0.7369,0.39,0.001,0.14,1118753.0,81942743.0,0.732,0.738,0.723,0.733,2.05,16.02,1.49,-41.52,567178.0,551575.0,996248.0,1.22,2777195.0,3.39,-1780947.0,-2.17,-1233854.0,-1.51,237605.0,0.29,3390.0,0.733,0.735,698454000.0,512665236,512665236,2026-08-18,2026-08-18 11:32:36+08:00
515290,银行ETF天弘,1.433,1.4327,-0.02,0.002,0.14,299529.0,42954145.0,1.427,1.439,1.427,1.431,0.84,1.12,1.16,64.96,189220.0,110309.0,-2161321.0,-5.03,-6327762.0,-14.73,4166441.0,9.7,2476716.0,5.77,-315394.0,-0.73,155.0,1.432,1.434,2680372896.0,3840974360,3840974360,2026-08-18,2026-08-18 11:33:02+08:00
515080,中证红利ETF招商,1.561,1.5628,0.12,0.002,0.13,1780295.0,278771993.0,1.558,1.572,1.556,1.559,1.03,2.39,1.91,52.74,922369.0,857926.0,25756758.0,9.24,21725164.0,7.79,4031594.0,1.45,-13773516.0,-4.94,-11983242.0,-4.3,-5.0,1.561,1.562,7461148928.0,11646853477,11646853477,2026-08-18,2026-08-18 11:33:00+08:00
516880,光伏ETF银华,0.754,0.7535,-0.07,0.001,0.13,178967.0,13503803.0,0.752,0.76,0.749,0.753,1.46,1.94,2.08,46.97,84071.0,94896.0,129511.0,0.96,1041718.0,7.71,-912207.0,-6.76,251164.0,1.86,-380675.0,-2.82,27.0,0.753,0.754,921944096.0,695145848,695145848,2026-08-18,2026-08-18 11:32:47+08:00
517090,央企共赢ETF国泰,1.577,1.5798,0.18,0.002,0.13,10646.0,1679421.0,1.592,1.592,1.56,1.575,2.03,1.9,0.62,-14.34,5648.0,4998.0,-175453.0,-10.45,115522.0,6.88,-290975.0,-17.33,209315.0,12.46,-33861.0,-2.02,600.0,1.577,1.579,56075000.0,88430275,88430275,2026-08-18,2026-08-18 11:32:52+08:00
517900,银行AH优选ETF招商,1.496,1.4973,0.09,0.002,0.13,115305.0,17265321.0,1.494,1.502,1.492,1.494,0.67,2.91,1.14,-26.81,63752.0,51553.0,131460.0,0.76,3353214.0,19.42,-3221754.0,-18.66,-11498.0,-0.07,-119962.0,-0.69,-4001.0,1.495,1.497,395993504.0,592406282,592406282,2026-08-18,2026-08-18 11:32:36+08:00
515370,光伏ETF华夏,0.844,0.845,0.12,0.001,0.12,138484.0,11704087.0,0.84,0.851,0.839,0.843,1.42,1.44,1.26,25.22,57410.0,81074.0,19076.0,0.16,1235091.0,10.55,-1216015.0,-10.39,477222.0,4.08,-496298.0,-4.24,-119.0,0.844,0.845,963713008.0,813373779,813373779,2026-08-18,2026-08-18 11:32:37+08:00
159670,消费50ETF国联安,0.859,0.8591,0.01,0.001,0.12,22443.0,1926866.6,0.858,0.86,0.856,0.858,0.47,4.03,1.01,-19.25,10385.0,12058.0,430529.0,22.34,74474.0,3.87,356055.0,18.48,-442302.0,-22.95,11773.0,0.61,-2201.0,0.858,0.859,55706921.0,47852245,47852245,2026-08-18,2026-08-18 11:32:33+08:00
588980,科创100ETF广发,1.752,1.7513,-0.04,0.002,0.11,10908.0,1911277.0,1.748,1.764,1.727,1.75,2.11,7.56,1.22,1.78,6355.0,4553.0,-227063.0,-11.88,0.0,0.0,-227063.0,-11.88,201295.0,10.53,25768.0,1.35,4.0,1.747,1.754,14420000.0,25263840,25263840,2026-08-18,2026-08-18 11:32:42+08:00
560320,食品ETF富国,0.951,0.9529,0.2,0.001,0.11,40644.0,3881773.0,0.949,0.959,0.949,0.95,1.05,3.17,1.51,52.83,13949.0,26695.0,129320.0,3.33,-479000.0,-12.34,608320.0,15.67,-82584.0,-2.13,-46736.0,-1.2,27.0,0.951,0.955,128332000.0,122043732,122043732,2026-08-18,2026-08-18 11:32:59+08:00
588880,科创100ETF华泰柏瑞,1.891,1.8889,-0.11,0.002,0.11,35399.0,6692331.0,1.889,1.907,1.865,1.889,2.22,3.36,1.66,12.33,13969.0,21430.0,294981.0,4.41,659284.0,9.85,-364303.0,-5.44,335051.0,5.01,-630031.0,-9.41,10.0,1.869,1.894,105368000.0,199250888,199250888,2026-08-18,2026-08-18 11:32:25+08:00
159037,价值ETF鹏华,0.988,0.9888,0.08,0.001,0.1,2605.0,257659.685,0.993,0.998,0.985,0.987,1.32,0.33,0.67,-72.42,986.0,1619.0,0.0,0.0,0.0,0.0,0.0,0.0,-12985.0,-5.04,12986.0,5.04,-234.0,0.985,0.993,79249832.0,78298834,78298834,2026-08-18,2026-08-18 11:32:36+08:00
159399,现金流ETF国泰,1.008,1.0092,0.12,0.001,0.1,714427.0,72105707.2,1.004,1.012,1.004,1.007,0.79,1.61,0.76,-39.49,329721.0,384706.0,1795265.0,2.49,8189774.0,11.36,-6394509.0,-8.87,-597804.0,-0.83,-1197461.0,-1.66,-11.0,1.008,1.009,4430194944.0,4465636504,4465636504,2026-08-18,2026-08-18 11:32:30+08:00
516570,化工行业ETF易方达,1.03,1.0314,0.14,0.001,0.1,160809.0,16623507.0,1.028,1.039,1.028,1.029,1.07,1.42,0.96,-43.04,53692.0,107117.0,1064817.0,6.41,-460569.0,-2.77,1525386.0,9.18,48340.0,0.29,-1113157.0,-6.7,-3.0,1.03,1.031,1135357600.0,1169418328,1169418328,2026-08-18,2026-08-18 11:33:03+08:00
560670,银行ETF华泰柏瑞,1.034,1.0328,-0.12,0.001,0.1,80536.0,8333014.0,1.029,1.037,1.028,1.033,0.87,16.79,1.31,-62.68,42563.0,37973.0,598606.0,7.18,0.0,0.0,598606.0,7.18,-440606.0,-5.29,-158001.0,-1.9,-381.0,1.032,1.036,47974000.0,49605116,49605116,2026-08-18,2026-08-18 11:32:53+08:00
159916,基本面ETF建信,5.13,5.1289,-0.02,0.005,0.1,7.0,3589.3,5.116,5.142,5.116,5.125,0.51,0.0,0.06,-39.24,6.0,1.0,0.0,0.0,0.0,0.0,0.0,0.0,-515.0,-14.35,514.0,14.32,5.0,5.115,5.128,42566039.0,218363780,218363780,2026-08-18,2026-08-18 11:32:42+08:00
560770,机器人ETF招商,1.021,1.0208,-0.02,0.001,0.1,172555.0,17553370.0,1.022,1.026,1.008,1.02,1.76,1.04,1.29,-69.08,82571.0,89984.0,121188.0,0.69,-419469.0,-2.39,540657.0,3.08,354093.0,2.02,-475281.0,-2.71,62.0,1.021,1.022,1656133008.0,1690911801,1690911801,2026-08-18,2026-08-18 11:32:59+08:00
159642,碳中和ETF大成,0.963,0.9604,-0.27,0.001,0.1,80.0,7731.3,0.966,0.968,0.963,0.962,0.52,0.04,1.08,-1.41,12.0,68.0,5894.0,76.24,0.0,0.0,5894.0,76.24,0.0,0.0,-5893.0,-76.22,1.0,0.958,0.976,22439923.0,21609646,21609646,2026-08-18,2026-08-18 11:32:21+08:00
562500,机器人ETF华夏,1.024,1.0243,0.03,0.001,0.1,4149983.0,423971491.0,1.023,1.03,1.011,1.023,1.86,2.29,1.41,-50.7,1908910.0,2241073.0,-9946451.0,-2.35,13278560.0,3.13,-23225011.0,-5.48,9006116.0,2.12,940335.0,0.22,-200.0,1.024,1.025,18121187328.0,18556095824,18556095824,2026-08-18,2026-08-18 11:32:26+08:00
563980,800红利低波ETF鑫元,0.963,0.9616,-0.15,0.001,0.1,26002.0,2503595.0,0.961,0.964,0.961,0.962,0.31,1.36,1.1,-60.09,12921.0,13081.0,143091.0,5.72,0.0,0.0,143091.0,5.72,-150893.0,-6.03,7802.0,0.31,100.0,0.96,0.968,190967000.0,183901221,183901221,2026-08-18,2026-08-18 11:32:33+08:00
159085,价值ETF永赢,1.024,1.0248,0.08,0.001,0.1,7996.0,819217.5,1.024,1.025,1.023,1.023,0.2,2.02,0.44,94.93,4921.0,3075.0,78227.0,9.55,0.0,0.0,78227.0,9.55,-102932.0,-12.56,24705.0,3.02,-170.0,1.021,1.026,39535454.0,40484305,40484305,2026-08-18,2026-08-18 11:32:57+08:00
159042,价值ETF汇添富,0.99,0.9903,0.03,0.001,0.1,14120.0,1398523.601,0.995,0.995,0.989,0.989,0.61,1.3,1.39,28.61,10352.0,3768.0,10319.0,0.74,240218.0,17.18,-229899.0,-16.44,-13488.0,-0.96,3167.0,0.23,-1288.0,0.987,0.993,108801105.0,107713094,107713094,2026-08-18,2026-08-18 11:32:27+08:00
159770,机器人ETF天弘,1.062,1.0615,-0.05,0.001,0.09,1099841.0,116373513.7,1.063,1.068,1.048,1.061,1.89,1.81,1.56,-32.0,516247.0,583594.0,-2622991.0,-2.25,10867454.0,9.34,-13490445.0,-11.59,1157483.0,0.99,1465506.0,1.26,20.0,1.061,1.062,6080587776.0,6457584218,6457584218,2026-08-18,2026-08-18 11:32:57+08:00
563180,高股息ETF银华,1.137,1.1386,0.14,0.001,0.09,16983.0,1934019.0,1.137,1.142,1.135,1.136,0.62,1.63,0.67,-8.85,9978.0,7005.0,479519.0,24.79,137941.0,7.13,341578.0,17.66,-304029.0,-15.72,-175491.0,-9.07,-2.0,1.137,1.138,104420000.0,118725540,118725540,2026-08-18,2026-08-18 11:32:53+08:00
159223,现金流ETF永赢,1.142,1.1422,0.02,0.001,0.09,46670.0,5333282.7,1.141,1.146,1.141,1.141,0.44,2.57,1.54,0.24,27606.0,19064.0,168171.0,3.15,880000.0,16.5,-711829.0,-13.35,-148360.0,-2.78,-19810.0,-0.37,1100.0,1.141,1.142,181844755.0,207666710,207666710,2026-08-18,2026-08-18 11:32:27+08:00
159217,港股通创新药ETF工银,1.166,1.1733,0.62,0.001,0.09,5264203.0,612006188.4,1.166,1.174,1.149,1.165,2.15,8.56,1.56,5.06,3004476.0,2259727.0,115232199.0,18.83,33432559.0,5.46,81799640.0,13.37,-85420795.0,-13.96,-29811398.0,-4.87,-384.0,1.166,1.167,6150157568.0,7171083724,7171083724,2026-08-18,2026-08-18 11:32:30+08:00
515650,消费50ETF富国,1.057,1.0585,0.14,0.001,0.09,362129.0,38273955.0,1.055,1.061,1.053,1.056,0.76,1.16,1.05,-36.54,174608.0,187521.0,-2467772.0,-6.45,-1932028.0,-5.05,-535744.0,-1.4,1085937.0,2.84,1381836.0,3.61,29.0,1.056,1.058,3117184000.0,3294863488,3294863488,2026-08-18,2026-08-18 11:32:48+08:00
518860,上海金ETF建信,9.096,9.0869,-0.1,0.008,0.09,30849.0,28092864.0,9.132,9.162,9.081,9.088,0.89,0.66,0.77,-70.9,15604.0,15245.0,867232.0,3.09,0.0,0.0,867232.0,3.09,-962813.0,-3.43,95581.0,0.34,11.0,9.083,9.095,469359808.0,4269296814,4269296814,2026-08-18,2026-08-18 11:32:52+08:00
518600,金ETF广发,9.454,9.4505,-0.04,0.008,0.08,303279.0,287050596.0,9.495,9.507,9.443,9.446,0.68,4.19,1.98,-38.91,155399.0,147880.0,20021990.0,6.98,-1274566.0,-0.44,21296556.0,7.42,-17129449.0,-5.97,-2892543.0,-1.01,1294.0,9.454,9.457,723616304.0,6841068538,6841068538,2026-08-18,2026-08-18 11:32:46+08:00
563680,800现金流ETF汇添富,1.198,1.1991,0.09,0.001,0.08,25537.0,3064034.0,1.192,1.202,1.192,1.197,0.84,2.37,1.43,0.03,12340.0,13197.0,130390.0,4.26,239800.0,7.83,-109410.0,-3.57,-96093.0,-3.14,-34296.0,-1.12,399.0,1.197,1.198,107959000.0,129334882,129334882,2026-08-18,2026-08-18 11:32:31+08:00
512040,价值ETF富国,1.222,1.222,0.0,0.001,0.08,1255169.0,153610533.0,1.219,1.227,1.219,1.221,0.66,3.06,1.56,23.12,611274.0,643895.0,-16873724.0,-10.98,-37186122.0,-24.21,20312398.0,13.22,17860428.0,11.63,-986704.0,-0.64,7.0,1.221,1.222,4106715904.0,5018406835,5018406835,2026-08-18,2026-08-18 11:32:59+08:00
159225,现金流ETF银华,1.242,1.2441,0.17,0.001,0.08,18236.0,2269049.3,1.246,1.249,1.241,1.241,0.64,0.69,0.87,-56.3,7191.0,11045.0,205615.0,9.06,695061.0,30.63,-489446.0,-21.57,-10631.0,-0.47,-194984.0,-8.59,-2.0,1.233,1.242,264744804.0,328813047,328813047,2026-08-18,2026-08-18 11:32:45+08:00
159222,自由现金流ETF易方达,1.266,1.2672,0.09,0.001,0.08,355702.0,45111723.5,1.262,1.272,1.261,1.265,0.87,2.14,0.8,-43.12,156030.0,199672.0,3150979.0,6.98,5640859.0,12.5,-2489880.0,-5.52,-1167325.0,-2.59,-1983653.0,-4.4,10813.0,1.265,1.267,1665370400.0,2108358926,2108358926,2026-08-18,2026-08-18 11:32:24+08:00
159910,基本面120ETF嘉实,2.393,2.385,-0.34,0.002,0.08,744.0,178077.3,2.397,2.397,2.39,2.391,0.29,0.09,0.52,0.0,99.0,645.0,0.0,0.0,0.0,0.0,0.0,0.0,57949.0,32.54,-57949.0,-32.54,500.0,2.381,2.387,82906143.0,198394400,198394400,2026-08-18,2026-08-18 11:33:06+08:00
589020,科创半导体设备ETF鹏华,1.317,1.317,0.0,0.001,0.08,5726559.0,755419824.0,1.316,1.337,1.297,1.316,3.04,14.09,1.27,15.61,2728143.0,2998416.0,-65422909.0,-8.66,-75311309.0,-9.97,9888400.0,1.31,21910146.0,2.9,43512766.0,5.76,400.0,1.316,1.317,4064438000.0,5352864846,5352864846,2026-08-18,2026-08-18 11:32:26+08:00
516310,银行ETF易方达,1.321,1.321,0.0,0.001,0.08,660164.0,87377362.0,1.318,1.327,1.318,1.32,0.68,3.98,0.67,31.09,383295.0,276869.0,2838934.0,3.25,-5033556.0,-5.76,7872490.0,9.01,-31630.0,-0.04,-2807305.0,-3.21,-100.0,1.321,1.323,1659858496.0,2192673073,2192673073,2026-08-18,2026-08-18 11:32:59+08:00
520500,恒生创新药ETF华泰柏瑞,1.412,1.4172,0.37,0.001,0.07,7676164.0,1080583499.0,1.411,1.422,1.391,1.411,2.2,35.18,1.4,-20.12,3948292.0,3727871.0,15369220.0,1.42,11858676.0,1.1,3510544.0,0.32,-15699589.0,-1.45,330383.0,0.03,421.0,1.411,1.412,2181805008.0,3080708671,3080708671,2026-08-18,2026-08-18 11:32:59+08:00
512700,银行ETF南方,1.471,1.4712,0.01,0.001,0.07,440875.0,64997308.0,1.469,1.478,1.468,1.47,0.68,6.55,1.46,-58.97,260822.0,180053.0,3273322.0,5.04,-1518730.0,-2.34,4792052.0,7.37,-132660.0,-0.2,-3140661.0,-4.83,-363.0,1.471,1.472,673081008.0,990102163,990102163,2026-08-18,2026-08-18 11:33:04+08:00
518890,上海金ETF中银,9.089,9.0854,-0.04,0.005,0.06,34033.0,30958848.0,9.152,9.152,9.076,9.084,0.84,0.89,0.89,-30.0,18042.0,15991.0,-752534.0,-2.43,0.0,0.0,-752534.0,-2.43,-590517.0,-1.91,1343050.0,4.34,140.0,9.084,9.089,383954800.0,3489765177,3489765177,2026-08-18,2026-08-18 11:32:40+08:00
588210,科创100ETF易方达,1.924,1.9159,-0.42,0.001,0.05,51501.0,9876162.0,1.925,1.937,1.893,1.923,2.29,2.31,1.15,79.85,18553.0,32948.0,-1071798.0,-10.85,695223.0,7.04,-1767021.0,-17.89,385929.0,3.91,685867.0,6.94,3.0,1.908,1.923,223254000.0,429540696,429540696,2026-08-18,2026-08-18 11:32:51+08:00
589980,科创100ETF汇添富,1.973,1.9695,-0.18,0.001,0.05,31099.0,6139010.0,1.953,1.992,1.948,1.972,2.23,2.53,4.04,54.65,14193.0,16906.0,-411197.0,-6.7,-797343.0,-12.99,386146.0,6.29,565302.0,9.21,-154105.0,-2.51,-10.0,1.969,1.988,123122000.0,242919706,242919706,2026-08-18,2026-08-18 11:32:52+08:00
159834,金ETF南方,9.474,9.4738,0.0,0.004,0.04,81461.0,77301649.3,9.513,9.535,9.466,9.47,0.73,3.7,0.7,-33.59,39968.0,41493.0,1287350.0,1.67,2598953.0,3.36,-1311603.0,-1.7,-1369337.0,-1.77,81986.0,0.11,7.0,9.472,9.475,220261376.0,2086756276,2086756276,2026-08-18,2026-08-18 11:33:00+08:00
518850,黄金ETF华夏,9.161,9.1612,0.0,0.001,0.01,224192.0,205805940.0,9.2,9.214,9.153,9.16,0.67,1.23,0.59,4.96,101459.0,122733.0,983417.0,0.48,492473.0,0.24,490944.0,0.24,-6863899.0,-3.34,5880482.0,2.86,36.0,9.16,9.161,1829778704.0,16762602707,16762602707,2026-08-18,2026-08-18 11:32:40+08:00
518800,黄金ETF国泰,9.509,9.5083,-0.01,0.001,0.01,544815.0,518727609.0,9.546,9.567,9.5,9.508,0.7,1.5,1.47,-2.55,267596.0,277220.0,8961027.0,1.73,14004579.0,2.7,-5043552.0,-0.97,-13284741.0,-2.56,4323725.0,0.83,2.0,9.509,9.51,3620179200.0,34424284013,34424284013,2026-08-18,2026-08-18 11:32:35+08:00
563060,央企50ETF易方达,1.09,1.0897,-0.03,0.0,0.0,2513.0,274421.0,1.088,1.093,1.088,1.09,0.46,0.13,0.13,-93.13,1157.0,1356.0,194866.0,71.01,210488.0,76.7,-15622.0,-5.69,-204143.0,-74.39,9278.0,3.38,9.0,1.079,1.092,189527000.0,206584430,206584430,2026-08-18,2026-08-18 11:32:44+08:00
520660,港股通央企红利ETF南方,0.978,0.9808,0.29,0.0,0.0,248566.0,24327527.0,0.978,0.981,0.973,0.978,0.82,1.02,0.88,-34.48,130853.0,117713.0,794434.0,3.27,2599137.0,10.68,-1804703.0,-7.42,-407320.0,-1.67,-387114.0,-1.59,-50.0,0.978,0.979,2438485504.0,2384838823,2384838823,2026-08-18,2026-08-18 11:32:48+08:00
159526,机器人ETF嘉实,1.516,1.5176,0.11,0.0,0.0,170361.0,25755234.6,1.516,1.526,1.498,1.516,1.85,2.89,1.74,81.22,78771.0,91590.0,-2732760.0,-10.61,3467229.0,13.46,-6199989.0,-24.07,1555381.0,6.04,1177378.0,4.57,-2.0,1.516,1.518,590462960.0,895141847,895141847,2026-08-18,2026-08-18 11:32:48+08:00
516180,光伏ETF平安,0.732,0.7317,-0.04,0.0,0.0,101870.0,7457389.0,0.732,0.737,0.727,0.732,1.37,6.79,1.97,0.04,39970.0,61900.0,49351.0,0.66,-146.0,0.0,49497.0,0.66,22538.0,0.3,-71890.0,-0.96,-260.0,0.731,0.732,149987000.0,109790484,109790484,2026-08-18,2026-08-18 11:32:35+08:00
159391,大盘价值ETF博时,1.082,1.082,0.0,0.0,0.0,1542.0,166869.8,1.082,1.084,1.082,1.082,0.18,0.18,0.23,-50.59,52.0,1490.0,28363.0,17.0,0.0,0.0,28363.0,17.0,0.0,0.0,-28363.0,-17.0,-10.0,1.077,1.088,87076398.0,94216663,94216663,2026-08-18,2026-08-18 11:33:06+08:00
516530,物流ETF银华,1.009,1.0086,-0.04,0.0,0.0,3599.0,363798.0,1.002,1.014,1.002,1.009,1.19,2.02,1.11,-90.15,566.0,3033.0,-29422.0,-8.09,1010.0,0.28,-30432.0,-8.37,7867.0,2.16,21554.0,5.92,2.0,1.007,1.01,17802300.0,17962521,17962521,2026-08-18,2026-08-18 11:32:37+08:00
518660,黄金ETF工银,9.098,9.099,0.01,0.0,0.0,136691.0,124559384.0,9.144,9.156,9.092,9.098,0.7,1.42,0.68,42.47,58773.0,77918.0,-12483370.0,-10.02,-2485046.0,-2.0,-9998324.0,-8.03,-2937056.0,-2.36,15420427.0,12.38,-207.0,9.098,9.099,963452704.0,8765492701,8765492701,2026-08-18,2026-08-18 11:32:47+08:00
518680,金ETF富国,9.499,9.4985,-0.01,0.0,0.0,66962.0,63694551.0,9.54,9.554,9.49,9.499,0.67,0.83,0.54,19.75,35172.0,31790.0,-4001255.0,-6.28,363247.0,0.57,-4364502.0,-6.85,2363421.0,3.71,1637834.0,2.57,149.0,9.497,9.499,804769504.0,7644505518,7644505518,2026-08-18,2026-08-18 11:32:33+08:00
159567,港股创新药ETF银华,0.697,0.6994,0.34,0.0,0.0,9281599.0,645082800.1,0.698,0.701,0.687,0.697,2.01,8.56,1.24,-43.76,4666279.0,4615320.0,3181428.0,0.49,6737584.0,1.04,-3556156.0,-0.55,-3530180.0,-0.55,348752.0,0.05,4943.0,0.696,0.697,10845729792.0,7559473665,7559473665,2026-08-18,2026-08-18 11:32:24+08:00
159547,红利低波ETF华夏,1.183,1.1843,0.11,0.0,0.0,667911.0,79203201.3,1.184,1.189,1.182,1.183,0.59,5.07,1.27,-59.23,338783.0,329128.0,-181196.0,-0.23,1703513.0,2.15,-1884709.0,-2.38,-184822.0,-0.23,366017.0,0.46,-325.0,1.183,1.185,1317786080.0,1558940933,1558940933,2026-08-18,2026-08-18 11:33:12+08:00
516290,光伏ETF汇添富,0.549,0.549,0.0,0.0,0.0,204090.0,11209589.0,0.548,0.553,0.545,0.549,1.46,2.77,2.14,-66.31,132372.0,71718.0,-1005202.0,-8.97,1581164.0,14.11,-2586366.0,-23.07,1276816.0,11.39,-271614.0,-2.42,2.0,0.548,0.55,737196896.0,404721096,404721096,2026-08-18,2026-08-18 11:33:02+08:00
588700,科创医药ETF嘉实,1.053,1.0515,-0.14,0.0,0.0,741674.0,77692567.0,1.056,1.06,1.033,1.053,2.56,15.6,1.39,4.4,388037.0,353637.0,543137.0,0.7,3556819.0,4.58,-3013682.0,-3.88,-734401.0,-0.95,191265.0,0.25,114.0,1.047,1.055,475336208.0,500529027,500529027,2026-08-18,2026-08-18 11:32:26+08:00
515150,一带一路ETF富国,1.56,1.562,0.13,0.0,0.0,4123.0,645413.0,1.559,1.571,1.559,1.56,0.77,0.1,0.7,-14.82,358.0,3765.0,113066.0,17.52,-36403.0,-5.64,149469.0,23.16,-71366.0,-11.06,-41700.0,-6.46,-668.0,1.559,1.563,397703200.0,620416992,620416992,2026-08-18,2026-08-18 11:32:49+08:00
562330,中证500价值ETF银华,1.252,1.2463,-0.46,0.0,0.0,5367.0,671193.0,1.25,1.252,1.248,1.252,0.32,4.87,0.59,84.14,2693.0,2674.0,27244.0,4.06,0.0,0.0,27244.0,4.06,-66395.0,-9.89,39152.0,5.83,-2040.0,1.244,1.259,11018900.0,13795663,13795663,2026-08-18,2026-08-18 11:32:28+08:00
562320,沪深300价值ETF银华,1.312,1.3129,0.07,0.0,0.0,24444.0,3212223.0,1.316,1.317,1.312,1.312,0.38,3.99,1.38,-56.44,12934.0,11510.0,543629.0,16.92,0.0,0.0,543629.0,16.92,-434065.0,-13.51,-109564.0,-3.41,-730.0,1.309,1.319,61295500.0,80419696,80419696,2026-08-18,2026-08-18 11:32:37+08:00
159863,光伏ETF鹏华,0.593,0.5942,0.2,0.0,0.0,28176.0,1672161.2,0.592,0.598,0.589,0.593,1.52,0.93,1.13,8.02,15604.0,12572.0,380665.0,22.76,780016.0,46.65,-399351.0,-23.88,-103232.0,-6.17,-277434.0,-16.59,-90.0,0.59,0.593,301729360.0,178925510,178925510,2026-08-18,2026-08-18 11:33:09+08:00
159857,光伏ETF天弘,0.756,0.7563,0.04,0.0,0.0,624945.0,47302631.1,0.755,0.763,0.751,0.756,1.59,2.82,1.45,22.55,310242.0,314703.0,3189533.0,6.74,781992.0,1.65,2407541.0,5.09,-2289086.0,-4.84,-900448.0,-1.9,-63.0,0.756,0.757,2212515728.0,1672661890,1672661890,2026-08-18,2026-08-18 11:32:57+08:00
159864,光伏ETF国泰,0.579,0.5807,0.29,0.0,0.0,179916.0,10412650.6,0.579,0.583,0.575,0.579,1.38,2.83,1.95,22.27,74822.0,105094.0,598639.0,5.75,2307112.0,22.16,-1708473.0,-16.41,-434575.0,-4.17,-164065.0,-1.58,503.0,0.578,0.58,635526832.0,367970036,367970036,2026-08-18,2026-08-18 11:32:24+08:00
159253,银行ETF博时,0.954,0.9538,-0.02,0.0,0.0,9348.0,892919.3,0.952,0.957,0.952,0.954,0.52,0.17,0.42,-77.45,4477.0,4871.0,28394.0,3.18,94316.0,10.56,-65922.0,-7.38,41684.0,4.67,-70078.0,-7.85,-91.0,0.952,0.954,541704976.0,516786547,516786547,2026-08-18,2026-08-18 11:32:48+08:00
159286,港股通创新药ETF鹏华,0.743,0.7484,0.72,0.0,0.0,722643.0,53661859.2,0.741,0.749,0.734,0.743,2.02,9.15,1.09,-46.58,355477.0,367166.0,509370.0,0.95,829646.0,1.55,-320276.0,-0.6,-591250.0,-1.1,81880.0,0.15,-2203.0,0.743,0.744,789785408.0,586810558,586810558,2026-08-18,2026-08-18 11:33:12+08:00
159870,化工ETF鹏华,0.816,0.8152,-0.1,0.0,0.0,1990229.0,163013199.1,0.815,0.824,0.814,0.816,1.23,1.17,0.69,-16.52,1011296.0,978933.0,3271409.0,2.01,12250475.0,7.52,-8979066.0,-5.51,46182.0,0.03,-3317592.0,-2.04,6128.0,0.814,0.816,16984606976.0,13859439292,13859439292,2026-08-18,2026-08-18 11:32:15+08:00
512130,全指现金流ETF鹏华,1.174,1.1745,0.04,0.0,0.0,4605.0,542439.0,1.18,1.18,1.174,1.174,0.51,3.09,2.0,-64.55,1267.0,3338.0,179397.0,33.07,0.0,0.0,179397.0,33.07,-104470.0,-19.26,-74927.0,-13.81,-12.0,1.172,1.177,14895000.0,17486730,17486730,2026-08-18,2026-08-18 11:32:45+08:00
159263,价值ETF易方达,1.135,1.1359,0.08,0.0,0.0,1232700.0,140085185.5,1.134,1.141,1.133,1.135,0.7,2.14,1.17,63.4,597171.0,635529.0,-10357906.0,-7.39,794527.0,0.57,-11152433.0,-7.96,7451229.0,5.32,2906676.0,2.07,-1634.0,1.135,1.136,5767105024.0,6545664202,6545664202,2026-08-18,2026-08-18 11:32:33+08:00
159798,消费ETF易方达,0.848,0.8494,0.16,0.0,0.0,113284.0,9605709.7,0.848,0.851,0.845,0.848,0.71,6.12,1.27,10.65,46634.0,66650.0,73788.0,0.77,591476.0,6.16,-517688.0,-5.39,27020.0,0.28,-100807.0,-1.05,85.0,0.847,0.85,185245390.0,157088091,157088091,2026-08-18,2026-08-18 11:32:42+08:00
159787,建材ETF易方达,0.594,0.5936,-0.07,0.0,0.0,2067.0,123301.2,0.593,0.598,0.593,0.594,0.84,0.15,0.19,-75.55,1232.0,835.0,50686.0,41.11,0.0,0.0,50686.0,41.11,-49030.0,-39.76,-1656.0,-1.34,5.0,0.593,0.595,138021633.0,81984850,81984850,2026-08-18,2026-08-18 11:32:36+08:00
560230,光伏ETF富国,0.795,0.7954,0.05,0.0,0.0,7578.0,604541.0,0.795,0.802,0.792,0.795,1.26,0.93,0.38,40.23,3322.0,4256.0,2926.0,0.48,32863.0,5.44,-29937.0,-4.95,-2789.0,-0.46,-137.0,-0.02,-6.0,0.791,0.8,81889000.0,65101755,65101755,2026-08-18,2026-08-18 11:32:37+08:00
560120,中证500现金流ETF华夏,1.213,1.2142,0.1,0.0,0.0,90565.0,11023979.0,1.208,1.222,1.208,1.213,1.15,1.56,1.16,-20.25,37760.0,52805.0,1098120.0,9.96,122.0,0.0,1097998.0,9.96,-921763.0,-8.36,-176358.0,-1.6,-2060.0,1.213,1.214,579689008.0,703162767,703162767,2026-08-18,2026-08-18 11:32:49+08:00
512870,杭州湾区ETF南华,1.503,1.4986,-0.29,0.0,0.0,132.0,19948.0,1.509,1.526,1.503,1.503,1.53,0.06,0.6,64.35,47.0,85.0,2379.0,11.93,0.0,0.0,2379.0,11.93,0.0,0.0,-2379.0,-11.93,-1.0,1.48,1.503,20410600.0,30677132,30677132,2026-08-18,2026-08-18 11:32:54+08:00
512730,银行ETF鹏华,1.635,1.6364,0.09,0.0,0.0,11530.0,1889179.0,1.635,1.642,1.628,1.635,0.86,2.09,0.9,-4.13,6121.0,5409.0,170837.0,9.04,31431.0,1.66,139406.0,7.38,-30867.0,-1.63,-139970.0,-7.41,16.0,1.634,1.635,55083900.0,90062177,90062177,2026-08-18,2026-08-18 11:32:57+08:00
159837,生物科技ETF易方达,0.527,0.5256,-0.27,0.0,0.0,487878.0,25615153.324,0.524,0.529,0.519,0.527,1.9,1.76,1.0,29.19,248425.0,239453.0,513004.0,2.0,2863130.0,11.18,-2350126.0,-9.17,-669263.0,-2.61,156259.0,0.61,2.0,0.526,0.527,2775152832.0,1462505542,1462505542,2026-08-18,2026-08-18 11:33:15+08:00
520900,港股通红利ETF广发,0.984,0.986,0.2,0.0,0.0,436472.0,43018444.0,0.983,0.988,0.979,0.984,0.91,2.79,1.56,-37.9,224213.0,212259.0,1155136.0,2.69,1092556.0,2.54,62580.0,0.15,-1010345.0,-2.35,-144791.0,-0.34,-1212.0,0.984,0.985,1565675008.0,1540624208,1540624208,2026-08-18,2026-08-18 11:32:49+08:00
562970,光伏ETF易方达,1.035,1.0343,-0.07,0.0,0.0,137705.0,14248297.0,1.035,1.042,1.027,1.035,1.45,3.83,1.68,1.6,73486.0,64219.0,-237880.0,-1.67,40805.0,0.29,-278685.0,-1.96,791811.0,5.56,-553931.0,-3.89,28.0,1.034,1.035,359448000.0,372028680,372028680,2026-08-18,2026-08-18 11:32:45+08:00
588220,科创100ETF鹏华,1.908,1.9038,-0.22,0.0,0.0,2001717.0,381159389.0,1.905,1.922,1.881,1.908,2.15,5.79,1.33,9.41,1025097.0,976620.0,-7404680.0,-1.94,11378751.0,2.99,-18783431.0,-4.93,2608620.0,0.68,4796061.0,1.26,221.0,1.904,1.909,3456197904.0,6594425601,6594425601,2026-08-18,2026-08-18 11:32:39+08:00
588190,科创100ETF银华,1.9,1.8987,-0.07,0.0,0.0,371169.0,70477474.0,1.899,1.917,1.875,1.9,2.21,2.72,1.1,-28.08,207272.0,163897.0,-166752.0,-0.24,-434367.0,-0.62,267615.0,0.38,369512.0,0.52,-202760.0,-0.29,119.0,1.894,1.9,1363618304.0,2590874778,2590874778,2026-08-18,2026-08-18 11:32:46+08:00
588860,科创医药ETF工银,0.702,0.7006,-0.2,0.0,0.0,109033.0,7614414.0,0.701,0.706,0.689,0.702,2.42,3.16,0.9,-84.7,42170.0,66863.0,-384055.0,-5.04,977174.0,12.83,-1361229.0,-17.88,341352.0,4.48,42703.0,0.56,-400.0,0.7,0.701,344889408.0,242112364,242112364,2026-08-18,2026-08-18 11:32:42+08:00
159166,现金流ETF长城,0.859,0.8619,0.34,0.0,0.0,9676.0,833379.6,0.861,0.864,0.859,0.859,0.58,0.17,1.54,11.11,4836.0,4840.0,107218.0,12.87,276669.0,33.2,-169451.0,-20.33,-69770.0,-8.37,-37449.0,-4.49,-1.0,0.859,0.864,569816064.0,489471999,489471999,2026-08-18,2026-08-18 11:32:57+08:00
159127,港股通红利ETF南方,0.956,0.9597,0.39,0.0,0.0,53119.0,5080547.3,0.955,0.96,0.948,0.956,1.26,3.2,2.28,-75.29,19682.0,33437.0,558069.0,10.98,372923.0,7.34,185146.0,3.64,-230904.0,-4.54,-327165.0,-6.44,-374.0,0.955,0.956,165844268.0,158547120,158547120,2026-08-18,2026-08-18 11:32:54+08:00
511950,添利货币ETF广发,99.997,,0.0,-0.002,0.0,0.0,100.0,99.997,99.997,99.997,99.999,0.0,0.0,,31.56,,0.0,0.0,0.0,0.0,0.0,0.0,0.0,99.0,99.0,-99.0,-99.0,0.0,99.997,100.001,323000.0,32299031,32299031,2026-08-18,2026-08-18 11:33:07+08:00
511960,货币ETF嘉实,100.0,,0.0,0.0,0.0,407.0,4069980.0,100.001,100.001,99.998,100.0,0.0,15.6,3.2,-26.97,390.0,17.0,-10002.0,-0.25,-10002.0,-0.25,0.0,0.0,30003.0,0.74,-19999.0,-0.49,2.0,99.998,100.002,260900.0,26090000,26090000,2026-08-18,2026-08-18 11:32:52+08:00
511970,国寿货币ETF,99.997,,0.0,-0.001,0.0,71.0,709998.0,100.007,100.02,99.996,99.998,0.02,1.73,0.99,40.91,63.0,8.0,0.0,0.0,0.0,0.0,0.0,0.0,-5.0,0.0,5.0,0.0,-2.0,99.997,100.007,410400.0,41038769,41038769,2026-08-18,2026-08-18 11:32:55+08:00
511990,华宝添益ETF,99.998,,0.0,0.0,0.0,253961.0,2539543214.0,99.997,99.999,99.997,99.998,0.0,3.04,0.63,-8.57,114825.0,139136.0,3144141.0,0.12,-54882432.0,-2.16,58026573.0,2.28,-7861520.0,-0.31,4717364.0,0.19,-11.0,99.998,99.999,834137600.0,83412091725,83412091725,2026-08-18,2026-08-18 11:33:12+08:00
588120,科创100ETF国泰,0.97,0.9686,-0.14,0.0,0.0,786957.0,76235836.0,0.971,0.978,0.955,0.97,2.37,8.61,2.3,41.34,482214.0,304743.0,1626593.0,2.13,5723016.0,7.51,-4096423.0,-5.37,-1867004.0,-2.45,240410.0,0.32,10.0,0.969,0.97,913622000.0,886213340,886213340,2026-08-18,2026-08-18 11:32:50+08:00
159221,现金流ETF嘉实,1.173,1.1748,0.15,0.0,0.0,199494.0,23453625.2,1.173,1.179,1.172,1.173,0.6,1.69,1.67,2.46,110743.0,88751.0,-1199683.0,-5.12,-1184940.0,-5.05,-14743.0,-0.06,1389029.0,5.92,-189345.0,-0.81,-27.0,1.173,1.174,1177013232.0,1380636521,1380636521,2026-08-18,2026-08-18 11:32:33+08:00
560520,红利低波100ETF大成,1.091,1.087,-0.37,0.0,0.0,263.0,28562.0,1.086,1.091,1.086,1.091,0.46,0.05,0.18,29.59,153.0,110.0,-109.0,-0.38,0.0,0.0,-109.0,-0.38,-28453.0,-99.62,28562.0,100.0,1.0,1.086,1.089,51751000.0,56460341,56460341,2026-08-18,2026-08-18 11:32:39+08:00
561980,半导体设备ETF招商,0.753,0.752,-0.13,0.0,0.0,3453151.0,260628426.0,0.755,0.765,0.742,0.753,3.05,4.29,1.28,9.83,1815577.0,1637574.0,-11536739.0,-4.43,655.0,0.0,-11537394.0,-4.43,1518373.0,0.58,10018365.0,3.84,3.0,0.752,0.753,8055549952.0,6065829114,6065829114,2026-08-18,2026-08-18 11:32:39+08:00
511880,银华日利ETF,100.707,,0.0,0.002,0.0,839833.0,8457576685.0,100.706,100.708,100.704,100.705,0.0,8.04,1.24,29.9,443962.0,395871.0,18613344.0,0.22,-90307072.0,-1.07,108920416.0,1.29,-10723792.0,-0.13,-7889419.0,-0.09,-6.0,100.707,100.708,1044429808.0,105181392674,105181392674,2026-08-18,2026-08-18 11:33:04+08:00
511900,富国货币ETF,99.998,,0.0,0.0,0.0,411.0,4105341.0,99.999,99.999,99.998,99.998,0.0,2.23,0.75,-2.71,185.0,226.0,-524596.0,-12.78,-1864978.0,-45.43,1340382.0,32.65,394997.0,9.62,129598.0,3.16,-5.0,99.998,99.999,1843000.0,184296314,184296314,2026-08-18,2026-08-18 11:33:11+08:00
511910,融通货币ETF,100.0,,0.0,-0.003,0.0,6.0,59999.0,100.0,100.0,99.998,100.003,0.0,0.76,0.71,55.04,3.0,3.0,0.0,0.0,0.0,0.0,0.0,0.0,9999.0,16.67,-10000.0,-16.67,2.0,99.998,100.0,78700.0,7870000,7870000,2026-08-18,2026-08-18 11:32:55+08:00
511920,货币ETF广发,99.999,,0.0,-0.002,0.0,33.0,330032.0,100.01,100.049,99.998,100.001,0.05,1.04,0.37,68.89,22.0,11.0,0.0,0.0,0.0,0.0,0.0,0.0,40023.0,12.13,-40023.0,-12.13,-4.0,99.999,100.005,317900.0,31789682,31789682,2026-08-18,2026-08-18 11:32:45+08:00
511930,货币ETF国联,99.997,,0.0,0.0,0.0,0.0,100.0,99.997,99.997,99.997,99.997,0.0,0.0,,34.35,,0.0,,,,,,,,,,,0.0,99.997,100.009,187700.0,18769437,18769437,2026-08-18,2026-08-18 11:32:59+08:00
561420,300现金流ETF汇添富,1.084,1.0854,0.13,0.0,0.0,55800.0,6057479.0,1.074,1.089,1.07,1.084,1.75,0.54,1.87,-6.09,23024.0,32776.0,124554.0,2.06,190980.0,3.15,-66426.0,-1.1,-98281.0,-1.62,-26275.0,-0.43,1881.0,1.082,1.085,1027237008.0,1113524917,1113524917,2026-08-18,2026-08-18 11:32:53+08:00
159937,黄金ETF博时,9.049,9.0484,-0.01,0.0,0.0,487745.0,441975256.1,9.093,9.103,9.041,9.049,0.69,1.03,0.93,10.34,218498.0,269247.0,-38876416.0,-8.8,-5114766.0,-1.16,-33761650.0,-7.64,1231657.0,0.28,37644760.0,8.52,9.0,9.049,9.05,4744421888.0,42932273665,42932273665,2026-08-18,2026-08-18 11:32:51+08:00
159934,黄金ETF易方达,9.474,9.4749,0.01,0.0,0.0,471539.0,447575503.965,9.517,9.535,9.467,9.474,0.72,1.22,0.74,8.4,207288.0,264251.0,-55415163.0,-12.38,6017285.0,1.34,-61432448.0,-13.73,10473736.0,2.34,44941427.0,10.04,3.0,9.474,9.476,3871108992.0,36674886590,36674886590,2026-08-18,2026-08-18 11:32:18+08:00
510010,180治理ETF交银,1.746,1.7443,-0.1,0.0,0.0,48.0,8378.0,1.745,1.746,1.745,1.746,0.06,0.0,0.28,-1.17,16.0,32.0,4189.0,50.0,0.0,0.0,4189.0,50.0,0.0,0.0,-4190.0,-50.01,-2.0,1.746,1.75,130524400.0,227895602,227895602,2026-08-18,2026-08-18 11:32:47+08:00
511860,货币ETF博时,99.998,,0.0,-0.002,0.0,435.0,4350050.0,99.997,100.0,99.997,100.0,0.0,9.59,1.74,-34.84,365.0,70.0,609987.0,14.02,289994.0,6.67,319993.0,7.36,-649987.0,-14.94,40000.0,0.92,-17.0,99.997,99.999,453500.0,45349093,45349093,2026-08-18,2026-08-18 11:33:08+08:00
511830,货币ETF华泰柏瑞,100.0,,0.0,0.001,0.0,146.0,1460131.0,99.997,100.009,99.997,99.999,0.01,4.66,27.24,92.04,139.0,7.0,50000.0,3.42,50000.0,3.42,0.0,0.0,-69899.0,-4.79,19900.0,1.36,-1.0,100.0,100.001,313500.0,31350000,31350000,2026-08-18,2026-08-18 11:32:43+08:00
511850,招商财富宝ETF,100.002,,0.0,0.0,0.0,1579.0,15790966.0,100.001,100.002,100.0,100.002,0.0,1.78,1.11,21.53,791.0,788.0,451313.0,2.86,1091044.0,6.91,-639731.0,-4.05,-350513.0,-2.22,-100800.0,-0.64,-1.0,100.002,100.003,8847600.0,884777695,884777695,2026-08-18,2026-08-18 11:32:53+08:00
511810,货币ETF南方,100.002,,0.0,0.001,0.0,392.0,3921724.0,100.001,100.004,100.001,100.001,0.0,1.08,1.09,40.82,291.0,101.0,891616.0,22.74,191604.0,4.89,700012.0,17.85,-651611.0,-16.62,-240005.0,-6.12,-2.0,100.002,100.003,3643100.0,364317286,364317286,2026-08-18,2026-08-18 11:32:49+08:00
511800,易方达货币ETF,100.001,,0.0,-0.001,0.0,206.0,2060239.0,100.0,100.005,100.0,100.002,0.01,1.24,1.25,36.96,161.0,45.0,210202.0,10.2,210202.0,10.2,0.0,0.0,-260204.0,-12.63,50002.0,2.43,-2.0,100.001,100.003,1664600.0,166461665,166461665,2026-08-18,2026-08-18 11:32:46+08:00
511770,金鹰增益货币ETF,100.0,,0.0,0.0,0.0,4.0,40000.0,100.0,100.0,100.0,100.0,0.0,0.1,0.19,-5.98,,4.0,40000.0,100.0,40000.0,100.0,0.0,0.0,-40000.0,-100.0,0.0,0.0,-4.0,100.0,100.001,403900.0,40390000,40390000,2026-08-18,2026-08-18 11:32:49+08:00
511820,鹏华添利ETF,100.0,,0.0,-0.001,0.0,6.0,60000.0,100.0,100.0,100.0,100.001,0.0,0.1,0.08,89.84,,6.0,60000.0,100.0,60000.0,100.0,0.0,0.0,-50000.0,-83.33,-10000.0,-16.67,-1.0,100.0,100.001,611500.0,61150000,61150000,2026-08-18,2026-08-18 11:33:01+08:00
510150,消费ETF招商,0.511,0.5106,-0.08,0.0,0.0,370133.0,18866796.0,0.511,0.512,0.507,0.511,0.98,1.3,1.18,70.04,183958.0,186175.0,1378354.0,7.31,3702405.0,19.62,-2324051.0,-12.32,-1309068.0,-6.94,-69286.0,-0.37,127.0,0.51,0.511,2849178608.0,1455930269,1455930269,2026-08-18,2026-08-18 11:32:44+08:00
510630,消费ETF华夏,0.817,0.8173,0.04,0.0,0.0,377594.0,30951411.0,0.82,0.823,0.811,0.817,1.47,6.66,1.53,-29.66,192625.0,184969.0,4057580.0,13.11,5023520.0,16.23,-965940.0,-3.12,-3325444.0,-10.74,-732136.0,-2.37,4190.0,0.817,0.818,567361504.0,463534349,463534349,2026-08-18,2026-08-18 11:32:54+08:00
511600,华安日日鑫ETF,99.997,,0.0,-0.001,0.0,38.0,379992.0,99.997,99.998,99.997,99.998,0.0,0.46,0.24,-20.18,31.0,7.0,0.0,0.0,0.0,0.0,0.0,0.0,0.0,0.0,0.0,0.0,-1.0,99.997,99.998,828300.0,82827515,82827515,2026-08-18,2026-08-18 11:33:04+08:00
511620,货币ETF国泰,100.003,,0.0,-0.001,0.0,560.0,5601087.0,100.004,100.005,100.002,100.004,0.0,1.31,0.74,30.45,320.0,240.0,746327.0,13.32,1670950.0,29.83,-924623.0,-16.51,-677426.0,-12.09,-68901.0,-1.23,-2.0,100.003,100.004,4265000.0,426512795,426512795,2026-08-18,2026-08-18 11:32:43+08:00
511650,货币ETF华夏,100.0,,0.0,-0.001,0.0,1443.0,14430044.0,100.001,100.001,100.0,100.001,0.0,11.98,5.5,21.03,437.0,1006.0,-210003.0,-1.46,-210003.0,-1.46,0.0,0.0,220003.0,1.52,-10000.0,-0.07,-1.0,100.0,100.001,1204300.0,120430000,120430000,2026-08-18,2026-08-18 11:33:07+08:00
511660,货币ETF建信,100.001,,0.0,-0.001,0.0,20660.0,206594022.0,100.001,100.002,99.997,100.002,0.01,2.77,1.22,24.41,6897.0,13762.0,-10561763.0,-5.11,-23251306.0,-11.25,12689543.0,6.14,8102163.0,3.92,2459600.0,1.19,116.0,100.0,100.001,74694600.0,7469534695,7469534695,2026-08-18,2026-08-18 11:32:44+08:00
511670,华泰天天金ETF,99.998,,0.0,-0.001,0.0,145.0,1449987.0,100.002,100.003,99.998,99.999,0.01,10.89,90.12,26.61,140.0,5.0,0.0,0.0,0.0,0.0,0.0,0.0,20000.0,1.38,-20000.0,-1.38,-5.0,99.997,100.002,133100.0,13309734,13309734,2026-08-18,2026-08-18 11:33:08+08:00
511690,交易货币ETF大成,100.001,,0.0,-0.001,0.0,391.0,3912046.0,100.001,100.002,100.001,100.002,0.0,0.65,0.82,-28.88,94.0,297.0,592003.0,15.13,1760017.0,44.99,-1168014.0,-29.86,-420003.0,-10.74,-172001.0,-4.4,-2.0,100.001,100.002,6045400.0,604546045,604546045,2026-08-18,2026-08-18 11:32:45+08:00
511700,货币ETF平安,100.004,,0.0,0.0,0.0,2313.0,23129047.0,100.004,100.005,100.002,100.004,0.0,1.33,0.53,-17.78,1427.0,885.0,2669394.0,11.54,2735538.0,11.83,-66144.0,-0.29,-2020171.0,-8.73,-649223.0,-2.81,-2.0,100.004,100.005,17426400.0,1742709706,1742709706,2026-08-18,2026-08-18 11:33:07+08:00
518880,黄金ETF华安,9.068,9.07,0.02,0.0,0.0,2164409.0,1966586232.0,9.111,9.126,9.062,9.068,0.71,1.9,0.72,17.76,1112376.0,1052033.0,-145878544.0,-7.42,43695712.0,2.22,-189574256.0,-9.64,44493552.0,2.26,101384992.0,5.16,26.0,9.067,9.068,11373540864.0,103135268555,103135268555,2026-08-18,2026-08-18 11:32:43+08:00
159079,价值ETF兴全,0.991,0.9916,0.06,0.0,0.0,22871.0,2267841.473,0.993,0.994,0.989,0.991,0.5,1.88,0.89,50.26,6887.0,15984.0,136838.0,6.03,-542237.0,-23.91,679075.0,29.94,-69432.0,-3.06,-67404.0,-2.97,-2000.0,0.99,0.993,121806830.0,120710569,120710569,2026-08-18,2026-08-18 11:32:39+08:00
159005,快钱ETF汇添富,99.999,,0.0,-0.001,0.0,363.0,3629994.6,100.0,100.0,99.999,100.0,0.0,3.15,1.21,-15.1,309.0,54.0,619999.0,17.08,880000.0,24.24,-260001.0,-7.16,-469999.0,-12.95,-150000.0,-4.13,-5.0,99.999,100.0,1152737.0,115272547,115272547,2026-08-18,2026-08-18 11:33:18+08:00
516930,生物科技ETF民生加银,0.526,0.525,-0.19,0.0,0.0,956.0,50107.0,0.516,0.536,0.514,0.526,4.18,0.09,0.22,-88.79,449.0,507.0,19358.0,38.63,19358.0,38.63,0.0,0.0,-2475.0,-4.94,-16882.0,-33.69,134.0,0.519,0.528,107639600.0,56618430,56618430,2026-08-18,2026-08-18 11:33:00+08:00
159003,招商快线ETF,100.0,,0.0,0.001,0.0,1529.0,15290070.299,99.999,100.001,99.999,99.999,0.0,7.76,1.09,-44.34,1142.0,387.0,730102.0,4.78,2940100.0,19.23,-2209998.0,-14.45,-720002.0,-4.71,-10101.0,-0.07,-1.0,99.999,100.001,1969189.0,196918900,196918900,2026-08-18,2026-08-18 11:33:15+08:00
159001,货币ETF易方达,99.999,,0.0,0.001,0.0,20491.0,204908225.385,99.999,100.0,99.998,99.998,0.0,6.79,0.71,-18.11,7410.0,13081.0,640690.0,0.31,3930159.0,1.92,-3289469.0,-1.61,-289981.0,-0.14,-350709.0,-0.17,0.0,99.999,100.0,30173723.0,3017342126,3017342126,2026-08-18,2026-08-18 11:33:12+08:00
589950,科创100ETF富国,1.428,1.4272,-0.06,0.0,0.0,13426.0,1919023.0,1.429,1.442,1.413,1.428,2.03,0.4,0.85,-18.92,4726.0,8700.0,-779959.0,-40.64,-596452.0,-31.08,-183507.0,-9.56,604381.0,31.49,175579.0,9.15,-126.0,1.424,1.432,333873008.0,476770655,476770655,2026-08-18,2026-08-18 11:32:37+08:00
511980,货币ETF汇添富,100.045,,-0.05,-0.006,-0.01,1.0,10005.0,100.045,100.045,100.045,100.051,0.0,0.04,0.02,44.73,1.0,,0.0,0.0,0.0,0.0,0.0,0.0,0.0,0.0,0.0,0.0,-1.0,100.044,100.05,241000.0,24110845,24110845,2026-08-18,2026-08-18 11:33:05+08:00
159831,金ETF嘉实,9.155,9.1557,0.01,-0.001,-0.01,94984.0,87069299.0,9.191,9.212,9.148,9.156,0.7,4.19,0.93,-3.36,45025.0,49959.0,832470.0,0.96,0.0,0.0,832470.0,0.96,-1753752.0,-2.01,921282.0,1.06,300.0,9.154,9.159,226556243.0,2074122405,2074122405,2026-08-18,2026-08-18 11:32:48+08:00
588030,科创100ETF博时,1.903,1.9034,0.02,-0.001,-0.05,745768.0,141976054.0,1.901,1.923,1.881,1.904,2.21,3.24,1.47,-15.08,358292.0,387476.0,1575344.0,1.11,10056904.0,7.08,-8481560.0,-5.97,5108831.0,3.6,-6684175.0,-4.71,-78.0,1.903,1.905,2300838096.0,4378494897,4378494897,2026-08-18,2026-08-18 11:32:35+08:00
159830,金ETF天弘,9.468,9.471,0.03,-0.006,-0.06,33319.0,31602992.2,9.508,9.533,9.463,9.474,0.74,0.94,0.68,-15.0,16676.0,16643.0,691586.0,2.19,0.0,0.0,691586.0,2.19,-800807.0,-2.53,109221.0,0.35,400.0,9.469,9.477,355714064.0,3367900758,3367900758,2026-08-18,2026-08-18 11:32:33+08:00
159812,黄金ETF前海开源,9.024,9.0342,0.11,-0.005,-0.06,21824.0,19744696.0,9.055,9.092,9.024,9.029,0.75,1.33,1.02,31.52,11984.0,9840.0,-3020896.0,-15.3,0.0,0.0,-3020896.0,-15.3,2920693.0,14.79,100203.0,0.51,-5.0,9.02,9.023,164113149.0,1480957057,1480957057,2026-08-18,2026-08-18 11:32:39+08:00
512820,银行ETF汇添富,1.4,1.4008,0.06,-0.001,-0.07,486572.0,68290972.0,1.399,1.407,1.399,1.401,0.57,11.93,1.32,-15.86,275069.0,211503.0,2855702.0,4.18,-2563703.0,-3.75,5419405.0,7.94,-1548792.0,-2.27,-1306907.0,-1.91,-71.0,1.4,1.401,407801904.0,570922666,570922666,2026-08-18,2026-08-18 11:33:00+08:00
512750,基本面50ETF嘉实,1.417,1.4169,-0.01,-0.001,-0.07,22246.0,3155648.0,1.419,1.421,1.417,1.418,0.28,4.78,2.3,-90.56,8380.0,13866.0,98301.0,3.12,0.0,0.0,98301.0,3.12,-37456.0,-1.19,-60845.0,-1.93,-4.0,1.41,1.419,46554900.0,65968293,65968293,2026-08-18,2026-08-18 11:33:08+08:00
159551,机器人ETF国泰,1.333,1.3363,0.25,-0.001,-0.07,94478.0,12577837.635,1.335,1.343,1.318,1.334,1.87,3.06,1.11,3.66,42696.0,51782.0,-644441.0,-5.12,1102207.0,8.76,-1746648.0,-13.89,563427.0,4.48,81015.0,0.64,-61.0,1.333,1.335,308920928.0,411791597,411791597,2026-08-18,2026-08-18 11:32:39+08:00
512190,浙商之江凤凰ETF,2.972,2.9704,-0.05,-0.002,-0.07,5477.0,1629722.0,2.979,2.988,2.967,2.974,0.71,0.29,2.47,-84.76,427.0,5050.0,415769.0,25.51,-958842.0,-58.83,1374611.0,84.35,-352099.0,-21.6,-63669.0,-3.91,1.0,2.967,2.972,188218400.0,559385085,559385085,2026-08-18,2026-08-18 11:33:03+08:00
563390,全指现金流ETF华泰柏瑞,1.222,1.2215,-0.04,-0.001,-0.08,251513.0,30782943.0,1.223,1.228,1.222,1.223,0.49,1.24,1.5,29.56,142066.0,109447.0,-5135835.0,-16.68,-7755656.0,-25.19,2619821.0,8.51,5587556.0,18.15,-451720.0,-1.47,2853.0,1.221,1.225,2027844000.0,2478025368,2478025368,2026-08-18,2026-08-18 11:32:49+08:00
520890,港股通红利低波ETF华泰柏瑞,1.323,1.3241,0.08,-0.001,-0.08,112513.0,14916095.0,1.333,1.333,1.32,1.324,0.98,13.89,1.93,-48.37,60522.0,51991.0,615002.0,4.12,0.0,0.0,615002.0,4.12,-430406.0,-2.89,-184597.0,-1.24,-80.0,1.323,1.324,81008000.0,107173584,107173584,2026-08-18,2026-08-18 11:32:39+08:00
159545,恒生红利低波ETF易方达,1.302,1.3031,0.08,-0.001,-0.08,340744.0,44417190.3,1.303,1.307,1.297,1.303,0.77,0.64,1.14,14.66,146437.0,194307.0,3381641.0,7.61,779385.0,1.75,2602256.0,5.86,547416.0,1.23,-3929057.0,-8.85,2199.0,1.301,1.303,5299603712.0,6900084033,6900084033,2026-08-18,2026-08-18 11:33:06+08:00
515300,300红利低波ETF嘉实,1.278,1.2796,0.13,-0.001,-0.08,412038.0,52770083.0,1.279,1.283,1.277,1.279,0.47,1.22,1.01,26.25,176161.0,235877.0,-689079.0,-1.31,6110290.0,11.58,-6799369.0,-12.88,2065955.0,3.92,-1376876.0,-2.61,-1.0,1.278,1.28,3388675200.0,4330726906,4330726906,2026-08-18,2026-08-18 11:32:39+08:00
513950,恒生红利ETF富国,1.263,1.2666,0.28,-0.001,-0.08,203408.0,25750809.0,1.266,1.269,1.261,1.264,0.63,0.82,1.39,-47.3,99981.0,103427.0,1308341.0,5.08,-3444742.0,-13.38,4753083.0,18.46,-1228158.0,-4.77,-80183.0,-0.31,-242.0,1.263,1.264,2479619008.0,3131758807,3131758807,2026-08-18,2026-08-18 11:33:05+08:00
563990,800现金流ETF富国,1.25,1.2511,0.09,-0.001,-0.08,21633.0,2709336.0,1.255,1.257,1.25,1.251,0.56,0.7,0.77,-0.67,9543.0,12090.0,887390.0,32.75,-208369.0,-7.69,1095759.0,40.44,-818963.0,-30.23,-68427.0,-2.53,-37.0,1.25,1.252,309573008.0,386966260,386966260,2026-08-18,2026-08-18 11:32:52+08:00
510090,责任ETF建信,2.512,2.5054,-0.26,-0.002,-0.08,467.0,117308.0,2.511,2.512,2.511,2.514,0.04,0.19,0.25,-1.88,,467.0,117308.0,100.0,0.0,0.0,117308.0,100.0,-65312.0,-55.68,-51996.0,-44.32,-260.0,2.5,2.515,24581100.0,61747723,61747723,2026-08-18,2026-08-18 11:33:06+08:00
159229,自由现金流ETF广发,1.207,1.2093,0.19,-0.001,-0.08,18743.0,2266845.8,1.206,1.212,1.206,1.208,0.5,1.27,0.6,21.45,11192.0,7551.0,-264762.0,-11.68,25165.0,1.11,-289927.0,-12.79,353796.0,15.61,-89034.0,-3.93,920.0,1.206,1.209,147556022.0,178100119,178100119,2026-08-18,2026-08-18 11:32:33+08:00
560810,央企ESGETF融通,1.294,1.2955,0.12,-0.001,-0.08,645.0,83767.0,1.303,1.304,1.291,1.295,1.0,0.04,0.82,18.01,385.0,260.0,-24851.0,-29.67,0.0,0.0,-24851.0,-29.67,-12702.0,-15.16,37553.0,44.83,10.0,1.29,1.296,183116000.0,236952104,236952104,2026-08-18,2026-08-18 11:32:46+08:00
563900,300自由现金流ETF摩根,1.159,1.1606,0.14,-0.001,-0.09,142868.0,16582389.0,1.16,1.165,1.158,1.16,0.6,3.0,1.33,-5.91,77758.0,65110.0,118240.0,0.71,542271.0,3.27,-424031.0,-2.56,108090.0,0.65,-226330.0,-1.36,-7.0,1.158,1.161,476965696.0,552803242,552803242,2026-08-18,2026-08-18 11:32:47+08:00
512030,中证A50增强ETF易方达,1.151,1.1512,0.02,-0.001,-0.09,7369.0,848511.0,1.152,1.154,1.149,1.152,0.43,1.63,0.45,95.72,1303.0,6066.0,434838.0,51.25,0.0,0.0,434838.0,51.25,-252271.0,-29.73,-182566.0,-21.52,3.0,1.147,1.154,45240000.0,52071240,52071240,2026-08-18,2026-08-18 11:32:59+08:00
563210,专精特新ETF富国,2.174,2.1715,-0.12,-0.002,-0.09,62529.0,13595199.0,2.177,2.198,2.15,2.176,2.21,5.39,1.65,86.36,13968.0,48561.0,-400311.0,-2.94,8222.0,0.06,-408533.0,-3.0,343154.0,2.52,57157.0,0.42,10.0,2.174,2.176,116067000.0,252329658,252329658,2026-08-18,2026-08-18 11:32:28+08:00
159133,化工ETF天弘,1.107,1.1064,-0.05,-0.001,-0.09,204324.0,22696363.0,1.11,1.118,1.105,1.108,1.17,1.29,1.04,-5.21,99361.0,104963.0,-855194.0,-3.77,1813542.0,7.99,-2668736.0,-11.76,590249.0,2.6,264946.0,1.17,20.0,1.106,1.108,1585413344.0,1755052572,1755052572,2026-08-18,2026-08-18 11:33:18+08:00
563580,自由现金流800ETF万家,1.124,1.126,0.18,-0.001,-0.09,53840.0,6065974.0,1.12,1.129,1.12,1.125,0.8,2.17,2.04,-0.64,29834.0,24006.0,-532935.0,-8.79,438528.0,7.23,-971463.0,-16.01,536857.0,8.85,-3921.0,-0.06,-26.0,1.124,1.127,247648000.0,278356352,278356352,2026-08-18,2026-08-18 11:32:53+08:00
563620,全指现金流ETF兴业,1.081,1.0823,0.12,-0.001,-0.09,16988.0,1838949.0,1.083,1.088,1.081,1.082,0.65,3.39,1.62,-99.27,5555.0,11433.0,229610.0,12.49,0.0,0.0,229610.0,12.49,-198088.0,-10.77,-31523.0,-1.71,-2500.0,1.072,1.081,50049000.0,54102969,54102969,2026-08-18,2026-08-18 11:32:28+08:00
159549,红利低波ETF天弘,1.175,1.1747,-0.03,-0.001,-0.09,15626.0,1838750.4,1.176,1.18,1.174,1.176,0.51,0.03,0.69,-8.31,4724.0,10902.0,-623652.0,-33.92,0.0,0.0,-623652.0,-33.92,688312.0,37.43,-64661.0,-3.52,-1127.0,1.174,1.176,4857523968.0,5707590662,5707590662,2026-08-18,2026-08-18 11:32:51+08:00
560630,机器人ETF万家,1.157,1.1598,0.24,-0.001,-0.09,51147.0,5915038.0,1.16,1.166,1.146,1.158,1.73,3.17,1.27,-64.74,21238.0,29909.0,-368168.0,-6.22,-191984.0,-3.25,-176184.0,-2.98,-57435.0,-0.97,425603.0,7.2,-1.0,1.157,1.16,161394000.0,186732858,186732858,2026-08-18,2026-08-18 11:32:34+08:00
512410,银行ETF广发,1.064,1.0638,-0.02,-0.001,-0.09,44527.0,4743920.0,1.06,1.068,1.059,1.065,0.85,9.28,0.7,-24.46,28112.0,16415.0,36443.0,0.77,533000.0,11.24,-496557.0,-10.47,73155.0,1.54,-109597.0,-2.31,-64.0,1.063,1.064,47971700.0,51041889,51041889,2026-08-18,2026-08-18 11:33:08+08:00
513690,港股红利ETF博时,1.135,1.1387,0.32,-0.001,-0.09,498367.0,56642722.0,1.133,1.14,1.13,1.136,0.88,1.58,1.02,-63.06,263721.0,234646.0,1628428.0,2.87,-2999005.0,-5.29,4627433.0,8.17,213078.0,0.38,-1841506.0,-3.25,188.0,1.134,1.135,3163479904.0,3590549691,3590549691,2026-08-18,2026-08-18 11:32:39+08:00
562360,机器人ETF银华,1.106,1.1083,0.21,-0.001,-0.09,133204.0,14716609.0,1.106,1.113,1.093,1.107,1.81,4.6,1.56,27.18,63137.0,70067.0,828749.0,5.63,1790297.0,12.17,-961548.0,-6.53,-669612.0,-4.55,-159138.0,-1.08,-406.0,1.106,1.108,289474000.0,320158244,320158244,2026-08-18,2026-08-18 11:32:54+08:00
159258,机器人ETF南方,1.156,1.1575,0.13,-0.001,-0.09,247402.0,28547200.1,1.157,1.164,1.143,1.157,1.82,1.87,1.54,41.93,118974.0,128428.0,253344.0,0.89,2761841.0,9.67,-2508497.0,-8.79,-632647.0,-2.22,379302.0,1.33,-2.0,1.156,1.157,1325765664.0,1532585108,1532585108,2026-08-18,2026-08-18 11:33:00+08:00
159192,家电ETF汇添富,0.96,0.9596,-0.04,-0.001,-0.1,177.0,17055.6,0.958,0.966,0.958,0.961,0.83,0.1,0.15,86.01,92.0,85.0,-9069.0,-53.17,0.0,0.0,-9069.0,-53.17,192.0,1.13,8876.0,52.04,-10.0,0.958,0.968,16987065.0,16307582,16307582,2026-08-18,2026-08-18 11:33:15+08:00
159662,交运ETF南方,0.971,0.9724,0.14,-0.001,-0.1,14796.0,1440047.5,0.972,0.977,0.971,0.972,0.62,1.8,0.32,30.25,7025.0,7771.0,219169.0,15.22,7103.0,0.49,212066.0,14.73,-147711.0,-10.26,-71460.0,-4.96,-9.0,0.97,0.974,82113946.0,79732642,79732642,2026-08-18,2026-08-18 11:32:30+08:00
159730,家电ETF博时,1.024,1.0251,0.11,-0.001,-0.1,4373.0,448378.1,1.025,1.029,1.021,1.025,0.78,1.03,2.12,-12.6,1883.0,2490.0,142875.0,31.86,0.0,0.0,142875.0,31.86,-65313.0,-14.57,-77562.0,-17.3,-70.0,1.021,1.035,42571340.0,43593052,43593052,2026-08-18,2026-08-18 11:33:12+08:00
563590,A500红利低波动ETF国寿,0.969,0.9682,-0.08,-0.001,-0.1,6211.0,602463.0,0.972,0.972,0.969,0.97,0.31,0.99,8.72,61.7,6000.0,211.0,-1463.0,-0.24,-571330.0,-94.83,569867.0,94.59,0.0,0.0,1462.0,0.24,-20.0,0.967,0.976,62944400.0,60993124,60993124,2026-08-18,2026-08-18 11:32:45+08:00
159119,800现金流ETF招商,0.976,0.9772,0.12,-0.001,-0.1,37114.0,3625414.8,0.977,0.981,0.974,0.977,0.72,2.39,1.08,2.51,19789.0,17325.0,-187101.0,-5.16,7039.0,0.19,-194140.0,-5.35,133935.0,3.69,53166.0,1.47,-1221.0,0.976,0.977,155054229.0,151332928,151332928,2026-08-18,2026-08-18 11:32:51+08:00
159228,红利低波ETF长城,1.018,1.0147,-0.33,-0.001,-0.1,381.0,38750.5,1.019,1.019,1.015,1.019,0.39,0.03,0.16,-59.41,46.0,335.0,-2139.0,-5.52,-2139.0,-5.52,0.0,0.0,-4679.0,-12.07,6819.0,17.6,-200.0,1.014,1.016,109212692.0,111178520,111178520,2026-08-18,2026-08-18 11:32:30+08:00
159021,大盘价值ETF华夏,0.981,0.9818,0.08,-0.001,-0.1,14547.0,1429605.9,0.991,0.991,0.981,0.982,1.02,1.5,1.38,79.61,6561.0,7986.0,-167782.0,-11.74,0.0,0.0,-167782.0,-11.74,-249345.0,-17.44,417127.0,29.18,-28.0,0.981,0.987,96907712.0,95066465,95066465,2026-08-18,2026-08-18 11:33:24+08:00
589280,科创增强ETF华宝,0.982,0.9823,0.03,-0.001,-0.1,93015.0,9135657.0,0.986,0.989,0.974,0.983,1.53,6.04,3.72,-0.21,59925.0,33090.0,591957.0,6.48,3057520.0,33.47,-2465563.0,-26.99,-454857.0,-4.98,-137101.0,-1.5,133.0,0.98,0.982,154069000.0,151295758,151295758,2026-08-18,2026-08-18 11:32:33+08:00
159307,红利低波100ETF博时,1.018,1.0165,-0.15,-0.001,-0.1,396556.0,40408070.0,1.019,1.022,1.017,1.019,0.49,0.56,1.04,48.62,146086.0,250470.0,-5132168.0,-12.7,-9656196.0,-23.9,4524028.0,11.2,2795076.0,6.92,2337090.0,5.78,15.0,1.017,1.018,7116903680.0,7245007946,7245007946,2026-08-18,2026-08-18 11:32:24+08:00
560920,工程机械ETF招商,1.001,0.9995,-0.15,-0.001,-0.1,662.0,66134.0,1.001,1.001,0.998,1.002,0.3,0.15,0.05,-31.17,242.0,420.0,47951.0,72.51,99.0,0.15,47852.0,72.36,-39940.0,-60.39,-8011.0,-12.11,-70.0,0.995,1.0,45373300.0,45418673,45418673,2026-08-18,2026-08-18 11:32:55+08:00
159296,A500红利低波ETF华宝,0.993,0.9931,0.01,-0.001,-0.1,8671.0,861459.272,0.995,0.995,0.991,0.994,0.4,1.88,0.71,-60.33,3033.0,5638.0,355227.0,41.24,0.0,0.0,355227.0,41.24,-107974.0,-12.53,-247253.0,-28.7,-2.0,0.991,0.995,46042941.0,45720640,45720640,2026-08-18,2026-08-18 11:33:15+08:00
563510,A500红利低波ETF易方达,0.99,0.9894,-0.06,-0.001,-0.1,22079.0,2188784.0,0.988,0.994,0.988,0.991,0.61,0.72,0.49,43.37,9195.0,12884.0,-192498.0,-8.79,482894.0,22.06,-675392.0,-30.86,127839.0,5.84,64659.0,2.95,-19.0,0.989,0.993,305537008.0,302481638,302481638,2026-08-18,2026-08-18 11:32:29+08:00
510290,上证380ETF南方,2.725,2.7242,-0.03,-0.003,-0.11,13478.0,3681134.0,2.742,2.743,2.709,2.728,1.25,2.39,2.12,3.03,6484.0,6994.0,-479501.0,-13.03,0.0,0.0,-479501.0,-13.03,446236.0,12.12,33265.0,0.9,7.0,2.718,2.733,56448900.0,153823253,153823253,2026-08-18,2026-08-18 11:32:45+08:00
515960,医药ETF嘉实,0.881,0.8788,-0.25,-0.001,-0.11,60301.0,5299718.0,0.882,0.884,0.872,0.882,1.36,2.46,1.91,-49.08,18666.0,41635.0,50871.0,0.96,0.0,0.0,50871.0,0.96,-124490.0,-2.35,73618.0,1.39,-110.0,0.878,0.882,244991900.0,215837864,215837864,2026-08-18,2026-08-18 11:33:02+08:00
159182,家电ETF南方,0.93,0.9316,0.17,-0.001,-0.11,929.0,86555.6,0.925,0.936,0.925,0.931,1.18,0.25,1.23,-18.52,62.0,867.0,68582.0,79.23,0.0,0.0,68582.0,79.23,0.0,0.0,-68582.0,-79.23,10.0,0.93,0.937,36485663.0,33931667,33931667,2026-08-18,2026-08-18 11:33:03+08:00
515790,光伏ETF华泰柏瑞,0.885,0.885,0.0,-0.001,-0.11,1918426.0,169850286.0,0.882,0.892,0.879,0.886,1.47,3.2,1.57,49.72,811721.0,1106704.0,5139734.0,3.03,16940306.0,9.97,-11800572.0,-6.95,650837.0,0.38,-5790572.0,-3.41,-317.0,0.885,0.886,5997494016.0,5307782204,5307782204,2026-08-18,2026-08-18 11:32:44+08:00
510160,产业升级ETF南方,0.895,0.8944,-0.07,-0.001,-0.11,3135.0,280872.0,0.895,0.896,0.893,0.896,0.33,0.16,1.91,-93.63,3086.0,49.0,-39590.0,-14.1,0.0,0.0,-39590.0,-14.1,26880.0,9.57,12710.0,4.53,1.0,0.891,0.894,192057400.0,171891373,171891373,2026-08-18,2026-08-18 11:33:00+08:00
159520,消费龙头ETF工银,0.914,0.9156,0.17,-0.001,-0.11,17472.0,1598069.5,0.914,0.918,0.911,0.915,0.77,1.13,0.44,-1.25,10372.0,7100.0,-168105.0,-10.52,196767.0,12.31,-364872.0,-22.83,78858.0,4.93,89248.0,5.58,-2.0,0.914,0.915,155177649.0,141832371,141832371,2026-08-18,2026-08-18 11:33:15+08:00
159123,光伏ETF嘉实,0.945,0.9467,0.18,-0.001,-0.11,35727.0,3382213.3,0.949,0.953,0.94,0.946,1.37,0.93,1.12,7.85,12669.0,23058.0,-24663.0,-0.73,-79150.0,-2.34,54487.0,1.61,71294.0,2.11,-46630.0,-1.38,-1.0,0.944,0.947,383047024.0,361979438,361979438,2026-08-18,2026-08-18 11:33:15+08:00
159582,半导体ETF博时,0.829,0.8288,-0.02,-0.001,-0.12,819609.0,68111240.5,0.83,0.843,0.818,0.83,3.01,8.49,1.22,20.91,387342.0,432267.0,-6262758.0,-9.19,-636999.0,-0.94,-5625759.0,-8.26,2651051.0,3.89,3611707.0,5.3,124.0,0.827,0.829,965608112.0,800489125,800489125,2026-08-18,2026-08-18 11:33:09+08:00
516560,养老ETF华宝,0.773,0.7721,-0.12,-0.001,-0.13,20772.0,1607978.0,0.774,0.779,0.769,0.774,1.29,1.01,0.96,-23.45,12940.0,7832.0,217135.0,13.5,0.0,0.0,217135.0,13.5,-178680.0,-11.11,-38455.0,-2.39,10.0,0.772,0.773,205758000.0,159050934,159050934,2026-08-18,2026-08-18 11:32:50+08:00
159618,光伏ETF华安,0.696,0.6977,0.24,-0.001,-0.14,12453.0,869248.4,0.698,0.702,0.692,0.697,1.43,1.66,0.98,-3.04,7035.0,5418.0,112901.0,12.99,26977.0,3.1,85924.0,9.88,-44502.0,-5.12,-68401.0,-7.87,-94.0,0.696,0.697,75131407.0,52291459,52291459,2026-08-18,2026-08-18 11:32:30+08:00
159249,A500增强ETF工银,1.412,1.4151,0.22,-0.002,-0.14,64771.0,9174671.8,1.415,1.423,1.407,1.414,1.13,5.99,1.45,20.7,26779.0,37992.0,168716.0,1.84,-904037.0,-9.85,1072753.0,11.69,884400.0,9.64,-1053115.0,-11.48,5.0,1.411,1.413,108191923.0,152766995,152766995,2026-08-18,2026-08-18 11:32:24+08:00
159569,港股红利低波ETF景顺,1.386,1.3912,0.37,-0.002,-0.14,462666.0,64208832.5,1.39,1.392,1.382,1.388,0.72,12.64,1.58,-32.06,228047.0,234619.0,2435733.0,3.79,-112231.0,-0.17,2547964.0,3.97,-1640698.0,-2.56,-795035.0,-1.24,-10.0,1.386,1.388,366147248.0,507480086,507480086,2026-08-18,2026-08-18 11:32:27+08:00
560980,光伏龙头ETF广发,0.682,0.683,0.15,-0.001,-0.15,120832.0,8257181.0,0.683,0.688,0.678,0.683,1.46,3.44,0.74,-2.67,62549.0,58283.0,1087323.0,13.17,176203.0,2.13,911120.0,11.03,135066.0,1.64,-1222388.0,-14.8,-101.0,0.682,0.683,351022000.0,239397004,239397004,2026-08-18,2026-08-18 11:32:40+08:00
588500,科创100增强ETF易方达,2.742,2.7519,0.36,-0.004,-0.15,39637.0,10922088.0,2.749,2.781,2.708,2.746,2.66,8.5,1.11,-29.14,16469.0,23168.0,-407212.0,-3.73,0.0,0.0,-407212.0,-3.73,220507.0,2.02,186705.0,1.71,-20.0,2.738,2.749,46647000.0,127906074,127906074,2026-08-18,2026-08-18 11:32:30+08:00
588680,科创100增强ETF广发,2.74,2.7451,0.19,-0.004,-0.15,3205.0,879977.0,2.733,2.769,2.718,2.744,1.86,0.99,0.35,-69.41,2501.0,704.0,-4982.0,-0.57,0.0,0.0,-4982.0,-0.57,-102760.0,-11.68,107740.0,12.24,1.0,2.74,2.765,32361000.0,88669140,88669140,2026-08-18,2026-08-18 11:32:30+08:00
516130,消费龙头ETF华宝,0.677,0.6774,0.06,-0.001,-0.15,62437.0,4231383.0,0.678,0.68,0.675,0.678,0.74,0.4,0.7,9.95,22531.0,39906.0,28669.0,0.68,680440.0,16.08,-651771.0,-15.4,-44550.0,-1.05,15881.0,0.38,-30.0,0.677,0.678,1571890000.0,1064169530,1064169530,2026-08-18,2026-08-18 11:32:44+08:00
563780,现金流全指ETF方正富邦,1.219,1.2194,0.03,-0.002,-0.16,16338.0,1995388.0,1.221,1.228,1.219,1.221,0.74,0.65,1.2,-98.89,9749.0,6589.0,-237574.0,-11.91,0.0,0.0,-237574.0,-11.91,128291.0,6.43,109283.0,5.48,365.0,1.214,1.219,252027100.0,307221035,307221035,2026-08-18,2026-08-18 11:32:53+08:00
512200,房地产ETF南方,1.231,1.23,-0.08,-0.002,-0.16,494924.0,61168391.0,1.233,1.243,1.229,1.233,1.14,1.77,0.92,9.01,203759.0,291165.0,552619.0,0.9,7757864.0,12.68,-7205245.0,-11.78,1203832.0,1.97,-1756451.0,-2.87,10.0,1.23,1.231,2788847904.0,3433071770,3433071770,2026-08-18,2026-08-18 11:32:53+08:00
562080,300现金流ETF华宝,0.617,0.6172,0.03,-0.001,-0.16,273174.0,16872485.0,0.616,0.62,0.616,0.618,0.65,4.43,1.08,22.79,153270.0,119904.0,-1485736.0,-8.81,-964065.0,-5.71,-521671.0,-3.09,1292619.0,7.66,193117.0,1.14,4802.0,0.617,0.618,616757200.0,380539192,380539192,2026-08-18,2026-08-18 11:32:49+08:00
159760,医疗健康ETF泰康,0.614,0.6142,0.03,-0.001,-0.16,6832.0,416723.8,0.614,0.614,0.607,0.615,1.14,0.52,0.5,48.85,2820.0,4012.0,163676.0,39.28,-61023.0,-14.64,224699.0,53.92,-51196.0,-12.29,-112481.0,-26.99,-9.0,0.608,0.616,132360223.0,81269177,81269177,2026-08-18,2026-08-18 11:32:27+08:00
159510,沪深300价值ETF华夏,1.257,1.2584,0.11,-0.002,-0.16,12837.0,1614184.6,1.254,1.262,1.254,1.259,0.64,1.88,0.9,-5.22,3241.0,9596.0,268403.0,16.63,0.0,0.0,268403.0,16.63,-228916.0,-14.18,-39487.0,-2.45,4.0,1.256,1.258,68128342.0,85637326,85637326,2026-08-18,2026-08-18 11:33:12+08:00
560820,中证A50ETF新华,1.229,1.2262,-0.23,-0.002,-0.16,121.0,14876.0,1.231,1.233,1.229,1.231,0.32,0.03,0.6,96.97,116.0,5.0,-12412.0,-83.44,0.0,0.0,-12412.0,-83.44,0.0,0.0,12412.0,83.44,100.0,1.219,1.233,40926000.0,50298054,50298054,2026-08-18,2026-08-18 11:32:37+08:00
561870,现金流全指ETF华富,1.179,1.1794,0.03,-0.002,-0.17,27026.0,3189454.0,1.18,1.188,1.177,1.181,0.93,2.88,1.98,-70.0,14046.0,12980.0,731892.0,22.95,1004171.0,31.48,-272279.0,-8.54,-175006.0,-5.49,-556885.0,-17.46,10000.0,1.171,1.188,93765000.0,110548935,110548935,2026-08-18,2026-08-18 11:32:34+08:00
159316,港股通创新药ETF易方达,1.146,1.1521,0.53,-0.002,-0.17,5850530.0,669361531.091,1.146,1.154,1.13,1.148,2.09,10.31,1.36,32.72,2950212.0,2900318.0,4857954.0,0.73,2381058.0,0.36,2476896.0,0.37,-4756123.0,-0.71,-101834.0,-0.02,-100.0,1.146,1.148,5672336128.0,6500497203,6500497203,2026-08-18,2026-08-18 11:32:27+08:00
159236,自由现金流ETF工银,1.201,1.203,0.17,-0.002,-0.17,31906.0,3840922.2,1.204,1.209,1.201,1.203,0.67,7.65,2.37,-0.37,12339.0,19567.0,1082875.0,28.19,597512.0,15.56,485363.0,12.64,-273122.0,-7.11,-809754.0,-21.08,-1080.0,1.2,1.203,41722161.0,50108315,50108315,2026-08-18,2026-08-18 11:33:12+08:00
159736,食品饮料ETF天弘,0.597,0.5973,0.05,-0.001,-0.17,162690.0,9742346.7,0.597,0.602,0.596,0.598,1.0,0.22,0.94,21.97,101823.0,60867.0,77289.0,0.79,-145514.0,-1.49,222803.0,2.29,32259.0,0.33,-109548.0,-1.12,37.0,0.596,0.597,7514394368.0,4486093438,4486093438,2026-08-18,2026-08-18 11:33:00+08:00
515110,一带一路ETF易方达,1.645,1.6463,0.08,-0.003,-0.18,14380.0,2371980.0,1.649,1.652,1.645,1.648,0.42,0.67,0.44,-50.69,6034.0,8346.0,-63263.0,-2.67,50686.0,2.14,-113949.0,-4.8,117712.0,4.96,-54450.0,-2.3,-7.0,1.645,1.646,215295000.0,354160275,354160275,2026-08-18,2026-08-18 11:33:04+08:00
159843,食品饮料ETF招商,0.545,0.5457,0.13,-0.001,-0.18,53225.0,2911300.892,0.546,0.549,0.545,0.546,0.73,0.87,0.81,16.07,26360.0,26865.0,104248.0,3.58,1016277.0,34.91,-912029.0,-31.33,-86532.0,-2.97,-17716.0,-0.61,-26.0,0.545,0.546,614955136.0,335150549,335150549,2026-08-18,2026-08-18 11:32:21+08:00
589580,科创综指ETF兴银,1.668,1.6679,-0.01,-0.003,-0.18,2763.0,461510.0,1.679,1.687,1.65,1.671,2.21,1.92,0.32,-42.47,469.0,2294.0,242831.0,52.62,0.0,0.0,242831.0,52.62,-116410.0,-25.22,-126421.0,-27.39,205.0,1.654,1.681,14354800.0,23943806,23943806,2026-08-18,2026-08-18 11:32:28+08:00
159207,高股息ETF广发,1.14,1.1398,-0.02,-0.002,-0.18,536501.0,61170505.2,1.137,1.144,1.137,1.142,0.61,2.59,1.21,23.58,263087.0,273414.0,14868194.0,24.31,12519823.0,20.47,2348371.0,3.84,-12200656.0,-19.95,-2667539.0,-4.36,-39.0,1.14,1.141,2074983344.0,2365481012,2365481012,2026-08-18,2026-08-18 11:33:18+08:00
159355,800红利低波ETF华宝,1.027,1.0287,0.17,-0.002,-0.19,1743.0,179384.4,1.03,1.031,1.027,1.029,0.39,0.2,1.3,-63.79,1078.0,665.0,-38303.0,-21.35,0.0,0.0,-38303.0,-21.35,28944.0,16.14,9359.0,5.22,-31.0,1.026,1.027,87234277.0,89589602,89589602,2026-08-18,2026-08-18 11:33:09+08:00
159129,化工ETF嘉实,1.078,1.0793,0.12,-0.002,-0.19,284719.0,30933481.966,1.079,1.091,1.078,1.08,1.2,2.47,3.76,42.67,103944.0,180775.0,427988.0,1.38,7685517.0,24.85,-7257529.0,-23.46,-27415.0,-0.09,-400574.0,-1.29,-65.0,1.078,1.082,1154906592.0,1244989306,1244989306,2026-08-18,2026-08-18 11:33:18+08:00
515480,红利低波100ETF南方,1.053,1.0529,-0.01,-0.002,-0.19,7246.0,764392.0,1.055,1.056,1.053,1.055,0.28,2.75,0.39,-23.05,3405.0,3841.0,-121066.0,-15.84,0.0,0.0,-121066.0,-15.84,161869.0,21.18,-40803.0,-5.34,-488.0,1.052,1.054,26340700.0,27736757,27736757,2026-08-18,2026-08-18 11:32:50+08:00
159745,建材ETF国泰,0.535,0.5355,0.09,-0.001,-0.19,469796.0,25239152.5,0.536,0.54,0.534,0.536,1.12,3.46,1.15,69.76,165092.0,304704.0,-758784.0,-3.01,3910449.0,15.49,-4669233.0,-18.5,-917095.0,-3.63,1675879.0,6.64,-23.0,0.535,0.536,1359688272.0,727433226,727433226,2026-08-18,2026-08-18 11:32:24+08:00
159087,化工ETF万家,1.046,1.0489,0.28,-0.002,-0.19,48973.0,5148058.105,1.05,1.058,1.045,1.048,1.24,8.59,1.47,-78.42,24052.0,24922.0,1025633.0,19.92,1632296.0,31.71,-606663.0,-11.78,-970451.0,-18.85,-55183.0,-1.07,-230.0,1.04,1.05,56992150.0,59613789,59613789,2026-08-18,2026-08-18 11:32:51+08:00
561620,化工ETF华泰柏瑞,1.041,1.0417,0.07,-0.002,-0.19,48001.0,5021000.0,1.036,1.05,1.036,1.043,1.34,9.85,0.9,-4.99,22642.0,25359.0,129302.0,2.58,0.0,0.0,129302.0,2.58,-71613.0,-1.43,-57689.0,-1.15,-208.0,1.038,1.051,48727000.0,50724807,50724807,2026-08-18,2026-08-18 11:32:31+08:00
158006,化工ETF博时,1.032,1.0339,0.18,-0.002,-0.19,11848.0,1229898.063,1.034,1.043,1.032,1.034,1.06,3.03,1.0,-83.87,1753.0,10095.0,872707.0,70.96,698824.0,56.82,173883.0,14.14,-506331.0,-41.17,-366376.0,-29.79,-25.0,1.029,1.04,39046012.0,40295484,40295484,2026-08-18,2026-08-18 11:33:12+08:00
159328,家电ETF易方达,1.048,1.0486,0.06,-0.002,-0.19,7115.0,747527.5,1.05,1.053,1.046,1.05,0.67,0.78,0.37,-31.48,4222.0,2893.0,18533.0,2.48,0.0,0.0,18533.0,2.48,-70620.0,-9.45,52087.0,6.97,-66.0,1.041,1.048,91556700.0,95951422,95951422,2026-08-18,2026-08-18 11:32:36+08:00
159083,红利低波100ETF嘉实,0.988,0.988,0.0,-0.002,-0.2,42223.0,4173743.341,0.99,0.991,0.987,0.99,0.4,1.59,0.59,-32.24,11194.0,31029.0,261544.0,6.27,723489.0,17.33,-461945.0,-11.07,-254585.0,-6.1,-6958.0,-0.17,9.0,0.986,0.989,266370472.0,263174026,263174026,2026-08-18,2026-08-18 11:33:18+08:00
516900,食品饮料ETF华安,0.499,0.4984,-0.12,-0.001,-0.2,26216.0,1311214.0,0.498,0.502,0.497,0.5,1.0,0.92,0.37,62.56,9528.0,16688.0,212173.0,16.18,-60824.0,-4.64,272997.0,20.82,-163050.0,-12.44,-49122.0,-3.75,3.0,0.498,0.499,284729008.0,142079775,142079775,2026-08-18,2026-08-18 11:33:02+08:00
561680,A500红利低波ETF平安,0.981,0.9815,0.05,-0.002,-0.2,5535.0,544015.0,0.988,0.988,0.981,0.983,0.71,0.92,2.5,-21.36,3600.0,1935.0,16158.0,2.97,0.0,0.0,16158.0,2.97,-1572.0,-0.29,-14585.0,-2.68,-5.0,0.98,0.983,60169000.0,59025789,59025789,2026-08-18,2026-08-18 11:32:37+08:00
159117,港股通红利低波ETF鹏华,1.0,1.0006,0.06,-0.002,-0.2,36947.0,3701689.1,0.997,1.004,0.997,1.002,0.7,6.02,2.58,-97.24,18332.0,18615.0,264944.0,7.16,0.0,0.0,264944.0,7.16,-180189.0,-4.87,-84756.0,-2.29,-2.0,0.999,1.002,61401153.0,61401153,61401153,2026-08-18,2026-08-18 11:33:09+08:00
588800,科创100ETF华夏,1.886,1.8868,0.04,-0.004,-0.21,1018956.0,192372419.0,1.887,1.905,1.864,1.89,2.17,6.41,1.39,2.71,524941.0,494015.0,2083884.0,1.08,620202.0,0.32,1463682.0,0.76,-1208112.0,-0.63,-875773.0,-0.46,-140.0,1.882,1.889,1589877008.0,2998508037,2998508037,2026-08-18,2026-08-18 11:32:52+08:00
516440,工程机械ETF南方,0.97,0.9694,-0.06,-0.002,-0.21,31998.0,3102970.0,0.972,0.972,0.968,0.972,0.41,2.26,0.79,52.77,18030.0,13968.0,-2201.0,-0.07,0.0,0.0,-2201.0,-0.07,20207.0,0.65,-18006.0,-0.58,140.0,0.97,0.972,141626600.0,137377802,137377802,2026-08-18,2026-08-18 11:32:35+08:00
159266,港股央企红利ETF永赢,0.954,0.9561,0.22,-0.002,-0.21,89043.0,8510989.657,0.962,0.962,0.95,0.956,1.26,2.52,1.69,7.77,37203.0,51840.0,1716061.0,20.16,531650.0,6.25,1184411.0,13.92,-1520829.0,-17.87,-195231.0,-2.29,-214.0,0.953,0.954,353710096.0,337439432,337439432,2026-08-18,2026-08-18 11:32:30+08:00
159188,红利100ETF景顺,0.936,0.9347,-0.14,-0.002,-0.21,2037.0,190754.436,0.938,0.938,0.935,0.938,0.32,0.31,0.94,-30.84,150.0,1887.0,8619.0,4.52,11232.0,5.89,-2613.0,-1.37,-841.0,-0.44,-7778.0,-4.08,-6.0,0.932,0.941,66601882.0,62339362,62339362,2026-08-18,2026-08-18 11:33:12+08:00
561320,交运ETF国泰,0.936,0.9343,-0.18,-0.002,-0.21,6500.0,608724.0,0.938,0.938,0.933,0.938,0.53,2.07,1.36,-29.19,3469.0,3031.0,44251.0,7.27,0.0,0.0,44251.0,7.27,-30948.0,-5.08,-13303.0,-2.19,1.0,0.929,0.937,31369000.0,29361384,29361384,2026-08-18,2026-08-18 11:32:55+08:00
159883,医疗器械ETF永赢,0.445,0.4455,0.11,-0.001,-0.22,953809.0,42382677.0,0.445,0.447,0.442,0.446,1.12,1.04,1.0,48.52,435260.0,518549.0,408484.0,0.96,7441217.0,17.56,-7032733.0,-16.59,-928857.0,-2.19,520373.0,1.23,500.0,0.444,0.445,9144037888.0,4069096860,4069096860,2026-08-18,2026-08-18 11:32:21+08:00
589960,科创新能源ETF易方达,0.924,0.9228,-0.13,-0.002,-0.22,301104.0,27928921.0,0.924,0.938,0.916,0.926,2.38,18.55,1.82,3.16,183963.0,117141.0,2028292.0,7.26,2890858.0,10.35,-862566.0,-3.09,-1294748.0,-4.64,-733544.0,-2.63,-620.0,0.923,0.924,162316000.0,149979984,149979984,2026-08-18,2026-08-18 11:32:51+08:00
515450,红利低波50ETF南方,1.386,1.3862,0.01,-0.003,-0.22,1106707.0,153661148.0,1.388,1.391,1.385,1.389,0.43,0.78,2.06,34.43,409058.0,697649.0,-14029491.0,-9.13,-23453971.0,-15.26,9424480.0,6.13,8184377.0,5.33,5845114.0,3.8,1.0,1.385,1.386,14161835008.0,19628303321,19628303321,2026-08-18,2026-08-18 11:32:56+08:00
560260,医疗ETF广发,0.894,0.8941,0.01,-0.002,-0.22,64585.0,5759197.0,0.895,0.897,0.877,0.896,2.23,0.37,0.49,-79.99,45628.0,18957.0,-51355.0,-0.89,-420202.0,-7.3,368847.0,6.4,88261.0,1.53,-36907.0,-0.64,-1.0,0.893,0.896,1749664704.0,1564200245,1564200245,2026-08-18,2026-08-18 11:32:40+08:00
520880,港股通创新药ETF华宝,0.452,0.4545,0.55,-0.001,-0.22,5229247.0,236546374.0,0.454,0.456,0.447,0.453,1.99,10.56,1.28,-0.72,2589195.0,2640052.0,1940400.0,0.82,17776409.0,7.51,-15836009.0,-6.69,-354752.0,-0.15,-1585649.0,-0.67,-20.0,0.452,0.453,4951618048.0,2238131358,2238131358,2026-08-18,2026-08-18 11:32:52+08:00
520830,沙特ETF华泰柏瑞,0.895,0.8884,-0.74,-0.002,-0.22,29821.0,2671401.0,0.897,0.898,0.894,0.897,0.45,0.27,0.48,-60.08,7901.0,21920.0,257397.0,9.64,158863.0,5.95,98534.0,3.69,-426024.0,-15.95,168626.0,6.31,350.0,0.894,0.895,1122619008.0,1004744012,1004744012,2026-08-18,2026-08-18 11:32:52+08:00
159329,沙特ETF南方,0.905,0.8999,-0.57,-0.002,-0.22,80715.0,7306374.5,0.906,0.907,0.904,0.907,0.33,0.67,0.75,-3.12,28492.0,52223.0,-454913.0,-6.23,-545591.0,-7.47,90678.0,1.24,403663.0,5.52,51250.0,0.7,-1167.0,0.904,0.906,1207189184.0,1092506212,1092506212,2026-08-18,2026-08-18 11:33:00+08:00
560370,红利质量ETF易方达,0.903,0.9019,-0.12,-0.002,-0.22,2861.0,258718.0,0.903,0.909,0.902,0.905,0.77,0.19,0.21,1.93,819.0,2042.0,47907.0,18.52,0.0,0.0,47907.0,18.52,-38092.0,-14.72,-9814.0,-3.79,9.0,0.901,0.902,150084000.0,135525852,135525852,2026-08-18,2026-08-18 11:32:45+08:00
512690,酒ETF鹏华,0.429,0.4288,-0.05,-0.001,-0.23,6179037.0,266250841.0,0.43,0.433,0.428,0.43,1.16,1.9,0.74,21.72,2863357.0,3315680.0,4619984.0,1.74,21554925.0,8.1,-16934941.0,-6.36,-5875635.0,-2.21,1255652.0,0.47,51.0,0.428,0.429,32557750272.0,13967274867,13967274867,2026-08-18,2026-08-18 11:32:44+08:00
159145,工业软件ETF广发,0.88,0.8743,-0.65,-0.002,-0.23,23915.0,2098518.0,0.882,0.893,0.869,0.882,2.72,3.49,0.79,50.33,10468.0,13447.0,371801.0,17.72,87670.0,4.18,284131.0,13.54,-403926.0,-19.25,32125.0,1.53,-17.0,0.871,0.88,68581845.0,60352024,60352024,2026-08-18,2026-08-18 11:33:24+08:00
510060,央企ETF工银,2.608,2.6136,0.21,-0.006,-0.23,1552.0,406159.0,2.616,2.619,2.608,2.614,0.42,0.44,6.39,-92.36,60.0,1492.0,125878.0,30.99,0.0,0.0,125878.0,30.99,-127981.0,-31.51,2104.0,0.52,-10.0,2.597,2.619,34959200.0,91173594,91173594,2026-08-18,2026-08-18 11:32:44+08:00
561790,央企能源ETF博时,1.265,1.2639,-0.09,-0.003,-0.24,10947.0,1386808.0,1.268,1.27,1.264,1.268,0.47,1.87,1.49,-1.78,5410.0,5537.0,-92364.0,-6.66,0.0,0.0,-92364.0,-6.66,65461.0,4.72,26902.0,1.94,3.0,1.263,1.264,58434000.0,73919010,73919010,2026-08-18,2026-08-18 11:32:26+08:00
159859,生物医药ETF天弘,0.422,0.4219,-0.02,-0.001,-0.24,2473242.0,104033879.0,0.422,0.425,0.416,0.423,2.13,2.29,0.87,24.07,991470.0,1481772.0,800785.0,0.77,20458705.0,19.67,-19657920.0,-18.9,-634268.0,-0.61,-166516.0,-0.16,8302.0,0.422,0.423,10805840128.0,4560064534,4560064534,2026-08-18,2026-08-18 11:33:00+08:00
516230,光伏ETF招商,0.814,0.8163,0.28,-0.002,-0.25,114047.0,9321925.0,0.808,0.822,0.808,0.816,1.72,1.54,2.33,4.7,77597.0,36450.0,44834.0,0.48,-409000.0,-4.39,453834.0,4.87,25632.0,0.27,-70465.0,-0.76,-27.0,0.814,0.818,742921008.0,604737701,604737701,2026-08-18,2026-08-18 11:32:49+08:00
159839,生物医药ETF汇添富,0.392,0.3918,-0.05,-0.001,-0.25,866662.0,33855462.88,0.393,0.394,0.386,0.393,2.04,3.45,0.96,18.26,415089.0,451573.0,1348132.0,3.98,4350682.0,12.85,-3002550.0,-8.87,-1509560.0,-4.46,161429.0,0.48,59.0,0.391,0.392,2511735168.0,984600186,984600186,2026-08-18,2026-08-18 11:32:36+08:00
512010,医药ETF易方达,0.4,0.4008,0.2,-0.001,-0.25,7463339.0,297840391.0,0.4,0.403,0.396,0.401,1.75,1.82,1.01,37.73,4106034.0,3357304.0,-127283.0,-0.04,21064217.0,7.07,-21191500.0,-7.12,-6523481.0,-2.19,6650764.0,2.23,-538.0,0.4,0.401,40899694848.0,16359877939,16359877939,2026-08-18,2026-08-18 11:32:54+08:00
510650,金融地产ETF华夏,2.822,2.8158,-0.22,-0.007,-0.25,3564.0,1006231.0,2.824,2.83,2.821,2.829,0.32,2.98,0.84,7.38,807.0,2757.0,990140.0,98.4,0.0,0.0,990140.0,98.4,-56782.0,-5.64,-933358.0,-92.76,-113.0,2.801,2.833,11952500.0,33729955,33729955,2026-08-18,2026-08-18 11:33:09+08:00
589700,科创成长ETF南方,2.348,2.3465,-0.06,-0.006,-0.25,73718.0,17258602.0,2.357,2.366,2.31,2.354,2.38,30.35,3.38,68.79,21983.0,51735.0,-3694535.0,-21.41,-3594222.0,-20.83,-100313.0,-0.58,915998.0,5.31,2778537.0,16.1,-50.0,2.348,2.356,24291000.0,57035268,57035268,2026-08-18,2026-08-18 11:32:47+08:00
159209,红利质量ETF招商,1.146,1.145,-0.09,-0.003,-0.26,424865.0,48795100.8,1.149,1.154,1.145,1.149,0.78,1.96,1.05,28.87,195841.0,229024.0,-8829182.0,-18.09,-5340347.0,-10.94,-3488835.0,-7.15,5576989.0,11.43,3252194.0,6.67,30.0,1.145,1.146,2169635056.0,2486401774,2486401774,2026-08-18,2026-08-18 11:32:27+08:00
589050,科创综指ETF兴业,1.456,1.4547,-0.09,-0.004,-0.27,3451.0,502572.0,1.46,1.473,1.439,1.46,2.33,0.73,0.69,26.43,848.0,2603.0,130645.0,26.0,0.0,0.0,130645.0,26.0,-16870.0,-3.36,-113776.0,-22.64,5.0,1.439,1.458,46968000.0,68385408,68385408,2026-08-18,2026-08-18 11:32:24+08:00
512360,MSCIA股ETF平安,1.83,1.8298,-0.01,-0.005,-0.27,144.0,26437.0,1.839,1.841,1.83,1.835,0.6,0.05,0.57,-87.44,114.0,30.0,-15768.0,-59.64,0.0,0.0,-15768.0,-59.64,0.0,0.0,15768.0,59.64,-1.0,1.817,1.838,27337700.0,50027991,50027991,2026-08-18,2026-08-18 11:33:02+08:00
159790,碳中和ETF华夏,0.73,0.7304,0.05,-0.002,-0.27,212928.0,15604035.0,0.729,0.736,0.728,0.732,1.09,1.36,1.64,16.26,126130.0,86798.0,-2454659.0,-15.73,-2732257.0,-17.51,277598.0,1.78,1083969.0,6.95,1370689.0,8.78,82.0,0.729,0.73,1560528480.0,1139185790,1139185790,2026-08-18,2026-08-18 11:33:09+08:00
510660,医药ETF华夏,2.626,2.6257,-0.01,-0.007,-0.27,37206.0,9752847.0,2.633,2.638,2.596,2.633,1.6,6.78,0.93,-60.24,13223.0,23983.0,772427.0,7.92,0.0,0.0,772427.0,7.92,-743498.0,-7.62,-28929.0,-0.3,33.0,2.615,2.627,54879700.0,144114092,144114092,2026-08-18,2026-08-18 11:32:56+08:00
520550,港股红利低波ETF招商,1.094,1.0893,-0.43,-0.003,-0.27,211430.0,23153841.0,1.096,1.098,1.092,1.097,0.55,1.84,1.19,-30.69,95257.0,116173.0,-122592.0,-0.53,-482680.0,-2.08,360088.0,1.56,-457999.0,-1.98,580590.0,2.51,279.0,1.093,1.095,1149024000.0,1257032256,1257032256,2026-08-18,2026-08-18 11:32:46+08:00
512170,医疗ETF华宝,0.352,0.3518,-0.06,-0.001,-0.28,13516563.0,475105667.0,0.352,0.354,0.349,0.353,1.42,1.84,1.44,21.02,6855810.0,6660753.0,4928007.0,1.04,12717136.0,2.68,-7789129.0,-1.64,-3143147.0,-0.66,-1784850.0,-0.38,-671.0,0.352,0.353,73299820544.0,25801536831,25801536831,2026-08-18,2026-08-18 11:32:54+08:00
561810,医疗器械ETF华泰柏瑞,1.016,1.0153,-0.07,-0.003,-0.29,42677.0,4329197.0,1.016,1.019,1.007,1.019,1.18,5.23,0.67,34.39,9928.0,32749.0,344848.0,7.97,1639460.0,37.87,-1294612.0,-29.9,-256669.0,-5.93,-88180.0,-2.04,2080.0,1.009,1.017,81638400.0,82944614,82944614,2026-08-18,2026-08-18 11:32:56+08:00
588110,科创成长ETF广发,0.677,0.6767,-0.04,-0.002,-0.29,1050953.0,71103461.0,0.68,0.683,0.666,0.679,2.5,13.05,2.09,-19.14,472042.0,578911.0,-6544744.0,-9.2,-5837097.0,-8.21,-707647.0,-1.0,2345857.0,3.3,4198886.0,5.91,-10.0,0.677,0.678,805032000.0,545006664,545006664,2026-08-18,2026-08-18 11:32:37+08:00
561490,红利质量ETF财通,1.019,1.0206,0.16,-0.003,-0.29,26462.0,2701525.0,1.016,1.028,1.016,1.022,1.17,2.55,0.45,-37.7,4862.0,21600.0,231605.0,8.57,199114.0,7.37,32491.0,1.2,-172353.0,-6.38,-59251.0,-2.19,-17.0,1.019,1.021,103631300.0,105600295,105600295,2026-08-18,2026-08-18 11:32:28+08:00
561630,红利质量ETF华泰柏瑞,1.042,1.0417,-0.03,-0.003,-0.29,5054.0,527210.0,1.042,1.047,1.041,1.045,0.57,0.99,0.15,-58.53,3334.0,1720.0,169051.0,32.07,0.0,0.0,169051.0,32.07,-118026.0,-22.39,-51025.0,-9.68,10.0,1.04,1.042,50898000.0,53035716,53035716,2026-08-18,2026-08-18 11:32:49+08:00
510170,大宗商品ETF国联安,1.396,1.3954,-0.04,-0.004,-0.29,29990.0,4207776.0,1.397,1.413,1.393,1.4,1.43,0.9,0.65,-39.81,14912.0,15078.0,-85461.0,-2.03,56825.0,1.35,-142286.0,-3.38,129115.0,3.07,-43654.0,-1.04,10.0,1.393,1.396,332914800.0,464749061,464749061,2026-08-18,2026-08-18 11:33:07+08:00
589800,科创综指ETF易方达,1.692,1.6871,-0.29,-0.005,-0.29,389011.0,65633628.0,1.697,1.709,1.669,1.697,2.36,3.51,1.58,18.89,222699.0,166312.0,-2070141.0,-3.15,7122104.0,10.85,-9192245.0,-14.01,1714985.0,2.61,355157.0,0.54,2.0,1.691,1.694,1107988208.0,1874716048,1874716048,2026-08-18,2026-08-18 11:32:28+08:00
589860,科创综指ETF天弘,1.674,1.6737,-0.02,-0.005,-0.3,145841.0,24423760.0,1.679,1.691,1.652,1.679,2.32,8.0,1.56,14.3,71576.0,74265.0,72949.0,0.3,75179.0,0.31,-2230.0,-0.01,8557.0,0.04,-81506.0,-0.33,-1439.0,1.671,1.674,182224000.0,305042976,305042976,2026-08-18,2026-08-18 11:32:24+08:00
560570,XDA500红利ETF国联安,0.985,0.9844,-0.06,-0.003,-0.3,117826.0,11613740.0,0.988,0.988,0.983,0.988,0.51,1.02,0.78,-67.22,54551.0,63275.0,-772286.0,-6.65,482717.0,4.16,-1255003.0,-10.81,12512.0,0.11,759774.0,6.54,2.0,0.983,0.985,1159541200.0,1142148082,1142148082,2026-08-18,2026-08-18 11:32:42+08:00
159333,港股央企红利ETF万家,1.332,1.3354,0.25,-0.004,-0.3,28483.0,3798899.9,1.341,1.341,1.33,1.336,0.82,1.35,1.18,-57.07,13935.0,14548.0,-162457.0,-4.28,0.0,0.0,-162457.0,-4.28,-2308.0,-0.06,164766.0,4.34,1.0,1.331,1.332,210952835.0,280989176,280989176,2026-08-18,2026-08-18 11:32:39+08:00
589900,科创综指ETF博时,1.68,1.6854,0.32,-0.005,-0.3,109405.0,18362590.0,1.685,1.695,1.657,1.685,2.26,5.79,1.39,7.64,64509.0,44896.0,524119.0,2.85,-65910.0,-0.36,590029.0,3.21,-972900.0,-5.3,448781.0,2.44,-11.0,1.677,1.683,188908200.0,317365776,317365776,2026-08-18,2026-08-18 11:32:50+08:00
517550,沪港深消费龙头ETF招商,0.659,0.6613,0.35,-0.002,-0.3,37998.0,2498789.0,0.661,0.661,0.655,0.661,0.91,4.56,1.16,1.31,15874.0,22124.0,131602.0,5.27,0.0,0.0,131602.0,5.27,-105667.0,-4.23,-25934.0,-1.04,7.0,0.658,0.659,83417400.0,54972067,54972067,2026-08-18,2026-08-18 11:32:38+08:00
516500,生物科技ETF华夏,0.672,0.6735,0.22,-0.002,-0.3,66567.0,4464483.0,0.673,0.677,0.665,0.674,1.78,3.19,0.84,43.09,37782.0,28785.0,-323883.0,-7.25,265364.0,5.94,-589247.0,-13.2,473332.0,10.6,-149449.0,-3.35,-300.0,0.673,0.676,208937200.0,140405798,140405798,2026-08-18,2026-08-18 11:32:37+08:00
560250,红利质量ETF富国,0.995,0.9959,0.09,-0.003,-0.3,10587.0,1056540.0,0.999,1.0,0.995,0.998,0.5,0.67,0.37,-51.54,9400.0,1187.0,46911.0,4.44,389435.0,36.86,-342524.0,-32.42,-35812.0,-3.39,-11100.0,-1.05,-100.0,0.993,0.996,158833000.0,158038835,158038835,2026-08-18,2026-08-18 11:32:55+08:00
588840,科创50ETF万家,1.646,1.6428,-0.19,-0.005,-0.3,43185.0,7117646.0,1.651,1.678,1.623,1.651,3.33,7.82,1.72,5.14,13464.0,29721.0,1508901.0,21.2,3422543.0,48.09,-1913642.0,-26.89,-1548705.0,-21.76,39804.0,0.56,-484.0,1.642,1.646,55236000.0,90918456,90918456,2026-08-18,2026-08-18 11:32:30+08:00
561450,红利低波50ETF华泰柏瑞,0.952,0.9533,0.14,-0.003,-0.31,27930.0,2663642.0,0.954,0.955,0.952,0.955,0.31,2.98,1.75,18.43,17300.0,10630.0,10114.0,0.38,-953060.0,-35.78,963174.0,36.16,-98419.0,-3.69,88306.0,3.32,-15.0,0.952,0.954,93624300.0,89130334,89130334,2026-08-18,2026-08-18 11:32:29+08:00
520580,新兴亚洲ETF招商,0.953,0.9592,0.65,-0.003,-0.31,7612.0,726686.0,0.955,0.957,0.953,0.956,0.42,0.26,0.52,4.86,2930.0,4682.0,-12471.0,-1.72,-14833.0,-2.04,2362.0,0.33,1640.0,0.23,10832.0,1.49,-1000.0,0.953,0.954,290983904.0,277307661,277307661,2026-08-18,2026-08-18 11:32:46+08:00
560720,红利低波100ETF工银,0.974,0.9745,0.05,-0.003,-0.31,34046.0,3323467.0,0.976,0.978,0.974,0.977,0.41,3.29,1.88,11.13,26314.0,7732.0,148888.0,4.48,931721.0,28.03,-782833.0,-23.55,-192494.0,-5.79,43605.0,1.31,11.0,0.973,0.974,103548000.0,100855752,100855752,2026-08-18,2026-08-18 11:32:40+08:00
589720,科创创新药ETF国泰,0.976,0.9757,-0.03,-0.003,-0.31,8631660.0,838753555.0,0.979,0.986,0.955,0.979,3.17,17.76,1.34,24.2,4232995.0,4398665.0,-16300274.0,-1.94,-1708752.0,-0.2,-14591522.0,-1.74,578910.0,0.07,15721353.0,1.87,79.0,0.975,0.976,4860823040.0,4744163287,4744163287,2026-08-18,2026-08-18 11:32:43+08:00
588690,科创增强ETF银华,1.286,1.2879,0.15,-0.004,-0.31,7085.0,914165.0,1.29,1.303,1.27,1.29,2.56,1.37,1.24,-25.85,3213.0,3872.0,103364.0,11.31,0.0,0.0,103364.0,11.31,-161557.0,-17.67,58193.0,6.37,80.0,1.273,1.292,51636000.0,66403896,66403896,2026-08-18,2026-08-18 11:32:50+08:00
562850,央企能源ETF嘉实,1.269,1.2698,0.06,-0.004,-0.31,57660.0,7334676.0,1.272,1.276,1.268,1.273,0.63,3.0,1.67,-4.26,36206.0,21454.0,-74309.0,-1.01,-1527800.0,-20.83,1453491.0,19.82,7157.0,0.1,67152.0,0.92,10.0,1.267,1.27,191981500.0,243624524,243624524,2026-08-18,2026-08-18 11:32:27+08:00
516060,创新药ETF工银,0.64,0.641,0.16,-0.002,-0.31,130880.0,8335813.0,0.642,0.644,0.63,0.642,2.18,4.36,1.11,48.78,46370.0,84510.0,-66753.0,-0.8,-163892.0,-1.97,97139.0,1.17,-140101.0,-1.68,206854.0,2.48,-25.0,0.64,0.641,300237408.0,192151941,192151941,2026-08-18,2026-08-18 11:32:53+08:00
561260,能源ETF工银,1.252,1.254,0.16,-0.004,-0.32,32097.0,4031561.0,1.258,1.259,1.252,1.256,0.56,12.79,2.02,14.48,17822.0,14275.0,343550.0,8.52,0.0,0.0,343550.0,8.52,-193900.0,-4.81,-149651.0,-3.71,-1.0,1.252,1.253,25095200.0,31419190,31419190,2026-08-18,2026-08-18 11:32:34+08:00
159672,消费ETF博时,0.631,0.6327,0.27,-0.002,-0.32,58355.0,3690923.7,0.632,0.636,0.631,0.633,0.79,4.33,1.57,-0.86,24295.0,34060.0,296490.0,8.03,2792055.0,75.65,-2495565.0,-67.61,-265331.0,-7.19,-31160.0,-0.84,-951.0,0.632,0.633,134887409.0,85113955,85113955,2026-08-18,2026-08-18 11:33:12+08:00
159657,疫苗ETF鹏华,0.628,0.6253,-0.43,-0.002,-0.32,2308.0,144377.5,0.627,0.63,0.621,0.63,1.43,0.15,0.25,92.96,1987.0,321.0,-32745.0,-22.68,-68840.0,-47.68,36095.0,25.0,33386.0,23.12,-642.0,-0.44,-1.0,0.623,0.627,154514819.0,97035306,97035306,2026-08-18,2026-08-18 11:32:57+08:00
588670,科创综指增强ETF嘉实,1.881,1.8819,0.05,-0.006,-0.32,8341.0,1570852.0,1.887,1.904,1.859,1.887,2.38,2.33,1.18,-11.26,3315.0,5026.0,18376.0,1.17,0.0,0.0,18376.0,1.17,-155793.0,-9.92,137416.0,8.75,-12.0,1.879,1.888,35792000.0,67324752,67324752,2026-08-18,2026-08-18 11:32:38+08:00
561120,家电ETF富国,1.262,1.2617,-0.02,-0.004,-0.32,43670.0,5508572.0,1.264,1.268,1.259,1.266,0.71,15.51,1.31,71.52,22895.0,20775.0,-237211.0,-4.31,526856.0,9.56,-764067.0,-13.87,3145.0,0.06,234065.0,4.25,17.0,1.253,1.266,28159900.0,35537794,35537794,2026-08-18,2026-08-18 11:32:48+08:00
159578,深证主板50ETF南方,1.205,1.2053,0.02,-0.004,-0.33,762.0,92108.4,1.209,1.21,1.205,1.209,0.41,0.38,0.92,0.02,561.0,201.0,-89087.0,-96.72,0.0,0.0,-89087.0,-96.72,77476.0,84.11,11610.0,12.6,13.0,1.205,1.207,19998831.0,24098591,24098591,2026-08-18,2026-08-18 11:32:30+08:00
512430,家居家电ETF华泰柏瑞,0.905,0.9063,0.14,-0.003,-0.33,3325.0,301213.0,0.908,0.908,0.905,0.908,0.33,1.16,0.33,-34.99,,3325.0,-4072.0,-1.35,0.0,0.0,-4072.0,-1.35,0.0,0.0,4072.0,1.35,-20.0,0.903,0.913,28720000.0,25991600,25991600,2026-08-18,2026-08-18 11:32:58+08:00
516070,低碳ETF易方达,0.601,0.5999,-0.18,-0.002,-0.33,28641.0,1723896.0,0.603,0.605,0.6,0.603,0.83,0.98,1.57,-54.13,8255.0,20386.0,78563.0,4.56,500841.0,29.05,-422278.0,-24.5,-59090.0,-3.43,-19471.0,-1.13,80.0,0.6,0.601,293646000.0,176481246,176481246,2026-08-18,2026-08-18 11:33:00+08:00
562060,标普A股红利ETF华宝,0.608,0.6085,0.08,-0.002,-0.33,261705.0,15946614.0,0.607,0.611,0.607,0.61,0.66,0.51,0.73,26.46,117697.0,144008.0,2601848.0,16.32,2136938.0,13.4,464910.0,2.92,-2207089.0,-13.84,-394759.0,-2.48,-16.0,0.608,0.609,5132792576.0,3120737886,3120737886,2026-08-18,2026-08-18 11:32:35+08:00
159235,中证现金流ETF大成,1.225,1.2256,0.05,-0.004,-0.33,254461.0,31229948.4,1.229,1.233,1.224,1.229,0.73,1.31,0.89,-23.87,115380.0,139081.0,-24199.0,-0.08,-383067.0,-1.23,358868.0,1.15,722564.0,2.31,-698364.0,-2.24,100.0,1.223,1.225,1940729552.0,2377393701,2377393701,2026-08-18,2026-08-18 11:32:42+08:00
588960,科创新能源ETF富国,1.206,1.207,0.08,-0.004,-0.33,33578.0,4071255.0,1.209,1.225,1.199,1.21,2.15,2.32,0.99,-0.24,19100.0,14478.0,409332.0,10.05,6429.0,0.16,402903.0,9.9,-262896.0,-6.46,-146436.0,-3.6,-6.0,1.206,1.208,144579800.0,174363239,174363239,2026-08-18,2026-08-18 11:32:38+08:00
516020,化工ETF华宝,0.869,0.8701,0.13,-0.003,-0.34,603178.0,52719496.0,0.872,0.879,0.868,0.872,1.26,1.72,0.71,9.32,306746.0,296432.0,4246323.0,8.05,-1299613.0,-2.47,5545936.0,10.52,-2210278.0,-4.19,-2036046.0,-3.86,-27.0,0.869,0.87,3504326208.0,3045259475,3045259475,2026-08-18,2026-08-18 11:32:36+08:00
563830,全指现金流ETF博时,1.17,1.1729,0.25,-0.004,-0.34,68802.0,8079505.0,1.17,1.179,1.17,1.174,0.77,4.85,60.13,-84.62,23783.0,45019.0,-149841.0,-1.85,149609.0,1.85,-299450.0,-3.71,269673.0,3.34,-119833.0,-1.48,-2000.0,1.163,1.18,141896000.0,166018320,166018320,2026-08-18,2026-08-18 11:32:41+08:00
563770,全指现金流ETF招商,1.189,1.1898,0.07,-0.004,-0.34,19859.0,2365379.0,1.205,1.205,1.189,1.193,1.34,7.27,0.55,10.85,11833.0,8026.0,201182.0,8.51,226100.0,9.56,-24918.0,-1.05,-160516.0,-6.79,-40665.0,-1.72,-1868.0,1.188,1.189,27307000.0,32468023,32468023,2026-08-18,2026-08-18 11:32:44+08:00
516750,建材ETF富国,0.584,0.5839,-0.02,-0.002,-0.34,63593.0,3720460.0,0.586,0.588,0.583,0.586,0.85,4.54,0.78,-60.45,30228.0,33365.0,-59086.0,-1.59,-593658.0,-15.96,534572.0,14.37,-33782.0,-0.91,92868.0,2.5,1.0,0.583,0.585,140167300.0,81857703,81857703,2026-08-18,2026-08-18 11:32:44+08:00
563760,全指现金流ETF中银,1.173,1.1736,0.05,-0.004,-0.34,331684.0,38986226.0,1.177,1.181,1.173,1.177,0.68,4.33,0.84,-14.77,154279.0,177405.0,663940.0,1.7,3046019.0,7.81,-2382079.0,-6.11,541475.0,1.39,-1205416.0,-3.09,-2000.0,1.172,1.174,765913200.0,898416184,898416184,2026-08-18,2026-08-18 11:32:50+08:00
515730,家居家电ETF永赢,0.847,0.8481,0.13,-0.003,-0.35,13161.0,1115043.0,0.85,0.85,0.845,0.85,0.59,3.57,2.15,-89.35,5153.0,8008.0,-40556.0,-3.64,0.0,0.0,-40556.0,-3.64,47855.0,4.29,-7299.0,-0.65,-20.0,0.842,0.851,36892000.0,31247524,31247524,2026-08-18,2026-08-18 11:33:02+08:00
589660,科创综指ETF南方,1.694,1.6914,-0.15,-0.006,-0.35,393578.0,66697716.0,1.7,1.717,1.671,1.7,2.71,15.05,2.07,0.34,216248.0,177330.0,-1520360.0,-2.28,7631147.0,11.44,-9151507.0,-13.72,1501037.0,2.25,19322.0,0.03,1000.0,1.692,1.694,261530000.0,443031820,443031820,2026-08-18,2026-08-18 11:32:33+08:00
589500,科创综指ETF工银,1.702,1.6998,-0.13,-0.006,-0.35,13664.0,2325897.0,1.708,1.719,1.68,1.708,2.28,1.71,0.64,-18.66,3109.0,10555.0,257278.0,11.06,0.0,0.0,257278.0,11.06,-132588.0,-5.7,-124689.0,-5.36,-500.0,1.697,1.704,80064000.0,136268928,136268928,2026-08-18,2026-08-18 11:32:30+08:00
510980,上证指数ETF汇添富,1.409,1.4079,-0.08,-0.005,-0.35,389251.0,54949024.0,1.414,1.417,1.405,1.414,0.85,5.59,1.2,43.95,125836.0,263415.0,5161243.0,9.39,9966970.0,18.14,-4805727.0,-8.75,-2800392.0,-5.1,-2360851.0,-4.3,2.0,1.408,1.409,695798000.0,980379382,980379382,2026-08-18,2026-08-18 11:33:01+08:00
515970,工程机械ETF华夏,0.866,0.8659,-0.01,-0.003,-0.35,440359.0,38170695.0,0.87,0.871,0.864,0.869,0.81,6.14,1.18,-28.79,216819.0,223540.0,-527769.0,-1.38,440529.0,1.15,-968298.0,-2.54,-1022190.0,-2.68,1549960.0,4.06,5500.0,0.865,0.866,717088000.0,620998208,620998208,2026-08-18,2026-08-18 11:33:04+08:00
515090,可持续发展ETF博时,1.428,1.4244,-0.25,-0.005,-0.35,4288.0,614276.0,1.432,1.433,1.428,1.433,0.35,4.37,0.66,-0.95,1668.0,2620.0,399184.0,64.98,0.0,0.0,399184.0,64.98,-304049.0,-49.5,-95135.0,-15.49,1.0,1.422,1.427,9801700.0,13996828,13996828,2026-08-18,2026-08-18 11:32:50+08:00
515100,红利低波100ETF景顺,1.395,1.396,0.07,-0.005,-0.36,592124.0,82764109.0,1.398,1.402,1.394,1.4,0.57,1.57,1.93,83.23,240321.0,351803.0,-8366282.0,-10.11,12980060.0,15.68,-21346342.0,-25.79,5428574.0,6.56,2937708.0,3.55,73.0,1.395,1.396,3766941504.0,5254883398,5254883398,2026-08-18,2026-08-18 11:33:05+08:00
159602,中国A50ETF南方,1.113,1.1133,0.03,-0.004,-0.36,27468.0,3068247.6,1.117,1.124,1.111,1.117,1.16,0.69,1.01,-39.96,17074.0,10394.0,-1636.0,-0.05,222.0,0.01,-1858.0,-0.06,-47158.0,-1.54,48793.0,1.59,150.0,1.109,1.118,400542944.0,445804297,445804297,2026-08-18,2026-08-18 11:33:00+08:00
159862,食品饮料ETF银华,0.549,0.549,0.0,-0.002,-0.36,20276.0,1117147.2,0.55,0.553,0.549,0.551,0.73,0.66,0.65,33.31,9462.0,10814.0,122381.0,10.95,422826.0,37.85,-300445.0,-26.89,-110947.0,-9.93,-11435.0,-1.02,-991.0,0.548,0.55,307500624.0,168817843,168817843,2026-08-18,2026-08-18 11:33:06+08:00
159913,深价值ETF交银,2.461,2.468,0.28,-0.009,-0.36,99.0,24438.7,2.482,2.482,2.461,2.47,0.85,0.04,0.23,-78.0,49.0,50.0,0.0,0.0,0.0,0.0,0.0,0.0,24190.0,98.98,-24190.0,-98.98,-1.0,2.459,2.482,22329693.0,54953374,54953374,2026-08-18,2026-08-18 11:33:09+08:00
510760,上证指数ETF国泰,1.342,1.3425,0.04,-0.005,-0.37,726892.0,97851832.0,1.345,1.351,1.339,1.347,0.89,2.21,0.82,28.36,328638.0,398254.0,8852660.0,9.05,12095111.0,12.36,-3242451.0,-3.31,-6323993.0,-6.46,-2528667.0,-2.58,20.0,1.341,1.342,3287503696.0,4411829960,4411829960,2026-08-18,2026-08-18 11:33:05+08:00
159663,机床ETF华夏,1.074,1.0744,0.04,-0.004,-0.37,630860.0,67841819.3,1.077,1.091,1.063,1.078,2.6,14.18,1.57,76.85,266783.0,364077.0,4863207.0,7.17,12423906.0,18.31,-7560699.0,-11.14,-983041.0,-1.45,-3880166.0,-5.72,-4843.0,1.074,1.075,445035168.0,477967770,477967770,2026-08-18,2026-08-18 11:32:57+08:00
562070,沪深300指增ETF华宝,1.069,1.0673,-0.16,-0.004,-0.37,192371.0,20596471.0,1.073,1.077,1.066,1.073,1.03,3.41,3.65,35.19,41836.0,150535.0,389406.0,1.89,2537914.0,12.32,-2148508.0,-10.43,566192.0,2.75,-955600.0,-4.64,79.0,1.067,1.071,564542000.0,603495398,603495398,2026-08-18,2026-08-18 11:32:49+08:00
159861,碳中和50ETF国泰,1.071,1.0725,0.14,-0.004,-0.37,9485.0,1021572.1,1.075,1.081,1.07,1.075,1.02,0.98,0.65,-71.61,6414.0,3071.0,117847.0,11.54,0.0,0.0,117847.0,11.54,-134470.0,-13.16,16623.0,1.63,58.0,1.072,1.077,97117535.0,104012880,104012880,2026-08-18,2026-08-18 11:33:03+08:00
159542,工程机械ETF大成,1.363,1.3633,0.02,-0.005,-0.37,13416.0,1828768.5,1.364,1.367,1.36,1.368,0.51,8.6,0.94,-70.25,6262.0,7154.0,112516.0,6.15,0.0,0.0,112516.0,6.15,-42353.0,-2.32,-70163.0,-3.84,1.0,1.355,1.375,15592850.0,21253055,21253055,2026-08-18,2026-08-18 11:33:00+08:00
588130,科创医药ETF华夏,1.071,1.0715,0.05,-0.004,-0.37,863592.0,92253191.0,1.071,1.08,1.054,1.075,2.42,18.89,1.21,10.79,400323.0,463269.0,3612169.0,3.92,698541.0,0.76,2913628.0,3.16,-2749837.0,-2.98,-862332.0,-0.93,-10.0,1.071,1.073,457082608.0,489535473,489535473,2026-08-18,2026-08-18 11:32:43+08:00
561430,红利质量ETF博时,1.051,1.0503,-0.07,-0.004,-0.38,3089.0,325424.0,1.058,1.058,1.05,1.055,0.76,0.74,0.28,-8.39,1480.0,1609.0,177875.0,54.66,0.0,0.0,177875.0,54.66,-150247.0,-46.17,-27628.0,-8.49,20.0,1.049,1.05,41723200.0,43851083,43851083,2026-08-18,2026-08-18 11:32:39+08:00
588070,科创成长ETF万家,2.361,2.3632,0.09,-0.009,-0.38,56868.0,13442078.0,2.366,2.382,2.325,2.37,2.41,15.61,1.81,-21.62,22022.0,34846.0,40738.0,0.3,1055265.0,7.85,-1014527.0,-7.55,-875377.0,-6.51,834640.0,6.21,1.0,2.355,2.361,36437000.0,86027757,86027757,2026-08-18,2026-08-18 11:32:54+08:00
560190,公用事业ETF鹏华,1.013,1.0112,-0.18,-0.004,-0.39,2887.0,292637.0,1.03,1.03,1.012,1.017,1.77,1.53,1.07,-64.12,650.0,2237.0,38554.0,13.17,15903.0,5.43,22651.0,7.74,57876.0,19.78,-96429.0,-32.95,-883.0,1.012,1.016,18834000.0,19078842,19078842,2026-08-18,2026-08-18 11:32:56+08:00
588150,科创50ETF南方,1.262,1.2602,-0.14,-0.005,-0.39,223314.0,28137156.0,1.267,1.276,1.244,1.267,2.53,6.09,1.39,4.77,111630.0,111684.0,750468.0,2.67,1802121.0,6.4,-1051653.0,-3.74,-720526.0,-2.56,-29941.0,-0.11,-25.0,1.26,1.262,366432608.0,462437951,462437951,2026-08-18,2026-08-18 11:32:39+08:00
510140,上证综指ETF华夏,1.029,1.0301,0.11,-0.004,-0.39,35239.0,3634651.0,1.033,1.037,1.027,1.033,0.97,4.56,0.78,44.27,17611.0,17627.0,682971.0,18.79,-616245.0,-16.95,1299216.0,35.75,-187461.0,-5.16,-495511.0,-13.63,309.0,1.029,1.031,77230500.0,79470185,79470185,2026-08-18,2026-08-18 11:33:03+08:00
159067,绿色电力ETF鹏华,1.012,1.0128,0.08,-0.004,-0.39,5771.0,585926.628,1.016,1.018,1.011,1.016,0.69,2.63,1.08,59.77,3089.0,2682.0,494275.0,84.36,0.0,0.0,494275.0,84.36,-509972.0,-87.04,15697.0,2.68,121.0,1.011,1.012,21908737.0,22171642,22171642,2026-08-18,2026-08-18 11:32:27+08:00
560880,家电ETF广发,1.522,1.5224,0.03,-0.006,-0.39,58857.0,8969531.0,1.53,1.531,1.52,1.528,0.72,2.92,1.17,1.26,30642.0,28215.0,-681910.0,-7.6,0.0,0.0,-681910.0,-7.6,464910.0,5.18,216999.0,2.42,-13.0,1.521,1.523,201232000.0,306275104,306275104,2026-08-18,2026-08-18 11:32:54+08:00
510210,上证指数ETF富国,1.014,1.0144,0.04,-0.004,-0.39,5901266.0,599510602.0,1.017,1.021,1.011,1.018,0.98,3.85,1.3,76.48,1839682.0,4061584.0,35628466.0,5.94,116535056.0,19.44,-80906590.0,-13.5,-25532274.0,-4.26,-10096202.0,-1.68,4.0,1.013,1.014,15317192704.0,15531633402,15531633402,2026-08-18,2026-08-18 11:32:47+08:00
159898,医疗器械ETF招商,0.497,0.4964,-0.12,-0.002,-0.4,81016.0,4028328.1,0.497,0.5,0.494,0.499,1.2,0.86,0.6,68.75,31212.0,49804.0,134314.0,3.33,805659.0,20.0,-671345.0,-16.67,-160409.0,-3.98,26095.0,0.65,9.0,0.496,0.497,946098832.0,470211120,470211120,2026-08-18,2026-08-18 11:32:39+08:00
512120,医药ETF华安,0.494,0.4926,-0.28,-0.002,-0.4,199594.0,9808436.0,0.495,0.496,0.487,0.496,1.81,2.54,0.97,-17.76,74774.0,124820.0,183798.0,1.87,1415664.0,14.43,-1231866.0,-12.56,-348469.0,-3.55,164672.0,1.68,-17.0,0.493,0.495,786241904.0,388403501,388403501,2026-08-18,2026-08-18 11:32:49+08:00
159176,家电ETF华宝,0.995,0.9963,0.13,-0.004,-0.4,76312.0,7605688.6,0.997,1.001,0.994,0.999,0.7,31.4,1.66,-96.64,31801.0,44511.0,181953.0,2.39,0.0,0.0,181953.0,2.39,-124645.0,-1.64,-57308.0,-0.75,-1508.0,0.994,0.996,24303341.0,24181824,24181824,2026-08-18,2026-08-18 11:32:54+08:00
159098,价值ETF招商,0.988,0.9914,0.34,-0.004,-0.4,37488.0,3720605.199,0.986,0.997,0.986,0.992,1.11,1.91,0.25,37.85,17105.0,20382.0,980543.0,26.35,290100.0,7.8,690443.0,18.56,-796199.0,-21.4,-184344.0,-4.95,-500.0,0.987,0.99,195891589.0,193540890,193540890,2026-08-18,2026-08-18 11:32:42+08:00
159635,基建ETF华夏,0.997,0.9977,0.07,-0.004,-0.4,202397.0,20206699.7,1.001,1.002,0.996,1.001,0.6,15.47,1.71,11.73,102373.0,100024.0,1271580.0,6.29,-1223987.0,-6.06,2495567.0,12.35,83818.0,0.41,-1355399.0,-6.71,1.0,0.996,0.997,130846980.0,130454439,130454439,2026-08-18,2026-08-18 11:32:30+08:00
530060,上证指数ETF易方达,1.003,1.0023,-0.07,-0.004,-0.4,293621.0,29524133.0,1.007,1.009,1.0,1.007,0.89,3.72,1.22,59.7,94491.0,199130.0,2022177.0,6.85,9451264.0,32.01,-7429087.0,-25.16,-1634061.0,-5.53,-388116.0,-1.31,-378.0,1.003,1.004,789193008.0,791560587,791560587,2026-08-18,2026-08-18 11:32:44+08:00
515710,食品饮料ETF华宝,0.501,0.5023,0.26,-0.002,-0.4,248605.0,12520978.0,0.503,0.506,0.501,0.503,0.99,1.06,1.15,58.47,101841.0,146764.0,1078925.0,8.62,1423285.0,11.37,-344360.0,-2.75,-589377.0,-4.71,-489548.0,-3.91,-1.0,0.501,0.503,2335099808.0,1169885004,1169885004,2026-08-18,2026-08-18 11:32:43+08:00
589990,科创综指ETF华泰柏瑞,1.756,1.7538,-0.13,-0.007,-0.4,18993.0,3341267.0,1.763,1.776,1.733,1.763,2.44,1.79,0.57,-12.26,5437.0,13556.0,533634.0,15.97,0.0,0.0,533634.0,15.97,-173612.0,-5.2,-360022.0,-10.78,-5.0,1.751,1.758,106090000.0,186294040,186294040,2026-08-18,2026-08-18 11:32:27+08:00
589770,科创综指ETF招商,1.699,1.6981,-0.05,-0.007,-0.41,89076.0,15096480.0,1.708,1.716,1.678,1.706,2.23,5.62,1.87,-11.24,49036.0,40040.0,-1354112.0,-8.97,1398432.0,9.26,-2752544.0,-18.23,1379710.0,9.14,-25598.0,-0.17,-1.0,1.69,1.698,158569200.0,269409071,269409071,2026-08-18,2026-08-18 11:32:47+08:00
589600,科创综指ETF富国,1.683,1.6798,-0.19,-0.007,-0.41,75341.0,12640633.0,1.69,1.7,1.662,1.69,2.25,3.46,1.78,-0.05,45845.0,29496.0,1517837.0,12.01,1302225.0,10.3,215612.0,1.71,-1463735.0,-11.58,-54102.0,-0.43,1.0,1.678,1.681,217535000.0,366111405,366111405,2026-08-18,2026-08-18 11:32:27+08:00
159070,工程机械ETF嘉实,0.965,0.9662,0.12,-0.004,-0.41,16221.0,1567445.436,0.969,0.969,0.963,0.969,0.62,1.48,0.83,-44.39,9125.0,7096.0,116741.0,7.45,4820.0,0.31,111921.0,7.14,-106203.0,-6.78,-10538.0,-0.67,-1560.0,0.963,0.968,109366883.0,105539042,105539042,2026-08-18,2026-08-18 11:32:33+08:00
159206,卫星ETF永赢,1.471,1.4716,0.04,-0.006,-0.41,1944710.0,286068123.901,1.474,1.485,1.458,1.477,1.83,1.87,0.83,-36.1,890818.0,1053892.0,38380.0,0.01,15192548.0,5.31,-15154168.0,-5.3,-5861840.0,-2.05,5823460.0,2.04,410.0,1.47,1.471,10397953280.0,15295389275,15295389275,2026-08-18,2026-08-18 11:33:00+08:00
562050,药ETF华宝,0.983,0.9812,-0.18,-0.004,-0.41,42296.0,4148876.0,0.984,0.988,0.971,0.987,1.72,4.43,0.94,52.36,16070.0,26226.0,564337.0,13.6,-47821.0,-1.15,612158.0,14.75,-164523.0,-3.97,-399814.0,-9.64,119.0,0.98,0.984,95468000.0,93845044,93845044,2026-08-18,2026-08-18 11:32:42+08:00
159161,工程机械ETF东财,0.964,0.9655,0.16,-0.004,-0.41,3982.0,383583.372,0.967,0.969,0.961,0.968,0.83,0.58,0.78,-0.27,1899.0,2083.0,10874.0,2.83,0.0,0.0,10874.0,2.83,-28601.0,-7.46,17728.0,4.62,10.0,0.962,0.965,68331260.0,65871335,65871335,2026-08-18,2026-08-18 11:33:06+08:00
588900,科创100ETF南方,1.951,1.9565,0.28,-0.008,-0.41,48099.0,9424262.0,2.012,2.012,1.936,1.959,3.88,1.4,2.74,22.81,24138.0,23961.0,-125542.0,-1.33,65141.0,0.69,-190683.0,-2.02,518334.0,5.5,-392792.0,-4.17,100.0,1.953,1.962,343783008.0,670720649,670720649,2026-08-18,2026-08-18 11:32:32+08:00
159707,地产ETF华宝,0.49,0.4911,0.22,-0.002,-0.41,656723.0,32366410.8,0.489,0.498,0.489,0.492,1.83,5.88,0.64,13.52,254235.0,402488.0,829297.0,2.56,3600348.0,11.12,-2771051.0,-8.56,-410174.0,-1.27,-419123.0,-1.29,-231.0,0.49,0.491,1117048208.0,547353622,547353622,2026-08-18,2026-08-18 11:32:30+08:00
159996,家电ETF国泰,1.43,1.4288,-0.08,-0.006,-0.42,340058.0,48797306.2,1.434,1.44,1.427,1.436,0.91,6.93,1.43,34.56,163540.0,176518.0,-17201725.0,-35.25,-9131987.0,-18.71,-8069738.0,-16.54,3543021.0,7.26,13658704.0,27.99,-6.0,1.429,1.432,490554848.0,701493433,701493433,2026-08-18,2026-08-18 11:33:09+08:00
159232,自由现金流ETF南方,1.199,1.2001,0.09,-0.005,-0.42,769505.0,92529952.0,1.197,1.208,1.197,1.204,0.91,3.62,1.07,-12.38,361351.0,408154.0,-5053661.0,-5.46,-8712836.0,-9.42,3659175.0,3.95,4263171.0,4.61,790489.0,0.85,1.0,1.198,1.2,2122948560.0,2545415323,2545415323,2026-08-18,2026-08-18 11:32:39+08:00
589000,科创综指ETF华夏,1.679,1.6747,-0.26,-0.007,-0.42,451232.0,75684731.0,1.68,1.696,1.657,1.686,2.31,4.28,1.66,37.95,261263.0,189969.0,844628.0,1.12,261748.0,0.35,582880.0,0.77,-1243835.0,-1.64,399207.0,0.53,-24.0,1.679,1.682,1055507808.0,1772197610,1772197610,2026-08-18,2026-08-18 11:32:25+08:00
159281,港股央企红利ETF天弘,0.939,0.9453,0.67,-0.004,-0.42,204656.0,19263841.4,0.943,0.943,0.934,0.943,0.95,8.28,2.18,-67.29,100954.0,103702.0,590176.0,3.06,-79117.0,-0.41,669293.0,3.47,-779738.0,-4.05,189562.0,0.98,-1200.0,0.937,0.94,247233059.0,232151842,232151842,2026-08-18,2026-08-18 11:33:06+08:00
589080,科创综指ETF汇添富,1.671,1.6678,-0.19,-0.007,-0.42,88244.0,14727620.0,1.678,1.688,1.648,1.678,2.38,5.96,0.84,-24.25,46012.0,42232.0,-1216835.0,-8.26,-1002456.0,-6.81,-214379.0,-1.46,1296027.0,8.8,-79193.0,-0.54,-481.0,1.667,1.673,148061000.0,247409931,247409931,2026-08-18,2026-08-18 11:32:49+08:00
159640,碳中和龙头ETF工银,0.956,0.9541,-0.2,-0.004,-0.42,12394.0,1185304.7,0.968,0.97,0.956,0.96,1.46,2.07,1.25,28.98,7540.0,4854.0,10998.0,0.93,0.0,0.0,10998.0,0.93,-28770.0,-2.43,17773.0,1.5,-39.0,0.953,0.954,59845198.0,57212009,57212009,2026-08-18,2026-08-18 11:32:48+08:00
159667,工业母机ETF国泰,0.717,0.7188,0.25,-0.003,-0.42,2694525.0,194196745.644,0.722,0.73,0.711,0.72,2.64,6.92,1.91,43.96,1485588.0,1208937.0,-14466933.0,-7.45,-31787271.0,-16.37,17320338.0,8.92,13212336.0,6.8,1254596.0,0.65,-975.0,0.718,0.72,3891050720.0,2789883366,2789883366,2026-08-18,2026-08-18 11:33:06+08:00
588100,科创信息ETF嘉实,0.941,0.9376,-0.36,-0.004,-0.42,52736.0,4961631.0,0.946,0.951,0.925,0.945,2.75,2.71,0.87,-3.87,27361.0,25375.0,91810.0,1.85,-102518.0,-2.07,194328.0,3.92,-209668.0,-4.23,117857.0,2.38,98.0,0.936,0.942,194746200.0,183256174,183256174,2026-08-18,2026-08-18 11:32:32+08:00
515170,食品饮料ETF华夏,0.469,0.4698,0.17,-0.002,-0.42,943339.0,44412040.0,0.471,0.473,0.469,0.471,0.85,1.08,0.82,51.96,466029.0,477310.0,-188543.0,-0.42,-5704715.0,-12.84,5516172.0,12.42,-450462.0,-1.01,639004.0,1.44,-132.0,0.469,0.47,8719757824.0,4089566419,4089566419,2026-08-18,2026-08-18 11:32:46+08:00
515770,MSCI中国A股ETF摩根,1.435,1.4361,0.08,-0.006,-0.42,3726.0,536449.0,1.463,1.463,1.435,1.441,1.94,0.94,0.51,-98.26,2102.0,1624.0,-12341.0,-2.3,0.0,0.0,-12341.0,-2.3,0.0,0.0,12341.0,2.3,-10.0,1.427,1.46,39727300.0,57008676,57008676,2026-08-18,2026-08-18 11:32:42+08:00
159233,自由现金流ETF平安,1.195,1.1969,0.16,-0.005,-0.42,172624.0,20699856.4,1.199,1.206,1.195,1.2,0.92,2.68,1.6,4.0,75010.0,97614.0,5466417.0,26.41,3097208.0,14.96,2369209.0,11.45,-699499.0,-3.38,-4766918.0,-23.03,-143.0,1.195,1.199,644623424.0,770324992,770324992,2026-08-18,2026-08-18 11:32:24+08:00
512640,金融地产ETF嘉实,2.326,2.3231,-0.12,-0.01,-0.43,3721.0,868851.0,2.334,2.336,2.326,2.336,0.43,1.79,0.55,73.77,901.0,2820.0,4436.0,0.51,0.0,0.0,4436.0,0.51,0.0,0.0,-4436.0,-0.51,1.0,2.32,2.357,20740900.0,48243333,48243333,2026-08-18,2026-08-18 11:32:56+08:00
159929,医药ETF汇添富,1.388,1.3886,0.04,-0.006,-0.43,462383.0,64017489.048,1.385,1.394,1.373,1.394,1.51,2.74,1.14,-76.54,198613.0,263770.0,-514491.0,-0.8,15429183.0,24.1,-15943674.0,-24.91,1579788.0,2.47,-1065297.0,-1.66,-80.0,1.388,1.389,1689204208.0,2344615441,2344615441,2026-08-18,2026-08-18 11:32:45+08:00
589680,科创综指ETF鹏华,1.633,1.6278,-0.32,-0.007,-0.43,649601.0,105865435.0,1.636,1.649,1.61,1.64,2.38,4.81,1.14,-12.4,316975.0,332626.0,-5903433.0,-5.58,10637323.0,10.05,-16540756.0,-15.62,3925903.0,3.71,1977530.0,1.87,72.0,1.631,1.633,1349943696.0,2204458056,2204458056,2026-08-18,2026-08-18 11:32:29+08:00
562300,碳中和ETF银华,0.695,0.6958,0.11,-0.003,-0.43,21302.0,1491206.0,0.709,0.716,0.695,0.698,3.01,3.58,2.46,54.04,6963.0,14339.0,13894.0,0.93,0.0,0.0,13894.0,0.93,-5396.0,-0.36,-8498.0,-0.57,-30.0,0.695,0.699,59495000.0,41349025,41349025,2026-08-18,2026-08-18 11:32:42+08:00
159138,工程机械ETF易方达,0.929,0.9295,0.05,-0.004,-0.43,29353.0,2729438.509,0.931,0.933,0.926,0.933,0.75,0.98,0.63,-87.01,18148.0,11206.0,188223.0,6.9,465000.0,17.04,-276777.0,-10.14,-74020.0,-2.71,-114203.0,-4.18,500.0,0.927,0.929,298267920.0,277090898,277090898,2026-08-18,2026-08-18 11:33:03+08:00
588020,科创成长ETF易方达,0.922,0.923,0.11,-0.004,-0.43,3112280.0,286831252.0,0.928,0.931,0.908,0.926,2.48,16.58,1.9,-34.82,1311967.0,1800313.0,-17281522.0,-6.02,-23372362.0,-8.15,6090840.0,2.12,10990822.0,3.83,6290701.0,2.19,-297.0,0.922,0.923,1877373008.0,1730937913,1730937913,2026-08-18,2026-08-18 11:32:34+08:00
563030,中证500增强ETF易方达,1.626,1.6295,0.21,-0.007,-0.43,30258.0,4949881.0,1.633,1.645,1.619,1.633,1.59,2.41,1.66,22.13,14966.0,15292.0,-444003.0,-8.97,0.0,0.0,-444003.0,-8.97,550209.0,11.12,-106205.0,-2.15,1500.0,1.626,1.627,125669000.0,204337794,204337794,2026-08-18,2026-08-18 11:32:26+08:00
515210,钢铁ETF国泰,1.165,1.1642,-0.07,-0.005,-0.43,299672.0,35007192.0,1.169,1.173,1.162,1.17,0.94,3.12,0.84,-25.96,142307.0,157365.0,4228878.0,12.08,4614741.0,13.18,-385863.0,-1.1,-3703347.0,-10.58,-525532.0,-1.5,4.0,1.164,1.165,959726096.0,1118080902,1118080902,2026-08-18,2026-08-18 11:32:49+08:00
560560,碳中和ETF泰康,0.696,0.6975,0.22,-0.003,-0.43,2295.0,160591.0,0.704,0.704,0.696,0.699,1.14,0.32,0.95,-69.12,21.0,2274.0,11436.0,7.12,0.0,0.0,11436.0,7.12,11481.0,7.15,-22919.0,-14.27,-1.0,0.696,0.702,72190100.0,50244310,50244310,2026-08-18,2026-08-18 11:32:37+08:00
159758,红利质量ETF华夏,1.144,1.1432,-0.07,-0.005,-0.44,251486.0,28839199.6,1.15,1.151,1.143,1.149,0.7,1.91,1.94,22.58,136519.0,114967.0,-7095228.0,-24.6,983969.0,3.41,-8079197.0,-28.01,2796519.0,9.7,4298709.0,14.91,1369.0,1.143,1.145,1316290784.0,1505836657,1505836657,2026-08-18,2026-08-18 11:32:21+08:00
515460,红利质量ETF南方,0.915,0.9156,0.07,-0.004,-0.44,78159.0,7169169.0,0.925,0.925,0.915,0.919,1.09,2.61,1.41,-0.54,30402.0,47757.0,62938.0,0.88,-561458.0,-7.83,624396.0,8.71,145923.0,2.04,-208861.0,-2.91,4.0,0.914,0.915,299091008.0,273668272,273668272,2026-08-18,2026-08-18 11:32:51+08:00
159592,A50ETF银华,1.373,1.3747,0.12,-0.006,-0.44,80996.0,11153536.1,1.376,1.385,1.371,1.379,1.02,1.35,1.03,28.77,27328.0,53668.0,1149575.0,10.31,3141253.0,28.16,-1991678.0,-17.86,-917785.0,-8.23,-231789.0,-2.08,-2.0,1.372,1.375,600310464.0,824226267,824226267,2026-08-18,2026-08-18 11:32:42+08:00
159617,中证500价值ETF华夏,1.364,1.3651,0.08,-0.006,-0.44,10673.0,1458139.9,1.371,1.371,1.364,1.37,0.51,3.51,0.9,-30.77,2594.0,8079.0,141569.0,9.71,0.0,0.0,141569.0,9.71,-28797.0,-1.97,-112772.0,-7.73,222.0,1.362,1.378,30418382.0,41490673,41490673,2026-08-18,2026-08-18 11:33:15+08:00
561030,工程机械ETF华泰柏瑞,0.901,0.9007,-0.03,-0.004,-0.44,25304.0,2277910.0,0.903,0.903,0.898,0.905,0.55,1.36,1.13,-47.9,13611.0,11693.0,132484.0,5.82,0.0,0.0,132484.0,5.82,-120642.0,-5.3,-11841.0,-0.52,6220.0,0.896,0.91,185550000.0,167180550,167180550,2026-08-18,2026-08-18 11:32:31+08:00
562010,绿色能源ETF华宝,0.906,0.9076,0.18,-0.004,-0.44,1662.0,151543.0,0.913,0.916,0.905,0.91,1.21,0.91,0.45,71.17,338.0,1324.0,93610.0,61.77,0.0,0.0,93610.0,61.77,-70513.0,-46.53,-23097.0,-15.24,-1.0,0.906,0.909,18298700.0,16578622,16578622,2026-08-18,2026-08-18 11:32:53+08:00
561230,中证A50ETF工银,1.358,1.3589,0.07,-0.006,-0.44,120174.0,16412393.0,1.364,1.368,1.356,1.364,0.88,2.58,2.06,-20.9,62013.0,58161.0,-844059.0,-5.14,-650360.0,-3.96,-193699.0,-1.18,968123.0,5.9,-124066.0,-0.76,-1.0,1.358,1.359,466477808.0,633476863,633476863,2026-08-18,2026-08-18 11:32:35+08:00
516220,化工ETF国泰,0.909,0.9114,0.26,-0.004,-0.44,88564.0,8090456.0,0.913,0.921,0.909,0.913,1.31,3.29,1.78,-50.07,42344.0,46220.0,-812727.0,-10.05,1723013.0,21.3,-2535740.0,-31.34,506627.0,6.26,306100.0,3.78,-215.0,0.909,0.911,269170000.0,244675530,244675530,2026-08-18,2026-08-18 11:32:51+08:00
159931,金融地产ETF汇添富,1.816,1.8152,-0.04,-0.008,-0.44,501.0,91207.6,1.823,1.825,1.816,1.824,0.49,0.28,1.04,-15.86,75.0,426.0,-28799.0,-31.58,0.0,0.0,-28799.0,-31.58,44095.0,48.35,-15296.0,-16.77,-3.0,1.812,1.85,17828511.0,32376576,32376576,2026-08-18,2026-08-18 11:32:36+08:00
588990,科创芯片ETF博时,3.953,3.9484,-0.12,-0.018,-0.45,124742.0,49418089.0,3.96,4.012,3.89,3.971,3.07,6.37,2.12,14.2,59399.0,65343.0,-3381878.0,-6.84,-1978682.0,-4.0,-1403196.0,-2.84,548303.0,1.11,2833575.0,5.73,12.0,3.944,3.952,195745400.0,773781566,773781566,2026-08-18,2026-08-18 11:32:35+08:00
589060,科创综指ETF东财,1.755,1.7574,0.14,-0.008,-0.45,18524.0,3251341.0,1.765,1.777,1.735,1.763,2.38,2.4,0.68,32.63,9592.0,8932.0,440635.0,13.55,0.0,0.0,440635.0,13.55,-741094.0,-22.79,300459.0,9.24,-1.0,1.754,1.755,77137900.0,135377015,135377015,2026-08-18,2026-08-18 11:32:35+08:00
159768,房地产ETF银华,0.44,0.4404,0.09,-0.002,-0.45,450637.0,19922216.8,0.44,0.446,0.439,0.442,1.58,5.45,0.68,-11.7,173353.0,277284.0,-133476.0,-0.67,1106446.0,5.55,-1239922.0,-6.22,-191527.0,-0.96,325003.0,1.63,-29.0,0.44,0.441,826950304.0,363858134,363858134,2026-08-18,2026-08-18 11:32:30+08:00
159620,中证500成长ETF华夏,1.326,1.322,-0.3,-0.006,-0.45,45218.0,6008788.6,1.333,1.34,1.319,1.332,1.58,15.0,2.03,-29.51,19922.0,25296.0,1088804.0,18.12,1140670.0,18.98,-51866.0,-0.86,-849511.0,-14.14,-239292.0,-3.98,-1000.0,1.315,1.334,30140934.0,39966878,39966878,2026-08-18,2026-08-18 11:33:12+08:00
159519,港股国企ETF国泰,1.753,1.7556,0.15,-0.008,-0.45,69822.0,12283336.112,1.762,1.765,1.751,1.761,0.8,11.61,0.63,-15.83,31510.0,38312.0,1836334.0,14.95,0.0,0.0,1836334.0,14.95,13712.0,0.11,-1850046.0,-15.06,27.0,1.751,1.753,60157854.0,105456718,105456718,2026-08-18,2026-08-18 11:32:39+08:00
512950,央企改革ETF华夏,1.532,1.5335,0.1,-0.007,-0.45,18393.0,2833753.0,1.539,1.545,1.528,1.539,1.1,0.05,0.49,7.98,4141.0,14252.0,602513.0,21.26,201059.0,7.1,401454.0,14.17,-927621.0,-32.73,325109.0,11.47,1.0,1.531,1.533,4044551008.0,6196252144,6196252144,2026-08-18,2026-08-18 11:32:55+08:00
510270,国企ETF中银,1.534,1.5345,0.03,-0.007,-0.45,4547.0,698825.0,1.541,1.541,1.534,1.541,0.45,2.87,0.76,64.77,606.0,3941.0,615778.0,88.12,0.0,0.0,615778.0,88.12,17259.0,2.47,-633038.0,-90.59,-95.0,1.534,1.547,15832100.0,24286441,24286441,2026-08-18,2026-08-18 11:33:01+08:00
159828,医疗ETF国泰,0.439,0.4388,-0.05,-0.002,-0.45,768625.0,33630820.9,0.439,0.441,0.434,0.441,1.59,1.61,1.04,54.95,359624.0,409001.0,644961.0,1.92,4868976.0,14.48,-4224015.0,-12.56,-529436.0,-1.57,-115524.0,-0.34,50.0,0.438,0.439,4784439552.0,2100368963,2100368963,2026-08-18,2026-08-18 11:32:48+08:00
516120,化工ETF富国,0.89,0.8917,0.19,-0.004,-0.45,670255.0,60025544.0,0.894,0.901,0.89,0.894,1.23,1.3,1.34,-27.1,292904.0,377351.0,4557646.0,7.59,1409669.0,2.35,3147977.0,5.24,-3297615.0,-5.49,-1260032.0,-2.1,-24.0,0.891,0.893,5166082048.0,4597813023,4597813023,2026-08-18,2026-08-18 11:33:00+08:00
588250,科创医药ETF鹏华,1.091,1.0932,0.2,-0.005,-0.46,47493.0,5169716.0,1.093,1.1,1.075,1.096,2.28,1.66,0.73,-61.86,17875.0,29618.0,1073621.0,20.77,149151.0,2.89,924470.0,17.88,-786357.0,-15.21,-287265.0,-5.56,-40.0,1.09,1.092,285675008.0,311671434,311671434,2026-08-18,2026-08-18 11:32:36+08:00
588830,科创新能源ETF鹏华,1.307,1.3077,0.05,-0.006,-0.46,606427.0,79641964.0,1.304,1.327,1.297,1.313,2.28,8.89,1.48,-1.76,323964.0,282462.0,4331489.0,5.44,-1911731.0,-2.4,6243220.0,7.84,365997.0,0.46,-4697486.0,-5.9,-116.0,1.307,1.309,681847904.0,891175211,891175211,2026-08-18,2026-08-18 11:32:36+08:00
561300,沪深300增强ETF国泰,1.085,1.0832,-0.17,-0.005,-0.46,191744.0,20833648.0,1.088,1.093,1.08,1.09,1.19,4.27,2.02,-3.69,89820.0,101924.0,267351.0,1.28,5563844.0,26.71,-5296493.0,-25.42,23621.0,0.11,-290974.0,-1.4,51.0,1.081,1.087,448965008.0,487127034,487127034,2026-08-18,2026-08-18 11:32:45+08:00
159508,生物医药ETF华安,0.865,0.8665,0.17,-0.004,-0.46,54997.0,4745605.7,0.865,0.871,0.854,0.869,1.96,5.4,0.44,-61.13,21703.0,33294.0,242970.0,5.12,547427.0,11.54,-304457.0,-6.42,9241.0,0.19,-252213.0,-5.31,-4.0,0.865,0.866,101831598.0,88084332,88084332,2026-08-18,2026-08-18 11:33:09+08:00
588280,科创50ETF华安,1.279,1.278,-0.08,-0.006,-0.47,216115.0,27622150.0,1.285,1.294,1.262,1.285,2.49,6.0,1.67,-6.56,91129.0,124986.0,1197263.0,4.33,2322398.0,8.41,-1125135.0,-4.07,-464284.0,-1.68,-732979.0,-2.65,10.0,1.277,1.279,360121008.0,460594769,460594769,2026-08-18,2026-08-18 11:32:26+08:00
159847,医疗ETF易方达,0.421,0.4214,0.09,-0.002,-0.47,319424.0,13434111.2,0.423,0.424,0.418,0.423,1.42,0.82,0.61,40.24,138266.0,181158.0,606417.0,4.51,1951476.0,14.53,-1345059.0,-10.01,-488787.0,-3.64,-117630.0,-0.88,-1900.0,0.421,0.422,3888825360.0,1637195477,1637195477,2026-08-18,2026-08-18 11:32:54+08:00
159761,新材料ETF国泰,0.856,0.8535,-0.29,-0.004,-0.47,48114.0,4154505.1,0.859,0.871,0.851,0.86,2.33,2.48,1.02,-38.7,20385.0,27729.0,84100.0,2.02,1364422.0,32.84,-1280322.0,-30.82,-309592.0,-7.45,225492.0,5.43,1000.0,0.856,0.859,193734117.0,165836404,165836404,2026-08-18,2026-08-18 11:33:09+08:00
516950,基建ETF银华,1.036,1.0365,0.05,-0.005,-0.48,49321.0,5114725.0,1.042,1.042,1.035,1.041,0.67,4.49,1.78,-62.25,13976.0,35345.0,1595904.0,31.2,822011.0,16.07,773893.0,15.13,-846513.0,-16.55,-749390.0,-14.65,-5.0,1.035,1.038,109821000.0,113774556,113774556,2026-08-18,2026-08-18 11:32:39+08:00
159056,医疗器械ETF富国,1.031,1.0332,0.21,-0.005,-0.48,15457.0,1591786.438,1.034,1.037,1.026,1.036,1.06,1.86,0.19,-22.73,2586.0,12872.0,311468.0,19.57,0.0,0.0,311468.0,19.57,-265005.0,-16.65,-46463.0,-2.92,103.0,1.025,1.033,82934358.0,85505323,85505323,2026-08-18,2026-08-18 11:32:45+08:00
520870,巴西ETF易方达,1.045,1.0303,-1.43,-0.005,-0.48,164143.0,17165885.0,1.046,1.049,1.044,1.05,0.48,3.24,0.74,-23.92,36797.0,127346.0,-2064749.0,-12.03,-42296.0,-0.25,-2022453.0,-11.78,594727.0,3.46,1470022.0,8.56,20.0,1.044,1.045,506477200.0,529268674,529268674,2026-08-18,2026-08-18 11:32:53+08:00
516600,消费服务ETF工银,0.623,0.6241,0.18,-0.003,-0.48,13118.0,818494.0,0.623,0.625,0.623,0.626,0.32,1.16,1.61,-1.53,4135.0,8983.0,119213.0,14.56,62.0,0.01,119151.0,14.56,-97517.0,-11.91,-21697.0,-2.65,-16.0,0.623,0.624,113332100.0,70605898,70605898,2026-08-18,2026-08-18 11:32:44+08:00
159800,中证800ETF鹏华,1.459,1.4589,-0.01,-0.007,-0.48,988.0,144703.4,1.48,1.48,1.459,1.466,1.43,0.37,0.58,-20.14,246.0,742.0,109713.0,75.82,0.0,0.0,109713.0,75.82,-66992.0,-46.3,-42720.0,-29.52,-424.0,1.456,1.46,26736802.0,39008994,39008994,2026-08-18,2026-08-18 11:32:42+08:00
530080,上证180ETF天弘,1.25,1.2504,0.03,-0.006,-0.48,37834.0,4744004.0,1.257,1.26,1.249,1.256,0.88,13.08,1.35,-98.23,25124.0,12710.0,277107.0,5.84,626259.0,13.2,-349152.0,-7.36,-66889.0,-1.41,-210218.0,-4.43,-2.0,1.244,1.252,28917000.0,36146250,36146250,2026-08-18,2026-08-18 11:32:39+08:00
515550,中证500ETF国联,1.818,1.8239,0.32,-0.009,-0.49,7979.0,1456371.0,1.83,1.839,1.813,1.827,1.42,3.74,1.05,94.9,1488.0,6491.0,1156838.0,79.43,0.0,0.0,1156838.0,79.43,-952995.0,-65.44,-203844.0,-14.0,-10.0,1.809,1.844,21345700.0,38806483,38806483,2026-08-18,2026-08-18 11:33:06+08:00
530280,上证180ETF平安,1.217,1.2195,0.21,-0.006,-0.49,736.0,89927.0,1.224,1.225,1.217,1.223,0.65,0.25,0.93,-64.71,114.0,622.0,62803.0,69.84,0.0,0.0,62803.0,69.84,-61060.0,-67.9,-1744.0,-1.94,-2.0,1.217,1.235,29934000.0,36429678,36429678,2026-08-18,2026-08-18 11:32:43+08:00
159965,央视50ETF国联,1.629,1.6323,0.2,-0.008,-0.49,3119.0,510508.4,1.637,1.643,1.629,1.637,0.86,1.39,4.23,72.47,2233.0,886.0,-271454.0,-53.17,0.0,0.0,-271454.0,-53.17,82149.0,16.09,189304.0,37.08,-10.0,1.63,1.64,22426953.0,36533506,36533506,2026-08-18,2026-08-18 11:32:57+08:00
512330,信息科技ETF南方,1.981,1.9796,-0.07,-0.01,-0.5,38538.0,7632173.0,1.991,2.01,1.953,1.991,2.86,1.07,1.82,-21.73,23095.0,15443.0,1149845.0,15.07,2960464.0,38.79,-1810619.0,-23.72,-1448201.0,-18.97,298355.0,3.91,-1.0,1.98,1.984,359688000.0,712541928,712541928,2026-08-18,2026-08-18 11:32:49+08:00
588160,科创新材料ETF南方,1.19,1.1892,-0.07,-0.006,-0.5,1637344.0,195360863.0,1.196,1.21,1.176,1.196,2.84,19.57,1.56,-22.18,523506.0,1113838.0,2256642.0,1.16,2769463.0,1.42,-512821.0,-0.26,-5085741.0,-2.6,2829099.0,1.45,10.0,1.189,1.19,836496000.0,995430240,995430240,2026-08-18,2026-08-18 11:32:34+08:00
588040,科创50ETF鹏华,1.805,1.8049,-0.01,-0.009,-0.5,56175.0,10146801.0,1.814,1.826,1.783,1.814,2.37,4.93,0.93,-38.74,25750.0,30425.0,523876.0,5.16,0.0,0.0,523876.0,5.16,-990217.0,-9.76,466342.0,4.6,-141.0,1.8,1.805,113889000.0,205569645,205569645,2026-08-18,2026-08-18 11:32:41+08:00
515060,房地产ETF华夏,0.592,0.5914,-0.1,-0.003,-0.5,358462.0,21295113.0,0.595,0.599,0.591,0.595,1.34,3.78,1.0,-24.12,146326.0,212136.0,851990.0,4.0,-819744.0,-3.85,1671734.0,7.85,-426889.0,-2.0,-425100.0,-2.0,2.0,0.591,0.592,948478096.0,561499033,561499033,2026-08-18,2026-08-18 11:32:55+08:00
561080,全指现金流ETF华安,1.191,1.1919,0.08,-0.006,-0.5,3426.0,408923.0,1.197,1.198,1.189,1.197,0.75,1.41,0.48,32.11,1420.0,2006.0,344818.0,84.32,0.0,0.0,344818.0,84.32,-186630.0,-45.64,-158187.0,-38.68,803.0,1.189,1.195,24250000.0,28881750,28881750,2026-08-18,2026-08-18 11:32:39+08:00
510910,上证指数ETF南方,0.989,0.9913,0.23,-0.005,-0.5,276072.0,27434426.0,0.993,0.998,0.987,0.994,1.11,12.91,1.4,-5.39,150320.0,125752.0,1101516.0,4.02,2244010.0,8.18,-1142494.0,-4.16,-898348.0,-3.27,-203168.0,-0.74,-1.0,0.989,0.99,213796000.0,211444244,211444244,2026-08-18,2026-08-18 11:33:02+08:00
159691,港股红利ETF工银,1.194,1.1963,0.19,-0.006,-0.5,403760.0,48209658.9,1.197,1.197,1.191,1.2,0.5,1.11,0.83,37.75,165815.0,237945.0,1121174.0,2.33,5159070.0,10.7,-4037896.0,-8.38,319143.0,0.66,-1440317.0,-2.99,6.0,1.193,1.194,3629301392.0,4333385862,4333385862,2026-08-18,2026-08-18 11:32:42+08:00
560310,光伏ETF博时,0.796,0.7982,0.28,-0.004,-0.5,14977.0,1199863.0,0.8,0.805,0.794,0.8,1.38,0.81,1.45,0.52,6222.0,8755.0,-393608.0,-32.8,-647862.0,-53.99,254254.0,21.19,380583.0,31.72,13024.0,1.09,-178.0,0.798,0.799,184122000.0,146561112,146561112,2026-08-18,2026-08-18 11:32:56+08:00
561190,碳中和ETF富国,0.985,0.9846,-0.04,-0.005,-0.51,4277.0,423101.0,0.99,0.992,0.983,0.99,0.91,0.22,0.35,1.32,278.0,3999.0,330697.0,78.16,189065.0,44.69,141632.0,33.47,-56333.0,-13.31,-274365.0,-64.85,1.0,0.983,0.984,193318000.0,190418230,190418230,2026-08-18,2026-08-18 11:32:51+08:00
159012,科创创业50ETF鹏华,0.974,0.971,-0.31,-0.005,-0.51,52670.0,5136909.078,0.972,0.984,0.961,0.979,2.35,4.62,1.28,-17.59,16812.0,35858.0,1479388.0,28.8,2246290.0,43.73,-766902.0,-14.93,-1222910.0,-23.81,-256478.0,-4.99,10.0,0.97,0.973,113881148.0,110920238,110920238,2026-08-18,2026-08-18 11:33:21+08:00
589550,科创价值ETF华夏,1.368,1.3713,0.24,-0.007,-0.51,11169.0,1527419.0,1.375,1.378,1.364,1.375,1.02,4.42,1.25,11.26,3663.0,7506.0,45441.0,2.98,0.0,0.0,45441.0,2.98,-146730.0,-9.61,101289.0,6.63,-131.0,1.37,1.372,25295500.0,34604244,34604244,2026-08-18,2026-08-18 11:32:47+08:00
516250,工程机械ETF富国,0.97,0.973,0.31,-0.005,-0.51,69495.0,6758082.0,0.975,0.976,0.97,0.975,0.62,7.17,1.59,-95.04,29316.0,40179.0,116040.0,1.72,2837743.0,41.99,-2721703.0,-40.27,-85042.0,-1.26,-30999.0,-0.46,-667.0,0.97,0.976,96878000.0,93971660,93971660,2026-08-18,2026-08-18 11:32:48+08:00
510130,上证中盘ETF易方达,7.413,7.4206,0.1,-0.038,-0.51,1517.0,1128599.0,7.439,7.462,7.413,7.451,0.66,0.48,0.66,18.75,629.0,888.0,102430.0,9.08,0.0,0.0,102430.0,9.08,-219974.0,-19.49,117544.0,10.42,17.0,7.376,7.483,31485100.0,233399046,233399046,2026-08-18,2026-08-18 11:32:46+08:00
562810,上证指数增强ETF嘉实,1.166,1.1664,0.03,-0.006,-0.51,26873.0,3142480.0,1.17,1.173,1.164,1.172,0.77,4.64,1.1,29.47,9576.0,17297.0,404602.0,12.88,0.0,0.0,404602.0,12.88,-263828.0,-8.4,-140774.0,-4.48,-60.0,1.164,1.166,57951000.0,67570866,67570866,2026-08-18,2026-08-18 11:32:44+08:00
512240,A50ETF鹏华,1.177,1.1776,0.05,-0.006,-0.51,21394.0,2525965.0,1.184,1.185,1.175,1.183,0.85,10.6,1.96,-0.08,10224.0,11170.0,129341.0,5.12,0.0,0.0,129341.0,5.12,-71929.0,-2.85,-57412.0,-2.27,2000.0,1.176,1.177,20186000.0,23758922,23758922,2026-08-18,2026-08-18 11:33:07+08:00
560280,工程机械ETF广发,1.553,1.5537,0.05,-0.008,-0.51,519285.0,80808665.0,1.56,1.562,1.546,1.561,1.02,3.25,0.98,29.47,284749.0,234536.0,-19568777.0,-24.22,-11728661.0,-14.51,-7840116.0,-9.7,9509249.0,11.77,10059529.0,12.45,218.0,1.553,1.555,1598752000.0,2482861856,2482861856,2026-08-18,2026-08-18 11:32:49+08:00
513810,港股国企ETF华夏,1.721,1.7252,0.24,-0.009,-0.52,69540.0,12005260.0,1.745,1.745,1.721,1.73,1.39,16.56,1.57,11.77,28223.0,41317.0,-726667.0,-6.05,0.0,0.0,-726667.0,-6.05,1180626.0,9.83,-453959.0,-3.78,-1200.0,1.721,1.722,41992000.0,72268232,72268232,2026-08-18,2026-08-18 11:33:01+08:00
510550,中证500ETF方正富邦,2.089,2.0893,0.01,-0.011,-0.52,1092.0,228353.0,2.083,2.115,2.072,2.1,2.05,0.46,0.44,47.43,351.0,741.0,101815.0,44.59,0.0,0.0,101815.0,44.59,208.0,0.09,-102024.0,-44.68,10.0,2.073,2.098,23743300.0,49599754,49599754,2026-08-18,2026-08-18 11:32:58+08:00
159238,沪深300增强ETF景顺,1.328,1.327,-0.08,-0.007,-0.52,30452.0,4056908.6,1.336,1.339,1.325,1.335,1.05,5.54,1.58,-61.69,10130.0,20322.0,609577.0,15.03,903257.0,22.26,-293680.0,-7.24,-420656.0,-10.37,-188922.0,-4.66,8.0,1.325,1.328,55016186.0,73061495,73061495,2026-08-18,2026-08-18 11:32:48+08:00
530380,上证380ETF易方达,1.137,1.1387,0.15,-0.006,-0.52,13047.0,1486811.0,1.144,1.149,1.134,1.143,1.31,0.94,0.53,-92.59,5995.0,7052.0,186942.0,12.57,0.0,0.0,186942.0,12.57,-216498.0,-14.56,29555.0,1.99,-1.0,1.132,1.139,138705000.0,157707585,157707585,2026-08-18,2026-08-18 11:32:30+08:00
513910,港股通央企红利ETF华夏,1.528,1.532,0.26,-0.008,-0.52,402581.0,61646577.0,1.536,1.536,1.526,1.536,0.65,2.0,1.18,-28.67,170014.0,232567.0,907889.0,1.47,3318695.0,5.38,-2410806.0,-3.91,197766.0,0.32,-1105654.0,-1.79,-109.0,1.527,1.529,2017276000.0,3082397728,3082397728,2026-08-18,2026-08-18 11:32:51+08:00
159118,港股通红利低波ETF华夏,0.952,0.9541,0.22,-0.005,-0.52,18198.0,1736355.6,0.957,0.957,0.952,0.957,0.52,2.57,1.0,-72.11,9383.0,8815.0,-42097.0,-2.42,0.0,0.0,-42097.0,-2.42,-33334.0,-1.92,75432.0,4.34,-207.0,0.951,0.953,70677020.0,67284523,67284523,2026-08-18,2026-08-18 11:32:30+08:00
159065,工程机械ETF景顺,0.947,0.9491,0.22,-0.005,-0.53,25815.0,2447149.941,0.943,0.961,0.943,0.952,1.89,2.3,3.65,-68.36,14137.0,11678.0,140349.0,5.74,545176.0,22.28,-404827.0,-16.54,-158693.0,-6.48,18344.0,0.75,-2668.0,0.945,0.949,112350818.0,106396225,106396225,2026-08-18,2026-08-18 11:33:03+08:00
510710,上证50ETF博时,4.324,4.3139,-0.23,-0.023,-0.53,49523.0,21433215.0,4.39,4.401,4.32,4.347,1.86,4.71,20.85,-12.94,20397.0,29126.0,954372.0,4.45,8495389.0,39.64,-7541017.0,-35.18,-577984.0,-2.7,-376389.0,-1.76,25.0,4.31,4.326,105218900.0,454966524,454966524,2026-08-18,2026-08-18 11:32:57+08:00
159885,碳中和ETF鹏华,0.739,0.7403,0.18,-0.004,-0.54,3069.0,227684.7,0.742,0.753,0.733,0.743,2.69,0.12,0.52,-77.55,766.0,2303.0,86983.0,38.2,0.0,0.0,86983.0,38.2,-101852.0,-44.73,14870.0,6.53,418.0,0.739,0.743,246467316.0,182139347,182139347,2026-08-18,2026-08-18 11:32:18+08:00
560350,中证A50ETF摩根,1.294,1.2941,0.01,-0.007,-0.54,101726.0,13203833.0,1.298,1.304,1.291,1.301,1.0,1.21,1.09,-18.65,57193.0,44533.0,526509.0,3.99,584682.0,4.43,-58173.0,-0.44,-243373.0,-1.84,-283136.0,-2.14,-3.0,1.292,1.296,841532096.0,1088942532,1088942532,2026-08-18,2026-08-18 11:32:32+08:00
589150,科创50ETF平安,1.285,1.2873,0.18,-0.007,-0.54,72849.0,9364645.0,1.293,1.3,1.268,1.292,2.48,0.96,0.88,-2.79,24994.0,47855.0,2252430.0,24.05,3179988.0,33.96,-927558.0,-9.9,-2089091.0,-22.31,-163341.0,-1.74,-50.0,1.28,1.285,755437200.0,970736802,970736802,2026-08-18,2026-08-18 11:32:52+08:00
589880,科创综指ETF建信,1.656,1.6562,0.01,-0.009,-0.54,126012.0,20860352.0,1.66,1.673,1.636,1.665,2.22,2.71,1.29,-46.78,71717.0,54295.0,-5462.0,-0.03,6116185.0,29.32,-6121647.0,-29.35,-121684.0,-0.58,127146.0,0.61,-6.0,1.652,1.656,464996000.0,770033376,770033376,2026-08-18,2026-08-18 11:32:22+08:00
561090,A500增强ETF华安,1.273,1.2723,-0.06,-0.007,-0.55,44676.0,5682023.0,1.278,1.28,1.263,1.28,1.33,1.89,1.08,36.86,14175.0,30501.0,2702270.0,47.56,2495266.0,43.92,207004.0,3.64,-2036114.0,-35.83,-666156.0,-11.72,1188.0,1.266,1.275,236974000.0,301667902,301667902,2026-08-18,2026-08-18 11:32:54+08:00
159555,中证2000增强ETF银华,1.793,1.7993,0.35,-0.01,-0.55,31814.0,5713354.4,1.803,1.815,1.783,1.803,1.77,8.49,2.14,51.2,15497.0,16317.0,894117.0,15.65,0.0,0.0,894117.0,15.65,-963619.0,-16.87,69503.0,1.22,-623.0,1.793,1.797,37462705.0,67170630,67170630,2026-08-18,2026-08-18 11:32:27+08:00
513030,德国ETF华安,1.98,1.8821,-5.2,-0.011,-0.55,658008.0,130504061.0,1.971,2.005,1.971,1.991,1.71,6.54,0.57,4.97,318745.0,339263.0,-5303068.0,-4.06,2468649.0,1.89,-7771717.0,-5.96,3198712.0,2.45,2104355.0,1.61,1702.0,1.979,1.98,1005779008.0,1991442436,1991442436,2026-08-18,2026-08-18 11:32:48+08:00
159974,央企创新ETF富国,1.799,1.7956,-0.19,-0.01,-0.55,3906.0,703987.9,1.807,1.807,1.799,1.809,0.44,0.99,3.59,-33.29,830.0,3076.0,-180734.0,-25.67,0.0,0.0,-180734.0,-25.67,160192.0,22.75,20542.0,2.92,-6.0,1.795,1.798,39432422.0,70938927,70938927,2026-08-18,2026-08-18 11:32:12+08:00
563350,A50ETF华泰柏瑞,1.442,1.441,-0.07,-0.008,-0.55,40196.0,5822081.0,1.447,1.451,1.439,1.45,0.83,2.28,1.12,-2.89,23138.0,17058.0,1113899.0,19.13,1754704.0,30.14,-640805.0,-11.01,-982994.0,-16.88,-130905.0,-2.25,85.0,1.44,1.443,175997600.0,253788539,253788539,2026-08-18,2026-08-18 11:32:43+08:00
561950,中证500增强ETF招商,1.443,1.4445,0.1,-0.008,-0.55,17663.0,2564840.0,1.452,1.463,1.436,1.451,1.86,2.4,0.82,4.55,8638.0,9025.0,324744.0,12.66,0.0,0.0,324744.0,12.66,-259899.0,-10.13,-64846.0,-2.53,231.0,1.441,1.443,73656000.0,106285608,106285608,2026-08-18,2026-08-18 11:32:39+08:00
562700,汽车零部件ETF华夏,1.243,1.2426,-0.03,-0.007,-0.56,84474.0,10485551.0,1.248,1.252,1.237,1.25,1.2,8.38,1.31,96.88,44192.0,40282.0,418643.0,3.99,0.0,0.0,418643.0,3.99,-949997.0,-9.06,531355.0,5.07,7.0,1.242,1.243,100750000.0,125232250,125232250,2026-08-18,2026-08-18 11:32:46+08:00
159717,ESGETF鹏华,1.068,1.0678,-0.02,-0.006,-0.56,83.0,8885.9,1.08,1.08,1.068,1.074,1.12,0.04,0.06,20.19,2.0,81.0,7813.0,87.93,0.0,0.0,7813.0,87.93,0.0,0.0,-7813.0,-87.93,-2.0,1.066,1.069,22873183.0,24428559,24428559,2026-08-18,2026-08-18 11:33:15+08:00
159835,创新药ETF建信,0.713,0.7132,0.03,-0.004,-0.56,211650.0,15040748.6,0.715,0.717,0.703,0.717,1.95,5.79,1.08,-33.73,99929.0,111721.0,-388256.0,-2.58,-603900.0,-4.02,215644.0,1.43,-390338.0,-2.6,778594.0,5.18,-32.0,0.713,0.714,365504144.0,260604455,260604455,2026-08-18,2026-08-18 11:32:51+08:00
510990,180ESGETF工银,1.062,1.0642,0.21,-0.006,-0.56,38700.0,4136050.0,1.07,1.07,1.062,1.068,0.75,9.94,1.5,-61.42,14478.0,24222.0,8267.0,0.2,0.0,0.0,8267.0,0.2,15560.0,0.38,-23827.0,-0.58,-3.0,1.063,1.066,38948600.0,41363413,41363413,2026-08-18,2026-08-18 11:33:00+08:00
159873,医疗设备ETF天弘,0.533,0.532,-0.19,-0.003,-0.56,52114.0,2776350.8,0.536,0.537,0.53,0.536,1.31,1.1,0.52,73.03,29423.0,22691.0,-213833.0,-7.7,56894.0,2.05,-270727.0,-9.75,196030.0,7.06,17803.0,0.64,-21.0,0.532,0.533,475920000.0,253665360,253665360,2026-08-18,2026-08-18 11:32:15+08:00
159136,A50ETF广发,1.038,1.0399,0.18,-0.006,-0.57,9757.0,1015874.5,1.045,1.046,1.036,1.044,0.96,0.88,4.08,-9.66,4403.0,5354.0,-40536.0,-3.99,0.0,0.0,-40536.0,-3.99,41771.0,4.11,-1235.0,-0.12,-1.0,1.036,1.038,110914074.0,115128809,115128809,2026-08-18,2026-08-18 11:33:00+08:00
159593,中证A50ETF平安,1.39,1.3897,-0.02,-0.008,-0.57,386413.0,53770105.3,1.399,1.399,1.387,1.398,0.86,2.06,1.73,45.56,171093.0,215320.0,-3694886.0,-6.87,11258467.0,20.94,-14953353.0,-27.81,1397805.0,2.6,2297082.0,4.27,8.0,1.389,1.39,1877196048.0,2609302507,2609302507,2026-08-18,2026-08-18 11:32:45+08:00
159591,A50ETF富国,1.405,1.4047,-0.02,-0.008,-0.57,109576.0,15445933.9,1.413,1.415,1.403,1.413,0.85,3.34,1.5,-58.32,61904.0,47672.0,2932088.0,18.98,5674316.0,36.74,-2742228.0,-17.75,-2811335.0,-18.2,-120755.0,-0.78,-800.0,1.403,1.406,327905680.0,460707480,460707480,2026-08-18,2026-08-18 11:32:48+08:00
513630,港股低波红利ETF摩根,1.577,1.5707,-0.4,-0.009,-0.57,1146811.0,181132325.0,1.583,1.584,1.576,1.586,0.5,1.55,1.16,-47.61,529364.0,617447.0,-21855582.0,-12.07,-5548878.0,-3.06,-16306704.0,-9.0,18924771.0,10.45,2930811.0,1.62,50.0,1.576,1.577,7417359104.0,11697175307,11697175307,2026-08-18,2026-08-18 11:32:57+08:00
159606,中证500成长ETF易方达,1.387,1.3852,-0.13,-0.008,-0.57,74745.0,10402996.1,1.395,1.4,1.381,1.395,1.36,1.94,1.16,-11.04,31616.0,43129.0,-678957.0,-6.53,-760923.0,-7.31,81966.0,0.79,469378.0,4.51,209580.0,2.01,100.0,1.384,1.387,385222832.0,534304068,534304068,2026-08-18,2026-08-18 11:32:27+08:00
159093,化工ETF汇添富,1.045,1.0455,0.05,-0.006,-0.57,50285.0,5271590.367,1.049,1.056,1.044,1.051,1.14,13.34,1.4,-40.2,34604.0,15680.0,-88494.0,-1.68,2440303.0,46.29,-2528797.0,-47.97,115520.0,2.19,-27026.0,-0.51,10000.0,1.041,1.051,37681470.0,39377136,39377136,2026-08-18,2026-08-18 11:32:39+08:00
560180,沪深300ESGETF南方,1.221,1.2219,0.07,-0.007,-0.57,11645.0,1424442.0,1.231,1.231,1.218,1.228,1.06,7.46,1.33,-88.41,4886.0,6759.0,239258.0,16.8,0.0,0.0,239258.0,16.8,-239382.0,-16.81,124.0,0.01,2000.0,1.213,1.23,15603000.0,19051263,19051263,2026-08-18,2026-08-18 11:32:50+08:00
159517,中证800增强ETF银华,1.386,1.3886,0.19,-0.008,-0.57,31340.0,4358998.8,1.397,1.398,1.383,1.394,1.08,26.69,1.67,17.79,13006.0,18334.0,-384659.0,-8.82,0.0,0.0,-384659.0,-8.82,404421.0,9.28,-19763.0,-0.45,760.0,1.387,1.388,11742624.0,16275277,16275277,2026-08-18,2026-08-18 11:33:18+08:00
530180,上证180ETF易方达,1.215,1.2161,0.09,-0.007,-0.57,42519.0,5187975.0,1.221,1.224,1.213,1.222,0.9,6.86,1.17,-18.11,17819.0,24700.0,476870.0,9.19,0.0,0.0,476870.0,9.19,-650019.0,-12.53,173149.0,3.34,-2500.0,1.214,1.216,61952000.0,75271680,75271680,2026-08-18,2026-08-18 11:32:49+08:00
512990,MSCIA股ETF华夏,2.08,2.0801,0.0,-0.012,-0.57,20772.0,4336048.0,2.097,2.098,2.075,2.092,1.1,2.06,1.17,17.18,9762.0,11010.0,107782.0,2.49,0.0,0.0,107782.0,2.49,-24723.0,-0.57,-83058.0,-1.92,-1.0,2.076,2.091,101015400.0,210112032,210112032,2026-08-18,2026-08-18 11:33:01+08:00
516090,新能源ETF易方达,0.517,0.5165,-0.1,-0.003,-0.58,551712.0,28625200.0,0.52,0.524,0.515,0.52,1.73,3.27,1.55,42.93,271075.0,280637.0,63442.0,0.22,2158272.0,7.54,-2094830.0,-7.32,-169408.0,-0.59,105966.0,0.37,200.0,0.516,0.517,1688844800.0,873132762,873132762,2026-08-18,2026-08-18 11:32:42+08:00
515760,浙江国资ETF华夏,1.371,1.3699,-0.08,-0.008,-0.58,12210.0,1679144.0,1.377,1.382,1.368,1.379,1.02,1.28,0.87,0.87,655.0,11555.0,961689.0,57.27,0.0,0.0,961689.0,57.27,-407570.0,-24.27,-554119.0,-33.0,1.0,1.368,1.383,95388100.0,130777085,130777085,2026-08-18,2026-08-18 11:33:03+08:00
561920,疫苗ETF招商,0.681,0.6798,-0.18,-0.004,-0.58,2101.0,142776.0,0.68,0.686,0.675,0.685,1.61,0.54,0.29,-25.4,300.0,1801.0,59701.0,41.81,0.0,0.0,59701.0,41.81,-50819.0,-35.59,-8882.0,-6.22,100.0,0.68,0.685,38692000.0,26349252,26349252,2026-08-18,2026-08-18 11:32:49+08:00
530100,上证580ETF易方达,1.194,1.195,0.08,-0.007,-0.58,15603.0,1869284.0,1.2,1.208,1.189,1.201,1.58,1.25,0.79,-37.93,6169.0,9434.0,-150744.0,-8.06,0.0,0.0,-150744.0,-8.06,170007.0,9.09,-19263.0,-1.03,738.0,1.194,1.2,124696000.0,148887024,148887024,2026-08-18,2026-08-18 11:32:59+08:00
515120,创新药ETF广发,0.69,0.6893,-0.1,-0.004,-0.58,7155543.0,491357657.0,0.69,0.694,0.679,0.694,2.16,4.11,1.14,6.44,2912458.0,4243085.0,-33130622.0,-6.74,3600545.0,0.73,-36731167.0,-7.48,13870616.0,2.82,19260006.0,3.92,289.0,0.689,0.69,17411993600.0,12014275584,12014275584,2026-08-18,2026-08-18 11:33:02+08:00
517000,沪港深500ETF银华,1.021,1.0212,0.02,-0.006,-0.58,6631.0,679821.0,1.025,1.027,1.017,1.027,0.97,0.52,1.23,-14.44,2231.0,4400.0,525447.0,77.29,0.0,0.0,525447.0,77.29,-539581.0,-79.37,14134.0,2.08,10.0,1.018,1.021,127793000.0,130476653,130476653,2026-08-18,2026-08-18 11:32:37+08:00
159565,汽车零部件ETF易方达,1.344,1.3461,0.16,-0.008,-0.59,177597.0,23853240.492,1.352,1.355,1.337,1.352,1.33,12.63,1.72,42.2,85246.0,92351.0,1712163.0,7.18,0.0,0.0,1712163.0,7.18,-890350.0,-3.73,-821812.0,-3.45,820.0,1.342,1.344,140627231.0,189002998,189002998,2026-08-18,2026-08-18 11:32:51+08:00
530530,上证580ETF华夏,1.183,1.1884,0.45,-0.007,-0.59,5667.0,675346.0,1.191,1.201,1.18,1.19,1.76,0.42,1.02,66.86,1871.0,3796.0,-30712.0,-4.55,0.0,0.0,-30712.0,-4.55,20497.0,3.04,10215.0,1.51,50.0,1.178,1.197,134460000.0,159066180,159066180,2026-08-18,2026-08-18 11:32:39+08:00
159641,碳中和ETF招商,1.013,1.0132,0.02,-0.006,-0.59,2385.0,243319.5,1.023,1.025,1.013,1.019,1.18,0.28,0.25,-0.25,1562.0,823.0,71568.0,29.41,0.0,0.0,71568.0,29.41,-47947.0,-19.71,-23621.0,-9.71,-100.0,1.01,1.025,86719131.0,87846480,87846480,2026-08-18,2026-08-18 11:32:45+08:00
159057,医疗器械ETF鹏华,1.019,1.0213,0.23,-0.006,-0.59,4969.0,505112.956,1.015,1.022,1.014,1.025,0.78,1.11,0.2,-27.73,1710.0,3258.0,63169.0,12.51,0.0,0.0,63169.0,12.51,-109972.0,-21.77,46802.0,9.27,-202.0,1.016,1.019,44715334.0,45564925,45564925,2026-08-18,2026-08-18 11:32:57+08:00
515680,央企创新ETF嘉实,1.69,1.6901,0.01,-0.01,-0.59,14174.0,2400883.0,1.717,1.717,1.687,1.7,1.76,0.13,1.4,58.04,4190.0,9984.0,800379.0,33.34,10459.0,0.44,789920.0,32.9,-19216.0,-0.8,-781163.0,-32.54,50.0,1.683,1.704,1100264704.0,1859447350,1859447350,2026-08-18,2026-08-18 11:32:50+08:00
530050,上证50ETF东财,1.189,1.1875,-0.13,-0.007,-0.59,43551.0,5191090.0,1.194,1.197,1.186,1.196,0.92,3.23,1.96,-7.82,25747.0,17804.0,-756255.0,-14.57,722252.0,13.91,-1478507.0,-28.48,297310.0,5.73,458945.0,8.84,50.0,1.188,1.19,134813000.0,160292657,160292657,2026-08-18,2026-08-18 11:32:57+08:00
510670,上证180ETF华夏,1.007,1.008,0.1,-0.006,-0.59,7020.0,709581.0,1.013,1.015,1.006,1.013,0.89,0.39,0.72,-94.46,4086.0,2934.0,333075.0,46.94,0.0,0.0,333075.0,46.94,-149545.0,-21.08,-183530.0,-25.86,391.0,1.003,1.008,177993000.0,179238951,179238951,2026-08-18,2026-08-18 11:33:12+08:00
516720,ESGETF浦银,1.174,1.1752,0.1,-0.007,-0.59,34.0,4014.0,1.181,1.181,1.174,1.181,0.59,0.03,0.09,-2.7,32.0,2.0,3779.0,94.15,0.0,0.0,3779.0,94.15,0.0,0.0,-3780.0,-94.17,-1.0,1.167,1.195,12337800.0,14484577,14484577,2026-08-18,2026-08-18 11:32:46+08:00
159940,金融地产ETF广发,1.183,1.1836,0.05,-0.007,-0.59,8873.0,1052745.5,1.193,1.193,1.183,1.19,0.84,0.31,1.49,-13.18,1670.0,7203.0,169253.0,16.08,885784.0,84.14,-716531.0,-68.06,-190112.0,-18.06,20859.0,1.98,-11.0,1.182,1.184,289059984.0,341957961,341957961,2026-08-18,2026-08-18 11:32:54+08:00
159938,医药ETF广发,0.679,0.6793,0.04,-0.004,-0.59,409907.0,27804192.3,0.68,0.683,0.672,0.683,1.61,0.56,0.92,-16.04,176600.0,233307.0,463923.0,1.67,6404730.0,23.04,-5940807.0,-21.37,-555466.0,-2.0,91544.0,0.33,76.0,0.678,0.68,7277067264.0,4941128672,4941128672,2026-08-18,2026-08-18 11:32:48+08:00
530580,上证180ETF南方,1.186,1.1868,0.07,-0.007,-0.59,57299.0,6817248.0,1.194,1.195,1.186,1.193,0.75,10.39,1.47,2.55,31381.0,25918.0,-498385.0,-7.31,0.0,0.0,-498385.0,-7.31,634277.0,9.3,-135891.0,-1.99,900.0,1.185,1.187,55149000.0,65406714,65406714,2026-08-18,2026-08-18 11:32:59+08:00
530680,上证180ETF兴业,1.184,1.1853,0.11,-0.007,-0.59,11531.0,1369662.0,1.188,1.193,1.184,1.191,0.76,1.0,0.82,-41.94,3861.0,7670.0,581232.0,42.44,0.0,0.0,581232.0,42.44,-411045.0,-30.01,-170188.0,-12.43,806.0,1.18,1.188,114891900.0,136032010,136032010,2026-08-18,2026-08-18 11:32:54+08:00
588180,科创50ETF国联安,1.158,1.1574,-0.05,-0.007,-0.6,150788.0,17478954.0,1.166,1.178,1.144,1.165,2.92,2.14,1.22,-3.46,59369.0,91419.0,-1203573.0,-6.89,91727.0,0.52,-1295300.0,-7.41,547696.0,3.13,655877.0,3.75,-34.0,1.156,1.158,703353696.0,814483580,814483580,2026-08-18,2026-08-18 11:32:37+08:00
516890,新材料ETF平安,0.833,0.8314,-0.19,-0.005,-0.6,4606.0,384803.0,0.846,0.85,0.83,0.838,2.39,1.38,1.45,-37.03,773.0,3833.0,19630.0,5.1,0.0,0.0,19630.0,5.1,15330.0,3.98,-34959.0,-9.08,24.0,0.826,0.843,33311400.0,27748396,27748396,2026-08-18,2026-08-18 11:32:45+08:00
159596,A50ETF华宝,0.664,0.6642,0.03,-0.004,-0.6,200664.0,13369062.8,0.671,0.671,0.664,0.668,1.05,3.85,1.59,-16.08,94198.0,106466.0,183512.0,1.37,715397.0,5.35,-531885.0,-3.98,-19340.0,-0.14,-164170.0,-1.23,-9.0,0.663,0.665,521683040.0,346397539,346397539,2026-08-18,2026-08-18 11:32:21+08:00
512960,央企结构调整ETF博时,1.483,1.4828,-0.01,-0.009,-0.6,6112.0,910316.0,1.49,1.496,1.478,1.492,1.21,0.02,0.63,-3.4,1916.0,4196.0,-2239.0,-0.25,0.0,0.0,-2239.0,-0.25,0.0,0.0,2239.0,0.25,13.0,1.478,1.486,3857257296.0,5720312570,5720312570,2026-08-18,2026-08-18 11:32:45+08:00
562990,碳中和ETF易方达,0.986,0.987,0.1,-0.006,-0.6,29082.0,2879954.0,0.997,0.997,0.986,0.992,1.11,0.77,1.06,-16.65,11400.0,17682.0,110665.0,3.84,299357.0,10.39,-188692.0,-6.55,-22800.0,-0.79,-87865.0,-3.05,3.0,0.985,0.989,378756000.0,373453416,373453416,2026-08-18,2026-08-18 11:32:34+08:00
588770,科创信息ETF摩根,1.981,1.9806,-0.02,-0.012,-0.6,61023.0,12063007.0,1.998,2.008,1.953,1.993,2.76,1.96,1.64,77.11,30289.0,30735.0,865880.0,7.18,2050735.0,17.0,-1184855.0,-9.82,53173.0,0.44,-919054.0,-7.62,6.0,1.974,1.983,311597104.0,617273863,617273863,2026-08-18,2026-08-18 11:32:26+08:00
563500,A500ETF华宝,0.648,0.6472,-0.12,-0.004,-0.61,74110.0,4828056.0,0.651,0.655,0.646,0.652,1.38,1.0,0.85,1.09,33753.0,40357.0,496255.0,10.28,814074.0,16.86,-317819.0,-6.58,-127111.0,-2.63,-369143.0,-7.65,-12.0,0.647,0.65,741958704.0,480789240,480789240,2026-08-18,2026-08-18 11:32:40+08:00
563630,A500增强ETF国联安,1.31,1.3122,0.17,-0.008,-0.61,5887.0,774950.0,1.321,1.326,1.307,1.318,1.44,1.4,0.49,-54.23,1944.0,3943.0,286104.0,36.92,0.0,0.0,286104.0,36.92,-233334.0,-30.11,-52770.0,-6.81,-315.0,1.308,1.311,41947100.0,54950701,54950701,2026-08-18,2026-08-18 11:32:46+08:00
560380,A100ETF南方,1.296,1.2966,0.05,-0.008,-0.61,60801.0,7918476.0,1.307,1.307,1.294,1.304,1.0,4.2,1.84,-23.26,34180.0,26621.0,122556.0,1.55,2279024.0,28.78,-2156468.0,-27.23,168263.0,2.12,-290820.0,-3.67,-103.0,1.295,1.298,144861000.0,187739856,187739856,2026-08-18,2026-08-18 11:32:33+08:00
159639,碳中和ETF南方,0.976,0.9767,0.07,-0.006,-0.61,7476.0,733770.6,0.983,0.984,0.976,0.982,0.81,0.37,0.38,-39.65,3678.0,3798.0,-160776.0,-21.91,3924.0,0.53,-164700.0,-22.45,164254.0,22.38,-3479.0,-0.47,-329.0,0.975,0.976,203290171.0,198411207,198411207,2026-08-18,2026-08-18 11:32:18+08:00
512510,中证500ETF华泰柏瑞,2.437,2.4356,-0.06,-0.015,-0.61,67593.0,16514026.0,2.453,2.462,2.422,2.452,1.63,1.54,2.15,44.47,40322.0,27271.0,3251206.0,19.69,3319088.0,20.1,-67882.0,-0.41,-1932978.0,-11.71,-1318228.0,-7.98,-4.0,2.437,2.439,439429808.0,1070890442,1070890442,2026-08-18,2026-08-18 11:33:00+08:00
159393,沪深300ETF万家,5.054,5.0543,0.01,-0.031,-0.61,33988.0,17208390.722,5.078,5.094,5.036,5.085,1.14,3.86,1.51,-28.07,18281.0,15707.0,86385.0,0.5,3802502.0,22.1,-3716117.0,-21.59,-594149.0,-3.45,507764.0,2.95,-87.0,5.059,5.06,87946342.0,444480812,444480812,2026-08-18,2026-08-18 11:32:36+08:00
560550,碳中和ETF广发,0.983,0.9825,-0.05,-0.006,-0.61,6984.0,690029.0,0.996,0.996,0.981,0.989,1.52,0.57,2.33,-6.13,129.0,6855.0,55594.0,8.06,203416.0,29.48,-147822.0,-21.42,-50190.0,-7.27,-5404.0,-0.78,40.0,0.98,0.987,123597400.0,121496244,121496244,2026-08-18,2026-08-18 11:32:29+08:00
512380,MSCI中国ETF银华,1.64,1.6408,0.05,-0.01,-0.61,15741.0,2590987.0,1.655,1.655,1.639,1.65,0.97,2.16,2.43,-87.63,5801.0,9940.0,109271.0,4.22,-306090.0,-11.81,415361.0,16.03,-42922.0,-1.66,-66347.0,-2.56,1400.0,1.634,1.651,72805600.0,119401184,119401184,2026-08-18,2026-08-18 11:32:49+08:00
588870,科创50ETF汇添富,1.801,1.8014,0.02,-0.011,-0.61,403400.0,72725588.0,1.812,1.825,1.777,1.812,2.65,6.09,1.38,23.59,192890.0,210510.0,-2997742.0,-4.12,-2123426.0,-2.92,-874316.0,-1.2,-2662983.0,-3.66,5660726.0,7.78,-79.0,1.8,1.801,662552000.0,1193256152,1193256152,2026-08-18,2026-08-18 11:32:35+08:00
561550,中证500增强ETF华泰柏瑞,1.468,1.4675,-0.03,-0.009,-0.61,212520.0,31259286.0,1.474,1.485,1.457,1.477,1.9,1.63,0.97,3.25,108431.0,104089.0,-2719806.0,-8.7,380176.0,1.22,-3099982.0,-9.92,1041223.0,3.33,1678585.0,5.37,140.0,1.465,1.468,1304989600.0,1915724733,1915724733,2026-08-18,2026-08-18 11:32:42+08:00
159708,红利ETF西部利得,0.82,0.8212,0.15,-0.005,-0.61,26171.0,2150023.8,0.825,0.825,0.819,0.825,0.73,1.43,0.5,78.97,20903.0,5268.0,68978.0,3.21,652189.0,30.33,-583211.0,-27.13,-71666.0,-3.33,2687.0,0.12,-36.0,0.82,0.823,183028306.0,150083211,150083211,2026-08-18,2026-08-18 11:32:57+08:00
159666,交通运输ETF华夏,0.968,0.9697,0.18,-0.006,-0.62,157470.0,15293080.8,0.972,0.974,0.967,0.974,0.72,11.85,1.29,36.2,81039.0,76431.0,288167.0,1.88,33386.0,0.22,254781.0,1.67,935961.0,6.12,-1224128.0,-8.0,-49.0,0.968,0.971,132832905.0,128582252,128582252,2026-08-18,2026-08-18 11:33:00+08:00
563090,上证50增强ETF易方达,1.437,1.4363,-0.05,-0.009,-0.62,16293.0,2347654.0,1.446,1.449,1.431,1.446,1.24,2.92,0.93,-9.98,8528.0,7765.0,-936011.0,-39.87,0.0,0.0,-936011.0,-39.87,755041.0,32.16,180969.0,7.71,-9.0,1.434,1.436,55848000.0,80253576,80253576,2026-08-18,2026-08-18 11:32:36+08:00
515640,家电ETF华夏,0.957,0.9604,0.35,-0.006,-0.62,250.0,23986.0,0.958,0.962,0.957,0.963,0.52,0.15,0.24,-92.86,120.0,130.0,2844.0,11.86,0.0,0.0,2844.0,11.86,0.0,0.0,-2844.0,-11.86,-10.0,0.953,0.965,17050000.0,16316850,16316850,2026-08-18,2026-08-18 11:32:37+08:00
510770,G60创新ETF申万菱信,0.956,0.9589,0.3,-0.006,-0.62,32479.0,3123942.0,0.971,0.971,0.95,0.962,2.18,15.03,1.58,4.92,16730.0,15749.0,-585868.0,-18.75,0.0,0.0,-585868.0,-18.75,439027.0,14.05,146841.0,4.7,10.0,0.956,0.958,21610700.0,20659829,20659829,2026-08-18,2026-08-18 11:32:55+08:00
510230,金融ETF国泰,1.28,1.2808,0.06,-0.008,-0.62,125135.0,16076659.0,1.288,1.29,1.28,1.288,0.78,1.91,0.46,9.97,66370.0,58765.0,-68162.0,-0.42,-3225262.0,-20.06,3157100.0,19.64,558355.0,3.47,-490193.0,-3.05,-177.0,1.28,1.281,656808000.0,840714240,840714240,2026-08-18,2026-08-18 11:32:57+08:00
159078,A股ETF富国,0.963,0.9642,0.12,-0.006,-0.62,79763.0,7709474.644,0.968,0.974,0.958,0.969,1.65,4.26,1.96,8.94,44397.0,35366.0,568210.0,7.37,37551.0,0.49,530659.0,6.88,-602792.0,-7.82,34582.0,0.45,5.0,0.96,0.962,187262460.0,180333749,180333749,2026-08-18,2026-08-18 11:33:15+08:00
159301,公用事业ETF华夏,0.961,0.9609,-0.01,-0.006,-0.62,68594.0,6610086.7,0.966,0.966,0.961,0.967,0.52,5.65,0.57,-66.15,20987.0,47607.0,1257479.0,19.02,922082.0,13.95,335397.0,5.07,-801481.0,-12.13,-455996.0,-6.9,-9.0,0.961,0.962,121458357.0,116721481,116721481,2026-08-18,2026-08-18 11:32:51+08:00
516970,基建ETF广发,1.119,1.1194,0.04,-0.007,-0.62,154682.0,17373278.0,1.13,1.13,1.116,1.126,1.24,1.32,0.89,-16.61,67628.0,87054.0,510358.0,2.94,-619896.0,-3.57,1130254.0,6.51,-1757135.0,-10.11,1246777.0,7.18,20.0,1.118,1.119,1168542496.0,1307599053,1307599053,2026-08-18,2026-08-18 11:32:58+08:00
159528,国企改革ETF富国,1.262,1.2654,0.27,-0.008,-0.63,104.0,13178.5,1.275,1.277,1.262,1.27,1.18,0.14,0.13,-8.73,22.0,82.0,-8734.0,-66.27,0.0,0.0,-8734.0,-66.27,501.0,3.8,8234.0,62.48,-7.0,1.264,1.267,7320773.0,9238816,9238816,2026-08-18,2026-08-18 11:32:51+08:00
159752,新能源ETF申万菱信,0.635,0.6361,0.17,-0.004,-0.63,42018.0,2678477.1,0.639,0.643,0.634,0.639,1.41,1.02,1.51,-28.75,10955.0,31063.0,208491.0,7.78,983448.0,36.72,-774957.0,-28.93,-208880.0,-7.8,387.0,0.01,-200.0,0.635,0.64,409958912.0,260323909,260323909,2026-08-18,2026-08-18 11:32:57+08:00
562600,医疗器械ETF华夏,0.786,0.7879,0.24,-0.005,-0.63,176861.0,13914142.0,0.791,0.791,0.782,0.791,1.14,3.71,0.98,14.35,76898.0,99963.0,1521324.0,10.93,13979.0,0.1,1507345.0,10.83,-620893.0,-4.46,-900431.0,-6.47,-1.0,0.786,0.787,476937408.0,374872803,374872803,2026-08-18,2026-08-18 11:32:35+08:00
560060,碳中和ETF汇添富,0.94,0.9397,-0.03,-0.006,-0.63,2462.0,232867.0,0.947,0.95,0.94,0.946,1.06,0.32,0.73,-81.61,10.0,2452.0,5870.0,2.52,0.0,0.0,5870.0,2.52,-24028.0,-10.32,18158.0,7.8,-3.0,0.939,0.955,76090000.0,71524600,71524600,2026-08-18,2026-08-18 11:32:49+08:00
513170,恒生央企ETF鹏华,1.565,1.5681,0.2,-0.01,-0.63,10875.0,1707883.0,1.575,1.578,1.564,1.575,0.89,0.54,1.24,8.69,4006.0,6869.0,-39781.0,-2.33,0.0,0.0,-39781.0,-2.33,413803.0,24.23,-374022.0,-21.9,-35.0,1.564,1.566,201573000.0,315461745,315461745,2026-08-18,2026-08-18 11:32:41+08:00
159390,中证A50ETF国联,1.267,1.2667,-0.02,-0.008,-0.63,45805.0,5820023.2,1.277,1.277,1.266,1.275,0.86,4.03,1.57,-31.7,27136.0,18669.0,-432232.0,-7.43,0.0,0.0,-432232.0,-7.43,565531.0,9.72,-133299.0,-2.29,-1000.0,1.266,1.268,113768771.0,144145033,144145033,2026-08-18,2026-08-18 11:32:33+08:00
159619,基建ETF国泰,0.939,0.9398,0.09,-0.006,-0.63,18958.0,1784188.45,0.945,0.945,0.939,0.945,0.63,2.5,1.71,-74.81,8745.0,10213.0,88763.0,4.97,0.0,0.0,88763.0,4.97,-111798.0,-6.27,23036.0,1.29,-41.0,0.939,0.942,75981007.0,71346166,71346166,2026-08-18,2026-08-18 11:32:33+08:00
159380,A500ETF东财,1.393,1.3915,-0.11,-0.009,-0.64,91432.0,12726217.8,1.397,1.403,1.384,1.402,1.36,5.69,2.46,54.63,38033.0,53399.0,333971.0,2.62,1160870.0,9.12,-826899.0,-6.5,-358543.0,-2.82,24574.0,0.19,-140.0,1.392,1.394,160804337.0,224000441,224000441,2026-08-18,2026-08-18 11:32:54+08:00
512090,MSCIA股ETF易方达,2.034,2.0325,-0.07,-0.013,-0.64,252402.0,51436231.0,2.047,2.053,2.027,2.047,1.27,7.35,1.1,-5.85,135485.0,116917.0,5469112.0,10.63,10962162.0,21.31,-5493050.0,-10.68,-2750108.0,-5.35,-2719004.0,-5.29,738.0,2.033,2.04,343592304.0,698866746,698866746,2026-08-18,2026-08-18 11:33:02+08:00
159905,红利ETF工银,1.698,1.6998,0.11,-0.011,-0.64,160434.0,27292992.392,1.709,1.71,1.696,1.709,0.82,1.55,1.03,-44.55,103737.0,56697.0,8628550.0,31.61,3244410.0,11.89,5384140.0,19.73,-3902089.0,-14.3,-4726460.0,-17.32,-2.0,1.698,1.699,1033943952.0,1755636830,1755636830,2026-08-18,2026-08-18 11:32:30+08:00
588950,科创50ETF景顺,1.857,1.8566,-0.02,-0.012,-0.64,806746.0,150442861.0,1.869,1.88,1.834,1.869,2.46,15.2,4.97,11.03,160076.0,646670.0,-903330.0,-0.6,-1938849.0,-1.29,1035519.0,0.69,-4267472.0,-2.84,5170802.0,3.44,-33.0,1.856,1.857,530729696.0,985565045,985565045,2026-08-18,2026-08-18 11:32:25+08:00
159337,中证500ETF东财,1.855,1.8547,-0.02,-0.012,-0.64,117955.0,21943164.5,1.866,1.873,1.843,1.867,1.61,4.13,1.93,13.88,66403.0,51552.0,5094057.0,23.21,2968507.0,13.53,2125550.0,9.69,-5394520.0,-24.58,300462.0,1.37,11.0,1.853,1.854,285710608.0,529993178,529993178,2026-08-18,2026-08-18 11:32:57+08:00
512390,中国低波ETF平安,1.243,1.2446,0.13,-0.008,-0.64,115.0,14374.0,1.252,1.252,1.243,1.251,0.72,0.07,0.96,-91.27,19.0,96.0,-13251.0,-92.19,0.0,0.0,-13251.0,-92.19,0.0,0.0,13251.0,92.19,-2.0,1.239,1.263,15682000.0,19492726,19492726,2026-08-18,2026-08-18 11:32:55+08:00
563080,中证A50ETF易方达,1.404,1.4048,0.06,-0.009,-0.64,101375.0,14263386.0,1.411,1.415,1.402,1.413,0.92,0.92,0.76,-3.68,50028.0,51347.0,-173576.0,-1.22,1310379.0,9.19,-1483955.0,-10.4,1046156.0,7.33,-872580.0,-6.12,-810.0,1.403,1.404,1106588400.0,1553650114,1553650114,2026-08-18,2026-08-18 11:32:44+08:00
159595,中证A50ETF大成,1.394,1.3949,0.06,-0.009,-0.64,491700.0,68752060.7,1.401,1.404,1.393,1.403,0.78,5.22,1.15,-22.03,228203.0,263497.0,-1772250.0,-2.58,4114379.0,5.98,-5886629.0,-8.56,575980.0,0.84,1196269.0,1.74,-2.0,1.394,1.396,942113248.0,1313305868,1313305868,2026-08-18,2026-08-18 11:32:18+08:00
520610,港股红利低波ETF银华,0.932,0.9332,0.13,-0.006,-0.64,21635.0,2018494.0,0.934,0.936,0.932,0.938,0.43,0.65,0.8,-37.46,9970.0,11665.0,-55659.0,-2.76,0.0,0.0,-55659.0,-2.76,37626.0,1.86,18033.0,0.89,-2.0,0.932,0.933,333963008.0,311253523,311253523,2026-08-18,2026-08-18 11:32:46+08:00
159875,新能源ETF嘉实,0.618,0.6177,-0.05,-0.004,-0.64,393973.0,24445263.2,0.621,0.627,0.615,0.622,1.93,1.46,1.0,0.88,219852.0,174121.0,-52810.0,-0.22,-3820823.0,-15.63,3768013.0,15.41,155214.0,0.63,-102405.0,-0.42,13.0,0.617,0.618,2694162896.0,1664992670,1664992670,2026-08-18,2026-08-18 11:32:51+08:00
589300,科创综指ETF嘉实,1.832,1.8353,0.18,-0.012,-0.65,9192.0,1686385.0,1.844,1.858,1.815,1.844,2.33,2.21,1.32,-1.22,1757.0,7435.0,706.0,0.04,0.0,0.0,706.0,0.04,-109535.0,-6.5,108829.0,6.45,-27.0,1.836,1.838,41582500.0,76179140,76179140,2026-08-18,2026-08-18 11:32:33+08:00
589360,科创50ETF国泰,0.917,0.9171,0.01,-0.006,-0.65,583804.0,53512021.0,0.922,0.929,0.906,0.923,2.49,2.24,1.43,-2.78,271813.0,311991.0,-600046.0,-1.12,1196060.0,2.24,-1796106.0,-3.36,-366469.0,-0.68,966515.0,1.81,-25.0,0.917,0.919,2609174000.0,2392612558,2392612558,2026-08-18,2026-08-18 11:32:30+08:00
562580,可选消费ETF华夏,1.075,1.078,0.28,-0.007,-0.65,8843.0,953533.0,1.083,1.083,1.075,1.082,0.74,2.44,0.53,1.79,3672.0,5171.0,385215.0,40.4,0.0,0.0,385215.0,40.4,-188571.0,-19.78,-196645.0,-20.62,-50.0,1.075,1.077,36223300.0,38940048,38940048,2026-08-18,2026-08-18 11:32:44+08:00
588940,科创50ETF富国,0.92,0.9197,-0.03,-0.006,-0.65,854275.0,78508362.0,0.924,0.931,0.908,0.926,2.48,3.07,1.17,-25.74,436986.0,417289.0,-11150680.0,-14.2,-7629032.0,-9.72,-3521648.0,-4.49,5705103.0,7.27,5445576.0,6.94,32.0,0.919,0.92,2786840000.0,2563892800,2563892800,2026-08-18,2026-08-18 11:32:26+08:00
510360,沪深300ETF广发,1.822,1.821,-0.05,-0.012,-0.65,342637.0,62600996.0,1.831,1.837,1.815,1.834,1.2,1.95,1.62,-1.96,142582.0,200055.0,581762.0,0.93,18307752.0,29.25,-17725990.0,-28.32,-891733.0,-1.42,309971.0,0.5,277.0,1.82,1.822,1757381200.0,3201948546,3201948546,2026-08-18,2026-08-18 11:33:08+08:00
589890,科创综指ETF景顺,1.671,1.6705,-0.03,-0.011,-0.65,32399.0,5414029.0,1.7,1.7,1.651,1.682,2.91,3.81,1.9,-0.59,7631.0,24768.0,-289364.0,-5.34,0.0,0.0,-289364.0,-5.34,338267.0,6.25,-48903.0,-0.9,-2.0,1.652,1.674,84987000.0,142013277,142013277,2026-08-18,2026-08-18 11:32:25+08:00
516960,机械ETF国泰,0.923,0.9241,0.12,-0.006,-0.65,649.0,60058.0,0.927,0.933,0.922,0.929,1.18,0.4,0.51,-98.25,231.0,418.0,31837.0,53.01,14899.0,24.81,16938.0,28.2,-931.0,-1.55,-30908.0,-51.46,66.0,0.922,0.924,16051100.0,14815165,14815165,2026-08-18,2026-08-18 11:32:39+08:00
563520,沪深300ETF永赢,1.225,1.2245,-0.04,-0.008,-0.65,106552.0,13081317.0,1.232,1.234,1.221,1.233,1.05,2.6,1.65,85.41,60091.0,46461.0,-2455867.0,-18.77,-1235890.0,-9.45,-1219977.0,-9.33,1906068.0,14.57,549798.0,4.2,3.0,1.222,1.233,409065008.0,501104635,501104635,2026-08-18,2026-08-18 11:32:47+08:00
515600,央企创新ETF广发,1.68,1.6805,0.03,-0.011,-0.65,2935.0,494716.0,1.707,1.708,1.675,1.691,1.95,0.03,0.43,-76.45,692.0,2243.0,83430.0,16.86,-9906.0,-2.0,93336.0,18.87,4092.0,0.83,-87522.0,-17.69,35.0,1.676,1.692,1037797408.0,1743499645,1743499645,2026-08-18,2026-08-18 11:33:04+08:00
588090,科创50ETF华泰柏瑞,1.828,1.8275,-0.03,-0.012,-0.65,405509.0,74130939.0,1.836,1.85,1.804,1.84,2.5,1.44,0.92,-18.1,221094.0,184415.0,-7616513.0,-10.27,-4290046.0,-5.79,-3326467.0,-4.49,214459.0,0.29,7402054.0,9.99,64.0,1.827,1.828,2817072800.0,5149609078,5149609078,2026-08-18,2026-08-18 11:32:29+08:00
515330,沪深300ETF天弘,1.369,1.3699,0.07,-0.009,-0.65,59326.0,8145218.0,1.38,1.381,1.365,1.378,1.16,0.1,1.32,-25.11,28964.0,30362.0,162694.0,2.0,4485998.0,55.08,-4323304.0,-53.08,-324573.0,-3.98,161879.0,1.99,1.0,1.367,1.37,6170709504.0,8447701311,8447701311,2026-08-18,2026-08-18 11:32:43+08:00
588720,科创50ETF中银,1.808,1.8079,-0.01,-0.012,-0.66,21592.0,3911735.0,1.821,1.83,1.787,1.82,2.36,2.06,0.75,-31.39,7413.0,14179.0,774647.0,19.8,327514.0,8.37,447133.0,11.43,-1285384.0,-32.86,510738.0,13.06,905.0,1.804,1.813,104741800.0,189373174,189373174,2026-08-18,2026-08-18 11:32:38+08:00
516830,沪深300ESGETF富国,1.056,1.0562,0.02,-0.007,-0.66,12979.0,1377702.0,1.057,1.064,1.053,1.063,1.03,1.49,0.46,-9.8,3367.0,9612.0,176849.0,12.84,0.0,0.0,176849.0,12.84,-138056.0,-10.02,-38793.0,-2.82,-200.0,1.055,1.057,87176900.0,92058806,92058806,2026-08-18,2026-08-18 11:32:59+08:00
510020,超大盘ETF博时,3.93,3.9372,0.18,-0.026,-0.66,1150.0,453444.0,3.952,3.954,3.93,3.956,0.61,0.31,0.29,51.69,750.0,400.0,-78339.0,-17.28,-33970.0,-7.49,-44369.0,-9.78,-3950.0,-0.87,82289.0,18.15,-10.0,3.934,3.978,36848000.0,144812640,144812640,2026-08-18,2026-08-18 11:33:10+08:00
159653,ESG300ETF国联安,1.21,1.2116,0.13,-0.008,-0.66,51.0,6191.1,1.217,1.217,1.21,1.218,0.57,0.01,0.2,83.08,46.0,5.0,3272.0,52.85,0.0,0.0,3272.0,52.85,0.0,0.0,-3272.0,-52.85,17.0,1.206,1.23,52972068.0,64096202,64096202,2026-08-18,2026-08-18 11:32:54+08:00
159959,央企ETF银华,1.654,1.657,0.18,-0.011,-0.66,1700.0,282532.3,1.665,1.669,1.653,1.665,0.96,0.01,1.73,-21.33,318.0,1382.0,221404.0,78.36,75813.0,26.83,145591.0,51.53,-236458.0,-83.69,15054.0,5.33,79.0,1.653,1.657,1827891776.0,3023332998,3023332998,2026-08-18,2026-08-18 11:32:54+08:00
589120,科创创新药ETF汇添富,0.899,0.8996,0.07,-0.006,-0.66,1581333.0,141708526.0,0.905,0.909,0.881,0.905,3.09,12.18,1.05,12.29,736724.0,844609.0,-8320280.0,-5.87,69675.0,0.05,-8389955.0,-5.92,2693296.0,1.9,5626985.0,3.97,-1683.0,0.899,0.901,1298620000.0,1167459380,1167459380,2026-08-18,2026-08-18 11:32:45+08:00
159350,深证50ETF富国,1.64,1.6408,0.05,-0.011,-0.67,292592.0,48240702.3,1.651,1.657,1.632,1.651,1.51,26.36,1.94,-38.46,190896.0,101696.0,-294073.0,-0.61,2414562.0,5.01,-2708635.0,-5.61,225614.0,0.47,68459.0,0.14,2.0,1.637,1.641,111009642.0,182055813,182055813,2026-08-18,2026-08-18 11:32:36+08:00
159306,汽车零部件ETF平安,1.184,1.1872,0.27,-0.008,-0.67,6049.0,719392.2,1.193,1.195,1.182,1.192,1.09,2.6,0.87,-91.13,3707.0,2342.0,90163.0,12.53,0.0,0.0,90163.0,12.53,366.0,0.05,-90529.0,-12.58,-2.0,1.182,1.192,23244616.0,27521625,27521625,2026-08-18,2026-08-18 11:32:48+08:00
512020,A500ETF鹏华,1.329,1.3286,-0.03,-0.009,-0.67,406602.0,54173196.0,1.338,1.342,1.324,1.338,1.35,3.77,1.42,-42.34,210770.0,195832.0,464522.0,0.86,7304499.0,13.48,-6839977.0,-12.63,-1160472.0,-2.14,695949.0,1.28,-30.0,1.328,1.329,1079012704.0,1434007884,1434007884,2026-08-18,2026-08-18 11:32:44+08:00
159711,港股通50ETF华夏,1.326,1.3271,0.08,-0.009,-0.67,158789.0,21062005.2,1.335,1.335,1.324,1.335,0.82,52.12,2.17,19.55,80374.0,78415.0,305941.0,1.45,-5719.0,-0.03,311660.0,1.48,-155869.0,-0.74,-150072.0,-0.71,9.0,1.325,1.326,30465157.0,40396798,40396798,2026-08-18,2026-08-18 11:33:09+08:00
561990,沪深300增强ETF招商,1.033,1.0336,0.06,-0.007,-0.67,112764.0,11686116.0,1.037,1.044,1.031,1.04,1.25,3.43,1.12,32.34,61321.0,51443.0,-30719.0,-0.26,2814385.0,24.08,-2845104.0,-24.35,148477.0,1.27,-117758.0,-1.01,-67.0,1.031,1.035,328649200.0,339494624,339494624,2026-08-18,2026-08-18 11:32:40+08:00
159936,可选消费ETF广发,1.923,1.9249,0.1,-0.013,-0.67,1747.0,336258.0,1.932,1.965,1.919,1.936,2.38,0.16,0.52,-88.15,835.0,912.0,10427.0,3.1,0.0,0.0,10427.0,3.1,22444.0,6.67,-32872.0,-9.78,131.0,1.919,1.924,108156094.0,207984169,207984169,2026-08-18,2026-08-18 11:32:39+08:00
516800,智能制造ETF华宝,1.035,1.0366,0.15,-0.007,-0.67,40886.0,4254251.0,1.048,1.05,1.025,1.042,2.4,2.29,1.02,-66.8,15187.0,25699.0,770779.0,18.12,0.0,0.0,770779.0,18.12,-732839.0,-17.23,-37940.0,-0.89,-22.0,1.032,1.035,178308000.0,184548780,184548780,2026-08-18,2026-08-18 11:32:45+08:00
510310,沪深300ETF易方达,4.628,4.6284,0.01,-0.031,-0.67,943579.0,437897895.0,4.658,4.663,4.611,4.659,1.12,0.83,1.47,56.3,342208.0,601371.0,-18610928.0,-4.25,59658002.0,13.62,-78268930.0,-17.87,8312232.0,1.9,10298697.0,2.35,1.0,4.627,4.628,11311844096.0,52351214476,52351214476,2026-08-18,2026-08-18 11:32:44+08:00
159215,A500ETF平安,1.342,1.3417,-0.02,-0.009,-0.67,44985.0,6050203.37,1.348,1.355,1.337,1.351,1.33,0.47,0.73,-16.1,16618.0,28367.0,333611.0,5.51,645194.0,10.66,-311583.0,-5.15,-85366.0,-1.41,-248245.0,-4.1,1.0,1.338,1.344,949582800.0,1274340118,1274340118,2026-08-18,2026-08-18 11:32:36+08:00
562340,中证500成长ETF银华,1.469,1.4724,0.23,-0.01,-0.68,3464.0,510996.0,1.479,1.486,1.469,1.479,1.15,4.25,4.25,87.88,1619.0,1845.0,-289822.0,-56.72,0.0,0.0,-289822.0,-56.72,249865.0,48.9,39957.0,7.82,2.0,1.465,1.492,8144300.0,11963977,11963977,2026-08-18,2026-08-18 11:32:50+08:00
159051,医疗器械ETF易方达,1.029,1.034,0.48,-0.007,-0.68,3803.0,392115.408,1.035,1.036,1.026,1.036,0.97,0.4,0.13,79.95,1348.0,2455.0,216934.0,55.32,0.0,0.0,216934.0,55.32,-187766.0,-47.89,-29167.0,-7.44,-1.0,1.031,1.035,96117894.0,98905313,98905313,2026-08-18,2026-08-18 11:32:51+08:00
159552,中证2000增强ETF招商,2.335,2.33,-0.21,-0.016,-0.68,436034.0,101748056.98,2.349,2.356,2.313,2.351,1.83,7.47,1.22,58.78,209555.0,226479.0,-10718057.0,-10.53,-12495734.0,-12.28,1777677.0,1.75,5095191.0,5.01,5622867.0,5.53,750.0,2.334,2.335,583790320.0,1363150397,1363150397,2026-08-18,2026-08-18 11:33:15+08:00
159643,疫苗ETF国泰,0.581,0.581,0.0,-0.004,-0.68,25105.0,1458602.8,0.582,0.589,0.577,0.585,2.05,1.08,0.34,40.44,8419.0,16686.0,-58750.0,-4.03,453380.0,31.08,-512130.0,-35.11,62127.0,4.26,-3378.0,-0.23,-34.0,0.577,0.584,232390617.0,135018948,135018948,2026-08-18,2026-08-18 11:32:48+08:00
515800,中证800ETF汇添富,1.318,1.3164,-0.12,-0.009,-0.68,327999.0,43232466.0,1.327,1.328,1.311,1.327,1.28,0.81,0.9,3.89,198625.0,129374.0,-3045698.0,-7.04,1470846.0,3.4,-4516544.0,-10.45,2355648.0,5.45,690051.0,1.6,266.0,1.316,1.318,4029437200.0,5310798230,5310798230,2026-08-18,2026-08-18 11:32:54+08:00
159359,A500ETF华安,1.314,1.312,-0.15,-0.009,-0.68,253238.0,33340176.1,1.322,1.326,1.308,1.323,1.36,3.67,1.84,-95.27,55268.0,197970.0,332587.0,1.0,-454158.0,-1.36,786745.0,2.36,149338.0,0.45,-481925.0,-1.45,5000.0,1.305,1.314,689140432.0,905530528,905530528,2026-08-18,2026-08-18 11:32:42+08:00
510350,沪深300ETF工银,5.013,5.013,0.0,-0.035,-0.69,41165.0,20668395.0,5.035,5.051,4.995,5.048,1.11,0.61,3.66,-61.26,29817.0,11348.0,-3499760.0,-16.93,-530432.0,-2.57,-2969328.0,-14.37,3176845.0,15.37,322915.0,1.56,399.0,4.99,5.018,677814704.0,3397885111,3397885111,2026-08-18,2026-08-18 11:32:58+08:00
588010,科创新材料ETF博时,1.158,1.1599,0.16,-0.008,-0.69,1158722.0,134889855.0,1.166,1.18,1.147,1.166,2.83,12.0,1.24,20.2,524953.0,633769.0,-4642860.0,-3.44,3217447.0,2.39,-7860307.0,-5.83,302374.0,0.22,4340486.0,3.22,-6.0,1.158,1.16,965425808.0,1117963086,1117963086,2026-08-18,2026-08-18 11:32:48+08:00
159610,中证500增强ETF景顺,1.302,1.304,0.15,-0.009,-0.69,23283.0,3048496.1,1.311,1.317,1.295,1.311,1.68,1.41,1.18,-11.19,9657.0,13626.0,209390.0,6.87,0.0,0.0,209390.0,6.87,-208318.0,-6.83,-1071.0,-0.04,1.0,1.301,1.302,165568207.0,215569806,215569806,2026-08-18,2026-08-18 11:33:06+08:00
588450,科创50增强ETF招商,2.316,2.3153,-0.03,-0.016,-0.69,37120.0,8606608.0,2.332,2.354,2.285,2.332,2.96,6.8,1.62,12.17,13729.0,23391.0,1053072.0,12.24,0.0,0.0,1053072.0,12.24,-1267725.0,-14.73,214654.0,2.49,-19.0,2.304,2.316,54568700.0,126381109,126381109,2026-08-18,2026-08-18 11:32:32+08:00
159220,港股通红利低波ETF华宝,0.577,0.5768,-0.03,-0.004,-0.69,148168.0,8562371.9,0.581,0.581,0.576,0.581,0.86,3.04,1.45,-19.38,73352.0,74816.0,-311496.0,-3.64,-304794.0,-3.56,-6702.0,-0.08,183844.0,2.15,127653.0,1.49,-1000.0,0.576,0.578,487569520.0,281327613,281327613,2026-08-18,2026-08-18 11:32:42+08:00
516160,新能源ETF南方,2.606,2.6034,-0.1,-0.018,-0.69,427653.0,111924996.0,2.624,2.642,2.596,2.624,1.75,2.76,1.68,6.46,213964.0,213689.0,-16800195.0,-15.01,-10262048.0,-9.17,-6538147.0,-5.84,-689138.0,-0.62,17489332.0,15.63,96.0,2.605,2.606,1551142000.0,4042276052,4042276052,2026-08-18,2026-08-18 11:32:50+08:00
510190,上证50ETF华安,4.324,4.3282,0.1,-0.03,-0.69,1808.0,783176.0,4.395,4.395,4.317,4.354,1.79,0.76,2.19,-62.42,229.0,1579.0,-94893.0,-12.12,0.0,0.0,-94893.0,-12.12,-2197.0,-0.28,97090.0,12.4,-35.0,4.315,4.355,23650800.0,102266059,102266059,2026-08-18,2026-08-18 11:32:53+08:00
589850,科创50ETF东财,1.7,1.7033,0.19,-0.012,-0.7,509003.0,86811062.0,1.712,1.724,1.682,1.712,2.45,8.3,1.33,69.82,221937.0,287066.0,698830.0,0.81,5022902.0,5.79,-4324072.0,-4.98,-5568791.0,-6.41,4869962.0,5.61,-80.0,1.7,1.701,613057008.0,1042196914,1042196914,2026-08-18,2026-08-18 11:32:52+08:00
159791,300ESGETF华夏,1.127,1.1294,0.21,-0.008,-0.7,14745.0,1666800.2,1.149,1.149,1.124,1.135,2.2,4.74,3.15,-14.29,3743.0,11002.0,1027725.0,61.66,0.0,0.0,1027725.0,61.66,-85743.0,-5.14,-941982.0,-56.51,86.0,1.121,1.149,31083347.0,35030932,35030932,2026-08-18,2026-08-18 11:32:36+08:00
560900,创新药ETF摩根,0.989,0.992,0.3,-0.007,-0.7,109682.0,10809641.0,0.993,0.996,0.975,0.996,2.11,5.35,0.7,-56.02,53596.0,56086.0,88131.0,0.82,777668.0,7.19,-689537.0,-6.38,-708239.0,-6.55,620107.0,5.74,-458.0,0.986,0.991,204969100.0,202714440,202714440,2026-08-18,2026-08-18 11:32:57+08:00
560950,中证500增强ETF汇添富,1.41,1.4145,0.32,-0.01,-0.7,6833.0,970048.0,1.407,1.422,1.406,1.42,1.13,3.91,1.69,-28.95,73.0,6760.0,40616.0,4.19,0.0,0.0,40616.0,4.19,5628.0,0.58,-46244.0,-4.77,-5.0,1.399,1.44,17483000.0,24651030,24651030,2026-08-18,2026-08-18 11:32:53+08:00
515190,中证500ETF中银证券,1.707,1.707,0.0,-0.012,-0.7,8113.0,1388630.0,1.72,1.727,1.7,1.719,1.57,0.28,1.16,-29.14,3913.0,4200.0,4019.0,0.29,0.0,0.0,4019.0,0.29,64566.0,4.65,-68585.0,-4.94,195.0,1.703,1.72,293466096.0,500946626,500946626,2026-08-18,2026-08-18 11:32:47+08:00
512160,MSCI中国A股ETF南方,1.559,1.558,-0.06,-0.011,-0.7,992.0,155023.0,1.569,1.572,1.554,1.57,1.15,0.08,0.11,-59.5,63.0,929.0,-67151.0,-43.32,0.0,0.0,-67151.0,-43.32,0.0,0.0,67150.0,43.32,6.0,1.557,1.575,121777800.0,189851590,189851590,2026-08-18,2026-08-18 11:32:58+08:00
562510,旅游ETF华夏,0.567,0.5662,-0.14,-0.004,-0.7,278700.0,15840244.0,0.568,0.571,0.566,0.571,0.88,2.62,0.93,43.39,93231.0,185469.0,-356765.0,-2.25,2082677.0,13.15,-2439442.0,-15.4,18914.0,0.12,337850.0,2.13,1.0,0.566,0.567,1065095008.0,603908870,603908870,2026-08-18,2026-08-18 11:32:54+08:00
515310,沪深300ETF汇添富,1.416,1.4163,0.02,-0.01,-0.7,150926.0,21434312.0,1.426,1.427,1.411,1.426,1.12,4.85,1.71,14.6,77808.0,73118.0,-274136.0,-1.28,3317977.0,15.48,-3592113.0,-16.76,-113552.0,-0.53,387688.0,1.81,100.0,1.415,1.417,311111200.0,440533459,440533459,2026-08-18,2026-08-18 11:32:38+08:00
512420,工程机械ETF华安,0.99,0.9932,0.32,-0.007,-0.7,45245.0,4495552.0,0.99,0.997,0.989,0.997,0.8,5.71,1.0,-35.56,27559.0,17686.0,1613110.0,35.88,867081.0,19.29,746029.0,16.59,-236335.0,-5.26,-1376775.0,-30.63,-20.0,0.99,0.999,79238900.0,78446511,78446511,2026-08-18,2026-08-18 11:33:01+08:00
513550,港股通50ETF华泰柏瑞,1.12,1.1215,0.13,-0.008,-0.71,178810.0,20040920.0,1.125,1.125,1.117,1.128,0.71,1.07,0.88,45.38,94509.0,84301.0,723383.0,3.61,353658.0,1.76,369725.0,1.84,-335759.0,-1.68,-387624.0,-1.93,239.0,1.118,1.12,1666992000.0,1867031040,1867031040,2026-08-18,2026-08-18 11:33:00+08:00
159368,创业板新能源ETF华夏,0.703,0.7025,-0.07,-0.005,-0.71,1643729.0,115862827.3,0.707,0.712,0.699,0.708,1.84,16.27,1.51,16.25,826769.0,816960.0,5856687.0,5.05,-1449224.0,-1.25,7305911.0,6.31,-5988363.0,-5.17,131676.0,0.11,264.0,0.702,0.703,1010579680.0,710437515,710437515,2026-08-18,2026-08-18 11:32:57+08:00
562530,中证1000价值ETF华夏,1.257,1.2597,0.21,-0.009,-0.71,70244.0,8864094.0,1.261,1.267,1.257,1.266,0.79,3.6,1.83,-98.91,31732.0,38512.0,4676613.0,52.76,4697892.0,53.0,-21279.0,-0.24,-3023725.0,-34.11,-1652888.0,-18.65,-389.0,1.255,1.261,195144000.0,245296008,245296008,2026-08-18,2026-08-18 11:32:34+08:00
159379,A500ETF融通,1.394,1.394,0.0,-0.01,-0.71,15790.0,2200411.3,1.404,1.407,1.388,1.404,1.35,0.98,2.66,59.2,9278.0,6512.0,-176944.0,-8.04,0.0,0.0,-176944.0,-8.04,31883.0,1.45,145061.0,6.59,-430.0,1.383,1.404,161821471.0,225579131,225579131,2026-08-18,2026-08-18 11:32:24+08:00
159556,中证2000增强ETF平安,1.251,1.2505,-0.04,-0.009,-0.71,4386.0,549965.5,1.26,1.265,1.242,1.26,1.83,2.82,1.4,83.1,991.0,3395.0,47907.0,8.71,0.0,0.0,47907.0,8.71,28242.0,5.14,-76148.0,-13.85,3.0,1.242,1.265,15556089.0,19460667,19460667,2026-08-18,2026-08-18 11:32:42+08:00
562890,A50ETF嘉实,1.405,1.406,0.07,-0.01,-0.71,43025.0,6071435.0,1.413,1.417,1.403,1.415,0.99,1.71,0.59,-0.13,8916.0,34109.0,-2524.0,-0.04,2205691.0,36.33,-2208215.0,-36.37,-13557.0,-0.22,16081.0,0.26,-2.0,1.403,1.407,251051000.0,352726655,352726655,2026-08-18,2026-08-18 11:32:54+08:00
588050,科创50ETF工银,1.822,1.8216,-0.02,-0.013,-0.71,2085632.0,380290155.0,1.832,1.845,1.798,1.835,2.56,3.38,1.92,24.75,766234.0,1319398.0,-11862319.0,-3.12,-40721203.0,-10.71,28858884.0,7.59,-240578.0,-0.06,12102896.0,3.18,98.0,1.82,1.821,6167241216.0,11236713496,11236713496,2026-08-18,2026-08-18 11:32:36+08:00
516320,高端装备ETF华夏,0.976,0.9737,-0.24,-0.007,-0.71,21920.0,2147641.0,0.983,0.986,0.973,0.983,1.32,2.5,0.86,69.06,11300.0,10620.0,-791924.0,-36.87,152163.0,7.09,-944087.0,-43.96,315933.0,14.71,475991.0,22.16,50.0,0.973,0.976,87589300.0,85487157,85487157,2026-08-18,2026-08-18 11:32:56+08:00
515910,质量ETF中金,0.702,0.7033,0.18,-0.005,-0.71,20231.0,1421697.0,0.707,0.707,0.699,0.707,1.13,0.89,1.34,29.32,8109.0,12122.0,190311.0,13.39,114902.0,8.08,75409.0,5.3,-191121.0,-13.44,810.0,0.06,-3266.0,0.698,0.703,227507000.0,159709914,159709914,2026-08-18,2026-08-18 11:33:01+08:00
589630,科创综指ETF国泰,0.834,0.8339,-0.01,-0.006,-0.71,149798.0,12491806.0,0.84,0.844,0.824,0.84,2.38,4.44,0.85,-74.45,72949.0,76849.0,1600797.0,12.81,587370.0,4.7,1013427.0,8.11,-755418.0,-6.05,-845380.0,-6.77,-2700.0,0.834,0.836,337258000.0,281273172,281273172,2026-08-18,2026-08-18 11:32:23+08:00
159923,中证A100ETF大成,2.226,2.2276,0.07,-0.016,-0.71,27793.0,6201371.8,2.233,2.264,2.22,2.242,1.96,22.62,2.16,-0.83,15713.0,12080.0,59662.0,0.96,601390.0,9.7,-541728.0,-8.74,-187038.0,-3.02,127376.0,2.05,-500.0,2.223,2.229,12285812.0,27348218,27348218,2026-08-18,2026-08-18 11:32:33+08:00
516110,汽车ETF国泰,1.12,1.1222,0.2,-0.008,-0.71,126838.0,14258328.0,1.128,1.13,1.12,1.128,0.89,5.52,1.18,-22.53,61399.0,65439.0,1780799.0,12.49,1840387.0,12.91,-59588.0,-0.42,-1035944.0,-7.27,-744856.0,-5.22,-206.0,1.12,1.122,229623100.0,257177872,257177872,2026-08-18,2026-08-18 11:32:57+08:00
588290,科创芯片ETF华安,3.706,3.7086,0.07,-0.027,-0.72,469913.0,174578519.0,3.733,3.768,3.654,3.733,3.05,2.95,1.47,-40.12,216841.0,253072.0,-7372026.0,-4.22,-4618972.0,-2.65,-2753054.0,-1.58,-817109.0,-0.47,8189135.0,4.69,-62.0,3.705,3.706,1593897008.0,5906982312,5906982312,2026-08-18,2026-08-18 11:32:38+08:00
530000,上证50ETF天弘,1.388,1.3884,0.03,-0.01,-0.72,21663.0,3015372.0,1.394,1.398,1.385,1.398,0.93,0.22,0.47,20.93,12801.0,8862.0,-1333138.0,-44.21,0.0,0.0,-1333138.0,-44.21,767571.0,25.46,565568.0,18.76,560.0,1.385,1.389,979029408.0,1358892818,1358892818,2026-08-18,2026-08-18 11:32:41+08:00
561280,中证1000增强ETF工银,1.649,1.6502,0.07,-0.012,-0.72,12443.0,2060423.0,1.66,1.663,1.639,1.661,1.44,1.47,0.57,-1.44,1354.0,11089.0,338132.0,16.41,0.0,0.0,338132.0,16.41,204100.0,9.91,-542233.0,-26.32,173.0,1.647,1.65,84847700.0,139913857,139913857,2026-08-18,2026-08-18 11:32:47+08:00
510050,上证50ETF华夏,3.03,3.0323,0.08,-0.022,-0.72,3434089.0,1044149235.0,3.049,3.052,3.024,3.052,0.92,4.96,1.76,-67.1,1604662.0,1829427.0,40240407.0,3.85,509722343.0,48.82,-469481936.0,-44.96,-24259327.0,-2.32,-15981080.0,-1.53,-155.0,3.03,3.031,6919866880.0,20967196646,20967196646,2026-08-18,2026-08-18 11:32:48+08:00
159322,黄金股ETF平安,1.65,1.6517,0.1,-0.012,-0.72,39759.0,6613077.9,1.667,1.688,1.65,1.662,2.29,3.33,0.73,16.41,18122.0,21637.0,180002.0,2.72,0.0,0.0,180002.0,2.72,-719399.0,-10.88,539397.0,8.16,5.0,1.65,1.655,119411691.0,197029290,197029290,2026-08-18,2026-08-18 11:32:30+08:00
515390,沪深300ETF华安,1.388,1.3871,-0.06,-0.01,-0.72,735694.0,102213741.0,1.397,1.399,1.382,1.398,1.22,4.15,1.85,-32.74,311365.0,424329.0,-11782593.0,-11.53,-3058388.0,-2.99,-8724205.0,-8.54,9963347.0,9.75,1819246.0,1.78,-691.0,1.387,1.388,1774683008.0,2463260015,2463260015,2026-08-18,2026-08-18 11:32:39+08:00
159177,工程机械ETF鹏华,0.963,0.9651,0.22,-0.007,-0.72,8919.0,860625.195,0.972,0.972,0.962,0.97,1.03,1.83,0.15,0.94,3749.0,5170.0,199972.0,23.24,0.0,0.0,199972.0,23.24,-96354.0,-11.2,-103618.0,-12.04,-3.0,0.963,0.965,48619279.0,46820366,46820366,2026-08-18,2026-08-18 11:32:42+08:00
589160,科创芯片ETF广发,1.374,1.375,0.07,-0.01,-0.72,177788.0,24523535.0,1.393,1.396,1.354,1.384,3.03,6.39,1.33,-62.11,80556.0,97232.0,-1127640.0,-4.6,1223103.0,4.99,-2350743.0,-9.59,-1477151.0,-6.02,2604791.0,10.62,50.0,1.373,1.376,278296000.0,382378704,382378704,2026-08-18,2026-08-18 11:32:24+08:00
510180,上证180ETF华安,4.015,4.0187,0.09,-0.029,-0.72,92615.0,37315764.0,4.041,4.046,4.008,4.044,0.94,0.21,1.21,-1.78,31902.0,60713.0,1886804.0,5.06,7277450.0,19.5,-5390646.0,-14.45,-1410051.0,-3.78,-476753.0,-1.28,-1.0,4.014,4.018,4418557696.0,17740509149,17740509149,2026-08-18,2026-08-18 11:33:06+08:00
561200,中证A100ETF工银,1.511,1.5114,0.03,-0.011,-0.72,7359.0,1115712.0,1.53,1.53,1.506,1.522,1.58,2.34,1.62,51.62,4814.0,2545.0,538195.0,48.24,0.0,0.0,538195.0,48.24,-482039.0,-43.2,-56156.0,-5.03,5.0,1.51,1.512,31470500.0,47551926,47551926,2026-08-18,2026-08-18 11:32:34+08:00
589190,科创芯片ETF华宝,0.688,0.6889,0.13,-0.005,-0.72,595655.0,41118754.0,0.693,0.699,0.678,0.693,3.03,2.19,1.31,21.05,312105.0,283550.0,-3954076.0,-9.62,-3257138.0,-7.92,-696938.0,-1.69,2556384.0,6.22,1397693.0,3.4,-16.0,0.687,0.69,2719562000.0,1871058656,1871058656,2026-08-18,2026-08-18 11:32:27+08:00
530800,上证180ETF银华,1.219,1.2213,0.19,-0.009,-0.73,2240.0,274252.0,1.228,1.228,1.219,1.228,0.73,1.23,0.42,-0.2,1236.0,1004.0,29351.0,10.7,0.0,0.0,29351.0,10.7,-28862.0,-10.52,-488.0,-0.18,-2.0,1.221,1.224,18201800.0,22187994,22187994,2026-08-18,2026-08-18 11:32:46+08:00
510100,上证50ETF易方达,2.985,2.9851,0.0,-0.022,-0.73,586865.0,175514937.0,3.003,3.006,2.977,3.007,0.96,6.27,1.19,-93.37,352209.0,234656.0,18056652.0,10.29,70183363.0,39.99,-52126711.0,-29.7,-16271888.0,-9.27,-1784764.0,-1.02,-4.0,2.985,2.986,936506800.0,2795472798,2795472798,2026-08-18,2026-08-18 11:32:45+08:00
589180,科创新材料ETF汇添富,1.9,1.9033,0.17,-0.014,-0.73,244931.0,46774222.0,1.914,1.937,1.881,1.914,2.93,17.84,1.94,-16.37,123055.0,121876.0,9728.0,0.02,468482.0,1.0,-458754.0,-0.98,-686209.0,-1.47,676481.0,1.45,-2.0,1.9,1.905,137318000.0,260904200,260904200,2026-08-18,2026-08-18 11:32:48+08:00
159886,机械ETF富国,0.95,0.9508,0.08,-0.007,-0.73,14731.0,1404386.0,0.958,0.961,0.948,0.957,1.36,2.25,0.77,43.41,7008.0,7723.0,-4197.0,-0.3,149080.0,10.62,-153277.0,-10.91,35570.0,2.53,-31374.0,-2.23,-2378.0,0.948,0.951,65442555.0,62170427,62170427,2026-08-18,2026-08-18 11:32:21+08:00
512370,A500增强ETF华夏,1.229,1.2339,0.4,-0.009,-0.73,21336.0,2636505.0,1.237,1.245,1.226,1.238,1.53,0.69,1.4,68.0,3569.0,17767.0,1987929.0,75.4,15103.0,0.57,1972826.0,74.83,-218936.0,-8.3,-1768993.0,-67.1,-122.0,1.229,1.231,311313008.0,382603687,382603687,2026-08-18,2026-08-18 11:32:55+08:00
588460,科创50增强ETF鹏华,2.184,2.1815,-0.11,-0.016,-0.73,214587.0,46804262.0,2.212,2.212,2.155,2.2,2.59,3.53,1.42,22.73,114695.0,99892.0,1854084.0,3.96,10728914.0,22.92,-8874830.0,-18.96,-4254990.0,-9.09,2400906.0,5.13,-1140.0,2.183,2.187,607514000.0,1326810576,1326810576,2026-08-18,2026-08-18 11:32:46+08:00
515360,沪深300ETF方正富邦,6.892,6.8978,0.08,-0.051,-0.73,3877.0,2684723.0,6.962,6.962,6.892,6.943,1.01,1.03,3.38,-81.18,1732.0,2145.0,518769.0,19.32,0.0,0.0,518769.0,19.32,-569482.0,-21.21,50713.0,1.89,1.0,6.874,6.95,37779300.0,260374936,260374936,2026-08-18,2026-08-18 11:32:49+08:00
560610,A500ETF招商,1.222,1.2203,-0.14,-0.009,-0.73,792279.0,97196378.0,1.231,1.234,1.217,1.231,1.38,1.52,1.86,41.61,344015.0,448264.0,-3424725.0,-3.52,9189990.0,9.46,-12614715.0,-12.98,3688587.0,3.79,-263863.0,-0.27,-150.0,1.222,1.223,5200988416.0,6355607844,6355607844,2026-08-18,2026-08-18 11:32:34+08:00
159531,中证2000ETF南方,1.492,1.4925,0.03,-0.011,-0.73,737136.0,110096225.5,1.506,1.509,1.483,1.503,1.73,7.02,1.1,74.54,318577.0,418559.0,4565215.0,4.15,8521594.0,7.74,-3956379.0,-3.59,-4250623.0,-3.86,-314594.0,-0.29,21.0,1.491,1.492,1050608400.0,1567507733,1567507733,2026-08-18,2026-08-18 11:33:18+08:00
512910,A100ETF广发,1.356,1.3564,0.03,-0.01,-0.73,44477.0,6055158.0,1.366,1.368,1.354,1.366,1.02,3.35,1.38,-1.63,23486.0,20991.0,-768404.0,-12.69,0.0,0.0,-768404.0,-12.69,782340.0,12.92,-13936.0,-0.23,1895.0,1.356,1.357,132628800.0,179844653,179844653,2026-08-18,2026-08-18 11:32:47+08:00
589130,科创芯片ETF易方达,1.504,1.5048,0.05,-0.011,-0.73,1209973.0,182465067.0,1.516,1.528,1.48,1.515,3.17,3.72,1.44,-20.95,480132.0,729841.0,-12091204.0,-6.63,-755697.0,-0.41,-11335507.0,-6.21,1372257.0,0.75,10718948.0,5.87,30.0,1.502,1.504,3254780000.0,4895189120,4895189120,2026-08-18,2026-08-18 11:32:37+08:00
512580,环保ETF广发,1.228,1.2288,0.07,-0.009,-0.73,22432.0,2768465.0,1.237,1.24,1.226,1.237,1.13,0.39,0.84,-11.55,11120.0,11312.0,258515.0,9.34,1249851.0,45.15,-991336.0,-35.81,-166822.0,-6.03,-91694.0,-3.31,-1.0,1.228,1.232,569071696.0,698820043,698820043,2026-08-18,2026-08-18 11:33:09+08:00
159300,沪深300ETF富国,5.109,5.1095,0.01,-0.038,-0.74,64019.0,32788448.8,5.15,5.151,5.091,5.147,1.17,1.81,0.69,-61.67,31337.0,32682.0,4244692.0,12.95,9763800.0,29.78,-5519108.0,-16.83,-6363761.0,-19.41,2119068.0,6.46,45.0,5.105,5.108,352858096.0,1802752012,1802752012,2026-08-18,2026-08-18 11:33:18+08:00
159925,沪深300ETF南方,4.833,4.837,0.08,-0.036,-0.74,142790.0,69259954.0,4.864,4.876,4.818,4.869,1.19,2.47,2.08,89.62,66961.0,75829.0,5598070.0,8.08,20266734.0,29.26,-14668664.0,-21.18,-6855854.0,-9.9,1257785.0,1.82,-2.0,4.833,4.835,579020864.0,2798407836,2798407836,2026-08-18,2026-08-18 11:32:42+08:00
159126,港股通50ETF南方,0.938,0.9396,0.17,-0.007,-0.74,48124.0,4514308.3,0.94,0.943,0.937,0.945,0.63,1.95,2.26,17.27,25945.0,22179.0,251283.0,5.57,1880.0,0.04,249403.0,5.52,-219758.0,-4.87,-31525.0,-0.7,1200.0,0.937,0.938,246616546.0,231326320,231326320,2026-08-18,2026-08-18 11:33:15+08:00
588920,科创芯片ETF鹏华,1.214,1.2133,-0.06,-0.009,-0.74,252453.0,30738036.0,1.223,1.232,1.195,1.223,3.03,8.09,1.75,-26.99,92982.0,159471.0,-2463278.0,-8.01,2231039.0,7.26,-4694317.0,-15.27,494383.0,1.61,1968896.0,6.41,-5.0,1.211,1.215,311876000.0,378617464,378617464,2026-08-18,2026-08-18 11:32:30+08:00
516710,新材料ETF华夏,0.804,0.8042,0.02,-0.006,-0.74,24142.0,1954822.0,0.81,0.818,0.799,0.81,2.35,3.08,1.18,-61.56,8087.0,16055.0,528022.0,27.01,0.0,0.0,528022.0,27.01,-57952.0,-2.96,-470071.0,-24.05,-4.0,0.804,0.809,78272000.0,62930688,62930688,2026-08-18,2026-08-18 11:32:57+08:00
560620,公用事业ETF万家,0.945,0.9476,0.27,-0.007,-0.74,2186.0,207561.0,0.948,0.962,0.945,0.952,1.79,0.81,1.47,-85.74,209.0,1977.0,104827.0,50.5,0.0,0.0,104827.0,50.5,51010.0,24.58,-155838.0,-75.08,-36.0,0.945,0.95,26867000.0,25389315,25389315,2026-08-18,2026-08-18 11:32:38+08:00
561000,沪深300增强ETF华安,1.335,1.3377,0.2,-0.01,-0.74,19824.0,2657725.0,1.346,1.347,1.332,1.345,1.12,3.78,0.95,-6.3,6637.0,13187.0,915788.0,34.46,0.0,0.0,915788.0,34.46,-553528.0,-20.83,-362261.0,-13.63,237.0,1.335,1.337,52420000.0,69980700,69980700,2026-08-18,2026-08-18 11:32:35+08:00
159330,沪深300ETF东财,1.472,1.4723,0.02,-0.011,-0.74,148328.0,21899620.7,1.483,1.484,1.466,1.483,1.21,3.56,1.57,18.01,63340.0,84988.0,5382718.0,24.58,12360988.0,56.44,-6978270.0,-31.86,-4975276.0,-22.72,-407442.0,-1.86,10.0,1.471,1.472,416801008.0,613531084,613531084,2026-08-18,2026-08-18 11:32:51+08:00
588000,科创50ETF华夏,1.874,1.8758,0.1,-0.014,-0.74,20667251.0,3877736973.0,1.886,1.899,1.852,1.888,2.49,4.39,1.18,-25.57,9267903.0,11399348.0,-402964432.0,-10.39,-362356864.0,-9.34,-40607568.0,-1.05,111866384.0,2.88,291098064.0,7.51,-275.0,1.874,1.875,47030668288.0,88135472372,88135472372,2026-08-18,2026-08-18 11:32:52+08:00
562860,疫苗ETF嘉实,0.673,0.6744,0.21,-0.005,-0.74,58116.0,3922927.0,0.673,0.68,0.668,0.678,1.77,1.87,0.62,51.53,32138.0,25978.0,44376.0,1.13,-461650.0,-11.77,506026.0,12.9,-95432.0,-2.43,51057.0,1.3,-14.0,0.67,0.676,310895008.0,209232340,209232340,2026-08-18,2026-08-18 11:32:34+08:00
159066,A股ETF建信,0.938,0.9391,0.12,-0.007,-0.74,23644.0,2221601.384,0.945,0.947,0.934,0.945,1.38,1.09,0.49,-37.47,6501.0,17143.0,-53225.0,-2.4,0.0,0.0,-53225.0,-2.4,10714.0,0.48,42511.0,1.91,1.0,0.937,0.938,216733027.0,203295579,203295579,2026-08-18,2026-08-18 11:33:06+08:00
159240,A500增强ETF天弘,1.33,1.3303,0.02,-0.01,-0.75,9553.0,1271367.9,1.353,1.353,1.326,1.34,2.01,4.63,1.08,-19.44,4538.0,5015.0,149691.0,11.77,0.0,0.0,149691.0,11.77,-80584.0,-6.34,-69107.0,-5.44,10.0,1.329,1.331,20619776.0,27424302,27424302,2026-08-18,2026-08-18 11:33:15+08:00
159686,A100ETF易方达,1.319,1.3201,0.08,-0.01,-0.75,119562.0,15799805.6,1.33,1.331,1.315,1.329,1.2,14.26,1.8,-99.55,55544.0,64018.0,2064912.0,13.07,2637466.0,16.69,-572554.0,-3.62,-677129.0,-4.29,-1387783.0,-8.78,-24.0,1.31,1.321,83815386.0,110552494,110552494,2026-08-18,2026-08-18 11:32:39+08:00
159357,A500ETF博时,1.32,1.3207,0.05,-0.01,-0.75,131631.0,17408765.9,1.33,1.333,1.315,1.33,1.35,1.12,1.74,-78.28,48270.0,83361.0,-581361.0,-3.34,5025818.0,28.87,-5607179.0,-32.21,724595.0,4.16,-143234.0,-0.82,758.0,1.315,1.321,1174833840.0,1550780669,1550780669,2026-08-18,2026-08-18 11:32:39+08:00
159625,绿色电力ETF嘉实,1.198,1.1991,0.09,-0.009,-0.75,132227.0,15895806.9,1.207,1.207,1.197,1.207,0.83,0.65,0.86,-43.87,48163.0,84064.0,-3534616.0,-22.24,-953386.0,-6.0,-2581230.0,-16.24,2212051.0,13.92,1322564.0,8.32,194.0,1.197,1.198,2026113776.0,2427284304,2427284304,2026-08-18,2026-08-18 11:32:51+08:00
520820,恒指港股通ETF汇添富,0.925,0.9269,0.2,-0.007,-0.75,2763.0,255886.0,0.928,0.928,0.924,0.932,0.43,0.44,0.91,-94.63,2500.0,263.0,20127.0,7.87,0.0,0.0,20127.0,7.87,-18560.0,-7.25,-1567.0,-0.61,-3.0,0.923,0.941,62682000.0,57980850,57980850,2026-08-18,2026-08-18 11:32:59+08:00
512550,富时A50ETF嘉实,1.853,1.8538,0.04,-0.014,-0.75,23575.0,4385696.0,1.851,1.867,1.849,1.867,0.96,2.13,1.16,-42.96,9219.0,14356.0,723745.0,16.5,0.0,0.0,723745.0,16.5,-953328.0,-21.74,229583.0,5.23,5.0,1.853,1.856,110906000.0,205508818,205508818,2026-08-18,2026-08-18 11:33:00+08:00
515580,科技100ETF华泰柏瑞,1.448,1.4454,-0.18,-0.011,-0.75,23670.0,3446730.0,1.46,1.463,1.439,1.459,1.64,0.78,0.95,-0.56,9551.0,14119.0,743935.0,21.58,-288.0,-0.01,744223.0,21.59,-672489.0,-19.51,-71446.0,-2.07,13.0,1.445,1.447,304031408.0,440237479,440237479,2026-08-18,2026-08-18 11:32:52+08:00
510680,上证50ETF万家,3.192,3.2001,0.25,-0.024,-0.75,35017.0,11224768.0,3.245,3.245,3.192,3.216,1.65,16.58,4.07,-82.05,12476.0,22541.0,288006.0,2.57,8257533.0,73.57,-7969527.0,-71.0,-330568.0,-2.94,42562.0,0.38,-1.0,3.192,3.232,21124700.0,67430042,67430042,2026-08-18,2026-08-18 11:32:48+08:00
589200,科创200ETF工银,1.447,1.4452,-0.12,-0.011,-0.75,16581.0,2393428.0,1.455,1.476,1.429,1.458,3.22,7.37,1.87,-36.36,5712.0,10869.0,272265.0,11.38,-66298.0,-2.77,338563.0,14.15,-247916.0,-10.36,-24349.0,-1.02,-335.0,1.43,1.448,22507000.0,32567629,32567629,2026-08-18,2026-08-18 11:32:45+08:00
159261,创业板新能源ETF鹏华,1.459,1.4626,0.25,-0.011,-0.75,20451.0,3000931.4,1.472,1.478,1.454,1.47,1.63,4.11,1.41,-46.72,13582.0,6869.0,766757.0,25.55,838152.0,27.93,-71395.0,-2.38,-687459.0,-22.91,-79299.0,-2.64,-50.0,1.459,1.465,49814904.0,72679945,72679945,2026-08-18,2026-08-18 11:32:57+08:00
561750,A50ETF博时,1.189,1.1906,0.13,-0.009,-0.75,2691.0,321092.0,1.204,1.204,1.189,1.198,1.25,0.43,0.44,-85.83,56.0,2635.0,-33206.0,-10.34,0.0,0.0,-33206.0,-10.34,28294.0,8.81,4912.0,1.53,4.0,1.187,1.209,62996000.0,74902244,74902244,2026-08-18,2026-08-18 11:32:50+08:00
159226,中证A500增强ETF国泰,1.315,1.3166,0.12,-0.01,-0.75,75401.0,9958343.5,1.328,1.329,1.31,1.325,1.43,7.85,1.11,-20.67,42338.0,33063.0,480180.0,4.82,0.0,0.0,480180.0,4.82,-493508.0,-4.96,13328.0,0.13,-1.0,1.315,1.318,96094840.0,126364715,126364715,2026-08-18,2026-08-18 11:32:36+08:00
563280,A50增强ETF富国,1.446,1.4476,0.11,-0.011,-0.75,3651.0,531034.0,1.46,1.462,1.445,1.457,1.17,5.44,2.02,-87.67,535.0,3116.0,-12916.0,-2.43,0.0,0.0,-12916.0,-2.43,74240.0,13.98,-61324.0,-11.55,1.0,1.443,1.459,6706600.0,9697744,9697744,2026-08-18,2026-08-18 11:32:49+08:00
159665,半导体龙头ETF工银,2.636,2.6354,-0.02,-0.02,-0.75,178382.0,47290470.0,2.665,2.683,2.601,2.656,3.09,7.38,1.62,7.59,90928.0,87454.0,-2481617.0,-5.25,1376107.0,2.91,-3857724.0,-8.16,-1584597.0,-3.35,4066213.0,8.6,-110.0,2.636,2.637,241576860.0,636796603,636796603,2026-08-18,2026-08-18 11:33:12+08:00
159560,芯片ETF景顺,2.474,2.4744,0.02,-0.019,-0.76,77269.0,19208528.5,2.5,2.522,2.442,2.493,3.21,4.22,1.66,93.29,32184.0,45085.0,-4267190.0,-22.22,-2751928.0,-14.33,-1515262.0,-7.89,690150.0,3.59,3577039.0,18.62,-2.0,2.474,2.475,182916460.0,452535322,452535322,2026-08-18,2026-08-18 11:32:45+08:00
159352,A500ETF南方,1.303,1.3021,-0.07,-0.01,-0.76,19305531.0,2521379033.08,1.313,1.316,1.297,1.313,1.45,7.07,1.5,-31.81,8392293.0,10913238.0,2825605.0,0.11,79098560.0,3.14,-76272955.0,-3.03,-2959783.0,-0.12,134179.0,0.01,10.0,1.301,1.303,27324101632.0,35603304426,35603304426,2026-08-18,2026-08-18 11:33:00+08:00
159673,沪深300ETF鹏华,1.312,1.3122,0.02,-0.01,-0.76,239178.0,31446614.1,1.323,1.323,1.307,1.322,1.21,1.36,1.06,-18.15,96269.0,142909.0,-3233242.0,-10.28,-2841368.0,-9.04,-391874.0,-1.25,3208686.0,10.2,24556.0,0.08,1.0,1.311,1.312,1759528384.0,2308501240,2308501240,2026-08-18,2026-08-18 11:33:03+08:00
516790,医疗ETF华泰柏瑞,0.523,0.5243,0.25,-0.004,-0.76,27317.0,1428502.0,0.528,0.528,0.52,0.527,1.52,1.5,0.78,35.59,5198.0,22119.0,20437.0,1.43,-209200.0,-14.64,229637.0,16.08,-71646.0,-5.02,51209.0,3.58,-7.0,0.522,0.524,182682200.0,95542791,95542791,2026-08-18,2026-08-18 11:32:36+08:00
159877,医疗ETF南方,0.519,0.519,0.0,-0.004,-0.76,136688.0,7107776.4,0.525,0.525,0.517,0.523,1.53,4.7,4.48,-96.87,91038.0,45650.0,35028.0,0.49,59253.0,0.83,-24225.0,-0.34,-45583.0,-0.64,10554.0,0.15,1.0,0.518,0.52,290792288.0,150921197,150921197,2026-08-18,2026-08-18 11:32:54+08:00
159046,绿电ETF天弘,0.912,0.9104,-0.18,-0.007,-0.76,49844.0,4551227.789,0.92,0.921,0.911,0.919,1.09,1.2,0.72,-38.03,19124.0,30720.0,67721.0,1.49,1369500.0,30.09,-1301779.0,-28.6,-244156.0,-5.36,176435.0,3.88,100.0,0.911,0.912,413976848.0,377546885,377546885,2026-08-18,2026-08-18 11:32:42+08:00
159100,巴西ETF华夏,1.045,1.0307,-1.39,-0.008,-0.76,112163.0,11746646.18,1.05,1.051,1.044,1.053,0.66,2.45,0.55,44.64,32901.0,79262.0,-2907443.0,-24.75,-1007268.0,-8.57,-1900175.0,-16.18,1362569.0,11.6,1544875.0,13.15,-5.0,1.045,1.046,458046928.0,478659040,478659040,2026-08-18,2026-08-18 11:33:21+08:00
510330,沪深300ETF华夏,4.966,4.97,0.08,-0.038,-0.76,1237735.0,616649346.0,5.002,5.007,4.948,5.004,1.18,1.45,2.71,89.46,288481.0,949254.0,-25949668.0,-4.21,25420496.0,4.12,-51370164.0,-8.33,6338870.0,1.03,19610800.0,3.18,1.0,4.961,4.966,8537649920.0,42397969503,42397969503,2026-08-18,2026-08-18 11:32:47+08:00
159061,绿色电力ETF南方,0.92,0.9205,0.05,-0.007,-0.76,13349.0,1231593.378,0.927,0.927,0.92,0.927,0.76,0.62,0.49,-30.4,1622.0,11727.0,120739.0,9.8,0.0,0.0,120739.0,9.8,-265223.0,-21.53,144484.0,11.73,-5.0,0.92,0.921,215640230.0,198389012,198389012,2026-08-18,2026-08-18 11:32:42+08:00
159621,ESGETF国泰,1.177,1.1779,0.08,-0.009,-0.76,17606.0,2082432.5,1.19,1.19,1.177,1.186,1.1,12.2,0.9,-86.75,9017.0,8589.0,257346.0,12.36,0.0,0.0,257346.0,12.36,-262662.0,-12.61,5315.0,0.26,1000.0,1.174,1.19,14434717.0,16989662,16989662,2026-08-18,2026-08-18 11:32:18+08:00
520960,恒指港股通ETF嘉实,0.909,0.9107,0.19,-0.007,-0.76,7014.0,638943.0,0.913,0.916,0.907,0.916,0.98,1.2,0.23,5.7,3391.0,3623.0,44834.0,7.02,0.0,0.0,44834.0,7.02,-37512.0,-5.87,-7320.0,-1.15,-152.0,0.907,0.913,58603400.0,53270491,53270491,2026-08-18,2026-08-18 11:32:48+08:00
159992,创新药ETF银华,0.92,0.9202,0.02,-0.007,-0.76,8493898.0,778253365.441,0.922,0.927,0.906,0.927,2.27,4.34,1.24,12.04,3580044.0,4913853.0,-60309223.0,-7.75,12427520.0,1.6,-72736743.0,-9.35,41657214.0,5.35,18652002.0,2.4,-142.0,0.92,0.921,19565381120.0,18000150630,18000150630,2026-08-18,2026-08-18 11:32:15+08:00
560390,电网设备ETF易方达,0.917,0.9158,-0.13,-0.007,-0.76,901358.0,83127119.0,0.923,0.935,0.91,0.924,2.71,4.42,1.34,-28.35,325098.0,576260.0,1398647.0,1.68,-1135650.0,-1.37,2534297.0,3.05,-1954267.0,-2.35,555619.0,0.67,242.0,0.916,0.917,2039258000.0,1869999586,1869999586,2026-08-18,2026-08-18 11:32:51+08:00
517100,沪港深500ETF富国,1.027,1.0301,0.3,-0.008,-0.77,196.0,20149.0,1.037,1.037,1.025,1.035,1.16,0.01,0.13,-63.3,76.0,120.0,2649.0,13.15,0.0,0.0,2649.0,13.15,1640.0,8.14,-4288.0,-21.28,19.0,1.019,1.027,148102100.0,152100857,152100857,2026-08-18,2026-08-18 11:32:39+08:00
159982,中证500ETF鹏华,2.184,2.1859,0.09,-0.017,-0.77,66554.0,14556512.9,2.201,2.206,2.168,2.201,1.73,3.26,0.9,-72.91,47792.0,18762.0,1986813.0,13.65,0.0,0.0,1986813.0,13.65,-1514243.0,-10.4,-472570.0,-3.25,1.0,2.178,2.186,204211253.0,445997377,445997377,2026-08-18,2026-08-18 11:32:30+08:00
159631,A100ETF招商,1.282,1.2828,0.06,-0.01,-0.77,6867.0,883311.5,1.292,1.293,1.278,1.292,1.16,1.75,0.91,-23.7,2114.0,4753.0,349374.0,39.55,0.0,0.0,349374.0,39.55,-394983.0,-44.72,45609.0,5.16,26.0,1.281,1.282,39332605.0,50424400,50424400,2026-08-18,2026-08-18 11:32:39+08:00
563200,中证2000ETF富国,1.546,1.5507,0.3,-0.012,-0.77,45132.0,7000123.0,1.558,1.566,1.538,1.558,1.8,7.85,0.9,-0.2,15991.0,29141.0,955908.0,13.66,0.0,0.0,955908.0,13.66,-982728.0,-14.04,26820.0,0.38,-30.0,1.546,1.55,57458800.0,88831305,88831305,2026-08-18,2026-08-18 11:32:46+08:00
159387,创业板新能源ETF国泰,0.776,0.7746,-0.18,-0.006,-0.77,1982329.0,154246685.1,0.779,0.785,0.771,0.782,1.79,13.42,1.26,-11.06,990530.0,991799.0,-1719308.0,-1.11,-17437425.0,-11.3,15718117.0,10.19,732569.0,0.47,986741.0,0.64,27.0,0.774,0.776,1477189648.0,1146299167,1146299167,2026-08-18,2026-08-18 11:32:30+08:00
562520,中证1000成长ETF华夏,1.41,1.4126,0.18,-0.011,-0.77,55275.0,7830457.0,1.421,1.427,1.403,1.421,1.69,20.81,2.18,-13.02,23770.0,31505.0,1709997.0,21.84,0.0,0.0,1709997.0,21.84,-660177.0,-8.43,-1049820.0,-13.41,1920.0,1.409,1.44,26568000.0,37460880,37460880,2026-08-18,2026-08-18 11:32:55+08:00
515380,沪深300ETF泰康,5.531,5.5332,0.04,-0.043,-0.77,22523.0,12476266.0,5.574,5.576,5.511,5.574,1.17,0.34,2.4,37.87,10567.0,11956.0,721174.0,5.78,4427390.0,35.49,-3706216.0,-29.71,-74723.0,-0.6,-646451.0,-5.18,-5.0,5.531,5.534,661599808.0,3659308538,3659308538,2026-08-18,2026-08-18 11:32:42+08:00
588080,科创50ETF易方达,1.816,1.8183,0.13,-0.014,-0.77,5956641.0,1083805252.0,1.829,1.841,1.795,1.83,2.51,2.55,1.46,8.12,2497218.0,3459423.0,-42542224.0,-3.93,-49818864.0,-4.6,7276640.0,0.67,3339055.0,0.31,39203170.0,3.62,-400.0,1.816,1.817,23377628160.0,42453772739,42453772739,2026-08-18,2026-08-18 11:32:43+08:00
561350,中证500ETF国泰,1.29,1.2905,0.04,-0.01,-0.77,218871.0,28389067.0,1.294,1.309,1.283,1.3,2.0,23.87,1.89,-12.96,111393.0,107478.0,-387651.0,-1.37,5235987.0,18.44,-5623638.0,-19.81,-105342.0,-0.37,492993.0,1.74,1560.0,1.285,1.303,91700000.0,118293000,118293000,2026-08-18,2026-08-18 11:32:44+08:00
510380,沪深300ETF国寿,1.417,1.419,0.14,-0.011,-0.77,11367.0,1616848.0,1.428,1.438,1.415,1.428,1.61,0.08,0.25,-13.06,7910.0,3457.0,248463.0,15.37,250630.0,15.5,-2167.0,-0.13,-406829.0,-25.16,158365.0,9.79,4.0,1.417,1.425,1467802400.0,2079876001,2079876001,2026-08-18,2026-08-18 11:32:50+08:00
510300,沪深300ETF华泰柏瑞,4.764,4.766,0.04,-0.037,-0.77,4828012.0,2308979174.0,4.794,4.803,4.751,4.801,1.08,2.1,1.25,-29.87,1773435.0,3054577.0,-40390928.0,-1.75,55172864.0,2.39,-95563792.0,-4.14,-27590835.0,-1.19,67981764.0,2.94,42.0,4.763,4.764,23044087808.0,109782034317,109782034317,2026-08-18,2026-08-18 11:33:05+08:00
159891,医疗ETF建信,0.389,0.3884,-0.15,-0.003,-0.77,86992.0,3381051.8,0.391,0.391,0.383,0.392,2.04,2.48,0.58,6.35,33117.0,53875.0,-111149.0,-3.29,-387000.0,-11.45,275851.0,8.16,123365.0,3.65,-12216.0,-0.36,1.0,0.388,0.389,351024832.0,136548660,136548660,2026-08-18,2026-08-18 11:32:24+08:00
561590,中证1000增强ETF华泰柏瑞,1.545,1.5471,0.14,-0.012,-0.77,32014.0,4948985.0,1.551,1.564,1.538,1.557,1.67,3.15,1.22,-42.55,10226.0,21788.0,97832.0,1.98,0.0,0.0,97832.0,1.98,-68857.0,-1.39,-28976.0,-0.59,83.0,1.538,1.552,101499600.0,156816882,156816882,2026-08-18,2026-08-18 11:32:48+08:00
159820,中证500ETF天弘,1.409,1.4113,0.16,-0.011,-0.77,61722.0,8725040.5,1.42,1.426,1.401,1.42,1.76,0.45,1.73,-39.27,32715.0,29007.0,-161730.0,-1.85,0.0,0.0,-161730.0,-1.85,-157588.0,-1.81,319318.0,3.66,-100.0,1.405,1.413,1358908464.0,1914702026,1914702026,2026-08-18,2026-08-18 11:32:45+08:00
512150,富时A50ETF汇安,1.942,1.9409,-0.06,-0.015,-0.77,521.0,101263.0,1.951,1.956,1.938,1.957,0.92,0.29,0.96,10.69,28.0,493.0,-66537.0,-65.71,0.0,0.0,-66537.0,-65.71,0.0,0.0,66536.0,65.71,1.0,1.939,1.956,18073400.0,35098543,35098543,2026-08-18,2026-08-18 11:32:47+08:00
563550,A500增强ETF摩根,1.292,1.2936,0.12,-0.01,-0.77,60080.0,7758526.0,1.301,1.308,1.288,1.302,1.54,7.02,2.3,81.28,37655.0,22425.0,-1448.0,-0.02,2304494.0,29.7,-2305942.0,-29.72,80691.0,1.04,-79243.0,-1.02,4750.0,1.292,1.299,85559000.0,110542228,110542228,2026-08-18,2026-08-18 11:32:53+08:00
563000,中国A50ETF易方达,1.153,1.1529,-0.01,-0.009,-0.77,127440.0,14725268.0,1.163,1.163,1.15,1.162,1.12,0.81,1.8,-35.1,49209.0,78231.0,389049.0,2.64,5268326.0,35.78,-4879277.0,-33.14,-227014.0,-1.54,-162035.0,-1.1,100.0,1.151,1.153,1578451104.0,1819954123,1819954123,2026-08-18,2026-08-18 11:32:45+08:00
510320,沪深300ETF中金,1.28,1.2804,0.03,-0.01,-0.78,176644.0,22670493.0,1.29,1.29,1.275,1.29,1.16,2.83,2.36,76.69,72492.0,104152.0,1647953.0,7.27,5658453.0,24.96,-4010500.0,-17.69,-1083900.0,-4.78,-564053.0,-2.49,100.0,1.279,1.281,625068496.0,800087675,800087675,2026-08-18,2026-08-18 11:32:44+08:00
517170,沪港深500ETF华夏,1.015,1.0183,0.32,-0.008,-0.78,4733.0,483135.0,1.033,1.033,1.013,1.023,1.96,2.93,2.42,0.33,4707.0,26.0,-23478.0,-4.86,0.0,0.0,-23478.0,-4.86,0.0,0.0,23478.0,4.86,150.0,1.012,1.015,16131800.0,16373777,16373777,2026-08-18,2026-08-18 11:32:58+08:00
513920,港股通央企红利ETF华安,1.528,1.5319,0.25,-0.012,-0.78,242300.0,37137260.0,1.541,1.541,1.528,1.54,0.84,0.93,1.04,-68.92,89169.0,153131.0,-456064.0,-1.23,1875089.0,5.05,-2331153.0,-6.28,-90318.0,-0.24,546382.0,1.47,-100.0,1.528,1.529,2610731008.0,3989196980,3989196980,2026-08-18,2026-08-18 11:32:59+08:00
510800,上证50ETF建信,1.399,1.4015,0.18,-0.011,-0.78,11218.0,1575991.0,1.41,1.417,1.398,1.41,1.35,0.64,1.65,73.79,9215.0,2003.0,-983612.0,-62.41,0.0,0.0,-983612.0,-62.41,512912.0,32.55,470701.0,29.87,8.0,1.398,1.402,174576000.0,244231824,244231824,2026-08-18,2026-08-18 11:33:07+08:00
515900,央企创新ETF博时,1.657,1.6618,0.29,-0.013,-0.78,8165.0,1360937.0,1.67,1.675,1.657,1.67,1.08,0.04,0.5,-77.92,2026.0,6139.0,397520.0,29.21,30562.0,2.25,366958.0,26.96,-340335.0,-25.01,-57186.0,-4.2,-181.0,1.658,1.664,2237446496.0,3707448844,3707448844,2026-08-18,2026-08-18 11:32:45+08:00
560830,电力ETF华夏,0.896,0.8956,-0.04,-0.007,-0.78,113320.0,10186997.0,0.905,0.905,0.895,0.903,1.11,1.57,0.87,-2.08,35524.0,77796.0,-1644095.0,-16.14,-2976113.0,-29.21,1332018.0,13.08,624735.0,6.13,1019360.0,10.01,525.0,0.895,0.896,721019008.0,646033031,646033031,2026-08-18,2026-08-18 11:32:34+08:00
515660,沪深300ETF国联安,5.949,5.9565,0.13,-0.047,-0.78,1200.0,715700.0,6.003,6.003,5.936,5.996,1.12,0.03,1.26,-68.35,741.0,459.0,66341.0,9.27,0.0,0.0,66341.0,9.27,-101598.0,-14.2,35257.0,4.93,32.0,5.934,6.0,432694208.0,2574097843,2574097843,2026-08-18,2026-08-18 11:32:57+08:00
510600,上证50ETF申万菱信,3.885,3.8825,-0.06,-0.031,-0.79,13436.0,5240916.0,3.916,3.916,3.883,3.916,0.84,10.09,16.84,-96.26,10819.0,2617.0,-421889.0,-8.05,0.0,0.0,-421889.0,-8.05,426489.0,8.14,-4600.0,-0.09,50.0,3.877,3.89,13315100.0,51729164,51729164,2026-08-18,2026-08-18 11:32:43+08:00
561170,绿色电力ETF富国,1.134,1.1347,0.06,-0.009,-0.79,245168.0,27903658.0,1.143,1.143,1.134,1.143,0.79,4.3,1.35,-35.6,107511.0,137657.0,6181771.0,22.15,6042833.0,21.66,138938.0,0.5,-6356357.0,-22.78,174584.0,0.63,-45.0,1.134,1.135,569532704.0,645850086,645850086,2026-08-18,2026-08-18 11:32:35+08:00
516840,汽车ETF南方,0.756,0.7548,-0.16,-0.006,-0.79,23914.0,1813743.0,0.76,0.762,0.754,0.762,1.05,1.77,0.76,9.61,15855.0,8059.0,140862.0,7.77,-476824.0,-26.29,617686.0,34.06,54268.0,2.99,-195129.0,-10.76,5.0,0.754,0.756,135277000.0,102269412,102269412,2026-08-18,2026-08-18 11:32:45+08:00
159159,公用事业ETF国投瑞银,1.006,1.0069,0.09,-0.008,-0.79,14244.0,1436221.4,1.018,1.03,1.006,1.014,2.37,1.16,1.52,27.11,5260.0,8984.0,-62247.0,-4.33,-419415.0,-29.2,357168.0,24.87,1995.0,0.14,60252.0,4.2,-120.0,1.005,1.007,122818582.0,123555493,123555493,2026-08-18,2026-08-18 11:32:42+08:00
560530,中证A500ETF摩根,1.253,1.2531,0.01,-0.01,-0.79,420105.0,52801807.0,1.26,1.265,1.248,1.263,1.35,1.13,1.7,13.18,151503.0,268602.0,1072886.0,2.03,4961976.0,9.4,-3889090.0,-7.37,-853283.0,-1.62,-219604.0,-0.42,4.0,1.252,1.253,3724623696.0,4666953491,4666953491,2026-08-18,2026-08-18 11:32:37+08:00
530300,上证180ETF华泰柏瑞,1.254,1.255,0.08,-0.01,-0.79,26274.0,3303154.0,1.262,1.263,1.252,1.264,0.87,7.81,2.76,-31.01,14714.0,11560.0,-234799.0,-7.11,0.0,0.0,-234799.0,-7.11,183257.0,5.55,51542.0,1.56,-263.0,1.253,1.256,33643000.0,42188322,42188322,2026-08-18,2026-08-18 11:32:43+08:00
513210,恒生ETF易方达,1.499,1.5026,0.24,-0.012,-0.79,45755.0,6856792.0,1.5,1.51,1.496,1.511,0.93,10.41,2.04,19.91,26761.0,18994.0,-534716.0,-7.8,0.0,0.0,-534716.0,-7.8,357224.0,5.21,177491.0,2.59,3.0,1.497,1.501,43942000.0,65869058,65869058,2026-08-18,2026-08-18 11:33:03+08:00
562960,绿色电力ETF易方达,1.131,1.1308,-0.02,-0.009,-0.79,167661.0,19000176.0,1.14,1.14,1.129,1.14,0.96,1.3,0.98,-40.18,63017.0,104644.0,788995.0,4.15,97515.0,0.51,691480.0,3.64,242765.0,1.28,-1031761.0,-5.43,50.0,1.13,1.131,1287891008.0,1456604730,1456604730,2026-08-18,2026-08-18 11:32:26+08:00
563750,中证500ETF汇添富,1.135,1.1343,-0.06,-0.009,-0.79,125833.0,14322683.0,1.143,1.146,1.129,1.144,1.49,3.73,2.29,77.73,49164.0,76669.0,2150935.0,15.02,4110267.0,28.7,-1959332.0,-13.68,-1579196.0,-11.03,-571738.0,-3.99,-135.0,1.133,1.14,337237008.0,382764004,382764004,2026-08-18,2026-08-18 11:32:36+08:00
562550,绿电ETF华夏,1.128,1.1278,-0.02,-0.009,-0.79,499518.0,56496750.0,1.136,1.137,1.126,1.137,0.97,3.11,1.19,-21.3,225586.0,273932.0,-1645302.0,-2.91,796396.0,1.41,-2441698.0,-4.32,1192267.0,2.11,453033.0,0.8,24.0,1.126,1.128,1604419296.0,1809784966,1809784966,2026-08-18,2026-08-18 11:32:40+08:00
588060,科创50ETF广发,1.128,1.1283,0.03,-0.009,-0.79,2105765.0,237767349.0,1.135,1.143,1.114,1.137,2.55,3.12,1.2,-66.78,807782.0,1297983.0,-22835198.0,-9.6,-4561862.0,-1.92,-18273336.0,-7.69,5941946.0,2.5,16893251.0,7.1,88.0,1.127,1.128,6745139968.0,7608517884,7608517884,2026-08-18,2026-08-18 11:32:54+08:00
560930,电力ETF易方达,0.879,0.8778,-0.14,-0.007,-0.79,58472.0,5148641.0,0.885,0.885,0.878,0.886,0.79,2.61,1.22,-4.54,17025.0,41447.0,952399.0,18.5,1202066.0,23.35,-249667.0,-4.85,-153124.0,-2.97,-799275.0,-15.52,50.0,0.878,0.879,224024000.0,196917096,196917096,2026-08-18,2026-08-18 11:32:49+08:00
512520,MSCI中国ETF华泰柏瑞,1.498,1.5005,0.17,-0.012,-0.79,244.0,36744.0,1.512,1.512,1.496,1.51,1.06,0.05,0.31,53.39,244.0,,-302.0,-0.82,0.0,0.0,-302.0,-0.82,-36441.0,-99.18,36743.0,100.0,1.0,1.495,1.5,45056400.0,67494487,67494487,2026-08-18,2026-08-18 11:32:42+08:00
510950,上证50ETF广发,0.995,0.9962,0.12,-0.008,-0.8,70363.0,7025509.0,1.001,1.003,0.993,1.003,1.0,5.42,0.79,52.0,46898.0,23465.0,-3142783.0,-44.73,0.0,0.0,-3142783.0,-44.73,2743139.0,39.05,399643.0,5.69,10.0,0.995,0.998,129820800.0,129171696,129171696,2026-08-18,2026-08-18 11:32:55+08:00
588370,科创50增强ETF南方,1.87,1.871,0.05,-0.015,-0.8,17369.0,3251093.0,1.886,1.89,1.847,1.885,2.28,2.64,0.92,-7.98,4774.0,12595.0,-582027.0,-17.9,0.0,0.0,-582027.0,-17.9,50278.0,1.55,531749.0,16.36,-4.0,1.87,1.873,65772000.0,122993640,122993640,2026-08-18,2026-08-18 11:32:26+08:00
159858,创新药ETF南方,0.741,0.7413,0.04,-0.006,-0.8,348492.0,25726192.1,0.742,0.747,0.731,0.747,2.14,3.4,1.03,-72.95,132280.0,216212.0,-359144.0,-1.4,966524.0,3.76,-1325668.0,-5.15,-337948.0,-1.31,697092.0,2.71,-134.0,0.741,0.742,1025098320.0,759597855,759597855,2026-08-18,2026-08-18 11:33:09+08:00
526070,恒指港股通ETF博时,0.989,0.9901,0.11,-0.008,-0.8,48086.0,4755654.0,0.992,0.992,0.987,0.997,0.5,8.68,1.62,-9.12,22661.0,25425.0,149509.0,3.14,652133.0,13.71,-502624.0,-10.57,-146636.0,-3.08,-2873.0,-0.06,500.0,0.986,0.993,55377000.0,54767853,54767853,2026-08-18,2026-08-18 11:32:37+08:00
517330,长江保护ETF易方达,0.994,0.9948,0.08,-0.008,-0.8,63.0,6271.0,0.992,1.004,0.987,1.002,1.7,0.0,0.03,6.67,6.0,57.0,4483.0,71.49,0.0,0.0,4483.0,71.49,197.0,3.14,-4680.0,-74.63,2.0,0.99,1.012,1806169008.0,1795331994,1795331994,2026-08-18,2026-08-18 11:32:42+08:00
159576,深证100ETF广发,1.608,1.6113,0.2,-0.013,-0.8,9136.0,1476833.0,1.623,1.629,1.603,1.621,1.6,2.44,0.48,44.34,3910.0,5226.0,551841.0,37.37,0.0,0.0,551841.0,37.37,-306681.0,-20.77,-245160.0,-16.6,12.0,1.607,1.63,37509612.0,60315456,60315456,2026-08-18,2026-08-18 11:32:39+08:00
513990,港股通ETF招商,1.112,1.1184,0.57,-0.009,-0.8,51635.0,5748746.0,1.12,1.125,1.109,1.121,1.43,11.23,1.11,80.69,21106.0,30529.0,-9960.0,-0.17,3351.0,0.06,-13311.0,-0.23,-13585.0,-0.24,23543.0,0.41,1.0,1.111,1.114,46000000.0,51152000,51152000,2026-08-18,2026-08-18 11:32:48+08:00
562910,高端制造ETF易方达,0.871,0.8694,-0.18,-0.007,-0.8,50404.0,4411181.0,0.878,0.881,0.87,0.878,1.25,1.67,0.91,19.46,21561.0,28843.0,107227.0,2.43,1880405.0,42.63,-1773178.0,-40.2,-5608.0,-0.13,-101620.0,-2.3,-44.0,0.871,0.872,301227296.0,262368975,262368975,2026-08-18,2026-08-18 11:32:28+08:00
517160,长江保护ETF南方,0.983,0.9832,0.02,-0.008,-0.81,98.0,9633.0,0.983,0.991,0.98,0.991,1.11,0.0,0.22,15.96,91.0,7.0,-2849.0,-29.58,0.0,0.0,-2849.0,-29.58,2162.0,22.44,687.0,7.13,20.0,0.98,0.987,1828777504.0,1797688286,1797688286,2026-08-18,2026-08-18 11:33:00+08:00
159960,恒生中国企业ETF平安,0.856,0.8543,-0.2,-0.007,-0.81,23557.0,2020549.7,0.863,0.863,0.855,0.863,0.93,4.48,0.74,34.44,8119.0,15438.0,51996.0,2.57,0.0,0.0,51996.0,2.57,-118510.0,-5.87,66514.0,3.29,-252.0,0.855,0.857,52573960.0,45003310,45003310,2026-08-18,2026-08-18 11:32:54+08:00
589100,科创芯片ETF国泰,0.978,0.9796,0.16,-0.008,-0.81,502045.0,49326882.0,0.988,0.995,0.964,0.986,3.14,5.77,1.78,-6.14,230654.0,271391.0,-850944.0,-1.73,1606889.0,3.26,-2457833.0,-4.98,-870197.0,-1.76,1721141.0,3.49,-1.0,0.978,0.98,869442496.0,850314761,850314761,2026-08-18,2026-08-18 11:32:32+08:00
159362,A500ETF工银,1.341,1.3416,0.04,-0.011,-0.81,120496.0,16196951.017,1.352,1.354,1.336,1.352,1.33,0.75,1.39,-9.66,63566.0,56930.0,3494301.0,21.57,5555289.0,34.3,-2060988.0,-12.72,-2709838.0,-16.73,-784463.0,-4.84,-11.0,1.341,1.342,1601180192.0,2147182637,2147182637,2026-08-18,2026-08-18 11:32:48+08:00
510580,中证500ETF易方达,4.273,4.2715,-0.04,-0.035,-0.81,241041.0,103383319.0,4.306,4.322,4.248,4.308,1.72,2.16,1.55,-52.17,123223.0,117818.0,-1503729.0,-1.45,-28385.0,-0.03,-1475344.0,-1.43,-6875740.0,-6.65,8379468.0,8.11,46.0,4.269,4.28,1117368304.0,4774514763,4774514763,2026-08-18,2026-08-18 11:32:49+08:00
516360,新材料ETF华宝,1.102,1.1012,-0.07,-0.009,-0.81,12736.0,1413678.0,1.111,1.122,1.094,1.111,2.52,2.14,0.81,16.25,2168.0,10568.0,561557.0,39.72,27788.0,1.97,533769.0,37.76,-499418.0,-35.33,-62138.0,-4.4,20.0,1.1,1.104,59551800.0,65626084,65626084,2026-08-18,2026-08-18 11:32:46+08:00
516270,新能源ETF华安,0.613,0.615,0.33,-0.005,-0.81,90313.0,5563352.0,0.618,0.621,0.613,0.618,1.29,3.24,1.31,-44.65,40136.0,50177.0,530189.0,9.53,1207464.0,21.7,-677275.0,-12.17,-491276.0,-8.83,-38914.0,-0.7,-9.0,0.613,0.614,278909008.0,170971222,170971222,2026-08-18,2026-08-18 11:32:42+08:00
159922,中证500ETF嘉实,3.3,3.2988,-0.04,-0.027,-0.81,692070.0,229086227.142,3.326,3.335,3.277,3.327,1.74,2.53,1.56,-23.0,337741.0,354330.0,7062471.0,3.08,15238964.0,6.65,-8176493.0,-3.57,-1350690.0,-0.59,-5711780.0,-2.49,51.0,3.294,3.3,2736676768.0,9031033334,9031033334,2026-08-18,2026-08-18 11:32:39+08:00
159933,金融地产ETF国投瑞银,2.829,2.8229,-0.22,-0.023,-0.81,87.0,24616.1,2.832,2.839,2.829,2.852,0.35,0.02,0.76,53.04,6.0,81.0,20932.0,85.03,0.0,0.0,20932.0,85.03,283.0,1.15,-21215.0,-86.18,-80.0,2.823,2.857,36378943.0,102916030,102916030,2026-08-18,2026-08-18 11:32:45+08:00
588810,科创芯片ETF富国,2.708,2.7107,0.1,-0.022,-0.81,301989.0,82015285.0,2.735,2.753,2.668,2.73,3.11,5.19,1.53,4.2,121608.0,180381.0,-4282546.0,-5.22,-3748145.0,-4.57,-534401.0,-0.65,-2761233.0,-3.37,7043780.0,8.59,-1.0,2.708,2.71,582324000.0,1576933392,1576933392,2026-08-18,2026-08-18 11:32:37+08:00
516080,创新药ETF易方达,0.734,0.7347,0.1,-0.006,-0.81,2400711.0,175564687.0,0.737,0.739,0.723,0.74,2.16,4.47,1.09,-73.45,955343.0,1445368.0,-15088395.0,-8.59,-4596433.0,-2.62,-10491962.0,-5.98,7774863.0,4.43,7313533.0,4.17,-2.0,0.734,0.735,5372554752.0,3943455188,3943455188,2026-08-18,2026-08-18 11:32:48+08:00
560510,中证A500ETF泰康,1.22,1.2206,0.05,-0.01,-0.81,240145.0,29395663.0,1.227,1.233,1.216,1.23,1.38,0.96,1.31,2.7,113219.0,126926.0,2392710.0,8.14,7249607.0,24.66,-4856897.0,-16.52,-865979.0,-2.95,-1526732.0,-5.19,-13.0,1.219,1.221,2498026896.0,3047592813,3047592813,2026-08-18,2026-08-18 11:32:48+08:00
159360,A500ETF天弘,1.35,1.3501,0.01,-0.011,-0.81,264139.0,35724891.816,1.361,1.363,1.345,1.361,1.32,2.21,1.61,70.1,118920.0,145219.0,-746635.0,-2.09,3076736.0,8.61,-3823371.0,-10.7,572647.0,1.6,173988.0,0.49,-1.0,1.345,1.351,1196184528.0,1614849113,1614849113,2026-08-18,2026-08-18 11:33:03+08:00
159678,500增强ETF博时,1.591,1.5979,0.43,-0.013,-0.81,55880.0,8931175.7,1.599,1.612,1.586,1.604,1.62,6.0,4.6,73.13,26124.0,29756.0,2213556.0,24.78,0.0,0.0,2213556.0,24.78,-1528761.0,-17.12,-684795.0,-7.67,-58.0,1.592,1.601,93143694.0,148191617,148191617,2026-08-18,2026-08-18 11:32:36+08:00
159669,绿色电力ETF国泰,1.103,1.1042,0.11,-0.009,-0.81,20458.0,2266006.7,1.112,1.113,1.103,1.112,0.9,1.0,0.96,58.33,5836.0,14622.0,-79354.0,-3.5,0.0,0.0,-79354.0,-3.5,-84133.0,-3.71,163487.0,7.21,-278.0,1.103,1.104,203754781.0,224741523,224741523,2026-08-18,2026-08-18 11:32:36+08:00
159629,中证1000ETF富国,3.302,3.2969,-0.15,-0.027,-0.81,944777.0,312294914.58,3.327,3.338,3.276,3.329,1.86,11.0,1.55,3.62,471640.0,473137.0,-4673400.0,-1.5,1794577.0,0.57,-6467977.0,-2.07,2524865.0,0.81,2148535.0,0.69,100.0,3.294,3.308,859252656.0,2837252270,2837252270,2026-08-18,2026-08-18 11:32:42+08:00
510810,上海国企ETF汇添富,0.842,0.8412,-0.1,-0.007,-0.82,37656.0,3183922.0,0.844,0.849,0.841,0.849,0.94,0.06,0.96,1.54,21029.0,16627.0,710019.0,22.3,6606.0,0.21,703413.0,22.09,-649202.0,-20.39,-60817.0,-1.91,1.0,0.841,0.842,5965393664.0,5022861465,5022861465,2026-08-18,2026-08-18 11:33:07+08:00
512500,中证500ETF华夏,4.593,4.5976,0.1,-0.038,-0.82,882411.0,406794740.0,4.626,4.648,4.568,4.631,1.73,4.76,1.92,-86.51,323427.0,558984.0,11240075.0,2.76,62441237.0,15.35,-51201162.0,-12.59,-8931116.0,-2.2,-2308959.0,-0.57,-34.0,4.593,4.599,1853608800.0,8513625218,8513625218,2026-08-18,2026-08-18 11:32:53+08:00
563860,中证A500ETF海富通,1.337,1.3374,0.03,-0.011,-0.82,131217.0,17609310.0,1.349,1.35,1.332,1.348,1.34,7.18,1.48,84.17,47072.0,84145.0,1181116.0,6.71,6733981.0,38.24,-5552865.0,-31.53,-382001.0,-2.17,-799115.0,-4.54,-85.0,1.337,1.35,182844300.0,244462829,244462829,2026-08-18,2026-08-18 11:32:51+08:00
159703,新材料ETF天弘,0.963,0.9628,-0.02,-0.008,-0.82,13314.0,1294070.0,0.979,0.982,0.957,0.971,2.57,2.23,0.39,-27.56,5582.0,7732.0,223735.0,17.29,133293.0,10.3,90442.0,6.99,-274606.0,-21.22,50871.0,3.93,20.0,0.962,0.964,59581591.0,57377072,57377072,2026-08-18,2026-08-18 11:32:39+08:00
515130,沪深300ETF博时,1.573,1.5742,0.08,-0.013,-0.82,27922.0,4414628.0,1.586,1.59,1.57,1.586,1.26,3.16,1.11,-96.9,13340.0,14582.0,562996.0,12.75,1486873.0,33.68,-923877.0,-20.93,-532081.0,-12.05,-30914.0,-0.7,20.0,1.573,1.578,88463200.0,139152614,139152614,2026-08-18,2026-08-18 11:32:44+08:00
159788,港股通100ETF易方达,1.213,1.2163,0.27,-0.01,-0.82,43838.0,5330842.0,1.217,1.224,1.213,1.223,0.9,6.22,1.17,85.36,20183.0,23655.0,74582.0,1.4,0.0,0.0,74582.0,1.4,-69323.0,-1.3,-5260.0,-0.1,-3.0,1.213,1.216,70424965.0,85425483,85425483,2026-08-18,2026-08-18 11:32:30+08:00
512290,生物医药ETF国泰,1.084,1.0856,0.15,-0.009,-0.82,746475.0,80715268.0,1.09,1.091,1.071,1.093,1.83,2.3,1.21,-13.39,423646.0,322829.0,6187669.0,7.67,3174841.0,3.93,3012828.0,3.73,-4455378.0,-5.52,-1732291.0,-2.15,-100.0,1.085,1.086,3245820704.0,3518469643,3518469643,2026-08-18,2026-08-18 11:32:55+08:00
159970,深100ETF工银,1.078,1.0792,0.11,-0.009,-0.83,2470.0,268019.9,1.087,1.089,1.074,1.087,1.38,2.36,0.99,90.0,95.0,2375.0,136477.0,50.92,0.0,0.0,136477.0,50.92,-105961.0,-39.53,-30516.0,-11.39,60.0,1.065,1.109,10468704.0,11285263,11285263,2026-08-18,2026-08-18 11:33:00+08:00
159968,中证500ETF博时,10.603,10.6188,0.15,-0.089,-0.83,8216.0,8751127.8,10.688,10.734,10.546,10.692,1.76,1.27,2.1,34.55,5783.0,2433.0,1803628.0,20.61,0.0,0.0,1803628.0,20.61,-2318861.0,-26.5,515232.0,5.89,-3.0,10.594,10.603,64895098.0,688082724,688082724,2026-08-18,2026-08-18 11:32:27+08:00
589820,科创200ETF建信,1.313,1.3125,-0.04,-0.011,-0.83,92956.0,12214095.0,1.319,1.332,1.3,1.324,2.42,7.51,1.62,-55.01,37801.0,55155.0,-207996.0,-1.7,-726614.0,-5.95,518618.0,4.25,-546080.0,-4.47,754076.0,6.17,-1.0,1.313,1.314,123720200.0,162444623,162444623,2026-08-18,2026-08-18 11:32:47+08:00
516850,新能源ETF华夏,0.958,0.959,0.1,-0.008,-0.83,90102.0,8661989.0,0.966,0.972,0.956,0.966,1.66,6.57,1.33,15.03,39275.0,50827.0,1105856.0,12.77,1003135.0,11.58,102721.0,1.19,-764212.0,-8.82,-341643.0,-3.94,3099.0,0.958,0.959,137237000.0,131473046,131473046,2026-08-18,2026-08-18 11:32:56+08:00
159069,创业板新能源ETF华泰柏瑞,1.074,1.0749,0.08,-0.009,-0.83,87522.0,9434186.307,1.089,1.089,1.071,1.083,1.66,16.59,1.1,0.44,36363.0,51159.0,325927.0,3.45,2325784.0,24.65,-1999857.0,-21.2,-355451.0,-3.77,29523.0,0.31,200.0,1.073,1.074,52770440.0,56675453,56675453,2026-08-18,2026-08-18 11:32:48+08:00
561370,中证2000ETF国泰,1.44,1.4445,0.31,-0.012,-0.83,4367.0,632778.0,1.452,1.459,1.437,1.452,1.52,1.35,0.42,8.05,2365.0,2002.0,-232046.0,-36.67,0.0,0.0,-232046.0,-36.67,48667.0,7.69,183379.0,28.98,31.0,1.441,1.445,32356000.0,46592640,46592640,2026-08-18,2026-08-18 11:32:51+08:00
563600,A500增强ETF易方达,1.071,1.0718,0.07,-0.009,-0.83,11860.0,1274070.0,1.071,1.082,1.069,1.08,1.2,1.71,0.58,-25.42,3854.0,8006.0,416105.0,32.66,0.0,0.0,416105.0,32.66,-426221.0,-33.45,10116.0,0.79,411.0,1.07,1.076,69483000.0,74416293,74416293,2026-08-18,2026-08-18 11:32:54+08:00
563650,中证A500ETF兴业,1.321,1.3201,-0.07,-0.011,-0.83,41126.0,5434913.0,1.329,1.334,1.317,1.332,1.28,3.05,1.29,90.64,18639.0,22487.0,247181.0,4.55,1261383.0,23.21,-1014202.0,-18.66,97219.0,1.79,-344401.0,-6.34,2000.0,1.32,1.327,134909000.0,178214789,178214789,2026-08-18,2026-08-18 11:32:34+08:00
510510,中证500ETF广发,2.635,2.6362,0.05,-0.022,-0.83,139532.0,36859813.0,2.657,2.666,2.619,2.657,1.77,1.67,1.24,-49.33,85949.0,53583.0,-5772095.0,-15.66,-3986407.0,-10.82,-1785688.0,-4.84,3547681.0,9.62,2224415.0,6.03,-10.0,2.635,2.636,837038304.0,2205595931,2205595931,2026-08-18,2026-08-18 11:32:47+08:00
159535,中证2000ETF嘉实,1.526,1.5284,0.16,-0.013,-0.84,29254.0,4468975.3,1.539,1.556,1.517,1.539,2.53,11.26,1.56,59.36,10091.0,19163.0,1043402.0,23.35,915665.0,20.49,127737.0,2.86,-945970.0,-21.17,-97432.0,-2.18,3.0,1.517,1.538,25981088.0,39647140,39647140,2026-08-18,2026-08-18 11:32:33+08:00
159919,沪深300ETF嘉实,4.972,4.9747,0.05,-0.042,-0.84,796987.0,397412985.802,4.999,5.015,4.957,5.014,1.16,1.29,1.22,-82.65,309296.0,487691.0,-500735.0,-0.13,5499652.0,1.38,-6000387.0,-1.51,-14517774.0,-3.65,15018507.0,3.78,-188.0,4.971,4.972,6172416768.0,30689256170,30689256170,2026-08-18,2026-08-18 11:32:30+08:00
159782,双创50ETF银华,1.18,1.1784,-0.14,-0.01,-0.84,195600.0,23118784.4,1.19,1.195,1.166,1.19,2.44,3.64,1.36,-30.3,82049.0,113551.0,1809403.0,7.83,8802309.0,38.07,-6992906.0,-30.25,-3640484.0,-15.75,1831082.0,7.92,9.0,1.178,1.18,537190272.0,633884521,633884521,2026-08-18,2026-08-18 11:33:06+08:00
159203,大盘成长ETF博时,1.415,1.4154,0.03,-0.012,-0.84,1141.0,162573.1,1.425,1.433,1.415,1.427,1.26,1.17,1.04,-45.71,272.0,869.0,55315.0,34.02,0.0,0.0,55315.0,34.02,8723.0,5.37,-64038.0,-39.39,10.0,1.413,1.434,9791913.0,13855557,13855557,2026-08-18,2026-08-18 11:32:57+08:00
515350,沪深300ETF民生加银,6.371,6.3905,0.31,-0.054,-0.84,9586.0,6128013.0,6.425,6.44,6.367,6.425,1.14,8.19,5.42,-2.38,4014.0,5572.0,393754.0,6.43,2556740.0,41.72,-2162986.0,-35.3,-462872.0,-7.55,69119.0,1.13,160.0,6.365,6.384,11699200.0,74535603,74535603,2026-08-18,2026-08-18 11:32:44+08:00
159143,港股通央企红利ETF平安,0.941,0.9433,0.24,-0.008,-0.84,15488.0,1459599.9,0.943,0.95,0.938,0.949,1.26,2.74,3.32,-59.7,4385.0,11103.0,-144906.0,-9.93,-842148.0,-57.7,697242.0,47.77,196891.0,13.49,-51985.0,-3.56,-268.0,0.94,0.942,56554456.0,53217743,53217743,2026-08-18,2026-08-18 11:33:03+08:00
588140,科创200ETF广发,1.277,1.2778,0.06,-0.011,-0.85,85126.0,10872231.0,1.288,1.293,1.261,1.288,2.48,3.57,3.36,-15.78,48780.0,36346.0,-176951.0,-1.63,1722656.0,15.84,-1899607.0,-17.47,35549.0,0.33,141402.0,1.3,30.0,1.271,1.277,238751000.0,304885027,304885027,2026-08-18,2026-08-18 11:32:34+08:00
510530,中证500ETF工银,9.108,9.1347,0.29,-0.078,-0.85,20021.0,18366563.0,9.185,9.227,9.07,9.186,1.71,4.13,6.35,-6.2,5414.0,14607.0,119044.0,0.65,7304538.0,39.77,-7185494.0,-39.12,93195.0,0.51,-212239.0,-1.16,36.0,9.066,9.125,48479400.0,441550375,441550375,2026-08-18,2026-08-18 11:32:51+08:00
520560,香港大盘30ETF华宝,0.818,0.8196,0.2,-0.007,-0.85,29944.0,2448492.0,0.825,0.825,0.815,0.825,1.21,0.48,1.18,37.86,14349.0,15595.0,-30270.0,-1.24,-346719.0,-14.16,316449.0,12.92,-46504.0,-1.9,76774.0,3.14,-1256.0,0.816,0.82,618419008.0,505866749,505866749,2026-08-18,2026-08-18 11:32:40+08:00
159361,A500ETF易方达,1.277,1.2767,-0.02,-0.011,-0.85,7137015.0,913580938.93,1.286,1.29,1.271,1.288,1.48,3.14,1.26,27.22,3237596.0,3899420.0,6804412.0,0.74,48309280.0,5.29,-41504868.0,-4.54,-10276350.0,-1.12,3471930.0,0.38,2000.0,1.276,1.277,22733090304.0,29030156318,29030156318,2026-08-18,2026-08-18 11:33:12+08:00
513360,教育ETF博时,0.465,0.4733,1.75,-0.004,-0.85,660600.0,30908663.0,0.468,0.471,0.464,0.469,1.49,10.22,0.73,-24.93,287616.0,372984.0,-1707620.0,-5.52,-3899517.0,-12.62,2191897.0,7.09,1151256.0,3.72,556364.0,1.8,-32.0,0.465,0.466,646213904.0,300489465,300489465,2026-08-18,2026-08-18 11:32:50+08:00
560450,电力ETF天弘,0.932,0.9325,0.05,-0.008,-0.85,90538.0,8457376.0,0.936,0.94,0.932,0.94,0.85,3.51,1.16,-30.41,35941.0,54597.0,-477939.0,-5.65,-1552240.0,-18.35,1074301.0,12.7,388966.0,4.6,88973.0,1.05,-1519.0,0.931,0.933,258069000.0,240520308,240520308,2026-08-18,2026-08-18 11:32:59+08:00
159716,深证100ETF华宝,1.164,1.1646,0.05,-0.01,-0.85,23883.0,2791955.4,1.174,1.176,1.158,1.174,1.53,4.29,1.45,-79.77,15200.0,8683.0,-56033.0,-2.01,0.0,0.0,-56033.0,-2.01,69041.0,2.47,-13008.0,-0.47,-1000.0,1.151,1.165,55666732.0,64796076,64796076,2026-08-18,2026-08-18 11:32:33+08:00
510370,沪深300ETF兴业,1.056,1.0562,0.02,-0.009,-0.85,20067.0,2124672.0,1.063,1.063,1.051,1.065,1.13,2.3,1.77,-33.96,7461.0,12606.0,136244.0,6.41,367224.0,17.28,-230980.0,-10.87,-54090.0,-2.55,-82153.0,-3.87,20.0,1.054,1.058,87258100.0,92144554,92144554,2026-08-18,2026-08-18 11:32:56+08:00
159909,TMT50ETF招商,1.398,1.3937,-0.31,-0.012,-0.85,22822.0,3192765.0,1.41,1.418,1.38,1.41,2.7,0.43,1.13,-39.31,10049.0,12773.0,-102587.0,-3.21,0.0,0.0,-102587.0,-3.21,71585.0,2.24,31001.0,0.97,8.0,1.382,1.398,526562000.0,736133676,736133676,2026-08-18,2026-08-18 11:32:33+08:00
561890,A股ETF易方达,1.035,1.0366,0.15,-0.009,-0.86,144068.0,14900034.0,1.039,1.046,1.031,1.044,1.44,23.57,3.09,-98.2,121585.0,22483.0,748220.0,5.02,-873779.0,-5.86,1621999.0,10.89,-728044.0,-4.89,-20175.0,-0.14,1.0,1.033,1.035,61112600.0,63251541,63251541,2026-08-18,2026-08-18 11:32:42+08:00
513190,港股通金融ETF华夏,1.737,1.7384,0.08,-0.015,-0.86,1036168.0,180520790.0,1.749,1.749,1.735,1.752,0.8,10.38,1.25,-2.78,506372.0,529796.0,-1691077.0,-0.94,-246081.0,-0.14,-1444996.0,-0.8,1765396.0,0.98,-74318.0,-0.04,3.0,1.736,1.737,997936000.0,1733414832,1733414832,2026-08-18,2026-08-18 11:32:52+08:00
159339,A500ETF银华,1.262,1.2622,0.02,-0.011,-0.86,457313.0,57909968.715,1.272,1.274,1.257,1.273,1.34,2.39,1.57,-0.5,180801.0,276512.0,1121766.0,1.94,10942681.0,18.9,-9820915.0,-16.96,-559606.0,-0.97,-562160.0,-0.97,-4.0,1.262,1.263,1910086848.0,2410529602,2410529602,2026-08-18,2026-08-18 11:32:42+08:00
159680,中证1000增强ETF招商,1.726,1.7275,0.09,-0.015,-0.86,389739.0,67358434.8,1.743,1.747,1.715,1.741,1.84,3.63,1.3,5.17,151609.0,238130.0,-3818544.0,-5.67,-1135303.0,-1.69,-2683241.0,-3.98,4567672.0,6.78,-749130.0,-1.11,-1.0,1.726,1.728,1074438080.0,1854480126,1854480126,2026-08-18,2026-08-18 11:32:39+08:00
159601,A50ETF华夏,1.147,1.148,0.09,-0.01,-0.86,437119.0,50232468.4,1.158,1.158,1.145,1.157,1.12,3.1,1.41,7.76,245061.0,192058.0,856268.0,1.7,3577911.0,7.12,-2721643.0,-5.42,319633.0,0.64,-1175901.0,-2.34,-3.0,1.147,1.148,1408988080.0,1616109328,1616109328,2026-08-18,2026-08-18 11:32:57+08:00
159351,A500ETF嘉实,1.251,1.2501,-0.07,-0.011,-0.87,2486474.0,311718119.454,1.262,1.263,1.246,1.262,1.35,3.52,1.15,28.95,1159360.0,1327114.0,-2364286.0,-0.76,-8881854.0,-2.85,6517568.0,2.09,2035314.0,0.65,328972.0,0.11,-319.0,1.251,1.253,7058123264.0,8829712203,8829712203,2026-08-18,2026-08-18 11:32:45+08:00
517010,沪港深500ETF易方达,1.135,1.1384,0.3,-0.01,-0.87,10406.0,1188194.0,1.134,1.144,1.134,1.145,0.87,1.33,0.39,-9.83,1816.0,8590.0,16378.0,1.38,-407086.0,-34.26,423464.0,35.64,0.0,0.0,-16379.0,-1.38,30.0,1.134,1.135,78144200.0,88693667,88693667,2026-08-18,2026-08-18 11:32:56+08:00
159954,恒生中国企业ETF南方,0.916,0.9167,0.08,-0.008,-0.87,6847.0,628699.0,0.921,0.923,0.916,0.924,0.76,0.36,0.66,23.37,2434.0,4413.0,-76464.0,-12.16,0.0,0.0,-76464.0,-12.16,46765.0,7.44,29699.0,4.72,-296.0,0.915,0.918,190105083.0,174136256,174136256,2026-08-18,2026-08-18 11:32:51+08:00
159676,创业板增强ETF富国,1.715,1.7146,-0.02,-0.015,-0.87,60016.0,10331841.0,1.73,1.74,1.701,1.73,2.25,5.24,1.18,3.91,32658.0,27358.0,-598857.0,-5.8,-530850.0,-5.14,-68007.0,-0.66,-783600.0,-7.58,1382456.0,13.38,-17.0,1.715,1.716,114564183.0,196477574,196477574,2026-08-18,2026-08-18 11:33:15+08:00
560100,中证500增强ETF南方,1.374,1.3761,0.15,-0.012,-0.87,82838.0,11431128.0,1.386,1.39,1.369,1.386,1.52,13.24,1.72,28.67,43197.0,39641.0,168143.0,1.47,-1072580.0,-9.38,1240723.0,10.85,-97557.0,-0.85,-70587.0,-0.62,999.0,1.374,1.385,62580300.0,85985332,85985332,2026-08-18,2026-08-18 11:32:46+08:00
561930,沪深300ETF招商,1.6,1.6005,0.03,-0.014,-0.87,50932.0,8170585.0,1.608,1.614,1.595,1.614,1.18,3.06,0.85,-12.8,32149.0,18783.0,-1184355.0,-14.5,4282790.0,52.42,-5467145.0,-66.91,915770.0,11.21,268586.0,3.29,208.0,1.597,1.602,166260600.0,266016960,266016960,2026-08-18,2026-08-18 11:32:30+08:00
159995,芯片ETF华夏,1.252,1.2527,0.06,-0.011,-0.87,4434374.0,557900674.607,1.265,1.277,1.236,1.263,3.25,1.91,1.34,-24.9,1912950.0,2521424.0,-58224900.0,-10.44,-49129093.0,-8.81,-9095807.0,-1.63,20878828.0,3.74,37346071.0,6.69,-2521.0,1.252,1.253,23246126080.0,29104149852,29104149852,2026-08-18,2026-08-18 11:32:15+08:00
159920,恒生ETF华夏,1.488,1.4905,0.17,-0.013,-0.87,1026333.0,152904378.2,1.491,1.497,1.485,1.501,0.8,1.76,1.13,27.87,420349.0,605984.0,-1093887.0,-0.72,13116770.0,8.58,-14210657.0,-9.29,3031966.0,1.98,-1938079.0,-1.27,1.0,1.487,1.488,5827559168.0,8671408042,8671408042,2026-08-18,2026-08-18 11:32:45+08:00
159338,中证A500ETF国泰,1.251,1.2511,0.01,-0.011,-0.87,17467073.0,2191298164.241,1.259,1.264,1.247,1.262,1.35,8.12,1.29,22.03,7510853.0,9956220.0,-21722677.0,-0.99,21629232.0,0.99,-43351909.0,-1.98,13968158.0,0.64,7754523.0,0.35,-10001.0,1.251,1.252,21500086784.0,26896608567,26896608567,2026-08-18,2026-08-18 11:33:06+08:00
159797,医疗器械ETF汇添富,0.681,0.6821,0.16,-0.006,-0.87,39991.0,2723603.4,0.685,0.686,0.678,0.687,1.16,1.0,1.03,-26.58,11958.0,28033.0,463931.0,17.03,-79803.0,-2.93,543734.0,19.96,-355617.0,-13.06,-108315.0,-3.98,-160.0,0.681,0.683,398989248.0,271711678,271711678,2026-08-18,2026-08-18 11:33:12+08:00
159813,半导体ETF鹏华,0.801,0.801,0.0,-0.007,-0.87,3289960.0,264762662.3,0.809,0.816,0.79,0.808,3.22,3.86,1.48,-41.69,1445128.0,1844832.0,-33999209.0,-12.84,-20927274.0,-7.9,-13071935.0,-4.94,16604605.0,6.27,17394604.0,6.57,-469.0,0.801,0.802,8527724800.0,6830707565,6830707565,2026-08-18,2026-08-18 11:32:54+08:00
159295,创业综指ETF西部利得,1.135,1.1342,-0.07,-0.01,-0.87,57927.0,6538419.89,1.144,1.155,1.118,1.145,3.23,8.4,1.81,-66.39,24688.0,33239.0,-1007169.0,-15.4,-1039233.0,-15.89,32064.0,0.49,978207.0,14.96,28962.0,0.44,404.0,1.126,1.135,68958239.0,78267601,78267601,2026-08-18,2026-08-18 11:33:15+08:00
561560,电力ETF华泰柏瑞,1.258,1.2588,0.06,-0.011,-0.87,333253.0,42058895.0,1.267,1.267,1.257,1.269,0.79,1.63,1.14,44.43,103834.0,229419.0,1122959.0,2.67,616613.0,1.47,506346.0,1.2,-3587266.0,-8.53,2464307.0,5.86,100.0,1.257,1.258,2046624208.0,2574653254,2574653254,2026-08-18,2026-08-18 11:32:35+08:00
516370,电力ETF汇添富,0.914,0.9139,-0.01,-0.008,-0.87,78931.0,7230587.0,0.916,0.922,0.913,0.922,0.98,2.48,0.98,41.75,25231.0,53700.0,513691.0,7.1,1494137.0,20.66,-980446.0,-13.56,-316558.0,-4.38,-197133.0,-2.73,-31.0,0.913,0.914,318408000.0,291024912,291024912,2026-08-18,2026-08-18 11:32:46+08:00
512480,半导体ETF国联安,1.122,1.1209,-0.1,-0.01,-0.88,9408493.0,1061625988.0,1.133,1.146,1.108,1.132,3.36,4.98,1.41,8.35,4079489.0,5329003.0,-105368576.0,-9.93,-85348432.0,-8.04,-20020144.0,-1.89,50305591.0,4.74,55062969.0,5.19,84.0,1.121,1.122,18878007296.0,21181124186,21181124186,2026-08-18,2026-08-18 11:32:44+08:00
159187,创业板新能源ETF景顺,0.897,0.8981,0.12,-0.008,-0.88,5459.0,490976.4,0.901,0.905,0.895,0.905,1.1,1.05,0.22,-70.9,1414.0,4045.0,254854.0,51.91,142063.0,28.93,112791.0,22.97,-247667.0,-50.44,-7188.0,-1.46,109.0,0.893,0.904,52176266.0,46802111,46802111,2026-08-18,2026-08-18 11:33:12+08:00
512250,A50ETF招商,1.239,1.2384,-0.05,-0.011,-0.88,3395.0,422056.0,1.247,1.249,1.239,1.25,0.8,0.28,2.34,-36.84,1820.0,1575.0,-15643.0,-3.71,0.0,0.0,-15643.0,-3.71,0.0,0.0,15643.0,3.71,1620.0,1.238,1.244,121100100.0,150043024,150043024,2026-08-18,2026-08-18 11:32:43+08:00
560050,中国A50ETF汇添富,1.123,1.1241,0.1,-0.01,-0.88,790862.0,89203774.0,1.131,1.134,1.121,1.133,1.15,3.54,2.15,36.03,400748.0,390114.0,-3420531.0,-3.83,7931115.0,8.89,-11351646.0,-12.73,257813.0,0.29,3162719.0,3.55,-219.0,1.123,1.125,2232434400.0,2507023831,2507023831,2026-08-18,2026-08-18 11:32:46+08:00
517080,沪港深500ETF汇添富,1.008,1.0108,0.28,-0.009,-0.88,5182.0,524614.0,1.017,1.017,1.007,1.017,0.98,0.3,1.21,44.2,1473.0,3709.0,17754.0,3.38,0.0,0.0,17754.0,3.38,-39519.0,-7.53,21765.0,4.15,20.0,1.007,1.009,173166000.0,174551328,174551328,2026-08-18,2026-08-18 11:32:39+08:00
159059,电力ETF大成,1.016,1.0156,-0.04,-0.009,-0.88,49496.0,5039615.48,1.025,1.025,1.016,1.025,0.88,8.27,1.18,-37.82,19861.0,29635.0,-199110.0,-3.95,0.0,0.0,-199110.0,-3.95,160924.0,3.19,38185.0,0.76,100.0,1.015,1.016,59830063.0,60787344,60787344,2026-08-18,2026-08-18 11:33:00+08:00
159661,A100ETF嘉实,1.464,1.4638,-0.01,-0.013,-0.88,33836.0,4968984.9,1.476,1.477,1.46,1.477,1.15,12.44,1.92,-96.88,13241.0,20595.0,-234.0,0.0,0.0,0.0,-234.0,0.0,42919.0,0.86,-42685.0,-0.86,1344.0,1.455,1.465,27208213.0,39832824,39832824,2026-08-18,2026-08-18 11:33:09+08:00
159076,创业板新能源ETF华宝,0.897,0.8992,0.24,-0.008,-0.88,90664.0,8161656.911,0.904,0.909,0.895,0.905,1.55,3.54,1.18,-31.08,45761.0,44903.0,199060.0,2.44,1278818.0,15.67,-1079758.0,-13.23,-220232.0,-2.7,21172.0,0.26,108.0,0.897,0.899,256373015.0,229966594,229966594,2026-08-18,2026-08-18 11:32:51+08:00
561180,A100ETF富国,1.35,1.3533,0.24,-0.012,-0.88,13410.0,1820070.0,1.362,1.364,1.35,1.362,1.03,2.7,3.0,-50.0,6071.0,7339.0,281883.0,15.49,0.0,0.0,281883.0,15.49,-180560.0,-9.92,-101324.0,-5.57,-2000.0,1.348,1.376,49609600.0,66972960,66972960,2026-08-18,2026-08-18 11:32:47+08:00
560460,电力ETF平安,0.897,0.8964,-0.07,-0.008,-0.88,39974.0,3595681.0,0.909,0.909,0.896,0.905,1.44,1.37,1.23,44.91,9942.0,30032.0,-291880.0,-8.12,0.0,0.0,-291880.0,-8.12,-126981.0,-3.53,418861.0,11.65,22.0,0.896,0.899,292537008.0,262405696,262405696,2026-08-18,2026-08-18 11:32:32+08:00
510390,沪深300ETF平安,5.392,5.395,0.06,-0.048,-0.88,7670.0,4155186.0,5.478,5.478,5.379,5.44,1.82,0.56,0.94,-30.19,2723.0,4947.0,743867.0,17.9,1034487.0,24.9,-290620.0,-6.99,-117034.0,-2.82,-626833.0,-15.09,10.0,5.388,5.4,136550000.0,736277600,736277600,2026-08-18,2026-08-18 11:32:51+08:00
159155,电池ETF大成,0.901,0.9005,-0.06,-0.008,-0.88,156352.0,14177670.428,0.91,0.915,0.899,0.909,1.76,2.94,0.94,-14.03,66676.0,89676.0,1364746.0,9.63,2253693.0,15.9,-888947.0,-6.27,-911830.0,-6.43,-452914.0,-3.19,-20.0,0.901,0.905,531513296.0,478893480,478893480,2026-08-18,2026-08-18 11:32:48+08:00
512060,A100ETF天弘,1.241,1.2421,0.09,-0.011,-0.88,14131.0,1760933.0,1.25,1.253,1.237,1.252,1.28,12.93,3.49,-33.33,31.0,14100.0,119594.0,6.79,0.0,0.0,119594.0,6.79,-101073.0,-5.74,-18521.0,-1.05,-2.0,1.234,1.264,10928000.0,13561648,13561648,2026-08-18,2026-08-18 11:32:55+08:00
588890,科创芯片ETF南方,4.278,4.2878,0.23,-0.038,-0.88,269950.0,116048591.0,4.318,4.352,4.222,4.316,3.01,3.17,1.4,18.65,120901.0,149049.0,-4240350.0,-3.65,-1804107.0,-1.55,-2436243.0,-2.1,-328941.0,-0.28,4569292.0,3.94,5.0,4.277,4.289,851810000.0,3644043180,3644043180,2026-08-18,2026-08-18 11:32:52+08:00
159562,黄金股ETF华夏,2.234,2.2318,-0.1,-0.02,-0.89,547259.0,123284412.512,2.262,2.285,2.232,2.254,2.35,2.09,0.66,41.83,220239.0,327020.0,-5529031.0,-4.48,521928.0,0.42,-6050959.0,-4.91,3141636.0,2.55,2387395.0,1.94,-56.0,2.234,2.235,2615130512.0,5842201564,5842201564,2026-08-18,2026-08-18 11:32:27+08:00
159356,A500ETF万家,1.329,1.3294,0.03,-0.012,-0.89,237728.0,31722582.7,1.341,1.342,1.325,1.341,1.27,3.17,1.28,13.47,96704.0,141024.0,687722.0,2.17,5720043.0,18.03,-5032321.0,-15.86,-625694.0,-1.97,-62027.0,-0.2,-21.0,1.329,1.33,749120640.0,995581331,995581331,2026-08-18,2026-08-18 11:32:51+08:00
159627,A100ETF华夏,1.335,1.3381,0.23,-0.012,-0.89,31799.0,4269158.9,1.347,1.348,1.334,1.347,1.04,16.63,2.01,0.98,9948.0,21851.0,95121.0,2.23,0.0,0.0,95121.0,2.23,-86415.0,-2.02,-8706.0,-0.2,-1000.0,1.335,1.338,19116776.0,25520896,25520896,2026-08-18,2026-08-18 11:32:54+08:00
510590,中证500ETF平安,8.815,8.8324,0.2,-0.079,-0.89,2894.0,2557555.0,8.887,8.918,8.763,8.894,1.74,0.24,3.62,-67.01,1267.0,1627.0,695985.0,27.21,0.0,0.0,695985.0,27.21,397651.0,15.55,-1093635.0,-42.76,-17.0,8.785,8.938,122386100.0,1078833472,1078833472,2026-08-18,2026-08-18 11:32:49+08:00
159315,黄金股ETF工银,1.678,1.6803,0.14,-0.015,-0.89,82879.0,14035767.986,1.696,1.718,1.677,1.693,2.42,4.38,0.87,6.67,45752.0,37127.0,199798.0,1.42,-944990.0,-6.73,1144788.0,8.16,-275295.0,-1.96,75496.0,0.54,-50.0,1.678,1.679,189089621.0,317292384,317292384,2026-08-18,2026-08-18 11:32:57+08:00
159766,旅游ETF富国,0.556,0.5567,0.13,-0.005,-0.89,1150908.0,64299896.6,0.558,0.562,0.556,0.561,1.07,2.13,1.05,31.82,490687.0,660221.0,-3805889.0,-5.92,4924180.0,7.66,-8730069.0,-13.58,2056171.0,3.2,1749718.0,2.72,-35.0,0.556,0.557,5407140864.0,3006370320,3006370320,2026-08-18,2026-08-18 11:32:27+08:00
561900,沪深300ESGETF招商,1.002,1.004,0.2,-0.009,-0.89,8482.0,854923.0,1.005,1.011,1.001,1.011,0.99,3.63,0.69,39.48,66.0,8416.0,-3868.0,-0.45,0.0,0.0,-3868.0,-0.45,0.0,0.0,3868.0,0.45,-1.0,0.999,1.011,23334400.0,23381069,23381069,2026-08-18,2026-08-18 11:32:40+08:00
560480,电力ETF招商,0.891,0.8903,-0.08,-0.008,-0.89,26873.0,2402458.0,0.899,0.899,0.891,0.899,0.89,1.87,0.48,55.44,6870.0,20003.0,-607084.0,-25.27,0.0,0.0,-607084.0,-25.27,9653.0,0.4,597429.0,24.87,-520.0,0.891,0.892,143803000.0,128128473,128128473,2026-08-18,2026-08-18 11:32:46+08:00
159146,电力ETF华宝,1.004,1.0031,-0.09,-0.009,-0.89,151616.0,15264373.6,1.012,1.012,1.003,1.013,0.89,2.07,1.18,29.6,73498.0,78118.0,-899801.0,-5.89,-2380896.0,-15.6,1481095.0,9.7,493328.0,3.23,406472.0,2.66,2023.0,1.003,1.004,733940848.0,736876611,736876611,2026-08-18,2026-08-18 11:32:30+08:00
516300,中证1000ETF华泰柏瑞,3.314,3.3179,0.12,-0.03,-0.9,18419.0,6111035.0,3.344,3.355,3.292,3.344,1.88,4.09,0.92,-35.19,8438.0,9981.0,-835081.0,-13.67,0.0,0.0,-835081.0,-13.67,477336.0,7.81,357746.0,5.85,20.0,3.31,3.316,45012600.0,149171756,149171756,2026-08-18,2026-08-18 11:32:57+08:00
159158,电力ETF景顺,0.994,0.9937,-0.03,-0.009,-0.9,208288.0,20744549.2,1.001,1.001,0.993,1.003,0.8,2.28,1.27,-28.46,76563.0,131725.0,-2156901.0,-10.4,257249.0,1.24,-2414150.0,-11.64,1189305.0,5.73,967597.0,4.66,-1.0,0.994,0.995,914035344.0,908551132,908551132,2026-08-18,2026-08-18 11:32:54+08:00
510500,中证500ETF南方,8.123,8.1197,-0.04,-0.074,-0.9,1995081.0,1627411696.0,8.194,8.223,8.075,8.197,1.81,3.88,1.55,-37.24,819151.0,1175931.0,34852800.0,2.14,324504256.0,19.94,-289651456.0,-17.8,-54154910.0,-3.33,19302090.0,1.19,14.0,8.123,8.124,5141768704.0,41766587183,41766587183,2026-08-18,2026-08-18 11:32:51+08:00
561380,电网设备ETF国泰,0.775,0.7745,-0.06,-0.007,-0.9,810840.0,63294072.0,0.78,0.791,0.771,0.782,2.56,1.18,1.43,61.52,378338.0,432502.0,-1682096.0,-2.66,-7906219.0,-12.49,6224123.0,9.83,-728880.0,-1.15,2410977.0,3.81,129.0,0.774,0.775,6893533952.0,5342488813,5342488813,2026-08-18,2026-08-18 11:32:54+08:00
588750,科创芯片ETF汇添富,2.526,2.5301,0.16,-0.023,-0.9,765610.0,194267792.0,2.549,2.57,2.49,2.549,3.14,2.45,1.49,29.0,361269.0,404341.0,-27890685.0,-14.36,-2383256.0,-1.23,-25507429.0,-13.13,7872817.0,4.05,20017868.0,10.3,-105.0,2.526,2.528,3130228000.0,7906955928,7906955928,2026-08-18,2026-08-18 11:32:23+08:00
515810,中证800ETF易方达,1.753,1.7526,-0.02,-0.016,-0.9,32096.0,5665282.0,1.77,1.77,1.749,1.769,1.19,1.18,0.84,52.8,8072.0,24024.0,541436.0,9.56,3534000.0,62.38,-2992564.0,-52.82,-546637.0,-9.65,5201.0,0.09,-66.0,1.747,1.755,272908800.0,478409126,478409126,2026-08-18,2026-08-18 11:32:43+08:00
563360,A500ETF华泰柏瑞,1.321,1.3226,0.12,-0.012,-0.9,22386436.0,2965998349.0,1.328,1.335,1.316,1.333,1.43,6.96,1.29,-8.06,10036201.0,12350235.0,-19331472.0,-0.65,-13874048.0,-0.47,-5457424.0,-0.18,27277022.0,0.92,-7945535.0,-0.27,18416.0,1.321,1.322,32167987456.0,42493911429,42493911429,2026-08-18,2026-08-18 11:32:36+08:00
513900,港股通100ETF华安,0.992,0.9986,0.66,-0.009,-0.9,42366.0,4207173.0,0.996,1.0,0.99,1.001,1.0,4.46,0.72,-23.58,19415.0,22951.0,-267848.0,-6.37,0.0,0.0,-267848.0,-6.37,249826.0,5.94,18022.0,0.43,33.0,0.99,0.993,94978000.0,94218176,94218176,2026-08-18,2026-08-18 11:33:04+08:00
510850,上证50ETF工银,3.58,3.5879,0.22,-0.033,-0.91,28842.0,10386931.0,3.616,3.62,3.58,3.613,1.11,5.73,2.37,-52.94,19283.0,9559.0,-627501.0,-6.04,2467796.0,23.76,-3095297.0,-29.8,324819.0,3.13,302682.0,2.91,-68.0,3.581,3.593,50298900.0,180070062,180070062,2026-08-18,2026-08-18 11:32:53+08:00
561880,A100ETF华富,1.311,1.3145,0.27,-0.012,-0.91,18103.0,2381540.0,1.323,1.325,1.309,1.323,1.21,2.25,2.33,-2.7,7064.0,11039.0,1266915.0,53.2,1200430.0,50.41,66485.0,2.79,2614.0,0.11,-1269529.0,-53.31,-50.0,1.304,1.32,80389000.0,105389979,105389979,2026-08-18,2026-08-18 11:32:42+08:00
588260,科创信息ETF华安,2.711,2.719,0.29,-0.025,-0.91,8040.0,2187084.0,2.735,2.754,2.682,2.736,2.63,1.72,1.09,-25.72,4245.0,3795.0,52659.0,2.41,285985.0,13.08,-233326.0,-10.67,241597.0,11.05,-294256.0,-13.45,1.0,2.7,2.745,46746000.0,126728406,126728406,2026-08-18,2026-08-18 11:32:28+08:00
563220,A500ETF富国,1.304,1.304,0.0,-0.012,-0.91,1050134.0,137308912.0,1.318,1.318,1.299,1.316,1.44,1.62,1.19,15.31,469761.0,580373.0,924818.0,0.67,-6077740.0,-4.43,7002558.0,5.1,543569.0,0.4,-1468386.0,-1.07,-117.0,1.303,1.305,6482013696.0,8452545860,8452545860,2026-08-18,2026-08-18 11:32:42+08:00
516920,芯片ETF汇添富,1.524,1.5229,-0.07,-0.014,-0.91,204175.0,31323168.0,1.541,1.555,1.504,1.538,3.32,4.42,1.5,-18.92,95391.0,108784.0,-1385112.0,-4.42,3658963.0,11.68,-5044075.0,-16.1,-1319396.0,-4.21,2704508.0,8.63,-26.0,1.524,1.525,461963008.0,704031624,704031624,2026-08-18,2026-08-18 11:32:59+08:00
512760,芯片ETF国泰,1.194,1.1935,-0.04,-0.011,-0.91,3023032.0,362339175.0,1.208,1.218,1.178,1.205,3.32,3.24,1.38,-5.71,1195360.0,1827672.0,-31852309.0,-8.79,-12218925.0,-3.37,-19633384.0,-5.42,12349802.0,3.41,19502506.0,5.38,143.0,1.192,1.194,9323445504.0,11132193932,11132193932,2026-08-18,2026-08-18 11:32:54+08:00
159326,电网设备ETF华夏,1.743,1.7427,-0.02,-0.016,-0.91,3654296.0,642050303.3,1.759,1.781,1.733,1.759,2.73,2.91,1.58,20.82,1361500.0,2292796.0,-30499733.0,-4.75,61381725.0,9.56,-91881458.0,-14.31,13790306.0,2.15,16709427.0,2.6,5.0,1.742,1.743,12560265472.0,21892542718,21892542718,2026-08-18,2026-08-18 11:32:33+08:00
560500,500质量成长ETF鹏扬,1.423,1.4247,0.12,-0.013,-0.91,14018.0,1998795.0,1.436,1.439,1.42,1.436,1.32,0.48,2.32,-74.66,2623.0,11395.0,-460425.0,-23.04,0.0,0.0,-460425.0,-23.04,379708.0,19.0,80718.0,4.04,-1.0,1.42,1.43,294339008.0,418844408,418844408,2026-08-18,2026-08-18 11:32:59+08:00
561130,国货ETF富国,1.09,1.0913,0.12,-0.01,-0.91,48277.0,5279349.0,1.099,1.099,1.088,1.1,1.0,5.75,1.0,31.58,23197.0,25080.0,393030.0,7.44,913638.0,17.31,-520608.0,-9.86,-394138.0,-7.47,1108.0,0.02,-1.0,1.09,1.092,83935200.0,91489368,91489368,2026-08-18,2026-08-18 11:32:46+08:00
516610,医疗设备ETF大成,0.435,0.4346,-0.09,-0.004,-0.91,39988.0,1742150.0,0.438,0.441,0.433,0.439,1.82,1.65,0.77,60.43,13610.0,26378.0,-178579.0,-10.25,391108.0,22.45,-569687.0,-32.7,98632.0,5.66,79947.0,4.59,-100.0,0.434,0.436,241974800.0,105259038,105259038,2026-08-18,2026-08-18 11:32:41+08:00
159101,港股通科技ETF华夏,0.751,0.7529,0.25,-0.007,-0.92,1082696.0,81450428.124,0.756,0.762,0.748,0.758,1.85,3.65,1.25,-13.78,508073.0,574623.0,-2396420.0,-2.94,-385768.0,-0.47,-2010652.0,-2.47,2164536.0,2.66,231884.0,0.28,-260.0,0.751,0.752,2968311456.0,2229201903,2229201903,2026-08-18,2026-08-18 11:33:03+08:00
589220,科创200ETF国泰,1.072,1.0719,-0.01,-0.01,-0.92,209509.0,22425794.0,1.084,1.086,1.058,1.082,2.59,6.68,1.13,49.48,103999.0,105510.0,73912.0,0.33,-111441.0,-0.5,185353.0,0.83,10278.0,0.05,-84191.0,-0.38,100.0,1.07,1.074,313495808.0,336067506,336067506,2026-08-18,2026-08-18 11:32:36+08:00
588820,科创200ETF华夏,2.038,2.0348,-0.16,-0.019,-0.92,97231.0,19815494.0,2.056,2.156,2.01,2.057,7.1,6.3,1.35,-3.35,47890.0,49341.0,750358.0,3.79,-418810.0,-2.11,1169168.0,5.9,-271454.0,-1.37,-478904.0,-2.42,1.0,2.035,2.038,154400000.0,314667200,314667200,2026-08-18,2026-08-18 11:32:39+08:00
516150,稀土ETF嘉实,1.825,1.8277,0.15,-0.017,-0.92,765513.0,140226370.0,1.841,1.859,1.818,1.842,2.23,1.97,1.51,-14.48,261431.0,504082.0,6254450.0,4.46,7169223.0,5.11,-914773.0,-0.65,-5895519.0,-4.2,-358931.0,-0.26,-64.0,1.825,1.827,3885077008.0,7090265540,7090265540,2026-08-18,2026-08-18 11:32:38+08:00
588350,科创创业50ETF鹏扬,1.836,1.8366,0.03,-0.017,-0.92,10119.0,1863655.0,1.851,1.882,1.816,1.853,3.56,0.16,1.25,-40.57,2559.0,7560.0,-278523.0,-14.94,122493.0,6.57,-401016.0,-21.52,76006.0,4.08,202516.0,10.87,-1000.0,1.821,1.842,630546000.0,1157682456,1157682456,2026-08-18,2026-08-18 11:32:35+08:00
563880,A500ETF汇添富,1.292,1.2914,-0.05,-0.012,-0.92,740191.0,95985343.0,1.305,1.305,1.287,1.304,1.38,4.89,1.53,11.88,306474.0,433717.0,761844.0,0.79,11790387.0,12.28,-11028543.0,-11.49,-326111.0,-0.34,-435734.0,-0.45,2.0,1.291,1.292,1513996400.0,1956083349,1956083349,2026-08-18,2026-08-18 11:32:53+08:00
159645,疫苗ETF富国,0.643,0.6459,0.45,-0.006,-0.92,1885.0,121738.6,0.648,0.651,0.641,0.649,1.54,0.35,0.34,45.5,1175.0,710.0,66280.0,54.44,64844.0,53.26,1436.0,1.18,-62860.0,-51.64,-3419.0,-2.81,-11.0,0.64,0.651,53540740.0,34426696,34426696,2026-08-18,2026-08-18 11:32:51+08:00
159677,中证1000增强ETF银华,1.496,1.4993,0.22,-0.014,-0.93,18065.0,2711425.4,1.512,1.515,1.486,1.51,1.92,6.04,0.7,3.45,10927.0,7138.0,353694.0,13.04,0.0,0.0,353694.0,13.04,-112503.0,-4.15,-241191.0,-8.9,2051.0,1.494,1.497,29904091.0,44736520,44736520,2026-08-18,2026-08-18 11:32:18+08:00
563660,A500ETF银河,1.284,1.2849,0.07,-0.012,-0.93,5989.0,770907.0,1.291,1.291,1.279,1.296,0.93,0.91,0.43,0.0,2116.0,3873.0,562059.0,72.91,0.0,0.0,562059.0,72.91,-191327.0,-24.82,-370733.0,-48.09,467.0,1.281,1.285,66085200.0,84853397,84853397,2026-08-18,2026-08-18 11:32:39+08:00
563930,上证增强ETF招商,1.065,1.0677,0.25,-0.01,-0.93,8700.0,930986.0,1.074,1.075,1.065,1.075,0.93,2.52,0.38,25.84,2349.0,6351.0,272760.0,29.3,111528.0,11.98,161232.0,17.32,-378401.0,-40.65,105640.0,11.35,-5.0,1.066,1.067,34592000.0,36840480,36840480,2026-08-18,2026-08-18 11:32:47+08:00
159385,数字经济ETF富国,1.927,1.9236,-0.18,-0.018,-0.93,12701.0,2448557.8,1.939,1.957,1.905,1.945,2.67,2.59,0.63,0.9,4071.0,8630.0,1277.0,0.05,493689.0,20.16,-492412.0,-20.11,-56657.0,-2.31,55380.0,2.26,10.0,1.92,1.924,49002525.0,94427866,94427866,2026-08-18,2026-08-18 11:33:00+08:00
159312,恒指港股通ETF广发,1.178,1.1814,0.29,-0.011,-0.93,4348.0,512593.2,1.189,1.189,1.176,1.189,1.09,1.31,0.83,54.03,1534.0,2814.0,-29169.0,-5.69,0.0,0.0,-29169.0,-5.69,0.0,0.0,29169.0,5.69,10.0,1.176,1.179,33224353.0,39138288,39138288,2026-08-18,2026-08-18 11:32:54+08:00
510040,上证180ETF鹏华,1.178,1.1806,0.22,-0.011,-0.93,4607.0,544991.0,1.187,1.189,1.178,1.189,0.93,1.74,0.52,-16.28,34.0,4573.0,409780.0,75.19,0.0,0.0,409780.0,75.19,-363379.0,-66.68,-46401.0,-8.51,-10.0,1.179,1.182,26480000.0,31193440,31193440,2026-08-18,2026-08-18 11:33:06+08:00
510560,中证500ETF国寿,2.035,2.0391,0.2,-0.019,-0.93,1255.0,256465.0,2.044,2.044,2.028,2.054,0.78,0.24,0.58,0.05,11.0,1244.0,4454.0,1.74,0.0,0.0,4454.0,1.74,0.0,0.0,-4454.0,-1.74,1.0,2.036,2.048,52318700.0,106468555,106468555,2026-08-18,2026-08-18 11:33:03+08:00
159353,中证A500ETF景顺,1.27,1.2701,0.01,-0.012,-0.94,1429273.0,182266109.46,1.281,1.283,1.266,1.282,1.33,3.33,1.86,-0.84,510158.0,919115.0,3848598.0,2.11,5894498.0,3.23,-2045900.0,-1.12,-1545796.0,-0.85,-2302802.0,-1.26,-63.0,1.27,1.271,4292161808.0,5451045496,5451045496,2026-08-18,2026-08-18 11:32:48+08:00
159128,港股科技ETF天弘,0.737,0.7386,0.22,-0.007,-0.94,477592.0,35255578.3,0.743,0.748,0.735,0.744,1.75,2.5,1.6,16.27,221184.0,256408.0,-366463.0,-1.04,-120241.0,-0.34,-246222.0,-0.7,118667.0,0.34,247797.0,0.7,-1600.0,0.736,0.738,1912760848.0,1409704745,1409704745,2026-08-18,2026-08-18 11:32:54+08:00
520950,港股通50ETF摩根,0.842,0.8436,0.19,-0.008,-0.94,92378.0,7777982.0,0.85,0.85,0.839,0.85,1.29,2.8,1.0,-72.13,42995.0,49383.0,-685019.0,-8.81,0.0,0.0,-685019.0,-8.81,573642.0,7.38,111377.0,1.43,2078.0,0.842,0.843,330421008.0,278214489,278214489,2026-08-18,2026-08-18 11:32:54+08:00
588230,科创200ETF华泰柏瑞,1.897,1.8964,-0.03,-0.018,-0.94,461748.0,87805460.0,1.914,1.923,1.873,1.915,2.61,6.13,1.52,-8.08,216519.0,245229.0,3763065.0,4.29,-1292981.0,-1.47,5056046.0,5.76,-4906002.0,-5.59,1142937.0,1.3,-450.0,1.897,1.898,752939008.0,1428325298,1428325298,2026-08-18,2026-08-18 11:32:29+08:00
159310,芯片ETF天弘,3.069,3.0675,-0.05,-0.029,-0.94,62606.0,19336995.8,3.101,3.132,3.031,3.098,3.26,1.28,1.63,-32.38,26348.0,36258.0,-2365384.0,-12.23,640864.0,3.31,-3006248.0,-15.55,-93923.0,-0.49,2459308.0,12.72,82.0,3.069,3.074,487981088.0,1497613959,1497613959,2026-08-18,2026-08-18 11:32:24+08:00
588200,科创芯片ETF嘉实,1.263,1.2648,0.14,-0.012,-0.94,20380586.0,2580537943.0,1.273,1.285,1.245,1.275,3.14,4.86,1.35,-6.96,8986381.0,11394206.0,-192164576.0,-7.45,-141397024.0,-5.48,-50767552.0,-1.97,78328096.0,3.04,113836474.0,4.41,-6754.0,1.263,1.264,41911184384.0,52933825877,52933825877,2026-08-18,2026-08-18 11:32:36+08:00
159321,黄金股ETF华安,1.573,1.5724,-0.04,-0.015,-0.94,149259.0,23663621.0,1.59,1.608,1.571,1.588,2.33,3.73,0.61,-3.09,63668.0,85591.0,-191163.0,-0.81,-184379.0,-0.78,-6784.0,-0.03,-669778.0,-2.83,860942.0,3.64,-6.0,1.572,1.573,399900400.0,629043329,629043329,2026-08-18,2026-08-18 11:32:30+08:00
560010,中证1000ETF广发,3.279,3.2795,0.02,-0.031,-0.94,1088746.0,358655981.0,3.31,3.322,3.258,3.31,1.93,5.86,1.15,-87.89,548974.0,539772.0,-17377231.0,-4.85,-31018565.0,-8.65,13641334.0,3.8,12876565.0,3.59,4500667.0,1.25,21.0,3.276,3.279,1856621696.0,6087862541,6087862541,2026-08-18,2026-08-18 11:32:41+08:00
159122,创业板新能源ETF富国,0.942,0.9449,0.31,-0.009,-0.95,14637.0,1385935.942,0.945,0.955,0.941,0.951,1.47,2.06,1.6,-16.78,7100.0,7537.0,215332.0,15.54,543655.0,39.23,-328323.0,-23.69,-116116.0,-8.38,-99216.0,-7.16,2000.0,0.942,0.951,71160935.0,67033601,67033601,2026-08-18,2026-08-18 11:33:12+08:00
560270,电力ETF工银,0.939,0.9405,0.16,-0.009,-0.95,23835.0,2245947.0,0.948,0.948,0.939,0.948,0.95,1.42,0.48,27.74,5966.0,17869.0,64962.0,2.89,0.0,0.0,64962.0,2.89,-269450.0,-12.0,204488.0,9.1,-1.0,0.939,0.94,167939000.0,157694721,157694721,2026-08-18,2026-08-18 11:32:59+08:00
563300,中证2000ETF华泰柏瑞,1.454,1.4545,0.03,-0.014,-0.95,2857481.0,416651376.0,1.469,1.472,1.444,1.468,1.91,6.04,0.97,46.39,1187829.0,1669653.0,10879757.0,2.61,64934828.0,15.58,-54055071.0,-12.97,-17679014.0,-4.24,6799258.0,1.63,-130.0,1.454,1.455,4731173888.0,6879126833,6879126833,2026-08-18,2026-08-18 11:32:53+08:00
159533,中证2000ETF博时,1.979,1.9813,0.12,-0.019,-0.95,10530.0,2084836.9,1.998,2.05,1.967,1.998,4.15,6.81,0.97,-6.58,7101.0,3429.0,-63892.0,-3.06,0.0,0.0,-63892.0,-3.06,-136855.0,-6.56,200747.0,9.63,100.0,1.977,1.996,15458785.0,30592936,30592936,2026-08-18,2026-08-18 11:33:18+08:00
517030,沪港深300ETF易方达,1.149,1.1544,0.47,-0.011,-0.95,880.0,101614.0,1.16,1.16,1.149,1.16,0.95,0.1,0.05,-49.19,698.0,182.0,97679.0,96.13,0.0,0.0,97679.0,96.13,-77847.0,-76.61,-19832.0,-19.52,-22.0,1.148,1.154,84040300.0,96562305,96562305,2026-08-18,2026-08-18 11:32:44+08:00
560220,中证2000ETF广发,1.464,1.465,0.07,-0.014,-0.95,26510.0,3891347.0,1.48,1.48,1.454,1.478,1.76,4.16,0.8,-1.28,7650.0,18860.0,-44215.0,-1.14,0.0,0.0,-44215.0,-1.14,-214478.0,-5.51,258693.0,6.65,8.0,1.461,1.465,63717000.0,93281688,93281688,2026-08-18,2026-08-18 11:32:38+08:00
520770,恒指港股通ETF建信,0.935,0.9368,0.19,-0.009,-0.95,32825.0,3073677.0,0.955,0.955,0.934,0.944,2.22,1.53,2.37,-0.41,17727.0,15098.0,295955.0,9.63,0.0,0.0,295955.0,9.63,-413363.0,-13.45,117408.0,3.82,2500.0,0.934,0.936,214373800.0,200439503,200439503,2026-08-18,2026-08-18 11:32:56+08:00
563800,A500ETF广发,1.25,1.2501,0.01,-0.012,-0.95,2085122.0,261389435.0,1.262,1.263,1.245,1.262,1.43,2.33,1.15,-19.95,1048670.0,1036453.0,690125.0,0.26,-3719510.0,-1.42,4409635.0,1.69,-839817.0,-0.32,149691.0,0.06,-259.0,1.25,1.251,8959977984.0,11199972480,11199972480,2026-08-18,2026-08-18 11:32:51+08:00
512050,A500ETF华夏,1.246,1.2459,-0.01,-0.012,-0.95,9271176.0,1159628048.0,1.254,1.259,1.241,1.258,1.43,5.42,1.46,-20.16,4287312.0,4983864.0,-3435046.0,-0.3,4632496.0,0.4,-8067542.0,-0.7,-652200.0,-0.06,4087248.0,0.35,-210.0,1.246,1.247,17098992128.0,21305344191,21305344191,2026-08-18,2026-08-18 11:32:42+08:00
159358,中证A500ETF大成,1.352,1.3521,0.01,-0.013,-0.95,343463.0,46564880.275,1.366,1.366,1.346,1.365,1.47,4.37,0.8,59.79,133929.0,209534.0,1922052.0,4.13,6081495.0,13.06,-4159443.0,-8.93,-1847792.0,-3.97,-74260.0,-0.16,-60.0,1.352,1.353,785106416.0,1061463874,1061463874,2026-08-18,2026-08-18 11:32:45+08:00
588270,科创200ETF易方达,1.781,1.7805,-0.03,-0.017,-0.95,118344.0,21128332.0,1.799,1.804,1.759,1.798,2.5,4.13,1.23,-60.45,55877.0,62467.0,-248767.0,-1.18,279890.0,1.32,-528657.0,-2.5,310544.0,1.47,-61778.0,-0.29,100.0,1.781,1.782,286410000.0,510096210,510096210,2026-08-18,2026-08-18 11:32:35+08:00
515590,500等权ETF前海开源,1.964,1.9657,0.09,-0.019,-0.96,3590.0,711760.0,1.984,1.985,1.964,1.983,1.06,0.99,1.53,-22.08,28.0,3562.0,-186351.0,-26.18,0.0,0.0,-186351.0,-26.18,197900.0,27.8,-11548.0,-1.62,-22.0,1.967,1.972,36113700.0,70927307,70927307,2026-08-18,2026-08-18 11:32:50+08:00
510900,恒生中国企业ETF易方达,1.035,1.0372,0.21,-0.01,-0.96,822892.0,85439023.0,1.04,1.044,1.034,1.045,0.96,2.5,1.68,1.85,357958.0,464934.0,-485274.0,-0.57,-144149.0,-0.17,-341125.0,-0.4,438991.0,0.51,46283.0,0.05,-386.0,1.034,1.036,3288021904.0,3403102671,3403102671,2026-08-18,2026-08-18 11:33:02+08:00
512080,A500ETF中金,1.337,1.3371,0.01,-0.013,-0.96,195543.0,26265623.0,1.348,1.35,1.332,1.35,1.33,2.6,0.75,4.42,84664.0,110879.0,-370471.0,-1.41,-1611309.0,-6.13,1240838.0,4.72,482955.0,1.84,-112483.0,-0.43,1.0,1.336,1.338,752186096.0,1005672810,1005672810,2026-08-18,2026-08-18 11:33:04+08:00
159712,港股通50ETF国泰,1.234,1.2354,0.11,-0.012,-0.96,15988.0,1975112.4,1.249,1.249,1.231,1.246,1.44,1.67,0.36,43.88,9205.0,6783.0,-376206.0,-19.05,9990.0,0.51,-386196.0,-19.55,321708.0,16.29,54499.0,2.76,3.0,1.231,1.235,95778813.0,118191055,118191055,2026-08-18,2026-08-18 11:33:12+08:00
159611,电力ETF广发,1.036,1.0364,0.04,-0.01,-0.96,2287089.0,237711739.8,1.044,1.044,1.035,1.046,0.86,2.34,0.93,7.64,719719.0,1567370.0,-7343646.0,-3.09,17848608.0,7.51,-25192254.0,-10.6,-17675832.0,-7.44,25019478.0,10.53,-552.0,1.036,1.037,9774362880.0,10126239944,10126239944,2026-08-18,2026-08-18 11:33:09+08:00
515160,MSCI中国ETF招商,1.655,1.6572,0.13,-0.016,-0.96,32191.0,5345642.0,1.671,1.671,1.654,1.671,1.02,1.32,3.78,-4.0,14735.0,17456.0,9226.0,0.17,0.0,0.0,9226.0,0.17,-1523.0,-0.03,-7703.0,-0.14,2.0,1.646,1.671,243955100.0,403745691,403745691,2026-08-18,2026-08-18 11:32:59+08:00
516580,新能源ETF博时,0.613,0.6127,-0.05,-0.006,-0.97,7790.0,481218.0,0.614,0.622,0.612,0.619,1.62,0.54,0.29,48.28,1640.0,6150.0,-72893.0,-15.15,-325628.0,-67.67,252735.0,52.52,52749.0,10.96,20144.0,4.19,8.0,0.613,0.619,144124100.0,88348073,88348073,2026-08-18,2026-08-18 11:32:52+08:00
159633,中证1000ETF易方达,3.367,3.368,0.03,-0.033,-0.97,1989928.0,672309935.7,3.398,3.41,3.348,3.4,1.82,19.47,1.26,-55.98,816490.0,1173438.0,538427.0,0.08,36735024.0,5.46,-36196597.0,-5.38,-2716246.0,-0.4,2177815.0,0.32,-1.0,3.368,3.373,1022162656.0,3441621663,3441621663,2026-08-18,2026-08-18 11:32:42+08:00
159507,通信ETF广发,0.915,0.916,0.11,-0.009,-0.97,469464.0,43033567.0,0.924,0.928,0.902,0.924,2.81,5.84,1.42,-45.11,201416.0,268048.0,-1994614.0,-4.64,-650842.0,-1.51,-1343772.0,-3.12,-1623426.0,-3.77,3618041.0,8.41,11.0,0.914,0.915,803830896.0,735505270,735505270,2026-08-18,2026-08-18 11:32:33+08:00
159536,中证2000ETF汇添富,1.422,1.4237,0.12,-0.014,-0.97,36978.0,5275246.2,1.436,1.441,1.414,1.436,1.88,7.51,0.9,-52.22,16448.0,20530.0,-90471.0,-1.72,0.0,0.0,-90471.0,-1.72,991603.0,18.8,-901131.0,-17.08,-698.0,1.421,1.423,49261589.0,70049980,70049980,2026-08-18,2026-08-18 11:33:21+08:00
159723,科技龙头ETF汇添富,1.12,1.1223,0.2,-0.011,-0.97,2693.0,302747.4,1.131,1.133,1.113,1.131,1.77,0.93,0.62,-44.89,744.0,1949.0,-118691.0,-39.2,0.0,0.0,-118691.0,-39.2,99081.0,32.73,19610.0,6.48,17.0,1.114,1.125,29025575.0,32508644,32508644,2026-08-18,2026-08-18 11:32:18+08:00
159109,恒生50ETF景顺,0.818,0.8208,0.34,-0.008,-0.97,41496.0,3400098.1,0.823,0.825,0.816,0.826,1.09,0.68,0.63,15.59,12179.0,29317.0,501927.0,14.76,420068.0,12.35,81859.0,2.41,-90250.0,-2.65,-411678.0,-12.11,-22.0,0.817,0.819,607163856.0,496660034,496660034,2026-08-18,2026-08-18 11:33:00+08:00
589350,科创芯片设计ETF银华,0.821,0.8212,0.02,-0.008,-0.97,156424.0,12825446.0,0.832,0.833,0.808,0.829,3.02,7.58,1.51,-1.48,50742.0,105682.0,-1557848.0,-12.15,640456.0,4.99,-2198304.0,-17.14,981697.0,7.65,576152.0,4.49,-1200.0,0.82,0.821,206281500.0,169357112,169357112,2026-08-18,2026-08-18 11:32:52+08:00
159009,创业板新能源ETF易方达,0.921,0.9226,0.17,-0.009,-0.97,15554.0,1439510.6,0.932,0.939,0.903,0.93,3.87,2.62,1.26,28.67,9298.0,6256.0,528398.0,36.71,1017820.0,70.71,-489422.0,-34.0,-211813.0,-14.71,-316586.0,-21.99,-50.0,0.918,0.93,59392703.0,54700679,54700679,2026-08-18,2026-08-18 11:33:21+08:00
589330,科创200ETF东财,0.922,0.923,0.11,-0.009,-0.97,48293.0,4451563.0,0.93,0.937,0.912,0.931,2.69,2.91,1.61,34.57,22737.0,25556.0,71762.0,1.61,-431100.0,-9.68,502862.0,11.3,-632377.0,-14.21,560615.0,12.59,50.0,0.922,0.924,165902000.0,152961644,152961644,2026-08-18,2026-08-18 11:32:35+08:00
589420,科创芯片设计ETF永赢,0.817,0.8151,-0.23,-0.008,-0.97,73311.0,5978012.0,0.825,0.827,0.802,0.825,3.03,2.12,0.84,-6.86,27699.0,45612.0,-497369.0,-8.32,259330.0,4.34,-756699.0,-12.66,107034.0,1.79,390335.0,6.53,-41.0,0.816,0.817,346481504.0,283075389,283075389,2026-08-18,2026-08-18 11:32:48+08:00
589400,科创芯片设计ETF富国,0.813,0.8116,-0.17,-0.008,-0.97,44791.0,3645137.0,0.825,0.825,0.8,0.821,3.05,1.7,0.9,63.46,14479.0,30312.0,-491931.0,-13.5,0.0,0.0,-491931.0,-13.5,276124.0,7.58,215807.0,5.92,177.0,0.804,0.814,263785200.0,214457368,214457368,2026-08-18,2026-08-18 11:32:27+08:00
517400,黄金股ETF国泰,1.619,1.6198,0.05,-0.016,-0.98,274304.0,44769553.0,1.638,1.657,1.617,1.635,2.45,2.78,0.79,9.22,139243.0,135061.0,-1532554.0,-3.42,-5334302.0,-11.92,3801748.0,8.49,512945.0,1.15,1019609.0,2.28,-22.0,1.619,1.621,985792000.0,1595997248,1595997248,2026-08-18,2026-08-18 11:32:45+08:00
159500,中证500ETF富国,1.218,1.2177,-0.02,-0.012,-0.98,111189.0,13582806.2,1.229,1.232,1.21,1.23,1.79,5.21,1.4,-10.73,45573.0,65616.0,-1146891.0,-8.44,3236244.0,23.83,-4383135.0,-32.27,282194.0,2.08,864697.0,6.37,149.0,1.216,1.218,213338865.0,259846738,259846738,2026-08-18,2026-08-18 11:32:39+08:00
159599,芯片ETF东财,3.032,3.0357,0.12,-0.03,-0.98,472541.0,144091927.7,3.063,3.095,2.994,3.062,3.3,7.28,1.4,-55.61,221488.0,251053.0,-20308350.0,-14.09,-9890690.0,-6.86,-10417660.0,-7.23,-2470679.0,-1.71,22779030.0,15.81,-60.0,3.032,3.033,649322064.0,1968744498,1968744498,2026-08-18,2026-08-18 11:32:33+08:00
512970,大湾区ETF平安,1.519,1.5233,0.28,-0.015,-0.98,5064.0,776737.0,1.542,1.542,1.519,1.534,1.5,8.46,1.05,90.67,794.0,4270.0,118330.0,15.23,0.0,0.0,118330.0,15.23,-118330.0,-15.23,0.0,0.0,1.0,1.504,1.541,5987600.0,9095164,9095164,2026-08-18,2026-08-18 11:32:48+08:00
512140,电力ETF华安,0.911,0.9113,0.03,-0.009,-0.98,29560.0,2701035.0,0.92,0.92,0.91,0.92,1.09,1.93,0.49,34.12,10519.0,19041.0,-260997.0,-9.66,177215.0,6.56,-438212.0,-16.22,479211.0,17.74,-218215.0,-8.08,20.0,0.91,0.911,153049000.0,139427639,139427639,2026-08-18,2026-08-18 11:32:57+08:00
561220,数字经济ETF工银,1.921,1.9162,-0.25,-0.019,-0.98,9630.0,1851277.0,1.937,1.945,1.895,1.94,2.58,2.24,0.78,-4.03,4846.0,4784.0,-82909.0,-4.48,0.0,0.0,-82909.0,-4.48,15328.0,0.83,67582.0,3.65,-7.0,1.898,1.922,43053000.0,82704813,82704813,2026-08-18,2026-08-18 11:32:55+08:00
562310,沪深300成长ETF银华,1.111,1.1109,-0.01,-0.011,-0.98,155574.0,17371153.0,1.122,1.125,1.106,1.122,1.69,3.5,1.66,23.78,82901.0,72673.0,-395604.0,-2.28,864514.0,4.98,-1260118.0,-7.25,356840.0,2.05,38764.0,0.22,-15.0,1.11,1.114,444572304.0,493919830,493919830,2026-08-18,2026-08-18 11:32:56+08:00
562660,中证2000ETF华夏,1.906,1.9097,0.19,-0.019,-0.99,167535.0,32000117.0,1.928,1.928,1.897,1.925,1.61,5.13,1.09,-8.3,61288.0,106247.0,3202667.0,10.01,2233114.0,6.98,969553.0,3.03,-2598982.0,-8.12,-603686.0,-1.89,-1290.0,1.906,1.908,326874000.0,623021844,623021844,2026-08-18,2026-08-18 11:32:49+08:00
159961,深100ETF方正富邦,2.307,2.3073,0.01,-0.023,-0.99,7591.0,1760292.2,2.33,2.334,2.296,2.33,1.63,0.76,0.84,2.86,2137.0,5454.0,240108.0,13.64,0.0,0.0,240108.0,13.64,-169244.0,-9.61,-70866.0,-4.03,1.0,2.284,2.333,99245196.0,228958667,228958667,2026-08-18,2026-08-18 11:32:57+08:00
589780,科创200ETF富国,1.294,1.2942,0.02,-0.013,-0.99,10362.0,1350413.0,1.307,1.312,1.28,1.307,2.45,1.72,0.95,1.64,4276.0,6086.0,173463.0,12.85,0.0,0.0,173463.0,12.85,-502858.0,-37.24,329395.0,24.39,3.0,1.293,1.295,60215000.0,77918210,77918210,2026-08-18,2026-08-18 11:32:23+08:00
513660,恒生ETF华夏,1.495,1.4995,0.3,-0.015,-0.99,249847.0,37424609.0,1.5,1.505,1.485,1.51,1.32,1.33,0.7,-38.99,102634.0,147213.0,1824165.0,4.87,-2985189.0,-7.98,4809354.0,12.85,3900.0,0.01,-1828065.0,-4.88,-100.0,1.495,1.496,1878000208.0,2807610311,2807610311,2026-08-18,2026-08-18 11:32:47+08:00
159529,标普消费ETF景顺,1.302,1.2737,-2.22,-0.013,-0.99,228818.0,29846024.2,1.303,1.315,1.3,1.315,1.14,2.82,1.75,44.5,112333.0,116485.0,-2982254.0,-9.99,-3318498.0,-11.12,336244.0,1.13,2517214.0,8.43,465039.0,1.56,-213.0,1.302,1.303,811536784.0,1056620893,1056620893,2026-08-18,2026-08-18 11:32:27+08:00
520940,港股通恒生ETF华安,1.003,1.0019,-0.11,-0.01,-0.99,33760.0,3389311.0,1.003,1.007,1.002,1.013,0.49,15.14,1.58,41.26,7770.0,25990.0,136100.0,4.02,0.0,0.0,136100.0,4.02,-129498.0,-3.82,-6601.0,-0.19,-328.0,1.002,1.013,22297000.0,22363891,22363891,2026-08-18,2026-08-18 11:32:59+08:00
563330,A股ETF华泰柏瑞,4.307,4.3063,-0.02,-0.043,-0.99,38675.0,16725815.0,4.349,4.35,4.288,4.35,1.43,9.4,0.96,-2.13,14510.0,24165.0,559377.0,3.34,0.0,0.0,559377.0,3.34,-1008279.0,-6.03,448903.0,2.68,7.0,4.305,4.307,41160600.0,177278704,177278704,2026-08-18,2026-08-18 11:32:52+08:00
561700,电力ETF博时,1.095,1.0966,0.15,-0.011,-0.99,55799.0,6138441.0,1.106,1.106,1.095,1.106,0.99,1.55,1.23,21.56,11486.0,44313.0,-389157.0,-6.34,-146544.0,-2.39,-242613.0,-3.95,271518.0,4.42,117637.0,1.92,-6.0,1.095,1.096,359813600.0,393995892,393995892,2026-08-18,2026-08-18 11:32:52+08:00
159106,民企300ETF前海开源,1.1,1.1068,0.61,-0.011,-0.99,3469.0,383706.3,1.112,1.113,1.095,1.111,1.62,0.88,0.2,38.5,712.0,2757.0,111356.0,29.02,0.0,0.0,111356.0,29.02,-30441.0,-7.93,-80916.0,-21.09,4.0,1.096,1.115,39579488.0,43537437,43537437,2026-08-18,2026-08-18 11:33:06+08:00
159190,创业板新能源ETF天弘,0.89,0.8934,0.38,-0.009,-1.0,142111.0,12744841.6,0.897,0.904,0.889,0.899,1.67,18.68,2.11,-13.99,51571.0,90540.0,518756.0,4.07,1410732.0,11.07,-891976.0,-7.0,-396396.0,-3.11,-122359.0,-0.96,16.0,0.89,0.905,76069299.0,67701676,67701676,2026-08-18,2026-08-18 11:33:18+08:00
560110,中证1000ETF汇添富,1.185,1.1864,0.12,-0.012,-1.0,190286.0,22633830.0,1.196,1.201,1.178,1.197,1.92,5.3,1.79,80.86,48644.0,141642.0,-1678662.0,-7.42,-1348380.0,-5.96,-330282.0,-1.46,1009543.0,4.46,669120.0,2.96,-2682.0,1.185,1.187,358903504.0,425300652,425300652,2026-08-18,2026-08-18 11:32:46+08:00
588390,科创创业ETF博时,1.284,1.2844,0.03,-0.013,-1.0,31645.0,4064087.0,1.298,1.301,1.271,1.297,2.31,2.03,0.88,93.67,12857.0,18788.0,1164583.0,28.66,664530.0,16.35,500053.0,12.3,-712797.0,-17.54,-451786.0,-11.12,-50.0,1.274,1.291,155935900.0,200221696,200221696,2026-08-18,2026-08-18 11:32:36+08:00
159845,中证1000ETF华夏,3.279,3.2808,0.05,-0.033,-1.0,4674654.0,1536682484.5,3.312,3.322,3.259,3.312,1.9,19.65,1.57,26.19,1563861.0,3110793.0,27560416.0,1.79,18645952.0,1.21,8914464.0,0.58,-21149262.0,-1.38,-6411136.0,-0.42,100.0,3.278,3.279,2379425600.0,7802136542,7802136542,2026-08-18,2026-08-18 11:32:51+08:00
159822,新经济ETF银华,0.595,0.6032,1.36,-0.006,-1.0,57484.0,3422546.3,0.6,0.6,0.593,0.601,1.16,1.88,1.09,-4.26,16356.0,41128.0,-1292029.0,-37.75,-1326851.0,-38.77,34822.0,1.02,994617.0,29.06,297411.0,8.69,5.0,0.594,0.595,306034320.0,182090420,182090420,2026-08-18,2026-08-18 11:32:27+08:00
159365,恒指港股通ETF富国,0.995,0.9976,0.26,-0.01,-1.0,1838.0,183052.5,1.001,1.002,0.993,1.005,0.9,0.36,0.56,9.55,478.0,1360.0,-30758.0,-16.8,0.0,0.0,-30758.0,-16.8,35429.0,19.35,-4671.0,-2.55,167.0,0.993,0.997,51162398.0,50906586,50906586,2026-08-18,2026-08-18 11:32:54+08:00
512650,长三角ETF汇添富,1.386,1.3892,0.23,-0.014,-1.0,20325.0,2826392.0,1.393,1.399,1.383,1.4,1.14,6.17,1.68,87.88,11778.0,8547.0,-122947.0,-4.35,0.0,0.0,-122947.0,-4.35,127960.0,4.53,-5011.0,-0.18,1375.0,1.379,1.41,32941600.0,45657058,45657058,2026-08-18,2026-08-18 11:32:54+08:00
512680,军工ETF广发,1.187,1.1862,-0.07,-0.012,-1.0,373210.0,44453244.0,1.201,1.203,1.181,1.199,1.83,1.2,1.91,-23.04,185289.0,187921.0,-2816806.0,-6.34,-3219686.0,-7.24,402880.0,0.91,504537.0,1.13,2312268.0,5.2,10.0,1.185,1.187,3103330096.0,3683652824,3683652824,2026-08-18,2026-08-18 11:32:40+08:00
512770,战略新兴ETF华夏,2.766,2.766,0.0,-0.028,-1.0,12238.0,3398243.0,2.827,2.827,2.738,2.794,3.19,1.25,1.16,-0.12,5897.0,6341.0,271683.0,7.99,0.0,0.0,271683.0,7.99,-35989.0,-1.06,-235695.0,-6.94,-100.0,2.759,2.765,98267800.0,271808735,271808735,2026-08-18,2026-08-18 11:33:03+08:00
159150,深证50ETF易方达,1.678,1.6795,0.09,-0.017,-1.0,17010.0,2862266.0,1.695,1.696,1.671,1.695,1.47,1.85,0.65,0.37,6282.0,10728.0,1499796.0,52.4,0.0,0.0,1499796.0,52.4,-1351063.0,-47.2,-148732.0,-5.2,-15.0,1.672,1.687,91997623.0,154372011,154372011,2026-08-18,2026-08-18 11:32:36+08:00
159773,创业板科技ETF华泰柏瑞,1.387,1.3864,-0.04,-0.014,-1.0,33635.0,4677298.2,1.4,1.405,1.374,1.401,2.21,1.83,1.48,-13.39,12852.0,20783.0,959894.0,20.52,1241411.0,26.54,-281517.0,-6.02,-1011300.0,-21.62,51405.0,1.1,1000.0,1.384,1.387,183503120.0,254518827,254518827,2026-08-18,2026-08-18 11:33:03+08:00
560580,电力ETF南方,1.093,1.0946,0.15,-0.011,-1.0,34124.0,3744993.0,1.1,1.103,1.093,1.104,0.91,0.71,0.58,34.09,8078.0,26046.0,1069119.0,28.55,382061.0,10.2,687058.0,18.35,-1380535.0,-36.86,311416.0,8.32,-1.0,1.093,1.094,479003008.0,523550288,523550288,2026-08-18,2026-08-18 11:32:51+08:00
588910,科创价值ETF建信,1.584,1.5848,0.05,-0.016,-1.0,28915.0,4605887.0,1.67,1.67,1.575,1.6,5.94,2.89,0.63,-6.74,12053.0,16862.0,-604486.0,-13.12,0.0,0.0,-604486.0,-13.12,38585.0,0.84,565901.0,12.29,12.0,1.584,1.585,100049100.0,158477774,158477774,2026-08-18,2026-08-18 11:32:31+08:00
159268,港股通消费ETF汇添富,0.782,0.7822,0.03,-0.008,-1.01,69112.0,5416732.8,0.791,0.791,0.782,0.79,1.14,1.67,0.69,-29.14,21807.0,47305.0,-40843.0,-0.75,0.0,0.0,-40843.0,-0.75,-159891.0,-2.95,200735.0,3.71,25.0,0.781,0.782,413055024.0,323009029,323009029,2026-08-18,2026-08-18 11:32:57+08:00
560750,A500ETF申万菱信,1.368,1.3701,0.15,-0.014,-1.01,3023.0,414995.0,1.379,1.385,1.366,1.382,1.37,0.4,0.09,6.67,2721.0,302.0,91482.0,22.04,0.0,0.0,91482.0,22.04,-89959.0,-21.68,-1522.0,-0.37,2.0,1.362,1.382,75554800.0,103358966,103358966,2026-08-18,2026-08-18 11:32:45+08:00
159553,中证2000增强ETF海富通,1.866,1.8644,-0.09,-0.019,-1.01,4246.0,797084.0,1.883,1.889,1.853,1.885,1.91,2.77,1.64,2.95,1711.0,2535.0,123171.0,15.45,0.0,0.0,123171.0,15.45,-279560.0,-35.07,156389.0,19.62,30.0,1.865,1.867,15326751.0,28599717,28599717,2026-08-18,2026-08-18 11:33:18+08:00
515860,科技ETF嘉实,2.164,2.1598,-0.19,-0.022,-1.01,31634.0,6865158.0,2.185,2.19,2.146,2.186,2.01,3.07,1.64,13.6,14089.0,17545.0,-873406.0,-12.72,4363.0,0.06,-877769.0,-12.79,634273.0,9.24,239133.0,3.48,1000.0,2.16,2.161,102878900.0,222629940,222629940,2026-08-18,2026-08-18 11:32:51+08:00
510410,资源ETF博时,1.964,1.9668,0.14,-0.02,-1.01,34990.0,6911967.0,1.967,1.992,1.962,1.984,1.51,0.8,0.76,-22.76,16283.0,18707.0,930567.0,13.46,-909699.0,-13.16,1840266.0,26.62,-822213.0,-11.9,-108355.0,-1.57,-309.0,1.963,1.965,438258400.0,860739498,860739498,2026-08-18,2026-08-18 11:32:45+08:00
563560,科技成长ETF兴业,1.269,1.2647,-0.34,-0.013,-1.01,27354.0,3472844.0,1.281,1.286,1.255,1.282,2.42,4.9,1.0,12.98,9175.0,18179.0,307192.0,8.85,2416.0,0.07,304776.0,8.78,-164253.0,-4.73,-142940.0,-4.12,-20.0,1.264,1.275,55769000.0,70770861,70770861,2026-08-18,2026-08-18 11:32:35+08:00
159807,科技ETF易方达,0.976,0.9761,0.01,-0.01,-1.01,313900.0,30857029.3,0.986,0.99,0.967,0.986,2.33,3.58,1.53,-46.08,134166.0,179734.0,-64804.0,-0.21,4480373.0,14.52,-4545177.0,-14.73,-163528.0,-0.53,228333.0,0.74,1.0,0.974,0.978,876051424.0,855026190,855026190,2026-08-18,2026-08-18 11:32:48+08:00
159656,沪深300成长ETF万家,1.261,1.262,0.08,-0.013,-1.02,40936.0,5193430.1,1.286,1.286,1.255,1.274,2.43,1.81,0.9,16.28,17941.0,22995.0,-75859.0,-1.46,0.0,0.0,-75859.0,-1.46,856327.0,16.49,-780469.0,-15.03,-75.0,1.255,1.279,226238451.0,285286687,285286687,2026-08-18,2026-08-18 11:32:54+08:00
513590,港股通消费ETF鹏华,0.775,0.7723,-0.35,-0.008,-1.02,22029.0,1710697.0,0.777,0.787,0.775,0.783,1.53,1.58,1.35,-66.5,6821.0,15208.0,-247443.0,-14.46,214319.0,12.53,-461762.0,-26.99,105757.0,6.18,141685.0,8.28,8.0,0.774,0.775,139518900.0,108127148,108127148,2026-08-18,2026-08-18 11:32:55+08:00
515000,科技ETF华宝,1.362,1.3607,-0.1,-0.014,-1.02,650323.0,88878701.0,1.372,1.385,1.344,1.376,2.98,2.07,1.1,37.35,254805.0,395518.0,-6911401.0,-7.78,-1067816.0,-1.2,-5843585.0,-6.57,-1141303.0,-1.28,8052703.0,9.06,99.0,1.359,1.363,3146579296.0,4285641001,4285641001,2026-08-18,2026-08-18 11:32:43+08:00
159376,A500ETF浦银,1.355,1.3583,0.24,-0.014,-1.02,6839.0,931622.7,1.364,1.37,1.355,1.369,1.1,1.49,0.38,-31.65,6104.0,735.0,238312.0,25.58,487397.0,52.32,-249085.0,-26.74,-239036.0,-25.66,724.0,0.08,2.0,1.35,1.369,45922317.0,62224740,62224740,2026-08-18,2026-08-18 11:33:15+08:00
588240,科创200ETF鹏华,1.749,1.748,-0.06,-0.018,-1.02,272157.0,47721653.0,1.766,1.773,1.73,1.767,2.43,22.19,1.67,-27.02,148454.0,123703.0,1839084.0,3.85,781568.0,1.64,1057516.0,2.22,-1550424.0,-3.25,-288659.0,-0.6,-282.0,1.748,1.752,122633000.0,214485117,214485117,2026-08-18,2026-08-18 11:32:52+08:00
512100,中证1000ETF南方,3.192,3.1948,0.09,-0.033,-1.02,6657508.0,2135352092.0,3.227,3.235,3.175,3.225,1.86,9.99,1.38,26.1,2803335.0,3854174.0,49224896.0,2.31,159616112.0,7.47,-110391216.0,-5.17,-73547931.0,-3.44,24323037.0,1.14,-280.0,3.192,3.193,6665217536.0,21275374375,21275374375,2026-08-18,2026-08-18 11:32:40+08:00
159706,深证100ETF华安,0.966,0.9688,0.29,-0.01,-1.02,25024.0,2426688.1,0.978,0.979,0.963,0.976,1.64,5.83,1.7,-9.84,15068.0,9956.0,296008.0,12.2,0.0,0.0,296008.0,12.2,-37057.0,-1.53,-258950.0,-10.67,-1.0,0.963,0.979,42886800.0,41428649,41428649,2026-08-18,2026-08-18 11:32:27+08:00
512810,军工ETF华宝,0.673,0.6732,0.03,-0.007,-1.03,214915.0,14497533.0,0.68,0.682,0.67,0.68,1.76,2.19,1.2,69.86,56418.0,158497.0,-662979.0,-4.57,-143449.0,-0.99,-519530.0,-3.58,626826.0,4.32,36152.0,0.25,-40.0,0.672,0.673,979583504.0,659259698,659259698,2026-08-18,2026-08-18 11:32:53+08:00
159726,港股通高股息ETF华夏,1.348,1.352,0.3,-0.014,-1.03,63709.0,8614820.2,1.362,1.362,1.348,1.362,1.03,2.39,1.77,-49.61,27013.0,36696.0,1257714.0,14.6,1378501.0,16.0,-120787.0,-1.4,-146133.0,-1.7,-1111581.0,-12.9,1.0,1.347,1.348,266411380.0,359122540,359122540,2026-08-18,2026-08-18 11:32:36+08:00
517300,沪港深300ETF国寿,0.961,0.9639,0.3,-0.01,-1.03,17093.0,1647888.0,0.964,0.967,0.959,0.971,0.82,0.17,4.06,-28.28,2004.0,15089.0,-43549.0,-2.64,1133378.0,68.78,-1176927.0,-71.42,-114372.0,-6.94,157922.0,9.58,-161.0,0.958,0.963,1005434496.0,966222551,966222551,2026-08-18,2026-08-18 11:32:35+08:00
517350,沪港深科技ETF广发,0.964,0.9662,0.23,-0.01,-1.03,6970.0,672771.0,0.969,0.975,0.957,0.974,1.85,1.27,0.68,3.91,5712.0,1258.0,-42943.0,-6.38,0.0,0.0,-42943.0,-6.38,2792.0,0.42,40152.0,5.97,20.0,0.962,0.964,55042000.0,53060488,53060488,2026-08-18,2026-08-18 11:32:40+08:00
517360,沪港深科技ETF华安,0.964,0.9672,0.33,-0.01,-1.03,626.0,60325.0,0.971,0.974,0.963,0.974,1.13,0.24,1.09,87.97,28.0,598.0,-54140.0,-89.75,0.0,0.0,-54140.0,-89.75,51039.0,84.61,3101.0,5.14,7.0,0.962,0.966,26583000.0,25626012,25626012,2026-08-18,2026-08-18 11:32:34+08:00
159763,新材料ETF建信,0.772,0.774,0.26,-0.008,-1.03,20684.0,1613783.9,0.782,0.788,0.771,0.78,2.18,2.31,0.68,-7.3,10407.0,10277.0,353875.0,21.93,0.0,0.0,353875.0,21.93,-369806.0,-22.92,15930.0,0.99,1.0,0.773,0.778,89707747.0,69254381,69254381,2026-08-18,2026-08-18 11:32:24+08:00
159743,湖北ETF博时,1.44,1.4444,0.3,-0.015,-1.03,1641.0,237113.2,1.455,1.46,1.433,1.455,1.86,0.15,0.68,63.34,1283.0,358.0,-133085.0,-56.13,0.0,0.0,-133085.0,-56.13,164249.0,69.27,-31163.0,-13.14,24.0,1.431,1.447,109941100.0,158315184,158315184,2026-08-18,2026-08-18 11:32:51+08:00
561510,中药ETF华泰柏瑞,0.964,0.9636,-0.04,-0.01,-1.03,10530.0,1018978.0,0.974,0.975,0.962,0.974,1.33,1.57,0.89,61.61,3768.0,6762.0,261534.0,25.67,204400.0,20.06,57134.0,5.61,-182611.0,-17.92,-78923.0,-7.75,-1289.0,0.962,0.969,67206000.0,64786584,64786584,2026-08-18,2026-08-18 11:32:43+08:00
563870,通用航空ETF鹏华,0.666,0.6643,-0.26,-0.007,-1.04,4121.0,274132.0,0.671,0.672,0.661,0.673,1.63,0.39,0.69,60.59,291.0,3830.0,-36459.0,-13.3,0.0,0.0,-36459.0,-13.3,1131.0,0.41,35329.0,12.89,2.0,0.662,0.668,105303900.0,70132397,70132397,2026-08-18,2026-08-18 11:32:40+08:00
159271,恒生ETF鹏华,0.954,0.9582,0.44,-0.01,-1.04,22270.0,2126918.8,0.961,0.961,0.953,0.964,0.83,0.82,0.42,89.95,8257.0,14013.0,382472.0,17.98,546770.0,25.71,-164298.0,-7.72,-89328.0,-4.2,-293145.0,-13.78,-54.0,0.954,0.955,272386736.0,259856946,259856946,2026-08-18,2026-08-18 11:33:03+08:00
159801,芯片ETF广发,1.24,1.2424,0.19,-0.013,-1.04,1528384.0,190734133.275,1.252,1.265,1.225,1.253,3.19,3.56,1.64,1.8,732174.0,796210.0,-19281147.0,-10.11,-6487654.0,-3.4,-12793493.0,-6.71,3577470.0,1.88,15703678.0,8.23,-119.0,1.24,1.241,4298120192.0,5329669038,5329669038,2026-08-18,2026-08-18 11:33:15+08:00
513600,恒生指数ETF南方,2.757,2.7637,0.24,-0.029,-1.04,168349.0,46485290.0,2.763,2.775,2.753,2.786,0.79,2.6,0.96,-18.79,69474.0,98875.0,-2794748.0,-6.01,66221.0,0.14,-2860969.0,-6.15,2730670.0,5.87,64078.0,0.14,-75.0,2.756,2.759,647829504.0,1786065943,1786065943,2026-08-18,2026-08-18 11:32:49+08:00
159943,深证成指ETF大成,1.607,1.6062,-0.05,-0.017,-1.05,117683.0,18962614.0,1.621,1.625,1.597,1.624,1.72,6.91,1.26,81.18,37156.0,80527.0,2089998.0,11.02,1605000.0,8.46,484998.0,2.56,-3938553.0,-20.77,1848554.0,9.75,-16.0,1.606,1.607,170229922.0,273559485,273559485,2026-08-18,2026-08-18 11:32:51+08:00
159901,深证100ETF易方达,3.767,3.7655,-0.04,-0.04,-1.05,887043.0,334897479.576,3.8,3.81,3.742,3.807,1.79,8.96,2.03,-63.76,443148.0,443895.0,2162716.0,0.65,-4133083.0,-1.23,6295799.0,1.88,7895762.0,2.36,-10058478.0,-3.0,1.0,3.761,3.767,990434928.0,3730968374,3730968374,2026-08-18,2026-08-18 11:32:30+08:00
159966,创业板价值ETF华夏,0.568,0.5696,0.28,-0.006,-1.05,131586.0,7491166.544,0.574,0.575,0.566,0.574,1.57,2.05,1.72,-2.21,77141.0,54445.0,656693.0,8.77,649439.0,8.67,7254.0,0.1,-276607.0,-3.69,-380087.0,-5.07,-1.0,0.568,0.57,641999520.0,364655727,364655727,2026-08-18,2026-08-18 11:32:51+08:00
159715,稀土ETF易方达,1.229,1.2291,0.01,-0.013,-1.05,271246.0,33490296.5,1.237,1.25,1.224,1.242,2.09,5.19,1.05,2.83,119629.0,151617.0,2179819.0,6.51,2659533.0,7.94,-479714.0,-1.43,-1084757.0,-3.24,-1095062.0,-3.27,279.0,1.228,1.23,523030272.0,642804204,642804204,2026-08-18,2026-08-18 11:32:45+08:00
159637,新能源车ETF东财,0.842,0.8409,-0.13,-0.009,-1.06,83182.0,7058991.4,0.851,0.856,0.839,0.851,2.0,1.34,0.46,-17.04,24447.0,58735.0,136799.0,1.94,124562.0,1.76,12237.0,0.17,-584668.0,-8.28,447869.0,6.34,11.0,0.84,0.842,621768096.0,523528737,523528737,2026-08-18,2026-08-18 11:33:15+08:00
560990,科技先锋ETF中金,1.213,1.2153,0.19,-0.013,-1.06,1163.0,141893.0,1.221,1.228,1.209,1.226,1.55,0.61,0.48,-7.83,18.0,1145.0,23714.0,16.71,0.0,0.0,23714.0,16.71,18193.0,12.82,-41907.0,-29.53,3.0,1.201,1.223,19187100.0,23273952,23273952,2026-08-18,2026-08-18 11:32:42+08:00
560590,中证1000增强ETF鹏华,1.488,1.4925,0.3,-0.016,-1.06,9092.0,1356579.0,1.504,1.507,1.479,1.504,1.86,3.17,1.55,33.67,5731.0,3361.0,-422046.0,-31.11,0.0,0.0,-422046.0,-31.11,406875.0,29.99,15171.0,1.12,201.0,1.488,1.495,28710000.0,42720480,42720480,2026-08-18,2026-08-18 11:32:43+08:00
159902,中小100ETF华夏,4.769,4.7662,-0.06,-0.051,-1.06,9787.0,4692801.5,4.82,4.83,4.743,4.82,1.8,1.33,1.62,-22.45,2765.0,7022.0,613762.0,13.08,0.0,0.0,613762.0,13.08,-521314.0,-11.11,-92449.0,-1.97,1.0,4.75,4.773,73460849.0,350334789,350334789,2026-08-18,2026-08-18 11:32:27+08:00
159091,港股通金融ETF易方达,1.028,1.0295,0.15,-0.011,-1.06,12946.0,1333774.7,1.039,1.04,1.026,1.039,1.35,3.77,0.5,29.94,3960.0,8986.0,378551.0,28.38,0.0,0.0,378551.0,28.38,-331953.0,-24.89,-46598.0,-3.49,15.0,1.027,1.031,34374196.0,35336673,35336673,2026-08-18,2026-08-18 11:32:36+08:00
159211,深证100ETF富国,1.496,1.4991,0.21,-0.016,-1.06,6819.0,1028213.8,1.511,1.515,1.49,1.512,1.65,3.46,0.65,-17.24,2902.0,3917.0,169400.0,16.48,0.0,0.0,169400.0,16.48,-132379.0,-12.87,-37021.0,-3.6,-1.0,1.49,1.542,19683294.0,29446208,29446208,2026-08-18,2026-08-18 11:32:30+08:00
159320,电网设备ETF广发,0.653,0.6529,-0.02,-0.007,-1.06,657901.0,43317104.4,0.659,0.667,0.65,0.66,2.58,3.69,1.06,47.87,247961.0,409940.0,-1864592.0,-4.3,-5484931.0,-12.66,3620339.0,8.36,363104.0,0.84,1501487.0,3.47,-33.0,0.653,0.654,1784235520.0,1165105795,1165105795,2026-08-18,2026-08-18 11:32:27+08:00
159777,创科技ETF国联安,1.299,1.3005,0.12,-0.014,-1.07,8209.0,1070191.7,1.305,1.325,1.288,1.313,2.82,2.9,0.66,-18.52,3340.0,4869.0,325234.0,30.39,0.0,0.0,325234.0,30.39,-356553.0,-33.32,31319.0,2.93,10.0,1.298,1.301,28280565.0,36736454,36736454,2026-08-18,2026-08-18 11:33:15+08:00
159532,中证2000ETF易方达,1.67,1.6733,0.2,-0.018,-1.07,150972.0,25310670.9,1.688,1.692,1.662,1.688,1.78,8.41,1.08,22.82,73699.0,77273.0,412326.0,1.63,-904238.0,-3.57,1316564.0,5.2,240964.0,0.95,-653290.0,-2.58,-1472.0,1.671,1.672,179564791.0,299873201,299873201,2026-08-18,2026-08-18 11:32:54+08:00
159973,民企ETF弘毅远方,2.03,2.0278,-0.11,-0.022,-1.07,1575.0,321258.9,2.047,2.05,2.023,2.052,1.32,0.08,1.03,-3.33,87.0,1488.0,38432.0,11.96,0.0,0.0,38432.0,11.96,-9775.0,-3.04,-28657.0,-8.92,9.0,2.025,2.03,199976423.0,405952139,405952139,2026-08-18,2026-08-18 11:32:54+08:00
588380,科创创业ETF富国,1.202,1.2044,0.2,-0.013,-1.07,717497.0,86319634.0,1.215,1.22,1.19,1.215,2.47,2.72,1.6,61.99,374592.0,342905.0,-3919895.0,-4.54,-7346644.0,-8.51,3426749.0,3.97,3241772.0,3.76,678123.0,0.79,-15.0,1.2,1.202,2636770000.0,3169397540,3169397540,2026-08-18,2026-08-18 11:32:43+08:00
513050,中概互联网ETF易方达,1.102,1.1157,1.23,-0.012,-1.08,11013371.0,1212739332.0,1.107,1.113,1.094,1.114,1.71,3.24,1.19,22.71,5070864.0,5942507.0,-74844416.0,-6.17,-26861296.0,-2.21,-47983120.0,-3.96,36993519.0,3.05,37850907.0,3.12,500.0,1.1,1.102,33963432704.0,37427702840,37427702840,2026-08-18,2026-08-18 11:32:47+08:00
588360,科创创业ETF国泰,1.288,1.2888,0.06,-0.014,-1.08,157995.0,20344698.0,1.302,1.306,1.273,1.302,2.53,7.6,1.9,18.48,80731.0,77264.0,-555690.0,-2.73,2401939.0,11.81,-2957629.0,-14.54,817705.0,4.02,-262015.0,-1.29,430.0,1.285,1.292,207881800.0,267751758,267751758,2026-08-18,2026-08-18 11:32:34+08:00
561500,漂亮50ETF华泰柏瑞,0.826,0.8292,0.39,-0.009,-1.08,4551.0,378395.0,0.836,0.836,0.826,0.835,1.2,0.81,1.17,-14.0,898.0,3653.0,-27312.0,-7.22,0.0,0.0,-27312.0,-7.22,16580.0,4.38,10732.0,2.84,-69.0,0.826,0.833,56100300.0,46338848,46338848,2026-08-18,2026-08-18 11:32:51+08:00
159108,工业软件ETF博时,1.01,1.0078,-0.22,-0.011,-1.08,28643.0,2891431.9,1.019,1.051,1.001,1.021,4.9,2.31,1.26,70.67,15203.0,13440.0,175100.0,6.06,57898.0,2.0,117202.0,4.05,-281725.0,-9.74,106625.0,3.69,9.0,1.007,1.01,123738511.0,124975896,124975896,2026-08-18,2026-08-18 11:32:48+08:00
516050,科技龙头ETF工银,1.469,1.4639,-0.35,-0.016,-1.08,58751.0,8672574.0,1.485,1.492,1.45,1.485,2.83,3.76,2.06,-39.04,27075.0,31676.0,1384550.0,15.96,1620204.0,18.68,-235654.0,-2.72,-479505.0,-5.53,-905045.0,-10.44,16.0,1.458,1.474,156228000.0,229498932,229498932,2026-08-18,2026-08-18 11:32:45+08:00
510570,中证500ETF兴业,1.279,1.2781,-0.07,-0.014,-1.08,8773.0,1128160.0,1.29,1.294,1.27,1.293,1.86,2.65,0.39,51.9,514.0,8259.0,96681.0,8.57,0.0,0.0,96681.0,8.57,-98140.0,-8.7,1458.0,0.13,1.0,1.273,1.28,33060600.0,42284507,42284507,2026-08-18,2026-08-18 11:33:05+08:00
159647,中药ETF鹏华,0.913,0.9132,0.02,-0.01,-1.08,199396.0,18270486.0,0.921,0.926,0.911,0.923,1.63,1.87,0.85,41.07,81027.0,118369.0,3258561.0,17.84,5103476.0,27.93,-1844915.0,-10.1,-4441242.0,-24.31,1182680.0,6.47,15.0,0.912,0.914,1064461760.0,971853587,971853587,2026-08-18,2026-08-18 11:32:51+08:00
159335,央企科创ETF融通,1.55,1.5522,0.14,-0.017,-1.08,16223.0,2527455.5,1.569,1.575,1.545,1.567,1.91,2.56,1.02,-5.69,7401.0,8822.0,-718482.0,-28.43,166446.0,6.59,-884928.0,-35.01,734067.0,29.04,-15586.0,-0.62,84.0,1.547,1.554,63483689.0,98399718,98399718,2026-08-18,2026-08-18 11:33:03+08:00
562350,电力ETF银华,1.088,1.0898,0.17,-0.012,-1.09,49127.0,5365581.0,1.099,1.099,1.088,1.1,1.0,3.47,0.64,54.34,11897.0,37230.0,-384638.0,-7.17,0.0,0.0,-384638.0,-7.17,377382.0,7.03,7256.0,0.14,-2.0,1.088,1.089,141410900.0,153855059,153855059,2026-08-18,2026-08-18 11:32:46+08:00
589320,科创200ETF嘉实,0.906,0.9067,0.08,-0.01,-1.09,19841.0,1799278.0,0.916,0.919,0.897,0.916,2.4,1.74,1.14,-62.8,6824.0,13017.0,-57279.0,-3.18,-130718.0,-7.27,73439.0,4.08,41423.0,2.3,15856.0,0.88,-16.0,0.904,0.908,114053000.0,103332018,103332018,2026-08-18,2026-08-18 11:32:24+08:00
159125,港股通科技ETF招商,0.726,0.7294,0.47,-0.008,-1.09,474911.0,34557177.5,0.735,0.739,0.724,0.734,2.04,5.53,3.14,75.82,166187.0,308724.0,13889336.0,40.19,187820.0,0.54,13701516.0,39.65,-14119071.0,-40.86,229735.0,0.66,-439.0,0.726,0.728,859245888.0,623812515,623812515,2026-08-18,2026-08-18 11:32:51+08:00
159265,港股消费ETF鹏华,0.811,0.8106,-0.05,-0.009,-1.1,67107.0,5460714.0,0.818,0.82,0.811,0.82,1.1,3.77,1.12,16.14,31535.0,35572.0,-483685.0,-8.86,-32761.0,-0.6,-450924.0,-8.26,340008.0,6.23,143677.0,2.63,10.0,0.81,0.811,177950894.0,144318175,144318175,2026-08-18,2026-08-18 11:33:00+08:00
159957,创业板ETF华夏,2.433,2.4292,-0.16,-0.027,-1.1,717795.0,175260375.92,2.46,2.468,2.411,2.46,2.32,6.24,1.66,30.06,362572.0,355223.0,-5977724.0,-3.41,8447589.0,4.82,-14425313.0,-8.23,-101880.0,-0.06,6079604.0,3.47,15.0,2.429,2.432,1150784560.0,2799858834,2799858834,2026-08-18,2026-08-18 11:33:03+08:00
589390,科创芯片设计ETF招商,0.811,0.811,0.0,-0.009,-1.1,150806.0,12251801.0,0.819,0.823,0.798,0.82,3.05,1.23,1.05,11.1,54748.0,96058.0,-1229828.0,-10.04,-701813.0,-5.73,-528015.0,-4.31,813607.0,6.64,416220.0,3.4,-1233.0,0.81,0.812,1227810496.0,995754312,995754312,2026-08-18,2026-08-18 11:32:37+08:00
159149,创业板新能源ETF工银,0.9,0.9025,0.28,-0.01,-1.1,45780.0,4148626.2,0.908,0.914,0.899,0.91,1.65,8.25,1.62,-6.85,28958.0,16822.0,463481.0,11.17,1899626.0,45.79,-1436145.0,-34.62,-22787.0,-0.55,-440695.0,-10.62,500.0,0.901,0.904,55515298.0,49963768,49963768,2026-08-18,2026-08-18 11:32:33+08:00
588550,科创综指增强ETF易方达,1.442,1.4433,0.09,-0.016,-1.1,40025.0,5840619.0,1.457,1.517,1.428,1.458,6.1,6.32,2.14,-96.95,23928.0,16097.0,-621338.0,-10.64,-331045.0,-5.67,-290293.0,-4.97,27642.0,0.47,593695.0,10.16,17.0,1.442,1.451,63290000.0,91264180,91264180,2026-08-18,2026-08-18 11:32:29+08:00
562390,中药ETF银华,0.895,0.895,0.0,-0.01,-1.1,9673.0,868777.0,0.905,0.905,0.894,0.905,1.22,1.22,0.92,74.35,3818.0,5855.0,12572.0,1.45,380539.0,43.8,-367967.0,-42.35,-122529.0,-14.1,109956.0,12.66,-5.0,0.894,0.9,79429000.0,71088955,71088955,2026-08-18,2026-08-18 11:32:31+08:00
159850,恒生国企ETF华夏,0.81,0.8135,0.43,-0.009,-1.1,41222.0,3353344.9,0.821,0.821,0.81,0.819,1.34,0.85,1.2,30.31,18236.0,22986.0,152881.0,4.56,-82.0,0.0,152963.0,4.56,-212791.0,-6.35,59910.0,1.79,-308.0,0.81,0.812,487706496.0,395042262,395042262,2026-08-18,2026-08-18 11:33:00+08:00
589210,科创芯片设计ETF广发,0.722,0.7221,0.01,-0.008,-1.1,516005.0,37308826.0,0.732,0.733,0.71,0.73,3.15,4.17,1.72,-1.4,285381.0,230624.0,-1048548.0,-2.81,1453335.0,3.9,-2501883.0,-6.71,322844.0,0.87,725703.0,1.95,-143.0,0.721,0.723,1236938000.0,893069236,893069236,2026-08-18,2026-08-18 11:32:39+08:00
159713,稀土ETF富国,1.334,1.3351,0.08,-0.015,-1.11,271747.0,36435718.3,1.345,1.358,1.329,1.349,2.15,5.12,1.11,18.24,104451.0,167296.0,-1419039.0,-3.89,2318711.0,6.36,-3737750.0,-10.26,-228017.0,-0.63,1647055.0,4.52,-200.0,1.334,1.336,531255056.0,708694245,708694245,2026-08-18,2026-08-18 11:32:42+08:00
159685,1000增强ETF天弘,1.508,1.5124,0.29,-0.017,-1.11,7837.0,1195616.5,1.529,1.534,1.503,1.525,2.03,4.03,0.82,-1.97,2078.0,5759.0,191562.0,16.02,0.0,0.0,191562.0,16.02,-159930.0,-13.38,-31633.0,-2.65,179.0,1.51,1.512,19440067.0,29315621,29315621,2026-08-18,2026-08-18 11:32:42+08:00
560410,电池ETF鹏华,0.889,0.8906,0.18,-0.01,-1.11,5926.0,529621.0,0.893,0.904,0.888,0.899,1.78,0.99,0.47,-48.59,1229.0,4697.0,95658.0,18.06,74286.0,14.03,21372.0,4.04,-58233.0,-11.0,-37426.0,-7.07,-93.0,0.888,0.895,59786100.0,53149843,53149843,2026-08-18,2026-08-18 11:32:31+08:00
516350,芯片ETF易方达,1.776,1.7775,0.08,-0.02,-1.11,967658.0,173268587.0,1.8,1.814,1.755,1.796,3.29,6.83,1.43,26.59,415247.0,552411.0,-33454829.0,-19.31,-10862280.0,-6.27,-22592549.0,-13.04,1601010.0,0.92,31853820.0,18.38,-6.0,1.776,1.778,1416415296.0,2515553566,2515553566,2026-08-18,2026-08-18 11:32:47+08:00
516780,稀土ETF华泰柏瑞,0.89,0.8919,0.21,-0.01,-1.11,551527.0,49439539.0,0.897,0.907,0.887,0.9,2.22,2.28,1.12,-30.56,213602.0,337925.0,2603427.0,5.27,4250109.0,8.6,-1646682.0,-3.33,-3523092.0,-7.13,919664.0,1.86,-227.0,0.89,0.893,2421099696.0,2154778729,2154778729,2026-08-18,2026-08-18 11:32:58+08:00
512660,军工ETF国泰,1.159,1.1593,0.03,-0.013,-1.11,1484079.0,172793743.0,1.173,1.176,1.154,1.172,1.88,2.54,1.59,-8.2,678505.0,805573.0,-1086148.0,-0.63,6653695.0,3.85,-7739843.0,-4.48,796297.0,0.46,289851.0,0.17,-65.0,1.159,1.16,5850080000.0,6780242720,6780242720,2026-08-18,2026-08-18 11:33:04+08:00
159325,半导体ETF南方,2.302,2.3014,-0.03,-0.026,-1.12,482071.0,111633391.968,2.33,2.35,2.274,2.328,3.26,9.75,1.49,18.89,205907.0,276164.0,-10605426.0,-9.5,2617578.0,2.34,-13223004.0,-11.85,-3716601.0,-3.33,14322026.0,12.83,20.0,2.302,2.303,494460528.0,1138248135,1138248135,2026-08-18,2026-08-18 11:32:33+08:00
562000,A100ETF华宝,0.618,0.6191,0.18,-0.007,-1.12,52128.0,3242908.0,0.621,0.625,0.617,0.625,1.28,0.87,1.42,53.08,20666.0,31462.0,-552662.0,-17.04,-320408.0,-9.88,-232254.0,-7.16,26387.0,0.81,526276.0,16.23,-7.0,0.619,0.622,596737904.0,368784025,368784025,2026-08-18,2026-08-18 11:32:55+08:00
589170,科创芯片设计ETF鹏华,1.15,1.1516,0.14,-0.013,-1.12,43354.0,4999189.0,1.16,1.168,1.133,1.163,3.01,3.19,1.37,-59.02,11230.0,32124.0,2468.0,0.05,233564.0,4.67,-231096.0,-4.62,-321382.0,-6.43,318915.0,6.38,400.0,1.149,1.153,135909000.0,156295350,156295350,2026-08-18,2026-08-18 11:32:40+08:00
512260,中证500低波动ETF华安,1.942,1.9437,0.09,-0.022,-1.12,3331.0,650820.0,1.952,1.96,1.94,1.964,1.02,1.63,1.42,-9.14,1312.0,2019.0,87244.0,13.41,0.0,0.0,87244.0,13.41,0.0,0.0,-87243.0,-13.41,3.0,1.938,1.954,20497700.0,39806533,39806533,2026-08-18,2026-08-18 11:32:59+08:00
159289,创业板综指ETF鹏华,1.145,1.1473,0.2,-0.013,-1.12,9138.0,1051856.0,1.156,1.16,1.138,1.158,1.9,2.7,0.9,-1.24,1708.0,7430.0,100651.0,9.57,0.0,0.0,100651.0,9.57,-108885.0,-10.35,8234.0,0.78,13.0,1.145,1.149,33902640.0,38818523,38818523,2026-08-18,2026-08-18 11:33:09+08:00
159636,港股通科技30ETF工银,0.53,0.5312,0.23,-0.006,-1.12,2704880.0,143547269.8,0.533,0.538,0.527,0.536,2.05,1.21,1.01,51.7,1160236.0,1544644.0,-1333001.0,-0.93,-3076110.0,-2.14,1743109.0,1.21,1113636.0,0.78,219365.0,0.15,5.0,0.529,0.53,22326501120.0,11833045594,11833045594,2026-08-18,2026-08-18 11:32:57+08:00
560910,电池ETF华泰柏瑞,0.798,0.7982,0.03,-0.009,-1.12,108391.0,8679397.0,0.808,0.81,0.796,0.807,1.73,5.43,1.72,75.34,46079.0,62312.0,1292968.0,14.9,2192266.0,25.26,-899298.0,-10.36,-1235786.0,-14.24,-57181.0,-0.66,20.0,0.798,0.8,199721000.0,159377358,159377358,2026-08-18,2026-08-18 11:32:56+08:00
159291,创业板综增强ETF招商,1.233,1.2392,0.5,-0.014,-1.12,1327.0,165507.0,1.25,1.25,1.233,1.247,1.36,0.76,0.2,-15.46,1168.0,159.0,-13223.0,-7.99,0.0,0.0,-13223.0,-7.99,20224.0,12.22,-7001.0,-4.23,6.0,1.237,1.239,17457388.0,21524959,21524959,2026-08-18,2026-08-18 11:33:12+08:00
589250,科创芯片设计ETF浦银,1.325,1.3269,0.14,-0.015,-1.12,54548.0,7241508.0,1.338,1.345,1.306,1.34,2.91,6.56,2.04,-55.59,24683.0,29865.0,-386694.0,-5.34,20249.0,0.28,-406943.0,-5.62,-252279.0,-3.48,638973.0,8.82,-2.0,1.32,1.325,83101300.0,110109223,110109223,2026-08-18,2026-08-18 11:32:30+08:00
159245,港股通消费ETF富国,0.79,0.7884,-0.2,-0.009,-1.13,10122.0,801350.1,0.8,0.8,0.79,0.799,1.25,1.4,0.74,77.06,5988.0,4134.0,-274769.0,-34.29,0.0,0.0,-274769.0,-34.29,191024.0,23.84,83745.0,10.45,-235.0,0.79,0.791,72113296.0,56969504,56969504,2026-08-18,2026-08-18 11:32:51+08:00
589030,科创芯片设计ETF易方达,1.221,1.2221,0.09,-0.014,-1.13,483082.0,59110909.0,1.236,1.242,1.202,1.235,3.24,8.41,1.76,-27.27,231497.0,251585.0,-3149339.0,-5.33,940180.0,1.59,-4089519.0,-6.92,388987.0,0.66,2760352.0,4.67,-20.0,1.221,1.223,574077008.0,700948027,700948027,2026-08-18,2026-08-18 11:32:45+08:00
516640,芯片ETF富国,1.572,1.5704,-0.1,-0.018,-1.13,825836.0,130696697.0,1.591,1.605,1.552,1.59,3.33,6.54,1.38,7.84,350276.0,475560.0,-15770916.0,-12.07,-1701069.0,-1.3,-14069847.0,-10.77,-243621.0,-0.19,16014536.0,12.25,-11.0,1.57,1.572,1262482800.0,1984622962,1984622962,2026-08-18,2026-08-18 11:33:01+08:00
159386,A500ETF永赢,1.315,1.3179,0.22,-0.015,-1.13,66494.0,8784574.4,1.329,1.331,1.315,1.33,1.2,10.92,1.32,-22.19,39401.0,27093.0,-280964.0,-3.2,-412917.0,-4.7,131953.0,1.5,236401.0,2.69,44563.0,0.51,-1.0,1.316,1.329,60869559.0,80043470,80043470,2026-08-18,2026-08-18 11:32:27+08:00
159523,沪深300成长ETF华夏,1.312,1.3108,-0.09,-0.015,-1.13,43750.0,5757907.9,1.327,1.327,1.304,1.327,1.73,6.03,1.56,-8.75,21517.0,22233.0,360343.0,6.26,1240785.0,21.55,-880442.0,-15.29,-170160.0,-2.96,-190183.0,-3.3,-495.0,1.308,1.315,72517348.0,95142761,95142761,2026-08-18,2026-08-18 11:33:21+08:00
159371,创业板50ETF富国,1.833,1.8298,-0.17,-0.021,-1.13,32259.0,5924444.0,1.854,1.857,1.815,1.854,2.27,1.9,1.42,6.0,12899.0,19360.0,1268332.0,21.41,1286606.0,21.72,-18274.0,-0.31,-1696529.0,-28.64,428196.0,7.23,50.0,1.827,1.831,170221172.0,312015408,312015408,2026-08-18,2026-08-18 11:33:15+08:00
520520,恒生消费ETF华泰柏瑞,0.959,0.9578,-0.13,-0.011,-1.13,4509.0,433251.0,0.965,0.965,0.957,0.97,0.82,0.83,0.28,18.11,2412.0,2097.0,-50209.0,-11.59,0.0,0.0,-50209.0,-11.59,-8654.0,-2.0,58864.0,13.59,302.0,0.957,0.96,54606000.0,52367154,52367154,2026-08-18,2026-08-18 11:32:49+08:00
513140,港股通金融ETF华泰柏瑞,1.652,1.6542,0.13,-0.019,-1.14,157301.0,26036577.0,1.667,1.667,1.652,1.671,0.9,18.87,1.69,-25.45,62825.0,94476.0,2695607.0,10.35,0.0,0.0,2695607.0,10.35,-184817.0,-0.71,-2510790.0,-9.64,495.0,1.651,1.652,83368000.0,137723936,137723936,2026-08-18,2026-08-18 11:32:55+08:00
159318,恒指港股通ETF银华,1.305,1.3085,0.27,-0.015,-1.14,2693.0,351577.9,1.307,1.312,1.257,1.32,4.17,1.73,1.56,-74.32,2191.0,502.0,-189809.0,-53.99,0.0,0.0,-189809.0,-53.99,196847.0,55.99,-7038.0,-2.0,9.0,1.303,1.307,15601647.0,20360149,20360149,2026-08-18,2026-08-18 11:32:30+08:00
159603,科创创业ETF天弘,1.819,1.8198,0.04,-0.021,-1.14,46610.0,8491056.9,1.841,1.843,1.797,1.84,2.5,0.18,1.11,-6.94,20962.0,25648.0,53267.0,0.63,61796.0,0.73,-8529.0,-0.1,-742081.0,-8.74,688814.0,8.11,-640.0,1.815,1.818,2540071920.0,4620390822,4620390822,2026-08-18,2026-08-18 11:33:00+08:00
159251,港股通科技ETF万家,0.782,0.7825,0.06,-0.009,-1.14,125180.0,9813984.1,0.791,0.793,0.778,0.791,1.9,5.01,0.98,40.87,40213.0,84967.0,-193838.0,-1.98,-108606.0,-1.11,-85232.0,-0.87,115675.0,1.18,78162.0,0.8,260.0,0.781,0.782,249787744.0,195334016,195334016,2026-08-18,2026-08-18 11:32:27+08:00
588300,科创创业50ETF招商,1.219,1.2203,0.11,-0.014,-1.14,439093.0,53685651.0,1.233,1.237,1.207,1.233,2.43,2.91,2.38,-31.0,287704.0,151389.0,-3122132.0,-5.82,-3933730.0,-7.33,811598.0,1.51,859854.0,1.6,2262279.0,4.21,-500.0,1.219,1.222,1510210496.0,1840946595,1840946595,2026-08-18,2026-08-18 11:32:43+08:00
159521,国证2000ETF平安,1.302,1.3054,0.26,-0.015,-1.14,13061.0,1705056.6,1.314,1.315,1.296,1.317,1.44,7.15,1.48,18.35,4602.0,8459.0,348917.0,20.46,0.0,0.0,348917.0,20.46,3010.0,0.18,-351927.0,-20.64,-144.0,1.302,1.306,18274435.0,23793314,23793314,2026-08-18,2026-08-18 11:32:42+08:00
561160,电池ETF富国,0.773,0.7738,0.1,-0.009,-1.15,400474.0,31117430.0,0.782,0.786,0.77,0.782,2.05,1.73,1.49,45.03,126669.0,273805.0,-2130089.0,-6.85,1213481.0,3.9,-3343570.0,-10.75,1036328.0,3.33,1093762.0,3.51,1.0,0.772,0.773,2310835008.0,1786275461,1786275461,2026-08-18,2026-08-18 11:32:58+08:00
563010,电信ETF易方达,2.234,2.2358,0.08,-0.026,-1.15,22783.0,5097381.0,2.262,2.262,2.222,2.26,1.77,2.37,0.97,43.59,11811.0,10972.0,-645945.0,-12.67,6075.0,0.12,-652020.0,-12.79,284163.0,5.57,361781.0,7.1,-1.0,2.23,2.234,96189300.0,214886896,214886896,2026-08-18,2026-08-18 11:32:51+08:00
515700,新能源车ETF平安,2.244,2.2443,0.01,-0.026,-1.15,113958.0,25717313.0,2.277,2.298,2.237,2.27,2.69,1.61,1.26,91.12,66872.0,47086.0,-2455836.0,-9.55,-335963.0,-1.31,-2119873.0,-8.24,1870154.0,7.27,585681.0,2.28,310.0,2.24,2.244,709510208.0,1592140907,1592140907,2026-08-18,2026-08-18 11:32:46+08:00
159305,储能电池ETF广发,0.859,0.8596,0.07,-0.01,-1.15,178612.0,15447117.6,0.87,0.872,0.856,0.869,1.84,1.49,0.75,73.61,77559.0,101053.0,853072.0,5.52,-313267.0,-2.03,1166339.0,7.55,-1319849.0,-8.54,466777.0,3.02,-500.0,0.859,0.86,1197640304.0,1028773021,1028773021,2026-08-18,2026-08-18 11:32:45+08:00
517520,黄金股ETF永赢,2.05,2.0534,0.17,-0.024,-1.16,1720365.0,355935523.0,2.083,2.101,2.049,2.074,2.51,2.22,0.56,88.39,706863.0,1013502.0,44288417.0,12.44,20503825.0,5.76,23784592.0,6.68,-34333987.0,-9.65,-9954430.0,-2.8,-228.0,2.05,2.052,7750404096.0,15888328397,15888328397,2026-08-18,2026-08-18 11:32:46+08:00
588400,科创创业ETF嘉实,1.197,1.1975,0.04,-0.014,-1.16,330727.0,39634413.0,1.211,1.215,1.184,1.211,2.56,2.54,1.94,-2.03,157621.0,173106.0,-3307237.0,-8.34,-7641737.0,-19.28,4334500.0,10.94,2829576.0,7.14,477662.0,1.21,-59.0,1.195,1.197,1302600608.0,1559212928,1559212928,2026-08-18,2026-08-18 11:32:38+08:00
588330,双创50ETF华宝,1.195,1.1935,-0.13,-0.014,-1.16,589124.0,70679554.0,1.208,1.213,1.183,1.209,2.48,5.28,2.14,-25.64,195442.0,393682.0,893471.0,1.26,2905604.0,4.11,-2012133.0,-2.85,-1517545.0,-2.15,624074.0,0.88,-4.0,1.195,1.196,1115737808.0,1333306681,1333306681,2026-08-18,2026-08-18 11:32:36+08:00
561780,1000增强ETF博时,1.614,1.6161,0.13,-0.019,-1.16,9756.0,1582702.0,1.633,1.635,1.605,1.633,1.84,4.57,0.83,-0.11,3896.0,5860.0,124891.0,7.89,0.0,0.0,124891.0,7.89,-255489.0,-16.14,130598.0,8.25,10.0,1.612,1.616,21355800.0,34468261,34468261,2026-08-18,2026-08-18 11:32:29+08:00
561770,A100ETF博时,1.282,1.2872,0.4,-0.015,-1.16,3303.0,425968.0,1.299,1.299,1.282,1.297,1.31,0.88,1.39,4.35,75.0,3228.0,142579.0,33.47,0.0,0.0,142579.0,33.47,-155573.0,-36.52,12994.0,3.05,6.0,1.278,1.297,37550000.0,48139100,48139100,2026-08-18,2026-08-18 11:32:33+08:00
588660,科创创业50ETF兴银,1.964,1.9587,-0.27,-0.023,-1.16,10720.0,2105031.0,1.969,1.987,1.944,1.987,2.16,2.59,0.98,2.54,4897.0,5823.0,262983.0,12.49,0.0,0.0,262983.0,12.49,-485433.0,-23.06,222450.0,10.57,32.0,1.958,1.962,41344000.0,81199616,81199616,2026-08-18,2026-08-18 11:32:52+08:00
589290,科创芯片设计ETF汇添富,0.845,0.8449,-0.01,-0.01,-1.17,31097.0,2627769.0,0.855,0.856,0.83,0.855,3.04,2.43,0.88,1.16,8292.0,22805.0,-358988.0,-13.66,249284.0,9.49,-608272.0,-23.15,156791.0,5.97,202196.0,7.69,10.0,0.843,0.845,127848900.0,108032321,108032321,2026-08-18,2026-08-18 11:32:46+08:00
515530,中证500ETF泰康,4.48,4.4819,0.04,-0.053,-1.17,6474.0,2908191.0,4.533,4.533,4.458,4.533,1.65,5.29,1.45,97.33,2681.0,3793.0,869033.0,29.88,0.0,0.0,869033.0,29.88,-52543.0,-1.81,-816490.0,-28.08,15.0,4.461,4.487,12242700.0,54847296,54847296,2026-08-18,2026-08-18 11:32:59+08:00
159908,创业板ETF博时,3.459,3.456,-0.09,-0.041,-1.17,222146.0,77101399.9,3.484,3.511,3.43,3.5,2.31,7.23,3.3,12.35,180788.0,41358.0,1934455.0,2.51,-1504643.0,-1.95,3439098.0,4.46,-2251233.0,-2.92,316778.0,0.41,-344.0,3.456,3.459,307229024.0,1062705194,1062705194,2026-08-18,2026-08-18 11:32:42+08:00
159903,深成ETF南方,1.778,1.7771,-0.05,-0.021,-1.17,217680.0,38811765.4,1.79,1.799,1.767,1.799,1.78,5.4,1.59,-74.78,89952.0,127728.0,-597880.0,-1.54,606679.0,1.56,-1204559.0,-3.1,-2940255.0,-7.58,3538136.0,9.12,50.0,1.776,1.778,403154512.0,716808722,716808722,2026-08-18,2026-08-18 11:32:33+08:00
159783,科创创业50ETF华夏,1.181,1.1823,0.11,-0.014,-1.17,883479.0,104458977.248,1.194,1.198,1.169,1.195,2.43,1.71,1.14,-27.28,400748.0,482731.0,-5910131.0,-5.66,14879284.0,14.24,-20789415.0,-19.9,2592557.0,2.48,3317574.0,3.18,7.0,1.181,1.182,5152859392.0,6085526942,6085526942,2026-08-18,2026-08-18 11:32:33+08:00
513730,东南亚科技ETF华泰柏瑞,1.17,1.19,1.68,-0.014,-1.18,79491.0,9320442.0,1.177,1.177,1.169,1.184,0.68,0.99,0.47,-36.62,32846.0,46645.0,-2063616.0,-22.14,-1111464.0,-11.93,-952152.0,-10.22,1206673.0,12.95,856943.0,9.19,324.0,1.169,1.17,803355008.0,939925359,939925359,2026-08-18,2026-08-18 11:32:54+08:00
159658,数字经济ETF华安,1.848,1.8453,-0.15,-0.022,-1.18,18592.0,3458662.3,1.87,1.88,1.83,1.87,2.67,4.33,1.05,29.23,9176.0,9416.0,-560707.0,-16.21,-520036.0,-15.04,-40671.0,-1.18,372323.0,10.76,188383.0,5.45,-5.0,1.839,1.858,42894877.0,79269733,79269733,2026-08-18,2026-08-18 11:33:00+08:00
159964,创业板ETF平安,2.426,2.4277,0.07,-0.029,-1.18,19910.0,4856687.6,2.454,2.463,2.408,2.455,2.24,1.22,1.91,-4.95,6961.0,12949.0,1021262.0,21.03,1196680.0,24.64,-175418.0,-3.61,-1015282.0,-20.9,-5979.0,-0.12,-6.0,2.425,2.426,163481881.0,396607043,396607043,2026-08-18,2026-08-18 11:33:09+08:00
159287,创业板综ETF博时,1.176,1.1751,-0.08,-0.014,-1.18,39457.0,4644871.272,1.184,1.19,1.166,1.19,2.02,3.74,0.44,-16.62,9922.0,29535.0,-485994.0,-10.46,343623.0,7.4,-829617.0,-17.86,380276.0,8.19,105718.0,2.28,77.0,1.172,1.18,105568753.0,124148854,124148854,2026-08-18,2026-08-18 11:32:45+08:00
159219,深证100ETF融通,1.418,1.4212,0.23,-0.017,-1.18,20288.0,2889652.4,1.435,1.436,1.414,1.435,1.53,24.19,6.52,-87.58,6207.0,14081.0,-158122.0,-5.47,0.0,0.0,-158122.0,-5.47,205214.0,7.1,-47093.0,-1.63,-528.0,1.407,1.435,8388018.0,11894210,11894210,2026-08-18,2026-08-18 11:32:39+08:00
159695,通信ETF嘉实,1.001,1.0033,0.23,-0.012,-1.18,561278.0,56301176.7,1.014,1.017,0.988,1.013,2.86,6.64,1.56,-3.86,250434.0,310844.0,1427833.0,2.54,7651461.0,13.59,-6223628.0,-11.05,-5092297.0,-9.04,3664464.0,6.51,-102.0,1.0,1.003,845436256.0,846281692,846281692,2026-08-18,2026-08-18 11:32:45+08:00
159808,创100ETF融通,1.429,1.4294,0.03,-0.017,-1.18,9870.0,1418231.9,1.443,1.449,1.42,1.446,2.01,1.99,1.53,-50.68,6794.0,3076.0,-340762.0,-24.03,0.0,0.0,-340762.0,-24.03,205611.0,14.5,135151.0,9.53,-8.0,1.424,1.453,49484790.0,70713765,70713765,2026-08-18,2026-08-18 11:32:36+08:00
159505,国证2000ETF博时,1.654,1.6633,0.56,-0.02,-1.19,28791.0,4793521.1,1.67,1.68,1.647,1.674,1.97,15.07,2.41,-1.12,11668.0,17123.0,-1025344.0,-21.39,-1242886.0,-25.93,217542.0,4.54,960856.0,20.04,64488.0,1.35,50.0,1.654,1.658,19104786.0,31599316,31599316,2026-08-18,2026-08-18 11:33:06+08:00
515200,创新100ETF申万菱信,2.646,2.6492,0.12,-0.032,-1.19,8868.0,2357344.0,2.646,2.677,2.64,2.678,1.38,2.28,3.16,11.08,3561.0,5307.0,121103.0,5.14,0.0,0.0,121103.0,5.14,-261463.0,-11.09,140359.0,5.95,285.0,2.64,2.646,38943200.0,103043707,103043707,2026-08-18,2026-08-18 11:33:05+08:00
561050,稀有金属ETF易方达,0.913,0.913,0.0,-0.011,-1.19,98501.0,9088763.0,0.924,0.936,0.909,0.924,2.92,4.15,1.11,1.69,43916.0,54585.0,285631.0,3.14,32722.0,0.36,252909.0,2.78,-468601.0,-5.16,182970.0,2.01,-106.0,0.912,0.913,237250000.0,216609250,216609250,2026-08-18,2026-08-18 11:32:52+08:00
159679,中证1000增强ETF国泰,1.323,1.3251,0.16,-0.016,-1.19,31094.0,4134678.7,1.339,1.346,1.315,1.339,2.32,5.62,1.08,18.63,17420.0,13674.0,147936.0,3.58,0.0,0.0,147936.0,3.58,-270444.0,-6.54,122508.0,2.96,-106.0,1.322,1.326,55289156.0,73147553,73147553,2026-08-18,2026-08-18 11:33:06+08:00
159630,A100ETF汇添富,1.398,1.4036,0.4,-0.017,-1.2,1178.0,165438.0,1.413,1.413,1.398,1.415,1.06,0.78,0.95,0.0,98.0,1080.0,165157.0,99.83,0.0,0.0,165157.0,99.83,-141362.0,-85.45,-23795.0,-14.38,-72.0,1.394,1.415,15113744.0,21129014,21129014,2026-08-18,2026-08-18 11:32:24+08:00
159810,创业板ETF浦银,1.486,1.4829,-0.21,-0.018,-1.2,28471.0,4239126.5,1.504,1.507,1.474,1.504,2.19,5.04,1.67,3.16,15457.0,13014.0,-424136.0,-10.01,0.0,0.0,-424136.0,-10.01,123092.0,2.9,301045.0,7.1,-1.0,1.486,1.487,56475458.0,83922531,83922531,2026-08-18,2026-08-18 11:32:51+08:00
562800,稀有金属ETF嘉实,0.986,0.9854,-0.06,-0.012,-1.2,1669572.0,166000697.0,0.995,1.01,0.98,0.998,3.01,2.94,1.19,42.85,891075.0,778497.0,-21017927.0,-12.66,-1920754.0,-1.16,-19097173.0,-11.5,8486931.0,5.11,12530997.0,7.55,168.0,0.985,0.986,5679444992.0,5599932762,5599932762,2026-08-18,2026-08-18 11:32:30+08:00
159935,中证500ETF景顺,2.553,2.556,0.12,-0.031,-1.2,5027.0,1289049.2,2.575,2.586,2.54,2.584,1.78,1.89,1.66,-7.06,2668.0,2359.0,-7771.0,-0.6,0.0,0.0,-7771.0,-0.6,-127074.0,-9.86,134845.0,10.46,-375.0,2.545,2.556,26572956.0,67840757,67840757,2026-08-18,2026-08-18 11:32:48+08:00
159915,创业板ETF易方达,3.711,3.7121,0.03,-0.045,-1.2,7855602.0,2927361786.196,3.748,3.767,3.683,3.756,2.24,4.59,1.1,-3.17,3718148.0,4137454.0,-294359424.0,-10.06,-134456624.0,-4.59,-159902800.0,-5.46,104488128.0,3.57,189871295.0,6.49,153.0,3.709,3.71,17114455040.0,63511742653,63511742653,2026-08-18,2026-08-18 11:32:39+08:00
159906,深成长ETF大成,1.815,1.8122,-0.15,-0.022,-1.2,24951.0,4560391.9,1.831,1.849,1.799,1.837,2.72,1.69,0.37,-38.84,12017.0,12934.0,-524267.0,-11.5,204465.0,4.48,-728732.0,-15.98,222237.0,4.87,302031.0,6.62,28.0,1.811,1.816,147639725.0,267966101,267966101,2026-08-18,2026-08-18 11:32:24+08:00
589070,科创芯片设计ETF天弘,1.143,1.1422,-0.07,-0.014,-1.21,2208367.0,252383416.0,1.159,1.16,1.123,1.157,3.2,12.22,2.34,-2.6,1102369.0,1105998.0,-10564415.0,-4.19,-22974375.0,-9.1,12409960.0,4.92,6480585.0,2.57,4083831.0,1.62,101.0,1.142,1.143,1807293008.0,2065735908,2065735908,2026-08-18,2026-08-18 11:32:33+08:00
159241,航空航天ETF天弘,1.059,1.058,-0.09,-0.013,-1.21,468006.0,49611851.4,1.073,1.074,1.054,1.072,1.87,3.47,1.06,63.6,174891.0,293115.0,-5985295.0,-12.06,3034704.0,6.12,-9019999.0,-18.18,2636962.0,5.32,3348332.0,6.75,7.0,1.058,1.06,1347074272.0,1426551654,1426551654,2026-08-18,2026-08-18 11:32:39+08:00
561250,稀有金属ETF鹏华,1.063,1.0717,0.81,-0.013,-1.21,40190.0,4324929.0,1.075,1.089,1.059,1.076,2.79,3.07,0.73,-41.69,18169.0,22021.0,-507600.0,-11.74,-85165.0,-1.97,-422435.0,-9.77,473911.0,10.96,33690.0,0.78,10.0,1.062,1.067,130752200.0,138989589,138989589,2026-08-18,2026-08-18 11:32:36+08:00
159147,电池ETF南方,0.901,0.9012,0.02,-0.011,-1.21,195866.0,17758219.9,0.908,0.915,0.898,0.912,1.86,0.95,0.97,-90.86,75925.0,119941.0,1152660.0,6.49,2361459.0,13.3,-1208799.0,-6.81,-1255839.0,-7.07,103179.0,0.58,53.0,0.9,0.902,2064909552.0,1860483506,1860483506,2026-08-18,2026-08-18 11:32:27+08:00
159796,电池ETF汇添富,0.897,0.897,0.0,-0.011,-1.21,1069083.0,96452869.234,0.908,0.911,0.894,0.908,1.87,1.59,0.96,13.68,464914.0,604169.0,-1274025.0,-1.32,6615863.0,6.86,-7889888.0,-8.18,2076985.0,2.15,-802959.0,-0.83,226.0,0.896,0.897,6722467584.0,6030053423,6030053423,2026-08-18,2026-08-18 11:32:33+08:00
512220,TMTETF景顺,4.097,4.0859,-0.27,-0.05,-1.21,38607.0,15887772.0,4.153,4.165,4.04,4.147,3.01,1.87,1.56,-13.58,19885.0,18722.0,-2336414.0,-14.71,0.0,0.0,-2336414.0,-14.71,1231070.0,7.75,1105343.0,6.96,10.0,4.088,4.094,206967600.0,847946257,847946257,2026-08-18,2026-08-18 11:33:04+08:00
515320,电子50ETF华安,1.631,1.6249,-0.38,-0.02,-1.21,72590.0,11916055.0,1.648,1.659,1.61,1.651,2.97,7.78,1.33,-25.68,37254.0,35336.0,1260153.0,10.58,0.0,0.0,1260153.0,10.58,-1450203.0,-12.17,190051.0,1.59,-8.0,1.627,1.637,93309000.0,152186979,152186979,2026-08-18,2026-08-18 11:32:54+08:00
513080,法国ETF华安,1.797,1.8006,0.2,-0.022,-1.21,176084.0,31758405.0,1.806,1.81,1.797,1.819,0.71,2.71,1.2,-27.77,52354.0,123730.0,-4361641.0,-13.73,-3328978.0,-10.48,-1032663.0,-3.25,2653467.0,8.36,1708174.0,5.38,-800.0,1.797,1.798,649916000.0,1167899052,1167899052,2026-08-18,2026-08-18 11:32:57+08:00
560080,中药ETF汇添富,0.983,0.9833,0.03,-0.012,-1.21,308510.0,30442738.0,0.992,0.998,0.981,0.995,1.71,1.39,0.87,67.16,160114.0,148396.0,-484747.0,-1.59,-2921865.0,-9.6,2437118.0,8.01,-1911471.0,-6.28,2396219.0,7.87,895.0,0.983,0.985,2211765008.0,2174165003,2174165003,2026-08-18,2026-08-18 11:32:56+08:00
589410,科创人工智能ETF嘉实,0.889,0.8876,-0.16,-0.011,-1.22,45485.0,4046720.0,0.902,0.902,0.88,0.9,2.44,0.84,1.05,22.41,12646.0,32839.0,-818008.0,-20.21,-366874.0,-9.07,-451134.0,-11.15,517105.0,12.78,300904.0,7.44,2.0,0.886,0.891,538565600.0,478784818,478784818,2026-08-18,2026-08-18 11:32:51+08:00
159976,湾创ETF工银,1.295,1.2999,0.38,-0.016,-1.22,51.0,6653.3,1.324,1.324,1.295,1.311,2.21,0.01,0.16,89.67,41.0,10.0,-3266.0,-49.09,0.0,0.0,-3266.0,-49.09,0.0,0.0,3266.0,49.09,8.0,1.295,1.297,64885872.0,84027204,84027204,2026-08-18,2026-08-18 11:33:03+08:00
517850,张江ETF汇添富,1.379,1.3806,0.12,-0.017,-1.22,3581.0,495186.0,1.375,1.433,1.368,1.396,4.66,0.94,1.32,0.01,1892.0,1689.0,105540.0,21.31,0.0,0.0,105540.0,21.31,-81660.0,-16.49,-23879.0,-4.82,49.0,1.377,1.379,38185200.0,52657391,52657391,2026-08-18,2026-08-18 11:32:35+08:00
159298,创业板50ETF大成,1.293,1.2911,-0.15,-0.016,-1.22,39390.0,5109917.3,1.308,1.312,1.282,1.309,2.29,2.57,1.24,8.54,15564.0,23826.0,1197210.0,23.43,1514387.0,29.64,-317177.0,-6.21,-1098359.0,-21.49,-98850.0,-1.93,43.0,1.291,1.296,153281082.0,198192439,198192439,2026-08-18,2026-08-18 11:33:21+08:00
512560,军工ETF易方达,0.729,0.7295,0.07,-0.009,-1.22,356018.0,26054220.0,0.739,0.739,0.727,0.738,1.63,3.77,1.01,27.37,133495.0,222523.0,748502.0,2.87,3122730.0,11.99,-2374228.0,-9.11,-185314.0,-0.71,-563189.0,-2.16,-826.0,0.729,0.731,945127008.0,688997589,688997589,2026-08-18,2026-08-18 11:32:40+08:00
159971,创业板ETF富国,1.29,1.29,0.0,-0.016,-1.23,445582.0,57727511.0,1.298,1.309,1.28,1.306,2.22,2.84,0.88,4.95,187460.0,258122.0,-4767221.0,-8.26,498685.0,0.86,-5265906.0,-9.12,336560.0,0.58,4430660.0,7.68,-49.0,1.289,1.29,1568020288.0,2022746172,2022746172,2026-08-18,2026-08-18 11:33:03+08:00
159912,深300ETF汇添富,2.005,2.0109,0.29,-0.025,-1.23,5600.0,1130881.5,2.028,2.034,2.0,2.03,1.67,0.82,1.76,-31.3,2649.0,2951.0,429370.0,37.97,0.0,0.0,429370.0,37.97,-328417.0,-29.04,-100953.0,-8.93,1.0,2.0,2.029,68448991.0,137240227,137240227,2026-08-18,2026-08-18 11:32:36+08:00
159958,创业板ETF工银,2.242,2.2408,-0.05,-0.028,-1.23,47483.0,10701228.6,2.274,2.274,2.223,2.27,2.25,2.06,2.45,-2.72,22629.0,24854.0,213431.0,1.99,3824081.0,35.73,-3610650.0,-33.74,-137336.0,-1.28,-76095.0,-0.71,-32.0,2.238,2.242,230811448.0,517479266,517479266,2026-08-18,2026-08-18 11:33:06+08:00
159786,VRETF银华,1.204,1.2037,-0.02,-0.015,-1.23,91202.0,11027069.9,1.217,1.223,1.193,1.219,2.46,10.4,1.86,29.82,43886.0,47316.0,-274036.0,-2.49,133075.0,1.21,-407111.0,-3.69,-229915.0,-2.09,503951.0,4.57,-1.0,1.2,1.204,87701174.0,105592213,105592213,2026-08-18,2026-08-18 11:32:27+08:00
159944,材料ETF广发,1.524,1.5255,0.1,-0.019,-1.23,9202.0,1412365.6,1.543,1.548,1.521,1.543,1.75,2.91,0.76,-81.64,4736.0,4466.0,-80263.0,-5.68,0.0,0.0,-80263.0,-5.68,148623.0,10.52,-68361.0,-4.84,1.0,1.523,1.525,31608342.0,48171113,48171113,2026-08-18,2026-08-18 11:32:21+08:00
513220,中概互联ETF招商,0.958,0.9703,1.27,-0.012,-1.24,122776.0,11774343.0,0.97,0.97,0.954,0.97,1.65,2.37,0.73,40.72,43788.0,78988.0,-1299175.0,-11.03,-94638.0,-0.8,-1204537.0,-10.23,163001.0,1.38,1136175.0,9.65,88.0,0.957,0.958,519109408.0,497306813,497306813,2026-08-18,2026-08-18 11:32:48+08:00
159840,锂电池ETF工银,0.796,0.7952,-0.1,-0.01,-1.24,427625.0,34313832.7,0.804,0.81,0.793,0.806,2.11,2.13,1.12,25.26,194974.0,232651.0,-2415645.0,-7.04,3115417.0,9.08,-5531062.0,-16.12,1516535.0,4.42,899110.0,2.62,18.0,0.794,0.796,2006574848.0,1597233579,1597233579,2026-08-18,2026-08-18 11:32:39+08:00
159175,电池ETF易方达,0.955,0.9562,0.13,-0.012,-1.24,158067.0,15200985.312,0.967,0.972,0.953,0.967,1.96,3.19,1.35,-57.18,71328.0,86739.0,-117051.0,-0.77,2067002.0,13.6,-2184053.0,-14.37,-21038.0,-0.14,138091.0,0.91,-2150.0,0.955,0.956,495270384.0,472983217,472983217,2026-08-18,2026-08-18 11:33:18+08:00
159675,创业板增强ETF嘉实,1.515,1.5158,0.05,-0.019,-1.24,19817.0,3005356.7,1.534,1.548,1.502,1.534,3.0,3.1,0.72,29.84,8513.0,11304.0,-751230.0,-25.0,0.0,0.0,-751230.0,-25.0,648376.0,21.57,102855.0,3.42,200.0,1.513,1.516,63846691.0,96727737,96727737,2026-08-18,2026-08-18 11:33:15+08:00
159053,稀有金属ETF华夏,0.949,0.9491,0.01,-0.012,-1.25,102261.0,9786119.6,0.961,0.972,0.944,0.961,2.91,6.19,0.97,42.46,48413.0,53848.0,156632.0,1.6,228790.0,2.34,-72158.0,-0.74,-418744.0,-4.28,262111.0,2.68,102.0,0.948,0.949,165198132.0,156773027,156773027,2026-08-18,2026-08-18 11:32:30+08:00
513070,港股通消费ETF易方达,1.103,1.0999,-0.28,-0.014,-1.25,414648.0,45816647.0,1.113,1.114,1.101,1.117,1.16,3.15,1.01,20.06,167093.0,247555.0,-7247636.0,-15.82,-5372387.0,-11.73,-1875249.0,-4.09,4954178.0,10.81,2293458.0,5.01,237.0,1.102,1.103,1314760800.0,1450181162,1450181162,2026-08-18,2026-08-18 11:32:47+08:00
159975,深100ETF招商,0.788,0.7919,0.49,-0.01,-1.25,13376.0,1062034.9,0.798,0.799,0.787,0.798,1.5,2.58,0.56,53.97,3250.0,10126.0,139036.0,13.09,0.0,0.0,139036.0,13.09,-122877.0,-11.57,-16158.0,-1.52,17.0,0.785,0.792,51937760.0,40926955,40926955,2026-08-18,2026-08-18 11:32:57+08:00
159247,创业板ETF汇添富,1.109,1.1086,-0.04,-0.014,-1.25,296045.0,32907606.7,1.116,1.125,1.1,1.123,2.23,8.32,1.3,17.63,121096.0,174949.0,-1611317.0,-4.9,2840826.0,8.63,-4452143.0,-13.53,-1727602.0,-5.25,3338919.0,10.15,37.0,1.107,1.109,355984960.0,394787321,394787321,2026-08-18,2026-08-18 11:32:45+08:00
515880,通信ETF国泰,0.71,0.7094,-0.08,-0.009,-1.25,32804675.0,2328828372.0,0.719,0.721,0.698,0.719,3.2,5.47,1.27,-33.16,15258949.0,17545727.0,-411227920.0,-17.66,-426484176.0,-18.31,15256256.0,0.66,190951360.0,8.2,220276556.0,9.46,6241.0,0.708,0.71,59957774080.0,42570019597,42570019597,2026-08-18,2026-08-18 11:32:46+08:00
563230,卫星ETF富国,1.172,1.1699,-0.18,-0.015,-1.26,1027014.0,120420128.0,1.185,1.186,1.163,1.187,1.94,3.06,0.94,47.18,371485.0,655529.0,-22277998.0,-18.5,-12520925.0,-10.4,-9757073.0,-8.1,9082304.0,7.54,13195695.0,10.96,4.0,1.171,1.172,3359237008.0,3937025773,3937025773,2026-08-18,2026-08-18 11:32:48+08:00
513090,香港证券ETF易方达,1.807,1.7986,-0.47,-0.023,-1.26,7698929.0,1398044546.0,1.827,1.83,1.805,1.83,1.37,7.44,1.04,-4.83,2735403.0,4963525.0,-241217984.0,-17.25,-241186368.0,-17.25,-31616.0,0.0,136869338.0,9.79,104348659.0,7.46,328.0,1.806,1.807,10352987904.0,18707849143,18707849143,2026-08-18,2026-08-18 11:32:45+08:00
159780,科创创业50ETF南方,1.175,1.1747,-0.03,-0.015,-1.26,991930.0,117003726.604,1.188,1.193,1.164,1.19,2.44,2.69,1.54,-43.9,431061.0,560868.0,12271289.0,10.49,23465237.0,20.06,-11193948.0,-9.57,-12277990.0,-10.49,6701.0,0.01,-150.0,1.174,1.176,3691448576.0,4337452077,4337452077,2026-08-18,2026-08-18 11:32:24+08:00
515920,智能消费ETF博时,1.254,1.2523,-0.14,-0.016,-1.26,17294.0,2183768.0,1.268,1.272,1.246,1.27,2.05,2.62,2.59,0.64,6330.0,10964.0,30670.0,1.4,1146139.0,52.48,-1115469.0,-51.08,-18321.0,-0.84,-12348.0,-0.57,3334.0,1.252,1.257,65905700.0,82645748,82645748,2026-08-18,2026-08-18 11:32:53+08:00
513320,港股通新经济ETF易方达,1.095,1.0967,0.16,-0.014,-1.26,129193.0,14155886.0,1.104,1.111,1.092,1.109,1.71,14.2,2.71,20.83,59903.0,69290.0,79250.0,0.56,0.0,0.0,79250.0,0.56,-279101.0,-1.97,199851.0,1.41,-4.0,1.095,1.097,91010600.0,99656607,99656607,2026-08-18,2026-08-18 11:32:37+08:00
159907,国证2000ETF广发,1.097,1.1006,0.33,-0.014,-1.26,41019.0,4528631.3,1.122,1.122,1.094,1.111,2.52,2.37,0.9,6.97,11685.0,29334.0,-97172.0,-2.15,0.0,0.0,-97172.0,-2.15,57616.0,1.27,39556.0,0.87,-2239.0,1.097,1.099,173197694.0,189997870,189997870,2026-08-18,2026-08-18 11:32:27+08:00
561600,消费电子ETF平安,0.786,0.7842,-0.23,-0.01,-1.26,147130.0,11598014.0,0.796,0.8,0.775,0.796,3.14,5.32,1.12,-92.6,51926.0,95204.0,437042.0,3.77,451046.0,3.89,-14004.0,-0.12,-569717.0,-4.91,132676.0,1.14,69.0,0.783,0.785,276548000.0,217366728,217366728,2026-08-18,2026-08-18 11:32:36+08:00
159163,有色ETF泰康,0.778,0.7771,-0.12,-0.01,-1.27,41281.0,3238135.6,0.785,0.795,0.775,0.788,2.54,1.55,0.86,37.76,15863.0,25418.0,236237.0,7.3,216289.0,6.68,19948.0,0.62,-180740.0,-5.58,-55497.0,-1.71,10.0,0.776,0.778,266807013.0,207575856,207575856,2026-08-18,2026-08-18 11:32:45+08:00
512940,有色ETF华安,0.854,0.8533,-0.08,-0.011,-1.27,329400.0,28354537.0,0.862,0.872,0.85,0.865,2.54,1.52,1.05,61.84,143201.0,186199.0,541172.0,1.91,5441571.0,19.19,-4900399.0,-17.28,-355985.0,-1.26,-185187.0,-0.65,50.0,0.852,0.855,2169705008.0,1852928077,1852928077,2026-08-18,2026-08-18 11:32:59+08:00
159285,港股通消费ETF华安,0.78,0.779,-0.13,-0.01,-1.27,26102.0,2040938.26,0.786,0.786,0.78,0.79,0.76,1.05,0.59,-53.42,6211.0,19891.0,-82902.0,-4.06,0.0,0.0,-82902.0,-4.06,45002.0,2.2,37899.0,1.86,-2000.0,0.779,0.78,248486680.0,193819610,193819610,2026-08-18,2026-08-18 11:33:09+08:00
159389,数字经济ETF嘉实,1.946,1.9397,-0.32,-0.025,-1.27,53632.0,10467895.7,1.971,1.98,1.919,1.971,3.09,3.97,2.05,-1.33,28321.0,25311.0,-32506.0,-0.31,-260815.0,-2.49,228309.0,2.18,162680.0,1.55,-130175.0,-1.24,-10.0,1.941,1.946,135093364.0,262891686,262891686,2026-08-18,2026-08-18 11:33:03+08:00
159375,创业板50ETF国泰,0.78,0.7789,-0.14,-0.01,-1.27,145850.0,11416432.3,0.79,0.792,0.774,0.79,2.28,4.15,1.3,10.88,77389.0,68461.0,327271.0,2.87,2036419.0,17.84,-1709148.0,-14.97,-300191.0,-2.63,-27081.0,-0.24,14.0,0.778,0.78,351595344.0,274244368,274244368,2026-08-18,2026-08-18 11:32:48+08:00
159191,港股通科技ETF易方达,0.931,0.9342,0.34,-0.012,-1.27,24111.0,2246091.3,0.933,0.943,0.928,0.943,1.59,3.34,1.84,78.63,9172.0,14939.0,-195318.0,-8.7,-559925.0,-24.93,364607.0,16.23,194143.0,8.64,1175.0,0.05,1500.0,0.93,0.932,72104851.0,67129616,67129616,2026-08-18,2026-08-18 11:32:51+08:00
516520,智能驾驶ETF华泰柏瑞,1.085,1.0851,0.01,-0.014,-1.27,238895.0,26126301.0,1.093,1.101,1.08,1.099,1.91,2.94,1.2,53.25,88262.0,150633.0,-1241884.0,-4.75,-373591.0,-1.43,-868293.0,-3.32,-77089.0,-0.3,1318974.0,5.05,-30.0,1.085,1.087,811765504.0,880765572,880765572,2026-08-18,2026-08-18 11:32:53+08:00
562380,央企科技ETF银华,1.314,1.3133,-0.05,-0.017,-1.28,28955.0,3803799.0,1.331,1.333,1.301,1.331,2.4,3.99,2.28,15.94,3464.0,25491.0,671544.0,17.65,577769.0,15.19,93775.0,2.47,-465994.0,-12.25,-205550.0,-5.4,3.0,1.304,1.316,72628900.0,95434375,95434375,2026-08-18,2026-08-18 11:32:47+08:00
159566,储能电池ETF易方达,1.93,1.929,-0.05,-0.025,-1.28,1239681.0,240521672.8,1.952,1.958,1.92,1.955,1.94,4.39,1.42,87.53,445566.0,794115.0,-871148.0,-0.36,10643796.0,4.43,-11514944.0,-4.79,1911883.0,0.79,-1040735.0,-0.43,201.0,1.928,1.929,2824739776.0,5451747768,5451747768,2026-08-18,2026-08-18 11:32:57+08:00
159779,消费电子ETF招商,1.543,1.5396,-0.22,-0.02,-1.28,26413.0,4092560.721,1.563,1.57,1.523,1.563,3.01,2.03,0.9,-0.3,11843.0,14570.0,-874374.0,-21.36,-186533.0,-4.56,-687841.0,-16.81,376902.0,9.21,497471.0,12.16,-416.0,1.538,1.539,129869337.0,200388387,200388387,2026-08-18,2026-08-18 11:32:21+08:00
159370,创50ETF工银,1.935,1.9356,0.03,-0.025,-1.28,12470.0,2423768.8,1.96,1.964,1.919,1.96,2.3,0.56,0.78,-0.14,4510.0,7960.0,571311.0,23.57,504032.0,20.8,67279.0,2.78,-629173.0,-25.96,57862.0,2.39,1000.0,1.934,1.937,221316009.0,428246477,428246477,2026-08-18,2026-08-18 11:33:09+08:00
159045,稀有金属ETF大成,0.847,0.8476,0.07,-0.011,-1.28,40064.0,3428078.34,0.858,0.868,0.843,0.858,2.91,2.37,0.79,-44.34,14732.0,25332.0,6383.0,0.19,0.0,0.0,6383.0,0.19,-163437.0,-4.77,157056.0,4.58,32.0,0.843,0.854,169330213.0,143422690,143422690,2026-08-18,2026-08-18 11:32:42+08:00
159977,创业板ETF天弘,1.926,1.926,0.0,-0.025,-1.28,1131553.0,218788647.4,1.941,1.955,1.911,1.951,2.26,3.23,2.0,-44.35,557727.0,573826.0,-8744800.0,-4.0,-106418.0,-0.05,-8638382.0,-3.95,2342336.0,1.07,6402465.0,2.93,132.0,1.924,1.926,3499872816.0,6740755044,6740755044,2026-08-18,2026-08-18 11:33:00+08:00
159623,成渝经济圈ETF博时,1.003,1.003,0.0,-0.013,-1.28,21786.0,2192151.2,1.013,1.013,1.0,1.016,1.28,0.07,0.74,-1.48,6256.0,15530.0,296479.0,13.52,854545.0,38.98,-558066.0,-25.46,-223238.0,-10.18,-73241.0,-3.34,19.0,1.001,1.004,3082271696.0,3091518511,3091518511,2026-08-18,2026-08-18 11:32:21+08:00
159980,有色ETF大成,2.143,2.1443,0.06,-0.028,-1.29,971180.0,208072117.2,2.145,2.146,2.14,2.171,0.28,3.26,1.19,36.37,415810.0,555370.0,14170778.0,6.81,28296071.0,13.6,-14125293.0,-6.79,-9158936.0,-4.4,-5011842.0,-2.41,438.0,2.142,2.143,2975824784.0,6377192512,6377192512,2026-08-18,2026-08-18 11:33:09+08:00
159876,有色ETF华宝,0.994,0.9938,-0.02,-0.013,-1.29,539527.0,54074186.8,1.007,1.015,0.99,1.007,2.48,3.26,1.18,24.69,238647.0,300880.0,7284176.0,13.47,3091079.0,5.72,4193097.0,7.75,-8170984.0,-15.11,886809.0,1.64,40.0,0.993,0.994,1654177024.0,1644251962,1644251962,2026-08-18,2026-08-18 11:32:18+08:00
159561,德国ETF嘉实,1.375,1.3776,0.19,-0.018,-1.29,360108.0,49712912.685,1.381,1.389,1.373,1.393,1.15,2.74,0.93,-41.41,153000.0,207108.0,-3136259.0,-6.31,-25012.0,-0.05,-3111247.0,-6.26,4850394.0,9.76,-1714137.0,-3.45,-3635.0,1.375,1.376,1314499488.0,1807436796,1807436796,2026-08-18,2026-08-18 11:32:48+08:00
561910,电池ETF招商,0.766,0.7666,0.08,-0.01,-1.29,755797.0,58301497.0,0.776,0.78,0.764,0.776,2.06,1.62,1.4,33.84,293087.0,462710.0,-2044209.0,-3.51,2154348.0,3.7,-4198557.0,-7.2,1468797.0,2.52,575412.0,0.99,-65.0,0.766,0.767,4653076736.0,3564256780,3564256780,2026-08-18,2026-08-18 11:32:35+08:00
159872,智能网联汽车ETF鹏华,0.842,0.843,0.12,-0.011,-1.29,6237.0,526922.8,0.853,0.853,0.841,0.853,1.41,1.04,1.31,-22.22,2147.0,4090.0,465438.0,88.33,323642.0,61.42,141796.0,26.91,0.0,0.0,-465438.0,-88.33,-61.0,0.84,0.843,59799732.0,50351374,50351374,2026-08-18,2026-08-18 11:33:12+08:00
159543,国证2000ETF工银,1.527,1.5288,0.12,-0.02,-1.29,11304.0,1722228.9,1.539,1.543,1.516,1.547,1.75,2.68,1.77,16.6,6717.0,4587.0,616747.0,35.81,0.0,0.0,616747.0,35.81,-59349.0,-3.45,-557398.0,-32.36,1.0,1.524,1.528,42196551.0,64434133,64434133,2026-08-18,2026-08-18 11:33:03+08:00
515030,新能源车ETF华夏,1.677,1.678,0.06,-0.022,-1.29,584262.0,98486814.0,1.698,1.708,1.674,1.699,2.0,3.82,1.25,64.58,297265.0,286997.0,-3403020.0,-3.46,2797642.0,2.84,-6200662.0,-6.3,-1092231.0,-1.11,4495251.0,4.56,638.0,1.676,1.679,1530384000.0,2566453968,2566453968,2026-08-18,2026-08-18 11:32:53+08:00
560170,央企科技ETF南方,1.295,1.2914,-0.28,-0.017,-1.3,269048.0,34993575.0,1.313,1.317,1.282,1.312,2.67,7.24,2.7,-85.67,83997.0,185051.0,-1922235.0,-5.49,-2919599.0,-8.34,997364.0,2.85,1318805.0,3.77,603429.0,1.72,-3.0,1.293,1.295,371495504.0,481086678,481086678,2026-08-18,2026-08-18 11:32:52+08:00
515750,科技50ETF富国,2.12,2.1168,-0.15,-0.028,-1.3,43484.0,9230398.0,2.14,2.147,2.104,2.148,2.0,1.63,1.71,-17.12,18350.0,25134.0,502360.0,5.44,0.0,0.0,502360.0,5.44,-673457.0,-7.3,171097.0,1.85,20.0,2.114,2.126,267140500.0,566337860,566337860,2026-08-18,2026-08-18 11:32:44+08:00
513800,日本东证指数ETF南方,1.901,1.8991,-0.1,-0.025,-1.3,274159.0,52279636.0,1.924,1.924,1.899,1.926,1.3,2.65,1.41,15.89,94572.0,179587.0,-631456.0,-1.21,-5218539.0,-9.98,4587083.0,8.77,782298.0,1.5,-150842.0,-0.29,2.0,1.9,1.901,1033844400.0,1965338204,1965338204,2026-08-18,2026-08-18 11:32:41+08:00
159948,创业板ETF南方,4.094,4.0964,0.06,-0.054,-1.3,181716.0,74736302.5,4.148,4.158,4.065,4.148,2.24,1.57,1.27,0.89,78769.0,102947.0,5447434.0,7.29,4583847.0,6.13,863587.0,1.16,-6359300.0,-8.51,911866.0,1.22,-290.0,4.092,4.095,1159697728.0,4747802498,4747802498,2026-08-18,2026-08-18 11:32:57+08:00
159193,新能源电池ETF银华,0.835,0.8351,0.01,-0.011,-1.3,56026.0,4693399.34,0.846,0.846,0.832,0.846,1.65,2.55,1.16,56.44,20459.0,35567.0,762487.0,16.25,878140.0,18.71,-115653.0,-2.46,-370323.0,-7.89,-392164.0,-8.36,171.0,0.834,0.835,220080335.0,183767080,183767080,2026-08-18,2026-08-18 11:33:06+08:00
159608,稀有金属ETF广发,1.135,1.1363,0.11,-0.015,-1.3,658963.0,75666163.8,1.146,1.164,1.13,1.15,2.96,1.9,1.1,-6.95,341456.0,317507.0,-2036541.0,-2.69,-4292573.0,-5.67,2256032.0,2.98,68862.0,0.09,1967679.0,2.6,-103.0,1.135,1.137,3476810064.0,3946179423,3946179423,2026-08-18,2026-08-18 11:33:06+08:00
561330,矿业ETF国泰,0.978,0.9773,-0.07,-0.013,-1.31,581805.0,57307768.0,0.986,0.999,0.974,0.991,2.52,3.14,1.13,62.97,295693.0,286112.0,-2433902.0,-4.25,-3566445.0,-6.22,1132543.0,1.98,2309690.0,4.03,124211.0,0.22,12.0,0.977,0.981,1854392096.0,1813595470,1813595470,2026-08-18,2026-08-18 11:32:35+08:00
159952,创业板ETF广发,2.252,2.2544,0.11,-0.03,-1.31,1757964.0,397158662.364,2.275,2.288,2.236,2.282,2.28,3.38,1.01,-5.53,951698.0,806265.0,-23904643.0,-6.02,-12972631.0,-3.27,-10932012.0,-2.75,5622171.0,1.42,18282472.0,4.6,-725.0,2.251,2.254,5206584832.0,11725229042,11725229042,2026-08-18,2026-08-18 11:32:48+08:00
159501,纳指ETF嘉实,2.098,1.9059,-10.08,-0.028,-1.32,295389.0,61984194.2,2.1,2.103,2.093,2.126,0.47,0.44,1.24,68.68,150480.0,144909.0,-17571976.0,-28.35,-15572221.0,-25.12,-1999755.0,-3.23,7768914.0,12.53,9803062.0,15.82,-1.0,2.098,2.099,6754986496.0,14171961669,14171961669,2026-08-18,2026-08-18 11:32:42+08:00
512460,电池ETF华夏,0.894,0.8946,0.07,-0.012,-1.32,71865.0,6443296.0,0.906,0.908,0.892,0.906,1.77,2.47,0.72,6.74,34527.0,37338.0,199821.0,3.1,326886.0,5.07,-127065.0,-1.97,-213652.0,-3.32,13830.0,0.21,120.0,0.894,0.895,290823008.0,259995769,259995769,2026-08-18,2026-08-18 11:32:48+08:00
159512,汽车ETF广发,1.045,1.0456,0.06,-0.014,-1.32,80244.0,8429610.6,1.059,1.06,1.044,1.059,1.51,7.62,0.87,-24.44,33635.0,46609.0,-2906514.0,-34.48,-1850110.0,-21.95,-1056404.0,-12.53,2136134.0,25.34,770379.0,9.14,300.0,1.044,1.045,105264855.0,110001773,110001773,2026-08-18,2026-08-18 11:32:36+08:00
513970,恒生消费ETF景顺,0.824,0.8242,0.02,-0.011,-1.32,191448.0,15810921.0,0.83,0.832,0.823,0.835,1.08,1.3,1.29,5.34,57547.0,133901.0,-1750653.0,-11.07,-5936.0,-0.04,-1744717.0,-11.03,225859.0,1.43,1524795.0,9.64,311.0,0.823,0.824,1470041008.0,1211313791,1211313791,2026-08-18,2026-08-18 11:32:45+08:00
159824,新能源车ETF博时,1.124,1.1244,0.04,-0.015,-1.32,3685.0,417806.6,1.139,1.143,1.123,1.139,1.76,0.46,0.22,-26.52,668.0,3017.0,290920.0,69.63,115145.0,27.56,175775.0,42.07,-270362.0,-64.71,-20558.0,-4.92,-10.0,1.123,1.127,80135070.0,90071819,90071819,2026-08-18,2026-08-18 11:33:12+08:00
588780,科创芯片设计ETF国联安,1.049,1.0515,0.24,-0.014,-1.32,1725127.0,181484509.0,1.064,1.066,1.032,1.063,3.2,17.97,2.47,3.02,542629.0,1182498.0,-8408006.0,-4.63,6094604.0,3.36,-14502610.0,-7.99,5434329.0,2.99,2973678.0,1.64,-10.0,1.049,1.051,959902000.0,1006937198,1006937198,2026-08-18,2026-08-18 11:32:36+08:00
159153,消费电子ETF鹏华,1.268,1.2687,0.06,-0.017,-1.32,95143.0,12140263.6,1.285,1.293,1.254,1.285,3.04,10.1,1.74,-26.96,36824.0,58319.0,261366.0,2.15,1077185.0,8.87,-815819.0,-6.72,-920237.0,-7.58,658870.0,5.43,-50.0,1.266,1.27,94225988.0,119478553,119478553,2026-08-18,2026-08-18 11:33:06+08:00
588520,科创增强ETF永赢,1.495,1.5053,0.68,-0.02,-1.32,1241.0,187022.0,1.52,1.528,1.492,1.515,2.38,0.96,0.19,14.04,428.0,813.0,-100951.0,-53.98,0.0,0.0,-100951.0,-53.98,30288.0,16.19,70663.0,37.78,3.0,1.495,1.519,12957000.0,19370715,19370715,2026-08-18,2026-08-18 11:32:49+08:00
588320,双创50增强ETF广发,1.859,1.8637,0.25,-0.025,-1.33,45848.0,8564747.0,1.884,1.888,1.844,1.884,2.34,6.38,1.68,11.56,24928.0,20920.0,393923.0,4.6,0.0,0.0,393923.0,4.6,-974452.0,-11.38,580530.0,6.78,-5.0,1.859,1.864,71824600.0,133521931,133521931,2026-08-18,2026-08-18 11:32:35+08:00
158009,航空航天ETF南方,1.041,1.0421,0.11,-0.014,-1.33,14284.0,1487050.447,1.055,1.055,1.038,1.055,1.61,3.45,0.37,60.85,2693.0,11591.0,-39923.0,-2.68,0.0,0.0,-39923.0,-2.68,6936.0,0.47,32988.0,2.22,-15.0,1.04,1.042,41373819.0,43070146,43070146,2026-08-18,2026-08-18 11:33:12+08:00
159720,智能车ETF泰康,0.743,0.7442,0.16,-0.01,-1.33,7086.0,530366.6,0.754,0.754,0.743,0.753,1.46,1.55,2.69,97.64,3233.0,3853.0,90642.0,17.09,0.0,0.0,90642.0,17.09,-53806.0,-10.15,-36835.0,-6.95,1440.0,0.742,0.744,45812357.0,34038581,34038581,2026-08-18,2026-08-18 11:33:03+08:00
159735,港股消费ETF银华,0.668,0.6689,0.13,-0.009,-1.33,143032.0,9588798.7,0.675,0.675,0.668,0.677,1.03,2.24,1.0,-9.8,52583.0,90449.0,-511104.0,-5.33,565286.0,5.9,-1076390.0,-11.23,83037.0,0.87,428067.0,4.46,-115.0,0.668,0.669,637561376.0,425890999,425890999,2026-08-18,2026-08-18 11:33:15+08:00
159918,中创400ETF嘉实,2.589,2.593,0.15,-0.035,-1.33,8195.0,2133689.0,2.624,2.628,2.577,2.624,1.94,2.68,1.98,1.3,2615.0,5580.0,0.0,0.0,0.0,0.0,0.0,0.0,-33245.0,-1.56,33245.0,1.56,1.0,2.572,2.615,30561264.0,79123112,79123112,2026-08-18,2026-08-18 11:32:36+08:00
159605,中概互联ETF广发,0.809,0.8199,1.33,-0.011,-1.34,1345025.0,108929828.3,0.815,0.817,0.805,0.82,1.46,3.32,0.98,2.92,556493.0,788532.0,-12197629.0,-11.2,2507634.0,2.3,-14705263.0,-13.5,6883230.0,6.32,5314399.0,4.88,206.0,0.808,0.809,4053486160.0,3279270303,3279270303,2026-08-18,2026-08-18 11:32:24+08:00
159160,电池ETF东财,0.885,0.8856,0.07,-0.012,-1.34,89057.0,7922388.7,0.895,0.899,0.882,0.897,1.9,4.13,0.92,72.53,30848.0,58209.0,-407883.0,-5.15,0.0,0.0,-407883.0,-5.15,-547142.0,-6.91,955025.0,12.05,6.0,0.883,0.885,215819254.0,191000040,191000040,2026-08-18,2026-08-18 11:32:33+08:00
512630,卫星ETF广发,1.175,1.1739,-0.09,-0.016,-1.34,635424.0,74687053.0,1.189,1.19,1.167,1.191,1.93,3.75,1.11,54.49,238805.0,396619.0,-9747204.0,-13.05,-2752108.0,-3.68,-6995096.0,-9.37,3938930.0,5.27,5808275.0,7.78,975.0,1.174,1.175,1692426000.0,1988600550,1988600550,2026-08-18,2026-08-18 11:33:02+08:00
563790,卫星ETF鹏华,0.883,0.8819,-0.12,-0.012,-1.34,373322.0,32971254.0,0.895,0.895,0.876,0.895,2.12,3.29,1.09,18.59,148224.0,225098.0,-3396239.0,-10.3,-121708.0,-0.37,-3274531.0,-9.93,1442246.0,4.37,1953994.0,5.93,10.0,0.882,0.884,1135447008.0,1002599708,1002599708,2026-08-18,2026-08-18 11:32:34+08:00
589260,科创芯片设计ETF国泰,1.329,1.3301,0.08,-0.018,-1.34,25847.0,3450463.0,1.351,1.364,1.309,1.347,4.08,4.69,1.16,-12.99,12169.0,13678.0,-775636.0,-22.48,-196881.0,-5.71,-578755.0,-16.77,360570.0,10.45,415066.0,12.03,4.0,1.328,1.329,55156000.0,73302324,73302324,2026-08-18,2026-08-18 11:32:43+08:00
159939,信息技术ETF广发,1.174,1.1736,-0.03,-0.016,-1.34,151916.0,17939026.3,1.189,1.196,1.16,1.19,3.03,1.82,1.43,-9.2,68790.0,83126.0,-738290.0,-4.12,352136.0,1.96,-1090426.0,-6.08,-397194.0,-2.21,1135483.0,6.33,-170.0,1.172,1.176,833656112.0,978712275,978712275,2026-08-18,2026-08-18 11:32:42+08:00
159075,工业互联网ETF华夏,0.955,0.9543,-0.07,-0.013,-1.34,29808.0,2857818.582,0.968,0.97,0.95,0.968,2.07,1.62,1.17,-33.71,14669.0,15139.0,-161211.0,-5.64,1775713.0,62.14,-1936924.0,-67.78,210585.0,7.37,-49373.0,-1.73,1100.0,0.951,0.96,184197165.0,175908293,175908293,2026-08-18,2026-08-18 11:33:12+08:00
563380,航空航天ETF华泰柏瑞,0.957,0.9566,-0.04,-0.013,-1.34,373211.0,35875898.0,0.97,0.97,0.954,0.97,1.65,4.06,1.8,36.17,154916.0,218295.0,16433239.0,45.81,14171181.0,39.5,2262058.0,6.31,744928.0,2.08,-17178168.0,-47.88,-10.0,0.957,0.958,919950000.0,880392150,880392150,2026-08-18,2026-08-18 11:32:27+08:00
159583,通信ETF富国,1.762,1.7613,-0.04,-0.024,-1.34,2373528.0,418813001.182,1.785,1.791,1.732,1.786,3.3,10.44,1.35,-84.88,1002870.0,1370658.0,-74988118.0,-17.9,-27498306.0,-6.57,-47489812.0,-11.34,13100431.0,3.13,61887687.0,14.78,-811.0,1.762,1.763,2272592896.0,4004308683,4004308683,2026-08-18,2026-08-18 11:33:12+08:00
159367,创业板50ETF华夏,1.837,1.8359,-0.06,-0.025,-1.34,69298.0,12780854.9,1.861,1.865,1.821,1.862,2.36,4.28,1.18,39.26,37200.0,32098.0,572958.0,4.48,179506.0,1.4,393452.0,3.08,-1300476.0,-10.18,727517.0,5.69,50.0,1.833,1.84,162079029.0,297739176,297739176,2026-08-18,2026-08-18 11:32:45+08:00
159991,创业板大盘ETF招商,0.874,0.8754,0.16,-0.012,-1.35,45754.0,4014419.9,0.886,0.888,0.868,0.886,2.26,4.58,1.96,17.57,17509.0,28245.0,405072.0,10.09,1497204.0,37.3,-1092132.0,-27.21,-388900.0,-9.69,-16172.0,-0.4,5.0,0.872,0.875,99863172.0,87280412,87280412,2026-08-18,2026-08-18 11:32:12+08:00
159671,稀有金属ETF工银,1.391,1.3921,0.08,-0.019,-1.35,163971.0,23068619.4,1.405,1.428,1.385,1.41,3.05,1.86,0.9,-79.43,74566.0,89405.0,1499949.0,6.5,-9968.0,-0.04,1509917.0,6.55,-342616.0,-1.49,-1157333.0,-5.02,-6.0,1.391,1.394,883051744.0,1228324976,1228324976,2026-08-18,2026-08-18 11:33:09+08:00
159563,创业板综ETF华夏,1.904,1.9104,0.34,-0.026,-1.35,31504.0,6029880.5,1.93,1.934,1.89,1.93,2.28,11.51,3.4,-2.62,20825.0,10679.0,-501874.0,-8.32,0.0,0.0,-501874.0,-8.32,739403.0,12.26,-237528.0,-3.94,-56.0,1.906,1.908,27360773.0,52094912,52094912,2026-08-18,2026-08-18 11:32:54+08:00
159767,电池龙头ETF兴银,0.802,0.8022,0.02,-0.011,-1.35,29223.0,2360603.0,0.813,0.817,0.801,0.813,1.97,1.21,1.51,35.29,13291.0,15932.0,-84352.0,-3.57,1365880.0,57.86,-1450232.0,-61.43,-8532.0,-0.36,92883.0,3.93,45.0,0.802,0.803,240873672.0,193180685,193180685,2026-08-18,2026-08-18 11:33:12+08:00
563050,央企科技ETF易方达,1.384,1.3829,-0.08,-0.019,-1.35,44768.0,6223907.0,1.403,1.408,1.371,1.403,2.64,3.46,1.21,-1.21,13557.0,31211.0,-1266072.0,-20.34,1091320.0,17.53,-2357392.0,-37.88,49621.0,0.8,1216451.0,19.54,-10.0,1.383,1.384,129208400.0,178824426,178824426,2026-08-18,2026-08-18 11:32:48+08:00
159721,深证100ETF永赢,1.095,1.0995,0.41,-0.015,-1.35,8641.0,954452.1,1.108,1.108,1.094,1.11,1.26,1.28,1.15,1.52,3311.0,5330.0,-18916.0,-1.98,0.0,0.0,-18916.0,-1.98,71684.0,7.51,-52768.0,-5.53,2.0,1.098,1.101,67431696.0,73837707,73837707,2026-08-18,2026-08-18 11:33:06+08:00
159781,科创创业ETF易方达,1.173,1.1757,0.23,-0.016,-1.35,1825021.0,214639543.744,1.184,1.192,1.162,1.189,2.52,1.16,0.85,-78.92,701466.0,1123555.0,9958655.0,4.64,20551446.0,9.57,-10592791.0,-4.94,-1823854.0,-0.85,-8134802.0,-3.79,-182.0,1.173,1.175,15718860544.0,18438223418,18438223418,2026-08-18,2026-08-18 11:32:33+08:00
159292,创业板综增强ETF华宝,1.236,1.2407,0.38,-0.017,-1.36,49660.0,6189672.9,1.249,1.254,1.235,1.253,1.52,2.79,2.75,-89.86,25650.0,24010.0,1592110.0,25.72,3256648.0,52.61,-1664538.0,-26.89,-1133478.0,-18.31,-458632.0,-7.41,2.0,1.229,1.258,178189531.0,220242260,220242260,2026-08-18,2026-08-18 11:33:12+08:00
516660,新能源车ETF华安,1.017,1.0185,0.15,-0.014,-1.36,1529.0,156334.0,1.035,1.036,1.016,1.031,1.94,0.1,0.23,-23.14,320.0,1209.0,49265.0,31.51,-1654.0,-1.06,50919.0,32.57,-24081.0,-15.4,-25183.0,-16.11,-53.0,1.016,1.027,154689000.0,157318713,157318713,2026-08-18,2026-08-18 11:33:02+08:00
562560,信息技术ETF华夏,2.392,2.4012,0.38,-0.033,-1.36,4971.0,1200033.0,2.458,2.458,2.378,2.425,3.3,2.18,2.01,74.3,736.0,4235.0,886474.0,73.87,0.0,0.0,886474.0,73.87,-268440.0,-22.37,-618035.0,-51.5,9.0,2.38,2.457,22765500.0,54455076,54455076,2026-08-18,2026-08-18 11:32:50+08:00
560800,数字经济ETF鹏扬,1.232,1.2305,-0.12,-0.017,-1.36,38142.0,4718463.0,1.25,1.254,1.22,1.249,2.72,1.33,1.47,50.49,14748.0,23394.0,-360212.0,-7.63,217867.0,4.62,-578079.0,-12.25,3604.0,0.08,356608.0,7.56,-1998.0,1.227,1.236,285951104.0,352291760,352291760,2026-08-18,2026-08-18 11:32:46+08:00
159383,创业板50ETF华泰柏瑞,1.82,1.8205,0.03,-0.025,-1.36,48472.0,8829345.8,1.843,1.847,1.805,1.845,2.28,9.3,1.78,-41.97,26946.0,21526.0,1525485.0,17.28,1626312.0,18.42,-100827.0,-1.14,-1139264.0,-12.9,-386220.0,-4.37,-700.0,1.818,1.821,52092486.0,94808325,94808325,2026-08-18,2026-08-18 11:33:18+08:00
513230,港股通消费ETF华夏,0.87,0.8682,-0.21,-0.012,-1.36,96953.0,8460170.0,0.882,0.882,0.869,0.882,1.47,2.95,0.87,-57.57,41325.0,55628.0,-175624.0,-2.08,879686.0,10.4,-1055310.0,-12.47,11629.0,0.14,163994.0,1.94,12.0,0.869,0.87,328422704.0,285727752,285727752,2026-08-18,2026-08-18 11:33:05+08:00
159205,创业板ETF东财,1.812,1.8145,0.14,-0.025,-1.36,354017.0,64443532.6,1.835,1.84,1.8,1.837,2.18,7.18,1.11,-2.6,172860.0,181157.0,-9452683.0,-14.67,3702798.0,5.75,-13155481.0,-20.41,-392339.0,-0.61,9845021.0,15.28,-22.0,1.812,1.816,493056064.0,893417588,893417588,2026-08-18,2026-08-18 11:33:24+08:00
561100,消费电子ETF富国,1.723,1.7212,-0.1,-0.024,-1.37,188562.0,32683641.0,1.739,1.757,1.704,1.747,3.03,3.27,1.03,2.24,91773.0,96789.0,-855323.0,-2.62,469049.0,1.44,-1324372.0,-4.05,-2505691.0,-7.67,3361013.0,10.28,12.0,1.722,1.723,576746896.0,993734902,993734902,2026-08-18,2026-08-18 11:32:45+08:00
159659,纳斯达克100ETF招商,2.373,2.1916,-8.28,-0.033,-1.37,509853.0,121355857.742,2.389,2.39,2.37,2.406,0.83,1.12,1.12,48.09,197389.0,312464.0,-25584391.0,-21.08,-13963385.0,-11.51,-11621006.0,-9.58,7180224.0,5.92,18404167.0,15.17,5.0,2.372,2.373,4541744128.0,10777558816,10777558816,2026-08-18,2026-08-18 11:33:06+08:00
159373,创业板50ETF嘉实,1.867,1.8696,0.14,-0.026,-1.37,184344.0,34588657.6,1.893,1.899,1.853,1.893,2.43,13.12,1.88,94.28,92639.0,91705.0,445388.0,1.29,899316.0,2.6,-453928.0,-1.31,-299435.0,-0.87,-145953.0,-0.42,-900.0,1.86,1.871,140557494.0,262420841,262420841,2026-08-18,2026-08-18 11:33:18+08:00
159062,稀有金属ETF南方,0.865,0.8658,0.09,-0.012,-1.37,34080.0,2979220.4,0.877,0.887,0.862,0.877,2.85,3.04,0.5,-15.1,12325.0,21755.0,-393156.0,-13.2,0.0,0.0,-393156.0,-13.2,173980.0,5.84,219175.0,7.36,-1907.0,0.865,0.867,112201256.0,97054086,97054086,2026-08-18,2026-08-18 11:33:24+08:00
562880,电池ETF嘉实,0.791,0.7921,0.14,-0.011,-1.37,179351.0,14271201.0,0.802,0.805,0.789,0.802,2.0,1.91,1.27,-50.05,49064.0,130287.0,189038.0,1.32,3587978.0,25.14,-3398940.0,-23.82,139560.0,0.98,-328599.0,-2.3,-500.0,0.79,0.792,940399600.0,743856084,743856084,2026-08-18,2026-08-18 11:32:52+08:00
517950,沪深港科技50ETF交银,1.214,1.2192,0.43,-0.017,-1.38,18111.0,2219379.0,1.228,1.235,1.21,1.231,2.03,3.41,0.55,62.3,11545.0,6566.0,127562.0,5.75,0.0,0.0,127562.0,5.75,184.0,0.01,-127744.0,-5.76,-244.0,1.207,1.225,53123200.0,64491565,64491565,2026-08-18,2026-08-18 11:32:55+08:00
159628,国证2000ETF万家,1.429,1.4332,0.29,-0.02,-1.38,266554.0,38264750.9,1.447,1.451,1.423,1.449,1.93,6.59,0.83,37.31,119360.0,147194.0,156444.0,0.41,-538510.0,-1.41,694954.0,1.82,170163.0,0.44,-326606.0,-0.85,-1715.0,1.429,1.432,404283248.0,577720761,577720761,2026-08-18,2026-08-18 11:32:39+08:00
159690,有色矿业ETF招商,1.995,1.995,0.0,-0.028,-1.38,63182.0,12722720.6,2.015,2.038,1.987,2.023,2.52,2.24,0.79,-38.86,26371.0,36811.0,753742.0,5.92,1302606.0,10.24,-548864.0,-4.31,-680457.0,-5.35,-73286.0,-0.58,4.0,1.993,1.995,282163984.0,562917148,562917148,2026-08-18,2026-08-18 11:32:48+08:00
159208,航空航天ETF万家,1.075,1.0742,-0.07,-0.015,-1.38,56320.0,6070550.1,1.09,1.09,1.071,1.09,1.74,1.7,0.85,69.82,18838.0,37482.0,-515961.0,-8.5,60484.0,1.0,-576445.0,-9.5,140950.0,2.32,375011.0,6.18,-15.0,1.075,1.077,330462784.0,355247493,355247493,2026-08-18,2026-08-18 11:33:03+08:00
159290,创业板综指增强ETF东财,1.213,1.2158,0.23,-0.017,-1.38,15647.0,1908714.2,1.229,1.231,1.205,1.23,2.11,3.47,0.89,33.15,6469.0,9178.0,-269185.0,-14.1,0.0,0.0,-269185.0,-14.1,129007.0,6.76,140178.0,7.34,-1.0,1.213,1.215,45100396.0,54706780,54706780,2026-08-18,2026-08-18 11:33:09+08:00
159597,创业板成长ETF易方达,0.855,0.856,0.12,-0.012,-1.38,203711.0,17476177.3,0.868,0.87,0.848,0.867,2.54,1.9,0.89,46.47,74372.0,129339.0,1005205.0,5.75,2621439.0,15.0,-1616234.0,-9.25,-796165.0,-4.56,-209040.0,-1.2,-546.0,0.856,0.857,1070257136.0,915069851,915069851,2026-08-18,2026-08-18 11:32:51+08:00
512670,国防ETF鹏华,0.779,0.7794,0.05,-0.011,-1.39,711474.0,55850519.0,0.789,0.791,0.777,0.79,1.77,3.13,1.79,57.73,352983.0,358491.0,-10250311.0,-18.35,-11152802.0,-19.97,902491.0,1.62,5581179.0,9.99,4669131.0,8.36,-546.0,0.779,0.781,2274652608.0,1771954382,1771954382,2026-08-18,2026-08-18 11:32:59+08:00
159369,创业板50ETF易方达,1.491,1.4893,-0.11,-0.021,-1.39,113966.0,17042536.04,1.512,1.515,1.479,1.512,2.38,3.19,1.01,1.9,56401.0,57565.0,482429.0,2.83,618537.0,3.63,-136108.0,-0.8,-1237268.0,-7.26,754838.0,4.43,-70.0,1.49,1.492,356753488.0,531919451,531919451,2026-08-18,2026-08-18 11:32:54+08:00
159156,电池ETF万家,0.921,0.9205,-0.05,-0.013,-1.39,38053.0,3531562.9,0.933,0.938,0.92,0.934,1.93,1.77,1.71,-44.03,17841.0,20212.0,1348891.0,38.2,1831581.0,51.86,-482690.0,-13.67,-795629.0,-22.53,-553264.0,-15.67,5.0,0.92,0.925,215461253.0,198439814,198439814,2026-08-18,2026-08-18 11:32:51+08:00
561800,稀有金属ETF华富,1.061,1.0627,0.16,-0.015,-1.39,93971.0,10102432.0,1.064,1.089,1.057,1.076,2.97,4.47,0.91,-41.48,38839.0,55132.0,1059530.0,10.49,369588.0,3.66,689942.0,6.83,-831197.0,-8.23,-228334.0,-2.26,-416.0,1.061,1.063,210077200.0,222891909,222891909,2026-08-18,2026-08-18 11:32:53+08:00
159180,软件ETF银华,1.066,1.0675,0.14,-0.015,-1.39,18932.0,2025364.14,1.082,1.082,1.063,1.081,1.76,5.89,0.69,59.16,9729.0,9203.0,-240696.0,-11.88,0.0,0.0,-240696.0,-11.88,398185.0,19.66,-157489.0,-7.78,311.0,1.066,1.068,32155926.0,34278217,34278217,2026-08-18,2026-08-18 11:32:45+08:00
159682,创业板50ETF景顺,1.694,1.6937,-0.02,-0.024,-1.4,799727.0,135904926.9,1.717,1.72,1.68,1.718,2.33,2.58,0.98,-72.97,399554.0,400173.0,-15326144.0,-11.28,-6130899.0,-4.51,-9195245.0,-6.77,10150273.0,7.47,5175872.0,3.81,87.0,1.691,1.694,3102307664.0,5255309183,5255309183,2026-08-18,2026-08-18 11:32:21+08:00
159888,智能汽车ETF华夏,1.06,1.0603,0.03,-0.015,-1.4,76252.0,8089978.7,1.076,1.076,1.055,1.075,1.95,10.82,0.92,54.8,32761.0,43491.0,1205804.0,14.9,827428.0,10.23,378376.0,4.68,-272247.0,-3.37,-933557.0,-11.54,18.0,1.059,1.06,70446068.0,74672832,74672832,2026-08-18,2026-08-18 11:32:57+08:00
159755,电池ETF广发,0.986,0.9849,-0.11,-0.014,-1.4,1554020.0,154234773.3,0.998,1.004,0.983,1.0,2.1,1.81,0.94,42.73,638948.0,915072.0,-2267665.0,-1.47,1484653.0,0.96,-3752318.0,-2.43,4201494.0,2.72,-1933829.0,-1.25,5.0,0.985,0.986,8608646656.0,8488125603,8488125603,2026-08-18,2026-08-18 11:33:00+08:00
560470,有色ETF易方达,0.913,0.9124,-0.07,-0.013,-1.4,98560.0,9062069.0,0.923,0.931,0.909,0.926,2.38,3.11,1.01,94.09,40892.0,57668.0,644386.0,7.11,2531392.0,27.93,-1887006.0,-20.82,-779788.0,-8.6,135401.0,1.49,30.0,0.912,0.916,317340000.0,289731420,289731420,2026-08-18,2026-08-18 11:32:57+08:00
159889,智能汽车ETF国泰,0.915,0.9154,0.04,-0.013,-1.4,2255.0,207837.6,0.933,0.933,0.912,0.928,2.26,0.79,0.48,14.45,1480.0,775.0,44606.0,21.46,0.0,0.0,44606.0,21.46,-82385.0,-39.64,37779.0,18.18,49.0,0.912,0.92,28400796.0,25986728,25986728,2026-08-18,2026-08-18 11:32:33+08:00
159880,有色ETF鹏华,0.982,0.9816,-0.04,-0.014,-1.41,232190.0,22969185.7,0.992,1.004,0.978,0.996,2.61,1.82,1.1,45.08,118281.0,113909.0,-296251.0,-1.29,512770.0,2.23,-809021.0,-3.52,-859906.0,-3.74,1156157.0,5.03,50.0,0.98,0.983,1274103040.0,1251169185,1251169185,2026-08-18,2026-08-18 11:32:18+08:00
560290,有色ETF景顺,0.838,0.8372,-0.1,-0.012,-1.41,36728.0,3097729.0,0.846,0.855,0.834,0.85,2.47,0.99,0.78,-40.65,18743.0,17985.0,-153751.0,-4.96,127697.0,4.12,-281448.0,-9.09,-50141.0,-1.62,203892.0,6.58,30.0,0.836,0.84,370694000.0,310641572,310641572,2026-08-18,2026-08-18 11:32:55+08:00
159949,创业板50ETF华安,1.74,1.7416,0.09,-0.025,-1.42,5903530.0,1031910782.049,1.762,1.77,1.727,1.765,2.44,3.99,1.19,-71.49,2534320.0,3369209.0,-58430736.0,-5.66,49884688.0,4.83,-108315424.0,-10.5,16445201.0,1.59,41985517.0,4.07,-1259.0,1.74,1.741,14813785088.0,25775986053,25775986053,2026-08-18,2026-08-18 11:33:00+08:00
159814,创业大盘ETF西部利得,0.766,0.7679,0.25,-0.011,-1.42,310836.0,23922102.1,0.775,0.779,0.76,0.777,2.45,6.37,0.92,-97.58,124509.0,186327.0,-250293.0,-1.05,579856.0,2.42,-830149.0,-3.47,801039.0,3.35,-550745.0,-2.3,-19.0,0.765,0.767,488246528.0,373996840,373996840,2026-08-18,2026-08-18 11:32:21+08:00
560970,工业有色ETF平安,0.969,0.969,0.0,-0.014,-1.42,4536.0,440812.0,0.974,0.984,0.965,0.983,1.93,0.68,0.39,-67.63,440.0,4096.0,88285.0,20.03,0.0,0.0,88285.0,20.03,91735.0,20.81,-180018.0,-40.84,10.0,0.961,0.982,67138000.0,65056722,65056722,2026-08-18,2026-08-18 11:32:59+08:00
159178,消费电子ETF汇添富,1.111,1.1122,0.11,-0.016,-1.42,92423.0,10320373.9,1.129,1.135,1.099,1.127,3.19,10.95,1.17,46.19,49906.0,42517.0,720354.0,6.98,658425.0,6.38,61929.0,0.6,-1618943.0,-15.69,898589.0,8.71,-1558.0,1.11,1.112,84432994.0,93805056,93805056,2026-08-18,2026-08-18 11:32:57+08:00
159293,创业板综增强ETF建信,1.111,1.1183,0.65,-0.016,-1.42,11129.0,1249811.2,1.128,1.129,1.111,1.127,1.6,4.42,0.52,-5.26,4428.0,6701.0,-74178.0,-5.94,0.0,0.0,-74178.0,-5.94,74672.0,5.97,-494.0,-0.04,-2.0,1.116,1.117,25159397.0,27952090,27952090,2026-08-18,2026-08-18 11:33:15+08:00
159288,创业板综ETF银华,1.038,1.0423,0.41,-0.015,-1.42,26317.0,2740908.2,1.052,1.054,1.033,1.053,1.99,2.86,5.85,-3.45,15608.0,10709.0,91107.0,3.32,0.0,0.0,91107.0,3.32,-5277.0,-0.19,-85831.0,-3.13,-2.0,1.032,1.041,92174931.0,95677578,95677578,2026-08-18,2026-08-18 11:32:48+08:00
516380,智能电动车ETF华宝,0.905,0.9037,-0.14,-0.013,-1.42,1079.0,97913.0,0.92,0.92,0.902,0.918,1.96,0.13,0.51,-12.68,143.0,936.0,48294.0,49.32,12523.0,12.79,35771.0,36.53,-45380.0,-46.35,-2915.0,-2.98,100.0,0.9,0.922,82449300.0,74616617,74616617,2026-08-18,2026-08-18 11:32:44+08:00
516650,有色金属ETF华夏,1.869,1.8677,-0.07,-0.027,-1.42,738291.0,139020838.0,1.889,1.907,1.862,1.896,2.37,1.4,1.07,50.63,351159.0,387132.0,2827471.0,2.03,2468229.0,1.78,359242.0,0.26,-3751522.0,-2.7,924052.0,0.66,15.0,1.867,1.869,5281464832.0,9871057771,9871057771,2026-08-18,2026-08-18 11:33:00+08:00
159732,消费电子ETF华夏,1.46,1.4606,0.04,-0.021,-1.42,2577169.0,380028910.5,1.485,1.489,1.444,1.481,3.04,10.2,2.1,61.86,1087197.0,1489972.0,-1009145.0,-0.27,11164245.0,2.94,-12173390.0,-3.2,9169105.0,2.41,-8159960.0,-2.15,2.0,1.459,1.46,2525447904.0,3687153940,3687153940,2026-08-18,2026-08-18 11:32:57+08:00
512710,军工龙头ETF富国,0.627,0.6277,0.11,-0.009,-1.42,2009603.0,126444204.0,0.635,0.636,0.626,0.636,1.57,1.74,1.11,43.78,651047.0,1358556.0,-22031079.0,-17.42,-23117322.0,-18.28,1086243.0,0.86,14257761.0,11.28,7773319.0,6.15,-757.0,0.627,0.628,11577658368.0,7259191797,7259191797,2026-08-18,2026-08-18 11:32:55+08:00
516390,新能源车ETF汇添富,0.893,0.8947,0.19,-0.013,-1.43,29540.0,2659521.0,0.906,0.911,0.893,0.906,1.99,1.62,1.48,83.55,10259.0,19281.0,520585.0,19.57,20751.0,0.78,499834.0,18.79,-251284.0,-9.45,-269302.0,-10.13,-77.0,0.893,0.899,182761000.0,163205573,163205573,2026-08-18,2026-08-18 11:32:51+08:00
561310,消电ETF国泰,0.756,0.757,0.13,-0.011,-1.43,57009.0,4353899.0,0.767,0.771,0.748,0.767,3.0,5.29,1.2,-67.52,25863.0,31146.0,-321939.0,-7.39,451250.0,10.36,-773189.0,-17.76,90487.0,2.08,231452.0,5.32,-2000.0,0.754,0.758,107833100.0,81521824,81521824,2026-08-18,2026-08-18 11:32:51+08:00
159632,纳斯达克ETF华安,2.488,2.3047,-7.95,-0.036,-1.43,717923.0,179205907.966,2.507,2.509,2.486,2.524,0.91,1.45,1.52,31.41,286878.0,431045.0,-41357557.0,-23.08,-10918491.0,-6.09,-30439066.0,-16.99,13051255.0,7.28,28306301.0,15.8,2079.0,2.488,2.489,4946720768.0,12307441271,12307441271,2026-08-18,2026-08-18 11:32:27+08:00
159895,物联网ETF易方达,1.45,1.4478,-0.15,-0.021,-1.43,21790.0,3179536.4,1.471,1.471,1.436,1.471,2.38,3.02,1.58,19.15,9284.0,12506.0,-314806.0,-9.9,0.0,0.0,-314806.0,-9.9,319629.0,10.05,-4823.0,-0.15,13.0,1.436,1.47,72241864.0,104750703,104750703,2026-08-18,2026-08-18 11:32:27+08:00
159186,港股通汽车ETF鹏华,0.758,0.756,-0.26,-0.011,-1.43,55287.0,4229830.1,0.769,0.777,0.756,0.769,2.73,6.51,4.29,13.77,17687.0,37600.0,49510.0,1.17,0.0,0.0,49510.0,1.17,-173575.0,-4.1,124065.0,2.93,20.0,0.757,0.758,84869245.0,64330888,64330888,2026-08-18,2026-08-18 11:33:09+08:00
515250,智能汽车ETF富国,0.963,0.966,0.31,-0.014,-1.43,143045.0,13858390.0,0.972,0.978,0.96,0.977,1.84,4.16,1.64,98.51,47658.0,95387.0,2260789.0,16.31,2487248.0,17.95,-226459.0,-1.63,-903467.0,-6.52,-1357324.0,-9.79,-9.0,0.963,0.965,343944496.0,331218550,331218550,2026-08-18,2026-08-18 11:32:46+08:00
563530,卫星ETF易方达,1.174,1.1736,-0.03,-0.017,-1.43,516439.0,60729601.0,1.19,1.19,1.166,1.191,2.02,3.31,1.16,66.9,195791.0,320648.0,-6617314.0,-10.9,-1125859.0,-1.85,-5491455.0,-9.04,2570276.0,4.23,4047039.0,6.66,-12.0,1.173,1.174,1560748000.0,1832318152,1832318152,2026-08-18,2026-08-18 11:32:40+08:00
159392,航空ETF富国,0.96,0.9578,-0.23,-0.014,-1.44,65197.0,6268536.5,0.974,0.975,0.957,0.974,1.85,3.56,3.47,36.29,36543.0,28654.0,-775608.0,-12.37,-732157.0,-11.68,-43451.0,-0.69,567146.0,9.05,208462.0,3.33,8.0,0.958,0.975,183285500.0,175954080,175954080,2026-08-18,2026-08-18 11:33:00+08:00
159757,电池ETF景顺,0.82,0.8206,0.07,-0.012,-1.44,75629.0,6233655.9,0.832,0.836,0.819,0.832,2.04,3.01,1.23,27.63,33887.0,41742.0,-459093.0,-7.36,491963.0,7.89,-951056.0,-15.26,331523.0,5.32,127569.0,2.05,-2100.0,0.819,0.821,250931891.0,205764151,205764151,2026-08-18,2026-08-18 11:32:54+08:00
159699,恒生消费ETF广发,0.892,0.8948,0.31,-0.013,-1.44,162049.0,14504021.0,0.903,0.903,0.892,0.905,1.22,3.19,2.49,-22.53,68776.0,93273.0,-717501.0,-4.95,-8003746.0,-55.18,7286245.0,50.24,12316.0,0.08,705185.0,4.86,-208.0,0.892,0.893,508164256.0,453282516,453282516,2026-08-18,2026-08-18 11:32:33+08:00
159227,航空航天ETF华夏,1.029,1.0295,0.05,-0.015,-1.44,1117891.0,115385239.1,1.043,1.043,1.026,1.044,1.63,2.36,1.16,40.5,339533.0,778358.0,-16025534.0,-13.89,-8233195.0,-7.14,-7792339.0,-6.75,10030342.0,8.69,5995192.0,5.2,-135.0,1.029,1.03,4729911296.0,4867078724,4867078724,2026-08-18,2026-08-18 11:33:09+08:00
159775,电池ETF建信,0.817,0.8176,0.07,-0.012,-1.45,195338.0,16063137.2,0.821,0.832,0.816,0.829,1.93,2.88,1.66,18.57,80252.0,115086.0,165132.0,1.03,1109538.0,6.91,-944406.0,-5.88,-269734.0,-1.68,104602.0,0.65,1360.0,0.816,0.818,678648960.0,554456200,554456200,2026-08-18,2026-08-18 11:32:30+08:00
159218,卫星ETF招商,1.431,1.432,0.07,-0.021,-1.45,365113.0,52408409.5,1.452,1.452,1.422,1.452,2.07,1.75,0.82,3.92,134634.0,230479.0,-6625167.0,-12.64,111759.0,0.21,-6736926.0,-12.85,647720.0,1.24,5977447.0,11.41,-76.0,1.431,1.432,2091616384.0,2993103046,2993103046,2026-08-18,2026-08-18 11:33:06+08:00
513870,纳指ETF富国,2.093,1.9324,-8.31,-0.031,-1.46,206468.0,43369527.0,2.113,2.113,2.091,2.124,1.04,1.51,0.97,73.74,80834.0,125634.0,-7307278.0,-16.85,338793.0,0.78,-7646071.0,-17.63,-359035.0,-0.83,7666314.0,17.68,-3.0,2.093,2.094,1366671008.0,2860442420,2860442420,2026-08-18,2026-08-18 11:32:48+08:00
159259,成长ETF易方达,1.416,1.4179,0.13,-0.021,-1.46,2101008.0,299013934.5,1.44,1.444,1.397,1.437,3.27,5.0,1.26,-3.26,939156.0,1161852.0,-48781796.0,-16.31,-52175310.0,-17.45,3393514.0,1.13,29782767.0,9.96,18999030.0,6.35,7.0,1.416,1.419,4199696400.0,5946770102,5946770102,2026-08-18,2026-08-18 11:32:54+08:00
159513,纳斯达克100ETF大成,1.828,1.6954,-7.82,-0.027,-1.46,595012.0,109130436.772,1.843,1.843,1.826,1.855,0.92,1.32,1.34,6.76,198457.0,396555.0,-15573000.0,-14.27,-2733221.0,-2.5,-12839779.0,-11.77,6132034.0,5.62,9440966.0,8.65,-6.0,1.828,1.829,4495549184.0,8217863908,8217863908,2026-08-18,2026-08-18 11:33:12+08:00
513400,道琼斯ETF鹏华,1.342,1.3181,-1.81,-0.02,-1.47,1308053.0,176145438.0,1.355,1.357,1.339,1.362,1.32,5.01,1.96,13.27,479229.0,828824.0,-8095346.0,-4.6,-8883646.0,-5.04,788300.0,0.45,4527002.0,2.57,3568345.0,2.03,28.0,1.341,1.342,2612062000.0,3505387204,3505387204,2026-08-18,2026-08-18 11:33:02+08:00
159541,创业板综ETF万家,1.614,1.6131,-0.06,-0.024,-1.47,32414.0,5242458.1,1.63,1.636,1.603,1.638,2.01,5.14,1.17,-1.59,17979.0,14435.0,-730468.0,-13.93,190416.0,3.63,-920884.0,-17.57,1089223.0,20.78,-358755.0,-6.84,-255.0,1.613,1.616,63093326.0,101832628,101832628,2026-08-18,2026-08-18 11:32:57+08:00
159267,航天ETF华安,0.873,0.8731,0.01,-0.013,-1.47,643277.0,56255812.1,0.887,0.887,0.87,0.886,1.92,2.44,1.19,35.18,252637.0,390640.0,-7780219.0,-13.83,-997423.0,-1.77,-6782796.0,-12.06,4572754.0,8.13,3207465.0,5.7,-6000.0,0.873,0.874,2631506128.0,2297304850,2297304850,2026-08-18,2026-08-18 11:32:36+08:00
159607,中概互联网ETF嘉实,0.803,0.8194,2.0,-0.012,-1.47,868555.0,69896151.3,0.807,0.814,0.8,0.815,1.72,7.31,1.55,41.2,398273.0,470282.0,-5891713.0,-8.43,-5597690.0,-8.01,-294023.0,-0.42,3298208.0,4.72,2593505.0,3.71,-94.0,0.803,0.804,1187829136.0,953826796,953826796,2026-08-18,2026-08-18 11:33:03+08:00
563320,通用航空ETF华泰柏瑞,0.871,0.8706,-0.05,-0.013,-1.47,35493.0,3096197.0,0.884,0.884,0.868,0.884,1.81,1.64,0.65,83.29,15219.0,20274.0,142366.0,4.6,-359206.0,-11.6,501572.0,16.2,-324357.0,-10.48,181991.0,5.88,8.0,0.869,0.875,215892000.0,188041932,188041932,2026-08-18,2026-08-18 11:32:50+08:00
159029,有色ETF广发,0.934,0.9338,-0.02,-0.014,-1.48,96992.0,9141983.023,0.944,0.955,0.931,0.948,2.53,2.89,0.7,72.49,31464.0,65528.0,1117765.0,12.23,3183950.0,34.83,-2066185.0,-22.6,-1360785.0,-14.89,243021.0,2.66,-1.0,0.934,0.935,336127712.0,313943283,313943283,2026-08-18,2026-08-18 11:33:24+08:00
513300,纳斯达克ETF华夏,2.72,2.5163,-8.1,-0.041,-1.48,969335.0,264606547.0,2.74,2.747,2.717,2.761,1.09,1.83,1.66,9.22,346238.0,623096.0,-47804620.0,-18.07,-27783134.0,-10.5,-20021486.0,-7.57,20391740.0,7.71,27412881.0,10.36,1002.0,2.719,2.72,5295671040.0,14404225229,14404225229,2026-08-18,2026-08-18 11:32:59+08:00
520860,港股通科技ETF富国,0.801,0.8026,0.2,-0.012,-1.48,145458.0,11678198.0,0.816,0.817,0.8,0.813,2.09,4.18,1.5,6.31,71042.0,74416.0,9323.0,0.08,0.0,0.0,9323.0,0.08,-229764.0,-1.97,220442.0,1.89,-202.0,0.801,0.803,348195008.0,278904201,278904201,2026-08-18,2026-08-18 11:32:56+08:00
159806,新能源车ETF国泰,0.734,0.7346,0.08,-0.011,-1.48,76940.0,5693185.2,0.745,0.748,0.733,0.745,2.01,0.92,0.68,75.08,32699.0,44241.0,81944.0,1.44,-753134.0,-13.23,835078.0,14.67,-218741.0,-3.84,136798.0,2.4,-1.0,0.733,0.735,840089440.0,616625649,616625649,2026-08-18,2026-08-18 11:32:18+08:00
159696,纳指ETF易方达,2.056,1.8889,-8.85,-0.031,-1.49,151240.0,31131187.2,2.066,2.072,2.051,2.087,1.01,0.54,0.94,15.98,69259.0,81981.0,-6678359.0,-21.45,-3076484.0,-9.88,-3601875.0,-11.57,3102386.0,9.97,3575973.0,11.49,-7.0,2.056,2.058,2782824032.0,5721486210,5721486210,2026-08-18,2026-08-18 11:32:51+08:00
159681,创业板50ETF鹏华,1.713,1.7143,0.08,-0.026,-1.5,370577.0,63810569.1,1.737,1.741,1.701,1.739,2.3,3.66,1.02,-38.65,199527.0,171050.0,-876161.0,-1.37,368269.0,0.58,-1244430.0,-1.95,-4383.0,-0.01,880543.0,1.38,-6.0,1.713,1.715,1011772336.0,1733166012,1733166012,2026-08-18,2026-08-18 11:32:18+08:00
560300,电信ETF汇添富,2.352,2.3499,-0.09,-0.036,-1.51,5789.0,1368995.0,2.364,2.373,2.339,2.388,1.42,2.08,1.78,10.68,1336.0,4453.0,126162.0,9.22,-516878.0,-37.76,643040.0,46.97,-137357.0,-10.03,11194.0,0.82,105.0,2.35,2.352,27803400.0,65393597,65393597,2026-08-18,2026-08-18 11:32:30+08:00
516730,证券ETF浦银,0.979,0.9778,-0.12,-0.015,-1.51,16578.0,1633130.0,0.995,0.995,0.977,0.994,1.81,0.71,1.31,-71.41,4625.0,11953.0,-509561.0,-31.2,-149656.0,-9.16,-359905.0,-22.04,317277.0,19.43,192285.0,11.77,5.0,0.978,0.986,234880800.0,229948303,229948303,2026-08-18,2026-08-18 11:32:57+08:00
513390,纳指100ETF博时,2.459,2.2778,-7.96,-0.038,-1.52,263875.0,65103814.0,2.496,2.496,2.456,2.497,1.6,1.24,1.03,-1.42,123134.0,140741.0,-7740003.0,-11.89,799658.0,1.23,-8539661.0,-13.12,643313.0,0.99,7096691.0,10.9,17.0,2.458,2.459,2128379104.0,5233684217,5233684217,2026-08-18,2026-08-18 11:32:57+08:00
560710,船舶ETF富国,0.909,0.9101,0.12,-0.014,-1.52,163037.0,14896981.0,0.92,0.922,0.908,0.923,1.52,0.9,0.7,18.06,57106.0,105931.0,-1813572.0,-12.17,-1217305.0,-8.17,-596267.0,-4.0,793033.0,5.32,1020537.0,6.85,-8.0,0.909,0.91,1814580000.0,1649453220,1649453220,2026-08-18,2026-08-18 11:32:43+08:00
562820,集成电路ETF嘉实,1.038,1.0374,-0.06,-0.016,-1.52,231200.0,24181864.0,1.055,1.06,1.024,1.054,3.42,5.98,1.41,-14.07,101452.0,129748.0,-1295261.0,-5.36,-382486.0,-1.58,-912775.0,-3.77,-919046.0,-3.8,2214308.0,9.16,-150.0,1.037,1.038,386408000.0,401091504,401091504,2026-08-18,2026-08-18 11:32:42+08:00
159660,纳指ETF汇添富,2.397,2.2174,-8.1,-0.037,-1.52,242227.0,58294084.2,2.419,2.419,2.394,2.434,1.03,1.08,1.03,5.06,95773.0,146454.0,-5943691.0,-10.2,-615613.0,-1.06,-5328078.0,-9.14,-3133372.0,-5.38,9077065.0,15.57,42.0,2.396,2.397,2250151360.0,5393612810,5393612810,2026-08-18,2026-08-18 11:33:03+08:00
159311,数字经济ETF易方达,1.558,1.5602,0.14,-0.024,-1.52,3641.0,569834.1,1.583,1.587,1.543,1.582,2.78,0.92,0.76,-22.18,1981.0,1660.0,135905.0,23.85,-91043.0,-15.98,226948.0,39.83,-194697.0,-34.17,58793.0,10.32,38.0,1.55,1.58,39383993.0,61360261,61360261,2026-08-18,2026-08-18 11:32:27+08:00
159270,创业板200ETF南方,1.166,1.1663,0.03,-0.018,-1.52,55152.0,6471380.7,1.186,1.19,1.159,1.184,2.62,6.08,1.16,-83.33,27476.0,27676.0,322454.0,4.98,0.0,0.0,322454.0,4.98,-291679.0,-4.51,-30775.0,-0.48,4.0,1.164,1.175,90763649.0,105830415,105830415,2026-08-18,2026-08-18 11:32:33+08:00
159049,有色ETF工银,1.03,1.0323,0.22,-0.016,-1.53,62285.0,6469553.289,1.046,1.053,1.029,1.046,2.29,11.96,1.53,86.89,22330.0,39955.0,351211.0,5.43,2637760.0,40.77,-2286549.0,-35.34,-322994.0,-4.99,-28217.0,-0.44,-550.0,1.031,1.034,52073319.0,53635519,53635519,2026-08-18,2026-08-18 11:32:36+08:00
513110,纳指ETF华泰柏瑞,2.512,2.3301,-7.81,-0.039,-1.53,444961.0,112199695.0,2.532,2.535,2.51,2.551,0.98,2.03,1.26,49.65,153734.0,291227.0,-9103531.0,-8.11,-9397675.0,-8.38,294144.0,0.26,2574457.0,2.29,6529075.0,5.82,-2000.0,2.512,2.513,2190435008.0,5502372740,5502372740,2026-08-18,2026-08-18 11:32:59+08:00
159055,稀有金属ETF富国,0.965,0.9644,-0.06,-0.015,-1.53,52796.0,5118041.7,0.98,0.988,0.959,0.98,2.96,4.32,1.01,1.84,18784.0,34012.0,980930.0,19.17,610873.0,11.94,370057.0,7.23,-1073330.0,-20.97,92400.0,1.81,1866.0,0.962,0.965,122293952.0,118013664,118013664,2026-08-18,2026-08-18 11:32:54+08:00
561390,稀有金属ETF平安,1.027,1.0318,0.47,-0.016,-1.53,186225.0,19378274.0,1.039,1.055,1.023,1.043,3.07,13.48,0.21,14.6,93630.0,92595.0,2528153.0,13.05,2073111.0,10.7,455042.0,2.35,-1944610.0,-10.04,-583543.0,-3.01,-100.0,1.027,1.028,138128100.0,141857559,141857559,2026-08-18,2026-08-18 11:32:46+08:00
159751,港股通科技ETF鹏华,0.901,0.9015,0.06,-0.014,-1.53,167230.0,15150871.7,0.909,0.916,0.898,0.915,1.97,1.88,1.11,63.25,59343.0,107887.0,-1411269.0,-9.31,-263474.0,-1.74,-1147795.0,-7.58,946089.0,6.24,465181.0,3.07,4.0,0.9,0.901,889629632.0,801556298,801556298,2026-08-18,2026-08-18 11:32:54+08:00
159546,集成电路ETF国泰,0.833,0.8347,0.2,-0.013,-1.54,552520.0,46395864.1,0.847,0.852,0.823,0.846,3.43,8.07,1.88,1.48,231175.0,321345.0,-4622369.0,-9.96,1141604.0,2.46,-5763973.0,-12.42,947653.0,2.04,3674714.0,7.92,-60.0,0.833,0.835,684927824.0,570544877,570544877,2026-08-18,2026-08-18 11:33:09+08:00
512400,有色金属ETF南方,1.918,1.918,0.0,-0.03,-1.54,2971237.0,574041632.0,1.933,1.96,1.911,1.948,2.52,2.27,0.79,-14.19,1357287.0,1613949.0,-25287980.0,-4.41,7555377.0,1.32,-32843357.0,-5.72,-13346219.0,-2.32,38634198.0,6.73,3.0,1.917,1.918,13111038976.0,25146972756,25146972756,2026-08-18,2026-08-18 11:32:45+08:00
159168,有色ETF富国,0.897,0.8973,0.03,-0.014,-1.54,187588.0,16936541.903,0.904,0.916,0.893,0.911,2.52,3.53,0.8,60.77,61187.0,126401.0,-1264697.0,-7.47,1220686.0,7.21,-2485383.0,-14.67,-17217.0,-0.1,1281914.0,7.57,21.0,0.896,0.897,531455056.0,476715185,476715185,2026-08-18,2026-08-18 11:32:51+08:00
159836,创业板300ETF天弘,1.347,1.3505,0.26,-0.021,-1.54,10069.0,1360461.2,1.362,1.368,1.34,1.368,2.05,0.92,1.59,-9.7,5280.0,4789.0,285028.0,20.95,227204.0,16.7,57824.0,4.25,-215674.0,-15.85,-69355.0,-5.1,-40.0,1.348,1.351,109747113.0,147829361,147829361,2026-08-18,2026-08-18 11:33:03+08:00
513560,香港科技ETF兴银,1.149,1.1488,-0.02,-0.018,-1.54,139943.0,16204958.0,1.158,1.17,1.147,1.167,1.97,2.63,1.59,66.72,52220.0,87723.0,-1799779.0,-11.11,-3116.0,-0.02,-1796663.0,-11.09,1191344.0,7.35,608437.0,3.75,368.0,1.148,1.15,532386000.0,611711514,611711514,2026-08-18,2026-08-18 11:32:49+08:00
159216,深证100ETF大成,1.534,1.5349,0.06,-0.024,-1.54,15677.0,2417679.9,1.545,1.574,1.53,1.558,2.82,14.19,0.59,-57.58,7691.0,7986.0,-200466.0,-8.29,0.0,0.0,-200466.0,-8.29,287460.0,11.89,-86993.0,-3.6,50.0,1.527,1.557,11048250.0,16948016,16948016,2026-08-18,2026-08-18 11:33:21+08:00
159052,新能源电池ETF嘉实,0.888,0.8877,-0.03,-0.014,-1.55,59357.0,5285926.102,0.898,0.901,0.883,0.902,2.0,3.03,2.35,42.4,22654.0,36703.0,326385.0,6.17,599227.0,11.34,-272842.0,-5.16,-459974.0,-8.7,133590.0,2.53,1.0,0.886,0.888,195926092.0,173982370,173982370,2026-08-18,2026-08-18 11:32:39+08:00
520530,港股通科技ETF东财,0.827,0.8278,0.1,-0.013,-1.55,203835.0,16976379.0,0.84,0.841,0.825,0.84,1.9,8.61,1.47,23.98,72683.0,131152.0,-4088809.0,-24.09,-554048.0,-3.26,-3534761.0,-20.82,1710367.0,10.07,2378442.0,14.01,-17.0,0.827,0.828,236776000.0,195813752,195813752,2026-08-18,2026-08-18 11:32:50+08:00
159183,新能源车ETF招商,0.891,0.8927,0.19,-0.014,-1.55,25018.0,2240250.6,0.907,0.907,0.891,0.905,1.77,5.28,1.0,-91.0,4403.0,20615.0,-229499.0,-10.24,-192199.0,-8.58,-37300.0,-1.66,314823.0,14.05,-85324.0,-3.81,-1810.0,0.891,0.892,47387793.0,42222524,42222524,2026-08-18,2026-08-18 11:33:06+08:00
159283,通用航空ETF南方,0.888,0.8876,-0.05,-0.014,-1.55,66149.0,5879326.374,0.9,0.9,0.885,0.902,1.66,2.25,1.54,78.17,35320.0,30829.0,-610832.0,-10.39,0.0,0.0,-610832.0,-10.39,447434.0,7.61,163398.0,2.78,2700.0,0.888,0.89,293437984.0,260572930,260572930,2026-08-18,2026-08-18 11:32:42+08:00
560860,工业有色ETF万家,1.653,1.6519,-0.07,-0.026,-1.55,1127018.0,187139483.0,1.666,1.688,1.646,1.679,2.5,1.97,0.96,88.68,568290.0,558727.0,6225380.0,3.33,5176826.0,2.77,1048554.0,0.56,-11557491.0,-6.18,5332111.0,2.85,71.0,1.651,1.653,5711233024.0,9440668189,9440668189,2026-08-18,2026-08-18 11:32:42+08:00
159956,创业板ETF建信,2.34,2.3468,0.29,-0.037,-1.56,20841.0,4900825.8,2.354,2.383,2.332,2.377,2.15,4.44,1.58,-3.13,8597.0,12244.0,811033.0,16.55,109604.0,2.24,701429.0,14.31,-1071669.0,-21.87,260636.0,5.32,-30.0,2.345,2.349,46978674.0,109930097,109930097,2026-08-18,2026-08-18 11:32:24+08:00
560870,工业有色ETF中银,0.949,0.9499,0.09,-0.015,-1.56,60113.0,5740578.0,0.965,0.967,0.945,0.964,2.28,6.17,1.27,-25.55,26245.0,33868.0,1130738.0,19.7,1587504.0,27.65,-456766.0,-7.96,-182303.0,-3.18,-948436.0,-16.52,10.0,0.946,0.964,97351900.0,92386953,92386953,2026-08-18,2026-08-18 11:32:36+08:00
159747,香港科技ETF南方,1.19,1.193,0.25,-0.019,-1.57,151625.0,18132992.5,1.205,1.21,1.188,1.209,1.82,4.79,1.42,18.46,62344.0,89281.0,-562689.0,-3.1,-997037.0,-5.5,434348.0,2.4,161731.0,0.89,400957.0,2.21,-200.0,1.189,1.191,316712272.0,376887604,376887604,2026-08-18,2026-08-18 11:33:03+08:00
159750,港股科技50ETF招商,0.877,0.8826,0.63,-0.014,-1.57,233302.0,20533630.3,0.888,0.892,0.876,0.891,1.8,1.85,1.02,35.31,99628.0,133674.0,-369031.0,-1.8,757099.0,3.69,-1126130.0,-5.48,413899.0,2.02,-44868.0,-0.22,-105.0,0.877,0.878,1261618256.0,1106439211,1106439211,2026-08-18,2026-08-18 11:33:06+08:00
517880,品牌消费ETF华泰柏瑞,0.75,0.7527,0.36,-0.012,-1.57,30192.0,2274081.0,0.762,0.762,0.749,0.762,1.71,5.66,1.16,-26.99,12593.0,17599.0,-72853.0,-3.2,-474895.0,-20.88,402042.0,17.68,29576.0,1.3,43277.0,1.9,40.0,0.749,0.75,53337100.0,40002825,40002825,2026-08-18,2026-08-18 11:32:55+08:00
159255,通用航空ETF易方达,0.875,0.8758,0.09,-0.014,-1.57,29810.0,2613506.6,0.891,0.897,0.872,0.889,2.81,4.36,1.34,35.28,12487.0,17323.0,422878.0,16.18,-15769.0,-0.6,438647.0,16.78,-115058.0,-4.4,-307821.0,-11.78,17.0,0.872,0.881,68338868.0,59796510,59796510,2026-08-18,2026-08-18 11:32:51+08:00
513100,纳指ETF国泰,2.238,2.0294,-10.28,-0.036,-1.58,516131.0,115645191.0,2.243,2.247,2.234,2.274,0.57,0.55,0.67,1.75,240229.0,275903.0,-25558732.0,-22.1,-14747322.0,-12.75,-10811410.0,-9.35,4243401.0,3.67,21315332.0,18.43,-414.0,2.237,2.238,9465110528.0,21182917362,21182917362,2026-08-18,2026-08-18 11:33:01+08:00
159257,航空ETF汇添富,0.872,0.8727,0.08,-0.014,-1.58,12935.0,1130743.2,0.884,0.886,0.87,0.886,1.81,0.87,0.38,66.47,1984.0,10951.0,133739.0,11.83,0.0,0.0,133739.0,11.83,-148149.0,-13.1,14410.0,1.27,-1108.0,0.87,0.874,149416949.0,130291580,130291580,2026-08-18,2026-08-18 11:32:57+08:00
159071,新能源电池ETF华宝,0.873,0.874,0.11,-0.014,-1.58,53489.0,4702436.95,0.883,0.887,0.872,0.887,1.69,4.42,1.07,-4.85,16374.0,37115.0,726862.0,15.46,0.0,0.0,726862.0,15.46,-84988.0,-1.81,-641874.0,-13.65,-20.0,0.874,0.88,120911738.0,105555947,105555947,2026-08-18,2026-08-18 11:33:09+08:00
159997,电子ETF天弘,2.234,2.2346,0.03,-0.036,-1.59,442470.0,99255406.4,2.269,2.278,2.208,2.27,3.08,5.85,2.23,-57.06,167622.0,274848.0,9248305.0,9.32,13427789.0,13.53,-4179484.0,-4.21,2769895.0,2.79,-12018201.0,-12.11,-30.0,2.232,2.235,756306640.0,1689589034,1689589034,2026-08-18,2026-08-18 11:32:33+08:00
516980,证券先锋ETF华富,1.055,1.0551,0.01,-0.017,-1.59,12494.0,1324662.0,1.071,1.071,1.053,1.072,1.68,2.1,1.1,-5.14,4806.0,7688.0,-347618.0,-26.24,0.0,0.0,-347618.0,-26.24,142808.0,10.78,204811.0,15.46,9.0,1.053,1.055,59516000.0,62789380,62789380,2026-08-18,2026-08-18 11:32:38+08:00
159269,港股通科技ETF南方,0.869,0.8716,0.3,-0.014,-1.59,1042520.0,90957362.0,0.876,0.886,0.867,0.883,2.15,5.25,2.39,71.76,401399.0,641121.0,3398667.0,3.74,-122642.0,-0.13,3521309.0,3.87,-2720199.0,-2.99,-678467.0,-0.75,-609.0,0.868,0.87,1984311712.0,1724366878,1724366878,2026-08-18,2026-08-18 11:33:00+08:00
515630,证券保险ETF鹏华,1.241,1.2416,0.05,-0.02,-1.59,655137.0,81808515.0,1.258,1.26,1.241,1.261,1.51,6.16,4.18,29.71,144418.0,510719.0,-5868089.0,-7.17,-17924591.0,-21.91,12056502.0,14.74,3140002.0,3.84,2728086.0,3.33,-1.0,1.241,1.243,1064217696.0,1320694161,1320694161,2026-08-18,2026-08-18 11:32:59+08:00
159157,有色金属ETF天弘,0.863,0.863,0.0,-0.014,-1.6,600849.0,52106059.737,0.874,0.881,0.859,0.877,2.51,0.75,0.94,24.37,247721.0,353128.0,1279894.0,2.46,5681643.0,10.9,-4401749.0,-8.45,-2236369.0,-4.29,956476.0,1.84,10.0,0.861,0.863,7984758784.0,6890846831,6890846831,2026-08-18,2026-08-18 11:32:39+08:00
560490,工业有色ETF华泰柏瑞,0.982,0.9836,0.16,-0.016,-1.6,45582.0,4503101.0,0.991,1.005,0.979,0.998,2.61,3.85,0.7,69.48,21950.0,23632.0,173089.0,3.84,-564050.0,-12.53,737139.0,16.37,-312894.0,-6.95,139804.0,3.1,-10.0,0.981,0.987,118482000.0,116349324,116349324,2026-08-18,2026-08-18 11:32:44+08:00
561660,通用航空ETF平安,0.916,0.9174,0.15,-0.015,-1.61,22253.0,2040754.0,0.933,0.936,0.913,0.931,2.47,3.19,1.27,-11.36,4447.0,17806.0,934749.0,45.8,0.0,0.0,934749.0,45.8,-318119.0,-15.59,-616630.0,-30.22,-60.0,0.915,0.922,69710000.0,63854360,63854360,2026-08-18,2026-08-18 11:32:28+08:00
159638,高端装备ETF嘉实,0.853,0.8535,0.06,-0.014,-1.61,214523.0,18339597.6,0.863,0.866,0.85,0.867,1.85,1.48,0.83,78.02,78557.0,135966.0,-516852.0,-2.82,870912.0,4.75,-1387764.0,-7.57,525896.0,2.87,-9044.0,-0.05,-26.0,0.853,0.855,1454341936.0,1240553671,1240553671,2026-08-18,2026-08-18 11:32:45+08:00
159871,有色ETF银华,0.975,0.9746,-0.04,-0.016,-1.61,224106.0,22038635.8,0.988,0.996,0.971,0.991,2.52,1.94,0.83,-10.55,83513.0,140593.0,-479512.0,-2.18,162114.0,0.74,-641626.0,-2.91,-346879.0,-1.57,826391.0,3.75,10.0,0.974,0.975,1157232512.0,1128301699,1128301699,2026-08-18,2026-08-18 11:33:09+08:00
513650,标普500ETF南方,2.022,1.8935,-6.79,-0.033,-1.61,760999.0,154525099.0,2.042,2.043,2.019,2.055,1.17,1.75,1.11,20.42,297681.0,463318.0,-33555299.0,-21.72,-21041836.0,-13.62,-12513463.0,-8.1,11734708.0,7.59,21820591.0,14.12,57.0,2.021,2.022,4343734016.0,8783030180,8783030180,2026-08-18,2026-08-18 11:32:48+08:00
159032,工业有色ETF易方达,0.916,0.9164,0.04,-0.015,-1.61,91089.0,8398944.5,0.923,0.935,0.913,0.931,2.36,3.72,0.8,84.06,36319.0,54770.0,-352087.0,-4.19,-590600.0,-7.03,238513.0,2.84,-975992.0,-11.62,1328080.0,15.81,1.0,0.915,0.916,244845019.0,224278037,224278037,2026-08-18,2026-08-18 11:32:30+08:00
159058,证券ETF大成,0.979,0.9776,-0.14,-0.016,-1.61,18129.0,1785511.606,0.995,0.995,0.977,0.995,1.81,1.18,0.07,-49.21,8177.0,9952.0,129368.0,7.25,182834.0,10.24,-53466.0,-2.99,-132157.0,-7.4,2789.0,0.16,5.0,0.977,0.98,153331247.0,150111291,150111291,2026-08-18,2026-08-18 11:32:48+08:00
159230,通用航空ETF华夏,0.978,0.9787,0.07,-0.016,-1.61,74854.0,7344919.7,0.994,0.994,0.976,0.994,1.81,2.45,1.15,28.09,37225.0,37629.0,698949.0,9.52,54111.0,0.74,644838.0,8.78,-52274.0,-0.71,-646676.0,-8.8,-28.0,0.978,0.979,305304224.0,298587531,298587531,2026-08-18,2026-08-18 11:32:36+08:00
560090,证券ETF汇添富,1.153,1.1521,-0.08,-0.019,-1.62,530515.0,61515454.0,1.171,1.172,1.152,1.172,1.71,2.21,1.24,36.3,142845.0,387670.0,-12708923.0,-20.66,-8497856.0,-13.81,-4211067.0,-6.85,6048898.0,9.83,6660026.0,10.83,5.0,1.152,1.153,2396865008.0,2763585354,2763585354,2026-08-18,2026-08-18 11:32:44+08:00
159811,5GETF博时,3.149,3.1428,-0.2,-0.052,-1.62,48333.0,15278120.6,3.203,3.207,3.108,3.201,3.09,6.76,1.12,-28.64,18528.0,29805.0,1006518.0,6.59,46560.0,0.3,959958.0,6.28,-399154.0,-2.61,-607363.0,-3.98,17.0,3.145,3.149,71543393.0,225290145,225290145,2026-08-18,2026-08-18 11:33:09+08:00
520600,港股通汽车ETF广发,1.033,1.034,0.1,-0.017,-1.62,807039.0,84323305.0,1.048,1.061,1.032,1.05,2.76,29.31,1.39,10.32,344075.0,462964.0,-2590319.0,-3.07,-2000182.0,-2.37,-590137.0,-0.7,1884675.0,2.24,705645.0,0.84,5.0,1.032,1.033,275368000.0,284455144,284455144,2026-08-18,2026-08-18 11:32:58+08:00
159239,港股通汽车ETF富国,0.79,0.7899,-0.01,-0.013,-1.62,63677.0,5101073.9,0.803,0.812,0.79,0.803,2.74,7.17,1.39,-1.67,21581.0,42096.0,-192555.0,-3.77,72676.0,1.42,-265231.0,-5.2,-204330.0,-4.01,396885.0,7.78,325.0,0.79,0.792,88780753.0,70136795,70136795,2026-08-18,2026-08-18 11:32:51+08:00
562870,证券ETF嘉实,0.912,0.9115,-0.05,-0.015,-1.62,66905.0,6143143.0,0.925,0.925,0.911,0.927,1.51,1.13,1.15,89.11,24509.0,42396.0,-818722.0,-13.33,312558.0,5.09,-1131280.0,-18.42,371132.0,6.04,447589.0,7.29,1.0,0.911,0.916,591505200.0,539452742,539452742,2026-08-18,2026-08-18 11:32:44+08:00
159573,创业板200ETF华夏,1.507,1.5073,0.02,-0.025,-1.63,65223.0,9862546.1,1.532,1.534,1.495,1.532,2.55,8.42,1.24,32.6,27285.0,37938.0,747073.0,7.57,0.0,0.0,747073.0,7.57,-437758.0,-4.44,-309315.0,-3.14,6.0,1.505,1.507,77456297.0,116726640,116726640,2026-08-18,2026-08-18 11:32:36+08:00
513020,港股科技ETF国泰,0.966,0.9682,0.23,-0.016,-1.63,1126126.0,109162767.0,0.972,0.984,0.964,0.982,2.04,4.72,2.21,12.75,480343.0,645782.0,-3284902.0,-3.01,-1141702.0,-1.05,-2143200.0,-1.96,1863692.0,1.71,1421209.0,1.3,-2.0,0.966,0.967,2386145408.0,2305016464,2305016464,2026-08-18,2026-08-18 11:32:43+08:00
515040,工业有色ETF华夏,1.087,1.0867,-0.03,-0.018,-1.63,28677.0,3133886.0,1.105,1.11,1.081,1.105,2.62,5.0,0.6,26.05,9469.0,19208.0,-381449.0,-12.17,0.0,0.0,-381449.0,-12.17,120739.0,3.85,260710.0,8.32,-1.0,1.087,1.09,57319600.0,62306405,62306405,2026-08-18,2026-08-18 11:33:04+08:00
520730,港股通汽车ETF万家,0.786,0.7857,-0.04,-0.013,-1.63,17842.0,1409102.0,0.8,0.802,0.786,0.799,2.0,1.46,1.9,-20.48,6935.0,10907.0,304627.0,21.62,0.0,0.0,304627.0,21.62,-310767.0,-22.05,6141.0,0.44,-488.0,0.785,0.789,122394400.0,96201998,96201998,2026-08-18,2026-08-18 11:32:48+08:00
159028,港股汽车ETF天弘,0.78,0.7847,0.6,-0.013,-1.64,22529.0,1776831.597,0.798,0.799,0.779,0.793,2.52,1.77,1.02,-3.13,8313.0,14216.0,106281.0,5.98,-206068.0,-11.6,312349.0,17.58,-151823.0,-8.54,45542.0,2.56,50.0,0.78,0.781,127449016.0,99410232,99410232,2026-08-18,2026-08-18 11:32:27+08:00
159692,证券ETF东财,1.202,1.2004,-0.13,-0.02,-1.64,584000.0,70588949.2,1.218,1.219,1.2,1.222,1.55,3.72,1.42,73.0,170835.0,413165.0,-26253468.0,-37.19,-4255116.0,-6.03,-21998352.0,-31.16,9360230.0,13.26,16893238.0,23.93,10.0,1.201,1.202,1571455968.0,1888890074,1888890074,2026-08-18,2026-08-18 11:32:30+08:00
516590,智能汽车ETF易方达,1.138,1.1396,0.14,-0.019,-1.64,4134.0,476419.0,1.155,1.155,1.138,1.157,1.47,0.79,0.58,1.0,4024.0,110.0,-10946.0,-2.3,2306.0,0.48,-13252.0,-2.78,0.0,0.0,10946.0,2.3,5.0,1.135,1.156,52015000.0,59193070,59193070,2026-08-18,2026-08-18 11:32:58+08:00
159701,物联网ETF招商,1.316,1.3152,-0.06,-0.022,-1.64,273.0,36126.7,1.325,1.328,1.305,1.338,1.72,0.48,0.09,96.16,64.0,209.0,23289.0,64.46,0.0,0.0,23289.0,64.46,6242.0,17.28,-29530.0,-81.74,-60.0,1.3,1.328,5705601.0,7508571,7508571,2026-08-18,2026-08-18 11:32:36+08:00
512070,证券保险ETF易方达,0.773,0.774,0.13,-0.013,-1.65,7776472.0,603985987.0,0.784,0.785,0.773,0.786,1.53,4.18,2.75,96.83,929131.0,6847341.0,-48079160.0,-7.96,-28973680.0,-4.8,-19105480.0,-3.16,25947833.0,4.3,22131336.0,3.66,-6767.0,0.773,0.774,18606479616.0,14382808743,14382808743,2026-08-18,2026-08-18 11:32:43+08:00
589090,科创AIETF鹏华,1.13,1.1278,-0.2,-0.019,-1.65,31943.0,3612430.0,1.145,1.145,1.118,1.149,2.35,1.97,1.33,17.5,7293.0,24650.0,207006.0,5.73,680028.0,18.82,-473022.0,-13.09,-403372.0,-11.17,196366.0,5.44,123.0,1.129,1.13,161931000.0,182982030,182982030,2026-08-18,2026-08-18 11:32:44+08:00
159323,港股通汽车ETF华夏,1.065,1.0632,-0.17,-0.018,-1.66,1195823.0,128121294.7,1.082,1.092,1.063,1.083,2.68,123.16,2.37,-8.1,557042.0,638781.0,-1106640.0,-0.86,-190792.0,-0.15,-915848.0,-0.71,-227307.0,-0.18,1333946.0,1.04,99.0,1.064,1.065,97097378.0,103408708,103408708,2026-08-18,2026-08-18 11:32:33+08:00
159372,创业板50ETF万家,1.952,1.9551,0.16,-0.033,-1.66,18513.0,3643024.1,1.985,1.988,1.94,1.985,2.42,3.11,1.52,18.25,6968.0,11545.0,-192646.0,-5.29,-273615.0,-7.51,80969.0,2.22,-471014.0,-12.93,663661.0,18.22,8.0,1.953,1.958,59451588.0,116049500,116049500,2026-08-18,2026-08-18 11:33:12+08:00
159077,电池ETF鑫元,1.01,1.0124,0.24,-0.017,-1.66,16169.0,1639326.139,1.017,1.027,1.009,1.027,1.75,3.16,0.07,-53.87,4915.0,11254.0,237163.0,14.47,-500726.0,-30.54,737889.0,45.01,-261339.0,-15.94,24176.0,1.47,-900.0,1.01,1.013,51242574.0,51755000,51755000,2026-08-18,2026-08-18 11:32:54+08:00
159237,港股汽车ETF工银,0.882,0.8812,-0.09,-0.015,-1.67,95965.0,8529842.8,0.9,0.905,0.881,0.897,2.68,22.15,1.64,-0.54,43872.0,52093.0,635147.0,7.45,-237079.0,-2.78,872226.0,10.23,-602141.0,-7.06,-33006.0,-0.39,2.0,0.88,0.882,43334226.0,38220787,38220787,2026-08-18,2026-08-18 11:32:45+08:00
159212,深100ETF南方,1.523,1.5257,0.18,-0.026,-1.68,68644.0,10495390.7,1.549,1.549,1.518,1.549,2.0,9.13,1.41,49.67,33408.0,35236.0,-494579.0,-4.71,110304.0,1.05,-604883.0,-5.76,366029.0,3.49,128551.0,1.22,-479.0,1.519,1.548,75204367.0,114536251,114536251,2026-08-18,2026-08-18 11:32:33+08:00
520620,恒生消费ETF嘉实,0.817,0.8189,0.23,-0.014,-1.68,16838.0,1379573.0,0.83,0.83,0.817,0.831,1.56,0.55,1.46,-27.66,9267.0,7571.0,-42646.0,-3.09,0.0,0.0,-42646.0,-3.09,11659.0,0.85,30987.0,2.25,307.0,0.816,0.818,306409008.0,250336160,250336160,2026-08-18,2026-08-18 11:32:40+08:00
510200,上证券商ETF汇安,1.169,1.1676,-0.12,-0.02,-1.68,29658.0,3488860.0,1.192,1.192,1.169,1.189,1.93,1.93,1.93,66.78,8139.0,21519.0,-765988.0,-21.96,0.0,0.0,-765988.0,-21.96,-37233.0,-1.07,803222.0,23.02,-136.0,1.169,1.17,153885500.0,179892150,179892150,2026-08-18,2026-08-18 11:32:45+08:00
520720,港股汽车ETF国泰,0.762,0.7612,-0.11,-0.013,-1.68,140953.0,10832684.0,0.775,0.782,0.761,0.775,2.71,11.28,1.53,-13.35,53282.0,87671.0,162913.0,1.5,386916.0,3.57,-224003.0,-2.07,-398032.0,-3.67,235119.0,2.17,50.0,0.761,0.762,124942000.0,95205804,95205804,2026-08-18,2026-08-18 11:32:32+08:00
159013,工业互联网ETF大成,1.049,1.051,0.19,-0.018,-1.69,13229.0,1398313.5,1.069,1.069,1.045,1.067,2.25,3.04,0.94,35.06,6574.0,6655.0,194561.0,13.91,526686.0,37.67,-332125.0,-23.75,-226304.0,-16.18,31742.0,2.27,216.0,1.045,1.067,43578881.0,45714246,45714246,2026-08-18,2026-08-18 11:33:15+08:00
159881,有色金属ETF国泰,0.931,0.9321,0.12,-0.016,-1.69,92974.0,8741463.5,0.947,0.952,0.929,0.947,2.43,4.57,0.83,64.68,26880.0,66094.0,66831.0,0.76,370425.0,4.24,-303594.0,-3.47,-474708.0,-5.43,407878.0,4.67,-92.0,0.93,0.931,203499166.0,189457724,189457724,2026-08-18,2026-08-18 11:32:30+08:00
159511,通信ETF南方,2.503,2.5021,-0.04,-0.043,-1.69,59721.0,14967229.7,2.545,2.545,2.474,2.546,2.79,4.15,1.36,10.61,27642.0,32079.0,484130.0,3.23,985653.0,6.59,-501523.0,-3.35,-1264902.0,-8.45,780774.0,5.22,-9.0,2.501,2.507,143944573.0,360293266,360293266,2026-08-18,2026-08-18 11:33:09+08:00
589380,科创人工智能ETF富国,1.512,1.5103,-0.11,-0.026,-1.69,15586.0,2349544.0,1.523,1.536,1.495,1.538,2.67,1.7,1.1,-0.7,4678.0,10908.0,-134768.0,-5.74,-1302226.0,-55.42,1167458.0,49.69,-14612.0,-0.62,149381.0,6.36,5.0,1.509,1.511,91694300.0,138641782,138641782,2026-08-18,2026-08-18 11:32:36+08:00
159993,证券ETF鹏华,1.161,1.1619,0.08,-0.02,-1.69,487357.0,56958594.3,1.178,1.179,1.161,1.181,1.52,1.47,0.55,20.51,118751.0,368606.0,-13291457.0,-23.34,585711.0,1.03,-13877168.0,-24.36,4409909.0,7.74,8881548.0,15.59,-225.0,1.161,1.162,3324197984.0,3859393859,3859393859,2026-08-18,2026-08-18 11:33:06+08:00
159655,标普500ETF华夏,2.023,1.8989,-6.54,-0.035,-1.7,408343.0,83023027.5,2.042,2.045,2.02,2.058,1.21,1.89,1.15,8.09,141182.0,267161.0,-1936440.0,-2.33,5673668.0,6.83,-7610108.0,-9.17,-7191615.0,-8.66,9128055.0,10.99,261.0,2.022,2.023,2158143040.0,4365923370,4365923370,2026-08-18,2026-08-18 11:32:33+08:00
159121,港股通汽车ETF易方达,0.752,0.7522,0.03,-0.013,-1.7,282972.0,21558629.509,0.766,0.771,0.752,0.765,2.48,18.32,1.44,-6.71,97985.0,184987.0,-821119.0,-3.81,2759296.0,12.8,-3580415.0,-16.61,308274.0,1.43,512845.0,2.38,-14.0,0.752,0.753,154481127.0,116169808,116169808,2026-08-18,2026-08-18 11:33:12+08:00
515560,证券ETF建信,0.985,0.9854,0.04,-0.017,-1.7,88976.0,8811021.0,1.003,1.003,0.985,1.002,1.8,4.45,1.25,-47.99,19940.0,69036.0,-628886.0,-7.14,784683.0,8.91,-1413569.0,-16.04,111337.0,1.26,517548.0,5.87,-92.0,0.985,0.986,199883300.0,196885051,196885051,2026-08-18,2026-08-18 11:33:04+08:00
159377,创业板医药ETF国泰,1.034,1.0365,0.24,-0.018,-1.71,151440.0,15661307.3,1.049,1.049,1.028,1.052,2.0,12.82,1.3,-57.26,55711.0,95729.0,-1524752.0,-9.74,0.0,0.0,-1524752.0,-9.74,794412.0,5.07,730340.0,4.66,-1.0,1.034,1.036,118129399.0,122145799,122145799,2026-08-18,2026-08-18 11:33:21+08:00
561460,人工智能ETF天弘,0.863,0.8613,-0.2,-0.015,-1.71,325104.0,28112647.0,0.878,0.878,0.853,0.878,2.85,6.76,2.76,-9.52,64190.0,260914.0,-2073856.0,-7.38,-2467757.0,-8.78,393901.0,1.4,1382805.0,4.92,691051.0,2.46,-17.0,0.861,0.866,481020000.0,415120260,415120260,2026-08-18,2026-08-18 11:32:40+08:00
512000,券商ETF华宝,0.513,0.5132,0.04,-0.009,-1.72,12055314.0,622958680.0,0.521,0.522,0.513,0.522,1.72,1.6,1.28,13.04,3057635.0,8997679.0,-119877356.0,-19.24,-190092944.0,-30.51,70215588.0,11.27,85481181.0,13.72,34396172.0,5.52,-6521.0,0.513,0.514,75436834816.0,38699096261,38699096261,2026-08-18,2026-08-18 11:33:03+08:00
589230,科创人工智能ETF南方,0.915,0.9138,-0.13,-0.016,-1.72,126768.0,11635312.0,0.927,0.927,0.906,0.931,2.26,5.61,1.57,4.63,77615.0,49153.0,-868070.0,-7.46,484582.0,4.16,-1352652.0,-11.63,378818.0,3.26,489251.0,4.2,-2.0,0.913,0.915,226053000.0,206838495,206838495,2026-08-18,2026-08-18 11:32:23+08:00
159571,创业板200ETF富国,1.49,1.495,0.33,-0.026,-1.72,3002.0,449294.4,1.517,1.517,1.485,1.516,2.11,1.67,2.15,-1.28,430.0,2572.0,59986.0,13.35,0.0,0.0,59986.0,13.35,-50939.0,-11.34,-9046.0,-2.01,-27.0,1.494,1.497,17981814.0,26792903,26792903,2026-08-18,2026-08-18 11:33:03+08:00
159162,工业有色ETF鹏华,0.856,0.8567,0.08,-0.015,-1.72,75528.0,6521916.6,0.869,0.874,0.854,0.871,2.3,1.73,1.34,33.65,20301.0,55227.0,126599.0,1.94,828449.0,12.7,-701850.0,-10.76,-380616.0,-5.84,254017.0,3.89,9.0,0.856,0.857,435939840.0,373164503,373164503,2026-08-18,2026-08-18 11:33:09+08:00
516260,物联网ETF华夏,1.42,1.4222,0.15,-0.025,-1.73,3438.0,490122.0,1.445,1.445,1.41,1.445,2.42,0.78,0.69,90.51,683.0,2755.0,448578.0,91.52,0.0,0.0,448578.0,91.52,-60789.0,-12.4,-387788.0,-79.12,7.0,1.42,1.423,43882600.0,62313292,62313292,2026-08-18,2026-08-18 11:32:48+08:00
159652,有色ETF汇添富,1.651,1.6524,0.08,-0.029,-1.73,592137.0,98616286.5,1.673,1.688,1.647,1.68,2.44,3.24,0.81,44.69,231210.0,360927.0,-9973847.0,-10.11,4601272.0,4.67,-14575119.0,-14.78,3532282.0,3.58,6441565.0,6.53,-112.0,1.652,1.653,1825320288.0,3013603795,3013603795,2026-08-18,2026-08-18 11:32:27+08:00
512570,证券ETF易方达,1.081,1.08,-0.09,-0.019,-1.73,1131063.0,122955921.0,1.096,1.098,1.08,1.1,1.64,2.7,1.43,36.13,402436.0,728627.0,-26295672.0,-21.39,-16334949.0,-13.29,-9960723.0,-8.1,13730094.0,11.17,12565578.0,10.22,32.0,1.08,1.081,4196806096.0,4536747390,4536747390,2026-08-18,2026-08-18 11:32:42+08:00
512880,证券ETF国泰,1.074,1.0734,-0.06,-0.019,-1.74,12678470.0,1370354912.0,1.091,1.092,1.073,1.093,1.74,2.14,1.44,19.48,4130441.0,8548029.0,-377586992.0,-27.55,-406957104.0,-29.7,29370112.0,2.14,216556257.0,15.8,161030753.0,11.75,10.0,1.073,1.074,59120291584.0,63495193161,63495193161,2026-08-18,2026-08-18 11:32:46+08:00
159210,港股通汽车ETF汇添富,0.847,0.8472,0.02,-0.015,-1.74,148714.0,12740525.5,0.863,0.869,0.846,0.862,2.67,43.04,1.67,5.07,59840.0,88874.0,-982782.0,-7.71,0.0,0.0,-982782.0,-7.71,751473.0,5.9,231310.0,1.82,100.0,0.846,0.847,34549802.0,29263682,29263682,2026-08-18,2026-08-18 11:33:21+08:00
588730,科创人工智能ETF易方达,1.577,1.5757,-0.08,-0.028,-1.74,426028.0,67437746.0,1.596,1.599,1.561,1.605,2.37,5.99,1.34,-5.32,199312.0,226716.0,-2157087.0,-3.2,679599.0,1.01,-2836686.0,-4.21,878517.0,1.3,1278569.0,1.9,-454.0,1.576,1.578,711396304.0,1121871971,1121871971,2026-08-18,2026-08-18 11:32:49+08:00
159260,证券ETF博时,0.849,0.8486,-0.05,-0.015,-1.74,50983.0,4353860.3,0.864,0.864,0.849,0.864,1.74,0.47,1.17,4.47,14410.0,36573.0,-1957659.0,-44.96,2238.0,0.05,-1959897.0,-45.02,1153213.0,26.49,804445.0,18.48,64.0,0.848,0.849,1095713584.0,930260833,930260833,2026-08-18,2026-08-18 11:32:54+08:00
516330,物联网ETF华泰柏瑞,1.638,1.6412,0.19,-0.029,-1.74,461.0,75832.0,1.683,1.683,1.627,1.667,3.36,0.54,0.13,27.27,104.0,357.0,30312.0,39.97,0.0,0.0,30312.0,39.97,0.0,0.0,-30312.0,-39.97,30.0,1.625,1.667,8471300.0,13875989,13875989,2026-08-18,2026-08-18 11:32:36+08:00
560690,电信ETF鹏华,2.25,2.2572,0.32,-0.04,-1.75,2526.0,571633.0,2.277,2.278,2.245,2.29,1.44,1.19,0.21,-18.25,580.0,1946.0,377864.0,66.1,-8428.0,-1.47,386292.0,67.58,-107124.0,-18.74,-270740.0,-47.36,-60.0,2.255,2.262,21139000.0,47562750,47562750,2026-08-18,2026-08-18 11:32:50+08:00
159795,智能汽车ETF汇添富,0.9,0.9036,0.4,-0.016,-1.75,6279.0,567007.5,0.912,0.92,0.899,0.916,2.29,2.23,0.8,-3.79,1856.0,4423.0,25720.0,4.54,0.0,0.0,25720.0,4.54,-98910.0,-17.44,73189.0,12.91,50.0,0.9,0.905,28169473.0,25352526,25352526,2026-08-18,2026-08-18 11:32:39+08:00
515010,证券ETF华夏,1.236,1.2354,-0.05,-0.022,-1.75,274638.0,34160443.0,1.255,1.257,1.235,1.258,1.75,1.3,1.23,34.26,79921.0,194717.0,-10145933.0,-29.7,-1978927.0,-5.79,-8167006.0,-23.91,3921425.0,11.48,6224508.0,18.22,16.0,1.235,1.236,2112271600.0,2610767698,2610767698,2026-08-18,2026-08-18 11:32:49+08:00
159231,通用航空ETF华宝,0.504,0.5038,-0.04,-0.009,-1.75,128391.0,6487173.6,0.513,0.513,0.503,0.513,1.95,3.8,1.98,72.92,61721.0,66670.0,961058.0,14.81,1382203.0,21.31,-421145.0,-6.49,-459393.0,-7.08,-501664.0,-7.73,-1.0,0.504,0.505,338091856.0,170398295,170398295,2026-08-18,2026-08-18 11:32:48+08:00
159537,信创ETF国泰,0.957,0.9581,0.11,-0.017,-1.75,46408.0,4466306.9,0.974,0.977,0.946,0.974,3.18,3.19,1.8,32.53,19430.0,26978.0,-446017.0,-9.99,-303669.0,-6.8,-142348.0,-3.19,-70492.0,-1.58,516507.0,11.56,-75.0,0.957,0.959,145285204.0,139037940,139037940,2026-08-18,2026-08-18 11:33:21+08:00
513980,港股科技ETF景顺,0.618,0.6198,0.29,-0.011,-1.75,2602012.0,161642585.0,0.624,0.63,0.617,0.629,2.07,1.52,0.92,12.14,1053156.0,1548856.0,-1223718.0,-0.76,-4750178.0,-2.94,3526460.0,2.18,2094321.0,1.3,-870603.0,-0.54,-167.0,0.618,0.619,17102203904.0,10569162013,10569162013,2026-08-18,2026-08-18 11:32:47+08:00
513860,港股通科技ETF海富通,0.617,0.6211,0.66,-0.011,-1.75,1295935.0,80383909.0,0.625,0.629,0.616,0.628,2.07,4.19,1.3,29.47,438490.0,857445.0,-437854.0,-0.54,1361720.0,1.69,-1799574.0,-2.24,910973.0,1.13,-473119.0,-0.59,-160.0,0.617,0.618,3094470608.0,1909288365,1909288365,2026-08-18,2026-08-18 11:32:41+08:00
159008,证券ETF景顺,1.004,1.0025,-0.15,-0.018,-1.76,37382.0,3769240.624,1.02,1.02,1.002,1.022,1.76,3.27,1.35,60.86,8303.0,29079.0,-1048664.0,-27.82,-636337.0,-16.88,-412327.0,-10.94,423527.0,11.24,625136.0,16.59,10.0,1.001,1.004,114284531.0,114741669,114741669,2026-08-18,2026-08-18 11:33:12+08:00
589560,科创人工智能ETF汇添富,1.006,1.0063,0.03,-0.018,-1.76,36301.0,3665570.0,1.014,1.023,0.997,1.024,2.54,1.56,1.59,30.78,13088.0,23213.0,-234304.0,-6.39,30149.0,0.82,-264453.0,-7.21,62889.0,1.72,171414.0,4.68,-36.0,1.0,1.014,232355000.0,233749130,233749130,2026-08-18,2026-08-18 11:32:32+08:00
512900,证券ETF南方,1.063,1.062,-0.09,-0.019,-1.76,357472.0,38209499.0,1.08,1.08,1.062,1.082,1.66,0.48,1.56,-8.73,113818.0,243654.0,-4211776.0,-11.02,-463078.0,-1.21,-3748698.0,-9.81,513415.0,1.34,3698361.0,9.68,5.0,1.062,1.063,7518906112.0,7992597197,7992597197,2026-08-18,2026-08-18 11:32:46+08:00
159016,证券ETF广发,1.001,1.0007,-0.03,-0.018,-1.77,204388.0,20608158.03,1.017,1.018,1.001,1.019,1.67,5.36,1.53,2.02,57443.0,146945.0,-5990883.0,-29.07,-1985466.0,-9.63,-4005417.0,-19.44,2978903.0,14.45,3011980.0,14.62,-14.0,1.001,1.002,381040160.0,381421200,381421200,2026-08-18,2026-08-18 11:33:18+08:00
159941,纳指ETF广发,1.668,1.52,-9.74,-0.03,-1.77,2822394.0,471415173.4,1.675,1.678,1.666,1.698,0.71,1.25,1.02,9.68,1235765.0,1586629.0,-53518111.0,-11.35,-55972780.0,-11.87,2454669.0,0.52,21084570.0,4.47,32433542.0,6.88,-20.0,1.668,1.669,22528010240.0,37576721080,37576721080,2026-08-18,2026-08-18 11:32:45+08:00
159821,创业板ETF中银证券,1.383,1.39,0.5,-0.025,-1.78,10850.0,1514063.0,1.407,1.411,1.37,1.408,2.91,1.83,1.24,-89.05,4541.0,6309.0,95149.0,6.28,0.0,0.0,95149.0,6.28,-16170.0,-1.07,-78979.0,-5.22,4.0,1.383,1.4,59420000.0,82177860,82177860,2026-08-18,2026-08-18 11:32:45+08:00
512930,AI人工智能ETF平安,0.662,0.6608,-0.18,-0.012,-1.78,1478911.0,98169704.0,0.676,0.677,0.654,0.674,3.41,3.09,1.41,6.16,451710.0,1027201.0,-17265173.0,-17.59,-15091531.0,-15.37,-2173642.0,-2.21,11074909.0,11.28,6190264.0,6.31,24.0,0.66,0.662,4784521216.0,3167353045,3167353045,2026-08-18,2026-08-18 11:33:05+08:00
159171,工业有色ETF博时,0.825,0.8253,0.04,-0.015,-1.79,15431.0,1285047.4,0.837,0.84,0.822,0.84,2.14,0.71,0.54,19.86,4388.0,11043.0,126645.0,9.86,239123.0,18.61,-112478.0,-8.75,-207680.0,-16.16,81036.0,6.31,30.0,0.824,0.825,217532934.0,179464671,179464671,2026-08-18,2026-08-18 11:32:39+08:00
159378,通用航空ETF永赢,1.038,1.0407,0.26,-0.019,-1.8,127127.0,13237230.3,1.056,1.056,1.036,1.057,1.89,2.3,0.79,43.33,53798.0,73329.0,-888851.0,-6.71,-524500.0,-3.96,-364351.0,-2.75,315160.0,2.38,573693.0,4.33,-600.0,1.038,1.044,553771072.0,574814373,574814373,2026-08-18,2026-08-18 11:32:51+08:00
589310,科创人工智能ETF鑫元,0.872,0.8727,0.08,-0.016,-1.8,26332.0,2309477.0,0.888,0.888,0.866,0.888,2.48,0.91,1.8,-67.8,8528.0,17804.0,157527.0,6.82,515914.0,22.34,-358387.0,-15.52,-283592.0,-12.28,126065.0,5.46,50.0,0.87,0.874,289491808.0,252436857,252436857,2026-08-18,2026-08-18 11:32:36+08:00
588310,科创创业ETF方正富邦,1.257,1.2663,0.73,-0.023,-1.8,7598.0,963473.0,1.278,1.285,1.256,1.28,2.27,2.39,1.12,52.34,3030.0,4568.0,298927.0,31.03,336687.0,34.95,-37760.0,-3.92,-239709.0,-24.88,-59217.0,-6.15,11.0,1.26,1.282,31837500.0,40019738,40019738,2026-08-18,2026-08-18 11:32:31+08:00
589110,科创人工智能ETF国泰,0.98,0.9808,0.08,-0.018,-1.8,85720.0,8423728.0,1.01,1.01,0.971,0.998,3.91,1.68,2.21,11.51,37704.0,48016.0,998816.0,11.86,0.0,0.0,998816.0,11.86,-321099.0,-3.81,-677717.0,-8.05,-900.0,0.979,0.981,510413008.0,500204748,500204748,2026-08-18,2026-08-18 11:32:26+08:00
562570,信创ETF华夏,1.407,1.4055,-0.11,-0.026,-1.81,211443.0,30027115.0,1.436,1.436,1.398,1.433,2.65,6.66,0.77,31.07,143827.0,67616.0,18883953.0,62.89,8345833.0,27.79,10538120.0,35.1,92301.0,0.31,-18976255.0,-63.2,-30.0,1.406,1.407,317281008.0,446414378,446414378,2026-08-18,2026-08-18 11:32:43+08:00
159841,证券ETF天弘,0.974,0.973,-0.1,-0.018,-1.81,2304036.0,225946839.8,0.988,0.99,0.973,0.992,1.71,1.87,1.77,58.88,485106.0,1818930.0,-68821999.0,-30.46,-71862605.0,-31.81,3040606.0,1.35,38941671.0,17.23,29880329.0,13.22,10.0,0.973,0.974,12299838464.0,11980042664,11980042664,2026-08-18,2026-08-18 11:32:42+08:00
513150,港股通科技ETF华泰柏瑞,0.977,0.9789,0.19,-0.018,-1.81,350360.0,34404976.0,0.99,0.997,0.975,0.995,2.21,33.35,1.62,41.58,179020.0,171340.0,-1368561.0,-3.98,0.0,0.0,-1368561.0,-3.98,1209826.0,3.52,158735.0,0.46,-44.0,0.977,0.979,105059800.0,102643425,102643425,2026-08-18,2026-08-18 11:32:55+08:00
159540,信创ETF易方达,2.045,2.0466,0.08,-0.038,-1.82,93791.0,19271899.9,2.08,2.091,2.023,2.083,3.26,7.78,1.86,-35.73,52098.0,41693.0,259292.0,1.35,-5224242.0,-27.11,5483534.0,28.45,1070935.0,5.56,-1330227.0,-6.9,-9.0,2.041,2.047,120505191.0,246433116,246433116,2026-08-18,2026-08-18 11:32:36+08:00
516200,证券ETF华安,1.026,1.0264,0.04,-0.019,-1.82,62118.0,6418072.0,1.038,1.043,1.026,1.045,1.63,1.38,1.06,7.34,15844.0,46274.0,-1224892.0,-19.09,-185718.0,-2.89,-1039174.0,-16.19,595404.0,9.28,629487.0,9.81,-94.0,1.026,1.028,451604000.0,463345704,463345704,2026-08-18,2026-08-18 11:32:42+08:00
560400,证券ETF华泰柏瑞,0.973,0.9736,0.06,-0.018,-1.82,152767.0,14978963.0,0.992,0.992,0.973,0.991,1.92,8.02,1.35,-69.51,55485.0,97282.0,-1681720.0,-11.23,-339353.0,-2.27,-1342367.0,-8.96,1095332.0,7.31,586387.0,3.91,-150.0,0.973,0.976,190493000.0,185349689,185349689,2026-08-18,2026-08-18 11:32:54+08:00
513880,日经225ETF华安,2.196,2.0929,-4.93,-0.041,-1.83,700563.0,154523082.0,2.223,2.224,2.19,2.237,1.52,5.38,1.17,-50.51,279876.0,420687.0,-15494955.0,-10.03,-6358883.0,-4.12,-9136072.0,-5.91,5963128.0,3.86,9531828.0,6.17,1.0,2.195,2.196,1302970000.0,2861322120,2861322120,2026-08-18,2026-08-18 11:32:50+08:00
159842,券商ETF银华,1.021,1.0218,0.08,-0.019,-1.83,2019193.0,207579311.561,1.039,1.039,1.021,1.04,1.73,2.16,1.41,56.07,595252.0,1423941.0,-23935193.0,-11.53,-2061462.0,-0.99,-21873731.0,-10.54,2312702.0,1.11,21622490.0,10.42,-466.0,1.021,1.022,9343250688.0,9539458952,9539458952,2026-08-18,2026-08-18 11:32:45+08:00
159848,证券ETF国联安,0.856,0.855,-0.12,-0.016,-1.83,44917.0,3863950.9,0.874,0.874,0.856,0.872,2.06,2.88,2.31,4.97,20605.0,24312.0,-1247156.0,-32.28,-164765.0,-4.26,-1082391.0,-28.01,657809.0,17.02,589348.0,15.25,9.0,0.855,0.856,155811239.0,133374421,133374421,2026-08-18,2026-08-18 11:32:57+08:00
159538,信创ETF富国,0.965,0.9643,-0.07,-0.018,-1.83,118986.0,11615710.5,0.985,0.99,0.955,0.983,3.56,4.64,2.89,11.9,51694.0,67292.0,4234767.0,36.46,6144735.0,52.9,-1909968.0,-16.44,-4780053.0,-41.15,545288.0,4.69,-127.0,0.965,0.966,256608966.0,247627652,247627652,2026-08-18,2026-08-18 11:32:48+08:00
588510,科创创业人工智能ETF华夏,0.91,0.9104,0.04,-0.017,-1.83,91195.0,8324015.0,0.928,0.928,0.901,0.927,2.91,3.05,1.18,23.09,33886.0,57309.0,-1058826.0,-12.72,0.0,0.0,-1058826.0,-12.72,95787.0,1.15,963039.0,11.57,1.0,0.909,0.91,299175008.0,272249257,272249257,2026-08-18,2026-08-18 11:32:47+08:00
588410,科创创业人工智能ETF鹏华,1.278,1.2741,-0.31,-0.024,-1.84,27694.0,3539988.0,1.3,1.3,1.262,1.302,2.92,2.53,1.4,-32.9,10370.0,17324.0,-865316.0,-24.44,123473.0,3.49,-988789.0,-27.93,543163.0,15.34,322152.0,9.1,500.0,1.273,1.288,109250000.0,139621500,139621500,2026-08-18,2026-08-18 11:32:46+08:00
159577,美国50ETF汇添富,1.65,1.5767,-4.65,-0.031,-1.84,207318.0,34359789.7,1.667,1.67,1.648,1.681,1.31,2.61,1.16,-3.56,60954.0,146364.0,-5424314.0,-15.79,-1435320.0,-4.18,-3988994.0,-11.61,1238976.0,3.61,4185338.0,12.18,19.0,1.649,1.65,793665792.0,1309548557,1309548557,2026-08-18,2026-08-18 11:33:06+08:00
588760,科创人工智能ETF广发,0.799,0.7997,0.09,-0.015,-1.84,1131297.0,90758770.0,0.81,0.81,0.791,0.814,2.33,5.13,1.09,-5.29,492586.0,638711.0,-8431559.0,-9.29,634498.0,0.7,-9066057.0,-9.99,3994105.0,4.4,4437454.0,4.89,-6.0,0.799,0.8,2206532000.0,1763019068,1763019068,2026-08-18,2026-08-18 11:32:35+08:00
562950,消费电子ETF易方达,1.657,1.6574,0.02,-0.031,-1.84,586291.0,98150689.0,1.688,1.693,1.64,1.688,3.14,6.09,1.89,6.78,323582.0,262709.0,17980744.0,18.32,3401726.0,3.47,14579018.0,14.85,754093.0,0.77,-18734836.0,-19.09,-10.0,1.657,1.659,963258304.0,1596119010,1596119010,2026-08-18,2026-08-18 11:32:43+08:00
159967,创业板成长ETF华夏,0.853,0.8544,0.16,-0.016,-1.84,6369146.0,546619872.167,0.865,0.871,0.844,0.869,3.11,8.95,1.62,74.45,2693743.0,3675403.0,-26261026.0,-4.8,-6471504.0,-1.18,-19789522.0,-3.62,14663483.0,2.68,11597545.0,2.12,-214.0,0.853,0.855,7116305920.0,6070208950,6070208950,2026-08-18,2026-08-18 11:33:00+08:00
515260,电子ETF华宝,0.9,0.9,0.0,-0.017,-1.85,596672.0,54218022.0,0.914,0.92,0.891,0.917,3.16,6.9,1.76,-3.87,227100.0,369572.0,1084001.0,2.0,8872750.0,16.36,-7788749.0,-14.37,-3369994.0,-6.22,2285993.0,4.22,-28.0,0.9,0.903,864568400.0,778111560,778111560,2026-08-18,2026-08-18 11:32:58+08:00
589520,科创人工智能ETF华宝,0.635,0.6358,0.13,-0.012,-1.85,273467.0,17438355.0,0.641,0.644,0.629,0.647,2.32,3.75,1.24,5.77,117375.0,156092.0,-2271146.0,-13.02,786592.0,4.51,-3057738.0,-17.53,861805.0,4.94,1409342.0,8.08,-100.0,0.634,0.635,729104608.0,462981426,462981426,2026-08-18,2026-08-18 11:32:32+08:00
159279,创业板人工智能ETF华安,1.489,1.4897,0.05,-0.028,-1.85,325300.0,48549081.3,1.516,1.516,1.468,1.517,3.16,21.92,1.15,-2.09,154725.0,170575.0,-209280.0,-0.43,-53915.0,-0.11,-155365.0,-0.32,-474258.0,-0.98,683537.0,1.41,-33.0,1.489,1.493,148387534.0,220949038,220949038,2026-08-18,2026-08-18 11:33:06+08:00
159539,信创ETF广发,1.904,1.9027,-0.07,-0.036,-1.86,11832.0,2263858.5,1.95,1.953,1.883,1.94,3.61,2.17,1.69,-1.66,5716.0,6116.0,-199190.0,-8.8,0.0,0.0,-199190.0,-8.8,-139761.0,-6.17,338951.0,14.97,-100.0,1.897,1.917,54565182.0,103892107,103892107,2026-08-18,2026-08-18 11:32:24+08:00
159804,创中盘88ETF国寿,1.686,1.6884,0.14,-0.032,-1.86,531.0,89767.0,1.71,1.71,1.68,1.718,1.75,0.33,0.85,12.26,37.0,494.0,0.0,0.0,0.0,0.0,0.0,0.0,8941.0,9.96,-8941.0,-9.96,-31.0,1.687,1.69,15899676.0,26806854,26806854,2026-08-18,2026-08-18 11:33:06+08:00
588790,科创AIETF博时,0.844,0.844,0.0,-0.016,-1.86,1808638.0,153034698.0,0.86,0.86,0.835,0.86,2.91,5.89,1.36,-9.88,819820.0,988818.0,-5063336.0,-3.31,-741023.0,-0.48,-4322313.0,-2.82,6140904.0,4.01,-1077569.0,-0.7,96.0,0.843,0.844,3070384000.0,2591404096,2591404096,2026-08-18,2026-08-18 11:32:32+08:00
159242,创业板人工智能ETF大成,2.215,2.2137,-0.06,-0.042,-1.86,444262.0,98875853.8,2.249,2.254,2.182,2.257,3.19,8.3,1.5,59.02,233874.0,210388.0,-1854262.0,-1.88,-2234916.0,-2.26,380654.0,0.38,-2015179.0,-2.04,3869441.0,3.91,-2.0,2.21,2.215,535278576.0,1185642046,1185642046,2026-08-18,2026-08-18 11:32:42+08:00
588530,科创创业人工智能ETF中银证券,0.998,0.9975,-0.05,-0.019,-1.87,68613.0,6907278.0,1.038,1.038,0.99,1.017,4.72,3.32,0.94,6.98,13999.0,54614.0,-884930.0,-12.81,1764434.0,25.54,-2649364.0,-38.36,600245.0,8.69,284684.0,4.12,1000.0,0.991,1.0,206833300.0,206419633,206419633,2026-08-18,2026-08-18 11:32:28+08:00
513310,中韩半导体ETF华泰柏瑞,5.083,4.5473,-11.78,-0.097,-1.87,9649603.0,4905276846.0,5.15,5.152,5.044,5.18,2.08,40.3,1.04,-57.66,4744469.0,4905134.0,-221885776.0,-4.52,-110931104.0,-2.26,-110954672.0,-2.26,64864512.0,1.32,157021264.0,3.2,6830.0,5.082,5.083,2394427008.0,12170872482,12170872482,2026-08-18,2026-08-18 11:32:46+08:00
513850,美国50ETF易方达,1.837,1.7542,-4.72,-0.035,-1.87,325091.0,59979787.0,1.861,1.861,1.835,1.872,1.39,2.63,1.36,49.51,113421.0,211670.0,-15308401.0,-25.52,-7560481.0,-12.61,-7747920.0,-12.92,7089150.0,11.82,8219251.0,13.7,-12.0,1.837,1.838,1233892608.0,2266660721,2266660721,2026-08-18,2026-08-18 11:32:44+08:00
562030,信创ETF华宝,0.521,0.5194,-0.31,-0.01,-1.88,22488.0,1174390.0,0.53,0.53,0.517,0.531,2.45,1.64,0.78,9.87,9751.0,12737.0,-274505.0,-23.37,0.0,0.0,-274505.0,-23.37,206322.0,17.57,68183.0,5.81,300.0,0.52,0.521,136973900.0,71363402,71363402,2026-08-18,2026-08-18 11:32:33+08:00
520840,港股通恒生科技ETF华安,0.781,0.7787,-0.3,-0.015,-1.88,334650.0,26209939.0,0.793,0.795,0.778,0.796,2.14,2.98,1.42,35.13,94529.0,240121.0,-7086674.0,-27.04,-5463954.0,-20.85,-1622720.0,-6.19,4876134.0,18.6,2210539.0,8.43,19.0,0.779,0.78,1123049008.0,877101275,877101275,2026-08-18,2026-08-18 11:32:37+08:00
159381,创业板人工智能ETF华夏,1.243,1.2442,0.1,-0.024,-1.89,3052114.0,380991741.443,1.26,1.267,1.226,1.267,3.24,17.43,1.34,-50.94,1470285.0,1581829.0,-13646299.0,-3.58,40682844.0,10.68,-54329143.0,-14.26,245125.0,0.06,13401173.0,3.52,-20.0,1.243,1.244,1751153200.0,2176683428,2176683428,2026-08-18,2026-08-18 11:32:57+08:00
159612,标普500ETF国泰,2.072,1.9498,-6.27,-0.04,-1.89,194910.0,40547081.7,2.104,2.104,2.068,2.112,1.7,4.38,2.23,55.43,80122.0,114788.0,133610.0,0.33,-1237761.0,-3.05,1371371.0,3.38,-7916985.0,-19.53,7783374.0,19.2,-5.0,2.071,2.073,444898656.0,921830015,921830015,2026-08-18,2026-08-18 11:33:09+08:00
159010,港股通科技ETF博时,0.929,0.9293,0.03,-0.018,-1.9,23095.0,2165355.744,0.947,0.947,0.928,0.947,2.01,1.16,0.75,97.36,3785.0,19310.0,77734.0,3.59,0.0,0.0,77734.0,3.59,-279817.0,-12.92,202082.0,9.33,15.0,0.929,0.93,199097611.0,184961681,184961681,2026-08-18,2026-08-18 11:33:15+08:00
159994,通信ETF银华,1.343,1.3438,0.06,-0.026,-1.9,1161634.0,156954756.2,1.37,1.372,1.326,1.369,3.36,3.04,1.24,-26.79,502794.0,658840.0,-26573985.0,-16.93,-4187822.0,-2.67,-22386163.0,-14.26,-1016254.0,-0.65,27590239.0,17.58,-3.0,1.343,1.344,3815003360.0,5123549512,5123549512,2026-08-18,2026-08-18 11:33:09+08:00
159509,纳指科技ETF景顺,2.821,2.2965,-22.84,-0.055,-1.91,1110707.0,313260051.919,2.819,2.833,2.812,2.876,0.73,1.68,0.74,6.94,537720.0,572988.0,-59492561.0,-18.99,-37385917.0,-11.93,-22106644.0,-7.06,20670233.0,6.6,38822327.0,12.39,1185.0,2.82,2.821,6621564160.0,18679432495,18679432495,2026-08-18,2026-08-18 11:32:45+08:00
589010,科创人工智能ETF华夏,1.492,1.4925,0.03,-0.029,-1.91,310507.0,46573235.0,1.52,1.521,1.478,1.521,2.83,3.43,1.11,8.98,154477.0,156030.0,-351622.0,-0.75,100389.0,0.22,-452011.0,-0.97,325449.0,0.7,26173.0,0.06,-20.0,1.492,1.494,905793008.0,1351443168,1351443168,2026-08-18,2026-08-18 11:32:29+08:00
515850,证券ETF富国,1.338,1.3384,0.03,-0.026,-1.91,420030.0,56542147.0,1.364,1.364,1.337,1.364,1.98,8.9,1.63,35.26,134914.0,285116.0,-10373410.0,-18.35,-13187545.0,-23.32,2814135.0,4.98,4278652.0,7.57,6094758.0,10.78,-401.0,1.338,1.339,471791008.0,631256369,631256369,2026-08-18,2026-08-18 11:32:55+08:00
159022,科创创业人工智能ETF富国,1.066,1.0645,-0.14,-0.021,-1.93,99551.0,10624784.239,1.088,1.089,1.055,1.087,3.13,6.12,1.24,-20.39,40359.0,59192.0,178480.0,1.68,2264827.0,21.32,-2086347.0,-19.64,-985346.0,-9.27,806866.0,7.59,-10.0,1.065,1.066,162630967.0,173364611,173364611,2026-08-18,2026-08-18 11:32:27+08:00
159382,创业板人工智能ETF南方,2.793,2.7941,0.04,-0.055,-1.93,806090.0,225777687.6,2.833,2.844,2.753,2.848,3.2,10.43,1.68,45.75,332341.0,473749.0,-5666133.0,-2.51,10591697.0,4.69,-16257830.0,-7.2,-1603395.0,-0.71,7269528.0,3.22,104.0,2.787,2.794,773055712.0,2159144604,2159144604,2026-08-18,2026-08-18 11:33:00+08:00
588480,科创创业人工智能ETF中金,0.954,0.9532,-0.08,-0.019,-1.95,58579.0,5587268.0,0.972,0.972,0.943,0.973,2.98,2.74,1.33,-70.81,8272.0,50307.0,-190293.0,-3.41,-398810.0,-7.14,208517.0,3.73,-387887.0,-6.94,578179.0,10.35,-50.0,0.95,0.955,213717000.0,203886018,203886018,2026-08-18,2026-08-18 11:32:26+08:00
159687,亚太精选ETF南方,1.853,1.8531,0.01,-0.037,-1.96,619778.0,115346256.2,1.886,1.886,1.851,1.89,1.85,3.81,1.49,58.71,195553.0,424225.0,-16108519.0,-13.97,-9546767.0,-8.28,-6561752.0,-5.69,14412864.0,12.5,1695655.0,1.47,1.0,1.852,1.853,1628128656.0,3016922400,3016922400,2026-08-18,2026-08-18 11:32:45+08:00
159869,游戏ETF华夏,1.102,1.1015,-0.05,-0.022,-1.96,3267370.0,361488678.099,1.118,1.119,1.1,1.124,1.69,3.99,1.27,82.85,1345355.0,1922016.0,-72298183.0,-20.0,-75497770.0,-20.89,3199587.0,0.89,35622547.0,9.85,36675636.0,10.15,-17.0,1.101,1.102,8182082048.0,9016654417,9016654417,2026-08-18,2026-08-18 11:32:27+08:00
588930,科创人工智能ETF银华,1.654,1.6566,0.16,-0.033,-1.96,264446.0,43926230.0,1.686,1.687,1.64,1.687,2.79,4.44,2.31,45.01,126870.0,137576.0,-567851.0,-1.29,-870640.0,-1.98,302789.0,0.69,-816252.0,-1.86,1384104.0,3.15,-3.0,1.652,1.66,595329008.0,984674179,984674179,2026-08-18,2026-08-18 11:32:31+08:00
159778,工业互联网ETF鹏华,1.246,1.2506,0.37,-0.025,-1.97,9727.0,1222979.0,1.271,1.271,1.244,1.271,2.12,2.33,1.59,-95.3,2072.0,7655.0,187773.0,15.35,133733.0,10.94,54040.0,4.42,-231815.0,-18.95,44042.0,3.6,-1210.0,1.231,1.257,41755382.0,52027206,52027206,2026-08-18,2026-08-18 11:32:18+08:00
515050,通信ETF华夏,1.095,1.0954,0.04,-0.022,-1.97,6880165.0,757269399.0,1.118,1.119,1.081,1.117,3.4,4.05,1.37,-2.94,2653977.0,4226188.0,-120719545.0,-15.94,-133108805.0,-17.58,12389260.0,1.64,43542629.0,5.75,77176921.0,10.19,-619.0,1.095,1.096,17005205504.0,18620700027,18620700027,2026-08-18,2026-08-18 11:32:54+08:00
588470,科创创业人工智能ETF华安,0.894,0.8942,0.02,-0.018,-1.97,67577.0,6068325.0,0.912,0.912,0.884,0.912,3.07,2.54,0.91,-35.8,20259.0,47318.0,-479337.0,-7.9,0.0,0.0,-479337.0,-7.9,-184776.0,-3.04,664111.0,10.94,4.0,0.89,0.894,265907000.0,237720858,237720858,2026-08-18,2026-08-18 11:32:28+08:00
517130,云计算ETF嘉实,0.995,0.9935,-0.15,-0.02,-1.97,51004.0,5071141.0,1.018,1.018,0.985,1.015,3.25,2.78,1.31,19.27,17524.0,33480.0,-474827.0,-9.36,494000.0,9.74,-968827.0,-19.1,145405.0,2.87,329421.0,6.5,100.0,0.99,0.995,183654000.0,182735730,182735730,2026-08-18,2026-08-18 11:32:59+08:00
560850,信创ETF汇添富,1.387,1.3883,0.09,-0.028,-1.98,7975.0,1114454.0,1.415,1.415,1.38,1.415,2.47,1.14,0.6,-60.0,4967.0,3008.0,80932.0,7.26,0.0,0.0,80932.0,7.26,-256823.0,-23.04,175891.0,15.78,50.0,1.381,1.394,70164000.0,97317468,97317468,2026-08-18,2026-08-18 11:32:47+08:00
520780,港股通汽车ETF华宝,0.837,0.8361,-0.11,-0.017,-1.99,103442.0,8744913.0,0.854,0.859,0.836,0.854,2.69,26.21,1.61,-0.1,47395.0,56047.0,501917.0,5.74,-741393.0,-8.48,1243310.0,14.22,-440132.0,-5.03,-61784.0,-0.71,1.0,0.835,0.837,39460000.0,33028020,33028020,2026-08-18,2026-08-18 11:32:42+08:00
159856,互联网龙头ETF工银,0.592,0.5918,-0.03,-0.012,-1.99,14749.0,875166.7,0.603,0.604,0.59,0.604,2.32,0.42,1.04,85.85,1746.0,13003.0,-307291.0,-35.11,0.0,0.0,-307291.0,-35.11,232828.0,26.6,74463.0,8.51,40.0,0.591,0.593,347372480.0,205644508,205644508,2026-08-18,2026-08-18 11:32:48+08:00
520670,港股通科技ETF嘉实,0.788,0.7881,0.01,-0.016,-1.99,100770.0,7970503.0,0.802,0.803,0.787,0.804,1.99,4.59,1.71,83.41,34833.0,65937.0,-453612.0,-5.69,-613005.0,-7.69,159393.0,2.0,300745.0,3.77,152867.0,1.92,32.0,0.787,0.788,219428100.0,172909343,172909343,2026-08-18,2026-08-18 11:32:34+08:00
159139,科创创业人工智能ETF华泰柏瑞,1.332,1.3309,-0.08,-0.027,-1.99,102196.0,13646029.4,1.351,1.357,1.318,1.359,2.87,6.81,0.8,-20.65,40001.0,62195.0,465112.0,3.41,505393.0,3.7,-40281.0,-0.3,-745724.0,-5.46,280612.0,2.06,315.0,1.325,1.331,150109210.0,199945468,199945468,2026-08-18,2026-08-18 11:32:39+08:00
159248,人工智能ETF万家,1.86,1.8581,-0.1,-0.038,-2.0,75497.0,14090555.1,1.898,1.898,1.84,1.898,3.06,6.45,1.52,64.31,26656.0,48841.0,-5225638.0,-37.09,-6102690.0,-43.31,877052.0,6.22,2400739.0,17.04,2824899.0,20.05,-7.0,1.858,1.861,117095652.0,217797913,217797913,2026-08-18,2026-08-18 11:33:21+08:00
520680,港股通汽车ETF南方,0.832,0.8315,-0.06,-0.017,-2.0,57413.0,4826503.0,0.849,0.855,0.83,0.849,2.94,8.04,1.37,74.44,31905.0,25508.0,-312187.0,-6.47,0.0,0.0,-312187.0,-6.47,294130.0,6.09,18056.0,0.37,50.0,0.831,0.837,71369000.0,59379008,59379008,2026-08-18,2026-08-18 11:32:33+08:00
159819,人工智能ETF易方达,1.865,1.8644,-0.03,-0.038,-2.0,1913829.0,358108704.3,1.902,1.902,1.845,1.903,3.0,1.64,1.37,-76.84,515253.0,1398576.0,-59792492.0,-16.7,15355437.0,4.29,-75147929.0,-20.98,22844318.0,6.38,36948173.0,10.32,50.0,1.863,1.865,11639229696.0,21707163383,21707163383,2026-08-18,2026-08-18 11:32:42+08:00
159363,创业板人工智能ETF华宝,1.313,1.3138,0.06,-0.027,-2.01,7085907.0,932960786.991,1.334,1.339,1.294,1.34,3.36,12.93,1.36,-59.14,3106572.0,3979336.0,-46034096.0,-4.93,-3600608.0,-0.39,-42433488.0,-4.55,14375938.0,1.54,31658151.0,3.39,83.0,1.312,1.313,5480169984.0,7195463189,7195463189,2026-08-18,2026-08-18 11:33:06+08:00
517660,物联网ETF天弘,1.307,1.3108,0.29,-0.027,-2.02,18108.0,2392360.0,1.328,1.328,1.3,1.334,2.1,4.41,2.19,93.8,10038.0,8070.0,-105200.0,-4.4,0.0,0.0,-105200.0,-4.4,91368.0,3.82,13831.0,0.58,-1.0,1.297,1.333,41080700.0,53692475,53692475,2026-08-18,2026-08-18 11:32:48+08:00
588420,科创创业人工智能ETF摩根,1.263,1.263,0.0,-0.026,-2.02,90183.0,11469634.0,1.287,1.287,1.25,1.289,2.87,2.79,1.41,-58.65,40407.0,49776.0,461103.0,4.02,1308178.0,11.41,-847075.0,-7.39,-1173174.0,-10.23,712072.0,6.21,1000.0,1.261,1.278,323648000.0,408767424,408767424,2026-08-18,2026-08-18 11:32:33+08:00
159575,创业板200ETF银华,1.455,1.4637,0.59,-0.03,-2.02,6760.0,991692.6,1.478,1.48,1.453,1.485,1.82,5.92,3.81,-27.89,3624.0,3136.0,174381.0,17.58,0.0,0.0,174381.0,17.58,-120747.0,-12.18,-53635.0,-5.41,-45.0,1.461,1.464,11410425.0,16602168,16602168,2026-08-18,2026-08-18 11:32:36+08:00
516620,影视ETF国泰,0.823,0.8224,-0.07,-0.017,-2.02,201603.0,16646823.0,0.836,0.836,0.821,0.84,1.79,10.68,0.97,14.28,75487.0,126116.0,-2398982.0,-14.41,1216747.0,7.31,-3615729.0,-21.72,1345836.0,8.08,1053147.0,6.33,15.0,0.822,0.823,188767500.0,155355653,155355653,2026-08-18,2026-08-18 11:33:02+08:00
159015,恒生港股通科技ETF国联,0.916,0.916,0.0,-0.019,-2.03,49789.0,4590604.497,0.926,0.934,0.915,0.935,2.03,4.51,2.42,32.66,20961.0,28828.0,-359064.0,-7.82,0.0,0.0,-359064.0,-7.82,389245.0,8.48,-30181.0,-0.66,10.0,0.915,0.916,110352934.0,101083288,101083288,2026-08-18,2026-08-18 11:33:15+08:00
588430,科创创业人工智能ETF工银,1.306,1.3047,-0.1,-0.027,-2.03,37232.0,4885104.0,1.321,1.331,1.292,1.333,2.93,3.94,1.3,79.76,13175.0,24057.0,145396.0,2.98,205395.0,4.2,-59999.0,-1.23,-357081.0,-7.31,211685.0,4.33,15.0,1.3,1.309,94458000.0,123362148,123362148,2026-08-18,2026-08-18 11:32:43+08:00
513520,日经ETF华夏,2.348,2.2368,-4.97,-0.049,-2.04,704545.0,166518630.0,2.38,2.381,2.343,2.397,1.59,6.57,1.11,42.67,264753.0,439792.0,-14862841.0,-8.93,-6472481.0,-3.89,-8390360.0,-5.04,365672.0,0.22,14497167.0,8.71,208.0,2.347,2.348,1071887200.0,2516791146,2516791146,2026-08-18,2026-08-18 11:32:45+08:00
159040,港股通互联网ETF鹏华,1.095,1.0966,0.15,-0.023,-2.06,35257.0,3873735.408,1.111,1.114,1.091,1.118,2.06,9.16,1.25,65.67,12583.0,22674.0,-58123.0,-1.5,664106.0,17.14,-722229.0,-18.64,-18230.0,-0.47,76351.0,1.97,6.0,1.093,1.095,38481087.0,42136790,42136790,2026-08-18,2026-08-18 11:32:33+08:00
159243,创业板人工智能ETF招商,1.334,1.3346,0.04,-0.028,-2.06,277694.0,37200296.2,1.357,1.36,1.316,1.362,3.23,20.72,1.61,-30.5,130790.0,146904.0,-1899642.0,-5.11,0.0,0.0,-1899642.0,-5.11,201131.0,0.54,1698510.0,4.57,-3000.0,1.331,1.338,134030224.0,178796319,178796319,2026-08-18,2026-08-18 11:32:54+08:00
513330,恒生互联网ETF华夏,0.38,0.3785,-0.4,-0.008,-2.06,29233108.0,1116403258.0,0.385,0.387,0.379,0.388,2.06,4.27,1.75,24.6,9573720.0,19659388.0,-89878815.0,-8.05,-164666064.0,-14.75,74787249.0,6.7,67135040.0,6.01,22743776.0,2.04,6.0,0.379,0.38,68521479936.0,26038162376,26038162376,2026-08-18,2026-08-18 11:33:05+08:00
516010,游戏ETF国泰,1.093,1.0921,-0.08,-0.023,-2.06,611765.0,67176668.0,1.11,1.11,1.092,1.116,1.61,2.48,1.2,76.62,265111.0,346654.0,-15370363.0,-22.88,-809743.0,-1.21,-14560620.0,-21.68,4957412.0,7.38,10412950.0,15.5,-1.0,1.093,1.094,2469693008.0,2699374458,2699374458,2026-08-18,2026-08-18 11:32:42+08:00
159246,创业板人工智能ETF富国,1.235,1.2364,0.11,-0.026,-2.06,804590.0,99784702.2,1.256,1.26,1.218,1.261,3.33,2.5,1.11,-49.83,349445.0,455145.0,-15469827.0,-15.5,-3087649.0,-3.09,-12382178.0,-12.41,5744325.0,5.76,9725503.0,9.75,-4.0,1.235,1.238,3219655600.0,3976274666,3976274666,2026-08-18,2026-08-18 11:33:18+08:00
515070,人工智能ETF华夏,1.179,1.1795,0.04,-0.025,-2.08,1140367.0,135182591.0,1.204,1.204,1.167,1.204,3.07,1.56,2.03,7.09,526513.0,613854.0,-20089380.0,-14.86,-3040479.0,-2.25,-17048901.0,-12.61,7137603.0,5.28,12951777.0,9.58,-56.0,1.178,1.179,7294940416.0,8600734750,8600734750,2026-08-18,2026-08-18 11:32:46+08:00
159793,线上消费ETF平安,0.797,0.7981,0.14,-0.017,-2.09,8397.0,671953.5,0.81,0.81,0.795,0.814,1.84,1.92,0.81,61.32,2348.0,6049.0,7558.0,1.12,0.0,0.0,7558.0,1.12,-13436.0,-2.0,5878.0,0.87,-10.0,0.797,0.799,43758908.0,34875850,34875850,2026-08-18,2026-08-18 11:33:03+08:00
520570,恒生科技ETF南方,0.748,0.7474,-0.08,-0.016,-2.09,775801.0,58363853.0,0.761,0.764,0.748,0.764,2.09,2.27,1.84,-8.34,309359.0,466442.0,-5480582.0,-9.39,-7847368.0,-13.45,2366786.0,4.06,3726453.0,6.38,1754130.0,3.01,-8248.0,0.748,0.749,3415876000.0,2555075248,2555075248,2026-08-18,2026-08-18 11:32:52+08:00
159388,创业板人工智能ETF国泰,1.074,1.0747,0.07,-0.023,-2.1,1200919.0,129381745.6,1.09,1.095,1.059,1.097,3.28,13.86,1.52,11.65,573749.0,627170.0,-10450575.0,-8.08,1505399.0,1.16,-11955974.0,-9.24,5707645.0,4.41,4742930.0,3.67,-489.0,1.073,1.077,866736992.0,930875529,930875529,2026-08-18,2026-08-18 11:32:57+08:00
520790,港股通互联网ETF兴业,0.84,0.8358,-0.5,-0.018,-2.1,72250.0,6094300.0,0.87,0.87,0.838,0.858,3.73,1.5,1.2,-28.85,28052.0,44198.0,-1303875.0,-21.39,-588386.0,-9.65,-715489.0,-11.74,1037236.0,17.02,266639.0,4.38,964.0,0.84,0.841,480075008.0,403263007,403263007,2026-08-18,2026-08-18 11:32:36+08:00
513500,标普500ETF博时,2.69,2.4845,-8.27,-0.058,-2.11,829560.0,223467476.0,2.72,2.721,2.688,2.748,1.2,0.82,0.76,7.68,358491.0,471069.0,-59632289.0,-26.68,-38283160.0,-17.13,-21349129.0,-9.55,15759505.0,7.05,43872783.0,19.63,184.0,2.69,2.691,10125638656.0,27237967985,27237967985,2026-08-18,2026-08-18 11:32:51+08:00
520920,恒生科技ETF天弘,0.696,0.6972,0.17,-0.015,-2.11,1785543.0,124967260.0,0.708,0.71,0.695,0.711,2.11,0.95,1.87,7.96,694707.0,1090836.0,-19647789.0,-15.72,-24411693.0,-19.53,4763904.0,3.81,12935931.0,10.35,6711857.0,5.37,1.0,0.695,0.696,18759019008.0,13056277230,13056277230,2026-08-18,2026-08-18 11:32:53+08:00
159152,港股通科技ETF平安,0.789,0.7885,-0.06,-0.017,-2.11,353368.0,27986616.554,0.805,0.805,0.788,0.806,2.11,4.32,2.67,-9.3,142370.0,210998.0,-2192462.0,-7.83,3048277.0,10.89,-5240739.0,-18.73,1608739.0,5.75,583722.0,2.09,-340.0,0.788,0.789,818556096.0,645840760,645840760,2026-08-18,2026-08-18 11:32:45+08:00
516770,游戏ETF华泰柏瑞,1.157,1.1558,-0.1,-0.025,-2.12,245408.0,28512085.0,1.18,1.18,1.156,1.182,2.03,8.73,1.08,92.13,96150.0,149258.0,-5125214.0,-17.98,2451362.0,8.6,-7576576.0,-26.57,375864.0,1.32,4749351.0,16.66,158.0,1.156,1.157,281048000.0,325172536,325172536,2026-08-18,2026-08-18 11:32:47+08:00
159742,恒生科技ETF博时,0.601,0.6008,-0.03,-0.013,-2.12,1459268.0,88187295.7,0.61,0.614,0.599,0.614,2.44,2.32,1.67,-24.87,525362.0,933906.0,-16844227.0,-19.1,-3710257.0,-4.21,-13133970.0,-14.89,12412458.0,14.08,4431769.0,5.03,10.0,0.6,0.601,6293928192.0,3782650843,3782650843,2026-08-18,2026-08-18 11:32:48+08:00
517200,互联网ETF嘉实,0.598,0.5957,-0.39,-0.013,-2.13,19417.0,1170937.0,0.61,0.613,0.596,0.611,2.78,1.39,1.64,94.0,4062.0,15355.0,-95712.0,-8.17,42480.0,3.63,-138192.0,-11.8,5467.0,0.47,90245.0,7.71,1.0,0.596,0.598,139782000.0,83589636,83589636,2026-08-18,2026-08-18 11:32:50+08:00
513180,恒生科技ETF华夏,0.593,0.5927,-0.05,-0.013,-2.15,28608220.0,1707451912.0,0.602,0.605,0.592,0.606,2.15,4.11,1.69,23.73,9457349.0,19150871.0,-207509526.0,-12.15,-366882320.0,-21.49,159372794.0,9.33,149763677.0,8.77,57745843.0,3.38,10.0,0.592,0.593,69688758272.0,41325433655,41325433655,2026-08-18,2026-08-18 11:33:01+08:00
515980,人工智能ETF华富,1.091,1.0905,-0.05,-0.024,-2.15,1722218.0,188685691.0,1.113,1.113,1.079,1.115,3.05,2.89,1.4,-42.44,661540.0,1060678.0,-30951597.0,-16.4,-8122198.0,-4.3,-22829399.0,-12.1,14631670.0,7.75,16319928.0,8.65,-1162.0,1.09,1.091,5954128896.0,6495954626,6495954626,2026-08-18,2026-08-18 11:32:41+08:00
513260,恒生科技ETF汇添富,1.138,1.1392,0.11,-0.025,-2.15,1410152.0,161525838.0,1.156,1.162,1.136,1.163,2.24,2.91,1.52,42.7,537896.0,872256.0,-27727057.0,-17.17,-29774501.0,-18.43,2047444.0,1.27,16478070.0,10.2,11248987.0,6.96,4320.0,1.137,1.138,4847243008.0,5516162543,5516162543,2026-08-18,2026-08-18 11:32:58+08:00
516190,传媒ETF华夏,1.001,1.0015,0.05,-0.022,-2.15,95190.0,9569931.0,1.019,1.019,1.0,1.023,1.86,9.0,1.25,40.14,40015.0,55175.0,276732.0,2.89,0.0,0.0,276732.0,2.89,21101.0,0.22,-297832.0,-3.11,-818.0,1.001,1.004,105818500.0,105924319,105924319,2026-08-18,2026-08-18 11:32:53+08:00
159866,日经ETF工银,1.724,1.6838,-2.39,-0.038,-2.16,1021569.0,177268358.5,1.748,1.749,1.721,1.762,1.59,9.5,1.28,46.27,354586.0,666983.0,-27242811.0,-15.37,-17037710.0,-9.61,-10205101.0,-5.76,18710313.0,10.55,8532498.0,4.81,-880.0,1.724,1.725,1074979376.0,1853264444,1853264444,2026-08-18,2026-08-18 11:33:12+08:00
159688,恒生互联网ETF华安,0.771,0.7705,-0.06,-0.017,-2.16,750584.0,58157987.5,0.782,0.785,0.769,0.788,2.03,5.62,1.33,43.92,324726.0,425858.0,-4150160.0,-7.14,224437.0,0.39,-4374597.0,-7.52,2354520.0,4.05,1795640.0,3.09,103.0,0.77,0.771,1335778480.0,1029885208,1029885208,2026-08-18,2026-08-18 11:32:24+08:00
513890,恒生科技ETF摩根,0.907,0.9066,-0.04,-0.02,-2.16,214940.0,19629666.0,0.921,0.926,0.906,0.927,2.16,2.39,1.69,48.59,75613.0,139327.0,-3620202.0,-18.44,-5338201.0,-27.19,1717999.0,8.75,2355860.0,12.0,1264341.0,6.44,22.0,0.906,0.908,901128000.0,817323096,817323096,2026-08-18,2026-08-18 11:32:55+08:00
517050,互联网ETF华泰柏瑞,0.676,0.6784,0.35,-0.015,-2.17,14691.0,997164.0,0.691,0.691,0.675,0.691,2.32,0.42,0.85,40.36,3095.0,11596.0,-175511.0,-17.6,-101850.0,-10.21,-73661.0,-7.39,59766.0,5.99,115744.0,11.61,112.0,0.675,0.676,347605008.0,234980985,234980985,2026-08-18,2026-08-18 11:32:53+08:00
513380,恒生科技ETF广发,0.538,0.5378,-0.04,-0.012,-2.18,2318385.0,125462993.0,0.547,0.549,0.537,0.55,2.18,1.29,1.73,-0.41,789816.0,1528569.0,-18512065.0,-14.76,-18064642.0,-14.4,-447423.0,-0.36,14301785.0,11.4,4210282.0,3.36,251.0,0.537,0.538,17957784832.0,9661288240,9661288240,2026-08-18,2026-08-18 11:32:54+08:00
159120,港股通科技ETF国联安,0.762,0.7668,0.63,-0.017,-2.18,48127.0,3708594.3,0.777,0.777,0.76,0.779,2.18,3.19,0.6,75.04,7612.0,40515.0,35662.0,0.96,-7769.0,-0.21,43431.0,1.17,-326642.0,-8.81,290981.0,7.85,-2.0,0.761,0.763,151024466.0,115080643,115080643,2026-08-18,2026-08-18 11:32:33+08:00
159135,港股通科技ETF前海开源,0.808,0.8101,0.26,-0.018,-2.18,38719.0,3147017.8,0.824,0.824,0.807,0.826,2.06,0.63,1.19,87.72,15398.0,23321.0,-980884.0,-31.17,-970239.0,-30.83,-10645.0,-0.34,620430.0,19.71,360456.0,11.45,-77.0,0.808,0.81,619466384.0,500528838,500528838,2026-08-18,2026-08-18 11:32:57+08:00
513130,恒生科技ETF华泰柏瑞,0.584,0.5838,-0.03,-0.013,-2.18,25891158.0,1524475601.0,0.593,0.597,0.584,0.597,2.18,4.62,1.64,-6.55,7774293.0,18116865.0,-180220245.0,-11.82,-333420512.0,-21.87,153200267.0,10.05,128822799.0,8.45,51397448.0,3.37,-5992.0,0.584,0.585,56033347072.0,32723474690,32723474690,2026-08-18,2026-08-18 11:33:02+08:00
159140,科创创业人工智能ETF易方达,1.338,1.3371,-0.07,-0.03,-2.19,328888.0,44115383.0,1.361,1.362,1.323,1.368,2.85,7.21,1.3,-13.4,143469.0,185419.0,-3592299.0,-8.14,-1622089.0,-3.68,-1970210.0,-4.47,1006083.0,2.28,2586215.0,5.86,1496.0,1.337,1.339,455936832.0,610043481,610043481,2026-08-18,2026-08-18 11:33:21+08:00
159613,信息安全ETF嘉实,0.894,0.8928,-0.13,-0.02,-2.19,75686.0,6788745.9,0.912,0.912,0.886,0.914,2.84,6.84,1.19,77.11,25398.0,50288.0,-353440.0,-5.21,400632.0,5.9,-754072.0,-11.11,-594832.0,-8.76,948271.0,13.97,228.0,0.891,0.894,110590217.0,98867654,98867654,2026-08-18,2026-08-18 11:32:48+08:00
517800,人工智能50ETF方正富邦,1.028,1.0285,0.05,-0.023,-2.19,39860.0,4112773.0,1.051,1.051,1.02,1.051,2.95,1.94,1.67,-12.93,11646.0,28214.0,-436383.0,-10.61,0.0,0.0,-436383.0,-10.61,-232990.0,-5.67,669372.0,16.28,1.0,1.023,1.029,205539700.0,211294812,211294812,2026-08-18,2026-08-18 11:32:59+08:00
520590,恒生科技ETF鹏华,0.799,0.7992,0.03,-0.018,-2.2,106724.0,8577873.0,0.812,0.816,0.798,0.817,2.2,5.05,1.72,37.69,36181.0,70543.0,-2645799.0,-30.84,-3289598.0,-38.35,643799.0,7.51,1715862.0,20.0,929937.0,10.84,1.0,0.798,0.8,211235000.0,168776765,168776765,2026-08-18,2026-08-18 11:32:44+08:00
159141,科创创业人工智能ETF永赢,1.246,1.2474,0.11,-0.028,-2.2,430547.0,53904098.4,1.272,1.272,1.233,1.274,3.06,2.96,0.92,-48.98,128564.0,301983.0,-4976675.0,-9.23,3665611.0,6.8,-8642286.0,-16.03,951467.0,1.77,4025207.0,7.47,-2.0,1.246,1.248,1455060736.0,1813005677,1813005677,2026-08-18,2026-08-18 11:33:24+08:00
159568,港股互联网ETF博时,1.153,1.1504,-0.23,-0.026,-2.21,367826.0,42490997.8,1.172,1.172,1.149,1.179,1.95,10.34,1.29,87.49,162837.0,204989.0,-4970584.0,-11.7,1514531.0,3.56,-6485115.0,-15.26,2790502.0,6.57,2180082.0,5.13,5.0,1.152,1.153,355857904.0,410304163,410304163,2026-08-18,2026-08-18 11:32:30+08:00
159572,创业板200ETF易方达,1.496,1.4993,0.22,-0.034,-2.22,84277.0,12663719.8,1.517,1.521,1.488,1.53,2.16,4.44,1.82,-21.53,36072.0,48205.0,159789.0,1.26,0.0,0.0,159789.0,1.26,1027423.0,8.11,-1187213.0,-9.37,-66.0,1.496,1.498,189749107.0,283864664,283864664,2026-08-18,2026-08-18 11:32:33+08:00
159142,科创创业人工智能ETF景顺,1.276,1.2763,0.02,-0.029,-2.22,497649.0,63782054.3,1.305,1.306,1.262,1.305,3.37,4.33,1.54,2.82,220415.0,277234.0,-11619758.0,-18.22,-7077159.0,-11.1,-4542599.0,-7.12,3618261.0,5.67,8001497.0,12.55,16.0,1.274,1.276,1149260144.0,1466455944,1466455944,2026-08-18,2026-08-18 11:32:27+08:00
159709,物联网ETF工银,1.779,1.7888,0.55,-0.041,-2.25,651.0,116790.5,1.818,1.82,1.779,1.82,2.25,0.3,1.07,-0.17,262.0,389.0,22448.0,19.22,0.0,0.0,22448.0,19.22,32235.0,27.6,-54683.0,-46.82,2.0,1.787,1.792,21484060.0,38220143,38220143,2026-08-18,2026-08-18 11:32:48+08:00
517390,云计算ETF天弘,2.001,2.0051,0.2,-0.046,-2.25,19558.0,3926947.0,2.047,2.047,1.986,2.047,2.98,1.46,0.85,38.93,8132.0,11426.0,-719153.0,-18.31,0.0,0.0,-719153.0,-18.31,-208050.0,-5.3,927203.0,23.61,20.0,1.996,2.004,134112600.0,268359313,268359313,2026-08-18,2026-08-18 11:32:35+08:00
159805,传媒ETF鹏华,1.163,1.1638,0.07,-0.027,-2.27,268384.0,31369685.9,1.184,1.186,1.162,1.19,2.02,9.29,1.09,-46.62,157007.0,111377.0,7633597.0,24.33,496550.0,1.58,7137047.0,22.75,-4529809.0,-14.44,-3103787.0,-9.89,-1.0,1.163,1.164,288952480.0,336051734,336051734,2026-08-18,2026-08-18 11:32:45+08:00
562920,信息安全ETF易方达,0.947,0.9465,-0.05,-0.022,-2.27,43783.0,4162649.0,0.969,0.969,0.94,0.969,2.99,4.81,0.92,-8.44,21129.0,22654.0,1056503.0,25.38,-224750.0,-5.4,1281253.0,30.78,-633934.0,-15.23,-422569.0,-10.15,3.0,0.946,0.949,91069000.0,86242343,86242343,2026-08-18,2026-08-18 11:32:27+08:00
159273,云计算ETF汇添富,1.466,1.4658,-0.01,-0.034,-2.27,145246.0,21377371.3,1.499,1.499,1.455,1.5,2.93,2.1,1.64,-6.06,76114.0,69132.0,-3266590.0,-15.28,-536394.0,-2.51,-2730196.0,-12.77,628934.0,2.94,2637656.0,12.34,-17.0,1.465,1.466,691777504.0,1014145821,1014145821,2026-08-18,2026-08-18 11:33:03+08:00
159855,影视ETF银华,0.729,0.7289,-0.01,-0.017,-2.28,65829.0,4824453.8,0.743,0.743,0.728,0.746,2.01,3.66,0.66,46.88,25724.0,40105.0,-1208992.0,-25.06,-17936.0,-0.37,-1191056.0,-24.69,233627.0,4.84,975365.0,20.22,-2.0,0.729,0.731,179925236.0,131165497,131165497,2026-08-18,2026-08-18 11:33:06+08:00
520910,港股通互联网ETF华夏,0.643,0.6418,-0.19,-0.015,-2.28,329769.0,21251029.0,0.654,0.654,0.641,0.658,1.98,4.39,1.33,14.16,136617.0,193152.0,-1481832.0,-6.97,449763.0,2.12,-1931595.0,-9.09,955897.0,4.5,525935.0,2.47,2632.0,0.642,0.643,751445008.0,483179140,483179140,2026-08-18,2026-08-18 11:32:30+08:00
513000,日经225ETF易方达,2.351,2.2568,-4.17,-0.055,-2.29,421892.0,99981961.0,2.39,2.394,2.349,2.406,1.87,4.23,1.38,17.47,171406.0,250486.0,-7213869.0,-7.22,877156.0,0.88,-8091025.0,-8.09,-1276029.0,-1.28,8489899.0,8.49,5.0,2.349,2.351,996911408.0,2343738720,2343738720,2026-08-18,2026-08-18 11:32:50+08:00
159202,恒生互联网ETF万家,0.812,0.8128,0.1,-0.019,-2.29,986129.0,80472736.7,0.825,0.828,0.81,0.831,2.17,8.02,1.22,7.6,424962.0,561167.0,-7694481.0,-9.56,-12474723.0,-15.5,4780242.0,5.94,4998017.0,6.21,2696465.0,3.35,-1478.0,0.811,0.813,1229401904.0,998274346,998274346,2026-08-18,2026-08-18 11:33:15+08:00
520980,港股通科技ETF汇添富,0.888,0.8887,0.08,-0.021,-2.31,2001265.0,178750258.0,0.903,0.907,0.886,0.909,2.31,6.09,1.69,21.1,881803.0,1119462.0,-15245438.0,-8.53,-17618892.0,-9.86,2373454.0,1.33,10987123.0,6.15,4258315.0,2.38,23.0,0.887,0.888,3288387008.0,2920087663,2920087663,2026-08-18,2026-08-18 11:32:30+08:00
159738,云计算ETF华泰柏瑞,2.115,2.1211,0.29,-0.05,-2.31,92327.0,19536641.8,2.162,2.162,2.099,2.165,2.91,6.84,1.83,-97.89,35708.0,56619.0,140719.0,0.72,698541.0,3.58,-557822.0,-2.86,-505107.0,-2.59,364388.0,1.87,-5.0,2.115,2.117,134992667.0,285509491,285509491,2026-08-18,2026-08-18 11:32:42+08:00
513580,恒生科技ETF华安,0.589,0.5938,0.81,-0.014,-2.32,835844.0,49570119.0,0.6,0.601,0.588,0.603,2.16,1.38,1.7,0.52,264197.0,571647.0,-10098447.0,-20.37,-12878163.0,-25.98,2779716.0,5.61,8101467.0,16.34,1996980.0,4.03,-50.0,0.589,0.59,6071118080.0,3575888549,3575888549,2026-08-18,2026-08-18 11:32:40+08:00
520740,港股通互联网ETF华安,0.928,0.9311,0.33,-0.022,-2.32,26456.0,2467498.0,0.959,0.959,0.927,0.95,3.37,4.34,0.37,92.43,5586.0,20870.0,-483224.0,-19.58,0.0,0.0,-483224.0,-19.58,302889.0,12.28,180335.0,7.31,-103.0,0.928,0.929,61012600.0,56619693,56619693,2026-08-18,2026-08-18 11:32:34+08:00
159741,恒生科技ETF嘉实,0.586,0.5913,0.9,-0.014,-2.33,837230.0,49506076.4,0.597,0.599,0.586,0.6,2.17,5.93,1.46,-11.54,303688.0,533542.0,-8835026.0,-17.85,-6376906.0,-12.88,-2458120.0,-4.97,6843452.0,13.82,1991573.0,4.02,-10.0,0.586,0.587,1412796720.0,827898878,827898878,2026-08-18,2026-08-18 11:32:18+08:00
512720,计算机ETF国泰,1.209,1.21,0.08,-0.029,-2.34,169016.0,20601377.0,1.237,1.237,1.202,1.238,2.83,4.13,0.8,-78.08,51855.0,117161.0,2754423.0,13.37,3420882.0,16.61,-666459.0,-3.24,-1985700.0,-9.64,-768723.0,-3.73,-22.0,1.206,1.209,409453408.0,495029170,495029170,2026-08-18,2026-08-18 11:32:57+08:00
159740,恒生科技ETF大成,0.585,0.5859,0.15,-0.014,-2.34,11121313.0,655252934.0,0.595,0.598,0.584,0.599,2.34,4.33,1.93,11.93,3955523.0,7165790.0,-97269558.0,-14.84,-134221968.0,-20.48,36952410.0,5.64,71969989.0,10.98,25299569.0,3.86,220.0,0.584,0.585,25703120384.0,15036325425,15036325425,2026-08-18,2026-08-18 11:32:45+08:00
159896,物联网ETF南方,1.328,1.3361,0.61,-0.032,-2.35,7392.0,996494.3,1.355,1.358,1.326,1.36,2.35,2.11,1.02,-98.21,4196.0,3196.0,-29849.0,-3.0,135000.0,13.55,-164849.0,-16.54,39775.0,3.99,-9925.0,-1.0,2.0,1.328,1.358,35055960.0,46554315,46554315,2026-08-18,2026-08-18 11:33:00+08:00
159262,港股通科技ETF广发,0.868,0.8694,0.16,-0.021,-2.36,2070718.0,180532922.9,0.882,0.886,0.866,0.889,2.25,3.6,1.36,38.02,848835.0,1221883.0,-10346933.0,-5.73,-11522823.0,-6.38,1175890.0,0.65,7008486.0,3.88,3338446.0,1.85,326.0,0.867,0.868,5759720448.0,4999437349,4999437349,2026-08-18,2026-08-18 11:32:30+08:00
513720,港股互联网ETF国泰,0.662,0.663,0.15,-0.016,-2.36,187783.0,12502868.0,0.678,0.678,0.661,0.678,2.51,7.43,1.43,0.21,80849.0,106934.0,-15928.0,-0.13,311414.0,2.49,-327342.0,-2.62,-484982.0,-3.88,500910.0,4.01,-500.0,0.662,0.663,252859000.0,167392658,167392658,2026-08-18,2026-08-18 11:33:01+08:00
159728,在线消费ETF南方,0.783,0.7824,-0.08,-0.019,-2.37,36167.0,2843330.2,0.798,0.798,0.782,0.802,2.0,7.47,0.8,10.24,17957.0,18210.0,-179174.0,-6.3,-660106.0,-23.22,480932.0,16.91,-735.0,-0.03,179910.0,6.33,9.0,0.782,0.783,48410129.0,37905131,37905131,2026-08-18,2026-08-18 11:33:09+08:00
159036,软件开发ETF华宝,0.944,0.9438,-0.02,-0.023,-2.38,63339.0,6014737.1,0.967,0.967,0.94,0.967,2.79,2.24,0.91,84.37,17920.0,45419.0,-625300.0,-10.4,-646995.0,-10.76,21695.0,0.36,27721.0,0.46,597579.0,9.94,71.0,0.943,0.944,282740160.0,266906711,266906711,2026-08-18,2026-08-18 11:32:36+08:00
513750,港股通非银ETF广发,1.462,1.4645,0.17,-0.036,-2.4,1565092.0,230180431.0,1.487,1.489,1.46,1.498,1.94,1.82,0.8,-2.04,555345.0,1009747.0,-38200597.0,-16.6,-43059593.0,-18.71,4858996.0,2.11,22382941.0,9.72,15817655.0,6.87,30.0,1.461,1.462,8616837888.0,12597816992,12597816992,2026-08-18,2026-08-18 11:33:02+08:00
513010,恒生科技ETF易方达,0.61,0.6111,0.18,-0.015,-2.4,8986812.0,552582482.0,0.62,0.624,0.61,0.625,2.24,2.02,1.82,27.79,3206312.0,5780501.0,-74443449.0,-13.47,-133043648.0,-24.08,58600199.0,10.6,53517768.0,9.69,20925688.0,3.79,-410.0,0.61,0.611,44430307072.0,27102487314,27102487314,2026-08-18,2026-08-18 11:33:06+08:00
159550,互联网ETF东财,0.812,0.8146,0.32,-0.02,-2.4,49916.0,4072813.1,0.826,0.827,0.812,0.832,1.8,2.47,1.54,43.59,15719.0,34197.0,-1415425.0,-34.75,0.0,0.0,-1415425.0,-34.75,363336.0,8.92,1052088.0,25.83,-200.0,0.812,0.813,201828785.0,163884973,163884973,2026-08-18,2026-08-18 11:32:24+08:00
159998,计算机ETF天弘,1.008,1.0066,-0.14,-0.025,-2.42,961556.0,97585147.5,1.023,1.026,1.0,1.033,2.52,5.94,1.9,57.21,407540.0,554016.0,-19697118.0,-20.18,-1428817.0,-1.46,-18268301.0,-18.72,12934546.0,13.25,6762571.0,6.93,97.0,1.007,1.009,1619855360.0,1632814203,1632814203,2026-08-18,2026-08-18 11:32:18+08:00
520650,港股通互联网ETF南方,0.606,0.6066,0.1,-0.015,-2.42,1024385.0,62247674.0,0.616,0.617,0.604,0.621,2.09,3.99,1.4,-4.67,433641.0,590744.0,-1168709.0,-1.88,-2614863.0,-4.2,1446154.0,2.32,582665.0,0.94,586045.0,0.94,300.0,0.605,0.606,2565255008.0,1554544535,1554544535,2026-08-18,2026-08-18 11:32:55+08:00
513770,港股互联网ETF华宝,0.358,0.3585,0.14,-0.009,-2.45,6930846.0,249262166.0,0.364,0.365,0.357,0.367,2.18,4.64,1.17,0.24,2667609.0,4263237.0,-21660539.0,-8.69,-43720627.0,-17.54,22060088.0,8.85,16084175.0,6.45,5576364.0,2.24,1177.0,0.357,0.358,14930137856.0,5344989352,5344989352,2026-08-18,2026-08-18 11:32:54+08:00
159179,港股通互联网ETF工银,0.836,0.8377,0.2,-0.021,-2.45,101469.0,8524718.096,0.854,0.854,0.835,0.857,2.22,9.32,1.9,14.07,39933.0,61536.0,-832136.0,-9.76,0.0,0.0,-832136.0,-9.76,491382.0,5.76,340754.0,4.0,10.0,0.835,0.837,108903568.0,91043383,91043383,2026-08-18,2026-08-18 11:33:00+08:00
512980,传媒ETF广发,0.831,0.832,0.12,-0.021,-2.46,2217325.0,185367760.0,0.846,0.847,0.831,0.852,1.88,4.3,0.97,45.54,711913.0,1505412.0,-4195642.0,-2.26,3557524.0,1.92,-7753166.0,-4.18,-771719.0,-0.42,4967361.0,2.68,-269.0,0.831,0.832,5159924480.0,4287897243,4287897243,2026-08-18,2026-08-18 11:32:42+08:00
520630,港股通互联网ETF广发,0.671,0.6735,0.37,-0.017,-2.47,156989.0,10585810.0,0.683,0.685,0.67,0.688,2.18,2.41,1.23,-4.62,86797.0,70192.0,-496118.0,-4.69,1277791.0,12.07,-1773909.0,-16.76,-35871.0,-0.34,531989.0,5.03,15.0,0.671,0.672,650610000.0,436559310,436559310,2026-08-18,2026-08-18 11:32:38+08:00
513160,港股科技ETF银华,0.984,0.9857,0.17,-0.025,-2.48,1195199.0,118563114.0,1.002,1.005,0.982,1.009,2.28,3.56,1.38,33.77,426207.0,768992.0,-19051092.0,-16.07,-22340119.0,-18.84,3289027.0,2.77,15109042.0,12.74,3942049.0,3.32,-12.0,0.984,0.985,3360189296.0,3306426267,3306426267,2026-08-18,2026-08-18 11:32:47+08:00
159068,软件ETF华夏,1.017,1.0165,-0.05,-0.026,-2.49,37728.0,3855389.535,1.041,1.041,1.013,1.043,2.68,5.44,0.84,-7.34,15163.0,22565.0,-516977.0,-13.41,145373.0,3.77,-662350.0,-17.18,101877.0,2.64,415099.0,10.77,100.0,1.015,1.018,69336570.0,70515292,70515292,2026-08-18,2026-08-18 11:32:30+08:00
159590,软件ETF汇添富,0.9,0.8989,-0.12,-0.023,-2.49,423249.0,38311823.2,0.915,0.919,0.897,0.923,2.38,5.57,1.21,57.7,129431.0,293818.0,-15082294.0,-39.37,-14820820.0,-38.68,-261474.0,-0.68,8382383.0,21.88,6699911.0,17.49,10.0,0.899,0.9,759361744.0,683425570,683425570,2026-08-18,2026-08-18 11:32:39+08:00
159792,港股通互联网ETF富国,0.583,0.5855,0.43,-0.015,-2.51,21099506.0,1237508307.151,0.593,0.595,0.582,0.598,2.17,3.04,1.32,12.45,9670058.0,11429448.0,-60966190.0,-4.93,-86251088.0,-6.97,25284898.0,2.04,38102052.0,3.08,22864131.0,1.85,-13955.0,0.583,0.584,69497856000.0,40517250048,40517250048,2026-08-18,2026-08-18 11:32:39+08:00
517770,游戏传媒ETF浦银,0.892,0.893,0.11,-0.023,-2.51,68770.0,6173571.0,0.91,0.91,0.891,0.915,2.08,4.22,1.64,77.9,18211.0,50559.0,-1543387.0,-25.0,103688.0,1.68,-1647075.0,-26.68,228573.0,3.7,1314816.0,21.3,-1.0,0.892,0.893,162947800.0,145349438,145349438,2026-08-18,2026-08-18 11:32:38+08:00
159725,线上消费ETF工银,0.774,0.7744,0.05,-0.02,-2.52,51040.0,3977015.3,0.788,0.793,0.773,0.794,2.52,3.83,0.83,92.99,20248.0,30792.0,-513748.0,-12.92,-1648.0,-0.04,-512100.0,-12.88,-207904.0,-5.23,721651.0,18.15,-10.0,0.773,0.774,133424924.0,103270891,103270891,2026-08-18,2026-08-18 11:32:54+08:00
159586,计算机ETF南方,1.07,1.0687,-0.12,-0.028,-2.55,65938.0,7109670.2,1.094,1.095,1.065,1.098,2.73,2.5,1.25,94.32,18000.0,47938.0,-966178.0,-13.59,871455.0,12.26,-1837633.0,-25.85,-146911.0,-2.07,1113088.0,15.66,10.0,1.069,1.07,264025923.0,282507738,282507738,2026-08-18,2026-08-18 11:32:42+08:00
513040,港股通互联网ETF易方达,0.939,0.9408,0.19,-0.025,-2.59,3947395.0,371900997.0,0.956,0.957,0.937,0.964,2.07,5.68,1.18,-0.88,1853384.0,2094011.0,-31033966.0,-8.34,-25969561.0,-6.98,-5064405.0,-1.36,19471948.0,5.24,11562017.0,3.11,2.0,0.938,0.939,6946841344.0,6523084022,6523084022,2026-08-18,2026-08-18 11:32:46+08:00
159086,金融科技ETF广发,1.039,1.0388,-0.02,-0.028,-2.62,14880.0,1555980.601,1.065,1.065,1.036,1.067,2.72,4.2,0.66,-65.79,2967.0,11913.0,213716.0,13.74,-21968.0,-1.41,235684.0,15.15,-306468.0,-19.7,92752.0,5.96,10.0,1.038,1.046,35399823.0,36780416,36780416,2026-08-18,2026-08-18 11:32:33+08:00
159099,云计算ETF华宝,1.035,1.0344,-0.06,-0.028,-2.63,111817.0,11598783.049,1.052,1.056,1.025,1.063,2.92,10.11,1.47,-50.66,39388.0,72429.0,-1100060.0,-9.48,3053043.0,26.32,-4153103.0,-35.81,-197789.0,-1.71,1297849.0,11.19,47.0,1.033,1.035,110610546.0,114481915,114481915,2026-08-18,2026-08-18 11:33:00+08:00
515230,软件ETF国泰,0.704,0.7025,-0.21,-0.019,-2.63,2705653.0,191678344.0,0.719,0.719,0.702,0.723,2.35,3.45,1.37,82.23,951539.0,1754114.0,-67355006.0,-35.14,-63685875.0,-33.23,-3669131.0,-1.91,41385831.0,21.59,25969175.0,13.55,50.0,0.703,0.704,7845690880.0,5523366380,5523366380,2026-08-18,2026-08-18 11:32:41+08:00
159095,云计算ETF银华,0.999,0.9979,-0.11,-0.027,-2.63,562126.0,56759871.504,1.017,1.018,0.988,1.026,2.92,19.29,,-97.93,154139.0,407987.0,8802016.0,15.51,20699043.0,36.47,-11897027.0,-20.96,-8675763.0,-15.29,-126253.0,-0.22,60.0,0.998,0.999,291468144.0,291176676,291176676,2026-08-18,2026-08-18 11:32:54+08:00
563670,金融科技ETF鹏华,0.663,0.6632,0.03,-0.018,-2.64,18076.0,1207110.0,0.681,0.681,0.661,0.681,2.94,0.99,2.27,44.51,6795.0,11281.0,150606.0,12.48,0.0,0.0,150606.0,12.48,-307088.0,-25.44,156483.0,12.96,50.0,0.662,0.663,181987000.0,120657381,120657381,2026-08-18,2026-08-18 11:32:50+08:00
561010,软件ETF华安,0.881,0.8791,-0.22,-0.024,-2.65,94040.0,8325638.0,0.904,0.904,0.878,0.905,2.87,3.19,1.1,68.55,35769.0,58271.0,-3190922.0,-38.33,-1224015.0,-14.7,-1966907.0,-23.62,1353403.0,16.26,1837519.0,22.07,50.0,0.88,0.882,294356000.0,259327636,259327636,2026-08-18,2026-08-18 11:32:47+08:00
159852,软件ETF嘉实,0.694,0.6928,-0.17,-0.019,-2.66,7599529.0,530122974.559,0.709,0.709,0.691,0.713,2.52,5.58,1.65,48.68,2456259.0,5143270.0,-129854865.0,-24.5,-140736558.0,-26.55,10881693.0,2.05,70152460.0,13.23,59702398.0,11.26,3.0,0.693,0.694,13620623872.0,9452712967,9452712967,2026-08-18,2026-08-18 11:32:54+08:00
159103,金融科技ETF汇添富,0.654,0.6527,-0.2,-0.018,-2.68,104043.0,6848107.4,0.675,0.675,0.651,0.672,3.57,3.28,2.64,86.8,21162.0,82881.0,-2472673.0,-36.11,-3840830.0,-56.09,1368157.0,19.98,1671370.0,24.41,801303.0,11.7,60.0,0.653,0.654,317406768.0,207584026,207584026,2026-08-18,2026-08-18 11:32:42+08:00
516630,云计算ETF华夏,1.704,1.7029,-0.06,-0.047,-2.68,219918.0,37686267.0,1.736,1.741,1.691,1.751,2.86,4.23,1.19,50.09,83576.0,136342.0,-11519127.0,-30.57,-833492.0,-2.21,-10685635.0,-28.35,4194235.0,11.13,7324894.0,19.44,-143.0,1.703,1.704,520156000.0,886345824,886345824,2026-08-18,2026-08-18 11:33:03+08:00
159851,金融科技ETF华宝,0.614,0.6133,-0.11,-0.017,-2.69,3121251.0,193031352.8,0.629,0.629,0.611,0.631,2.85,3.13,1.46,71.27,733127.0,2388124.0,-31310737.0,-16.22,-27039692.0,-14.01,-4271045.0,-2.21,17434458.0,9.03,13876279.0,7.19,10.0,0.613,0.614,9964904192.0,6118451174,6118451174,2026-08-18,2026-08-18 11:33:03+08:00
563570,金融科技ETF兴业,0.722,0.7211,-0.12,-0.02,-2.7,114290.0,8286103.0,0.742,0.742,0.72,0.742,2.96,10.85,1.74,-97.3,30541.0,83749.0,262921.0,3.17,71584.0,0.86,191337.0,2.31,-278269.0,-3.36,15348.0,0.19,200.0,0.72,0.722,105374000.0,76080028,76080028,2026-08-18,2026-08-18 11:32:51+08:00
562930,软件ETF易方达,0.722,0.7209,-0.15,-0.02,-2.7,882462.0,64092429.0,0.739,0.739,0.719,0.742,2.7,5.1,1.28,75.94,261302.0,621160.0,-22647150.0,-35.34,-15869226.0,-24.76,-6777924.0,-10.58,11810939.0,18.43,10836210.0,16.91,1008.0,0.721,0.722,1731437008.0,1250097520,1250097520,2026-08-18,2026-08-18 11:32:43+08:00
560660,云计算50ETF新华,1.14,1.1397,-0.03,-0.032,-2.73,59947.0,6864339.0,1.165,1.165,1.132,1.172,2.82,4.69,1.45,-79.3,19743.0,40204.0,-159272.0,-2.32,0.0,0.0,-159272.0,-2.32,-713088.0,-10.39,872361.0,12.71,-28.0,1.139,1.14,127938000.0,145849320,145849320,2026-08-18,2026-08-18 11:32:37+08:00
159035,软件ETF天弘,0.841,0.8393,-0.2,-0.024,-2.77,97067.0,8204996.2,0.862,0.862,0.838,0.865,2.77,1.67,1.32,-52.97,30187.0,66880.0,-2460591.0,-29.99,-1350063.0,-16.45,-1110528.0,-13.53,1378314.0,16.8,1082279.0,13.19,2.0,0.84,0.842,580859728.0,488503031,488503031,2026-08-18,2026-08-18 11:33:18+08:00
516000,大数据ETF华夏,0.984,0.9829,-0.11,-0.028,-2.77,254522.0,25189640.0,1.005,1.005,0.977,1.012,2.77,5.55,1.15,27.42,94796.0,159726.0,-2788308.0,-11.07,-3525228.0,-13.99,736920.0,2.93,675636.0,2.68,2112672.0,8.39,50.0,0.983,0.985,458855008.0,451513328,451513328,2026-08-18,2026-08-18 11:32:46+08:00
516860,金融科技ETF博时,1.054,1.0542,0.02,-0.03,-2.77,273274.0,29066867.0,1.078,1.081,1.051,1.084,2.77,2.38,1.44,81.71,84660.0,188614.0,-5878019.0,-20.22,-3581773.0,-12.32,-2296246.0,-7.9,2846614.0,9.79,3031405.0,10.43,-450.0,1.054,1.056,1146522000.0,1208434188,1208434188,2026-08-18,2026-08-18 11:32:38+08:00
159890,云计算ETF招商,1.784,1.7817,-0.13,-0.051,-2.78,99090.0,17796177.9,1.822,1.824,1.771,1.835,2.89,4.19,1.39,-48.72,36202.0,62888.0,-2801829.0,-15.74,-924573.0,-5.2,-1877256.0,-10.55,370851.0,2.08,2430977.0,13.66,1.0,1.78,1.784,236590688.0,422077787,422077787,2026-08-18,2026-08-18 11:32:36+08:00
560360,软件ETF万家,1.252,1.2507,-0.1,-0.036,-2.8,52813.0,6666817.0,1.286,1.286,1.25,1.288,2.8,2.44,1.66,48.9,18680.0,34133.0,-3052407.0,-45.79,-3006806.0,-45.1,-45601.0,-0.68,1214566.0,18.22,1837841.0,27.57,-1.0,1.252,1.254,216345000.0,270863940,270863940,2026-08-18,2026-08-18 11:32:56+08:00
516700,大数据ETF华宝,0.934,0.9329,-0.12,-0.027,-2.81,168858.0,15822111.0,0.953,0.958,0.926,0.961,3.33,9.32,1.44,19.92,71904.0,96954.0,-1965112.0,-12.42,-44987.0,-0.28,-1920125.0,-12.14,210752.0,1.33,1754360.0,11.09,-10.0,0.933,0.934,181122000.0,169167948,169167948,2026-08-18,2026-08-18 11:32:35+08:00
159299,金融科技ETF易方达,0.691,0.6895,-0.22,-0.02,-2.81,182892.0,12712761.6,0.706,0.709,0.688,0.711,2.95,2.74,1.37,-21.49,52005.0,130887.0,-1806907.0,-14.21,-3799966.0,-29.89,1993059.0,15.68,1391221.0,10.94,415684.0,3.27,5.0,0.69,0.691,668472976.0,461914826,461914826,2026-08-18,2026-08-18 11:33:18+08:00
159170,港股通互联网ETF永赢,0.863,0.8651,0.24,-0.025,-2.82,224916.0,19503545.9,0.885,0.885,0.863,0.888,2.48,5.4,1.47,58.62,108229.0,116687.0,-568883.0,-2.92,696351.0,3.57,-1265234.0,-6.49,150010.0,0.77,418874.0,2.15,-341.0,0.863,0.865,416638352.0,359558898,359558898,2026-08-18,2026-08-18 11:33:00+08:00
159739,云计算ETF鹏华,0.825,0.8262,0.15,-0.024,-2.83,139025.0,11531858.4,0.849,0.849,0.819,0.849,3.53,3.12,1.54,2.28,56346.0,82679.0,-1201791.0,-10.42,486549.0,4.22,-1688340.0,-14.64,625861.0,5.43,575929.0,4.99,-186.0,0.825,0.826,445961232.0,367918016,367918016,2026-08-18,2026-08-18 11:32:21+08:00
516510,云计算ETF易方达,1.744,1.7439,-0.01,-0.051,-2.84,952062.0,167426503.0,1.779,1.783,1.732,1.795,2.84,6.22,1.88,-5.73,344067.0,607995.0,-40147463.0,-23.98,-2700361.0,-1.61,-37447102.0,-22.37,9777811.0,5.84,30369652.0,18.14,23.0,1.743,1.744,1530890000.0,2669872160,2669872160,2026-08-18,2026-08-18 11:32:52+08:00
520750,港股通信息ETF华富,0.923,0.9193,-0.4,-0.027,-2.84,204180.0,19117573.0,0.95,0.956,0.92,0.95,3.79,14.97,0.72,20.72,79310.0,124870.0,-2487560.0,-13.01,986755.0,5.16,-3474315.0,-18.17,1645190.0,8.61,842370.0,4.41,-310.0,0.922,0.924,136384000.0,125882432,125882432,2026-08-18,2026-08-18 11:32:43+08:00
159280,港股通互联网ETF汇添富,0.71,0.7108,0.11,-0.021,-2.87,74842.0,5359626.7,0.735,0.735,0.71,0.731,3.42,7.51,2.53,32.92,26145.0,48697.0,-1240751.0,-23.15,-28866.0,-0.54,-1211885.0,-22.61,519330.0,9.69,721421.0,13.46,-248.0,0.71,0.711,99717171.0,70799191,70799191,2026-08-18,2026-08-18 11:32:42+08:00
159256,创业板软件ETF华夏,0.845,0.8449,-0.01,-0.025,-2.87,712714.0,60659885.8,0.86,0.867,0.839,0.87,3.22,11.87,1.17,43.88,309506.0,403208.0,-9148792.0,-15.08,-5443024.0,-8.97,-3705768.0,-6.11,3558200.0,5.87,5590593.0,9.22,24.0,0.844,0.845,600183760.0,507155277,507155277,2026-08-18,2026-08-18 11:32:27+08:00
159527,云计算ETF广发,0.739,0.7386,-0.05,-0.022,-2.89,182614.0,13590277.1,0.756,0.756,0.733,0.761,3.02,4.0,1.63,45.86,67852.0,114762.0,-1697623.0,-12.49,169860.0,1.25,-1867483.0,-13.74,-1157356.0,-8.52,2854979.0,21.01,-27.0,0.739,0.741,456301344.0,337206693,337206693,2026-08-18,2026-08-18 11:32:45+08:00
159107,创业板软件ETF富国,0.768,0.7681,0.01,-0.023,-2.91,874435.0,67780296.5,0.786,0.786,0.763,0.791,2.91,11.46,1.62,87.97,324212.0,550223.0,-32892665.0,-48.53,-22284413.0,-32.88,-10608252.0,-15.65,6444053.0,9.51,26448611.0,39.02,9.0,0.767,0.768,762823008.0,585848070,585848070,2026-08-18,2026-08-18 11:32:45+08:00
515400,大数据ETF富国,0.896,0.8957,-0.03,-0.027,-2.93,1518395.0,136889662.0,0.917,0.917,0.889,0.923,3.03,9.2,2.04,45.49,413544.0,1104851.0,-14558528.0,-10.64,-8125977.0,-5.94,-6432551.0,-4.7,6435025.0,4.7,8123503.0,5.93,30.0,0.895,0.896,1649631408.0,1478069742,1478069742,2026-08-18,2026-08-18 11:33:06+08:00
516100,金融科技ETF华夏,1.024,1.0262,0.21,-0.031,-2.94,223730.0,23115880.0,1.048,1.056,1.022,1.055,3.22,1.98,1.2,78.92,65952.0,157778.0,-4436996.0,-19.19,-2795402.0,-12.09,-1641594.0,-7.1,1648396.0,7.13,2788600.0,12.06,-10.0,1.024,1.025,1131759696.0,1158921929,1158921929,2026-08-18,2026-08-18 11:32:49+08:00
159899,软件ETF招商,0.718,0.7179,-0.01,-0.022,-2.97,330800.0,23946657.5,0.742,0.742,0.717,0.74,3.38,3.44,1.84,39.42,85018.0,245782.0,-3355409.0,-14.01,-7406744.0,-30.93,4051335.0,16.92,4229841.0,17.66,-874433.0,-3.65,-1032.0,0.718,0.72,962977728.0,691418009,691418009,2026-08-18,2026-08-18 11:33:03+08:00
560790,软件ETF鹏华,0.845,0.8459,0.11,-0.026,-2.99,59340.0,5066426.0,0.86,0.864,0.843,0.871,2.41,2.64,2.35,-64.48,33780.0,25560.0,-673757.0,-13.3,-508759.0,-10.04,-164998.0,-3.26,191620.0,3.78,482137.0,9.52,23.0,0.844,0.845,224455900.0,189665236,189665236,2026-08-18,2026-08-18 11:32:30+08:00
520710,港股通信息技术ETF广发,0.93,0.9276,-0.26,-0.029,-3.02,293872.0,27648795.0,0.959,0.962,0.926,0.959,3.75,30.29,1.06,75.12,114312.0,179560.0,-2390008.0,-8.64,-1006869.0,-3.64,-1383139.0,-5.0,1549945.0,5.61,840063.0,3.04,146.0,0.929,0.931,97029000.0,90236970,90236970,2026-08-18,2026-08-18 11:32:50+08:00
515720,金融科技ETF富国,0.691,0.6891,-0.28,-0.022,-3.09,112174.0,7796721.0,0.713,0.713,0.688,0.713,3.51,2.56,2.06,64.67,41680.0,70494.0,-3322837.0,-42.62,-1439072.0,-18.46,-1883765.0,-24.16,2022635.0,25.94,1300203.0,16.68,29.0,0.69,0.691,438611008.0,303080207,303080207,2026-08-18,2026-08-18 11:32:47+08:00
159131,港股通信息技术ETF华宝,0.99,0.9902,0.02,-0.032,-3.13,10089110.0,1012616229.712,1.014,1.021,0.985,1.022,3.52,42.36,1.14,-2.94,4456356.0,5632754.0,-98115296.0,-9.69,-49022480.0,-4.84,-49092816.0,-4.85,65621464.0,6.48,32493833.0,3.21,236.0,0.989,0.99,2381919904.0,2358100705,2358100705,2026-08-18,2026-08-18 11:32:57+08:00
513240,港股通信息技术ETF华安,1.045,1.0447,-0.03,-0.034,-3.15,553679.0,58558034.0,1.074,1.078,1.04,1.079,3.52,45.57,1.01,51.94,225860.0,327819.0,-3262598.0,-5.57,2585141.0,4.41,-5847739.0,-9.99,2141647.0,3.66,1120951.0,1.91,12.0,1.044,1.045,121496000.0,126963320,126963320,2026-08-18,2026-08-18 11:32:51+08:00
526030,港股通信息技术ETF汇添富,0.893,0.8918,-0.13,-0.029,-3.15,213692.0,19365296.0,0.922,0.926,0.89,0.922,3.9,13.49,1.19,-6.49,98415.0,115277.0,-2101086.0,-10.85,1915352.0,9.89,-4016438.0,-20.74,1549268.0,8.0,551816.0,2.85,-50.0,0.892,0.894,158465000.0,141509245,141509245,2026-08-18,2026-08-18 11:32:49+08:00
526050,港股通信息技术ETF招商,1.099,1.0978,-0.11,-0.036,-3.17,300467.0,33496676.0,1.136,1.136,1.095,1.135,3.61,57.09,1.09,37.27,130731.0,169736.0,-1771878.0,-5.29,833320.0,2.49,-2605198.0,-7.78,846447.0,2.53,925430.0,2.76,-30.0,1.098,1.099,52630000.0,57840370,57840370,2026-08-18,2026-08-18 11:32:39+08:00
159185,港股通信息技术ETF鹏华,1.125,1.1261,0.1,-0.038,-3.27,786157.0,89573387.369,1.159,1.162,1.121,1.163,3.53,38.33,0.95,44.59,329548.0,456609.0,-8068655.0,-9.01,731680.0,0.82,-8800335.0,-9.82,6058537.0,6.76,2010118.0,2.24,-1294.0,1.124,1.126,205099035.0,230736414,230736414,2026-08-18,2026-08-18 11:33:03+08:00
159729,互联网ETF汇添富,0.706,0.7063,0.04,-0.024,-3.29,11447.0,810905.5,0.721,0.721,0.704,0.73,2.33,1.76,4.21,40.53,5724.0,5723.0,-535444.0,-66.03,0.0,0.0,-535444.0,-66.03,228405.0,28.17,307039.0,37.86,141.0,0.704,0.71,64960633.0,45862207,45862207,2026-08-18,2026-08-18 11:32:48+08:00
159196,港股通信息技术ETF易方达,1.264,1.2628,-0.1,-0.043,-3.29,1286220.0,164911475.8,1.3,1.305,1.259,1.307,3.52,57.8,0.99,-34.6,604658.0,681562.0,-17565870.0,-10.65,2760793.0,1.67,-20326663.0,-12.33,11047285.0,6.7,6518586.0,3.95,467.0,1.263,1.265,222530324.0,281278330,281278330,2026-08-18,2026-08-18 11:33:21+08:00
526000,港股通信息技术ETF华夏,1.217,1.2147,-0.19,-0.042,-3.34,2847396.0,350450899.0,1.253,1.258,1.212,1.259,3.65,160.74,1.32,42.86,1376900.0,1470496.0,-9390989.0,-2.68,-1898219.0,-0.54,-7492770.0,-2.14,2376843.0,0.68,7014146.0,2.0,5.0,1.216,1.217,177142000.0,215581814,215581814,2026-08-18,2026-08-18 11:32:55+08:00
159198,港股通信息技术ETF富国,1.267,1.2686,0.13,-0.044,-3.36,694341.0,89213163.0,1.305,1.311,1.261,1.311,3.81,69.2,1.14,43.9,318294.0,376047.0,-6521217.0,-7.31,1071845.0,1.2,-7593062.0,-8.51,-95236.0,-0.11,6616454.0,7.42,245.0,1.266,1.267,100344347.0,127136288,127136288,2026-08-18,2026-08-18 11:32:54+08:00
560650,核心50ETF民生加银,,,,,,,,,,,1.068,,0.0,,0.0,,,,,,,,,,,,,,,,7919200.0,8457706,8457706,2026-08-18,2026-08-18 08:30:13+08:00
