代码,名称,最新价,IOPV实时估值,基金折价率,涨跌额,涨跌幅,成交量,成交额,开盘价,最高价,最低价,昨收,振幅,换手率,量比,委比,外盘,内盘,主力净流入-净额,主力净流入-净占比,超大单净流入-净额,超大单净流入-净占比,大单净流入-净额,大单净流入-净占比,中单净流入-净额,中单净流入-净占比,小单净流入-净额,小单净流入-净占比,现手,买一,卖一,最新份额,流通市值,总市值,数据日期,更新时间
520870,巴西ETF易方达,1.199,1.1775,-1.83,0.038,3.27,3799544.0,457645868.0,1.176,1.233,1.176,1.161,4.91,74.07,7.16,2.22,1983016.0,1816528.0,3764336.0,0.82,5280147.0,1.15,-1515811.0,-0.33,-3943320.0,-0.86,178983.0,0.04,3.0,1.198,1.199,512977200.0,615059663,615059663,2026-09-09,2026-09-09 14:21:00+08:00
560710,船舶ETF富国,0.989,0.9881,-0.09,0.027,2.81,1396918.0,136869396.0,0.958,0.992,0.955,0.962,3.85,8.17,2.36,-15.61,979531.0,417387.0,6663825.0,4.87,-858031.0,-0.63,7521856.0,5.5,-2043291.0,-1.49,-4620534.0,-3.38,1.0,0.988,0.989,1709580000.0,1690774620,1690774620,2026-09-09,2026-09-09 14:20:56+08:00
515220,煤炭ETF国泰,1.337,1.3366,-0.03,0.035,2.69,5047030.0,667431564.0,1.297,1.347,1.29,1.302,4.38,6.11,0.71,18.27,2526521.0,2520509.0,34516206.0,5.17,19189425.0,2.88,15326781.0,2.3,-14254273.0,-2.14,-20261926.0,-3.04,-289.0,1.337,1.338,8255676928.0,11037840053,11037840053,2026-09-09,2026-09-09 14:21:03+08:00
159100,巴西ETF华夏,1.188,1.1811,-0.58,0.029,2.5,1613404.0,192016019.628,1.177,1.202,1.177,1.159,2.16,34.58,3.88,22.53,850971.0,762433.0,4985820.0,2.6,7822257.0,4.07,-2836437.0,-1.48,-9736363.0,-5.07,4750542.0,2.47,2451.0,1.187,1.188,466546928.0,554257750,554257750,2026-09-09,2026-09-09 14:21:33+08:00
516530,物流ETF银华,1.044,1.0426,-0.13,0.021,2.05,16326.0,1696192.0,1.021,1.046,1.015,1.023,3.03,9.72,1.49,30.09,10971.0,5355.0,12584.0,0.74,36687.0,2.16,-24103.0,-1.42,-55066.0,-3.25,42483.0,2.5,5.0,1.043,1.044,16802300.0,17541601,17541601,2026-09-09,2026-09-09 14:20:34+08:00
560870,工业有色ETF中银,0.947,0.9471,0.01,0.018,1.94,135144.0,12638420.0,0.929,0.95,0.929,0.929,2.26,14.79,1.33,9.85,69376.0,65768.0,-58054.0,-0.46,0.0,0.0,-58054.0,-0.46,13277.0,0.11,44778.0,0.35,-1013.0,0.946,0.948,91351900.0,86510249,86510249,2026-09-09,2026-09-09 14:20:35+08:00
516910,物流ETF富国,1.212,1.2116,-0.03,0.023,1.93,137244.0,16554123.0,1.188,1.215,1.185,1.189,2.52,23.01,1.19,18.36,76100.0,61144.0,-527644.0,-3.19,259565.0,1.57,-787209.0,-4.76,579297.0,3.5,-51653.0,-0.31,-66.0,1.212,1.213,59641800.0,72285862,72285862,2026-09-09,2026-09-09 14:20:58+08:00
159336,央企红利ETF融通,1.254,1.2557,0.14,0.022,1.79,14958.0,1864238.7,1.232,1.255,1.227,1.232,2.27,0.49,0.54,-2.5,10150.0,4808.0,-188749.0,-10.12,0.0,0.0,-188749.0,-10.12,119490.0,6.41,69259.0,3.72,47.0,1.253,1.254,306905088.0,384858980,384858980,2026-09-09,2026-09-09 14:21:15+08:00
512670,国防ETF鹏华,0.805,0.8055,0.06,0.014,1.77,1407946.0,113042482.0,0.79,0.811,0.788,0.791,2.91,6.61,1.66,41.42,760979.0,646966.0,9087596.0,8.04,16495148.0,14.59,-7407552.0,-6.55,-4520807.0,-4.0,-4566788.0,-4.04,5.0,0.804,0.805,2130652608.0,1715175349,1715175349,2026-09-09,2026-09-09 14:21:06+08:00
159157,有色金属ETF天弘,0.861,0.8609,-0.01,0.015,1.77,1244166.0,106313735.014,0.846,0.863,0.846,0.846,2.01,1.55,1.39,-4.92,635392.0,608774.0,-1004605.0,-0.94,4148468.0,3.9,-5153073.0,-4.85,3270112.0,3.08,-2265508.0,-2.13,357.0,0.86,0.861,8019758848.0,6905012368,6905012368,2026-09-09,2026-09-09 14:21:24+08:00
159168,有色ETF富国,0.894,0.895,0.11,0.015,1.71,329014.0,29196791.3,0.879,0.897,0.879,0.879,2.05,6.24,1.2,36.6,195113.0,133901.0,3256181.0,11.15,2412024.0,8.26,844157.0,2.89,-1612951.0,-5.52,-1643231.0,-5.63,-43.0,0.894,0.895,527455056.0,471544820,471544820,2026-09-09,2026-09-09 14:21:24+08:00
530880,XD红利国企ETF银河,1.146,1.1456,-0.03,0.019,1.69,9170.0,1043267.0,1.126,1.15,1.124,1.127,2.31,2.39,0.48,-0.82,6373.0,2797.0,-186453.0,-17.87,0.0,0.0,-186453.0,-17.87,105778.0,10.14,80676.0,7.73,440.0,1.145,1.146,38336000.0,43933056,43933056,2026-09-09,2026-09-09 14:21:00+08:00
560860,工业有色ETF万家,1.646,1.6475,0.09,0.027,1.67,1921424.0,313797399.0,1.618,1.653,1.618,1.619,2.16,3.58,1.95,10.15,909011.0,1012413.0,-9844643.0,-3.14,20989486.0,6.69,-30834129.0,-9.83,15053889.0,4.8,-5209245.0,-1.66,455.0,1.645,1.646,5371233024.0,8841049558,8841049558,2026-09-09,2026-09-09 14:20:55+08:00
561380,电网设备ETF国泰,0.729,0.7297,0.1,0.012,1.67,800748.0,58334816.0,0.72,0.733,0.718,0.717,2.09,1.28,1.25,-31.77,521151.0,279598.0,10561015.0,18.1,10872511.0,18.64,-311496.0,-0.53,-5747960.0,-9.85,-4813054.0,-8.25,-2.0,0.729,0.73,6256034048.0,4560648821,4560648821,2026-09-09,2026-09-09 14:20:56+08:00
159162,工业有色ETF鹏华,0.856,0.8571,0.13,0.014,1.66,74625.0,6356220.7,0.844,0.858,0.841,0.842,2.02,1.77,1.24,34.94,41436.0,33189.0,1823289.0,28.69,951840.0,14.97,871449.0,13.71,-1068707.0,-16.81,-754583.0,-11.87,-120.0,0.855,0.857,420939840.0,360324503,360324503,2026-09-09,2026-09-09 14:21:24+08:00
560390,电网设备ETF易方达,0.863,0.8635,0.06,0.014,1.65,976280.0,84160378.0,0.85,0.867,0.85,0.849,2.0,4.78,1.54,-28.36,649666.0,326614.0,21690803.0,25.77,24560800.0,29.18,-2869997.0,-3.41,-12594936.0,-14.97,-9095867.0,-10.81,-50.0,0.863,0.864,2042258000.0,1762468654,1762468654,2026-09-09,2026-09-09 14:20:55+08:00
159320,电网设备ETF广发,0.616,0.6159,-0.02,0.01,1.65,706659.0,43474279.5,0.608,0.619,0.606,0.606,2.15,4.16,1.4,-22.39,354987.0,351672.0,6232338.0,14.34,2195348.0,5.05,4036990.0,9.29,-3750058.0,-8.63,-2482280.0,-5.71,-56.0,0.615,0.616,1697235520.0,1045497080,1045497080,2026-09-09,2026-09-09 14:21:18+08:00
512400,XD有色金属ETF南方,1.851,1.8505,-0.03,0.03,1.65,4122794.0,756483313.0,1.829,1.856,1.82,1.821,1.98,2.87,0.99,33.07,2253698.0,1869096.0,10664169.0,1.41,53212121.0,7.03,-42547952.0,-5.62,-28558110.0,-3.78,17894127.0,2.37,1435.0,1.85,1.851,14367538944.0,26594314585,26594314585,2026-09-09,2026-09-09 14:21:07+08:00
159881,有色金属ETF国泰,0.936,0.9358,-0.02,0.015,1.63,115204.0,10687022.5,0.922,0.938,0.92,0.921,1.95,6.02,1.07,15.91,52952.0,62252.0,1393917.0,13.04,202480.0,1.89,1191437.0,11.15,-786898.0,-7.36,-607020.0,-5.68,3.0,0.935,0.936,191499166.0,179243219,179243219,2026-09-09,2026-09-09 14:21:09+08:00
159876,有色ETF华宝,0.998,0.9986,0.06,0.016,1.63,767375.0,75985864.6,0.98,1.0,0.98,0.982,2.04,4.84,0.99,34.11,390688.0,376687.0,6692726.0,8.81,6630399.0,8.73,62327.0,0.08,-3377631.0,-4.45,-3315094.0,-4.36,-103.0,0.998,0.999,1585177024.0,1582006670,1582006670,2026-09-09,2026-09-09 14:21:09+08:00
159171,工业有色ETF博时,0.823,0.8233,0.04,0.013,1.6,80851.0,6602968.442,0.81,0.825,0.809,0.81,1.98,3.73,3.12,26.29,50092.0,30759.0,1038065.0,15.72,1493830.0,22.62,-455765.0,-6.9,-645418.0,-9.77,-392647.0,-5.95,-110.0,0.822,0.823,216532934.0,178206605,178206605,2026-09-09,2026-09-09 14:21:24+08:00
515040,工业有色ETF华夏,1.082,1.0833,0.12,0.017,1.6,42710.0,4587385.0,1.066,1.084,1.064,1.065,1.88,8.01,1.3,-2.46,24018.0,18692.0,890404.0,19.41,817094.0,17.81,73310.0,1.6,-522427.0,-11.39,-367979.0,-8.02,2.0,1.081,1.082,53319600.0,57691807,57691807,2026-09-09,2026-09-09 14:21:03+08:00
159652,有色ETF汇添富,1.668,1.6694,0.08,0.026,1.58,800418.0,132409422.7,1.64,1.673,1.64,1.642,2.01,4.63,1.03,46.63,377328.0,423090.0,12072365.0,9.12,6394527.0,4.83,5677838.0,4.29,-6837147.0,-5.16,-5235217.0,-3.95,-60.0,1.668,1.669,1727320288.0,2881170240,2881170240,2026-09-09,2026-09-09 14:21:12+08:00
560970,工业有色ETF平安,0.965,0.9662,0.12,0.015,1.58,49081.0,4697166.0,0.95,0.967,0.949,0.95,1.89,7.2,2.41,2.48,27052.0,22029.0,206807.0,4.4,372863.0,7.94,-166056.0,-3.54,-102586.0,-2.18,-104223.0,-2.22,-12.0,0.965,0.966,68138000.0,65753170,65753170,2026-09-09,2026-09-09 14:20:55+08:00
560290,有色ETF景顺,0.839,0.839,0.0,0.013,1.57,88201.0,7356296.0,0.826,0.841,0.825,0.826,1.94,2.37,1.16,11.01,44525.0,43676.0,1089929.0,14.82,595563.0,8.1,494366.0,6.72,-642130.0,-8.73,-447799.0,-6.09,28.0,0.838,0.839,372694000.0,312690266,312690266,2026-09-09,2026-09-09 14:20:57+08:00
560490,工业有色ETF华泰柏瑞,0.98,0.9812,0.12,0.015,1.55,115055.0,11209702.0,0.974,0.983,0.963,0.965,2.07,10.81,1.39,7.59,52975.0,62080.0,1115368.0,9.95,1530915.0,13.66,-415547.0,-3.71,-780598.0,-6.96,-334771.0,-2.99,-100.0,0.98,0.981,106482000.0,104352360,104352360,2026-09-09,2026-09-09 14:20:54+08:00
159880,有色ETF鹏华,0.984,0.9842,0.02,0.015,1.55,185713.0,18166617.9,0.966,0.987,0.966,0.969,2.17,1.41,0.64,10.23,99107.0,86606.0,1535245.0,8.45,810898.0,4.46,724347.0,3.99,-392970.0,-2.16,-1142275.0,-6.29,13.0,0.984,0.985,1318103040.0,1297013391,1297013391,2026-09-09,2026-09-09 14:21:09+08:00
512660,军工ETF国泰,1.18,1.1786,-0.12,0.018,1.55,4257450.0,501194480.0,1.161,1.189,1.159,1.162,2.58,6.55,1.71,17.01,2140328.0,2117122.0,2063100.0,0.41,18605696.0,3.71,-16542596.0,-3.3,18931390.0,3.78,-20995907.0,-4.19,159.0,1.179,1.18,6500080128.0,7670094551,7670094551,2026-09-09,2026-09-09 14:21:06+08:00
512940,有色ETF华安,0.854,0.8541,0.01,0.013,1.55,557466.0,47209898.0,0.841,0.857,0.84,0.841,2.02,2.6,1.31,18.88,303309.0,254157.0,1181384.0,2.5,1776582.0,3.76,-595198.0,-1.26,-549769.0,-1.16,-631615.0,-1.34,10.0,0.853,0.855,2145705008.0,1832432077,1832432077,2026-09-09,2026-09-09 14:21:07+08:00
159667,工业母机ETF国泰,0.659,0.6587,-0.05,0.01,1.54,2479917.0,164024859.025,0.657,0.667,0.653,0.649,2.16,7.11,1.36,12.7,1493525.0,986392.0,14809908.0,9.03,20028019.0,12.21,-5218111.0,-3.18,-10308326.0,-6.28,-4501581.0,-2.74,80.0,0.658,0.659,3489050720.0,2299284424,2299284424,2026-09-09,2026-09-09 14:21:12+08:00
560470,有色ETF易方达,0.921,0.9218,0.09,0.014,1.54,66559.0,6081112.0,0.905,0.924,0.905,0.907,2.09,2.2,0.91,11.63,38450.0,28109.0,1289967.0,21.21,1984563.0,32.63,-694596.0,-11.42,-656815.0,-10.8,-633152.0,-10.41,-145.0,0.921,0.922,302340000.0,278455140,278455140,2026-09-09,2026-09-09 14:20:56+08:00
159309,油气ETF汇添富,1.488,1.4859,-0.14,0.022,1.5,1061037.0,157423763.6,1.471,1.503,1.459,1.466,3.0,18.41,3.6,2.37,679172.0,381865.0,-17107101.0,-10.87,-32698009.0,-20.77,15590908.0,9.9,14923636.0,9.48,2183465.0,1.39,-1814.0,1.487,1.488,576371744.0,857641155,857641155,2026-09-09,2026-09-09 14:21:15+08:00
510720,红利国企ETF国泰,1.091,1.0917,0.06,0.016,1.49,935099.0,101559680.0,1.075,1.096,1.071,1.075,2.33,5.6,1.13,-21.76,640505.0,294594.0,12202683.0,12.02,62043.0,0.06,12140640.0,11.95,-4378484.0,-4.31,-7824199.0,-7.7,-21.0,1.091,1.092,1669766000.0,1821714706,1821714706,2026-09-09,2026-09-09 14:21:10+08:00
512810,军工ETF华宝,0.685,0.6849,-0.01,0.01,1.48,604799.0,41320145.0,0.673,0.69,0.673,0.675,2.52,6.25,1.34,-0.74,390898.0,213901.0,5654174.0,13.68,6154435.0,14.89,-500261.0,-1.21,-2724916.0,-6.59,-2929259.0,-7.09,20.0,0.684,0.685,967583504.0,662794700,662794700,2026-09-09,2026-09-09 14:21:05+08:00
159267,航天ETF华安,0.899,0.8992,0.02,0.013,1.47,1309790.0,117601147.7,0.883,0.91,0.882,0.886,3.16,5.19,1.29,36.2,672327.0,637463.0,13359321.0,11.36,7461486.0,6.34,5897835.0,5.02,-7205829.0,-6.13,-6153492.0,-5.23,10.0,0.898,0.899,2523506128.0,2268632009,2268632009,2026-09-09,2026-09-09 14:21:18+08:00
159315,黄金股ETF工银,1.808,1.8084,0.02,0.026,1.46,138490.0,24756336.5,1.774,1.814,1.763,1.782,2.86,7.5,1.15,1.73,77755.0,60735.0,1272666.0,5.14,-1112819.0,-4.5,2385485.0,9.64,-551153.0,-2.23,-721513.0,-2.91,-3.0,1.808,1.809,184589621.0,333738035,333738035,2026-09-09,2026-09-09 14:21:18+08:00
517400,黄金股ETF国泰,1.742,1.7424,0.02,0.025,1.46,642523.0,110330428.0,1.695,1.746,1.695,1.717,2.97,6.41,0.96,-13.78,371355.0,271168.0,9841654.0,8.92,-3723418.0,-3.38,13565072.0,12.3,-3986743.0,-3.61,-5854912.0,-5.31,50.0,1.742,1.743,1002792000.0,1746863664,1746863664,2026-09-09,2026-09-09 14:21:03+08:00
560700,央企红利ETF广发,1.248,1.2474,-0.05,0.018,1.46,69641.0,8640546.0,1.23,1.249,1.22,1.23,2.36,1.54,1.2,26.99,34526.0,35115.0,601309.0,6.96,10428.0,0.12,590881.0,6.84,-379658.0,-4.39,-221649.0,-2.57,80.0,1.247,1.248,451036896.0,562894046,562894046,2026-09-09,2026-09-09 14:20:55+08:00
159227,航空航天ETF华夏,1.06,1.06,0.0,0.015,1.44,2385053.0,252678423.955,1.041,1.073,1.04,1.045,3.16,5.34,1.46,33.52,1192594.0,1192459.0,44945497.0,17.79,69165960.0,27.37,-24220463.0,-9.59,-22037354.0,-8.72,-22908144.0,-9.07,5.0,1.059,1.06,4462911232.0,4730685906,4730685906,2026-09-09,2026-09-09 14:21:24+08:00
159032,工业有色ETF易方达,0.914,0.9143,0.03,0.013,1.44,192260.0,17452615.02,0.901,0.917,0.9,0.901,1.89,7.43,1.69,32.92,122650.0,69610.0,2697597.0,15.46,1185112.0,6.79,1512485.0,8.67,-2170684.0,-12.44,-526913.0,-3.02,-29.0,0.914,0.915,258845019.0,236584347,236584347,2026-09-09,2026-09-09 14:21:33+08:00
159163,有色ETF泰康,0.779,0.7791,0.01,0.011,1.43,63932.0,4944028.7,0.768,0.781,0.765,0.768,2.08,2.4,1.34,56.68,38384.0,25548.0,340011.0,6.88,924280.0,18.69,-584269.0,-11.82,-201017.0,-4.07,-138993.0,-2.81,26.0,0.778,0.779,266807013.0,207842663,207842663,2026-09-09,2026-09-09 14:21:24+08:00
159690,有色矿业ETF招商,1.997,1.9982,0.06,0.028,1.42,111473.0,22075894.1,1.968,2.002,1.965,1.969,1.88,4.14,1.11,70.65,58128.0,53345.0,294371.0,1.33,1239625.0,5.62,-945254.0,-4.28,1411191.0,6.39,-1705561.0,-7.73,3.0,1.996,1.997,269163984.0,537520476,537520476,2026-09-09,2026-09-09 14:21:09+08:00
510410,资源ETF博时,2.003,2.0041,0.05,0.028,1.42,80502.0,16026944.0,1.975,2.008,1.974,1.975,1.72,1.82,0.94,17.09,45135.0,35367.0,677252.0,4.23,-118822.0,-0.74,796074.0,4.97,-347358.0,-2.17,-329894.0,-2.06,3.0,2.002,2.005,441258400.0,883840575,883840575,2026-09-09,2026-09-09 14:21:10+08:00
512710,军工龙头ETF富国,0.654,0.6549,0.14,0.009,1.4,5283060.0,345166717.0,0.643,0.661,0.641,0.645,3.1,4.7,1.1,37.59,3017613.0,2265447.0,35211798.0,10.2,41235231.0,11.95,-6023433.0,-1.75,-20986551.0,-6.08,-14225248.0,-4.12,-80.0,0.654,0.655,11229658368.0,7344196573,7344196573,2026-09-09,2026-09-09 14:21:07+08:00
159321,黄金股ETF华安,1.691,1.691,0.0,0.023,1.38,268611.0,44903631.7,1.65,1.694,1.65,1.668,2.64,6.73,0.83,-24.94,150668.0,117943.0,2688693.0,5.99,-2212526.0,-4.93,4901219.0,10.91,-792378.0,-1.76,-1896315.0,-4.22,-10.0,1.691,1.692,399400400.0,675386076,675386076,2026-09-09,2026-09-09 14:21:18+08:00
159208,航空航天ETF万家,1.108,1.1086,0.05,0.015,1.37,126060.0,13977625.8,1.088,1.122,1.087,1.093,3.2,3.89,1.16,68.35,71734.0,54326.0,2779103.0,19.88,1696388.0,12.14,1082715.0,7.75,-1419657.0,-10.16,-1359446.0,-9.73,-150.0,1.107,1.109,324462784.0,359504765,359504765,2026-09-09,2026-09-09 14:21:24+08:00
563150,油气ETF银华,1.417,1.4165,-0.04,0.019,1.36,24640.0,3481901.0,1.398,1.426,1.392,1.398,2.43,7.16,1.1,12.94,14593.0,10047.0,60178.0,1.73,0.0,0.0,60178.0,1.73,-30627.0,-0.88,-29552.0,-0.85,31.0,1.416,1.417,34399000.0,48743383,48743383,2026-09-09,2026-09-09 14:20:53+08:00
510880,红利ETF华泰柏瑞,3.493,3.4927,-0.01,0.047,1.36,1021203.0,354825743.0,3.446,3.501,3.43,3.446,2.06,1.83,0.76,-2.72,535068.0,486135.0,37402174.0,10.54,6810967.0,1.92,30591207.0,8.62,-5809941.0,-1.64,-31592234.0,-8.9,11.0,3.492,3.493,5572175616.0,19463609427,19463609427,2026-09-09,2026-09-09 14:21:10+08:00
561330,矿业ETF国泰,0.978,0.9782,0.02,0.013,1.35,455027.0,44135633.0,0.961,0.981,0.961,0.965,2.07,2.49,1.02,-6.07,214017.0,241010.0,3676095.0,8.33,3749306.0,8.49,-73211.0,-0.17,-1808090.0,-4.1,-1868004.0,-4.23,737.0,0.978,0.979,1828392096.0,1788167470,1788167470,2026-09-09,2026-09-09 14:20:52+08:00
159871,有色ETF银华,0.978,0.9792,0.12,0.013,1.35,304593.0,29594942.7,0.97,0.982,0.964,0.965,1.87,2.69,1.12,28.86,150920.0,153673.0,4550379.0,15.38,964616.0,3.26,3585763.0,12.12,-2975630.0,-10.05,-1574750.0,-5.32,-2.0,0.978,0.979,1131732512.0,1106834397,1106834397,2026-09-09,2026-09-09 14:21:09+08:00
159326,电网设备ETF华夏,1.667,1.6679,0.05,0.022,1.34,2652989.0,441940827.844,1.647,1.675,1.647,1.645,1.7,2.3,1.38,34.03,1662360.0,990629.0,54973430.0,12.44,-16069668.0,-3.64,71043098.0,16.08,-20513532.0,-4.64,-34459898.0,-7.8,-1.0,1.667,1.668,11534265600.0,19227620755,19227620755,2026-09-09,2026-09-09 14:21:18+08:00
561760,油气ETF博时,1.434,1.4322,-0.13,0.019,1.34,63508.0,9054170.0,1.415,1.444,1.407,1.415,2.61,4.07,1.63,2.63,31596.0,31912.0,-110725.0,-1.22,0.0,0.0,-110725.0,-1.22,-122511.0,-1.35,233236.0,2.58,-130.0,1.433,1.434,156195000.0,223983630,223983630,2026-09-09,2026-09-09 14:20:48+08:00
515110,一带一路ETF易方达,1.68,1.6794,-0.04,0.022,1.33,60652.0,10148336.0,1.656,1.681,1.656,1.658,1.51,2.82,1.14,1.66,31645.0,29007.0,193222.0,1.9,0.0,0.0,193222.0,1.9,-55671.0,-0.55,-137551.0,-1.36,6.0,1.678,1.68,215295000.0,361695600,361695600,2026-09-09,2026-09-09 14:21:00+08:00
517520,黄金股ETF永赢,2.208,2.2095,0.07,0.029,1.33,2506613.0,545850651.0,2.155,2.214,2.151,2.179,2.89,3.93,0.86,-11.97,1290120.0,1216493.0,56104171.0,10.28,29439247.0,5.39,26664924.0,4.89,-29550166.0,-5.41,-26554005.0,-4.86,-338.0,2.208,2.209,6380903936.0,14089035891,14089035891,2026-09-09,2026-09-09 14:21:02+08:00
560070,央企红利ETF汇添富,1.216,1.2177,0.14,0.016,1.33,11744.0,1422618.0,1.2,1.218,1.194,1.2,2.0,1.43,1.17,3.04,5301.0,6443.0,601246.0,42.26,240168.0,16.88,361078.0,25.38,-388293.0,-27.29,-212954.0,-14.97,-2000.0,1.216,1.217,82362300.0,100152557,100152557,2026-09-09,2026-09-09 14:20:52+08:00
158009,航空航天ETF南方,1.072,1.0726,0.06,0.014,1.32,63994.0,6861212.938,1.057,1.087,1.057,1.058,2.84,19.17,0.95,6.71,38162.0,25831.0,428024.0,6.24,0.0,0.0,428024.0,6.24,-197253.0,-2.87,-230771.0,-3.36,-190.0,1.072,1.073,33373819.0,35776734,35776734,2026-09-09,2026-09-09 14:21:30+08:00
561360,石油ETF国泰,1.538,1.5372,-0.05,0.02,1.32,766111.0,117736675.0,1.522,1.548,1.513,1.518,2.31,5.67,1.49,38.31,441135.0,324976.0,12429241.0,10.56,3702145.0,3.14,8727096.0,7.41,-9219380.0,-7.83,-3209861.0,-2.73,100.0,1.537,1.538,1350148000.0,2076527624,2076527624,2026-09-09,2026-09-09 14:20:56+08:00
159562,黄金股ETF华夏,2.4,2.4015,0.06,0.031,1.31,866575.0,205387178.783,2.35,2.406,2.342,2.369,2.7,3.34,1.09,4.1,460912.0,405664.0,18153859.0,8.84,6218467.0,3.03,11935392.0,5.81,-12048707.0,-5.87,-6105152.0,-2.97,-2.0,2.4,2.401,2598130512.0,6235513229,6235513229,2026-09-09,2026-09-09 14:21:18+08:00
159029,有色ETF广发,0.934,0.9352,0.13,0.012,1.3,105244.0,9769700.825,0.925,0.938,0.92,0.922,1.95,3.47,1.01,14.91,58079.0,47165.0,3006055.0,30.77,3287217.0,33.65,-281162.0,-2.88,-1570929.0,-16.08,-1435127.0,-14.69,-1.0,0.934,0.935,303127712.0,283121283,283121283,2026-09-09,2026-09-09 14:21:33+08:00
159241,航空航天ETF天弘,1.089,1.0902,0.11,0.014,1.3,1065867.0,116109177.6,1.073,1.103,1.072,1.075,2.88,8.28,1.27,56.93,540247.0,525620.0,10208079.0,8.79,14465173.0,12.46,-4257094.0,-3.67,-5632215.0,-4.85,-4575863.0,-3.94,-55.0,1.089,1.09,1287074272.0,1401623882,1401623882,2026-09-09,2026-09-09 14:21:12+08:00
158013,航空航天ETF易方达,1.019,1.0244,0.53,0.013,1.29,298215.0,30348052.294,1.006,1.032,1.006,1.006,2.58,19.07,0.56,-21.93,181609.0,116606.0,4576797.0,15.08,2084352.0,6.87,2492445.0,8.21,-3659709.0,-12.06,-917088.0,-3.02,-1500.0,1.019,1.02,156345203.0,159315762,159315762,2026-09-09,2026-09-09 14:21:33+08:00
159332,央企红利ETF富国,1.26,1.2608,0.06,0.016,1.29,25188.0,3161356.3,1.241,1.262,1.24,1.244,1.77,2.95,1.93,5.61,17103.0,8085.0,652796.0,20.65,990385.0,31.33,-337589.0,-10.68,-753066.0,-23.82,100269.0,3.17,20.0,1.258,1.26,85521477.0,107757061,107757061,2026-09-09,2026-09-09 14:21:15+08:00
561320,交运ETF国泰,0.953,0.954,0.1,0.012,1.28,17157.0,1630818.0,0.936,0.955,0.933,0.941,2.34,4.99,2.27,27.23,8776.0,8381.0,401003.0,24.59,336318.0,20.62,64685.0,3.97,-287473.0,-17.63,-113532.0,-6.96,-945.0,0.953,0.954,34369000.0,32753657,32753657,2026-09-09,2026-09-09 14:20:52+08:00
561790,央企能源ETF博时,1.278,1.2779,-0.01,0.016,1.27,19355.0,2462370.0,1.266,1.279,1.266,1.262,1.03,3.49,0.91,-1.59,7762.0,11593.0,293196.0,11.91,0.0,0.0,293196.0,11.91,-218995.0,-8.89,-74201.0,-3.01,-62.0,1.277,1.278,55434000.0,70844652,70844652,2026-09-09,2026-09-09 14:20:56+08:00
159930,能源ETF汇添富,1.768,1.7689,0.05,0.022,1.26,482494.0,84713533.5,1.74,1.78,1.731,1.746,2.81,9.47,0.98,13.98,211958.0,270536.0,6460795.0,7.63,2927701.0,3.46,3533094.0,4.17,-4738361.0,-5.59,-1722433.0,-2.03,1.0,1.767,1.768,509398144.0,900615919,900615919,2026-09-09,2026-09-09 14:21:09+08:00
562850,央企能源ETF嘉实,1.284,1.2835,-0.04,0.016,1.26,46857.0,5990861.0,1.268,1.284,1.265,1.268,1.5,2.65,0.89,3.28,33549.0,13308.0,188813.0,3.15,0.0,0.0,188813.0,3.15,-43332.0,-0.72,-145481.0,-2.43,20.0,1.282,1.284,176981500.0,227244246,227244246,2026-09-09,2026-09-09 14:20:55+08:00
516650,有色金属ETF华夏,1.884,1.8862,0.12,0.023,1.24,650344.0,121598280.0,1.862,1.891,1.854,1.861,1.99,1.24,0.83,79.88,337196.0,313148.0,7965967.0,6.55,3872351.0,3.18,4093616.0,3.37,-2250649.0,-1.85,-5715316.0,-4.7,-151.0,1.884,1.885,5258464768.0,9906947623,9906947623,2026-09-09,2026-09-09 14:21:02+08:00
512560,军工ETF易方达,0.743,0.7427,-0.04,0.009,1.23,830241.0,61557425.0,0.733,0.749,0.73,0.734,2.59,8.95,1.03,17.84,525352.0,304889.0,1264415.0,2.05,1034989.0,1.68,229426.0,0.37,-302136.0,-0.49,-962279.0,-1.56,159.0,0.742,0.743,928127008.0,689598367,689598367,2026-09-09,2026-09-09 14:21:06+08:00
561960,央企回报ETF招商,1.32,1.3209,0.07,0.016,1.23,7527.0,987197.0,1.3,1.322,1.3,1.304,1.69,1.32,0.81,10.17,3387.0,4140.0,304363.0,30.83,505640.0,51.22,-201277.0,-20.39,-211716.0,-21.45,-92646.0,-9.38,205.0,1.319,1.321,56985200.0,75220464,75220464,2026-09-09,2026-09-09 14:20:55+08:00
159663,机床ETF华夏,0.987,0.9887,0.17,0.012,1.23,1184931.0,117598922.7,0.984,1.001,0.977,0.975,2.46,26.16,1.92,23.09,705642.0,479289.0,16764140.0,14.26,6407648.0,5.45,10356492.0,8.81,-9983551.0,-8.49,-6780590.0,-5.77,-105.0,0.987,0.988,453035168.0,447145711,447145711,2026-09-09,2026-09-09 14:21:12+08:00
159049,有色ETF工银,1.031,1.0335,0.24,0.012,1.18,66523.0,6822510.316,1.019,1.035,1.016,1.019,1.86,18.44,1.17,5.8,40108.0,26415.0,-366511.0,-5.37,384931.0,5.64,-751442.0,-11.01,490321.0,7.19,-123809.0,-1.81,-40.0,1.031,1.033,36073319.0,37191592,37191592,2026-09-09,2026-09-09 14:21:33+08:00
515990,一带一路ETF汇添富,1.556,1.5576,0.1,0.018,1.17,5959.0,924529.0,1.54,1.558,1.54,1.538,1.17,1.12,0.44,-0.39,1770.0,4189.0,139764.0,15.12,-266785.0,-28.86,406549.0,43.97,-125510.0,-13.58,-14254.0,-1.54,-10.0,1.556,1.557,53350200.0,83012911,83012911,2026-09-09,2026-09-09 14:20:52+08:00
512680,军工ETF广发,1.206,1.2066,0.05,0.014,1.17,723315.0,86993030.0,1.192,1.216,1.188,1.192,2.35,2.36,1.32,23.59,454508.0,268807.0,6438244.0,7.4,8050965.0,9.25,-1612721.0,-1.85,-2397719.0,-2.76,-4040524.0,-4.64,-143.0,1.206,1.207,3064930096.0,3696305696,3696305696,2026-09-09,2026-09-09 14:21:06+08:00
515150,一带一路ETF富国,1.59,1.5924,0.15,0.018,1.15,18313.0,2897078.0,1.571,1.593,1.571,1.572,1.4,0.46,1.12,-0.56,11169.0,7144.0,259637.0,8.96,1173.0,0.04,258464.0,8.92,254888.0,8.8,-514525.0,-17.76,-18.0,1.59,1.593,398703200.0,633938088,633938088,2026-09-09,2026-09-09 14:20:58+08:00
560020,红利ETF汇添富,1.149,1.1494,0.03,0.013,1.14,35356.0,4032902.0,1.13,1.15,1.129,1.136,1.85,2.69,1.04,-1.65,25654.0,9702.0,806395.0,20.0,1414369.0,35.07,-607974.0,-15.08,-838106.0,-20.78,31711.0,0.79,143.0,1.148,1.149,131562000.0,151164738,151164738,2026-09-09,2026-09-09 14:21:02+08:00
510170,大宗商品ETF国联安,1.432,1.4313,-0.05,0.016,1.13,87993.0,12490682.0,1.412,1.433,1.409,1.416,1.69,2.68,0.96,32.21,39292.0,48701.0,552843.0,4.43,685998.0,5.49,-133155.0,-1.07,54928.0,0.44,-607771.0,-4.87,1.0,1.431,1.432,328914800.0,471005994,471005994,2026-09-09,2026-09-09 14:21:09+08:00
159945,能源ETF广发,1.426,1.4258,-0.01,0.016,1.13,31659.0,4502180.5,1.41,1.434,1.397,1.41,2.62,5.5,0.69,-2.9,19047.0,12612.0,-147665.0,-3.28,0.0,0.0,-147665.0,-3.28,95633.0,2.12,52033.0,1.16,4.0,1.425,1.426,57572327.0,82098138,82098138,2026-09-09,2026-09-09 14:21:03+08:00
561260,能源ETF工银,1.266,1.2679,0.15,0.014,1.12,41687.0,5262834.0,1.255,1.288,1.217,1.252,5.67,18.05,1.47,13.33,23884.0,17803.0,62326.0,1.18,1703.0,0.03,60623.0,1.15,111009.0,2.11,-173336.0,-3.29,-2.0,1.266,1.268,23095200.0,29238523,29238523,2026-09-09,2026-09-09 14:20:48+08:00
561570,油气ETF华泰柏瑞,1.449,1.4495,0.03,0.016,1.12,179646.0,26016802.0,1.433,1.458,1.427,1.433,2.16,24.23,1.25,2.22,98846.0,80800.0,-371662.0,-1.43,2535917.0,9.75,-2907579.0,-11.18,750158.0,2.88,-378497.0,-1.45,-7.0,1.449,1.45,74147000.0,107439003,107439003,2026-09-09,2026-09-09 14:20:55+08:00
563380,航空航天ETF华泰柏瑞,0.993,0.993,0.0,0.011,1.12,516283.0,51240697.0,0.979,1.003,0.975,0.982,2.85,6.24,1.28,9.83,314174.0,202109.0,1644993.0,3.21,4059275.0,7.92,-2414282.0,-4.71,-2016514.0,-3.94,371521.0,0.73,3.0,0.992,0.993,826950000.0,821161350,821161350,2026-09-09,2026-09-09 14:20:56+08:00
561580,央企红利ETF华泰柏瑞,1.287,1.2877,0.05,0.014,1.1,657054.0,84200370.0,1.271,1.289,1.268,1.273,1.65,3.43,1.22,13.0,374485.0,282568.0,10912426.0,12.96,7711647.0,9.16,3200779.0,3.8,-4642024.0,-5.51,-6270402.0,-7.45,1.0,1.286,1.287,1913870704.0,2463151596,2463151596,2026-09-09,2026-09-09 14:20:55+08:00
159158,电力ETF景顺,1.009,1.0104,0.14,0.011,1.1,357559.0,36039238.281,1.0,1.01,0.995,0.998,1.5,4.1,1.89,23.1,151026.0,206533.0,4446790.0,12.34,4487623.0,12.45,-40833.0,-0.11,-3234157.0,-8.97,-1212634.0,-3.36,-1.0,1.009,1.01,873035344.0,880892662,880892662,2026-09-09,2026-09-09 14:21:24+08:00
159322,黄金股ETF平安,1.772,1.768,-0.23,0.019,1.08,138354.0,24342693.6,1.73,1.778,1.73,1.753,2.74,11.99,2.13,35.23,76639.0,61715.0,-609813.0,-2.51,-6423205.0,-26.39,5813392.0,23.88,711075.0,2.92,-101261.0,-0.42,-30.0,1.772,1.775,115411691.0,204509516,204509516,2026-09-09,2026-09-09 14:21:15+08:00
159944,材料ETF广发,1.52,1.5227,0.18,0.016,1.06,5329.0,804052.1,1.497,1.523,1.497,1.504,1.73,1.69,0.16,8.0,3556.0,1773.0,40070.0,4.98,0.0,0.0,40070.0,4.98,15392.0,1.91,-55462.0,-6.9,-1.0,1.52,1.522,31608342.0,48044680,48044680,2026-09-09,2026-09-09 14:21:09+08:00
159026,石油ETF南方,0.959,0.9589,-0.01,0.01,1.05,79299.0,7602325.988,0.949,0.966,0.949,0.949,1.79,17.81,1.23,26.29,41868.0,37431.0,233759.0,3.07,955000.0,12.56,-721241.0,-9.49,-84192.0,-1.11,-149568.0,-1.97,-10.0,0.958,0.96,44513446.0,42688395,42688395,2026-09-09,2026-09-09 14:21:33+08:00
516250,工程机械ETF富国,0.96,0.9597,-0.03,0.01,1.05,44780.0,4276014.0,0.95,0.96,0.95,0.95,1.05,7.24,1.11,-4.8,16216.0,28564.0,1243.0,0.03,784460.0,18.35,-783217.0,-18.32,18105.0,0.42,-19349.0,-0.45,271.0,0.959,0.96,61878000.0,59402880,59402880,2026-09-09,2026-09-09 14:21:01+08:00
526060,港股通信息技术ETF华泰柏瑞,0.98,0.9821,0.21,0.01,1.03,284766.0,27950716.0,0.972,0.991,0.972,0.97,1.96,26.9,0.38,-19.1,154208.0,130558.0,156849.0,0.56,-1664023.0,-5.95,1820872.0,6.51,-548261.0,-1.96,391412.0,1.4,10.0,0.979,0.98,105877000.0,103759460,103759460,2026-09-09,2026-09-09 14:20:55+08:00
515180,红利ETF易方达,1.469,1.4688,-0.01,0.015,1.03,1686736.0,246735455.0,1.454,1.471,1.447,1.454,1.65,1.33,0.71,-5.81,998901.0,687835.0,40919024.0,16.58,21873300.0,8.87,19045724.0,7.72,-23489258.0,-9.52,-17415086.0,-7.06,14.0,1.468,1.469,12676636928.0,18621979647,18621979647,2026-09-09,2026-09-09 14:21:03+08:00
561830,有色ETF国泰海通,0.985,0.9905,0.56,0.01,1.03,161084.0,15894369.0,0.977,0.993,0.973,0.975,2.05,7.91,1.22,-23.4,124619.0,36465.0,1407701.0,8.86,641656.0,4.04,766045.0,4.82,-1276403.0,-8.03,-131299.0,-0.83,-7.0,0.986,0.99,203571100.0,200517534,200517534,2026-09-09,2026-09-09 14:20:54+08:00
510770,G60创新ETF申万菱信,0.883,0.8817,-0.15,0.009,1.03,39600.0,3499854.0,0.875,0.893,0.871,0.874,2.52,18.32,2.04,-85.56,24218.0,15382.0,86090.0,2.46,0.0,0.0,86090.0,2.46,-57993.0,-1.66,-28098.0,-0.8,1.0,0.881,0.882,21610700.0,19082248,19082248,2026-09-09,2026-09-09 14:21:10+08:00
159662,交运ETF南方,0.995,0.9958,0.08,0.01,1.02,58643.0,5807273.9,0.982,0.997,0.981,0.985,1.62,7.51,0.89,-3.69,28483.0,30160.0,334940.0,5.77,0.0,0.0,334940.0,5.77,-192193.0,-3.31,-142746.0,-2.46,-61.0,0.995,0.996,78113946.0,77723376,77723376,2026-09-09,2026-09-09 14:21:12+08:00
560920,工程机械ETF招商,0.987,0.9868,-0.02,0.01,1.02,21723.0,2135816.0,0.981,0.987,0.981,0.977,0.61,4.9,0.89,6.81,12119.0,9604.0,104502.0,4.89,207193.0,9.7,-102691.0,-4.81,-68870.0,-3.22,-35632.0,-1.67,1631.0,0.986,0.987,44373300.0,43796447,43796447,2026-09-09,2026-09-09 14:20:57+08:00
512130,全指现金流ETF鹏华,1.184,1.1852,0.1,0.012,1.02,6520.0,767559.0,1.164,1.184,1.164,1.172,1.71,4.38,0.87,5.51,4481.0,2039.0,113664.0,14.81,0.0,0.0,113664.0,14.81,-90446.0,-11.78,-23218.0,-3.02,-2.0,1.183,1.184,14895000.0,17635680,17635680,2026-09-09,2026-09-09 14:21:07+08:00
563060,央企50ETF易方达,1.103,1.1018,-0.11,0.011,1.01,22069.0,2426984.0,1.091,1.103,1.091,1.092,1.1,1.22,1.0,-5.85,11494.0,10575.0,-78710.0,-3.24,256269.0,10.56,-334979.0,-13.8,68512.0,2.82,10197.0,0.42,2230.0,1.101,1.103,180527000.0,199121281,199121281,2026-09-09,2026-09-09 14:20:51+08:00
158005,工程机械ETF博时,0.999,0.9991,0.01,0.01,1.01,107916.0,10759595.295,0.991,1.0,0.991,0.989,0.91,7.54,1.53,-72.15,72065.0,35851.0,4196167.0,39.0,7778873.0,72.3,-3582706.0,-33.3,-3747336.0,-34.83,-448832.0,-4.17,1310.0,0.998,0.999,143061376.0,142918315,142918315,2026-09-09,2026-09-09 14:21:30+08:00
515080,中证红利ETF招商,1.621,1.6207,-0.02,0.016,1.0,2504399.0,404586620.0,1.606,1.624,1.597,1.605,1.68,3.7,1.37,31.82,1010977.0,1493422.0,76500053.0,18.91,188757374.0,46.65,-112257321.0,-27.75,-46356465.0,-11.46,-30143588.0,-7.45,28.0,1.62,1.621,6764148992.0,10964685516,10964685516,2026-09-09,2026-09-09 14:21:02+08:00
520990,港股央企红利ETF景顺,1.019,1.0192,0.02,0.01,0.99,711324.0,72185658.0,1.01,1.019,1.007,1.009,1.19,2.09,1.23,-9.15,413917.0,297407.0,6685281.0,9.26,2434949.0,3.37,4250332.0,5.89,-1410870.0,-1.95,-5274411.0,-7.31,3.0,1.017,1.019,3405470496.0,3470174435,3470174435,2026-09-09,2026-09-09 14:21:01+08:00
159611,电力ETF广发,1.053,1.0535,0.05,0.01,0.96,3032506.0,317553982.885,1.043,1.053,1.037,1.043,1.53,3.32,1.14,19.33,1586562.0,1445944.0,41996778.0,13.23,74449763.0,23.44,-32452985.0,-10.22,-25493565.0,-8.03,-16503214.0,-5.2,64.0,1.052,1.053,9139162880.0,9623538513,9623538513,2026-09-09,2026-09-09 14:21:12+08:00
561430,红利质量ETF博时,1.06,1.0612,0.11,0.01,0.95,11473.0,1214633.0,1.037,1.06,1.037,1.05,2.19,3.35,0.8,-7.26,2824.0,8649.0,253108.0,20.84,805266.0,66.3,-552158.0,-45.46,-162703.0,-13.4,-90406.0,-7.44,-100.0,1.06,1.061,34223200.0,36276592,36276592,2026-09-09,2026-09-09 14:20:38+08:00
159070,工程机械ETF嘉实,0.953,0.9535,0.05,0.009,0.95,48647.0,4622870.91,0.944,0.954,0.944,0.944,1.06,4.66,1.43,-5.57,27087.0,21559.0,50585.0,1.09,-86255.0,-1.87,136840.0,2.96,-33077.0,-0.72,-17507.0,-0.38,-1380.0,0.953,0.954,104366883.0,99461639,99461639,2026-09-09,2026-09-09 14:21:30+08:00
563180,高股息ETF银华,1.181,1.1822,0.1,0.011,0.94,32947.0,3877109.0,1.168,1.182,1.167,1.17,1.28,3.31,0.76,-0.51,20033.0,12914.0,363420.0,9.37,886987.0,22.88,-523567.0,-13.5,-138257.0,-3.57,-225163.0,-5.81,-20.0,1.181,1.182,99420000.0,117415020,117415020,2026-09-09,2026-09-09 14:20:52+08:00
515890,红利ETF博时,1.51,1.5116,0.11,0.014,0.94,15553.0,2340791.0,1.495,1.514,1.49,1.496,1.6,0.41,0.62,4.49,8748.0,6805.0,475504.0,20.31,747.0,0.03,474757.0,20.28,-308688.0,-13.19,-166815.0,-7.13,-2.0,1.51,1.511,379443904.0,572960295,572960295,2026-09-09,2026-09-09 14:20:56+08:00
512420,工程机械ETF华安,0.98,0.9812,0.12,0.009,0.93,46565.0,4546289.0,0.972,0.981,0.972,0.971,0.93,6.45,0.89,-6.27,25881.0,20684.0,111975.0,2.46,651915.0,14.34,-539940.0,-11.88,-52565.0,-1.16,-59410.0,-1.31,250.0,0.98,0.981,72238900.0,70794122,70794122,2026-09-09,2026-09-09 14:21:06+08:00
513030,德国ETF华安,1.874,1.8599,-0.76,0.017,0.92,249224.0,46541485.0,1.862,1.875,1.859,1.857,0.86,2.44,0.68,-31.54,182888.0,66336.0,-6780556.0,-14.57,-75098.0,-0.16,-6705458.0,-14.41,-3481251.0,-7.48,10261807.0,22.05,39.0,1.873,1.874,1022779008.0,1916687861,1916687861,2026-09-09,2026-09-09 14:21:08+08:00
159581,红利ETF万家,1.092,1.0929,0.08,0.01,0.92,248132.0,26952324.9,1.081,1.094,1.077,1.082,1.57,2.29,0.52,10.14,157263.0,90869.0,4304770.0,15.97,-1138111.0,-4.22,5442881.0,20.19,-2563873.0,-9.51,-1740896.0,-6.46,1.0,1.091,1.092,1083225712.0,1182882478,1182882478,2026-09-09,2026-09-09 14:21:06+08:00
159266,港股央企红利ETF永赢,1.003,1.0047,0.17,0.009,0.91,105009.0,10485251.908,0.994,1.005,0.991,0.994,1.41,3.1,1.19,10.1,52915.0,52094.0,688202.0,6.56,2297352.0,21.91,-1609150.0,-15.35,-532642.0,-5.08,-155559.0,-1.48,100.0,1.002,1.003,338710096.0,339726226,339726226,2026-09-09,2026-09-09 14:21:15+08:00
159666,交通运输ETF华夏,0.999,0.9992,0.02,0.009,0.91,242239.0,24084651.232,0.987,1.001,0.982,0.99,1.92,22.06,1.44,7.72,132346.0,109893.0,-575859.0,-2.39,647475.0,2.69,-1223334.0,-5.08,892402.0,3.71,-316542.0,-1.31,-22.0,0.999,1.0,109832905.0,109723072,109723072,2026-09-09,2026-09-09 14:21:12+08:00
560580,电力ETF南方,1.111,1.1122,0.11,0.01,0.91,74485.0,8217448.0,1.102,1.111,1.095,1.101,1.45,1.72,1.44,12.16,56794.0,17691.0,464919.0,5.66,1555780.0,18.93,-1090861.0,-13.27,-259929.0,-3.16,-204991.0,-2.49,563.0,1.11,1.111,433003008.0,481066342,481066342,2026-09-09,2026-09-09 14:20:54+08:00
561030,工程机械ETF华泰柏瑞,0.892,0.8929,0.1,0.008,0.9,92254.0,8207245.0,0.876,0.893,0.876,0.884,1.92,5.0,1.91,11.08,38199.0,54055.0,60294.0,0.73,308830.0,3.76,-248536.0,-3.03,-30668.0,-0.37,-29626.0,-0.36,-233.0,0.891,0.893,184550000.0,164618600,164618600,2026-09-09,2026-09-09 14:20:57+08:00
560930,电力ETF易方达,0.892,0.8923,0.03,0.008,0.9,39362.0,3495530.0,0.884,0.892,0.879,0.884,1.47,1.93,1.17,11.2,21077.0,18285.0,1163120.0,33.27,368770.0,10.55,794350.0,22.72,-742062.0,-21.23,-421060.0,-12.05,5.0,0.891,0.892,203524000.0,181543408,181543408,2026-09-09,2026-09-09 14:20:53+08:00
560460,电力ETF平安,0.911,0.9117,0.08,0.008,0.89,62402.0,5652329.0,0.899,0.911,0.898,0.903,1.44,2.22,2.43,-40.94,40188.0,22214.0,834689.0,14.77,-941490.0,-16.66,1776179.0,31.42,-519444.0,-9.19,-315245.0,-5.58,10.0,0.91,0.911,281537008.0,256480214,256480214,2026-09-09,2026-09-09 14:20:40+08:00
520660,港股通央企红利ETF南方,1.023,1.025,0.2,0.009,0.89,582782.0,59503286.0,1.016,1.025,1.013,1.014,1.18,2.94,0.99,9.21,321330.0,261452.0,-2998139.0,-5.04,-5854513.0,-9.84,2856374.0,4.8,4052008.0,6.81,-1053870.0,-1.77,-500.0,1.023,1.024,1980485504.0,2026036671,2026036671,2026-09-09,2026-09-09 14:21:00+08:00
560480,电力ETF招商,0.904,0.9048,0.09,0.008,0.89,55845.0,5031896.0,0.896,0.904,0.891,0.896,1.45,4.1,1.28,-7.85,35564.0,20281.0,850143.0,16.9,-671088.0,-13.34,1521231.0,30.23,-412350.0,-8.19,-437793.0,-8.7,5.0,0.903,0.904,136303000.0,123217912,123217912,2026-09-09,2026-09-09 14:20:50+08:00
560830,电力ETF华夏,0.91,0.9105,0.05,0.008,0.89,164493.0,14916629.0,0.901,0.91,0.897,0.902,1.44,2.39,1.19,-9.0,111126.0,53367.0,2497120.0,16.74,1852750.0,12.42,644370.0,4.32,-1078024.0,-7.23,-1419097.0,-9.51,10.0,0.909,0.91,687519008.0,625642297,625642297,2026-09-09,2026-09-09 14:20:57+08:00
159138,工程机械ETF易方达,0.919,0.919,0.0,0.008,0.88,44090.0,4041193.228,0.911,0.919,0.91,0.911,0.99,1.49,0.64,-2.22,25549.0,18541.0,282659.0,6.99,-645965.0,-15.98,928624.0,22.98,-242297.0,-6.0,-40361.0,-1.0,1733.0,0.918,0.919,295767920.0,271810718,271810718,2026-09-09,2026-09-09 14:21:24+08:00
562550,绿电ETF华夏,1.146,1.1456,-0.03,0.01,0.88,695066.0,79188042.0,1.137,1.146,1.129,1.136,1.5,4.66,1.27,-0.55,404304.0,290762.0,7966866.0,10.06,4041086.0,5.1,3925780.0,4.96,-5329320.0,-6.73,-2637547.0,-3.33,1303.0,1.144,1.146,1490919296.0,1708593513,1708593513,2026-09-09,2026-09-09 14:20:54+08:00
159225,现金流ETF银华,1.259,1.2603,0.1,0.011,0.88,18549.0,2329581.908,1.248,1.26,1.248,1.248,0.96,0.69,0.72,-0.96,6756.0,11793.0,1180748.0,50.68,1392619.0,59.78,-211871.0,-9.09,-337575.0,-14.49,-843174.0,-36.19,-11.0,1.259,1.26,267744804.0,337090708,337090708,2026-09-09,2026-09-09 14:21:24+08:00
520900,港股通红利ETF广发,1.029,1.0301,0.11,0.009,0.88,513428.0,52697055.0,1.022,1.032,1.019,1.02,1.27,3.35,1.15,21.32,280012.0,233416.0,4015111.0,7.62,619149.0,1.17,3395962.0,6.44,-2894578.0,-5.49,-1120533.0,-2.13,-21.0,1.029,1.03,1531175008.0,1575579083,1575579083,2026-09-09,2026-09-09 14:20:47+08:00
516370,电力ETF汇添富,0.928,0.9285,0.05,0.008,0.87,145690.0,13459548.0,0.921,0.928,0.914,0.92,1.52,5.03,2.26,12.39,99351.0,46339.0,1550372.0,11.52,5097855.0,37.88,-3547483.0,-26.36,-592636.0,-4.4,-957737.0,-7.12,41.0,0.927,0.928,289408000.0,268570624,268570624,2026-09-09,2026-09-09 14:21:02+08:00
512140,电力ETF华安,0.925,0.9255,0.05,0.008,0.87,80088.0,7377279.0,0.916,0.926,0.912,0.917,1.53,5.89,0.92,13.51,44790.0,35298.0,1320025.0,17.89,1415150.0,19.18,-95125.0,-1.29,-684194.0,-9.27,-635831.0,-8.62,209.0,0.924,0.925,136049000.0,125845325,125845325,2026-09-09,2026-09-09 14:21:05+08:00
159065,工程机械ETF景顺,0.936,0.9371,0.12,0.008,0.86,8214.0,765901.357,0.931,0.937,0.931,0.928,0.65,0.77,1.03,-1.25,2951.0,5263.0,365274.0,47.69,46787.0,6.11,318487.0,41.58,-324304.0,-42.34,-40970.0,-5.35,-100.0,0.936,0.937,107350818.0,100480366,100480366,2026-09-09,2026-09-09 14:21:27+08:00
159994,通信ETF银华,1.288,1.2877,-0.02,0.011,0.86,1316902.0,170654140.4,1.295,1.31,1.277,1.277,2.58,3.35,0.98,9.13,614166.0,702736.0,5784449.0,3.39,12691920.0,7.45,-6907471.0,-4.05,-4060678.0,-2.38,-1723773.0,-1.01,1762.0,1.286,1.288,3931003360.0,5063132328,5063132328,2026-09-09,2026-09-09 14:21:09+08:00
159177,工程机械ETF鹏华,0.952,0.9526,0.06,0.008,0.85,60565.0,5744658.1,0.939,0.953,0.939,0.944,1.48,13.28,0.97,10.17,14194.0,46371.0,266730.0,4.64,0.0,0.0,266730.0,4.64,-199632.0,-3.48,-67098.0,-1.17,1365.0,0.951,0.952,45619279.0,43429554,43429554,2026-09-09,2026-09-09 14:21:24+08:00
526050,港股通信息技术ETF招商,1.068,1.0682,0.02,0.009,0.85,316473.0,33820789.0,1.062,1.078,1.059,1.059,1.79,59.01,1.4,3.51,161332.0,155141.0,2261540.0,6.69,346148.0,1.02,1915392.0,5.66,-2270461.0,-6.71,8922.0,0.03,100.0,1.066,1.068,53630000.0,57276840,57276840,2026-09-09,2026-09-09 14:20:50+08:00
563830,全指现金流ETF博时,1.184,1.1835,-0.04,0.01,0.85,556.0,65557.0,1.171,1.185,1.171,1.174,1.19,0.04,0.15,-0.1,218.0,338.0,63550.0,96.94,0.0,0.0,63550.0,96.94,0.0,0.0,-63550.0,-96.94,5.0,1.184,1.185,134896000.0,159716864,159716864,2026-09-09,2026-09-09 14:20:54+08:00
563770,全指现金流ETF招商,1.201,1.2001,-0.07,0.01,0.84,75166.0,8994497.0,1.188,1.201,1.186,1.191,1.26,27.53,1.24,10.17,45945.0,29221.0,174367.0,1.94,0.0,0.0,174367.0,1.94,-152056.0,-1.69,-22311.0,-0.25,1.0,1.199,1.201,27307000.0,32795707,32795707,2026-09-09,2026-09-09 14:20:54+08:00
515600,央企创新ETF广发,1.687,1.6873,0.02,0.014,0.84,4999.0,841833.0,1.683,1.69,1.657,1.673,1.97,0.05,0.34,17.5,1877.0,3122.0,50157.0,5.96,0.0,0.0,50157.0,5.96,2015.0,0.24,-52172.0,-6.2,85.0,1.686,1.688,1037797408.0,1750764227,1750764227,2026-09-09,2026-09-09 14:21:03+08:00
560270,电力ETF工银,0.955,0.9558,0.08,0.008,0.84,85886.0,8173624.0,0.94,0.955,0.94,0.947,1.58,5.24,0.93,20.25,45923.0,39963.0,1673188.0,20.47,507548.0,6.21,1165640.0,14.26,-1334580.0,-16.33,-338610.0,-4.14,500.0,0.954,0.955,163939000.0,156561745,156561745,2026-09-09,2026-09-09 14:20:55+08:00
516440,工程机械ETF南方,0.96,0.9609,0.09,0.008,0.84,71090.0,6797841.0,0.952,0.961,0.952,0.952,0.95,5.46,0.98,-5.73,35283.0,35807.0,547408.0,8.05,0.0,0.0,547408.0,8.05,-439820.0,-6.47,-107588.0,-1.58,1000.0,0.959,0.961,130126600.0,124921536,124921536,2026-09-09,2026-09-09 14:21:01+08:00
159017,石油ETF工银,0.955,0.9567,0.18,0.008,0.84,71005.0,6786414.05,0.948,0.963,0.947,0.947,1.69,4.69,1.29,20.95,40921.0,30084.0,121568.0,1.79,768118.0,11.32,-646550.0,-9.53,-28609.0,-0.42,-92960.0,-1.37,-94.0,0.955,0.957,151256813.0,144450256,144450256,2026-09-09,2026-09-09 14:21:33+08:00
159019,石油ETF华宝,0.959,0.959,0.0,0.008,0.84,87791.0,8434253.4,0.953,0.965,0.95,0.951,1.58,19.8,0.9,9.78,46636.0,41155.0,116311.0,1.38,0.0,0.0,116311.0,1.38,-215770.0,-2.56,99460.0,1.18,-11.0,0.958,0.96,44327711.0,42510275,42510275,2026-09-09,2026-09-09 14:21:33+08:00
159301,公用事业ETF华夏,0.976,0.9762,0.02,0.008,0.83,231277.0,22482750.4,0.968,0.977,0.962,0.968,1.55,19.04,1.26,29.6,129366.0,101911.0,-3000068.0,-13.35,-356098.0,-1.58,-2643970.0,-11.77,-1400289.0,-6.23,4400358.0,19.58,100.0,0.975,0.976,121458357.0,118543356,118543356,2026-09-09,2026-09-09 14:21:18+08:00
563620,全指现金流ETF兴业,1.091,1.0917,0.06,0.009,0.83,25491.0,2778030.0,1.077,1.091,1.077,1.082,1.29,5.09,0.82,-3.29,12583.0,12908.0,316113.0,11.38,0.0,0.0,316113.0,11.38,-278352.0,-10.02,-37762.0,-1.36,-2290.0,1.09,1.091,50049000.0,54603459,54603459,2026-09-09,2026-09-09 14:20:54+08:00
159281,港股央企红利ETF天弘,0.988,0.9967,0.87,0.008,0.82,259996.0,25621407.1,0.977,0.99,0.974,0.98,1.63,10.87,0.61,35.51,160212.0,99784.0,55381.0,0.22,-488283.0,-1.91,543664.0,2.12,93175.0,0.36,-148557.0,-0.58,-70.0,0.988,0.989,239233059.0,236362262,236362262,2026-09-09,2026-09-09 14:21:18+08:00
159542,工程机械ETF大成,1.345,1.3465,0.11,0.011,0.82,21759.0,2917518.8,1.336,1.347,1.336,1.334,0.82,15.44,0.81,18.28,13672.0,8087.0,226723.0,7.77,257970.0,8.84,-31247.0,-1.07,-198137.0,-6.79,-28586.0,-0.98,10.0,1.344,1.346,14092850.0,18954883,18954883,2026-09-09,2026-09-09 14:21:18+08:00
562350,电力ETF银华,1.106,1.1072,0.11,0.009,0.82,63118.0,6942978.0,1.1,1.106,1.091,1.097,1.37,4.92,1.0,-8.66,34104.0,29014.0,1082269.0,15.59,0.0,0.0,1082269.0,15.59,-442458.0,-6.37,-639810.0,-9.22,2000.0,1.105,1.106,128410900.0,142022455,142022455,2026-09-09,2026-09-09 14:20:49+08:00
159811,5GETF博时,2.999,3.0003,0.04,0.024,0.81,67998.0,20531577.4,3.033,3.051,2.98,2.975,2.39,9.1,1.13,28.98,37923.0,30075.0,-901985.0,-4.39,-1839933.0,-8.96,937948.0,4.57,1738347.0,8.47,-836363.0,-4.07,-7.0,2.999,3.001,74743393.0,224155436,224155436,2026-09-09,2026-09-09 14:21:12+08:00
159669,绿色电力ETF国泰,1.12,1.1211,0.1,0.009,0.81,12304.0,1372556.3,1.109,1.12,1.104,1.111,1.44,0.62,0.61,4.76,7613.0,4691.0,525551.0,38.29,230183.0,16.77,295368.0,21.52,-336741.0,-24.53,-188811.0,-13.76,218.0,1.119,1.12,199754781.0,223725355,223725355,2026-09-09,2026-09-09 14:21:12+08:00
560250,红利质量ETF富国,1.006,1.0064,0.04,0.008,0.8,64241.0,6436515.0,0.991,1.008,0.99,0.998,1.8,4.93,1.45,-3.56,44904.0,19337.0,985182.0,15.31,1583431.0,24.6,-598249.0,-9.29,-824339.0,-12.81,-160843.0,-2.5,-600.0,1.005,1.007,130333000.0,131114998,131114998,2026-09-09,2026-09-09 14:20:54+08:00
159959,央企ETF银华,1.633,1.636,0.18,0.013,0.8,2749.0,448275.4,1.626,1.636,1.626,1.62,0.62,0.02,1.7,91.02,2382.0,367.0,-57416.0,-12.81,35886.0,8.01,-93302.0,-20.81,56943.0,12.7,473.0,0.11,-10.0,1.633,1.636,1826891776.0,2983314270,2983314270,2026-09-09,2026-09-09 14:21:09+08:00
159589,红利ETF广发,1.13,1.1295,-0.04,0.009,0.8,68984.0,7789142.9,1.123,1.132,1.123,1.121,0.8,2.79,0.79,-9.41,34400.0,34584.0,471890.0,6.06,100991.0,1.3,370899.0,4.76,-216927.0,-2.78,-254963.0,-3.27,50.0,1.128,1.13,247590005.0,279776706,279776706,2026-09-09,2026-09-09 14:21:03+08:00
520750,港股通信息ETF华富,0.896,0.8945,-0.17,0.007,0.79,190645.0,17107858.0,0.89,0.904,0.89,0.889,1.57,14.4,1.18,-41.73,85085.0,105560.0,1659194.0,9.7,843481.0,4.93,815713.0,4.77,-1244456.0,-7.27,-414738.0,-2.42,10.0,0.895,0.897,132384000.0,118616064,118616064,2026-09-09,2026-09-09 14:20:41+08:00
562960,绿色电力ETF易方达,1.147,1.1487,0.15,0.009,0.79,201033.0,22990475.0,1.138,1.148,1.132,1.138,1.41,1.67,1.03,9.38,81448.0,119585.0,2581290.0,11.23,-988466.0,-4.3,3569756.0,15.53,-1663053.0,-7.23,-918238.0,-3.99,-2.0,1.147,1.148,1203891008.0,1380862986,1380862986,2026-09-09,2026-09-09 14:20:56+08:00
159159,公用事业ETF国投瑞银,1.022,1.0228,0.08,0.008,0.79,17170.0,1750171.716,1.014,1.022,1.01,1.014,1.18,1.46,0.93,60.6,6625.0,10545.0,267980.0,15.31,53634.0,3.06,214346.0,12.25,-212588.0,-12.15,-55392.0,-3.16,888.0,1.021,1.022,117318582.0,119899591,119899591,2026-09-09,2026-09-09 14:21:24+08:00
560280,工程机械ETF广发,1.534,1.5351,0.07,0.012,0.79,293212.0,44844877.0,1.522,1.538,1.518,1.522,1.31,2.01,0.55,46.39,144477.0,148735.0,883695.0,1.97,-818688.0,-1.83,1702383.0,3.8,149964.0,0.33,-1033660.0,-2.3,-195.0,1.534,1.535,1460752000.0,2240793568,2240793568,2026-09-09,2026-09-09 14:20:55+08:00
159333,港股央企红利ETF万家,1.4,1.4031,0.22,0.011,0.79,54248.0,7569165.9,1.393,1.404,1.384,1.389,1.44,2.7,1.18,10.1,33109.0,21139.0,430369.0,5.69,0.0,0.0,430369.0,5.69,-128579.0,-1.7,-301791.0,-3.99,42.0,1.399,1.401,200952835.0,281333969,281333969,2026-09-09,2026-09-09 14:21:18+08:00
159146,电力ETF华宝,1.018,1.0197,0.17,0.008,0.79,294246.0,29839823.895,1.011,1.019,1.004,1.01,1.49,4.23,1.86,-1.84,189481.0,104765.0,4741855.0,15.89,6286018.0,21.07,-1544163.0,-5.17,-3694522.0,-12.38,-1047333.0,-3.51,-100.0,1.018,1.019,694940848.0,707449783,707449783,2026-09-09,2026-09-09 14:21:24+08:00
159067,绿色电力ETF鹏华,1.026,1.0274,0.14,0.008,0.79,3801.0,389187.94,1.015,1.026,1.015,1.018,1.08,2.01,1.94,10.77,3467.0,334.0,162706.0,41.81,0.0,0.0,162706.0,41.81,-62441.0,-16.04,-100265.0,-25.76,-23.0,1.026,1.027,18908737.0,19400364,19400364,2026-09-09,2026-09-09 14:21:33+08:00
159761,新材料ETF国泰,0.78,0.7807,0.09,0.006,0.78,41820.0,3251708.4,0.775,0.781,0.773,0.774,1.03,2.18,0.74,-2.66,14499.0,27321.0,398411.0,12.25,780000.0,23.99,-381589.0,-11.74,-353307.0,-10.87,-45104.0,-1.39,-4379.0,0.779,0.78,191734117.0,149552611,149552611,2026-09-09,2026-09-09 14:21:12+08:00
520710,港股通信息技术ETF广发,0.902,0.9019,-0.01,0.007,0.78,269807.0,24345403.0,0.899,0.909,0.895,0.895,1.56,27.81,1.12,-28.15,133525.0,136282.0,2062531.0,8.47,0.0,0.0,2062531.0,8.47,-1734399.0,-7.12,-328132.0,-1.35,92.0,0.901,0.902,97029000.0,87520158,87520158,2026-09-09,2026-09-09 14:20:57+08:00
159222,自由现金流ETF易方达,1.284,1.2842,0.02,0.01,0.78,731822.0,93680340.5,1.27,1.285,1.268,1.274,1.33,4.21,1.05,-3.33,422244.0,309578.0,-1934798.0,-2.07,-110226.0,-0.12,-1824572.0,-1.95,2794322.0,2.98,-859523.0,-0.92,211.0,1.283,1.284,1737370400.0,2230783594,2230783594,2026-09-09,2026-09-09 14:21:24+08:00
515050,通信ETF华夏,1.05,1.0498,-0.02,0.008,0.77,7110515.0,752767694.0,1.06,1.069,1.042,1.042,2.59,4.1,0.93,2.75,3594199.0,3516316.0,-91607653.0,-12.17,-103630629.0,-13.77,12022976.0,1.6,75466857.0,10.03,16305865.0,2.17,602.0,1.049,1.05,17325205504.0,18191465779,18191465779,2026-09-09,2026-09-09 14:21:01+08:00
563870,通用航空ETF鹏华,0.658,0.6588,0.12,0.005,0.77,33738.0,2226430.0,0.652,0.665,0.652,0.653,1.99,3.2,3.31,78.01,21165.0,12573.0,526962.0,23.67,720463.0,32.36,-193501.0,-8.69,-376617.0,-16.92,-150345.0,-6.75,-20.0,0.657,0.659,105303900.0,69289966,69289966,2026-09-09,2026-09-09 14:20:51+08:00
561870,现金流全指ETF华富,1.188,1.1892,0.1,0.009,0.76,2390.0,281757.0,1.174,1.188,1.174,1.179,1.19,0.27,0.29,-3.15,318.0,2072.0,23609.0,8.38,0.0,0.0,23609.0,8.38,117.0,0.04,-23726.0,-8.42,68.0,1.187,1.189,89765000.0,106640820,106640820,2026-09-09,2026-09-09 14:20:33+08:00
159061,绿色电力ETF南方,0.934,0.9348,0.09,0.007,0.76,123369.0,11451242.261,0.927,0.935,0.918,0.927,1.83,5.82,1.61,25.41,89521.0,33848.0,-147231.0,-1.29,-2648845.0,-23.13,2501614.0,21.85,354019.0,3.09,-206788.0,-1.81,-1.0,0.934,0.935,212040230.0,198045575,198045575,2026-09-09,2026-09-09 14:21:33+08:00
159199,石油ETF平安,0.93,0.9295,-0.05,0.007,0.76,15576.0,1442201.559,0.922,0.934,0.917,0.923,1.84,2.39,1.42,13.31,11971.0,3605.0,-218575.0,-15.16,0.0,0.0,-218575.0,-15.16,242619.0,16.82,-24045.0,-1.67,10.0,0.927,0.929,65154938.0,60594092,60594092,2026-09-09,2026-09-09 14:21:24+08:00
512960,央企结构调整ETF博时,1.463,1.4628,-0.01,0.011,0.76,10960.0,1597868.0,1.456,1.463,1.455,1.452,0.55,0.03,0.61,32.17,8165.0,2795.0,-55298.0,-3.46,0.0,0.0,-55298.0,-3.46,97261.0,6.09,-41964.0,-2.63,1.0,1.461,1.462,3855457296.0,5640534024,5640534024,2026-09-09,2026-09-09 14:21:07+08:00
515880,通信ETF国泰,0.676,0.6764,0.06,0.005,0.75,36557679.0,2495429695.0,0.685,0.692,0.671,0.671,3.13,5.9,1.04,33.45,18576792.0,17980887.0,-35820944.0,-1.44,-63945616.0,-2.57,28124672.0,1.13,21504016.0,0.86,14306968.0,0.57,-288.0,0.676,0.677,61933774080.0,41867231278,41867231278,2026-09-09,2026-09-09 14:21:01+08:00
561080,全指现金流ETF华安,1.202,1.2021,0.01,0.009,0.75,20241.0,2417454.0,1.189,1.202,1.189,1.193,1.09,8.35,1.75,5.21,10820.0,9421.0,-197749.0,-8.18,0.0,0.0,-197749.0,-8.18,166201.0,6.88,31548.0,1.31,121.0,1.199,1.201,24250000.0,29148500,29148500,2026-09-09,2026-09-09 14:20:57+08:00
159625,绿色电力ETF嘉实,1.216,1.2176,0.13,0.009,0.75,262461.0,31789824.5,1.207,1.217,1.199,1.207,1.49,1.31,1.24,38.03,133282.0,129179.0,1366658.0,4.3,-3922501.0,-12.34,5289159.0,16.64,-258736.0,-0.81,-1107922.0,-3.49,-5.0,1.216,1.217,2000113776.0,2432138352,2432138352,2026-09-09,2026-09-09 14:21:12+08:00
560450,电力ETF天弘,0.947,0.9482,0.13,0.007,0.74,49862.0,4704278.0,0.938,0.948,0.931,0.94,1.81,2.04,0.49,-2.29,28735.0,21127.0,1143100.0,24.3,0.0,0.0,1143100.0,24.3,-798773.0,-16.98,-344327.0,-7.32,95.0,0.947,0.948,244569000.0,231606843,231606843,2026-09-09,2026-09-09 14:20:55+08:00
159655,标普500ETF华夏,2.032,1.8755,-8.34,0.015,0.74,722396.0,146008719.96,2.013,2.033,2.011,2.017,1.09,3.32,1.82,11.2,439711.0,282685.0,39314357.0,26.93,-2902892.0,-1.99,42217249.0,28.91,-33670165.0,-23.06,-5644192.0,-3.87,-30.0,2.032,2.033,2174143040.0,4417858657,4417858657,2026-09-09,2026-09-09 14:21:12+08:00
159697,石油ETF鹏华,1.369,1.3709,0.14,0.01,0.74,564739.0,77479633.8,1.361,1.382,1.356,1.359,1.91,5.58,2.07,4.85,302712.0,262027.0,-20254176.0,-26.14,-8127562.0,-10.49,-12126614.0,-15.65,5123746.0,6.61,15130430.0,19.53,-266.0,1.369,1.37,1012022000.0,1385458118,1385458118,2026-09-09,2026-09-09 14:21:12+08:00
159185,港股通信息技术ETF鹏华,1.094,1.0946,0.05,0.008,0.74,1047737.0,114742518.5,1.093,1.105,1.086,1.086,1.75,53.98,0.99,-20.27,510285.0,537452.0,3349429.0,2.92,479880.0,0.42,2869549.0,2.5,-1287587.0,-1.12,-2061841.0,-1.8,-152.0,1.093,1.094,194099035.0,212344344,212344344,2026-09-09,2026-09-09 14:21:24+08:00
512950,央企改革ETF华夏,1.512,1.511,-0.07,0.011,0.73,56017.0,8445149.0,1.503,1.512,1.502,1.501,0.67,0.14,0.73,17.97,31348.0,24669.0,-137878.0,-1.63,0.0,0.0,-137878.0,-1.63,124857.0,1.48,13020.0,0.15,3.0,1.51,1.511,4043551008.0,6113849124,6113849124,2026-09-09,2026-09-09 14:21:07+08:00
563700,红利价值ETF易方达,1.101,1.1015,0.05,0.008,0.73,38058.0,4180665.0,1.088,1.103,1.085,1.093,1.65,1.08,0.53,-3.01,21427.0,16631.0,126597.0,3.03,179652.0,4.3,-53055.0,-1.27,174061.0,4.16,-300657.0,-7.19,3.0,1.1,1.101,353150000.0,388818150,388818150,2026-09-09,2026-09-09 14:20:53+08:00
159392,航空ETF富国,0.969,0.9684,-0.06,0.007,0.73,80198.0,7764272.3,0.961,0.979,0.96,0.962,1.98,4.38,3.69,12.65,45060.0,35138.0,244772.0,3.15,-204913.0,-2.64,449685.0,5.79,-33905.0,-0.44,-210867.0,-2.72,-43.0,0.969,0.97,183285500.0,177603650,177603650,2026-09-09,2026-09-09 14:21:18+08:00
561700,电力ETF博时,1.113,1.1148,0.16,0.008,0.72,53833.0,5950234.0,1.105,1.114,1.098,1.105,1.45,1.54,1.41,-1.48,23652.0,30181.0,-49022.0,-0.82,665855.0,11.19,-714877.0,-12.01,247234.0,4.16,-198212.0,-3.33,-50.0,1.113,1.114,349813600.0,389342537,389342537,2026-09-09,2026-09-09 14:20:54+08:00
561560,电力ETF华泰柏瑞,1.277,1.2792,0.17,0.009,0.71,360181.0,45826514.0,1.265,1.279,1.26,1.268,1.5,1.87,1.42,4.1,207146.0,153035.0,862084.0,1.88,-4735647.0,-10.33,5597731.0,12.22,3539542.0,7.72,-4401626.0,-9.6,-204.0,1.277,1.278,1926624208.0,2460299114,2460299114,2026-09-09,2026-09-09 14:20:55+08:00
515970,工程机械ETF华夏,0.857,0.8572,0.02,0.006,0.71,781899.0,66784006.0,0.851,0.858,0.848,0.851,1.18,14.98,0.94,7.58,414063.0,367836.0,934680.0,1.4,1675896.0,2.51,-741216.0,-1.11,-196981.0,-0.29,-737698.0,-1.1,20.0,0.856,0.857,522088000.0,447429416,447429416,2026-09-09,2026-09-09 14:21:03+08:00
560810,央企ESGETF融通,1.278,1.2797,0.13,0.009,0.71,5848.0,746511.0,1.269,1.281,1.269,1.269,0.95,0.32,0.7,-14.79,5245.0,603.0,-98734.0,-13.23,25372.0,3.4,-124106.0,-16.62,89250.0,11.96,9484.0,1.27,2912.0,1.276,1.279,180116000.0,230188248,230188248,2026-09-09,2026-09-09 14:20:55+08:00
159638,航空航天ETF嘉实,0.858,0.8588,0.09,0.006,0.7,355689.0,30516765.9,0.847,0.865,0.847,0.852,2.11,2.49,1.14,33.87,187149.0,168540.0,2860415.0,9.37,1047541.0,3.43,1812874.0,5.94,-612686.0,-2.01,-2247729.0,-7.37,-105.0,0.858,0.859,1430341936.0,1227233381,1227233381,2026-09-09,2026-09-09 14:21:12+08:00
561170,绿色电力ETF富国,1.152,1.1529,0.08,0.008,0.7,305508.0,35001050.0,1.141,1.153,1.136,1.144,1.49,5.8,1.12,-1.85,160541.0,144967.0,3898161.0,11.14,3376623.0,9.65,521538.0,1.49,-3481380.0,-9.95,-416782.0,-1.19,-203.0,1.152,1.153,526532704.0,606565675,606565675,2026-09-09,2026-09-09 14:20:57+08:00
159223,现金流ETF永赢,1.154,1.1557,0.15,0.008,0.7,57676.0,6637863.1,1.146,1.155,1.144,1.146,0.96,3.26,0.93,29.03,27891.0,29785.0,329050.0,4.96,3450.0,0.05,325600.0,4.91,-307133.0,-4.63,-21916.0,-0.33,-1.0,1.154,1.155,176844755.0,204078847,204078847,2026-09-09,2026-09-09 14:21:24+08:00
526030,港股通信息技术ETF汇添富,0.866,0.8678,0.21,0.006,0.7,396596.0,34466063.0,0.875,0.876,0.86,0.86,1.86,25.84,1.64,-13.53,208915.0,187681.0,1492094.0,4.33,985755.0,2.86,506339.0,1.47,-2130200.0,-6.18,638105.0,1.85,-187.0,0.866,0.867,153465000.0,132900690,132900690,2026-09-09,2026-09-09 14:20:59+08:00
159257,航空ETF汇添富,0.879,0.8801,0.12,0.006,0.69,119369.0,10496793.3,0.875,0.887,0.873,0.873,1.6,8.1,1.3,4.24,53314.0,66055.0,34482.0,0.33,0.0,0.0,34482.0,0.33,76547.0,0.73,-111028.0,-1.06,-2000.0,0.878,0.879,147416949.0,129579498,129579498,2026-09-09,2026-09-09 14:21:15+08:00
159148,石油ETF富国,1.021,1.021,0.0,0.007,0.69,144013.0,14728617.9,1.018,1.03,1.009,1.014,2.07,5.87,1.28,7.84,60962.0,83051.0,1106159.0,7.51,1193507.0,8.1,-87348.0,-0.59,-814226.0,-5.53,-291933.0,-1.98,-12.0,1.021,1.022,245466601.0,250621400,250621400,2026-09-09,2026-09-09 14:21:24+08:00
159166,现金流ETF长城,0.87,0.8726,0.3,0.006,0.69,15504.0,1347889.588,0.862,0.872,0.862,0.864,1.16,0.28,1.38,-3.15,8300.0,7204.0,322451.0,23.92,259239.0,19.23,63212.0,4.69,-254256.0,-18.86,-68195.0,-5.06,-1.0,0.87,0.872,555816064.0,483559976,483559976,2026-09-09,2026-09-09 14:21:24+08:00
513240,港股通信息技术ETF华安,1.015,1.0166,0.16,0.007,0.69,872472.0,88735645.0,1.015,1.024,1.008,1.008,1.59,83.49,1.43,-21.18,445430.0,427042.0,2882798.0,3.25,1954976.0,2.2,927822.0,1.05,-1469062.0,-1.66,-1413737.0,-1.59,-181.0,1.015,1.016,104496000.0,106063440,106063440,2026-09-09,2026-09-09 14:20:58+08:00
159507,通信ETF广发,0.878,0.8779,-0.01,0.006,0.69,649921.0,57663716.604,0.891,0.898,0.872,0.872,2.98,7.91,1.2,20.71,284238.0,365683.0,-3297864.0,-5.72,2504286.0,4.34,-5802150.0,-10.06,1189482.0,2.06,2108383.0,3.66,-95.0,0.878,0.879,821830896.0,721567527,721567527,2026-09-09,2026-09-09 14:21:18+08:00
526000,港股通信息技术ETF华夏,1.181,1.1816,0.05,0.008,0.68,3077681.0,363944122.0,1.179,1.193,1.172,1.173,1.79,174.73,0.93,-11.3,1572945.0,1504736.0,18562636.0,5.1,20456339.0,5.62,-1893703.0,-0.52,-11635139.0,-3.2,-6927497.0,-1.9,5.0,1.18,1.181,176142000.0,208023702,208023702,2026-09-09,2026-09-09 14:21:03+08:00
563760,全指现金流ETF中银,1.185,1.1856,0.05,0.008,0.68,763063.0,90135537.0,1.175,1.186,1.173,1.177,1.1,10.84,1.16,10.37,399258.0,363805.0,470199.0,0.52,399874.0,0.44,70325.0,0.08,-371275.0,-0.41,-98925.0,-0.11,-10.0,1.185,1.186,703913200.0,834137142,834137142,2026-09-09,2026-09-09 14:20:54+08:00
159221,现金流ETF嘉实,1.189,1.1905,0.13,0.008,0.68,183198.0,21712777.1,1.181,1.191,1.178,1.181,1.1,1.7,0.71,-0.33,108605.0,74593.0,-757218.0,-3.49,1241225.0,5.72,-1998443.0,-9.2,1099946.0,5.07,-342729.0,-1.58,-1.0,1.189,1.19,1079013232.0,1282946733,1282946733,2026-09-09,2026-09-09 14:21:24+08:00
159378,通用航空ETF永赢,1.049,1.049,0.0,0.007,0.67,1035328.0,108564617.848,1.04,1.059,1.037,1.042,2.11,18.58,5.21,-46.35,634848.0,400480.0,3101952.0,2.86,38410793.0,35.38,-35308841.0,-32.52,-2006331.0,-1.85,-1095621.0,-1.01,4.0,1.048,1.049,557271072.0,584577355,584577355,2026-09-09,2026-09-09 14:21:18+08:00
159259,成长ETF易方达,1.352,1.3525,0.04,0.009,0.67,3940978.0,535480474.8,1.359,1.372,1.34,1.343,2.38,7.19,1.0,-13.52,2125691.0,1815287.0,-150281228.0,-28.06,-125918679.0,-23.52,-24362549.0,-4.55,88666683.0,16.56,61614545.0,11.51,88.0,1.351,1.352,5477696512.0,7405845684,7405845684,2026-09-09,2026-09-09 14:21:18+08:00
561660,通用航空ETF平安,0.908,0.9093,0.14,0.006,0.67,31652.0,2876330.0,0.899,0.915,0.899,0.902,1.77,4.54,0.8,-0.08,11197.0,20455.0,319187.0,11.1,0.0,0.0,319187.0,11.1,-151569.0,-5.27,-167618.0,-5.83,-367.0,0.908,0.909,69710000.0,63296680,63296680,2026-09-09,2026-09-09 14:20:57+08:00
159201,自由现金流ETF华夏,1.198,1.199,0.08,0.008,0.67,1581518.0,188797584.29,1.189,1.2,1.185,1.19,1.26,1.17,0.64,39.76,880937.0,700581.0,25053324.0,13.27,34331561.0,18.18,-9278237.0,-4.91,-21044765.0,-11.15,-4008558.0,-2.12,-1.0,1.198,1.199,13565275904.0,16251200533,16251200533,2026-09-09,2026-09-09 14:21:24+08:00
512530,沪深300红利ETF建信,1.663,1.6633,0.02,0.011,0.67,37477.0,6217501.0,1.648,1.665,1.62,1.652,2.72,3.97,0.85,4.21,18085.0,19392.0,-356206.0,-5.73,0.0,0.0,-356206.0,-5.73,253573.0,4.08,102631.0,1.65,-8.0,1.662,1.663,94502000.0,157156826,157156826,2026-09-09,2026-09-09 14:21:06+08:00
159233,自由现金流ETF平安,1.209,1.2099,0.07,0.008,0.67,261089.0,31470088.0,1.199,1.21,1.194,1.201,1.33,4.21,1.21,5.35,131004.0,130085.0,394154.0,1.25,1177635.0,3.74,-783481.0,-2.49,101261.0,0.32,-495415.0,-1.57,-1.0,1.209,1.21,620623424.0,750333720,750333720,2026-09-09,2026-09-09 14:21:15+08:00
159181,石油ETF易方达,0.916,0.916,0.0,0.006,0.66,141407.0,12908912.3,0.918,0.922,0.905,0.91,1.87,10.68,1.23,6.06,56732.0,84675.0,-275579.0,-2.13,-2643370.0,-20.48,2367791.0,18.34,330133.0,2.56,-54554.0,-0.42,200.0,0.915,0.916,132405335.0,121283287,121283287,2026-09-09,2026-09-09 14:21:24+08:00
159232,自由现金流ETF南方,1.212,1.2123,0.02,0.008,0.66,1363921.0,164718885.5,1.204,1.213,1.198,1.204,1.25,6.47,1.04,-5.57,774605.0,589316.0,980864.0,0.6,4014384.0,2.44,-3033520.0,-1.84,77491.0,0.05,-1058355.0,-0.64,304.0,1.211,1.212,2108948560.0,2556045655,2556045655,2026-09-09,2026-09-09 14:21:18+08:00
159229,自由现金流ETF广发,1.219,1.2197,0.06,0.008,0.66,41064.0,4984928.3,1.208,1.219,1.207,1.211,0.99,2.93,1.06,23.67,16817.0,24247.0,124045.0,2.49,360995.0,7.24,-236950.0,-4.75,-112146.0,-2.25,-11900.0,-0.24,5.0,1.218,1.219,140056022.0,170728291,170728291,2026-09-09,2026-09-09 14:21:21+08:00
159196,港股通信息技术ETF易方达,1.227,1.2264,-0.05,0.008,0.66,1363309.0,167553015.6,1.227,1.239,1.217,1.219,1.8,61.54,1.05,-31.12,695207.0,668102.0,8649143.0,5.16,620941.0,0.37,8028202.0,4.79,-5724058.0,-3.42,-2925085.0,-1.75,52.0,1.226,1.227,221530324.0,271817708,271817708,2026-09-09,2026-09-09 14:21:24+08:00
159189,石油ETF华夏,0.918,0.9199,0.21,0.006,0.66,142640.0,13129962.096,0.916,0.926,0.912,0.912,1.54,13.32,1.26,30.71,70508.0,72132.0,-42973.0,-0.33,-1871056.0,-14.25,1828083.0,13.92,283781.0,2.16,-240808.0,-1.83,-28.0,0.918,0.92,107083187.0,98302366,98302366,2026-09-09,2026-09-09 14:21:24+08:00
513650,标普500ETF南方,2.028,1.8745,-8.19,0.013,0.65,1211524.0,244767913.0,2.011,2.029,2.007,2.015,1.09,2.77,1.15,-10.98,824531.0,386993.0,29733046.0,12.15,-2396479.0,-0.98,32129525.0,13.13,-12678119.0,-5.18,-17054928.0,-6.97,2436.0,2.027,2.028,4373733888.0,8869932325,8869932325,2026-09-09,2026-09-09 14:21:01+08:00
515680,央企创新ETF嘉实,1.696,1.696,0.0,0.011,0.65,18589.0,3142279.0,1.683,1.699,1.683,1.685,0.95,0.17,1.02,2.12,6476.0,12113.0,62275.0,1.98,176378.0,5.61,-114103.0,-3.63,-55006.0,-1.75,-7268.0,-0.23,3.0,1.694,1.696,1099264704.0,1864352938,1864352938,2026-09-09,2026-09-09 14:21:04+08:00
563390,全指现金流ETF华泰柏瑞,1.233,1.2333,0.02,0.008,0.65,203040.0,24952296.0,1.225,1.234,1.219,1.225,1.22,0.95,1.13,17.99,105155.0,97885.0,393412.0,1.58,0.0,0.0,393412.0,1.58,-356878.0,-1.43,-36534.0,-0.15,1.0,1.231,1.233,2143344000.0,2642743152,2642743152,2026-09-09,2026-09-09 14:20:54+08:00
159046,绿电ETF天弘,0.924,0.9248,0.09,0.006,0.65,64836.0,5970971.986,0.919,0.925,0.912,0.918,1.42,1.18,0.7,10.87,43551.0,21285.0,696467.0,11.66,23667.0,0.4,672800.0,11.27,-352515.0,-5.9,-343950.0,-5.76,-1000.0,0.923,0.925,551476848.0,509564608,509564608,2026-09-09,2026-09-09 14:21:33+08:00
159235,中证现金流ETF大成,1.237,1.2383,0.1,0.008,0.65,451613.0,55697315.9,1.23,1.239,1.224,1.229,1.22,2.37,0.95,-3.68,218704.0,232909.0,800764.0,1.44,-336820.0,-0.6,1137584.0,2.04,-399772.0,-0.72,-400991.0,-0.72,-7.0,1.237,1.238,1907729552.0,2359861456,2359861456,2026-09-09,2026-09-09 14:21:18+08:00
159249,A500增强ETF工银,1.391,1.3921,0.08,0.009,0.65,42422.0,5890376.6,1.383,1.393,1.382,1.382,0.8,3.92,0.57,-1.31,26001.0,16421.0,126560.0,2.15,0.0,0.0,126560.0,2.15,-265003.0,-4.5,138443.0,2.35,-30.0,1.391,1.392,108191923.0,150494965,150494965,2026-09-09,2026-09-09 14:21:12+08:00
510030,价值ETF华宝,1.085,1.0854,0.04,0.007,0.65,20738.0,2238276.0,1.08,1.086,1.075,1.078,1.02,1.47,0.49,-3.25,9374.0,11364.0,178608.0,7.98,0.0,0.0,178608.0,7.98,-111214.0,-4.97,-67394.0,-3.01,5.0,1.084,1.086,141229800.0,153234333,153234333,2026-09-09,2026-09-09 14:21:07+08:00
562950,消费电子ETF易方达,1.537,1.5382,0.08,0.01,0.65,626391.0,96651600.0,1.539,1.559,1.525,1.527,2.23,5.92,0.91,-4.48,328172.0,298219.0,2481967.0,2.57,4497540.0,4.65,-2015573.0,-2.09,-3437331.0,-3.56,955364.0,0.99,65.0,1.536,1.537,1058258304.0,1626543013,1626543013,2026-09-09,2026-09-09 14:20:55+08:00
562380,央企科技ETF银华,1.25,1.2498,-0.02,0.008,0.64,43237.0,5433220.0,1.242,1.261,1.242,1.242,1.53,5.79,1.3,3.6,24877.0,18360.0,540026.0,9.94,1013837.0,18.66,-473811.0,-8.72,-564196.0,-10.38,24170.0,0.44,-1.0,1.25,1.251,74628900.0,93286125,93286125,2026-09-09,2026-09-09 14:20:55+08:00
159131,港股通信息技术ETF华宝,0.96,0.9622,0.23,0.006,0.63,11176125.0,1075039132.283,0.961,0.97,0.953,0.954,1.78,51.39,0.95,-18.77,5570863.0,5605262.0,47262240.0,4.4,12312368.0,1.15,34949872.0,3.25,-30325538.0,-2.82,-16936692.0,-1.58,10.0,0.959,0.96,2174919904.0,2087923108,2087923108,2026-09-09,2026-09-09 14:21:24+08:00
512380,MSCI中国ETF银华,1.598,1.599,0.06,0.01,0.63,251.0,40055.0,1.596,1.6,1.595,1.588,0.31,0.03,0.03,3.8,237.0,14.0,29987.0,74.86,29667.0,74.07,320.0,0.8,0.0,0.0,-29986.0,-74.86,-1.0,1.596,1.6,75805600.0,121137349,121137349,2026-09-09,2026-09-09 14:21:06+08:00
159276,现金流ETF汇添富,1.116,1.1177,0.15,0.007,0.63,5843.0,650136.2,1.105,1.118,1.105,1.109,1.17,0.11,0.48,4.08,4107.0,1736.0,-136581.0,-21.01,0.0,0.0,-136581.0,-21.01,190059.0,29.23,-53479.0,-8.23,-1.0,1.116,1.117,554696656.0,619041468,619041468,2026-09-09,2026-09-09 14:21:18+08:00
513910,港股通央企红利ETF华夏,1.61,1.6106,0.04,0.01,0.63,581648.0,93359174.0,1.599,1.615,1.59,1.6,1.56,2.98,0.97,5.34,298319.0,283329.0,5585381.0,5.98,-693759.0,-0.74,6279140.0,6.73,-3576229.0,-3.83,-2009151.0,-2.15,3.0,1.609,1.61,1953276000.0,3144774360,3144774360,2026-09-09,2026-09-09 14:21:01+08:00
159870,化工ETF鹏华,0.815,0.8143,-0.09,0.005,0.62,3434733.0,278613659.355,0.809,0.816,0.804,0.81,1.48,2.02,0.94,16.2,2053702.0,1381031.0,-10122949.0,-3.63,15486781.0,5.56,-25609730.0,-9.19,9119992.0,3.27,1002958.0,0.36,1974.0,0.814,0.815,17011607040.0,13864459738,13864459738,2026-09-09,2026-09-09 14:21:06+08:00
159974,央企创新ETF富国,1.797,1.7993,0.13,0.011,0.62,6326.0,1134865.4,1.791,1.799,1.791,1.786,0.45,1.56,1.57,48.0,3551.0,2775.0,268226.0,23.64,0.0,0.0,268226.0,23.64,-286708.0,-25.26,18481.0,1.63,-10.0,1.798,1.8,40432422.0,72657062,72657062,2026-09-09,2026-09-09 14:21:09+08:00
563900,300自由现金流ETF摩根,1.179,1.178,-0.08,0.007,0.6,147351.0,17286418.0,1.172,1.179,1.167,1.172,1.02,3.22,0.99,5.33,82242.0,65109.0,-215896.0,-1.25,-311616.0,-1.8,95720.0,0.55,299992.0,1.74,-84096.0,-0.49,23.0,1.178,1.179,457965696.0,539941556,539941556,2026-09-09,2026-09-09 14:20:39+08:00
159263,价值ETF易方达,1.17,1.1683,-0.15,0.007,0.6,2638000.0,307444114.0,1.162,1.17,1.156,1.163,1.2,3.87,1.04,-35.58,1644827.0,993173.0,-99728816.0,-32.44,-98012272.0,-31.88,-1716544.0,-0.56,65824128.0,21.41,33904688.0,11.03,38.0,1.169,1.17,6810105088.0,7967822953,7967822953,2026-09-09,2026-09-09 14:21:18+08:00
560190,公用事业ETF鹏华,1.024,1.0266,0.25,0.006,0.59,778.0,79432.0,1.013,1.025,1.013,1.018,1.18,0.29,0.28,22.68,304.0,474.0,33079.0,41.64,32059.0,40.36,1020.0,1.28,-32404.0,-40.79,-674.0,-0.85,13.0,1.024,1.026,26834000.0,27478016,27478016,2026-09-09,2026-09-09 14:20:56+08:00
562320,沪深300价值ETF银华,1.354,1.3555,0.11,0.008,0.59,40796.0,5508271.0,1.354,1.354,1.342,1.346,0.89,7.38,1.07,-0.82,16918.0,23878.0,565665.0,10.27,0.0,0.0,565665.0,10.27,-354617.0,-6.44,-211048.0,-3.83,-3.0,1.354,1.355,55295500.0,74870107,74870107,2026-09-09,2026-09-09 14:20:54+08:00
561050,稀有金属ETF易方达,0.849,0.8491,0.01,0.005,0.59,64623.0,5470827.0,0.845,0.854,0.84,0.844,1.66,2.77,0.92,-4.31,36189.0,28434.0,-508771.0,-9.3,-470371.0,-8.6,-38400.0,-0.7,291098.0,5.32,217672.0,3.98,-1.0,0.848,0.849,233250000.0,198029250,198029250,2026-09-09,2026-09-09 14:20:56+08:00
159059,电力ETF大成,1.031,1.0323,0.13,0.006,0.59,92500.0,9484607.237,1.021,1.031,1.017,1.025,1.37,16.57,1.44,-0.27,57026.0,35474.0,-49502.0,-0.52,868352.0,9.16,-917854.0,-9.68,157933.0,1.67,-108431.0,-1.14,116.0,1.029,1.031,55830063.0,57560795,57560795,2026-09-09,2026-09-09 14:21:33+08:00
159913,深价值ETF交银,2.434,2.4374,0.14,0.014,0.58,3264.0,793488.5,2.434,2.435,2.411,2.42,0.99,1.44,1.06,-8.36,2715.0,549.0,0.0,0.0,0.0,0.0,0.0,0.0,87384.0,11.01,-87384.0,-11.01,614.0,2.433,2.435,22629693.0,55080673,55080673,2026-09-09,2026-09-09 14:21:09+08:00
159236,自由现金流ETF工银,1.212,1.2142,0.18,0.007,0.58,19454.0,2353193.6,1.202,1.212,1.2,1.205,1.0,5.16,0.91,0.83,12361.0,7093.0,-118415.0,-5.03,44595.0,1.9,-163010.0,-6.93,247640.0,10.52,-129227.0,-5.49,-1.0,1.212,1.213,37722161.0,45719259,45719259,2026-09-09,2026-09-09 14:21:18+08:00
561490,红利质量ETF财通,1.032,1.0307,-0.13,0.006,0.58,91314.0,9388465.0,1.021,1.032,1.019,1.026,1.27,10.66,1.59,34.59,51693.0,39621.0,-51753.0,-0.55,603195.0,6.42,-654948.0,-6.98,89612.0,0.95,-37858.0,-0.4,4160.0,1.031,1.032,85631300.0,88371502,88371502,2026-09-09,2026-09-09 14:20:57+08:00
563680,800现金流ETF汇添富,1.208,1.2086,0.05,0.007,0.58,20962.0,2520364.0,1.197,1.208,1.197,1.201,0.92,2.02,1.15,13.56,6507.0,14455.0,136441.0,5.41,0.0,0.0,136441.0,5.41,-99246.0,-3.94,-37195.0,-1.48,90.0,1.207,1.208,103959000.0,125582472,125582472,2026-09-09,2026-09-09 14:20:54+08:00
158006,化工ETF博时,1.032,1.0327,0.07,0.006,0.58,7070.0,725067.93,1.028,1.032,1.018,1.026,1.36,1.68,0.54,-0.97,2986.0,4084.0,218287.0,30.11,12370.0,1.71,205917.0,28.4,-222468.0,-30.68,4181.0,0.58,-20.0,1.031,1.032,42046012.0,43391484,43391484,2026-09-09,2026-09-09 14:21:30+08:00
159703,新材料ETF天弘,0.878,0.8784,0.05,0.005,0.57,41219.0,3606518.2,0.875,0.879,0.87,0.873,1.03,6.85,0.93,12.66,20055.0,21164.0,169358.0,4.7,251757.0,6.98,-82399.0,-2.28,-149085.0,-4.13,-20274.0,-0.56,-1500.0,0.877,0.878,60181591.0,52839437,52839437,2026-09-09,2026-09-09 14:21:09+08:00
563780,现金流全指ETF方正富邦,1.232,1.234,0.16,0.007,0.57,4894.0,601109.0,1.218,1.233,1.218,1.225,1.22,0.21,0.25,-2.31,2963.0,1931.0,163369.0,27.18,0.0,0.0,163369.0,27.18,-83640.0,-13.91,-79730.0,-13.26,-1.0,1.232,1.233,237027100.0,292017387,292017387,2026-09-09,2026-09-09 14:20:54+08:00
159255,通用航空ETF易方达,0.882,0.8819,-0.01,0.005,0.57,6482.0,570704.6,0.877,0.889,0.876,0.877,1.48,0.93,0.28,-5.52,3426.0,3056.0,33885.0,5.94,13126.0,2.3,20759.0,3.64,30278.0,5.31,-64164.0,-11.24,3.0,0.881,0.882,69338868.0,61156882,61156882,2026-09-09,2026-09-09 14:21:18+08:00
159198,港股通信息技术ETF富国,1.231,1.232,0.08,0.007,0.57,664257.0,81957648.3,1.23,1.244,1.223,1.224,1.72,77.83,1.18,-29.3,353945.0,310312.0,2495822.0,3.05,-564832.0,-0.69,3060654.0,3.73,-1900905.0,-2.32,-594917.0,-0.73,-8.0,1.231,1.232,85344347.0,105058891,105058891,2026-09-09,2026-09-09 14:21:24+08:00
513920,港股通央企红利ETF华安,1.601,1.6011,0.01,0.009,0.57,983847.0,157291250.0,1.588,1.605,1.58,1.592,1.57,3.81,1.93,12.13,526620.0,457227.0,17672300.0,11.24,-19479678.0,-12.38,37151978.0,23.62,-13628124.0,-8.66,-4044175.0,-2.57,-757.0,1.601,1.602,2581231008.0,4132550844,4132550844,2026-09-09,2026-09-09 14:21:04+08:00
159608,稀有金属ETF广发,1.054,1.0539,-0.01,0.006,0.57,671553.0,70617833.9,1.049,1.06,1.042,1.048,1.72,1.97,1.16,11.76,274658.0,396895.0,-18055075.0,-25.57,-3682383.0,-5.21,-14372692.0,-20.35,10476615.0,14.84,7578459.0,10.73,60.0,1.053,1.054,3400810064.0,3584453807,3584453807,2026-09-09,2026-09-09 14:21:12+08:00
159779,消费电子ETF招商,1.432,1.4316,-0.03,0.008,0.56,53664.0,7698888.1,1.438,1.452,1.422,1.424,2.11,3.92,1.04,10.51,28503.0,25161.0,-777624.0,-10.1,63368.0,0.82,-840992.0,-10.92,734146.0,9.54,43478.0,0.56,536.0,1.43,1.432,136869337.0,195996891,195996891,2026-09-09,2026-09-09 14:21:12+08:00
159129,化工ETF嘉实,1.08,1.0802,0.02,0.006,0.56,139097.0,14953247.2,1.082,1.082,1.065,1.074,1.58,1.23,0.94,-27.42,69597.0,69500.0,-67463.0,-0.45,-1803037.0,-12.06,1735574.0,11.61,165639.0,1.11,-98176.0,-0.66,1.0,1.079,1.08,1131406592.0,1221919119,1221919119,2026-09-09,2026-09-09 14:21:24+08:00
159055,稀有金属ETF富国,0.894,0.894,0.0,0.005,0.56,87785.0,7846566.0,0.889,0.9,0.885,0.889,1.69,7.18,1.31,26.56,51572.0,36213.0,164791.0,2.1,466703.0,5.95,-301912.0,-3.85,-204735.0,-2.61,39944.0,0.51,-14.0,0.893,0.895,122293952.0,109330793,109330793,2026-09-09,2026-09-09 14:21:33+08:00
159961,深100ETF方正富邦,2.174,2.1718,-0.1,0.012,0.56,12472.0,2701015.2,2.162,2.178,2.157,2.162,0.97,1.27,1.14,-13.56,5983.0,6489.0,108927.0,4.03,0.0,0.0,108927.0,4.03,-49471.0,-1.83,-59456.0,-2.2,328.0,2.17,2.173,98245196.0,213585056,213585056,2026-09-09,2026-09-09 14:21:09+08:00
516710,新材料ETF华夏,0.733,0.7336,0.08,0.004,0.55,28072.0,2050942.0,0.728,0.734,0.727,0.729,0.96,3.78,1.07,4.34,10359.0,17713.0,12574.0,0.61,0.0,0.0,12574.0,0.61,-55817.0,-2.72,43244.0,2.11,3000.0,0.733,0.734,74272000.0,54441376,54441376,2026-09-09,2026-09-09 14:20:45+08:00
560370,红利质量ETF易方达,0.911,0.9114,0.04,0.005,0.55,23447.0,2124695.0,0.902,0.911,0.902,0.906,0.99,1.09,1.48,11.55,12915.0,10532.0,-6260.0,-0.29,-243043.0,-11.44,236783.0,11.14,7594.0,0.36,-1334.0,-0.06,-10.0,0.91,0.911,214584000.0,195486024,195486024,2026-09-09,2026-09-09 14:20:55+08:00
516220,化工ETF国泰,0.911,0.9111,0.01,0.005,0.55,85583.0,7755014.0,0.9,0.911,0.899,0.906,1.32,3.3,0.91,-6.64,46464.0,39119.0,-494566.0,-6.38,-101029.0,-1.3,-393537.0,-5.07,63132.0,0.81,431435.0,5.56,1.0,0.91,0.911,259170000.0,236103870,236103870,2026-09-09,2026-09-09 14:21:00+08:00
159905,红利ETF工银,1.654,1.6536,-0.02,0.009,0.55,111917.0,18421187.4,1.645,1.655,1.635,1.645,1.22,1.13,0.68,8.01,64766.0,47151.0,1206247.0,6.55,124331.0,0.67,1081916.0,5.87,-1212303.0,-6.58,6056.0,0.03,30.0,1.653,1.654,987943952.0,1634059297,1634059297,2026-09-09,2026-09-09 14:21:09+08:00
563890,国企红利ETF创金合信,1.089,1.0905,0.14,0.006,0.55,2495.0,272247.0,1.085,1.092,1.085,1.083,0.65,1.23,0.38,-30.03,147.0,2348.0,130623.0,47.98,0.0,0.0,130623.0,47.98,-80152.0,-29.44,-50471.0,-18.54,-170.0,1.089,1.091,20336000.0,22145904,22145904,2026-09-09,2026-09-09 14:20:48+08:00
159195,石油ETF华安,0.932,0.9336,0.17,0.005,0.54,123339.0,11527234.194,0.927,0.939,0.926,0.927,1.4,16.78,1.33,17.61,54299.0,69040.0,136373.0,1.18,0.0,0.0,136373.0,1.18,10803.0,0.09,-147177.0,-1.28,-200.0,0.932,0.934,73490164.0,68492833,68492833,2026-09-09,2026-09-09 14:21:24+08:00
515460,红利质量ETF南方,0.926,0.9252,-0.09,0.005,0.54,138062.0,12732286.0,0.918,0.927,0.916,0.921,1.19,5.04,1.23,18.7,88676.0,49386.0,28161.0,0.22,-268250.0,-2.11,296411.0,2.33,103730.0,0.81,-131891.0,-1.04,-244.0,0.926,0.927,274091008.0,253808273,253808273,2026-09-09,2026-09-09 14:21:01+08:00
159018,石油ETF广发,0.938,0.9395,0.16,0.005,0.54,55622.0,5220843.852,0.935,0.945,0.929,0.933,1.71,20.67,0.97,11.65,27119.0,28503.0,451314.0,8.64,0.0,0.0,451314.0,8.64,-306354.0,-5.87,-144961.0,-2.78,-300.0,0.938,0.939,26904203.0,25236142,25236142,2026-09-09,2026-09-09 14:21:33+08:00
512220,TMTETF景顺,3.79,3.7878,-0.06,0.02,0.53,56233.0,21411743.0,3.794,3.851,3.762,3.77,2.36,2.62,1.18,49.23,24564.0,31669.0,1905189.0,8.9,4568589.0,21.34,-2663400.0,-12.44,-2812697.0,-13.14,907508.0,4.24,-3.0,3.787,3.788,214467600.0,812832204,812832204,2026-09-09,2026-09-09 14:21:06+08:00
561390,稀有金属ETF平安,0.957,0.9581,0.11,0.005,0.53,10286.0,983011.0,0.958,0.961,0.949,0.952,1.26,1.15,0.41,15.04,6969.0,3317.0,-33120.0,-3.37,37972.0,3.86,-71092.0,-7.23,13510.0,1.37,19611.0,1.99,476.0,0.957,0.958,89128100.0,85295592,85295592,2026-09-09,2026-09-09 14:20:47+08:00
560550,碳中和ETF广发,0.94,0.9403,0.03,0.005,0.53,9272.0,868005.0,0.934,0.94,0.933,0.935,0.75,0.75,2.07,0.03,3143.0,6129.0,-20318.0,-2.34,435078.0,50.12,-455396.0,-52.46,-3288.0,-0.38,23606.0,2.72,-3044.0,0.94,0.942,123597400.0,116181556,116181556,2026-09-09,2026-09-09 14:20:47+08:00
516890,新材料ETF平安,0.759,0.7608,0.24,0.004,0.53,12486.0,945877.0,0.759,0.759,0.754,0.755,0.66,3.75,1.5,-8.13,1684.0,10802.0,43856.0,4.64,-227700.0,-24.07,271556.0,28.71,-49670.0,-5.25,5814.0,0.61,456.0,0.759,0.761,33311400.0,25283353,25283353,2026-09-09,2026-09-09 14:21:02+08:00
560620,公用事业ETF万家,0.961,0.9624,0.15,0.005,0.52,639.0,61010.0,0.952,0.962,0.95,0.956,1.26,0.24,0.12,10.26,386.0,253.0,14639.0,23.99,0.0,0.0,14639.0,23.99,0.0,0.0,-14639.0,-23.99,93.0,0.96,0.962,26367000.0,25338687,25338687,2026-09-09,2026-09-09 14:20:28+08:00
159695,通信ETF嘉实,0.962,0.9624,0.04,0.005,0.52,531100.0,51575542.1,0.977,0.983,0.955,0.957,2.93,6.28,1.15,0.83,245720.0,285380.0,-1989394.0,-3.86,-381758.0,-0.74,-1607636.0,-3.12,134346.0,0.26,1855048.0,3.6,20.0,0.961,0.962,845436256.0,813309678,813309678,2026-09-09,2026-09-09 14:21:12+08:00
159209,红利质量ETF招商,1.159,1.1583,-0.06,0.006,0.52,869293.0,100364739.9,1.151,1.161,1.146,1.153,1.3,3.91,1.41,-26.34,453942.0,415351.0,2577587.0,2.57,-16367437.0,-16.31,18945024.0,18.88,-1033094.0,-1.03,-1544492.0,-1.54,-100.0,1.159,1.16,2221635056.0,2574875030,2574875030,2026-09-09,2026-09-09 14:21:24+08:00
159230,通用航空ETF华夏,0.989,0.9894,0.04,0.005,0.51,106963.0,10575925.9,0.985,0.998,0.974,0.984,2.44,3.55,1.04,2.72,57556.0,49407.0,120766.0,1.14,989.0,0.01,119777.0,1.13,-74684.0,-0.71,-46082.0,-0.44,-2000.0,0.988,0.989,301304224.0,297989878,297989878,2026-09-09,2026-09-09 14:21:24+08:00
159045,稀有金属ETF大成,0.788,0.7868,-0.15,0.004,0.51,102508.0,8040512.2,0.785,0.793,0.779,0.784,1.79,5.95,1.29,9.41,52388.0,50120.0,320520.0,3.99,0.0,0.0,320520.0,3.99,-346600.0,-4.31,26080.0,0.32,100.0,0.786,0.788,172330213.0,135796208,135796208,2026-09-09,2026-09-09 14:21:33+08:00
510270,国企ETF中银,1.562,1.5632,0.08,0.008,0.51,21475.0,3346803.0,1.57,1.628,1.549,1.554,5.08,12.04,1.19,-0.56,9364.0,12111.0,79050.0,2.36,0.0,0.0,79050.0,2.36,-54139.0,-1.62,-24911.0,-0.74,100.0,1.562,1.563,17832100.0,27853740,27853740,2026-09-09,2026-09-09 14:21:09+08:00
561500,漂亮50ETF华泰柏瑞,0.788,0.788,0.0,0.004,0.51,1319.0,103686.0,0.784,0.788,0.783,0.784,0.64,0.24,0.1,0.68,1025.0,294.0,-59737.0,-57.61,0.0,0.0,-59737.0,-57.61,66546.0,64.18,-6809.0,-6.57,1.0,0.786,0.788,54600300.0,43025036,43025036,2026-09-09,2026-09-09 14:20:55+08:00
561250,稀有金属ETF鹏华,0.992,0.995,0.3,0.005,0.51,8139.0,804815.0,0.987,0.997,0.984,0.987,1.32,1.2,0.37,-39.98,4608.0,3531.0,-93567.0,-11.63,0.0,0.0,-93567.0,-11.63,41138.0,5.11,52429.0,6.51,10.0,0.991,0.994,67752200.0,67210182,67210182,2026-09-09,2026-09-09 14:20:38+08:00
159119,800现金流ETF招商,0.985,0.9861,0.11,0.005,0.51,111779.0,10975165.8,0.979,0.986,0.976,0.98,1.02,7.71,1.52,-0.82,55959.0,55820.0,271162.0,2.47,50042.0,0.46,221120.0,2.01,-153935.0,-1.4,-117227.0,-1.07,-1.0,0.985,0.986,145054229.0,142878416,142878416,2026-09-09,2026-09-09 14:21:24+08:00
159062,稀有金属ETF南方,0.8,0.7999,-0.01,0.004,0.5,92433.0,7374250.593,0.802,0.803,0.791,0.796,1.51,7.72,1.03,-12.57,29292.0,63141.0,28382.0,0.38,0.0,0.0,28382.0,0.38,-30561.0,-0.41,2179.0,0.03,-30.0,0.799,0.8,119701256.0,95761005,95761005,2026-09-09,2026-09-09 14:21:24+08:00
159708,红利ETF西部利得,0.799,0.7988,-0.03,0.004,0.5,84011.0,6677184.9,0.793,0.8,0.791,0.795,1.13,4.67,0.69,-2.09,38587.0,45424.0,167873.0,2.51,310259.0,4.65,-142386.0,-2.13,-111827.0,-1.67,-56047.0,-0.84,-20.0,0.799,0.8,180028306.0,143842616,143842616,2026-09-09,2026-09-09 14:21:00+08:00
159037,价值ETF鹏华,1.012,1.0159,0.38,0.005,0.5,22358.0,2257158.583,1.002,1.013,1.002,1.007,1.09,3.53,1.2,0.06,12250.0,10108.0,837944.0,37.12,87292.0,3.87,750652.0,33.26,-636762.0,-28.21,-201183.0,-8.91,-500.0,1.012,1.014,63249832.0,64008830,64008830,2026-09-09,2026-09-09 14:21:33+08:00
516360,新材料ETF华宝,1.004,1.0055,0.15,0.005,0.5,16887.0,1688320.0,1.0,1.005,0.997,0.999,0.8,2.88,1.05,2.26,9122.0,7765.0,-84206.0,-4.99,0.0,0.0,-84206.0,-4.99,160966.0,9.53,-76760.0,-4.55,-55.0,1.004,1.006,58551800.0,58786007,58786007,2026-09-09,2026-09-09 14:21:04+08:00
159021,大盘价值ETF华夏,1.022,1.0234,0.14,0.005,0.49,14532.0,1482829.188,1.014,1.024,1.013,1.017,1.08,2.05,0.43,-25.65,7634.0,6898.0,409960.0,27.65,0.0,0.0,409960.0,27.65,-301816.0,-20.35,-108144.0,-7.29,-2000.0,1.021,1.022,70907712.0,72467682,72467682,2026-09-09,2026-09-09 14:21:33+08:00
158017,化工ETF易方达,1.017,1.0179,0.09,0.005,0.49,88095.0,8930038.642,1.01,1.018,1.001,1.012,1.68,11.35,1.38,-27.4,53471.0,34625.0,1875182.0,21.0,3639449.0,40.76,-1764267.0,-19.76,-1285949.0,-14.4,-589234.0,-6.6,50.0,1.016,1.017,77594582.0,78913690,78913690,2026-09-09,2026-09-09 14:21:30+08:00
159098,价值ETF招商,1.017,1.0185,0.15,0.005,0.49,74788.0,7580609.616,1.006,1.017,0.997,1.012,1.98,7.72,1.19,-22.08,36988.0,37800.0,1282773.0,16.92,1579830.0,20.84,-297057.0,-3.92,-1132449.0,-14.94,-150324.0,-1.98,-60.0,1.016,1.017,96891589.0,98538746,98538746,2026-09-09,2026-09-09 14:21:33+08:00
560120,中证500现金流ETF华夏,1.228,1.2273,-0.06,0.006,0.49,129564.0,15849342.0,1.221,1.228,1.215,1.222,1.06,2.25,1.18,15.77,61164.0,68400.0,333412.0,2.1,-2055648.0,-12.97,2389060.0,15.07,-298934.0,-1.89,-34477.0,-0.22,2.0,1.226,1.228,574689008.0,705718102,705718102,2026-09-09,2026-09-09 14:20:56+08:00
560170,央企科技ETF南方,1.237,1.2361,-0.07,0.006,0.49,343578.0,42706315.0,1.231,1.249,1.231,1.231,1.46,8.91,1.4,22.25,114990.0,228588.0,719434.0,1.68,489427.0,1.15,230007.0,0.54,-1009069.0,-2.36,289635.0,0.68,-17.0,1.237,1.238,385495504.0,476857938,476857938,2026-09-09,2026-09-09 14:20:56+08:00
530300,上证180ETF华泰柏瑞,1.239,1.2395,0.04,0.006,0.49,7762.0,959950.0,1.235,1.24,1.234,1.233,0.49,2.31,0.58,-12.5,6728.0,1034.0,-433672.0,-45.18,0.0,0.0,-433672.0,-45.18,440095.0,45.85,-6424.0,-0.67,14.0,1.237,1.24,33643000.0,41683677,41683677,2026-09-09,2026-09-09 14:21:02+08:00
589180,科创新材料ETF汇添富,1.657,1.6575,0.03,0.008,0.49,112977.0,18764849.0,1.649,1.678,1.643,1.649,2.12,8.14,0.92,0.09,55694.0,57283.0,-341674.0,-1.82,806490.0,4.3,-1148164.0,-6.12,580541.0,3.09,-238867.0,-1.27,-619.0,1.656,1.657,138818000.0,230021426,230021426,2026-09-09,2026-09-09 14:20:49+08:00
561630,红利质量ETF华泰柏瑞,1.051,1.0508,-0.02,0.005,0.48,43551.0,4566135.0,1.046,1.051,1.04,1.046,1.05,10.65,1.06,17.23,19580.0,23971.0,-12816.0,-0.28,0.0,0.0,-12816.0,-0.28,25433.0,0.56,-12617.0,-0.28,100.0,1.05,1.052,40898000.0,42983798,42983798,2026-09-09,2026-09-09 14:20:56+08:00
159226,中证A500增强ETF国泰,1.263,1.2649,0.15,0.006,0.48,72453.0,9149796.8,1.263,1.267,1.258,1.257,0.72,8.32,1.02,-4.47,27014.0,45439.0,730256.0,7.98,0.0,0.0,730256.0,7.98,-582090.0,-6.36,-148166.0,-1.62,50.0,1.263,1.264,87094840.0,110000783,110000783,2026-09-09,2026-09-09 14:21:24+08:00
512750,基本面50ETF嘉实,1.46,1.4611,0.08,0.007,0.48,15342.0,2235519.0,1.451,1.461,1.449,1.453,0.83,3.36,0.64,5.2,8314.0,7028.0,13118.0,0.59,0.0,0.0,13118.0,0.59,6326.0,0.28,-19445.0,-0.87,1656.0,1.459,1.461,45654900.0,66656154,66656154,2026-09-09,2026-09-09 14:21:06+08:00
515900,央企创新ETF博时,1.666,1.6666,0.04,0.008,0.48,32560.0,5411260.0,1.659,1.669,1.655,1.658,0.84,0.15,0.92,34.73,15416.0,17144.0,359039.0,6.64,0.0,0.0,359039.0,6.64,-333499.0,-6.16,-25539.0,-0.47,-30.0,1.665,1.667,2225446496.0,3707593862,3707593862,2026-09-09,2026-09-09 14:21:03+08:00
562080,300现金流ETF华宝,0.627,0.6265,-0.08,0.003,0.48,370030.0,23086508.0,0.624,0.628,0.62,0.624,1.28,6.37,0.95,6.11,200523.0,169507.0,1275926.0,5.53,2389645.0,10.35,-1113719.0,-4.82,-1586253.0,-6.87,310327.0,1.34,96.0,0.626,0.627,580757200.0,364134764,364134764,2026-09-09,2026-09-09 14:20:47+08:00
159087,化工ETF万家,1.046,1.0474,0.13,0.005,0.48,6430.0,669502.794,1.03,1.06,1.03,1.041,2.88,2.01,0.7,-13.34,3960.0,2470.0,-65360.0,-9.76,155550.0,23.23,-220910.0,-33.0,61913.0,9.25,3447.0,0.51,-500.0,1.045,1.046,31992150.0,33463789,33463789,2026-09-09,2026-09-09 14:21:30+08:00
159085,价值ETF永赢,1.051,1.0525,0.14,0.005,0.48,48195.0,5058854.302,1.046,1.051,1.046,1.046,0.48,16.32,1.66,28.98,34652.0,13543.0,-35197.0,-0.7,1546496.0,30.57,-1581693.0,-31.27,61945.0,1.22,-26748.0,-0.53,-990.0,1.051,1.052,29535454.0,31041762,31041762,2026-09-09,2026-09-09 14:21:24+08:00
159583,通信ETF富国,1.664,1.6633,-0.04,0.008,0.48,2111657.0,355174618.79,1.692,1.706,1.651,1.656,3.32,8.83,0.92,29.86,992890.0,1118767.0,-17418788.0,-4.9,-7311875.0,-2.06,-10106913.0,-2.85,-2880736.0,-0.81,20299524.0,5.72,74.0,1.663,1.664,2392592896.0,3981274579,3981274579,2026-09-09,2026-09-09 14:21:12+08:00
510090,责任ETF建信,2.589,2.5909,0.07,0.012,0.47,6053.0,1563753.0,2.555,2.589,2.555,2.577,1.32,2.37,1.03,0.83,5031.0,1022.0,-33112.0,-2.12,258400.0,16.52,-291512.0,-18.64,0.0,0.0,33112.0,2.12,2.0,2.589,2.59,25581100.0,66229468,66229468,2026-09-09,2026-09-09 14:20:56+08:00
159671,稀有金属ETF工银,1.293,1.2936,0.05,0.006,0.47,230732.0,29805403.1,1.291,1.301,1.28,1.287,1.63,2.56,1.13,29.34,110054.0,120678.0,1673929.0,5.62,-718585.0,-2.41,2392514.0,8.03,-1891192.0,-6.35,217261.0,0.73,-1.0,1.293,1.294,902551744.0,1166999405,1166999405,2026-09-09,2026-09-09 14:21:12+08:00
561300,沪深300增强ETF国泰,1.07,1.0702,0.02,0.005,0.47,272027.0,29060724.0,1.065,1.071,1.064,1.065,0.66,5.08,0.94,1.39,159919.0,112108.0,-1410078.0,-4.85,-6171061.0,-21.24,4760983.0,16.38,1702558.0,5.86,-292481.0,-1.01,1.0,1.069,1.07,535965008.0,573482559,573482559,2026-09-09,2026-09-09 14:20:57+08:00
563320,通用航空ETF华泰柏瑞,0.863,0.8641,0.13,0.004,0.47,165803.0,14345777.0,0.859,0.871,0.854,0.859,1.98,7.44,1.38,8.63,106270.0,59533.0,368368.0,2.57,672082.0,4.68,-303714.0,-2.12,-164717.0,-1.15,-203652.0,-1.42,-116.0,0.863,0.864,222892000.0,192355796,192355796,2026-09-09,2026-09-09 14:20:54+08:00
512630,卫星ETF广发,1.1,1.0996,-0.04,0.005,0.46,742960.0,81730956.0,1.093,1.108,1.092,1.095,1.46,4.54,1.08,16.99,358122.0,384838.0,3734073.0,4.57,5011594.0,6.13,-1277521.0,-1.56,-2859794.0,-3.5,-874278.0,-1.07,541.0,1.099,1.1,1636426000.0,1800068600,1800068600,2026-09-09,2026-09-09 14:21:07+08:00
159283,通用航空ETF南方,0.881,0.8823,0.15,0.004,0.46,129901.0,11433729.7,0.879,0.89,0.874,0.877,1.82,4.4,1.1,5.43,64310.0,65591.0,594841.0,5.2,878621.0,7.68,-283780.0,-2.48,-447778.0,-3.92,-147063.0,-1.29,-30.0,0.881,0.882,295437984.0,260280864,260280864,2026-09-09,2026-09-09 14:21:15+08:00
563530,卫星ETF易方达,1.099,1.0992,0.02,0.005,0.46,478177.0,52568797.0,1.093,1.108,1.092,1.094,1.46,3.07,0.96,32.93,228982.0,249195.0,4254589.0,8.09,3825796.0,7.28,428793.0,0.82,-2290193.0,-4.36,-1964398.0,-3.74,100.0,1.098,1.099,1555748000.0,1709767052,1709767052,2026-09-09,2026-09-09 14:20:54+08:00
159981,能源化工ETF建信,1.756,1.7555,-0.03,0.008,0.46,5271867.0,921461619.1,1.754,1.76,1.731,1.748,1.66,26.77,1.19,-13.26,2498812.0,2773055.0,26538738.0,2.88,17711506.0,1.92,8827232.0,0.96,-7057296.0,-0.77,-19481436.0,-2.11,-141.0,1.756,1.757,1969536960.0,3458506902,3458506902,2026-09-09,2026-09-09 14:21:09+08:00
560030,800价值ETF汇添富,1.317,1.3205,0.27,0.006,0.46,1342.0,176137.0,1.309,1.319,1.309,1.311,0.76,0.57,0.7,-1.23,230.0,1112.0,-143033.0,-81.21,0.0,0.0,-143033.0,-81.21,159846.0,90.75,-16813.0,-9.55,1.0,1.317,1.32,23432000.0,30859944,30859944,2026-09-09,2026-09-09 14:21:00+08:00
561420,300现金流ETF汇添富,1.102,1.102,0.0,0.005,0.46,62837.0,6896943.0,1.097,1.103,1.092,1.097,1.0,0.62,1.39,10.19,35486.0,27351.0,77741.0,1.13,751745.0,10.9,-674004.0,-9.77,-46809.0,-0.68,-30932.0,-0.45,-8.0,1.101,1.102,1009237008.0,1112179183,1112179183,2026-09-09,2026-09-09 14:20:54+08:00
159218,卫星ETF招商,1.339,1.3409,0.14,0.006,0.45,530246.0,71090498.9,1.333,1.35,1.332,1.333,1.35,2.61,1.15,67.03,259890.0,270356.0,4764723.0,6.7,11215836.0,15.78,-6451113.0,-9.07,-2250484.0,-3.17,-2514239.0,-3.54,-111.0,1.339,1.34,2033616384.0,2723012338,2723012338,2026-09-09,2026-09-09 14:21:24+08:00
159379,A500ETF融通,1.352,1.3507,-0.1,0.006,0.45,2053.0,277173.5,1.349,1.352,1.348,1.346,0.3,0.13,0.3,-13.87,959.0,1094.0,250809.0,90.49,0.0,0.0,250809.0,90.49,-248018.0,-89.48,-2790.0,-1.01,195.0,1.348,1.349,158821471.0,214726629,214726629,2026-09-09,2026-09-09 14:21:09+08:00
513530,港股通红利ETF华泰柏瑞,1.615,1.6131,-0.12,0.007,0.44,1514397.0,243782381.0,1.608,1.618,1.599,1.608,1.18,5.11,1.11,-16.28,871142.0,643255.0,-10722498.0,-4.4,-16566342.0,-6.8,5843844.0,2.4,5574792.0,2.29,5147706.0,2.11,-444.0,1.615,1.616,2962438704.0,4784338507,4784338507,2026-09-09,2026-09-09 14:21:02+08:00
563580,自由现金流800ETF万家,1.137,1.139,0.18,0.005,0.44,36771.0,4173283.0,1.135,1.138,1.122,1.132,1.41,1.53,1.12,19.37,18390.0,18381.0,448153.0,10.74,-3034.0,-0.07,451187.0,10.81,-345157.0,-8.27,-102996.0,-2.47,-8.0,1.137,1.138,240648000.0,273616776,273616776,2026-09-09,2026-09-09 14:20:51+08:00
510160,产业升级ETF南方,0.917,0.9179,0.1,0.004,0.44,3175.0,289007.0,0.91,0.918,0.909,0.913,0.99,0.17,2.22,4.66,80.0,3095.0,38489.0,13.32,0.0,0.0,38489.0,13.32,-27300.0,-9.45,-11189.0,-3.87,54.0,0.915,0.917,184057400.0,168780636,168780636,2026-09-09,2026-09-09 14:20:50+08:00
516320,高端装备ETF华夏,0.909,0.9101,0.12,0.004,0.44,53051.0,4809461.0,0.905,0.911,0.901,0.905,1.1,5.86,1.99,12.65,27642.0,25409.0,-8727.0,-0.18,254439.0,5.29,-263166.0,-5.47,3008.0,0.06,5719.0,0.12,-108.0,0.909,0.91,90589300.0,82345674,82345674,2026-09-09,2026-09-09 14:20:44+08:00
159640,碳中和龙头ETF工银,0.914,0.9139,-0.01,0.004,0.44,22571.0,2055655.6,0.907,0.914,0.907,0.91,0.77,3.77,1.51,0.23,12461.0,10110.0,123097.0,5.99,0.0,0.0,123097.0,5.99,-123915.0,-6.03,819.0,0.04,-3.0,0.913,0.914,59845198.0,54698511,54698511,2026-09-09,2026-09-09 14:21:09+08:00
562800,稀有金属ETF嘉实,0.913,0.9147,0.19,0.004,0.44,1208510.0,110232483.0,0.909,0.919,0.904,0.909,1.65,2.12,0.79,28.65,554389.0,654121.0,17705428.0,16.06,12611191.0,11.44,5094237.0,4.62,-2918261.0,-2.65,-14787168.0,-13.41,-12.0,0.913,0.914,5697894912.0,5202178055,5202178055,2026-09-09,2026-09-09 14:20:56+08:00
159639,碳中和ETF南方,0.934,0.9351,0.12,0.004,0.43,23671.0,2205406.0,0.93,0.935,0.927,0.93,0.86,1.15,0.91,10.85,11810.0,11861.0,60481.0,2.74,342637.0,15.54,-282156.0,-12.79,-65299.0,-2.96,4818.0,0.22,-2400.0,0.934,0.935,205290171.0,191741020,191741020,2026-09-09,2026-09-09 14:21:12+08:00
513310,中韩半导体ETF华泰柏瑞,4.886,4.4851,-8.94,0.021,0.43,11539649.0,5664139273.0,4.922,4.96,4.86,4.865,2.06,46.96,0.68,1.5,6010857.0,5528792.0,-141878640.0,-2.51,-26516352.0,-0.47,-115362288.0,-2.04,53475696.0,0.94,88419568.0,1.56,-2430.0,4.886,4.887,2457427008.0,12006988361,12006988361,2026-09-09,2026-09-09 14:21:05+08:00
159763,新材料ETF建信,0.706,0.7069,0.13,0.003,0.43,46722.0,3286945.7,0.703,0.707,0.701,0.703,0.85,5.09,0.74,-1.15,26966.0,19756.0,8649.0,0.26,0.0,0.0,8649.0,0.26,46195.0,1.41,-54844.0,-1.67,-1850.0,0.706,0.707,91707747.0,64745669,64745669,2026-09-09,2026-09-09 14:20:54+08:00
562990,碳中和ETF易方达,0.945,0.9454,0.04,0.004,0.43,62438.0,5869438.0,0.945,0.946,0.937,0.941,0.96,1.65,1.32,4.82,37070.0,25368.0,478349.0,8.15,375.0,0.01,477974.0,8.14,-487408.0,-8.3,9059.0,0.15,2000.0,0.944,0.945,377756000.0,356979420,356979420,2026-09-09,2026-09-09 14:20:54+08:00
513170,恒生央企ETF鹏华,1.621,1.624,0.18,0.007,0.43,33642.0,5444423.0,1.612,1.626,1.611,1.614,0.93,2.14,0.82,26.63,20401.0,13241.0,181571.0,3.33,0.0,0.0,181571.0,3.33,-253616.0,-4.66,72045.0,1.32,1.0,1.62,1.621,157573000.0,255425833,255425833,2026-09-09,2026-09-09 14:21:06+08:00
515210,钢铁ETF国泰,1.185,1.1855,0.04,0.005,0.42,615404.0,72675399.0,1.179,1.188,1.171,1.18,1.44,6.36,1.1,12.77,270529.0,344875.0,-656538.0,-0.9,9370178.0,12.89,-10026716.0,-13.8,1215573.0,1.67,-559036.0,-0.77,-104.0,1.185,1.186,967726096.0,1146755424,1146755424,2026-09-09,2026-09-09 14:21:02+08:00
159143,港股通央企红利ETF平安,0.982,0.9846,0.26,0.004,0.41,7394.0,726113.86,0.972,0.984,0.972,0.978,1.23,1.43,0.51,-5.62,2156.0,5238.0,-71830.0,-9.89,0.0,0.0,-71830.0,-9.89,96748.0,13.32,-24919.0,-3.43,25.0,0.981,0.983,51554456.0,50626476,50626476,2026-09-09,2026-09-09 14:21:24+08:00
512040,价值ETF富国,1.224,1.224,0.0,0.005,0.41,1207885.0,147452941.0,1.219,1.225,1.214,1.219,0.9,2.64,0.81,-14.42,636507.0,571378.0,-5565967.0,-3.77,664794.0,0.45,-6230761.0,-4.23,6837397.0,4.64,-1271430.0,-0.86,207.0,1.223,1.224,4573715968.0,5598228345,5598228345,2026-09-09,2026-09-09 14:21:10+08:00
561800,稀有金属ETF华富,0.986,0.9868,0.08,0.004,0.41,118132.0,11615757.0,0.989,0.992,0.977,0.982,1.53,5.73,1.12,5.76,57365.0,60767.0,662313.0,5.7,0.0,0.0,662313.0,5.7,-556869.0,-4.79,-105444.0,-0.91,-166.0,0.986,0.987,206077200.0,203192119,203192119,2026-09-09,2026-09-09 14:20:48+08:00
159641,碳中和ETF招商,0.971,0.9702,-0.08,0.004,0.41,41280.0,3977341.3,0.968,0.971,0.962,0.967,0.93,4.71,1.42,28.62,26530.0,14750.0,-20032.0,-0.5,-21401.0,-0.54,1369.0,0.03,44860.0,1.13,-24827.0,-0.62,100.0,0.97,0.971,87719131.0,85175276,85175276,2026-09-09,2026-09-09 14:21:09+08:00
159515,国企红利ETF鹏扬,1.226,1.2288,0.23,0.005,0.41,11657.0,1421145.8,1.219,1.228,1.214,1.221,1.15,3.37,1.86,4.33,3321.0,8336.0,-148101.0,-10.42,0.0,0.0,-148101.0,-10.42,120165.0,8.46,27937.0,1.97,-429.0,1.226,1.227,34586631.0,42403210,42403210,2026-09-09,2026-09-09 14:21:18+08:00
159096,价值ETF华夏,1.008,1.0101,0.21,0.004,0.4,137879.0,13873239.796,1.0,1.009,0.998,1.004,1.1,8.27,1.39,-3.67,83109.0,54769.0,2067255.0,14.9,1784038.0,12.86,283217.0,2.04,-1431287.0,-10.32,-635968.0,-4.58,-200.0,1.008,1.01,166631305.0,167964355,167964355,2026-09-09,2026-09-09 14:21:33+08:00
510390,沪深300ETF平安,5.26,5.2597,-0.01,0.021,0.4,4427.0,2325939.0,5.26,5.26,5.233,5.239,0.52,0.32,0.64,-20.38,2617.0,1810.0,-177708.0,-7.64,0.0,0.0,-177708.0,-7.64,16152.0,0.69,161557.0,6.95,317.0,5.256,5.259,136550000.0,718253000,718253000,2026-09-09,2026-09-09 14:21:09+08:00
563630,A500增强ETF国联安,1.266,1.2687,0.21,0.005,0.4,4580.0,578151.0,1.264,1.269,1.259,1.261,0.79,1.21,0.73,-3.39,2900.0,1680.0,128842.0,22.29,0.0,0.0,128842.0,22.29,-60370.0,-10.44,-68472.0,-11.84,-9.0,1.266,1.267,37947100.0,48041029,48041029,2026-09-09,2026-09-09 14:20:44+08:00
159970,深100ETF工银,1.015,1.0152,0.02,0.004,0.4,1558.0,158030.8,1.011,1.017,1.01,1.011,0.69,1.49,0.48,10.33,848.0,710.0,-16072.0,-10.17,0.0,0.0,-16072.0,-10.17,677.0,0.43,15396.0,9.74,-2.0,1.014,1.016,10468704.0,10625735,10625735,2026-09-09,2026-09-09 14:21:09+08:00
516460,现金流ETF800鹏华,1.241,1.243,0.16,0.005,0.4,15064.0,1863863.0,1.229,1.242,1.229,1.236,1.05,0.36,0.86,14.68,6245.0,8819.0,259594.0,13.93,2476.0,0.13,257118.0,13.79,-268884.0,-14.43,9291.0,0.5,-1403.0,1.241,1.242,420693008.0,522080023,522080023,2026-09-09,2026-09-09 14:21:03+08:00
588010,科创新材料ETF博时,1.01,1.0105,0.05,0.004,0.4,541478.0,54774622.0,1.01,1.023,1.002,1.006,2.09,5.58,0.64,4.51,216274.0,325204.0,1694793.0,3.09,2403879.0,4.39,-709086.0,-1.29,575762.0,1.05,-2270554.0,-4.15,10.0,1.009,1.01,970425808.0,980130066,980130066,2026-09-09,2026-09-09 14:20:54+08:00
563990,800现金流ETF富国,1.262,1.2629,0.07,0.005,0.4,20366.0,2566054.0,1.255,1.263,1.253,1.257,0.8,0.69,0.32,2.78,6299.0,14067.0,585975.0,22.84,-364521.0,-14.21,950496.0,37.04,-368232.0,-14.35,-217743.0,-8.49,-12.0,1.262,1.263,295573008.0,373013136,373013136,2026-09-09,2026-09-09 14:20:50+08:00
513820,港股通红利ETF汇添富,1.256,1.2567,0.06,0.005,0.4,833975.0,104440505.0,1.251,1.258,1.243,1.251,1.2,4.79,1.93,0.82,391780.0,442195.0,2002623.0,1.92,-17671513.0,-16.92,19674136.0,18.84,-486484.0,-0.47,-1516140.0,-1.45,7.0,1.255,1.256,1740669008.0,2186280274,2186280274,2026-09-09,2026-09-09 14:20:56+08:00
159042,价值ETF汇添富,1.016,1.0176,0.16,0.004,0.4,5346.0,541741.736,1.01,1.016,1.003,1.012,1.28,0.61,0.17,14.56,1570.0,3776.0,431322.0,79.62,0.0,0.0,431322.0,79.62,-357056.0,-65.91,-74267.0,-13.71,0.0,1.016,1.017,87801105.0,89205923,89205923,2026-09-09,2026-09-09 14:21:33+08:00
159901,深证100ETF易方达,3.54,3.537,-0.08,0.014,0.4,572492.0,202512727.88,3.54,3.553,3.513,3.526,1.13,5.64,0.9,-13.56,325108.0,247384.0,15065813.0,7.44,1846505.0,0.91,13219308.0,6.53,-7663707.0,-3.78,-7402106.0,-3.66,63.0,3.537,3.539,1014234928.0,3590391645,3590391645,2026-09-09,2026-09-09 14:21:09+08:00
560330,沪深300价值ETF申万菱信,1.251,1.2535,0.2,0.005,0.4,512.0,63687.0,1.245,1.253,1.241,1.246,0.96,0.3,0.13,5.11,209.0,303.0,9513.0,14.94,0.0,0.0,9513.0,14.94,18990.0,29.82,-28503.0,-44.75,-1.0,1.252,1.253,17130000.0,21429630,21429630,2026-09-09,2026-09-09 14:20:38+08:00
158001,价值ETF嘉实,1.011,1.0134,0.24,0.004,0.4,141066.0,14254540.0,1.007,1.013,1.003,1.007,0.99,10.42,1.94,-27.97,102193.0,38873.0,3087824.0,21.66,4157672.0,29.17,-1069848.0,-7.51,-2328501.0,-16.34,-759324.0,-5.33,-500.0,1.011,1.012,135392624.0,136881943,136881943,2026-09-09,2026-09-09 14:21:24+08:00
159079,价值ETF兴全,1.017,1.019,0.2,0.004,0.39,44231.0,4490290.577,1.007,1.018,1.007,1.013,1.09,5.76,0.92,-12.56,26681.0,17549.0,51334.0,1.14,173060.0,3.85,-121726.0,-2.71,65065.0,1.45,-116398.0,-2.59,237.0,1.016,1.018,76806830.0,78112546,78112546,2026-09-09,2026-09-09 14:21:33+08:00
159717,ESGETF鹏华,1.04,1.0402,0.02,0.004,0.39,163.0,16968.6,1.039,1.057,1.036,1.036,2.03,0.06,0.1,8.7,143.0,20.0,-8648.0,-50.96,0.0,0.0,-8648.0,-50.96,0.0,0.0,8648.0,50.96,-1.0,1.039,1.041,27873183.0,28988110,28988110,2026-09-09,2026-09-09 14:21:12+08:00
561180,A100ETF富国,1.301,1.2999,-0.08,0.005,0.39,5231.0,678411.0,1.298,1.301,1.294,1.296,0.54,1.05,0.42,4.41,2220.0,3011.0,1200.0,0.18,0.0,0.0,1200.0,0.18,200.0,0.03,-1400.0,-0.21,100.0,1.298,1.299,49609600.0,64542090,64542090,2026-09-09,2026-09-09 14:20:54+08:00
563860,中证A500ETF海富通,1.295,1.2946,-0.03,0.005,0.39,159353.0,20595941.0,1.292,1.296,1.288,1.29,0.62,8.57,0.95,3.25,73898.0,85455.0,943412.0,4.58,3481135.0,16.9,-2537723.0,-12.32,-782925.0,-3.8,-160488.0,-0.78,-3340.0,1.294,1.295,185844300.0,240668369,240668369,2026-09-09,2026-09-09 14:20:54+08:00
159356,A500ETF万家,1.283,1.2834,0.03,0.005,0.39,142725.0,18284449.9,1.281,1.285,1.276,1.278,0.7,1.96,0.38,-7.94,52996.0,89729.0,-151709.0,-0.83,296367.0,1.62,-448076.0,-2.45,-202489.0,-1.11,354197.0,1.94,2.0,1.282,1.283,728120640.0,934178781,934178781,2026-09-09,2026-09-09 14:21:18+08:00
510140,上证综指ETF华夏,1.038,1.0392,0.12,0.004,0.39,60611.0,6281669.0,1.034,1.039,1.031,1.034,0.77,7.28,1.26,27.71,37178.0,23433.0,1815290.0,28.9,1771736.0,28.2,43554.0,0.69,-1295528.0,-20.62,-519761.0,-8.27,1.0,1.036,1.038,83230500.0,86393259,86393259,2026-09-09,2026-09-09 14:21:02+08:00
510130,上证中盘ETF易方达,7.404,7.4029,-0.01,0.029,0.39,254.0,187532.0,7.449,7.449,7.356,7.375,1.26,0.08,0.13,0.03,212.0,42.0,-107813.0,-57.49,0.0,0.0,-107813.0,-57.49,118814.0,63.36,-11002.0,-5.87,-4.0,7.401,7.41,31085100.0,230154080,230154080,2026-09-09,2026-09-09 14:21:10+08:00
516330,物联网ETF华泰柏瑞,1.54,1.5368,-0.21,0.006,0.39,1265.0,196751.0,1.549,1.556,1.54,1.534,1.04,1.49,2.69,-0.14,1265.0,,-12368.0,-6.29,0.0,0.0,-12368.0,-6.29,0.0,0.0,12368.0,6.29,11.0,1.535,1.538,8471300.0,13045802,13045802,2026-09-09,2026-09-09 14:21:02+08:00
561990,沪深300增强ETF招商,1.019,1.0194,0.04,0.004,0.39,97606.0,9932472.0,1.017,1.02,1.013,1.015,0.69,2.87,0.67,6.04,50262.0,47344.0,-181547.0,-1.83,0.0,0.0,-181547.0,-1.83,255450.0,2.57,-73902.0,-0.74,3454.0,1.019,1.02,340649200.0,347121535,347121535,2026-09-09,2026-09-09 14:20:45+08:00
510990,180ESGETF工银,1.061,1.0622,0.11,0.004,0.38,58022.0,6147712.0,1.059,1.063,1.057,1.057,0.57,14.17,1.28,12.42,26927.0,31095.0,-458360.0,-7.46,0.0,0.0,-458360.0,-7.46,441148.0,7.18,17211.0,0.28,-96.0,1.061,1.062,40948600.0,43446465,43446465,2026-09-09,2026-09-09 14:20:50+08:00
561100,消费电子ETF富国,1.595,1.596,0.06,0.006,0.38,261448.0,41923579.0,1.598,1.618,1.584,1.589,2.14,4.31,1.0,-3.03,128143.0,133305.0,564870.0,1.35,-405891.0,-0.97,970761.0,2.32,113467.0,0.27,-678337.0,-1.62,-37.0,1.595,1.596,606746896.0,967761299,967761299,2026-09-09,2026-09-09 14:20:56+08:00
516950,基建ETF银华,1.046,1.0466,0.06,0.004,0.38,39709.0,4139764.0,1.039,1.046,1.038,1.042,0.77,3.68,0.66,2.43,19577.0,20132.0,26492.0,0.64,0.0,0.0,26492.0,0.64,163745.0,3.96,-190237.0,-4.6,-20.0,1.045,1.047,107821000.0,112780766,112780766,2026-09-09,2026-09-09 14:21:02+08:00
159331,红利港股ETF国泰,1.31,1.3115,0.11,0.005,0.38,38535.0,5038060.5,1.299,1.313,1.295,1.305,1.38,2.64,0.95,37.3,17861.0,20674.0,635653.0,12.62,0.0,0.0,635653.0,12.62,-95300.0,-1.89,-540353.0,-10.73,-23.0,1.309,1.31,145694179.0,190859374,190859374,2026-09-09,2026-09-09 14:21:15+08:00
563930,上证增强ETF招商,1.068,1.0698,0.17,0.004,0.38,5618.0,599393.0,1.064,1.069,1.063,1.064,0.56,1.96,0.32,-14.4,1826.0,3792.0,-70885.0,-11.83,0.0,0.0,-70885.0,-11.83,75337.0,12.57,-4452.0,-0.74,10.0,1.067,1.069,28592000.0,30536256,30536256,2026-09-09,2026-09-09 14:20:45+08:00
159302,港股高股息ETF银华,1.339,1.3389,-0.01,0.005,0.37,23484.0,3131681.0,1.333,1.342,1.325,1.334,1.27,4.86,0.64,10.07,14031.0,9453.0,112530.0,3.59,0.0,0.0,112530.0,3.59,-196737.0,-6.28,84207.0,2.69,17.0,1.338,1.34,48297609.0,64670498,64670498,2026-09-09,2026-09-09 14:21:18+08:00
561280,中证1000增强ETF工银,1.632,1.6342,0.13,0.006,0.37,50855.0,8326040.0,1.63,1.641,1.622,1.626,1.17,5.99,0.99,-1.9,23111.0,27744.0,837296.0,10.06,0.0,0.0,837296.0,10.06,-564632.0,-6.78,-272663.0,-3.27,222.0,1.629,1.632,84847700.0,138471446,138471446,2026-09-09,2026-09-09 14:20:54+08:00
563230,卫星ETF富国,1.092,1.0932,0.11,0.004,0.37,1029283.0,112607333.0,1.092,1.102,1.086,1.088,1.47,3.09,1.18,19.0,497225.0,532058.0,5097225.0,4.53,12655591.0,11.24,-7558366.0,-6.71,-1950808.0,-1.73,-3146416.0,-2.79,-210.0,1.092,1.093,3331237008.0,3637710813,3637710813,2026-09-09,2026-09-09 14:20:55+08:00
159606,中证500成长ETF易方达,1.354,1.3555,0.11,0.005,0.37,53913.0,7295349.9,1.358,1.36,1.346,1.349,1.04,1.29,0.48,3.04,16782.0,37131.0,-30984.0,-0.42,911489.0,12.49,-942473.0,-12.92,-3467.0,-0.05,34451.0,0.47,100.0,1.354,1.356,417222832.0,564919715,564919715,2026-09-09,2026-09-09 14:21:12+08:00
563790,卫星ETF鹏华,0.825,0.8252,0.02,0.003,0.36,497166.0,41066132.0,0.821,0.832,0.82,0.822,1.46,4.18,1.26,-1.88,255712.0,241454.0,2039120.0,4.97,3489325.0,8.5,-1450205.0,-3.53,-1853664.0,-4.51,-185457.0,-0.45,-160.0,0.825,0.826,1190447008.0,982118782,982118782,2026-09-09,2026-09-09 14:20:54+08:00
516780,稀土ETF华泰柏瑞,0.826,0.8257,-0.04,0.003,0.36,403029.0,33227314.0,0.822,0.829,0.819,0.823,1.22,1.68,1.06,1.77,201276.0,201753.0,-1763308.0,-5.31,471200.0,1.42,-2234508.0,-6.72,1668601.0,5.02,94707.0,0.29,18.0,0.825,0.826,2394599696.0,1977939349,1977939349,2026-09-09,2026-09-09 14:21:03+08:00
560500,500质量成长ETF鹏扬,1.396,1.3958,-0.01,0.005,0.36,10944.0,1524096.0,1.391,1.4,1.388,1.391,0.86,0.37,0.72,2.1,3640.0,7304.0,-25445.0,-1.67,0.0,0.0,-25445.0,-1.67,23025.0,1.51,2421.0,0.16,200.0,1.395,1.397,294339008.0,410897255,410897255,2026-09-09,2026-09-09 14:20:54+08:00
561200,中证A100ETF工银,1.453,1.4529,-0.01,0.005,0.35,18364.0,2663176.0,1.45,1.453,1.445,1.448,0.55,5.49,0.87,2.83,9144.0,9220.0,48011.0,1.8,0.0,0.0,48011.0,1.8,-33052.0,-1.24,-14960.0,-0.56,221.0,1.451,1.453,33470500.0,48632637,48632637,2026-09-09,2026-09-09 14:20:51+08:00
516020,化工ETF华宝,0.869,0.8695,0.06,0.003,0.35,860267.0,74405670.0,0.866,0.871,0.858,0.866,1.5,2.44,0.81,0.17,432587.0,427680.0,3467174.0,4.66,1227849.0,1.65,2239325.0,3.01,-2632819.0,-3.54,-834355.0,-1.12,-1.0,0.869,0.87,3521326208.0,3060032475,3060032475,2026-09-09,2026-09-09 14:21:01+08:00
516120,化工ETF富国,0.891,0.8905,-0.06,0.003,0.34,609397.0,53912551.0,0.887,0.892,0.879,0.888,1.46,1.23,0.73,20.57,269403.0,339994.0,2837449.0,5.26,372545.0,0.69,2464904.0,4.57,-2509215.0,-4.65,-328233.0,-0.61,1.0,0.89,0.891,4942082048.0,4403395105,4403395105,2026-09-09,2026-09-09 14:21:03+08:00
513810,港股国企ETF华夏,1.771,1.7731,0.12,0.006,0.34,111952.0,19814581.0,1.768,1.779,1.757,1.765,1.25,26.66,0.84,20.99,54398.0,57554.0,-380339.0,-1.92,0.0,0.0,-380339.0,-1.92,212475.0,1.07,167864.0,0.85,759.0,1.771,1.772,41992000.0,74367832,74367832,2026-09-09,2026-09-09 14:21:03+08:00
159653,ESG300ETF国联安,1.184,1.1841,0.01,0.004,0.34,44.0,5205.4,1.184,1.184,1.183,1.18,0.08,0.01,0.42,0.02,1.0,43.0,-3312.0,-63.63,0.0,0.0,-3312.0,-63.63,0.0,0.0,3313.0,63.65,1.0,1.182,1.185,52972068.0,62718929,62718929,2026-09-09,2026-09-09 14:21:03+08:00
560510,中证A500ETF泰康,1.18,1.1795,-0.04,0.004,0.34,268536.0,31632044.0,1.177,1.182,1.172,1.176,0.85,1.06,0.88,-3.86,116142.0,152394.0,-656409.0,-2.08,132946.0,0.42,-789355.0,-2.5,798770.0,2.53,-142361.0,-0.45,15.0,1.178,1.18,2528026896.0,2983071737,2983071737,2026-09-09,2026-09-09 14:20:40+08:00
562810,上证指数增强ETF嘉实,1.17,1.1708,0.07,0.004,0.34,26712.0,3120034.0,1.165,1.171,1.164,1.166,0.6,5.04,0.88,8.07,13798.0,12914.0,372417.0,11.94,0.0,0.0,372417.0,11.94,-129042.0,-4.14,-243374.0,-7.8,110.0,1.169,1.17,52951000.0,61952670,61952670,2026-09-09,2026-09-09 14:20:56+08:00
561060,国企红利ETF华安,1.191,1.1928,0.15,0.004,0.34,9669.0,1151227.0,1.187,1.194,1.184,1.187,0.84,2.05,1.12,-3.02,2406.0,7263.0,2001.0,0.17,0.0,0.0,2001.0,0.17,47643.0,4.14,-49644.0,-4.31,504.0,1.191,1.192,47065000.0,56054415,56054415,2026-09-09,2026-09-09 14:20:49+08:00
530680,上证180ETF兴业,1.169,1.1705,0.13,0.004,0.34,9641.0,1127191.0,1.165,1.176,1.165,1.165,0.94,0.9,0.56,12.79,2921.0,6720.0,-126951.0,-11.26,0.0,0.0,-126951.0,-11.26,127585.0,11.32,-634.0,-0.06,-1000.0,1.169,1.171,106891900.0,124956631,124956631,2026-09-09,2026-09-09 14:20:57+08:00
159053,稀有金属ETF华夏,0.881,0.8816,0.07,0.003,0.34,110060.0,9674852.4,0.878,0.886,0.872,0.878,1.59,6.7,0.96,26.37,56201.0,53859.0,581497.0,6.01,200517.0,2.07,380980.0,3.94,-718087.0,-7.42,136588.0,1.41,6.0,0.881,0.882,164198132.0,144658554,144658554,2026-09-09,2026-09-09 14:21:27+08:00
159576,深证100ETF广发,1.513,1.513,0.0,0.005,0.33,19148.0,2895842.5,1.511,1.518,1.503,1.508,0.99,5.1,0.72,2.12,6839.0,12309.0,-603454.0,-20.84,0.0,0.0,-603454.0,-20.84,481846.0,16.64,121609.0,4.2,37.0,1.512,1.513,37509612.0,56752043,56752043,2026-09-09,2026-09-09 14:21:18+08:00
512890,红利低波ETF华泰柏瑞,1.211,1.2106,-0.03,0.004,0.33,4976453.0,601509632.0,1.206,1.212,1.201,1.207,0.91,1.89,0.79,-15.45,2640613.0,2335840.0,-28651594.0,-4.76,-72615719.0,-12.08,43964125.0,7.31,5963435.0,0.99,22743452.0,3.78,1162.0,1.21,1.211,26276110848.0,31820370237,31820370237,2026-09-09,2026-09-09 14:21:05+08:00
512160,MSCI中国A股ETF南方,1.521,1.5216,0.04,0.005,0.33,13618.0,2068234.0,1.518,1.524,1.514,1.516,0.66,1.12,1.32,5.06,9176.0,4442.0,-11775.0,-0.57,0.0,0.0,-11775.0,-0.57,33414.0,1.62,-21640.0,-1.05,-640.0,1.52,1.522,121777800.0,185224034,185224034,2026-09-09,2026-09-09 14:21:07+08:00
159519,港股国企ETF国泰,1.802,1.8059,0.22,0.006,0.33,56669.0,10198325.5,1.796,1.811,1.789,1.796,1.22,9.74,0.71,29.17,28527.0,28142.0,-108596.0,-1.06,0.0,0.0,-108596.0,-1.06,339360.0,3.33,-230765.0,-2.26,-49.0,1.802,1.803,58157854.0,104800453,104800453,2026-09-09,2026-09-09 14:21:18+08:00
560060,碳中和ETF汇添富,0.899,0.8995,0.06,0.003,0.33,2875.0,256690.0,0.893,0.9,0.892,0.896,0.89,0.38,0.65,-3.84,2335.0,540.0,-48794.0,-19.01,0.0,0.0,-48794.0,-19.01,23638.0,9.21,25156.0,9.8,5.0,0.898,0.9,76090000.0,68404910,68404910,2026-09-09,2026-09-09 14:21:02+08:00
159706,深证100ETF华安,0.91,0.9108,0.09,0.003,0.33,12513.0,1136314.7,0.907,0.913,0.904,0.907,0.99,3.1,0.5,12.11,5833.0,6680.0,112177.0,9.87,0.0,0.0,112177.0,9.87,-82626.0,-7.27,-29550.0,-2.6,1200.0,0.91,0.911,40386800.0,36751988,36751988,2026-09-09,2026-09-09 14:21:09+08:00
512550,富时A50ETF嘉实,1.81,1.8094,-0.03,0.006,0.33,27741.0,5013652.0,1.806,1.81,1.801,1.804,0.5,2.52,0.88,-3.05,16939.0,10802.0,-1073805.0,-21.42,-215184.0,-4.29,-858621.0,-17.13,1378951.0,27.5,-305146.0,-6.09,1.0,1.808,1.81,109906000.0,198929860,198929860,2026-09-09,2026-09-09 14:21:06+08:00
517180,中国国企ETF南方,1.52,1.5214,0.09,0.005,0.33,41204.0,6255279.0,1.515,1.523,1.501,1.515,1.45,4.6,0.82,3.87,24718.0,16486.0,1031450.0,16.49,2336511.0,37.35,-1305061.0,-20.86,-1036954.0,-16.58,5503.0,0.09,-5.0,1.52,1.521,89496300.0,136034376,136034376,2026-09-09,2026-09-09 14:21:01+08:00
159335,央企科创ETF融通,1.521,1.5226,0.11,0.005,0.33,3419.0,519643.3,1.516,1.525,1.507,1.516,1.19,0.54,0.3,-3.79,1329.0,2090.0,0.0,0.0,0.0,0.0,0.0,0.0,136380.0,26.24,-136380.0,-26.24,-30.0,1.521,1.524,63683689.0,96862891,96862891,2026-09-09,2026-09-09 14:21:15+08:00
159338,中证A500ETF国泰,1.208,1.2074,-0.05,0.004,0.33,21316012.0,2571422155.0,1.206,1.21,1.2,1.204,0.83,10.12,1.01,-0.42,10364842.0,10951170.0,9285360.0,0.36,63464640.0,2.47,-54179280.0,-2.11,-7892267.0,-0.31,-1393098.0,-0.05,10.0,1.207,1.208,21065086720.0,25446624758,25446624758,2026-09-09,2026-09-09 14:21:18+08:00
159353,中证A500ETF景顺,1.226,1.2272,0.1,0.004,0.33,1077686.0,132135877.2,1.223,1.229,1.22,1.222,0.74,2.5,0.76,24.56,441573.0,636113.0,-318150.0,-0.24,1296900.0,0.98,-1615050.0,-1.22,40158.0,0.03,277993.0,0.21,900.0,1.226,1.227,4313161728.0,5287936279,5287936279,2026-09-09,2026-09-09 14:21:18+08:00
515530,中证500ETF泰康,4.302,4.2946,-0.17,0.014,0.33,3450.0,1481294.0,4.308,4.314,4.281,4.288,0.77,2.82,0.38,4.18,2580.0,870.0,-447476.0,-30.21,0.0,0.0,-447476.0,-30.21,301713.0,20.37,145764.0,9.84,5.0,4.296,4.305,12242700.0,52668095,52668095,2026-09-09,2026-09-09 14:20:55+08:00
512150,富时A50ETF汇安,1.89,1.8917,0.09,0.006,0.32,99.0,18713.0,1.892,1.892,1.889,1.884,0.16,0.05,0.11,-5.05,99.0,,7368.0,39.37,0.0,0.0,7368.0,39.37,0.0,0.0,-7368.0,-39.37,67.0,1.891,1.895,18073400.0,34158726,34158726,2026-09-09,2026-09-09 14:21:05+08:00
561190,碳中和ETF富国,0.941,0.9409,-0.01,0.003,0.32,21541.0,2022799.0,0.936,0.941,0.933,0.938,0.85,1.11,0.94,2.98,4448.0,17093.0,-99259.0,-4.91,25850.0,1.28,-125109.0,-6.18,101744.0,5.03,-2485.0,-0.12,10.0,0.939,0.941,194318000.0,182853238,182853238,2026-09-09,2026-09-09 14:20:56+08:00
159197,石油ETF招商,0.933,0.9332,0.02,0.003,0.32,78840.0,7367928.844,0.93,0.939,0.925,0.93,1.51,19.52,0.9,7.91,36904.0,41936.0,346018.0,4.7,0.0,0.0,346018.0,4.7,-214237.0,-2.91,-131780.0,-1.79,-92.0,0.933,0.934,40388290.0,37682275,37682275,2026-09-09,2026-09-09 14:21:24+08:00
159359,A500ETF华安,1.266,1.2658,-0.02,0.004,0.32,149784.0,18940584.9,1.265,1.268,1.259,1.262,0.71,2.15,0.6,1.05,54383.0,95401.0,-195059.0,-1.03,3220374.0,17.0,-3415433.0,-18.03,173717.0,0.92,21342.0,0.11,-1641.0,1.265,1.266,698140432.0,883845787,883845787,2026-09-09,2026-09-09 14:21:18+08:00
563500,A500ETF华宝,0.627,0.6264,-0.1,0.002,0.32,111872.0,7002294.0,0.625,0.628,0.623,0.625,0.8,1.46,0.74,7.35,55209.0,56663.0,186656.0,2.67,596779.0,8.52,-410123.0,-5.86,-152716.0,-2.18,-33940.0,-0.48,10.0,0.626,0.627,765958704.0,480256107,480256107,2026-09-09,2026-09-09 14:20:45+08:00
563880,A500ETF汇添富,1.247,1.2475,0.04,0.004,0.32,781170.0,97398152.0,1.245,1.25,1.239,1.243,0.88,5.17,0.75,14.49,360723.0,420447.0,1334008.0,1.37,2094021.0,2.15,-760013.0,-0.78,-1317419.0,-1.35,-16588.0,-0.02,-712.0,1.246,1.247,1510996400.0,1884212511,1884212511,2026-09-09,2026-09-09 14:20:56+08:00
159078,A股ETF富国,0.941,0.9412,0.02,0.003,0.32,48510.0,4564721.57,0.94,0.943,0.935,0.938,0.85,2.9,0.68,-0.5,21692.0,26818.0,32415.0,0.71,0.0,0.0,32415.0,0.71,-52984.0,-1.16,20569.0,0.45,1500.0,0.939,0.94,167262460.0,157393975,157393975,2026-09-09,2026-09-09 14:21:24+08:00
159731,石化ETF华夏,0.96,0.9604,0.04,0.003,0.31,434125.0,41519930.9,0.956,0.963,0.948,0.957,1.57,6.23,1.13,9.08,202302.0,231823.0,2166409.0,5.22,-258389.0,-0.62,2424798.0,5.84,-1026232.0,-2.47,-1140176.0,-2.75,-50.0,0.96,0.961,697375808.0,669480776,669480776,2026-09-09,2026-09-09 14:21:03+08:00
512080,A500ETF中金,1.289,1.2904,0.11,0.004,0.31,108628.0,13987446.0,1.285,1.293,1.283,1.285,0.78,1.39,0.74,7.56,66027.0,42601.0,-111829.0,-0.8,1495540.0,10.69,-1607369.0,-11.49,-299263.0,-2.14,411091.0,2.94,-50.0,1.289,1.291,779186096.0,1004370878,1004370878,2026-09-09,2026-09-09 14:21:08+08:00
563360,A500ETF华泰柏瑞,1.275,1.2752,0.02,0.004,0.31,26045776.0,3316686371.0,1.273,1.277,1.267,1.271,0.79,8.47,1.0,10.46,12861237.0,13184539.0,27257248.0,0.82,90180848.0,2.72,-62923600.0,-1.9,-27133234.0,-0.82,-124032.0,0.0,3921.0,1.274,1.275,30757987328.0,39216433843,39216433843,2026-09-09,2026-09-09 14:20:55+08:00
517090,央企共赢ETF国泰,1.606,1.6082,0.14,0.005,0.31,17238.0,2763958.0,1.585,1.61,1.585,1.601,1.56,3.25,0.74,-0.38,8770.0,8468.0,282210.0,10.21,0.0,0.0,282210.0,10.21,-333652.0,-12.07,51442.0,1.86,-1.0,1.605,1.607,53075000.0,85238450,85238450,2026-09-09,2026-09-09 14:21:03+08:00
515660,沪深300ETF国联安,5.796,5.8074,0.2,0.018,0.31,224.0,129716.0,5.808,5.809,5.776,5.778,0.57,0.01,0.09,11.67,103.0,121.0,0.0,0.0,0.0,0.0,0.0,0.0,5796.0,4.47,-5797.0,-4.47,-2.0,5.798,5.805,433594208.0,2513112030,2513112030,2026-09-09,2026-09-09 14:20:55+08:00
159082,化工ETF华夏,1.003,1.0049,0.19,0.003,0.3,27175.0,2716788.812,1.0,1.004,0.993,1.0,1.1,3.6,0.7,-17.22,17227.0,9948.0,398960.0,14.68,850768.0,31.32,-451808.0,-16.63,-281865.0,-10.37,-117095.0,-4.31,-100.0,1.003,1.004,75531212.0,75757806,75757806,2026-09-09,2026-09-09 14:21:30+08:00
530060,上证指数ETF易方达,1.002,1.0026,0.06,0.003,0.3,376597.0,37684585.0,0.999,1.003,0.998,0.999,0.5,4.25,1.01,17.2,194318.0,182279.0,5263947.0,13.97,10295781.0,27.32,-5031834.0,-13.35,-3253760.0,-8.63,-2010186.0,-5.33,382.0,1.001,1.002,885193008.0,886963394,886963394,2026-09-09,2026-09-09 14:21:00+08:00
515300,300红利低波ETF嘉实,1.321,1.3209,-0.01,0.004,0.3,492809.0,64921929.0,1.316,1.321,1.31,1.317,0.84,1.78,0.3,13.86,202906.0,289903.0,2214389.0,3.41,3336208.0,5.14,-1121819.0,-1.73,-1919062.0,-2.96,-295326.0,-0.45,4502.0,1.32,1.321,2772675200.0,3662703939,3662703939,2026-09-09,2026-09-09 14:21:01+08:00
510210,上证指数ETF富国,1.01,1.0106,0.06,0.003,0.3,4410768.0,445060596.0,1.008,1.012,1.006,1.007,0.6,3.07,0.77,20.55,2225061.0,2185707.0,52621031.0,11.82,97830690.0,21.98,-45209659.0,-10.16,-37690923.0,-8.47,-14930106.0,-3.35,1093.0,1.009,1.01,14348192512.0,14491674437,14491674437,2026-09-09,2026-09-09 14:21:09+08:00
563050,央企科技ETF易方达,1.322,1.3247,0.2,0.004,0.3,39985.0,5307532.0,1.318,1.335,1.317,1.318,1.37,2.75,0.64,22.59,20602.0,19383.0,327156.0,6.16,245941.0,4.63,81215.0,1.53,97297.0,1.83,-424453.0,-8.0,160.0,1.323,1.324,145208400.0,191965505,191965505,2026-09-09,2026-09-09 14:20:55+08:00
159517,中证800增强ETF银华,1.34,1.3405,0.04,0.004,0.3,13154.0,1762677.0,1.34,1.343,1.336,1.336,0.52,15.05,0.66,7.31,6722.0,6432.0,-167261.0,-9.49,0.0,0.0,-167261.0,-9.49,129825.0,7.37,37435.0,2.12,1200.0,1.339,1.34,8742624.0,11715116,11715116,2026-09-09,2026-09-09 14:21:18+08:00
561890,A股ETF易方达,1.013,1.013,0.0,0.003,0.3,21739.0,2199953.0,1.011,1.015,1.008,1.01,0.69,5.29,0.88,-6.04,8395.0,13344.0,95430.0,4.34,0.0,0.0,95430.0,4.34,25636.0,1.17,-121065.0,-5.5,1059.0,1.012,1.013,41112600.0,41647064,41647064,2026-09-09,2026-09-09 14:20:55+08:00
159399,现金流ETF国泰,1.017,1.0191,0.21,0.003,0.3,1122917.0,114043905.2,1.014,1.019,1.009,1.014,0.99,2.6,0.83,47.86,529170.0,593747.0,10605450.0,9.3,10167737.0,8.92,437713.0,0.38,-6535380.0,-5.73,-4070070.0,-3.57,-20.0,1.017,1.018,4317194752.0,4390587063,4390587063,2026-09-09,2026-09-09 14:21:15+08:00
159277,港股通红利ETF富国,1.002,1.004,0.2,0.003,0.3,27974.0,2796446.906,0.993,1.004,0.992,0.999,1.2,8.1,0.58,2.1,16909.0,11065.0,43342.0,1.55,0.0,0.0,43342.0,1.55,-104399.0,-3.73,61056.0,2.18,95.0,1.001,1.003,34557011.0,34626125,34626125,2026-09-09,2026-09-09 14:21:18+08:00
159561,德国ETF嘉实,1.355,1.3619,0.51,0.004,0.3,275807.0,37338309.861,1.353,1.356,1.351,1.351,0.37,2.07,0.5,25.09,171715.0,104092.0,1682528.0,4.51,4563757.0,12.23,-2881229.0,-7.72,-1055969.0,-2.83,-626558.0,-1.68,-183.0,1.355,1.356,1329499488.0,1801471806,1801471806,2026-09-09,2026-09-09 14:21:15+08:00
159635,基建ETF华夏,1.007,1.0074,0.04,0.003,0.3,232320.0,23327659.3,1.004,1.007,0.999,1.004,0.8,16.73,1.02,14.98,122925.0,109395.0,-13709.0,-0.06,-163489.0,-0.7,149780.0,0.64,176332.0,0.76,-162625.0,-0.7,900.0,1.006,1.007,138846980.0,139818909,139818909,2026-09-09,2026-09-09 14:21:12+08:00
159906,深成长ETF大成,1.685,1.6855,0.03,0.005,0.3,29104.0,4898139.1,1.717,1.717,1.667,1.68,2.98,2.1,0.91,3.69,9960.0,19144.0,82680.0,1.69,59606.0,1.22,23074.0,0.47,-254147.0,-5.19,171466.0,3.5,-28.0,1.684,1.685,138639725.0,233607937,233607937,2026-09-09,2026-09-09 14:21:09+08:00
515310,沪深300ETF汇添富,1.378,1.3779,-0.01,0.004,0.29,73039.0,10049276.0,1.376,1.379,1.37,1.374,0.66,2.27,0.84,-6.93,34418.0,38621.0,762010.0,7.58,825653.0,8.22,-63643.0,-0.63,-444276.0,-4.42,-317735.0,-3.16,6.0,1.376,1.378,321611200.0,443180234,443180234,2026-09-09,2026-09-09 14:20:55+08:00
588160,科创新材料ETF南方,1.036,1.0364,0.04,0.003,0.29,1889324.0,196023201.0,1.038,1.05,1.028,1.033,2.13,21.07,1.3,8.76,875661.0,1013663.0,726807.0,0.37,2030372.0,1.04,-1303565.0,-0.67,1528780.0,0.78,-2255588.0,-1.15,-60.0,1.036,1.037,896496000.0,928769856,928769856,2026-09-09,2026-09-09 14:20:54+08:00
159393,沪深300ETF万家,4.922,4.9248,0.06,0.014,0.29,22561.0,11082796.7,4.906,4.932,4.896,4.908,0.73,2.51,0.46,37.94,11907.0,10654.0,-600303.0,-5.42,0.0,0.0,-600303.0,-5.42,694561.0,6.27,-94258.0,-0.85,200.0,4.917,4.92,89746342.0,441731495,441731495,2026-09-09,2026-09-09 14:21:18+08:00
515910,质量ETF中金,0.685,0.6852,0.03,0.002,0.29,58847.0,4024658.0,0.683,0.687,0.681,0.683,0.88,2.62,1.63,14.09,34201.0,24646.0,80236.0,1.99,810094.0,20.13,-729858.0,-18.13,-151471.0,-3.76,71235.0,1.77,100.0,0.683,0.685,224507000.0,153787295,153787295,2026-09-09,2026-09-09 14:21:03+08:00
561310,消电ETF国泰,0.699,0.7001,0.16,0.002,0.29,113716.0,7986618.0,0.697,0.709,0.695,0.697,2.01,10.55,0.96,11.73,46466.0,67250.0,211441.0,2.65,-195720.0,-2.45,407161.0,5.1,-88597.0,-1.11,-122844.0,-1.54,2.0,0.699,0.7,107833100.0,75375337,75375337,2026-09-09,2026-09-09 14:20:46+08:00
159211,深证100ETF富国,1.406,1.4085,0.18,0.004,0.29,2956.0,416601.8,1.402,1.411,1.399,1.402,0.86,1.25,0.32,-15.63,1578.0,1378.0,-12401.0,-2.98,0.0,0.0,-12401.0,-2.98,0.0,0.0,12400.0,2.98,8.0,1.406,1.408,23683294.0,33298711,33298711,2026-09-09,2026-09-09 14:21:21+08:00
510310,沪深300ETF易方达,4.504,4.5061,0.05,0.013,0.29,786741.0,353865827.0,4.498,4.511,4.48,4.491,0.69,0.69,0.66,19.2,481720.0,305021.0,28928972.0,8.18,79283968.0,22.41,-50354996.0,-14.23,-20402333.0,-5.77,-8526640.0,-2.41,250.0,4.502,4.504,11464844032.0,51637657520,51637657520,2026-09-09,2026-09-09 14:21:09+08:00
516570,石化ETF易方达,1.048,1.0492,0.11,0.003,0.29,286866.0,29959731.0,1.045,1.052,1.036,1.045,1.53,2.53,1.09,4.68,124335.0,162531.0,511254.0,1.71,-2050118.0,-6.84,2561372.0,8.55,201898.0,0.67,-713152.0,-2.38,-50.0,1.048,1.049,1132357600.0,1186710765,1186710765,2026-09-09,2026-09-09 14:20:56+08:00
159612,标普500ETF国泰,2.079,1.9309,-7.67,0.006,0.29,146090.0,30298113.7,2.072,2.08,2.065,2.073,0.72,2.95,1.15,11.55,93940.0,52150.0,1948333.0,6.43,-2955893.0,-9.76,4904226.0,16.19,494901.0,1.63,-2443235.0,-8.06,48.0,2.078,2.079,495898656.0,1030973306,1030973306,2026-09-09,2026-09-09 14:21:12+08:00
159216,深证100ETF大成,1.443,1.4443,0.09,0.004,0.28,14747.0,2124430.0,1.439,1.448,1.434,1.439,0.97,9.48,0.66,2.35,8614.0,6133.0,-58704.0,-2.76,0.0,0.0,-58704.0,-2.76,147560.0,6.95,-88857.0,-4.18,-221.0,1.443,1.444,15548250.0,22436125,22436125,2026-09-09,2026-09-09 14:21:18+08:00
159907,国证2000ETF广发,1.088,1.081,-0.65,0.003,0.28,98597.0,10701331.6,1.08,1.09,1.079,1.085,1.01,5.69,1.39,12.08,62112.0,36485.0,-297044.0,-2.78,2256479.0,21.09,-2553523.0,-23.86,104328.0,0.97,192715.0,1.8,1.0,1.087,1.088,173197694.0,188439091,188439091,2026-09-09,2026-09-09 14:21:09+08:00
510350,沪深300ETF工银,4.879,4.8809,0.04,0.013,0.27,28109.0,13691293.0,4.878,4.888,4.854,4.866,0.7,0.42,1.14,-12.8,12297.0,15812.0,441092.0,3.22,743373.0,5.43,-302281.0,-2.21,-445057.0,-3.25,3965.0,0.03,513.0,4.878,4.88,676914704.0,3302666841,3302666841,2026-09-09,2026-09-09 14:21:10+08:00
159791,300ESGETF华夏,1.094,1.0945,0.05,0.003,0.27,6653.0,727592.9,1.098,1.098,1.091,1.091,0.64,2.29,0.48,-3.44,3629.0,3024.0,-66112.0,-9.09,0.0,0.0,-66112.0,-9.09,56276.0,7.73,9835.0,1.35,-116.0,1.093,1.095,29083347.0,31817182,31817182,2026-09-09,2026-09-09 14:21:09+08:00
159775,电池ETF建信,0.74,0.7393,-0.09,0.002,0.27,162316.0,11956193.4,0.74,0.741,0.733,0.738,1.08,2.38,0.8,-8.34,76617.0,85699.0,-17720.0,-0.15,0.0,0.0,-17720.0,-0.15,-132550.0,-1.11,150269.0,1.26,-1354.0,0.739,0.74,682648960.0,505160230,505160230,2026-09-09,2026-09-09 14:21:12+08:00
159919,沪深300ETF嘉实,4.841,4.8418,0.02,0.013,0.27,857467.0,414759190.377,4.845,4.85,4.816,4.828,0.7,1.37,0.82,-2.73,419414.0,438053.0,11684594.0,2.82,12904827.0,3.11,-1220233.0,-0.29,-9847444.0,-2.37,-1837150.0,-0.44,-790.0,4.84,4.842,6257016576.0,30290217244,30290217244,2026-09-09,2026-09-09 14:21:09+08:00
515320,电子50ETF华安,1.491,1.4917,0.05,0.004,0.27,43887.0,6571480.0,1.501,1.51,1.481,1.487,1.95,4.91,0.59,-2.29,20148.0,23739.0,659175.0,10.03,0.0,0.0,659175.0,10.03,-702127.0,-10.68,42951.0,0.65,17.0,1.491,1.492,89309000.0,133159719,133159719,2026-09-09,2026-09-09 14:21:03+08:00
159391,大盘价值ETF博时,1.127,1.1283,0.12,0.003,0.27,13837.0,1557019.7,1.125,1.127,1.124,1.124,0.27,1.67,0.73,-0.12,5534.0,8303.0,-43954.0,-2.82,0.0,0.0,-43954.0,-2.82,63450.0,4.08,-19496.0,-1.25,-22.0,1.127,1.128,83076398.0,93627101,93627101,2026-09-09,2026-09-09 14:21:15+08:00
159975,深100ETF招商,0.743,0.7445,0.2,0.002,0.27,75108.0,5561940.4,0.741,0.748,0.739,0.741,1.21,13.8,1.61,-1.53,32586.0,42522.0,-65824.0,-1.18,0.0,0.0,-65824.0,-1.18,52368.0,0.94,13454.0,0.24,1600.0,0.743,0.744,54437760.0,40447256,40447256,2026-09-09,2026-09-09 14:20:54+08:00
563000,中国A50ETF易方达,1.121,1.1209,-0.01,0.003,0.27,130405.0,14586886.0,1.116,1.122,1.114,1.118,0.72,0.85,0.86,9.71,65133.0,65272.0,844077.0,5.79,0.0,0.0,844077.0,5.79,-753911.0,-5.17,-90166.0,-0.62,1223.0,1.12,1.121,1528451104.0,1713393688,1713393688,2026-09-09,2026-09-09 14:20:47+08:00
513800,日本东证指数ETF南方,1.915,1.9185,0.18,0.005,0.26,362054.0,69312254.0,1.958,1.958,1.909,1.91,2.57,3.49,0.9,-29.18,174807.0,187247.0,-6870157.0,-9.91,-19071304.0,-27.52,12201147.0,17.6,4836968.0,6.98,2033188.0,2.93,21.0,1.914,1.915,1036244400.0,1984408026,1984408026,2026-09-09,2026-09-09 14:21:03+08:00
561750,A50ETF博时,1.161,1.1608,-0.02,0.003,0.26,45955.0,5318257.0,1.157,1.162,1.154,1.158,0.69,7.29,3.29,0.12,21343.0,24612.0,317407.0,5.97,1453913.0,27.34,-1136506.0,-21.37,-384314.0,-7.23,66908.0,1.26,-592.0,1.159,1.163,62996000.0,73138356,73138356,2026-09-09,2026-09-09 14:20:47+08:00
560610,A500ETF招商,1.179,1.1788,-0.02,0.003,0.26,467100.0,55028757.0,1.177,1.181,1.172,1.176,0.77,0.89,0.74,-13.9,238235.0,228865.0,2171402.0,3.95,4169312.0,7.58,-1997910.0,-3.63,-2018303.0,-3.67,-153098.0,-0.28,40.0,1.178,1.179,5242988288.0,6181483192,6181483192,2026-09-09,2026-09-09 14:20:54+08:00
561930,沪深300ETF招商,1.562,1.5621,0.01,0.004,0.26,115281.0,17958399.0,1.561,1.563,1.554,1.558,0.58,6.16,1.88,-5.35,53934.0,61347.0,-322985.0,-1.8,0.0,0.0,-322985.0,-1.8,256869.0,1.43,66116.0,0.37,289.0,1.561,1.563,187260600.0,292501057,292501057,2026-09-09,2026-09-09 14:20:48+08:00
510300,沪深300ETF华泰柏瑞,4.636,4.6387,0.06,0.012,0.26,4180006.0,1936235572.0,4.638,4.645,4.613,4.624,0.69,1.77,0.69,-6.28,1819283.0,2360723.0,341046208.0,17.61,485440240.0,25.07,-144394032.0,-7.46,-121253324.0,-6.26,-219785923.0,-11.35,14.0,4.635,4.637,23648887808.0,109636243878,109636243878,2026-09-09,2026-09-09 14:21:10+08:00
510040,上证180ETF鹏华,1.163,1.1645,0.13,0.003,0.26,1325.0,153826.0,1.15,1.163,1.15,1.16,1.12,0.5,0.12,1.86,889.0,436.0,-51785.0,-33.66,0.0,0.0,-51785.0,-33.66,33205.0,21.59,18580.0,12.08,-4.0,1.163,1.166,26480000.0,30796240,30796240,2026-09-09,2026-09-09 14:21:02+08:00
159719,国企ETF平安,1.614,1.6142,0.01,0.004,0.25,20453.0,3293179.9,1.602,1.615,1.601,1.61,0.87,11.24,0.64,4.26,11961.0,8492.0,8763.0,0.27,0.0,0.0,8763.0,0.27,-19888.0,-0.6,11124.0,0.34,800.0,1.612,1.614,18195986.0,29368321,29368321,2026-09-09,2026-09-09 14:21:12+08:00
512990,MSCIA股ETF华夏,2.032,2.032,0.0,0.005,0.25,30128.0,6110861.0,2.026,2.034,2.023,2.027,0.54,3.04,1.04,0.9,14021.0,16107.0,553819.0,9.06,0.0,0.0,553819.0,9.06,-421100.0,-6.89,-132719.0,-2.17,1.0,2.031,2.033,99015400.0,201199293,201199293,2026-09-09,2026-09-09 14:21:06+08:00
159339,A500ETF银华,1.219,1.2186,-0.03,0.003,0.25,339948.0,41378111.844,1.216,1.221,1.211,1.216,0.82,1.87,0.68,-19.13,187679.0,152269.0,1863492.0,4.5,5094411.0,12.31,-3230919.0,-7.81,-1755386.0,-4.24,-108105.0,-0.26,2.0,1.218,1.219,1814086848.0,2211371868,2211371868,2026-09-09,2026-09-09 14:21:15+08:00
530280,上证180ETF平安,1.204,1.2051,0.09,0.003,0.25,350.0,42140.0,1.204,1.204,1.204,1.201,0.0,0.12,0.4,-12.35,350.0,,42140.0,100.0,0.0,0.0,42140.0,100.0,-37444.0,-88.86,-4695.0,-11.14,-350.0,1.203,1.206,29934000.0,36040536,36040536,2026-09-09,2026-09-09 14:20:59+08:00
510330,沪深300ETF华夏,4.835,4.8376,0.05,0.012,0.25,604038.0,291687249.0,4.829,4.843,4.81,4.823,0.68,0.72,0.8,34.74,373360.0,230678.0,45611571.0,15.64,89622624.0,30.73,-44011053.0,-15.09,-40332930.0,-13.83,-5278641.0,-1.81,10.0,4.833,4.835,8435949824.0,40787817399,40787817399,2026-09-09,2026-09-09 14:21:09+08:00
512050,A500ETF华夏,1.202,1.2027,0.06,0.003,0.25,8476004.0,1018319919.0,1.201,1.205,1.195,1.199,0.83,5.24,0.89,17.18,4264868.0,4211136.0,-669072.0,-0.07,229440.0,0.02,-898512.0,-0.09,1560865.0,0.15,-891781.0,-0.09,-6999.0,1.201,1.202,16186992128.0,19456764538,19456764538,2026-09-09,2026-09-09 14:21:10+08:00
560530,中证A500ETF摩根,1.208,1.2086,0.05,0.003,0.25,433145.0,52266054.0,1.205,1.21,1.201,1.205,0.75,1.08,0.85,-1.43,210926.0,222219.0,3335132.0,6.38,3795410.0,7.26,-460278.0,-0.88,-3046818.0,-5.83,-288314.0,-0.55,3800.0,1.207,1.208,4006623696.0,4840001425,4840001425,2026-09-09,2026-09-09 14:20:57+08:00
562910,高端制造ETF易方达,0.815,0.816,0.12,0.002,0.25,40872.0,3325268.0,0.81,0.817,0.81,0.813,0.86,1.38,0.47,-1.18,19853.0,21019.0,181517.0,5.46,0.0,0.0,181517.0,5.46,-212931.0,-6.4,31414.0,0.94,-3000.0,0.815,0.816,297227296.0,242240246,242240246,2026-09-09,2026-09-09 14:20:57+08:00
560820,中证A50ETF新华,1.191,1.1943,0.28,0.003,0.25,21.0,2499.0,1.19,1.191,1.19,1.188,0.08,0.01,0.05,33.55,,21.0,2380.0,95.24,0.0,0.0,2380.0,95.24,0.0,0.0,-2380.0,-95.24,-1.0,1.193,1.198,40926000.0,48742866,48742866,2026-09-09,2026-09-09 14:20:57+08:00
563800,A500ETF广发,1.206,1.2068,0.07,0.003,0.25,2483062.0,299297028.0,1.205,1.209,1.2,1.203,0.75,2.75,0.94,7.77,1173572.0,1309490.0,1223566.0,0.41,5136110.0,1.72,-3912544.0,-1.31,-741163.0,-0.25,-482404.0,-0.16,1.0,1.206,1.207,9040978176.0,10903419680,10903419680,2026-09-09,2026-09-09 14:20:54+08:00
159866,日经ETF工银,1.706,1.6689,-2.22,0.004,0.24,822038.0,140558724.472,1.716,1.718,1.699,1.702,1.12,7.1,0.67,-40.85,391854.0,430184.0,9161029.0,6.52,4933870.0,3.51,4227159.0,3.01,-7738754.0,-5.51,-1422275.0,-1.01,-493.0,1.705,1.706,1157479376.0,1974659815,1974659815,2026-09-09,2026-09-09 14:21:09+08:00
510320,沪深300ETF中金,1.246,1.2471,0.09,0.003,0.24,56928.0,7086487.0,1.244,1.247,1.241,1.243,0.48,0.89,0.49,-6.38,32625.0,24303.0,-524189.0,-7.4,0.0,0.0,-524189.0,-7.4,26260.0,0.37,497929.0,7.03,20.0,1.245,1.246,637068496.0,793787346,793787346,2026-09-09,2026-09-09 14:21:11+08:00
512800,银行ETF华宝,0.841,0.8411,0.01,0.002,0.24,6588521.0,553361510.0,0.838,0.844,0.835,0.839,1.07,5.69,0.72,29.56,3014063.0,3574457.0,6541404.0,1.18,8636192.0,1.56,-2094788.0,-0.38,-3112330.0,-0.56,-3429068.0,-0.62,30.0,0.84,0.841,11574880000.0,9734474080,9734474080,2026-09-09,2026-09-09 14:21:05+08:00
159691,港股红利ETF工银,1.231,1.2288,-0.18,0.003,0.24,2588304.0,316813630.522,1.225,1.232,1.216,1.228,1.3,6.97,2.36,10.86,1406695.0,1181609.0,-4497321.0,-1.42,32710685.0,10.32,-37208006.0,-11.74,-673199.0,-0.21,5170520.0,1.63,10.0,1.23,1.231,3711301392.0,4568612014,4568612014,2026-09-09,2026-09-09 14:21:09+08:00
560380,A100ETF南方,1.25,1.2504,0.03,0.003,0.24,57716.0,7206168.0,1.246,1.252,1.246,1.247,0.48,4.1,0.99,-1.49,30717.0,26999.0,-93826.0,-1.3,-2891810.0,-40.13,2797984.0,38.83,94951.0,1.32,-1125.0,-0.02,224.0,1.249,1.25,140861000.0,176076250,176076250,2026-09-09,2026-09-09 14:20:56+08:00
515380,沪深300ETF泰康,5.39,5.3915,0.03,0.013,0.24,20194.0,10872485.0,5.386,5.396,5.362,5.377,0.63,0.3,1.05,7.18,16506.0,3688.0,274795.0,2.53,-1589650.0,-14.62,1864445.0,17.15,394616.0,3.63,-669411.0,-6.16,-1.0,5.386,5.392,663399808.0,3575724965,3575724965,2026-09-09,2026-09-09 14:21:03+08:00
159686,A100ETF易方达,1.272,1.2727,0.06,0.003,0.24,55681.0,7072037.4,1.269,1.274,1.266,1.269,0.63,7.16,0.9,0.17,29314.0,26367.0,14304.0,0.2,0.0,0.0,14304.0,0.2,48628.0,0.69,-62933.0,-0.89,-1000.0,1.271,1.272,77815386.0,98981171,98981171,2026-09-09,2026-09-09 14:21:12+08:00
561770,A100ETF博时,1.238,1.2385,0.04,0.003,0.24,271.0,33562.0,1.237,1.24,1.233,1.235,0.57,0.08,0.02,-0.49,102.0,169.0,7527.0,22.43,0.0,0.0,7527.0,22.43,0.0,0.0,-7527.0,-22.43,-100.0,1.238,1.239,35550000.0,44010900,44010900,2026-09-09,2026-09-09 14:20:38+08:00
159547,红利低波ETF华夏,1.237,1.2372,0.02,0.003,0.24,777598.0,96134526.8,1.237,1.239,1.233,1.234,0.49,6.13,0.86,40.25,402402.0,375196.0,1666159.0,1.73,607249.0,0.63,1058910.0,1.1,-3213191.0,-3.34,1547032.0,1.61,1.0,1.236,1.237,1268286080.0,1568869881,1568869881,2026-09-09,2026-09-09 14:21:18+08:00
159631,A100ETF招商,1.232,1.2322,0.02,0.003,0.24,31900.0,3918143.9,1.233,1.234,1.226,1.229,0.65,8.11,1.1,-0.31,13523.0,18377.0,125533.0,3.2,0.0,0.0,125533.0,3.2,-160492.0,-4.1,34959.0,0.89,-1.0,1.231,1.232,39332605.0,48457769,48457769,2026-09-09,2026-09-09 14:21:12+08:00
159386,A500ETF永赢,1.271,1.2713,0.02,0.003,0.24,132988.0,16918267.4,1.272,1.275,1.265,1.268,0.79,22.98,1.89,7.62,81750.0,51238.0,1612448.0,9.53,2782886.0,16.45,-1170438.0,-6.92,-1592875.0,-9.42,-19572.0,-0.12,-450.0,1.27,1.272,57869559.0,73552209,73552209,2026-09-09,2026-09-09 14:21:18+08:00
563650,中证A500ETF兴业,1.275,1.2765,0.12,0.003,0.24,73803.0,9389906.0,1.281,1.282,1.268,1.272,1.1,5.24,1.95,7.48,42692.0,31111.0,427484.0,4.55,0.0,0.0,427484.0,4.55,-309577.0,-3.3,-117907.0,-1.26,-8.0,1.275,1.276,140909000.0,179658975,179658975,2026-09-09,2026-09-09 14:20:51+08:00
561230,中证A50ETF工银,1.323,1.3244,0.11,0.003,0.23,98942.0,13073486.0,1.324,1.326,1.317,1.32,0.68,2.19,0.91,29.41,45818.0,53124.0,396795.0,3.04,-1598692.0,-12.23,1995487.0,15.26,140967.0,1.08,-537762.0,-4.11,-47.0,1.323,1.325,452477808.0,598628140,598628140,2026-09-09,2026-09-09 14:20:57+08:00
510360,沪深300ETF广发,1.773,1.7744,0.08,0.004,0.23,136043.0,24112375.0,1.772,1.777,1.765,1.769,0.68,0.75,0.55,-12.29,65452.0,70591.0,3883397.0,16.11,1591212.0,6.6,2292185.0,9.51,-2547654.0,-10.57,-1335744.0,-5.54,-2.0,1.773,1.774,1820381200.0,3227535868,3227535868,2026-09-09,2026-09-09 14:21:09+08:00
512910,A100ETF广发,1.309,1.3088,-0.02,0.003,0.23,71805.0,9376086.0,1.307,1.31,1.302,1.306,0.61,5.48,1.2,2.45,35190.0,36615.0,292570.0,3.12,-702526.0,-7.49,995096.0,10.61,-281903.0,-3.01,-10667.0,-0.11,214.0,1.308,1.309,131128800.0,171647599,171647599,2026-09-09,2026-09-09 14:21:05+08:00
159588,石油ETF景顺,1.298,1.2973,-0.05,0.003,0.23,149564.0,19395462.9,1.293,1.307,1.284,1.295,1.78,3.44,1.54,-11.21,85718.0,63846.0,1675637.0,8.64,709528.0,3.66,966109.0,4.98,-698230.0,-3.6,-977408.0,-5.04,10.0,1.297,1.298,435284864.0,564999753,564999753,2026-09-09,2026-09-09 14:21:12+08:00
159518,标普油气ETF嘉实,1.334,1.3078,-2.0,0.003,0.23,3363401.0,449849169.8,1.338,1.357,1.317,1.331,3.01,20.25,1.23,-20.51,1519459.0,1843942.0,-14468419.0,-3.22,-3394823.0,-0.75,-11073596.0,-2.46,6352107.0,1.41,8116311.0,1.8,-8695.0,1.333,1.334,1661325376.0,2216208052,2216208052,2026-09-09,2026-09-09 14:21:18+08:00
510010,180治理ETF交银,1.781,1.7838,0.16,0.004,0.23,189.0,33562.0,1.777,1.792,1.772,1.777,1.13,0.01,0.95,-0.37,13.0,176.0,7778.0,23.18,0.0,0.0,7778.0,23.18,0.0,0.0,-7778.0,-23.18,-10.0,1.781,1.787,130524400.0,232463956,232463956,2026-09-09,2026-09-09 14:21:04+08:00
159376,A500ETF浦银,1.31,1.311,0.08,0.003,0.23,4025.0,527770.2,1.312,1.313,1.304,1.307,0.69,0.88,0.3,2.47,2001.0,2024.0,2745.0,0.52,2915.0,0.55,-170.0,-0.03,0.0,0.0,-2746.0,-0.52,-1.0,1.309,1.311,45922317.0,60158235,60158235,2026-09-09,2026-09-09 14:21:18+08:00
159358,中证A500ETF大成,1.307,1.3068,-0.02,0.003,0.23,526348.0,68700453.7,1.307,1.31,1.299,1.304,0.84,5.95,1.13,17.68,249681.0,276667.0,-1051135.0,-1.53,3928442.0,5.72,-4979577.0,-7.25,303239.0,0.44,747896.0,1.09,57.0,1.306,1.307,884106416.0,1155527086,1155527086,2026-09-09,2026-09-09 14:21:15+08:00
560750,A500ETF申万菱信,1.322,1.3221,0.01,0.003,0.23,8235.0,1086466.0,1.32,1.324,1.315,1.319,0.68,1.09,0.27,0.38,3477.0,4758.0,625090.0,57.53,0.0,0.0,625090.0,57.53,-613579.0,-56.47,-11512.0,-1.06,10.0,1.321,1.322,75554800.0,99883446,99883446,2026-09-09,2026-09-09 14:20:44+08:00
159362,A500ETF工银,1.294,1.2955,0.12,0.003,0.23,227086.0,29350232.088,1.294,1.297,1.288,1.291,0.7,1.4,0.76,-4.24,117737.0,109349.0,993323.0,3.38,1167929.0,3.98,-174606.0,-0.59,-1266851.0,-4.32,273528.0,0.93,-100.0,1.294,1.295,1619180192.0,2095219168,2095219168,2026-09-09,2026-09-09 14:21:09+08:00
159925,沪深300ETF南方,4.712,4.7129,0.02,0.011,0.23,87000.0,40943238.962,4.723,4.723,4.688,4.701,0.74,1.42,0.48,-3.25,45923.0,41077.0,2445602.0,5.97,4981669.0,12.17,-2536067.0,-6.19,-2993768.0,-7.31,548165.0,1.34,1.0,4.709,4.711,613220864.0,2889496711,2889496711,2026-09-09,2026-09-09 14:21:09+08:00
515330,沪深300ETF天弘,1.333,1.334,0.07,0.003,0.23,131941.0,17572674.0,1.332,1.335,1.326,1.33,0.68,0.21,1.61,12.47,67558.0,64383.0,473921.0,2.7,-3100711.0,-17.65,3574632.0,20.34,-202047.0,-1.15,-271873.0,-1.55,-188.0,1.332,1.334,6176709632.0,8233553939,8233553939,2026-09-09,2026-09-09 14:21:04+08:00
159360,A500ETF天弘,1.303,1.3047,0.13,0.003,0.23,203535.0,26504508.0,1.303,1.307,1.297,1.3,0.77,1.59,0.64,-0.52,82291.0,121244.0,5682.0,0.02,2423719.0,9.14,-2418037.0,-9.12,31783.0,0.12,-37465.0,-0.14,856.0,1.303,1.304,1280184528.0,1668080440,1668080440,2026-09-09,2026-09-09 14:21:18+08:00
159886,机械ETF富国,0.87,0.8697,-0.03,0.002,0.23,33447.0,2897632.3,0.868,0.871,0.861,0.868,1.15,4.46,0.74,8.59,14735.0,18712.0,-32625.0,-1.13,-449359.0,-15.51,416734.0,14.38,-55882.0,-1.93,88507.0,3.05,-1170.0,0.869,0.87,75042555.0,65287023,65287023,2026-09-09,2026-09-09 14:21:09+08:00
159215,A500ETF平安,1.294,1.2951,0.08,0.003,0.23,39992.0,5168085.7,1.293,1.297,1.288,1.291,0.7,0.42,0.71,-0.32,22018.0,17974.0,916237.0,17.73,0.0,0.0,916237.0,17.73,-689546.0,-13.34,-226690.0,-4.39,-105.0,1.293,1.294,955582800.0,1236524143,1236524143,2026-09-09,2026-09-09 14:21:24+08:00
510380,沪深300ETF国寿,1.381,1.3827,0.12,0.003,0.22,3609.0,498023.0,1.38,1.382,1.373,1.378,0.65,0.02,0.7,9.71,1555.0,2054.0,51055.0,10.25,0.0,0.0,51055.0,10.25,-49956.0,-10.03,-1100.0,-0.22,5.0,1.379,1.381,1461802400.0,2018749114,2018749114,2026-09-09,2026-09-09 14:21:08+08:00
159592,A50ETF银华,1.34,1.3396,-0.03,0.003,0.22,101862.0,13613727.238,1.337,1.342,1.332,1.337,0.75,1.73,0.69,-20.99,44674.0,57188.0,733599.0,5.39,703905.0,5.17,29694.0,0.22,-721100.0,-5.3,-12499.0,-0.09,80.0,1.339,1.34,590310464.0,791016022,791016022,2026-09-09,2026-09-09 14:21:09+08:00
159077,电池ETF鑫元,0.9,0.8985,-0.17,0.002,0.22,5239.0,469971.876,0.898,0.901,0.891,0.898,1.11,1.62,0.56,10.11,4097.0,1142.0,-132508.0,-28.19,0.0,0.0,-132508.0,-28.19,0.0,0.0,132508.0,28.19,12.0,0.898,0.9,32242574.0,29018317,29018317,2026-09-09,2026-09-09 14:21:30+08:00
512650,长三角ETF汇添富,1.339,1.3397,0.05,0.003,0.22,10160.0,1359601.0,1.335,1.356,1.316,1.336,2.99,3.28,0.57,5.26,5708.0,4452.0,259250.0,19.07,0.0,0.0,259250.0,19.07,-233162.0,-17.15,-26087.0,-1.92,-37.0,1.338,1.34,30941600.0,41430802,41430802,2026-09-09,2026-09-09 14:21:06+08:00
159300,沪深300ETF富国,4.965,4.9716,0.13,0.011,0.22,40852.0,20267869.9,4.958,4.974,4.942,4.954,0.65,1.15,0.3,57.22,22140.0,18712.0,-264174.0,-1.3,2120227.0,10.46,-2384401.0,-11.76,324013.0,1.6,-59838.0,-0.3,-30.0,4.964,4.967,356458096.0,1769814447,1769814447,2026-09-09,2026-09-09 14:21:18+08:00
512430,家居家电ETF华泰柏瑞,0.9,0.8995,-0.06,0.002,0.22,58287.0,5232044.0,0.895,0.9,0.895,0.898,0.56,20.29,3.96,12.39,37079.0,21208.0,-674.0,-0.01,206310.0,3.94,-206984.0,-3.96,25712.0,0.49,-25037.0,-0.48,1000.0,0.899,0.901,28720000.0,25848000,25848000,2026-09-09,2026-09-09 14:20:57+08:00
515390,沪深300ETF华安,1.352,1.3526,0.04,0.003,0.22,897662.0,121270617.0,1.351,1.354,1.345,1.349,0.67,4.67,1.08,11.45,425060.0,472602.0,-431461.0,-0.36,7899049.0,6.53,-8330510.0,-6.88,556580.0,0.46,-125120.0,-0.1,-2000.0,1.351,1.352,1922683008.0,2599467427,2599467427,2026-09-09,2026-09-09 14:21:02+08:00
159661,A100ETF嘉实,1.409,1.4093,0.02,0.003,0.21,30430.0,4279375.9,1.409,1.41,1.402,1.406,0.57,11.84,1.03,1.57,14604.0,15826.0,-232545.0,-5.43,0.0,0.0,-232545.0,-5.43,257024.0,6.01,-24480.0,-0.57,-800.0,1.408,1.409,25708213.0,36222872,36222872,2026-09-09,2026-09-09 14:21:09+08:00
159212,深100ETF南方,1.435,1.4353,0.02,0.003,0.21,88874.0,12740700.168,1.434,1.441,1.425,1.432,1.12,10.68,0.84,13.69,52878.0,35996.0,-1568183.0,-12.31,-2693541.0,-21.14,1125358.0,8.83,1325272.0,10.4,242911.0,1.91,-1220.0,1.434,1.435,83204367.0,119398267,119398267,2026-09-09,2026-09-09 14:21:24+08:00
561450,红利低波50ETF华泰柏瑞,0.973,0.9748,0.18,0.002,0.21,28035.0,2724796.0,0.97,0.975,0.968,0.971,0.72,3.52,0.79,-1.09,14675.0,13360.0,17615.0,0.65,-2011.0,-0.07,19626.0,0.72,-88078.0,-3.23,70464.0,2.59,2560.0,0.973,0.974,79624300.0,77474444,77474444,2026-09-09,2026-09-09 14:20:46+08:00
510910,上证指数ETF南方,0.987,0.9876,0.06,0.002,0.2,178674.0,17623243.0,0.985,0.988,0.983,0.985,0.51,11.62,1.01,8.61,82099.0,96575.0,1681448.0,9.54,3156141.0,17.91,-1474693.0,-8.37,-1013213.0,-5.75,-668236.0,-3.79,-2.0,0.986,0.987,153796000.0,151796652,151796652,2026-09-09,2026-09-09 14:21:01+08:00
159231,通用航空ETF华宝,0.507,0.508,0.2,0.001,0.2,102332.0,5207481.3,0.505,0.513,0.504,0.506,1.78,3.13,0.87,0.3,51302.0,51030.0,637671.0,12.25,558613.0,10.73,79058.0,1.52,-586026.0,-11.25,-51646.0,-0.99,-11.0,0.508,0.509,327091856.0,165835571,165835571,2026-09-09,2026-09-09 14:21:15+08:00
159997,电子ETF天弘,2.048,2.0501,0.1,0.004,0.2,223488.0,46051643.9,2.063,2.078,2.033,2.044,2.2,3.3,0.52,-61.67,113194.0,110294.0,52773.0,0.11,-2193812.0,-4.76,2246585.0,4.88,-2594513.0,-5.63,2541741.0,5.52,15.0,2.047,2.048,677306640.0,1387123999,1387123999,2026-09-09,2026-09-09 14:21:09+08:00
560570,A500红利ETF国联安,1.013,1.0121,-0.09,0.002,0.2,100264.0,10128601.0,1.011,1.013,1.005,1.011,0.79,0.87,0.75,3.83,48624.0,51640.0,-875403.0,-8.64,-869206.0,-8.58,-6197.0,-0.06,849065.0,8.38,26338.0,0.26,1.0,1.012,1.013,1154541200.0,1169550236,1169550236,2026-09-09,2026-09-09 14:20:49+08:00
516830,沪深300ESGETF富国,1.021,1.0228,0.18,0.002,0.2,32203.0,3288996.0,1.025,1.025,1.019,1.019,0.59,3.59,0.58,1.79,9898.0,22305.0,-51831.0,-1.58,0.0,0.0,-51831.0,-1.58,54065.0,1.64,-2234.0,-0.07,834.0,1.021,1.022,89676900.0,91560115,91560115,2026-09-09,2026-09-09 14:21:02+08:00
561730,A股ETF华夏,1.009,1.0087,-0.03,0.002,0.2,191309.0,19308537.0,1.007,1.012,1.004,1.007,0.79,22.05,1.03,3.84,87389.0,103919.0,2332787.0,12.08,8494614.0,43.99,-6161827.0,-31.91,-2168984.0,-11.23,-163803.0,-0.85,40.0,1.007,1.009,86748100.0,87528833,87528833,2026-09-09,2026-09-09 14:20:51+08:00
159178,消费电子ETF汇添富,1.008,1.0084,0.04,0.002,0.2,132462.0,13395696.6,1.009,1.024,1.001,1.006,2.29,12.93,0.78,-4.68,61495.0,70967.0,44701.0,0.33,372999.0,2.78,-328298.0,-2.45,250387.0,1.87,-295088.0,-2.2,10.0,1.007,1.008,102432994.0,103252458,103252458,2026-09-09,2026-09-09 14:21:24+08:00
159136,A50ETF广发,1.013,1.0118,-0.12,0.002,0.2,1936.0,195433.33,1.008,1.013,1.007,1.011,0.59,0.18,0.32,-14.37,1343.0,593.0,12626.0,6.46,0.0,0.0,12626.0,6.46,-50503.0,-25.84,37877.0,19.38,1.0,1.011,1.013,109414074.0,110836457,110836457,2026-09-09,2026-09-09 14:21:09+08:00
515130,沪深300ETF博时,1.534,1.5354,0.09,0.003,0.2,50311.0,7713577.0,1.531,1.537,1.527,1.531,0.65,5.16,1.1,-2.03,21903.0,28408.0,1148074.0,14.88,0.0,0.0,1148074.0,14.88,-851550.0,-11.04,-296524.0,-3.84,1.0,1.533,1.534,97463200.0,149508549,149508549,2026-09-09,2026-09-09 14:20:56+08:00
563510,A500红利低波ETF易方达,1.018,1.0172,-0.08,0.002,0.2,37019.0,3762452.0,1.015,1.018,1.011,1.016,0.69,1.32,0.91,5.34,27499.0,9520.0,-884551.0,-23.51,-1080155.0,-28.71,195604.0,5.2,-296059.0,-7.87,1180611.0,31.38,21.0,1.017,1.018,280537008.0,285586674,285586674,2026-09-09,2026-09-09 14:20:55+08:00
520810,港股通红利ETF易方达,1.04,1.0393,-0.07,0.002,0.19,40912.0,4253089.0,1.039,1.044,1.032,1.038,1.16,1.29,1.11,-0.83,24042.0,16870.0,-155736.0,-3.66,-1066580.0,-25.08,910844.0,21.42,43852.0,1.03,111885.0,2.63,-5.0,1.04,1.041,318360000.0,331094400,331094400,2026-09-09,2026-09-09 14:20:51+08:00
562070,沪深300指增ETF华宝,1.049,1.0506,0.15,0.002,0.19,71833.0,7524599.0,1.045,1.064,1.045,1.047,1.81,1.3,1.28,-1.55,27910.0,43923.0,-510753.0,-6.79,0.0,0.0,-510753.0,-6.79,443056.0,5.89,67696.0,0.9,-98.0,1.049,1.05,552542000.0,579616558,579616558,2026-09-09,2026-09-09 14:20:56+08:00
563600,A500增强ETF易方达,1.039,1.0408,0.17,0.002,0.19,1235.0,128139.0,1.041,1.041,1.034,1.037,0.68,0.19,0.18,-0.77,721.0,514.0,-22158.0,-17.29,0.0,0.0,-22158.0,-17.29,52582.0,41.04,-30425.0,-23.74,7.0,1.038,1.039,66483000.0,69075837,69075837,2026-09-09,2026-09-09 14:20:53+08:00
562310,沪深300成长ETF银华,1.051,1.0512,0.02,0.002,0.19,59790.0,6272112.0,1.048,1.059,1.044,1.049,1.43,1.42,0.59,-0.24,19613.0,40177.0,-385465.0,-6.15,536156.0,8.55,-921621.0,-14.69,351296.0,5.6,34169.0,0.54,20.0,1.05,1.051,420572304.0,442021492,442021492,2026-09-09,2026-09-09 14:20:51+08:00
512030,中证A50增强ETF易方达,1.112,1.1116,-0.04,0.002,0.18,13654.0,1516177.0,1.109,1.112,1.105,1.11,0.63,3.16,1.61,-2.43,2058.0,11596.0,46488.0,3.07,0.0,0.0,46488.0,3.07,-23532.0,-1.55,-22956.0,-1.51,-1720.0,1.111,1.112,43240000.0,48082880,48082880,2026-09-09,2026-09-09 14:21:10+08:00
516970,基建ETF广发,1.118,1.1185,0.04,0.002,0.18,186249.0,20807694.0,1.118,1.122,1.112,1.116,0.9,1.62,0.87,-16.75,99906.0,86343.0,-605823.0,-2.91,858159.0,4.12,-1463982.0,-7.04,6497.0,0.03,599324.0,2.88,224.0,1.118,1.119,1153042496.0,1289101511,1289101511,2026-09-09,2026-09-09 14:21:02+08:00
560050,中国A50ETF汇添富,1.092,1.0927,0.06,0.002,0.18,424442.0,46270465.0,1.091,1.094,1.085,1.09,0.83,1.94,0.82,-9.61,184693.0,239749.0,2630041.0,5.68,1287985.0,2.78,1342056.0,2.9,-2292568.0,-4.95,-337473.0,-0.73,-57.0,1.092,1.093,2184934400.0,2385948365,2385948365,2026-09-09,2026-09-09 14:21:02+08:00
159980,有色ETF大成,2.199,2.1999,0.04,0.004,0.18,1808054.0,396918417.6,2.196,2.201,2.188,2.195,0.59,5.86,1.18,-17.29,968275.0,839779.0,-4724286.0,-1.19,-30750153.0,-7.75,26025867.0,6.56,6313698.0,1.59,-1589412.0,-0.4,-83.0,2.199,2.2,3082824784.0,6779131700,6779131700,2026-09-09,2026-09-09 14:21:09+08:00
510600,上证50ETF申万菱信,3.872,3.8702,-0.05,0.007,0.18,3583.0,1386984.0,3.86,3.876,3.86,3.865,0.41,2.63,0.61,-1.67,772.0,2811.0,281688.0,20.31,0.0,0.0,281688.0,20.31,-360614.0,-26.0,78926.0,5.69,1.0,3.872,3.876,13615100.0,52717667,52717667,2026-09-09,2026-09-09 14:21:08+08:00
159601,A50ETF华夏,1.116,1.1156,-0.04,0.002,0.18,449820.0,50092466.7,1.113,1.118,1.108,1.114,0.9,3.22,0.95,-10.86,219668.0,230152.0,1293466.0,2.58,-399877.0,-0.8,1693343.0,3.38,-922732.0,-1.84,-370734.0,-0.74,382.0,1.115,1.116,1395988080.0,1557922697,1557922697,2026-09-09,2026-09-09 14:21:12+08:00
159525,红利低波ETF富国,1.128,1.1285,0.04,0.002,0.18,247738.0,27885129.6,1.125,1.13,1.119,1.126,0.98,5.58,1.34,15.91,139631.0,108107.0,416319.0,1.49,-3346666.0,-12.0,3762985.0,13.49,45214.0,0.16,-461532.0,-1.66,794.0,1.127,1.128,443743744.0,500542943,500542943,2026-09-09,2026-09-09 14:21:18+08:00
560670,银行ETF华泰柏瑞,1.087,1.087,0.0,0.002,0.18,94682.0,10269917.0,1.084,1.089,1.01,1.085,7.28,23.39,0.92,-3.82,57566.0,37116.0,586576.0,5.71,0.0,0.0,586576.0,5.71,-432076.0,-4.21,-154499.0,-1.5,-47.0,1.086,1.087,40474000.0,43995238,43995238,2026-09-09,2026-09-09 14:20:54+08:00
588240,科创200ETF鹏华,1.632,1.6302,-0.11,0.003,0.18,295530.0,48435359.0,1.64,1.659,1.621,1.629,2.33,25.34,1.01,4.92,183228.0,112302.0,-105335.0,-0.22,-5846.0,-0.01,-99489.0,-0.21,-2973.0,-0.01,108307.0,0.22,20.0,1.63,1.631,116633000.0,190345056,190345056,2026-09-09,2026-09-09 14:20:53+08:00
159133,化工ETF天弘,1.106,1.1072,0.11,0.002,0.18,396233.0,43600114.7,1.104,1.109,1.093,1.104,1.45,2.55,1.46,-13.44,169609.0,226624.0,-417648.0,-0.96,-1681812.0,-3.86,1264164.0,2.9,183078.0,0.42,234569.0,0.54,-2.0,1.106,1.107,1553413344.0,1718075158,1718075158,2026-09-09,2026-09-09 14:21:24+08:00
560150,红利低波ETF泰康,1.156,1.1578,0.16,0.002,0.17,60389.0,6963676.0,1.155,1.158,1.148,1.154,0.87,0.9,0.87,0.22,28955.0,31434.0,77147.0,1.11,190650.0,2.74,-113503.0,-1.63,-77813.0,-1.12,665.0,0.01,-1957.0,1.156,1.157,670279296.0,774842866,774842866,2026-09-09,2026-09-09 14:20:56+08:00
561090,A500增强ETF华安,1.214,1.2144,0.03,0.002,0.17,26026.0,3155956.0,1.216,1.217,1.207,1.212,0.83,1.24,0.54,-9.46,9590.0,16436.0,356282.0,11.29,58806.0,1.86,297476.0,9.43,-170138.0,-5.39,-186145.0,-5.9,1.0,1.212,1.214,209974000.0,254908436,254908436,2026-09-09,2026-09-09 14:20:56+08:00
530530,上证580ETF华夏,1.155,1.1584,0.29,0.002,0.17,12456.0,1441511.0,1.161,1.163,1.152,1.153,0.95,0.93,0.95,-3.58,5505.0,6951.0,19182.0,1.33,0.0,0.0,19182.0,1.33,-36623.0,-2.54,17441.0,1.21,-1775.0,1.154,1.156,134460000.0,155301300,155301300,2026-09-09,2026-09-09 14:20:59+08:00
159933,金融地产ETF国投瑞银,2.94,2.9461,0.21,0.005,0.17,3071.0,899582.46,2.935,2.944,2.913,2.935,1.06,0.83,2.11,0.69,733.0,2338.0,-197778.0,-21.99,0.0,0.0,-197778.0,-21.99,177810.0,19.77,19966.0,2.22,-55.0,2.94,2.944,36878943.0,108424092,108424092,2026-09-09,2026-09-09 14:21:09+08:00
562000,A100ETF华宝,0.596,0.5964,0.07,0.001,0.17,27763.0,1649497.0,0.595,0.596,0.593,0.595,0.5,0.47,0.43,9.0,11862.0,15901.0,-117822.0,-7.14,-297000.0,-18.01,179178.0,10.86,101507.0,6.15,16314.0,0.99,50.0,0.595,0.596,596737904.0,355655791,355655791,2026-09-09,2026-09-09 14:20:52+08:00
530580,上证180ETF南方,1.169,1.1708,0.15,0.002,0.17,43299.0,5061098.0,1.166,1.173,1.166,1.167,0.6,8.15,0.48,3.69,16843.0,26456.0,-28525.0,-0.56,24109.0,0.48,-52634.0,-1.04,36272.0,0.72,-7746.0,-0.15,-900.0,1.169,1.171,53149000.0,62131181,62131181,2026-09-09,2026-09-09 14:20:58+08:00
159351,A500ETF嘉实,1.205,1.2071,0.17,0.002,0.17,2823033.0,340151886.275,1.204,1.209,1.199,1.203,0.83,3.91,0.86,39.27,1322196.0,1500837.0,1811967.0,0.53,21219053.0,6.24,-19407086.0,-5.71,-1026588.0,-0.3,-785382.0,-0.23,-5038.0,1.205,1.206,7211123456.0,8689403764,8689403764,2026-09-09,2026-09-09 14:21:18+08:00
159153,消费电子ETF鹏华,1.15,1.1523,0.2,0.002,0.17,61837.0,7156923.9,1.157,1.17,1.143,1.148,2.35,6.26,0.74,-23.64,31736.0,30101.0,381721.0,5.33,0.0,0.0,381721.0,5.33,-526554.0,-7.36,144833.0,2.02,-125.0,1.15,1.151,98725988.0,113534886,113534886,2026-09-09,2026-09-09 14:21:24+08:00
563020,红利低波ETF易方达,1.201,1.2024,0.12,0.002,0.17,2058573.0,247121928.0,1.198,1.204,1.193,1.199,0.92,1.99,0.81,44.5,988308.0,1070265.0,13128272.0,5.31,7151087.0,2.89,5977185.0,2.42,-8896583.0,-3.6,-4231689.0,-1.71,-95.0,1.201,1.202,10357910016.0,12439849929,12439849929,2026-09-09,2026-09-09 14:20:57+08:00
563520,沪深300ETF永赢,1.192,1.1934,0.12,0.002,0.17,100444.0,11961932.0,1.191,1.195,1.187,1.19,0.67,2.26,0.78,26.5,27839.0,72605.0,-384151.0,-3.21,-2148832.0,-17.96,1764681.0,14.75,406558.0,3.4,-22406.0,-0.19,100.0,1.192,1.194,445065008.0,530517490,530517490,2026-09-09,2026-09-09 14:20:51+08:00
560180,沪深300ESGETF南方,1.182,1.1838,0.15,0.002,0.17,17463.0,2060324.0,1.182,1.182,1.178,1.18,0.34,11.19,0.92,-2.25,5820.0,11643.0,118.0,0.01,0.0,0.0,118.0,0.01,0.0,0.0,-118.0,-0.01,-1.0,1.182,1.184,15603000.0,18442746,18442746,2026-09-09,2026-09-09 14:20:42+08:00
159290,创业板综指增强ETF东财,1.146,1.1453,-0.06,0.002,0.17,12780.0,1466535.144,1.148,1.156,1.137,1.144,1.66,2.83,0.72,-8.89,4623.0,8157.0,102204.0,6.97,0.0,0.0,102204.0,6.97,-139281.0,-9.5,37078.0,2.53,5.0,1.143,1.145,45100396.0,51685054,51685054,2026-09-09,2026-09-09 14:21:18+08:00
515800,中证800ETF汇添富,1.277,1.2769,-0.01,0.002,0.16,873398.0,111342373.0,1.275,1.279,1.269,1.275,0.78,2.28,1.24,-3.6,319449.0,553949.0,7946857.0,7.14,13983778.0,12.56,-6036921.0,-5.42,-7472136.0,-6.71,-474721.0,-0.43,32.0,1.276,1.277,3822437200.0,4881252304,4881252304,2026-09-09,2026-09-09 14:21:03+08:00
562330,中证500价值ETF银华,1.249,1.2517,0.22,0.002,0.16,2098.0,260297.0,1.254,1.277,1.239,1.247,3.05,1.75,0.42,-0.3,212.0,1886.0,-7316.0,-2.81,0.0,0.0,-7316.0,-2.81,0.0,0.0,7316.0,2.81,-3.0,1.249,1.251,12018900.0,15011606,15011606,2026-09-09,2026-09-09 14:20:46+08:00
159390,中证A50ETF国联,1.238,1.2385,0.04,0.002,0.16,53119.0,6556166.042,1.235,1.239,1.231,1.236,0.65,4.86,1.49,6.01,23534.0,29585.0,-66773.0,-1.02,0.0,0.0,-66773.0,-1.02,-69370.0,-1.06,136144.0,2.08,-10.0,1.237,1.239,109268771.0,135274738,135274738,2026-09-09,2026-09-09 14:21:09+08:00
513830,港股通高股息ETF嘉实,1.215,1.2182,0.26,0.002,0.16,18470.0,2245252.0,1.208,1.218,1.204,1.213,1.15,3.5,1.44,17.2,12443.0,6027.0,-704065.0,-31.36,-1095300.0,-48.78,391235.0,17.42,532742.0,23.73,171322.0,7.63,13.0,1.214,1.216,52811000.0,64165365,64165365,2026-09-09,2026-09-09 14:20:56+08:00
563550,A500增强ETF摩根,1.254,1.2547,0.06,0.002,0.16,41893.0,5253307.0,1.254,1.257,1.248,1.252,0.72,5.07,0.4,2.27,24714.0,17179.0,44316.0,0.84,29889.0,0.57,14427.0,0.27,-42136.0,-0.8,-2180.0,-0.04,1414.0,1.253,1.254,82559000.0,103528986,103528986,2026-09-09,2026-09-09 14:20:53+08:00
159240,A500增强ETF天弘,1.289,1.2866,-0.19,0.002,0.16,537.0,69178.6,1.288,1.289,1.283,1.287,0.47,0.3,0.11,0.11,133.0,404.0,39729.0,57.43,0.0,0.0,39729.0,57.43,-46790.0,-67.64,7061.0,10.21,3.0,1.286,1.288,17619776.0,22711891,22711891,2026-09-09,2026-09-09 14:21:09+08:00
159357,A500ETF博时,1.275,1.2767,0.13,0.002,0.16,67965.0,8657866.45,1.273,1.278,1.269,1.273,0.71,0.56,0.46,-15.98,32366.0,35599.0,400082.0,4.62,0.0,0.0,400082.0,4.62,-361012.0,-4.17,-39069.0,-0.45,100.0,1.275,1.276,1219833840.0,1555288146,1555288146,2026-09-09,2026-09-09 14:21:12+08:00
563660,A500ETF银河,1.239,1.2401,0.09,0.002,0.16,1792.0,221872.0,1.236,1.239,1.236,1.237,0.24,0.27,0.15,-5.76,,1792.0,217909.0,98.21,0.0,0.0,217909.0,98.21,-189100.0,-85.23,-28810.0,-12.98,-573.0,1.238,1.24,66085200.0,81879563,81879563,2026-09-09,2026-09-09 14:20:44+08:00
159361,A500ETF易方达,1.231,1.2325,0.12,0.002,0.16,8833411.0,1086776225.524,1.229,1.234,1.224,1.229,0.81,3.77,0.82,26.65,4198113.0,4635298.0,4622571.0,0.43,64790960.0,5.96,-60168389.0,-5.54,-4316794.0,-0.4,-305780.0,-0.03,-466.0,1.23,1.231,23453090304.0,28870754164,28870754164,2026-09-09,2026-09-09 14:21:18+08:00
159632,纳斯达克ETF华安,2.473,2.2647,-9.2,0.004,0.16,644031.0,158947080.3,2.472,2.475,2.461,2.469,0.57,1.29,0.91,-14.51,372363.0,271668.0,-26906696.0,-16.93,-16768431.0,-10.55,-10138265.0,-6.38,5792322.0,3.64,21114375.0,13.28,-2311.0,2.472,2.473,5006720768.0,12381620459,12381620459,2026-09-09,2026-09-09 14:21:12+08:00
159687,亚太精选ETF南方,1.892,1.8656,-1.42,0.003,0.16,930504.0,176497291.4,1.9,1.91,1.884,1.889,1.38,5.81,1.56,7.55,458829.0,471675.0,-12035425.0,-6.82,-11808584.0,-6.69,-226841.0,-0.13,7982187.0,4.52,4053240.0,2.3,265.0,1.891,1.892,1601828656.0,3030659817,3030659817,2026-09-09,2026-09-09 14:21:12+08:00
159673,沪深300ETF鹏华,1.277,1.2782,0.09,0.002,0.16,792635.0,101164191.6,1.276,1.281,1.27,1.275,0.86,4.41,1.66,9.57,438116.0,354519.0,1016914.0,1.01,-2251566.0,-2.23,3268480.0,3.23,-1168954.0,-1.16,152039.0,0.15,1.0,1.277,1.278,1797528384.0,2295443746,2295443746,2026-09-09,2026-09-09 14:21:09+08:00
560350,中证A50ETF摩根,1.259,1.2601,0.09,0.002,0.16,164898.0,20730138.0,1.257,1.263,1.252,1.257,0.88,1.96,0.98,59.37,79058.0,85840.0,2642151.0,12.75,407437.0,1.97,2234714.0,10.78,101738.0,0.49,-2743888.0,-13.24,-94.0,1.259,1.26,841532096.0,1059488909,1059488909,2026-09-09,2026-09-09 14:20:56+08:00
530080,上证180ETF天弘,1.232,1.2331,0.09,0.002,0.16,55151.0,6790702.0,1.233,1.235,1.227,1.23,0.65,22.13,1.52,0.75,27462.0,27689.0,-158676.0,-2.34,315729.0,4.65,-474405.0,-6.99,136303.0,2.01,22373.0,0.33,3049.0,1.232,1.234,24917000.0,30697744,30697744,2026-09-09,2026-09-09 14:20:56+08:00
561880,A100ETF华富,1.261,1.262,0.08,0.002,0.16,23362.0,2941191.0,1.262,1.263,1.256,1.259,0.56,2.77,0.74,-3.52,12801.0,10561.0,-1288.0,-0.04,0.0,0.0,-1288.0,-0.04,-19245.0,-0.65,20534.0,0.7,2000.0,1.261,1.262,84389000.0,106414529,106414529,2026-09-09,2026-09-09 14:20:29+08:00
159973,民企ETF弘毅远方,1.875,1.8781,0.17,0.003,0.16,2247.0,420897.5,1.872,1.883,1.865,1.872,0.96,0.11,0.59,-1.02,707.0,1540.0,-7851.0,-1.87,0.0,0.0,-7851.0,-1.87,-44518.0,-10.58,52369.0,12.44,-1.0,1.876,1.88,199976423.0,374955793,374955793,2026-09-09,2026-09-09 14:21:09+08:00
588820,科创200ETF华夏,1.899,1.8996,0.03,0.003,0.16,71160.0,13545844.0,1.915,1.933,1.885,1.896,2.53,4.7,0.82,20.99,35879.0,35281.0,15484.0,0.11,0.0,0.0,15484.0,0.11,-259114.0,-1.91,243632.0,1.8,3.0,1.898,1.9,151400000.0,287508600,287508600,2026-09-09,2026-09-09 14:20:50+08:00
513950,恒生红利ETF富国,1.261,1.2625,0.12,0.002,0.16,148710.0,18715118.0,1.26,1.263,1.251,1.259,0.95,0.63,0.59,1.13,76070.0,72640.0,-154321.0,-0.82,-147298.0,-0.79,-7023.0,-0.04,389670.0,2.08,-235349.0,-1.26,1.0,1.26,1.261,2375119008.0,2995025069,2995025069,2026-09-09,2026-09-09 14:21:01+08:00
563220,A500ETF富国,1.257,1.258,0.08,0.002,0.16,962576.0,120983920.0,1.255,1.26,1.251,1.255,0.72,1.51,0.82,13.56,445037.0,517539.0,1246246.0,1.03,-135784.0,-0.11,1382030.0,1.14,-1151118.0,-0.95,-95128.0,-0.08,-5859.0,1.256,1.257,6383013632.0,8023448135,8023448135,2026-09-09,2026-09-09 14:20:51+08:00
159909,TMT50ETF招商,1.299,1.3007,0.13,0.002,0.15,57379.0,7520720.3,1.31,1.319,1.292,1.297,2.08,1.08,1.87,1.21,17902.0,39477.0,1367433.0,18.18,3610560.0,48.01,-2243127.0,-29.83,-1263831.0,-16.8,-103603.0,-1.38,-13.0,1.3,1.302,531562000.0,690499038,690499038,2026-09-09,2026-09-09 14:21:09+08:00
159696,纳指ETF易方达,2.042,1.8564,-10.0,0.003,0.15,278951.0,56891073.4,2.04,2.045,2.036,2.039,0.44,0.97,0.88,-9.17,156994.0,121957.0,1346896.0,2.37,9751784.0,17.14,-8404888.0,-14.77,-2938316.0,-5.16,1591421.0,2.8,2.0,2.041,2.042,2877824032.0,5876516673,5876516673,2026-09-09,2026-09-09 14:21:12+08:00
159380,A500ETF东财,1.345,1.3467,0.13,0.002,0.15,24245.0,3256797.7,1.343,1.348,1.338,1.343,0.74,1.54,0.67,2.96,10366.0,13879.0,246986.0,7.58,0.0,0.0,246986.0,7.58,235297.0,7.22,-482283.0,-14.81,22.0,1.344,1.345,157804337.0,212246833,212246833,2026-09-09,2026-09-09 14:21:18+08:00
512090,MSCIA股ETF易方达,1.984,1.9838,-0.01,0.003,0.15,261310.0,51796740.0,1.978,1.987,1.973,1.981,0.71,7.93,0.89,-1.24,140072.0,121238.0,129360.0,0.25,3586161.0,6.92,-3456801.0,-6.67,-70124.0,-0.14,-59235.0,-0.11,-757.0,1.982,1.984,329592304.0,653911131,653911131,2026-09-09,2026-09-09 14:21:04+08:00
159595,中证A50ETF大成,1.361,1.3601,-0.07,0.002,0.15,687935.0,93415153.5,1.358,1.363,1.353,1.359,0.74,7.54,1.22,-42.11,251666.0,436269.0,-10866067.0,-11.63,-4703638.0,-5.04,-6162429.0,-6.6,3553531.0,3.8,7312536.0,7.83,-2861.0,1.36,1.361,912113248.0,1241386131,1241386131,2026-09-09,2026-09-09 14:21:12+08:00
159732,消费电子ETF华夏,1.325,1.3251,0.01,0.002,0.15,1542810.0,205593197.2,1.331,1.345,1.315,1.323,2.27,6.45,0.72,27.38,852224.0,690586.0,20199473.0,9.82,-814833.0,-0.4,21014306.0,10.22,-10510747.0,-5.11,-9688725.0,-4.71,4.0,1.324,1.325,2392447904.0,3169993473,3169993473,2026-09-09,2026-09-09 14:21:12+08:00
159895,物联网ETF易方达,1.356,1.3555,-0.04,0.002,0.15,27507.0,3728894.2,1.371,1.38,1.34,1.354,2.95,3.71,0.92,2.3,9065.0,18442.0,-63795.0,-1.71,0.0,0.0,-63795.0,-1.71,2087.0,0.06,61708.0,1.65,7.0,1.355,1.356,74241864.0,100671968,100671968,2026-09-09,2026-09-09 14:21:09+08:00
159330,沪深300ETF东财,1.432,1.4347,0.19,0.002,0.14,103677.0,14847118.6,1.431,1.435,1.426,1.43,0.63,2.43,0.82,-29.24,51520.0,52157.0,3140903.0,21.15,2415809.0,16.27,725094.0,4.88,-1738482.0,-11.71,-1402421.0,-9.45,-144.0,1.432,1.433,425801008.0,609747043,609747043,2026-09-09,2026-09-09 14:21:18+08:00
562340,中证500成长ETF银华,1.433,1.4388,0.4,0.002,0.14,124.0,17750.0,1.431,1.433,1.431,1.431,0.14,0.15,0.02,7.11,64.0,60.0,5729.0,32.28,0.0,0.0,5729.0,32.28,0.0,0.0,-5729.0,-32.28,2.0,1.434,1.439,8144300.0,11670782,11670782,2026-09-09,2026-09-09 14:20:37+08:00
159509,纳指科技ETF景顺,2.848,2.2759,-25.14,0.004,0.14,914054.0,260068036.222,2.841,2.85,2.84,2.844,0.35,1.38,0.56,-46.26,482017.0,432038.0,-18447316.0,-7.09,-5200964.0,-2.0,-13246352.0,-5.09,3643423.0,1.4,14803891.0,5.69,5.0,2.847,2.848,6621564160.0,18858214728,18858214728,2026-09-09,2026-09-09 14:21:18+08:00
159923,中证A100ETF大成,2.137,2.1396,0.12,0.003,0.14,15895.0,3394972.6,2.134,2.141,2.129,2.134,0.56,14.08,0.98,-0.09,6458.0,9437.0,706818.0,20.82,0.0,0.0,706818.0,20.82,-676451.0,-19.93,-30369.0,-0.89,-5.0,2.137,2.139,11285812.0,24117780,24117780,2026-09-09,2026-09-09 14:21:09+08:00
510800,上证50ETF建信,1.399,1.398,-0.07,0.002,0.14,2885.0,402552.0,1.397,1.4,1.393,1.397,0.5,0.17,0.19,12.35,1038.0,1847.0,-61668.0,-15.32,0.0,0.0,-61668.0,-15.32,27266.0,6.77,34402.0,8.55,1.0,1.398,1.399,174576000.0,244231824,244231824,2026-09-09,2026-09-09 14:21:09+08:00
561600,消费电子ETF平安,0.725,0.7264,0.19,0.001,0.14,214212.0,15639418.0,0.728,0.737,0.721,0.724,2.21,7.13,1.07,6.09,98002.0,116210.0,912671.0,5.84,-774709.0,-4.95,1687380.0,10.79,-567990.0,-3.63,-344681.0,-2.2,-313.0,0.725,0.727,300548000.0,217897300,217897300,2026-09-09,2026-09-09 14:20:53+08:00
510710,上证50ETF博时,4.316,4.3108,-0.12,0.006,0.14,2369.0,1020462.0,4.307,4.316,4.298,4.31,0.42,0.23,0.18,-28.84,80.0,2289.0,431528.0,42.29,0.0,0.0,431528.0,42.29,-366585.0,-35.92,-64944.0,-6.36,480.0,4.311,4.314,103418900.0,446355972,446355972,2026-09-09,2026-09-09 14:21:10+08:00
563350,A50ETF华泰柏瑞,1.407,1.4068,-0.01,0.002,0.14,104493.0,14670612.0,1.407,1.409,1.4,1.405,0.64,6.08,1.33,8.84,48655.0,55838.0,-846053.0,-5.77,-1095130.0,-7.46,249077.0,1.7,833696.0,5.68,12356.0,0.08,-1275.0,1.406,1.408,171997600.0,242000623,242000623,2026-09-09,2026-09-09 14:20:51+08:00
510050,上证50ETF华夏,3.021,3.0202,-0.03,0.004,0.13,1582447.0,477338087.0,3.013,3.026,3.008,3.017,0.6,2.25,0.44,0.53,799190.0,783257.0,9379321.0,1.96,3739582.0,0.78,5639739.0,1.18,-10916605.0,-2.29,1537284.0,0.32,1225.0,3.02,3.021,7018866688.0,21203996264,21203996264,2026-09-09,2026-09-09 14:21:10+08:00
510180,上证180ETF华安,3.964,3.9665,0.06,0.005,0.13,136791.0,54152222.0,3.956,3.972,3.947,3.959,0.63,0.31,0.98,0.11,74752.0,62039.0,-752579.0,-1.39,-1129516.0,-2.09,376937.0,0.7,-846628.0,-1.56,1599208.0,2.95,5.0,3.963,3.965,4421057792.0,17525073087,17525073087,2026-09-09,2026-09-09 14:21:07+08:00
159659,纳斯达克100ETF招商,2.362,2.1542,-9.65,0.003,0.13,453671.0,106887207.794,2.362,2.364,2.35,2.359,0.59,0.99,0.99,-28.08,224276.0,229395.0,-3680963.0,-3.44,4411494.0,4.13,-8092457.0,-7.57,-1414283.0,-1.32,5095245.0,4.77,2.0,2.361,2.362,4571744000.0,10798459328,10798459328,2026-09-09,2026-09-09 14:21:12+08:00
560410,电池ETF鹏华,0.791,0.791,0.0,0.001,0.13,9233.0,727605.0,0.789,0.792,0.783,0.79,1.14,1.57,0.87,12.19,4490.0,4743.0,-300985.0,-41.37,-22363.0,-3.07,-278622.0,-38.29,134350.0,18.46,166634.0,22.9,2.0,0.79,0.791,58786100.0,46499805,46499805,2026-09-09,2026-09-09 14:20:57+08:00
515350,沪深300ETF民生加银,6.216,6.2188,0.05,0.008,0.13,2211.0,1374572.0,6.21,6.226,6.21,6.208,0.26,1.75,0.29,-22.26,1003.0,1208.0,589401.0,42.88,0.0,0.0,589401.0,42.88,-525982.0,-38.27,-63419.0,-4.61,-1.0,6.214,6.223,12599200.0,78316627,78316627,2026-09-09,2026-09-09 14:21:02+08:00
563330,A股ETF华泰柏瑞,4.204,4.204,0.0,0.005,0.12,51351.0,21583984.0,4.2,4.216,4.182,4.199,0.81,14.82,0.73,9.63,20442.0,30909.0,-1475956.0,-6.84,185288.0,0.86,-1661244.0,-7.7,509060.0,2.36,966895.0,4.48,71.0,4.2,4.204,34660600.0,145713162,145713162,2026-09-09,2026-09-09 14:20:55+08:00
516150,稀土ETF嘉实,1.687,1.6878,0.05,0.002,0.12,395807.0,66679485.0,1.687,1.693,1.675,1.685,1.07,1.05,0.71,32.43,193126.0,202681.0,923858.0,1.39,-1692.0,0.0,925550.0,1.39,-664743.0,-1.0,-259116.0,-0.39,-5.0,1.687,1.688,3786577008.0,6387955412,6387955412,2026-09-09,2026-09-09 14:21:03+08:00
159175,电池ETF易方达,0.853,0.8531,0.01,0.001,0.12,139574.0,11853868.615,0.848,0.855,0.844,0.852,1.29,2.8,1.05,12.33,68568.0,71006.0,-833246.0,-7.03,-1408682.0,-11.88,575436.0,4.85,194054.0,1.64,639192.0,5.39,-317.0,0.852,0.853,498270384.0,425024638,425024638,2026-09-09,2026-09-09 14:21:24+08:00
513390,纳指100ETF博时,2.443,2.2387,-9.13,0.003,0.12,285819.0,69721129.0,2.441,2.446,2.433,2.44,0.53,1.33,0.7,-17.51,123168.0,162651.0,-8252174.0,-11.84,-9057890.0,-12.99,805716.0,1.16,1629292.0,2.34,6622883.0,9.5,-2144.0,2.442,2.444,2149379104.0,5250933151,5250933151,2026-09-09,2026-09-09 14:21:07+08:00
516960,机械ETF国泰,0.846,0.8477,0.2,0.001,0.12,1987.0,167650.0,0.843,0.848,0.841,0.845,0.83,1.24,0.33,-0.86,1056.0,931.0,23199.0,13.84,7214.0,4.3,15985.0,9.53,-5892.0,-3.51,-17307.0,-10.32,-99.0,0.846,0.848,16051100.0,13579231,13579231,2026-09-09,2026-09-09 14:20:39+08:00
512640,金融地产ETF嘉实,2.422,2.4223,0.01,0.003,0.12,12329.0,2980902.0,2.425,2.432,2.408,2.419,0.99,5.94,1.05,-6.56,4737.0,7592.0,23712.0,0.8,0.0,0.0,23712.0,0.8,0.0,0.0,-23712.0,-0.8,1080.0,2.422,2.423,20740900.0,50234460,50234460,2026-09-09,2026-09-09 14:21:06+08:00
513110,纳指ETF华泰柏瑞,2.498,2.2896,-9.1,0.003,0.12,695733.0,173435294.0,2.496,2.5,2.485,2.495,0.6,3.15,1.25,-20.11,316975.0,378758.0,-7570090.0,-4.36,1927972.0,1.11,-9498062.0,-5.48,3069679.0,1.77,4500411.0,2.59,171.0,2.497,2.498,2206435008.0,5511674650,5511674650,2026-09-09,2026-09-09 14:21:05+08:00
516850,新能源ETF华夏,0.869,0.8687,-0.03,0.001,0.12,98891.0,8559597.0,0.868,0.87,0.861,0.868,1.04,6.9,0.91,7.07,39888.0,59003.0,231823.0,2.71,0.0,0.0,231823.0,2.71,-283952.0,-3.32,52128.0,0.61,10.0,0.868,0.869,143237000.0,124472953,124472953,2026-09-09,2026-09-09 14:20:53+08:00
588230,科创200ETF华泰柏瑞,1.766,1.7659,-0.01,0.002,0.11,280944.0,49932762.0,1.772,1.798,1.753,1.764,2.55,3.94,0.56,41.05,119850.0,161094.0,6926171.0,13.87,8232051.0,16.49,-1305880.0,-2.62,-5288672.0,-10.59,-1637499.0,-3.28,169.0,1.764,1.767,713939008.0,1260816288,1260816288,2026-09-09,2026-09-09 14:20:53+08:00
159329,沙特ETF南方,0.911,0.9108,-0.02,0.001,0.11,85792.0,7819446.1,0.911,0.913,0.91,0.91,0.33,0.74,0.4,11.21,42580.0,43212.0,-206233.0,-2.64,318866.0,4.08,-525099.0,-6.72,-42883.0,-0.55,249117.0,3.19,1000.0,0.91,0.911,1155189184.0,1052377347,1052377347,2026-09-09,2026-09-09 14:21:18+08:00
159188,红利100ETF景顺,0.949,0.9502,0.13,0.001,0.11,684.0,64866.2,0.945,0.951,0.943,0.948,0.84,0.1,0.4,-2.93,370.0,314.0,23543.0,36.29,11127.0,17.15,12416.0,19.14,-18980.0,-29.26,-4564.0,-7.04,-200.0,0.949,0.95,66601882.0,63205186,63205186,2026-09-09,2026-09-09 14:20:36+08:00
513140,港股通金融ETF华泰柏瑞,1.742,1.7396,-0.14,0.002,0.11,177266.0,30863395.0,1.746,1.748,1.727,1.74,1.21,22.62,0.68,-7.5,92632.0,84634.0,2271783.0,7.36,13588.0,0.04,2258195.0,7.32,-1022303.0,-3.31,-1249481.0,-4.05,1.0,1.741,1.742,78368000.0,136517056,136517056,2026-09-09,2026-09-09 14:21:06+08:00
513080,法国ETF华安,1.79,1.7479,-2.41,0.002,0.11,173818.0,31090301.0,1.788,1.794,1.785,1.788,0.5,2.61,0.75,0.93,89493.0,84325.0,-5365202.0,-17.26,-4711990.0,-15.16,-653212.0,-2.1,3640896.0,11.71,1724307.0,5.55,-1.0,1.79,1.791,665916000.0,1191989640,1191989640,2026-09-09,2026-09-09 14:21:06+08:00
520830,沙特ETF华泰柏瑞,0.899,0.8993,0.03,0.001,0.11,93211.0,8377851.0,0.899,0.9,0.898,0.898,0.22,0.89,0.72,-6.19,61513.0,31698.0,1461706.0,17.45,2096449.0,25.02,-634743.0,-7.58,-1501463.0,-17.92,39757.0,0.47,-140.0,0.899,0.9,1043119008.0,937763988,937763988,2026-09-09,2026-09-09 14:20:50+08:00
510290,上证380ETF南方,2.642,2.6402,-0.07,0.003,0.11,12702.0,3356776.0,2.644,2.653,2.63,2.639,0.87,2.33,1.2,-0.26,6607.0,6095.0,287727.0,8.57,0.0,0.0,287727.0,8.57,-391497.0,-11.66,103770.0,3.09,801.0,2.636,2.642,54448900.0,143853994,143853994,2026-09-09,2026-09-09 14:21:03+08:00
561220,数字经济ETF工银,1.748,1.7523,0.25,0.002,0.11,42732.0,7526493.0,1.764,1.776,1.745,1.746,1.78,8.99,1.28,5.72,18532.0,24200.0,290559.0,3.86,0.0,0.0,290559.0,3.86,-33924.0,-0.45,-256635.0,-3.41,-100.0,1.75,1.752,47553000.0,83122644,83122644,2026-09-09,2026-09-09 14:20:54+08:00
517160,长江保护ETF南方,0.951,0.9533,0.24,0.001,0.11,23.0,2190.0,0.954,0.955,0.951,0.95,0.42,0.0,0.09,-7.71,5.0,18.0,667.0,30.46,0.0,0.0,667.0,30.46,0.0,0.0,-667.0,-30.46,2.0,0.951,0.953,1826777504.0,1737265406,1737265406,2026-09-09,2026-09-09 14:20:46+08:00
513500,标普500ETF博时,2.684,2.4615,-9.04,0.003,0.11,424525.0,113662926.0,2.678,2.686,2.668,2.681,0.67,0.41,0.43,-9.6,229326.0,195199.0,-4740183.0,-4.17,2335811.0,2.06,-7075994.0,-6.23,-1196742.0,-1.05,5936925.0,5.23,-200.0,2.684,2.685,10270638592.0,27566393981,27566393981,2026-09-09,2026-09-09 14:21:02+08:00
510850,上证50ETF工银,3.581,3.5811,0.0,0.004,0.11,5800.0,2073273.0,3.594,3.594,3.566,3.577,0.78,1.23,0.48,5.75,2628.0,3172.0,143615.0,6.93,-558586.0,-26.94,702201.0,33.87,-149197.0,-7.2,5582.0,0.27,-200.0,3.579,3.581,47298900.0,169377361,169377361,2026-09-09,2026-09-09 14:21:08+08:00
159275,农牧渔ETF华宝,0.942,0.9393,-0.29,0.001,0.11,182936.0,17212182.9,0.939,0.949,0.92,0.941,3.08,6.84,1.31,-21.3,90156.0,92780.0,897809.0,5.22,414284.0,2.41,483525.0,2.81,-424465.0,-2.47,-473344.0,-2.75,-1242.0,0.941,0.942,267302909.0,251799340,251799340,2026-09-09,2026-09-09 14:21:15+08:00
158019,电池ETF永赢,0.926,0.9273,0.14,0.001,0.11,92259.0,8511399.514,0.92,0.928,0.916,0.925,1.3,3.28,1.07,-20.66,41888.0,50370.0,72788.0,0.86,-850866.0,-10.0,923654.0,10.85,-397917.0,-4.68,325130.0,3.82,-571.0,0.925,0.927,281281920.0,260467058,260467058,2026-09-09,2026-09-09 14:21:30+08:00
562180,A500红利低波ETF招商,1.009,1.0094,0.04,0.001,0.1,37724.0,3797620.0,1.008,1.01,1.002,1.008,0.79,3.59,0.32,-2.57,18959.0,18765.0,390529.0,10.28,2489234.0,65.55,-2098705.0,-55.26,-317710.0,-8.37,-72820.0,-1.92,305.0,1.008,1.01,105150000.0,106096350,106096350,2026-09-09,2026-09-09 14:20:44+08:00
515590,500等权ETF前海开源,1.913,1.9106,-0.13,0.002,0.1,2865.0,548096.0,1.896,1.919,1.896,1.911,1.2,0.79,0.43,-2.23,1210.0,1655.0,-33474.0,-6.11,0.0,0.0,-33474.0,-6.11,57390.0,10.47,-23917.0,-4.36,1200.0,1.91,1.913,36113700.0,69085508,69085508,2026-09-09,2026-09-09 14:20:41+08:00
563690,红利低波ETF永赢,1.045,1.0446,-0.04,0.001,0.1,44958.0,4686908.0,1.039,1.05,1.035,1.044,1.44,9.39,0.78,4.87,22215.0,22743.0,-654604.0,-13.97,-740461.0,-15.8,85857.0,1.83,488710.0,10.43,165895.0,3.54,-1462.0,1.045,1.047,47882000.0,50036690,50036690,2026-09-09,2026-09-09 14:20:54+08:00
513870,纳指ETF富国,2.077,1.899,-9.37,0.002,0.1,321260.0,66556425.0,2.076,2.078,2.067,2.075,0.53,2.33,1.15,-8.67,164505.0,156755.0,5572076.0,8.37,-5006559.0,-7.52,10578635.0,15.89,-6650774.0,-9.99,1078699.0,1.62,38.0,2.076,2.077,1381671008.0,2869730684,2869730684,2026-09-09,2026-09-09 14:20:56+08:00
512190,浙商之江凤凰ETF,2.881,2.8775,-0.12,0.003,0.1,3332.0,956625.0,2.874,2.886,2.867,2.878,0.66,0.16,0.35,-29.02,1000.0,2332.0,544287.0,56.9,0.0,0.0,544287.0,56.9,-493149.0,-51.55,-51138.0,-5.35,3.0,2.875,2.881,208518400.0,600741510,600741510,2026-09-09,2026-09-09 14:20:59+08:00
159253,银行ETF博时,1.005,1.0052,0.02,0.001,0.1,28260.0,2837072.566,0.998,1.007,0.998,1.004,0.9,0.57,0.3,4.14,9503.0,18757.0,71599.0,2.52,81072.0,2.86,-9473.0,-0.33,35715.0,1.26,-107314.0,-3.78,200.0,1.004,1.005,493704976.0,496173501,496173501,2026-09-09,2026-09-09 14:21:18+08:00
561680,A500红利低波ETF平安,1.005,1.006,0.1,0.001,0.1,17764.0,1780504.0,0.999,1.006,0.999,1.004,0.7,3.11,1.88,1.33,16378.0,1386.0,313236.0,17.59,969951.0,54.48,-656715.0,-36.88,-293190.0,-16.47,-20047.0,-1.13,-149.0,1.006,1.008,57169000.0,57454845,57454845,2026-09-09,2026-09-09 14:20:36+08:00
561620,化工ETF华泰柏瑞,1.038,1.0401,0.2,0.001,0.1,120757.0,12489036.0,1.036,1.041,1.026,1.037,1.45,33.33,1.55,2.37,51719.0,69038.0,264394.0,2.12,313400.0,2.51,-49006.0,-0.39,-280698.0,-2.25,16304.0,0.13,-641.0,1.038,1.039,36227000.0,37603626,37603626,2026-09-09,2026-09-09 14:20:54+08:00
159721,深证100ETF永赢,1.032,1.0341,0.2,0.001,0.1,23146.0,2385653.6,1.031,1.037,1.03,1.031,0.68,3.33,0.98,-0.01,11053.0,12093.0,-453656.0,-19.02,95573.0,4.01,-549229.0,-23.02,372267.0,15.6,81388.0,3.41,160.0,1.034,1.036,69431696.0,71653510,71653510,2026-09-09,2026-09-09 14:21:09+08:00
589460,科创200ETF华宝,0.957,0.9578,0.08,0.001,0.1,100327.0,9693345.0,0.963,0.973,0.951,0.956,2.3,4.61,0.75,-7.04,44886.0,55441.0,733662.0,7.57,499939.0,5.16,233723.0,2.41,-393989.0,-4.06,-339673.0,-3.5,2400.0,0.956,0.958,217630900.0,208272771,208272771,2026-09-09,2026-09-09 14:20:49+08:00
589220,科创200ETF国泰,0.998,0.9976,-0.04,0.001,0.1,324830.0,32473002.0,0.994,1.015,0.991,0.997,2.41,9.98,0.91,26.54,170393.0,154437.0,1538044.0,4.74,4835.0,0.01,1533209.0,4.72,-1361786.0,-4.19,-176258.0,-0.54,200.0,0.997,0.998,325495808.0,324844816,324844816,2026-09-09,2026-09-09 14:20:50+08:00
158023,红利低波ETF万家,0.997,0.9974,0.04,0.001,0.1,181832.0,18105730.668,0.994,0.998,0.99,0.996,0.8,6.2,0.38,-67.33,129170.0,52661.0,209535.0,1.16,-492949.0,-2.72,702484.0,3.88,277579.0,1.53,-487114.0,-2.69,1798.0,0.996,0.997,293080784.0,292201542,292201542,2026-09-09,2026-09-09 14:21:30+08:00
158027,工业互联网ETF易方达,0.965,0.9646,-0.04,0.001,0.1,30737.0,2970760.882,0.97,0.974,0.96,0.964,1.45,1.51,0.24,26.46,14401.0,16336.0,248695.0,8.37,117944.0,3.97,130751.0,4.4,-276366.0,-9.3,27670.0,0.93,1500.0,0.963,0.964,203143045.0,196033038,196033038,2026-09-09,2026-09-09 14:21:24+08:00
510370,沪深300ETF兴业,1.026,1.0275,0.15,0.001,0.1,14486.0,1485542.0,1.028,1.028,1.021,1.025,0.68,1.66,0.9,20.92,7295.0,7191.0,318423.0,21.43,0.0,0.0,318423.0,21.43,-273859.0,-18.43,-44564.0,-3.0,9.0,1.026,1.027,87258100.0,89526811,89526811,2026-09-09,2026-09-09 14:21:11+08:00
158000,港股通金融ETF鹏华,1.034,1.0362,0.21,0.001,0.1,32470.0,3354792.825,1.033,1.042,1.023,1.033,1.84,3.32,0.27,0.25,20746.0,11724.0,412467.0,12.29,0.0,0.0,412467.0,12.29,-608775.0,-18.15,196307.0,5.85,-10.0,1.034,1.035,97925835.0,101255313,101255313,2026-09-09,2026-09-09 14:21:30+08:00
510530,中证500ETF工银,8.767,8.7689,0.02,0.009,0.1,3413.0,2991930.0,8.778,8.823,8.717,8.758,1.21,0.72,1.52,0.0,1571.0,1842.0,-461332.0,-15.42,0.0,0.0,-461332.0,-15.42,229212.0,7.66,232119.0,7.76,-30.0,8.76,8.763,47479400.0,416251900,416251900,2026-09-09,2026-09-09 14:21:10+08:00
510560,中证500ETF国寿,1.957,1.9532,-0.19,0.002,0.1,1128.0,221066.0,1.965,1.965,1.948,1.955,0.87,0.22,0.65,-4.65,1120.0,8.0,-15266.0,-6.91,0.0,0.0,-15266.0,-6.91,0.0,0.0,15266.0,6.91,5.0,1.953,1.957,52318700.0,102387696,102387696,2026-09-09,2026-09-09 14:21:07+08:00
561530,银行ETF银华,1.011,1.0119,0.09,0.001,0.1,43354.0,4373451.0,1.007,1.013,1.0,1.01,1.29,4.65,0.1,4.92,21242.0,22112.0,712270.0,16.29,853886.0,19.52,-141616.0,-3.24,-602719.0,-13.78,-109549.0,-2.5,-40.0,1.011,1.012,93334000.0,94360674,94360674,2026-09-09,2026-09-09 14:20:29+08:00
530380,上证380ETF易方达,1.104,1.1052,0.11,0.001,0.09,9112.0,1007649.0,1.103,1.109,1.101,1.103,0.73,0.68,0.56,0.45,5006.0,4106.0,-120695.0,-11.98,0.0,0.0,-120695.0,-11.98,123222.0,12.23,-2526.0,-0.25,-3.0,1.104,1.105,134705000.0,148714320,148714320,2026-09-09,2026-09-09 14:20:59+08:00
159715,稀土ETF易方达,1.139,1.1403,0.11,0.001,0.09,198438.0,22587242.0,1.135,1.144,1.131,1.138,1.14,3.78,0.75,26.24,106217.0,92221.0,671508.0,2.97,22930.0,0.1,648578.0,2.87,-634322.0,-2.81,-37186.0,-0.16,-2.0,1.139,1.14,525530272.0,598578980,598578980,2026-09-09,2026-09-09 14:21:12+08:00
159758,红利质量ETF华夏,1.124,1.1229,-0.1,0.001,0.09,407748.0,45653839.4,1.12,1.124,1.115,1.123,0.8,3.11,1.32,-9.01,170255.0,237493.0,13638558.0,29.87,-1834540.0,-4.02,15473098.0,33.89,-12980807.0,-28.43,-657752.0,-1.44,1284.0,1.123,1.124,1312290784.0,1475014841,1475014841,2026-09-09,2026-09-09 14:21:12+08:00
560730,红利低波ETF国泰海通,1.063,1.0644,0.13,0.001,0.09,10775.0,1144653.0,1.062,1.068,1.05,1.062,1.69,1.4,0.37,6.91,1119.0,9656.0,-85567.0,-7.48,1061.0,0.09,-86628.0,-7.57,62050.0,5.42,23517.0,2.05,141.0,1.062,1.064,76836300.0,81676987,81676987,2026-09-09,2026-09-09 14:20:56+08:00
512240,A50ETF鹏华,1.148,1.1481,0.01,0.001,0.09,7994.0,916122.0,1.146,1.148,1.143,1.147,0.44,3.96,0.24,-3.26,2323.0,5671.0,-120362.0,-13.14,0.0,0.0,-120362.0,-13.14,22880.0,2.5,97482.0,10.64,-1.0,1.147,1.148,20186000.0,23173528,23173528,2026-09-09,2026-09-09 14:20:57+08:00
159355,800红利低波ETF华宝,1.054,1.0541,0.01,0.001,0.09,26117.0,2745940.8,1.048,1.056,1.046,1.053,0.95,3.03,1.02,34.4,12784.0,13333.0,38727.0,1.41,46860.0,1.71,-8133.0,-0.3,1487.0,0.05,-40214.0,-1.46,16.0,1.053,1.054,86234277.0,90890928,90890928,2026-09-09,2026-09-09 14:21:15+08:00
562560,信息技术ETF华夏,2.199,2.1991,0.0,0.002,0.09,4765.0,1051590.0,2.241,2.241,2.186,2.197,2.5,2.09,1.15,0.15,1432.0,3333.0,257216.0,24.46,0.0,0.0,257216.0,24.46,-354292.0,-33.69,97077.0,9.23,-6.0,2.198,2.199,22765500.0,50061335,50061335,2026-09-09,2026-09-09 14:20:39+08:00
510060,央企ETF工银,2.657,2.6621,0.19,0.002,0.08,1092.0,289399.0,2.628,2.658,2.628,2.655,1.13,0.31,0.3,9.57,676.0,416.0,-4643.0,-1.6,0.0,0.0,-4643.0,-1.6,136440.0,47.15,-131797.0,-45.54,-3.0,2.656,2.658,34959200.0,92886594,92886594,2026-09-09,2026-09-09 14:21:01+08:00
159352,A500ETF南方,1.256,1.2566,0.05,0.001,0.08,24571952.0,3085403515.42,1.255,1.259,1.249,1.255,0.8,9.2,1.03,13.83,12333308.0,12238644.0,1654512.0,0.05,8664016.0,0.28,-7009504.0,-0.23,-975421.0,-0.03,-679101.0,-0.02,-7000.0,1.256,1.257,26700101632.0,33535327650,33535327650,2026-09-09,2026-09-09 14:21:18+08:00
589780,科创200ETF富国,1.203,1.2041,0.09,0.001,0.08,8400.0,1020135.0,1.214,1.223,1.196,1.202,2.25,1.21,0.36,-0.06,6199.0,2201.0,208989.0,20.49,0.0,0.0,208989.0,20.49,-190311.0,-18.66,-18677.0,-1.83,100.0,1.202,1.203,69215000.0,83265645,83265645,2026-09-09,2026-09-09 14:20:48+08:00
159238,沪深300增强ETF景顺,1.298,1.3006,0.2,0.001,0.08,7701.0,997893.4,1.297,1.3,1.289,1.297,0.85,1.4,0.36,-4.29,3589.0,4112.0,27546.0,2.76,0.0,0.0,27546.0,2.76,66867.0,6.7,-94413.0,-9.46,-5.0,1.298,1.3,55016186.0,71411009,71411009,2026-09-09,2026-09-09 14:21:09+08:00
159773,创业板科技ETF华泰柏瑞,1.259,1.2596,0.05,0.001,0.08,39051.0,4926642.2,1.267,1.273,1.249,1.258,1.91,2.68,1.01,21.58,18005.0,21046.0,61587.0,1.25,458448.0,9.31,-396861.0,-8.06,-16459.0,-0.33,-45129.0,-0.92,1000.0,1.258,1.26,145903120.0,183692028,183692028,2026-09-09,2026-09-09 14:21:09+08:00
510020,超大盘ETF博时,3.93,3.9332,0.08,0.003,0.08,2556.0,1003780.0,3.921,3.937,3.915,3.927,0.56,0.71,0.2,5.57,592.0,1964.0,475619.0,47.38,0.0,0.0,475619.0,47.38,-374589.0,-37.32,-101030.0,-10.06,-600.0,3.928,3.931,35848000.0,140882640,140882640,2026-09-09,2026-09-09 14:21:10+08:00
159523,沪深300成长ETF华夏,1.244,1.2453,0.1,0.001,0.08,37824.0,4701341.8,1.245,1.247,1.236,1.243,0.88,5.22,0.76,-4.19,18668.0,19156.0,235838.0,5.02,0.0,0.0,235838.0,5.02,-301798.0,-6.42,65960.0,1.4,368.0,1.243,1.244,72517348.0,90211581,90211581,2026-09-09,2026-09-09 14:21:18+08:00
159528,国企改革ETF富国,1.25,1.2502,0.02,0.001,0.08,4701.0,586764.2,1.245,1.251,1.244,1.249,0.56,6.42,2.26,-7.39,520.0,4181.0,58759.0,10.01,0.0,0.0,58759.0,10.01,-49662.0,-8.46,-9096.0,-1.55,-928.0,1.25,1.251,7320773.0,9150966,9150966,2026-09-09,2026-09-09 14:21:09+08:00
512020,A500ETF鹏华,1.282,1.2849,0.23,0.001,0.08,528489.0,67841586.0,1.282,1.286,1.277,1.281,0.7,4.78,1.0,-2.62,287355.0,241134.0,-559864.0,-0.83,-491727.0,-0.72,-68137.0,-0.1,-401187.0,-0.59,961051.0,1.42,-4.0,1.282,1.284,1106012704.0,1417908287,1417908287,2026-09-09,2026-09-09 14:21:09+08:00
561000,沪深300增强ETF华安,1.298,1.2991,0.08,0.001,0.08,26972.0,3493557.0,1.3,1.3,1.292,1.297,0.62,5.4,0.72,-2.74,16525.0,10447.0,-178089.0,-5.1,0.0,0.0,-178089.0,-5.1,77363.0,2.21,100726.0,2.88,4.0,1.297,1.299,49920000.0,64796160,64796160,2026-09-09,2026-09-09 14:20:52+08:00
159916,基本面ETF建信,5.098,5.0996,0.03,0.004,0.08,1635.0,832468.9,5.076,5.1,5.069,5.094,0.61,0.38,12.49,0.96,678.0,957.0,468096.0,56.23,0.0,0.0,468096.0,56.23,-424928.0,-51.04,-43168.0,-5.19,-1.0,5.098,5.1,42566039.0,217001667,217001667,2026-09-09,2026-09-09 14:21:09+08:00
159713,稀土ETF富国,1.233,1.2338,0.06,0.001,0.08,221563.0,27274028.8,1.233,1.238,1.224,1.232,1.14,4.25,0.93,39.79,111008.0,110555.0,45339.0,0.17,0.0,0.0,45339.0,0.17,-366180.0,-1.34,320841.0,1.18,10.0,1.232,1.233,520755056.0,642090984,642090984,2026-09-09,2026-09-09 14:21:12+08:00
510980,上证指数ETF汇添富,1.405,1.4055,0.04,0.001,0.07,412753.0,57975512.0,1.404,1.408,1.4,1.404,0.57,6.55,0.97,-1.64,213073.0,199680.0,8145764.0,14.05,10563100.0,18.22,-2417336.0,-4.17,-5352909.0,-9.23,-2792855.0,-4.82,-5.0,1.405,1.406,629798000.0,884866190,884866190,2026-09-09,2026-09-09 14:21:09+08:00
159569,港股红利低波ETF景顺,1.408,1.4074,-0.04,0.001,0.07,458544.0,64554022.3,1.408,1.415,1.395,1.407,1.42,12.63,1.55,19.97,230456.0,228088.0,-5562263.0,-8.62,78229.0,0.12,-5640492.0,-8.74,4001814.0,6.2,1560448.0,2.42,1282.0,1.407,1.408,363147248.0,511311325,511311325,2026-09-09,2026-09-09 14:21:18+08:00
510100,上证50ETF易方达,2.975,2.9747,-0.01,0.002,0.07,389465.0,115705661.0,2.973,2.979,2.963,2.973,0.54,3.95,0.57,-19.55,190012.0,199452.0,855846.0,0.74,729160.0,0.63,126686.0,0.11,-2215301.0,-1.91,1359455.0,1.17,16.0,2.974,2.975,986906800.0,2936047730,2936047730,2026-09-09,2026-09-09 14:21:10+08:00
516310,银行ETF易方达,1.393,1.3934,0.03,0.001,0.07,630158.0,87673490.0,1.385,1.397,1.383,1.392,1.01,4.04,0.68,18.49,304300.0,325858.0,1420658.0,1.62,-3986695.0,-4.55,5407353.0,6.17,-217293.0,-0.25,-1203366.0,-1.37,-2.0,1.392,1.394,1560858496.0,2174275885,2174275885,2026-09-09,2026-09-09 14:21:03+08:00
510760,上证指数ETF国泰,1.349,1.3494,0.03,0.001,0.07,1155654.0,155861713.0,1.348,1.352,1.344,1.348,0.59,3.79,0.75,-0.51,595869.0,559785.0,12885751.0,8.27,24340578.0,15.62,-11454827.0,-7.35,-10464523.0,-6.71,-2421229.0,-1.55,38.0,1.349,1.35,3050503696.0,4115129486,4115129486,2026-09-09,2026-09-09 14:21:10+08:00
561950,中证500增强ETF招商,1.386,1.3877,0.12,0.001,0.07,34098.0,4726891.0,1.389,1.392,1.38,1.385,0.87,4.73,0.99,-0.4,20067.0,14031.0,-36708.0,-0.78,0.0,0.0,-36708.0,-0.78,37383.0,0.79,-675.0,-0.01,1800.0,1.385,1.387,72156000.0,100008216,100008216,2026-09-09,2026-09-09 14:20:57+08:00
516210,银行ETF华安,1.433,1.4336,0.04,0.001,0.07,92031.0,13173517.0,1.423,1.437,1.423,1.432,0.98,12.4,1.18,9.22,50592.0,41439.0,259844.0,1.97,0.0,0.0,259844.0,1.97,-107601.0,-0.82,-152243.0,-1.16,-1188.0,1.432,1.434,74231000.0,106373023,106373023,2026-09-09,2026-09-09 14:20:57+08:00
515770,MSCI中国A股ETF摩根,1.397,1.4005,0.25,0.001,0.07,1850.0,258519.0,1.397,1.401,1.397,1.396,0.29,0.43,0.06,-4.0,1778.0,72.0,26197.0,10.13,0.0,0.0,26197.0,10.13,0.0,0.0,-26197.0,-10.13,-15.0,1.399,1.401,42727300.0,59690038,59690038,2026-09-09,2026-09-09 14:21:00+08:00
515450,XD红利低波50ETF南方,1.402,1.4029,0.06,0.001,0.07,1131956.0,158348348.0,1.405,1.405,1.394,1.401,0.79,0.8,1.27,-2.16,547299.0,584657.0,-20032613.0,-12.65,-8956469.0,-5.66,-11076144.0,-6.99,7265626.0,4.59,12766986.0,8.06,-245.0,1.402,1.403,14123334912.0,19800915547,19800915547,2026-09-09,2026-09-09 14:21:02+08:00
512820,银行ETF汇添富,1.477,1.477,0.0,0.001,0.07,565015.0,83338463.0,1.473,1.482,1.465,1.476,1.15,14.46,0.88,-0.93,310331.0,254684.0,-2256517.0,-2.71,-2362356.0,-2.83,105839.0,0.13,545600.0,0.65,1710917.0,2.05,1500.0,1.476,1.478,390701904.0,577066712,577066712,2026-09-09,2026-09-09 14:21:06+08:00
512700,银行ETF南方,1.505,1.5053,0.02,0.001,0.07,498168.0,74892067.0,1.497,1.51,1.494,1.504,1.06,7.13,0.78,6.09,291182.0,206986.0,2368388.0,3.16,301489.0,0.4,2066899.0,2.76,-2426903.0,-3.24,58516.0,0.08,-1.0,1.505,1.506,699081008.0,1052116917,1052116917,2026-09-09,2026-09-09 14:21:06+08:00
562890,A50ETF嘉实,1.37,1.3715,0.11,0.001,0.07,92250.0,12625176.0,1.37,1.373,1.362,1.369,0.8,3.35,1.01,62.41,27972.0,64278.0,40288.0,0.32,-1440239.0,-11.41,1480527.0,11.73,-6538.0,-0.05,-33749.0,-0.27,558.0,1.369,1.371,275051008.0,376819881,376819881,2026-09-09,2026-09-09 14:20:56+08:00
159591,A50ETF富国,1.369,1.3704,0.1,0.001,0.07,136032.0,18594855.814,1.371,1.372,1.362,1.368,0.73,4.06,1.05,-2.08,54971.0,81061.0,1668023.0,8.97,-461974.0,-2.48,2129997.0,11.45,-1753249.0,-9.43,85226.0,0.46,-800.0,1.369,1.37,335405680.0,459170376,459170376,2026-09-09,2026-09-09 14:21:12+08:00
560100,中证500增强ETF南方,1.34,1.3443,0.32,0.001,0.07,56905.0,7653619.0,1.328,1.35,1.322,1.339,2.09,9.32,0.83,-0.21,24368.0,32537.0,-509336.0,-6.65,-1270816.0,-16.6,761480.0,9.95,587471.0,7.68,-78135.0,-1.02,-100.0,1.341,1.343,61080300.0,81847602,81847602,2026-09-09,2026-09-09 14:20:56+08:00
159887,银行ETF富国,1.375,1.3751,0.01,0.001,0.07,318867.0,43749644.3,1.371,1.379,1.363,1.374,1.16,5.81,0.59,1.74,176649.0,142218.0,3552166.0,8.12,-92416.0,-0.21,3644582.0,8.33,-3368849.0,-7.7,-183317.0,-0.42,100.0,1.374,1.375,548715952.0,754484434,754484434,2026-09-09,2026-09-09 14:21:09+08:00
510230,金融ETF国泰,1.342,1.342,0.0,0.001,0.07,460600.0,61739866.0,1.336,1.346,1.333,1.341,0.97,6.92,0.74,-0.71,174655.0,285945.0,8592367.0,13.92,7073321.0,11.46,1519046.0,2.46,-9968167.0,-16.15,1375799.0,2.23,-337.0,1.342,1.343,665808000.0,893514336,893514336,2026-09-09,2026-09-09 14:21:09+08:00
159373,创业板50ETF嘉实,1.694,1.693,-0.06,0.001,0.06,95865.0,16270355.7,1.707,1.712,1.679,1.693,1.95,6.59,0.9,-4.19,38821.0,57044.0,732107.0,4.5,729168.0,4.48,2939.0,0.02,-941843.0,-5.79,209736.0,1.29,-1188.0,1.692,1.693,145557494.0,246574395,246574395,2026-09-09,2026-09-09 14:21:18+08:00
515020,银行ETF华夏,1.801,1.8015,0.03,0.001,0.06,552597.0,99444252.0,1.793,1.807,1.789,1.8,1.0,14.61,0.81,-10.33,274370.0,278227.0,-1084469.0,-1.09,-391457.0,-0.39,-693012.0,-0.7,-233790.0,-0.24,1318259.0,1.33,-1.0,1.801,1.802,378345296.0,681399878,681399878,2026-09-09,2026-09-09 14:21:01+08:00
159903,深成ETF南方,1.678,1.6784,0.02,0.001,0.06,152872.0,25657698.0,1.68,1.687,1.667,1.677,1.19,3.37,0.48,-25.68,64117.0,88755.0,-405213.0,-1.58,2508456.0,9.78,-2913669.0,-11.36,-266506.0,-1.04,671720.0,2.62,10.0,1.677,1.678,454154512.0,762071271,762071271,2026-09-09,2026-09-09 14:21:09+08:00
159941,纳指ETF广发,1.664,1.4931,-11.45,0.001,0.06,2881745.0,478253455.904,1.661,1.665,1.656,1.663,0.54,1.28,0.89,10.27,1421291.0,1460453.0,-46187706.0,-9.66,-33763762.0,-7.06,-12423944.0,-2.6,713529.0,0.15,45474178.0,9.51,139.0,1.663,1.664,22581310208.0,37575300186,37575300186,2026-09-09,2026-09-09 14:21:09+08:00
159676,创业板增强ETF富国,1.564,1.5645,0.03,0.001,0.06,52195.0,8178682.4,1.569,1.582,1.552,1.563,1.92,3.88,0.5,-2.71,21354.0,30841.0,-154496.0,-1.89,72797.0,0.89,-227293.0,-2.78,-299736.0,-3.66,454232.0,5.55,-36.0,1.563,1.564,134564183.0,210458382,210458382,2026-09-09,2026-09-09 14:21:12+08:00
513630,港股低波红利ETF摩根,1.604,1.6021,-0.12,0.001,0.06,979943.0,156855656.0,1.602,1.606,1.593,1.603,0.81,1.31,0.8,30.59,524978.0,454965.0,5867785.0,3.74,-10862325.0,-6.93,16730110.0,10.67,-3655665.0,-2.33,-2212120.0,-1.41,-1.0,1.604,1.605,7501359104.0,12032180003,12032180003,2026-09-09,2026-09-09 14:20:57+08:00
513190,港股通金融ETF华夏,1.854,1.8476,-0.35,0.001,0.05,2377683.0,441049916.0,1.847,1.869,1.834,1.853,1.89,23.85,1.06,-32.76,1336644.0,1041039.0,-4780971.0,-1.08,22897728.0,5.19,-27678699.0,-6.28,-1928698.0,-0.44,6709669.0,1.52,3.0,1.853,1.854,996936000.0,1848319344,1848319344,2026-09-09,2026-09-09 14:21:07+08:00
159902,中小100ETF华夏,4.535,4.5361,0.02,0.002,0.04,14041.0,6366974.535,4.532,4.558,4.51,4.533,1.06,1.85,0.74,14.68,5476.0,8565.0,-1308317.0,-20.55,-1134081.0,-17.81,-174236.0,-2.74,1385743.0,21.76,-77425.0,-1.22,490.0,4.534,4.535,75960849.0,344482450,344482450,2026-09-09,2026-09-09 14:21:09+08:00
513100,纳指ETF国泰,2.234,1.9942,-12.02,0.001,0.04,639447.0,142520375.0,2.233,2.235,2.225,2.233,0.45,0.68,0.67,-10.57,351404.0,288043.0,-8263828.0,-5.8,7786803.0,5.46,-16050631.0,-11.26,3026301.0,2.12,5237526.0,3.67,18.0,2.233,2.234,9468110592.0,21151759063,21151759063,2026-09-09,2026-09-09 14:21:06+08:00
159660,纳指ETF汇添富,2.376,2.1794,-9.02,0.001,0.04,883548.0,209700047.614,2.376,2.378,2.37,2.375,0.34,3.76,1.5,14.8,544427.0,339121.0,-25370960.0,-12.1,-42255833.0,-20.15,16884873.0,8.05,22662990.0,10.81,2707970.0,1.29,40.0,2.375,2.376,2351151360.0,5586335631,5586335631,2026-09-09,2026-09-09 14:21:12+08:00
510190,上证50ETF华安,4.311,4.3143,0.08,0.001,0.02,68.0,29332.0,4.328,4.328,4.302,4.31,0.6,0.03,0.11,6.53,3.0,65.0,-6505.0,-22.18,0.0,0.0,-6505.0,-22.18,0.0,0.0,6505.0,22.18,1.0,4.31,4.316,23650800.0,101958599,101958599,2026-09-09,2026-09-09 14:21:08+08:00
511820,鹏华添利ETF,100.005,,-0.01,0.005,0.01,6.0,55002.0,100.0,100.006,100.0,100.0,0.01,0.09,0.13,26.9,4.0,2.0,-10000.0,-18.18,-10000.0,-18.18,0.0,0.0,-30001.0,-54.55,40002.0,72.73,1.0,100.001,100.005,606800.0,60683034,60683034,2026-09-09,2026-09-09 14:20:51+08:00
589960,科创新能源ETF易方达,0.822,0.8214,-0.07,0.0,0.0,218087.0,17951437.0,0.82,0.833,0.817,0.822,1.95,12.8,0.86,5.09,127473.0,90614.0,-1271653.0,-7.08,-1051314.0,-5.86,-220339.0,-1.23,1074922.0,5.99,196731.0,1.1,144.0,0.821,0.822,170316000.0,139999752,139999752,2026-09-09,2026-09-09 14:20:49+08:00
530180,上证180ETF易方达,1.201,1.2029,0.16,0.0,0.0,42441.0,5093575.0,1.2,1.204,1.197,1.201,0.58,7.32,0.63,-3.96,23075.0,19366.0,191758.0,3.76,0.0,0.0,191758.0,3.76,-229133.0,-4.5,37376.0,0.73,-529.0,1.201,1.203,57952000.0,69600352,69600352,2026-09-09,2026-09-09 14:21:01+08:00
159743,湖北ETF博时,1.399,1.401,0.14,0.0,0.0,2336.0,329509.3,1.42,1.444,1.372,1.399,5.15,0.21,0.3,-2.64,920.0,1416.0,44970.0,13.65,0.0,0.0,44970.0,13.65,-2976.0,-0.9,-41994.0,-12.74,5.0,1.4,1.401,109941100.0,153807599,153807599,2026-09-09,2026-09-09 14:21:09+08:00
513300,纳斯达克ETF华夏,2.699,2.4652,-9.48,0.0,0.0,459742.0,124033981.0,2.703,2.706,2.693,2.699,0.48,0.86,0.48,-14.31,212507.0,247235.0,-4713444.0,-3.8,-5819946.0,-4.7,1106502.0,0.89,647381.0,0.52,4066064.0,3.28,-511.0,2.699,2.7,5351920896.0,14444834498,14444834498,2026-09-09,2026-09-09 14:21:07+08:00
159596,A50ETF华宝,0.648,0.6489,0.14,0.0,0.0,271310.0,17559593.6,0.648,0.65,0.644,0.648,0.93,5.32,1.11,39.59,105799.0,165511.0,2463862.0,14.03,1497987.0,8.53,965875.0,5.5,-2465276.0,-14.04,1414.0,0.01,-283.0,0.648,0.649,509683040.0,330274610,330274610,2026-09-09,2026-09-09 14:21:09+08:00
560910,电池ETF华泰柏瑞,0.711,0.7111,0.01,0.0,0.0,120623.0,8531340.0,0.711,0.713,0.704,0.711,1.27,6.04,1.16,0.37,56634.0,63989.0,-165668.0,-1.94,-534499.0,-6.27,368831.0,4.32,1199.0,0.01,164470.0,1.93,80.0,0.71,0.711,199721000.0,142001631,142001631,2026-09-09,2026-09-09 14:20:55+08:00
159875,新能源ETF嘉实,0.56,0.5605,0.09,0.0,0.0,1471499.0,82210661.1,0.56,0.562,0.555,0.56,1.25,6.2,1.77,-5.87,919432.0,552067.0,-10122729.0,-12.31,-9067057.0,-11.03,-1055672.0,-1.28,8808444.0,10.71,1314286.0,1.6,-54.0,0.56,0.561,2371662896.0,1328131222,1328131222,2026-09-09,2026-09-09 14:21:09+08:00
530050,上证50ETF东财,1.188,1.1876,-0.03,0.0,0.0,37317.0,4425511.0,1.188,1.19,1.183,1.188,0.59,2.92,1.17,8.38,17048.0,20269.0,55628.0,1.26,0.0,0.0,55628.0,1.26,-78728.0,-1.78,23100.0,0.52,42.0,1.188,1.189,127813000.0,151841844,151841844,2026-09-09,2026-09-09 14:20:55+08:00
530100,上证580ETF易方达,1.161,1.1642,0.27,0.0,0.0,8416.0,980954.0,1.16,1.173,1.158,1.161,1.29,0.7,0.87,0.5,3433.0,4983.0,44063.0,4.49,0.0,0.0,44063.0,4.49,20022.0,2.04,-64085.0,-6.53,-1.0,1.162,1.164,120696000.0,140128056,140128056,2026-09-09,2026-09-09 14:20:58+08:00
159752,新能源ETF申万菱信,0.561,0.5611,0.02,0.0,0.0,47063.0,2630019.9,0.561,0.563,0.556,0.561,1.25,1.27,0.64,23.94,19859.0,27204.0,-638893.0,-24.29,-1047617.0,-39.83,408724.0,15.54,398421.0,15.15,240472.0,9.14,-7.0,0.56,0.561,370958912.0,208107950,208107950,2026-09-09,2026-09-09 14:21:09+08:00
159767,电池龙头ETF兴银,0.726,0.7254,-0.08,0.0,0.0,20351.0,1471218.5,0.726,0.729,0.718,0.726,1.52,0.81,0.69,39.48,7760.0,12591.0,-470649.0,-31.99,-659151.0,-44.8,188502.0,12.81,120274.0,8.18,350376.0,23.82,3.0,0.725,0.726,249873672.0,181408286,181408286,2026-09-09,2026-09-09 14:21:06+08:00
159778,工业互联网ETF鹏华,1.164,1.1621,-0.16,0.0,0.0,12497.0,1457452.9,1.17,1.173,1.158,1.164,1.29,3.1,1.04,41.45,5068.0,7429.0,6921.0,0.47,150670.0,10.34,-143749.0,-9.86,10062.0,0.69,-16983.0,-1.17,27.0,1.161,1.163,40255382.0,46857265,46857265,2026-09-09,2026-09-09 14:21:09+08:00
159840,锂电池ETF工银,0.72,0.7196,-0.06,0.0,0.0,793368.0,56892899.9,0.719,0.721,0.713,0.72,1.11,4.32,0.8,11.89,286726.0,506642.0,-17979535.0,-31.6,-16688498.0,-29.33,-1291037.0,-2.27,11794088.0,20.73,6185446.0,10.87,122.0,0.719,0.72,1838574848.0,1323773891,1323773891,2026-09-09,2026-09-09 14:21:09+08:00
159939,信息技术ETF广发,1.079,1.0787,-0.03,0.0,0.0,135454.0,14639813.3,1.081,1.095,1.072,1.079,2.13,1.74,0.41,-9.23,55702.0,79752.0,1064960.0,7.27,7289.0,0.05,1057671.0,7.22,-1082236.0,-7.39,17275.0,0.12,-1205.0,1.078,1.079,777656112.0,839090945,839090945,2026-09-09,2026-09-09 14:21:09+08:00
159931,金融地产ETF汇添富,1.89,1.8921,0.11,0.0,0.0,1171.0,221098.9,1.883,1.893,1.88,1.89,0.69,0.66,0.45,0.84,6.0,1165.0,104594.0,47.31,0.0,0.0,104594.0,47.31,-25997.0,-11.76,-78598.0,-35.55,-42.0,1.89,1.895,17828511.0,33695886,33695886,2026-09-09,2026-09-09 14:21:09+08:00
530000,上证50ETF天弘,1.385,1.3856,0.04,0.0,0.0,13232.0,1831868.0,1.39,1.39,1.382,1.385,0.58,0.14,0.83,-11.79,4720.0,8512.0,309235.0,16.88,0.0,0.0,309235.0,16.88,-202257.0,-11.04,-106978.0,-5.84,-5.0,1.385,1.386,939029408.0,1300555730,1300555730,2026-09-09,2026-09-09 14:20:58+08:00
159912,深300ETF汇添富,1.89,1.8935,0.18,0.0,0.0,936.0,177540.3,1.89,1.902,1.883,1.89,1.01,0.13,0.23,-1.7,395.0,541.0,-53565.0,-30.17,0.0,0.0,-53565.0,-30.17,44292.0,24.95,9272.0,5.22,-1.0,1.891,1.894,70948991.0,134093593,134093593,2026-09-09,2026-09-09 14:21:09+08:00
159679,中证1000增强ETF国泰,1.291,1.2924,0.11,0.0,0.0,35348.0,4573126.4,1.295,1.304,1.284,1.291,1.55,6.39,1.13,-2.99,15190.0,20158.0,125459.0,2.74,0.0,0.0,125459.0,2.74,-22735.0,-0.5,-102723.0,-2.25,6.0,1.29,1.292,55289156.0,71378300,71378300,2026-09-09,2026-09-09 14:21:09+08:00
159678,500增强ETF博时,1.543,1.5462,0.21,0.0,0.0,9175.0,1421544.5,1.558,1.558,1.538,1.543,1.3,1.03,0.66,15.32,4167.0,5008.0,2325.0,0.16,0.0,0.0,2325.0,0.16,55494.0,3.9,-57819.0,-4.07,-1.0,1.543,1.544,89143694.0,137548720,137548720,2026-09-09,2026-09-09 14:21:06+08:00
159956,创业板ETF建信,2.138,2.1351,-0.14,0.0,0.0,21503.0,4610525.7,2.136,2.156,2.118,2.138,1.78,4.39,0.74,12.12,10482.0,11021.0,855.0,0.02,0.0,0.0,855.0,0.02,-272715.0,-5.92,271860.0,5.9,46.0,2.133,2.136,48978674.0,104716405,104716405,2026-09-09,2026-09-09 14:21:09+08:00
159943,深证成指ETF大成,1.518,1.5184,0.03,0.0,0.0,94084.0,14278139.3,1.518,1.525,1.508,1.518,1.12,4.63,0.53,-18.43,48731.0,45353.0,-166930.0,-1.17,0.0,0.0,-166930.0,-1.17,-876046.0,-6.14,1042978.0,7.3,30.0,1.517,1.518,203229922.0,308503022,308503022,2026-09-09,2026-09-09 14:21:09+08:00
159513,纳斯达克100ETF大成,1.811,1.6649,-8.78,0.0,0.0,836785.0,151347113.271,1.812,1.813,1.804,1.811,0.5,1.82,0.9,-22.5,448794.0,387991.0,-18589341.0,-12.28,-9603788.0,-6.35,-8985553.0,-5.94,231845.0,0.15,18357495.0,12.13,35.0,1.81,1.811,4606548992.0,8342460225,8342460225,2026-09-09,2026-09-09 14:21:18+08:00
562010,绿色能源ETF华宝,0.828,0.826,-0.24,0.0,0.0,5685.0,470561.0,0.833,0.853,0.822,0.828,3.74,2.95,1.05,7.6,2115.0,3570.0,-296860.0,-63.09,0.0,0.0,-296860.0,-63.09,158749.0,33.74,138111.0,29.35,20.0,0.824,0.828,19298700.0,15979324,15979324,2026-09-09,2026-09-09 14:20:51+08:00
510650,金融地产ETF华夏,2.961,2.9599,-0.04,0.0,0.0,8528.0,2524423.0,2.931,2.964,2.913,2.961,1.72,6.85,1.27,-2.11,5194.0,3334.0,-546798.0,-21.66,-330149.0,-13.08,-216649.0,-8.58,530824.0,21.03,15974.0,0.63,3.0,2.959,2.961,12452500.0,36871853,36871853,2026-09-09,2026-09-09 14:21:08+08:00
510670,上证180ETF华夏,0.995,0.9978,0.28,0.0,0.0,935.0,92986.0,0.994,0.996,0.992,0.995,0.4,0.05,0.09,24.28,87.0,848.0,72886.0,78.38,0.0,0.0,72886.0,78.38,0.0,0.0,-72886.0,-78.38,-60.0,0.997,0.999,175493000.0,174615535,174615535,2026-09-09,2026-09-09 14:21:10+08:00
516580,新能源ETF博时,0.556,0.5563,0.05,0.0,0.0,27464.0,1520991.0,0.555,0.558,0.551,0.556,1.26,1.85,0.57,6.78,17709.0,9755.0,12324.0,0.81,243545.0,16.01,-231221.0,-15.2,-39219.0,-2.58,26895.0,1.77,-10.0,0.556,0.557,148124100.0,82357000,82357000,2026-09-09,2026-09-09 14:20:40+08:00
510580,中证500ETF易方达,4.094,4.0996,0.14,0.0,0.0,280321.0,115052415.0,4.095,4.125,4.072,4.094,1.29,2.42,0.66,50.56,136669.0,143651.0,834699.0,0.73,5205863.0,4.52,-4371164.0,-3.8,-1525752.0,-1.33,691053.0,0.6,-4.0,4.094,4.096,1159768304.0,4748091437,4748091437,2026-09-09,2026-09-09 14:21:10+08:00
159977,创业板ETF天弘,1.75,1.7497,-0.02,0.0,0.0,872825.0,152939554.7,1.765,1.769,1.735,1.75,1.94,2.36,0.8,2.07,445801.0,427024.0,-10884795.0,-7.12,-11161414.0,-7.3,276619.0,0.18,7385314.0,4.83,3499481.0,2.29,53.0,1.749,1.75,3697872816.0,6471277428,6471277428,2026-09-09,2026-09-09 14:21:09+08:00
517010,沪港深500ETF易方达,1.113,1.1166,0.32,0.0,0.0,4953.0,551179.0,1.114,1.115,1.112,1.113,0.27,0.63,0.42,4.32,3050.0,1903.0,-238782.0,-43.32,0.0,0.0,-238782.0,-43.32,200181.0,36.32,38601.0,7.0,607.0,1.112,1.114,78144200.0,86974495,86974495,2026-09-09,2026-09-09 14:20:44+08:00
560950,中证500增强ETF汇添富,1.372,1.3752,0.23,0.0,0.0,3397.0,466580.0,1.358,1.382,1.358,1.372,1.75,2.19,0.35,0.14,1804.0,1593.0,-142886.0,-30.62,0.0,0.0,-142886.0,-30.62,138467.0,29.68,4419.0,0.95,-1.0,1.373,1.374,15483000.0,21242676,21242676,2026-09-09,2026-09-09 14:20:53+08:00
159610,中证500增强ETF景顺,1.258,1.2596,0.13,0.0,0.0,9276.0,1170300.945,1.261,1.265,1.254,1.258,0.87,0.58,0.29,5.06,4694.0,4582.0,531942.0,45.45,0.0,0.0,531942.0,45.45,-423917.0,-36.22,-108026.0,-9.23,39.0,1.258,1.259,160568207.0,201994804,201994804,2026-09-09,2026-09-09 14:21:12+08:00
561160,电池ETF富国,0.688,0.6878,-0.03,0.0,0.0,366328.0,25087367.0,0.687,0.689,0.681,0.688,1.16,1.62,0.77,28.81,155669.0,210659.0,-3834689.0,-15.29,-3203327.0,-12.77,-631362.0,-2.52,1248449.0,4.98,2586239.0,10.31,10.0,0.687,0.688,2267335008.0,1559926486,1559926486,2026-09-09,2026-09-09 14:20:54+08:00
561120,家电ETF富国,1.264,1.2656,0.13,0.0,0.0,63193.0,7981970.0,1.262,1.267,1.26,1.264,0.55,22.44,1.05,5.31,35529.0,27664.0,156905.0,1.97,126400.0,1.58,30505.0,0.38,-179760.0,-2.25,22855.0,0.29,-1000.0,1.264,1.265,28159900.0,35594114,35594114,2026-09-09,2026-09-09 14:20:50+08:00
159619,基建ETF国泰,0.947,0.9486,0.17,0.0,0.0,33382.0,3158996.8,0.945,0.949,0.942,0.947,0.74,4.45,1.16,29.68,16941.0,16441.0,-169128.0,-5.35,-89586.0,-2.84,-79542.0,-2.52,165527.0,5.24,3600.0,0.11,-32.0,0.948,0.949,74981007.0,71007014,71007014,2026-09-09,2026-09-09 14:21:12+08:00
560880,家电ETF广发,1.53,1.5309,0.06,0.0,0.0,115668.0,17679410.0,1.526,1.533,1.523,1.53,0.65,5.97,1.19,2.32,57667.0,58001.0,138438.0,0.78,49867.0,0.28,88571.0,0.5,-248037.0,-1.4,109598.0,0.62,19.0,1.529,1.53,193732000.0,296409960,296409960,2026-09-09,2026-09-09 14:20:49+08:00
159621,ESGETF国泰,1.153,1.1553,0.2,0.0,0.0,6198.0,714223.4,1.153,1.155,1.151,1.153,0.35,4.29,0.27,-0.48,2273.0,3925.0,103333.0,14.47,0.0,0.0,103333.0,14.47,-66724.0,-9.34,-36608.0,-5.13,-21.0,1.154,1.155,14434717.0,16643229,16643229,2026-09-09,2026-09-09 14:21:09+08:00
510950,上证50ETF广发,0.995,0.9942,-0.08,0.0,0.0,57737.0,5732400.0,0.995,0.998,0.99,0.995,0.8,5.72,1.25,9.63,25674.0,32063.0,233055.0,4.07,1329015.0,23.18,-1095960.0,-19.12,-359373.0,-6.27,126318.0,2.2,1.0,0.994,0.995,101020800.0,100515696,100515696,2026-09-09,2026-09-09 14:21:07+08:00
511770,金鹰增益货币ETF,100.002,,0.0,0.0,0.0,29.0,290006.0,99.998,100.003,99.998,100.002,0.01,0.72,0.1,-3.21,6.0,23.0,150003.0,51.72,150003.0,51.72,0.0,0.0,-120002.0,-41.38,-30000.0,-10.34,-1.0,100.002,100.003,403900.0,40390808,40390808,2026-09-09,2026-09-09 14:21:08+08:00
511800,易方达货币ETF,100.009,,-0.01,-0.001,0.0,239.0,2385156.0,100.005,100.012,100.005,100.01,0.01,1.42,0.15,3.94,93.0,146.0,-223025.0,-9.35,417618.0,17.51,-640643.0,-26.86,230230.0,9.65,-7206.0,-0.3,-5.0,100.009,100.01,1679400.0,167955115,167955115,2026-09-09,2026-09-09 14:21:05+08:00
511810,货币ETF南方,100.004,,0.0,-0.004,0.0,525.0,5246460.0,100.003,100.006,100.002,100.008,0.0,1.4,0.52,27.26,303.0,222.0,459516.0,8.76,2002086.0,38.16,-1542570.0,-29.4,-414017.0,-7.89,-45500.0,-0.87,-10.0,100.004,100.005,3749100.0,374924996,374924996,2026-09-09,2026-09-09 14:21:08+08:00
516050,科技龙头ETF工银,1.346,1.3459,-0.01,0.0,0.0,35072.0,4756035.0,1.347,1.371,1.339,1.346,2.38,2.19,0.86,36.35,17992.0,17080.0,609484.0,12.81,901436.0,18.95,-291952.0,-6.14,-627700.0,-13.2,18215.0,0.38,20.0,1.345,1.347,160228000.0,215666888,215666888,2026-09-09,2026-09-09 14:21:02+08:00
516070,低碳ETF易方达,0.553,0.5527,-0.05,0.0,0.0,33155.0,1824719.0,0.554,0.555,0.548,0.553,1.27,1.12,0.68,0.3,19295.0,13860.0,-166692.0,-9.14,-700737.0,-38.4,534045.0,29.27,14352.0,0.79,152340.0,8.35,33.0,0.552,0.553,295646000.0,163492238,163492238,2026-09-09,2026-09-09 14:21:02+08:00
516090,新能源ETF易方达,0.469,0.4692,0.04,0.0,0.0,546020.0,25529321.0,0.468,0.47,0.465,0.469,1.07,3.24,0.94,36.13,264063.0,281957.0,-690708.0,-2.71,-216552.0,-0.85,-474156.0,-1.86,268858.0,1.05,421849.0,1.65,-575.0,0.469,0.47,1682844800.0,789254211,789254211,2026-09-09,2026-09-09 14:20:54+08:00
511850,招商财富宝ETF,100.004,,0.0,0.001,0.0,1753.0,17531500.0,100.003,100.006,100.003,100.003,0.0,1.96,0.49,-1.81,846.0,907.0,1495380.0,8.53,7796680.0,44.47,-6301300.0,-35.94,-1381976.0,-7.88,-113405.0,-0.65,-1.0,100.004,100.005,8943700.0,894405775,894405775,2026-09-09,2026-09-09 14:21:11+08:00
511860,货币ETF博时,100.002,,0.0,0.0,0.0,27.0,270006.0,100.002,100.003,100.002,100.002,0.0,0.61,0.03,17.43,12.0,15.0,-90002.0,-33.33,-20000.0,-7.41,-70002.0,-25.93,80001.0,29.63,10001.0,3.7,-2.0,100.002,100.003,446100.0,44610892,44610892,2026-09-09,2026-09-09 14:21:04+08:00
511880,银华日利ETF,100.779,,0.0,0.004,0.0,793600.0,7997714297.0,100.78,100.78,100.777,100.775,0.0,7.07,0.6,-3.92,365760.0,427840.0,55911232.0,0.7,94903040.0,1.19,-38991808.0,-0.49,-28359664.0,-0.35,-27047564.0,-0.34,72.0,100.778,100.779,1122186496.0,113092832880,113092832880,2026-09-09,2026-09-09 14:21:09+08:00
511900,富国货币ETF,99.999,,0.0,-0.001,0.0,368.0,3679971.0,99.998,100.0,99.998,100.0,0.0,2.03,0.44,9.22,190.0,178.0,159997.0,4.35,1120000.0,30.44,-960003.0,-26.09,-249997.0,-6.79,90000.0,2.45,-7.0,99.999,100.0,1809600.0,180958190,180958190,2026-09-09,2026-09-09 14:20:59+08:00
511910,融通货币ETF,100.006,,-0.01,-0.001,0.0,1.0,10001.0,100.006,100.006,100.006,100.007,0.0,0.13,0.13,17.65,,1.0,0.0,0.0,0.0,0.0,0.0,0.0,0.0,0.0,0.0,0.0,-1.0,100.005,100.017,78100.0,7810469,7810469,2026-09-09,2026-09-09 14:20:52+08:00
511920,货币ETF广发,100.001,,0.0,0.0,0.0,31.0,310606.0,100.008,100.008,100.001,100.001,0.01,0.98,0.18,70.27,26.0,5.0,-270602.0,-87.12,0.0,0.0,-270602.0,-87.12,251404.0,80.94,19199.0,6.18,0.0,100.0,100.007,315400.0,31540315,31540315,2026-09-09,2026-09-09 14:21:03+08:00
511930,货币ETF国联,100.005,,-0.01,0.0,0.0,5.0,50002.0,100.002,100.005,100.001,100.005,0.0,0.27,0.45,35.0,,5.0,0.0,0.0,0.0,0.0,0.0,0.0,0.0,0.0,0.0,0.0,-3.0,100.005,100.015,183600.0,18360918,18360918,2026-09-09,2026-09-09 14:20:47+08:00
511960,货币ETF嘉实,100.0,,0.0,-0.001,0.0,47.0,470000.0,100.0,100.001,99.999,100.001,0.0,1.85,0.19,1.65,41.0,6.0,-50000.0,-10.64,-50000.0,-10.64,0.0,0.0,30001.0,6.38,19999.0,4.26,-1.0,100.0,100.001,254000.0,25400000,25400000,2026-09-09,2026-09-09 14:20:41+08:00
511970,国寿货币ETF,100.003,,0.0,-0.003,0.0,23.0,230027.0,100.017,100.024,100.003,100.006,0.02,0.56,2.18,22.7,11.0,12.0,0.0,0.0,0.0,0.0,0.0,0.0,60005.0,26.09,-60005.0,-26.09,-4.0,100.004,100.016,414300.0,41431243,41431243,2026-09-09,2026-09-09 14:20:42+08:00
511990,华宝添益ETF,99.999,,0.0,0.0,0.0,555141.0,5551303459.0,99.999,99.999,99.997,99.999,0.0,5.98,0.56,-11.08,179315.0,375826.0,-11720096.0,-0.21,57746736.0,1.04,-69466832.0,-1.25,1299696.0,0.02,10420395.0,0.19,25.0,99.998,99.999,928021600.0,92801231978,92801231978,2026-09-09,2026-09-09 14:21:08+08:00
512070,证券保险ETF易方达,0.801,0.8008,-0.02,0.0,0.0,3295907.0,263801115.0,0.801,0.804,0.796,0.801,1.0,1.98,0.58,17.15,1618542.0,1677365.0,4958391.0,1.88,7831166.0,2.97,-2872775.0,-1.09,-6407896.0,-2.43,1449505.0,0.55,10.0,0.8,0.801,16630479616.0,13321014172,13321014172,2026-09-09,2026-09-09 14:21:09+08:00
159375,创业板50ETF国泰,0.708,0.7079,-0.01,0.0,0.0,154958.0,10990050.0,0.714,0.716,0.701,0.708,2.12,3.96,0.82,10.41,66057.0,88901.0,-321675.0,-2.93,-42672.0,-0.39,-279003.0,-2.54,271289.0,2.47,50386.0,0.46,-880.0,0.707,0.708,391595344.0,277249504,277249504,2026-09-09,2026-09-09 14:21:09+08:00
562880,电池ETF嘉实,0.705,0.706,0.14,0.0,0.0,212302.0,14914699.0,0.701,0.708,0.698,0.705,1.42,2.39,0.95,3.28,103792.0,108510.0,-542315.0,-3.64,-48869.0,-0.33,-493446.0,-3.31,235490.0,1.58,306824.0,2.06,-20.0,0.705,0.706,889399600.0,627026718,627026718,2026-09-09,2026-09-09 14:20:47+08:00
159501,纳指ETF嘉实,2.108,1.8731,-12.54,0.0,0.0,201032.0,42273557.9,2.108,2.109,2.099,2.108,0.47,0.3,0.8,-6.09,82137.0,118895.0,-4569759.0,-10.81,-4473752.0,-10.58,-96007.0,-0.23,3446984.0,8.15,1122775.0,2.66,50.0,2.107,2.108,6777986560.0,14287995668,14287995668,2026-09-09,2026-09-09 14:21:15+08:00
159510,沪深300价值ETF华夏,1.253,1.2528,-0.02,0.0,0.0,8993.0,1123493.9,1.253,1.253,1.246,1.253,0.56,1.36,0.56,-3.29,2895.0,6098.0,169704.0,15.11,0.0,0.0,169704.0,15.11,-226005.0,-20.12,56301.0,5.01,10.0,1.251,1.253,66128342.0,82858813,82858813,2026-09-09,2026-09-09 14:21:18+08:00
159389,数字经济ETF嘉实,1.779,1.7854,0.36,0.0,0.0,53890.0,9655241.6,1.783,1.81,1.776,1.779,1.91,3.9,1.01,-1.87,27306.0,26584.0,141600.0,1.47,-233939.0,-2.42,375539.0,3.89,-53363.0,-0.55,-88239.0,-0.91,-700.0,1.783,1.784,138093364.0,245668095,245668095,2026-09-09,2026-09-09 14:21:18+08:00
516260,物联网ETF华夏,1.331,1.331,0.0,0.0,0.0,1991.0,267138.0,1.343,1.345,1.331,1.331,1.05,0.45,0.22,0.05,1809.0,182.0,5565.0,2.08,0.0,0.0,5565.0,2.08,0.0,0.0,-5565.0,-2.08,-1.0,1.33,1.331,43882600.0,58407741,58407741,2026-09-09,2026-09-09 14:20:53+08:00
561910,电池ETF招商,0.682,0.6826,0.09,0.0,0.0,737111.0,50096562.0,0.681,0.685,0.675,0.682,1.47,1.54,0.87,35.61,343249.0,393862.0,-6435619.0,-12.85,-4831927.0,-9.65,-1603692.0,-3.2,3080975.0,6.15,3354642.0,6.7,-16.0,0.682,0.683,4791076608.0,3267514247,3267514247,2026-09-09,2026-09-09 14:20:55+08:00
511600,华安日日鑫ETF,100.0,,0.0,0.0,0.0,167.0,1669986.0,100.001,100.001,99.999,100.0,0.0,2.22,0.14,-7.78,143.0,24.0,-1109990.0,-66.47,-1529985.0,-91.62,419995.0,25.15,799992.0,47.9,309997.0,18.56,10.0,99.999,100.0,753800.0,75380000,75380000,2026-09-09,2026-09-09 14:21:00+08:00
511620,货币ETF国泰,100.009,,-0.01,0.0,0.0,365.0,3651187.0,100.008,100.009,100.007,100.009,0.0,0.84,0.12,32.63,80.0,285.0,450932.0,12.35,371519.0,10.18,79413.0,2.17,-451032.0,-12.35,101.0,0.0,7.0,100.008,100.009,4331200.0,433158981,433158981,2026-09-09,2026-09-09 14:21:10+08:00
511650,货币ETF华夏,100.002,,0.0,0.0,0.0,34.0,339407.0,100.002,100.003,100.002,100.002,0.0,0.28,0.06,10.67,2.0,32.0,89302.0,27.11,289406.0,87.86,-200104.0,-60.75,-100002.0,-30.36,10700.0,3.25,-1.0,100.002,100.003,1204900.0,120492410,120492410,2026-09-09,2026-09-09 14:21:06+08:00
511660,货币ETF建信,100.01,,-0.01,0.002,0.0,19122.0,191236353.0,100.009,100.012,100.008,100.008,0.0,2.43,0.65,-1.79,8559.0,10563.0,2832176.0,1.48,6654775.0,3.48,-3822599.0,-2.0,-2255727.0,-1.18,-576449.0,-0.3,100.0,100.009,100.01,78809100.0,7881698091,7881698091,2026-09-09,2026-09-09 14:21:03+08:00
511670,华泰天天金ETF,100.007,,-0.01,0.0,0.0,5.0,50004.0,100.007,100.007,100.007,100.007,0.0,0.38,1.49,28.59,,5.0,0.0,0.0,0.0,0.0,0.0,0.0,0.0,0.0,0.0,0.0,5.0,100.007,100.015,132300.0,13230926,13230926,2026-09-09,2026-09-09 14:20:55+08:00
511690,交易货币ETF大成,100.002,,0.0,0.003,0.0,575.0,5750303.0,99.999,100.002,99.999,99.999,0.0,0.97,0.26,-7.86,55.0,520.0,1280101.0,22.26,1250298.0,21.74,29803.0,0.52,-930001.0,-16.17,-350100.0,-6.09,2.0,100.001,100.002,5899800.0,589991800,589991800,2026-09-09,2026-09-09 14:21:03+08:00
511700,货币ETF平安,100.008,,-0.01,-0.002,0.0,4161.0,41609881.0,100.006,100.009,100.005,100.01,0.0,2.24,0.69,29.73,2204.0,1957.0,-373718.0,-0.9,-12851444.0,-30.89,12477726.0,29.99,572032.0,1.37,-198314.0,-0.48,1.0,100.007,100.008,18590200.0,1859168722,1859168722,2026-09-09,2026-09-09 14:20:57+08:00
515290,银行ETF天弘,1.51,1.5109,0.06,0.0,0.0,288919.0,43602160.0,1.504,1.516,1.499,1.51,1.13,1.16,0.74,14.39,185068.0,103851.0,3388095.0,7.77,1563582.0,3.59,1824513.0,4.18,-1902499.0,-4.36,-1485597.0,-3.41,-201.0,1.51,1.512,2486272896.0,3754272073,3754272073,2026-09-09,2026-09-09 14:21:04+08:00
159220,港股通红利低波ETF华宝,0.588,0.5889,0.15,0.0,0.0,321729.0,18890760.8,0.588,0.589,0.585,0.588,0.68,6.41,1.02,28.3,162510.0,159219.0,382863.0,2.03,280325.0,1.48,102538.0,0.54,-595893.0,-3.15,213030.0,1.13,220.0,0.587,0.588,501569520.0,294922878,294922878,2026-09-09,2026-09-09 14:21:24+08:00
512360,MSCIA股ETF平安,1.771,1.7779,0.39,0.0,0.0,4.0,709.0,1.777,1.777,1.771,1.771,0.34,0.0,0.01,-0.1,,4.0,0.0,0.0,0.0,0.0,0.0,0.0,0.0,0.0,0.0,0.0,-1.0,1.775,1.778,27337700.0,48415067,48415067,2026-09-09,2026-09-09 14:20:58+08:00
512410,银行ETF广发,1.121,1.1214,0.04,0.0,0.0,73217.0,8195507.0,1.12,1.123,1.111,1.121,1.07,18.93,0.67,-4.67,33267.0,39950.0,198380.0,2.42,0.0,0.0,198380.0,2.42,64190.0,0.78,-262569.0,-3.2,-2330.0,1.12,1.121,38671700.0,43350976,43350976,2026-09-09,2026-09-09 14:21:07+08:00
515030,新能源车ETF华夏,1.542,1.5416,-0.03,0.0,0.0,673136.0,103331769.0,1.534,1.544,1.526,1.542,1.17,4.49,1.21,-3.77,333529.0,339607.0,2705534.0,2.62,2425827.0,2.35,279707.0,0.27,-4497497.0,-4.35,1791964.0,1.73,64.0,1.541,1.542,1498384000.0,2310508128,2310508128,2026-09-09,2026-09-09 14:21:01+08:00
563590,A500红利低波动ETF国寿,0.989,0.9923,0.33,0.0,0.0,213.0,21053.0,0.987,0.989,0.987,0.989,0.2,0.03,0.14,-8.62,1.0,212.0,21053.0,100.0,0.0,0.0,21053.0,100.0,0.0,0.0,-21053.0,-100.0,-49.0,0.99,0.994,60944400.0,60274012,60274012,2026-09-09,2026-09-09 14:20:43+08:00
159192,家电ETF汇添富,0.958,0.9583,0.03,0.0,0.0,145.0,13890.7,0.955,0.958,0.955,0.958,0.31,0.08,0.12,16.18,1.0,144.0,13795.0,99.31,0.0,0.0,13795.0,99.31,95.0,0.68,-13890.0,-99.99,-87.0,0.958,0.959,17987065.0,17231608,17231608,2026-09-09,2026-09-09 14:21:24+08:00
512520,MSCI中国ETF华泰柏瑞,1.458,1.4617,0.25,0.0,0.0,1393.0,202862.0,1.457,1.458,1.455,1.458,0.21,0.31,1.08,-18.01,792.0,601.0,140847.0,69.43,0.0,0.0,140847.0,69.43,-139536.0,-68.78,-1311.0,-0.65,-38.0,1.459,1.462,45056400.0,65692231,65692231,2026-09-09,2026-09-09 14:21:07+08:00
159161,工程机械ETF东财,0.949,0.953,0.42,0.0,0.0,2203.0,209331.8,0.948,0.953,0.941,0.949,1.26,0.32,0.43,21.65,1229.0,974.0,0.0,0.0,0.0,0.0,0.0,0.0,-20336.0,-9.71,20336.0,9.71,-4.0,0.95,0.952,68331260.0,64846366,64846366,2026-09-09,2026-09-09 14:21:24+08:00
159091,港股通金融ETF易方达,1.094,1.0935,-0.05,0.0,0.0,24811.0,2714017.816,1.086,1.1,1.083,1.094,1.55,10.18,0.59,1.86,13793.0,11018.0,-262224.0,-9.66,0.0,0.0,-262224.0,-9.66,286739.0,10.57,-24516.0,-0.9,-35.0,1.093,1.094,24374196.0,26665370,26665370,2026-09-09,2026-09-09 14:21:30+08:00
588830,科创新能源ETF鹏华,1.16,1.1614,0.12,0.0,0.0,485389.0,56407183.0,1.159,1.176,1.153,1.16,1.98,7.48,0.83,17.58,327724.0,157665.0,6541.0,0.01,-2189085.0,-3.88,2195626.0,3.89,61776.0,0.11,-68317.0,-0.12,-798.0,1.16,1.162,648847904.0,752663569,752663569,2026-09-09,2026-09-09 14:20:50+08:00
159155,电池ETF大成,0.803,0.8037,0.09,0.0,0.0,270334.0,21653808.0,0.804,0.806,0.795,0.803,1.37,3.84,1.45,-11.24,133936.0,136398.0,54794.0,0.25,319406.0,1.48,-264612.0,-1.22,-643171.0,-2.97,588376.0,2.72,-502.0,0.802,0.804,703513296.0,564921177,564921177,2026-09-09,2026-09-09 14:21:24+08:00
159118,港股通红利低波ETF华夏,0.972,0.9743,0.24,0.0,0.0,22642.0,2201308.7,0.971,0.975,0.97,0.972,0.51,3.25,0.91,-22.16,14394.0,8248.0,-268243.0,-12.19,-701135.0,-31.85,432892.0,19.67,289843.0,13.17,-21600.0,-0.98,30.0,0.972,0.973,69677020.0,67726063,67726063,2026-09-09,2026-09-09 14:21:30+08:00
513690,港股红利ETF博时,1.155,1.1573,0.2,0.0,0.0,723988.0,83591616.0,1.155,1.16,1.146,1.155,1.21,2.3,0.86,4.58,346103.0,377885.0,5433604.0,6.5,17525061.0,20.97,-12091457.0,-14.47,-7893349.0,-9.44,2459744.0,2.94,-100.0,1.155,1.156,3148479904.0,3636494289,3636494289,2026-09-09,2026-09-09 14:21:01+08:00
159001,货币ETF易方达,100.001,,0.0,0.001,0.0,25246.0,252455624.378,100.0,100.001,99.999,100.0,0.0,7.68,0.42,0.06,15257.0,9988.0,-1150427.0,-0.46,-887962.0,-0.35,-262465.0,-0.1,2890066.0,1.15,-1739639.0,-0.69,50.0,100.0,100.001,32869037.0,3286936569,3286936569,2026-09-09,2026-09-09 14:21:33+08:00
159003,招商快线ETF,99.999,,0.0,-0.001,0.0,5824.0,58235698.643,99.999,100.0,99.999,100.0,0.0,28.94,4.93,33.55,2172.0,3652.0,155699.0,0.27,-2940000.0,-5.05,3095699.0,5.32,-50001.0,-0.09,-105698.0,-0.18,-2.0,99.999,100.0,2012072.0,201205188,201205188,2026-09-09,2026-09-09 14:21:15+08:00
159005,快钱ETF汇添富,100.0,,0.0,0.0,0.0,4222.0,42215494.245,99.999,100.0,99.999,100.0,0.0,35.94,2.47,25.21,3047.0,1175.0,-44500.0,-0.11,920000.0,2.18,-964500.0,-2.28,-9999.0,-0.02,54500.0,0.13,8.0,99.999,100.0,1174689.0,117468900,117468900,2026-09-09,2026-09-09 14:21:21+08:00
515360,沪深300ETF方正富邦,6.72,6.7377,0.26,-0.001,-0.01,112.0,75335.0,6.727,6.727,6.72,6.721,0.1,0.03,0.16,-1.99,111.0,1.0,672.0,0.89,0.0,0.0,672.0,0.89,0.0,0.0,-672.0,-0.89,10.0,6.728,6.744,37279300.0,250516896,250516896,2026-09-09,2026-09-09 14:20:54+08:00
513000,日经225ETF易方达,2.311,2.2322,-3.53,-0.001,-0.04,342537.0,79378641.0,2.333,2.333,2.304,2.312,1.25,3.34,0.71,-27.27,163211.0,179326.0,-4936099.0,-6.22,-7159130.0,-9.02,2223031.0,2.8,3206991.0,4.04,1729108.0,2.18,-190.0,2.31,2.311,1024911408.0,2368570264,2368570264,2026-09-09,2026-09-09 14:21:06+08:00
159935,中证500ETF景顺,2.453,2.452,-0.04,-0.001,-0.04,1374.0,336509.1,2.468,2.468,2.438,2.454,1.22,0.56,0.15,5.48,645.0,729.0,69798.0,20.74,0.0,0.0,69798.0,20.74,-35893.0,-10.67,-33906.0,-10.08,3.0,2.45,2.452,24572956.0,60277461,60277461,2026-09-09,2026-09-09 14:21:09+08:00
513520,日经ETF华夏,2.306,2.2291,-3.45,-0.001,-0.04,584495.0,135113718.0,2.323,2.325,2.297,2.307,1.21,5.41,0.65,19.13,271258.0,313237.0,-5903715.0,-4.37,354537.0,0.26,-6258252.0,-4.63,-2871033.0,-2.12,8774749.0,6.49,140.0,2.305,2.306,1079887200.0,2490219883,2490219883,2026-09-09,2026-09-09 14:21:02+08:00
510500,中证500ETF南方,7.784,7.7932,0.12,-0.004,-0.05,1639809.0,1277981519.0,7.807,7.845,7.74,7.788,1.35,2.96,0.45,52.68,785214.0,854595.0,4122544.0,0.32,-51151024.0,-4.0,55273568.0,4.33,-17088267.0,-1.34,12992981.0,1.02,-45.0,7.781,7.785,5531368704.0,43056173992,43056173992,2026-09-09,2026-09-09 14:21:09+08:00
159982,中证500ETF鹏华,2.097,2.0964,-0.03,-0.001,-0.05,19322.0,4055236.1,2.097,2.109,2.085,2.098,1.14,0.96,0.5,9.82,9102.0,10220.0,-254949.0,-6.29,0.0,0.0,-254949.0,-6.29,-607221.0,-14.97,862169.0,21.26,1.0,2.095,2.097,202211253.0,424036998,424036998,2026-09-09,2026-09-09 14:21:09+08:00
513880,日经225ETF华安,2.165,2.0731,-4.43,-0.001,-0.05,496494.0,107852246.0,2.183,2.186,2.157,2.166,1.34,3.76,0.7,-1.01,224373.0,272121.0,-3318755.0,-3.08,4595261.0,4.26,-7914016.0,-7.34,-3699735.0,-3.43,7018491.0,6.51,3.0,2.164,2.165,1318970000.0,2855570050,2855570050,2026-09-09,2026-09-09 14:21:02+08:00
159150,深证50ETF易方达,1.565,1.5655,0.03,-0.001,-0.06,29564.0,4620800.7,1.572,1.572,1.556,1.566,1.02,3.02,0.44,9.13,14029.0,15535.0,-305127.0,-6.6,0.0,0.0,-305127.0,-6.6,172717.0,3.74,132410.0,2.87,-339.0,1.564,1.566,97997623.0,153366280,153366280,2026-09-09,2026-09-09 14:21:24+08:00
159205,创业板ETF东财,1.65,1.6487,-0.08,-0.001,-0.06,443668.0,73294479.5,1.664,1.668,1.636,1.651,1.94,6.55,0.55,-18.73,214631.0,229037.0,-6720910.0,-9.17,-6190583.0,-8.45,-530327.0,-0.72,1001216.0,1.37,5719694.0,7.8,80.0,1.648,1.65,677056064.0,1117142506,1117142506,2026-09-09,2026-09-09 14:21:24+08:00
515160,MSCI中国ETF招商,1.606,1.6142,0.51,-0.001,-0.06,16628.0,2680804.0,1.613,1.614,1.606,1.607,0.5,0.68,1.47,0.14,8075.0,8553.0,105742.0,3.94,0.0,0.0,105742.0,3.94,-92995.0,-3.47,-12746.0,-0.48,-1040.0,1.611,1.615,243955100.0,391791891,391791891,2026-09-09,2026-09-09 14:20:55+08:00
511980,货币ETF汇添富,100.178,,-0.18,-0.056,-0.06,3.0,30067.0,100.327,100.327,100.169,100.234,0.16,0.12,0.25,20.93,1.0,2.0,0.0,0.0,0.0,0.0,0.0,0.0,0.0,0.0,0.0,0.0,-1.0,100.18,100.248,241100.0,24152916,24152916,2026-09-09,2026-09-09 14:20:52+08:00
159383,创业板50ETF华泰柏瑞,1.655,1.6533,-0.1,-0.001,-0.06,28087.0,4648327.4,1.673,1.679,1.641,1.656,2.29,5.39,0.65,-1.91,11945.0,16142.0,-246445.0,-5.31,-928.0,-0.02,-245517.0,-5.29,218382.0,4.7,28064.0,0.6,40.0,1.654,1.655,52092486.0,86213064,86213064,2026-09-09,2026-09-09 14:21:18+08:00
588270,科创200ETF易方达,1.656,1.6591,0.19,-0.001,-0.06,77000.0,12877670.0,1.656,1.687,1.647,1.657,2.41,2.58,0.76,31.91,43318.0,33682.0,-493241.0,-3.83,315957.0,2.45,-809198.0,-6.28,489854.0,3.8,3386.0,0.03,-4.0,1.656,1.659,298410000.0,494166960,494166960,2026-09-09,2026-09-09 14:20:43+08:00
517900,银行AH优选ETF招商,1.581,1.5781,-0.18,-0.001,-0.06,125083.0,19775144.0,1.577,1.587,1.57,1.582,1.07,3.28,0.59,-0.73,57042.0,68041.0,950911.0,4.81,-777582.0,-3.93,1728493.0,8.74,-601294.0,-3.04,-349618.0,-1.77,1.0,1.58,1.581,380993504.0,602350730,602350730,2026-09-09,2026-09-09 14:20:56+08:00
561590,中证1000增强ETF华泰柏瑞,1.505,1.5076,0.17,-0.001,-0.07,39504.0,5953045.0,1.51,1.517,1.497,1.506,1.33,3.89,1.24,5.84,19621.0,19883.0,165520.0,2.78,0.0,0.0,165520.0,2.78,-33226.0,-0.56,-132294.0,-2.22,87.0,1.505,1.506,101499600.0,152756898,152756898,2026-09-09,2026-09-09 14:20:38+08:00
561550,中证500增强ETF华泰柏瑞,1.399,1.4001,0.08,-0.001,-0.07,225078.0,31503773.0,1.405,1.41,1.391,1.4,1.36,1.67,0.85,9.79,132698.0,92380.0,654810.0,2.08,-2097178.0,-6.66,2751988.0,8.74,-2935743.0,-9.32,2280932.0,7.24,117.0,1.397,1.399,1346989600.0,1884438450,1884438450,2026-09-09,2026-09-09 14:20:55+08:00
159685,1000增强ETF天弘,1.477,1.4784,0.09,-0.001,-0.07,50845.0,7500750.7,1.484,1.488,1.47,1.478,1.22,26.15,2.87,13.47,26227.0,24618.0,-236877.0,-3.16,0.0,0.0,-236877.0,-3.16,223513.0,2.98,13364.0,0.18,1690.0,1.477,1.478,19440067.0,28712979,28712979,2026-09-09,2026-09-09 14:21:09+08:00
563080,中证A50ETF易方达,1.368,1.3692,0.09,-0.001,-0.07,347929.0,47518416.0,1.37,1.371,1.361,1.369,0.73,3.13,1.3,51.56,227828.0,120101.0,13909208.0,29.27,10339756.0,21.76,3569452.0,7.51,-8019091.0,-16.88,-5890117.0,-12.4,-800.0,1.368,1.369,1110588400.0,1519284931,1519284931,2026-09-09,2026-09-09 14:20:56+08:00
563090,上证50增强ETF易方达,1.449,1.4485,-0.03,-0.001,-0.07,18051.0,2609643.0,1.45,1.465,1.441,1.45,1.66,3.29,0.65,11.1,6652.0,11399.0,-68423.0,-2.62,0.0,0.0,-68423.0,-2.62,72483.0,2.78,-4059.0,-0.16,5.0,1.448,1.449,54848000.0,79474752,79474752,2026-09-09,2026-09-09 14:20:35+08:00
159350,深证50ETF富国,1.529,1.5284,-0.04,-0.001,-0.07,339975.0,51951024.1,1.531,1.536,1.519,1.53,1.11,26.15,1.29,-22.86,240892.0,99083.0,16145163.0,31.08,-138330.0,-0.27,16283493.0,31.34,-9182493.0,-17.68,-6962670.0,-13.4,65.0,1.527,1.529,130009642.0,198784743,198784743,2026-09-09,2026-09-09 14:21:18+08:00
159593,中证A50ETF平安,1.352,1.3539,0.14,-0.001,-0.07,358728.0,48425981.9,1.355,1.355,1.345,1.353,0.74,1.94,1.14,-22.97,243969.0,114759.0,12496942.0,25.81,4169290.0,8.61,8327652.0,17.2,-7266078.0,-15.0,-5230864.0,-10.8,-15.0,1.352,1.353,1853196048.0,2505521057,2505521057,2026-09-09,2026-09-09 14:21:09+08:00
159677,中证1000增强ETF银华,1.465,1.4673,0.16,-0.001,-0.07,20198.0,2968112.9,1.473,1.481,1.459,1.466,1.5,6.75,0.48,0.7,8550.0,11648.0,175679.0,5.92,0.0,0.0,175679.0,5.92,-105622.0,-3.56,-70057.0,-2.36,-1.0,1.465,1.467,29904091.0,43809493,43809493,2026-09-09,2026-09-09 14:21:09+08:00
520890,港股通红利低波ETF华泰柏瑞,1.339,1.3397,0.05,-0.001,-0.07,91988.0,12281512.0,1.337,1.341,1.33,1.34,0.82,11.5,0.73,-8.32,44748.0,47240.0,262020.0,2.13,0.0,0.0,262020.0,2.13,-352698.0,-2.87,90678.0,0.74,8.0,1.339,1.34,80008000.0,107130712,107130712,2026-09-09,2026-09-09 14:21:00+08:00
512370,A500增强ETF华夏,1.2,1.2015,0.12,-0.001,-0.08,5599.0,671095.0,1.199,1.202,1.194,1.201,0.67,0.19,0.73,-2.45,4595.0,1004.0,477690.0,71.18,0.0,0.0,477690.0,71.18,91073.0,13.57,-568764.0,-84.75,231.0,1.199,1.201,296313008.0,355575610,355575610,2026-09-09,2026-09-09 14:21:06+08:00
159701,物联网ETF招商,1.229,1.2316,0.21,-0.001,-0.08,11563.0,1421244.2,1.242,1.249,1.225,1.23,1.95,20.27,3.24,-0.08,6275.0,5288.0,-122620.0,-8.63,0.0,0.0,-122620.0,-8.63,146097.0,10.28,-23478.0,-1.65,1060.0,1.231,1.232,5705601.0,7012184,7012184,2026-09-09,2026-09-09 14:21:12+08:00
530800,上证180ETF银华,1.199,1.2049,0.49,-0.001,-0.08,12974.0,1558762.0,1.202,1.204,1.199,1.2,0.42,7.13,1.1,3.38,4416.0,8558.0,210019.0,13.47,0.0,0.0,210019.0,13.47,-205330.0,-13.17,-4690.0,-0.3,33.0,1.203,1.205,18201800.0,21823958,21823958,2026-09-09,2026-09-09 14:20:43+08:00
589820,科创200ETF建信,1.22,1.2197,-0.02,-0.001,-0.08,70976.0,8684305.0,1.221,1.241,1.214,1.221,2.21,5.47,0.9,6.38,37116.0,33860.0,-34155.0,-0.39,0.0,0.0,-34155.0,-0.39,224823.0,2.59,-190668.0,-2.2,-796.0,1.22,1.221,129720200.0,158258644,158258644,2026-09-09,2026-09-09 14:20:51+08:00
159529,标普消费ETF景顺,1.269,1.2512,-1.42,-0.001,-0.08,96915.0,12290664.6,1.268,1.271,1.266,1.27,0.39,1.19,0.38,28.31,44616.0,52299.0,-1526912.0,-12.42,412932.0,3.36,-1939844.0,-15.78,773246.0,6.29,753666.0,6.13,-22.0,1.269,1.27,811536784.0,1029840179,1029840179,2026-09-09,2026-09-09 14:21:18+08:00
510570,中证500ETF兴业,1.225,1.2248,-0.02,-0.001,-0.08,22565.0,2765845.0,1.225,1.232,1.22,1.226,0.98,4.7,0.86,22.02,12565.0,10000.0,442267.0,15.99,0.0,0.0,442267.0,15.99,-421816.0,-15.25,-20451.0,-0.74,-164.0,1.225,1.226,48060600.0,58874235,58874235,2026-09-09,2026-09-09 14:21:07+08:00
588140,科创200ETF广发,1.19,1.1929,0.24,-0.001,-0.08,32319.0,3879309.0,1.215,1.215,1.184,1.191,2.6,1.48,1.12,-10.09,20703.0,11616.0,-801772.0,-20.67,-444659.0,-11.46,-357113.0,-9.21,818177.0,21.09,-16404.0,-0.42,20.0,1.19,1.192,217751000.0,259123690,259123690,2026-09-09,2026-09-09 14:20:42+08:00
159976,湾创ETF工银,1.287,1.2923,0.41,-0.001,-0.08,28.0,3608.6,1.288,1.291,1.287,1.288,0.31,0.0,0.13,-5.74,,28.0,-1028.0,-28.49,0.0,0.0,-1028.0,-28.49,0.0,0.0,1029.0,28.52,-1.0,1.289,1.291,63885872.0,82221117,82221117,2026-09-09,2026-09-09 14:20:57+08:00
515000,科技ETF华宝,1.246,1.2466,0.05,-0.001,-0.08,658872.0,82498588.0,1.256,1.264,1.238,1.247,2.09,2.05,0.59,7.56,257629.0,401243.0,544347.0,0.66,3499848.0,4.24,-2955501.0,-3.58,-1555337.0,-1.89,1010991.0,1.23,618.0,1.246,1.247,3216579296.0,4007857803,4007857803,2026-09-09,2026-09-09 14:21:02+08:00
516160,新能源ETF南方,2.36,2.3611,0.05,-0.002,-0.08,391766.0,92167285.0,2.368,2.369,2.339,2.362,1.27,2.56,0.98,35.78,195896.0,195870.0,-1877926.0,-2.04,-3484432.0,-3.78,1606506.0,1.74,-1562870.0,-1.7,3440797.0,3.73,16.0,2.359,2.36,1532142000.0,3615855120,3615855120,2026-09-09,2026-09-09 14:21:04+08:00
512250,A50ETF招商,1.204,1.2087,0.39,-0.001,-0.08,1727.0,207944.0,1.205,1.209,1.202,1.205,0.58,0.14,0.43,10.17,34.0,1693.0,-1577.0,-0.76,0.0,0.0,-1577.0,-0.76,0.0,0.0,1576.0,0.76,-1670.0,1.207,1.21,119600100.0,143998520,143998520,2026-09-09,2026-09-09 14:21:07+08:00
561350,中证500ETF国泰,1.236,1.2376,0.13,-0.001,-0.08,199059.0,24641926.0,1.241,1.244,1.229,1.237,1.21,17.2,0.66,-19.0,100012.0,99047.0,522096.0,2.12,3036624.0,12.32,-2514528.0,-10.2,-481377.0,-1.95,-40721.0,-0.17,-3.0,1.235,1.236,115700000.0,143005200,143005200,2026-09-09,2026-09-09 14:20:55+08:00
159836,创业板300ETF天弘,1.241,1.2398,-0.1,-0.001,-0.08,17547.0,2177562.8,1.242,1.277,1.232,1.242,3.62,1.47,0.74,15.96,10569.0,6978.0,7576.0,0.35,-25316.0,-1.16,32892.0,1.51,50817.0,2.33,-58393.0,-2.68,329.0,1.24,1.241,119747113.0,148606167,148606167,2026-09-09,2026-09-09 14:21:09+08:00
159940,金融地产ETF广发,1.232,1.2336,0.13,-0.001,-0.08,696.0,85608.8,1.223,1.235,1.223,1.233,0.97,0.02,0.07,30.09,182.0,514.0,45074.0,52.65,24885.0,29.07,20189.0,23.58,-27587.0,-32.22,-17488.0,-20.43,-27.0,1.232,1.233,290059984.0,357353900,357353900,2026-09-09,2026-09-09 14:21:09+08:00
512580,环保ETF广发,1.134,1.1351,0.1,-0.001,-0.09,298084.0,33623274.0,1.135,1.137,1.126,1.135,0.97,5.22,6.48,34.16,40922.0,257162.0,-501328.0,-1.49,11026907.0,32.8,-11528235.0,-34.29,85265.0,0.25,416063.0,1.24,-2.0,1.134,1.136,571471696.0,648048903,648048903,2026-09-09,2026-09-09 14:21:07+08:00
516110,汽车ETF国泰,1.096,1.0943,-0.16,-0.001,-0.09,55910.0,6110942.0,1.097,1.097,1.089,1.097,0.73,2.35,0.4,-3.24,26934.0,28976.0,-396053.0,-6.48,983.0,0.02,-397036.0,-6.5,217830.0,3.56,178222.0,2.92,35.0,1.094,1.095,237623100.0,260434918,260434918,2026-09-09,2026-09-09 14:20:54+08:00
520550,港股红利低波ETF招商,1.105,1.1027,-0.21,-0.001,-0.09,225280.0,24841053.0,1.106,1.107,1.099,1.106,0.72,1.95,0.91,-2.36,122653.0,102627.0,-613499.0,-2.47,-559484.0,-2.25,-54015.0,-0.22,363510.0,1.46,249990.0,1.01,-40.0,1.105,1.106,1152524000.0,1273539020,1273539020,2026-09-09,2026-09-09 14:21:02+08:00
159602,中国A50ETF南方,1.084,1.0833,-0.06,-0.001,-0.09,46047.0,4982329.98,1.08,1.085,1.078,1.085,0.65,1.14,1.18,11.28,28145.0,17902.0,39286.0,0.79,0.0,0.0,39286.0,0.79,-5355.0,-0.11,-33932.0,-0.68,-1100.0,1.083,1.084,404542944.0,438524551,438524551,2026-09-09,2026-09-09 14:21:09+08:00
512500,中证500ETF华夏,4.404,4.4102,0.14,-0.004,-0.09,572367.0,252536953.0,4.416,4.436,4.38,4.408,1.27,3.2,0.58,23.83,293406.0,278961.0,3678200.0,1.46,22660883.0,8.97,-18982683.0,-7.52,-4573568.0,-1.81,895368.0,0.35,-5.0,4.404,4.405,1788808800.0,7877913955,7877913955,2026-09-09,2026-09-09 14:21:06+08:00
563750,中证500ETF汇添富,1.089,1.0899,0.08,-0.001,-0.09,102906.0,11240167.0,1.093,1.097,1.083,1.09,1.28,2.92,0.82,-0.06,46655.0,56251.0,667474.0,5.94,927317.0,8.25,-259843.0,-2.31,-632083.0,-5.62,-35389.0,-0.31,-1600.0,1.089,1.09,352237008.0,383586102,383586102,2026-09-09,2026-09-09 14:20:53+08:00
159786,VRETF银华,1.134,1.1383,0.38,-0.001,-0.09,75709.0,8611925.431,1.145,1.15,1.13,1.135,1.76,9.15,0.96,59.74,33675.0,42034.0,-12641.0,-0.15,49993.0,0.58,-62634.0,-0.73,73103.0,0.85,-60463.0,-0.7,-45.0,1.137,1.139,82701174.0,93783131,93783131,2026-09-09,2026-09-09 14:21:12+08:00
159500,中证500ETF富国,1.167,1.1702,0.27,-0.001,-0.09,70230.0,8207989.7,1.168,1.176,1.161,1.168,1.28,3.34,0.57,-1.53,45016.0,25214.0,-210133.0,-2.56,0.0,0.0,-210133.0,-2.56,354708.0,4.32,-144575.0,-1.76,149.0,1.166,1.167,210538865.0,245698855,245698855,2026-09-09,2026-09-09 14:21:15+08:00
159298,创业板50ETF大成,1.173,1.1727,-0.03,-0.001,-0.09,28843.0,3392490.1,1.176,1.189,1.163,1.174,2.21,1.78,0.44,24.32,12432.0,16411.0,238828.0,7.04,383403.0,11.3,-144575.0,-4.26,-286876.0,-8.46,48047.0,1.42,35.0,1.173,1.174,162281082.0,190355709,190355709,2026-09-09,2026-09-09 14:21:18+08:00
518880,黄金ETF华安,9.038,9.0348,-0.04,-0.009,-0.1,3448558.0,3104278905.0,8.97,9.052,8.97,9.047,0.91,2.94,0.71,5.99,1786543.0,1662015.0,-118343408.0,-3.81,59962352.0,1.93,-178305760.0,-5.74,23261264.0,0.75,95091175.0,3.06,-402.0,9.038,9.039,11733540864.0,106047742329,106047742329,2026-09-09,2026-09-09 14:21:00+08:00
159512,汽车ETF广发,1.025,1.0246,-0.04,-0.001,-0.1,97414.0,9963732.3,1.026,1.028,1.019,1.026,0.88,8.45,0.86,-15.68,42278.0,55136.0,92306.0,0.93,-463291.0,-4.65,555597.0,5.58,-197024.0,-1.98,104718.0,1.05,-200.0,1.025,1.026,115264855.0,118146476,118146476,2026-09-09,2026-09-09 14:21:18+08:00
159958,创业板ETF工银,2.04,2.0375,-0.12,-0.002,-0.1,31848.0,6522346.6,2.048,2.062,2.023,2.042,1.91,1.33,0.77,33.32,8677.0,23171.0,-255376.0,-3.92,510040.0,7.82,-765416.0,-11.74,-33855.0,-0.52,289230.0,4.43,98.0,2.036,2.039,239911448.0,489419354,489419354,2026-09-09,2026-09-09 14:21:09+08:00
517330,长江保护ETF易方达,0.96,0.964,0.41,-0.001,-0.1,127.0,12183.0,0.958,0.962,0.958,0.961,0.42,0.0,0.24,-0.01,15.0,112.0,9393.0,77.1,0.0,0.0,9393.0,77.1,0.0,0.0,-9393.0,-77.1,1.0,0.96,0.963,1809169008.0,1736802248,1736802248,2026-09-09,2026-09-09 14:20:39+08:00
159861,碳中和50ETF国泰,0.989,0.9896,0.06,-0.001,-0.1,32588.0,3212990.0,0.986,0.99,0.983,0.99,0.71,3.25,1.0,-0.96,17769.0,14819.0,-156791.0,-4.88,0.0,0.0,-156791.0,-4.88,155633.0,4.84,1158.0,0.04,-1320.0,0.989,0.99,100117535.0,99016242,99016242,2026-09-09,2026-09-09 14:21:09+08:00
517000,沪港深500ETF银华,0.997,1.0037,0.67,-0.001,-0.1,774.0,77238.0,1.001,1.001,0.997,0.998,0.4,0.06,0.46,7.69,100.0,674.0,-48895.0,-63.3,0.0,0.0,-48895.0,-63.3,38822.0,50.26,10073.0,13.04,-130.0,0.999,1.001,122793000.0,122424621,122424621,2026-09-09,2026-09-09 14:20:54+08:00
159008,证券ETF景顺,1.012,1.0101,-0.19,-0.001,-0.1,58425.0,5906156.255,1.01,1.014,1.007,1.013,0.69,5.35,1.13,-3.26,39026.0,19399.0,-1415071.0,-23.96,-2712532.0,-45.93,1297461.0,21.97,567792.0,9.61,847279.0,14.35,9.0,1.011,1.012,109284531.0,110595945,110595945,2026-09-09,2026-09-09 14:21:24+08:00
159824,新能源车ETF博时,1.035,1.0345,-0.05,-0.001,-0.1,33229.0,3418342.5,1.031,1.035,1.025,1.036,0.97,4.0,1.12,29.48,16945.0,16284.0,-17384.0,-0.51,12587.0,0.37,-29971.0,-0.88,7892.0,0.23,9492.0,0.28,6.0,1.034,1.036,83135070.0,86044797,86044797,2026-09-09,2026-09-09 14:21:12+08:00
159093,化工ETF汇添富,1.043,1.0437,0.07,-0.001,-0.1,52037.0,5416274.634,1.044,1.057,1.031,1.044,2.49,18.8,1.49,-8.47,23882.0,28155.0,63743.0,1.18,0.0,0.0,63743.0,1.18,-47050.0,-0.87,-16692.0,-0.31,1300.0,1.043,1.044,27681470.0,28871773,28871773,2026-09-09,2026-09-09 14:21:33+08:00
159296,A500红利低波ETF华宝,1.014,1.0178,0.37,-0.001,-0.1,90974.0,9232480.9,1.013,1.016,1.01,1.015,0.59,20.66,4.94,4.4,69601.0,21373.0,-799390.0,-8.66,-1028195.0,-11.14,228805.0,2.48,615899.0,6.67,183490.0,1.99,-814.0,1.014,1.016,44042941.0,44659542,44659542,2026-09-09,2026-09-09 14:21:09+08:00
159058,证券ETF大成,0.985,0.9845,-0.05,-0.001,-0.1,93102.0,9161241.315,0.984,0.987,0.981,0.986,0.61,11.89,1.43,-8.8,46242.0,46860.0,226432.0,2.47,1432707.0,15.64,-1206275.0,-13.17,-250560.0,-2.74,24129.0,0.26,-51.0,0.984,0.985,78331247.0,77156278,77156278,2026-09-09,2026-09-09 14:21:30+08:00
159323,港股通汽车ETF华夏,1.011,1.0054,-0.56,-0.001,-0.1,819877.0,82889699.2,1.015,1.015,1.006,1.012,0.89,84.44,0.75,4.04,411888.0,407989.0,2511335.0,3.03,-1545677.0,-1.86,4057012.0,4.89,-2356300.0,-2.84,-155035.0,-0.19,120.0,1.01,1.011,97097378.0,98165449,98165449,2026-09-09,2026-09-09 14:21:15+08:00
561900,沪深300ESGETF招商,0.971,0.9732,0.23,-0.001,-0.1,27791.0,2696155.0,0.972,0.978,0.968,0.972,1.03,10.55,0.98,-2.7,15713.0,12078.0,41741.0,1.55,0.0,0.0,41741.0,1.55,-44437.0,-1.65,2697.0,0.1,2100.0,0.971,0.973,26334400.0,25570702,25570702,2026-09-09,2026-09-09 14:20:56+08:00
563980,800红利低波ETF鑫元,0.982,0.9831,0.11,-0.001,-0.1,255645.0,25083399.0,0.983,1.001,0.973,0.983,2.85,13.53,5.77,-42.73,232256.0,23389.0,538701.0,2.15,661097.0,2.64,-122396.0,-0.49,-514016.0,-2.05,-24685.0,-0.1,-9.0,0.983,0.984,188967000.0,185565594,185565594,2026-09-09,2026-09-09 14:20:53+08:00
520610,港股红利低波ETF银华,0.951,0.9531,0.22,-0.001,-0.11,88791.0,8433295.0,0.953,0.953,0.946,0.952,0.74,2.1,1.04,42.78,6610.0,82181.0,5286233.0,62.68,3003204.0,35.61,2283029.0,27.07,-344718.0,-4.09,-4941514.0,-58.6,-76.0,0.951,0.952,421963008.0,401286821,401286821,2026-09-09,2026-09-09 14:21:02+08:00
159075,工业互联网ETF华夏,0.888,0.8873,-0.08,-0.001,-0.11,19536.0,1740732.124,0.894,0.895,0.883,0.889,1.35,1.11,0.91,58.47,8854.0,10682.0,265073.0,15.23,914523.0,52.54,-649450.0,-37.31,-196605.0,-11.29,-68468.0,-3.93,1128.0,0.887,0.888,176197165.0,156463083,156463083,2026-09-09,2026-09-09 14:21:30+08:00
159834,金ETF南方,9.443,9.4423,-0.01,-0.01,-0.11,180673.0,170080700.5,9.383,9.458,9.373,9.453,0.9,7.74,1.09,-1.96,90170.0,90503.0,1745432.0,1.03,168855.0,0.1,1576577.0,0.93,-2818655.0,-1.66,1073223.0,0.63,1.0,9.44,9.442,233561376.0,2205520074,2205520074,2026-09-09,2026-09-09 14:21:12+08:00
516660,新能源车ETF华安,0.936,0.9355,-0.05,-0.001,-0.11,15862.0,1474137.0,0.937,0.937,0.927,0.937,1.07,1.01,1.31,2.65,7328.0,8534.0,-80967.0,-5.49,-474810.0,-32.21,393843.0,26.72,67332.0,4.57,13635.0,0.92,100.0,0.935,0.936,156689000.0,146660904,146660904,2026-09-09,2026-09-09 14:21:02+08:00
159755,电池ETF广发,0.891,0.8905,-0.06,-0.001,-0.11,2078182.0,184468830.3,0.89,0.892,0.882,0.892,1.12,2.68,0.9,26.12,1021601.0,1056581.0,-25316659.0,-13.72,-19267426.0,-10.44,-6049233.0,-3.28,11650701.0,6.32,13665958.0,7.41,1701.0,0.89,0.891,7757646848.0,6912063342,6912063342,2026-09-09,2026-09-09 14:21:12+08:00
159370,创50ETF工银,1.756,1.7552,-0.05,-0.002,-0.11,11186.0,1969182.3,1.762,1.775,1.741,1.758,1.93,0.48,0.42,24.33,5204.0,5982.0,-67807.0,-3.44,-170944.0,-8.68,103137.0,5.24,37246.0,1.89,30561.0,1.55,189.0,1.754,1.756,235316009.0,413214912,413214912,2026-09-09,2026-09-09 14:21:18+08:00
561410,光伏ETF工银,0.945,0.9472,0.23,-0.001,-0.11,29316.0,2771789.0,0.946,0.951,0.941,0.946,1.06,1.45,0.7,8.92,10423.0,18893.0,368781.0,13.3,48246.0,1.74,320535.0,11.56,-333793.0,-12.04,-34988.0,-1.26,-122.0,0.945,0.946,202613300.0,191469569,191469569,2026-09-09,2026-09-09 14:20:54+08:00
159066,A股ETF建信,0.921,0.9244,0.37,-0.001,-0.11,32833.0,3030102.548,0.914,0.926,0.914,0.922,1.3,1.57,0.51,-11.3,12213.0,20620.0,-129865.0,-4.29,0.0,0.0,-129865.0,-4.29,109488.0,3.61,20377.0,0.67,-5.0,0.921,0.922,208733027.0,192243118,192243118,2026-09-09,2026-09-09 14:21:24+08:00
518800,黄金ETF国泰,9.475,9.4726,-0.03,-0.01,-0.11,415614.0,392438083.0,9.418,9.488,9.403,9.485,0.9,1.09,0.78,-2.45,201698.0,213916.0,-5888476.0,-1.5,-730002.0,-0.19,-5158474.0,-1.31,3450643.0,0.88,2437834.0,0.62,32.0,9.475,9.476,3804979200.0,36052177920,36052177920,2026-09-09,2026-09-09 14:21:01+08:00
159709,物联网ETF工银,1.675,1.6745,-0.03,-0.002,-0.12,1819.0,306470.5,1.711,1.742,1.675,1.677,4.0,0.85,0.79,30.31,51.0,1768.0,111671.0,36.44,0.0,0.0,111671.0,36.44,-119492.0,-38.99,7820.0,2.55,-3.0,1.673,1.675,21484060.0,35985801,35985801,2026-09-09,2026-09-09 14:21:09+08:00
159680,中证1000增强ETF招商,1.667,1.6673,0.02,-0.002,-0.12,236616.0,39597844.6,1.677,1.683,1.658,1.669,1.5,2.25,0.55,0.31,101639.0,134977.0,342240.0,0.86,-1510832.0,-3.82,1853072.0,4.68,-1119096.0,-2.83,776856.0,1.96,-6.0,1.666,1.667,1053438080.0,1756081279,1756081279,2026-09-09,2026-09-09 14:21:09+08:00
159156,电池ETF万家,0.833,0.8322,-0.1,-0.001,-0.12,59497.0,4937287.5,0.834,0.834,0.825,0.834,1.08,2.67,1.49,45.58,20239.0,39258.0,-789458.0,-15.99,934580.0,18.93,-1724038.0,-34.92,32157.0,0.65,757302.0,15.34,-9.0,0.832,0.833,222461253.0,185310224,185310224,2026-09-09,2026-09-09 14:21:21+08:00
159183,新能源车ETF招商,0.819,0.8191,0.01,-0.001,-0.12,49785.0,4064933.551,0.817,0.819,0.812,0.82,0.85,10.08,1.03,47.42,26723.0,23062.0,241504.0,5.94,-353776.0,-8.7,595280.0,14.64,-280825.0,-6.91,39322.0,0.97,-10.0,0.818,0.82,49387793.0,40448602,40448602,2026-09-09,2026-09-09 14:21:24+08:00
588350,科创创业50ETF鹏扬,1.636,1.6338,-0.13,-0.002,-0.12,13920.0,2276130.0,1.651,1.652,1.623,1.638,1.77,0.21,0.52,-16.59,6569.0,7351.0,-94456.0,-4.15,-54078.0,-2.38,-40378.0,-1.77,61620.0,2.71,32836.0,1.44,50.0,1.633,1.634,656546000.0,1074109256,1074109256,2026-09-09,2026-09-09 14:20:52+08:00
159210,港股通汽车ETF汇添富,0.804,0.8015,-0.31,-0.001,-0.12,142764.0,11467474.5,0.805,0.807,0.8,0.805,0.87,32.93,0.35,-8.54,73603.0,69161.0,329801.0,2.88,0.0,0.0,329801.0,2.88,-214521.0,-1.87,-115280.0,-1.01,1620.0,0.803,0.804,43349802.0,34853241,34853241,2026-09-09,2026-09-09 14:21:18+08:00
512730,银行ETF鹏华,1.722,1.7245,0.14,-0.002,-0.12,20551.0,3528385.0,1.715,1.727,1.71,1.724,0.99,4.02,0.77,9.38,11825.0,8726.0,-621155.0,-17.6,-1409085.0,-39.94,787930.0,22.33,708433.0,20.08,-87278.0,-2.47,425.0,1.722,1.724,51083900.0,87966476,87966476,2026-09-09,2026-09-09 14:21:06+08:00
159147,电池ETF南方,0.802,0.8021,0.01,-0.001,-0.12,277485.0,22140582.3,0.803,0.804,0.794,0.803,1.25,1.29,0.82,1.99,119666.0,157819.0,-1550450.0,-7.0,-847603.0,-3.83,-702847.0,-3.17,787274.0,3.56,763176.0,3.45,23.0,0.801,0.802,2145909552.0,1721019461,1721019461,2026-09-09,2026-09-09 14:21:24+08:00
159122,创业板新能源ETF富国,0.846,0.8444,-0.19,-0.001,-0.12,31237.0,2630967.7,0.847,0.855,0.837,0.847,2.13,4.65,1.55,14.1,14957.0,16280.0,27476.0,1.04,124005.0,4.71,-96529.0,-3.67,-61004.0,-2.32,33528.0,1.27,4.0,0.843,0.845,67160935.0,56818151,56818151,2026-09-09,2026-09-09 14:21:21+08:00
159505,国证2000ETF博时,1.606,1.6072,0.07,-0.002,-0.12,8882.0,1434457.6,1.616,1.624,1.6,1.608,1.49,4.65,0.49,-8.26,1731.0,7151.0,-140806.0,-9.82,0.0,0.0,-140806.0,-9.82,94671.0,6.6,46135.0,3.22,1.0,1.604,1.606,19104786.0,30682286,30682286,2026-09-09,2026-09-09 14:21:12+08:00
516300,中证1000ETF华泰柏瑞,3.222,3.2231,0.03,-0.004,-0.12,15154.0,4895532.0,3.237,3.251,3.203,3.226,1.49,3.88,0.47,-6.14,8546.0,6608.0,-379878.0,-7.76,0.0,0.0,-379878.0,-7.76,-94253.0,-1.93,474132.0,9.68,150.0,3.218,3.222,39012600.0,125698597,125698597,2026-09-09,2026-09-09 14:20:54+08:00
515730,家居家电ETF永赢,0.84,0.8406,0.07,-0.001,-0.12,5538.0,464109.0,0.846,0.849,0.836,0.841,1.55,1.35,0.34,0.93,4799.0,739.0,-188711.0,-40.66,0.0,0.0,-188711.0,-40.66,69289.0,14.93,119422.0,25.73,292.0,0.839,0.841,40892000.0,34349280,34349280,2026-09-09,2026-09-09 14:21:01+08:00
159371,创业板50ETF富国,1.661,1.6598,-0.07,-0.002,-0.12,26763.0,4445010.5,1.678,1.678,1.646,1.663,1.92,1.41,0.62,-0.42,11332.0,15431.0,176684.0,3.97,105098.0,2.36,71586.0,1.61,-402276.0,-9.05,225592.0,5.08,99.0,1.659,1.661,190221172.0,315957367,315957367,2026-09-09,2026-09-09 14:21:18+08:00
159367,创业板50ETF华夏,1.668,1.6659,-0.13,-0.002,-0.12,45642.0,7619671.2,1.685,1.692,1.652,1.67,2.4,2.53,0.52,2.18,19756.0,25886.0,-416123.0,-5.46,-571013.0,-7.49,154890.0,2.03,-266346.0,-3.5,682470.0,8.96,6.0,1.666,1.667,180079029.0,300371820,300371820,2026-09-09,2026-09-09 14:21:18+08:00
515370,光伏ETF华夏,0.782,0.7814,-0.08,-0.001,-0.13,144013.0,11269506.0,0.786,0.787,0.777,0.783,1.28,1.48,0.98,11.3,79751.0,64262.0,-225495.0,-2.0,784899.0,6.96,-1010394.0,-8.97,10483.0,0.09,215013.0,1.91,13.0,0.78,0.782,975713008.0,763007572,763007572,2026-09-09,2026-09-09 14:21:03+08:00
159597,创业板成长ETF易方达,0.779,0.7795,0.06,-0.001,-0.13,241472.0,18866107.7,0.784,0.791,0.773,0.78,2.31,2.23,0.7,67.72,89113.0,152359.0,-1701162.0,-9.02,4328658.0,22.94,-6029820.0,-31.96,-136185.0,-0.72,1837347.0,9.74,-145.0,0.779,0.78,1082257136.0,843078309,843078309,2026-09-09,2026-09-09 14:21:09+08:00
159812,黄金ETF前海开源,9.002,9.0011,-0.01,-0.012,-0.13,23839.0,21397136.0,8.95,9.014,8.936,9.014,0.87,1.46,0.8,18.78,12815.0,11024.0,-1201791.0,-5.62,-1731234.0,-8.09,529443.0,2.47,1315883.0,6.15,-114091.0,-0.53,1.0,9.001,9.003,163813149.0,1474645967,1474645967,2026-09-09,2026-09-09 14:21:06+08:00
518890,上海金ETF中银,9.055,9.0508,-0.05,-0.012,-0.13,60173.0,54254514.0,9.005,9.062,8.977,9.067,0.94,1.6,0.83,-5.42,29589.0,30584.0,-98911.0,-0.18,-1607185.0,-2.96,1508274.0,2.78,1273095.0,2.35,-1174184.0,-2.16,2.0,9.052,9.055,375554800.0,3400648714,3400648714,2026-09-09,2026-09-09 14:20:58+08:00
159967,创业板成长ETF华夏,0.773,0.7734,0.05,-0.001,-0.13,6029968.0,468150769.845,0.784,0.788,0.766,0.774,2.84,8.24,0.77,34.78,2889387.0,3140580.0,-4003473.0,-0.86,3991472.0,0.85,-7994945.0,-1.71,-1163073.0,-0.25,5166548.0,1.1,818.0,0.773,0.774,7316905728.0,5655968128,5655968128,2026-09-09,2026-09-09 14:21:09+08:00
159934,黄金ETF易方达,9.441,9.4412,0.0,-0.012,-0.13,774673.0,728550317.703,9.38,9.456,9.372,9.453,0.89,1.95,0.91,22.91,393648.0,381024.0,-51826930.0,-7.11,-77922.0,-0.01,-51749008.0,-7.1,29862040.0,4.1,21964903.0,3.01,-2.0,9.441,9.442,3966608992.0,37448755493,37448755493,2026-09-09,2026-09-09 14:21:09+08:00
518600,金ETF广发,9.418,9.4149,-0.03,-0.012,-0.13,217899.0,204469255.0,9.359,9.433,9.346,9.43,0.92,2.58,0.76,-14.09,113951.0,103948.0,-16253583.0,-7.95,2130024.0,1.04,-18383607.0,-8.99,9939367.0,4.86,6314216.0,3.09,95.0,9.417,9.418,844216304.0,7950829151,7950829151,2026-09-09,2026-09-09 14:21:00+08:00
159910,基本面120ETF嘉实,2.351,2.3562,0.22,-0.003,-0.13,232.0,54442.4,2.346,2.351,2.346,2.354,0.21,0.03,0.09,15.14,2.0,230.0,0.0,0.0,0.0,0.0,0.0,0.0,-7522.0,-13.82,7522.0,13.82,-30.0,2.356,2.358,83906143.0,197263342,197263342,2026-09-09,2026-09-09 14:21:09+08:00
159682,创业板50ETF景顺,1.536,1.5364,0.03,-0.002,-0.13,957524.0,147368409.0,1.551,1.555,1.523,1.538,2.08,2.85,0.78,-1.29,529846.0,427678.0,16672125.0,11.31,-6086855.0,-4.13,22758980.0,15.44,-7251227.0,-4.92,-9420898.0,-6.39,-100.0,1.535,1.536,3356307664.0,5155288572,5155288572,2026-09-09,2026-09-09 14:21:12+08:00
159937,黄金ETF博时,9.017,9.0152,-0.02,-0.012,-0.13,487188.0,437571355.7,8.951,9.029,8.949,9.029,0.89,1.03,0.62,21.29,242560.0,244628.0,-9236338.0,-2.11,6411260.0,1.47,-15647598.0,-3.58,232165.0,0.05,9004173.0,2.06,-243.0,9.016,9.017,4731421952.0,42663231741,42663231741,2026-09-09,2026-09-09 14:21:09+08:00
512460,电池ETF华夏,0.795,0.796,0.13,-0.001,-0.13,155325.0,12322144.0,0.79,0.8,0.789,0.796,1.38,5.06,1.31,26.17,73186.0,82139.0,108100.0,0.88,-1032061.0,-8.38,1140161.0,9.25,-472472.0,-3.83,364373.0,2.96,-21.0,0.794,0.796,306823008.0,243924291,243924291,2026-09-09,2026-09-09 14:21:07+08:00
560310,光伏ETF博时,0.739,0.7391,0.01,-0.001,-0.14,12180.0,899714.0,0.742,0.742,0.737,0.74,0.68,0.65,1.05,3.45,7011.0,5169.0,78583.0,8.73,0.0,0.0,78583.0,8.73,-15041.0,-1.67,-63542.0,-7.06,10.0,0.739,0.74,188122000.0,139022158,139022158,2026-09-09,2026-09-09 14:20:55+08:00
518680,金ETF富国,9.467,9.4651,-0.02,-0.013,-0.14,187570.0,176843114.0,9.406,9.481,9.397,9.48,0.89,2.31,0.53,25.02,93333.0,94237.0,-4458942.0,-2.52,7266622.0,4.11,-11725564.0,-6.63,1103874.0,0.62,3355068.0,1.9,778.0,9.466,9.469,812169504.0,7688808694,7688808694,2026-09-09,2026-09-09 14:21:01+08:00
159996,家电ETF国泰,1.434,1.4341,0.01,-0.002,-0.14,188568.0,27010612.9,1.432,1.437,1.428,1.436,0.63,3.77,0.44,-7.34,113627.0,74941.0,1590267.0,5.89,1819188.0,6.74,-228921.0,-0.85,-903498.0,-3.34,-686769.0,-2.54,-1047.0,1.433,1.434,500554848.0,717795652,717795652,2026-09-09,2026-09-09 14:21:09+08:00
510590,中证500ETF平安,8.459,8.4742,0.18,-0.012,-0.14,617.0,521881.0,8.514,8.514,8.409,8.471,1.24,0.05,0.04,-17.47,345.0,272.0,137760.0,26.4,0.0,0.0,137760.0,26.4,-165682.0,-31.75,27921.0,5.35,100.0,8.448,8.461,113986100.0,964208420,964208420,2026-09-09,2026-09-09 14:21:10+08:00
513400,道琼斯ETF鹏华,1.342,1.3015,-3.11,-0.002,-0.15,1519869.0,203493235.0,1.336,1.345,1.335,1.344,0.74,5.35,1.05,-19.55,767519.0,752350.0,-9435050.0,-4.64,6166523.0,3.03,-15601573.0,-7.67,-12296896.0,-6.04,21731945.0,10.68,23.0,1.341,1.342,2842062000.0,3814047204,3814047204,2026-09-09,2026-09-09 14:21:02+08:00
159808,创100ETF融通,1.303,1.3026,-0.03,-0.002,-0.15,3028.0,395854.7,1.305,1.317,1.294,1.305,1.76,0.59,0.19,-21.73,889.0,2139.0,-163995.0,-41.43,0.0,0.0,-163995.0,-41.43,125726.0,31.76,38269.0,9.67,25.0,1.301,1.303,51484790.0,67084681,67084681,2026-09-09,2026-09-09 14:21:09+08:00
159915,创业板ETF易方达,3.371,3.3725,0.04,-0.005,-0.15,9357537.0,3163277101.663,3.41,3.415,3.346,3.376,2.04,4.83,0.64,18.49,4185781.0,5171756.0,-167920944.0,-5.31,-125563728.0,-3.97,-42357216.0,-1.34,50363200.0,1.59,117557759.0,3.72,39.0,3.37,3.371,19364454912.0,65277577508,65277577508,2026-09-09,2026-09-09 14:21:09+08:00
159206,卫星ETF永赢,1.348,1.3492,0.09,-0.002,-0.15,2003859.0,271686929.595,1.351,1.368,1.341,1.35,2.0,2.12,0.99,25.97,921400.0,1082459.0,-12147905.0,-4.47,5184545.0,1.91,-17332450.0,-6.38,6187809.0,2.28,5960096.0,2.19,-23.0,1.348,1.349,9430953472.0,12712925280,12712925280,2026-09-09,2026-09-09 14:21:24+08:00
159790,碳中和ETF华夏,0.671,0.6702,-0.12,-0.001,-0.15,136852.0,9136881.167,0.671,0.671,0.665,0.672,0.89,0.88,0.9,50.32,48052.0,88800.0,-2372224.0,-25.96,-1966116.0,-21.52,-406108.0,-4.44,926416.0,10.14,1445807.0,15.82,5.0,0.67,0.671,1556528480.0,1044430610,1044430610,2026-09-09,2026-09-09 14:21:09+08:00
518860,上海金ETF建信,9.057,9.0527,-0.05,-0.014,-0.15,43416.0,39169857.0,8.985,9.07,8.985,9.071,0.94,0.93,0.79,-25.41,23316.0,20100.0,-3887507.0,-9.92,0.0,0.0,-3887507.0,-9.92,3113599.0,7.95,773907.0,1.98,88.0,9.054,9.058,467259808.0,4231972081,4231972081,2026-09-09,2026-09-09 14:21:01+08:00
159521,国证2000ETF平安,1.264,1.2656,0.13,-0.002,-0.16,11082.0,1408172.9,1.274,1.277,1.263,1.266,1.11,6.06,0.26,3.5,4720.0,6362.0,-190896.0,-13.56,0.0,0.0,-190896.0,-13.56,191403.0,13.59,-507.0,-0.04,10.0,1.265,1.266,18274435.0,23098886,23098886,2026-09-09,2026-09-09 14:21:06+08:00
516670,畜牧养殖ETF招商,0.644,0.6431,-0.14,-0.001,-0.16,636023.0,40980762.0,0.64,0.651,0.64,0.645,1.71,1.94,0.92,-2.8,318383.0,317640.0,408362.0,1.0,5087614.0,12.41,-4679252.0,-11.42,-765476.0,-1.87,357113.0,0.87,2176.0,0.642,0.643,3278266304.0,2111203500,2111203500,2026-09-09,2026-09-09 14:21:03+08:00
510510,中证500ETF广发,2.525,2.5283,0.13,-0.004,-0.16,102058.0,25828011.0,2.531,2.545,2.512,2.529,1.3,1.16,0.5,45.4,37557.0,64501.0,2656344.0,10.28,5881987.0,22.77,-3225643.0,-12.49,-808664.0,-3.13,-1847680.0,-7.15,-27.0,2.525,2.527,879038304.0,2219571718,2219571718,2026-09-09,2026-09-09 14:21:10+08:00
159627,A100ETF华夏,1.285,1.2852,0.02,-0.002,-0.16,21872.0,2803997.3,1.282,1.285,1.278,1.287,0.54,12.78,0.54,-1.58,11907.0,9965.0,26879.0,0.96,0.0,0.0,26879.0,0.96,-92909.0,-3.31,66030.0,2.35,2.0,1.283,1.285,17116776.0,21995057,21995057,2026-09-09,2026-09-09 14:21:12+08:00
159553,中证2000增强ETF海富通,1.856,1.86,0.22,-0.003,-0.16,5821.0,1082030.8,1.863,1.869,1.844,1.859,1.34,3.8,0.95,-5.51,1838.0,3983.0,50000.0,4.62,0.0,0.0,50000.0,4.62,497.0,0.05,-50497.0,-4.67,-1.0,1.856,1.859,15326751.0,28446450,28446450,2026-09-09,2026-09-09 14:21:09+08:00
159922,中证500ETF嘉实,3.157,3.158,0.03,-0.005,-0.16,618481.0,195496591.69,3.165,3.182,3.14,3.162,1.33,2.23,0.49,49.86,267611.0,350870.0,3302521.0,1.69,31526824.0,16.13,-28224303.0,-14.44,-2470525.0,-1.26,-831997.0,-0.43,155.0,3.156,3.158,2768676768.0,8740712557,8740712557,2026-09-09,2026-09-09 14:21:09+08:00
518850,黄金ETF华夏,9.131,9.1282,-0.03,-0.015,-0.16,454672.0,413554796.0,9.077,9.145,9.061,9.146,0.92,2.37,0.79,20.94,212581.0,242091.0,-25082349.0,-6.07,-8486197.0,-2.05,-16596152.0,-4.01,6486296.0,1.57,18596052.0,4.5,-12.0,9.131,9.134,1920678704.0,17537717246,17537717246,2026-09-09,2026-09-09 14:21:00+08:00
159556,中证2000增强ETF平安,1.236,1.2387,0.22,-0.002,-0.16,4157.0,515922.3,1.24,1.245,1.232,1.238,1.05,2.67,0.49,-2.54,990.0,3167.0,-109952.0,-21.31,0.0,0.0,-109952.0,-21.31,86198.0,16.71,23754.0,4.6,-2.0,1.236,1.239,15556089.0,19227326,19227326,2026-09-09,2026-09-09 14:20:54+08:00
515630,证券保险ETF鹏华,1.275,1.2742,-0.06,-0.002,-0.16,154583.0,19685430.0,1.275,1.279,1.269,1.277,0.78,1.66,0.55,19.52,80127.0,74456.0,-1838711.0,-9.34,-2686865.0,-13.65,848154.0,4.31,1145189.0,5.82,693523.0,3.52,200.0,1.274,1.275,932217696.0,1188577562,1188577562,2026-09-09,2026-09-09 14:20:59+08:00
159845,中证1000ETF华夏,3.181,3.1861,0.16,-0.005,-0.16,5158259.0,1643436162.37,3.19,3.215,3.163,3.186,1.63,20.64,0.92,32.26,2459033.0,2699226.0,-18170112.0,-1.11,165999024.0,10.1,-184169136.0,-11.21,14652172.0,0.89,3517927.0,0.21,99.0,3.18,3.181,2499425600.0,7950672834,7950672834,2026-09-09,2026-09-09 14:21:12+08:00
512510,中证500ETF华泰柏瑞,2.335,2.3381,0.13,-0.004,-0.17,14604.0,3420429.0,2.353,2.353,2.324,2.339,1.24,0.34,0.41,-0.21,4353.0,10251.0,14955.0,0.44,0.0,0.0,14955.0,0.44,-45426.0,-1.33,30471.0,0.89,10.0,2.334,2.336,431929808.0,1008556102,1008556102,2026-09-09,2026-09-09 14:21:06+08:00
518660,黄金ETF工银,9.068,9.0657,-0.03,-0.015,-0.17,156173.0,141104959.0,9.011,9.083,9.001,9.083,0.9,1.61,0.71,2.0,77341.0,78832.0,-8883490.0,-6.3,-450321.0,-0.32,-8433169.0,-5.98,3877876.0,2.75,5005614.0,3.55,-2.0,9.068,9.072,967052704.0,8769233920,8769233920,2026-09-09,2026-09-09 14:21:02+08:00
560110,中证1000ETF汇添富,1.15,1.1515,0.13,-0.002,-0.17,109159.0,12589431.0,1.153,1.162,1.144,1.152,1.56,3.12,0.54,-3.92,68329.0,40830.0,57012.0,0.45,-422037.0,-3.35,479049.0,3.81,-529433.0,-4.21,472420.0,3.75,-1.0,1.15,1.151,349903504.0,402389030,402389030,2026-09-09,2026-09-09 14:20:46+08:00
159511,通信ETF南方,2.376,2.3747,-0.05,-0.004,-0.17,77374.0,18544021.5,2.406,2.427,2.362,2.38,2.73,5.36,1.33,53.0,35142.0,42232.0,-220.0,0.0,218203.0,1.18,-218423.0,-1.18,146435.0,0.79,-146215.0,-0.79,10.0,2.374,2.376,144444573.0,343200305,343200305,2026-09-09,2026-09-09 14:21:18+08:00
159971,创业板ETF富国,1.173,1.1723,-0.06,-0.002,-0.17,674043.0,79255871.1,1.183,1.188,1.163,1.175,2.13,3.68,0.7,-9.55,287049.0,386994.0,-2552804.0,-3.22,2346094.0,2.96,-4898898.0,-6.18,-140453.0,-0.18,2693258.0,3.4,15.0,1.172,1.173,1834020288.0,2151305798,2151305798,2026-09-09,2026-09-09 14:21:09+08:00
159337,中证500ETF东财,1.78,1.7825,0.14,-0.003,-0.17,30076.0,5366502.6,1.781,1.792,1.772,1.783,1.12,1.08,0.51,1.02,16091.0,13985.0,-259099.0,-4.83,0.0,0.0,-259099.0,-4.83,266434.0,4.96,-7335.0,-0.14,-40.0,1.78,1.781,279710608.0,497884882,497884882,2026-09-09,2026-09-09 14:21:18+08:00
159578,深证主板50ETF南方,1.172,1.1758,0.32,-0.002,-0.17,93.0,10944.0,1.178,1.186,1.169,1.174,1.45,0.05,0.07,-0.92,57.0,36.0,-2587.0,-23.64,0.0,0.0,-2587.0,-23.64,0.0,0.0,2587.0,23.64,-1.0,1.175,1.177,19998831.0,23438630,23438630,2026-09-09,2026-09-09 14:21:18+08:00
159023,养殖ETF万家,1.124,1.1251,0.1,-0.002,-0.18,66520.0,7499002.7,1.124,1.136,1.121,1.126,1.33,16.72,0.93,-10.66,36524.0,29996.0,-490913.0,-6.55,0.0,0.0,-490913.0,-6.55,436348.0,5.82,54565.0,0.73,2.0,1.123,1.125,39777943.0,44710408,44710408,2026-09-09,2026-09-09 14:21:30+08:00
513550,港股通50ETF华泰柏瑞,1.118,1.119,0.09,-0.002,-0.18,296974.0,33221845.0,1.119,1.122,1.113,1.12,0.8,1.77,1.35,3.73,121833.0,175141.0,1150774.0,3.46,3737248.0,11.25,-2586474.0,-7.79,-1270533.0,-3.82,119759.0,0.36,730.0,1.118,1.119,1678992000.0,1877113056,1877113056,2026-09-09,2026-09-09 14:21:03+08:00
159831,金ETF嘉实,9.123,9.1229,0.0,-0.016,-0.18,183626.0,166995739.7,9.083,9.136,9.056,9.139,0.88,6.57,1.23,4.13,86931.0,96695.0,-2680071.0,-1.6,-95070.0,-0.06,-2585001.0,-1.55,2854158.0,1.71,-174087.0,-0.1,-297.0,9.121,9.122,279656240.0,2551303878,2551303878,2026-09-09,2026-09-09 14:21:12+08:00
159633,中证1000ETF易方达,3.268,3.2694,0.04,-0.006,-0.18,2751929.0,901951887.503,3.283,3.302,3.249,3.274,1.62,25.76,0.94,17.07,1406784.0,1345145.0,31452674.0,3.49,144832194.0,16.06,-113379520.0,-12.57,-32069965.0,-3.56,617293.0,0.07,1019.0,3.267,3.268,1068162656.0,3490755560,3490755560,2026-09-09,2026-09-09 14:21:12+08:00
159957,创业板ETF华夏,2.209,2.2092,0.01,-0.004,-0.18,541621.0,119955965.8,2.23,2.234,2.192,2.213,1.9,4.58,0.71,8.94,254151.0,287470.0,-6088908.0,-5.08,-3229072.0,-2.69,-2859836.0,-2.38,236919.0,0.2,5851989.0,4.88,-50.0,2.209,2.21,1182784560.0,2612771093,2612771093,2026-09-09,2026-09-09 14:21:09+08:00
159863,光伏ETF鹏华,0.548,0.5491,0.2,-0.001,-0.18,24165.0,1326730.5,0.551,0.553,0.546,0.549,1.28,0.81,0.57,59.78,10638.0,13527.0,-83670.0,-6.31,0.0,0.0,-83670.0,-6.31,61227.0,4.61,22442.0,1.69,-1.0,0.548,0.549,299729360.0,164251689,164251689,2026-09-09,2026-09-09 14:21:09+08:00
517030,沪港深300ETF易方达,1.131,1.132,0.09,-0.002,-0.18,834.0,94207.0,1.125,1.133,1.125,1.133,0.71,0.1,0.52,7.29,754.0,80.0,-69279.0,-73.54,0.0,0.0,-69279.0,-73.54,83933.0,89.09,-14654.0,-15.56,-18.0,1.13,1.134,84040300.0,95049579,95049579,2026-09-09,2026-09-09 14:21:01+08:00
515810,中证800ETF易方达,1.7,1.7045,0.26,-0.003,-0.18,45874.0,7805258.0,1.699,1.706,1.694,1.703,0.7,1.74,1.45,64.12,16739.0,29135.0,2275316.0,29.15,574938.0,7.37,1700378.0,21.79,-389882.0,-5.0,-1885435.0,-24.16,-152.0,1.7,1.702,263908800.0,448644960,448644960,2026-09-09,2026-09-09 14:21:04+08:00
588320,双创50增强ETF广发,1.67,1.6711,0.07,-0.003,-0.18,31354.0,5247260.0,1.682,1.69,1.659,1.673,1.85,3.61,0.6,-10.78,13091.0,18263.0,-350721.0,-6.68,0.0,0.0,-350721.0,-6.68,40679.0,0.78,310043.0,5.91,-2.0,1.669,1.671,86824600.0,144997082,144997082,2026-09-09,2026-09-09 14:20:40+08:00
512180,MSCIA股ETF建信,1.685,1.6893,0.25,-0.003,-0.18,45.0,7593.0,1.688,1.688,1.685,1.688,0.18,0.01,0.04,-0.71,,45.0,4223.0,55.62,0.0,0.0,4223.0,55.62,0.0,0.0,-4223.0,-55.62,-10.0,1.688,1.692,48048000.0,80960880,80960880,2026-09-09,2026-09-09 14:20:53+08:00
159964,创业板ETF平安,2.206,2.2055,-0.02,-0.004,-0.18,15232.0,3372418.6,2.212,2.232,2.189,2.21,1.95,0.89,0.72,2.91,5878.0,9354.0,-947.0,-0.03,364171.0,10.8,-365118.0,-10.83,73842.0,2.19,-72895.0,-2.16,-1.0,2.204,2.206,171481881.0,378289029,378289029,2026-09-09,2026-09-09 14:21:09+08:00
515190,中证500ETF中银证券,1.635,1.6365,0.09,-0.003,-0.18,22421.0,3668322.0,1.642,1.645,1.626,1.638,1.16,0.76,0.99,4.37,10761.0,11660.0,242718.0,6.62,0.0,0.0,242718.0,6.62,-237857.0,-6.48,-4860.0,-0.13,38.0,1.634,1.637,293466096.0,479817067,479817067,2026-09-09,2026-09-09 14:21:03+08:00
588960,科创新能源ETF富国,1.07,1.0724,0.22,-0.002,-0.19,61033.0,6554164.0,1.074,1.085,1.066,1.072,1.77,4.25,1.11,11.99,12466.0,48567.0,-31839.0,-0.49,-5716.0,-0.09,-26123.0,-0.4,41623.0,0.64,-9783.0,-0.15,-1.0,1.071,1.073,143579800.0,153630386,153630386,2026-09-09,2026-09-09 14:20:49+08:00
561780,1000增强ETF博时,1.562,1.5655,0.22,-0.003,-0.19,41938.0,6567112.0,1.568,1.578,1.556,1.565,1.41,21.67,1.55,0.09,18153.0,23785.0,141478.0,2.15,0.0,0.0,141478.0,2.15,-274914.0,-4.19,133436.0,2.03,-1.0,1.563,1.565,19355800.0,30233760,30233760,2026-09-09,2026-09-09 14:20:55+08:00
159949,创业板50ETF华安,1.578,1.5779,-0.01,-0.003,-0.19,6293751.0,995892110.903,1.599,1.602,1.565,1.581,2.34,4.05,0.71,-22.31,2773493.0,3520258.0,-31981360.0,-3.21,40524016.0,4.07,-72505376.0,-7.28,12249387.0,1.23,19731974.0,1.98,-1111.0,1.577,1.579,15523785216.0,24496533071,24496533071,2026-09-09,2026-09-09 14:21:09+08:00
159948,创业板ETF南方,3.723,3.7257,0.07,-0.007,-0.19,143444.0,53551339.958,3.752,3.766,3.695,3.73,1.9,1.22,0.59,14.43,65339.0,78105.0,1022140.0,1.91,-4035.0,-0.01,1026175.0,1.92,-1902638.0,-3.55,880498.0,1.64,-29.0,3.722,3.723,1171697728.0,4362230641,4362230641,2026-09-09,2026-09-09 14:21:09+08:00
159681,创业板50ETF鹏华,1.556,1.5554,-0.04,-0.003,-0.19,404292.0,62997182.04,1.572,1.577,1.542,1.559,2.25,3.81,0.87,9.28,199844.0,204448.0,1620004.0,2.57,-1138397.0,-1.81,2758401.0,4.38,1931737.0,3.07,-3551740.0,-5.64,174.0,1.555,1.556,1061772336.0,1652117755,1652117755,2026-09-09,2026-09-09 14:21:12+08:00
515700,新能源车ETF平安,2.065,2.0646,-0.02,-0.004,-0.19,81896.0,16822039.0,2.069,2.069,2.044,2.069,1.21,1.24,0.54,1.82,37077.0,44819.0,-515010.0,-3.06,0.0,0.0,-515010.0,-3.06,-164166.0,-0.98,679175.0,4.04,26.0,2.063,2.065,659510208.0,1361888580,1361888580,2026-09-09,2026-09-09 14:20:50+08:00
563030,中证500增强ETF易方达,1.571,1.5716,0.04,-0.003,-0.19,6878.0,1080763.0,1.575,1.58,1.563,1.574,1.08,0.54,0.41,-4.41,1817.0,5061.0,222997.0,20.63,0.0,0.0,222997.0,20.63,-404218.0,-37.4,181221.0,16.77,-153.0,1.57,1.571,127169000.0,199782499,199782499,2026-09-09,2026-09-09 14:20:56+08:00
563010,电信ETF易方达,2.158,2.1568,-0.06,-0.004,-0.19,47272.0,10203582.0,2.183,2.183,2.149,2.162,1.57,5.36,0.91,9.33,26900.0,20372.0,429874.0,4.21,0.0,0.0,429874.0,4.21,-431912.0,-4.23,2039.0,0.02,92.0,2.155,2.158,88189300.0,190312509,190312509,2026-09-09,2026-09-09 14:20:55+08:00
159781,科创创业ETF易方达,1.044,1.0439,-0.01,-0.002,-0.19,2216501.0,232661198.468,1.057,1.065,1.036,1.046,2.77,1.39,0.68,19.08,914253.0,1302248.0,-24329123.0,-10.46,-9742280.0,-4.19,-14586843.0,-6.27,10991877.0,4.72,13337245.0,5.73,-100.0,1.043,1.044,15928860416.0,16629730274,16629730274,2026-09-09,2026-09-09 14:21:12+08:00
159730,家电ETF博时,1.023,1.0245,0.15,-0.002,-0.2,2282.0,233300.7,1.02,1.023,1.02,1.025,0.29,0.54,1.07,-0.15,551.0,1731.0,-8053.0,-3.45,0.0,0.0,-8053.0,-3.45,-22990.0,-9.85,31044.0,13.31,-15.0,1.024,1.025,42571340.0,43550481,43550481,2026-09-09,2026-09-09 14:21:12+08:00
517100,沪港深500ETF富国,1.007,1.0106,0.36,-0.002,-0.2,668.0,67234.0,1.007,1.01,1.006,1.009,0.4,0.05,0.1,-6.21,215.0,453.0,-21046.0,-31.3,0.0,0.0,-21046.0,-31.3,1107.0,1.65,19940.0,29.66,199.0,1.007,1.009,143602100.0,144607315,144607315,2026-09-09,2026-09-09 14:20:57+08:00
517080,沪港深500ETF汇添富,0.99,0.994,0.4,-0.002,-0.2,1992.0,197376.0,0.992,0.993,0.989,0.992,0.4,0.12,0.38,-0.58,1045.0,947.0,33881.0,17.17,0.0,0.0,33881.0,17.17,-49801.0,-25.23,15921.0,8.07,93.0,0.991,0.992,173166000.0,171434340,171434340,2026-09-09,2026-09-09 14:20:36+08:00
517170,沪港深500ETF华夏,0.996,1.0015,0.55,-0.002,-0.2,683.0,68095.0,1.008,1.014,0.996,0.998,1.8,0.42,0.21,-5.94,660.0,23.0,55467.0,81.46,0.0,0.0,55467.0,81.46,-59760.0,-87.76,4294.0,6.31,600.0,0.997,1.0,16131800.0,16067273,16067273,2026-09-09,2026-09-09 14:20:46+08:00
159176,家电ETF华宝,0.997,0.9989,0.19,-0.002,-0.2,71386.0,7118271.6,0.997,1.0,0.996,0.999,0.4,33.51,0.92,1.98,37502.0,33884.0,81125.0,1.14,0.0,0.0,81125.0,1.14,-85312.0,-1.2,4187.0,0.06,-10.0,0.998,0.999,21303341.0,21239431,21239431,2026-09-09,2026-09-09 14:21:21+08:00
159117,港股通红利低波ETF鹏华,1.021,1.0207,-0.03,-0.002,-0.2,34576.0,3524654.719,1.02,1.022,1.018,1.023,0.39,5.63,1.8,-79.79,18878.0,15698.0,394686.0,11.2,0.0,0.0,394686.0,11.2,-327161.0,-9.28,-67525.0,-1.92,50.0,1.019,1.021,61401153.0,62690577,62690577,2026-09-09,2026-09-09 14:21:30+08:00
520940,港股通恒生ETF华安,0.999,0.9989,-0.01,-0.002,-0.2,80687.0,8060083.0,0.996,1.001,0.996,1.001,0.5,36.19,1.52,-20.18,44386.0,36301.0,143590.0,1.78,0.0,0.0,143590.0,1.78,-240711.0,-2.99,97121.0,1.2,2200.0,0.998,0.999,22297000.0,22274703,22274703,2026-09-09,2026-09-09 14:20:55+08:00
159013,工业互联网ETF大成,0.975,0.9759,0.09,-0.002,-0.2,25282.0,2477049.2,0.983,0.986,0.973,0.977,1.33,6.23,1.46,49.0,15369.0,9913.0,-191384.0,-7.73,994393.0,40.14,-1185777.0,-47.87,188544.0,7.61,2840.0,0.11,1.0,0.975,0.977,40578881.0,39564409,39564409,2026-09-09,2026-09-09 14:21:30+08:00
561690,300质量ETF农银,0.983,0.9843,0.13,-0.002,-0.2,195053.0,19122988.0,0.985,0.985,0.978,0.985,0.71,5.19,0.53,62.82,126787.0,68266.0,3177622.0,16.62,7145084.0,37.36,-3967462.0,-20.75,-2930208.0,-15.32,-247414.0,-1.29,-333.0,0.983,0.984,375880608.0,369490638,369490638,2026-09-09,2026-09-09 14:20:28+08:00
159952,创业板ETF广发,2.047,2.0477,0.03,-0.004,-0.2,2724611.0,558681281.1,2.066,2.073,2.03,2.051,2.1,4.94,0.84,5.97,1310617.0,1413994.0,340814.0,0.06,64948065.0,11.63,-64607251.0,-11.56,-12710380.0,-2.28,12369558.0,2.21,2.0,2.046,2.047,5515984896.0,11291221082,11291221082,2026-09-09,2026-09-09 14:21:09+08:00
515640,家电ETF华夏,0.959,0.964,0.52,-0.002,-0.21,3587.0,344755.0,0.959,0.963,0.953,0.961,1.04,2.1,1.46,-1.18,1465.0,2122.0,29154.0,8.46,138768.0,40.25,-109614.0,-31.79,476.0,0.14,-29631.0,-8.59,-174.0,0.962,0.964,17050000.0,16350950,16350950,2026-09-09,2026-09-09 14:21:03+08:00
517300,沪港深300ETF国寿,0.942,0.9463,0.45,-0.002,-0.21,4935.0,464823.0,0.942,0.944,0.94,0.944,0.42,0.05,0.67,-1.92,526.0,4409.0,-77866.0,-16.75,-9420.0,-2.03,-68446.0,-14.73,51927.0,11.17,25939.0,5.58,-15.0,0.942,0.944,1002434496.0,944293295,944293295,2026-09-09,2026-09-09 14:20:51+08:00
588910,科创价值ETF建信,1.447,1.4501,0.21,-0.003,-0.21,54925.0,7980916.0,1.444,1.467,1.44,1.45,1.86,5.49,0.83,10.36,20741.0,34184.0,386125.0,4.84,0.0,0.0,386125.0,4.84,-271361.0,-3.4,-114763.0,-1.44,1720.0,1.447,1.448,100049100.0,144771048,144771048,2026-09-09,2026-09-09 14:20:51+08:00
159069,创业板新能源ETF华泰柏瑞,0.962,0.962,0.0,-0.002,-0.21,108880.0,10457955.726,0.96,0.973,0.955,0.964,1.87,25.46,1.43,5.99,59190.0,49690.0,-225335.0,-2.15,217742.0,2.08,-443077.0,-4.24,183559.0,1.76,41776.0,0.4,-20.0,0.961,0.962,42770440.0,41145163,41145163,2026-09-09,2026-09-09 14:21:33+08:00
520580,新兴亚洲ETF招商,0.949,0.9588,1.02,-0.002,-0.21,13909.0,1320335.0,0.953,0.953,0.947,0.951,0.63,0.48,0.53,-0.57,1225.0,12684.0,-247219.0,-18.72,0.0,0.0,-247219.0,-18.72,125202.0,9.48,122017.0,9.24,1.0,0.948,0.949,290983904.0,276143725,276143725,2026-09-09,2026-09-09 14:21:02+08:00
159800,中证800ETF鹏华,1.411,1.4169,0.42,-0.003,-0.21,1081.0,152934.6,1.415,1.418,1.411,1.414,0.5,0.4,0.4,-8.57,773.0,308.0,144863.0,94.72,0.0,0.0,144863.0,94.72,-106266.0,-69.48,-38596.0,-25.24,-32.0,1.415,1.417,26736802.0,37725628,37725628,2026-09-09,2026-09-09 14:21:09+08:00
159642,碳中和ETF大成,0.913,0.9199,0.75,-0.002,-0.22,730.0,66567.0,0.912,0.913,0.91,0.915,0.33,0.31,0.26,-1.71,158.0,572.0,-30100.0,-45.22,0.0,0.0,-30100.0,-45.22,45600.0,68.5,-15500.0,-23.28,-10.0,0.918,0.92,23439923.0,21400650,21400650,2026-09-09,2026-09-09 14:21:09+08:00
159807,科技ETF易方达,0.888,0.8896,0.18,-0.002,-0.22,289729.0,25760341.024,0.891,0.911,0.882,0.89,3.26,3.14,0.97,24.23,105552.0,184177.0,-269313.0,-1.05,-1381606.0,-5.36,1112293.0,4.32,-484931.0,-1.88,754244.0,2.93,-196.0,0.887,0.889,922051424.0,818781665,818781665,2026-09-09,2026-09-09 14:21:12+08:00
560300,电信ETF汇添富,2.269,2.2671,-0.08,-0.005,-0.22,540.0,122864.0,2.281,2.285,2.266,2.274,0.84,0.19,0.16,2.94,394.0,146.0,21820.0,17.76,5925.0,4.82,15895.0,12.94,-48925.0,-39.82,27105.0,22.06,6.0,2.266,2.269,27803400.0,63085915,63085915,2026-09-09,2026-09-09 14:20:57+08:00
159968,中证500ETF博时,10.187,10.205,0.18,-0.022,-0.22,1586.0,1618296.3,10.209,10.265,10.143,10.209,1.2,0.25,0.23,36.83,467.0,1119.0,-68643.0,-4.24,0.0,0.0,-68643.0,-4.24,49309.0,3.05,19334.0,1.19,-101.0,10.19,10.202,63295098.0,644787163,644787163,2026-09-09,2026-09-09 14:21:09+08:00
515090,可持续发展ETF博时,1.363,1.3634,0.03,-0.003,-0.22,2445.0,332736.0,1.362,1.363,1.356,1.366,0.51,2.49,0.26,-0.03,1616.0,829.0,-199437.0,-59.94,0.0,0.0,-199437.0,-59.94,76530.0,23.0,122907.0,36.94,780.0,1.363,1.364,9801700.0,13359717,13359717,2026-09-09,2026-09-09 14:20:38+08:00
159629,中证1000ETF富国,3.192,3.1945,0.08,-0.007,-0.22,1644633.0,526887156.9,3.202,3.226,3.174,3.199,1.63,18.58,0.96,40.61,824937.0,819696.0,-3370336.0,-0.64,114387270.0,21.71,-117757606.0,-22.35,1469846.0,0.28,1900483.0,0.36,-312.0,3.192,3.194,885252656.0,2825726478,2825726478,2026-09-09,2026-09-09 14:21:12+08:00
562520,中证1000成长ETF华夏,1.366,1.3699,0.28,-0.003,-0.22,25129.0,3451547.0,1.365,1.38,1.363,1.369,1.24,8.8,0.62,8.68,10916.0,14213.0,40621.0,1.18,0.0,0.0,40621.0,1.18,-23754.0,-0.69,-16867.0,-0.49,-1038.0,1.367,1.369,28568000.0,39023888,39023888,2026-09-09,2026-09-09 14:20:42+08:00
515850,证券ETF富国,1.351,1.3491,-0.14,-0.003,-0.22,649055.0,87578235.0,1.35,1.354,1.345,1.354,0.66,13.42,1.69,-1.54,375522.0,273533.0,-2123928.0,-2.43,-29929087.0,-34.17,27805159.0,31.75,936949.0,1.07,1186978.0,1.36,3.0,1.35,1.351,483791008.0,653601652,653601652,2026-09-09,2026-09-09 14:21:01+08:00
159372,创业板50ETF万家,1.773,1.7752,0.12,-0.004,-0.23,14580.0,2601725.4,1.791,1.794,1.761,1.777,1.86,2.37,0.64,6.19,7249.0,7331.0,56378.0,2.17,-529.0,-0.02,56907.0,2.19,122004.0,4.69,-178382.0,-6.86,-100.0,1.775,1.777,61451588.0,108953666,108953666,2026-09-09,2026-09-09 14:21:18+08:00
588120,科创100ETF国泰,0.877,0.8771,0.01,-0.002,-0.23,316513.0,27962486.0,0.882,0.895,0.871,0.879,2.73,3.46,0.66,7.89,170156.0,146357.0,-92422.0,-0.33,393467.0,1.41,-485889.0,-1.74,-336309.0,-1.2,428731.0,1.53,50.0,0.875,0.877,913622000.0,801246494,801246494,2026-09-09,2026-09-09 14:20:48+08:00
589330,科创200ETF东财,0.858,0.8605,0.29,-0.002,-0.23,20375.0,1760827.0,0.86,0.874,0.854,0.86,2.33,1.19,0.65,20.69,8447.0,11928.0,160518.0,9.12,0.0,0.0,160518.0,9.12,-36886.0,-2.09,-123632.0,-7.02,11.0,0.858,0.86,170902000.0,146633916,146633916,2026-09-09,2026-09-09 14:20:34+08:00
159563,创业板综ETF华夏,1.771,1.7734,0.14,-0.004,-0.23,5768.0,1023487.6,1.775,1.793,1.764,1.775,1.63,2.27,0.32,-0.11,2702.0,3066.0,343119.0,33.52,31781.0,3.11,311338.0,30.42,-358875.0,-35.06,15755.0,1.54,-600.0,1.773,1.774,25360773.0,44913929,44913929,2026-09-09,2026-09-09 14:21:18+08:00
512100,中证1000ETF南方,3.099,3.1013,0.07,-0.007,-0.23,5611179.0,1743534655.0,3.119,3.132,3.082,3.106,1.61,8.53,0.69,23.7,2577608.0,3033571.0,-25790064.0,-1.48,274778176.0,15.76,-300568240.0,-17.24,17962349.0,1.03,7827701.0,0.45,-250.0,3.099,3.101,6575217664.0,20376599541,20376599541,2026-09-09,2026-09-09 14:21:09+08:00
159123,光伏ETF嘉实,0.874,0.8752,0.14,-0.002,-0.23,67801.0,5939994.5,0.876,0.883,0.87,0.876,1.48,1.73,1.0,57.25,28699.0,39102.0,432142.0,7.28,-795.0,-0.01,432937.0,7.29,-410691.0,-6.91,-21451.0,-0.36,-1.0,0.874,0.875,392047024.0,342649099,342649099,2026-09-09,2026-09-09 14:21:24+08:00
159848,证券ETF国联安,0.864,0.8622,-0.21,-0.002,-0.23,26696.0,2305558.8,0.867,0.867,0.861,0.866,0.69,1.75,1.21,33.65,10506.0,16190.0,-437307.0,-18.97,-225898.0,-9.8,-211409.0,-9.17,310424.0,13.46,126884.0,5.5,1.0,0.862,0.863,152311239.0,131596910,131596910,2026-09-09,2026-09-09 14:21:03+08:00
159237,港股汽车ETF工银,0.836,0.8338,-0.26,-0.002,-0.24,78532.0,6569333.4,0.838,0.841,0.832,0.838,1.07,18.55,0.35,-25.1,40421.0,38111.0,33771.0,0.51,332773.0,5.07,-299002.0,-4.55,46816.0,0.71,-80588.0,-1.23,-5.0,0.836,0.837,42334226.0,35391413,35391413,2026-09-09,2026-09-09 14:21:15+08:00
515790,光伏ETF华泰柏瑞,0.817,0.8171,0.01,-0.002,-0.24,825058.0,67432058.0,0.82,0.823,0.812,0.819,1.34,1.37,0.75,43.55,361983.0,463075.0,-3662397.0,-5.43,-1998318.0,-2.96,-1664079.0,-2.47,961009.0,1.43,2701387.0,4.01,1.0,0.816,0.817,6003493888.0,4904854506,4904854506,2026-09-09,2026-09-09 14:21:03+08:00
159009,创业板新能源ETF易方达,0.827,0.8256,-0.17,-0.002,-0.24,8872.0,728679.4,0.827,0.834,0.818,0.829,1.93,0.56,0.62,28.41,1615.0,7257.0,-429239.0,-58.91,4356.0,0.6,-433595.0,-59.5,184338.0,25.3,244900.0,33.61,5.0,0.825,0.826,157392703.0,130163765,130163765,2026-09-09,2026-09-09 14:21:27+08:00
589320,科创200ETF嘉实,0.846,0.8461,0.01,-0.002,-0.24,9535.0,810243.0,0.852,0.859,0.84,0.848,2.24,0.84,0.36,14.99,2884.0,6651.0,-45302.0,-5.59,-110744.0,-13.67,65442.0,8.08,-29790.0,-3.68,75091.0,9.27,-720.0,0.845,0.847,114053000.0,96488838,96488838,2026-09-09,2026-09-09 14:20:50+08:00
159918,中创400ETF嘉实,2.462,2.4616,-0.02,-0.006,-0.24,8775.0,2171309.0,2.474,2.484,2.446,2.468,1.54,2.87,1.31,-0.27,3815.0,4960.0,-274170.0,-12.63,0.0,0.0,-274170.0,-12.63,362808.0,16.71,-88638.0,-4.08,-2.0,2.459,2.461,30561264.0,75241832,75241832,2026-09-09,2026-09-09 14:20:57+08:00
515260,电子ETF华宝,0.823,0.8243,0.16,-0.002,-0.24,426287.0,35295937.0,0.829,0.835,0.819,0.825,1.94,4.75,0.7,13.31,201126.0,225161.0,-2260403.0,-6.4,2096685.0,5.94,-4357088.0,-12.34,928127.0,2.63,1332276.0,3.77,-38.0,0.823,0.825,896568400.0,737875793,737875793,2026-09-09,2026-09-09 14:21:02+08:00
516390,新能源车ETF汇添富,0.821,0.8217,0.09,-0.002,-0.24,18333.0,1499714.0,0.818,0.827,0.815,0.823,1.46,1.0,0.72,-8.93,5672.0,12661.0,-145476.0,-9.7,347938.0,23.2,-493414.0,-32.9,167010.0,11.14,-21534.0,-1.44,-1.0,0.821,0.823,182761000.0,150046781,150046781,2026-09-09,2026-09-09 14:20:55+08:00
159821,创业板ETF中银证券,1.265,1.264,-0.08,-0.003,-0.24,4760.0,603739.1,1.275,1.279,1.257,1.268,1.74,0.74,0.33,9.4,1934.0,2826.0,95587.0,15.83,0.0,0.0,95587.0,15.83,-146831.0,-24.32,51244.0,8.49,-25.0,1.263,1.265,64620000.0,81744300,81744300,2026-09-09,2026-09-09 14:21:09+08:00
159692,证券ETF东财,1.206,1.2043,-0.14,-0.003,-0.25,300909.0,36211477.6,1.205,1.208,1.2,1.209,0.66,2.09,0.53,29.87,161964.0,138945.0,-6754727.0,-18.65,-9624066.0,-26.58,2869339.0,7.92,2383462.0,6.58,4371265.0,12.07,6.0,1.204,1.206,1438455968.0,1734777897,1734777897,2026-09-09,2026-09-09 14:21:12+08:00
159160,电池ETF东财,0.786,0.7875,0.19,-0.002,-0.25,152091.0,11938020.3,0.786,0.791,0.779,0.788,1.52,5.99,1.04,-36.26,57565.0,94526.0,-1956927.0,-16.39,-2910447.0,-24.38,953520.0,7.99,529891.0,4.44,1427037.0,11.95,-1.0,0.786,0.787,253819254.0,199501934,199501934,2026-09-09,2026-09-09 14:21:24+08:00
159076,创业板新能源ETF华宝,0.804,0.8035,-0.06,-0.002,-0.25,146681.0,11762665.508,0.806,0.806,0.796,0.806,1.24,5.95,1.18,18.6,59305.0,87376.0,-218666.0,-1.86,499646.0,4.25,-718312.0,-6.11,8513.0,0.07,210153.0,1.79,-1244.0,0.803,0.804,246373015.0,198083904,198083904,2026-09-09,2026-09-09 14:21:33+08:00
159656,沪深300成长ETF万家,1.195,1.1955,0.04,-0.003,-0.25,66437.0,7921209.6,1.198,1.201,1.188,1.198,1.09,2.91,0.96,4.36,33109.0,33328.0,-328147.0,-4.14,0.0,0.0,-328147.0,-4.14,582802.0,7.36,-254654.0,-3.21,-10.0,1.195,1.196,228238451.0,272744949,272744949,2026-09-09,2026-09-09 14:21:09+08:00
159796,电池ETF汇添富,0.797,0.7978,0.1,-0.002,-0.25,1316256.0,104524163.586,0.796,0.8,0.789,0.799,1.38,2.17,0.85,27.11,687913.0,628343.0,-5326927.0,-5.1,-6128510.0,-5.86,801583.0,0.77,1203702.0,1.15,4123226.0,3.94,-50.0,0.797,0.798,6073467648.0,4840553715,4840553715,2026-09-09,2026-09-09 14:21:12+08:00
159603,科创创业ETF天弘,1.616,1.6147,-0.08,-0.004,-0.25,32927.0,5326038.5,1.632,1.641,1.602,1.62,2.41,0.12,0.67,41.33,11921.0,21006.0,-245386.0,-4.61,0.0,0.0,-245386.0,-4.61,85449.0,1.6,159937.0,3.0,10.0,1.613,1.616,2636071920.0,4259892223,4259892223,2026-09-09,2026-09-09 14:21:12+08:00
159830,金ETF天弘,9.438,9.439,0.01,-0.024,-0.25,64881.0,61034451.4,9.375,9.453,9.368,9.462,0.9,1.86,0.78,-9.87,33124.0,31757.0,-3655196.0,-5.99,0.0,0.0,-3655196.0,-5.99,2545890.0,4.17,1109305.0,1.82,27.0,9.437,9.44,348814064.0,3292107136,3292107136,2026-09-09,2026-09-09 14:21:12+08:00
159190,创业板新能源ETF天弘,0.8,0.7996,-0.05,-0.002,-0.25,68208.0,5420753.7,0.802,0.802,0.792,0.802,1.25,8.31,0.58,11.62,33327.0,34881.0,172109.0,3.18,-124778.0,-2.3,296887.0,5.48,-240666.0,-4.44,68558.0,1.26,125.0,0.799,0.8,82069299.0,65655439,65655439,2026-09-09,2026-09-09 14:21:21+08:00
159187,创业板新能源ETF景顺,0.803,0.8032,0.02,-0.002,-0.25,34851.0,2782244.3,0.807,0.807,0.795,0.805,1.49,5.11,1.31,41.08,17707.0,17144.0,-246957.0,-8.88,-540463.0,-19.43,293506.0,10.55,229108.0,8.23,17849.0,0.64,-200.0,0.802,0.803,68176266.0,54745542,54745542,2026-09-09,2026-09-09 14:21:21+08:00
159312,恒指港股通ETF广发,1.175,1.1768,0.15,-0.003,-0.25,4904.0,575826.6,1.178,1.178,1.172,1.178,0.51,1.52,0.36,-2.03,321.0,4583.0,40087.0,6.96,0.0,0.0,40087.0,6.96,-82743.0,-14.37,42656.0,7.41,-1893.0,1.175,1.176,32224353.0,37863615,37863615,2026-09-09,2026-09-09 14:21:15+08:00
159207,高股息ETF广发,1.159,1.1602,0.1,-0.003,-0.26,471519.0,54590545.8,1.161,1.161,1.154,1.162,0.6,2.09,0.77,-10.98,182108.0,289411.0,-1696458.0,-3.11,-3742095.0,-6.85,2045637.0,3.75,1812499.0,3.32,-116041.0,-0.21,-1000.0,1.159,1.16,2257483344.0,2616423196,2616423196,2026-09-09,2026-09-09 14:21:24+08:00
159637,新能源车ETF东财,0.775,0.7745,-0.06,-0.002,-0.26,87424.0,6755189.1,0.775,0.776,0.767,0.777,1.16,1.35,0.79,31.67,44261.0,43163.0,-626074.0,-9.27,-1078700.0,-15.97,452626.0,6.7,214773.0,3.18,411301.0,6.09,3.0,0.774,0.775,647768096.0,502020274,502020274,2026-09-09,2026-09-09 14:21:03+08:00
159993,证券ETF鹏华,1.169,1.1691,0.01,-0.003,-0.26,268116.0,31333618.6,1.171,1.173,1.165,1.172,0.68,0.84,0.53,8.69,121592.0,146524.0,-4224368.0,-13.48,-3149388.0,-10.05,-1074980.0,-3.43,2207090.0,7.04,2017278.0,6.44,26.0,1.168,1.169,3177197984.0,3714144443,3714144443,2026-09-09,2026-09-09 14:21:09+08:00
516230,光伏ETF招商,0.755,0.7551,0.01,-0.002,-0.26,74077.0,5589786.0,0.759,0.759,0.751,0.757,1.06,0.99,1.0,2.21,30266.0,43811.0,38648.0,0.69,0.0,0.0,38648.0,0.69,-63722.0,-1.14,25074.0,0.45,126.0,0.755,0.756,750921008.0,566945361,566945361,2026-09-09,2026-09-09 14:20:59+08:00
159292,创业板综增强ETF华宝,1.167,1.1674,0.03,-0.003,-0.26,79911.0,9344137.8,1.169,1.178,1.16,1.17,1.54,4.48,2.1,-3.14,38352.0,41559.0,-186806.0,-2.0,0.0,0.0,-186806.0,-2.0,145688.0,1.56,41119.0,0.44,50.0,1.166,1.167,178189531.0,207947183,207947183,2026-09-09,2026-09-09 14:21:18+08:00
516720,ESGETF浦银,1.145,1.1487,0.32,-0.003,-0.26,3482.0,403679.0,1.155,1.205,1.144,1.148,5.31,3.73,3.21,-1.29,1313.0,2169.0,-25903.0,-6.42,0.0,0.0,-25903.0,-6.42,473.0,0.12,25431.0,6.3,-1000.0,1.146,1.149,9337800.0,10691781,10691781,2026-09-09,2026-09-09 14:21:02+08:00
159920,恒生ETF华夏,1.482,1.4835,0.1,-0.004,-0.27,915623.0,135621297.3,1.485,1.485,1.475,1.486,0.67,1.61,0.66,5.96,415992.0,499631.0,-12280343.0,-9.05,-11553173.0,-8.52,-727170.0,-0.54,2249873.0,1.66,10030470.0,7.4,14.0,1.481,1.482,5701559296.0,8449710877,8449710877,2026-09-09,2026-09-09 14:21:09+08:00
560520,红利低波100ETF大成,1.104,1.1047,0.06,-0.003,-0.27,11457.0,1265068.0,1.107,1.107,1.1,1.107,0.63,2.26,1.38,-7.13,4675.0,6782.0,15438.0,1.22,0.0,0.0,15438.0,1.22,0.0,0.0,-15438.0,-1.22,9.0,1.103,1.105,50751000.0,56029104,56029104,2026-09-09,2026-09-09 14:20:57+08:00
560230,光伏ETF富国,0.733,0.7339,0.12,-0.002,-0.27,10611.0,779157.0,0.735,0.74,0.73,0.735,1.36,1.21,0.45,-1.85,3804.0,6807.0,68183.0,8.75,307382.0,39.45,-239199.0,-30.7,-118069.0,-15.15,49885.0,6.4,-20.0,0.733,0.734,87889000.0,64422637,64422637,2026-09-09,2026-09-09 14:20:45+08:00
159757,电池ETF景顺,0.742,0.7424,0.05,-0.002,-0.27,86968.0,6432105.8,0.742,0.743,0.735,0.744,1.08,3.52,0.99,13.42,43312.0,43656.0,-227486.0,-3.54,-310142.0,-4.82,82656.0,1.29,118618.0,1.84,108869.0,1.69,-2.0,0.742,0.743,246931891.0,183223463,183223463,2026-09-09,2026-09-09 14:21:00+08:00
513090,香港证券ETF易方达,1.841,1.8306,-0.57,-0.005,-0.27,10053482.0,1852988240.0,1.84,1.853,1.831,1.846,1.19,10.36,0.56,-14.75,5074939.0,4978543.0,-4476224.0,-0.24,-18337520.0,-0.99,13861296.0,0.75,-18050256.0,-0.97,22526482.0,1.22,-522.0,1.841,1.842,9701488128.0,17860439644,17860439644,2026-09-09,2026-09-09 14:21:06+08:00
520730,港股通汽车ETF万家,0.738,0.7323,-0.78,-0.002,-0.27,12073.0,889998.0,0.739,0.741,0.734,0.74,0.95,1.02,0.39,-5.53,3138.0,8935.0,-85725.0,-9.63,0.0,0.0,-85725.0,-9.63,111844.0,12.57,-26119.0,-2.93,-58.0,0.737,0.738,118394400.0,87375067,87375067,2026-09-09,2026-09-09 14:20:46+08:00
159287,创业板综ETF博时,1.098,1.0993,0.12,-0.003,-0.27,13019.0,1431130.5,1.103,1.109,1.091,1.101,1.63,1.19,0.43,-12.62,5819.0,7200.0,-123339.0,-8.62,0.0,0.0,-123339.0,-8.62,22104.0,1.54,101236.0,7.07,-3.0,1.098,1.099,109568753.0,120306491,120306491,2026-09-09,2026-09-09 14:21:15+08:00
513990,港股通ETF招商,1.112,1.1186,0.59,-0.003,-0.27,199056.0,22132239.0,1.111,1.114,1.107,1.115,0.63,46.29,0.9,8.18,96314.0,102742.0,1054847.0,4.77,-701469.0,-3.17,1756316.0,7.94,-949111.0,-4.29,-105736.0,-0.48,50.0,1.111,1.113,43000000.0,47816000,47816000,2026-09-09,2026-09-09 14:20:37+08:00
516840,汽车ETF南方,0.739,0.7396,0.08,-0.002,-0.27,89320.0,6597760.0,0.741,0.742,0.736,0.741,0.81,6.6,1.54,12.98,49683.0,39637.0,265468.0,4.02,611835.0,9.27,-346367.0,-5.25,-350765.0,-5.32,85297.0,1.29,-137.0,0.739,0.74,135277000.0,99969703,99969703,2026-09-09,2026-09-09 14:20:46+08:00
516980,证券先锋ETF华富,1.063,1.0634,0.04,-0.003,-0.28,6557.0,696417.0,1.065,1.065,1.06,1.066,0.47,1.21,0.49,-0.72,2523.0,4034.0,39028.0,5.6,0.0,0.0,39028.0,5.6,-7567.0,-1.09,-31461.0,-4.52,20.0,1.063,1.064,54016000.0,57419008,57419008,2026-09-09,2026-09-09 14:20:58+08:00
589390,科创芯片设计ETF招商,0.725,0.725,0.0,-0.002,-0.28,256792.0,18765997.0,0.731,0.743,0.719,0.727,3.3,1.85,0.7,13.12,80034.0,176758.0,-267547.0,-1.43,531408.0,2.83,-798955.0,-4.26,84133.0,0.45,183414.0,0.98,-106.0,0.724,0.725,1391810496.0,1009062610,1009062610,2026-09-09,2026-09-09 14:20:51+08:00
159783,科创创业50ETF华夏,1.05,1.0511,0.1,-0.003,-0.28,1122095.0,118228414.165,1.063,1.067,1.042,1.053,2.37,2.08,0.81,31.7,526118.0,595977.0,-3520836.0,-2.98,-2470257.0,-2.09,-1050579.0,-0.89,-2837511.0,-2.4,6358347.0,5.38,-19.0,1.049,1.05,5392059392.0,5661662362,5661662362,2026-09-09,2026-09-09 14:21:12+08:00
588680,科创100增强ETF广发,2.526,2.5303,0.17,-0.007,-0.28,5992.0,1522353.0,2.54,2.574,2.513,2.533,2.41,1.69,0.46,-24.07,4004.0,1988.0,-176261.0,-11.58,0.0,0.0,-176261.0,-11.58,-313642.0,-20.6,489903.0,32.18,4.0,2.526,2.529,35361000.0,89321886,89321886,2026-09-09,2026-09-09 14:20:50+08:00
588300,科创创业50ETF招商,1.085,1.0861,0.1,-0.003,-0.28,229563.0,25013139.0,1.099,1.102,1.078,1.088,2.21,1.5,0.82,-5.92,98493.0,131070.0,-2881441.0,-11.52,-145323.0,-0.58,-2736118.0,-10.94,1334636.0,5.34,1546806.0,6.18,-88.0,1.085,1.087,1528210496.0,1658108388,1658108388,2026-09-09,2026-09-09 14:20:53+08:00
512880,证券ETF国泰,1.082,1.0816,-0.04,-0.003,-0.28,9024360.0,975784311.0,1.084,1.085,1.078,1.085,0.65,1.61,0.62,-2.38,3618838.0,5405522.0,-101852416.0,-10.44,-102227808.0,-10.48,375392.0,0.04,57589636.0,5.9,44262786.0,4.54,1.0,1.081,1.082,56190291456.0,60797895355,60797895355,2026-09-09,2026-09-09 14:21:05+08:00
159385,数字经济ETF富国,1.751,1.7581,0.4,-0.005,-0.28,40424.0,7112814.0,1.757,1.782,1.749,1.756,1.88,8.6,1.18,0.05,14153.0,26271.0,1257429.0,17.68,1270649.0,17.86,-13220.0,-0.19,-1095030.0,-15.4,-162399.0,-2.28,-740.0,1.756,1.758,47002525.0,82301421,82301421,2026-09-09,2026-09-09 14:21:18+08:00
159814,创业大盘ETF西部利得,0.701,0.7001,-0.13,-0.002,-0.28,316606.0,22196544.8,0.707,0.71,0.694,0.703,2.28,6.06,0.74,77.82,154145.0,162461.0,62619.0,0.28,1166185.0,5.25,-1103566.0,-4.97,-363221.0,-1.64,300602.0,1.35,1.0,0.7,0.701,522246528.0,366094816,366094816,2026-09-09,2026-09-09 14:21:12+08:00
159782,双创50ETF银华,1.048,1.0482,0.02,-0.003,-0.29,218228.0,22976862.0,1.059,1.065,1.04,1.051,2.38,3.65,0.88,20.51,92165.0,126063.0,-665890.0,-2.9,-1905720.0,-8.29,1239830.0,5.4,-1025778.0,-4.46,1691667.0,7.36,22.0,1.047,1.048,597190272.0,625855405,625855405,2026-09-09,2026-09-09 14:21:12+08:00
588450,科创50增强ETF招商,2.092,2.0922,0.01,-0.006,-0.29,27444.0,5776573.0,2.101,2.126,2.079,2.098,2.24,4.32,0.75,-6.78,14231.0,13213.0,-239296.0,-4.14,0.0,0.0,-239296.0,-4.14,-587459.0,-10.17,826755.0,14.31,-169.0,2.091,2.093,63568700.0,132985720,132985720,2026-09-09,2026-09-09 14:20:55+08:00
516200,证券ETF华安,1.035,1.0344,-0.06,-0.003,-0.29,56185.0,5817023.0,1.039,1.039,1.032,1.038,0.67,1.26,0.51,10.19,26923.0,29262.0,-460298.0,-7.91,-574736.0,-9.88,114438.0,1.97,212411.0,3.65,247888.0,4.26,-32.0,1.034,1.035,446604000.0,462235140,462235140,2026-09-09,2026-09-09 14:21:03+08:00
159369,创业板50ETF易方达,1.353,1.351,-0.15,-0.004,-0.29,132156.0,17916845.472,1.363,1.368,1.34,1.357,2.06,3.27,0.42,-9.97,55849.0,76307.0,-1874135.0,-10.46,1790420.0,9.99,-3664555.0,-20.45,961192.0,5.36,912944.0,5.1,-213.0,1.351,1.353,403753488.0,546278469,546278469,2026-09-09,2026-09-09 14:21:18+08:00
516880,光伏ETF银华,0.696,0.6967,0.1,-0.002,-0.29,155690.0,10859833.0,0.7,0.701,0.693,0.698,1.15,1.69,1.05,4.75,77028.0,78662.0,-160579.0,-1.48,116200.0,1.07,-276779.0,-2.55,47817.0,0.44,112762.0,1.04,-100.0,0.696,0.697,919944096.0,640281091,640281091,2026-09-09,2026-09-09 14:21:03+08:00
159780,科创创业50ETF南方,1.046,1.0458,-0.02,-0.003,-0.29,609307.0,63870770.074,1.059,1.062,1.038,1.049,2.29,1.68,0.79,22.43,250973.0,358334.0,-3925017.0,-6.15,2720447.0,4.26,-6645464.0,-10.4,838340.0,1.31,3086677.0,4.83,130.0,1.045,1.046,3634248576.0,3801424010,3801424010,2026-09-09,2026-09-09 14:21:12+08:00
159628,国证2000ETF万家,1.393,1.3912,-0.13,-0.004,-0.29,366293.0,51154284.8,1.403,1.403,1.385,1.397,1.29,11.33,0.89,4.17,191147.0,175146.0,-6948818.0,-13.58,1180355.0,2.31,-8129173.0,-15.89,3132503.0,6.12,3816315.0,7.46,139.0,1.392,1.393,323283248.0,450333564,450333564,2026-09-09,2026-09-09 14:21:12+08:00
159857,光伏ETF天弘,0.699,0.6995,0.07,-0.002,-0.29,473607.0,33149617.5,0.703,0.705,0.695,0.701,1.43,2.13,0.81,43.26,232418.0,241189.0,-1389995.0,-4.19,571407.0,1.72,-1961402.0,-5.92,712497.0,2.15,677498.0,2.04,-55.0,0.698,0.699,2221515728.0,1552839494,1552839494,2026-09-09,2026-09-09 14:21:09+08:00
513600,恒生指数ETF南方,2.746,2.7491,0.11,-0.008,-0.29,217036.0,59577265.0,2.753,2.754,2.735,2.754,0.69,3.56,0.76,1.83,102488.0,114548.0,3057182.0,5.13,-873753.0,-1.47,3930935.0,6.6,-6547944.0,-10.99,3490763.0,5.86,12.0,2.745,2.746,608829504.0,1671845818,1671845818,2026-09-09,2026-09-09 14:21:03+08:00
159842,券商ETF银华,1.031,1.0299,-0.11,-0.003,-0.29,1661726.0,171142619.269,1.033,1.033,1.027,1.034,0.58,1.85,0.74,4.48,766223.0,895503.0,-13782497.0,-8.05,-4094134.0,-2.39,-9688363.0,-5.66,8341454.0,4.87,5441043.0,3.18,4.0,1.03,1.031,8996250624.0,9275134393,9275134393,2026-09-09,2026-09-09 14:21:12+08:00
588220,科创100ETF鹏华,1.726,1.7251,-0.05,-0.005,-0.29,1834406.0,318468153.0,1.743,1.761,1.713,1.731,2.77,4.95,0.65,12.21,949841.0,884565.0,-6969359.0,-2.19,-11311055.0,-3.55,4341696.0,1.36,684366.0,0.21,6284993.0,1.97,495.0,1.725,1.726,3704697904.0,6394308582,6394308582,2026-09-09,2026-09-09 14:20:53+08:00
159016,证券ETF广发,1.005,1.0042,-0.08,-0.003,-0.3,86499.0,8689033.639,1.005,1.009,1.001,1.008,0.79,2.62,0.46,21.59,26389.0,60110.0,205495.0,2.36,502899.0,5.79,-297404.0,-3.42,-542495.0,-6.24,336999.0,3.88,29.0,1.004,1.005,329540160.0,331187861,331187861,2026-09-09,2026-09-09 14:21:30+08:00
526070,恒指港股通ETF博时,0.984,0.9866,0.26,-0.003,-0.3,69891.0,6876237.0,0.983,0.986,0.982,0.987,0.41,13.34,1.04,14.07,36581.0,33310.0,-333595.0,-4.85,0.0,0.0,-333595.0,-4.85,278610.0,4.05,54985.0,0.8,200.0,0.983,0.984,52377000.0,51538968,51538968,2026-09-09,2026-09-09 14:20:36+08:00
589200,科创200ETF工银,1.342,1.3444,0.18,-0.004,-0.3,29802.0,4023530.0,1.369,1.369,1.335,1.346,2.53,13.24,1.3,41.45,14177.0,15625.0,-438432.0,-10.9,294021.0,7.31,-732453.0,-18.2,473621.0,11.77,-35190.0,-0.87,-5.0,1.344,1.346,22507000.0,30204394,30204394,2026-09-09,2026-09-09 14:20:49+08:00
159247,创业板ETF汇添富,1.007,1.0071,0.01,-0.003,-0.3,401052.0,40475989.6,1.016,1.019,1.0,1.01,1.88,7.51,0.5,-66.92,141369.0,259683.0,-5800714.0,-14.33,-48197.0,-0.12,-5752517.0,-14.21,1989865.0,4.92,3810849.0,9.42,-99.0,1.007,1.008,533984960.0,537722855,537722855,2026-09-09,2026-09-09 14:21:18+08:00
159806,新能源车ETF国泰,0.674,0.6745,0.07,-0.002,-0.3,104392.0,7022786.0,0.678,0.678,0.669,0.676,1.33,1.22,1.07,66.6,33225.0,71167.0,-347455.0,-4.95,-53355.0,-0.76,-294100.0,-4.19,35305.0,0.5,312151.0,4.44,-10.0,0.674,0.675,857089440.0,577678283,577678283,2026-09-09,2026-09-09 14:21:06+08:00
159545,恒生红利低波ETF易方达,1.318,1.3188,0.06,-0.004,-0.3,370669.0,48830704.4,1.322,1.322,1.31,1.322,0.91,0.7,1.16,12.88,163594.0,207075.0,5563829.0,11.39,-171665.0,-0.35,5735494.0,11.75,-5931227.0,-12.15,367398.0,0.75,-274.0,1.318,1.319,5325403648.0,7018882008,7018882008,2026-09-09,2026-09-09 14:21:15+08:00
159577,美国50ETF汇添富,1.648,1.5702,-4.95,-0.005,-0.3,405247.0,66772454.628,1.651,1.652,1.644,1.653,0.48,4.88,1.23,11.44,206442.0,198805.0,5081398.0,7.61,-705810.0,-1.06,5787208.0,8.67,-2644030.0,-3.96,-2437368.0,-3.65,48.0,1.647,1.648,829665792.0,1367289225,1367289225,2026-09-09,2026-09-09 14:21:15+08:00
159083,红利低波100ETF嘉实,1.003,1.004,0.1,-0.003,-0.3,61624.0,6180096.45,1.004,1.005,0.999,1.006,0.6,4.52,0.64,4.66,26752.0,34872.0,285588.0,4.62,1592201.0,25.76,-1306613.0,-21.14,-296235.0,-4.79,10647.0,0.17,2.0,1.002,1.003,136370472.0,136779583,136779583,2026-09-09,2026-09-09 14:21:24+08:00
159261,创业板新能源ETF鹏华,1.306,1.3069,0.07,-0.004,-0.31,52273.0,6808201.8,1.306,1.31,1.294,1.31,1.22,10.49,1.5,5.36,30289.0,21984.0,-22146.0,-0.33,62983.0,0.93,-85129.0,-1.25,25692.0,0.38,-3545.0,-0.05,-2000.0,1.306,1.307,49814904.0,65058265,65058265,2026-09-09,2026-09-09 14:21:15+08:00
159318,恒指港股通ETF银华,1.302,1.3034,0.11,-0.004,-0.31,1082.0,140941.4,1.306,1.306,1.3,1.306,0.46,0.8,0.1,12.29,316.0,766.0,-16789.0,-11.91,0.0,0.0,-16789.0,-11.91,26060.0,18.49,-9270.0,-6.58,24.0,1.302,1.303,13601647.0,17709344,17709344,2026-09-09,2026-09-09 14:21:18+08:00
563960,300质量ETF兴全,0.95,0.95,0.0,-0.003,-0.31,8956.0,848930.0,0.95,0.95,0.946,0.953,0.42,0.25,0.34,1.97,3941.0,5015.0,-113970.0,-13.43,0.0,0.0,-113970.0,-13.43,82528.0,9.72,31441.0,3.7,500.0,0.949,0.95,352512000.0,334886400,334886400,2026-09-09,2026-09-09 14:20:53+08:00
562970,光伏ETF易方达,0.956,0.9573,0.14,-0.003,-0.31,116032.0,11112321.0,0.964,0.964,0.951,0.959,1.36,3.17,0.93,9.68,55358.0,60674.0,244321.0,2.2,610609.0,5.49,-366288.0,-3.3,-284400.0,-2.56,40078.0,0.36,-84.0,0.956,0.958,366448000.0,350324288,350324288,2026-09-09,2026-09-09 14:20:55+08:00
560560,碳中和ETF泰康,0.638,0.6383,0.05,-0.002,-0.31,24045.0,1525457.0,0.642,0.642,0.633,0.64,1.41,3.38,3.03,-0.48,2516.0,21529.0,-32055.0,-2.1,-951348.0,-62.36,919293.0,60.26,12540.0,0.82,19515.0,1.28,23.0,0.637,0.639,71190100.0,45419284,45419284,2026-09-09,2026-09-09 14:20:54+08:00
560010,中证1000ETF广发,3.179,3.1818,0.09,-0.01,-0.31,1881024.0,599117757.0,3.188,3.213,3.161,3.189,1.63,9.93,0.96,29.21,824225.0,1056799.0,16764785.0,2.8,74211232.0,12.39,-57446447.0,-9.59,-16926554.0,-2.83,161772.0,0.03,-1174.0,3.179,3.18,1894621696.0,6023002372,6023002372,2026-09-09,2026-09-09 14:21:01+08:00
589210,科创芯片设计ETF广发,0.646,0.6468,0.12,-0.002,-0.31,919337.0,59911238.0,0.653,0.663,0.642,0.648,3.24,6.78,1.19,45.4,479737.0,439600.0,-3679504.0,-6.14,-1120136.0,-1.87,-2559368.0,-4.27,3181372.0,5.31,498132.0,0.83,300.0,0.645,0.646,1356938000.0,876581948,876581948,2026-09-09,2026-09-09 14:20:47+08:00
520600,港股通汽车ETF广发,0.98,0.9791,-0.09,-0.003,-0.31,725335.0,71064863.0,0.983,0.984,0.976,0.983,0.81,27.28,0.78,1.59,348908.0,376427.0,-1081596.0,-1.52,49093.0,0.07,-1130689.0,-1.59,607839.0,0.86,473756.0,0.67,5.0,0.979,0.98,265868000.0,260550640,260550640,2026-09-09,2026-09-09 14:21:02+08:00
589950,科创100ETF富国,1.294,1.2931,-0.07,-0.004,-0.31,10399.0,1353476.0,1.29,1.319,1.285,1.298,2.62,0.29,0.4,26.38,4312.0,6087.0,346974.0,25.64,456242.0,33.71,-109268.0,-8.07,-414710.0,-30.64,67737.0,5.0,163.0,1.291,1.293,363873008.0,470851672,470851672,2026-09-09,2026-09-09 14:20:51+08:00
159126,港股通50ETF南方,0.937,0.9372,0.02,-0.003,-0.32,67821.0,6358193.076,0.939,0.939,0.933,0.94,0.64,2.98,1.65,16.98,42588.0,25233.0,-147293.0,-2.32,100641.0,1.58,-247934.0,-3.9,106105.0,1.67,41188.0,0.65,-1200.0,0.937,0.938,227616546.0,213276704,213276704,2026-09-09,2026-09-09 14:21:24+08:00
513850,美国50ETF易方达,1.842,1.7473,-5.42,-0.006,-0.32,331838.0,61020833.0,1.845,1.845,1.835,1.848,0.54,2.63,1.04,12.31,174967.0,156871.0,-5287288.0,-8.66,-2493304.0,-4.09,-2793984.0,-4.58,3375966.0,5.53,1911324.0,3.13,169.0,1.841,1.842,1262892608.0,2326248184,2326248184,2026-09-09,2026-09-09 14:21:02+08:00
562060,标普A股红利ETF华宝,0.618,0.6184,0.06,-0.002,-0.32,631253.0,38975403.0,0.621,0.621,0.615,0.62,0.97,1.17,0.84,2.85,375016.0,256237.0,-496065.0,-1.27,993040.0,2.55,-1489105.0,-3.82,-543283.0,-1.39,1039349.0,2.67,-1008.0,0.618,0.619,5404792576.0,3340161812,3340161812,2026-09-09,2026-09-09 14:20:55+08:00
562820,集成电路ETF嘉实,0.925,0.9262,0.13,-0.003,-0.32,218317.0,20392128.0,0.936,0.945,0.919,0.928,2.8,5.24,0.67,-1.34,126490.0,91827.0,-1787849.0,-8.77,0.0,0.0,-1787849.0,-8.77,51901.0,0.25,1735948.0,8.51,-26.0,0.925,0.926,416408000.0,385177400,385177400,2026-09-09,2026-09-09 14:20:48+08:00
588170,科创半导体ETF华夏,0.916,0.9157,-0.03,-0.003,-0.33,26161827.0,2409665052.0,0.925,0.934,0.91,0.919,2.61,5.97,0.71,0.27,10572545.0,15589283.0,-231757968.0,-9.62,-219211008.0,-9.1,-12546960.0,-0.52,23712608.0,0.98,208056142.0,8.63,884.0,0.915,0.916,43833446912.0,40151437371,40151437371,2026-09-09,2026-09-09 14:20:54+08:00
588810,UC科创芯片ETF富国,1.196,1.1961,0.01,-0.004,-0.33,440779.0,53153128.0,1.218,1.222,1.188,1.2,2.83,4.95,0.99,-12.64,296624.0,144155.0,3817521.0,7.18,8650704.0,16.28,-4833183.0,-9.09,-4289049.0,-8.07,471527.0,0.89,393.0,1.195,1.197,891324000.0,1066023504,1066023504,2026-09-09,2026-09-09 14:20:48+08:00
560980,光伏龙头ETF广发,0.613,0.6134,0.07,-0.002,-0.33,179390.0,10995981.0,0.616,0.617,0.609,0.615,1.3,5.22,0.88,10.22,73673.0,105717.0,-424417.0,-3.86,588353.0,5.35,-1012770.0,-9.21,-1699.0,-0.02,426115.0,3.88,401.0,0.612,0.613,343522000.0,210578986,210578986,2026-09-09,2026-09-09 14:20:55+08:00
513660,恒生ETF华夏,1.492,1.495,0.2,-0.005,-0.33,236188.0,35225073.0,1.5,1.5,1.486,1.497,0.94,1.31,0.79,16.09,91544.0,144644.0,-2594181.0,-7.36,-4734229.0,-13.44,2140048.0,6.08,-2006589.0,-5.7,4600771.0,13.06,79.0,1.491,1.493,1800000208.0,2685600310,2685600310,2026-09-09,2026-09-09 14:21:02+08:00
159670,消费50ETF国联安,0.874,0.8745,0.06,-0.003,-0.34,14826.0,1293807.4,0.874,0.875,0.87,0.877,0.57,2.66,0.66,0.59,8282.0,6544.0,-3070.0,-0.24,104760.0,8.1,-107830.0,-8.33,-4867.0,-0.38,7937.0,0.61,1.0,0.874,0.875,55706921.0,48687849,48687849,2026-09-09,2026-09-09 14:21:03+08:00
560090,证券ETF汇添富,1.161,1.1609,-0.01,-0.004,-0.34,529972.0,61527955.0,1.165,1.165,1.158,1.165,0.6,2.32,0.75,-9.97,267271.0,262701.0,-6283733.0,-10.21,-1381855.0,-2.25,-4901878.0,-7.97,3336236.0,5.42,2947498.0,4.79,-81.0,1.161,1.162,2279865008.0,2646923274,2646923274,2026-09-09,2026-09-09 14:20:56+08:00
159867,养殖ETF鹏华,0.582,0.582,0.0,-0.002,-0.34,583662.0,34083796.6,0.582,0.589,0.579,0.584,1.71,3.77,0.9,33.58,181027.0,402635.0,1358111.0,3.98,2971666.0,8.72,-1613555.0,-4.73,-1104869.0,-3.24,-253241.0,-0.74,1.0,0.581,0.582,1546643600.0,900146575,900146575,2026-09-09,2026-09-09 14:21:09+08:00
159777,创科技ETF国联安,1.176,1.1806,0.39,-0.004,-0.34,11772.0,1394986.9,1.186,1.192,1.172,1.18,1.69,4.16,0.74,7.61,6758.0,5014.0,108404.0,7.77,0.0,0.0,108404.0,7.77,-120003.0,-8.6,11600.0,0.83,-5.0,1.178,1.18,28280565.0,33257944,33257944,2026-09-09,2026-09-09 14:21:09+08:00
515100,红利低波100ETF景顺,1.419,1.4191,0.01,-0.005,-0.35,562602.0,79763214.0,1.423,1.423,1.412,1.424,0.77,1.6,0.62,-13.69,296605.0,265997.0,-3408183.0,-4.27,-6837194.0,-8.57,3429011.0,4.3,2173751.0,2.73,1234433.0,1.55,300.0,1.418,1.419,3526691504.0,5004375244,5004375244,2026-09-09,2026-09-09 14:21:01+08:00
159908,创业板ETF博时,3.147,3.1476,0.02,-0.011,-0.35,72615.0,22907675.3,3.168,3.187,3.124,3.158,1.99,2.23,0.75,30.41,38740.0,33875.0,-1031180.0,-4.5,152537.0,0.67,-1183717.0,-5.17,389489.0,1.7,641691.0,2.8,-21.0,3.147,3.148,325229024.0,1023495739,1023495739,2026-09-09,2026-09-09 14:21:09+08:00
159865,养殖ETF国泰,0.572,0.5713,-0.12,-0.002,-0.35,2819412.0,161644012.84,0.571,0.578,0.569,0.574,1.57,2.41,0.63,38.61,1402313.0,1417099.0,-5545129.0,-3.43,3768516.0,2.33,-9313645.0,-5.76,4430105.0,2.74,1115024.0,0.69,2029.0,0.571,0.572,11680455680.0,6681220649,6681220649,2026-09-09,2026-09-09 14:21:09+08:00
588370,科创50增强ETF南方,1.699,1.6971,-0.11,-0.006,-0.35,22883.0,3903812.0,1.705,1.739,1.689,1.705,2.93,3.02,0.69,1.11,12009.0,10874.0,-814192.0,-20.86,0.0,0.0,-814192.0,-20.86,301228.0,7.72,512964.0,13.14,5.0,1.697,1.699,75772000.0,128736628,128736628,2026-09-09,2026-09-09 14:20:55+08:00
510810,上海国企ETF汇添富,0.851,0.8512,0.02,-0.003,-0.35,1387223.0,117991528.0,0.856,0.858,0.848,0.854,1.17,2.32,5.15,8.16,277492.0,1109731.0,1136597.0,0.96,9677824.0,8.2,-8541227.0,-7.24,-1164116.0,-0.99,27519.0,0.02,34.0,0.85,0.852,5973193728.0,5083187863,5083187863,2026-09-09,2026-09-09 14:21:09+08:00
588020,科创成长ETF易方达,0.85,0.8494,-0.07,-0.003,-0.35,2232004.0,190836150.0,0.863,0.868,0.842,0.853,3.05,10.51,0.74,9.8,1119972.0,1112032.0,-2912679.0,-1.53,-11243442.0,-5.89,8330763.0,4.37,-2586572.0,-1.36,5499252.0,2.88,100.0,0.849,0.85,2123373008.0,1804867057,1804867057,2026-09-09,2026-09-09 14:20:53+08:00
159260,证券ETF博时,0.855,0.8552,0.02,-0.003,-0.35,25302.0,2162895.1,0.859,0.859,0.852,0.858,0.82,0.25,0.37,10.04,10213.0,15089.0,-248003.0,-11.47,-568723.0,-26.29,320720.0,14.83,118788.0,5.49,129214.0,5.97,-18.0,0.855,0.856,1020213584.0,872282614,872282614,2026-09-09,2026-09-09 14:21:18+08:00
588310,科创创业ETF方正富邦,1.126,1.126,0.0,-0.004,-0.35,5909.0,666251.0,1.136,1.141,1.117,1.13,2.12,1.93,0.77,4.4,4457.0,1452.0,-167973.0,-25.21,3633.0,0.55,-171606.0,-25.76,130220.0,19.55,37753.0,5.67,-5.0,1.125,1.128,30637500.0,34497825,34497825,2026-09-09,2026-09-09 14:20:49+08:00
512770,战略新兴ETF华夏,2.528,2.5318,0.15,-0.009,-0.35,8146.0,2060645.0,2.552,2.564,2.517,2.537,1.85,0.84,0.74,-2.28,1395.0,6751.0,-180243.0,-8.75,0.0,0.0,-180243.0,-8.75,179881.0,8.73,362.0,0.02,-47.0,2.533,2.535,96767800.0,244628998,244628998,2026-09-09,2026-09-09 14:20:59+08:00
589100,科创芯片ETF国泰,0.864,0.8647,0.08,-0.003,-0.35,341602.0,29686459.0,0.867,0.882,0.859,0.867,2.65,3.65,0.84,19.13,165432.0,176171.0,1079208.0,3.64,606731.0,2.04,472477.0,1.59,-2013683.0,-6.78,934475.0,3.15,-225.0,0.863,0.864,935442496.0,808222317,808222317,2026-09-09,2026-09-09 14:20:51+08:00
159798,消费ETF易方达,0.865,0.8647,-0.03,-0.003,-0.35,45712.0,3944114.2,0.863,0.868,0.861,0.868,0.81,2.77,0.39,11.96,19104.0,26608.0,36375.0,0.92,77420.0,1.96,-41045.0,-1.04,-104526.0,-2.65,68151.0,1.73,3.0,0.864,0.865,165245390.0,142937262,142937262,2026-09-09,2026-09-09 14:20:48+08:00
588390,科创创业ETF博时,1.148,1.1464,-0.14,-0.004,-0.35,42498.0,4880966.0,1.154,1.165,1.138,1.152,2.34,2.58,0.93,36.05,17150.0,25348.0,-239739.0,-4.91,561603.0,11.51,-801342.0,-16.42,181706.0,3.72,58033.0,1.19,300.0,1.145,1.147,164935900.0,189346413,189346413,2026-09-09,2026-09-09 14:20:56+08:00
159936,可选消费ETF广发,1.918,1.9167,-0.07,-0.007,-0.36,1440.0,275578.2,1.912,1.919,1.909,1.925,0.52,0.13,0.1,0.12,342.0,1098.0,-4022.0,-1.46,0.0,0.0,-4022.0,-1.46,46317.0,16.81,-42294.0,-15.35,15.0,1.916,1.918,110156094.0,211279388,211279388,2026-09-09,2026-09-09 14:21:03+08:00
589270,科创100ETF前海开源,1.095,1.0923,-0.25,-0.004,-0.36,1883.0,206505.0,1.099,1.112,1.088,1.099,2.18,0.88,0.15,-16.92,613.0,1270.0,52620.0,25.48,0.0,0.0,52620.0,25.48,3242.0,1.57,-55861.0,-27.05,-1.0,1.09,1.095,21516600.0,23560677,23560677,2026-09-09,2026-09-09 14:20:50+08:00
516380,智能电动车ETF华宝,0.829,0.8292,0.02,-0.003,-0.36,19640.0,1629136.0,0.831,0.831,0.823,0.832,0.96,2.27,1.89,2.75,6493.0,13147.0,-85986.0,-5.28,-202512.0,-12.43,116526.0,7.15,53404.0,3.28,32582.0,2.0,459.0,0.828,0.83,86449300.0,71666470,71666470,2026-09-09,2026-09-09 14:21:01+08:00
159716,深证100ETF华宝,1.094,1.0957,0.16,-0.004,-0.36,11432.0,1250896.5,1.093,1.099,1.088,1.098,1.0,2.05,0.58,2.17,2997.0,8435.0,1865.0,0.15,0.0,0.0,1865.0,0.15,5697.0,0.46,-7562.0,-0.6,-100.0,1.095,1.097,55666732.0,60899405,60899405,2026-09-09,2026-09-09 14:21:09+08:00
520950,港股通50ETF摩根,0.838,0.8343,-0.44,-0.003,-0.36,131643.0,11044291.0,0.836,0.841,0.836,0.841,0.59,4.05,0.82,3.18,66236.0,65407.0,211322.0,1.91,0.0,0.0,211322.0,1.91,-378766.0,-3.43,167444.0,1.52,30.0,0.837,0.838,325421008.0,272702805,272702805,2026-09-09,2026-09-09 14:20:53+08:00
159960,恒生中国企业ETF平安,0.841,0.8438,0.33,-0.003,-0.36,35060.0,2952214.2,0.843,0.846,0.839,0.844,0.83,5.69,1.03,-21.13,12929.0,22131.0,-84492.0,-2.86,0.0,0.0,-84492.0,-2.86,580.0,0.02,83913.0,2.84,-260.0,0.841,0.842,61573960.0,51783700,51783700,2026-09-09,2026-09-09 14:21:09+08:00
159327,半导体设备ETF万家,1.07,1.0701,0.01,-0.004,-0.37,898220.0,96559216.81,1.08,1.09,1.063,1.074,2.51,3.14,0.79,7.67,331284.0,566936.0,-20697902.0,-21.44,-5903844.0,-6.11,-14794058.0,-15.32,7538692.0,7.81,13159209.0,13.63,17.0,1.069,1.07,2857574096.0,3057604283,3057604283,2026-09-09,2026-09-09 14:21:18+08:00
159991,创业板大盘ETF招商,0.8,0.7987,-0.16,-0.003,-0.37,24926.0,1999687.8,0.803,0.812,0.793,0.803,2.37,2.43,0.61,23.06,10561.0,14365.0,-241752.0,-12.09,50498.0,2.53,-292250.0,-14.61,179481.0,8.98,62269.0,3.11,350.0,0.799,0.8,102663172.0,82130538,82130538,2026-09-09,2026-09-09 14:21:09+08:00
588070,科创成长ETF万家,2.17,2.1706,0.03,-0.008,-0.37,30672.0,6721458.0,2.201,2.218,2.155,2.178,2.89,7.98,0.71,21.45,14498.0,16174.0,537246.0,7.99,858507.0,12.77,-321261.0,-4.78,-380255.0,-5.66,-156991.0,-2.34,35.0,2.17,2.173,38437000.0,83408290,83408290,2026-09-09,2026-09-09 14:20:55+08:00
560690,电信ETF鹏华,2.18,2.1758,-0.19,-0.008,-0.37,5084.0,1113519.0,2.186,2.198,2.18,2.188,0.82,2.59,0.67,-28.03,2848.0,2236.0,33780.0,3.03,0.0,0.0,33780.0,3.03,0.0,0.0,-33780.0,-3.03,926.0,2.176,2.179,19639000.0,42813020,42813020,2026-09-09,2026-09-09 14:20:56+08:00
589130,科创芯片ETF易方达,1.329,1.3293,0.02,-0.005,-0.37,933353.0,124836977.0,1.343,1.356,1.32,1.334,2.7,2.77,0.8,-3.07,490481.0,442872.0,-1809286.0,-1.45,-11221601.0,-8.99,9412315.0,7.54,-1833064.0,-1.47,3642351.0,2.92,-2800.0,1.328,1.329,3368780000.0,4477108620,4477108620,2026-09-09,2026-09-09 14:20:51+08:00
589700,科创成长ETF南方,2.155,2.1548,-0.01,-0.008,-0.37,23232.0,5049665.0,2.19,2.2,2.14,2.163,2.77,8.21,0.65,3.0,14165.0,9067.0,-138163.0,-2.74,-660995.0,-13.09,522832.0,10.35,-144620.0,-2.86,282784.0,5.6,5.0,2.155,2.157,28291000.0,60967105,60967105,2026-09-09,2026-09-09 14:20:48+08:00
561400,畜牧养殖ETF鑫元,1.067,1.069,0.19,-0.004,-0.37,19564.0,2089930.0,1.069,1.075,1.063,1.071,1.12,6.63,0.45,6.31,10548.0,9016.0,283324.0,13.56,850631.0,40.7,-567307.0,-27.14,-316300.0,-15.13,32977.0,1.58,2540.0,1.067,1.068,29519000.0,31496773,31496773,2026-09-09,2026-09-09 14:20:52+08:00
512900,证券ETF南方,1.071,1.0705,-0.05,-0.004,-0.37,359435.0,38476725.0,1.073,1.075,1.068,1.075,0.65,0.47,0.41,-9.84,153651.0,205784.0,-3486017.0,-9.06,-1707903.0,-4.44,-1778114.0,-4.62,2439004.0,6.34,1047013.0,2.72,-2000.0,1.071,1.072,7589405952.0,8128253775,8128253775,2026-09-09,2026-09-09 14:21:05+08:00
159820,中证500ETF天弘,1.35,1.3545,0.33,-0.005,-0.37,25109.0,3402267.6,1.354,1.361,1.344,1.355,1.25,0.19,0.28,-0.77,11597.0,13512.0,-21526.0,-0.63,0.0,0.0,-21526.0,-0.63,-55871.0,-1.64,77398.0,2.27,1.0,1.351,1.353,1353908464.0,1827776426,1827776426,2026-09-09,2026-09-09 14:21:09+08:00
588920,科创芯片ETF鹏华,1.074,1.0738,-0.02,-0.004,-0.37,97761.0,10575097.0,1.09,1.096,1.067,1.078,2.69,2.9,0.66,-27.93,34956.0,62805.0,85700.0,0.81,-735430.0,-6.95,821130.0,7.76,-681950.0,-6.45,596248.0,5.64,-30.0,1.073,1.074,336876000.0,361804824,361804824,2026-09-09,2026-09-09 14:20:50+08:00
588520,科创增强ETF永赢,1.363,1.3635,0.04,-0.005,-0.37,26739.0,3647262.0,1.381,1.381,1.356,1.368,1.83,20.64,1.67,0.89,18094.0,8645.0,52280.0,1.43,0.0,0.0,52280.0,1.43,-41972.0,-1.15,-10307.0,-0.28,-1800.0,1.362,1.363,12957000.0,17660391,17660391,2026-09-09,2026-09-09 14:20:47+08:00
159864,光伏ETF国泰,0.535,0.5353,0.06,-0.002,-0.37,121066.0,6483126.8,0.536,0.539,0.532,0.537,1.3,1.89,0.96,55.86,33808.0,87258.0,230079.0,3.55,353460.0,5.45,-123381.0,-1.9,-276443.0,-4.26,46363.0,0.72,134.0,0.534,0.535,640526832.0,342681855,342681855,2026-09-09,2026-09-09 14:21:09+08:00
562660,中证2000ETF华夏,1.91,1.9105,0.03,-0.007,-0.37,176701.0,33861833.0,1.924,1.924,1.9,1.917,1.25,4.84,0.74,1.57,85709.0,90992.0,-3559294.0,-10.51,0.0,0.0,-3559294.0,-10.51,882421.0,2.61,2676873.0,7.91,1.0,1.909,1.91,364874000.0,696909340,696909340,2026-09-09,2026-09-09 14:20:56+08:00
516270,新能源ETF华安,0.541,0.5415,0.09,-0.002,-0.37,232905.0,12567349.0,0.543,0.543,0.537,0.543,1.1,7.33,1.49,-4.5,129102.0,103803.0,-1271330.0,-10.12,-1283940.0,-10.22,12610.0,0.1,695971.0,5.54,575359.0,4.58,-16.0,0.541,0.542,317909008.0,171988773,171988773,2026-09-09,2026-09-09 14:20:59+08:00
588400,科创创业ETF嘉实,1.065,1.0657,0.07,-0.004,-0.37,125658.0,13433529.0,1.078,1.082,1.057,1.069,2.34,0.92,0.48,20.21,50156.0,75502.0,-2050131.0,-15.26,-410945.0,-3.06,-1639186.0,-12.2,1611158.0,11.99,438975.0,3.27,-927.0,1.065,1.066,1365600608.0,1454364648,1454364648,2026-09-09,2026-09-09 14:20:55+08:00
159698,粮食ETF鹏华,1.047,1.0469,-0.01,-0.004,-0.38,2438213.0,255632226.835,1.03,1.065,1.028,1.051,3.52,12.86,1.18,18.21,1143743.0,1294470.0,15180392.0,5.94,58142454.0,22.75,-42962062.0,-16.81,-11190210.0,-4.38,-3990181.0,-1.56,100.0,1.046,1.047,1895444384.0,1984530270,1984530270,2026-09-09,2026-09-09 14:21:12+08:00
512760,芯片ETF国泰,1.044,1.044,0.0,-0.004,-0.38,1947338.0,204222882.0,1.052,1.061,1.037,1.048,2.29,1.99,0.79,4.06,911615.0,1035723.0,-20567502.0,-10.07,-33924023.0,-16.61,13356521.0,6.54,7793157.0,3.82,12774346.0,6.26,10.0,1.043,1.044,9787445504.0,10218093106,10218093106,2026-09-09,2026-09-09 14:21:05+08:00
159328,家电ETF易方达,1.047,1.048,0.1,-0.004,-0.38,40768.0,4260622.1,1.051,1.051,1.043,1.051,0.76,4.36,1.39,3.99,12598.0,28170.0,-127999.0,-3.0,0.0,0.0,-127999.0,-3.0,116966.0,2.75,11033.0,0.26,-20.0,1.046,1.048,93556700.0,97953865,97953865,2026-09-09,2026-09-09 14:21:15+08:00
516590,智能汽车ETF易方达,1.044,1.0454,0.13,-0.004,-0.38,9287.0,967476.0,1.048,1.048,1.038,1.048,0.95,1.79,0.89,-0.26,3558.0,5729.0,-32021.0,-3.31,0.0,0.0,-32021.0,-3.31,-49974.0,-5.17,81995.0,8.48,-17.0,1.044,1.046,52015000.0,54303660,54303660,2026-09-09,2026-09-09 14:20:58+08:00
159293,创业板综增强ETF建信,1.061,1.061,0.0,-0.004,-0.38,44745.0,4754155.8,1.07,1.071,1.055,1.065,1.5,19.32,1.21,9.56,19959.0,24786.0,-5773.0,-0.12,0.0,0.0,-5773.0,-0.12,1411.0,0.03,4361.0,0.09,-500.0,1.06,1.061,23159397.0,24572120,24572120,2026-09-09,2026-09-09 14:21:18+08:00
512000,券商ETF华宝,0.518,0.5171,-0.17,-0.002,-0.38,11960734.0,618356942.0,0.518,0.519,0.515,0.52,0.77,1.66,0.79,10.83,4664101.0,7296633.0,-59642352.0,-9.65,-97236096.0,-15.72,37593744.0,6.08,41766091.0,6.75,17876263.0,2.89,21.0,0.517,0.518,72135634944.0,37366258901,37366258901,2026-09-09,2026-09-09 14:21:08+08:00
159038,粮食ETF易方达,1.056,1.0583,0.22,-0.004,-0.38,437634.0,46281926.82,1.04,1.079,1.04,1.06,3.68,23.53,1.18,-3.02,194309.0,243325.0,7893270.0,17.05,6281146.0,13.57,1612124.0,3.48,-5956266.0,-12.87,-1937004.0,-4.19,2430.0,1.056,1.057,186026939.0,196444448,196444448,2026-09-09,2026-09-09 14:21:33+08:00
520680,港股通汽车ETF南方,0.787,0.7867,-0.04,-0.003,-0.38,35650.0,2807209.0,0.79,0.791,0.784,0.79,0.89,5.07,0.52,-1.65,15930.0,19720.0,199116.0,7.09,0.0,0.0,199116.0,7.09,-176829.0,-6.3,-22288.0,-0.79,2595.0,0.787,0.788,70369000.0,55380403,55380403,2026-09-09,2026-09-09 14:21:02+08:00
159711,港股通50ETF华夏,1.328,1.3234,-0.35,-0.005,-0.38,241319.0,32039531.9,1.333,1.333,1.322,1.333,0.83,79.21,0.37,-14.81,118323.0,122996.0,-902091.0,-2.82,0.0,0.0,-902091.0,-2.82,1099603.0,3.43,-197513.0,-0.62,-4428.0,1.327,1.328,30465157.0,40457728,40457728,2026-09-09,2026-09-09 14:21:12+08:00
159071,新能源电池ETF华宝,0.797,0.7966,-0.05,-0.003,-0.38,81672.0,6501499.395,0.801,0.803,0.791,0.8,1.5,6.75,0.93,15.09,40557.0,41115.0,210709.0,3.24,258624.0,3.98,-47915.0,-0.74,-346430.0,-5.33,135720.0,2.09,-1506.0,0.796,0.797,120911738.0,96366655,96366655,2026-09-09,2026-09-09 14:21:30+08:00
588550,科创综指增强ETF易方达,1.302,1.306,0.31,-0.005,-0.38,14943.0,1954327.0,1.317,1.325,1.294,1.307,2.37,2.36,0.8,2.64,7279.0,7664.0,-249356.0,-12.76,269746.0,13.8,-519102.0,-26.56,-10302.0,-0.53,259658.0,13.29,50.0,1.301,1.302,63290000.0,82403580,82403580,2026-09-09,2026-09-09 14:20:40+08:00
589070,科创芯片设计ETF天弘,1.022,1.0232,0.12,-0.004,-0.39,2178610.0,224055508.0,1.033,1.047,1.015,1.026,3.12,10.45,0.86,-9.6,1322232.0,856378.0,-5995014.0,-2.68,-25835047.0,-11.53,19840033.0,8.85,3349679.0,1.5,2645335.0,1.18,-3053.0,1.022,1.023,2085293008.0,2131169454,2131169454,2026-09-09,2026-09-09 14:20:50+08:00
588850,科创机械ETF嘉实,1.789,1.7885,-0.03,-0.007,-0.39,54769.0,9890295.0,1.796,1.825,1.775,1.796,2.78,6.46,0.4,-29.03,17805.0,36964.0,-148151.0,-1.5,99659.0,1.01,-247810.0,-2.51,484770.0,4.9,-336619.0,-3.4,2.0,1.787,1.79,84779000.0,151669631,151669631,2026-09-09,2026-09-09 14:20:51+08:00
159555,中证2000增强ETF银华,1.781,1.7875,0.36,-0.007,-0.39,15124.0,2713720.0,1.798,1.8,1.775,1.788,1.4,4.04,0.82,1.24,6467.0,8657.0,695892.0,25.64,359200.0,13.24,336692.0,12.41,-626880.0,-23.1,-69012.0,-2.54,20.0,1.783,1.784,37462705.0,66721078,66721078,2026-09-09,2026-09-09 14:21:15+08:00
159193,新能源电池ETF银华,0.761,0.7605,-0.07,-0.003,-0.39,102466.0,7786973.4,0.765,0.769,0.754,0.764,1.96,4.47,1.11,11.29,54921.0,47545.0,-3125988.0,-40.14,513970.0,6.6,-3639958.0,-46.74,409256.0,5.26,2716733.0,34.89,46.0,0.76,0.761,229080335.0,174330135,174330135,2026-09-09,2026-09-09 14:21:24+08:00
516290,光伏ETF汇添富,0.506,0.5066,0.12,-0.002,-0.39,95778.0,4854336.0,0.509,0.51,0.503,0.508,1.38,1.28,0.69,1.69,26231.0,69547.0,-103833.0,-2.14,1127451.0,23.23,-1231284.0,-25.36,-9795.0,-0.2,113628.0,2.34,-667.0,0.506,0.507,749196896.0,379093629,379093629,2026-09-09,2026-09-09 14:21:03+08:00
159295,创业综指ETF西部利得,1.026,1.0301,0.4,-0.004,-0.39,43280.0,4499887.9,1.036,1.053,1.022,1.03,3.01,5.09,0.35,-4.74,12455.0,30825.0,-98914.0,-2.2,553562.0,12.3,-652476.0,-14.5,43932.0,0.98,54982.0,1.22,-5.0,1.027,1.03,84958239.0,87167153,87167153,2026-09-09,2026-09-09 14:21:18+08:00
159620,中证500成长ETF华夏,1.242,1.2428,0.06,-0.005,-0.4,28965.0,3605519.0,1.247,1.25,1.235,1.247,1.2,9.94,0.85,0.01,11533.0,17432.0,-21952.0,-0.61,0.0,0.0,-21952.0,-0.61,94506.0,2.62,-72554.0,-2.01,-1000.0,1.242,1.243,29140934.0,36193040,36193040,2026-09-09,2026-09-09 14:21:03+08:00
515010,证券ETF华夏,1.246,1.2453,-0.06,-0.005,-0.4,203247.0,25308708.0,1.25,1.25,1.242,1.251,0.64,0.98,0.52,-0.21,94560.0,108687.0,-1442862.0,-5.7,-602592.0,-2.38,-840270.0,-3.32,-386515.0,-1.53,1829377.0,7.23,397.0,1.245,1.246,2071271600.0,2580804414,2580804414,2026-09-09,2026-09-09 14:20:49+08:00
159552,中证2000增强ETF招商,2.268,2.2714,0.15,-0.009,-0.4,454195.0,103283237.5,2.272,2.29,2.256,2.277,1.49,6.03,0.74,25.78,166639.0,287556.0,13282977.0,12.87,22907970.0,22.19,-9624993.0,-9.32,-11716381.0,-11.35,-1566596.0,-1.52,218.0,2.267,2.268,753290320.0,1708462446,1708462446,2026-09-09,2026-09-09 14:21:15+08:00
588770,科创信息ETF摩根,1.761,1.7616,0.03,-0.007,-0.4,43955.0,7767238.0,1.779,1.792,1.75,1.768,2.38,1.41,1.14,33.61,19514.0,24441.0,-319077.0,-4.11,34866.0,0.45,-353943.0,-4.56,529828.0,6.82,-210750.0,-2.71,100.0,1.76,1.762,311597104.0,548722500,548722500,2026-09-09,2026-09-09 14:20:50+08:00
159712,港股通50ETF国泰,1.232,1.2322,0.02,-0.005,-0.4,80435.0,9915267.3,1.236,1.236,1.228,1.237,0.65,9.49,1.21,-6.03,38578.0,41857.0,53687.0,0.54,0.0,0.0,53687.0,0.54,88878.0,0.9,-142565.0,-1.44,44.0,1.231,1.233,84778813.0,104447498,104447498,2026-09-09,2026-09-09 14:21:09+08:00
159030,粮食ETF华夏,0.986,0.9859,-0.01,-0.004,-0.4,1013717.0,100068044.756,0.975,1.005,0.968,0.99,3.74,23.71,1.12,4.06,524046.0,489671.0,4935136.0,4.93,9445514.0,9.44,-4510378.0,-4.51,-5585168.0,-5.58,650032.0,0.65,2655.0,0.985,0.986,427468176.0,421483622,421483622,2026-09-09,2026-09-09 14:21:33+08:00
517660,物联网ETF天弘,1.23,1.2362,0.5,-0.005,-0.4,20703.0,2559471.0,1.238,1.25,1.224,1.235,2.11,5.19,7.39,7.69,11309.0,9394.0,-123.0,0.0,0.0,0.0,-123.0,0.0,0.0,0.0,122.0,0.0,-2000.0,1.232,1.233,39880700.0,49053261,49053261,2026-09-09,2026-09-09 14:21:00+08:00
588750,科创芯片ETF汇添富,2.233,2.2337,0.03,-0.009,-0.4,568595.0,127867026.0,2.26,2.279,2.218,2.242,2.72,1.73,0.79,33.74,259521.0,309074.0,-3413846.0,-2.67,-501420.0,-0.39,-2912426.0,-2.28,-2470683.0,-1.93,5884529.0,4.6,9.0,2.232,2.233,3283228000.0,7331448124,7331448124,2026-09-09,2026-09-09 14:20:48+08:00
512480,半导体ETF国联安,0.984,0.9838,-0.02,-0.004,-0.4,8275164.0,818269489.0,0.994,1.002,0.977,0.988,2.53,4.09,0.79,27.15,3975147.0,4300017.0,-80216805.0,-9.8,-108269925.0,-13.23,28053120.0,3.43,28738180.0,3.51,51477145.0,6.29,208.0,0.983,0.984,20242007296.0,19918135179,19918135179,2026-09-09,2026-09-09 14:21:05+08:00
159365,恒指港股通ETF富国,0.992,0.9936,0.16,-0.004,-0.4,1675.0,166116.2,0.993,0.994,0.99,0.996,0.4,0.36,0.23,13.75,946.0,729.0,-63695.0,-38.34,0.0,0.0,-63695.0,-38.34,44575.0,26.83,19119.0,11.51,3.0,0.991,0.993,46162398.0,45793099,45793099,2026-09-09,2026-09-09 14:21:15+08:00
510550,中证500ETF方正富邦,1.994,2.0,0.3,-0.008,-0.4,4250.0,843335.0,2.01,2.01,1.983,2.002,1.35,1.79,1.35,-4.33,2741.0,1509.0,-144065.0,-17.08,0.0,0.0,-144065.0,-17.08,132861.0,15.75,11205.0,1.33,-3.0,1.993,2.0,23743300.0,47344140,47344140,2026-09-09,2026-09-09 14:20:47+08:00
159896,物联网ETF南方,1.26,1.26,0.0,-0.005,-0.4,8040.0,1017051.9,1.273,1.276,1.254,1.265,1.74,2.11,0.62,21.33,4416.0,3624.0,-231439.0,-22.76,0.0,0.0,-231439.0,-22.76,185197.0,18.21,46242.0,4.55,59.0,1.26,1.261,38055960.0,47950510,47950510,2026-09-09,2026-09-09 14:21:09+08:00
520840,港股通恒生科技ETF华安,0.741,0.7349,-0.83,-0.003,-0.4,397303.0,29472241.0,0.743,0.747,0.739,0.744,1.08,3.52,1.09,-32.93,146082.0,251221.0,-2137149.0,-7.25,-3244402.0,-11.01,1107253.0,3.76,1263382.0,4.29,873767.0,2.96,82.0,0.74,0.741,1128049008.0,835884315,835884315,2026-09-09,2026-09-09 14:21:00+08:00
520720,港股汽车ETF国泰,0.72,0.7209,0.12,-0.003,-0.41,135636.0,9788389.0,0.722,0.724,0.719,0.723,0.69,11.03,0.74,2.21,84253.0,51383.0,-57630.0,-0.59,42413.0,0.43,-100043.0,-1.02,1099.0,0.01,56532.0,0.58,-78.0,0.721,0.722,122942000.0,88518240,88518240,2026-09-09,2026-09-09 14:21:01+08:00
589430,科创芯片设计ETF华宝,0.96,0.9609,0.09,-0.004,-0.41,164757.0,15896620.0,0.973,0.983,0.953,0.964,3.11,6.84,0.65,11.82,103765.0,60992.0,-7576.0,-0.05,-410688.0,-2.58,403112.0,2.54,-185601.0,-1.17,193176.0,1.22,-330.0,0.959,0.961,240849900.0,231215904,231215904,2026-09-09,2026-09-09 14:20:44+08:00
589420,科创芯片设计ETF永赢,0.728,0.7285,0.07,-0.003,-0.41,112271.0,8192845.0,0.733,0.746,0.722,0.731,3.28,3.06,1.12,-0.85,53158.0,59113.0,30415.0,0.37,-764736.0,-9.33,795151.0,9.71,-395278.0,-4.82,364864.0,4.45,9.0,0.727,0.728,366481504.0,266798535,266798535,2026-09-09,2026-09-09 14:20:46+08:00
560590,中证1000增强ETF鹏华,1.451,1.4551,0.28,-0.006,-0.41,8632.0,1255429.0,1.466,1.466,1.445,1.457,1.44,4.38,0.39,11.49,5996.0,2636.0,160833.0,12.81,0.0,0.0,160833.0,12.81,-125496.0,-10.0,-35338.0,-2.81,-1230.0,1.45,1.453,19710000.0,28599210,28599210,2026-09-09,2026-09-09 14:20:41+08:00
589160,科创芯片ETF广发,1.217,1.2172,0.02,-0.005,-0.41,132193.0,16196974.0,1.227,1.242,1.208,1.222,2.78,4.55,0.74,22.71,61403.0,70790.0,-600575.0,-3.71,637450.0,3.94,-1238025.0,-7.64,-305957.0,-1.89,906531.0,5.6,1.0,1.216,1.217,290296000.0,353290232,353290232,2026-09-09,2026-09-09 14:20:41+08:00
159573,创业板200ETF华夏,1.44,1.44,0.0,-0.006,-0.41,80901.0,11664106.9,1.449,1.453,1.431,1.446,1.52,10.44,0.89,-2.54,38921.0,41980.0,-326733.0,-2.8,0.0,0.0,-326733.0,-2.8,289741.0,2.48,36992.0,0.32,100.0,1.438,1.44,77456297.0,111537068,111537068,2026-09-09,2026-09-09 14:21:18+08:00
560400,证券ETF华泰柏瑞,0.981,0.9811,0.01,-0.004,-0.41,235124.0,23052738.0,0.981,0.984,0.978,0.985,0.61,13.79,1.18,2.31,119899.0,115225.0,-779421.0,-3.38,-1953748.0,-8.48,1174327.0,5.09,382250.0,1.66,397171.0,1.72,-71.0,0.98,0.981,170493000.0,167253633,167253633,2026-09-09,2026-09-09 14:20:53+08:00
560780,半导体设备ETF广发,0.983,0.9833,0.03,-0.004,-0.41,4510899.0,447021093.0,0.995,1.001,0.977,0.987,2.43,3.52,0.94,3.62,2228995.0,2281904.0,-17882490.0,-4.0,-18036114.0,-4.04,153624.0,0.03,1461193.0,0.33,16421297.0,3.67,1004.0,0.982,0.983,12817488128.0,12599590830,12599590830,2026-09-09,2026-09-09 14:20:55+08:00
159173,农牧ETF南方,0.97,0.9703,0.03,-0.004,-0.41,91974.0,8925513.114,0.974,0.985,0.965,0.974,2.05,18.6,1.19,15.3,37846.0,54128.0,491358.0,5.51,293448.0,3.29,197910.0,2.22,-398765.0,-4.47,-92593.0,-1.04,100.0,0.969,0.971,49455388.0,47971726,47971726,2026-09-09,2026-09-09 14:21:24+08:00
159127,港股通红利ETF南方,0.976,0.9741,-0.2,-0.004,-0.41,85812.0,8337930.5,0.969,0.979,0.966,0.98,1.33,5.69,0.29,12.46,47035.0,38777.0,61243.0,0.73,-46707.0,-0.56,107950.0,1.29,57149.0,0.69,-118392.0,-1.42,-2.0,0.976,0.977,150844268.0,147224006,147224006,2026-09-09,2026-09-09 14:21:24+08:00
589400,科创芯片设计ETF富国,0.726,0.7264,0.06,-0.003,-0.41,115826.0,8499455.0,0.733,0.745,0.722,0.729,3.16,3.76,0.64,12.05,44880.0,70946.0,262937.0,3.09,2090959.0,24.6,-1828022.0,-21.51,-231501.0,-2.72,-31436.0,-0.37,-1311.0,0.726,0.727,307785200.0,223452055,223452055,2026-09-09,2026-09-09 14:20:41+08:00
513350,标普油气ETF富国,1.414,1.3722,-3.05,-0.006,-0.42,4498252.0,638950324.0,1.434,1.438,1.4,1.42,2.68,53.0,0.88,-21.86,2067460.0,2430792.0,-15944052.0,-2.5,-10919957.0,-1.71,-5024095.0,-0.79,2092844.0,0.33,13851208.0,2.17,-71.0,1.414,1.415,848746000.0,1200126844,1200126844,2026-09-09,2026-09-09 14:21:07+08:00
588710,科创半导体设备ETF华泰柏瑞,0.945,0.9465,0.16,-0.004,-0.42,5144869.0,489391935.0,0.956,0.965,0.94,0.949,2.63,4.48,0.75,-12.46,2422179.0,2722690.0,3594025.0,0.73,3160190.0,0.65,433835.0,0.09,-12799826.0,-2.62,9205801.0,1.88,-500.0,0.945,0.946,11490885120.0,10858886438,10858886438,2026-09-09,2026-09-09 14:20:49+08:00
588780,科创芯片设计ETF国联安,0.941,0.942,0.11,-0.004,-0.42,1218208.0,115605489.0,0.953,0.965,0.934,0.945,3.28,11.63,0.65,12.06,524978.0,693230.0,-2339121.0,-2.02,11931441.0,10.32,-14270562.0,-12.34,-506639.0,-0.44,2845759.0,2.46,3551.0,0.941,0.942,1047902000.0,986075782,986075782,2026-09-09,2026-09-09 14:20:50+08:00
158008,新能源电池ETF华夏,0.94,0.9387,-0.14,-0.004,-0.42,60076.0,5625799.706,0.942,0.946,0.931,0.944,1.59,2.46,0.68,-20.35,23494.0,36582.0,-762144.0,-13.55,-585174.0,-10.4,-176970.0,-3.15,161869.0,2.88,600276.0,10.67,-266.0,0.939,0.94,244413126.0,229748338,229748338,2026-09-09,2026-09-09 14:21:30+08:00
512870,杭州湾区ETF南华,1.438,1.4426,0.32,-0.006,-0.42,848.0,122473.0,1.44,1.445,1.436,1.444,0.62,0.38,0.59,12.88,57.0,791.0,-5457.0,-4.46,0.0,0.0,-5457.0,-4.46,18200.0,14.86,-12744.0,-10.41,-2.0,1.438,1.443,22410600.0,32226443,32226443,2026-09-09,2026-09-09 14:20:43+08:00
159571,创业板200ETF富国,1.426,1.4264,0.03,-0.006,-0.42,6422.0,918560.2,1.426,1.457,1.421,1.432,2.51,3.21,0.63,-0.3,3782.0,2640.0,40706.0,4.43,0.0,0.0,40706.0,4.43,-23903.0,-2.6,-16803.0,-1.83,12.0,1.425,1.428,19981814.0,28494067,28494067,2026-09-09,2026-09-09 14:21:18+08:00
512450,畜牧养殖ETF广发,0.949,0.9497,0.07,-0.004,-0.42,23857.0,2268214.0,0.951,0.958,0.946,0.953,1.26,2.37,0.48,11.14,13136.0,10721.0,-6595.0,-0.29,0.0,0.0,-6595.0,-0.29,12680.0,0.56,-6087.0,-0.27,1.0,0.948,0.949,100867000.0,95722783,95722783,2026-09-09,2026-09-09 14:20:48+08:00
159536,中证2000ETF汇添富,1.41,1.415,0.35,-0.006,-0.42,93062.0,13164296.1,1.418,1.422,1.403,1.416,1.34,18.15,1.24,-16.11,26699.0,66363.0,-2737145.0,-20.79,952169.0,7.23,-3689314.0,-28.03,2682862.0,20.38,54283.0,0.41,-235.0,1.41,1.411,51261589.0,72278840,72278840,2026-09-09,2026-09-09 14:21:18+08:00
159549,红利低波ETF天弘,1.194,1.1944,0.03,-0.005,-0.42,66341.0,7919674.7,1.193,1.197,1.189,1.199,0.67,0.14,0.73,47.37,29746.0,36595.0,-723816.0,-9.14,773715.0,9.77,-1497531.0,-18.91,337491.0,4.26,386325.0,4.88,100.0,1.193,1.194,4768523776.0,5693617389,5693617389,2026-09-09,2026-09-09 14:21:15+08:00
159271,恒生ETF鹏华,0.953,0.9541,0.12,-0.004,-0.42,23483.0,2239231.7,0.953,0.958,0.95,0.957,0.84,0.99,0.65,11.29,15995.0,7488.0,838602.0,37.45,13490.0,0.6,825112.0,36.85,169460.0,7.57,-1008061.0,-45.02,-66.0,0.953,0.954,237386731.0,226229555,226229555,2026-09-09,2026-09-09 14:21:15+08:00
562700,汽车零部件ETF华夏,1.196,1.1962,0.02,-0.005,-0.42,117850.0,14082966.0,1.2,1.206,1.189,1.201,1.42,11.93,0.97,-2.87,60568.0,57282.0,-334825.0,-2.38,0.0,0.0,-334825.0,-2.38,102274.0,0.73,232551.0,1.65,200.0,1.195,1.196,98750000.0,118105000,118105000,2026-09-09,2026-09-09 14:20:56+08:00
563560,科技成长ETF兴业,1.191,1.1952,0.35,-0.005,-0.42,21790.0,2612387.0,1.195,1.21,1.187,1.196,1.92,3.91,0.41,3.1,10137.0,11653.0,174485.0,6.68,0.0,0.0,174485.0,6.68,-132851.0,-5.09,-41635.0,-1.59,-1.0,1.193,1.194,55769000.0,66420879,66420879,2026-09-09,2026-09-09 14:20:52+08:00
516800,智能制造ETF华宝,0.944,0.945,0.11,-0.004,-0.42,62763.0,5941798.0,0.956,0.959,0.939,0.948,2.11,3.44,0.91,2.24,28684.0,34079.0,-362594.0,-6.1,0.0,0.0,-362594.0,-6.1,220592.0,3.71,142002.0,2.39,84.0,0.943,0.944,182308000.0,172098752,172098752,2026-09-09,2026-09-09 14:21:02+08:00
563280,A50增强ETF富国,1.403,1.4078,0.34,-0.006,-0.43,12.0,1686.0,1.417,1.417,1.403,1.409,0.99,0.02,0.01,-0.06,11.0,1.0,1264.0,74.97,0.0,0.0,1264.0,74.97,0.0,0.0,-1263.0,-74.91,-1.0,1.406,1.411,5206600.0,7304860,7304860,2026-09-09,2026-09-09 14:20:54+08:00
159520,消费龙头ETF工银,0.926,0.9265,0.05,-0.004,-0.43,42790.0,3957335.6,0.93,0.93,0.922,0.93,0.86,2.83,0.88,6.75,19956.0,22834.0,-22323.0,-0.56,-3794.0,-0.1,-18529.0,-0.47,101950.0,2.58,-79627.0,-2.01,-182.0,0.926,0.927,151177649.0,139990503,139990503,2026-09-09,2026-09-09 14:21:18+08:00
562870,证券ETF嘉实,0.92,0.9185,-0.16,-0.004,-0.43,53920.0,4953349.0,0.924,0.924,0.916,0.924,0.87,0.92,0.55,8.36,24336.0,29584.0,-503333.0,-10.16,706044.0,14.25,-1209377.0,-24.42,279994.0,5.65,223340.0,4.51,100.0,0.918,0.919,583505200.0,536824784,536824784,2026-09-09,2026-09-09 14:20:54+08:00
516130,消费龙头ETF华宝,0.687,0.6868,-0.03,-0.003,-0.43,139888.0,9577298.0,0.688,0.688,0.683,0.69,0.72,0.89,0.86,0.49,66138.0,73750.0,-116056.0,-1.21,-1041296.0,-10.87,925240.0,9.66,66524.0,0.69,49532.0,0.52,19.0,0.686,0.687,1569890000.0,1078514430,1078514430,2026-09-09,2026-09-09 14:21:01+08:00
159675,创业板增强ETF嘉实,1.392,1.3924,0.03,-0.006,-0.43,64589.0,9051569.1,1.678,1.678,1.381,1.398,21.24,9.66,1.44,5.53,33484.0,31105.0,-639058.0,-7.06,-2304040.0,-25.45,1664982.0,18.39,-72913.0,-0.81,711971.0,7.87,-9.0,1.392,1.393,66846691.0,93050594,93050594,2026-09-09,2026-09-09 14:21:12+08:00
515760,浙江国资ETF华夏,1.377,1.3813,0.31,-0.006,-0.43,8053.0,1111938.0,1.386,1.386,1.377,1.383,0.65,0.85,1.03,4.78,4764.0,3289.0,95088.0,8.55,0.0,0.0,95088.0,8.55,-27835.0,-2.5,-67253.0,-6.05,-1.0,1.379,1.381,94888100.0,130660914,130660914,2026-09-09,2026-09-09 14:20:53+08:00
513730,东南亚科技ETF华泰柏瑞,1.14,1.1597,1.7,-0.005,-0.44,52543.0,5996309.0,1.142,1.143,1.14,1.145,0.26,0.68,0.65,8.15,22052.0,30491.0,-596319.0,-9.94,86343.0,1.44,-682662.0,-11.38,-206067.0,-3.44,802386.0,13.38,-256.0,1.14,1.141,778355008.0,887324709,887324709,2026-09-09,2026-09-09 14:20:57+08:00
516640,芯片ETF富国,1.371,1.3711,0.01,-0.006,-0.44,557330.0,76875852.0,1.386,1.396,1.362,1.377,2.47,4.17,0.8,10.68,245576.0,311754.0,-5055421.0,-6.58,-2204287.0,-2.87,-2851134.0,-3.71,21053.0,0.03,5034368.0,6.55,281.0,1.37,1.371,1336482800.0,1832317919,1832317919,2026-09-09,2026-09-09 14:21:02+08:00
159325,半导体ETF南方,2.017,2.017,0.0,-0.009,-0.44,374797.0,75940076.0,2.038,2.053,2.004,2.026,2.42,6.78,0.73,56.97,157139.0,217658.0,-7601075.0,-10.01,-6961843.0,-9.17,-639232.0,-0.84,1862880.0,2.45,5738196.0,7.56,6.0,2.016,2.017,552460528.0,1114312885,1114312885,2026-09-09,2026-09-09 14:21:18+08:00
588280,科创50ETF华安,1.14,1.1397,-0.03,-0.005,-0.44,157851.0,18059087.0,1.146,1.157,1.133,1.145,2.1,3.95,0.82,25.76,75860.0,81991.0,-2037019.0,-11.28,258077.0,1.43,-2295096.0,-12.71,-28616.0,-0.16,2065635.0,11.44,18.0,1.139,1.14,400121008.0,456137949,456137949,2026-09-09,2026-09-09 14:20:54+08:00
516180,光伏ETF平安,0.675,0.6764,0.21,-0.003,-0.44,86432.0,5848036.0,0.677,0.681,0.673,0.678,1.18,5.72,1.1,19.65,46758.0,39674.0,112194.0,1.92,-369427.0,-6.32,481621.0,8.24,-214640.0,-3.67,102446.0,1.75,-1.0,0.675,0.677,150987000.0,101916225,101916225,2026-09-09,2026-09-09 14:21:03+08:00
159954,恒生中国企业ETF南方,0.91,0.9098,-0.02,-0.004,-0.44,13158.0,1197278.3,0.913,0.914,0.907,0.914,0.77,0.7,1.08,-4.09,7001.0,6157.0,-276832.0,-23.12,0.0,0.0,-276832.0,-23.12,279431.0,23.34,-2598.0,-0.22,3.0,0.909,0.91,189105083.0,172085626,172085626,2026-09-09,2026-09-09 14:21:09+08:00
159885,碳中和ETF鹏华,0.677,0.6782,0.18,-0.003,-0.44,36405.0,2464392.0,0.676,0.679,0.674,0.68,0.74,1.45,2.45,17.36,24088.0,12317.0,-1204404.0,-48.87,-477999.0,-19.4,-726405.0,-29.48,1004012.0,40.74,200394.0,8.13,80.0,0.677,0.678,250467316.0,169566373,169566373,2026-09-09,2026-09-09 14:21:03+08:00
515580,科技100ETF华泰柏瑞,1.339,1.3373,-0.13,-0.006,-0.45,6071.0,813727.0,1.34,1.348,1.332,1.345,1.19,0.2,0.18,4.82,2972.0,3099.0,-434270.0,-53.37,-167295.0,-20.56,-266975.0,-32.81,228481.0,28.08,205789.0,25.29,8.0,1.337,1.339,300031408.0,401742055,401742055,2026-09-09,2026-09-09 14:21:01+08:00
515200,创新100ETF申万菱信,2.409,2.413,0.17,-0.011,-0.45,3493.0,843425.0,2.435,2.435,2.4,2.42,1.45,0.92,0.74,22.26,2004.0,1489.0,-257358.0,-30.51,0.0,0.0,-257358.0,-30.51,215804.0,25.59,41553.0,4.93,2.0,2.406,2.414,37943200.0,91405169,91405169,2026-09-09,2026-09-09 14:20:52+08:00
588480,科创创业人工智能ETF中金,0.878,0.875,-0.34,-0.004,-0.45,30377.0,2682765.0,0.882,0.894,0.877,0.882,1.93,1.28,0.7,74.47,7666.0,22711.0,-277100.0,-10.33,0.0,0.0,-277100.0,-10.33,150718.0,5.62,126382.0,4.71,-100.0,0.878,0.88,237717000.0,208715526,208715526,2026-09-09,2026-09-09 14:20:55+08:00
159566,储能电池ETF易方达,1.754,1.7548,0.05,-0.008,-0.45,1212116.0,212226674.361,1.762,1.771,1.739,1.762,1.82,4.94,1.02,31.12,487997.0,724119.0,-19441757.0,-9.16,40421197.0,19.05,-59862954.0,-28.21,8788450.0,4.14,10653307.0,5.02,-30.0,1.754,1.755,2452739776.0,4302105567,4302105567,2026-09-09,2026-09-09 14:21:18+08:00
560210,农牧渔ETF景顺,0.892,0.8936,0.18,-0.004,-0.45,139044.0,12435785.0,0.887,0.901,0.883,0.896,2.01,2.72,0.95,-19.56,55926.0,83118.0,1753100.0,14.1,1990344.0,16.0,-237244.0,-1.91,-1238829.0,-9.96,-514272.0,-4.14,350.0,0.892,0.893,510522000.0,455385624,455385624,2026-09-09,2026-09-09 14:20:48+08:00
159172,养殖ETF汇添富,0.881,0.881,0.0,-0.004,-0.45,118729.0,10485665.8,0.881,0.889,0.878,0.885,1.24,3.18,0.76,21.85,46207.0,72522.0,1176492.0,11.22,899277.0,8.58,277215.0,2.64,-931293.0,-8.88,-245199.0,-2.34,12.0,0.88,0.881,373829296.0,329343610,329343610,2026-09-09,2026-09-09 14:21:24+08:00
589020,科创半导体设备ETF鹏华,1.114,1.1152,0.11,-0.005,-0.45,2882806.0,323380316.0,1.118,1.137,1.107,1.119,2.68,6.42,0.63,9.14,1292760.0,1590046.0,-17244103.0,-5.33,2523162.0,0.78,-19767265.0,-6.11,2937198.0,0.91,14306904.0,4.42,954.0,1.114,1.115,4492438016.0,5004575950,5004575950,2026-09-09,2026-09-09 14:20:49+08:00
589030,科创芯片设计ETF易方达,1.092,1.0932,0.11,-0.005,-0.46,609638.0,67101122.0,1.107,1.12,1.085,1.097,3.19,6.53,0.78,12.3,271625.0,338013.0,1219335.0,1.82,661375.0,0.99,557960.0,0.83,-908568.0,-1.35,-310768.0,-0.46,316.0,1.092,1.093,934077008.0,1020012093,1020012093,2026-09-09,2026-09-09 14:20:46+08:00
588990,科创芯片ETF博时,3.491,3.4933,0.07,-0.016,-0.46,74055.0,26005850.0,3.531,3.563,3.468,3.507,2.71,3.6,0.87,16.23,34285.0,39770.0,1377682.0,5.3,2198265.0,8.45,-820583.0,-3.16,-2699026.0,-10.38,1321344.0,5.08,-35.0,3.491,3.493,205745400.0,718257191,718257191,2026-09-09,2026-09-09 14:20:46+08:00
588190,科创100ETF银华,1.72,1.7213,0.08,-0.008,-0.46,251665.0,43648920.0,1.734,1.756,1.709,1.728,2.72,1.87,0.53,41.18,120408.0,131257.0,-4445494.0,-10.18,1877621.0,4.3,-6323115.0,-14.49,2790265.0,6.39,1655229.0,3.79,-70.0,1.719,1.721,1348618304.0,2319623483,2319623483,2026-09-09,2026-09-09 14:20:53+08:00
512570,证券ETF易方达,1.088,1.0882,0.02,-0.005,-0.46,689426.0,75035593.0,1.093,1.093,1.085,1.093,0.73,1.73,0.61,7.56,292171.0,397255.0,-4854124.0,-6.47,-6435920.0,-8.58,1581796.0,2.11,2188224.0,2.92,2665900.0,3.55,-20.0,1.088,1.089,3990806096.0,4341997032,4341997032,2026-09-09,2026-09-09 14:21:07+08:00
562580,可选消费ETF华夏,1.071,1.0722,0.11,-0.005,-0.46,8652.0,926596.0,1.08,1.08,1.068,1.076,1.12,2.05,0.32,-26.35,5031.0,3621.0,131523.0,14.19,0.0,0.0,131523.0,14.19,-149731.0,-16.16,18208.0,1.97,-268.0,1.071,1.072,42223300.0,45221154,45221154,2026-09-09,2026-09-09 14:20:30+08:00
588030,科创100ETF博时,1.726,1.7265,0.03,-0.008,-0.46,604523.0,104981568.0,1.745,1.761,1.714,1.734,2.71,2.65,0.69,2.04,317173.0,287350.0,-3371629.0,-3.21,-1670039.0,-1.59,-1701590.0,-1.62,906111.0,0.86,2465518.0,2.35,10.0,1.725,1.726,2279838096.0,3935000554,3935000554,2026-09-09,2026-09-09 14:20:55+08:00
589800,科创综指ETF易方达,1.513,1.515,0.13,-0.007,-0.46,345700.0,52570225.0,1.529,1.542,1.505,1.52,2.43,3.11,0.85,6.89,155207.0,190493.0,-2289091.0,-4.35,539993.0,1.03,-2829084.0,-5.38,260237.0,0.5,2028853.0,3.86,-10.0,1.513,1.514,1111988208.0,1682438159,1682438159,2026-09-09,2026-09-09 14:20:50+08:00
159618,光伏ETF华安,0.643,0.6437,0.11,-0.003,-0.46,22382.0,1440848.6,0.646,0.648,0.64,0.646,1.24,2.86,1.33,69.91,9303.0,13079.0,-153491.0,-10.65,0.0,0.0,-153491.0,-10.65,122106.0,8.47,31385.0,2.18,-1.0,0.643,0.644,78131407.0,50238495,50238495,2026-09-09,2026-09-09 14:21:09+08:00
159289,创业板综指ETF鹏华,1.071,1.0732,0.2,-0.005,-0.46,6946.0,747318.158,1.077,1.082,1.058,1.076,2.23,1.79,0.26,-1.75,5573.0,1373.0,62469.0,8.36,0.0,0.0,62469.0,8.36,-62633.0,-8.38,164.0,0.02,-14.0,1.072,1.073,38902640.0,41664727,41664727,2026-09-09,2026-09-09 14:21:15+08:00
588290,科创芯片ETF华安,1.092,1.0926,0.05,-0.005,-0.46,746889.0,82066042.0,1.107,1.115,1.085,1.097,2.73,1.5,0.61,-4.14,344192.0,402697.0,-4373977.0,-5.33,-3883184.0,-4.73,-490793.0,-0.6,1451030.0,1.77,2922948.0,3.56,20.0,1.091,1.092,4964690944.0,5421442511,5421442511,2026-09-09,2026-09-09 14:20:55+08:00
515840,食品ETF南方,1.063,1.063,0.0,-0.005,-0.47,56017.0,5940928.0,1.069,1.069,1.059,1.068,0.94,17.82,0.97,21.94,33172.0,22845.0,157572.0,2.65,647283.0,10.9,-489711.0,-8.24,-151798.0,-2.56,-5775.0,-0.1,3898.0,1.062,1.064,31426400.0,33406263,33406263,2026-09-09,2026-09-09 14:21:02+08:00
588890,科创芯片ETF南方,1.259,1.2601,0.09,-0.006,-0.47,592086.0,75123348.0,1.276,1.287,1.251,1.265,2.85,2.11,0.78,14.5,300946.0,291140.0,-576401.0,-0.77,-955822.0,-1.27,379421.0,0.51,-986861.0,-1.31,1563261.0,2.08,-550.0,1.259,1.26,2801430000.0,3527000370,3527000370,2026-09-09,2026-09-09 14:20:49+08:00
159368,创业板新能源ETF华夏,0.629,0.6284,-0.1,-0.003,-0.47,1981360.0,124244243.8,0.635,0.635,0.622,0.632,2.06,20.93,0.82,14.83,1029103.0,952257.0,-1872760.0,-1.51,-12453817.0,-10.02,10581057.0,8.52,334216.0,0.27,1538544.0,1.24,2000.0,0.628,0.629,946579680.0,595398619,595398619,2026-09-09,2026-09-09 14:21:18+08:00
588380,科创创业ETF富国,1.068,1.0691,0.1,-0.005,-0.47,593262.0,63565198.0,1.082,1.087,1.061,1.073,2.42,2.17,0.88,11.71,248811.0,344451.0,-464382.0,-0.73,-2812076.0,-4.42,2347694.0,3.69,-1529141.0,-2.41,1993523.0,3.14,-896.0,1.068,1.069,2735770000.0,2921802360,2921802360,2026-09-09,2026-09-09 14:20:55+08:00
159541,创业板综ETF万家,1.497,1.4981,0.07,-0.007,-0.47,45738.0,6850039.5,1.497,1.515,1.489,1.504,1.73,7.08,1.07,8.12,20265.0,25473.0,147383.0,2.15,0.0,0.0,147383.0,2.15,-159192.0,-2.32,11808.0,0.17,-33.0,1.497,1.499,64593326.0,96696209,96696209,2026-09-09,2026-09-09 14:21:18+08:00
588110,科创成长ETF广发,0.623,0.6231,0.02,-0.003,-0.48,534569.0,33522395.0,0.632,0.637,0.618,0.626,3.04,5.33,0.68,7.96,238723.0,295846.0,-2847450.0,-8.49,-2565853.0,-7.65,-281597.0,-0.84,2133629.0,6.36,713822.0,2.13,-443.0,0.623,0.624,1003032000.0,624888936,624888936,2026-09-09,2026-09-09 14:20:48+08:00
561020,食品ETF招商,1.047,1.0482,0.11,-0.005,-0.48,41137.0,4305860.0,1.052,1.052,1.044,1.052,0.76,14.68,1.25,-2.33,15861.0,25276.0,532873.0,12.38,0.0,0.0,532873.0,12.38,-531387.0,-12.34,-1486.0,-0.03,-110.0,1.047,1.048,28022200.0,29339243,29339243,2026-09-09,2026-09-09 14:20:54+08:00
159307,红利低波100ETF博时,1.031,1.0336,0.25,-0.005,-0.48,3796194.0,391857932.6,1.036,1.036,1.029,1.036,0.68,5.41,4.91,12.97,830909.0,2965285.0,-24350387.0,-6.21,232955948.0,59.45,-257306335.0,-65.66,18022581.0,4.6,6327810.0,1.61,-17454.0,1.031,1.032,7014903552.0,7232365562,7232365562,2026-09-09,2026-09-09 14:21:18+08:00
589190,科创芯片ETF华宝,0.608,0.6081,0.02,-0.003,-0.49,401305.0,24536193.0,0.617,0.62,0.604,0.611,2.62,1.09,0.31,-10.64,200013.0,201292.0,-1224095.0,-4.99,-727176.0,-2.96,-496919.0,-2.03,271041.0,1.1,953054.0,3.88,5.0,0.607,0.608,3685562000.0,2240821696,2240821696,2026-09-09,2026-09-09 14:20:50+08:00
159052,新能源电池ETF嘉实,0.809,0.8075,-0.19,-0.004,-0.49,36170.0,2917399.836,0.813,0.815,0.802,0.813,1.6,1.84,1.03,12.61,14351.0,21819.0,-586372.0,-20.1,-504440.0,-17.29,-81932.0,-2.81,209433.0,7.18,376938.0,12.92,10.0,0.808,0.809,196926092.0,159313208,159313208,2026-09-09,2026-09-09 14:21:30+08:00
588720,科创50ETF中银,1.616,1.6164,0.02,-0.008,-0.49,23697.0,3843178.0,1.636,1.64,1.606,1.624,2.09,2.16,0.39,-2.67,11062.0,12635.0,285040.0,7.42,-39958.0,-1.04,324998.0,8.46,-484856.0,-12.62,199816.0,5.2,-35.0,1.615,1.616,109741800.0,177342749,177342749,2026-09-09,2026-09-09 14:20:37+08:00
512930,AI人工智能ETF平安,0.609,0.6082,-0.13,-0.003,-0.49,1189437.0,72813801.0,0.617,0.622,0.605,0.612,2.78,2.44,0.92,35.09,471174.0,718263.0,-7974459.0,-10.95,-9372487.0,-12.87,1398028.0,1.92,4696961.0,6.45,3277498.0,4.5,7.0,0.608,0.609,4876521216.0,2969801421,2969801421,2026-09-09,2026-09-09 14:21:06+08:00
159149,创业板新能源ETF工银,0.809,0.8079,-0.14,-0.004,-0.49,60632.0,4880320.009,0.808,0.811,0.8,0.813,1.35,10.54,1.07,15.12,26914.0,33718.0,-137984.0,-2.83,-43340.0,-0.89,-94644.0,-1.94,53961.0,1.11,84024.0,1.72,-320.0,0.808,0.809,57515298.0,46529876,46529876,2026-09-09,2026-09-09 14:21:21+08:00
516760,养殖ETF平安,0.614,0.6144,0.07,-0.003,-0.49,70157.0,4319660.0,0.614,0.621,0.612,0.617,1.46,2.52,0.73,4.93,30852.0,39305.0,25669.0,0.59,584519.0,13.53,-558850.0,-12.94,34320.0,0.79,-59988.0,-1.39,800.0,0.613,0.614,278215104.0,170824074,170824074,2026-09-09,2026-09-09 14:21:01+08:00
561130,国货ETF富国,1.016,1.0158,-0.02,-0.005,-0.49,87845.0,8911436.0,1.019,1.019,1.01,1.021,0.88,10.22,1.06,-0.13,47910.0,39935.0,779737.0,8.75,0.0,0.0,779737.0,8.75,-723623.0,-8.12,-56114.0,-0.63,1.0,1.015,1.016,85935200.0,87310163,87310163,2026-09-09,2026-09-09 14:20:56+08:00
159965,央视50ETF国联,1.621,1.624,0.18,-0.008,-0.49,207.0,33581.1,1.624,1.629,1.62,1.629,0.55,0.1,0.15,0.29,110.0,97.0,5189.0,15.45,0.0,0.0,5189.0,15.45,162.0,0.48,-5351.0,-15.93,-4.0,1.622,1.624,21426953.0,34733091,34733091,2026-09-09,2026-09-09 14:21:09+08:00
159850,恒生国企ETF华夏,0.805,0.8068,0.22,-0.004,-0.49,40113.0,3233118.61,0.807,0.809,0.802,0.809,0.87,0.96,0.8,13.5,14455.0,25658.0,-9304.0,-0.29,807000.0,24.96,-816304.0,-25.25,-139138.0,-4.3,148442.0,4.59,-134.0,0.805,0.806,416706496.0,335448729,335448729,2026-09-09,2026-09-09 14:21:09+08:00
159788,港股通100ETF易方达,1.208,1.2075,-0.04,-0.006,-0.49,14361.0,1734070.4,1.215,1.215,1.204,1.214,0.91,2.04,0.17,18.43,8443.0,5918.0,-140161.0,-8.08,0.0,0.0,-140161.0,-8.08,65811.0,3.8,74350.0,4.29,-80.0,1.207,1.208,70424965.0,85073358,85073358,2026-09-09,2026-09-09 14:21:09+08:00
589260,科创芯片设计ETF国泰,1.188,1.1884,0.03,-0.006,-0.5,53079.0,6335061.0,1.205,1.216,1.18,1.194,3.02,6.02,0.81,2.58,25321.0,27758.0,-163450.0,-2.58,117483.0,1.85,-280933.0,-4.43,165985.0,2.62,-2535.0,-0.04,210.0,1.187,1.189,88156000.0,104729328,104729328,2026-09-09,2026-09-09 14:20:44+08:00
515560,证券ETF建信,0.993,0.9938,0.08,-0.005,-0.5,96138.0,9547570.0,0.997,0.997,0.991,0.998,0.6,5.09,0.83,15.37,55405.0,40733.0,-305803.0,-3.2,-497295.0,-5.21,191492.0,2.01,229634.0,2.41,76170.0,0.8,-15.0,0.993,0.994,188883300.0,187561117,187561117,2026-09-09,2026-09-09 14:21:03+08:00
520780,港股通汽车ETF华宝,0.793,0.7917,-0.16,-0.004,-0.5,101675.0,8066080.0,0.793,0.797,0.79,0.797,0.88,25.77,0.46,-11.02,52752.0,48923.0,-141455.0,-1.75,533689.0,6.62,-675144.0,-8.37,101920.0,1.26,39535.0,0.49,25.0,0.793,0.794,39460000.0,31291780,31291780,2026-09-09,2026-09-09 14:20:58+08:00
588660,科创创业50ETF兴银,1.741,1.7457,0.27,-0.009,-0.51,13253.0,2321002.0,1.764,1.768,1.734,1.75,1.94,3.46,0.6,8.08,6407.0,6846.0,-286824.0,-12.36,0.0,0.0,-286824.0,-12.36,9642.0,0.42,277182.0,11.94,38.0,1.743,1.746,38344000.0,66756904,66756904,2026-09-09,2026-09-09 14:20:49+08:00
159726,港股通高股息ETF华夏,1.376,1.3796,0.26,-0.007,-0.51,19436.0,2669836.9,1.377,1.383,1.368,1.383,1.08,0.78,0.69,10.97,6179.0,13257.0,124509.0,4.66,675655.0,25.31,-551146.0,-20.64,-151570.0,-5.68,27060.0,1.01,-22.0,1.376,1.378,247911380.0,341126059,341126059,2026-09-09,2026-09-09 14:21:09+08:00
159288,创业板综ETF银华,0.979,0.9826,0.37,-0.005,-0.51,4512.0,443166.7,0.99,0.99,0.977,0.984,1.32,0.49,0.17,-5.31,583.0,3929.0,-104299.0,-23.53,0.0,0.0,-104299.0,-23.53,100155.0,22.6,4142.0,0.93,-5.0,0.981,0.982,92174931.0,90239257,90239257,2026-09-09,2026-09-09 14:21:15+08:00
513900,港股通100ETF华安,0.983,0.9902,0.73,-0.005,-0.51,13183.0,1297441.0,0.983,0.987,0.982,0.988,0.51,1.47,0.19,4.92,3795.0,9388.0,127321.0,9.81,0.0,0.0,127321.0,9.81,-121516.0,-9.37,-5806.0,-0.45,-5.0,0.983,0.985,89978000.0,88448374,88448374,2026-09-09,2026-09-09 14:21:00+08:00
159841,证券ETF天弘,0.98,0.9805,0.05,-0.005,-0.51,1199433.0,117593233.96,0.983,0.984,0.978,0.985,0.61,1.01,0.5,22.8,444018.0,755415.0,-24299632.0,-20.66,-21335721.0,-18.14,-2963911.0,-2.52,14808964.0,12.59,9490668.0,8.07,-1204.0,0.98,0.981,11934438400.0,11695749632,11695749632,2026-09-09,2026-09-09 14:21:12+08:00
159533,中证2000ETF博时,1.96,1.9637,0.19,-0.01,-0.51,31229.0,6123174.3,1.969,1.979,1.953,1.97,1.32,23.2,1.2,0.83,13716.0,17513.0,223802.0,3.66,0.0,0.0,223802.0,3.66,-188771.0,-3.08,-35030.0,-0.57,100.0,1.962,1.964,13458785.0,26379219,26379219,2026-09-09,2026-09-09 14:21:03+08:00
516350,芯片ETF易方达,1.55,1.5507,0.05,-0.008,-0.51,507323.0,79101172.0,1.569,1.579,1.541,1.558,2.44,3.6,0.84,15.2,199772.0,307551.0,-2783738.0,-3.52,2300064.0,2.91,-5083802.0,-6.43,-549636.0,-0.69,3333374.0,4.21,-137.0,1.55,1.551,1410415296.0,2186143709,2186143709,2026-09-09,2026-09-09 14:21:02+08:00
516730,证券ETF浦银,0.98,0.9809,0.09,-0.005,-0.51,21595.0,2116134.0,0.98,0.983,0.979,0.985,0.41,0.95,1.44,-2.39,11253.0,10342.0,-519162.0,-24.53,-746250.0,-35.26,227088.0,10.73,470704.0,22.24,48458.0,2.29,187.0,0.98,0.982,226880800.0,222343184,222343184,2026-09-09,2026-09-09 14:21:00+08:00
159305,储能电池ETF广发,0.784,0.7842,0.03,-0.004,-0.51,295340.0,23144426.5,0.788,0.791,0.777,0.788,1.78,2.47,1.08,6.04,133354.0,161986.0,-4490982.0,-19.4,-2668761.0,-11.53,-1822221.0,-7.87,2774353.0,11.99,1716629.0,7.42,860.0,0.783,0.784,1196640304.0,938165998,938165998,2026-09-09,2026-09-09 14:21:18+08:00
159623,成渝经济圈ETF博时,0.966,0.9662,0.02,-0.005,-0.51,25259.0,2440521.492,0.962,0.969,0.961,0.971,0.82,0.08,0.85,33.79,13570.0,11689.0,119505.0,4.9,329802.0,13.51,-210297.0,-8.62,-196998.0,-8.07,77492.0,3.18,-65.0,0.965,0.966,3089271696.0,2984236458,2984236458,2026-09-09,2026-09-09 14:21:03+08:00
159020,养殖ETF易方达,0.964,0.9652,0.12,-0.005,-0.52,46374.0,4482093.605,0.968,0.974,0.961,0.969,1.34,4.01,0.55,11.71,14870.0,31504.0,321219.0,7.17,791039.0,17.65,-469820.0,-10.48,-186168.0,-4.15,-135052.0,-3.01,-23.0,0.964,0.965,115567082.0,111406667,111406667,2026-09-09,2026-09-09 14:21:33+08:00
513750,港股通非银ETF广发,1.542,1.5442,0.14,-0.008,-0.52,2916306.0,450485256.0,1.544,1.553,1.532,1.55,1.35,3.65,0.85,-0.89,1333599.0,1582707.0,-13900942.0,-3.09,10967899.0,2.43,-24868841.0,-5.52,2611094.0,0.58,11289848.0,2.51,2.0,1.541,1.542,7991337984.0,12322643171,12322643171,2026-09-09,2026-09-09 14:21:04+08:00
159027,畜牧养殖ETF大成,0.958,0.9592,0.13,-0.005,-0.52,42357.0,4067700.106,0.961,0.967,0.956,0.963,1.14,3.87,0.78,5.93,13077.0,29280.0,315969.0,7.77,795874.0,19.57,-479905.0,-11.8,-212283.0,-5.22,-103686.0,-2.55,-1800.0,0.958,0.959,109472283.0,104874447,104874447,2026-09-09,2026-09-09 14:21:30+08:00
560420,食品ETF前海开源,0.962,0.9636,0.17,-0.005,-0.52,10756.0,1034965.0,0.966,0.967,0.958,0.967,0.93,0.84,0.59,-15.82,5927.0,4829.0,98793.0,9.55,0.0,0.0,98793.0,9.55,-54547.0,-5.27,-44246.0,-4.28,29.0,0.961,0.962,128780200.0,123886552,123886552,2026-09-09,2026-09-09 14:20:55+08:00
159535,中证2000ETF嘉实,1.519,1.5247,0.37,-0.008,-0.52,83620.0,12753708.1,1.52,1.532,1.514,1.527,1.18,34.87,1.66,21.62,42620.0,41000.0,76947.0,0.6,-1389696.0,-10.9,1466643.0,11.5,-190400.0,-1.49,113454.0,0.89,-1.0,1.519,1.521,23981088.0,36427273,36427273,2026-09-09,2026-09-09 14:21:18+08:00
159819,人工智能ETF易方达,1.718,1.7174,-0.03,-0.009,-0.52,1265270.0,218849475.026,1.74,1.752,1.707,1.727,2.61,1.04,0.79,-2.07,520704.0,744566.0,-7513600.0,-3.43,9692292.0,4.43,-17205892.0,-7.86,-340970.0,-0.16,7854569.0,3.59,-282.0,1.717,1.718,12137229568.0,20851760398,20851760398,2026-09-09,2026-09-09 14:21:12+08:00
159810,创业板ETF浦银,1.347,1.3502,0.24,-0.007,-0.52,19464.0,2632440.3,1.364,1.366,1.341,1.354,1.85,3.39,0.84,-7.48,6371.0,13093.0,165290.0,6.28,0.0,0.0,165290.0,6.28,5109.0,0.19,-170399.0,-6.47,-3.0,1.35,1.351,57475458.0,77419442,77419442,2026-09-09,2026-09-09 14:21:09+08:00
159310,芯片ETF天弘,2.678,2.6783,0.01,-0.014,-0.52,63825.0,17196526.6,2.714,2.729,2.661,2.692,2.53,1.27,1.14,-9.07,23576.0,40249.0,-1553854.0,-9.04,0.0,0.0,-1553854.0,-9.04,862421.0,5.02,691432.0,4.02,-8.0,2.678,2.68,503981088.0,1349661354,1349661354,2026-09-09,2026-09-09 14:21:18+08:00
588360,科创创业ETF国泰,1.142,1.1437,0.15,-0.006,-0.52,179511.0,20595615.0,1.154,1.16,1.135,1.148,2.18,8.09,0.99,3.8,79234.0,100277.0,-276749.0,-1.34,-266226.0,-1.29,-10523.0,-0.05,-113317.0,-0.55,390066.0,1.89,-798.0,1.142,1.144,221881800.0,253389016,253389016,2026-09-09,2026-09-09 14:20:50+08:00
159007,养殖ETF华泰柏瑞,0.932,0.9324,0.04,-0.005,-0.53,213732.0,19966591.7,0.935,0.942,0.929,0.937,1.39,11.39,1.4,8.87,82769.0,130963.0,2015255.0,10.09,1480215.0,7.41,535040.0,2.68,-1721194.0,-8.62,-294060.0,-1.47,10.0,0.931,0.932,187603274.0,174846251,174846251,2026-09-09,2026-09-09 14:21:33+08:00
510680,上证50ETF万家,3.175,3.1856,0.33,-0.017,-0.53,4079.0,1298281.0,3.178,3.187,3.175,3.192,0.38,2.11,0.49,2.73,3544.0,535.0,-80161.0,-6.17,0.0,0.0,-80161.0,-6.17,79873.0,6.15,286.0,0.02,-1.0,3.186,3.189,19324700.0,61355923,61355923,2026-09-09,2026-09-09 14:21:11+08:00
589290,科创芯片设计ETF汇添富,0.754,0.7552,0.16,-0.004,-0.53,98655.0,7501320.0,0.762,0.773,0.75,0.758,3.03,6.67,1.0,19.59,39484.0,59171.0,-236050.0,-3.15,548058.0,7.31,-784108.0,-10.45,174889.0,2.33,61162.0,0.82,3.0,0.753,0.755,147848900.0,111478071,111478071,2026-09-09,2026-09-09 14:20:50+08:00
159033,粮食ETF国泰,1.116,1.1168,0.07,-0.006,-0.53,383841.0,42828856.772,1.1,1.142,1.099,1.122,3.83,36.79,1.18,15.08,195183.0,188658.0,3295233.0,7.69,-146013.0,-0.34,3441246.0,8.03,-2690745.0,-6.28,-604488.0,-1.41,-1.0,1.116,1.117,104323473.0,116424996,116424996,2026-09-09,2026-09-09 14:21:33+08:00
589630,科创综指ETF国泰,0.748,0.7483,0.04,-0.004,-0.53,335334.0,25208038.0,0.759,0.762,0.743,0.752,2.53,9.77,1.2,7.73,160626.0,174708.0,431549.0,1.71,1065002.0,4.22,-633453.0,-2.51,-497874.0,-1.98,66324.0,0.26,-3000.0,0.747,0.749,343258000.0,256756984,256756984,2026-09-09,2026-09-09 14:20:50+08:00
562590,半导体设备ETF华夏,0.942,0.9427,0.07,-0.005,-0.53,2802440.0,265547289.0,0.952,0.96,0.936,0.947,2.53,3.08,0.79,15.13,1031246.0,1771194.0,-36879736.0,-13.89,-16781846.0,-6.32,-20097890.0,-7.57,18463133.0,6.95,18416604.0,6.94,-500.0,0.942,0.943,9085989120.0,8559001751,8559001751,2026-09-09,2026-09-09 14:20:55+08:00
513210,恒生ETF易方达,1.492,1.4968,0.32,-0.008,-0.53,15006.0,2239967.0,1.503,1.503,1.488,1.5,1.0,3.76,0.57,1.37,6778.0,8228.0,116052.0,5.18,0.0,0.0,116052.0,5.18,-163268.0,-7.29,47215.0,2.11,1500.0,1.493,1.494,39942000.0,59593464,59593464,2026-09-09,2026-09-09 14:21:02+08:00
562900,农业ETF易方达,0.746,0.7468,0.11,-0.004,-0.53,192076.0,14359115.0,0.745,0.754,0.742,0.75,1.6,8.18,0.8,9.64,96293.0,95783.0,1466492.0,10.21,1688876.0,11.76,-222384.0,-1.55,-1068006.0,-7.44,-398485.0,-2.78,62.0,0.745,0.746,234706300.0,175090900,175090900,2026-09-09,2026-09-09 14:20:55+08:00
588950,科创50ETF景顺,1.658,1.6591,0.07,-0.009,-0.54,226541.0,37700453.0,1.676,1.683,1.649,1.667,2.04,3.12,0.59,2.25,98236.0,128305.0,-5117516.0,-13.57,-484815.0,-1.29,-4632701.0,-12.29,-1599481.0,-4.24,6716995.0,17.82,5.0,1.658,1.659,725729696.0,1203259836,1203259836,2026-09-09,2026-09-09 14:20:49+08:00
159011,养殖ETF华安,1.115,1.1164,0.13,-0.006,-0.54,37672.0,4220086.808,1.122,1.127,1.113,1.121,1.25,14.77,0.84,8.88,19065.0,18607.0,-115368.0,-2.73,0.0,0.0,-115368.0,-2.73,93395.0,2.21,21974.0,0.52,4.0,1.115,1.117,25505168.0,28438262,28438262,2026-09-09,2026-09-09 14:21:33+08:00
560990,科技先锋ETF中金,1.105,1.1071,0.19,-0.006,-0.54,13002.0,1443209.0,1.133,1.149,1.1,1.111,4.41,8.56,1.94,0.25,1873.0,11129.0,-261184.0,-18.1,-951730.0,-65.95,690546.0,47.85,222043.0,15.39,39139.0,2.71,1.0,1.105,1.107,15187100.0,16781746,16781746,2026-09-09,2026-09-09 14:20:55+08:00
159165,养殖ETF永赢,0.914,0.9153,0.14,-0.005,-0.54,48942.0,4483497.8,0.915,0.924,0.911,0.919,1.41,4.73,0.55,14.04,23495.0,25447.0,380505.0,8.49,0.0,0.0,380505.0,8.49,-375508.0,-8.38,-4997.0,-0.11,-1408.0,0.913,0.914,103571257.0,94664129,94664129,2026-09-09,2026-09-09 14:21:21+08:00
588200,科创芯片ETF嘉实,1.115,1.1154,0.04,-0.006,-0.54,13700595.0,1537490734.0,1.129,1.138,1.107,1.121,2.77,3.16,0.73,29.66,6324668.0,7375926.0,-102402080.0,-6.66,-79295568.0,-5.16,-23106512.0,-1.5,39268006.0,2.55,63232546.0,4.11,1463.0,1.114,1.115,43292684288.0,48271342981,48271342981,2026-09-09,2026-09-09 14:20:53+08:00
159546,集成电路ETF国泰,0.743,0.7425,-0.07,-0.004,-0.54,417625.0,31184863.57,0.749,0.759,0.737,0.747,2.95,5.46,0.82,8.91,196500.0,221125.0,-2412394.0,-7.74,537783.0,1.72,-2950177.0,-9.46,-638428.0,-2.05,3050822.0,9.78,141.0,0.742,0.743,764927824.0,568341373,568341373,2026-09-09,2026-09-09 14:21:09+08:00
589350,科创芯片设计ETF银华,0.734,0.7337,-0.04,-0.004,-0.54,158287.0,11704724.0,0.738,0.751,0.728,0.738,3.12,6.53,0.95,17.62,65820.0,92467.0,-387009.0,-3.31,-778254.0,-6.65,391245.0,3.34,-177010.0,-1.51,564018.0,4.82,50.0,0.732,0.734,242281500.0,177834621,177834621,2026-09-09,2026-09-09 14:20:50+08:00
159995,芯片ETF华夏,1.1,1.1006,0.05,-0.006,-0.54,3398529.0,376107973.0,1.114,1.12,1.093,1.106,2.44,1.38,0.67,9.19,1293507.0,2105022.0,-47061324.0,-12.51,-52923724.0,-14.07,5862400.0,1.56,19667803.0,5.23,27393520.0,7.28,-3456.0,1.1,1.101,24661126144.0,27127238758,27127238758,2026-09-09,2026-09-09 14:21:09+08:00
159532,中证2000ETF易方达,1.67,1.6721,0.13,-0.009,-0.54,164748.0,27565931.0,1.678,1.682,1.662,1.679,1.19,10.2,0.82,-0.33,73019.0,91729.0,-733606.0,-2.66,-1339340.0,-4.86,605734.0,2.2,-3357931.0,-12.18,4091537.0,14.84,-1.0,1.67,1.671,161564791.0,269813201,269813201,2026-09-09,2026-09-09 14:21:15+08:00
515650,消费50ETF富国,1.076,1.0775,0.14,-0.006,-0.55,541605.0,58205014.0,1.08,1.08,1.072,1.082,0.74,1.74,1.32,84.91,150740.0,390865.0,26768170.0,45.99,23473057.0,40.33,3295113.0,5.66,-23579301.0,-40.51,-3173052.0,-5.45,-147.0,1.076,1.077,3117184000.0,3354089984,3354089984,2026-09-09,2026-09-09 14:21:01+08:00
512330,信息科技ETF南方,1.815,1.8137,-0.07,-0.01,-0.55,20248.0,3699061.0,1.824,1.85,1.803,1.825,2.58,0.57,0.57,11.33,9460.0,10788.0,-492033.0,-13.3,0.0,0.0,-492033.0,-13.3,306830.0,8.29,185204.0,5.01,7.0,1.811,1.815,355188000.0,644666220,644666220,2026-09-09,2026-09-09 14:21:06+08:00
588090,科创50ETF华泰柏瑞,1.63,1.6307,0.04,-0.009,-0.55,495012.0,80899833.0,1.648,1.655,1.619,1.639,2.2,1.63,0.77,22.49,213203.0,281809.0,-18424523.0,-22.77,-13825187.0,-17.09,-4599336.0,-5.69,6793316.0,8.4,11631207.0,14.38,127.0,1.629,1.63,3042072800.0,4958578664,4958578664,2026-09-09,2026-09-09 14:20:55+08:00
588080,科创50ETF易方达,1.621,1.6213,0.02,-0.009,-0.55,5955417.0,969146414.0,1.639,1.647,1.611,1.63,2.21,2.32,0.84,23.09,2655621.0,3299796.0,-164305136.0,-16.95,-169551808.0,-17.49,5246672.0,0.54,72204562.0,7.45,92075771.0,9.5,203.0,1.62,1.621,25642628096.0,41566700144,41566700144,2026-09-09,2026-09-09 14:20:53+08:00
560220,中证2000ETF广发,1.451,1.4539,0.2,-0.008,-0.55,18477.0,2689329.0,1.457,1.462,1.447,1.459,1.03,3.04,0.43,3.0,7199.0,11278.0,-290075.0,-10.79,0.0,0.0,-290075.0,-10.79,-109975.0,-4.09,400049.0,14.88,-1.0,1.453,1.455,60717000.0,88100367,88100367,2026-09-09,2026-09-09 14:20:55+08:00
520960,恒指港股通ETF嘉实,0.908,0.9075,-0.06,-0.005,-0.55,6338.0,575951.0,0.914,0.914,0.908,0.913,0.66,1.25,0.41,3.85,2913.0,3425.0,-12479.0,-2.17,0.0,0.0,-12479.0,-2.17,36562.0,6.35,-24083.0,-4.18,-300.0,0.908,0.909,50603400.0,45947887,45947887,2026-09-09,2026-09-09 14:20:46+08:00
561370,中证2000ETF国泰,1.44,1.4441,0.28,-0.008,-0.55,7189.0,1038681.0,1.449,1.453,1.437,1.448,1.1,2.22,0.49,-2.95,1494.0,5695.0,-18392.0,-1.77,0.0,0.0,-18392.0,-1.77,-93641.0,-9.02,112032.0,10.79,-6.0,1.441,1.443,32356000.0,46592640,46592640,2026-09-09,2026-09-09 14:20:41+08:00
159801,芯片ETF广发,1.092,1.0918,-0.02,-0.006,-0.55,891316.0,98038769.418,1.112,1.114,1.085,1.098,2.64,1.94,0.8,32.52,356353.0,534963.0,-14797327.0,-15.09,-4703387.0,-4.8,-10093940.0,-10.3,7297750.0,7.44,7499576.0,7.65,-42.0,1.091,1.092,4595120128.0,5017871180,5017871180,2026-09-09,2026-09-09 14:21:12+08:00
588330,双创50ETF华宝,1.064,1.0651,0.1,-0.006,-0.56,285899.0,30517380.0,1.075,1.081,1.057,1.07,2.24,2.41,0.7,27.18,122579.0,163320.0,-1278115.0,-4.19,539266.0,1.77,-1817381.0,-5.96,-785731.0,-2.57,2063846.0,6.76,-5.0,1.064,1.065,1187737808.0,1263753028,1263753028,2026-09-09,2026-09-09 14:20:53+08:00
159665,半导体龙头ETF工银,2.326,2.3266,0.03,-0.013,-0.56,120451.0,28133727.2,2.356,2.371,2.312,2.339,2.52,4.79,0.82,28.73,58967.0,61484.0,-1530232.0,-5.44,0.0,0.0,-1530232.0,-5.44,855295.0,3.04,674938.0,2.4,-200.0,2.325,2.327,251576860.0,585167776,585167776,2026-09-09,2026-09-09 14:21:12+08:00
515480,红利低波100ETF南方,1.068,1.0698,0.17,-0.006,-0.56,21898.0,2338889.0,1.07,1.072,1.065,1.074,0.65,9.38,0.66,-6.77,7035.0,14863.0,-28544.0,-1.22,-556186.0,-23.78,527642.0,22.56,32894.0,1.41,-4351.0,-0.19,20.0,1.068,1.07,23340700.0,24927868,24927868,2026-09-09,2026-09-09 14:20:57+08:00
159582,半导体ETF博时,0.715,0.7148,-0.03,-0.004,-0.56,690435.0,49540282.9,0.724,0.728,0.711,0.719,2.36,6.22,0.73,15.63,334805.0,355630.0,-8805551.0,-17.77,1913457.0,3.86,-10719008.0,-21.64,-60797.0,-0.12,8866347.0,17.9,-384.0,0.715,0.716,1110608112.0,794084800,794084800,2026-09-09,2026-09-09 14:21:12+08:00
588040,科创50ETF鹏华,1.612,1.6119,-0.01,-0.009,-0.56,93239.0,15066781.0,1.639,1.639,1.601,1.621,2.34,6.67,1.08,-8.49,34350.0,58889.0,-1392931.0,-9.25,-865080.0,-5.74,-527851.0,-3.5,-1161299.0,-7.71,2554229.0,16.95,1.0,1.61,1.611,139889000.0,225501068,225501068,2026-09-09,2026-09-09 14:20:56+08:00
159813,半导体ETF鹏华,0.705,0.7051,0.01,-0.004,-0.56,2127989.0,150890420.482,0.714,0.718,0.701,0.709,2.4,2.32,0.73,58.88,824821.0,1303168.0,-25309731.0,-16.77,-9621708.0,-6.38,-15688023.0,-10.4,12869796.0,8.53,12439935.0,8.24,-30.0,0.705,0.706,9173724928.0,6467476074,6467476074,2026-09-09,2026-09-09 14:21:12+08:00
159558,半导体设备ETF易方达,1.046,1.0466,0.06,-0.006,-0.57,8068325.0,848348982.389,1.059,1.066,1.04,1.052,2.47,4.22,0.81,28.05,3343154.0,4725171.0,-16703486.0,-1.97,72350386.0,8.53,-89053872.0,-10.5,-16006356.0,-1.89,32709849.0,3.86,6.0,1.045,1.046,19130563840.0,20010569777,20010569777,2026-09-09,2026-09-09 14:21:18+08:00
588210,科创100ETF易方达,1.738,1.74,0.11,-0.01,-0.57,55119.0,9655505.0,1.757,1.775,1.728,1.748,2.69,2.22,0.77,41.44,22873.0,32246.0,-971520.0,-10.06,0.0,0.0,-971520.0,-10.06,674342.0,6.98,297178.0,3.08,211.0,1.738,1.739,248254000.0,431465452,431465452,2026-09-09,2026-09-09 14:20:54+08:00
159387,创业板新能源ETF国泰,0.693,0.6931,0.01,-0.004,-0.57,2781337.0,192414596.2,0.696,0.696,0.686,0.697,1.43,24.24,0.88,11.09,1528116.0,1253221.0,-2148172.0,-1.12,-15329323.0,-7.97,13181151.0,6.85,1274640.0,0.66,873532.0,0.45,-1442.0,0.693,0.694,1147189648.0,795002426,795002426,2026-09-09,2026-09-09 14:21:18+08:00
588880,科创100ETF华泰柏瑞,1.714,1.7166,0.15,-0.01,-0.58,23916.0,4125489.0,1.71,1.75,1.704,1.724,2.67,2.09,0.74,31.06,12390.0,11526.0,-277001.0,-6.71,57639.0,1.4,-334640.0,-8.11,184275.0,4.47,92724.0,2.25,-360.0,1.713,1.716,114368000.0,196026752,196026752,2026-09-09,2026-09-09 14:20:46+08:00
159248,人工智能ETF万家,1.718,1.718,0.0,-0.01,-0.58,38225.0,6606290.0,1.752,1.752,1.708,1.728,2.55,2.89,0.68,53.9,14174.0,24051.0,-562591.0,-8.52,-953426.0,-14.43,390835.0,5.92,11905.0,0.18,550687.0,8.34,81.0,1.716,1.718,132095652.0,226940330,226940330,2026-09-09,2026-09-09 14:21:18+08:00
159617,中证500价值ETF华夏,1.365,1.3722,0.52,-0.008,-0.58,10487.0,1434894.83,1.381,1.4,1.362,1.373,2.77,3.45,1.22,-4.51,2922.0,7565.0,91430.0,6.37,0.0,0.0,91430.0,6.37,-69897.0,-4.87,-21533.0,-1.5,-190.0,1.37,1.372,30418382.0,41521091,41521091,2026-09-09,2026-09-09 14:21:09+08:00
589250,科创芯片设计ETF浦银,1.19,1.1895,-0.04,-0.007,-0.58,38730.0,4653803.0,1.202,1.216,1.187,1.197,2.42,5.16,1.17,12.99,13931.0,24799.0,-320209.0,-6.88,0.0,0.0,-320209.0,-6.88,-299342.0,-6.43,619551.0,13.31,17.0,1.189,1.19,75101300.0,89370547,89370547,2026-09-09,2026-09-09 14:20:32+08:00
159043,食品ETF华安,1.025,1.0253,0.03,-0.006,-0.58,59108.0,6050919.724,1.031,1.031,1.02,1.031,1.07,8.01,1.18,11.54,16795.0,42312.0,774592.0,12.8,366613.0,6.06,407979.0,6.74,-702434.0,-11.61,-72158.0,-1.19,115.0,1.024,1.025,73770695.0,75614962,75614962,2026-09-09,2026-09-09 14:21:33+08:00
588800,科创100ETF华夏,1.709,1.7111,0.12,-0.01,-0.58,1308654.0,225570603.0,1.732,1.747,1.7,1.719,2.73,7.74,0.93,10.69,670771.0,637883.0,-7647050.0,-3.39,-3762079.0,-1.67,-3884971.0,-1.72,5047160.0,2.24,2599891.0,1.15,-1262.0,1.71,1.711,1689877008.0,2887999807,2887999807,2026-09-09,2026-09-09 14:20:48+08:00
510900,恒生中国企业ETF易方达,1.027,1.0301,0.3,-0.006,-0.58,411282.0,42280084.0,1.034,1.034,1.023,1.033,1.06,1.28,0.52,29.81,214373.0,196909.0,-2241534.0,-5.3,-2209866.0,-5.23,-31668.0,-0.07,1276151.0,3.02,965383.0,2.28,-200.0,1.026,1.028,3213021904.0,3299773495,3299773495,2026-09-09,2026-09-09 14:21:03+08:00
516520,智能驾驶ETF华泰柏瑞,1.035,1.0351,0.01,-0.006,-0.58,95886.0,9952120.0,1.041,1.046,1.03,1.041,1.54,1.22,0.54,7.25,52479.0,43407.0,-2333282.0,-23.45,0.0,0.0,-2333282.0,-23.45,1226108.0,12.32,1107173.0,11.12,96.0,1.034,1.035,787765504.0,815337297,815337297,2026-09-09,2026-09-09 14:21:03+08:00
159228,红利低波ETF长城,1.027,1.0312,0.41,-0.006,-0.58,1855.0,190885.131,1.026,1.033,1.026,1.033,0.68,0.18,0.3,34.13,926.0,929.0,140594.0,73.65,66241.0,34.7,74353.0,38.95,-125600.0,-65.8,-14994.0,-7.85,645.0,1.03,1.031,103212692.0,105999435,105999435,2026-09-09,2026-09-09 14:21:24+08:00
512260,中证500低波动ETF华安,1.897,1.9034,0.34,-0.011,-0.58,589.0,112166.0,1.917,1.952,1.896,1.908,2.94,0.3,0.19,-3.2,75.0,514.0,-84254.0,-75.12,0.0,0.0,-84254.0,-75.12,57060.0,50.87,27195.0,24.25,10.0,1.901,1.904,19697700.0,37366537,37366537,2026-09-09,2026-09-09 14:21:02+08:00
510200,上证券商ETF汇安,1.177,1.1759,-0.09,-0.007,-0.59,31180.0,3670002.0,1.183,1.183,1.173,1.184,0.84,2.17,1.23,80.48,13048.0,18132.0,-360190.0,-9.81,590000.0,16.08,-950190.0,-25.89,29614.0,0.81,330577.0,9.01,-48.0,1.177,1.178,143385500.0,168764734,168764734,2026-09-09,2026-09-09 14:21:08+08:00
588060,科创50ETF广发,1.006,1.0057,-0.03,-0.006,-0.59,2894737.0,292007253.0,1.017,1.022,0.999,1.012,2.27,3.8,0.77,11.43,1205141.0,1689597.0,-76642807.0,-26.25,-81385088.0,-27.87,4742281.0,1.62,39575200.0,13.55,37067606.0,12.69,10.0,1.005,1.006,7609139968.0,7654794808,7654794808,2026-09-09,2026-09-09 14:20:53+08:00
588510,科创创业人工智能ETF华夏,0.836,0.8352,-0.1,-0.005,-0.59,68558.0,5765651.0,0.851,0.853,0.831,0.841,2.62,2.15,0.8,6.94,27331.0,41227.0,-4705.0,-0.08,0.0,0.0,-4705.0,-0.08,-546855.0,-9.53,551559.0,9.61,348.0,0.835,0.836,319175008.0,266830307,266830307,2026-09-09,2026-09-09 14:20:48+08:00
159073,粮食ETF汇添富,1.17,1.1708,0.07,-0.007,-0.59,299732.0,35127999.018,1.167,1.197,1.157,1.177,3.4,50.65,1.51,7.86,141393.0,158339.0,2307156.0,6.57,2609560.0,7.43,-302404.0,-0.86,-1764421.0,-5.02,-542734.0,-1.55,2.0,1.169,1.17,59173864.0,69233421,69233421,2026-09-09,2026-09-09 14:21:33+08:00
515920,智能消费ETF博时,1.183,1.1859,0.24,-0.007,-0.59,3204.0,379567.0,1.19,1.193,1.18,1.19,1.09,0.51,0.3,-3.14,55.0,3149.0,39240.0,10.34,-263379.0,-69.39,302619.0,79.73,-19544.0,-5.15,-19697.0,-5.19,-4.0,1.184,1.186,62905700.0,74417443,74417443,2026-09-09,2026-09-09 14:20:40+08:00
588000,科创50ETF华夏,1.671,1.6721,0.07,-0.01,-0.59,20616407.0,3460117667.0,1.69,1.699,1.661,1.681,2.26,3.83,0.73,-5.19,9465045.0,11151362.0,-494131120.0,-14.28,-485021664.0,-14.02,-9109456.0,-0.26,167760304.0,4.85,326382995.0,9.43,-555.0,1.671,1.672,53858668288.0,89997834709,89997834709,2026-09-09,2026-09-09 14:20:53+08:00
159587,粮食ETF广发,1.352,1.3523,0.02,-0.008,-0.59,791543.0,107251258.0,1.33,1.376,1.329,1.36,3.46,13.54,0.79,-4.7,381104.0,410439.0,6750092.0,6.29,-1056680.0,-0.99,7806772.0,7.28,-4553989.0,-4.25,-2196103.0,-2.05,-4.0,1.352,1.353,584447024.0,790172376,790172376,2026-09-09,2026-09-09 14:21:12+08:00
513380,恒生科技ETF广发,0.506,0.5019,-0.82,-0.003,-0.59,2740063.0,138694588.0,0.508,0.509,0.504,0.509,0.98,1.54,1.04,13.25,1434357.0,1305706.0,-4179095.0,-3.01,-11308896.0,-8.15,7129801.0,5.14,2247281.0,1.62,1931814.0,1.39,10.0,0.505,0.506,17783784960.0,8998595190,8998595190,2026-09-09,2026-09-09 14:21:06+08:00
589890,科创综指ETF景顺,1.502,1.5048,0.19,-0.009,-0.6,27265.0,4122353.0,1.512,1.529,1.494,1.511,2.32,3.21,1.1,4.14,13829.0,13436.0,-820.0,-0.02,-437270.0,-10.61,436450.0,10.59,29865.0,0.72,-29045.0,-0.7,-600.0,1.501,1.503,84987000.0,127650474,127650474,2026-09-09,2026-09-09 14:20:50+08:00
560720,红利低波100ETF工银,0.988,0.9901,0.21,-0.006,-0.6,28224.0,2789500.0,0.99,0.991,0.986,0.994,0.5,2.95,0.89,0.28,12522.0,15702.0,-163117.0,-5.85,0.0,0.0,-163117.0,-5.85,157584.0,5.65,5534.0,0.2,-700.0,0.988,0.99,95548000.0,94401424,94401424,2026-09-09,2026-09-09 14:20:54+08:00
589580,科创综指ETF兴银,1.491,1.4941,0.21,-0.009,-0.6,47787.0,7128814.0,1.491,1.515,1.485,1.5,2.0,33.29,2.87,-0.45,20016.0,27771.0,-74877.0,-1.05,0.0,0.0,-74877.0,-1.05,83148.0,1.17,-8272.0,-0.12,-1500.0,1.49,1.491,14354800.0,21403007,21403007,2026-09-09,2026-09-09 14:20:48+08:00
588690,科创增强ETF银华,1.168,1.1704,0.21,-0.007,-0.6,3834.0,449251.0,1.171,1.191,1.162,1.175,2.47,0.74,0.77,4.67,1138.0,2696.0,37820.0,8.42,0.0,0.0,37820.0,8.42,-79709.0,-17.74,41889.0,9.32,-96.0,1.168,1.171,51636000.0,60310848,60310848,2026-09-09,2026-09-09 14:20:51+08:00
159516,半导体设备ETF国泰,0.666,0.6671,0.16,-0.004,-0.6,21868997.0,1466807660.784,0.674,0.68,0.663,0.67,2.54,3.55,0.66,6.32,8842614.0,13026382.0,-59615216.0,-4.06,51679680.0,3.52,-111294896.0,-7.59,-13922656.0,-0.95,73537889.0,5.01,-384.0,0.666,0.667,61649359872.0,41058473675,41058473675,2026-09-09,2026-09-09 14:21:18+08:00
589080,科创综指ETF汇添富,1.499,1.501,0.13,-0.009,-0.6,186466.0,27967048.0,1.511,1.525,1.489,1.508,2.39,12.59,1.1,-16.07,87399.0,99067.0,-1259775.0,-4.5,-269391.0,-0.96,-990384.0,-3.54,967552.0,3.46,292224.0,1.04,1.0,1.497,1.499,148061000.0,221943439,221943439,2026-09-09,2026-09-09 14:20:51+08:00
589300,科创综指ETF嘉实,1.645,1.649,0.24,-0.01,-0.6,10242.0,1700891.0,1.654,1.672,1.637,1.655,2.11,2.46,1.31,18.56,4818.0,5424.0,82130.0,4.83,0.0,0.0,82130.0,4.83,-152479.0,-8.96,70349.0,4.14,2.0,1.644,1.646,41582500.0,68403213,68403213,2026-09-09,2026-09-09 14:20:50+08:00
516920,芯片ETF汇添富,1.331,1.3308,-0.02,-0.008,-0.6,123624.0,16541222.0,1.347,1.356,1.323,1.339,2.46,2.51,0.64,12.52,53846.0,69778.0,-1484979.0,-8.98,-1053422.0,-6.37,-431557.0,-2.61,96347.0,0.58,1388633.0,8.39,17.0,1.33,1.331,491963008.0,654802764,654802764,2026-09-09,2026-09-09 14:21:01+08:00
588840,科创50ETF万家,1.467,1.468,0.07,-0.009,-0.61,23259.0,3431569.0,1.479,1.498,1.458,1.476,2.71,3.8,0.53,16.09,9106.0,14153.0,-286455.0,-8.35,35251.0,1.03,-321706.0,-9.37,-5827.0,-0.17,292283.0,8.52,-150.0,1.466,1.468,61236000.0,89833212,89833212,2026-09-09,2026-09-09 14:20:51+08:00
159109,恒生50ETF景顺,0.81,0.8113,0.16,-0.005,-0.61,56662.0,4593823.5,0.815,0.815,0.808,0.815,0.86,1.0,0.66,-8.86,21910.0,34752.0,-45972.0,-1.0,810000.0,17.63,-855972.0,-18.63,302072.0,6.58,-256100.0,-5.57,-17.0,0.81,0.811,566163856.0,458592723,458592723,2026-09-09,2026-09-09 14:21:15+08:00
588050,科创50ETF工银,1.625,1.6233,-0.1,-0.01,-0.61,1411517.0,230405882.0,1.643,1.65,1.614,1.635,2.2,2.14,1.06,0.22,728008.0,683509.0,-41042118.0,-17.81,-41072990.0,-17.83,30872.0,0.01,24771142.0,10.75,16146013.0,7.01,989.0,1.623,1.625,6583241216.0,10697766976,10697766976,2026-09-09,2026-09-09 14:20:53+08:00
159531,中证2000ETF南方,1.477,1.4776,0.04,-0.009,-0.61,666334.0,98705835.9,1.489,1.49,1.466,1.486,1.62,6.7,0.69,5.28,267657.0,398677.0,-1555242.0,-1.58,-1520636.0,-1.54,-34606.0,-0.04,-46507.0,-0.05,1601749.0,1.62,2.0,1.476,1.477,994608400.0,1469036607,1469036607,2026-09-09,2026-09-09 14:21:18+08:00
159565,汽车零部件ETF易方达,1.294,1.2949,0.07,-0.008,-0.61,101910.0,13187609.6,1.302,1.305,1.288,1.302,1.31,7.68,0.8,49.29,48940.0,52970.0,622090.0,4.72,0.0,0.0,622090.0,4.72,-661870.0,-5.02,39781.0,0.3,55.0,1.294,1.295,132627231.0,171619637,171619637,2026-09-09,2026-09-09 14:21:18+08:00
159022,科创创业人工智能ETF富国,0.976,0.9763,0.03,-0.006,-0.61,98625.0,9687486.9,0.993,0.997,0.97,0.982,2.75,5.65,0.82,27.8,33164.0,65461.0,-191524.0,-1.98,1764613.0,18.22,-1956137.0,-20.19,-266623.0,-2.75,458148.0,4.73,1200.0,0.975,0.977,174630967.0,170439824,170439824,2026-09-09,2026-09-09 14:21:33+08:00
561980,半导体设备ETF招商,0.647,0.6471,0.02,-0.004,-0.61,2636455.0,171147456.0,0.654,0.658,0.643,0.651,2.3,3.05,0.75,7.11,1189438.0,1447017.0,-16800690.0,-9.82,-19872242.0,-11.61,3071552.0,1.79,8852133.0,5.17,7948558.0,4.64,380.0,0.647,0.648,8635549952.0,5587200819,5587200819,2026-09-09,2026-09-09 14:20:56+08:00
562300,碳中和ETF银华,0.637,0.6384,0.22,-0.004,-0.62,11978.0,761237.0,0.641,0.641,0.633,0.641,1.25,2.16,2.9,-2.64,2268.0,9710.0,-97614.0,-12.82,0.0,0.0,-97614.0,-12.82,50608.0,6.65,47006.0,6.17,-10.0,0.638,0.639,55495000.0,35350315,35350315,2026-09-09,2026-09-09 14:20:28+08:00
560320,食品ETF富国,0.963,0.9642,0.12,-0.006,-0.62,77263.0,7447050.0,0.978,0.978,0.959,0.969,1.96,6.94,1.31,-0.37,46548.0,30715.0,180958.0,2.43,-1965310.0,-26.39,2146268.0,28.82,-127697.0,-1.71,-53262.0,-0.72,300.0,0.963,0.964,111332000.0,107212716,107212716,2026-09-09,2026-09-09 14:20:46+08:00
588260,科创信息ETF华安,2.415,2.4171,0.09,-0.015,-0.62,7069.0,1705127.0,2.45,2.455,2.4,2.43,2.26,1.51,0.7,-0.63,3810.0,3259.0,-34674.0,-2.03,978.0,0.06,-35652.0,-2.09,35169.0,2.06,-495.0,-0.03,-61.0,2.415,2.416,46746000.0,112891590,112891590,2026-09-09,2026-09-09 14:20:55+08:00
520560,香港大盘30ETF华宝,0.806,0.8079,0.24,-0.005,-0.62,9746.0,786590.0,0.808,0.809,0.804,0.811,0.62,0.16,0.24,4.79,2651.0,7095.0,-44538.0,-5.66,0.0,0.0,-44538.0,-5.66,-13868.0,-1.76,58406.0,7.43,294.0,0.806,0.807,607419008.0,489579720,489579720,2026-09-09,2026-09-09 14:21:00+08:00
560800,数字经济ETF鹏扬,1.112,1.1119,-0.01,-0.007,-0.63,43575.0,4855645.0,1.122,1.139,1.105,1.119,3.04,1.47,1.04,4.89,14530.0,29045.0,-1204596.0,-24.81,-1071189.0,-22.06,-133407.0,-2.75,842461.0,17.35,362135.0,7.46,-30.0,1.11,1.112,295951104.0,329097628,329097628,2026-09-09,2026-09-09 14:20:55+08:00
515550,中证500ETF国联,1.741,1.7517,0.61,-0.011,-0.63,10922.0,1909985.0,1.75,1.756,1.741,1.752,0.86,5.37,0.96,-0.56,7609.0,3313.0,-458553.0,-24.01,0.0,0.0,-458553.0,-24.01,244468.0,12.8,214085.0,11.21,-1300.0,1.746,1.75,20345700.0,35421864,35421864,2026-09-09,2026-09-09 14:21:02+08:00
159572,创业板200ETF易方达,1.429,1.4319,0.2,-0.009,-0.63,68615.0,9846105.4,1.439,1.448,1.422,1.438,1.81,3.62,0.86,-4.66,34818.0,33797.0,237320.0,2.41,0.0,0.0,237320.0,2.41,-466323.0,-4.74,229004.0,2.33,496.0,1.43,1.431,189749107.0,271151474,271151474,2026-09-09,2026-09-09 14:21:18+08:00
159609,光伏ETF浦银,0.475,0.4758,0.17,-0.003,-0.63,106129.0,5056064.8,0.478,0.48,0.473,0.478,1.46,3.32,0.74,35.27,52948.0,53181.0,198829.0,3.93,-19803.0,-0.39,218632.0,4.32,-251273.0,-4.97,52443.0,1.04,-9.0,0.475,0.476,319903408.0,151954119,151954119,2026-09-09,2026-09-09 14:20:48+08:00
159031,粮食ETF博时,1.09,1.0904,0.04,-0.007,-0.64,177433.0,19381873.442,1.08,1.13,1.068,1.097,5.65,3.4,1.18,3.64,111370.0,66063.0,-321061.0,-1.66,-596937.0,-3.08,275876.0,1.42,123807.0,0.64,197254.0,1.02,100.0,1.089,1.09,522028624.0,569011200,569011200,2026-09-09,2026-09-09 14:21:33+08:00
515070,人工智能ETF华夏,1.087,1.0863,-0.06,-0.007,-0.64,623690.0,68165482.0,1.098,1.106,1.079,1.094,2.47,0.83,0.72,0.15,247666.0,376024.0,-7261349.0,-10.65,-1783594.0,-2.62,-5477755.0,-8.04,2092120.0,3.07,5169229.0,7.58,3.0,1.086,1.087,7528940288.0,8183958093,8183958093,2026-09-09,2026-09-09 14:21:04+08:00
513150,港股通科技ETF华泰柏瑞,0.931,0.929,-0.22,-0.006,-0.64,283950.0,26509536.0,0.937,0.94,0.927,0.937,1.39,28.24,0.71,-2.64,151860.0,132090.0,-1417482.0,-5.35,537682.0,2.03,-1955164.0,-7.38,602526.0,2.27,814956.0,3.07,100.0,0.93,0.931,100559800.0,93621174,93621174,2026-09-09,2026-09-09 14:21:07+08:00
159311,数字经济ETF易方达,1.402,1.4019,-0.01,-0.009,-0.64,4796.0,676957.4,1.42,1.421,1.394,1.411,1.91,1.28,0.58,6.23,735.0,4061.0,199173.0,29.42,46961.0,6.94,152212.0,22.48,-327207.0,-48.33,128034.0,18.91,-60.0,1.401,1.402,37383993.0,52412358,52412358,2026-09-09,2026-09-09 14:21:18+08:00
563200,中证2000ETF富国,1.549,1.5497,0.05,-0.01,-0.64,64121.0,9963238.0,1.559,1.561,1.542,1.559,1.22,12.46,0.86,6.51,29974.0,34147.0,-510540.0,-5.12,0.0,0.0,-510540.0,-5.12,-535625.0,-5.38,1046165.0,10.5,6.0,1.548,1.55,51458800.0,79709681,79709681,2026-09-09,2026-09-09 14:20:55+08:00
561470,畜牧养殖ETF天弘,1.088,1.0901,0.19,-0.007,-0.64,23088.0,2527082.0,1.085,1.1,1.085,1.095,1.37,4.53,0.46,12.56,5982.0,17106.0,-138909.0,-5.5,644855.0,25.52,-783764.0,-31.01,174140.0,6.89,-35231.0,-1.39,-100.0,1.088,1.089,50936000.0,55418368,55418368,2026-09-09,2026-09-09 14:20:42+08:00
159599,芯片ETF东财,2.647,2.6467,-0.01,-0.017,-0.64,323261.0,86004659.7,2.676,2.695,2.631,2.664,2.4,4.27,0.73,-28.1,141552.0,181709.0,-15719478.0,-18.28,-16827850.0,-19.57,1108372.0,1.29,-583033.0,-0.68,16302510.0,18.96,-8.0,2.647,2.648,757322064.0,2004631503,2004631503,2026-09-09,2026-09-09 14:21:12+08:00
589850,科创50ETF东财,1.522,1.5228,0.05,-0.01,-0.65,606731.0,92734830.0,1.536,1.546,1.513,1.532,2.15,7.4,0.83,-7.13,215060.0,391671.0,-24048843.0,-25.94,-15365637.0,-16.58,-8683206.0,-9.37,7002621.0,7.55,17046223.0,18.39,-221.0,1.521,1.522,820057008.0,1248126766,1248126766,2026-09-09,2026-09-09 14:20:50+08:00
520820,恒指港股通ETF汇添富,0.923,0.9235,0.05,-0.006,-0.65,63768.0,5883824.0,0.933,0.933,0.919,0.929,1.51,10.87,2.75,2.0,25009.0,38759.0,-15197.0,-0.26,-460500.0,-7.83,445303.0,7.57,0.0,0.0,15197.0,0.26,-2500.0,0.922,0.923,58682000.0,54163486,54163486,2026-09-09,2026-09-09 14:20:58+08:00
159658,数字经济ETF华安,1.663,1.6638,0.05,-0.011,-0.66,27636.0,4587653.0,1.685,1.687,1.655,1.674,1.91,6.23,0.98,19.31,11984.0,15652.0,-161994.0,-3.53,-269997.0,-5.89,108003.0,2.35,57255.0,1.25,104738.0,2.28,22.0,1.662,1.663,44394877.0,73828680,73828680,2026-09-09,2026-09-09 14:21:12+08:00
159152,港股通科技ETF平安,0.748,0.7449,-0.42,-0.005,-0.66,136166.0,10200261.867,0.752,0.755,0.745,0.753,1.33,1.67,0.58,36.11,52011.0,84155.0,-1618551.0,-15.87,1227650.0,12.04,-2846201.0,-27.9,1076147.0,10.55,542404.0,5.32,100.0,0.747,0.748,817556096.0,611531960,611531960,2026-09-09,2026-09-09 14:21:24+08:00
159723,科技龙头ETF汇添富,1.049,1.0516,0.25,-0.007,-0.66,2133.0,224178.7,1.053,1.056,1.043,1.056,1.23,0.73,0.33,-6.43,1227.0,906.0,1099.0,0.49,0.0,0.0,1099.0,0.49,0.0,0.0,-1099.0,-0.49,10.0,1.046,1.049,29025575.0,30447828,30447828,2026-09-09,2026-09-09 14:21:09+08:00
589280,科创增强ETF华宝,0.899,0.8955,-0.39,-0.006,-0.66,140270.0,12721405.0,0.911,0.915,0.894,0.905,2.32,9.41,2.34,1.34,82980.0,57290.0,-120413.0,-0.95,3829571.0,30.1,-3949984.0,-31.05,-38030.0,-0.3,158444.0,1.25,4962.0,0.898,0.9,149069000.0,134013031,134013031,2026-09-09,2026-09-09 14:20:32+08:00
588180,科创50ETF国联安,1.036,1.0369,0.09,-0.007,-0.67,129596.0,13489018.0,1.047,1.052,1.03,1.043,2.11,1.71,0.65,29.11,51923.0,77673.0,-2378897.0,-17.64,17310.0,0.13,-2396207.0,-17.76,925664.0,6.86,1453232.0,10.77,-20.0,1.035,1.036,759353696.0,786690429,786690429,2026-09-09,2026-09-09 14:20:52+08:00
159219,深证100ETF融通,1.335,1.337,0.15,-0.009,-0.67,31702.0,4236556.5,1.335,1.342,1.329,1.344,0.97,30.52,1.34,15.11,11933.0,19769.0,594871.0,14.04,0.0,0.0,594871.0,14.04,-503946.0,-11.9,-90925.0,-2.15,-1870.0,1.335,1.337,10388018.0,13868004,13868004,2026-09-09,2026-09-09 14:21:18+08:00
512060,A100ETF天弘,1.188,1.1951,0.59,-0.008,-0.67,6525.0,777220.0,1.193,1.195,1.188,1.196,0.59,5.97,0.49,2.65,1575.0,4950.0,102004.0,13.12,0.0,0.0,102004.0,13.12,-56237.0,-7.24,-45766.0,-5.89,-2376.0,1.193,1.195,10928000.0,12982464,12982464,2026-09-09,2026-09-09 14:21:03+08:00
560680,消费ETF广发,0.744,0.7436,-0.05,-0.005,-0.67,165513.0,12305792.0,0.746,0.747,0.74,0.749,0.93,4.96,0.97,5.61,82379.0,83134.0,304350.0,2.47,1046948.0,8.51,-742598.0,-6.03,-431426.0,-3.51,127076.0,1.03,10.0,0.743,0.744,333725600.0,248291846,248291846,2026-09-09,2026-09-09 14:20:56+08:00
517350,沪港深科技ETF广发,0.896,0.9017,0.63,-0.006,-0.67,10663.0,964816.0,0.906,0.907,0.896,0.902,1.22,2.17,1.08,-1.64,10323.0,340.0,24133.0,2.5,0.0,0.0,24133.0,2.5,-33869.0,-3.51,9736.0,1.01,-32.0,0.899,0.9,49042000.0,43941632,43941632,2026-09-09,2026-09-09 14:20:49+08:00
563300,中证2000ETF华泰柏瑞,1.45,1.4519,0.13,-0.01,-0.68,2387161.0,347113443.0,1.461,1.462,1.444,1.46,1.23,5.12,0.54,23.07,892703.0,1494457.0,8553164.0,2.47,66930983.0,19.3,-58377819.0,-16.83,-9377410.0,-2.7,824245.0,0.24,-2231.0,1.45,1.451,4666173952.0,6765952230,6765952230,2026-09-09,2026-09-09 14:20:54+08:00
562510,旅游ETF华夏,0.588,0.5882,0.03,-0.004,-0.68,796079.0,46552897.0,0.589,0.591,0.58,0.592,1.86,7.15,0.98,13.62,359893.0,436186.0,-2752854.0,-5.91,-3809047.0,-8.18,1056193.0,2.27,1283130.0,2.76,1469723.0,3.16,20.0,0.587,0.588,1114095008.0,655087865,655087865,2026-09-09,2026-09-09 14:20:54+08:00
589050,科创综指ETF兴业,1.298,1.303,0.38,-0.009,-0.69,3685.0,482597.0,1.314,1.322,1.293,1.307,2.22,0.72,0.1,-2.32,1236.0,2449.0,217086.0,44.98,0.0,0.0,217086.0,44.98,-200441.0,-41.53,-16644.0,-3.45,35.0,1.3,1.301,50968000.0,66156464,66156464,2026-09-09,2026-09-09 14:20:47+08:00
159795,智能汽车ETF汇添富,0.859,0.86,0.12,-0.006,-0.69,15345.0,1322279.1,0.866,0.869,0.856,0.865,1.5,5.45,0.99,5.59,6855.0,8490.0,8894.0,0.67,0.0,0.0,8894.0,0.67,-28603.0,-2.16,19709.0,1.49,-58.0,0.859,0.86,28169473.0,24197577,24197577,2026-09-09,2026-09-09 14:21:09+08:00
588980,科创100ETF广发,1.584,1.5869,0.18,-0.011,-0.69,8071.0,1290000.0,1.594,1.619,1.578,1.595,2.57,5.6,0.45,-3.08,2079.0,5992.0,-100131.0,-7.76,0.0,0.0,-100131.0,-7.76,74582.0,5.78,25549.0,1.98,-300.0,1.585,1.587,14420000.0,22841280,22841280,2026-09-09,2026-09-09 14:20:43+08:00
588460,科创50增强ETF鹏华,1.984,1.9841,0.01,-0.014,-0.7,147505.0,29405117.0,2.001,2.018,1.971,1.998,2.35,2.23,0.81,1.8,55261.0,92244.0,-5360603.0,-18.23,-1753702.0,-5.96,-3606901.0,-12.27,41380.0,0.14,5319222.0,18.09,11.0,1.983,1.984,661514000.0,1312443776,1312443776,2026-09-09,2026-09-09 14:20:53+08:00
159121,港股通汽车ETF易方达,0.703,0.6999,-0.44,-0.005,-0.71,126892.0,8930024.665,0.705,0.709,0.701,0.708,1.13,8.32,0.66,10.1,53386.0,73506.0,-916342.0,-10.26,85674.0,0.96,-1002016.0,-11.22,500927.0,5.61,415415.0,4.65,28.0,0.702,0.703,152481127.0,107194232,107194232,2026-09-09,2026-09-09 14:21:24+08:00
563850,食品ETF广发,0.981,0.983,0.2,-0.007,-0.71,41700.0,4102396.0,0.984,0.988,0.978,0.988,1.01,3.81,1.34,2.48,21220.0,20480.0,649562.0,15.83,331828.0,8.09,317734.0,7.75,-567763.0,-13.84,-81799.0,-1.99,-10.0,0.981,0.982,109481700.0,107401548,107401548,2026-09-09,2026-09-09 14:20:56+08:00
159243,创业板人工智能ETF招商,1.25,1.2487,-0.1,-0.009,-0.71,295591.0,37305091.8,1.277,1.281,1.242,1.259,3.1,21.73,0.92,2.93,153922.0,141669.0,-2115632.0,-5.67,0.0,0.0,-2115632.0,-5.67,155804.0,0.42,1959829.0,5.25,19.0,1.249,1.25,136030224.0,170037780,170037780,2026-09-09,2026-09-09 14:21:09+08:00
159827,农业ETF银华,0.843,0.8445,0.18,-0.006,-0.71,30895.0,2605906.732,0.844,0.852,0.84,0.849,1.41,3.69,1.2,20.4,13764.0,17131.0,228381.0,8.76,29929.0,1.15,198452.0,7.62,-131837.0,-5.06,-96543.0,-3.7,-1.0,0.844,0.845,83716463.0,70572978,70572978,2026-09-09,2026-09-09 14:21:09+08:00
515860,科技ETF嘉实,2.085,2.0891,0.2,-0.015,-0.71,16091.0,3372746.0,2.103,2.11,2.08,2.1,1.43,1.58,0.78,0.32,5629.0,10462.0,-72583.0,-2.15,210300.0,6.24,-282883.0,-8.39,81580.0,2.42,-8996.0,-0.27,-1000.0,2.087,2.09,101878900.0,212417507,212417507,2026-09-09,2026-09-09 14:21:03+08:00
588100,科创信息ETF嘉实,0.834,0.8354,0.17,-0.006,-0.71,149686.0,12578690.0,0.849,0.85,0.83,0.84,2.38,6.32,0.85,16.38,68424.0,81262.0,-418841.0,-3.33,-1488839.0,-11.84,1069998.0,8.51,192642.0,1.53,226197.0,1.8,1.0,0.834,0.835,236746200.0,197446331,197446331,2026-09-09,2026-09-09 14:20:55+08:00
159048,机器人ETF大成,0.844,0.8444,0.05,-0.006,-0.71,109820.0,9273421.2,0.851,0.855,0.839,0.85,1.88,5.67,1.06,47.5,51780.0,58040.0,19533.0,0.21,462663.0,4.99,-443130.0,-4.78,-263260.0,-2.84,243727.0,2.63,18.0,0.843,0.844,193803897.0,163570489,163570489,2026-09-09,2026-09-09 14:21:33+08:00
159270,创业板200ETF南方,1.113,1.1146,0.14,-0.008,-0.71,89591.0,10025832.3,1.121,1.126,1.108,1.121,1.61,9.87,1.04,-1.61,45743.0,43848.0,208946.0,2.08,0.0,0.0,208946.0,2.08,-254327.0,-2.54,45381.0,0.45,-674.0,1.113,1.114,90763649.0,101019941,101019941,2026-09-09,2026-09-09 14:21:18+08:00
588150,科创50ETF南方,1.125,1.1258,0.07,-0.008,-0.71,969077.0,109916541.0,1.134,1.145,1.118,1.133,2.38,24.14,3.47,11.49,494994.0,474083.0,-2597562.0,-2.36,11769277.0,10.71,-14366839.0,-13.07,1152668.0,1.05,1444894.0,1.31,101.0,1.124,1.126,401432608.0,451611684,451611684,2026-09-09,2026-09-09 14:20:55+08:00
513180,恒生科技ETF华夏,0.558,0.5544,-0.65,-0.004,-0.71,17632430.0,986039583.0,0.562,0.563,0.556,0.562,1.25,2.54,0.66,0.6,7328673.0,10303757.0,-99159889.0,-10.06,-116581424.0,-11.82,17421535.0,1.77,63164263.0,6.41,35995614.0,3.65,-83.0,0.558,0.559,69525757952.0,38795372937,38795372937,2026-09-09,2026-09-09 14:21:06+08:00
589660,科创综指ETF南方,1.517,1.5191,0.14,-0.011,-0.72,448221.0,68315090.0,1.535,1.601,1.506,1.528,6.22,16.88,1.24,6.69,295864.0,152357.0,698495.0,1.02,7408172.0,10.84,-6709677.0,-9.82,-847640.0,-1.24,149145.0,0.22,1000.0,1.515,1.517,265530000.0,402809010,402809010,2026-09-09,2026-09-09 14:20:50+08:00
589360,科创50ETF国泰,0.818,0.818,0.0,-0.006,-0.73,743720.0,60952875.0,0.825,0.831,0.813,0.824,2.18,2.77,1.13,18.24,393454.0,350266.0,-3655660.0,-6.0,-5790441.0,-9.5,2134781.0,3.5,1780279.0,2.92,1875381.0,3.08,15.0,0.817,0.818,2687174000.0,2198108332,2198108332,2026-09-09,2026-09-09 14:20:47+08:00
512620,农业ETF天弘,0.953,0.9541,0.12,-0.007,-0.73,166246.0,15860400.0,0.951,0.962,0.947,0.96,1.56,1.22,0.64,-4.64,78236.0,88010.0,-20395.0,-0.13,1644220.0,10.37,-1664615.0,-10.5,-128456.0,-0.81,148852.0,0.94,28.0,0.952,0.953,1360666000.0,1296714698,1296714698,2026-09-09,2026-09-09 14:21:01+08:00
159041,农业ETF鹏华,1.085,1.0888,0.35,-0.008,-0.73,36200.0,3936390.317,1.087,1.096,1.081,1.093,1.37,7.63,0.56,-27.42,21188.0,15012.0,-160361.0,-4.07,-812548.0,-20.64,652187.0,16.57,278664.0,7.08,-118303.0,-3.01,-67.0,1.085,1.087,47471832.0,51506938,51506938,2026-09-09,2026-09-09 14:21:30+08:00
159502,标普生物科技ETF嘉实,1.622,1.6202,-0.11,-0.012,-0.73,545528.0,88297277.206,1.617,1.623,1.616,1.634,0.43,4.83,0.41,42.54,253834.0,291694.0,12021527.0,13.62,9080780.0,10.29,2940747.0,3.33,-11341198.0,-12.85,-680329.0,-0.77,37.0,1.621,1.622,1128323024.0,1830139945,1830139945,2026-09-09,2026-09-09 14:21:18+08:00
159720,智能车ETF泰康,0.682,0.6813,-0.1,-0.005,-0.73,9008.0,613889.5,0.685,0.685,0.678,0.687,1.02,1.92,0.78,-1.71,3477.0,5531.0,-186093.0,-30.31,0.0,0.0,-186093.0,-30.31,101880.0,16.6,84213.0,13.72,11.0,0.682,0.683,46812357.0,31926027,31926027,2026-09-09,2026-09-09 14:21:09+08:00
159543,国证2000ETF工银,1.505,1.5101,0.34,-0.011,-0.73,26962.0,4057995.1,1.51,1.516,1.497,1.516,1.25,6.39,1.18,-12.0,13879.0,13083.0,-557813.0,-13.75,0.0,0.0,-557813.0,-13.75,435120.0,10.72,122693.0,3.02,3.0,1.502,1.505,42196551.0,63505809,63505809,2026-09-09,2026-09-09 14:21:18+08:00
560130,食品ETF鹏华,0.946,0.9487,0.28,-0.007,-0.73,10995.0,1045116.0,0.944,0.952,0.943,0.953,0.94,1.58,3.22,-5.19,1053.0,9942.0,167072.0,15.99,951000.0,90.99,-783928.0,-75.01,-93107.0,-8.91,-73964.0,-7.08,42.0,0.946,0.949,69776200.0,66008285,66008285,2026-09-09,2026-09-09 14:20:37+08:00
159262,港股通科技ETF广发,0.82,0.8169,-0.38,-0.006,-0.73,2110128.0,173193210.4,0.824,0.826,0.816,0.826,1.21,3.86,0.84,37.35,1054232.0,1055896.0,-9419492.0,-5.44,-6536092.0,-3.77,-2883400.0,-1.66,6202060.0,3.58,3217431.0,1.86,296.0,0.819,0.82,5468720384.0,4484350715,4484350715,2026-09-09,2026-09-09 14:21:15+08:00
588900,科创100ETF南方,1.774,1.7757,0.1,-0.013,-0.73,11332.0,2024196.0,1.769,1.812,1.764,1.787,2.69,0.32,0.48,18.98,4371.0,6961.0,19433.0,0.96,0.0,0.0,19433.0,0.96,265683.0,13.13,-285116.0,-14.09,-1.0,1.774,1.775,358783008.0,636481056,636481056,2026-09-09,2026-09-09 14:20:51+08:00
159151,食品ETF华夏,0.95,0.9513,0.14,-0.007,-0.73,104283.0,9926825.4,0.957,0.957,0.946,0.957,1.15,5.74,1.26,10.15,49446.0,54837.0,427598.0,4.31,0.0,0.0,427598.0,4.31,-504178.0,-5.08,76580.0,0.77,-2609.0,0.95,0.951,181651063.0,172568510,172568510,2026-09-09,2026-09-09 14:21:15+08:00
520770,恒指港股通ETF建信,0.933,0.9338,0.09,-0.007,-0.74,29892.0,2791218.0,0.943,0.943,0.931,0.94,1.28,1.4,0.81,9.59,14284.0,15608.0,27178.0,0.97,0.0,0.0,27178.0,0.97,-12518.0,-0.45,-14659.0,-0.53,-1641.0,0.933,0.934,213373800.0,199077755,199077755,2026-09-09,2026-09-09 14:21:01+08:00
159560,芯片ETF景顺,1.08,1.0812,0.11,-0.008,-0.74,124760.0,13553042.7,1.09,1.108,1.075,1.088,3.03,3.1,1.25,-23.19,61598.0,63162.0,-3232604.0,-23.85,-3650730.0,-26.94,418126.0,3.09,2605273.0,19.22,627332.0,4.63,-33.0,1.08,1.081,401832928.0,433979562,433979562,2026-09-09,2026-09-09 14:21:15+08:00
516810,农业ETF华夏,0.806,0.8069,0.11,-0.006,-0.74,1078469.0,87028761.0,0.814,0.814,0.801,0.812,1.6,19.99,1.21,11.57,512653.0,565816.0,-806249.0,-0.93,353197.0,0.41,-1159446.0,-1.33,649918.0,0.75,156333.0,0.18,-2400.0,0.806,0.807,539478896.0,434819990,434819990,2026-09-09,2026-09-09 14:20:58+08:00
588870,科创50ETF汇添富,1.608,1.6087,0.04,-0.012,-0.74,571245.0,92154351.0,1.629,1.634,1.599,1.62,2.16,6.41,0.7,36.76,206860.0,364385.0,-22128547.0,-24.01,-4360929.0,-4.73,-17767618.0,-19.28,6936169.0,7.53,15192380.0,16.49,-102.0,1.608,1.609,890552000.0,1432007616,1432007616,2026-09-09,2026-09-09 14:20:49+08:00
563210,专精特新ETF富国,1.988,1.9883,0.02,-0.015,-0.75,28552.0,5715925.0,2.02,2.03,1.975,2.003,2.75,2.59,0.44,-7.07,11297.0,17255.0,-88780.0,-1.55,0.0,0.0,-88780.0,-1.55,-429575.0,-7.52,518356.0,9.07,80.0,1.987,1.988,110067000.0,218813196,218813196,2026-09-09,2026-09-09 14:20:54+08:00
517360,沪港深科技ETF华安,0.932,0.9384,0.68,-0.007,-0.75,3129.0,291638.0,0.936,0.937,0.929,0.939,0.85,1.25,3.94,5.79,3103.0,26.0,2968.0,1.02,0.0,0.0,2968.0,1.02,0.0,0.0,-2968.0,-1.02,3068.0,0.929,0.933,25083000.0,23377356,23377356,2026-09-09,2026-09-09 14:20:50+08:00
589060,科创综指ETF东财,1.578,1.583,0.32,-0.012,-0.75,14815.0,2347239.0,1.595,1.608,1.571,1.59,2.33,1.8,0.74,-54.75,7963.0,6852.0,-38516.0,-1.64,0.0,0.0,-38516.0,-1.64,131558.0,5.6,-93042.0,-3.96,-2.0,1.577,1.578,82137900.0,129613606,129613606,2026-09-09,2026-09-09 14:20:49+08:00
159278,机器人ETF鹏华,0.93,0.929,-0.11,-0.007,-0.75,504742.0,46993461.1,0.937,0.941,0.923,0.937,1.92,2.53,0.74,55.37,160894.0,343848.0,-6518536.0,-13.87,-783192.0,-1.67,-5735344.0,-12.2,1405901.0,2.99,5112635.0,10.88,500.0,0.929,0.93,1998545856.0,1858647646,1858647646,2026-09-09,2026-09-09 14:21:18+08:00
561460,人工智能ETF天弘,0.793,0.7941,0.14,-0.006,-0.75,595858.0,47460134.0,0.803,0.808,0.789,0.799,2.38,3.76,1.91,54.9,103521.0,492337.0,-1704704.0,-3.59,2453380.0,5.17,-4158084.0,-8.76,1043855.0,2.2,660848.0,1.39,-50.0,0.793,0.794,1583520000.0,1255731360,1255731360,2026-09-09,2026-09-09 14:20:54+08:00
159825,农业ETF富国,0.782,0.7832,0.15,-0.006,-0.76,1879705.0,147414865.9,0.784,0.791,0.778,0.788,1.65,7.46,1.28,82.17,721223.0,1158482.0,9675377.0,6.56,33825391.0,22.95,-24150014.0,-16.38,-10281331.0,-6.97,605952.0,0.41,-1.0,0.782,0.783,2521077408.0,1971482533,1971482533,2026-09-09,2026-09-09 14:21:12+08:00
159063,粮食ETF南方,1.177,1.1784,0.12,-0.009,-0.76,250684.0,29568994.204,1.158,1.196,1.158,1.186,3.2,44.38,1.46,32.69,128232.0,122452.0,879074.0,2.97,-233500.0,-0.79,1112574.0,3.76,-442624.0,-1.5,-436449.0,-1.48,34.0,1.178,1.18,56486647.0,66484784,66484784,2026-09-09,2026-09-09 14:21:33+08:00
159966,创业板价值ETF华夏,0.522,0.5213,-0.13,-0.004,-0.76,128049.0,6671818.0,0.525,0.525,0.518,0.526,1.33,1.97,1.09,17.27,43060.0,84989.0,-356881.0,-5.35,-519818.0,-7.79,162937.0,2.44,185379.0,2.78,171501.0,2.57,20.0,0.521,0.522,648599520.0,338568949,338568949,2026-09-09,2026-09-09 14:21:09+08:00
159540,信创ETF易方达,1.839,1.8386,-0.02,-0.014,-0.76,115686.0,21333343.5,1.861,1.873,1.829,1.853,2.37,9.6,1.32,23.99,50339.0,65347.0,-2334062.0,-10.94,-5333912.0,-25.0,2999850.0,14.06,-995238.0,-4.67,3329300.0,15.61,-1000.0,1.838,1.839,120505191.0,221609046,221609046,2026-09-09,2026-09-09 14:21:18+08:00
588500,科创100增强ETF易方达,2.476,2.4878,0.47,-0.019,-0.76,23759.0,5940506.0,2.5,2.536,2.468,2.495,2.73,5.44,0.78,18.0,8221.0,15538.0,336749.0,5.67,0.0,0.0,336749.0,5.67,-278082.0,-4.68,-58667.0,-0.99,-6.0,2.478,2.484,43647000.0,108069972,108069972,2026-09-09,2026-09-09 14:20:46+08:00
159859,生物医药ETF天弘,0.391,0.3905,-0.13,-0.003,-0.76,1999547.0,78072100.6,0.391,0.394,0.388,0.394,1.52,1.86,0.77,31.49,910732.0,1088815.0,-6340486.0,-8.12,-16511135.0,-21.15,10170649.0,13.03,4780277.0,6.12,1560210.0,2.0,1.0,0.39,0.391,10730240000.0,4195523840,4195523840,2026-09-09,2026-09-09 14:21:09+08:00
159381,创业板人工智能ETF华夏,1.161,1.1612,0.02,-0.009,-0.77,2091624.0,245607964.928,1.185,1.192,1.153,1.17,3.33,12.22,0.81,23.04,912077.0,1179547.0,-11961923.0,-4.87,-7120012.0,-2.9,-4841911.0,-1.97,6290330.0,2.56,5671592.0,2.31,-375.0,1.16,1.161,1711153200.0,1986648865,1986648865,2026-09-09,2026-09-09 14:21:18+08:00
589170,科创芯片设计ETF鹏华,1.03,1.0322,0.21,-0.008,-0.77,31043.0,3225113.0,1.042,1.057,1.025,1.038,3.08,2.1,0.77,37.73,10688.0,20355.0,-603734.0,-18.72,-748546.0,-23.21,144812.0,4.49,458005.0,14.2,145729.0,4.52,-5.0,1.03,1.032,147909000.0,152346270,152346270,2026-09-09,2026-09-09 14:20:48+08:00
588670,科创综指增强ETF嘉实,1.68,1.6844,0.26,-0.013,-0.77,4718.0,795027.0,1.701,1.708,1.673,1.693,2.07,1.19,0.48,-0.43,3163.0,1555.0,-49311.0,-6.2,0.0,0.0,-49311.0,-6.2,46608.0,5.86,2705.0,0.34,10.0,1.681,1.683,39792000.0,66850560,66850560,2026-09-09,2026-09-09 14:20:40+08:00
589150,科创50ETF平安,1.147,1.149,0.17,-0.009,-0.78,108238.0,12492142.0,1.16,1.166,1.141,1.156,2.16,1.29,0.91,14.45,27114.0,81124.0,-2423384.0,-19.4,-3637997.0,-29.12,1214613.0,9.72,1016437.0,8.14,1406946.0,11.26,455.0,1.147,1.149,841437200.0,965128468,965128468,2026-09-09,2026-09-09 14:20:50+08:00
589980,科创100ETF汇添富,1.782,1.7874,0.3,-0.014,-0.78,7890.0,1428252.0,1.796,1.822,1.776,1.796,2.56,0.61,0.49,35.09,5435.0,2455.0,-121673.0,-8.52,564817.0,39.55,-686490.0,-48.07,123714.0,8.66,-2040.0,-0.14,-43.0,1.786,1.787,129122000.0,230095404,230095404,2026-09-09,2026-09-09 14:20:46+08:00
159141,科创创业人工智能ETF永赢,1.142,1.1414,-0.05,-0.009,-0.78,512573.0,59117364.7,1.162,1.168,1.135,1.151,2.87,3.49,0.72,52.23,271140.0,241433.0,8972384.0,15.18,10460427.0,17.69,-1488043.0,-2.52,3390837.0,5.74,-12363222.0,-20.91,5.0,1.141,1.142,1467060736.0,1675383361,1675383361,2026-09-09,2026-09-09 14:21:24+08:00
159060,粮食ETF浦银,1.148,1.1549,0.6,-0.009,-0.78,28143.0,3243052.8,1.134,1.176,1.134,1.157,3.63,13.1,0.55,-1.78,16587.0,11556.0,377254.0,11.63,0.0,0.0,377254.0,11.63,-385527.0,-11.89,8273.0,0.26,-2424.0,1.151,1.154,21483423.0,24662970,24662970,2026-09-09,2026-09-09 14:21:30+08:00
159135,港股通科技ETF前海开源,0.766,0.7637,-0.3,-0.006,-0.78,125722.0,9655917.658,0.772,0.772,0.763,0.772,1.17,2.03,2.0,28.35,61909.0,63813.0,-1099130.0,-11.38,-2236189.0,-23.16,1137059.0,11.78,672720.0,6.97,426411.0,4.42,1980.0,0.765,0.766,618466384.0,473745250,473745250,2026-09-09,2026-09-09 14:21:24+08:00
589000,科创综指ETF华夏,1.501,1.5039,0.19,-0.012,-0.79,449112.0,67823209.0,1.517,1.53,1.492,1.513,2.51,4.21,1.0,11.44,212854.0,236258.0,-2755961.0,-4.06,1818809.0,2.68,-4574770.0,-6.75,1885173.0,2.78,870787.0,1.28,-1565.0,1.501,1.503,1067507808.0,1602329220,1602329220,2026-09-09,2026-09-09 14:20:40+08:00
589600,科创综指ETF富国,1.503,1.5066,0.24,-0.012,-0.79,93088.0,14045934.0,1.516,1.53,1.496,1.515,2.24,4.2,1.04,-13.41,57361.0,35727.0,420661.0,2.99,2592018.0,18.45,-2171357.0,-15.46,-526916.0,-3.75,106255.0,0.76,10.0,1.502,1.505,221535000.0,332967105,332967105,2026-09-09,2026-09-09 14:20:50+08:00
159888,智能汽车ETF华夏,1.007,1.0081,0.11,-0.008,-0.79,142983.0,14450233.2,1.014,1.02,1.003,1.015,1.67,20.3,0.99,4.91,73866.0,69117.0,-192408.0,-1.33,0.0,0.0,-192408.0,-1.33,234625.0,1.62,-42218.0,-0.29,-20.0,1.007,1.008,70446068.0,70939190,70939190,2026-09-09,2026-09-09 14:21:09+08:00
159388,创业板人工智能ETF国泰,1.004,1.0035,-0.05,-0.008,-0.79,1151168.0,116596316.8,1.029,1.033,0.996,1.012,3.66,12.58,1.15,32.84,524762.0,626406.0,-7451363.0,-6.39,-4236227.0,-3.63,-3215136.0,-2.76,5301077.0,4.55,2150287.0,1.84,60.0,1.002,1.004,914736992.0,918395940,918395940,2026-09-09,2026-09-09 14:21:18+08:00
159889,智能汽车ETF国泰,0.87,0.8706,0.07,-0.007,-0.8,7844.0,685862.3,0.875,0.879,0.868,0.877,1.25,2.76,0.64,-18.96,4754.0,3090.0,-74620.0,-10.88,0.0,0.0,-74620.0,-10.88,108707.0,15.85,-34087.0,-4.97,-110.0,0.87,0.871,28400796.0,24708693,24708693,2026-09-09,2026-09-09 14:21:09+08:00
159139,科创创业人工智能ETF华泰柏瑞,1.222,1.2219,-0.01,-0.01,-0.81,162379.0,20018182.3,1.245,1.249,1.214,1.232,2.84,9.55,0.86,25.17,64085.0,98294.0,-944475.0,-4.72,-1328215.0,-6.64,383740.0,1.92,397372.0,1.99,547101.0,2.73,800.0,1.221,1.222,170109210.0,207873455,207873455,2026-09-09,2026-09-09 14:21:24+08:00
159751,港股通科技ETF鹏华,0.859,0.8557,-0.39,-0.007,-0.81,118546.0,10218208.4,0.865,0.867,0.857,0.866,1.15,1.34,0.74,34.54,46548.0,71998.0,-1778447.0,-17.4,431500.0,4.22,-2209947.0,-21.63,1117272.0,10.93,661175.0,6.47,-2.0,0.859,0.86,882629632.0,758178854,758178854,2026-09-09,2026-09-09 14:21:09+08:00
512970,大湾区ETF平安,1.469,1.4812,0.82,-0.012,-0.81,3149.0,471571.0,1.533,1.57,1.469,1.481,6.82,5.26,0.45,0.33,74.0,3075.0,296315.0,62.84,0.0,0.0,296315.0,62.84,-272277.0,-57.74,-24038.0,-5.1,-1.0,1.478,1.483,5987600.0,8795784,8795784,2026-09-09,2026-09-09 14:21:06+08:00
159363,创业板人工智能ETF华宝,1.225,1.2259,0.07,-0.01,-0.81,5063969.0,627667469.5,1.254,1.258,1.217,1.235,3.32,8.54,0.78,7.49,2276526.0,2787443.0,-18407999.0,-2.93,49346380.0,7.86,-67754379.0,-10.79,3939955.0,0.63,14468046.0,2.31,-4.0,1.225,1.226,5932169984.0,7266908230,7266908230,2026-09-09,2026-09-09 14:21:18+08:00
517850,张江ETF汇添富,1.226,1.2306,0.37,-0.01,-0.81,1720.0,211517.0,1.241,1.245,1.223,1.236,1.78,0.45,0.34,1.93,1062.0,658.0,-62671.0,-29.63,0.0,0.0,-62671.0,-29.63,6591.0,3.12,56081.0,26.51,51.0,1.227,1.229,38185200.0,46815055,46815055,2026-09-09,2026-09-09 14:21:01+08:00
159028,港股汽车ETF天弘,0.73,0.7328,0.38,-0.006,-0.82,29408.0,2148844.148,0.735,0.735,0.727,0.736,1.09,2.22,0.49,17.46,11320.0,18088.0,-330339.0,-15.37,0.0,0.0,-330339.0,-15.37,110105.0,5.12,220234.0,10.25,20.0,0.729,0.73,132449016.0,96687782,96687782,2026-09-09,2026-09-09 14:21:30+08:00
159120,港股通科技ETF国联安,0.723,0.7258,0.39,-0.006,-0.82,246650.0,17823828.1,0.729,0.729,0.72,0.729,1.23,17.01,2.03,63.44,71234.0,175416.0,-585660.0,-3.29,8668999.0,48.64,-9254659.0,-51.92,396291.0,2.22,189369.0,1.06,-65.0,0.723,0.724,145024466.0,104852689,104852689,2026-09-09,2026-09-09 14:21:24+08:00
513560,香港科技ETF兴银,1.094,1.0908,-0.29,-0.009,-0.82,97616.0,10728074.0,1.103,1.107,1.092,1.103,1.36,1.84,0.74,15.19,35518.0,62098.0,-1585584.0,-14.78,-87719.0,-0.82,-1497865.0,-13.96,742582.0,6.92,843002.0,7.86,-5.0,1.095,1.096,531386000.0,581336284,581336284,2026-09-09,2026-09-09 14:21:03+08:00
513890,恒生科技ETF摩根,0.85,0.8473,-0.32,-0.007,-0.82,158836.0,13525794.0,0.859,0.859,0.847,0.857,1.4,1.78,0.69,2.94,59677.0,99159.0,-2375073.0,-17.56,-1871466.0,-13.84,-503607.0,-3.72,1482949.0,10.96,892125.0,6.6,235.0,0.849,0.85,892128000.0,758308800,758308800,2026-09-09,2026-09-09 14:21:02+08:00
589990,科创综指ETF华泰柏瑞,1.569,1.5752,0.39,-0.013,-0.82,16593.0,2619169.0,1.591,1.599,1.564,1.582,2.21,1.51,0.6,3.15,7015.0,9578.0,-265460.0,-10.14,0.0,0.0,-265460.0,-10.14,110523.0,4.22,154938.0,5.92,1.0,1.572,1.574,110090000.0,172731210,172731210,2026-09-09,2026-09-09 14:20:45+08:00
589680,科创综指ETF鹏华,1.459,1.4597,0.05,-0.012,-0.82,582976.0,85367982.0,1.475,1.484,1.45,1.471,2.31,4.15,0.84,17.18,355927.0,227049.0,-6428652.0,-7.53,2186330.0,2.56,-8614982.0,-10.09,2077894.0,2.43,4350758.0,5.1,4632.0,1.458,1.459,1404943696.0,2049812852,2049812852,2026-09-09,2026-09-09 14:20:49+08:00
520980,港股通科技ETF汇添富,0.839,0.8355,-0.42,-0.007,-0.83,1908773.0,160280836.0,0.845,0.847,0.835,0.846,1.42,6.08,0.91,13.62,888746.0,1020027.0,-13955039.0,-8.71,-18700192.0,-11.67,4745153.0,2.96,10842608.0,6.76,3112432.0,1.94,20.0,0.838,0.839,3138387008.0,2633106700,2633106700,2026-09-09,2026-09-09 14:20:59+08:00
159530,机器人ETF易方达,1.307,1.3068,-0.02,-0.011,-0.83,2460702.0,322093101.0,1.32,1.322,1.299,1.318,1.75,1.96,0.81,30.4,972794.0,1487908.0,-38454006.0,-11.94,-21683789.0,-6.73,-16770217.0,-5.21,16321701.0,5.07,22132306.0,6.87,32.0,1.306,1.307,12568613120.0,16427177348,16427177348,2026-09-09,2026-09-09 14:21:18+08:00
159787,建材ETF易方达,0.598,0.5966,-0.23,-0.005,-0.83,17961.0,1071668.4,0.602,0.602,0.595,0.603,1.16,1.36,0.66,24.29,5355.0,12606.0,-44684.0,-4.17,-7103.0,-0.66,-37581.0,-3.51,27730.0,2.59,16955.0,1.58,1000.0,0.597,0.598,132521633.0,79247937,79247937,2026-09-09,2026-09-09 14:21:03+08:00
560160,食品ETF易方达,0.955,0.9564,0.15,-0.008,-0.83,29621.0,2835489.0,0.963,0.963,0.952,0.963,1.14,2.7,1.65,13.81,16607.0,13014.0,339519.0,11.97,494010.0,17.42,-154491.0,-5.45,-121748.0,-4.29,-217771.0,-7.68,53.0,0.954,0.955,109706000.0,104769230,104769230,2026-09-09,2026-09-09 14:20:49+08:00
513860,港股通科技ETF海富通,0.589,0.5892,0.03,-0.005,-0.84,1342411.0,79302762.0,0.594,0.595,0.586,0.594,1.52,5.18,1.04,-19.0,578851.0,763560.0,-2166362.0,-2.73,-1991220.0,-2.51,-175142.0,-0.22,2130097.0,2.69,36264.0,0.05,6.0,0.588,0.589,2592470608.0,1526965188,1526965188,2026-09-09,2026-09-09 14:21:01+08:00
513980,港股科技ETF景顺,0.589,0.5878,-0.2,-0.005,-0.84,2374495.0,140311477.0,0.593,0.595,0.588,0.594,1.18,1.44,0.54,20.46,909092.0,1465403.0,-10532658.0,-7.51,-12379119.0,-8.82,1846461.0,1.32,6720831.0,4.79,3811827.0,2.72,-2.0,0.589,0.59,16433203968.0,9679157137,9679157137,2026-09-09,2026-09-09 14:20:55+08:00
560630,机器人ETF万家,1.068,1.0669,-0.1,-0.009,-0.84,23411.0,2504016.0,1.087,1.087,1.061,1.077,2.41,1.57,0.57,-0.09,7794.0,15617.0,-27162.0,-1.08,-1716.0,-0.07,-25446.0,-1.02,-354663.0,-14.16,381825.0,15.25,5.0,1.067,1.068,149394000.0,159552792,159552792,2026-09-09,2026-09-09 14:20:54+08:00
159559,机器人ETF景顺,1.182,1.1826,0.05,-0.01,-0.84,296596.0,35158297.1,1.191,1.197,1.175,1.192,1.85,1.55,0.69,58.07,110453.0,186143.0,-4869570.0,-13.85,-607342.0,-1.73,-4262228.0,-12.12,1123163.0,3.19,3746407.0,10.66,40.0,1.181,1.182,1909576624.0,2257119570,2257119570,2026-09-09,2026-09-09 14:21:18+08:00
159269,港股通科技ETF南方,0.824,0.826,0.24,-0.007,-0.84,729670.0,60327094.2,0.832,0.833,0.821,0.831,1.44,4.81,0.89,16.17,280227.0,449443.0,586308.0,0.97,-518509.0,-0.86,1104817.0,1.83,-340616.0,-0.56,-245692.0,-0.41,9070.0,0.824,0.825,1516311712.0,1249440851,1249440851,2026-09-09,2026-09-09 14:21:15+08:00
516750,建材ETF富国,0.587,0.5867,-0.05,-0.005,-0.84,70270.0,4122562.0,0.591,0.592,0.584,0.592,1.35,5.05,0.61,3.36,19631.0,50639.0,23399.0,0.57,-219576.0,-5.33,242975.0,5.89,-106988.0,-2.6,83590.0,2.03,2.0,0.586,0.587,139167300.0,81691205,81691205,2026-09-09,2026-09-09 14:21:03+08:00
159186,港股通汽车ETF鹏华,0.706,0.7036,-0.34,-0.006,-0.84,25139.0,1776831.0,0.711,0.711,0.703,0.712,1.12,2.83,0.63,-10.45,10536.0,14603.0,-104702.0,-5.89,0.0,0.0,-104702.0,-5.89,-36957.0,-2.08,141659.0,7.97,-500.0,0.706,0.707,88869245.0,62741687,62741687,2026-09-09,2026-09-09 14:21:15+08:00
512600,消费ETF嘉实,0.582,0.5826,0.1,-0.005,-0.85,264693.0,15451212.0,0.585,0.586,0.58,0.587,1.02,1.58,1.46,11.36,150193.0,114500.0,-366864.0,-2.37,-871113.0,-5.64,504249.0,3.26,294574.0,1.91,72290.0,0.47,-387.0,0.582,0.583,1670056096.0,971972648,971972648,2026-09-09,2026-09-09 14:20:54+08:00
159822,新经济ETF银华,0.582,0.5862,0.72,-0.005,-0.85,32045.0,1867277.7,0.587,0.587,0.581,0.587,1.02,1.09,0.66,4.4,6787.0,25258.0,-485767.0,-26.01,-95273.0,-5.1,-390494.0,-20.91,256618.0,13.74,229150.0,12.27,50.0,0.581,0.582,295034320.0,171709974,171709974,2026-09-09,2026-09-09 14:20:36+08:00
561510,中药ETF华泰柏瑞,0.936,0.9353,-0.07,-0.008,-0.85,8002.0,749748.0,0.947,0.952,0.933,0.944,2.01,1.23,0.79,1.64,2096.0,5906.0,-172893.0,-23.06,-53054.0,-7.08,-119839.0,-15.98,91480.0,12.2,81414.0,10.86,96.0,0.934,0.936,65206000.0,61032816,61032816,2026-09-09,2026-09-09 14:20:46+08:00
588470,科创创业人工智能ETF华安,0.817,0.8176,0.07,-0.007,-0.85,105583.0,8641027.0,0.834,0.835,0.813,0.824,2.67,3.8,0.92,-3.26,48953.0,56630.0,-849777.0,-9.83,-419426.0,-4.85,-430351.0,-4.98,454130.0,5.26,395648.0,4.58,-276.0,0.817,0.818,277907008.0,227050026,227050026,2026-09-09,2026-09-09 14:20:51+08:00
515250,智能汽车ETF富国,0.917,0.9188,0.2,-0.008,-0.86,179295.0,16522690.0,0.925,0.93,0.914,0.925,1.73,5.24,1.33,29.18,99952.0,79343.0,298356.0,1.81,64310.0,0.39,234046.0,1.42,-627895.0,-3.8,329540.0,1.99,-100.0,0.917,0.919,341944496.0,313563103,313563103,2026-09-09,2026-09-09 14:21:02+08:00
159242,创业板人工智能ETF大成,2.068,2.0686,0.03,-0.018,-0.86,307497.0,64096967.7,2.111,2.124,2.054,2.086,3.36,7.4,0.74,-37.58,126263.0,181234.0,2941237.0,4.59,865758.0,1.35,2075479.0,3.24,-3188321.0,-4.98,247083.0,0.39,159.0,2.067,2.069,415278576.0,858796095,858796095,2026-09-09,2026-09-09 14:21:18+08:00
589860,科创综指ETF天弘,1.499,1.5039,0.33,-0.013,-0.86,136504.0,20644479.0,1.526,1.53,1.493,1.512,2.45,8.41,1.11,29.2,59222.0,77282.0,397680.0,1.93,0.0,0.0,397680.0,1.93,-533462.0,-2.58,135783.0,0.66,33.0,1.5,1.502,162224000.0,243173776,243173776,2026-09-09,2026-09-09 14:20:51+08:00
588420,科创创业人工智能ETF摩根,1.154,1.1546,0.05,-0.01,-0.86,102612.0,11889815.0,1.175,1.185,1.146,1.164,3.35,3.04,1.03,7.19,51805.0,50807.0,1183070.0,9.95,-113584.0,-0.96,1296654.0,10.91,-428908.0,-3.61,-754161.0,-6.34,-81.0,1.154,1.155,337648000.0,389645792,389645792,2026-09-09,2026-09-09 14:20:50+08:00
513020,港股科技ETF国泰,0.92,0.9179,-0.23,-0.008,-0.86,768494.0,70961444.0,0.927,0.93,0.916,0.928,1.51,3.36,0.85,17.55,349964.0,418530.0,-5178688.0,-7.3,-7099608.0,-10.0,1920920.0,2.71,4487826.0,6.32,690862.0,0.97,-6395.0,0.92,0.921,2290145408.0,2106933775,2106933775,2026-09-09,2026-09-09 14:21:05+08:00
159072,粮食ETF景顺,1.263,1.2661,0.24,-0.011,-0.86,225942.0,28633319.618,1.266,1.3,1.232,1.274,5.34,47.78,1.9,-19.85,99389.0,126553.0,-2464500.0,-8.61,1841134.0,6.43,-4305634.0,-15.04,2306466.0,8.06,158034.0,0.55,23.0,1.263,1.264,47285157.0,59721153,59721153,2026-09-09,2026-09-09 14:21:33+08:00
562530,中证1000价值ETF华夏,1.268,1.2689,0.07,-0.011,-0.86,30101.0,3818401.0,1.276,1.277,1.262,1.279,1.17,1.93,0.42,13.94,16529.0,13572.0,819715.0,21.47,247260.0,6.48,572455.0,14.99,-231984.0,-6.08,-587732.0,-15.39,112.0,1.268,1.269,156144000.0,197990592,197990592,2026-09-09,2026-09-09 14:20:54+08:00
159291,创业板综增强ETF招商,1.158,1.1642,0.53,-0.01,-0.86,2230.0,259564.2,1.163,1.172,1.157,1.168,1.28,1.28,0.21,0.36,908.0,1322.0,59309.0,22.85,0.0,0.0,59309.0,22.85,-29752.0,-11.46,-29559.0,-11.39,2.0,1.163,1.164,17457388.0,20215655,20215655,2026-09-09,2026-09-09 14:21:15+08:00
159272,机器人ETF富国,0.789,0.7896,0.08,-0.007,-0.88,847638.0,66928382.2,0.796,0.799,0.784,0.796,1.88,2.27,0.78,72.92,226755.0,620883.0,-6124798.0,-9.15,-5376993.0,-8.03,-747805.0,-1.12,-729808.0,-1.09,6854606.0,10.24,100.0,0.788,0.789,3742164688.0,2952567939,2952567939,2026-09-09,2026-09-09 14:21:18+08:00
515980,人工智能ETF华富,1.008,1.008,0.0,-0.009,-0.88,1152220.0,116859154.0,1.025,1.031,1.003,1.017,2.75,1.85,0.61,33.48,500034.0,652185.0,-15367028.0,-13.15,-5205311.0,-4.45,-10161717.0,-8.7,6459433.0,5.53,8907597.0,7.62,-10.0,1.008,1.009,6218128896.0,6267873927,6267873927,2026-09-09,2026-09-09 14:21:02+08:00
159382,创业板人工智能ETF南方,2.602,2.6039,0.07,-0.023,-0.88,624945.0,164662177.4,2.666,2.672,2.587,2.625,3.24,7.3,0.67,62.7,237207.0,387738.0,1769594.0,1.07,22953049.0,13.94,-21183455.0,-12.86,-4575685.0,-2.78,2806090.0,1.7,-28.0,2.602,2.604,856055712.0,2227456963,2227456963,2026-09-09,2026-09-09 14:21:18+08:00
159742,恒生科技ETF博时,0.564,0.5622,-0.32,-0.005,-0.88,1118342.0,63185932.1,0.568,0.569,0.562,0.569,1.23,1.79,0.7,-17.78,445152.0,673190.0,-8658777.0,-13.7,-8446402.0,-13.37,-212375.0,-0.34,5542493.0,8.77,3116284.0,4.93,18.0,0.563,0.564,6251928320.0,3526087572,3526087572,2026-09-09,2026-09-09 14:21:12+08:00
159928,消费ETF汇添富,0.677,0.6773,0.04,-0.006,-0.88,3546762.0,240159072.0,0.681,0.682,0.674,0.683,1.17,1.53,0.94,62.39,1087086.0,2459676.0,-2011554.0,-0.84,10994505.0,4.58,-13006059.0,-5.42,-12491038.0,-5.2,14502592.0,6.04,-496.0,0.677,0.678,23112628992.0,15647249828,15647249828,2026-09-09,2026-09-09 14:21:09+08:00
159551,机器人ETF国泰,1.226,1.2258,-0.02,-0.011,-0.89,80173.0,9847751.56,1.237,1.241,1.22,1.237,1.7,2.77,0.87,23.23,39474.0,40699.0,696767.0,7.08,245017.0,2.49,451750.0,4.59,-1223311.0,-12.42,526544.0,5.35,130.0,1.225,1.226,289920928.0,355443058,355443058,2026-09-09,2026-09-09 14:21:15+08:00
513130,恒生科技ETF华泰柏瑞,0.548,0.5472,-0.15,-0.005,-0.9,21226499.0,1166497568.0,0.553,0.554,0.546,0.553,1.45,3.67,0.74,6.84,8319582.0,12906916.0,-128138427.0,-10.98,-178841728.0,-15.33,50703301.0,4.35,82714734.0,7.09,45418213.0,3.89,333.0,0.547,0.548,57913347072.0,31736514195,31736514195,2026-09-09,2026-09-09 14:21:07+08:00
159770,机器人ETF天弘,0.975,0.9755,0.05,-0.009,-0.91,699492.0,68437127.8,0.986,0.987,0.97,0.984,1.73,1.16,0.85,16.84,273160.0,426332.0,-14012518.0,-20.48,-9761218.0,-14.26,-4251300.0,-6.21,7602414.0,11.11,6410105.0,9.37,-100.0,0.975,0.976,6041587712.0,5890548019,5890548019,2026-09-09,2026-09-09 14:21:12+08:00
517550,沪港深消费龙头ETF招商,0.65,0.6527,0.41,-0.006,-0.91,34845.0,2269691.0,0.657,0.657,0.649,0.656,1.22,4.33,1.09,3.37,9534.0,25311.0,-199585.0,-8.79,0.0,0.0,-199585.0,-8.79,156037.0,6.87,43548.0,1.92,-1.0,0.65,0.651,80417400.0,52271310,52271310,2026-09-09,2026-09-09 14:20:58+08:00
589770,科创综指ETF招商,1.523,1.5278,0.31,-0.014,-0.91,167127.0,25620703.0,1.523,1.554,1.517,1.537,2.41,10.54,2.36,54.8,57886.0,109241.0,-631078.0,-2.46,493303.0,1.93,-1124381.0,-4.39,564534.0,2.2,66543.0,0.26,-10.0,1.523,1.524,158569200.0,241500892,241500892,2026-09-09,2026-09-09 14:20:50+08:00
159843,食品饮料ETF招商,0.544,0.5428,-0.22,-0.005,-0.91,105349.0,5724301.6,0.55,0.55,0.541,0.549,1.64,1.74,1.28,13.16,43433.0,61916.0,-749634.0,-13.1,-784270.0,-13.7,34636.0,0.61,405820.0,7.09,343812.0,6.01,10.0,0.543,0.544,604455136.0,328823594,328823594,2026-09-09,2026-09-09 14:21:09+08:00
588430,科创创业人工智能ETF工银,1.197,1.1969,-0.01,-0.011,-0.91,61368.0,7373808.0,1.213,1.222,1.189,1.208,2.73,6.23,1.32,27.74,32819.0,28549.0,-141814.0,-1.92,-657484.0,-8.92,515670.0,6.99,-70259.0,-0.95,212072.0,2.88,-50.0,1.196,1.197,98458000.0,117854226,117854226,2026-09-09,2026-09-09 14:20:44+08:00
589500,科创综指ETF工银,1.524,1.532,0.52,-0.014,-0.91,29313.0,4492841.0,1.549,1.555,1.522,1.538,2.15,3.66,0.81,0.88,18907.0,10406.0,457251.0,10.18,0.0,0.0,457251.0,10.18,-470240.0,-10.47,12989.0,0.29,6.0,1.527,1.528,80064000.0,122017536,122017536,2026-09-09,2026-09-09 14:20:50+08:00
159689,消费ETF南方,0.644,0.645,0.16,-0.006,-0.92,34024.0,2194961.9,0.647,0.647,0.642,0.65,0.77,4.04,1.06,15.98,16361.0,17663.0,40136.0,1.83,0.0,0.0,40136.0,1.83,-31882.0,-1.45,-8255.0,-0.38,-122.0,0.644,0.645,84147787.0,54191175,54191175,2026-09-09,2026-09-09 14:21:09+08:00
159015,恒生港股通科技ETF国联,0.865,0.8644,-0.07,-0.008,-0.92,13964.0,1210370.3,0.871,0.872,0.863,0.873,1.03,1.27,0.45,29.22,7032.0,6932.0,-201586.0,-16.65,0.0,0.0,-201586.0,-16.65,80451.0,6.65,121135.0,10.01,-70.0,0.864,0.866,110352934.0,95455288,95455288,2026-09-09,2026-09-09 14:21:30+08:00
159012,科创创业50ETF鹏华,0.862,0.8621,0.01,-0.008,-0.92,50401.0,4359440.6,0.869,0.876,0.856,0.87,2.3,3.66,0.54,-2.87,19350.0,31051.0,-151923.0,-3.48,0.0,0.0,-151923.0,-3.48,-540364.0,-12.4,692287.0,15.88,10.0,0.86,0.862,137881148.0,118853550,118853550,2026-09-09,2026-09-09 14:21:24+08:00
520590,恒生科技ETF鹏华,0.752,0.7496,-0.32,-0.007,-0.92,81957.0,6177678.0,0.762,0.762,0.749,0.759,1.71,4.18,0.99,-6.75,38225.0,43732.0,-917663.0,-14.85,-484039.0,-7.84,-433624.0,-7.02,388098.0,6.28,529565.0,8.57,14.0,0.751,0.752,196235000.0,147568720,147568720,2026-09-09,2026-09-09 14:21:00+08:00
159672,消费ETF博时,0.64,0.6407,0.11,-0.006,-0.93,15310.0,979329.7,0.643,0.644,0.638,0.646,0.93,1.19,0.39,8.96,5524.0,9786.0,-21060.0,-2.15,-51074.0,-5.22,30014.0,3.06,14381.0,1.47,6680.0,0.68,-100.0,0.64,0.641,128887409.0,82487942,82487942,2026-09-09,2026-09-09 14:21:09+08:00
560080,中药ETF汇添富,0.954,0.9537,-0.03,-0.009,-0.93,248543.0,23745618.0,0.962,0.962,0.951,0.963,1.14,1.09,0.72,32.49,100143.0,148400.0,-4057368.0,-17.09,1319711.0,5.56,-5377079.0,-22.64,2086002.0,8.78,1971365.0,8.3,20.0,0.953,0.954,2278765008.0,2173941818,2173941818,2026-09-09,2026-09-09 14:20:56+08:00
159537,信创ETF国泰,0.856,0.8567,0.08,-0.008,-0.93,20854.0,1794347.394,0.87,0.881,0.852,0.864,3.36,1.39,0.46,23.51,8557.0,12297.0,-38297.0,-2.13,-146513.0,-8.17,108216.0,6.03,-195424.0,-10.89,233721.0,13.03,193.0,0.856,0.857,150285204.0,128644135,128644135,2026-09-09,2026-09-09 14:21:18+08:00
159142,科创创业人工智能ETF景顺,1.17,1.1692,-0.07,-0.011,-0.93,441433.0,52038964.2,1.19,1.197,1.162,1.181,2.96,3.82,0.91,50.59,207866.0,233567.0,-3215951.0,-6.18,2044596.0,3.93,-5260547.0,-10.11,909836.0,1.75,2306115.0,4.43,44.0,1.169,1.17,1155260144.0,1351654368,1351654368,2026-09-09,2026-09-09 14:21:24+08:00
159279,创业板人工智能ETF华安,1.39,1.3905,0.04,-0.013,-0.93,330581.0,46471895.1,1.42,1.429,1.382,1.403,3.35,22.13,1.35,-4.41,119417.0,211164.0,-2563085.0,-5.52,-725806.0,-1.56,-1837279.0,-3.95,1784993.0,3.84,778091.0,1.67,-300.0,1.389,1.391,149387534.0,207648672,207648672,2026-09-09,2026-09-09 14:21:18+08:00
159239,港股通汽车ETF富国,0.736,0.7348,-0.16,-0.007,-0.94,70370.0,5187261.8,0.743,0.743,0.734,0.743,1.21,6.91,0.72,-10.38,24439.0,45931.0,-1007488.0,-19.42,367000.0,7.08,-1374488.0,-26.5,407512.0,7.86,599976.0,11.57,413.0,0.736,0.737,101780753.0,74910634,74910634,2026-09-09,2026-09-09 14:21:15+08:00
159273,云计算ETF汇添富,1.366,1.3652,-0.06,-0.013,-0.94,57964.0,7951130.1,1.382,1.387,1.36,1.379,1.96,0.82,0.48,-10.53,25005.0,32959.0,-8286.0,-0.1,804190.0,10.11,-812476.0,-10.22,-1430567.0,-17.99,1438854.0,18.1,2.0,1.365,1.366,709777504.0,969556070,969556070,2026-09-09,2026-09-09 14:21:15+08:00
159750,港股科技50ETF招商,0.83,0.8341,0.49,-0.008,-0.95,224338.0,18667408.5,0.841,0.841,0.827,0.838,1.67,1.76,0.93,21.83,94078.0,130260.0,-2620470.0,-14.04,-219739.0,-1.18,-2400731.0,-12.86,1426636.0,7.64,1193835.0,6.4,1.0,0.829,0.83,1274618256.0,1057933152,1057933152,2026-09-09,2026-09-09 14:21:09+08:00
159050,机器人ETF广发,0.835,0.8354,0.05,-0.008,-0.95,135902.0,11364649.702,0.844,0.846,0.83,0.843,1.9,2.08,0.81,32.53,44048.0,91854.0,-1995863.0,-17.56,-1021573.0,-8.99,-974290.0,-8.57,1080273.0,9.51,915590.0,8.06,100.0,0.834,0.835,652703616.0,545007519,545007519,2026-09-09,2026-09-09 14:21:33+08:00
510630,消费ETF华夏,0.825,0.8245,-0.06,-0.008,-0.96,575536.0,47445202.0,0.836,0.836,0.82,0.833,1.92,10.51,1.04,8.17,244797.0,330739.0,-786165.0,-1.66,1273940.0,2.69,-2060105.0,-4.34,-233119.0,-0.49,1019285.0,2.15,68.0,0.824,0.825,547361504.0,451573241,451573241,2026-09-09,2026-09-09 14:21:09+08:00
159872,智能网联汽车ETF鹏华,0.823,0.8261,0.38,-0.008,-0.96,841.0,69286.0,0.829,0.83,0.822,0.831,0.96,0.14,0.11,23.78,29.0,812.0,56310.0,81.27,-3964.0,-5.72,60274.0,86.99,-41100.0,-59.32,-15210.0,-21.95,-6.0,0.825,0.827,59299732.0,48803679,48803679,2026-09-09,2026-09-09 14:20:54+08:00
516550,农业ETF嘉实,0.722,0.7232,0.17,-0.007,-0.96,120530.0,8713139.0,0.726,0.727,0.718,0.729,1.23,4.58,1.13,10.42,44894.0,75636.0,-82176.0,-0.94,1201792.0,13.79,-1283968.0,-14.74,-106286.0,-1.22,188463.0,2.16,-1.0,0.722,0.723,263414400.0,190185197,190185197,2026-09-09,2026-09-09 14:20:59+08:00
159306,汽车零部件ETF平安,1.137,1.1423,0.46,-0.011,-0.96,2534.0,289515.7,1.148,1.15,1.136,1.148,1.22,1.19,0.24,44.05,344.0,2190.0,101918.0,35.2,0.0,0.0,101918.0,35.2,-112148.0,-38.74,10229.0,3.53,116.0,1.141,1.143,21244616.0,24155128,24155128,2026-09-09,2026-09-09 14:21:12+08:00
588940,科创50ETF富国,0.819,0.8203,0.16,-0.008,-0.97,843783.0,69414728.0,0.828,0.834,0.815,0.827,2.3,2.72,0.58,-0.99,322123.0,521660.0,-12065396.0,-17.38,-11684377.0,-16.83,-381019.0,-0.55,6104537.0,8.79,5962662.0,8.59,-173.0,0.819,0.82,3098840000.0,2537949960,2537949960,2026-09-09,2026-09-09 14:20:49+08:00
159747,香港科技ETF南方,1.125,1.1219,-0.28,-0.011,-0.97,200031.0,22579041.8,1.137,1.137,1.122,1.136,1.32,6.4,0.49,-3.49,77862.0,122169.0,-1202231.0,-5.32,-965015.0,-4.27,-237216.0,-1.05,246399.0,1.09,955832.0,4.23,50.0,1.124,1.125,312712272.0,351801306,351801306,2026-09-09,2026-09-09 14:21:09+08:00
159140,科创创业人工智能ETF易方达,1.227,1.2266,-0.03,-0.012,-0.97,427774.0,52705324.268,1.25,1.258,1.219,1.239,3.15,8.99,0.84,47.92,189684.0,238090.0,-1714860.0,-3.25,-2453132.0,-4.65,738272.0,1.4,461967.0,0.88,1252892.0,2.38,92.0,1.226,1.227,475936832.0,583974493,583974493,2026-09-09,2026-09-09 14:21:24+08:00
588530,科创创业人工智能ETF中银证券,0.915,0.9129,-0.23,-0.009,-0.97,14394.0,1317992.0,0.906,0.932,0.906,0.924,2.81,0.64,0.49,-3.39,6468.0,7926.0,-501525.0,-38.05,0.0,0.0,-501525.0,-38.05,463835.0,35.19,37690.0,2.86,59.0,0.912,0.914,225033300.0,205905470,205905470,2026-09-09,2026-09-09 14:20:51+08:00
520570,恒生科技ETF南方,0.706,0.6999,-0.87,-0.007,-0.98,595117.0,42115547.0,0.711,0.713,0.704,0.713,1.26,1.7,0.68,-3.99,262609.0,332508.0,-4732560.0,-11.24,-124921.0,-0.3,-4607639.0,-10.94,3170310.0,7.53,1562251.0,3.71,13.0,0.705,0.706,3508876000.0,2477266456,2477266456,2026-09-09,2026-09-09 14:20:50+08:00
516600,消费服务ETF工银,0.605,0.6049,-0.02,-0.006,-0.98,21093.0,1276061.0,0.608,0.608,0.603,0.611,0.82,1.91,1.82,-1.34,5603.0,15490.0,6970.0,0.55,17341.0,1.36,-10371.0,-0.81,-593.0,-0.05,-6377.0,-0.5,-184.0,0.604,0.606,110332100.0,66750921,66750921,2026-09-09,2026-09-09 14:21:03+08:00
515710,食品饮料ETF华宝,0.499,0.4993,0.06,-0.005,-0.99,354293.0,17701526.0,0.505,0.505,0.497,0.504,1.59,1.53,1.13,51.16,159753.0,194540.0,-1397706.0,-7.9,-1980439.0,-11.19,582733.0,3.29,800013.0,4.52,597692.0,3.38,-1.0,0.499,0.5,2318599808.0,1156981304,1156981304,2026-09-09,2026-09-09 14:21:01+08:00
159508,生物医药ETF华安,0.803,0.8024,-0.07,-0.008,-0.99,52632.0,4221758.3,0.809,0.809,0.798,0.811,1.36,5.74,0.96,15.86,19914.0,32718.0,-521729.0,-12.36,-136126.0,-3.22,-385603.0,-9.13,302203.0,7.16,219526.0,5.2,100.0,0.801,0.803,91631598.0,73580173,73580173,2026-09-09,2026-09-09 14:21:18+08:00
159526,机器人ETF嘉实,1.395,1.3961,0.08,-0.014,-0.99,104536.0,14626174.2,1.409,1.412,1.388,1.409,1.7,1.85,0.83,-0.13,45576.0,58960.0,-2400949.0,-16.42,53733.0,0.37,-2454682.0,-16.78,1700617.0,11.63,700333.0,4.79,-1000.0,1.395,1.396,564962960.0,788123329,788123329,2026-09-09,2026-09-09 14:21:15+08:00
159575,创业板200ETF银华,1.389,1.3973,0.59,-0.014,-1.0,2101.0,295048.3,1.396,1.411,1.389,1.403,1.57,2.23,0.16,-0.15,126.0,1975.0,-4420.0,-1.5,0.0,0.0,-4420.0,-1.5,16195.0,5.49,-11775.0,-3.99,-2.0,1.396,1.397,9410425.0,13071080,13071080,2026-09-09,2026-09-09 14:21:15+08:00
589880,科创综指ETF建信,1.48,1.4857,0.38,-0.015,-1.0,147941.0,22095838.0,1.502,1.51,1.473,1.495,2.47,3.29,1.13,13.95,75692.0,72249.0,-1911566.0,-8.65,-860395.0,-3.89,-1051171.0,-4.76,1672627.0,7.57,238939.0,1.08,7.0,1.48,1.482,449996000.0,665994080,665994080,2026-09-09,2026-09-09 14:20:39+08:00
520530,港股通科技ETF东财,0.789,0.7852,-0.48,-0.008,-1.0,216668.0,17181044.0,0.797,0.799,0.786,0.797,1.63,9.19,1.36,47.67,92026.0,124642.0,-3659203.0,-21.3,-4981891.0,-29.0,1322688.0,7.7,1635831.0,9.52,2023372.0,11.78,2.0,0.788,0.789,235776000.0,186027264,186027264,2026-09-09,2026-09-09 14:20:54+08:00
159736,食品饮料ETF天弘,0.597,0.5961,-0.15,-0.006,-1.0,442032.0,26376675.6,0.602,0.602,0.594,0.603,1.33,0.59,1.64,10.42,266302.0,175730.0,-8149902.0,-30.9,-8827710.0,-33.47,677808.0,2.57,7997049.0,30.32,152853.0,0.58,419.0,0.596,0.597,7480394496.0,4465795514,4465795514,2026-09-09,2026-09-09 14:21:06+08:00
159738,云计算ETF华泰柏瑞,1.977,1.9808,0.19,-0.02,-1.0,60740.0,12107731.8,2.008,2.01,1.969,1.997,2.05,4.5,0.53,22.74,32952.0,27788.0,-2087550.0,-17.24,0.0,0.0,-2087550.0,-17.24,1728631.0,14.28,358919.0,2.96,16.0,1.976,1.977,134992667.0,266880503,266880503,2026-09-09,2026-09-09 14:21:12+08:00
516900,食品饮料ETF华安,0.493,0.4924,-0.12,-0.005,-1.0,52491.0,2587180.0,0.497,0.497,0.49,0.498,1.41,1.87,0.43,4.22,29449.0,23042.0,-692941.0,-26.78,26130.0,1.01,-719071.0,-27.79,484416.0,18.72,208525.0,8.06,30.0,0.492,0.493,280229008.0,138152901,138152901,2026-09-09,2026-09-09 14:20:50+08:00
510150,消费ETF招商,0.494,0.494,0.0,-0.005,-1.0,403236.0,19908326.0,0.499,0.499,0.492,0.499,1.4,1.42,1.16,64.95,157681.0,245555.0,-3005560.0,-15.1,-4532983.0,-22.77,1527423.0,7.67,2062447.0,10.36,943114.0,4.74,-2.0,0.493,0.494,2835178608.0,1400578232,1400578232,2026-09-09,2026-09-09 14:21:11+08:00
515750,科技50ETF富国,1.971,1.9722,0.06,-0.02,-1.0,44254.0,8757052.0,1.991,1.993,1.964,1.991,1.46,1.68,1.28,24.53,21243.0,23011.0,-1791983.0,-20.46,-1998359.0,-22.82,206376.0,2.36,956372.0,10.92,835611.0,9.54,-50.0,1.971,1.973,263140500.0,518649926,518649926,2026-09-09,2026-09-09 14:21:03+08:00
589110,科创人工智能ETF国泰,0.879,0.8798,0.09,-0.009,-1.01,73483.0,6469462.0,0.889,0.9,0.873,0.888,3.04,1.36,0.9,3.39,35808.0,37675.0,-121393.0,-1.88,0.0,0.0,-121393.0,-1.88,-102829.0,-1.59,224222.0,3.47,100.0,0.878,0.88,540413008.0,475023034,475023034,2026-09-09,2026-09-09 14:20:49+08:00
159647,中药ETF鹏华,0.885,0.8853,0.03,-0.009,-1.01,142481.0,12627541.7,0.894,0.894,0.883,0.894,1.23,1.41,1.39,20.86,37779.0,104702.0,-671100.0,-5.31,2103859.0,16.66,-2774959.0,-21.98,789419.0,6.25,-118320.0,-0.94,-120.0,0.885,0.886,1013461760.0,896913658,896913658,2026-09-09,2026-09-09 14:21:12+08:00
159657,疫苗ETF鹏华,0.585,0.5854,0.07,-0.006,-1.02,16883.0,986375.9,0.586,0.59,0.582,0.591,1.35,1.05,0.61,9.34,7733.0,9150.0,593.0,0.06,170385.0,17.27,-169792.0,-17.21,-51973.0,-5.27,51379.0,5.21,1.0,0.584,0.586,161514819.0,94486169,94486169,2026-09-09,2026-09-09 14:21:12+08:00
159010,港股通科技ETF博时,0.877,0.8764,-0.07,-0.009,-1.02,80457.0,7067734.697,0.885,0.886,0.876,0.886,1.13,4.02,2.51,8.78,27330.0,53127.0,-985319.0,-13.94,-216461.0,-3.06,-768858.0,-10.88,696714.0,9.86,288606.0,4.08,80.0,0.876,0.877,200097611.0,175485605,175485605,2026-09-09,2026-09-09 14:21:30+08:00
588410,科创创业人工智能ETF鹏华,1.166,1.1684,0.21,-0.012,-1.02,41038.0,4827110.0,1.178,1.194,1.161,1.178,2.8,3.62,1.48,7.29,23335.0,17703.0,-867840.0,-17.98,484102.0,10.03,-1351942.0,-28.01,365007.0,7.56,502833.0,10.42,300.0,1.166,1.168,113250000.0,132049500,132049500,2026-09-09,2026-09-09 14:20:47+08:00
159258,机器人ETF南方,1.064,1.0644,0.04,-0.011,-1.02,276244.0,29455342.9,1.071,1.077,1.058,1.075,1.77,2.08,1.45,5.66,109166.0,167078.0,3801269.0,12.91,1146363.0,3.89,2654906.0,9.01,-4275548.0,-14.52,474279.0,1.61,60.0,1.063,1.064,1325765664.0,1410614666,1410614666,2026-09-09,2026-09-09 14:21:18+08:00
159246,创业板人工智能ETF富国,1.154,1.1539,-0.01,-0.012,-1.03,762803.0,88679928.2,1.184,1.186,1.147,1.166,3.34,2.41,1.18,-19.05,270787.0,492016.0,-6404644.0,-7.22,1457045.0,1.64,-7861689.0,-8.87,2695840.0,3.04,3708803.0,4.18,-175.0,1.154,1.156,3167655600.0,3655474562,3655474562,2026-09-09,2026-09-09 14:21:18+08:00
517800,人工智能50ETF方正富邦,0.96,0.966,0.62,-0.01,-1.03,24311.0,2342535.0,0.979,0.982,0.956,0.97,2.68,1.14,0.94,18.49,8352.0,15959.0,-103275.0,-4.41,0.0,0.0,-103275.0,-4.41,-122114.0,-5.21,225388.0,9.62,-1.0,0.96,0.962,213539700.0,204998112,204998112,2026-09-09,2026-09-09 14:20:50+08:00
562390,中药ETF银华,0.869,0.8677,-0.15,-0.009,-1.03,15965.0,1388647.0,0.878,0.878,0.866,0.878,1.37,1.98,1.19,6.7,5336.0,10629.0,-207256.0,-14.93,-106766.0,-7.69,-100490.0,-7.24,-25442.0,-1.83,232697.0,16.76,50.0,0.868,0.869,80429000.0,69892801,69892801,2026-09-09,2026-09-09 14:20:54+08:00
589010,科创人工智能ETF华夏,1.341,1.3407,-0.02,-0.014,-1.03,248906.0,33631463.0,1.358,1.371,1.332,1.355,2.88,2.66,0.75,4.96,130773.0,118133.0,-1593905.0,-4.74,3540691.0,10.53,-5134596.0,-15.27,-199085.0,-0.59,1792990.0,5.33,40.0,1.34,1.341,935793008.0,1254898424,1254898424,2026-09-09,2026-09-09 14:20:50+08:00
159766,旅游ETF富国,0.577,0.5782,0.21,-0.006,-1.03,3127990.0,179699514.594,0.581,0.581,0.57,0.583,1.89,5.54,0.97,35.55,1304093.0,1823897.0,-13880289.0,-7.72,-9935900.0,-5.53,-3944389.0,-2.19,7477778.0,4.16,6402510.0,3.56,-460.0,0.577,0.578,5649640960.0,3259842834,3259842834,2026-09-09,2026-09-09 14:21:12+08:00
589520,科创人工智能ETF华宝,0.57,0.5696,-0.07,-0.006,-1.04,357748.0,20493149.0,0.578,0.582,0.565,0.576,2.95,4.13,0.99,17.89,143298.0,214450.0,-4067324.0,-19.85,-4045704.0,-19.74,-21620.0,-0.11,1879744.0,9.17,2187581.0,10.67,237.0,0.569,0.57,867104608.0,494249627,494249627,2026-09-09,2026-09-09 14:20:46+08:00
517950,沪深港科技50ETF交银,1.144,1.1513,0.63,-0.012,-1.04,8849.0,1018669.0,1.154,1.157,1.143,1.156,1.21,1.77,0.31,-3.33,6687.0,2162.0,12646.0,1.24,0.0,0.0,12646.0,1.24,-22860.0,-2.24,10214.0,1.0,70.0,1.148,1.149,50123200.0,57340941,57340941,2026-09-09,2026-09-09 14:21:00+08:00
520860,港股通科技ETF富国,0.761,0.7612,0.03,-0.008,-1.04,136729.0,10441303.0,0.77,0.77,0.759,0.769,1.43,4.0,0.85,-3.0,55640.0,81089.0,-709348.0,-6.79,-1144000.0,-10.96,434652.0,4.16,536577.0,5.14,172771.0,1.65,-1000.0,0.761,0.762,342195008.0,260410401,260410401,2026-09-09,2026-09-09 14:20:55+08:00
562500,机器人ETF华夏,0.941,0.9407,-0.03,-0.01,-1.05,3975542.0,374419135.0,0.951,0.953,0.935,0.951,1.89,2.16,1.26,43.91,1025217.0,2950325.0,-63505993.0,-16.96,-46725302.0,-12.48,-16780691.0,-4.48,26890388.0,7.18,36615605.0,9.78,57.0,0.94,0.941,18407687424.0,17321633866,17321633866,2026-09-09,2026-09-09 14:20:56+08:00
159213,机器人ETF汇添富,1.133,1.1336,0.05,-0.012,-1.05,155499.0,17656541.9,1.145,1.147,1.128,1.145,1.66,3.25,0.98,-11.09,71702.0,83797.0,-930313.0,-5.27,-507090.0,-2.87,-423223.0,-2.4,143082.0,0.81,787231.0,4.46,-1.0,1.133,1.134,478237568.0,541843165,541843165,2026-09-09,2026-09-09 14:21:24+08:00
588790,科创AIETF博时,0.757,0.7579,0.12,-0.008,-1.05,2270644.0,172874929.0,0.769,0.775,0.751,0.765,3.14,6.64,0.81,14.13,945618.0,1325026.0,-21937259.0,-12.69,-18201543.0,-10.53,-3735716.0,-2.16,-590847.0,-0.34,22528106.0,13.03,-6.0,0.757,0.758,3418384000.0,2587716688,2587716688,2026-09-09,2026-09-09 14:20:49+08:00
517230,云计算ETF永赢,0.945,0.946,0.11,-0.01,-1.05,58704.0,5572485.0,0.955,0.956,0.941,0.955,1.57,3.75,1.63,-8.16,24051.0,34653.0,535690.0,9.61,-168827.0,-3.03,704517.0,12.64,-700824.0,-12.58,165134.0,2.96,85.0,0.944,0.945,156545800.0,147935781,147935781,2026-09-09,2026-09-09 14:21:01+08:00
159095,云计算ETF银华,0.929,0.9276,-0.15,-0.01,-1.06,40561.0,3780536.763,0.939,0.944,0.923,0.939,2.24,1.87,0.62,-14.92,10386.0,30175.0,-241604.0,-6.39,0.0,0.0,-241604.0,-6.39,81886.0,2.17,159718.0,4.22,4.0,0.927,0.928,217468139.0,202027901,202027901,2026-09-09,2026-09-09 14:21:33+08:00
512010,医药ETF易方达,0.375,0.3741,-0.24,-0.004,-1.06,6332225.0,237233385.0,0.378,0.378,0.373,0.379,1.32,1.58,1.06,30.07,2245110.0,4087115.0,-20675999.0,-8.72,-32717780.0,-13.79,12041781.0,5.08,15397884.0,6.49,5278116.0,2.22,3.0,0.374,0.375,40083694848.0,15031385568,15031385568,2026-09-09,2026-09-09 14:21:09+08:00
520920,恒生科技ETF天弘,0.654,0.6551,0.17,-0.007,-1.06,2349956.0,154130209.0,0.661,0.662,0.652,0.661,1.51,1.24,1.33,-20.57,1052857.0,1297099.0,-22110183.0,-14.35,-19401723.0,-12.59,-2708460.0,-1.76,16045564.0,10.41,6064620.0,3.93,550.0,0.653,0.654,18919019008.0,12373038431,12373038431,2026-09-09,2026-09-09 14:21:00+08:00
515170,食品饮料ETF华夏,0.467,0.4662,-0.17,-0.005,-1.06,1845003.0,86222577.0,0.472,0.472,0.465,0.472,1.48,2.15,1.23,49.39,502008.0,1342995.0,-5404550.0,-6.27,7277095.0,8.44,-12681645.0,-14.71,3074710.0,3.57,2329840.0,2.7,40.0,0.466,0.467,8583257856.0,4008381419,4008381419,2026-09-09,2026-09-09 14:21:03+08:00
562360,机器人ETF银华,1.015,1.0157,0.07,-0.011,-1.07,97001.0,9892508.0,1.025,1.028,1.011,1.026,1.66,3.32,0.95,8.18,46363.0,50638.0,-1080615.0,-10.92,-627292.0,-6.34,-453323.0,-4.58,511817.0,5.17,568798.0,5.75,-10.0,1.015,1.017,292474000.0,296861110,296861110,2026-09-09,2026-09-09 14:20:51+08:00
513580,恒生科技ETF华安,0.553,0.5579,0.88,-0.006,-1.07,898291.0,49801967.0,0.559,0.559,0.551,0.559,1.43,1.48,0.88,-4.51,357491.0,540800.0,-5752832.0,-11.55,3593445.0,7.22,-9346277.0,-18.77,4151509.0,8.34,1601323.0,3.22,190.0,0.552,0.553,6058117888.0,3350139192,3350139192,2026-09-09,2026-09-09 14:21:03+08:00
517130,云计算ETF嘉实,0.923,0.9244,0.15,-0.01,-1.07,22098.0,2049003.0,0.94,0.94,0.921,0.933,2.04,1.17,0.55,16.6,6267.0,15831.0,-606431.0,-29.6,0.0,0.0,-606431.0,-29.6,221876.0,10.83,384555.0,18.77,-11.0,0.923,0.924,188654000.0,174127642,174127642,2026-09-09,2026-09-09 14:21:04+08:00
589550,科创价值ETF华夏,1.28,1.2847,0.37,-0.014,-1.08,1697.0,219315.0,1.293,1.293,1.28,1.294,1.0,0.67,0.19,0.2,93.0,1604.0,-25106.0,-11.45,0.0,0.0,-25106.0,-11.45,0.0,0.0,25106.0,11.45,1.0,1.283,1.285,25295500.0,32378240,32378240,2026-09-09,2026-09-09 14:20:45+08:00
159740,恒生科技ETF大成,0.548,0.5477,-0.05,-0.006,-1.08,10483129.0,576115610.459,0.554,0.554,0.546,0.554,1.44,4.16,0.98,-12.33,4575177.0,5907952.0,-63398722.0,-11.0,-97131344.0,-16.86,33732622.0,5.86,41970542.0,7.29,21428175.0,3.72,20.0,0.547,0.548,25221120512.0,13821174041,13821174041,2026-09-09,2026-09-09 14:21:12+08:00
159616,农牧ETF建信,0.828,0.8289,0.11,-0.009,-1.08,196430.0,16321664.4,0.837,0.838,0.823,0.837,1.79,29.51,1.21,23.62,78693.0,117737.0,48625.0,0.3,415500.0,2.55,-366875.0,-2.25,-30342.0,-0.19,-18284.0,-0.11,-1.0,0.828,0.829,66561112.0,55112601,55112601,2026-09-09,2026-09-09 14:21:09+08:00
159862,食品饮料ETF银华,0.546,0.5452,-0.15,-0.006,-1.09,23384.0,1276088.6,0.553,0.553,0.544,0.552,1.63,0.77,0.67,11.68,7317.0,16067.0,-353679.0,-27.72,-597374.0,-46.81,243695.0,19.1,234665.0,18.39,119014.0,9.33,3.0,0.545,0.546,304500624.0,166257341,166257341,2026-09-09,2026-09-09 14:21:06+08:00
159839,生物医药ETF汇添富,0.363,0.3631,0.03,-0.004,-1.09,640006.0,23248456.3,0.364,0.366,0.361,0.367,1.36,2.4,0.76,37.0,275705.0,364301.0,-1032860.0,-4.44,-626842.0,-2.7,-406018.0,-1.75,426313.0,1.83,606547.0,2.61,333.0,0.363,0.364,2672235168.0,970021366,970021366,2026-09-09,2026-09-09 14:21:03+08:00
159039,机器人ETF华安,0.818,0.8188,0.1,-0.009,-1.09,351565.0,28840505.218,0.826,0.829,0.814,0.827,1.81,3.28,0.96,49.54,183741.0,167824.0,-5382641.0,-18.66,-49487.0,-0.17,-5333154.0,-18.49,3833039.0,13.29,1549603.0,5.37,-300.0,0.818,0.819,1071461424.0,876455445,876455445,2026-09-09,2026-09-09 14:21:33+08:00
158003,港股通医疗ETF嘉实,0.99,0.9963,0.63,-0.011,-1.1,62359.0,6184235.185,0.999,1.008,0.986,1.001,2.2,6.52,0.44,-4.21,27237.0,35122.0,-156544.0,-2.53,-716173.0,-11.58,559629.0,9.05,69268.0,1.12,87278.0,1.41,100.0,0.989,0.99,95654396.0,94697852,94697852,2026-09-09,2026-09-09 14:21:30+08:00
159745,建材ETF国泰,0.538,0.5382,0.04,-0.006,-1.1,413801.0,22266690.7,0.543,0.543,0.535,0.544,1.47,3.08,0.54,52.65,143113.0,270688.0,-2391521.0,-10.74,-387736.0,-1.74,-2003785.0,-9.0,1489199.0,6.69,902320.0,4.05,420.0,0.537,0.538,1341688272.0,721828290,721828290,2026-09-09,2026-09-09 14:21:12+08:00
513330,恒生互联网ETF华夏,0.357,0.3542,-0.79,-0.004,-1.11,27167319.0,973176641.0,0.361,0.362,0.355,0.361,1.94,3.84,1.03,-9.98,10386916.0,16780403.0,-92212546.0,-9.48,-182080416.0,-18.71,89867870.0,9.23,70724632.0,7.27,21487908.0,2.21,8.0,0.356,0.357,70811480064.0,25279698383,25279698383,2026-09-09,2026-09-09 14:21:06+08:00
513260,恒生科技ETF汇添富,1.069,1.0663,-0.25,-0.012,-1.11,1164759.0,124972861.0,1.08,1.081,1.066,1.081,1.39,2.44,0.84,8.37,519566.0,645193.0,-13652654.0,-10.92,-15728499.0,-12.59,2075845.0,1.66,6466817.0,5.17,7185837.0,5.75,50.0,1.068,1.069,4770243072.0,5099389844,5099389844,2026-09-09,2026-09-09 14:21:05+08:00
560660,云计算50ETF新华,1.056,1.0568,0.08,-0.012,-1.12,33687.0,3573346.0,1.07,1.077,1.05,1.068,2.53,2.65,0.74,9.95,19047.0,14640.0,576584.0,16.14,915579.0,25.62,-338995.0,-9.49,-826414.0,-23.13,249830.0,6.99,148.0,1.056,1.057,126938000.0,134046528,134046528,2026-09-09,2026-09-09 14:20:57+08:00
589410,科创人工智能ETF嘉实,0.796,0.7975,0.19,-0.009,-1.12,64990.0,5210123.0,0.811,0.813,0.792,0.805,2.61,1.15,1.15,4.4,20417.0,44573.0,-1881727.0,-36.12,-939887.0,-18.04,-941840.0,-18.08,1177995.0,22.61,703733.0,13.51,-100.0,0.796,0.798,564565600.0,449394218,449394218,2026-09-09,2026-09-09 14:20:49+08:00
588730,科创人工智能ETF易方达,1.415,1.4164,0.1,-0.016,-1.12,196606.0,27961209.0,1.436,1.447,1.405,1.431,2.94,2.66,0.65,6.34,90932.0,105674.0,-3544058.0,-12.67,-836563.0,-2.99,-2707495.0,-9.68,125435.0,0.45,3418624.0,12.23,30.0,1.414,1.416,739396304.0,1046245770,1046245770,2026-09-09,2026-09-09 14:20:50+08:00
512720,计算机ETF国泰,1.132,1.1322,0.02,-0.013,-1.14,113072.0,12836201.0,1.145,1.147,1.126,1.145,1.83,3.19,0.57,3.96,55335.0,57737.0,-1094502.0,-8.53,338893.0,2.64,-1433395.0,-11.17,589829.0,4.6,504673.0,3.93,400.0,1.131,1.132,354453408.0,401241258,401241258,2026-09-09,2026-09-09 14:21:06+08:00
159527,云计算ETF广发,0.692,0.6913,-0.1,-0.008,-1.14,148233.0,10291628.947,0.7,0.704,0.688,0.7,2.29,3.23,0.85,4.02,67187.0,81046.0,-700332.0,-6.8,-704110.0,-6.84,3778.0,0.04,139853.0,1.36,560479.0,5.45,182.0,0.691,0.692,458301344.0,317144530,317144530,2026-09-09,2026-09-09 14:21:12+08:00
159538,信创ETF富国,0.866,0.8657,-0.03,-0.01,-1.14,79450.0,6915477.8,0.88,0.883,0.861,0.876,2.51,3.74,1.23,66.41,62526.0,16924.0,-3831214.0,-55.4,-3717471.0,-53.76,-113743.0,-1.64,-364196.0,-5.27,4195411.0,60.67,-231.0,0.865,0.867,212608966.0,184119365,184119365,2026-09-09,2026-09-09 14:21:18+08:00
159645,疫苗ETF富国,0.606,0.607,0.16,-0.007,-1.14,6019.0,364910.0,0.612,0.612,0.604,0.613,1.31,0.84,0.38,2.23,674.0,5345.0,99112.0,27.16,-182.0,-0.05,99294.0,27.21,-95594.0,-26.2,-3518.0,-0.96,-724.0,0.606,0.607,71540740.0,43353688,43353688,2026-09-09,2026-09-09 14:21:12+08:00
513320,港股通新经济ETF易方达,1.042,1.0389,-0.3,-0.012,-1.14,31354.0,3274459.0,1.054,1.062,1.04,1.054,2.09,3.45,0.44,-10.29,15399.0,15955.0,-211527.0,-6.46,0.0,0.0,-211527.0,-6.46,32348.0,0.99,179179.0,5.47,-10.0,1.042,1.043,91010600.0,94833045,94833045,2026-09-09,2026-09-09 14:21:06+08:00
159125,港股通科技ETF招商,0.687,0.6857,-0.19,-0.008,-1.15,286699.0,19761829.64,0.697,0.701,0.685,0.695,2.3,3.41,1.01,1.18,122627.0,164072.0,179009.0,0.91,632186.0,3.2,-453177.0,-2.29,248006.0,1.25,-427016.0,-2.16,20.0,0.686,0.687,840245888.0,577248925,577248925,2026-09-09,2026-09-09 14:21:24+08:00
560770,机器人ETF招商,0.94,0.9393,-0.07,-0.011,-1.16,153112.0,14438891.0,0.956,0.956,0.934,0.951,2.31,0.93,0.97,9.98,55856.0,97256.0,-2364851.0,-16.38,-3264177.0,-22.61,899326.0,6.23,1216117.0,8.42,1148733.0,7.96,5.0,0.939,0.94,1641133008.0,1542665028,1542665028,2026-09-09,2026-09-09 14:20:55+08:00
526010,港股通医疗ETF汇添富,1.025,1.0275,0.24,-0.012,-1.16,62903.0,6483003.0,1.03,1.056,1.021,1.037,3.38,19.38,1.18,-4.04,29435.0,33468.0,250445.0,3.86,0.0,0.0,250445.0,3.86,-189006.0,-2.92,-61438.0,-0.95,38.0,1.022,1.024,32458000.0,33269450,33269450,2026-09-09,2026-09-09 14:20:39+08:00
159804,创中盘88ETF国寿,1.62,1.6223,0.14,-0.019,-1.16,68.0,11056.8,1.623,1.63,1.62,1.639,0.61,0.04,0.14,0.07,24.0,44.0,0.0,0.0,0.0,0.0,0.0,0.0,-2105.0,-19.04,2105.0,19.04,2.0,1.619,1.622,15899676.0,25757475,25757475,2026-09-09,2026-09-09 14:21:06+08:00
517390,云计算ETF天弘,1.864,1.8699,0.32,-0.022,-1.17,7667.0,1433971.0,1.886,1.894,1.858,1.886,1.91,0.59,0.26,8.61,3419.0,4248.0,-298836.0,-20.84,0.0,0.0,-298836.0,-20.84,-176282.0,-12.29,475117.0,33.13,10.0,1.865,1.866,129112600.0,240665886,240665886,2026-09-09,2026-09-09 14:21:00+08:00
513160,港股科技ETF银华,0.928,0.9269,-0.12,-0.011,-1.17,1020041.0,94951187.0,0.938,0.939,0.925,0.939,1.49,3.2,0.8,17.21,469360.0,550681.0,-12608861.0,-13.28,-14386771.0,-15.15,1777910.0,1.87,8330317.0,8.77,4278544.0,4.51,333.0,0.927,0.928,3185189296.0,2955855667,2955855667,2026-09-09,2026-09-09 14:21:06+08:00
589900,科创综指ETF博时,1.503,1.5031,0.01,-0.018,-1.18,107248.0,16283058.0,1.526,1.531,1.498,1.521,2.17,6.35,0.88,-7.66,52921.0,54327.0,146346.0,0.9,0.0,0.0,146346.0,0.9,-245542.0,-1.51,99196.0,0.61,600.0,1.506,1.507,168908200.0,253869025,253869025,2026-09-09,2026-09-09 14:20:50+08:00
158012,云计算ETF南方,0.921,0.9192,-0.2,-0.011,-1.18,48462.0,4484655.125,0.932,0.941,0.915,0.932,2.79,1.75,0.86,22.42,10131.0,38331.0,-379353.0,-8.46,0.0,0.0,-379353.0,-8.46,251643.0,5.61,127710.0,2.85,1.0,0.919,0.921,276325568.0,254495848,254495848,2026-09-09,2026-09-09 14:21:33+08:00
159636,港股通科技30ETF工银,0.5,0.4995,-0.1,-0.006,-1.19,5129438.0,257484977.6,0.505,0.506,0.497,0.506,1.78,2.37,1.33,17.87,2490710.0,2638728.0,-7153237.0,-2.78,-10012451.0,-3.89,2859214.0,1.11,6115716.0,2.38,1037520.0,0.4,1003.0,0.499,0.5,21656501248.0,10828250624,10828250624,2026-09-09,2026-09-09 14:21:12+08:00
588930,科创人工智能ETF银华,1.485,1.4857,0.05,-0.018,-1.2,141713.0,21153133.0,1.506,1.517,1.475,1.503,2.79,2.27,0.86,28.9,65441.0,76272.0,-2929698.0,-13.85,-956201.0,-4.52,-1973497.0,-9.33,25927.0,0.12,2903771.0,13.73,22.0,1.484,1.485,625329008.0,928613577,928613577,2026-09-09,2026-09-09 14:20:49+08:00
520670,港股通科技ETF嘉实,0.744,0.7438,-0.03,-0.009,-1.2,83068.0,6209149.0,0.749,0.751,0.743,0.753,1.06,3.88,0.84,-1.89,39358.0,43710.0,98303.0,1.58,0.0,0.0,98303.0,1.58,-208886.0,-3.36,110582.0,1.78,-602.0,0.744,0.745,213928100.0,159162506,159162506,2026-09-09,2026-09-09 14:20:51+08:00
589230,科创人工智能ETF南方,0.821,0.8215,0.06,-0.01,-1.2,177931.0,14650797.0,0.831,0.84,0.815,0.831,3.01,7.09,1.0,16.39,86093.0,91838.0,-756893.0,-5.17,-1907792.0,-13.02,1150899.0,7.86,130997.0,0.89,625896.0,4.27,2995.0,0.821,0.822,251053000.0,206114513,206114513,2026-09-09,2026-09-09 14:20:39+08:00
589560,科创人工智能ETF汇添富,0.903,0.9042,0.13,-0.011,-1.2,35564.0,3222846.0,0.916,0.923,0.897,0.914,2.84,1.37,0.52,4.07,14208.0,21356.0,-1232502.0,-38.24,-1012409.0,-31.41,-220093.0,-6.83,406834.0,12.62,825668.0,25.62,-10.0,0.903,0.904,259355000.0,234197565,234197565,2026-09-09,2026-09-09 14:20:40+08:00
513010,恒生科技ETF易方达,0.572,0.5723,0.05,-0.007,-1.21,8520570.0,489202923.0,0.578,0.579,0.571,0.579,1.38,1.93,0.86,0.91,3732937.0,4787633.0,-43431469.0,-8.88,-72938832.0,-14.91,29507363.0,6.03,27107430.0,5.54,16324041.0,3.34,-50.0,0.572,0.573,44238307072.0,25304311645,25304311645,2026-09-09,2026-09-09 14:21:07+08:00
158010,医疗ETF嘉实,0.969,0.9699,0.09,-0.012,-1.22,13058.0,1266903.809,0.979,0.979,0.966,0.981,1.33,0.5,0.47,18.1,2117.0,10941.0,-95959.0,-7.57,0.0,0.0,-95959.0,-7.57,29602.0,2.34,66357.0,5.24,9.0,0.969,0.97,263213319.0,255053706,255053706,2026-09-09,2026-09-09 14:21:30+08:00
561920,疫苗ETF招商,0.648,0.648,0.0,-0.008,-1.22,15063.0,975229.0,0.654,0.654,0.644,0.656,1.52,2.44,0.5,7.84,7493.0,7570.0,-276600.0,-28.36,0.0,0.0,-276600.0,-28.36,270750.0,27.76,5849.0,0.6,-873.0,0.647,0.648,61692000.0,39976416,39976416,2026-09-09,2026-09-09 14:20:36+08:00
562860,疫苗ETF嘉实,0.642,0.643,0.16,-0.008,-1.23,179580.0,11544279.0,0.648,0.648,0.641,0.65,1.08,5.39,0.96,5.29,87520.0,92060.0,-239459.0,-2.07,-1273594.0,-11.03,1034135.0,8.96,170340.0,1.48,69120.0,0.6,-106.0,0.642,0.643,332895008.0,213718595,213718595,2026-09-09,2026-09-09 14:20:51+08:00
159099,云计算ETF华宝,0.957,0.9577,0.07,-0.012,-1.24,75162.0,7212611.871,0.971,0.973,0.953,0.969,2.06,7.25,0.97,48.47,38183.0,36979.0,-355949.0,-4.94,127081.0,1.76,-483030.0,-6.7,66230.0,0.92,289717.0,4.02,-6.0,0.957,0.958,103610546.0,99155293,99155293,2026-09-09,2026-09-09 14:21:33+08:00
159938,医药ETF广发,0.636,0.6364,0.06,-0.008,-1.24,388031.0,24731360.0,0.64,0.642,0.634,0.644,1.24,0.53,0.84,9.97,186296.0,201735.0,-3075076.0,-12.43,-4040604.0,-16.34,965528.0,3.9,1370196.0,5.54,1704879.0,6.89,-1.0,0.636,0.637,7332067328.0,4663194821,4663194821,2026-09-09,2026-09-09 14:21:06+08:00
589380,科创人工智能ETF富国,1.354,1.356,0.15,-0.017,-1.24,64898.0,8804790.0,1.384,1.384,1.345,1.371,2.84,6.38,0.92,2.17,30828.0,34070.0,-572453.0,-6.5,-2118460.0,-24.06,1546007.0,17.56,163641.0,1.86,408813.0,4.64,-237.0,1.354,1.355,101694300.0,137694082,137694082,2026-09-09,2026-09-09 14:20:38+08:00
588760,科创人工智能ETF广发,0.717,0.7181,0.15,-0.009,-1.24,1371702.0,98809905.0,0.729,0.734,0.712,0.726,3.03,5.45,0.96,12.83,562157.0,809545.0,-6610244.0,-6.69,-2972094.0,-3.01,-3638150.0,-3.68,2295092.0,2.32,4315152.0,4.37,-39.0,0.717,0.718,2518532000.0,1805787444,1805787444,2026-09-09,2026-09-09 14:20:49+08:00
516500,生物科技ETF华夏,0.633,0.6329,-0.02,-0.008,-1.25,108437.0,6860505.0,0.637,0.637,0.63,0.641,1.09,5.24,1.34,6.06,58066.0,50371.0,-334615.0,-4.88,-739706.0,-10.78,405091.0,5.9,155810.0,2.27,178804.0,2.61,2.0,0.632,0.633,206937200.0,130991248,130991248,2026-09-09,2026-09-09 14:21:03+08:00
159167,港股通医疗ETF工银,0.946,0.9492,0.34,-0.012,-1.25,219045.0,20795695.71,0.953,0.956,0.943,0.958,1.36,13.15,0.55,9.97,102394.0,116651.0,565844.0,2.72,-1892195.0,-9.1,2458039.0,11.82,-635070.0,-3.05,69227.0,0.33,-318.0,0.945,0.946,166549164.0,157555509,157555509,2026-09-09,2026-09-09 14:21:15+08:00
513050,中概互联网ETF易方达,1.029,1.0499,1.99,-0.013,-1.25,8546874.0,883119836.0,1.042,1.042,1.028,1.042,1.34,2.47,0.83,6.63,3451096.0,5095778.0,-132194384.0,-14.97,-116783120.0,-13.22,-15411264.0,-1.75,66819246.0,7.57,65375040.0,7.4,-7815.0,1.028,1.029,34571432704.0,35574004252,35574004252,2026-09-09,2026-09-09 14:21:06+08:00
159741,恒生科技ETF嘉实,0.55,0.5553,0.95,-0.007,-1.26,1202343.0,66445021.8,0.557,0.559,0.549,0.557,1.8,8.66,1.14,-12.99,577679.0,624664.0,-6646867.0,-10.0,-12110307.0,-18.23,5463440.0,8.22,4381159.0,6.59,2265707.0,3.41,-4.0,0.55,0.551,1388796720.0,763838196,763838196,2026-09-09,2026-09-09 14:21:12+08:00
159998,计算机ETF天弘,0.942,0.9419,-0.01,-0.012,-1.26,528535.0,49914764.9,0.953,0.955,0.937,0.954,1.89,3.32,0.79,60.85,211701.0,316834.0,-1200463.0,-2.41,2029660.0,4.07,-3230123.0,-6.47,-2910230.0,-5.83,4110693.0,8.24,10.0,0.941,0.942,1591055360.0,1498774149,1498774149,2026-09-09,2026-09-09 14:21:06+08:00
159643,疫苗ETF国泰,0.545,0.546,0.18,-0.007,-1.27,93717.0,5110975.6,0.547,0.55,0.543,0.552,1.27,3.3,0.91,18.22,44853.0,48864.0,-547908.0,-10.72,-162683.0,-3.18,-385225.0,-7.54,425377.0,8.32,122531.0,2.4,-1364.0,0.545,0.546,284390624.0,154992890,154992890,2026-09-09,2026-09-09 14:20:54+08:00
159128,港股科技ETF天弘,0.697,0.6941,-0.42,-0.009,-1.27,291954.0,20412886.3,0.703,0.708,0.695,0.706,1.84,1.54,0.86,14.96,120668.0,171286.0,-2000444.0,-9.8,-672940.0,-3.3,-1327504.0,-6.5,1455758.0,7.13,544685.0,2.67,200.0,0.696,0.697,1891760848.0,1318557311,1318557311,2026-09-09,2026-09-09 14:21:24+08:00
159180,软件ETF银华,0.992,0.9908,-0.12,-0.013,-1.29,43684.0,4351181.8,1.003,1.006,0.988,1.005,1.79,13.59,1.81,15.03,18426.0,25258.0,-468711.0,-10.77,0.0,0.0,-468711.0,-10.77,280215.0,6.44,188497.0,4.33,1230.0,0.991,0.992,32155926.0,31898679,31898679,2026-09-09,2026-09-09 14:21:15+08:00
516630,云计算ETF华夏,1.592,1.5938,0.11,-0.021,-1.3,433520.0,69020273.0,1.63,1.63,1.584,1.613,2.85,9.05,2.46,6.7,139850.0,293670.0,-3283566.0,-4.76,13901610.0,20.14,-17185176.0,-24.9,203411.0,0.29,3080155.0,4.46,-33.0,1.592,1.593,479156000.0,762816352,762816352,2026-09-09,2026-09-09 14:21:02+08:00
159890,云计算ETF招商,1.67,1.6705,0.03,-0.022,-1.3,80729.0,13520302.5,1.692,1.706,1.662,1.692,2.6,3.56,0.87,-1.21,46125.0,34604.0,-1268095.0,-9.38,73022.0,0.54,-1341117.0,-9.92,347882.0,2.57,920213.0,6.81,8.0,1.67,1.671,226590688.0,378406449,378406449,2026-09-09,2026-09-09 14:21:09+08:00
515400,大数据ETF富国,0.836,0.8351,-0.11,-0.011,-1.3,653353.0,54876170.0,0.849,0.849,0.831,0.847,2.13,3.78,0.75,21.41,263816.0,389537.0,-4458084.0,-8.12,-1682483.0,-3.07,-2775601.0,-5.06,1905047.0,3.47,2553038.0,4.65,20.0,0.835,0.836,1730631408.0,1446807857,1446807857,2026-09-09,2026-09-09 14:21:02+08:00
512120,医药ETF华安,0.455,0.4537,-0.29,-0.006,-1.3,150072.0,6833937.0,0.458,0.459,0.454,0.461,1.08,1.93,0.79,8.49,70903.0,79169.0,-11258.0,-0.16,302339.0,4.42,-313597.0,-4.59,-81392.0,-1.19,92650.0,1.36,-255.0,0.455,0.456,776241904.0,353190066,353190066,2026-09-09,2026-09-09 14:21:06+08:00
516510,云计算ETF易方达,1.629,1.6303,0.08,-0.022,-1.33,393687.0,64424298.0,1.651,1.657,1.621,1.651,2.18,2.61,0.71,17.14,161262.0,232425.0,-8374080.0,-13.0,-1365679.0,-2.12,-7008401.0,-10.88,-276266.0,-0.43,8650347.0,13.43,-5.0,1.629,1.63,1505890000.0,2453094810,2453094810,2026-09-09,2026-09-09 14:21:01+08:00
159539,信创ETF广发,1.706,1.7102,0.25,-0.023,-1.33,5587.0,960098.2,1.746,1.746,1.701,1.729,2.6,1.1,0.44,5.64,2563.0,3024.0,-99171.0,-10.33,0.0,0.0,-99171.0,-10.33,-11167.0,-1.16,110338.0,11.49,2.0,1.707,1.709,50565182.0,86264200,86264200,2026-09-09,2026-09-09 14:21:18+08:00
159590,软件ETF汇添富,0.874,0.8737,-0.03,-0.012,-1.35,340315.0,29785349.7,0.88,0.885,0.869,0.886,1.81,4.39,0.77,41.43,125153.0,215162.0,-5122953.0,-17.2,-1268954.0,-4.26,-3853999.0,-12.94,2573653.0,8.64,2549298.0,8.56,200.0,0.873,0.874,774361744.0,676792164,676792164,2026-09-09,2026-09-09 14:21:09+08:00
159035,软件ETF天弘,0.804,0.8041,0.01,-0.011,-1.35,69416.0,5593773.51,0.81,0.816,0.801,0.815,1.84,1.12,0.65,12.77,24972.0,44444.0,-149845.0,-2.68,0.0,0.0,-149845.0,-2.68,-230056.0,-4.11,379901.0,6.79,-100.0,0.804,0.805,618859728.0,497563221,497563221,2026-09-09,2026-09-09 14:21:33+08:00
159688,恒生互联网ETF华安,0.724,0.7217,-0.32,-0.01,-1.36,761554.0,55351072.6,0.733,0.734,0.722,0.734,1.63,5.5,0.76,-7.72,324295.0,437259.0,-6304371.0,-11.39,-2083762.0,-3.76,-4220609.0,-7.63,4392103.0,7.93,1912268.0,3.45,500.0,0.723,0.724,1385778480.0,1003303620,1003303620,2026-09-09,2026-09-09 14:21:12+08:00
516700,大数据ETF华宝,0.87,0.8698,-0.02,-0.012,-1.36,76766.0,6715975.0,0.886,0.889,0.867,0.882,2.49,4.42,0.8,9.53,31231.0,45535.0,-650524.0,-9.69,0.0,0.0,-650524.0,-9.69,-75693.0,-1.13,726217.0,10.81,-10.0,0.87,0.871,173622000.0,151051140,151051140,2026-09-09,2026-09-09 14:21:01+08:00
159768,房地产ETF银华,0.435,0.435,0.0,-0.006,-1.36,515992.0,22471651.0,0.442,0.442,0.433,0.441,2.04,5.8,0.7,25.98,214481.0,301511.0,-866409.0,-3.86,1360819.0,6.06,-2227228.0,-9.91,322364.0,1.43,544044.0,2.42,179.0,0.434,0.435,889450304.0,386910882,386910882,2026-09-09,2026-09-09 14:21:12+08:00
589090,科创AIETF鹏华,1.012,1.0149,0.29,-0.014,-1.36,43026.0,4372255.0,1.026,1.037,1.008,1.026,2.83,2.3,1.12,34.57,15409.0,27617.0,-1567624.0,-35.85,-1462721.0,-33.45,-104903.0,-2.4,989039.0,22.62,578586.0,13.23,490.0,1.013,1.015,186931000.0,189174172,189174172,2026-09-09,2026-09-09 14:20:51+08:00
159929,医药ETF汇添富,1.307,1.3057,-0.1,-0.018,-1.36,310384.0,40622033.2,1.32,1.32,1.302,1.325,1.36,1.81,0.84,2.1,124733.0,185651.0,-7930768.0,-19.52,-5797554.0,-14.27,-2133214.0,-5.25,3854659.0,9.49,4076108.0,10.03,1.0,1.306,1.307,1710204208.0,2235236900,2235236900,2026-09-09,2026-09-09 14:21:09+08:00
159108,工业软件ETF博时,0.938,0.9383,0.03,-0.013,-1.37,19113.0,1800010.22,0.95,0.954,0.934,0.951,2.1,1.64,0.77,57.57,10402.0,8711.0,-346673.0,-19.26,-506044.0,-28.11,159371.0,8.85,178198.0,9.9,168475.0,9.36,-64.0,0.937,0.939,116738511.0,109500723,109500723,2026-09-09,2026-09-09 14:21:33+08:00
159838,医药50ETF博时,0.577,0.5749,-0.37,-0.008,-1.37,34390.0,1980330.6,0.585,0.585,0.573,0.585,2.05,1.52,1.18,14.94,10904.0,23486.0,-201322.0,-10.17,0.0,0.0,-201322.0,-10.17,74760.0,3.78,126561.0,6.39,5.0,0.576,0.577,225763462.0,130265518,130265518,2026-09-09,2026-09-09 14:21:12+08:00
515950,医药50ETF富国,0.932,0.9309,-0.12,-0.013,-1.38,69464.0,6474208.0,0.941,0.942,0.928,0.945,1.48,1.3,1.04,1.26,28210.0,41254.0,-1111958.0,-17.18,-1118016.0,-17.27,6058.0,0.09,267571.0,4.13,844388.0,13.04,60.0,0.931,0.932,534200608.0,497874967,497874967,2026-09-09,2026-09-09 14:21:03+08:00
159613,信息安全ETF嘉实,0.855,0.8546,-0.05,-0.012,-1.38,54514.0,4676327.5,0.867,0.868,0.851,0.867,1.96,5.21,0.76,68.98,20909.0,33605.0,-1337219.0,-28.6,0.0,0.0,-1337219.0,-28.6,490673.0,10.49,846545.0,18.1,-561.0,0.855,0.856,104590217.0,89424636,89424636,2026-09-09,2026-09-09 14:21:12+08:00
510660,医药ETF华夏,2.423,2.4244,0.06,-0.034,-1.38,24554.0,5964214.0,2.452,2.459,2.416,2.457,1.75,4.69,0.9,-7.82,10511.0,14043.0,-868565.0,-14.56,0.0,0.0,-868565.0,-14.56,604042.0,10.13,264523.0,4.44,-76.0,2.423,2.424,52379700.0,126916013,126916013,2026-09-09,2026-09-09 14:21:09+08:00
513060,恒生医疗ETF博时,0.571,0.5728,0.31,-0.008,-1.38,4957305.0,284744096.0,0.577,0.58,0.568,0.579,2.07,5.81,0.77,-16.09,2128561.0,2828744.0,-9724616.0,-3.42,-16891284.0,-5.93,7166668.0,2.52,6720288.0,2.36,3004329.0,1.06,10.0,0.57,0.571,8527893248.0,4869427045,4869427045,2026-09-09,2026-09-09 14:21:06+08:00
512690,酒ETF鹏华,0.426,0.4264,0.09,-0.006,-1.39,8333298.0,356255762.0,0.431,0.431,0.425,0.432,1.39,2.61,0.95,35.9,2172842.0,6160456.0,-44396169.0,-12.46,-65363364.0,-18.35,20967195.0,5.89,26950135.0,7.56,17446035.0,4.9,-2313.0,0.426,0.427,31902550272.0,13590486416,13590486416,2026-09-09,2026-09-09 14:21:06+08:00
516610,医疗设备ETF大成,0.425,0.4237,-0.31,-0.006,-1.39,39932.0,1698229.0,0.429,0.429,0.422,0.431,1.62,1.72,1.57,5.83,6932.0,33000.0,-782095.0,-46.05,-655404.0,-38.59,-126691.0,-7.46,569530.0,33.54,212565.0,12.52,1.0,0.423,0.425,231974800.0,98589290,98589290,2026-09-09,2026-09-09 14:20:59+08:00
589310,科创人工智能ETF鑫元,0.781,0.7824,0.18,-0.011,-1.39,43919.0,3438099.0,0.792,0.799,0.777,0.792,2.78,1.4,1.02,12.87,25140.0,18779.0,-374454.0,-10.89,0.0,0.0,-374454.0,-10.89,202659.0,5.89,171795.0,5.0,3160.0,0.781,0.782,313491808.0,244837102,244837102,2026-09-09,2026-09-09 14:20:41+08:00
516000,大数据ETF华夏,0.918,0.9182,0.02,-0.013,-1.4,247462.0,22818289.0,0.927,0.932,0.914,0.931,1.93,5.64,0.69,5.32,115640.0,131822.0,-1435128.0,-6.29,612467.0,2.68,-2047595.0,-8.97,32619.0,0.14,1402509.0,6.15,-127.0,0.918,0.919,438855008.0,402868897,402868897,2026-09-09,2026-09-09 14:21:03+08:00
159739,云计算ETF鹏华,0.771,0.7715,0.06,-0.011,-1.41,71781.0,5557020.2,0.79,0.79,0.767,0.782,2.94,1.75,0.94,49.31,23193.0,48588.0,-518169.0,-9.32,949607.0,17.09,-1467776.0,-26.41,32112.0,0.58,486057.0,8.75,-4000.0,0.77,0.771,409161232.0,315463310,315463310,2026-09-09,2026-09-09 14:20:54+08:00
159828,医疗ETF国泰,0.419,0.4197,0.17,-0.006,-1.41,688601.0,28950488.9,0.423,0.424,0.418,0.425,1.41,1.47,0.88,63.81,280908.0,407693.0,-3100004.0,-10.71,-3651524.0,-12.61,551520.0,1.91,2604334.0,9.0,495669.0,1.71,-3100.0,0.419,0.42,4674439424.0,1958590119,1958590119,2026-09-09,2026-09-09 14:21:12+08:00
562920,信息安全ETF易方达,0.906,0.906,0.0,-0.013,-1.41,49797.0,4519373.0,0.919,0.919,0.903,0.919,1.74,5.65,0.74,17.67,23059.0,26738.0,-491472.0,-10.87,395976.0,8.76,-887448.0,-19.64,87425.0,1.93,404047.0,8.94,-5.0,0.906,0.907,88069000.0,79790514,79790514,2026-09-09,2026-09-09 14:20:51+08:00
515120,创新药ETF广发,0.627,0.6251,-0.3,-0.009,-1.42,5349678.0,335602226.0,0.631,0.633,0.624,0.636,1.42,2.97,1.01,29.08,2009136.0,3340542.0,-72569895.0,-21.62,-90418754.0,-26.94,17848859.0,5.32,47100415.0,14.03,25469481.0,7.59,178.0,0.626,0.627,18001993728.0,11287250067,11287250067,2026-09-09,2026-09-09 14:21:02+08:00
159202,恒生互联网ETF万家,0.766,0.762,-0.52,-0.011,-1.42,626537.0,48189366.4,0.777,0.777,0.764,0.777,1.67,5.08,0.77,-13.77,295763.0,330774.0,-4565390.0,-9.47,-3069217.0,-6.37,-1496173.0,-3.1,2630323.0,5.46,1935066.0,4.02,5.0,0.765,0.766,1233401904.0,944785858,944785858,2026-09-09,2026-09-09 14:21:24+08:00
158011,创业板软件ETF国泰,0.974,0.9752,0.12,-0.014,-1.42,26801.0,2625011.885,0.988,0.989,0.97,0.988,1.92,4.17,0.06,24.17,5928.0,20873.0,187021.0,7.12,365243.0,13.91,-178222.0,-6.79,-118852.0,-4.53,-68169.0,-2.6,-10.0,0.974,0.975,64342654.0,62669745,62669745,2026-09-09,2026-09-09 14:21:33+08:00
159851,金融科技ETF华宝,0.625,0.6248,-0.03,-0.009,-1.42,2550104.0,159729251.275,0.634,0.634,0.622,0.634,1.89,2.47,0.55,58.27,814621.0,1735483.0,-21792858.0,-13.64,13198867.0,8.26,-34991725.0,-21.91,9353866.0,5.86,12438993.0,7.79,320.0,0.624,0.625,10310904064.0,6444315040,6444315040,2026-09-09,2026-09-09 14:21:09+08:00
516560,养老ETF华宝,0.758,0.7582,0.03,-0.011,-1.43,24541.0,1864849.0,0.766,0.772,0.756,0.769,2.08,1.17,0.75,4.18,7344.0,17197.0,-364271.0,-19.53,0.0,0.0,-364271.0,-19.53,-118802.0,-6.37,483073.0,25.9,1.0,0.757,0.758,209258000.0,158617564,158617564,2026-09-09,2026-09-09 14:20:51+08:00
562050,药ETF华宝,0.897,0.8975,0.06,-0.013,-1.43,96355.0,8667832.0,0.907,0.907,0.895,0.91,1.32,9.31,1.59,-4.17,54111.0,42244.0,-790135.0,-9.12,-4237560.0,-48.89,3447425.0,39.77,266365.0,3.07,523769.0,6.04,-56.0,0.897,0.898,103468000.0,92810796,92810796,2026-09-09,2026-09-09 14:20:49+08:00
159718,港股医药ETF平安,0.893,0.8934,0.04,-0.013,-1.43,183719.0,16492781.2,0.905,0.905,0.889,0.906,1.77,9.99,0.8,-5.16,90459.0,93260.0,-400551.0,-2.43,0.0,0.0,-400551.0,-2.43,81193.0,0.49,319358.0,1.94,1.0,0.892,0.893,183832634.0,164162542,164162542,2026-09-09,2026-09-09 14:21:09+08:00
562930,软件ETF易方达,0.69,0.691,0.14,-0.01,-1.43,543699.0,37637046.0,0.697,0.7,0.687,0.7,1.86,3.19,0.87,25.33,180741.0,362958.0,-6778363.0,-18.01,-1931521.0,-5.13,-4846842.0,-12.88,2861964.0,7.6,3916401.0,10.41,-313.0,0.69,0.691,1704437008.0,1176061536,1176061536,2026-09-09,2026-09-09 14:20:53+08:00
520850,港股通医疗ETF易方达,0.89,0.8919,0.21,-0.013,-1.44,171905.0,15369981.0,0.897,0.906,0.888,0.903,1.99,11.84,0.67,-6.8,78171.0,93734.0,-227738.0,-1.48,-522393.0,-3.4,294655.0,1.92,338897.0,2.2,-111159.0,-0.72,10.0,0.889,0.89,145249600.0,129272144,129272144,2026-09-09,2026-09-09 14:21:01+08:00
515960,医药ETF嘉实,0.823,0.8223,-0.09,-0.012,-1.44,30512.0,2511793.0,0.836,0.836,0.82,0.835,1.92,1.27,0.84,0.89,7730.0,22782.0,-466161.0,-18.56,0.0,0.0,-466161.0,-18.56,182722.0,7.28,283438.0,11.29,10.0,0.822,0.823,240991900.0,198336334,198336334,2026-09-09,2026-09-09 14:21:00+08:00
513290,纳指生物科技ETF汇添富,1.774,1.7306,-2.51,-0.026,-1.44,741036.0,131196416.0,1.77,1.781,1.762,1.8,1.06,6.98,0.5,18.16,381616.0,359420.0,620782.0,0.47,3151181.0,2.4,-2530399.0,-1.93,-5581404.0,-4.25,4960623.0,3.78,12.0,1.773,1.774,1061072096.0,1882341898,1882341898,2026-09-09,2026-09-09 14:21:02+08:00
159170,港股通互联网ETF永赢,0.817,0.8178,0.1,-0.012,-1.45,88517.0,7256035.316,0.829,0.83,0.815,0.829,1.81,2.27,0.62,-20.37,39850.0,48667.0,-301860.0,-4.16,410000.0,5.65,-711860.0,-9.81,115631.0,1.59,186230.0,2.57,100.0,0.816,0.817,389638352.0,318334534,318334534,2026-09-09,2026-09-09 14:21:24+08:00
159858,创新药ETF南方,0.676,0.6744,-0.24,-0.01,-1.46,275553.0,18651156.7,0.684,0.684,0.673,0.686,1.6,2.65,1.01,-15.94,107578.0,167975.0,-3221411.0,-17.27,-3640418.0,-19.52,419007.0,2.25,1696069.0,9.09,1525343.0,8.18,20.0,0.675,0.676,1041098320.0,703782464,703782464,2026-09-09,2026-09-09 14:21:09+08:00
159191,港股通科技ETF易方达,0.88,0.8784,-0.18,-0.013,-1.46,26637.0,2354584.6,0.893,0.893,0.877,0.893,1.79,3.85,1.01,-4.47,8656.0,17981.0,-265108.0,-11.26,0.0,0.0,-265108.0,-11.26,92824.0,3.94,172284.0,7.32,10.0,0.879,0.88,69104851.0,60812269,60812269,2026-09-09,2026-09-09 14:21:24+08:00
159847,医疗ETF易方达,0.404,0.4037,-0.07,-0.006,-1.46,343006.0,13870821.6,0.408,0.408,0.402,0.41,1.46,0.89,0.96,51.35,141383.0,201623.0,-2127027.0,-15.33,-1799880.0,-12.98,-327147.0,-2.36,1519999.0,10.96,607027.0,4.38,495.0,0.403,0.404,3872825360.0,1564621445,1564621445,2026-09-09,2026-09-09 14:20:54+08:00
560790,软件ETF鹏华,0.808,0.8092,0.15,-0.012,-1.46,18604.0,1516099.0,0.815,0.827,0.806,0.82,2.56,0.84,0.43,26.55,7496.0,11108.0,-241853.0,-15.95,-411761.0,-27.16,169908.0,11.21,67069.0,4.42,174785.0,11.53,2.0,0.808,0.809,220455900.0,178128367,178128367,2026-09-09,2026-09-09 14:20:56+08:00
512170,医疗ETF华宝,0.336,0.3367,0.21,-0.005,-1.47,7925611.0,267369308.0,0.34,0.34,0.335,0.341,1.47,1.11,0.98,16.25,2683145.0,5242466.0,-24213158.0,-9.06,-45257339.0,-16.93,21044181.0,7.87,17840000.0,6.67,6373159.0,2.38,-100.0,0.336,0.337,71638818816.0,24070643122,24070643122,2026-09-09,2026-09-09 14:21:06+08:00
159251,港股通科技ETF万家,0.736,0.7356,-0.05,-0.011,-1.47,76146.0,5618929.8,0.746,0.747,0.734,0.747,1.74,3.12,0.65,3.44,32938.0,43208.0,-741661.0,-13.2,569957.0,10.14,-1311618.0,-23.34,364101.0,6.48,377560.0,6.72,1.0,0.735,0.736,243787744.0,179427780,179427780,2026-09-09,2026-09-09 14:21:18+08:00
520510,港股通医疗ETF华夏,0.934,0.9391,0.54,-0.014,-1.48,3566903.0,333983194.0,0.939,0.944,0.93,0.948,1.48,91.29,0.98,-13.71,1715748.0,1851155.0,18128325.0,5.43,21861782.0,6.55,-3733457.0,-1.12,-15542980.0,-4.65,-2585344.0,-0.77,8.0,0.933,0.934,390728000.0,364939952,364939952,2026-09-09,2026-09-09 14:20:59+08:00
560360,软件ETF万家,1.199,1.2,0.08,-0.018,-1.48,29343.0,3528610.0,1.21,1.213,1.195,1.217,1.48,1.31,0.8,2.09,13305.0,16038.0,-649512.0,-18.41,-645823.0,-18.3,-3689.0,-0.1,-206312.0,-5.85,855825.0,24.25,-30.0,1.2,1.201,224345000.0,268989655,268989655,2026-09-09,2026-09-09 14:20:53+08:00
159699,恒生消费ETF广发,0.861,0.8614,0.05,-0.013,-1.49,94501.0,8161490.7,0.874,0.874,0.86,0.874,1.6,1.92,0.91,14.88,29166.0,65335.0,-1266344.0,-15.52,883107.0,10.82,-2149451.0,-26.34,252897.0,3.1,1013446.0,12.42,-74.0,0.861,0.862,492164256.0,423753424,423753424,2026-09-09,2026-09-09 14:21:03+08:00
159852,软件ETF嘉实,0.662,0.6625,0.08,-0.01,-1.49,3914118.0,259997263.602,0.669,0.671,0.659,0.672,1.79,2.77,0.77,42.94,1335092.0,2579027.0,-56364912.0,-21.68,-53079737.0,-20.42,-3285175.0,-1.26,30710193.0,11.81,25654718.0,9.87,-40.0,0.662,0.663,14127623936.0,9352487046,9352487046,2026-09-09,2026-09-09 14:21:09+08:00
560260,医疗ETF广发,0.857,0.8562,-0.09,-0.013,-1.49,70633.0,6057357.0,0.864,0.864,0.853,0.87,1.26,0.41,0.83,4.97,31531.0,39102.0,398367.0,6.58,-154501.0,-2.55,552868.0,9.13,-611836.0,-10.1,213469.0,3.52,3.0,0.855,0.857,1714664704.0,1469467651,1469467651,2026-09-09,2026-09-09 14:20:56+08:00
159169,恒生生物科技ETF广发,0.992,0.9951,0.31,-0.015,-1.49,52315.0,5224438.508,1.006,1.009,0.987,1.007,2.18,4.0,0.59,-23.48,19095.0,33220.0,182264.0,3.49,288413.0,5.52,-106149.0,-2.03,-199608.0,-3.82,17344.0,0.33,-586.0,0.991,0.993,130874485.0,129827489,129827489,2026-09-09,2026-09-09 14:21:15+08:00
562570,信创ETF华夏,1.317,1.3167,-0.02,-0.02,-1.5,54529.0,7211547.0,1.337,1.337,1.31,1.337,2.02,1.82,0.69,0.46,23296.0,31233.0,-2622312.0,-36.36,-1341920.0,-18.61,-1280392.0,-17.75,948617.0,13.15,1673695.0,23.21,10.0,1.316,1.317,300281008.0,395470088,395470088,2026-09-09,2026-09-09 14:20:41+08:00
516100,金融科技ETF华夏,1.047,1.0472,0.02,-0.016,-1.51,213560.0,22417763.0,1.057,1.065,1.042,1.063,2.16,1.88,0.58,-3.83,79732.0,133828.0,-3219818.0,-14.36,-2148645.0,-9.58,-1071173.0,-4.78,840594.0,3.75,2379226.0,10.61,108.0,1.046,1.047,1133759696.0,1187046402,1187046402,2026-09-09,2026-09-09 14:21:04+08:00
520880,港股通创新药ETF华宝,0.454,0.4527,-0.29,-0.007,-1.52,4317863.0,197023047.0,0.46,0.461,0.45,0.461,2.39,9.9,0.72,11.96,1729733.0,2588130.0,-17316331.0,-8.79,-26857253.0,-13.63,9540922.0,4.84,13644502.0,6.93,3671830.0,1.86,352.0,0.453,0.454,4363618048.0,1981082594,1981082594,2026-09-09,2026-09-09 14:21:02+08:00
520930,恒生生物科技ETF国泰,0.971,0.9719,0.09,-0.015,-1.52,51725.0,5063031.0,0.983,0.985,0.966,0.986,1.93,3.22,0.55,2.98,24343.0,27382.0,103231.0,2.04,-390129.0,-7.71,493360.0,9.74,-103811.0,-2.05,581.0,0.01,50.0,0.969,0.97,160733000.0,156071743,156071743,2026-09-09,2026-09-09 14:20:56+08:00
159835,创新药ETF建信,0.649,0.6476,-0.22,-0.01,-1.52,210557.0,13685149.0,0.657,0.657,0.648,0.659,1.37,5.7,1.19,17.92,72273.0,138284.0,-289656.0,-2.12,-380116.0,-2.78,90460.0,0.66,-161238.0,-1.18,450895.0,3.29,200.0,0.648,0.649,369504144.0,239808189,239808189,2026-09-09,2026-09-09 14:21:12+08:00
560850,信创ETF汇添富,1.296,1.2961,0.01,-0.02,-1.52,30222.0,3936709.0,1.317,1.317,1.29,1.316,2.05,4.37,1.16,3.19,12897.0,17325.0,100039.0,2.54,651500.0,16.55,-551461.0,-14.01,-347257.0,-8.82,247217.0,6.28,1.0,1.296,1.298,69164000.0,89636544,89636544,2026-09-09,2026-09-09 14:20:52+08:00
159101,港股通科技ETF华夏,0.708,0.7076,-0.06,-0.011,-1.53,1403286.0,99782205.724,0.718,0.719,0.706,0.719,1.81,4.88,1.16,-12.24,591935.0,811351.0,-7351905.0,-7.37,-6668636.0,-6.68,-683269.0,-0.68,5045204.0,5.06,2306701.0,2.31,-89.0,0.708,0.709,2874311456.0,2035012511,2035012511,2026-09-09,2026-09-09 14:21:33+08:00
560900,创新药ETF摩根,0.899,0.8991,0.01,-0.014,-1.53,95000.0,8561310.0,0.909,0.909,0.897,0.913,1.31,4.34,1.01,16.24,31457.0,63543.0,-344834.0,-4.03,-128723.0,-1.5,-216111.0,-2.52,-442532.0,-5.17,787366.0,9.2,-1.0,0.899,0.9,218969100.0,196853221,196853221,2026-09-09,2026-09-09 14:20:55+08:00
159992,创新药ETF银华,0.836,0.8342,-0.22,-0.013,-1.53,6399232.0,535958604.492,0.844,0.845,0.833,0.849,1.41,3.17,1.02,54.21,2370494.0,4028738.0,-85357917.0,-15.93,-38599590.0,-7.2,-46758327.0,-8.72,49527202.0,9.24,35830715.0,6.69,299.0,0.835,0.836,20204381184.0,16890862670,16890862670,2026-09-09,2026-09-09 14:21:09+08:00
515720,金融科技ETF富国,0.702,0.7017,-0.04,-0.011,-1.54,97965.0,6890693.0,0.71,0.713,0.699,0.713,1.96,2.25,0.75,3.18,35280.0,62685.0,-789605.0,-11.46,66183.0,0.96,-855788.0,-12.42,280438.0,4.07,509166.0,7.39,54.0,0.701,0.702,435611008.0,305798928,305798928,2026-09-09,2026-09-09 14:20:54+08:00
159856,互联网龙头ETF工银,0.57,0.5677,-0.41,-0.009,-1.55,34185.0,1949809.6,0.577,0.58,0.567,0.579,2.25,0.98,1.51,13.03,4987.0,29198.0,-143135.0,-7.34,570999.0,29.28,-714134.0,-36.63,20244.0,1.04,122890.0,6.3,1.0,0.569,0.57,347372480.0,198002314,198002314,2026-09-09,2026-09-09 14:21:03+08:00
159303,恒生医疗ETF大成,1.582,1.5856,0.23,-0.025,-1.56,408577.0,65131744.6,1.603,1.608,1.576,1.607,1.99,55.98,0.55,-5.66,202963.0,205614.0,-1041812.0,-1.6,0.0,0.0,-1041812.0,-1.6,-67994.0,-0.1,1109807.0,1.7,-360.0,1.581,1.582,72991693.0,115472858,115472858,2026-09-09,2026-09-09 14:21:15+08:00
516860,金融科技ETF博时,1.076,1.0761,0.01,-0.017,-1.56,374777.0,40424996.0,1.09,1.09,1.071,1.093,1.74,3.21,0.74,-5.76,128847.0,245930.0,-6930163.0,-17.15,-2497858.0,-6.18,-4432305.0,-10.97,2202554.0,5.45,4727609.0,11.7,150.0,1.075,1.076,1166522000.0,1255177672,1255177672,2026-09-09,2026-09-09 14:20:58+08:00
159776,港股医药ETF银华,1.191,1.1892,-0.15,-0.019,-1.57,135303.0,16219626.1,1.208,1.209,1.187,1.21,1.82,17.13,0.92,5.22,63576.0,71727.0,-945341.0,-5.83,0.0,0.0,-945341.0,-5.83,523633.0,3.23,421708.0,2.6,967.0,1.19,1.192,78968765.0,94051799,94051799,2026-09-09,2026-09-09 14:21:12+08:00
159057,医疗器械ETF鹏华,0.998,0.9991,0.11,-0.016,-1.58,4148.0,414544.494,1.0,1.002,0.998,1.014,0.39,1.55,1.25,7.54,2362.0,1786.0,-48529.0,-11.71,0.0,0.0,-48529.0,-11.71,10213.0,2.46,38316.0,9.24,1012.0,0.996,0.999,26715334.0,26661903,26661903,2026-09-09,2026-09-09 14:21:30+08:00
513280,恒生生物科技ETF汇添富,1.118,1.1215,0.31,-0.018,-1.58,562787.0,63386979.0,1.132,1.136,1.113,1.136,2.02,15.5,0.94,2.8,257484.0,305303.0,-1848280.0,-2.92,633478.0,1.0,-2481758.0,-3.92,1028528.0,1.62,819752.0,1.29,10.0,1.117,1.119,363114496.0,405962007,405962007,2026-09-09,2026-09-09 14:21:06+08:00
159849,生物科技ETF招商,0.498,0.4968,-0.24,-0.008,-1.58,59731.0,2971650.7,0.505,0.505,0.496,0.506,1.78,3.77,1.95,27.18,16180.0,43551.0,-116293.0,-3.91,-77280.0,-2.6,-39013.0,-1.31,102084.0,3.44,14208.0,0.48,-7359.0,0.497,0.498,158372396.0,78869453,78869453,2026-09-09,2026-09-09 14:21:09+08:00
159256,创业板软件ETF华夏,0.811,0.8112,0.02,-0.013,-1.58,672651.0,54709935.2,0.818,0.824,0.807,0.824,2.06,11.24,0.88,6.15,264727.0,407924.0,-507069.0,-0.93,3826471.0,6.99,-4333540.0,-7.92,-641125.0,-1.17,1148194.0,2.1,10.0,0.81,0.811,598183760.0,485127029,485127029,2026-09-09,2026-09-09 14:21:18+08:00
159086,金融科技ETF广发,1.058,1.0581,0.01,-0.017,-1.58,51386.0,5437332.126,1.064,1.07,1.053,1.075,1.58,17.48,1.14,-39.52,24208.0,27178.0,-31725.0,-0.58,35554.0,0.65,-67279.0,-1.24,115984.0,2.13,-84259.0,-1.55,1500.0,1.057,1.058,29399823.0,31105013,31105013,2026-09-09,2026-09-09 14:21:30+08:00
159377,创业板医药ETF国泰,0.988,0.9888,0.08,-0.016,-1.59,131131.0,12975201.892,0.997,0.997,0.986,1.004,1.1,10.65,0.93,48.93,55025.0,76106.0,-372765.0,-2.87,-63481.0,-0.49,-309284.0,-2.38,-26215.0,-0.2,398980.0,3.07,-180.0,0.988,0.989,123129399.0,121651846,121651846,2026-09-09,2026-09-09 14:21:18+08:00
159107,创业板软件ETF富国,0.736,0.7371,0.15,-0.012,-1.6,487189.0,36003571.7,0.744,0.748,0.733,0.748,2.01,6.28,0.7,13.73,193841.0,293348.0,-1638572.0,-4.55,2023522.0,5.62,-3662094.0,-10.17,-317298.0,-0.88,1955869.0,5.43,-264.0,0.736,0.738,775823008.0,571005734,571005734,2026-09-09,2026-09-09 14:21:33+08:00
159837,生物科技ETF易方达,0.492,0.4928,0.16,-0.008,-1.6,433655.0,21387098.3,0.498,0.498,0.491,0.5,1.4,1.53,1.1,52.03,176629.0,257026.0,-1840705.0,-8.61,-589426.0,-2.76,-1251279.0,-5.85,1012705.0,4.74,827999.0,3.87,-2640.0,0.492,0.493,2828152832.0,1391451193,1391451193,2026-09-09,2026-09-09 14:21:12+08:00
513970,恒生消费ETF景顺,0.794,0.7937,-0.04,-0.013,-1.61,278930.0,22191209.0,0.805,0.805,0.792,0.807,1.61,1.99,1.24,13.52,105524.0,173406.0,-5856891.0,-26.39,-4140367.0,-18.66,-1716524.0,-7.74,2465511.0,11.11,3391379.0,15.28,63.0,0.793,0.794,1405041008.0,1115602560,1115602560,2026-09-09,2026-09-09 14:21:03+08:00
159898,医疗器械ETF招商,0.489,0.4882,-0.16,-0.008,-1.61,128854.0,6304282.2,0.496,0.496,0.487,0.497,1.81,1.44,0.73,50.85,55797.0,73057.0,-962188.0,-15.26,-774212.0,-12.28,-187976.0,-2.98,676604.0,10.73,285584.0,4.53,1.0,0.488,0.489,892098832.0,436236329,436236329,2026-09-09,2026-09-09 14:21:09+08:00
159892,恒生医药ETF华夏,0.793,0.7938,0.1,-0.013,-1.61,4215006.0,336540846.7,0.801,0.806,0.79,0.806,1.99,7.81,0.72,24.47,1905129.0,2309877.0,-1437134.0,-0.43,-8976355.0,-2.67,7539221.0,2.24,-408645.0,-0.12,1845779.0,0.55,73.0,0.792,0.793,5400265984.0,4282410925,4282410925,2026-09-09,2026-09-09 14:21:09+08:00
513930,恒生生物科技ETF华泰柏瑞,1.038,1.0419,0.37,-0.017,-1.61,579809.0,60650500.0,1.052,1.056,1.033,1.055,2.18,53.0,1.08,2.46,265787.0,314022.0,2113878.0,3.49,-2297621.0,-3.79,4411499.0,7.27,-2525906.0,-4.16,412028.0,0.68,-94.0,1.038,1.039,109408000.0,113565504,113565504,2026-09-09,2026-09-09 14:21:03+08:00
561010,软件ETF华安,0.857,0.8561,-0.11,-0.014,-1.61,70554.0,6062891.0,0.869,0.871,0.853,0.871,2.07,2.43,0.58,8.63,29587.0,40967.0,-645590.0,-10.65,0.0,0.0,-645590.0,-10.65,-72688.0,-1.2,718277.0,11.85,3.0,0.856,0.857,290356000.0,248835092,248835092,2026-09-09,2026-09-09 14:20:56+08:00
159622,创新药ETF东财,1.161,1.1674,0.55,-0.019,-1.61,439251.0,51148766.834,1.174,1.178,1.156,1.18,1.86,3.95,0.87,56.78,166157.0,273094.0,-7432849.0,-14.53,-7295088.0,-14.26,-137761.0,-0.27,1398829.0,2.73,6034019.0,11.8,5.0,1.16,1.161,1112603232.0,1291732352,1291732352,2026-09-09,2026-09-09 14:21:09+08:00
159797,医疗器械ETF汇添富,0.668,0.6686,0.09,-0.011,-1.62,33413.0,2242555.9,0.678,0.678,0.666,0.679,1.77,0.85,0.94,7.74,11427.0,21986.0,-300804.0,-13.41,0.0,0.0,-300804.0,-13.41,-172706.0,-7.7,473510.0,21.11,-113.0,0.668,0.669,394989248.0,263852818,263852818,2026-09-09,2026-09-09 14:21:09+08:00
517880,品牌消费ETF华泰柏瑞,0.731,0.7341,0.42,-0.012,-1.62,27490.0,2011044.0,0.742,0.742,0.73,0.743,1.62,5.57,0.97,2.88,14545.0,12945.0,-315623.0,-15.69,219000.0,10.89,-534623.0,-26.58,165408.0,8.22,150215.0,7.47,303.0,0.73,0.731,49337100.0,36065420,36065420,2026-09-09,2026-09-09 14:20:42+08:00
513620,港股医疗ETF银华,1.084,1.0894,0.5,-0.018,-1.63,316303.0,34554458.0,1.094,1.102,1.082,1.102,1.81,57.28,1.12,5.81,166756.0,149547.0,218414.0,0.63,0.0,0.0,218414.0,0.63,-222131.0,-0.64,3718.0,0.01,1900.0,1.083,1.084,55216000.0,59854144,59854144,2026-09-09,2026-09-09 14:21:01+08:00
159707,地产ETF华宝,0.484,0.4847,0.14,-0.008,-1.63,1093496.0,53022319.5,0.489,0.491,0.483,0.492,1.63,8.94,0.97,36.72,540560.0,552936.0,-1361444.0,-2.57,-4264468.0,-8.04,2903024.0,5.48,-50724.0,-0.1,1412168.0,2.66,-1494.0,0.484,0.485,1222548208.0,591713333,591713333,2026-09-09,2026-09-09 14:21:12+08:00
159132,恒生生物科技ETF富国,0.965,0.9681,0.32,-0.016,-1.63,145588.0,14152231.9,0.978,0.981,0.96,0.981,2.14,11.56,0.41,6.18,67495.0,78093.0,682293.0,4.82,1581747.0,11.18,-899454.0,-6.36,-719194.0,-5.08,36899.0,0.26,-51.0,0.964,0.966,125963558.0,121554833,121554833,2026-09-09,2026-09-09 14:21:15+08:00
159103,金融科技ETF汇添富,0.665,0.6657,0.11,-0.011,-1.63,76861.0,5134135.7,0.679,0.679,0.663,0.676,2.37,2.48,0.59,-24.09,31022.0,45839.0,-647996.0,-12.62,-589515.0,-11.48,-58481.0,-1.14,-60898.0,-1.19,708894.0,13.81,-214.0,0.665,0.667,309406768.0,205755501,205755501,2026-09-09,2026-09-09 14:21:30+08:00
517380,创新药ETF天弘,0.844,0.8494,0.64,-0.014,-1.63,680534.0,57698684.0,0.851,0.858,0.841,0.858,1.98,2.3,0.96,13.11,265986.0,414548.0,-3053509.0,-5.29,-2525076.0,-4.38,-528433.0,-0.92,1225037.0,2.12,1828471.0,3.17,-9.0,0.844,0.845,2960326304.0,2498515401,2498515401,2026-09-09,2026-09-09 14:21:03+08:00
159557,恒生医疗ETF嘉实,1.446,1.4661,1.37,-0.024,-1.63,356068.0,51967857.9,1.461,1.473,1.441,1.47,2.18,27.0,0.98,4.38,171431.0,184637.0,988121.0,1.9,0.0,0.0,988121.0,1.9,-963278.0,-1.85,-24843.0,-0.05,-1.0,1.446,1.448,131894955.0,190720105,190720105,2026-09-09,2026-09-09 14:21:15+08:00
513220,中概互联ETF招商,0.906,0.9208,1.61,-0.015,-1.63,174691.0,15893544.0,0.92,0.92,0.904,0.921,1.74,3.35,1.1,9.91,73119.0,101572.0,-3791272.0,-23.85,-2188046.0,-13.77,-1603226.0,-10.09,2141861.0,13.48,1649410.0,10.38,102.0,0.905,0.906,521109408.0,472125124,472125124,2026-09-09,2026-09-09 14:21:05+08:00
513780,港股创新药ETF景顺,1.666,1.6711,0.31,-0.028,-1.65,1801605.0,302271655.0,1.682,1.697,1.657,1.694,2.36,9.68,0.68,40.9,862441.0,939164.0,-1680821.0,-0.56,-2300714.0,-0.76,619893.0,0.21,-1176231.0,-0.39,2857052.0,0.95,-836.0,1.666,1.667,1861157008.0,3100687575,3100687575,2026-09-09,2026-09-09 14:21:03+08:00
159615,恒生生物科技ETF南方,1.135,1.1371,0.18,-0.019,-1.65,576304.0,65851649.0,1.149,1.153,1.129,1.154,2.08,17.0,0.69,-0.17,263021.0,313283.0,1246932.0,1.89,-3483602.0,-5.29,4730534.0,7.18,-2151572.0,-3.27,904641.0,1.37,10.0,1.133,1.135,339054896.0,384827307,384827307,2026-09-09,2026-09-09 14:21:12+08:00
159051,医疗器械ETF易方达,1.014,1.0159,0.19,-0.017,-1.65,25116.0,2548808.787,1.032,1.032,1.012,1.031,1.94,2.99,2.26,19.96,14245.0,10871.0,-378488.0,-14.85,-506500.0,-19.87,128012.0,5.02,189126.0,7.42,189361.0,7.43,-90.0,1.013,1.015,84117894.0,85295545,85295545,2026-09-09,2026-09-09 14:21:24+08:00
159056,医疗器械ETF富国,1.013,1.0132,0.02,-0.017,-1.65,34504.0,3499816.635,1.03,1.03,1.01,1.03,1.94,5.85,0.78,6.68,13021.0,21483.0,-461614.0,-13.19,0.0,0.0,-461614.0,-13.19,358579.0,10.25,103035.0,2.94,50.0,1.011,1.012,58934358.0,59700505,59700505,2026-09-09,2026-09-09 14:21:33+08:00
159366,港股医疗ETF永赢,1.426,1.4323,0.44,-0.024,-1.66,1216313.0,174222871.0,1.439,1.444,1.423,1.45,1.45,31.08,0.76,-24.13,540450.0,675863.0,9879080.0,5.67,4065079.0,2.33,5814001.0,3.34,-6456527.0,-3.71,-3422554.0,-1.96,-1.0,1.426,1.427,391333072.0,558040961,558040961,2026-09-09,2026-09-09 14:21:18+08:00
159735,港股消费ETF银华,0.647,0.647,0.0,-0.011,-1.67,156444.0,10140954.1,0.655,0.657,0.645,0.658,1.82,2.51,1.24,5.15,61673.0,94771.0,-2298069.0,-22.66,-1311735.0,-12.94,-986334.0,-9.73,1083380.0,10.68,1214688.0,11.98,7.0,0.646,0.647,623561376.0,403444210,403444210,2026-09-09,2026-09-09 14:21:12+08:00
159748,创新药ETF富国,0.822,0.8229,0.11,-0.014,-1.67,388280.0,32037388.6,0.832,0.835,0.819,0.836,1.91,2.69,0.93,30.33,150078.0,238202.0,-2724941.0,-8.51,-4550837.0,-14.2,1825896.0,5.7,550352.0,1.72,2174588.0,6.79,-77.0,0.822,0.823,1441692128.0,1185070929,1185070929,2026-09-09,2026-09-09 14:21:12+08:00
159102,港股通生物科技ETF华安,0.822,0.8246,0.32,-0.014,-1.67,173030.0,14329792.551,0.831,0.836,0.818,0.836,2.15,2.66,0.5,-2.82,70748.0,102282.0,-808382.0,-5.64,-1120117.0,-7.82,311735.0,2.18,601830.0,4.2,206553.0,1.44,-195.0,0.822,0.823,650122000.0,534400284,534400284,2026-09-09,2026-09-09 14:21:15+08:00
513200,港股通医药ETF易方达,1.062,1.0649,0.27,-0.018,-1.67,747633.0,79961342.0,1.074,1.079,1.057,1.08,2.04,8.52,0.81,3.17,336360.0,411273.0,-87358.0,-0.11,-1237974.0,-1.55,1150616.0,1.44,535100.0,0.67,-447742.0,-0.56,5000.0,1.061,1.062,877282096.0,931673586,931673586,2026-09-09,2026-09-09 14:21:07+08:00
159299,金融科技ETF易方达,0.704,0.7053,0.18,-0.012,-1.68,183538.0,12970842.9,0.714,0.715,0.701,0.716,1.96,2.78,0.83,-6.51,63274.0,120264.0,610263.0,4.71,535067.0,4.13,75196.0,0.58,-1059478.0,-8.18,449215.0,3.47,-210.0,0.704,0.705,660472976.0,464972975,464972975,2026-09-09,2026-09-09 14:21:18+08:00
159245,港股通消费ETF富国,0.762,0.7612,-0.11,-0.013,-1.68,40029.0,3051801.9,0.775,0.775,0.76,0.775,1.94,5.71,2.54,-8.75,12914.0,27115.0,-586352.0,-19.21,627901.0,20.57,-1214253.0,-39.79,355855.0,11.66,230497.0,7.55,2.0,0.761,0.762,70113296.0,53426332,53426332,2026-09-09,2026-09-09 14:21:12+08:00
159130,恒生生物科技ETF鹏华,0.936,0.9385,0.27,-0.016,-1.68,46565.0,4399740.384,0.95,0.951,0.932,0.952,2.0,2.34,0.49,-1.59,23311.0,23254.0,-628281.0,-14.28,75503.0,1.72,-703784.0,-16.0,544948.0,12.39,83332.0,1.89,-78.0,0.935,0.936,199389466.0,186628540,186628540,2026-09-09,2026-09-09 14:21:15+08:00
159605,中概互联ETF广发,0.763,0.7733,1.33,-0.013,-1.68,1442530.0,110478876.889,0.774,0.775,0.762,0.776,1.68,3.44,0.98,12.8,538685.0,903845.0,-15941357.0,-14.43,-12263567.0,-11.1,-3677790.0,-3.33,6593152.0,5.97,9348205.0,8.46,37.0,0.762,0.763,4199486160.0,3204207940,3204207940,2026-09-09,2026-09-09 14:21:12+08:00
516060,创新药ETF工银,0.583,0.5838,0.14,-0.01,-1.69,89890.0,5255546.0,0.589,0.591,0.582,0.593,1.52,2.99,1.22,28.67,20605.0,69285.0,-776284.0,-14.77,-1846704.0,-35.14,1070420.0,20.37,548950.0,10.45,227334.0,4.33,-174.0,0.583,0.585,300237408.0,175038409,175038409,2026-09-09,2026-09-09 14:20:50+08:00
159899,软件ETF招商,0.699,0.6987,-0.04,-0.012,-1.69,279819.0,19599964.392,0.71,0.71,0.695,0.711,2.11,2.87,0.93,66.31,139996.0,139823.0,-3858371.0,-19.69,-150555.0,-0.77,-3707816.0,-18.92,1221267.0,6.23,2637104.0,13.45,10.0,0.698,0.699,974977728.0,681509432,681509432,2026-09-09,2026-09-09 14:21:09+08:00
516820,医疗创新ETF平安,0.344,0.343,-0.29,-0.006,-1.71,739775.0,25514735.0,0.348,0.349,0.343,0.35,1.71,1.61,1.28,28.53,233501.0,506274.0,-4671837.0,-18.31,-9120280.0,-35.75,4448443.0,17.43,3396763.0,13.31,1275074.0,5.0,-100.0,0.344,0.345,4589415168.0,1578758818,1578758818,2026-09-09,2026-09-09 14:20:58+08:00
513700,港股通医药ETF鹏华,0.631,0.6327,0.27,-0.011,-1.71,877585.0,55751383.0,0.642,0.642,0.629,0.642,2.02,11.3,0.68,-29.7,326801.0,550784.0,-3849835.0,-6.91,766505.0,1.37,-4616340.0,-8.28,2716144.0,4.87,1133691.0,2.03,988.0,0.631,0.632,776846000.0,490189826,490189826,2026-09-09,2026-09-09 14:20:44+08:00
520700,港股通创新药ETF万家,1.613,1.6096,-0.21,-0.028,-1.71,1704157.0,277135055.0,1.632,1.643,1.607,1.641,2.19,37.04,0.83,-7.62,826014.0,878143.0,2796624.0,1.01,-3898975.0,-1.41,6695599.0,2.42,-6032291.0,-2.18,3235668.0,1.17,-483.0,1.613,1.614,460076000.0,742102588,742102588,2026-09-09,2026-09-09 14:21:03+08:00
159036,软件开发ETF华宝,0.918,0.9184,0.04,-0.016,-1.71,93153.0,8563362.257,0.934,0.94,0.914,0.934,2.78,3.29,0.74,58.68,51487.0,41666.0,-664594.0,-7.76,-58412.0,-0.68,-606182.0,-7.08,220899.0,2.58,443695.0,5.18,-1500.0,0.918,0.919,282740160.0,259555467,259555467,2026-09-09,2026-09-09 14:21:30+08:00
513590,港股通消费ETF鹏华,0.748,0.7477,-0.04,-0.013,-1.71,20711.0,1553411.0,0.756,0.76,0.746,0.761,1.84,1.59,1.0,14.05,8256.0,12455.0,-365185.0,-23.51,0.0,0.0,-365185.0,-23.51,251165.0,16.17,114020.0,7.34,-2.0,0.747,0.749,130518900.0,97628137,97628137,2026-09-09,2026-09-09 14:21:03+08:00
517120,创新药ETF华泰柏瑞,0.745,0.7479,0.39,-0.013,-1.72,132591.0,9911894.0,0.756,0.756,0.741,0.758,1.98,2.36,0.85,1.21,63914.0,68677.0,714696.0,7.21,1476335.0,14.89,-761639.0,-7.68,-987929.0,-9.97,273234.0,2.76,-24.0,0.745,0.746,562966400.0,419409968,419409968,2026-09-09,2026-09-09 14:21:02+08:00
159106,民企300ETF前海开源,1.027,1.0296,0.25,-0.018,-1.72,1869.0,193566.0,1.034,1.063,1.024,1.045,3.73,0.47,0.61,0.83,943.0,926.0,-67504.0,-34.87,0.0,0.0,-67504.0,-34.87,26781.0,13.84,40723.0,21.04,-119.0,1.03,1.031,39579488.0,40648134,40648134,2026-09-09,2026-09-09 14:21:30+08:00
159760,医疗健康ETF泰康,0.573,0.573,0.0,-0.01,-1.72,16128.0,925017.7,0.579,0.579,0.571,0.583,1.37,1.22,1.26,8.48,8546.0,7582.0,-278478.0,-30.11,-57.0,-0.01,-278421.0,-30.1,161014.0,17.41,117466.0,12.7,-100.0,0.573,0.574,132360223.0,75842408,75842408,2026-09-09,2026-09-09 14:21:09+08:00
520760,恒生生物科技ETF摩根,0.971,0.9738,0.29,-0.017,-1.72,34771.0,3405586.0,0.982,0.988,0.966,0.988,2.23,2.75,0.39,-4.3,11376.0,23395.0,300610.0,8.83,0.0,0.0,300610.0,8.83,-266082.0,-7.81,-34529.0,-1.01,-1.0,0.969,0.972,126466000.0,122798486,122798486,2026-09-09,2026-09-09 14:21:01+08:00
516790,医疗ETF华泰柏瑞,0.51,0.5106,0.12,-0.009,-1.73,68328.0,3488122.0,0.518,0.518,0.509,0.519,1.73,3.74,2.29,3.85,16890.0,51438.0,-170237.0,-4.88,0.0,0.0,-170237.0,-4.88,83427.0,2.39,86810.0,2.49,-50.0,0.51,0.511,182682200.0,93167922,93167922,2026-09-09,2026-09-09 14:21:02+08:00
515230,软件ETF国泰,0.682,0.6826,0.09,-0.012,-1.73,2017792.0,138064556.0,0.691,0.693,0.679,0.694,2.02,2.51,0.8,15.76,713381.0,1304411.0,-17197943.0,-12.46,-16671258.0,-12.07,-526685.0,-0.38,3499143.0,2.53,13698802.0,9.92,-1.0,0.682,0.683,8031691008.0,5477613267,5477613267,2026-09-09,2026-09-09 14:21:03+08:00
159137,港股通医疗ETF华宝,0.961,0.9602,-0.08,-0.017,-1.74,722797.0,69751154.0,0.974,0.975,0.958,0.978,1.74,42.61,1.19,-2.26,305357.0,417440.0,2204523.0,3.16,1154957.0,1.66,1049566.0,1.5,-2307280.0,-3.31,102758.0,0.15,5.0,0.959,0.961,169632607.0,163016935,163016935,2026-09-09,2026-09-09 14:21:21+08:00
563570,金融科技ETF兴业,0.734,0.7337,-0.04,-0.013,-1.74,55350.0,4062872.0,0.74,0.74,0.731,0.747,1.2,5.2,0.46,-22.87,32332.0,23018.0,-103720.0,-2.55,715293.0,17.61,-819013.0,-20.16,-11209.0,-0.28,114929.0,2.83,60.0,0.733,0.734,106374000.0,78078516,78078516,2026-09-09,2026-09-09 14:20:49+08:00
520970,港股通创新药ETF嘉实,0.897,0.8999,0.32,-0.016,-1.75,460286.0,41656637.0,0.909,0.914,0.894,0.913,2.19,3.68,0.62,5.06,184567.0,275719.0,-945488.0,-2.27,184462.0,0.44,-1129950.0,-2.71,345018.0,0.83,600470.0,1.44,-957.0,0.897,0.898,1252358000.0,1123365126,1123365126,2026-09-09,2026-09-09 14:20:59+08:00
159280,港股通互联网ETF汇添富,0.673,0.6721,-0.13,-0.012,-1.75,57708.0,3901773.5,0.682,0.683,0.671,0.685,1.75,5.36,0.32,-4.62,16361.0,41347.0,-275306.0,-7.06,0.0,0.0,-275306.0,-7.06,127950.0,3.28,147356.0,3.78,-25.0,0.673,0.674,107717171.0,72493656,72493656,2026-09-09,2026-09-09 14:21:18+08:00
588250,科创医药ETF鹏华,1.002,1.0013,-0.07,-0.018,-1.76,41933.0,4211177.0,1.02,1.02,0.998,1.02,2.16,1.54,1.03,23.32,5403.0,36530.0,-1106754.0,-26.28,0.0,0.0,-1106754.0,-26.28,152454.0,3.62,954301.0,22.66,17.0,1.0,1.002,271675008.0,272218358,272218358,2026-09-09,2026-09-09 14:20:53+08:00
516080,创新药ETF易方达,0.667,0.6671,0.01,-0.012,-1.77,2056873.0,137635613.0,0.674,0.676,0.665,0.679,1.62,3.84,1.13,20.62,670399.0,1386474.0,-22992157.0,-16.71,-13170889.0,-9.57,-9821268.0,-7.14,12853138.0,9.34,10139018.0,7.37,-988.0,0.667,0.668,5360554752.0,3575490020,3575490020,2026-09-09,2026-09-09 14:21:01+08:00
561810,医疗器械ETF华泰柏瑞,0.993,0.9936,0.06,-0.018,-1.78,27441.0,2735577.0,1.003,1.003,0.991,1.011,1.19,4.45,0.51,3.5,12378.0,15063.0,-580644.0,-21.23,-223523.0,-8.17,-357121.0,-13.05,248590.0,9.09,332054.0,12.14,-2200.0,0.992,0.994,61638400.0,61206931,61206931,2026-09-09,2026-09-09 14:20:55+08:00
159506,港股通创新药医疗ETF富国,1.272,1.2756,0.28,-0.023,-1.78,2464198.0,315692029.7,1.288,1.292,1.264,1.295,2.16,9.31,0.7,8.7,1167448.0,1296750.0,-9561365.0,-3.03,-99908.0,-0.03,-9461457.0,-3.0,6255625.0,1.98,3305740.0,1.05,30.0,1.271,1.272,2645536976.0,3365123033,3365123033,2026-09-09,2026-09-09 14:21:18+08:00
159068,软件ETF华夏,0.987,0.9871,0.01,-0.018,-1.79,31903.0,3156454.5,1.003,1.003,0.982,1.005,2.09,5.38,0.65,19.98,10758.0,21145.0,-302463.0,-9.58,-300068.0,-9.51,-2395.0,-0.08,-293011.0,-9.28,595474.0,18.87,1.0,0.986,0.987,59336570.0,58565195,58565195,2026-09-09,2026-09-09 14:21:24+08:00
159105,恒生生物科技ETF易方达,0.933,0.9361,0.33,-0.017,-1.79,581580.0,54766662.6,0.948,0.95,0.929,0.95,2.21,32.26,0.78,11.0,274851.0,306729.0,1137218.0,2.08,-2122692.0,-3.88,3259910.0,5.95,-1137730.0,-2.08,511.0,0.0,-625.0,0.932,0.934,180272984.0,168194694,168194694,2026-09-09,2026-09-09 14:21:30+08:00
516930,生物科技ETF民生加银,0.49,0.4907,0.14,-0.009,-1.8,7792.0,384104.0,0.493,0.526,0.489,0.499,7.41,0.72,0.95,2.84,1952.0,5840.0,-57903.0,-15.07,7337.0,1.91,-65240.0,-16.98,39775.0,10.36,18128.0,4.72,412.0,0.49,0.492,107639600.0,52743404,52743404,2026-09-09,2026-09-09 14:20:48+08:00
588130,科创医药ETF华夏,0.982,0.9822,0.02,-0.018,-1.8,663955.0,65532103.0,0.994,0.996,0.978,1.0,1.8,14.15,1.09,-10.98,308841.0,355114.0,-4841718.0,-7.39,-1908813.0,-2.91,-2932905.0,-4.48,3021543.0,4.61,1820175.0,2.78,66.0,0.982,0.983,469082608.0,460639121,460639121,2026-09-09,2026-09-09 14:20:54+08:00
159883,医疗器械ETF永赢,0.436,0.4362,0.05,-0.008,-1.8,1509629.0,66102685.7,0.443,0.443,0.435,0.444,1.8,1.69,1.29,48.9,412541.0,1097088.0,-12131434.0,-18.35,-19463243.0,-29.44,7331809.0,11.09,8579191.0,12.98,3552241.0,5.37,-7.0,0.436,0.437,8938037760.0,3896984463,3896984463,2026-09-09,2026-09-09 14:21:09+08:00
517050,互联网ETF华泰柏瑞,0.65,0.6522,0.34,-0.012,-1.81,28329.0,1849796.0,0.662,0.662,0.647,0.662,2.27,0.81,1.09,6.77,12093.0,16236.0,-144285.0,-7.8,-424302.0,-22.94,280017.0,15.14,-128418.0,-6.94,272704.0,14.74,1.0,0.649,0.65,347605008.0,225943255,225943255,2026-09-09,2026-09-09 14:20:50+08:00
159891,医疗ETF建信,0.379,0.3779,-0.29,-0.007,-1.81,203860.0,7735209.2,0.386,0.386,0.377,0.386,2.33,5.86,1.05,19.63,85174.0,118686.0,-905959.0,-11.71,-814567.0,-10.53,-91392.0,-1.18,563922.0,7.29,342036.0,4.42,1.0,0.378,0.379,348024832.0,131901411,131901411,2026-09-09,2026-09-09 14:21:09+08:00
159268,港股通消费ETF汇添富,0.756,0.7556,-0.05,-0.014,-1.82,160553.0,12140635.2,0.769,0.769,0.753,0.77,2.08,4.13,1.22,7.79,59608.0,100945.0,-1964015.0,-16.18,-597996.0,-4.93,-1366019.0,-11.25,1124322.0,9.26,839693.0,6.92,66.0,0.755,0.756,389055024.0,294125598,294125598,2026-09-09,2026-09-09 14:21:12+08:00
159145,工业软件ETF广发,0.811,0.8112,0.02,-0.015,-1.82,16961.0,1385693.9,0.824,0.824,0.809,0.826,1.82,2.44,0.89,1.3,5275.0,11686.0,-105173.0,-7.59,12012.0,0.87,-117185.0,-8.46,-7400.0,-0.53,112573.0,8.12,-10.0,0.811,0.813,69581845.0,56430876,56430876,2026-09-09,2026-09-09 14:21:03+08:00
159607,中概互联网ETF嘉实,0.757,0.7728,2.04,-0.014,-1.82,904036.0,68736638.2,0.77,0.77,0.756,0.771,1.82,7.24,1.19,-6.94,336462.0,567574.0,-12344121.0,-17.96,-18404954.0,-26.78,6060833.0,8.82,7595662.0,11.05,4748458.0,6.91,413.0,0.756,0.757,1248829136.0,945363656,945363656,2026-09-09,2026-09-09 14:21:12+08:00
513120,港股创新药ETF广发,1.288,1.2916,0.28,-0.024,-1.83,25389081.0,3294743717.0,1.305,1.311,1.282,1.312,2.21,13.79,0.73,10.32,11787114.0,13601968.0,-176999408.0,-5.37,-145908416.0,-4.43,-31090992.0,-0.94,97787984.0,2.97,79224290.0,2.4,35.0,1.287,1.288,18412135424.0,23714830426,23714830426,2026-09-09,2026-09-09 14:21:05+08:00
588860,科创医药ETF工银,0.643,0.6435,0.08,-0.012,-1.83,57187.0,3696425.0,0.655,0.657,0.641,0.655,2.44,1.6,0.86,5.78,17538.0,39649.0,-1291256.0,-34.93,-1206127.0,-32.63,-85129.0,-2.3,592667.0,16.03,698589.0,18.9,-37.0,0.643,0.644,356889408.0,229479889,229479889,2026-09-09,2026-09-09 14:20:31+08:00
159285,港股通消费ETF华安,0.751,0.7525,0.2,-0.014,-1.83,67629.0,5088136.6,0.764,0.764,0.75,0.765,1.83,2.72,0.98,11.23,30164.0,37465.0,-166650.0,-3.28,300.0,0.01,-166950.0,-3.28,108902.0,2.14,57748.0,1.13,-30.0,0.751,0.752,248486680.0,186613497,186613497,2026-09-09,2026-09-09 14:21:18+08:00
512290,生物医药ETF国泰,1.018,1.0186,0.06,-0.019,-1.83,735657.0,75046851.0,1.032,1.033,1.015,1.037,1.74,2.32,1.11,35.14,263288.0,472369.0,-14047107.0,-18.72,-10461484.0,-13.94,-3585623.0,-4.78,7610115.0,10.14,6436992.0,8.58,100.0,1.017,1.018,3165820704.0,3222805477,3222805477,2026-09-09,2026-09-09 14:21:05+08:00
520620,恒生消费ETF嘉实,0.787,0.7886,0.2,-0.015,-1.87,28626.0,2258262.0,0.802,0.802,0.786,0.802,2.0,1.0,0.64,5.02,13980.0,14646.0,-637954.0,-28.25,0.0,0.0,-637954.0,-28.25,426028.0,18.87,211925.0,9.38,-1.0,0.787,0.788,285409008.0,224616889,224616889,2026-09-09,2026-09-09 14:21:00+08:00
520690,港股创新药ETF博时,0.733,0.7338,0.11,-0.014,-1.87,597180.0,44073398.0,0.745,0.747,0.728,0.747,2.54,9.46,0.7,23.09,225969.0,371211.0,-4738938.0,-10.75,-6036619.0,-13.7,1297681.0,2.94,3297369.0,7.48,1441570.0,3.27,279.0,0.732,0.733,631454000.0,462855782,462855782,2026-09-09,2026-09-09 14:21:02+08:00
513230,港股通消费ETF华夏,0.84,0.8398,-0.02,-0.016,-1.87,332845.0,27986615.0,0.855,0.855,0.838,0.856,1.99,10.1,2.72,2.49,147179.0,185666.0,-1444229.0,-5.16,-1732652.0,-6.19,288423.0,1.03,584417.0,2.09,859812.0,3.07,-182.0,0.84,0.841,329422704.0,276715071,276715071,2026-09-09,2026-09-09 14:21:07+08:00
517990,沪港深医药ETF招商,0.892,0.8959,0.44,-0.017,-1.87,20401.0,1821922.0,0.899,0.901,0.889,0.909,1.32,4.44,1.08,-0.1,12276.0,8125.0,-13485.0,-0.74,0.0,0.0,-13485.0,-0.74,-18473.0,-1.01,31958.0,1.75,-31.0,0.892,0.893,45987900.0,41021207,41021207,2026-09-09,2026-09-09 14:20:49+08:00
159316,港股通创新药ETF易方达,1.148,1.1468,-0.1,-0.022,-1.88,4190635.0,484450666.3,1.16,1.168,1.141,1.17,2.31,7.88,1.0,-2.35,1884828.0,2305807.0,-15942374.0,-3.29,1300173.0,0.27,-17242547.0,-3.56,6956810.0,1.44,8985564.0,1.85,5.0,1.147,1.148,5320336128.0,6107745875,6107745875,2026-09-09,2026-09-09 14:21:18+08:00
517200,互联网ETF嘉实,0.573,0.5712,-0.32,-0.011,-1.88,20256.0,1163410.0,0.58,0.582,0.571,0.584,1.88,1.4,0.79,2.16,7530.0,12726.0,-156204.0,-13.43,0.0,0.0,-156204.0,-13.43,-65883.0,-5.66,222087.0,19.09,20.0,0.571,0.573,144782000.0,82960086,82960086,2026-09-09,2026-09-09 14:20:38+08:00
563670,金融科技ETF鹏华,0.679,0.6764,-0.38,-0.013,-1.88,28596.0,1943035.0,0.684,0.69,0.673,0.692,2.46,1.58,0.85,69.34,7352.0,21244.0,-138717.0,-7.14,0.0,0.0,-138717.0,-7.14,-166838.0,-8.59,305555.0,15.73,150.0,0.676,0.68,180987000.0,122890173,122890173,2026-09-09,2026-09-09 14:20:48+08:00
159873,医疗设备ETF天弘,0.52,0.5202,0.04,-0.01,-1.89,189740.0,9915404.0,0.526,0.529,0.519,0.53,1.89,4.05,1.98,27.72,54059.0,135681.0,-3876418.0,-39.09,-4864341.0,-49.06,987923.0,9.96,2854846.0,28.79,1021571.0,10.3,-150.0,0.52,0.521,468920000.0,243838400,243838400,2026-09-09,2026-09-09 14:21:09+08:00
159729,互联网ETF汇添富,0.676,0.6786,0.38,-0.013,-1.89,7000.0,474767.9,0.693,0.693,0.674,0.689,2.76,1.05,1.5,1.95,1718.0,5282.0,-118487.0,-24.96,0.0,0.0,-118487.0,-24.96,48866.0,10.29,69621.0,14.66,-9.0,0.675,0.677,66760633.0,45130188,45130188,2026-09-09,2026-09-09 14:21:09+08:00
517110,创新药ETF国泰,0.775,0.7742,-0.1,-0.015,-1.9,375654.0,29212050.0,0.786,0.787,0.772,0.79,1.9,2.85,0.91,2.05,167908.0,207746.0,-1534330.0,-5.25,-2403749.0,-8.23,869419.0,2.98,438060.0,1.5,1096271.0,3.75,2000.0,0.775,0.776,1319098496.0,1022301334,1022301334,2026-09-09,2026-09-09 14:21:03+08:00
159586,计算机ETF南方,1.035,1.0371,0.2,-0.02,-1.9,108519.0,11257195.2,1.051,1.051,1.031,1.055,1.9,4.0,0.99,0.77,30623.0,77896.0,1831732.0,16.27,-541216.0,-4.81,2372948.0,21.08,-2062641.0,-18.32,230907.0,2.05,-246.0,1.035,1.036,271525920.0,281029327,281029327,2026-09-09,2026-09-09 14:21:06+08:00
159203,大盘成长ETF博时,1.338,1.3378,-0.01,-0.026,-1.91,886.0,118663.5,1.352,1.364,1.331,1.364,2.42,0.9,0.7,-1.06,133.0,753.0,48955.0,41.26,0.0,0.0,48955.0,41.26,-59782.0,-50.38,10829.0,9.13,1.0,1.337,1.338,9791913.0,13101580,13101580,2026-09-09,2026-09-09 14:21:24+08:00
562600,医疗器械ETF华夏,0.772,0.7729,0.12,-0.015,-1.91,248774.0,19249819.0,0.786,0.786,0.77,0.787,2.03,5.5,1.1,4.22,110178.0,138596.0,-401235.0,-2.08,789412.0,4.1,-1190647.0,-6.19,36259.0,0.19,364976.0,1.9,-3370.0,0.772,0.773,451937408.0,348895679,348895679,2026-09-09,2026-09-09 14:20:55+08:00
520520,恒生消费ETF华泰柏瑞,0.921,0.9225,0.16,-0.018,-1.92,30883.0,2849669.0,0.939,0.94,0.92,0.939,2.13,5.87,1.87,8.72,10522.0,20361.0,-160690.0,-5.64,0.0,0.0,-160690.0,-5.64,52082.0,1.83,108608.0,3.81,1.0,0.92,0.921,52606000.0,48450126,48450126,2026-09-09,2026-09-09 14:20:59+08:00
588700,科创医药ETF嘉实,0.964,0.964,0.0,-0.019,-1.93,218941.0,21233847.0,0.972,0.982,0.96,0.983,2.24,4.73,0.65,4.48,97499.0,121442.0,-2062658.0,-9.71,-448475.0,-2.11,-1614183.0,-7.6,573072.0,2.7,1489585.0,7.02,300.0,0.963,0.964,462836208.0,446174105,446174105,2026-09-09,2026-09-09 14:20:50+08:00
513070,港股通消费ETF易方达,1.063,1.0643,0.12,-0.021,-1.94,727170.0,77391233.0,1.082,1.082,1.06,1.084,2.03,5.44,2.21,-2.91,254830.0,472340.0,-13192087.0,-17.05,4036202.0,5.22,-17228289.0,-22.26,5994155.0,7.75,7197932.0,9.3,55.0,1.062,1.063,1336760800.0,1420976730,1420976730,2026-09-09,2026-09-09 14:21:05+08:00
159877,医疗ETF南方,0.506,0.5058,-0.04,-0.01,-1.94,13280.0,674538.2,0.516,0.516,0.505,0.516,2.13,0.54,1.51,-8.94,2654.0,10626.0,-41047.0,-6.09,27071.0,4.01,-68118.0,-10.1,-40826.0,-6.05,81873.0,12.14,-146.0,0.506,0.507,244792292.0,123864900,123864900,2026-09-09,2026-09-09 14:21:09+08:00
159286,港股通创新药ETF鹏华,0.745,0.7464,0.19,-0.015,-1.97,516854.0,38837840.9,0.757,0.759,0.74,0.76,2.5,7.21,0.74,40.47,206014.0,310840.0,-2510349.0,-6.46,-3213041.0,-8.27,702692.0,1.81,1362290.0,3.51,1148058.0,2.96,4.0,0.744,0.745,716785408.0,534005129,534005129,2026-09-09,2026-09-09 14:21:12+08:00
515060,房地产ETF华夏,0.593,0.5933,0.05,-0.012,-1.98,788921.0,46948808.0,0.605,0.605,0.592,0.605,2.15,8.0,1.2,-1.44,368404.0,420517.0,-1409420.0,-3.0,6489611.0,13.82,-7899031.0,-16.82,667800.0,1.42,741620.0,1.58,-15.0,0.593,0.594,986478096.0,584981511,584981511,2026-09-09,2026-09-09 14:21:01+08:00
520790,港股通互联网ETF兴业,0.793,0.7877,-0.67,-0.016,-1.98,203454.0,16224762.0,0.81,0.811,0.791,0.809,2.47,3.38,2.19,-0.97,81766.0,121688.0,-2367907.0,-14.59,-1825916.0,-11.25,-541991.0,-3.34,1929614.0,11.89,438295.0,2.7,-6.0,0.793,0.794,602075008.0,477445481,477445481,2026-09-09,2026-09-09 14:20:35+08:00
512200,房地产ETF南方,1.234,1.2338,-0.02,-0.025,-1.99,950702.0,117843998.0,1.253,1.254,1.231,1.259,1.83,2.93,0.65,25.32,370712.0,579990.0,-9463334.0,-8.03,9938165.0,8.43,-19401499.0,-16.46,2558118.0,2.17,6905216.0,5.86,2024.0,1.233,1.234,3247847904.0,4007844314,4007844314,2026-09-09,2026-09-09 14:21:05+08:00
159265,港股消费ETF鹏华,0.784,0.7832,-0.1,-0.016,-2.0,124786.0,9809563.9,0.798,0.799,0.783,0.8,2.0,7.01,1.72,1.98,59027.0,65759.0,-1529230.0,-15.59,0.0,0.0,-1529230.0,-15.59,846498.0,8.63,682731.0,6.96,-65.0,0.784,0.785,177950894.0,139513501,139513501,2026-09-09,2026-09-09 14:21:09+08:00
159550,互联网ETF东财,0.781,0.783,0.26,-0.016,-2.01,86034.0,6741078.4,0.795,0.795,0.778,0.797,2.13,4.48,2.39,-0.74,35484.0,50550.0,-1899456.0,-28.18,-2230937.0,-33.09,331481.0,4.92,1055279.0,15.65,844177.0,12.52,7.0,0.78,0.782,191828785.0,149818281,149818281,2026-09-09,2026-09-09 14:21:15+08:00
513770,港股互联网ETF华宝,0.339,0.3378,-0.36,-0.007,-2.02,8141493.0,277258631.0,0.345,0.345,0.337,0.346,2.31,5.68,1.07,6.74,3110365.0,5031128.0,-38207884.0,-13.78,-67694745.0,-24.42,29486861.0,10.64,29968788.0,10.81,8239096.0,2.97,59.0,0.338,0.339,14338137856.0,4860628733,4860628733,2026-09-09,2026-09-09 14:21:03+08:00
513720,港股互联网ETF国泰,0.626,0.6245,-0.24,-0.013,-2.03,132551.0,8337474.0,0.639,0.639,0.624,0.639,2.35,5.33,0.74,6.63,53269.0,79282.0,-1068297.0,-12.81,-410272.0,-4.92,-658025.0,-7.89,753961.0,9.04,314337.0,3.77,1.0,0.625,0.626,248859000.0,155785734,155785734,2026-09-09,2026-09-09 14:21:00+08:00
513360,教育ETF博时,0.473,0.4819,1.85,-0.01,-2.07,930270.0,44173330.0,0.482,0.483,0.473,0.483,2.07,15.02,0.99,-7.46,367443.0,562827.0,-3765301.0,-8.52,-3895316.0,-8.82,130015.0,0.29,2550044.0,5.77,1215258.0,2.75,-90.0,0.473,0.474,619213904.0,292888177,292888177,2026-09-09,2026-09-09 14:21:08+08:00
159985,豆粕ETF华夏,2.4,2.2394,-7.17,-0.051,-2.08,3037224.0,738030585.55,2.43,2.462,2.391,2.451,2.9,19.36,0.95,19.44,1502758.0,1534466.0,-18147693.0,-2.46,1841041.0,0.25,-19988734.0,-2.71,-5459296.0,-0.74,23606995.0,3.2,-649.0,2.399,2.4,1569124064.0,3765897754,3765897754,2026-09-09,2026-09-09 14:21:09+08:00
520910,港股通互联网ETF华夏,0.608,0.6049,-0.51,-0.013,-2.09,424130.0,25877805.0,0.62,0.62,0.606,0.621,2.25,5.61,1.01,3.63,181657.0,242473.0,-1921710.0,-7.43,-717473.0,-2.77,-1204237.0,-4.65,1095517.0,4.23,826193.0,3.19,10.0,0.607,0.608,755445008.0,459310565,459310565,2026-09-09,2026-09-09 14:20:59+08:00
159567,港股创新药ETF银华,0.697,0.697,0.0,-0.015,-2.11,7263842.0,510781347.305,0.709,0.711,0.694,0.712,2.39,6.99,0.8,-2.68,3030145.0,4233697.0,-44927472.0,-8.8,-6361961.0,-1.25,-38565511.0,-7.55,29327062.0,5.74,15600411.0,3.05,91.0,0.696,0.697,10390729728.0,7242338620,7242338620,2026-09-09,2026-09-09 14:21:18+08:00
159179,港股通互联网ETF工银,0.79,0.7891,-0.11,-0.017,-2.11,220092.0,17489783.8,0.807,0.807,0.788,0.807,2.35,21.39,1.25,-1.65,103900.0,116192.0,236564.0,1.35,-243791.0,-1.39,480355.0,2.75,-579780.0,-3.31,343215.0,1.96,21.0,0.789,0.79,102903568.0,81293819,81293819,2026-09-09,2026-09-09 14:21:24+08:00
159297,港股通创新药ETF南方,0.727,0.7294,0.33,-0.016,-2.15,1742195.0,127744373.347,0.74,0.741,0.723,0.743,2.42,4.61,0.65,9.18,770325.0,971870.0,-8041268.0,-6.3,-54526.0,-0.04,-7986742.0,-6.26,5106081.0,4.0,2935187.0,2.3,1780.0,0.726,0.727,3782418640.0,2749818351,2749818351,2026-09-09,2026-09-09 14:21:18+08:00
520500,恒生创新药ETF华泰柏瑞,1.397,1.4006,0.26,-0.031,-2.17,5013464.0,706180341.0,1.42,1.423,1.39,1.428,2.31,26.42,0.85,-19.88,2237271.0,2776193.0,-50231223.0,-7.11,-24462551.0,-3.46,-25768672.0,-3.65,24216511.0,3.43,26014714.0,3.68,-500.0,1.397,1.398,1897305008.0,2650535096,2650535096,2026-09-09,2026-09-09 14:21:01+08:00
159217,港股通创新药ETF工银,1.166,1.17,0.34,-0.026,-2.18,2795093.0,328452658.5,1.189,1.19,1.159,1.192,2.6,4.75,0.84,18.11,1267926.0,1527167.0,37178176.0,11.32,25232950.0,7.68,11945226.0,3.64,-24109615.0,-7.34,-13068561.0,-3.98,14.0,1.165,1.166,5889157632.0,6866757799,6866757799,2026-09-09,2026-09-09 14:21:24+08:00
589120,科创创新药ETF汇添富,0.802,0.8022,0.02,-0.018,-2.2,1146372.0,92427101.0,0.81,0.818,0.798,0.82,2.44,8.16,0.98,-5.83,411563.0,734809.0,-21119178.0,-22.85,-22400924.0,-24.24,1281746.0,1.39,10043832.0,10.87,11075346.0,11.98,-125.0,0.802,0.803,1405620000.0,1127307240,1127307240,2026-09-09,2026-09-09 14:20:46+08:00
513040,港股通互联网ETF易方达,0.886,0.8861,0.01,-0.02,-2.21,3072709.0,273619180.0,0.904,0.905,0.883,0.906,2.43,4.53,1.13,7.85,1296733.0,1775976.0,-37557817.0,-13.73,-23617729.0,-8.64,-13940088.0,-5.1,19125198.0,6.99,18432618.0,6.74,1747.0,0.885,0.886,6783341312.0,6010040402,6010040402,2026-09-09,2026-09-09 14:21:05+08:00
520650,港股通互联网ETF南方,0.573,0.5715,-0.26,-0.013,-2.22,1015410.0,58426825.0,0.583,0.585,0.571,0.586,2.39,4.09,1.01,-15.03,423053.0,592357.0,-2540666.0,-4.35,-3635780.0,-6.22,1095114.0,1.87,1620412.0,2.77,920254.0,1.58,38.0,0.572,0.573,2483255008.0,1422905120,1422905120,2026-09-09,2026-09-09 14:20:57+08:00
159570,港股通创新药ETF汇添富,1.436,1.4424,0.44,-0.033,-2.25,9044087.0,1309921203.086,1.466,1.467,1.429,1.469,2.59,5.93,0.88,11.94,4240568.0,4803519.0,132644128.0,10.13,107405616.0,8.2,25238512.0,1.93,-121457254.0,-9.27,-11186877.0,-0.85,-87.0,1.436,1.437,15239597056.0,21884061372,21884061372,2026-09-09,2026-09-09 14:21:18+08:00
589720,科创创新药ETF国泰,0.868,0.8688,0.09,-0.02,-2.25,5084914.0,444254853.0,0.879,0.885,0.864,0.888,2.36,9.7,0.99,-9.77,2200529.0,2884385.0,-66601315.0,-14.99,-66408901.0,-14.95,-192414.0,-0.04,35812593.0,8.06,30788721.0,6.93,-200.0,0.868,0.869,5239823104.0,4548166454,4548166454,2026-09-09,2026-09-09 14:20:50+08:00
520630,港股通互联网ETF广发,0.634,0.6349,0.14,-0.015,-2.31,60814.0,3881760.0,0.649,0.649,0.633,0.649,2.47,1.02,0.73,9.32,16909.0,43905.0,-1289318.0,-33.21,-596083.0,-15.36,-693235.0,-17.86,512544.0,13.2,776775.0,20.01,-61.0,0.634,0.635,594110000.0,376665740,376665740,2026-09-09,2026-09-09 14:20:55+08:00
159728,在线消费ETF南方,0.79,0.7897,-0.04,-0.019,-2.35,47519.0,3768602.6,0.8,0.801,0.788,0.809,1.61,10.58,0.67,36.59,31565.0,15954.0,-752784.0,-19.98,9496.0,0.25,-762280.0,-20.23,568921.0,15.1,183862.0,4.88,1.0,0.789,0.791,44910129.0,35479002,35479002,2026-09-09,2026-09-09 14:21:12+08:00
562030,信创ETF华宝,0.485,0.485,0.0,-0.012,-2.41,73578.0,3586600.0,0.497,0.498,0.483,0.497,3.02,5.11,1.22,4.49,24298.0,49280.0,-1109092.0,-30.92,-1522951.0,-42.46,413859.0,11.54,776858.0,21.66,332234.0,9.26,192.0,0.484,0.485,143973900.0,69827342,69827342,2026-09-09,2026-09-09 14:20:53+08:00
159568,港股互联网ETF博时,1.081,1.0832,0.2,-0.027,-2.44,367062.0,39931315.6,1.108,1.109,1.08,1.108,2.62,10.74,1.01,8.22,131855.0,235207.0,-6578705.0,-16.48,1301826.0,3.26,-7880531.0,-19.74,2285325.0,5.72,4293379.0,10.75,-300.0,1.081,1.082,341857904.0,369548394,369548394,2026-09-09,2026-09-09 14:21:15+08:00
159040,港股通互联网ETF鹏华,1.031,1.0324,0.14,-0.026,-2.46,23334.0,2420197.9,1.055,1.055,0.996,1.057,5.58,7.18,0.74,21.33,6365.0,16969.0,-103960.0,-4.3,0.0,0.0,-103960.0,-4.3,-127337.0,-5.26,231298.0,9.56,1.0,1.03,1.031,32481087.0,33488001,33488001,2026-09-09,2026-09-09 14:21:24+08:00
159792,港股通互联网ETF富国,0.551,0.5516,0.11,-0.014,-2.48,22868585.0,1266776168.053,0.562,0.563,0.549,0.565,2.48,3.64,1.0,35.6,8360117.0,14508468.0,-113299839.0,-8.94,70888880.0,5.6,-184188719.0,-14.54,76659265.0,6.05,36640571.0,2.89,863.0,0.55,0.551,62869855232.0,34641290233,34641290233,2026-09-09,2026-09-09 14:21:12+08:00
159725,线上消费ETF工银,0.784,0.7839,-0.01,-0.02,-2.49,46965.0,3691978.7,0.799,0.801,0.781,0.804,2.49,4.1,0.74,34.74,17000.0,29965.0,-238581.0,-6.46,194713.0,5.27,-433294.0,-11.74,-251525.0,-6.81,490106.0,13.27,130.0,0.783,0.784,114424924.0,89709140,89709140,2026-09-09,2026-09-09 14:21:09+08:00
517770,游戏传媒ETF浦银,0.869,0.8722,0.37,-0.023,-2.58,94684.0,8257792.0,0.89,0.89,0.866,0.892,2.69,4.96,0.77,23.87,36566.0,58118.0,-1368342.0,-16.57,142794.0,1.73,-1511136.0,-18.3,-330687.0,-4.0,1699029.0,20.57,-1.0,0.869,0.87,190947800.0,165933638,165933638,2026-09-09,2026-09-09 14:20:58+08:00
516190,传媒ETF华夏,1.015,1.0153,0.03,-0.027,-2.59,99647.0,10145483.0,1.035,1.035,1.011,1.042,2.3,8.68,0.74,16.09,38687.0,60960.0,148704.0,1.47,349610.0,3.45,-200906.0,-1.98,-633719.0,-6.25,485015.0,4.78,-28.0,1.015,1.016,114818500.0,116540778,116540778,2026-09-09,2026-09-09 14:21:03+08:00
159793,线上消费ETF平安,0.772,0.7704,-0.21,-0.021,-2.65,12747.0,987728.0,0.793,0.793,0.771,0.793,2.77,2.98,1.06,9.03,5822.0,6925.0,-444637.0,-45.02,0.0,0.0,-444637.0,-45.02,155877.0,15.78,288761.0,29.23,7.0,0.771,0.772,42758908.0,33009877,33009877,2026-09-09,2026-09-09 14:21:09+08:00
520740,港股通互联网ETF华安,0.877,0.8779,0.1,-0.024,-2.66,71283.0,6287027.0,0.889,0.898,0.876,0.901,2.44,15.84,2.57,3.51,32993.0,38290.0,-596623.0,-9.49,3597.0,0.06,-600220.0,-9.55,161908.0,2.58,434714.0,6.91,-876.0,0.877,0.878,45012600.0,39476050,39476050,2026-09-09,2026-09-09 14:20:36+08:00
159869,游戏ETF华夏,1.117,1.1162,-0.07,-0.031,-2.7,3150279.0,353534795.016,1.143,1.145,1.113,1.148,2.79,4.15,0.73,15.42,1470693.0,1679586.0,-43832652.0,-12.4,-10448725.0,-2.96,-33383927.0,-9.44,14341527.0,4.06,29491123.0,8.34,3.0,1.115,1.117,7585082112.0,8472536719,8472536719,2026-09-09,2026-09-09 14:21:09+08:00
516770,游戏ETF华泰柏瑞,1.172,1.1711,-0.08,-0.033,-2.74,203579.0,23961198.0,1.203,1.203,1.169,1.205,2.82,8.11,0.75,1.26,81580.0,121999.0,-2688611.0,-11.22,-1085137.0,-4.53,-1603474.0,-6.69,444047.0,1.85,2244564.0,9.37,2.0,1.171,1.172,251048000.0,294228256,294228256,2026-09-09,2026-09-09 14:21:03+08:00
516010,游戏ETF国泰,1.107,1.1063,-0.06,-0.033,-2.89,754263.0,83898235.0,1.133,1.136,1.105,1.14,2.72,3.21,0.8,10.17,290504.0,463759.0,-14136593.0,-16.9,1143262.0,1.37,-15279855.0,-18.26,3347517.0,4.0,10789077.0,12.9,-2158.0,1.106,1.107,2348693008.0,2600003160,2600003160,2026-09-09,2026-09-09 14:21:03+08:00
159805,传媒ETF鹏华,1.178,1.1796,0.14,-0.036,-2.97,328046.0,38832253.3,1.199,1.209,1.173,1.214,2.97,10.97,0.78,1.31,135911.0,192135.0,-1111679.0,-2.86,1578967.0,4.07,-2690646.0,-6.93,-889514.0,-2.29,2001194.0,5.15,-1.0,1.178,1.179,298952480.0,352166021,352166021,2026-09-09,2026-09-09 14:21:12+08:00
516620,影视ETF国泰,0.879,0.8786,-0.05,-0.027,-2.98,439918.0,38655570.0,0.896,0.9,0.871,0.906,3.2,16.31,0.65,11.94,158353.0,281565.0,-2117639.0,-5.48,-6346.0,-0.02,-2111293.0,-5.46,107243.0,0.28,2010396.0,5.2,10.0,0.877,0.879,269767504.0,237125636,237125636,2026-09-09,2026-09-09 14:21:01+08:00
512980,传媒ETF广发,0.842,0.8424,0.05,-0.026,-3.0,3596740.0,304300022.0,0.861,0.862,0.838,0.868,2.76,6.77,0.89,44.96,1271777.0,2324963.0,-11505899.0,-3.78,29993685.0,9.86,-41499584.0,-13.64,8687049.0,2.85,2818851.0,0.93,-6.0,0.842,0.843,5311424512.0,4472219439,4472219439,2026-09-09,2026-09-09 14:21:07+08:00
159855,影视ETF银华,0.775,0.7762,0.15,-0.026,-3.25,366532.0,28423797.2,0.79,0.797,0.77,0.801,3.37,16.44,1.2,29.24,135378.0,231154.0,-1214126.0,-4.27,4296813.0,15.12,-5510939.0,-19.39,-272639.0,-0.96,1486765.0,5.23,-70.0,0.775,0.776,222925236.0,172767058,172767058,2026-09-09,2026-09-09 14:21:09+08:00
512390,中国低波ETF平安,,,,,,,,,,,1.227,,0.0,,0.0,,,,,,,,,,,,,,,,9682000.0,11879814,11879814,2026-09-09,2026-09-09 08:30:13+08:00
511950,添利货币ETF广发,,,,,,,,,,,100.0,,0.0,,66.63,,,,,,,,,,,,,,100.0,100.01,322000.0,32200000,32200000,2026-09-09,2026-09-09 14:20:53+08:00
511830,货币ETF华泰柏瑞,,,,,,,,,,,100.001,,0.0,,43.52,,,,,,,,,,,,,,100.0,100.005,313400.0,31340313,31340313,2026-09-09,2026-09-09 14:21:01+08:00
159630,A100ETF汇添富,,1.3509,,,,,,,,,1.348,,0.0,,34.14,,,,,,,,,,,,,,1.349,1.352,15113744.0,20373327,20373327,2026-09-09,2026-09-09 14:21:12+08:00
159182,家电ETF南方,,0.9349,,,,,,,,,0.935,,0.0,,-1.08,,,,,,,,,,,,,,0.932,0.934,36485663.0,34114095,34114095,2026-09-09,2026-09-09 14:21:24+08:00
